Found covarinace matrix unfolding_covariance_matrix_mbl_selected_covariance_STAT_DATA
Determinant of covariance matrix 8.51566e-49
Johannes print final correltaion matrix
1	-0.171216	0.042791	-0.0429097	0.0161005	-0.0538661	0.0437464	0.0282042	0.0315326	-0.0203532	
-0.171216	1	-0.244777	0.0962108	-0.0672655	0.0644223	-0.0378528	0.0251747	-0.0199427	-0.0150316	
0.042791	-0.244777	1	-0.325778	-0.0189909	-0.00959499	0.0293048	-0.0597377	0.0335049	-0.0180598	
-0.0429097	0.0962108	-0.325778	1	-0.193572	0.0531917	-0.0288656	0.00112081	-0.0372923	0.00264709	
0.0161005	-0.0672655	-0.0189909	-0.193572	1	-0.351162	0.0657606	-0.0119022	-0.0156455	0.0592804	
-0.0538661	0.0644223	-0.00959499	0.0531917	-0.351162	1	-0.244908	0.0174519	0.00522223	0.0175439	
0.0437464	-0.0378528	0.0293048	-0.0288656	0.0657606	-0.244908	1	-0.261395	0.0115955	-0.00733745	
0.0282042	0.0251747	-0.0597377	0.00112081	-0.0119022	0.0174519	-0.261395	1	-0.246645	-0.00947862	
0.0315326	-0.0199427	0.0335049	-0.0372923	-0.0156455	0.00522223	0.0115955	-0.246645	1	-0.130948	
-0.0203532	-0.0150316	-0.0180598	0.00264709	0.0592804	0.0175439	-0.00733745	-0.00947862	-0.130948	1	
TH1.Print Name  = total_error, Entries= 1070, Total sum= 0.897654
 fSumw[0]=0, x=-0.5, error=0
 fSumw[1]=0.0820337, x=0.5, error=0
 fSumw[2]=0.0547998, x=1.5, error=0
 fSumw[3]=0.0547774, x=2.5, error=0
 fSumw[4]=0.0834004, x=3.5, error=0
 fSumw[5]=0.126854, x=4.5, error=0
 fSumw[6]=0.0699165, x=5.5, error=0
 fSumw[7]=0.0879809, x=6.5, error=0
 fSumw[8]=0.0858091, x=7.5, error=0
 fSumw[9]=0.106113, x=8.5, error=0
 fSumw[10]=0.145968, x=9.5, error=0
 fSumw[11]=0, x=10.5, error=0
STAT_MC 0.0040325
STAT_MC 0.00100146
STAT_MC 0.000786761
STAT_MC 0.000984255
STAT_MC 0.00415091
STAT_MC 0.00383538
STAT_MC 0.006492
STAT_MC 0.007666
STAT_MC 0.011005
STAT_MC 0.0177533
TH1.Print Name  = total_error, Entries= 1080, Total sum= 0.900172
 fSumw[0]=0, x=-0.5, error=0
 fSumw[1]=0.0821327, x=0.5, error=0
 fSumw[2]=0.054809, x=1.5, error=0
 fSumw[3]=0.054783, x=2.5, error=0
 fSumw[4]=0.0834062, x=3.5, error=0
 fSumw[5]=0.126922, x=4.5, error=0
 fSumw[6]=0.0700216, x=5.5, error=0
 fSumw[7]=0.0882201, x=6.5, error=0
 fSumw[8]=0.0861508, x=7.5, error=0
 fSumw[9]=0.106682, x=8.5, error=0
 fSumw[10]=0.147044, x=9.5, error=0
 fSumw[11]=0, x=10.5, error=0
TH1.Print Name  = total_error, Entries= 1090, Total sum= 0.909605
 fSumw[0]=0, x=-0.5, error=0
 fSumw[1]=0.0822675, x=0.5, error=0
 fSumw[2]=0.0548513, x=1.5, error=0
 fSumw[3]=0.0548071, x=2.5, error=0
 fSumw[4]=0.0834315, x=3.5, error=0
 fSumw[5]=0.12701, x=4.5, error=0
 fSumw[6]=0.0702706, x=5.5, error=0
 fSumw[7]=0.0888948, x=6.5, error=0
 fSumw[8]=0.0876157, x=7.5, error=0
 fSumw[9]=0.10924, x=8.5, error=0
 fSumw[10]=0.151216, x=9.5, error=0
 fSumw[11]=0, x=10.5, error=0

        Data        Stat Tmpl_162.50 Stat_162.50 Tmpl_165.00 Stat_165.00 Tmpl_167.50 Stat_167.50 Tmpl_170.00 Stat_170.00 Tmpl_175.00 Stat_175.00 Tmpl_177.50 Stat_177.50 Tmpl_180.00 Stat_180.00 Tmpl_182.50 Stat_182.50
    0.352429    0.001659    0.525981    0.001993    0.472921    0.001775    0.431539    0.002765    0.389397    0.002621    0.320919    0.002178    0.295833    0.001174    0.271634    0.002147    0.244235    0.001214
    1.681540    0.003624    2.322255    0.004182    2.142520    0.003775    1.983247    0.005926    1.819464    0.005685    1.557875    0.004862    1.434078    0.002561    1.323642    0.004757    1.222285    0.002710
    3.048755    0.004953    3.643039    0.005234    3.497765    0.004858    3.358758    0.007745    3.212939    0.007646    2.877055    0.006560    2.721801    0.003555    2.580305    0.006704    2.422138    0.003848
    1.937830    0.003975    1.542181    0.003434    1.654428    0.003353    1.762269    0.005659    1.847968    0.005818    2.011560    0.005538    2.068891    0.003121    2.111057    0.006112    2.126323    0.003599
    0.381512    0.001795    0.356184    0.001668    0.357653    0.001582    0.364369    0.002588    0.376920    0.002656    0.395512    0.002484    0.406236    0.001388    0.429078    0.002825    0.457564    0.001692
    0.243232    0.001438    0.248844    0.001459    0.248844    0.001398    0.244262    0.002170    0.246155    0.002202    0.244617    0.002051    0.240765    0.001103    0.238058    0.002113    0.235834    0.001273
    0.073341    0.000802    0.076472    0.000965    0.074255    0.000766    0.074917    0.001272    0.072937    0.001220    0.069807    0.001141    0.069951    0.000606    0.070773    0.001173    0.067937    0.000728
    0.032516    0.000519    0.035341    0.000849    0.034732    0.000523    0.032818    0.000826    0.032738    0.000826    0.032267    0.000885    0.031861    0.000448    0.032378    0.000825    0.031358    0.000625
    0.010623    0.000250    0.011685    0.000313    0.010848    0.000274    0.010808    0.000500    0.010841    0.000533    0.010866    0.000439    0.010649    0.000241    0.010206    0.000433    0.010598    0.000402
    0.003719    0.000131    0.004009    0.000199    0.003792    0.000168    0.003808    0.000277    0.003530    0.000222    0.003636    0.000211    0.003453    0.000117    0.003505    0.000226    0.003541    0.000252

LTF::DoLiTeFit(). Fit done. Result:  173.765  +/- 0.624228 (fit)  +/- 0.268473 (ext)  +/- 0.037118 (tmpl)  +/- 0 (MatA)   [chi^2=2.34795]

------------------------------------------------------------------------
        Result of the 1-dimensional linear template fit
        ```````````````````````````````````````````````
  LTF. Result[0]:   173.765  +/- 0.624228 (fit)  +/- 0.268473 (ext)

  LTF. Result[0]:   173.764515
                             +/-  0.300587 (STAT_DATA)
                             +/-  0.047234 (STAT_MC)
                             +/-  0.085259 (pseudoDataStat)
                             +/- -0.001076 (EG_RESOLUTION_ALL)
                             +/-  0.035311 (EG_SCALE_ALL)
                             +/- -0.000590 (EL_EFF_ID_TOTAL_1NPCOR_PLUS_UNCOR)
                             +/- -0.044274 (EL_EFF_Iso_TOTAL_1NPCOR_PLUS_UNCOR)
                             +/- -0.016641 (EL_EFF_Reco_TOTAL_1NPCOR_PLUS_UNCOR)
                             +/- -0.000000 (EL_EFF_TriggerEff_TOTAL_1NPCOR_PLUS_UNCOR)
                             +/- -0.000000 (EL_EFF_Trigger_TOTAL_1NPCOR_PLUS_UNCOR)
                             +/- -0.019466 (FAKES_Electron)
                             +/- -0.007725 (FAKES_Muon)
                             +/- -0.278188 (FT_EFF_Eigen_B_0)
                             +/- -0.055720 (FT_EFF_Eigen_B_1)
                             +/- -0.046009 (FT_EFF_Eigen_B_2)
                             +/- -0.008775 (FT_EFF_Eigen_B_3)
                             +/-  0.002168 (FT_EFF_Eigen_B_4)
                             +/- -0.000256 (FT_EFF_Eigen_B_5)
                             +/-  0.000008 (FT_EFF_Eigen_B_6)
                             +/- -0.000005 (FT_EFF_Eigen_B_7)
                             +/-  0.000000 (FT_EFF_Eigen_B_8)
                             +/- -0.070821 (FT_EFF_Eigen_C_0)
                             +/- -0.009450 (FT_EFF_Eigen_C_1)
                             +/- -0.005596 (FT_EFF_Eigen_C_2)
                             +/- -0.000349 (FT_EFF_Eigen_C_3)
                             +/- -0.035677 (FT_EFF_Eigen_Light_0)
                             +/-  0.000171 (FT_EFF_Eigen_Light_1)
                             +/-  0.001518 (FT_EFF_Eigen_Light_2)
                             +/-  0.000980 (FT_EFF_Eigen_Light_3)
                             +/-  0.008612 (FT_EFF_extrapolation)
                             +/- -0.013404 (FT_EFF_extrapolation_from_charm)
                             +/-  0.021123 (JET_EffectiveNP_Detector1)
                             +/-  0.002615 (JET_EffectiveNP_Detector2)
                             +/-  0.026948 (JET_EffectiveNP_Mixed1)
                             +/-  0.045417 (JET_EffectiveNP_Mixed2)
                             +/-  0.005890 (JET_EffectiveNP_Mixed3)
                             +/-  0.220576 (JET_EffectiveNP_Modelling1)
                             +/- -0.015357 (JET_EffectiveNP_Modelling2)
                             +/- -0.006666 (JET_EffectiveNP_Modelling3)
                             +/-  0.003909 (JET_EffectiveNP_Modelling4)
                             +/-  0.001720 (JET_EffectiveNP_Statistical1)
                             +/-  0.014804 (JET_EffectiveNP_Statistical2)
                             +/- -0.000342 (JET_EffectiveNP_Statistical3)
                             +/-  0.001010 (JET_EffectiveNP_Statistical4)
                             +/-  0.001656 (JET_EffectiveNP_Statistical5)
                             +/-  0.004218 (JET_EffectiveNP_Statistical6)
                             +/-  0.115342 (JET_EtaIntercalibration_Modelling)
                             +/-  0.080997 (JET_EtaIntercalibration_NonClosure_2018data)
                             +/- -0.000029 (JET_EtaIntercalibration_NonClosure_highE)
                             +/-  0.001171 (JET_EtaIntercalibration_NonClosure_negEta)
                             +/-  0.000636 (JET_EtaIntercalibration_NonClosure_posEta)
                             +/-  0.027028 (JET_EtaIntercalibration_TotalStat)
                             +/- -0.000047 (JET_Flavor_Composition_prop)
                             +/-  0.000166 (JET_Flavor_Response_prop)
                             +/- -0.029463 (JET_JER_DataVsMC_MC16_PseudoData)
                             +/- -0.022797 (JET_JER_EffectiveNP_10_PseudoData)
                             +/- -0.008968 (JET_JER_EffectiveNP_11_PseudoData)
                             +/- -0.010179 (JET_JER_EffectiveNP_12restTerm_PseudoData)
                             +/- -0.071390 (JET_JER_EffectiveNP_1_PseudoData)
                             +/- -0.120980 (JET_JER_EffectiveNP_2_PseudoData)
                             +/- -0.063108 (JET_JER_EffectiveNP_3_PseudoData)
                             +/- -0.004603 (JET_JER_EffectiveNP_4_PseudoData)
                             +/- -0.001137 (JET_JER_EffectiveNP_5_PseudoData)
                             +/- -0.018432 (JET_JER_EffectiveNP_6_PseudoData)
                             +/- -0.010678 (JET_JER_EffectiveNP_7_PseudoData)
                             +/- -0.001458 (JET_JER_EffectiveNP_8_PseudoData)
                             +/- -0.013884 (JET_JER_EffectiveNP_9_PseudoData)
                             +/- -0.046089 (JET_JvtEfficiency)
                             +/-  0.038406 (JET_Pileup_OffsetMu)
                             +/-  0.082671 (JET_Pileup_OffsetNPV)
                             +/-  0.024545 (JET_Pileup_PtTerm)
                             +/-  0.184037 (JET_Pileup_RhoTopology)
                             +/- -0.000013 (JET_PunchThrough_MC16)
                             +/- -0.075786 (LUMINOSITY)
                             +/- -0.001126 (MET_SoftTrk_ResoPara)
                             +/-  0.002029 (MET_SoftTrk_ResoPerp)
                             +/- -0.004932 (MET_SoftTrk_Scale)
                             +/- -0.000000 (MUON_EFF_BADMUON_SYS)
                             +/-  0.003700 (MUON_EFF_ISO_STAT)
                             +/- -0.019427 (MUON_EFF_ISO_SYS)
                             +/- -0.002086 (MUON_EFF_RECO_STAT)
                             +/- -0.000196 (MUON_EFF_RECO_SYS)
                             +/- -0.000040 (MUON_EFF_TTVA_STAT)
                             +/- -0.000050 (MUON_EFF_TTVA_SYS)
                             +/- -0.012432 (MUON_EFF_TrigStatUncertainty)
                             +/- -0.026388 (MUON_EFF_TrigSystUncertainty)
                             +/- -0.000430 (MUON_SAGITTA_DATASTAT)
                             +/- -0.000164 (MUON_SAGITTA_RESBIAS)
                             +/- -0.076896 (PRW_DATASF)
                             +/- -0.044033 (THEORY_CROSS_SECTION_Wjets)
                             +/- -0.056117 (THEORY_CROSS_SECTION_other_top_noWt)
                             +/- -0.007057 (THEORY_CROSS_SECTION_signal)
                             +/-  0.001335 (THEORY_DR_DS_signal)
                             +/-  0.000170 (THEORY_EWK_Wjets)
                             +/- -0.000103 (THEORY_EWK_multiboson_noW)
                             +/-  0.039826 (THEORY_FSR_signal)
                             +/- -0.046500 (THEORY_HDAMP_signal)
                             +/- -0.037259 (THEORY_ISR_signal)
                             +/- -0.006082 (THEORY_PDF4LHC_VARIATION_Wjets)
                             +/- -0.004343 (THEORY_PDF4LHC_VARIATION_multiboson_noW)
                             +/-  0.005005 (THEORY_PDF4LHC_VARIATION_signal)
                             +/-  0.019379 (THEORY_PTHARD_signal)
                             +/- -0.058768 (THEORY_SCALE_COMBINED_Wjets)
                             +/- -0.026764 (THEORY_SCALE_COMBINED_multiboson_noW)
                             +/-  0.000853 (THEORY_SCALE_FACTORISATION_signal)
                             +/- -0.023952 (THEORY_SCALE_RENORMALISATION_signal)
                             +/- -0.147777 (THEORY_SHOWERING_HERWIG7_signal)
                             +/- -0.048317 (THEORY_TOPRECOIL_signal)
                             +/-  0.003568 (THEORY_TOP_MASS_signal)
                             +/- -0.000819 (WMASS_VAR_signal)

                             +/- -0.082720 (FULL_SYS_SUM)
                             +/- -0.041744 (FULL_SYS_SUM_DETECTOR)
                             +/- -0.190830 (FULL_SYS_SUM_THEORY)
                             +/- -0.082720 (FULL_SYS_TOYS)
                             +/- -0.080471 (TOTAL)
                             +/- -0.083160 (TOTAL_NO_DR_DS)
                             +/- -0.082720 (TOTAL_SYSONLY)
                             +/-  0.037118 (statY)

  Nuisance parameters                 -0.009  +/-  1.000  (EG_RESOLUTION_ALL)
                                       0.031  +/-  0.997  (EG_SCALE_ALL)
                                       0.039  +/-  0.999  (EL_EFF_ID_TOTAL_1NPCOR_PLUS_UNCOR)
                                       0.084  +/-  0.996  (EL_EFF_Iso_TOTAL_1NPCOR_PLUS_UNCOR)
                                       0.024  +/-  1.000  (EL_EFF_Reco_TOTAL_1NPCOR_PLUS_UNCOR)
                                       0.000  +/-  1.000  (EL_EFF_TriggerEff_TOTAL_1NPCOR_PLUS_UNCOR)
                                       0.000  +/-  1.000  (EL_EFF_Trigger_TOTAL_1NPCOR_PLUS_UNCOR)
                                      -0.001  +/-  1.000  (MUON_SAGITTA_DATASTAT)
                                       0.006  +/-  1.000  (MUON_SAGITTA_RESBIAS)
                                       0.000  +/-  1.000  (MUON_EFF_BADMUON_SYS)
                                       0.017  +/-  1.000  (MUON_EFF_ISO_STAT)
                                       0.041  +/-  0.999  (MUON_EFF_ISO_SYS)
                                       0.004  +/-  1.000  (MUON_EFF_RECO_STAT)
                                       0.024  +/-  1.000  (MUON_EFF_RECO_SYS)
                                       0.003  +/-  1.000  (MUON_EFF_TTVA_STAT)
                                       0.004  +/-  1.000  (MUON_EFF_TTVA_SYS)
                                       0.026  +/-  1.000  (MUON_EFF_TrigStatUncertainty)
                                       0.054  +/-  0.998  (MUON_EFF_TrigSystUncertainty)
                                      -0.010  +/-  1.000  (JET_EffectiveNP_Detector1)
                                      -0.003  +/-  1.000  (JET_EffectiveNP_Detector2)
                                      -0.015  +/-  0.997  (JET_EffectiveNP_Mixed1)
                                      -0.031  +/-  0.998  (JET_EffectiveNP_Mixed2)
                                      -0.007  +/-  1.000  (JET_EffectiveNP_Mixed3)
                                      -0.110  +/-  0.933  (JET_EffectiveNP_Modelling1)
                                       0.021  +/-  1.000  (JET_EffectiveNP_Modelling2)
                                      -0.006  +/-  1.000  (JET_EffectiveNP_Modelling3)
                                      -0.007  +/-  1.000  (JET_EffectiveNP_Modelling4)
                                      -0.004  +/-  1.000  (JET_EffectiveNP_Statistical1)
                                      -0.002  +/-  0.999  (JET_EffectiveNP_Statistical2)
                                       0.005  +/-  1.000  (JET_EffectiveNP_Statistical3)
                                       0.002  +/-  1.000  (JET_EffectiveNP_Statistical4)
                                      -0.008  +/-  1.000  (JET_EffectiveNP_Statistical5)
                                      -0.007  +/-  1.000  (JET_EffectiveNP_Statistical6)
                                      -0.005  +/-  0.972  (JET_EtaIntercalibration_Modelling)
                                      -0.033  +/-  0.997  (JET_EtaIntercalibration_NonClosure_2018data)
                                      -0.000  +/-  1.000  (JET_EtaIntercalibration_NonClosure_highE)
                                      -0.002  +/-  1.000  (JET_EtaIntercalibration_NonClosure_negEta)
                                       0.001  +/-  1.000  (JET_EtaIntercalibration_NonClosure_posEta)
                                       0.000  +/-  0.998  (JET_EtaIntercalibration_TotalStat)
                                      -0.000  +/-  1.000  (JET_Flavor_Composition_prop)
                                      -0.001  +/-  1.000  (JET_Flavor_Response_prop)
                                      -0.042  +/-  0.995  (JET_Pileup_OffsetMu)
                                      -0.143  +/-  0.958  (JET_Pileup_OffsetNPV)
                                      -0.098  +/-  0.994  (JET_Pileup_PtTerm)
                                      -0.060  +/-  0.753  (JET_Pileup_RhoTopology)
                                       0.000  +/-  1.000  (JET_PunchThrough_MC16)
                                      -0.093  +/-  0.984  (JET_JER_DataVsMC_MC16_PseudoData)
                                       0.036  +/-  0.954  (JET_JER_EffectiveNP_1_PseudoData)
                                      -0.062  +/-  0.878  (JET_JER_EffectiveNP_2_PseudoData)
                                      -0.031  +/-  0.971  (JET_JER_EffectiveNP_3_PseudoData)
                                       0.096  +/-  0.987  (JET_JER_EffectiveNP_4_PseudoData)
                                       0.171  +/-  0.990  (JET_JER_EffectiveNP_5_PseudoData)
                                       0.167  +/-  0.983  (JET_JER_EffectiveNP_6_PseudoData)
                                      -0.003  +/-  0.996  (JET_JER_EffectiveNP_7_PseudoData)
                                      -0.024  +/-  0.997  (JET_JER_EffectiveNP_8_PseudoData)
                                       0.113  +/-  0.990  (JET_JER_EffectiveNP_9_PseudoData)
                                      -0.013  +/-  0.998  (JET_JER_EffectiveNP_10_PseudoData)
                                       0.033  +/-  0.997  (JET_JER_EffectiveNP_11_PseudoData)
                                       0.102  +/-  0.993  (JET_JER_EffectiveNP_12restTerm_PseudoData)
                                       0.096  +/-  0.995  (JET_JvtEfficiency)
                                      -0.184  +/-  0.985  (PRW_DATASF)
                                       0.006  +/-  0.999  (MET_SoftTrk_ResoPara)
                                       0.015  +/-  0.999  (MET_SoftTrk_ResoPerp)
                                      -0.005  +/-  0.999  (MET_SoftTrk_Scale)
                                       0.001  +/-  1.000  (WMASS_VAR_signal)
                                       0.634  +/-  0.770  (FT_EFF_Eigen_B_0)
                                       0.264  +/-  0.961  (FT_EFF_Eigen_B_1)
                                       0.156  +/-  0.989  (FT_EFF_Eigen_B_2)
                                       0.010  +/-  0.999  (FT_EFF_Eigen_B_3)
                                       0.006  +/-  1.000  (FT_EFF_Eigen_B_4)
                                      -0.000  +/-  1.000  (FT_EFF_Eigen_B_5)
                                       0.000  +/-  1.000  (FT_EFF_Eigen_B_6)
                                      -0.000  +/-  1.000  (FT_EFF_Eigen_B_7)
                                      -0.000  +/-  1.000  (FT_EFF_Eigen_B_8)
                                      -0.145  +/-  0.972  (FT_EFF_Eigen_C_0)
                                       0.016  +/-  0.998  (FT_EFF_Eigen_C_1)
                                      -0.012  +/-  1.000  (FT_EFF_Eigen_C_2)
                                      -0.000  +/-  1.000  (FT_EFF_Eigen_C_3)
                                      -0.097  +/-  0.980  (FT_EFF_Eigen_Light_0)
                                       0.001  +/-  0.998  (FT_EFF_Eigen_Light_1)
                                      -0.002  +/-  0.999  (FT_EFF_Eigen_Light_2)
                                      -0.000  +/-  1.000  (FT_EFF_Eigen_Light_3)
                                      -0.002  +/-  0.983  (FT_EFF_extrapolation)
                                      -0.025  +/-  0.999  (FT_EFF_extrapolation_from_charm)
                                      -0.017  +/-  0.998  (THEORY_CROSS_SECTION_signal)
                                      -0.766  +/-  0.509  (THEORY_SHOWERING_HERWIG7_signal)
                                       0.003  +/-  0.995  (THEORY_SCALE_FACTORISATION_signal)
                                      -0.190  +/-  0.978  (THEORY_SCALE_RENORMALISATION_signal)
                                       0.041  +/-  0.844  (THEORY_ISR_signal)
                                       0.046  +/-  0.845  (THEORY_FSR_signal)
                                       0.186  +/-  0.877  (THEORY_HDAMP_signal)
                                       0.094  +/-  0.950  (THEORY_PTHARD_signal)
                                       0.366  +/-  0.932  (THEORY_TOPRECOIL_signal)
                                       0.028  +/-  0.919  (THEORY_TOP_MASS_signal)
                                       0.011  +/-  0.999  (THEORY_PDF4LHC_VARIATION_signal)
                                       0.060  +/-  0.706  (THEORY_DR_DS_signal)
                                      -0.095  +/-  0.975  (THEORY_CROSS_SECTION_Wjets)
                                      -0.164  +/-  0.923  (THEORY_SCALE_COMBINED_Wjets)
                                      -0.017  +/-  0.998  (THEORY_PDF4LHC_VARIATION_Wjets)
                                       0.001  +/-  1.000  (THEORY_EWK_Wjets)
                                      -0.048  +/-  0.992  (THEORY_SCALE_COMBINED_multiboson_noW)
                                      -0.007  +/-  1.000  (THEORY_PDF4LHC_VARIATION_multiboson_noW)
                                      -0.001  +/-  1.000  (THEORY_EWK_multiboson_noW)
                                      -0.058  +/-  0.974  (THEORY_CROSS_SECTION_other_top_noWt)
                                      -0.034  +/-  0.988  (FAKES_Electron)
                                      -0.020  +/-  1.000  (FAKES_Muon)
                                       0.146  +/-  0.985  (LUMINOSITY)

  Correlation matrix 
        1   0.00172   -0.0567  0.000946    0.0712    0.0267  1.87e-14  1.87e-14  0.000689  0.000262  5.93e-15  -0.00593    0.0312   0.00334  0.000313   6.4e-05  7.97e-05    0.0199    0.0423   -0.0338  -0.00419   -0.0433   -0.0729  -0.00944    -0.379    0.0246    0.0107  -0.00626  -0.00276   -0.0237  0.000549  -0.00162  -0.00265  -0.00676     -0.19     -0.13  4.64e-05  -0.00188  -0.00102   -0.0434  7.46e-05 -0.000266   -0.0618    -0.138   -0.0395    -0.391  2.06e-05     0.048      0.12     0.221     0.104   0.00747   0.00184      0.03    0.0172   0.00234    0.0225    0.0366    0.0144    0.0164    0.0742     0.125   0.00181  -0.00325    0.0079   0.00131     0.579    0.0929    0.0746    0.0141  -0.00347  0.000409 -1.28e-05  7.93e-06 -5.27e-07     0.117    0.0152   0.00897   0.00056    0.0583 -0.000274  -0.00243  -0.00157    -0.014    0.0215    0.0113     0.465  -0.00137    0.0392    0.0707   -0.0755    0.0849   -0.0327     0.083  -0.00622  -0.00802  -0.00303    0.0723     0.102   0.00976 -0.000272    0.0432   0.00696  0.000165    0.0923    0.0316    0.0124     0.123
  0.00172         1 -2.28e-05    0.0003  0.000954  0.000352  1.58e-16  1.58e-16 -3.66e-05 -6.68e-05 -2.19e-17  9.97e-05  0.000244   3.8e-05  0.000186  2.37e-05  3.01e-05  0.000233  0.000488  6.43e-06 -3.22e-05 -0.000599 -0.000436  -0.00017  -0.00018 -0.000327 -0.000434 -0.000179 -0.000149  -0.00025 -0.000136   -0.0002 -0.000281 -0.000101  0.000332 -0.000784  -1.4e-08  4.87e-05  4.42e-05 -0.000282  2.74e-06 -5.79e-05 -0.000567 -0.000747  -0.00151  0.000862  5.88e-06  -0.00335   -0.0041  -0.00794   -0.0034  -0.00288  3.48e-05  -0.00145 -0.000702  -0.00118 -0.000964 -0.000276  -0.00105 -0.000791    0.0005  -0.00268  0.000454  0.000224  9.56e-05  7.74e-06   0.00507    0.0031   0.00156 -0.000308  2.97e-05  5.41e-06  1.16e-06  1.11e-07  2.12e-09  -0.00125 -2.13e-05  5.65e-05 -5.11e-06 -0.000809 -2.34e-05 -1.83e-05  1.35e-05  0.000291 -0.000229 -0.000576   -0.0128  6.87e-06  -0.00368   -0.0076    0.0012  -0.00283  -0.00474    0.0027  -0.00391 -0.000369  -0.00332    -0.001  -0.00207  -9.5e-05  2.29e-05 -0.000652  -0.00011 -1.04e-05 -0.000616  -0.00111 -0.000255   0.00139
  -0.0567 -2.28e-05         1  -0.00128  -0.00302  -0.00109 -5.62e-16 -5.62e-16  6.39e-05  0.000194 -1.39e-15 -0.000534 -0.000733 -0.000121 -0.000853 -0.000106 -0.000121 -0.000687  -0.00142 -0.000575 -7.51e-05  -0.00353  -0.00271  -0.00103   -0.0149  -0.00114  -0.00136 -0.000541 -0.000525  -0.00142 -0.000647 -0.000608 -0.000656 -0.000338  -0.00273  -0.00191 -2.72e-07  0.000385     9e-05  -0.00115  2.32e-05 -0.000323  -0.00246   -0.0065  -0.00319   -0.0305 -6.86e-05  -0.00494   -0.0137   -0.0166  -0.00805  -0.00314   -0.0058  -0.00863  -0.00363  -0.00162  -0.00753  -0.00204 -0.000684  -0.00624  -0.00301   0.00195  0.000762 -4.63e-05 -0.000441 -9.68e-05   -0.0313  -0.00953   -0.0051   0.00112 -0.000341  2.19e-05 -4.25e-06 -6.39e-07 -5.42e-08   0.00765 -0.000185   0.00027 -9.87e-05   0.00468  -0.00139  -0.00114 -0.000326  -0.00274   0.00219  0.000537   0.00495   0.00428   0.00154    0.0142   -0.0105   0.00752    -0.011  -0.00197   0.00822   0.00142  -0.00914   0.00567   0.00339  0.000869  -9.4e-05   0.00295  0.000536 -7.21e-06   0.00615   0.00083     0.001  -0.00431
 0.000946    0.0003  -0.00128         1  -0.00371  -0.00111 -3.02e-16 -3.02e-16 -2.32e-05 -0.000333 -3.23e-16 -0.000769  -0.00148 -0.000178  -0.00118 -0.000156 -0.000195  -0.00103  -0.00219 -0.000313 -3.21e-05  -0.00142 -0.000478 -4.73e-05  -0.00639 -0.000426 -4.35e-05 -5.33e-05 -0.000229 -0.000364 -0.000282 -7.92e-05  0.000174 -2.13e-05  -0.00617  -0.00103 -1.03e-07 -0.000111 -8.72e-05 -0.000937  -6.5e-06 -0.000313  -0.00139   -0.0029  0.000645   -0.0159 -5.52e-05   0.00135 -0.000266   0.00293  0.000535 -0.000729   -0.0029  -0.00279 -0.000835 -0.000264  -0.00221 -0.000458 -0.000637  -0.00226  -0.00305   0.00363   -0.0014 -0.000959 -0.000872 -0.000267   -0.0227   -0.0119  -0.00417  -8.1e-05 -0.000154 -1.69e-05 -4.71e-06 -4.77e-07 -4.45e-08  3.83e-05  -0.00191 -0.000134 -8.77e-05  -0.00326  -0.00126 -0.000866 -0.000312  -0.00318 -0.000117 -0.000919    0.0269  -0.00144    0.0019  -0.00105  -0.00748  -0.00571  -0.00281  -0.00884  -0.00651 -0.000277   -0.0249  -0.00362  -0.00777  -0.00122 -0.000133  -0.00207  -0.00041 -2.28e-06  -0.00393  -0.00325  0.000105  -0.00712
   0.0712  0.000954  -0.00302  -0.00371         1  -0.00282 -8.61e-16 -8.61e-16  3.23e-05 -0.000477 -7.91e-16  -0.00149  -0.00343 -0.000423  -0.00235 -0.000334 -0.000418  -0.00247  -0.00523 -0.000981 -6.89e-06   -0.0015    -0.001 -0.000272     -0.02  -0.00049  2.68e-05  7.47e-05 -0.000106  -0.00133  -0.00028 -0.000106  0.000332 -1.83e-05   -0.0164  -0.00235  5.51e-08 -0.000212 -0.000203  -0.00325 -8.71e-06 -0.000244  -0.00429   -0.0117   0.00112   -0.0527 -7.41e-05   0.00547   0.00116   0.00796   0.00333  0.000284   -0.0063  -0.00574 -0.000557   0.00122  -0.00385 -0.000748  -0.00127  -0.00389  -0.00803   0.00771  -0.00268  -0.00199  -0.00161 -0.000339   -0.0596   -0.0256    -0.012 -1.68e-05 -0.000315 -2.04e-05 -6.58e-06 -4.26e-07  -3.4e-08   4.9e-05  -0.00257 -0.000168 -7.05e-05  -0.00263  -0.00103 -0.000561 -0.000231  -0.00239 -0.000228 -0.000385    0.0405  -0.00179   0.00826 -0.000556   -0.0073   -0.0128 -0.000433   -0.0216  -0.00861 -9.11e-05   -0.0224  -0.00355  -0.00561  -0.00109 -0.000147  -0.00209 -0.000416  1.02e-05  -0.00649  -0.00276  0.000433   -0.0162
   0.0267  0.000352  -0.00109  -0.00111  -0.00282         1 -3.52e-16 -3.52e-16  2.39e-05 -0.000137 -2.95e-16 -0.000455 -0.000919 -0.000128 -0.000716 -0.000106 -0.000133  -0.00075  -0.00159 -0.000359   1.4e-05 -0.000344  -0.00036 -0.000166  -0.00775 -6.28e-05  5.79e-05  3.56e-05 -1.61e-05  -0.00042 -7.05e-05  9.45e-06  8.37e-05 -4.97e-06  -0.00545 -0.000748 -1.58e-07 -3.61e-05 -5.59e-05  -0.00107 -1.42e-06 -5.72e-05  -0.00162  -0.00495  0.000209   -0.0192 -1.98e-05   0.00171  0.000212    0.0021  0.000968  0.000784  -0.00174  -0.00158 -0.000184  0.000577  -0.00102 -0.000401 -0.000423   -0.0013  -0.00232   0.00249 -0.000825 -0.000606 -0.000606 -0.000102   -0.0169  -0.00809  -0.00382  0.000249 -9.56e-05 -6.45e-06 -1.97e-06 -1.13e-07 -3.48e-09 -0.000648  -0.00064 -7.32e-05 -9.82e-06 -0.000707 -0.000182 -9.54e-05 -4.32e-05  -0.00051 -9.45e-05  1.72e-05    0.0145 -9.97e-05   0.00281  0.000767   0.00124    -0.004  0.000147  -0.00518  -0.00206  0.000244  -0.00403  -0.00101   -0.0012 -0.000272 -3.98e-05 -0.000615 -0.000114  1.94e-06  -0.00218 -0.000609  0.000188  -0.00504
 1.87e-14  1.58e-16 -5.62e-16 -3.02e-16 -8.61e-16 -3.52e-16         1 -8.91e-28  2.89e-17 -1.85e-16 -6.92e-28  -8.9e-17 -5.62e-17 -2.49e-17 -1.72e-16 -2.05e-17  -2.1e-17 -1.54e-16 -3.07e-16 -2.09e-16  3.93e-17 -2.41e-16 -8.14e-16 -1.48e-16 -3.02e-15  9.26e-18  3.22e-16  -9.5e-18 -4.72e-17  9.86e-17 -2.08e-16  1.15e-18 -4.06e-17 -4.25e-18 -1.99e-16 -2.88e-16  2.12e-21  7.82e-17 -2.64e-17  3.65e-16   5.6e-18 -8.07e-17 -4.91e-17 -6.05e-16  4.66e-16 -1.06e-15 -3.21e-17  2.15e-15  4.15e-15  9.25e-15  4.14e-15  1.15e-15  1.07e-15  1.43e-15  1.08e-15  1.36e-15  7.89e-16  1.01e-15  3.89e-16 -1.21e-15  3.27e-16  3.27e-15   2.5e-18 -6.72e-17 -2.61e-16 -4.54e-17  9.64e-16 -3.58e-15 -3.57e-16  6.96e-16  -1.6e-17  8.45e-18 -1.69e-18 -2.55e-19 -2.33e-22  1.12e-15 -5.81e-16  2.52e-16 -1.14e-17 -1.62e-16 -1.42e-16  3.48e-18 -5.62e-18  1.24e-16 -1.26e-17  1.04e-16 -7.35e-15  8.13e-16  3.65e-15 -5.16e-15  4.19e-15 -9.05e-15 -4.69e-15  1.76e-15  3.21e-15  6.43e-16 -4.08e-15 -4.22e-16 -7.44e-16  2.98e-17 -4.09e-17 -4.88e-16 -7.83e-17  3.03e-19 -7.39e-16 -6.64e-16  1.24e-16 -1.19e-15
 1.87e-14  1.58e-16 -5.62e-16 -3.02e-16 -8.61e-16 -3.52e-16 -8.91e-28         1  2.89e-17 -1.85e-16 -6.92e-28  -8.9e-17 -5.62e-17 -2.49e-17 -1.72e-16 -2.05e-17  -2.1e-17 -1.54e-16 -3.07e-16 -2.09e-16  3.93e-17 -2.41e-16 -8.14e-16 -1.48e-16 -3.02e-15  9.26e-18  3.22e-16  -9.5e-18 -4.72e-17  9.86e-17 -2.08e-16  1.15e-18 -4.06e-17 -4.25e-18 -1.99e-16 -2.88e-16  2.12e-21  7.82e-17 -2.64e-17  3.65e-16   5.6e-18 -8.07e-17 -4.91e-17 -6.05e-16  4.66e-16 -1.06e-15 -3.21e-17  2.15e-15  4.15e-15  9.25e-15  4.14e-15  1.15e-15  1.07e-15  1.43e-15  1.08e-15  1.36e-15  7.89e-16  1.01e-15  3.89e-16 -1.21e-15  3.27e-16  3.27e-15   2.5e-18 -6.72e-17 -2.61e-16 -4.54e-17  9.64e-16 -3.58e-15 -3.57e-16  6.96e-16  -1.6e-17  8.45e-18 -1.69e-18 -2.55e-19 -2.33e-22  1.12e-15 -5.81e-16  2.52e-16 -1.14e-17 -1.62e-16 -1.42e-16  3.48e-18 -5.62e-18  1.24e-16 -1.26e-17  1.04e-16 -7.35e-15  8.13e-16  3.65e-15 -5.16e-15  4.19e-15 -9.05e-15 -4.69e-15  1.76e-15  3.21e-15  6.43e-16 -4.08e-15 -4.22e-16 -7.44e-16  2.98e-17 -4.09e-17 -4.88e-16 -7.83e-17  3.03e-19 -7.39e-16 -6.64e-16  1.24e-16 -1.19e-15
 0.000689 -3.66e-05  6.39e-05 -2.32e-05  3.23e-05  2.39e-05  2.89e-17  2.89e-17         1 -4.87e-05   1.4e-17 -4.26e-06 -5.96e-06  1.43e-06 -1.14e-05  1.25e-06  1.52e-06   9.3e-06  1.87e-05 -1.47e-05 -6.36e-06 -0.000189 -7.34e-05  2.92e-06  1.83e-06  -2.8e-05 -2.87e-05 -2.33e-05 -3.56e-05  1.76e-06 -2.46e-05 -1.27e-05  -6.2e-06 -2.44e-05 -8.68e-05  -0.00014 -1.11e-07 -7.31e-06  -3.7e-06  -4.2e-05 -5.91e-07 -3.27e-05 -1.31e-05  0.000118 -8.75e-05  0.000308 -1.22e-07 -0.000237 -6.46e-05 -0.000172 -0.000154   -0.0002  4.51e-05  1.45e-05  3.44e-05 -4.14e-05  8.33e-05  4.11e-06 -3.09e-05  7.52e-05  2.68e-05 -0.000185 -4.11e-06  3.79e-05  -5.6e-06 -2.28e-05   0.00021  6.57e-05  9.87e-05 -4.72e-05 -2.61e-06 -2.15e-06 -3.29e-07  -6.4e-08 -5.73e-09  3.73e-05 -6.62e-05 -1.89e-05 -8.09e-06 -0.000342 -0.000129 -0.000116 -3.77e-05 -0.000484 -5.26e-06 -0.000104  -0.00197 -0.000126 -0.000415   0.00018 -0.000493  0.000413 -0.000344  0.000193 -0.000229 -3.48e-05  -0.00257 -0.000257  -0.00056 -0.000167 -7.15e-06 -0.000174 -4.52e-05 -1.32e-06 -9.68e-05 -0.000212 -2.09e-05  3.42e-05
 0.000262 -6.68e-05  0.000194 -0.000333 -0.000477 -0.000137 -1.85e-16 -1.85e-16 -4.87e-05         1 -6.18e-17 -0.000125 -0.000132 -1.86e-05 -0.000204    -2e-05 -2.48e-05 -0.000106 -0.000221 -2.72e-06  3.84e-05 -0.000556 -9.01e-05  7.66e-05 -0.000459 -0.000104  0.000156  2.34e-05 -4.72e-05  8.39e-05  -6.4e-05   3.6e-05  1.92e-05    -2e-06  -0.00121  -0.00039 -4.11e-07  1.41e-05 -2.47e-05  -0.00014  7.23e-07  -0.00014 -0.000257 -0.000362  7.31e-05  0.000602  2.62e-06   0.00025  0.000922   0.00186  0.000381 -0.000517  0.000204  0.000394  0.000369  7.78e-05   0.00061  0.000321  -0.00052 -0.000535 -2.16e-05  0.000441 -0.000238 -0.000211 -0.000251 -0.000146  0.000788  -0.00169 -0.000304 -9.48e-05  -2.3e-05 -1.36e-05 -2.44e-06 -3.12e-07 -1.99e-08 -0.000838 -0.000522 -8.12e-05 -2.49e-05  -0.00214 -0.000485 -0.000424  -0.00016  -0.00221 -0.000264 -0.000263  -0.00215 -0.000673 -0.000336  -0.00513 -0.000179  -0.00541  -0.00279 -0.000861  -0.00358 -7.17e-05  -0.00811  -0.00197  -0.00277  -0.00085 -8.12e-05  -0.00135 -0.000301 -5.94e-06  -0.00189   -0.0015 -6.59e-05 -0.000943
 5.93e-15 -2.19e-17 -1.39e-15 -3.23e-16 -7.91e-16 -2.95e-16 -6.92e-28 -6.92e-28   1.4e-17 -6.18e-17         1 -1.11e-16 -1.19e-16 -2.51e-17  -1.9e-16  -2.1e-17 -1.96e-17 -1.51e-16 -2.96e-16 -2.22e-16 -1.28e-18 -8.69e-16 -1.17e-15 -3.36e-16 -3.52e-15 -3.44e-16 -1.52e-16 -1.72e-16 -1.94e-16 -1.69e-16 -3.58e-16 -1.95e-16 -1.96e-16 -1.06e-16  6.45e-16 -5.74e-16  6.99e-20  1.37e-16  1.17e-17  1.72e-16  8.98e-18 -1.11e-16 -4.01e-17 -3.25e-17 -1.66e-16 -2.95e-15 -3.68e-17 -6.03e-17 -4.04e-16  2.26e-15  1.08e-15 -8.05e-16 -6.97e-16 -1.38e-15  1.59e-16  6.91e-16 -1.33e-15   4.1e-16  8.87e-17 -2.15e-15    -2e-16  2.67e-15  4.44e-16  2.28e-16 -5.05e-17 -1.51e-17 -5.01e-15 -3.35e-15 -7.86e-16  6.46e-16 -7.26e-17  1.89e-17  -1.1e-18 -2.08e-19 -7.45e-21  3.31e-15 -3.53e-16  3.59e-16 -2.57e-17  1.59e-15 -3.12e-16 -1.61e-16 -3.37e-17  3.15e-17  5.86e-16  7.53e-17 -4.78e-15  1.63e-15  2.65e-15 -3.91e-16  2.06e-15  -3.7e-15 -6.64e-15  1.81e-15  5.27e-15  6.55e-16 -6.67e-15  1.61e-15  1.12e-15  3.94e-16 -6.84e-18  6.65e-16   1.2e-16 -4.35e-19  1.71e-15  6.52e-17  3.08e-16 -9.49e-16
 -0.00593  9.97e-05 -0.000534 -0.000769  -0.00149 -0.000455  -8.9e-17  -8.9e-17 -4.26e-06 -0.000125 -1.11e-16         1 -0.000569 -7.15e-05 -0.000484 -6.73e-05 -8.44e-05 -0.000413 -0.000875 -9.08e-05 -6.92e-06 -0.000483 -7.34e-05 -2.67e-05  -0.00238 -0.000195 -2.47e-05 -1.35e-05 -8.82e-05 -0.000133 -0.000112 -2.52e-05     7e-05  7.95e-06  -0.00244 -0.000335 -1.91e-08 -3.73e-05  -2.7e-05 -0.000369 -2.45e-06  -0.00012 -0.000576  -0.00125  0.000298  -0.00633 -2.04e-05  0.000294 -0.000777 -2.14e-05 -0.000293  -0.00047   -0.0014  -0.00148 -0.000523 -0.000248  -0.00116 -0.000332  -0.00044  -0.00111  -0.00122   0.00142 -0.000581 -0.000412 -0.000376 -0.000106   -0.0087  -0.00482  -0.00166 -2.48e-05 -6.13e-05 -6.44e-06 -1.66e-06 -1.34e-07 -1.44e-08 -0.000396 -0.000764 -5.95e-05 -3.13e-05  -0.00136 -0.000454 -0.000312 -0.000113  -0.00112 -7.88e-05 -0.000411    0.0157 -0.000548  0.000539  -0.00085  -0.00187  -0.00259  -0.00124  -0.00344  -0.00342 -0.000135  -0.00956  -0.00158  -0.00326 -0.000471 -4.93e-05 -0.000888 -0.000169 -1.68e-06  -0.00179  -0.00139  4.59e-05  -0.00289
   0.0312  0.000244 -0.000733  -0.00148  -0.00343 -0.000919 -5.62e-17 -5.62e-17 -5.96e-06 -0.000132 -1.19e-16 -0.000569         1 -0.000189 -0.000927 -0.000125 -0.000159  -0.00111  -0.00234  -0.00029  -4.3e-05 -0.000469 -0.000157  0.000104  -0.00469  -0.00037 -0.000153   4.1e-05   1.6e-05 -0.000691 -5.74e-05 -0.000167  0.000177  4.19e-06  -0.00639 -0.000936  7.19e-07 -0.000186 -0.000105  -0.00152 -6.99e-06 -2.42e-05  -0.00126  -0.00214  0.000718   -0.0175 -2.57e-05   0.00257  0.000904   0.00366   0.00169  -0.00182  -0.00331  -0.00308  -7.6e-06  0.000149  -0.00201  0.000186 -0.000528 -0.000971   -0.0042   0.00235  -0.00103  -0.00084 -0.000242 -7.08e-05   -0.0319  -0.00936  -0.00517 -0.000855 -0.000119 -3.17e-06 -1.44e-06  8.48e-09 -1.52e-08   0.00158   -0.0011  1.64e-05 -2.99e-05 -0.000354 -0.000317  -4.7e-05 -3.85e-05 -0.000153 -0.000104 -0.000238   0.00669  -0.00195   0.00318  -0.00363   -0.0114  -0.00544  0.000706   -0.0143  -0.00497  -0.00088  -0.00909 -0.000823  -0.00129 -0.000202 -2.91e-05 -0.000412  -9.7e-05  1.16e-05  -0.00187 -0.000856  3.74e-06  -0.00674
  0.00334   3.8e-05 -0.000121 -0.000178 -0.000423 -0.000128 -2.49e-17 -2.49e-17  1.43e-06 -1.86e-05 -2.51e-17 -7.15e-05 -0.000189         1 -0.000113 -1.62e-05 -2.04e-05 -0.000125 -0.000266 -4.21e-05 -1.84e-06 -5.22e-05 -2.77e-05 -4.71e-06 -0.000841 -3.02e-05 -6.61e-06   5.3e-06 -7.15e-07 -7.37e-05 -8.82e-06 -9.75e-06  1.77e-05  1.02e-06 -0.000813 -0.000112  3.69e-08 -1.52e-05 -1.05e-05 -0.000175 -6.14e-07 -6.43e-06 -0.000202 -0.000502  6.05e-05  -0.00249  -3.1e-06  0.000265  3.24e-05  0.000306  0.000141 -7.84e-05 -0.000347  -0.00033 -3.04e-05  3.26e-05 -0.000218 -2.76e-05 -7.92e-05 -0.000166 -0.000436  0.000316 -0.000132 -0.000102 -6.32e-05 -1.25e-05  -0.00321  -0.00119 -0.000597 -4.06e-05 -1.41e-05 -7.52e-07 -2.24e-07 -4.49e-09 -1.13e-09  4.56e-06 -0.000124 -6.15e-06 -2.69e-06 -0.000107 -3.39e-05 -9.78e-06  -5.6e-06  -4.3e-05 -2.17e-05 -2.56e-05   0.00179 -0.000145  0.000368 -0.000265 -0.000611 -0.000687  4.46e-05  -0.00129 -0.000583 -4.67e-05 -0.000944 -0.000169 -0.000242 -3.85e-05 -4.85e-06 -9.28e-05 -1.79e-05  7.75e-07 -0.000322 -0.000128  1.03e-05 -0.000804
 0.000313  0.000186 -0.000853  -0.00118  -0.00235 -0.000716 -1.72e-16 -1.72e-16 -1.14e-05 -0.000204  -1.9e-16 -0.000484 -0.000927 -0.000113         1 -9.92e-05 -0.000124 -0.000654  -0.00138 -0.000196 -1.63e-05 -0.000871 -0.000276 -4.09e-05  -0.00428 -0.000267 -4.19e-05 -2.81e-05 -0.000132 -0.000259 -0.000162 -4.76e-05  9.97e-05 -1.07e-05  -0.00403 -0.000652 -7.82e-08 -6.22e-05 -5.15e-05 -0.000652 -3.63e-06 -0.000186 -0.000973  -0.00216  0.000325   -0.0109 -3.18e-05  0.000743 -0.000536   0.00113  4.08e-05 -0.000481  -0.00192   -0.0019 -0.000602 -0.000217  -0.00148 -0.000366 -0.000476  -0.00147  -0.00197   0.00214 -0.000871 -0.000618 -0.000555 -0.000165   -0.0146  -0.00746  -0.00274 -5.06e-05  -9.9e-05 -1.09e-05 -2.89e-06  -2.8e-07 -2.64e-08 -0.000116  -0.00114 -9.62e-05 -5.15e-05  -0.00195 -0.000747 -0.000521 -0.000188  -0.00194 -7.07e-05 -0.000528    0.0174 -0.000845   0.00112 -0.000609  -0.00441  -0.00351  -0.00164  -0.00564  -0.00427 -0.000161   -0.0144  -0.00217  -0.00458 -0.000733 -8.24e-05  -0.00124 -0.000246 -1.58e-06  -0.00244  -0.00194  7.57e-05   -0.0045
  6.4e-05  2.37e-05 -0.000106 -0.000156 -0.000334 -0.000106 -2.05e-17 -2.05e-17  1.25e-06    -2e-05  -2.1e-17 -6.73e-05 -0.000125 -1.62e-05 -9.92e-05         1 -1.86e-05 -9.37e-05 -0.000199 -2.77e-05 -6.59e-07 -5.42e-05 -9.46e-06 -1.12e-05 -0.000678 -2.99e-05 -2.84e-06   1.1e-06 -1.05e-05 -4.16e-05 -1.61e-05 -3.39e-06  1.38e-05  2.96e-06 -0.000632 -8.14e-05  5.09e-09 -9.56e-06 -6.04e-06 -0.000114 -5.63e-07 -1.52e-05 -0.000172 -0.000446  5.01e-05  -0.00185  -3.4e-06   9.7e-05 -0.000142 -3.13e-05  -3.1e-05 -6.49e-05 -0.000285 -0.000311 -9.35e-05 -2.53e-05 -0.000225 -7.66e-05 -0.000109 -0.000211 -0.000289  0.000271 -0.000126 -9.01e-05 -8.07e-05 -1.67e-05  -0.00196  -0.00101 -0.000398 -4.15e-06 -1.08e-05 -9.96e-07 -2.23e-07 -6.16e-09 -1.03e-09 -0.000191 -0.000137 -1.17e-05 -3.46e-06 -0.000243 -4.89e-05 -2.73e-05 -1.06e-05 -9.22e-05 -3.68e-05 -7.06e-05   0.00318 -0.000105  0.000158 -0.000314 -2.65e-05 -0.000675 -0.000131 -0.000744 -0.000758 -2.67e-05  -0.00136 -0.000318 -0.000552 -6.98e-05 -6.07e-06 -0.000175 -3.09e-05 -1.67e-07 -0.000427 -0.000238  5.74e-06 -0.000648
 7.97e-05  3.01e-05 -0.000121 -0.000195 -0.000418 -0.000133  -2.1e-17  -2.1e-17  1.52e-06 -2.48e-05 -1.96e-17 -8.44e-05 -0.000159 -2.04e-05 -0.000124 -1.86e-05         1 -0.000118 -0.000251 -3.45e-05 -1.05e-06 -6.06e-05  -4.4e-06 -1.17e-05 -0.000845  -3.4e-05 -2.09e-06  2.67e-06 -1.18e-05 -5.22e-05 -1.74e-05 -2.75e-06  1.91e-05  4.46e-06 -0.000818 -0.000102  6.65e-09 -1.38e-05 -7.96e-06 -0.000148 -8.17e-07 -1.83e-05 -0.000222 -0.000577  6.25e-05  -0.00235 -4.08e-06  0.000127 -0.000162 -3.75e-05 -3.71e-05 -7.17e-05 -0.000347 -0.000375 -0.000117 -3.65e-05 -0.000269 -9.86e-05 -0.000138 -0.000246 -0.000365  0.000318 -0.000166 -0.000117 -0.000103 -2.09e-05  -0.00244  -0.00126 -0.000495 -1.11e-05 -1.27e-05 -1.42e-06 -2.69e-07 -5.61e-09 -1.19e-09 -0.000281 -0.000172 -1.79e-05 -4.14e-06  -0.00033 -5.83e-05 -3.17e-05 -1.27e-05  -0.00011 -5.49e-05 -9.22e-05   0.00399 -0.000151  0.000177 -0.000424 -4.67e-05 -0.000849 -0.000108 -0.000957  -0.00101 -4.04e-05  -0.00168 -0.000427 -0.000725 -9.22e-05 -7.52e-06 -0.000233  -4.1e-05 -2.12e-07 -0.000568 -0.000308  3.01e-06 -0.000818
   0.0199  0.000233 -0.000687  -0.00103  -0.00247  -0.00075 -1.54e-16 -1.54e-16   9.3e-06 -0.000106 -1.51e-16 -0.000413  -0.00111 -0.000125 -0.000654 -9.37e-05 -0.000118         1  -0.00156 -0.000243 -8.74e-06 -0.000258 -0.000142 -2.02e-05  -0.00479 -0.000168 -2.33e-05  3.82e-05  4.51e-06 -0.000421 -4.68e-05 -5.32e-05  0.000111  9.69e-06  -0.00469 -0.000624  2.34e-07 -8.94e-05 -6.22e-05  -0.00101 -3.55e-06 -2.95e-05  -0.00114  -0.00282  0.000421   -0.0143 -1.76e-05   0.00168  0.000367    0.0021  0.000985 -0.000418  -0.00202  -0.00189 -0.000114  0.000257  -0.00123 -0.000121 -0.000435 -0.000936  -0.00256   0.00194 -0.000762 -0.000591 -0.000353 -6.84e-05   -0.0189  -0.00693  -0.00352 -0.000237 -8.17e-05 -3.89e-06 -1.25e-06 -1.65e-08 -5.63e-09  0.000118 -0.000707 -2.68e-05 -1.38e-05  -0.00052 -0.000171  -3.4e-05 -2.53e-05 -0.000175 -0.000118 -0.000118    0.0104 -0.000841   0.00231  -0.00148  -0.00346  -0.00404  0.000369  -0.00764  -0.00319 -0.000268  -0.00512 -0.000878  -0.00117 -0.000195 -2.57e-05 -0.000483 -9.42e-05  5.11e-06   -0.0018 -0.000656  6.77e-05  -0.00469
   0.0423  0.000488  -0.00142  -0.00219  -0.00523  -0.00159 -3.07e-16 -3.07e-16  1.87e-05 -0.000221 -2.96e-16 -0.000875  -0.00234 -0.000266  -0.00138 -0.000199 -0.000251  -0.00156         1 -0.000527 -2.18e-05 -0.000537 -0.000304 -4.84e-05   -0.0104 -0.000341 -5.52e-05  7.79e-05  7.17e-06 -0.000902 -9.41e-05  -0.00011  0.000234  1.69e-05   -0.0101  -0.00136  4.74e-07 -0.000197 -0.000133  -0.00218 -8.07e-06 -6.18e-05  -0.00248  -0.00621  0.000833   -0.0309 -3.69e-05   0.00348  0.000756   0.00428   0.00203 -0.000835  -0.00422  -0.00395 -0.000261  0.000518  -0.00255 -0.000298 -0.000937   -0.0019  -0.00541   0.00396  -0.00164  -0.00126 -0.000765 -0.000145   -0.0397   -0.0146  -0.00741 -0.000509 -0.000169  -8.8e-06 -2.57e-06 -2.45e-08 -1.11e-08 -6.77e-06   -0.0015 -7.18e-05 -2.86e-05  -0.00124 -0.000348 -6.16e-05 -4.95e-05 -0.000326 -0.000295 -0.000288    0.0219  -0.00183   0.00472  -0.00319  -0.00706  -0.00848  0.000964    -0.016  -0.00702 -0.000582   -0.0109  -0.00203  -0.00273 -0.000439 -5.19e-05  -0.00111 -0.000213  1.04e-05    -0.004  -0.00145  0.000122  -0.00995
  -0.0338  6.43e-06 -0.000575 -0.000313 -0.000981 -0.000359 -2.09e-16 -2.09e-16 -1.47e-05 -2.72e-06 -2.22e-16 -9.08e-05  -0.00029 -4.21e-05 -0.000196 -2.77e-05 -3.45e-05 -0.000243 -0.000527         1 -7.33e-05 -0.000779   -0.0012 -0.000329  -0.00804  6.91e-05 -0.000246 -0.000181 -0.000166 -0.000502 -0.000136 -0.000118 -0.000144 -0.000183  -0.00392  -0.00148 -3.92e-07  -6.2e-05 -3.67e-05 -0.000938 -3.46e-06 -7.13e-05  -0.00174  -0.00509   -0.0014    -0.016 -2.42e-05 -0.000446   0.00051  0.000846  0.000652  0.000752  0.000768  0.000371  7.92e-05  0.000314  0.000296 -0.000225  0.000177  0.000231 -0.000718 -0.000522 -0.000266  1.24e-05 -0.000345 -2.02e-05  -0.00488  -0.00239 -0.000746  0.000253 -1.96e-06  1.16e-07 -3.55e-07 -1.34e-07 -3.02e-09 -0.000944 -0.000325  -4.2e-05 -1.62e-05  -0.00105 -0.000138 -5.18e-05  1.09e-06  0.000205 -0.000239 -0.000367   -0.0193  0.000185 -0.000289  0.000809   0.00126 -6.97e-06  -0.00058   0.00164  0.000915  0.000264   -0.0058  -0.00132  -0.00263 -0.000203  1.88e-05 -0.000741 -0.000114 -4.35e-06   -0.0015 -0.000686 -0.000127  -0.00179
 -0.00419 -3.22e-05 -7.51e-05 -3.21e-05 -6.89e-06   1.4e-05  3.93e-17  3.93e-17 -6.36e-06  3.84e-05 -1.28e-18 -6.92e-06  -4.3e-05 -1.84e-06 -1.63e-05 -6.59e-07 -1.05e-06 -8.74e-06 -2.18e-05 -7.33e-05         1 -0.000231 -0.000225 -4.77e-05 -0.000752 -1.84e-05 -0.000105 -6.08e-05 -6.12e-05 -7.79e-05 -4.25e-05 -4.51e-05  -2.8e-05 -4.26e-05 -0.000308 -0.000244 -1.12e-08 -2.55e-05 -3.68e-06 -7.57e-05 -1.66e-06 -2.98e-05 -0.000171 -0.000314 -0.000293  -0.00137 -8.84e-06 -0.000401 -0.000202 -0.000348 -0.000164 -7.18e-05  0.000113 -2.94e-05 -0.000149 -0.000161 -0.000121 -9.39e-05  0.000115  0.000128 -5.19e-05 -0.000315 -4.12e-05  3.34e-05 -2.46e-05  1.81e-07 -0.000484 -5.82e-05  0.000196 -1.57e-05  3.11e-06  5.93e-07  4.09e-08 -2.95e-08 -4.08e-09  3.49e-05 -0.000126 -8.55e-06 -1.13e-05 -0.000275 -0.000113 -6.66e-05 -1.61e-05  -2.7e-05 -1.14e-05 -0.000195  -0.00328 -7.84e-05 -0.000513  0.000692  -0.00128   0.00109 -9.62e-05  0.000392  0.000139 -4.47e-05  -0.00293 -0.000333  -0.00112 -5.18e-05  4.98e-06  -0.00014 -1.79e-05 -1.05e-06 -0.000131  -0.00029 -5.28e-05 -8.79e-05
  -0.0433 -0.000599  -0.00353  -0.00142   -0.0015 -0.000344 -2.41e-16 -2.41e-16 -0.000189 -0.000556 -8.69e-16 -0.000483 -0.000469 -5.22e-05 -0.000871 -5.42e-05 -6.06e-05 -0.000258 -0.000537 -0.000779 -0.000231         1  -0.00403 -0.000757    -0.013  -0.00118  -0.00148 -0.000896  -0.00109  -0.00106 -0.000946 -0.000674  -0.00069 -0.000648  -0.00383  -0.00401 -1.88e-06   0.00015  -4.7e-07 -0.000893  5.85e-06 -0.000979   -0.0027  -0.00455  -0.00506   -0.0171 -0.000107  -0.00778  -0.00932   -0.0111  -0.00755  -0.00387  -0.00109   -0.0034  -0.00304  -0.00306  -0.00359  -0.00131 -0.000135  -0.00366 -0.000659  -0.00207   1.7e-05   3.9e-05 -0.000939 -0.000516   -0.0111  -0.00651 -7.21e-06  0.000359 -0.000259 -2.89e-05  -1.1e-05 -1.98e-06 -1.63e-07   0.00488   -0.0023 -0.000256 -0.000275  -0.00535  -0.00394   -0.0032  -0.00103    -0.011   0.00113  -0.00195   -0.0438  0.000591    -0.007   0.00761   -0.0262   0.00758   -0.0159    0.0037 -9.46e-05  0.000523   -0.0571  -0.00368   -0.0155  -0.00261 -0.000315  -0.00254 -0.000593 -3.57e-05  0.000294  -0.00602  5.44e-05  -0.00256
  -0.0729 -0.000436  -0.00271 -0.000478    -0.001  -0.00036 -8.14e-16 -8.14e-16 -7.34e-05 -9.01e-05 -1.17e-15 -7.34e-05 -0.000157 -2.77e-05 -0.000276 -9.46e-06  -4.4e-06 -0.000142 -0.000304   -0.0012 -0.000225  -0.00403         1  -0.00103   -0.0175 -0.000444  -0.00112 -0.000785 -0.000772  -0.00123 -0.000758 -0.000609 -0.000744 -0.000626  -0.00462  -0.00406 -1.08e-06  7.59e-05 -1.88e-05  -0.00124  4.56e-06 -0.000473  -0.00331  -0.00843  -0.00484   -0.0265 -9.62e-05  -0.00451   -0.0025  -0.00169  -0.00101 -0.000808   0.00197 -0.000169 -0.000673 -0.000355 -0.000923 -0.000214  0.000712  -0.00158 -0.000145  -0.00156  0.000448  0.000552 -0.000587 -0.000124  -0.00531  -0.00344  0.000588  0.000937 -7.39e-05   1.1e-05 -3.58e-06 -9.63e-07 -5.89e-08   0.00275  -0.00113  0.000169 -0.000128  -0.00178  -0.00156   -0.0011 -0.000301  -0.00241  0.000409  -0.00115   -0.0689   0.00198  -0.00254   0.00197  -0.00654   0.00139   -0.0114   0.00896   0.00726   0.00103   -0.0285  -0.00158    -0.008  -0.00058 -4.89e-05  -0.00118 -0.000199 -2.09e-05   0.00013  -0.00269 -0.000137  -0.00144
 -0.00944  -0.00017  -0.00103 -4.73e-05 -0.000272 -0.000166 -1.48e-16 -1.48e-16  2.92e-06  7.66e-05 -3.36e-16 -2.67e-05  0.000104 -4.71e-06 -4.09e-05 -1.12e-05 -1.17e-05 -2.02e-05 -4.84e-05 -0.000329 -4.77e-05 -0.000757  -0.00103         1  -0.00606 -0.000148 -0.000412  -0.00022 -0.000195 -0.000432 -0.000198 -0.000172 -0.000264 -0.000163  -0.00147  -0.00106 -3.01e-07  6.35e-05  2.66e-05 -0.000545  3.13e-06 -5.92e-05  -0.00126  -0.00378  -0.00155   -0.0111 -1.64e-05  -0.00222  -0.00325  -0.00519  -0.00202 -0.000509 -0.000168  -0.00136 -0.000694 -0.000273  -0.00112 -0.000642 -0.000308 -0.000951 -0.000132 -0.000808  0.000248  0.000226 -0.000185  1.47e-05  -0.00127 -0.000643 -9.37e-05  0.000427 -1.97e-05   9.2e-06   4.6e-07 -4.14e-09  3.74e-09 -0.000269  4.37e-05  6.54e-05 -6.59e-06  0.000336 -3.33e-05 -2.53e-05  2.33e-05   0.00054  0.000131 -0.000223  -0.00835   0.00122  -0.00109   0.00141   0.00412   0.00119  -0.00298   0.00388   0.00159   0.00043  -0.00233    0.0002 -0.000644  0.000201  3.55e-05  7.68e-05  4.21e-05 -7.06e-06  0.000178 -0.000133   4.2e-05 -0.000333
   -0.379  -0.00018   -0.0149  -0.00639     -0.02  -0.00775 -3.02e-15 -3.02e-15  1.83e-06 -0.000459 -3.52e-15  -0.00238  -0.00469 -0.000841  -0.00428 -0.000678 -0.000845  -0.00479   -0.0104  -0.00804 -0.000752    -0.013   -0.0175  -0.00606         1  8.18e-05  -0.00473  -0.00251  -0.00215  -0.00985  -0.00165  -0.00175    -0.003  -0.00254   -0.0743   -0.0239 -7.52e-06  -0.00017 -0.000317   -0.0186 -9.17e-06  -0.00103    -0.035    -0.105   -0.0271    -0.314 -0.000241    -0.016   -0.0235   -0.0401   -0.0142   0.00716   0.00187  -0.00874  -0.00663 -0.000497   -0.0054  -0.00956  -0.00497   -0.0073   -0.0159   -0.0129   -0.0044  -0.00223  -0.00733 -0.000607    -0.103   -0.0469    -0.022   0.00463 -0.000424  -4.2e-05  -9.6e-06 -1.71e-06 -8.68e-09   -0.0259  -0.00323  -0.00156 -0.000133   -0.0156  -0.00139 -0.000906 -6.76e-05  0.000348  -0.00358   -0.0035    -0.216   0.00693  -0.00941  0.000736    0.0366    -0.015   -0.0162    0.0161   -0.0122   0.00533   -0.0378   -0.0193   -0.0333  -0.00302  3.17e-05   -0.0114  -0.00172 -0.000103   -0.0272   -0.0106 -0.000998   -0.0356
   0.0246 -0.000327  -0.00114 -0.000426  -0.00049 -6.28e-05  9.26e-18  9.26e-18  -2.8e-05 -0.000104 -3.44e-16 -0.000195  -0.00037 -3.02e-05 -0.000267 -2.99e-05  -3.4e-05 -0.000168 -0.000341  6.91e-05 -1.84e-05  -0.00118 -0.000444 -0.000148  8.18e-05         1 -0.000497 -0.000176 -0.000208 -0.000301  -0.00028 -0.000273 -0.000194 -7.54e-05  0.000495 -0.000485  2.21e-07  9.98e-05  3.52e-05 -0.000185  6.46e-06 -0.000149 -2.41e-05   0.00129  -0.00052  3.73e-05 -1.47e-05  -0.00244  -0.00544  -0.00729  -0.00355  -0.00373  -0.00265  -0.00401  -0.00117  -0.00111  -0.00306 -0.000357 -0.000993  -0.00246  -0.00096  0.000228  0.000347  1.67e-05   7.9e-05 -6.22e-05  -0.00929  -0.00195 -0.000931 -0.000245 -9.93e-05  8.04e-06 -9.97e-07 -1.11e-07 -2.26e-08   0.00253 -0.000406  0.000169 -4.26e-05  0.000702 -0.000597 -0.000455 -0.000138  -0.00126  0.000543 -0.000326   0.00652  0.000357 -0.000967   -0.0022  -0.00515  -0.00121  -0.00635  -0.00264  -0.00175 -0.000254   -0.0099  0.000904 -0.000435 -1.17e-05  -3.2e-05  0.000355   3.3e-05 -4.12e-06    0.0014 -0.000742  0.000164 -0.000953
   0.0107 -0.000434  -0.00136 -4.35e-05  2.68e-05  5.79e-05  3.22e-16  3.22e-16 -2.87e-05  0.000156 -1.52e-16 -2.47e-05 -0.000153 -6.61e-06 -4.19e-05 -2.84e-06 -2.09e-06 -2.33e-05 -5.52e-05 -0.000246 -0.000105  -0.00148  -0.00112 -0.000412  -0.00473 -0.000497         1 -0.000342 -0.000283 -0.000758 -0.000225 -0.000367  -0.00038 -0.000237  -0.00121  -0.00137 -8.34e-08  5.44e-05  4.74e-05 -0.000896  3.27e-06 -9.41e-05  -0.00132  -0.00273  -0.00242    -0.011 -1.23e-05  -0.00444  -0.00747   -0.0125  -0.00548  -0.00303   -0.0017  -0.00365  -0.00172  -0.00159  -0.00285   -0.0011 -0.000676   -0.0012 -0.000901  -0.00284  0.000496  0.000285  8.56e-05  2.46e-05  -0.00818  0.000734 -0.000296 -0.000199    -6e-05  9.49e-06  6.66e-07 -7.99e-09 -1.48e-08   0.00134  0.000134  3.23e-05 -3.25e-05  0.000986 -0.000355 -0.000298 -5.83e-05 -0.000223  0.000475 -0.000388   -0.0142  0.000819  -0.00347    0.0029  -0.00518   0.00591  -0.00362  0.000762  0.000115 -0.000122  -0.00523   0.00118 -0.000383  0.000242  3.38e-05  0.000697  0.000135 -7.69e-06   0.00182 -7.59e-05  2.12e-06 -2.67e-05
 -0.00626 -0.000179 -0.000541 -5.33e-05  7.47e-05  3.56e-05  -9.5e-18  -9.5e-18 -2.33e-05  2.34e-05 -1.72e-16 -1.35e-05   4.1e-05   5.3e-06 -2.81e-05   1.1e-06  2.67e-06  3.82e-05  7.79e-05 -0.000181 -6.08e-05 -0.000896 -0.000785  -0.00022  -0.00251 -0.000176 -0.000342         1 -0.000206 -0.000225 -0.000186 -0.000156 -0.000168 -0.000137 -0.000312 -0.000762 -1.96e-07  1.36e-05  1.18e-05 -0.000165  1.79e-07 -0.000116 -0.000506  -0.00102  -0.00105   -0.0034 -2.03e-05  -0.00184  -0.00197  -0.00297  -0.00141 -0.000788  3.22e-05 -0.000719 -0.000539 -0.000492  -0.00074 -0.000315 -1.16e-05  -0.00044  9.24e-05 -0.000778  0.000145  0.000188 -7.39e-05 -2.29e-05 -4.75e-05 -2.73e-05  0.000549  0.000121 -1.39e-05  3.38e-06 -3.45e-07 -1.47e-07 -1.35e-08  0.000482 -0.000242  2.83e-05 -3.19e-05  -0.00042 -0.000385 -0.000288 -7.52e-05 -0.000548  0.000134 -0.000432  -0.00893  0.000383  -0.00154   0.00122  -0.00147   0.00197  -0.00262    0.0024  0.000803  9.28e-05  -0.00797 -0.000392  -0.00226 -0.000136   4.7e-07 -0.000229 -3.64e-05 -5.96e-06  0.000197 -0.000723 -4.23e-05  0.000112
 -0.00276 -0.000149 -0.000525 -0.000229 -0.000106 -1.61e-05 -4.72e-17 -4.72e-17 -3.56e-05 -4.72e-05 -1.94e-16 -8.82e-05   1.6e-05 -7.15e-07 -0.000132 -1.05e-05 -1.18e-05  4.51e-06  7.17e-06 -0.000166 -6.12e-05  -0.00109 -0.000772 -0.000195  -0.00215 -0.000208 -0.000283 -0.000206         1 -0.000111 -0.000241 -0.000134 -0.000122 -0.000133 -0.000279 -0.000737 -3.13e-07  3.71e-06  4.81e-06 -1.11e-05 -1.09e-06 -0.000189 -0.000358 -0.000489 -0.000783  -0.00182 -2.88e-05  -0.00175  -0.00165  -0.00202  -0.00121 -0.000686 -1.33e-05 -0.000656  -0.00059 -0.000516 -0.000749 -0.000337  1.31e-06 -0.000625  0.000182 -0.000191 -2.36e-05   0.00013 -0.000193 -7.69e-05  0.000687  -0.00104  0.000636  0.000188 -2.39e-05 -4.62e-07 -1.22e-06 -2.66e-07 -2.29e-08  0.000374 -0.000552  1.27e-06 -4.97e-05  -0.00123 -0.000658 -0.000503  -0.00015  -0.00137  0.000112 -0.000657  -0.00299   0.00019   -0.0016   0.00156  -0.00167   0.00166  -0.00323   0.00261   0.00012  0.000104   -0.0135   -0.0012  -0.00404 -0.000443 -2.57e-05 -0.000697 -0.000132  -7.8e-06 -0.000404   -0.0014 -3.43e-05 -0.000257
  -0.0237  -0.00025  -0.00142 -0.000364  -0.00133  -0.00042  9.86e-17  9.86e-17  1.76e-06  8.39e-05 -1.69e-16 -0.000133 -0.000691 -7.37e-05 -0.000259 -4.16e-05 -5.22e-05 -0.000421 -0.000902 -0.000502 -7.79e-05  -0.00106  -0.00123 -0.000432  -0.00985 -0.000301 -0.000758 -0.000225 -0.000111         1 -7.62e-05 -0.000315 -0.000346 -0.000207  -0.00542  -0.00191  -9.7e-09  1.84e-06 -1.96e-06  -0.00187  2.35e-06     2e-05  -0.00271  -0.00717  -0.00263   -0.0248 -2.24e-06  -0.00246  -0.00522  -0.00909  -0.00356  -0.00206  -0.00152  -0.00305  -0.00109 -0.000879  -0.00207 -0.000847 -0.000904 -0.000958  -0.00226  -0.00257  7.27e-05 -0.000142 -0.000149  4.02e-05   -0.0167  -0.00204  -0.00248  -0.00031 -6.06e-05  5.36e-06  7.49e-07  1.07e-07   2.8e-09 -0.000248  0.000164 -3.19e-05   1.4e-06  0.000765   0.00012  0.000128   6.6e-05  0.000935     2e-05 -1.31e-05    -0.024  0.000363  -0.00153  -0.00175  -0.00381  0.000153   -0.0016  -0.00329  -0.00191 -0.000148    0.0034  0.000614  0.000845  0.000339  3.76e-05  0.000337  8.48e-05 -3.34e-06 -4.26e-05  0.000204 -7.98e-05  -0.00252
 0.000549 -0.000136 -0.000647 -0.000282  -0.00028 -7.05e-05 -2.08e-16 -2.08e-16 -2.46e-05  -6.4e-05 -3.58e-16 -0.000112 -5.74e-05 -8.82e-06 -0.000162 -1.61e-05 -1.74e-05 -4.68e-05 -9.41e-05 -0.000136 -4.25e-05 -0.000946 -0.000758 -0.000198  -0.00165  -0.00028 -0.000225 -0.000186 -0.000241 -7.62e-05         1 -0.000151  -0.00012 -0.000108  0.000203 -0.000599 -1.19e-07  3.03e-05  6.12e-06  0.000107  1.08e-06 -0.000168 -9.96e-05  0.000258 -0.000389 -0.000434 -3.15e-05  -0.00123  -0.00125 -0.000708  -0.00051  -0.00102 -0.000353  -0.00103 -0.000368 -0.000219  -0.00102 -8.24e-05 -6.87e-05  -0.00112   5.9e-05  0.000764  7.55e-05  0.000143 -0.000133  -6.1e-05 -0.000824  -0.00175  0.000318  0.000244 -3.38e-05  5.63e-06 -1.02e-06 -2.11e-07 -1.75e-08   0.00111 -0.000583  0.000119 -4.31e-05 -0.000577 -0.000554 -0.000388 -0.000112 -0.000884    0.0002 -0.000545 -0.000279  0.000413 -0.000438  2.15e-05 -0.000469 -0.000555   -0.0044     0.002  0.000839  0.000147   -0.0127 -0.000628  -0.00293 -0.000232 -1.74e-05 -0.000429 -8.23e-05 -5.48e-06 -3.03e-05  -0.00116  4.05e-05 -0.000501
 -0.00162   -0.0002 -0.000608 -7.92e-05 -0.000106  9.45e-06  1.15e-18  1.15e-18 -1.27e-05   3.6e-05 -1.95e-16 -2.52e-05 -0.000167 -9.75e-06 -4.76e-05 -3.39e-06 -2.75e-06 -5.32e-05  -0.00011 -0.000118 -4.51e-05 -0.000674 -0.000609 -0.000172  -0.00175 -0.000273 -0.000367 -0.000156 -0.000134 -0.000315 -0.000151         1 -0.000167 -0.000103 -0.000293 -0.000634  1.12e-07  2.38e-05  1.27e-05 -0.000303  2.04e-06 -4.97e-05 -0.000398 -0.000504 -0.000836  -0.00345 -1.24e-05  -0.00148  -0.00237  -0.00344  -0.00146   -0.0016 -0.000722  -0.00155 -0.000472 -0.000465  -0.00124 -0.000157  -0.00024 -0.000741  -0.00046 -0.000588  0.000254  0.000134  7.69e-05  1.34e-05  -0.00458 -0.000232 -0.000183  -9.6e-05  -2.8e-05  7.98e-06  2.23e-07  -1.6e-08 -6.74e-09   0.00123 -0.000101  0.000104 -1.79e-05  0.000563 -0.000178 -0.000101 -1.66e-05  9.83e-05   0.00022 -0.000201  -0.00852   0.00032 -0.000777 -0.000575  -0.00266  0.000536  -0.00273 -0.000179  0.000512  -8.5e-05  -0.00394  0.000565 -0.000182  0.000161  1.48e-05  0.000289  5.53e-05 -1.98e-06  0.000841 -0.000155  9.06e-07 -0.000231
 -0.00265 -0.000281 -0.000656  0.000174  0.000332  8.37e-05 -4.06e-17 -4.06e-17  -6.2e-06  1.92e-05 -1.96e-16     7e-05  0.000177  1.77e-05  9.97e-05  1.38e-05  1.91e-05  0.000111  0.000234 -0.000144  -2.8e-05  -0.00069 -0.000744 -0.000264    -0.003 -0.000194  -0.00038 -0.000168 -0.000122 -0.000346  -0.00012 -0.000167         1 -0.000119 -0.000282 -0.000772 -1.45e-07  8.05e-05  3.39e-05 -0.000344  4.88e-06 -3.92e-05 -0.000798  -0.00206   -0.0015  -0.00493 -2.26e-06  -0.00226  -0.00316  -0.00545  -0.00231  -0.00126 -2.87e-06  -0.00105 -0.000575  -0.00058 -0.000843 -0.000311 -0.000415 -0.000782  0.000158  -0.00155  0.000433  0.000201  1.18e-05  1.77e-05  0.000782   0.00131  0.000441  9.24e-05 -9.12e-06  6.31e-06  3.42e-07 -2.33e-08    -1e-09  0.000126  0.000175  5.84e-05 -5.36e-06  0.000381 -4.52e-05 -5.17e-05   2.4e-06  0.000154  0.000121 -8.35e-05   -0.0145  0.000797  -0.00166   -0.0017  0.000474 -7.67e-05  -0.00329   0.00254  0.000369  0.000149  0.000286  0.000443  7.83e-05  0.000165  1.21e-05  0.000162  4.04e-05 -6.38e-06  0.000645 -0.000101 -2.87e-05  0.000682
 -0.00676 -0.000101 -0.000338 -2.13e-05 -1.83e-05 -4.97e-06 -4.25e-18 -4.25e-18 -2.44e-05    -2e-06 -1.06e-16  7.95e-06  4.19e-06  1.02e-06 -1.07e-05  2.96e-06  4.46e-06  9.69e-06  1.69e-05 -0.000183 -4.26e-05 -0.000648 -0.000626 -0.000163  -0.00254 -7.54e-05 -0.000237 -0.000137 -0.000133 -0.000207 -0.000108 -0.000103 -0.000119         1  -0.00069 -0.000674 -2.45e-07  2.13e-06  4.09e-07 -0.000281 -1.04e-07 -6.81e-05 -0.000515  -0.00126 -0.000851  -0.00426 -9.83e-06  -0.00112  -0.00101  -0.00166  -0.00075 -0.000323  0.000166 -0.000264  -0.00018 -0.000152  -0.00021 -0.000183  5.76e-05 -2.69e-05  -4.5e-05 -0.000714  0.000111  0.000167 -4.17e-05 -1.54e-05 -0.000881  2.78e-05  0.000147  7.61e-05 -1.04e-05  9.96e-07 -3.08e-07 -1.24e-07 -9.53e-09  0.000381  -6.1e-05 -6.17e-07 -1.85e-05 -0.000193 -0.000233 -0.000192  -4.9e-05  -0.00047   9.5e-05 -0.000206   -0.0107  0.000281 -0.000959   0.00171  -0.00085   0.00205  -0.00126   0.00163   0.00116  0.000115  -0.00461 -7.75e-05 -0.000954 -0.000113  4.58e-06 -7.46e-05 -1.98e-05 -3.65e-06  0.000263 -0.000232 -2.46e-05     9e-06
    -0.19  0.000332  -0.00273  -0.00617   -0.0164  -0.00545 -1.99e-16 -1.99e-16 -8.68e-05  -0.00121  6.45e-16  -0.00244  -0.00639 -0.000813  -0.00403 -0.000632 -0.000818  -0.00469   -0.0101  -0.00392 -0.000308  -0.00383  -0.00462  -0.00147   -0.0743  0.000495  -0.00121 -0.000312 -0.000279  -0.00542  0.000203 -0.000293 -0.000282  -0.00069         1   -0.0127 -2.74e-06  -0.00101 -0.000505   -0.0136 -5.39e-05 -0.000338   -0.0215   -0.0608   -0.0102    -0.186 -4.78e-05  0.000602  -0.00197  -0.00955  -0.00251   0.00217  -0.00172  -0.00382  -0.00218  -0.00133   0.00022  -0.00453  -0.00615 -2.48e-05    -0.016  -0.00804  -0.00722  -0.00473  -0.00507 -0.000668   -0.0917   -0.0379   -0.0195  -0.00177 -0.000128 -0.000115 -6.42e-06 -1.39e-07  1.17e-08   -0.0296  -0.00464  -0.00204 -2.29e-05   -0.0216 -0.000186  0.000235  1.89e-05 -0.000612  -0.00621  -0.00374   -0.0636  -0.00878  -0.00617   -0.0372   0.00374   -0.0376   0.00907   -0.0296   -0.0517  -0.00195   -0.0272   -0.0261    -0.034  -0.00507 -0.000134   -0.0145  -0.00251 -4.03e-05   -0.0345   -0.0128  -0.00215    -0.033
    -0.13 -0.000784  -0.00191  -0.00103  -0.00235 -0.000748 -2.88e-16 -2.88e-16  -0.00014  -0.00039 -5.74e-16 -0.000335 -0.000936 -0.000112 -0.000652 -8.14e-05 -0.000102 -0.000624  -0.00136  -0.00148 -0.000244  -0.00401  -0.00406  -0.00106   -0.0239 -0.000485  -0.00137 -0.000762 -0.000737  -0.00191 -0.000599 -0.000634 -0.000772 -0.000674   -0.0127         1 -1.45e-06 -0.000114 -6.86e-05  -0.00349 -6.16e-06 -0.000446  -0.00623   -0.0161   -0.0063   -0.0472 -5.98e-05  -0.00619  -0.00541  -0.00998  -0.00421  -0.00292   0.00124  -0.00182  -0.00116   -0.0014 -0.000967  -0.00115  -0.00146   -0.0011  -0.00227  -0.00535 -0.000495  -5.2e-05  -0.00109 -0.000209   -0.0137  -0.00511  -0.00126 -8.47e-05 -3.66e-05 -1.09e-05 -2.52e-06 -6.17e-07 -4.15e-08  -0.00426  -0.00149 -0.000228 -9.88e-05  -0.00592   -0.0012 -0.000839 -0.000223  -0.00209 -0.000995  -0.00205   -0.0721 -0.000439  -0.00683  -0.00977  -0.00241  -0.00543  -0.00968   0.00403  -0.00711 -5.25e-05   -0.0299  -0.00651   -0.0131  -0.00159 -2.39e-05  -0.00393 -0.000708 -3.11e-05  -0.00619  -0.00488 -0.000722  -0.00491
 4.64e-05  -1.4e-08 -2.72e-07 -1.03e-07  5.51e-08 -1.58e-07  2.12e-21  2.12e-21 -1.11e-07 -4.11e-07  6.99e-20 -1.91e-08  7.19e-07  3.69e-08 -7.82e-08  5.09e-09  6.65e-09  2.34e-07  4.74e-07 -3.92e-07 -1.12e-08 -1.88e-06 -1.08e-06 -3.01e-07 -7.52e-06  2.21e-07 -8.34e-08 -1.96e-07 -3.13e-07  -9.7e-09 -1.19e-07  1.12e-07 -1.45e-07 -2.45e-07 -2.74e-06 -1.45e-06         1  6.36e-08 -4.45e-09 -5.05e-07 -9.09e-10  -3.4e-07 -1.65e-06 -5.53e-06 -2.06e-06 -1.02e-05  3.79e-09 -2.67e-06 -1.51e-06 -3.66e-06 -2.58e-06  2.27e-06  2.06e-06  2.07e-06 -3.15e-07 -1.54e-07  1.93e-06 -1.02e-06  1.72e-08  6.08e-07  1.38e-06 -2.09e-06 -2.35e-07  2.16e-07 -7.32e-07 -2.76e-07  1.18e-05 -7.25e-09   9.5e-07  7.63e-07 -3.08e-08 -3.51e-08 -4.83e-09 -8.68e-10 -4.92e-11 -2.83e-06 -1.22e-07 -4.87e-07 -6.06e-08 -4.06e-06 -1.17e-06 -1.24e-06 -4.06e-07 -5.53e-06 -1.01e-07 -4.57e-07 -1.42e-05  6.19e-07  -4.1e-06  9.08e-06  4.58e-06  6.96e-06 -1.08e-06  9.06e-06  1.28e-07  9.92e-07  -1.5e-05 -2.99e-06 -5.69e-06 -1.78e-06 -1.22e-07 -1.97e-06 -4.52e-07 -2.23e-08 -1.94e-06 -1.75e-06  7.17e-09  5.47e-07
 -0.00188  4.87e-05  0.000385 -0.000111 -0.000212 -3.61e-05  7.82e-17  7.82e-17 -7.31e-06  1.41e-05  1.37e-16 -3.73e-05 -0.000186 -1.52e-05 -6.22e-05 -9.56e-06 -1.38e-05 -8.94e-05 -0.000197  -6.2e-05 -2.55e-05   0.00015  7.59e-05  6.35e-05  -0.00017  9.98e-05  5.44e-05  1.36e-05  3.71e-06  1.84e-06  3.03e-05  2.38e-05  8.05e-05  2.13e-06  -0.00101 -0.000114  6.36e-08         1 -2.71e-05 -0.000143 -5.32e-06  3.93e-06 -0.000137 -0.000263  0.000186  -0.00124 -5.53e-06  0.000581   0.00147   0.00206  0.000984  0.000401  0.000353  0.000608  0.000199  8.42e-05  0.000481  6.31e-05  0.000159  0.000687 -0.000248 -7.45e-05 -0.000319 -9.88e-05 -6.56e-05 -1.21e-06 -0.000899 -0.000532   6.2e-06  -0.00016  2.44e-05 -3.01e-06  2.65e-07  4.18e-08  1.27e-09  -0.00086 -0.000243 -5.66e-05 -2.67e-06 -0.000894   1.5e-05  5.96e-05  1.69e-05  0.000276 -0.000277 -0.000265  -0.00039 -0.000711 -0.000132 -0.000582 -0.000774 -0.000176    0.0016 -0.000937   -0.0013 -0.000233  -0.00266  -0.00114  -0.00177 -0.000177  1.05e-05 -0.000547 -8.96e-05   1.1e-06   -0.0012 -0.000479 -0.000142 -0.000624
 -0.00102  4.42e-05     9e-05 -8.72e-05 -0.000203 -5.59e-05 -2.64e-17 -2.64e-17  -3.7e-06 -2.47e-05  1.17e-17  -2.7e-05 -0.000105 -1.05e-05 -5.15e-05 -6.04e-06 -7.96e-06 -6.22e-05 -0.000133 -3.67e-05 -3.68e-06  -4.7e-07 -1.88e-05  2.66e-05 -0.000317  3.52e-05  4.74e-05  1.18e-05  4.81e-06 -1.96e-06  6.12e-06  1.27e-05  3.39e-05  4.09e-07 -0.000505 -6.86e-05 -4.45e-09 -2.71e-05         1 -6.52e-05 -1.42e-06 -6.51e-06 -6.45e-05 -0.000152  0.000112 -0.000816 -2.64e-06  0.000453  0.000861   0.00149  0.000649  0.000236  0.000131  0.000311  0.000174  0.000145  0.000258  0.000106  9.04e-05  0.000187 -0.000156  0.000217 -0.000127 -5.78e-05 -4.06e-05 -1.12e-05  -0.00103 -0.000585 -0.000193 -3.49e-05   1.4e-06 -1.81e-06 -2.32e-07 -2.98e-08 -1.75e-09 -9.47e-05 -0.000116 -1.59e-05    -3e-06 -0.000315 -3.65e-05 -1.29e-05 -7.76e-06 -9.74e-05 -7.56e-05 -4.34e-05  -0.00114  -0.00024  0.000286  -0.00025 -0.000575 -0.000501  0.000396 -0.000635 -0.000217 -4.12e-05  -0.00119 -0.000355 -0.000494 -9.62e-05  -5.2e-06 -0.000196 -3.82e-05  7.33e-07   -0.0004 -0.000162 -2.85e-05  -0.00041
  -0.0434 -0.000282  -0.00115 -0.000937  -0.00325  -0.00107  3.65e-16  3.65e-16  -4.2e-05  -0.00014  1.72e-16 -0.000369  -0.00152 -0.000175 -0.000652 -0.000114 -0.000148  -0.00101  -0.00218 -0.000938 -7.57e-05 -0.000893  -0.00124 -0.000545   -0.0186 -0.000185 -0.000896 -0.000165 -1.11e-05  -0.00187  0.000107 -0.000303 -0.000344 -0.000281   -0.0136  -0.00349 -5.05e-07 -0.000143 -6.52e-05         1 -4.83e-06  0.000124  -0.00556   -0.0154  -0.00375   -0.0505  3.48e-05  -0.00248  -0.00642   -0.0135  -0.00484  -0.00253  -0.00239  -0.00427 -0.000902 -0.000718  -0.00172  -0.00155  -0.00234 -0.000256  -0.00478  -0.00476  -0.00068 -0.000578 -0.000561 -2.17e-06   -0.0305  -0.00516  -0.00577 -0.000899 -6.42e-05 -1.07e-05  1.49e-06  3.82e-07  2.42e-08  -0.00492  0.000284 -0.000338  4.75e-05  -0.00107  0.000679  0.000507  0.000187   0.00154 -0.000879 -0.000132   -0.0313 -0.000945  -0.00276   -0.0062   0.00175  -0.00323   0.00192  -0.00831  -0.00966 -0.000597   0.00844  -0.00162  0.000614  -0.00017  8.23e-05 -0.000969 -0.000177 -5.88e-06  -0.00404  8.46e-06 -0.000341  -0.00643
 7.46e-05  2.74e-06  2.32e-05  -6.5e-06 -8.71e-06 -1.42e-06   5.6e-18   5.6e-18 -5.91e-07  7.23e-07  8.98e-18 -2.45e-06 -6.99e-06 -6.14e-07 -3.63e-06 -5.63e-07 -8.17e-07 -3.55e-06 -8.07e-06 -3.46e-06 -1.66e-06  5.85e-06  4.56e-06  3.13e-06 -9.17e-06  6.46e-06  3.27e-06  1.79e-07 -1.09e-06  2.35e-06  1.08e-06  2.04e-06  4.88e-06 -1.04e-07 -5.39e-05 -6.16e-06 -9.09e-10 -5.32e-06 -1.42e-06 -4.83e-06         1 -9.76e-07 -7.52e-06 -1.65e-05  9.53e-06 -4.96e-05 -4.26e-07  2.21e-05  7.64e-05  0.000102  4.59e-05   3.1e-05   2.6e-05  3.98e-05  6.04e-06  6.97e-07  2.93e-05 -2.01e-06  9.85e-06  4.07e-05 -5.31e-06 -7.26e-06 -2.06e-05 -5.14e-06 -6.37e-06 -7.77e-07  2.64e-05 -2.79e-05  1.31e-05  -6.1e-06  1.56e-06 -2.52e-07  7.98e-09   9.8e-10 -2.88e-11 -6.55e-05 -1.68e-05 -4.67e-06 -3.92e-07 -6.88e-05 -2.83e-06 -2.26e-08 -1.09e-07  4.33e-06 -1.71e-05 -2.04e-05   9.1e-05 -4.06e-05 -2.59e-05 -1.55e-06  -1.7e-05  1.87e-05  9.22e-05 -1.33e-05 -8.53e-05 -1.16e-05 -0.000232 -8.34e-05 -0.000141 -1.55e-05   3.8e-07 -4.06e-05 -6.76e-06 -1.39e-08 -8.13e-05  -3.9e-05  -8.6e-06 -3.03e-05
-0.000266 -5.79e-05 -0.000323 -0.000313 -0.000244 -5.72e-05 -8.07e-17 -8.07e-17 -3.27e-05  -0.00014 -1.11e-16  -0.00012 -2.42e-05 -6.43e-06 -0.000186 -1.52e-05 -1.83e-05 -2.95e-05 -6.18e-05 -7.13e-05 -2.98e-05 -0.000979 -0.000473 -5.92e-05  -0.00103 -0.000149 -9.41e-05 -0.000116 -0.000189     2e-05 -0.000168 -4.97e-05 -3.92e-05 -6.81e-05 -0.000338 -0.000446  -3.4e-07  3.93e-06 -6.51e-06  0.000124 -9.76e-07         1 -0.000178 -3.09e-05 -0.000376  0.000336 -2.34e-05 -0.000882 -0.000537 -5.77e-05 -0.000587 -0.000248  0.000123 -2.94e-05  -0.00042 -0.000452 -0.000269 -0.000146  1.54e-05 -0.000574  0.000211  0.000232 -0.000197 -7.34e-05 -0.000263 -0.000119   0.00121  -0.00154  0.000423  0.000124 -2.95e-05    -8e-06 -2.19e-06 -3.64e-07 -2.87e-08   9.8e-05 -0.000654 -6.77e-05 -5.23e-05  -0.00181 -0.000757 -0.000599   -0.0002  -0.00211   2.5e-05  -0.00054  5.48e-05 -0.000203  -0.00113  0.000277  -0.00319 -9.06e-05  -0.00268   0.00115  -0.00116   5.7e-05   -0.0129  -0.00167  -0.00439 -0.000675 -6.85e-05    -0.001 -0.000201 -7.11e-06 -0.000941  -0.00167 -3.29e-05 -0.000513
  -0.0618 -0.000567  -0.00246  -0.00139  -0.00429  -0.00162 -4.91e-17 -4.91e-17 -1.31e-05 -0.000257 -4.01e-17 -0.000576  -0.00126 -0.000202 -0.000973 -0.000172 -0.000222  -0.00114  -0.00248  -0.00174 -0.000171   -0.0027  -0.00331  -0.00126    -0.035 -2.41e-05  -0.00132 -0.000506 -0.000358  -0.00271 -9.96e-05 -0.000398 -0.000798 -0.000515   -0.0215  -0.00623 -1.65e-06 -0.000137 -6.45e-05  -0.00556 -7.52e-06 -0.000178         1   -0.0291    -0.008   -0.0801 -1.25e-05  -0.00634  -0.00951     -0.02  -0.00794 -0.000791   0.00059  -0.00281  -0.00273   -0.0023  -0.00135    -0.003   -0.0032  -0.00144  -0.00425  -0.00818  -0.00155   -0.0012  -0.00197  -0.00017   -0.0208  -0.00796  -0.00455 -5.98e-05 -1.67e-05 -3.05e-05 -6.84e-07 -1.57e-08  1.55e-08    -0.013 -0.000866 -0.000755 -3.53e-07  -0.00749  9.48e-05  0.000102  6.43e-05  0.000698  -0.00219  -0.00152   -0.0552  -0.00071  -0.00798   -0.0162   0.00754   -0.0118   -0.0029  0.000166   -0.0184 -2.91e-05  -0.00227  -0.00909    -0.013   -0.0014    -1e-05  -0.00513 -0.000815 -3.59e-05   -0.0117  -0.00491 -0.000926  -0.00874
   -0.138 -0.000747   -0.0065   -0.0029   -0.0117  -0.00495 -6.05e-16 -6.05e-16  0.000118 -0.000362 -3.25e-17  -0.00125  -0.00214 -0.000502  -0.00216 -0.000446 -0.000577  -0.00282  -0.00621  -0.00509 -0.000314  -0.00455  -0.00843  -0.00378    -0.105   0.00129  -0.00273  -0.00102 -0.000489  -0.00717  0.000258 -0.000504  -0.00206  -0.00126   -0.0608   -0.0161 -5.53e-06 -0.000263 -0.000152   -0.0154 -1.65e-05 -3.09e-05   -0.0291         1   -0.0217    -0.237  2.19e-05    -0.014   -0.0216   -0.0501   -0.0183   0.00628   0.00502  -0.00287  -0.00612  -0.00346  0.000319   -0.0089  -0.00788  -0.00178  -0.00994   -0.0217  -0.00428  -0.00311  -0.00586 -0.000264   -0.0402   -0.0199    -0.013   0.00167   6.9e-05 -8.29e-05  1.45e-06  5.13e-07  1.34e-07   -0.0416  -0.00024  -0.00228  0.000166    -0.018    0.0024   0.00174  0.000667   0.00645  -0.00646  -0.00228    -0.141   0.00113   -0.0177   -0.0337    0.0506   -0.0292   0.00288    0.0113   -0.0423   0.00198    0.0349   -0.0227   -0.0262  -0.00262  0.000105   -0.0127  -0.00189 -9.34e-05   -0.0326  -0.00906  -0.00219   -0.0226
  -0.0395  -0.00151  -0.00319  0.000645   0.00112  0.000209  4.66e-16  4.66e-16 -8.75e-05  7.31e-05 -1.66e-16  0.000298  0.000718  6.05e-05  0.000325  5.01e-05  6.25e-05  0.000421  0.000833   -0.0014 -0.000293  -0.00506  -0.00484  -0.00155   -0.0271  -0.00052  -0.00242  -0.00105 -0.000783  -0.00263 -0.000389 -0.000836   -0.0015 -0.000851   -0.0102   -0.0063 -2.06e-06  0.000186  0.000112  -0.00375  9.53e-06 -0.000376    -0.008   -0.0217         1   -0.0529 -1.27e-05   -0.0144   -0.0178   -0.0344   -0.0153  -0.00412   0.00259   -0.0028   -0.0043  -0.00478   -0.0024  -0.00316  -0.00209  -0.00135  0.000151   -0.0143   0.00103  0.000442 -0.000831 -6.02e-05   0.00463   0.00709   0.00248  8.03e-05  3.84e-06 -1.19e-05 -4.48e-07 -5.72e-07  -3.9e-08  -0.00617  0.000491 -0.000532 -7.68e-05  -0.00408 -0.000921 -0.000912  -0.00021  -0.00196 -0.000532  -0.00139     -0.11   0.00212   -0.0154  -0.00643  -0.00634   0.00596   -0.0108    0.0141   -0.0065  0.000444  -0.00538  -0.00377  -0.00996 -0.000797 -2.19e-05  -0.00228 -0.000334 -5.09e-05  -0.00232  -0.00349 -0.000852   0.00176
   -0.391  0.000862   -0.0305   -0.0159   -0.0527   -0.0192 -1.06e-15 -1.06e-15  0.000308  0.000602 -2.95e-15  -0.00633   -0.0175  -0.00249   -0.0109  -0.00185  -0.00235   -0.0143   -0.0309    -0.016  -0.00137   -0.0171   -0.0265   -0.0111    -0.314  3.73e-05    -0.011   -0.0034  -0.00182   -0.0248 -0.000434  -0.00345  -0.00493  -0.00426    -0.186   -0.0472 -1.02e-05  -0.00124 -0.000816   -0.0505 -4.96e-05  0.000336   -0.0801    -0.237   -0.0529         1 -0.000123   -0.0258   -0.0734    -0.136   -0.0474   0.00485    -0.022   -0.0442   -0.0184  -0.00422   -0.0247   -0.0261   -0.0183   -0.0118   -0.0575   -0.0363   -0.0124  -0.00866   -0.0136 -0.000311    -0.381    -0.111   -0.0772    0.0019  -0.00121 -9.87e-05  2.11e-06  1.73e-06  2.44e-07   -0.0615 -0.000656  -0.00444  0.000283   -0.0147   0.00492   0.00412   0.00175    0.0194   -0.0082  -0.00174    -0.314   0.00595    -0.013    0.0103    0.0545   -0.0129    0.0232   -0.0538   -0.0642   0.00452    0.0674    -0.024   -0.0208 -0.000564  0.000711   -0.0128  -0.00155 -0.000106   -0.0544  -0.00439  -0.00166    -0.097
 2.06e-05  5.88e-06 -6.86e-05 -5.52e-05 -7.41e-05 -1.98e-05 -3.21e-17 -3.21e-17 -1.22e-07  2.62e-06 -3.68e-17 -2.04e-05 -2.57e-05  -3.1e-06 -3.18e-05  -3.4e-06 -4.08e-06 -1.76e-05 -3.69e-05 -2.42e-05 -8.84e-06 -0.000107 -9.62e-05 -1.64e-05 -0.000241 -1.47e-05 -1.23e-05 -2.03e-05 -2.88e-05 -2.24e-06 -3.15e-05 -1.24e-05 -2.26e-06 -9.83e-06 -4.78e-05 -5.98e-05  3.79e-09 -5.53e-06 -2.64e-06  3.48e-05 -4.26e-07 -2.34e-05 -1.25e-05  2.19e-05 -1.27e-05 -0.000123         1 -8.44e-06  0.000128  0.000426  0.000148  3.91e-05  3.62e-05  2.27e-05 -3.94e-05 -1.64e-05 -6.22e-05     5e-06  6.73e-05 -7.21e-05  2.12e-07  0.000175 -4.06e-05 -9.44e-06 -3.54e-05 -8.19e-06 -0.000143 -0.000374  5.18e-05  3.74e-05 -2.27e-06  2.95e-07  -1.8e-07 -3.51e-08 -2.74e-09  9.99e-05  -0.00012  7.61e-06 -7.24e-06 -0.000175 -8.56e-05 -5.14e-05 -1.61e-05 -9.73e-05  4.59e-06 -8.86e-05   9.6e-05 -1.06e-05  3.02e-05  9.33e-05  -0.00045 -7.35e-05 -0.000323  0.000142  0.000107  1.23e-05   -0.0019 -0.000212 -0.000658 -4.25e-05 -4.56e-06  -0.00011 -1.67e-05 -4.06e-07 -0.000126 -0.000221 -5.64e-06  -0.00015
    0.048  -0.00335  -0.00494   0.00135   0.00547   0.00171  2.15e-15  2.15e-15 -0.000237   0.00025 -6.03e-17  0.000294   0.00257  0.000265  0.000743   9.7e-05  0.000127   0.00168   0.00348 -0.000446 -0.000401  -0.00778  -0.00451  -0.00222    -0.016  -0.00244  -0.00444  -0.00184  -0.00175  -0.00246  -0.00123  -0.00148  -0.00226  -0.00112  0.000602  -0.00619 -2.67e-06  0.000581  0.000453  -0.00248  2.21e-05 -0.000882  -0.00634    -0.014   -0.0144   -0.0258 -8.44e-06         1   -0.0473   -0.0847   -0.0386   -0.0163   -0.0041   -0.0162   -0.0112   -0.0115   -0.0127  -0.00769  -0.00626  -0.00737   0.00305   -0.0211   0.00299   0.00191 -0.000385 -0.000172    0.0265    0.0171   0.00885 -6.72e-05  -9.3e-05  1.03e-05  2.51e-06 -2.38e-07 -7.53e-08  -0.00641  0.000639 -0.000423 -0.000174  -0.00411  -0.00239  -0.00245 -0.000599  -0.00544  0.000891  -0.00398   -0.0362   0.00479   -0.0319  0.000553   0.00189    0.0244   -0.0276    0.0298    -0.016 -0.000182   -0.0387  -0.00319   -0.0169  -0.00121  4.76e-05   -0.0019 -0.000297 -9.55e-05   0.00194  -0.00643 -0.000621   0.00901
     0.12   -0.0041   -0.0137 -0.000266   0.00116  0.000212  4.15e-15  4.15e-15 -6.46e-05  0.000922 -4.04e-16 -0.000777  0.000904  3.24e-05 -0.000536 -0.000142 -0.000162  0.000367  0.000756   0.00051 -0.000202  -0.00932   -0.0025  -0.00325   -0.0235  -0.00544  -0.00747  -0.00197  -0.00165  -0.00522  -0.00125  -0.00237  -0.00316  -0.00101  -0.00197  -0.00541 -1.51e-06   0.00147  0.000861  -0.00642  7.64e-05 -0.000537  -0.00951   -0.0216   -0.0178   -0.0734  0.000128   -0.0473         1    -0.166   -0.0744   -0.0331   -0.0278    -0.048   -0.0225   -0.0191   -0.0354   -0.0156   -0.0144   -0.0213  -0.00679   -0.0248   0.00522   0.00124  0.000258 -3.36e-05   -0.0542   0.00866  -0.00635  -0.00109 -0.000817  4.89e-05  5.92e-06  1.21e-06 -5.13e-08   0.00206   0.00433 -0.000319 -7.78e-05    0.0126  -0.00162  -0.00254 -0.000556  -0.00543   0.00527 -0.000883     0.101    0.0114   -0.0355    0.0237  -0.00472     0.047   -0.0356    0.0049   -0.0254 -0.000329    0.0104    0.0157    0.0129   0.00254  0.000122   0.00863   0.00154 -9.25e-05    0.0177   0.00228   0.00175   0.00238
    0.221  -0.00794   -0.0166   0.00293   0.00796    0.0021  9.25e-15  9.25e-15 -0.000172   0.00186  2.26e-15 -2.14e-05   0.00366  0.000306   0.00113 -3.13e-05 -3.75e-05    0.0021   0.00428  0.000846 -0.000348   -0.0111  -0.00169  -0.00519   -0.0401  -0.00729   -0.0125  -0.00297  -0.00202  -0.00909 -0.000708  -0.00344  -0.00545  -0.00166  -0.00955  -0.00998 -3.66e-06   0.00206   0.00149   -0.0135  0.000102 -5.77e-05     -0.02   -0.0501   -0.0344    -0.136  0.000426   -0.0847    -0.166         1    -0.131   -0.0532   -0.0381   -0.0727   -0.0367   -0.0338   -0.0509   -0.0278   -0.0264    -0.026  -0.00786   -0.0603   0.00868   0.00255  0.000771  0.000364   -0.0424    0.0401   -0.0032  -0.00372 -0.000786  4.52e-05  2.38e-05  3.97e-06  7.05e-08   -0.0189    0.0108  -0.00167  0.000157    0.0154    0.0013  -0.00146  1.27e-05 -0.000561    0.0048  -0.00184     0.108    0.0156   -0.0756    0.0204    0.0225    0.0814   -0.0389    0.0216   -0.0635  -0.00236     0.075     0.019    0.0216   0.00406   0.00057     0.011   0.00208 -0.000176    0.0197   0.00517  0.000908    0.0131
    0.104   -0.0034  -0.00805  0.000535   0.00333  0.000968  4.14e-15  4.14e-15 -0.000154  0.000381  1.08e-15 -0.000293   0.00169  0.000141  4.08e-05  -3.1e-05 -3.71e-05  0.000985   0.00203  0.000652 -0.000164  -0.00755  -0.00101  -0.00202   -0.0142  -0.00355  -0.00548  -0.00141  -0.00121  -0.00356  -0.00051  -0.00146  -0.00231  -0.00075  -0.00251  -0.00421 -2.58e-06  0.000984  0.000649  -0.00484  4.59e-05 -0.000587  -0.00794   -0.0183   -0.0153   -0.0474  0.000148   -0.0386   -0.0744    -0.131         1   -0.0233    -0.017   -0.0314   -0.0177   -0.0167   -0.0229   -0.0125   -0.0111   -0.0127  -0.00254   -0.0258   0.00328  0.000593 -0.000217 -0.000241   -0.0147    0.0147 -0.000507  -0.00156 -0.000484 -2.19e-05  1.73e-06  3.99e-07 -7.99e-08  -0.00608   0.00327  -0.00114 -9.48e-05   0.00232  -0.00199  -0.00282 -0.000763  -0.00903    0.0027  -0.00151    0.0575   0.00586    -0.036    0.0149   -0.0101      0.04   -0.0214   0.00838    -0.031 -0.000943   0.00352   0.00532 -0.000199 -0.000348 -6.39e-05   0.00293   0.00046 -9.23e-05   0.00827   -0.0016  0.000537    0.0055
  0.00747  -0.00288  -0.00314 -0.000729  0.000284  0.000784  1.15e-15  1.15e-15   -0.0002 -0.000517 -8.05e-16  -0.00047  -0.00182 -7.84e-05 -0.000481 -6.49e-05 -7.17e-05 -0.000418 -0.000835  0.000752 -7.18e-05  -0.00387 -0.000808 -0.000509   0.00716  -0.00373  -0.00303 -0.000788 -0.000686  -0.00206  -0.00102   -0.0016  -0.00126 -0.000323   0.00217  -0.00292  2.27e-06  0.000401  0.000236  -0.00253   3.1e-05 -0.000248 -0.000791   0.00628  -0.00412   0.00485  3.91e-05   -0.0163   -0.0331   -0.0532   -0.0233         1   -0.0138    -0.023  -0.00556  -0.00722   -0.0157  -0.00159  -0.00814    -0.011  -0.00528  -0.00708   0.00274  0.000459   0.00149  1.06e-06   -0.0424   0.00232   -0.0028  -0.00349 -0.000298  5.88e-05  4.41e-06  9.34e-07 -2.57e-08   0.00716 -0.000517  0.000975 -6.27e-05   0.00453  -0.00074 -0.000485 -7.96e-05     2e-05   0.00133  -0.00185   0.00358 -0.000402   -0.0116   -0.0369   -0.0179    -0.016   -0.0317   -0.0171   -0.0228  -0.00352    -0.023   0.00448   0.00361  0.000923  8.75e-05   0.00176  0.000185 -2.12e-05   0.00538  -0.00248 -7.59e-05  -0.00118
  0.00184  3.48e-05   -0.0058   -0.0029   -0.0063  -0.00174  1.07e-15  1.07e-15  4.51e-05  0.000204 -6.97e-16   -0.0014  -0.00331 -0.000347  -0.00192 -0.000285 -0.000347  -0.00202  -0.00422  0.000768  0.000113  -0.00109   0.00197 -0.000168   0.00187  -0.00265   -0.0017  3.22e-05 -1.33e-05  -0.00152 -0.000353 -0.000722 -2.87e-06  0.000166  -0.00172   0.00124  2.06e-06  0.000353  0.000131  -0.00239   2.6e-05  0.000123   0.00059   0.00502   0.00259    -0.022  3.62e-05   -0.0041   -0.0278   -0.0381    -0.017   -0.0138         1   -0.0248  -0.00579  -0.00312   -0.0174  -0.00363  -0.00479   -0.0103   -0.0105   0.00588  0.000624 -0.000746  0.000804 -1.04e-05   -0.0893   -0.0176   -0.0153  -0.00154 -0.000653  3.91e-05  1.62e-09  8.47e-07 -2.07e-08    0.0139  0.000713  0.000541 -5.26e-06    0.0129 -0.000357 -0.000457 -0.000125  -0.00127   0.00374   0.00169      0.13   0.00219   0.00562    0.0197   -0.0174     0.013    -0.006   -0.0334  -0.00365  -0.00111   0.00466    0.0143     0.021   0.00235   4.2e-05   0.00792   0.00127  2.95e-05    0.0121   0.00586   0.00203   -0.0109
     0.03  -0.00145  -0.00863  -0.00279  -0.00574  -0.00158  1.43e-15  1.43e-15  1.45e-05  0.000394 -1.38e-15  -0.00148  -0.00308  -0.00033   -0.0019 -0.000311 -0.000375  -0.00189  -0.00395  0.000371 -2.94e-05   -0.0034 -0.000169  -0.00136  -0.00874  -0.00401  -0.00365 -0.000719 -0.000656  -0.00305  -0.00103  -0.00155  -0.00105 -0.000264  -0.00382  -0.00182  2.07e-06  0.000608  0.000311  -0.00427  3.98e-05 -2.94e-05  -0.00281  -0.00287   -0.0028   -0.0442  2.27e-05   -0.0162    -0.048   -0.0727   -0.0314    -0.023   -0.0248         1  -0.00999  -0.00695   -0.0249  -0.00639  -0.00852   -0.0155   -0.0114  -0.00039   0.00201 -4.93e-05  0.000757  8.22e-05   -0.0941   -0.0149   -0.0144  -0.00161 -0.000709  7.83e-05  4.75e-06  1.48e-06  4.27e-09    0.0118  0.000888  0.000866 -1.19e-05     0.014 -0.000222 -0.000342  2.24e-05   0.00149   0.00395  0.000196     0.122   0.00483  -0.00356   0.00918  -0.00722    0.0114   -0.0213   -0.0255    -0.011  -0.00138   -0.0031    0.0145    0.0183   0.00316    0.0002   0.00795   0.00136 -3.54e-07    0.0125   0.00419   0.00186   -0.0104
   0.0172 -0.000702  -0.00363 -0.000835 -0.000557 -0.000184  1.08e-15  1.08e-15  3.44e-05  0.000369  1.59e-16 -0.000523  -7.6e-06 -3.04e-05 -0.000602 -9.35e-05 -0.000117 -0.000114 -0.000261  7.92e-05 -0.000149  -0.00304 -0.000673 -0.000694  -0.00663  -0.00117  -0.00172 -0.000539  -0.00059  -0.00109 -0.000368 -0.000472 -0.000575  -0.00018  -0.00218  -0.00116 -3.15e-07  0.000199  0.000174 -0.000902  6.04e-06  -0.00042  -0.00273  -0.00612   -0.0043   -0.0184 -3.94e-05   -0.0112   -0.0225   -0.0367   -0.0177  -0.00556  -0.00579  -0.00999         1  -0.00617  -0.00885  -0.00452  -0.00261   -0.0052   -0.0014  -0.00522 -0.000124 -0.000567 -0.000784 -0.000168  -0.00965  -0.00223 -0.000356 -2.92e-05 -0.000192  -9.8e-06 -1.66e-06 -1.55e-07 -5.23e-08  -0.00223 -0.000679 -0.000437 -0.000115  -0.00185  -0.00159  -0.00139 -0.000417  -0.00344   0.00076   -0.0015    0.0463   0.00121   -0.0103   0.00687    -0.012    0.0116  -0.00699  0.000643   -0.0119 -0.000321    -0.017  -0.00179  -0.00983 -0.000498 -0.000111 -0.000598 -2.63e-05 -3.03e-05 -0.000257  -0.00367  0.000123  -0.00161
  0.00234  -0.00118  -0.00162 -0.000264   0.00122  0.000577  1.36e-15  1.36e-15 -4.14e-05  7.78e-05  6.91e-16 -0.000248  0.000149  3.26e-05 -0.000217 -2.53e-05 -3.65e-05  0.000257  0.000518  0.000314 -0.000161  -0.00306 -0.000355 -0.000273 -0.000497  -0.00111  -0.00159 -0.000492 -0.000516 -0.000879 -0.000219 -0.000465  -0.00058 -0.000152  -0.00133   -0.0014 -1.54e-07  8.42e-05  0.000145 -0.000718  6.97e-07 -0.000452   -0.0023  -0.00346  -0.00478  -0.00422 -1.64e-05   -0.0115   -0.0191   -0.0338   -0.0167  -0.00722  -0.00312  -0.00695  -0.00617         1  -0.00629  -0.00332  -0.00288  -0.00342 -0.000147  -0.00854 -0.000112 -0.000652 -0.000522 -0.000204   0.00265   0.00353   0.00266  -0.00113 -6.98e-05  -2.5e-05 -1.68e-06 -2.43e-07 -6.46e-08  -0.00452  -0.00104 -0.000562 -0.000127  -0.00525  -0.00172  -0.00145 -0.000467  -0.00428 -0.000205  -0.00214    0.0129  -0.00133    -0.014  -0.00828   -0.0195   0.00407  -0.00806 -0.000363   -0.0193  -0.00147   -0.0207  -0.00531   -0.0145  -0.00137  -0.00016  -0.00267  -0.00043 -3.59e-05  -0.00299  -0.00584 -0.000576  0.000819
   0.0225 -0.000964  -0.00753  -0.00221  -0.00385  -0.00102  7.89e-16  7.89e-16  8.33e-05   0.00061 -1.33e-15  -0.00116  -0.00201 -0.000218  -0.00148 -0.000225 -0.000269  -0.00123  -0.00255  0.000296 -0.000121  -0.00359 -0.000923  -0.00112   -0.0054  -0.00306  -0.00285  -0.00074 -0.000749  -0.00207  -0.00102  -0.00124 -0.000843  -0.00021   0.00022 -0.000967  1.93e-06  0.000481  0.000258  -0.00172  2.93e-05 -0.000269  -0.00135  0.000319   -0.0024   -0.0247 -6.22e-05   -0.0127   -0.0354   -0.0509   -0.0229   -0.0157   -0.0174   -0.0249  -0.00885  -0.00629         1  -0.00489  -0.00489   -0.0125  -0.00715   0.00117   0.00133 -0.000202  0.000286  2.88e-05   -0.0631   -0.0123  -0.00829 -0.000536 -0.000539  6.37e-05  1.52e-06  6.48e-07 -3.29e-08    0.0108 -0.000415  0.000707   -0.0001   0.00939  -0.00122 -0.000901 -0.000194  0.000125   0.00335 -0.000529    0.0962   0.00415  -0.00285    0.0103   -0.0162    0.0108   -0.0188   -0.0155  -0.00498 -0.000698   -0.0166   0.00952   0.00642   0.00233  5.55e-05   0.00549   0.00103 -4.52e-06   0.00973  0.000881   0.00139  -0.00701
   0.0366 -0.000276  -0.00204 -0.000458 -0.000748 -0.000401  1.01e-15  1.01e-15  4.11e-06  0.000321   4.1e-16 -0.000332  0.000186 -2.76e-05 -0.000366 -7.66e-05 -9.86e-05 -0.000121 -0.000298 -0.000225 -9.39e-05  -0.00131 -0.000214 -0.000642  -0.00956 -0.000357   -0.0011 -0.000315 -0.000337 -0.000847 -8.24e-05 -0.000157 -0.000311 -0.000183  -0.00453  -0.00115 -1.02e-06  6.31e-05  0.000106  -0.00155 -2.01e-06 -0.000146    -0.003   -0.0089  -0.00316   -0.0261     5e-06  -0.00769   -0.0156   -0.0278   -0.0125  -0.00159  -0.00363  -0.00639  -0.00452  -0.00332  -0.00489         1   -0.0019   -0.0019  -0.00126  -0.00467 -0.000354 -0.000148 -0.000722 -7.72e-05  -0.00599   -0.0013  -0.00122  0.000297 -9.68e-05  -1.3e-05  6.47e-07   1.8e-07 -5.87e-09  -0.00473  0.000335 -0.000525 -2.11e-05  -0.00117  -0.00038 -0.000557 -0.000134   -0.0013  0.000226 -0.000811    0.0387   0.00128  -0.00755    0.0134    0.0046    0.0148    0.0013   0.00384  -0.00701  0.000218  -0.00375  -0.00114  -0.00426 -0.000348  2.38e-05 -0.000278 -1.94e-06 -2.14e-05  -0.00111 -0.000926  0.000132  -0.00157
   0.0144  -0.00105 -0.000684 -0.000637  -0.00127 -0.000423  3.89e-16  3.89e-16 -3.09e-05  -0.00052  8.87e-17  -0.00044 -0.000528 -7.92e-05 -0.000476 -0.000109 -0.000138 -0.000435 -0.000937  0.000177  0.000115 -0.000135  0.000712 -0.000308  -0.00497 -0.000993 -0.000676 -1.16e-05  1.31e-06 -0.000904 -6.87e-05  -0.00024 -0.000415  5.76e-05  -0.00615  -0.00146  1.72e-08  0.000159  9.04e-05  -0.00234  9.85e-06  1.54e-05   -0.0032  -0.00788  -0.00209   -0.0183  6.73e-05  -0.00626   -0.0144   -0.0264   -0.0111  -0.00814  -0.00479  -0.00852  -0.00261  -0.00288  -0.00489   -0.0019         1  -0.00483  -0.00236  -0.00408 -3.14e-05 -0.000705 -0.000482 -0.000107  -0.00906  -0.00169  -0.00257  -0.00102 -5.44e-05 -4.01e-06  2.21e-06  7.79e-07  4.26e-08  -0.00785 -0.000108 -0.000101  6.51e-05  -0.00249  0.000704  0.000443  0.000149   0.00107  -0.00111 -0.000827    0.0303 -0.000713  -0.00616   -0.0259    0.0145   -0.0185   -0.0096  -0.00502   -0.0225  -0.00117   0.00547  -0.00354  -0.00205 -0.000443  1.88e-05  -0.00235 -0.000433 -2.25e-05  -0.00581  -0.00268 -0.000295  -0.00331
   0.0164 -0.000791  -0.00624  -0.00226  -0.00389   -0.0013 -1.21e-15 -1.21e-15  7.52e-05 -0.000535 -2.15e-15  -0.00111 -0.000971 -0.000166  -0.00147 -0.000211 -0.000246 -0.000936   -0.0019  0.000231  0.000128  -0.00366  -0.00158 -0.000951   -0.0073  -0.00246   -0.0012  -0.00044 -0.000625 -0.000958  -0.00112 -0.000741 -0.000782 -2.69e-05 -2.48e-05   -0.0011  6.08e-07  0.000687  0.000187 -0.000256  4.07e-05 -0.000574  -0.00144  -0.00178  -0.00135   -0.0118 -7.21e-05  -0.00737   -0.0213    -0.026   -0.0127    -0.011   -0.0103   -0.0155   -0.0052  -0.00342   -0.0125   -0.0019  -0.00483         1  -0.00311   0.00577  0.000871 -0.000795 -0.000819 -0.000327    -0.029   -0.0148  -0.00541  0.000879 -0.000436  3.29e-05  -5.8e-06 -3.96e-07 -4.66e-08   0.00552  -0.00187  0.000714 -0.000114   0.00219  -0.00179  -0.00135 -0.000426  -0.00362   0.00178 -0.000559    0.0696   0.00396   0.00116   -0.0164  0.000321   -0.0212   -0.0292  -0.00592  -0.00912  0.000623   -0.0241   0.00208  -0.00209  0.000283 -0.000218  0.000367  4.87e-05 -2.35e-05   0.00176  -0.00383    0.0011  -0.00657
   0.0742    0.0005  -0.00301  -0.00305  -0.00803  -0.00232  3.27e-16  3.27e-16  2.68e-05 -2.16e-05    -2e-16  -0.00122   -0.0042 -0.000436  -0.00197 -0.000289 -0.000365  -0.00256  -0.00541 -0.000718 -5.19e-05 -0.000659 -0.000145 -0.000132   -0.0159  -0.00096 -0.000901  9.24e-05  0.000182  -0.00226   5.9e-05  -0.00046  0.000158  -4.5e-05    -0.016  -0.00227  1.38e-06 -0.000248 -0.000156  -0.00478 -5.31e-06  0.000211  -0.00425  -0.00994  0.000151   -0.0575  2.12e-07   0.00305  -0.00679  -0.00786  -0.00254  -0.00528   -0.0105   -0.0114   -0.0014 -0.000147  -0.00715  -0.00126  -0.00236  -0.00311         1   0.00288  -0.00158  -0.00162 -0.000296 -1.26e-05   -0.0834   -0.0196   -0.0145  -0.00183 -0.000349  3.12e-06 -4.22e-07  5.32e-07  1.19e-09    0.0039 -0.000637  -1.1e-05  1.41e-05   0.00394  0.000286  0.000441  0.000127   0.00147  0.000509  0.000728    0.0233  -0.00215   0.00656   0.00154   -0.0187  -0.00303   0.00449   -0.0329  -0.00856  -0.00149   0.00411   0.00346   0.00769  0.000784   4.4e-05   0.00205  0.000318  2.88e-05 -0.000227   0.00206  0.000474   -0.0151
    0.125  -0.00268   0.00195   0.00363   0.00771   0.00249  3.27e-15  3.27e-15 -0.000185  0.000441  2.67e-15   0.00142   0.00235  0.000316   0.00214  0.000271  0.000318   0.00194   0.00396 -0.000522 -0.000315  -0.00207  -0.00156 -0.000808   -0.0129  0.000228  -0.00284 -0.000778 -0.000191  -0.00257  0.000764 -0.000588  -0.00155 -0.000714  -0.00804  -0.00535 -2.09e-06 -7.45e-05  0.000217  -0.00476 -7.26e-06  0.000232  -0.00818   -0.0217   -0.0143   -0.0363  0.000175   -0.0211   -0.0248   -0.0603   -0.0258  -0.00708   0.00588  -0.00039  -0.00522  -0.00854   0.00117  -0.00467  -0.00408   0.00577   0.00288         1   0.00173  0.000966  0.000388  0.000271    0.0379    0.0321   0.00932  -0.00269  0.000376 -4.22e-05  9.91e-06  8.67e-07  3.57e-08   -0.0179   0.00354  -0.00139  9.28e-05  -0.00617    0.0014  0.000532   0.00027   0.00191   -0.0025  -0.00153    -0.143  -0.00167    -0.031   -0.0165  -0.00408    0.0184   0.00492    0.0173   -0.0239  -0.00215    0.0357  -0.00587  -0.00687 -0.000812    0.0002  -0.00287 -0.000417  -6.1e-05  -0.00442  -0.00162  -0.00225     0.012
  0.00181  0.000454  0.000762   -0.0014  -0.00268 -0.000825   2.5e-18   2.5e-18 -4.11e-06 -0.000238  4.44e-16 -0.000581  -0.00103 -0.000132 -0.000871 -0.000126 -0.000166 -0.000762  -0.00164 -0.000266 -4.12e-05   1.7e-05  0.000448  0.000248   -0.0044  0.000347  0.000496  0.000145 -2.36e-05  7.27e-05  7.55e-05  0.000254  0.000433  0.000111  -0.00722 -0.000495 -2.35e-07 -0.000319 -0.000127  -0.00068 -2.06e-05 -0.000197  -0.00155  -0.00428   0.00103   -0.0124 -4.06e-05   0.00299   0.00522   0.00868   0.00328   0.00274  0.000624   0.00201 -0.000124 -0.000112   0.00133 -0.000354 -3.14e-05  0.000871  -0.00158   0.00173         1  -0.00123  -0.00113 -0.000232  -0.00607  -0.00847  -0.00163 -0.000219  1.94e-05  -3.5e-05 -3.03e-06 -2.41e-07 -1.88e-08  -0.00603  -0.00198 -0.000489 -5.14e-05  -0.00681 -0.000686 -0.000385 -0.000174  -0.00174  -0.00141  -0.00138    0.0259  -0.00323  3.26e-07  -0.00493  -0.00269  -0.00709   0.00457   -0.0058   -0.0115  -0.00065   -0.0194  -0.00794   -0.0129  -0.00175  -0.00011  -0.00417 -0.000724 -4.26e-06  -0.00856  -0.00449 -0.000465  -0.00585
 -0.00325  0.000224 -4.63e-05 -0.000959  -0.00199 -0.000606 -6.72e-17 -6.72e-17  3.79e-05 -0.000211  2.28e-16 -0.000412  -0.00084 -0.000102 -0.000618 -9.01e-05 -0.000117 -0.000591  -0.00126  1.24e-05  3.34e-05   3.9e-05  0.000552  0.000226  -0.00223  1.67e-05  0.000285  0.000188   0.00013 -0.000142  0.000143  0.000134  0.000201  0.000167  -0.00473  -5.2e-05  2.16e-07 -9.88e-05 -5.78e-05 -0.000578 -5.14e-06 -7.34e-05   -0.0012  -0.00311  0.000442  -0.00866 -9.44e-06   0.00191   0.00124   0.00255  0.000593  0.000459 -0.000746 -4.93e-05 -0.000567 -0.000652 -0.000202 -0.000148 -0.000705 -0.000795  -0.00162  0.000966  -0.00123         1 -0.000671 -0.000146  -0.00888  -0.00577  -0.00218 -0.000392 -3.36e-05 -2.29e-05 -2.47e-06  -1.2e-07  -1.1e-08  -0.00329  -0.00107 -0.000287 -2.04e-05  -0.00341 -0.000324 -0.000164 -0.000105  -0.00116 -0.000769 -0.000347     0.017  -0.00197   0.00061  -0.00888  -0.00584  -0.00955   0.00115  -0.00797  -0.00998 -0.000568  -0.00326    -0.004  -0.00578 -0.000835 -0.000121  -0.00217 -0.000373 -1.11e-06  -0.00486   -0.0026 -0.000209  -0.00419
   0.0079  9.56e-05 -0.000441 -0.000872  -0.00161 -0.000606 -2.61e-16 -2.61e-16  -5.6e-06 -0.000251 -5.05e-17 -0.000376 -0.000242 -6.32e-05 -0.000555 -8.07e-05 -0.000103 -0.000353 -0.000765 -0.000345 -2.46e-05 -0.000939 -0.000587 -0.000185  -0.00733   7.9e-05  8.56e-05 -7.39e-05 -0.000193 -0.000149 -0.000133  7.69e-05  1.18e-05 -4.17e-05  -0.00507  -0.00109 -7.32e-07 -6.56e-05 -4.06e-05 -0.000561 -6.37e-06 -0.000263  -0.00197  -0.00586 -0.000831   -0.0136 -3.54e-05 -0.000385  0.000258  0.000771 -0.000217   0.00149  0.000804  0.000757 -0.000784 -0.000522  0.000286 -0.000722 -0.000482 -0.000819 -0.000296  0.000388  -0.00113 -0.000671         1 -0.000214   0.00142  -0.00543 -0.000433  0.000419 -1.22e-05 -2.27e-05 -3.16e-06 -3.92e-07 -2.07e-08  -0.00463  -0.00131  -0.00032 -5.14e-05  -0.00504 -0.000761 -0.000569 -0.000203  -0.00215  -0.00081  -0.00104   0.00977 -0.000815  -0.00154  -0.00412   0.00238  -0.00592  -0.00172   0.00146  -0.00717  0.000171   -0.0156  -0.00562  -0.00999  -0.00134 -0.000108  -0.00315 -0.000545 -1.46e-05  -0.00577  -0.00371 -0.000238  -0.00329
  0.00131  7.74e-06 -9.68e-05 -0.000267 -0.000339 -0.000102 -4.54e-17 -4.54e-17 -2.28e-05 -0.000146 -1.51e-17 -0.000106 -7.08e-05 -1.25e-05 -0.000165 -1.67e-05 -2.09e-05 -6.84e-05 -0.000145 -2.02e-05  1.81e-07 -0.000516 -0.000124  1.47e-05 -0.000607 -6.22e-05  2.46e-05 -2.29e-05 -7.69e-05  4.02e-05  -6.1e-05  1.34e-05  1.77e-05 -1.54e-05 -0.000668 -0.000209 -2.76e-07 -1.21e-06 -1.12e-05 -2.17e-06 -7.77e-07 -0.000119  -0.00017 -0.000264 -6.02e-05 -0.000311 -8.19e-06 -0.000172 -3.36e-05  0.000364 -0.000241  1.06e-06 -1.04e-05  8.22e-05 -0.000168 -0.000204  2.88e-05 -7.72e-05 -0.000107 -0.000327 -1.26e-05  0.000271 -0.000232 -0.000146 -0.000214         1  0.000116   -0.0014 -9.39e-05  3.14e-05 -2.35e-05 -9.15e-06 -1.72e-06 -2.43e-07 -1.83e-08  -0.00033 -0.000409 -8.87e-05 -2.88e-05   -0.0014 -0.000462 -0.000387 -0.000137  -0.00162  -5.6e-05 -0.000266   0.00245 -0.000322 -0.000512 -0.000314  -0.00172 -0.000848  -0.00117 -0.000157  -0.00166  1.11e-05  -0.00717  -0.00127  -0.00263 -0.000545 -5.63e-05  -0.00078 -0.000164  -4.2e-06 -0.000983  -0.00108 -1.38e-05 -0.000663
    0.579   0.00507   -0.0313   -0.0227   -0.0596   -0.0169  9.64e-16  9.64e-16   0.00021  0.000788 -5.01e-15   -0.0087   -0.0319  -0.00321   -0.0146  -0.00196  -0.00244   -0.0189   -0.0397  -0.00488 -0.000484   -0.0111  -0.00531  -0.00127    -0.103  -0.00929  -0.00818 -4.75e-05  0.000687   -0.0167 -0.000824  -0.00458  0.000782 -0.000881   -0.0917   -0.0137  1.18e-05 -0.000899  -0.00103   -0.0305  2.64e-05   0.00121   -0.0208   -0.0402   0.00463    -0.381 -0.000143    0.0265   -0.0542   -0.0424   -0.0147   -0.0424   -0.0893   -0.0941  -0.00965   0.00265   -0.0631  -0.00599  -0.00906    -0.029   -0.0834    0.0379  -0.00607  -0.00888   0.00142  0.000116         1    -0.152    -0.115   -0.0116  -0.00344  0.000129 -1.51e-05  1.32e-06 -2.22e-07     0.083  -0.00224     0.002 -0.000186     0.059  -0.00198 -0.000121 -9.78e-05  0.000643    0.0143    0.0113     0.128  -0.00457    0.0712    0.0951     -0.21    0.0361    0.0196    -0.256    0.0139  -0.00713    0.0165    0.0633     0.101    0.0109  0.000149    0.0355   0.00565  0.000288    0.0433    0.0318   0.00758    -0.106
   0.0929    0.0031  -0.00953   -0.0119   -0.0256  -0.00809 -3.58e-15 -3.58e-15  6.57e-05  -0.00169 -3.35e-15  -0.00482  -0.00936  -0.00119  -0.00746  -0.00101  -0.00126  -0.00693   -0.0146  -0.00239 -5.82e-05  -0.00651  -0.00344 -0.000643   -0.0469  -0.00195  0.000734 -2.73e-05  -0.00104  -0.00204  -0.00175 -0.000232   0.00131  2.78e-05   -0.0379  -0.00511 -7.25e-09 -0.000532 -0.000585  -0.00516 -2.79e-05  -0.00154  -0.00796   -0.0199   0.00709    -0.111 -0.000374    0.0171   0.00866    0.0401    0.0147   0.00232   -0.0176   -0.0149  -0.00223   0.00353   -0.0123   -0.0013  -0.00169   -0.0148   -0.0196    0.0321  -0.00847  -0.00577  -0.00543   -0.0014    -0.152         1   -0.0301   0.00165    -0.001 -6.06e-05 -2.75e-05  -2.6e-06 -2.01e-07   0.00521    -0.011  -0.00015 -0.000432   -0.0128  -0.00614  -0.00388  -0.00143   -0.0138  0.000178  -0.00336     0.181  -0.00486    0.0264   0.00409   -0.0268   -0.0402   -0.0141   -0.0534   -0.0204   0.00058    -0.127   -0.0155    -0.034  -0.00506 -0.000693  -0.00904  -0.00176  1.61e-05   -0.0202   -0.0146   0.00165    -0.047
   0.0746   0.00156   -0.0051  -0.00417    -0.012  -0.00382 -3.57e-16 -3.57e-16  9.87e-05 -0.000304 -7.86e-16  -0.00166  -0.00517 -0.000597  -0.00274 -0.000398 -0.000495  -0.00352  -0.00741 -0.000746  0.000196 -7.21e-06  0.000588 -9.37e-05    -0.022 -0.000931 -0.000296  0.000549  0.000636  -0.00248  0.000318 -0.000183  0.000441  0.000147   -0.0195  -0.00126   9.5e-07   6.2e-06 -0.000193  -0.00577  1.31e-05  0.000423  -0.00455    -0.013   0.00248   -0.0772  5.18e-05   0.00885  -0.00635   -0.0032 -0.000507   -0.0028   -0.0153   -0.0144 -0.000356   0.00266  -0.00829  -0.00122  -0.00257  -0.00541   -0.0145   0.00932  -0.00163  -0.00218 -0.000433 -9.39e-05    -0.115   -0.0301         1   -0.0011 -0.000625 -4.29e-06 -4.59e-06  3.05e-07   3.6e-09   0.00928  0.000613  2.62e-05  7.95e-05   0.00998  0.000689   0.00048  9.52e-05 -0.000481   0.00197    0.0036    0.0552  0.000169    0.0169    0.0161   -0.0149  -0.00206   0.00838   -0.0445 -0.000203 -3.14e-05    0.0288     0.011    0.0241   0.00158  -3.9e-05   0.00579  0.000861  5.11e-05   0.00473   0.00738   0.00177   -0.0206
   0.0141 -0.000308   0.00112  -8.1e-05 -1.68e-05  0.000249  6.96e-16  6.96e-16 -4.72e-05 -9.48e-05  6.46e-16 -2.48e-05 -0.000855 -4.06e-05 -5.06e-05 -4.15e-06 -1.11e-05 -0.000237 -0.000509  0.000253 -1.57e-05  0.000359  0.000937  0.000427   0.00463 -0.000245 -0.000199  0.000121  0.000188  -0.00031  0.000244  -9.6e-05  9.24e-05  7.61e-05  -0.00177 -8.47e-05  7.63e-07  -0.00016 -3.49e-05 -0.000899  -6.1e-06  0.000124 -5.98e-05   0.00167  8.03e-05    0.0019  3.74e-05 -6.72e-05  -0.00109  -0.00372  -0.00156  -0.00349  -0.00154  -0.00161 -2.92e-05  -0.00113 -0.000536  0.000297  -0.00102  0.000879  -0.00183  -0.00269 -0.000219 -0.000392  0.000419  3.14e-05   -0.0116   0.00165   -0.0011         1  1.46e-05 -8.35e-06   1.4e-06  3.26e-07 -3.21e-11 -0.000565 -1.43e-05 -0.000112  1.41e-05 -0.000537  0.000241  0.000242  5.51e-05   0.00038 -0.000472 -0.000165  -0.00889  -0.00268  -0.00205   -0.0094   -0.0114  -0.00302   0.00234   -0.0104  -0.00865  -0.00159   0.00337 -0.000666  0.000502 -0.000159  1.11e-05 -0.000295 -8.85e-05   6.3e-06 -0.000967 -0.000271 -0.000393 -0.000912
 -0.00347  2.97e-05 -0.000341 -0.000154 -0.000315 -9.56e-05  -1.6e-17  -1.6e-17 -2.61e-06  -2.3e-05 -7.26e-17 -6.13e-05 -0.000119 -1.41e-05  -9.9e-05 -1.08e-05 -1.27e-05 -8.17e-05 -0.000169 -1.96e-06  3.11e-06 -0.000259 -7.39e-05 -1.97e-05 -0.000424 -9.93e-05    -6e-05 -1.39e-05 -2.39e-05 -6.06e-05 -3.38e-05  -2.8e-05 -9.12e-06 -1.04e-05 -0.000128 -3.66e-05 -3.08e-08  2.44e-05   1.4e-06 -6.42e-05  1.56e-06 -2.95e-05 -1.67e-05   6.9e-05  3.84e-06  -0.00121 -2.27e-06  -9.3e-05 -0.000817 -0.000786 -0.000484 -0.000298 -0.000653 -0.000709 -0.000192 -6.98e-05 -0.000539 -9.68e-05 -5.44e-05 -0.000436 -0.000349  0.000376  1.94e-05 -3.36e-05 -1.22e-05 -2.35e-05  -0.00344    -0.001 -0.000625  1.46e-05         1  -5.5e-07 -6.59e-07 -8.18e-08 -7.86e-09  0.000865 -3.06e-05  6.61e-06 -9.96e-06  0.000352 -0.000168  -0.00015 -5.03e-05  -0.00059  0.000209  8.65e-05   0.00245  0.000164  0.000331   0.00154  -0.00167  0.000793 -0.000559  -0.00105  0.000478  5.91e-05  -0.00128   0.00053  0.000517 -1.44e-05 -1.74e-05  0.000261  3.28e-05  4.38e-07  0.000587  0.000119  0.000104 -0.000476
 0.000409  5.41e-06  2.19e-05 -1.69e-05 -2.04e-05 -6.45e-06  8.45e-18  8.45e-18 -2.15e-06 -1.36e-05  1.89e-17 -6.44e-06 -3.17e-06 -7.52e-07 -1.09e-05 -9.96e-07 -1.42e-06 -3.89e-06  -8.8e-06  1.16e-07  5.93e-07 -2.89e-05   1.1e-05   9.2e-06  -4.2e-05  8.04e-06  9.49e-06  3.38e-06 -4.62e-07  5.36e-06  5.63e-06  7.98e-06  6.31e-06  9.96e-07 -0.000115 -1.09e-05 -3.51e-08 -3.01e-06 -1.81e-06 -1.07e-05 -2.52e-07    -8e-06 -3.05e-05 -8.29e-05 -1.19e-05 -9.87e-05  2.95e-07  1.03e-05  4.89e-05  4.52e-05 -2.19e-05  5.88e-05  3.91e-05  7.83e-05  -9.8e-06  -2.5e-05  6.37e-05  -1.3e-05 -4.01e-06  3.29e-05  3.12e-06 -4.22e-05  -3.5e-05 -2.29e-05 -2.27e-05 -9.15e-06  0.000129 -6.06e-05 -4.29e-06 -8.35e-06  -5.5e-07         1 -1.62e-07 -2.21e-08 -1.61e-09 -0.000121 -2.51e-05 -1.98e-05 -1.92e-06 -0.000175 -3.53e-05  -3.3e-05 -1.25e-05 -0.000166 -2.12e-05 -1.63e-05   4.4e-05  -6.6e-05 -9.17e-05 -2.62e-06 -0.000228 -5.43e-06  8.59e-05 -6.08e-05 -0.000256 -6.84e-06 -0.000379 -0.000158 -0.000253 -6.33e-05 -6.03e-06 -9.05e-05 -1.87e-05 -3.75e-07 -0.000139 -9.42e-05 -8.26e-06 -4.74e-05
-1.28e-05  1.16e-06 -4.25e-06 -4.71e-06 -6.58e-06 -1.97e-06 -1.69e-18 -1.69e-18 -3.29e-07 -2.44e-06  -1.1e-18 -1.66e-06 -1.44e-06 -2.24e-07 -2.89e-06 -2.23e-07 -2.69e-07 -1.25e-06 -2.57e-06 -3.55e-07  4.09e-08  -1.1e-05 -3.58e-06   4.6e-07  -9.6e-06 -9.97e-07  6.66e-07 -3.45e-07 -1.22e-06  7.49e-07 -1.02e-06  2.23e-07  3.42e-07 -3.08e-07 -6.42e-06 -2.52e-06 -4.83e-09  2.65e-07 -2.32e-07  1.49e-06  7.98e-09 -2.19e-06 -6.84e-07  1.45e-06 -4.48e-07  2.11e-06  -1.8e-07  2.51e-06  5.92e-06  2.38e-05  1.73e-06  4.41e-06  1.62e-09  4.75e-06 -1.66e-06 -1.68e-06  1.52e-06  6.47e-07  2.21e-06  -5.8e-06 -4.22e-07  9.91e-06 -3.03e-06 -2.47e-06 -3.16e-06 -1.72e-06 -1.51e-05 -2.75e-05 -4.59e-06   1.4e-06 -6.59e-07 -1.62e-07         1 -5.74e-09 -4.16e-10  9.38e-06 -6.41e-06 -1.34e-06 -6.03e-07 -1.75e-05 -9.65e-06 -8.09e-06 -2.87e-06 -3.39e-05   1.8e-06 -1.79e-06  -2.5e-06 -2.95e-06  4.45e-07  1.83e-05 -6.25e-05 -1.71e-06 -1.95e-05 -9.34e-06    -5e-06  1.92e-06 -0.000117 -1.24e-05 -3.38e-05 -8.65e-06 -1.23e-06 -8.44e-06 -2.05e-06 -4.83e-08 -5.37e-06 -1.42e-05  8.86e-07 -1.06e-05
 7.93e-06  1.11e-07 -6.39e-07 -4.77e-07 -4.26e-07 -1.13e-07 -2.55e-19 -2.55e-19  -6.4e-08 -3.12e-07 -2.08e-19 -1.34e-07  8.48e-09 -4.49e-09  -2.8e-07 -6.16e-09 -5.61e-09 -1.65e-08 -2.45e-08 -1.34e-07 -2.95e-08 -1.98e-06 -9.63e-07 -4.14e-09 -1.71e-06 -1.11e-07 -7.99e-09 -1.47e-07 -2.66e-07  1.07e-07 -2.11e-07  -1.6e-08 -2.33e-08 -1.24e-07 -1.39e-07 -6.17e-07 -8.68e-10  4.18e-08 -2.98e-08  3.82e-07   9.8e-10 -3.64e-07 -1.57e-08  5.13e-07 -5.72e-07  1.73e-06 -3.51e-08 -2.38e-07  1.21e-06  3.97e-06  3.99e-07  9.34e-07  8.47e-07  1.48e-06 -1.55e-07 -2.43e-07  6.48e-07   1.8e-07  7.79e-07 -3.96e-07  5.32e-07  8.67e-07 -2.41e-07  -1.2e-07 -3.92e-07 -2.43e-07  1.32e-06  -2.6e-06  3.05e-07  3.26e-07 -8.18e-08 -2.21e-08 -5.74e-09         1 -6.94e-11  2.08e-06 -8.96e-07  -1.8e-07 -1.04e-07 -2.56e-06 -1.59e-06 -1.33e-06 -4.58e-07 -5.28e-06  3.83e-07 -3.59e-07 -1.22e-05 -1.47e-07 -6.29e-07  4.88e-06 -1.05e-05  2.41e-06 -3.33e-06  1.22e-06  1.73e-06   4.3e-07 -1.99e-05 -1.63e-06 -5.51e-06 -1.29e-06 -1.77e-07 -1.13e-06 -2.82e-07    -9e-09 -5.06e-08 -2.07e-06  9.39e-08 -4.93e-07
-5.27e-07  2.12e-09 -5.42e-08 -4.45e-08  -3.4e-08 -3.48e-09 -2.33e-22 -2.33e-22 -5.73e-09 -1.99e-08 -7.45e-21 -1.44e-08 -1.52e-08 -1.13e-09 -2.64e-08 -1.03e-09 -1.19e-09 -5.63e-09 -1.11e-08 -3.02e-09 -4.08e-09 -1.63e-07 -5.89e-08  3.74e-09 -8.68e-09 -2.26e-08 -1.48e-08 -1.35e-08 -2.29e-08   2.8e-09 -1.75e-08 -6.74e-09    -1e-09 -9.53e-09  1.17e-08 -4.15e-08 -4.92e-11  1.27e-09 -1.75e-09  2.42e-08 -2.88e-11 -2.87e-08  1.55e-08  1.34e-07  -3.9e-08  2.44e-07 -2.74e-09 -7.53e-08 -5.13e-08  7.05e-08 -7.99e-08 -2.57e-08 -2.07e-08  4.27e-09 -5.23e-08 -6.46e-08 -3.29e-08 -5.87e-09  4.26e-08 -4.66e-08  1.19e-09  3.57e-08 -1.88e-08  -1.1e-08 -2.07e-08 -1.83e-08 -2.22e-07 -2.01e-07   3.6e-09 -3.21e-11 -7.86e-09 -1.61e-09 -4.16e-10 -6.94e-11         1  2.12e-07 -7.44e-08 -1.38e-08 -8.81e-09 -1.75e-07 -1.32e-07 -1.09e-07 -3.72e-08 -4.17e-07  4.04e-08 -4.03e-08  -4.7e-07 -3.94e-08 -1.09e-07   4.4e-07  -1.1e-06  3.42e-07  -2.5e-07 -7.78e-08  3.32e-08  5.81e-09 -1.72e-06 -1.02e-07 -4.35e-07  -9.7e-08 -1.31e-08  -6.8e-08 -1.86e-08 -6.05e-10  3.69e-08 -1.64e-07  7.13e-09 -5.48e-08
    0.117  -0.00125   0.00765  3.83e-05   4.9e-05 -0.000648  1.12e-15  1.12e-15  3.73e-05 -0.000838  3.31e-15 -0.000396   0.00158  4.56e-06 -0.000116 -0.000191 -0.000281  0.000118 -6.77e-06 -0.000944  3.49e-05   0.00488   0.00275 -0.000269   -0.0259   0.00253   0.00134  0.000482  0.000374 -0.000248   0.00111   0.00123  0.000126  0.000381   -0.0296  -0.00426 -2.83e-06  -0.00086 -9.47e-05  -0.00492 -6.55e-05   9.8e-05    -0.013   -0.0416  -0.00617   -0.0615  9.99e-05  -0.00641   0.00206   -0.0189  -0.00608   0.00716    0.0139    0.0118  -0.00223  -0.00452    0.0108  -0.00473  -0.00785   0.00552    0.0039   -0.0179  -0.00603  -0.00329  -0.00463  -0.00033     0.083   0.00521   0.00928 -0.000565  0.000865 -0.000121  9.38e-06  2.08e-06  2.12e-07         1  -0.00292  -0.00243   0.00024   -0.0332    0.0034   0.00277  0.000849   0.00856   -0.0108  -0.00649    0.0377  -0.00981   -0.0254   -0.0782    0.0759   -0.0556    0.0124     0.023   -0.0765  -0.00264   0.00718   -0.0412   -0.0519  -0.00576  8.85e-05   -0.0221  -0.00354 -9.44e-05   -0.0478   -0.0189  -0.00416  -0.00533
   0.0152 -2.13e-05 -0.000185  -0.00191  -0.00257  -0.00064 -5.81e-16 -5.81e-16 -6.62e-05 -0.000522 -3.53e-16 -0.000764   -0.0011 -0.000124  -0.00114 -0.000137 -0.000172 -0.000707   -0.0015 -0.000325 -0.000126   -0.0023  -0.00113  4.37e-05  -0.00323 -0.000406  0.000134 -0.000242 -0.000552  0.000164 -0.000583 -0.000101  0.000175  -6.1e-05  -0.00464  -0.00149 -1.22e-07 -0.000243 -0.000116  0.000284 -1.68e-05 -0.000654 -0.000866  -0.00024  0.000491 -0.000656  -0.00012  0.000639   0.00433    0.0108   0.00327 -0.000517  0.000713  0.000888 -0.000679  -0.00104 -0.000415  0.000335 -0.000108  -0.00187 -0.000637   0.00354  -0.00198  -0.00107  -0.00131 -0.000409  -0.00224    -0.011  0.000613 -1.43e-05 -3.06e-05 -2.51e-05 -6.41e-06 -8.96e-07 -7.44e-08  -0.00292         1 -0.000154 -0.000177  -0.00934   -0.0023  -0.00146 -0.000517  -0.00457  -0.00114  -0.00285    0.0168  -0.00322  -0.00137   -0.0133   -0.0104   -0.0144  -0.00828  -0.00258   -0.0121 -0.000759   -0.0526   -0.0106   -0.0222  -0.00258  -0.00022  -0.00592  -0.00106 -1.78e-05  -0.00923  -0.00853 -0.000574  -0.00591
  0.00897  5.65e-05   0.00027 -0.000134 -0.000168 -7.32e-05  2.52e-16  2.52e-16 -1.89e-05 -8.12e-05  3.59e-16 -5.95e-05  1.64e-05 -6.15e-06 -9.62e-05 -1.17e-05 -1.79e-05 -2.68e-05 -7.18e-05  -4.2e-05 -8.55e-06 -0.000256  0.000169  6.54e-05  -0.00156  0.000169  3.23e-05  2.83e-05  1.27e-06 -3.19e-05  0.000119  0.000104  5.84e-05 -6.17e-07  -0.00204 -0.000228 -4.87e-07 -5.66e-05 -1.59e-05 -0.000338 -4.67e-06 -6.77e-05 -0.000755  -0.00228 -0.000532  -0.00444  7.61e-06 -0.000423 -0.000319  -0.00167  -0.00114  0.000975  0.000541  0.000866 -0.000437 -0.000562  0.000707 -0.000525 -0.000101  0.000714  -1.1e-05  -0.00139 -0.000489 -0.000287  -0.00032 -8.87e-05     0.002  -0.00015  2.62e-05 -0.000112  6.61e-06 -1.98e-05 -1.34e-06  -1.8e-07 -1.38e-08  -0.00243 -0.000154         1 -1.51e-05  -0.00223 -0.000296 -0.000313 -0.000118  -0.00161 -0.000353 -0.000236  0.000944 -0.000794  -0.00196   0.00122    -0.002   0.00177   0.00243 -0.000165  -0.00373 -0.000102  -0.00231  -0.00211  -0.00328 -0.000718 -5.45e-05  -0.00112 -0.000214 -5.66e-06  -0.00199  -0.00104 -0.000152 -0.000496
  0.00056 -5.11e-06 -9.87e-05 -8.77e-05 -7.05e-05 -9.82e-06 -1.14e-17 -1.14e-17 -8.09e-06 -2.49e-05 -2.57e-17 -3.13e-05 -2.99e-05 -2.69e-06 -5.15e-05 -3.46e-06 -4.14e-06 -1.38e-05 -2.86e-05 -1.62e-05 -1.13e-05 -0.000275 -0.000128 -6.59e-06 -0.000133 -4.26e-05 -3.25e-05 -3.19e-05 -4.97e-05   1.4e-06 -4.31e-05 -1.79e-05 -5.36e-06 -1.85e-05 -2.29e-05 -9.88e-05 -6.06e-08 -2.67e-06    -3e-06  4.75e-05 -3.92e-07 -5.23e-05 -3.53e-07  0.000166 -7.68e-05  0.000283 -7.24e-06 -0.000174 -7.78e-05  0.000157 -9.48e-05 -6.27e-05 -5.26e-06 -1.19e-05 -0.000115 -0.000127   -0.0001 -2.11e-05  6.51e-05 -0.000114  1.41e-05  9.28e-05 -5.14e-05 -2.04e-05 -5.14e-05 -2.88e-05 -0.000186 -0.000432  7.95e-05  1.41e-05 -9.96e-06 -1.92e-06 -6.03e-07 -1.04e-07 -8.81e-09   0.00024 -0.000177 -1.51e-05         1  -0.00039 -0.000219 -0.000169 -5.66e-05 -0.000579  3.83e-05  -0.00013 -0.000344 -7.61e-05 -0.000226  0.000424  -0.00157  0.000314 -0.000575   4.7e-05 -8.29e-05  1.22e-08  -0.00351 -0.000334  -0.00108  -0.00016 -1.88e-05 -0.000194 -4.05e-05 -1.31e-06 -0.000101 -0.000394 -3.44e-06 -0.000145
   0.0583 -0.000809   0.00468  -0.00326  -0.00263 -0.000707 -1.62e-16 -1.62e-16 -0.000342  -0.00214  1.59e-15  -0.00136 -0.000354 -0.000107  -0.00195 -0.000243  -0.00033  -0.00052  -0.00124  -0.00105 -0.000275  -0.00535  -0.00178  0.000336   -0.0156  0.000702  0.000986  -0.00042  -0.00123  0.000765 -0.000577  0.000563  0.000381 -0.000193   -0.0216  -0.00592 -4.06e-06 -0.000894 -0.000315  -0.00107 -6.88e-05  -0.00181  -0.00749    -0.018  -0.00408   -0.0147 -0.000175  -0.00411    0.0126    0.0154   0.00232   0.00453    0.0129     0.014  -0.00185  -0.00525   0.00939  -0.00117  -0.00249   0.00219   0.00394  -0.00617  -0.00681  -0.00341  -0.00504   -0.0014     0.059   -0.0128   0.00998 -0.000537  0.000352 -0.000175 -1.75e-05 -2.56e-06 -1.75e-07   -0.0332  -0.00934  -0.00223  -0.00039         1  -0.00553  -0.00405  -0.00148   -0.0162  -0.00736  -0.00932  -0.00332   -0.0128   -0.0221   -0.0546  -0.00387   -0.0432   -0.0107    0.0129   -0.0604  -0.00253    -0.128   -0.0448    -0.078    -0.011 -0.000702    -0.025  -0.00449 -0.000104   -0.0414   -0.0291  -0.00346   -0.0096
-0.000274 -2.34e-05  -0.00139  -0.00126  -0.00103 -0.000182 -1.42e-16 -1.42e-16 -0.000129 -0.000485 -3.12e-16 -0.000454 -0.000317 -3.39e-05 -0.000747 -4.89e-05 -5.83e-05 -0.000171 -0.000348 -0.000138 -0.000113  -0.00394  -0.00156 -3.33e-05  -0.00139 -0.000597 -0.000355 -0.000385 -0.000658   0.00012 -0.000554 -0.000178 -4.52e-05 -0.000233 -0.000186   -0.0012 -1.17e-06   1.5e-05 -3.65e-05  0.000679 -2.83e-06 -0.000757  9.48e-05    0.0024 -0.000921   0.00492 -8.56e-05  -0.00239  -0.00162    0.0013  -0.00199  -0.00074 -0.000357 -0.000222  -0.00159  -0.00172  -0.00122  -0.00038  0.000704  -0.00179  0.000286    0.0014 -0.000686 -0.000324 -0.000761 -0.000462  -0.00198  -0.00614  0.000689  0.000241 -0.000168 -3.53e-05 -9.65e-06 -1.59e-06 -1.32e-07    0.0034   -0.0023 -0.000296 -0.000219  -0.00553         1  -0.00258 -0.000873  -0.00945  0.000662  -0.00156  -0.00066 -0.000939  -0.00316   0.00741   -0.0215   0.00497    -0.008  0.000426  -0.00146  0.000158   -0.0479  -0.00434   -0.0141   -0.0025 -0.000303  -0.00265 -0.000595 -1.97e-05  -0.00108  -0.00529  7.37e-05  -0.00193
 -0.00243 -1.83e-05  -0.00114 -0.000866 -0.000561 -9.54e-05  3.48e-18  3.48e-18 -0.000116 -0.000424 -1.61e-16 -0.000312  -4.7e-05 -9.78e-06 -0.000521 -2.73e-05 -3.17e-05  -3.4e-05 -6.16e-05 -5.18e-05 -6.66e-05   -0.0032   -0.0011 -2.53e-05 -0.000906 -0.000455 -0.000298 -0.000288 -0.000503  0.000128 -0.000388 -0.000101 -5.17e-05 -0.000192  0.000235 -0.000839 -1.24e-06  5.96e-05 -1.29e-05  0.000507 -2.26e-08 -0.000599  0.000102   0.00174 -0.000912   0.00412 -5.14e-05  -0.00245  -0.00254  -0.00146  -0.00282 -0.000485 -0.000457 -0.000342  -0.00139  -0.00145 -0.000901 -0.000557  0.000443  -0.00135  0.000441  0.000532 -0.000385 -0.000164 -0.000569 -0.000387 -0.000121  -0.00388   0.00048  0.000242  -0.00015  -3.3e-05 -8.09e-06 -1.33e-06 -1.09e-07   0.00277  -0.00146 -0.000313 -0.000169  -0.00405  -0.00258         1 -0.000738  -0.00834  0.000699 -0.000986  0.000507 -0.000407  -0.00309   0.00888   -0.0162   0.00671  -0.00578   0.00118  -0.00055  0.000296   -0.0353   -0.0027  -0.00963  -0.00206 -0.000252  -0.00175 -0.000436 -1.72e-05 -3.62e-05  -0.00362   0.00016 -0.000867
 -0.00157  1.35e-05 -0.000326 -0.000312 -0.000231 -4.32e-05 -5.62e-18 -5.62e-18 -3.77e-05  -0.00016 -3.37e-17 -0.000113 -3.85e-05  -5.6e-06 -0.000188 -1.06e-05 -1.27e-05 -2.53e-05 -4.95e-05  1.09e-06 -1.61e-05  -0.00103 -0.000301  2.33e-05 -6.76e-05 -0.000138 -5.83e-05 -7.52e-05  -0.00015   6.6e-05 -0.000112 -1.66e-05   2.4e-06  -4.9e-05  1.89e-05 -0.000223 -4.06e-07  1.69e-05 -7.76e-06  0.000187 -1.09e-07   -0.0002  6.43e-05  0.000667  -0.00021   0.00175 -1.61e-05 -0.000599 -0.000556  1.27e-05 -0.000763 -7.96e-05 -0.000125  2.24e-05 -0.000417 -0.000467 -0.000194 -0.000134  0.000149 -0.000426  0.000127   0.00027 -0.000174 -0.000105 -0.000203 -0.000137 -9.78e-05  -0.00143  9.52e-05  5.51e-05 -5.03e-05 -1.25e-05 -2.87e-06 -4.58e-07 -3.72e-08  0.000849 -0.000517 -0.000118 -5.66e-05  -0.00148 -0.000873 -0.000738         1   -0.0029  0.000204 -0.000308  0.000682 -0.000248 -0.000908   0.00254  -0.00581   0.00175  -0.00177 -3.01e-05 -0.000524  7.41e-05   -0.0116  -0.00102   -0.0033 -0.000733 -9.25e-05 -0.000657 -0.000161 -5.45e-06 -0.000163  -0.00127   4.8e-05 -0.000381
   -0.014  0.000291  -0.00274  -0.00318  -0.00239  -0.00051  1.24e-16  1.24e-16 -0.000484  -0.00221  3.15e-17  -0.00112 -0.000153  -4.3e-05  -0.00194 -9.22e-05  -0.00011 -0.000175 -0.000326  0.000205  -2.7e-05    -0.011  -0.00241   0.00054  0.000348  -0.00126 -0.000223 -0.000548  -0.00137  0.000935 -0.000884  9.83e-05  0.000154  -0.00047 -0.000612  -0.00209 -5.53e-06  0.000276 -9.74e-05   0.00154  4.33e-06  -0.00211  0.000698   0.00645  -0.00196    0.0194 -9.73e-05  -0.00544  -0.00543 -0.000561  -0.00903     2e-05  -0.00127   0.00149  -0.00344  -0.00428  0.000125   -0.0013   0.00107  -0.00362   0.00147   0.00191  -0.00174  -0.00116  -0.00215  -0.00162  0.000643   -0.0138 -0.000481   0.00038  -0.00059 -0.000166 -3.39e-05 -5.28e-06 -4.17e-07   0.00856  -0.00457  -0.00161 -0.000579   -0.0162  -0.00945  -0.00834   -0.0029         1   0.00229  -0.00222   0.00193  -0.00288  -0.00987    0.0309   -0.0604    0.0209   -0.0161  -0.00201  -0.00652    0.0011    -0.115  -0.00981   -0.0301  -0.00872  -0.00109  -0.00683  -0.00184    -6e-05 -0.000951   -0.0121  0.000742  -0.00337
   0.0215 -0.000229   0.00219 -0.000117 -0.000228 -9.45e-05 -1.26e-17 -1.26e-17 -5.26e-06 -0.000264  5.86e-16 -7.88e-05 -0.000104 -2.17e-05 -7.07e-05 -3.68e-05 -5.49e-05 -0.000118 -0.000295 -0.000239 -1.14e-05   0.00113  0.000409  0.000131  -0.00358  0.000543  0.000475  0.000134  0.000112     2e-05    0.0002   0.00022  0.000121   9.5e-05  -0.00621 -0.000995 -1.01e-07 -0.000277 -7.56e-05 -0.000879 -1.71e-05   2.5e-05  -0.00219  -0.00646 -0.000532   -0.0082  4.59e-06  0.000891   0.00527    0.0048    0.0027   0.00133   0.00374   0.00395   0.00076 -0.000205   0.00335  0.000226  -0.00111   0.00178  0.000509   -0.0025  -0.00141 -0.000769  -0.00081  -5.6e-05    0.0143  0.000178   0.00197 -0.000472  0.000209 -2.12e-05   1.8e-06  3.83e-07  4.04e-08   -0.0108  -0.00114 -0.000353  3.83e-05  -0.00736  0.000662  0.000699  0.000204   0.00229         1  -0.00151  -0.00718  -0.00312  -0.00344   -0.0222     0.011    -0.017   0.00196   0.00159   -0.0156 -0.000961  -0.00313   -0.0093   -0.0118  -0.00125  1.44e-05  -0.00505 -0.000823 -1.31e-05   -0.0106  -0.00448  -0.00105  -0.00178
   0.0113 -0.000576  0.000537 -0.000919 -0.000385  1.72e-05  1.04e-16  1.04e-16 -0.000104 -0.000263  7.53e-17 -0.000411 -0.000238 -2.56e-05 -0.000528 -7.06e-05 -9.22e-05 -0.000118 -0.000288 -0.000367 -0.000195  -0.00195  -0.00115 -0.000223   -0.0035 -0.000326 -0.000388 -0.000432 -0.000657 -1.31e-05 -0.000545 -0.000201 -8.35e-05 -0.000206  -0.00374  -0.00205 -4.57e-07 -0.000265 -4.34e-05 -0.000132 -2.04e-05  -0.00054  -0.00152  -0.00228  -0.00139  -0.00174 -8.86e-05  -0.00398 -0.000883  -0.00184  -0.00151  -0.00185   0.00169  0.000196   -0.0015  -0.00214 -0.000529 -0.000811 -0.000827 -0.000559  0.000728  -0.00153  -0.00138 -0.000347  -0.00104 -0.000266    0.0113  -0.00336    0.0036 -0.000165  8.65e-05 -1.63e-05 -1.79e-06 -3.59e-07 -4.03e-08  -0.00649  -0.00285 -0.000236  -0.00013  -0.00932  -0.00156 -0.000986 -0.000308  -0.00222  -0.00151         1    0.0074   -0.0027   -0.0072   -0.0122 -0.000464  -0.00725  -0.00701   0.00573   -0.0137 -0.000962   -0.0468   -0.0109   -0.0221  -0.00226 -6.63e-05  -0.00588  -0.00101 -2.84e-05  -0.00927  -0.00796 -0.000907  -0.00227
    0.465   -0.0128   0.00495    0.0269    0.0405    0.0145 -7.35e-15 -7.35e-15  -0.00197  -0.00215 -4.78e-15    0.0157   0.00669   0.00179    0.0174   0.00318   0.00399    0.0104    0.0219   -0.0193  -0.00328   -0.0438   -0.0689  -0.00835    -0.216   0.00652   -0.0142  -0.00893  -0.00299    -0.024 -0.000279  -0.00852   -0.0145   -0.0107   -0.0636   -0.0721 -1.42e-05  -0.00039  -0.00114   -0.0313   9.1e-05  5.48e-05   -0.0552    -0.141     -0.11    -0.314   9.6e-05   -0.0362     0.101     0.108    0.0575   0.00358      0.13     0.122    0.0463    0.0129    0.0962    0.0387    0.0303    0.0696    0.0233    -0.143    0.0259     0.017   0.00977   0.00245     0.128     0.181    0.0552  -0.00889   0.00245   4.4e-05  -2.5e-06 -1.22e-05  -4.7e-07    0.0377    0.0168  0.000944 -0.000344  -0.00332  -0.00066  0.000507  0.000682   0.00193  -0.00718    0.0074         1   0.00429   -0.0666    -0.171    -0.261   -0.0176   -0.0653     0.123     0.165   0.00372     0.136    0.0128    0.0263  0.000857   0.00035 -0.000746 -0.000568 -0.000149    0.0368    0.0132   -0.0148    0.0789
 -0.00137  6.87e-06   0.00428  -0.00144  -0.00179 -9.97e-05  8.13e-16  8.13e-16 -0.000126 -0.000673  1.63e-15 -0.000548  -0.00195 -0.000145 -0.000845 -0.000105 -0.000151 -0.000841  -0.00183  0.000185 -7.84e-05  0.000591   0.00198   0.00122   0.00693  0.000357  0.000819  0.000383   0.00019  0.000363  0.000413   0.00032  0.000797  0.000281  -0.00878 -0.000439  6.19e-07 -0.000711  -0.00024 -0.000945 -4.06e-05 -0.000203  -0.00071   0.00113   0.00212   0.00595 -1.06e-05   0.00479    0.0114    0.0156   0.00586 -0.000402   0.00219   0.00483   0.00121  -0.00133   0.00415   0.00128 -0.000713   0.00396  -0.00215  -0.00167  -0.00323  -0.00197 -0.000815 -0.000322  -0.00457  -0.00486  0.000169  -0.00268  0.000164  -6.6e-05 -2.95e-06 -1.47e-07 -3.94e-08  -0.00981  -0.00322 -0.000794 -7.61e-05   -0.0128 -0.000939 -0.000407 -0.000248  -0.00288  -0.00312   -0.0027   0.00429         1  -0.00413   -0.0271     -0.02   -0.0185   0.00766   -0.0174   -0.0282  -0.00334   -0.0312   -0.0145   -0.0216  -0.00336 -0.000178  -0.00775  -0.00143 -2.04e-06   -0.0146   -0.0083  -0.00157  -0.00609
   0.0392  -0.00368   0.00154    0.0019   0.00826   0.00281  3.65e-15  3.65e-15 -0.000415 -0.000336  2.65e-15  0.000539   0.00318  0.000368   0.00112  0.000158  0.000177   0.00231   0.00472 -0.000289 -0.000513    -0.007  -0.00254  -0.00109  -0.00941 -0.000967  -0.00347  -0.00154   -0.0016  -0.00153 -0.000438 -0.000777  -0.00166 -0.000959  -0.00617  -0.00683  -4.1e-06 -0.000132  0.000286  -0.00276 -2.59e-05  -0.00113  -0.00798   -0.0177   -0.0154    -0.013  3.02e-05   -0.0319   -0.0355   -0.0756    -0.036   -0.0116   0.00562  -0.00356   -0.0103    -0.014  -0.00285  -0.00755  -0.00616   0.00116   0.00656    -0.031  3.26e-07   0.00061  -0.00154 -0.000512    0.0712    0.0264    0.0169  -0.00205  0.000331 -9.17e-05  4.45e-07 -6.29e-07 -1.09e-07   -0.0254  -0.00137  -0.00196 -0.000226   -0.0221  -0.00316  -0.00309 -0.000908  -0.00987  -0.00344   -0.0072   -0.0666  -0.00413         1   -0.0219  -0.00588    0.0168   -0.0138     0.033   -0.0457  -0.00278   -0.0615   -0.0225   -0.0454  -0.00581 -0.000138   -0.0122  -0.00214 -0.000126    -0.016    -0.016  -0.00291    0.0112
   0.0707   -0.0076    0.0142  -0.00105 -0.000556  0.000767 -5.16e-15 -5.16e-15   0.00018  -0.00513 -3.91e-16  -0.00085  -0.00363 -0.000265 -0.000609 -0.000314 -0.000424  -0.00148  -0.00319  0.000809  0.000692   0.00761   0.00197   0.00141  0.000736   -0.0022    0.0029   0.00122   0.00156  -0.00175  2.15e-05 -0.000575   -0.0017   0.00171   -0.0372  -0.00977  9.08e-06 -0.000582  -0.00025   -0.0062 -1.55e-06  0.000277   -0.0162   -0.0337  -0.00643    0.0103  9.33e-05  0.000553    0.0237    0.0204    0.0149   -0.0369    0.0197   0.00918   0.00687  -0.00828    0.0103    0.0134   -0.0259   -0.0164   0.00154   -0.0165  -0.00493  -0.00888  -0.00412 -0.000314    0.0951   0.00409    0.0161   -0.0094   0.00154 -2.62e-06  1.83e-05  4.88e-06   4.4e-07   -0.0782   -0.0133   0.00122  0.000424   -0.0546   0.00741   0.00888   0.00254    0.0309   -0.0222   -0.0122    -0.171   -0.0271   -0.0219         1    0.0712    -0.321   -0.0861   -0.0296    -0.188   -0.0142   0.00778   -0.0753   -0.0872  -0.00611 -0.000265   -0.0447  -0.00727 -0.000127    -0.091   -0.0489  -0.00986   -0.0151
  -0.0755    0.0012   -0.0105  -0.00748   -0.0073   0.00124  4.19e-15  4.19e-15 -0.000493 -0.000179  2.06e-15  -0.00187   -0.0114 -0.000611  -0.00441 -2.65e-05 -4.67e-05  -0.00346  -0.00706   0.00126  -0.00128   -0.0262  -0.00654   0.00412    0.0366  -0.00515  -0.00518  -0.00147  -0.00167  -0.00381 -0.000469  -0.00266  0.000474  -0.00085   0.00374  -0.00241  4.58e-06 -0.000774 -0.000575   0.00175  -1.7e-05  -0.00319   0.00754    0.0506  -0.00634    0.0545  -0.00045   0.00189  -0.00472    0.0225   -0.0101   -0.0179   -0.0174  -0.00722    -0.012   -0.0195   -0.0162    0.0046    0.0145  0.000321   -0.0187  -0.00408  -0.00269  -0.00584   0.00238  -0.00172     -0.21   -0.0268   -0.0149   -0.0114  -0.00167 -0.000228 -6.25e-05 -1.05e-05  -1.1e-06    0.0759   -0.0104    -0.002  -0.00157  -0.00387   -0.0215   -0.0162  -0.00581   -0.0604     0.011 -0.000464    -0.261     -0.02  -0.00588    0.0712         1    0.0859  -0.00195    -0.127    0.0107  -0.00895    -0.191    0.0104   -0.0357  -0.00823  -0.00232   0.00679  0.000381  6.98e-05    0.0359   -0.0138  0.000467   -0.0152
   0.0849  -0.00283   0.00752  -0.00571   -0.0128    -0.004 -9.05e-15 -9.05e-15  0.000413  -0.00541  -3.7e-15  -0.00259  -0.00544 -0.000687  -0.00351 -0.000675 -0.000849  -0.00404  -0.00848 -6.97e-06   0.00109   0.00758   0.00139   0.00119    -0.015  -0.00121   0.00591   0.00197   0.00166  0.000153 -0.000555  0.000536 -7.67e-05   0.00205   -0.0376  -0.00543  6.96e-06 -0.000176 -0.000501  -0.00323  1.87e-05 -9.06e-05   -0.0118   -0.0292   0.00596   -0.0129 -7.35e-05    0.0244     0.047    0.0814      0.04    -0.016     0.013    0.0114    0.0116   0.00407    0.0108    0.0148   -0.0185   -0.0212  -0.00303    0.0184  -0.00709  -0.00955  -0.00592 -0.000848    0.0361   -0.0402  -0.00206  -0.00302  0.000793 -5.43e-06 -1.71e-06  2.41e-06  3.42e-07   -0.0556   -0.0144   0.00177  0.000314   -0.0432   0.00497   0.00671   0.00175    0.0209    -0.017  -0.00725   -0.0176   -0.0185    0.0168    -0.321    0.0859         1   -0.0764   -0.0376    -0.135  -0.00701   -0.0109   -0.0605   -0.0662  -0.00554 -0.000611   -0.0371  -0.00615  -6.4e-05   -0.0785   -0.0398  -0.00563   -0.0317
  -0.0327  -0.00474    -0.011  -0.00281 -0.000433  0.000147 -4.69e-15 -4.69e-15 -0.000344  -0.00279 -6.64e-15  -0.00124  0.000706  4.46e-05  -0.00164 -0.000131 -0.000108  0.000369  0.000964  -0.00058 -9.62e-05   -0.0159   -0.0114  -0.00298   -0.0162  -0.00635  -0.00362  -0.00262  -0.00323   -0.0016   -0.0044  -0.00273  -0.00329  -0.00126   0.00907  -0.00968 -1.08e-06    0.0016  0.000396   0.00192  9.22e-05  -0.00268   -0.0029   0.00288   -0.0108    0.0232 -0.000323   -0.0276   -0.0356   -0.0389   -0.0214   -0.0317    -0.006   -0.0213  -0.00699  -0.00806   -0.0188    0.0013   -0.0096   -0.0292   0.00449   0.00492   0.00457   0.00115  -0.00172  -0.00117    0.0196   -0.0141   0.00838   0.00234 -0.000559  8.59e-05 -1.95e-05 -3.33e-06  -2.5e-07    0.0124  -0.00828   0.00243 -0.000575   -0.0107    -0.008  -0.00578  -0.00177   -0.0161   0.00196  -0.00701   -0.0653   0.00766   -0.0138   -0.0861  -0.00195   -0.0764         1    0.0287   -0.0183   0.00125    -0.155    -0.011   -0.0399   -0.0038 -0.000664  -0.00952  -0.00189 -0.000131  -0.00336   -0.0228  0.000143 -0.000814
    0.083    0.0027  -0.00197  -0.00884   -0.0216  -0.00518  1.76e-15  1.76e-15  0.000193 -0.000861  1.81e-15  -0.00344   -0.0143  -0.00129  -0.00564 -0.000744 -0.000957  -0.00764    -0.016   0.00164  0.000392    0.0037   0.00896   0.00388    0.0161  -0.00264  0.000762    0.0024   0.00261  -0.00329     0.002 -0.000179   0.00254   0.00163   -0.0296   0.00403  9.06e-06 -0.000937 -0.000635  -0.00831 -1.33e-05   0.00115  0.000166    0.0113    0.0141   -0.0538  0.000142    0.0298    0.0049    0.0216   0.00838   -0.0171   -0.0334   -0.0255  0.000643 -0.000363   -0.0155   0.00384  -0.00502  -0.00592   -0.0329    0.0173   -0.0058  -0.00797   0.00146 -0.000157    -0.256   -0.0534   -0.0445   -0.0104  -0.00105 -6.08e-05 -9.34e-06  1.22e-06 -7.78e-08     0.023  -0.00258 -0.000165   4.7e-05    0.0129  0.000426   0.00118 -3.01e-05  -0.00201   0.00159   0.00573     0.123   -0.0174     0.033   -0.0296    -0.127   -0.0376    0.0287         1   -0.0429  -0.00919    0.0491    0.0135    0.0349   0.00171 -0.000449   0.00786   0.00101  0.000162   0.00328   0.00723   0.00134    -0.042
 -0.00622  -0.00391   0.00822  -0.00651  -0.00861  -0.00206  3.21e-15  3.21e-15 -0.000229  -0.00358  5.27e-15  -0.00342  -0.00497 -0.000583  -0.00427 -0.000758  -0.00101  -0.00319  -0.00702  0.000915  0.000139 -9.46e-05   0.00726   0.00159   -0.0122  -0.00175  0.000115  0.000803   0.00012  -0.00191  0.000839  0.000512  0.000369   0.00116   -0.0517  -0.00711  1.28e-07   -0.0013 -0.000217  -0.00966 -8.53e-05  -0.00116   -0.0184   -0.0423   -0.0065   -0.0642  0.000107    -0.016   -0.0254   -0.0635    -0.031   -0.0228  -0.00365    -0.011   -0.0119   -0.0193  -0.00498  -0.00701   -0.0225  -0.00912  -0.00856   -0.0239   -0.0115  -0.00998  -0.00717  -0.00166    0.0139   -0.0204 -0.000203  -0.00865  0.000478 -0.000256    -5e-06  1.73e-06  3.32e-08   -0.0765   -0.0121  -0.00373 -8.29e-05   -0.0604  -0.00146  -0.00055 -0.000524  -0.00652   -0.0156   -0.0137     0.165   -0.0282   -0.0457    -0.188    0.0107    -0.135   -0.0183   -0.0429         1   -0.0123   -0.0843   -0.0718    -0.103   -0.0137  -0.00076   -0.0398  -0.00693 -0.000152   -0.0793   -0.0452  -0.00659   -0.0284
 -0.00802 -0.000369   0.00142 -0.000277 -9.11e-05  0.000244  6.43e-16  6.43e-16 -3.48e-05 -7.17e-05  6.55e-16 -0.000135  -0.00088 -4.67e-05 -0.000161 -2.67e-05 -4.04e-05 -0.000268 -0.000582  0.000264 -4.47e-05  0.000523   0.00103   0.00043   0.00533 -0.000254 -0.000122  9.28e-05  0.000104 -0.000148  0.000147  -8.5e-05  0.000149  0.000115  -0.00195 -5.25e-05  9.92e-07 -0.000233 -4.12e-05 -0.000597 -1.16e-05   5.7e-05 -2.91e-05   0.00198  0.000444   0.00452  1.23e-05 -0.000182 -0.000329  -0.00236 -0.000943  -0.00352  -0.00111  -0.00138 -0.000321  -0.00147 -0.000698  0.000218  -0.00117  0.000623  -0.00149  -0.00215  -0.00065 -0.000568  0.000171  1.11e-05  -0.00713   0.00058 -3.14e-05  -0.00159  5.91e-05 -6.84e-06  1.92e-06   4.3e-07  5.81e-09  -0.00264 -0.000759 -0.000102  1.22e-08  -0.00253  0.000158  0.000296  7.41e-05    0.0011 -0.000961 -0.000962   0.00372  -0.00334  -0.00278   -0.0142  -0.00895  -0.00701   0.00125  -0.00919   -0.0123         1  -0.00487  -0.00342  -0.00472  -0.00043   1.6e-05   -0.0017 -0.000293  2.42e-06  -0.00366  -0.00215 -0.000613   -0.0015
 -0.00303  -0.00332  -0.00914   -0.0249   -0.0224  -0.00403 -4.08e-15 -4.08e-15  -0.00257  -0.00811 -6.67e-15  -0.00956  -0.00909 -0.000944   -0.0144  -0.00136  -0.00168  -0.00512   -0.0109   -0.0058  -0.00293   -0.0571   -0.0285  -0.00233   -0.0378   -0.0099  -0.00523  -0.00797   -0.0135    0.0034   -0.0127  -0.00394  0.000286  -0.00461   -0.0272   -0.0299  -1.5e-05  -0.00266  -0.00119   0.00844 -0.000232   -0.0129  -0.00227    0.0349  -0.00538    0.0674   -0.0019   -0.0387    0.0104     0.075   0.00352    -0.023   0.00466   -0.0031    -0.017   -0.0207   -0.0166  -0.00375   0.00547   -0.0241   0.00411    0.0357   -0.0194  -0.00326   -0.0156  -0.00717    0.0165    -0.127    0.0288   0.00337  -0.00128 -0.000379 -0.000117 -1.99e-05 -1.72e-06   0.00718   -0.0526  -0.00231  -0.00351    -0.128   -0.0479   -0.0353   -0.0116    -0.115  -0.00313   -0.0468     0.136   -0.0312   -0.0615   0.00778    -0.191   -0.0109    -0.155    0.0491   -0.0843  -0.00487         1     -0.13    -0.326   -0.0445  -0.00325    -0.074   -0.0145 -0.000374   -0.0823    -0.118  -0.00493   -0.0529
   0.0723    -0.001   0.00567  -0.00362  -0.00355  -0.00101 -4.22e-16 -4.22e-16 -0.000257  -0.00197  1.61e-15  -0.00158 -0.000823 -0.000169  -0.00217 -0.000318 -0.000427 -0.000878  -0.00203  -0.00132 -0.000333  -0.00368  -0.00158    0.0002   -0.0193  0.000904   0.00118 -0.000392   -0.0012  0.000614 -0.000628  0.000565  0.000443 -7.75e-05   -0.0261  -0.00651 -2.99e-06  -0.00114 -0.000355  -0.00162 -8.34e-05  -0.00167  -0.00909   -0.0227  -0.00377    -0.024 -0.000212  -0.00319    0.0157     0.019   0.00532   0.00448    0.0143    0.0145  -0.00179  -0.00531   0.00952  -0.00114  -0.00354   0.00208   0.00346  -0.00587  -0.00794    -0.004  -0.00562  -0.00127    0.0633   -0.0155     0.011 -0.000666   0.00053 -0.000158 -1.24e-05 -1.63e-06 -1.02e-07   -0.0412   -0.0106  -0.00211 -0.000334   -0.0448  -0.00434   -0.0027  -0.00102  -0.00981   -0.0093   -0.0109    0.0128   -0.0145   -0.0225   -0.0753    0.0104   -0.0605    -0.011    0.0135   -0.0718  -0.00342     -0.13         1   -0.0872   -0.0108 -0.000563   -0.0283   -0.0049 -0.000108   -0.0499   -0.0325  -0.00424   -0.0126
    0.102  -0.00207   0.00339  -0.00777  -0.00561   -0.0012 -7.44e-16 -7.44e-16  -0.00056  -0.00277  1.12e-15  -0.00326  -0.00129 -0.000242  -0.00458 -0.000552 -0.000725  -0.00117  -0.00273  -0.00263  -0.00112   -0.0155    -0.008 -0.000644   -0.0333 -0.000435 -0.000383  -0.00226  -0.00404  0.000845  -0.00293 -0.000182  7.83e-05 -0.000954    -0.034   -0.0131 -5.69e-06  -0.00177 -0.000494  0.000614 -0.000141  -0.00439    -0.013   -0.0262  -0.00996   -0.0208 -0.000658   -0.0169    0.0129    0.0216 -0.000199   0.00361     0.021    0.0183  -0.00983   -0.0145   0.00642  -0.00426  -0.00205  -0.00209   0.00769  -0.00687   -0.0129  -0.00578  -0.00999  -0.00263     0.101    -0.034    0.0241  0.000502  0.000517 -0.000253 -3.38e-05 -5.51e-06 -4.35e-07   -0.0519   -0.0222  -0.00328  -0.00108    -0.078   -0.0141  -0.00963   -0.0033   -0.0301   -0.0118   -0.0221    0.0263   -0.0216   -0.0454   -0.0872   -0.0357   -0.0662   -0.0399    0.0349    -0.103  -0.00472    -0.326   -0.0872         1   -0.0201  -0.00131   -0.0476  -0.00825 -0.000214    -0.075   -0.0626  -0.00646   -0.0202
  0.00976  -9.5e-05  0.000869  -0.00122  -0.00109 -0.000272  2.98e-17  2.98e-17 -0.000167  -0.00085  3.94e-16 -0.000471 -0.000202 -3.85e-05 -0.000733 -6.98e-05 -9.22e-05 -0.000195 -0.000439 -0.000203 -5.18e-05  -0.00261  -0.00058  0.000201  -0.00302 -1.17e-05  0.000242 -0.000136 -0.000443  0.000339 -0.000232  0.000161  0.000165 -0.000113  -0.00507  -0.00159 -1.78e-06 -0.000177 -9.62e-05  -0.00017 -1.55e-05 -0.000675   -0.0014  -0.00262 -0.000797 -0.000564 -4.25e-05  -0.00121   0.00254   0.00406 -0.000348  0.000923   0.00235   0.00316 -0.000498  -0.00137   0.00233 -0.000348 -0.000443  0.000283  0.000784 -0.000812  -0.00175 -0.000835  -0.00134 -0.000545    0.0109  -0.00506   0.00158 -0.000159 -1.44e-05 -6.33e-05 -8.65e-06 -1.29e-06  -9.7e-08  -0.00576  -0.00258 -0.000718  -0.00016    -0.011   -0.0025  -0.00206 -0.000733  -0.00872  -0.00125  -0.00226  0.000857  -0.00336  -0.00581  -0.00611  -0.00823  -0.00554   -0.0038   0.00171   -0.0137  -0.00043   -0.0445   -0.0108   -0.0201         1 -0.000295  -0.00628  -0.00125 -2.93e-05  -0.00896  -0.00763 -0.000603  -0.00285
-0.000272  2.29e-05  -9.4e-05 -0.000133 -0.000147 -3.98e-05 -4.09e-17 -4.09e-17 -7.15e-06 -8.12e-05 -6.84e-18 -4.93e-05 -2.91e-05 -4.85e-06 -8.24e-05 -6.07e-06 -7.52e-06 -2.57e-05 -5.19e-05  1.88e-05  4.98e-06 -0.000315 -4.89e-05  3.55e-05  3.17e-05  -3.2e-05  3.38e-05   4.7e-07 -2.57e-05  3.76e-05 -1.74e-05  1.48e-05  1.21e-05  4.58e-06 -0.000134 -2.39e-05 -1.22e-07  1.05e-05  -5.2e-06  8.23e-05   3.8e-07 -6.85e-05    -1e-05  0.000105 -2.19e-05  0.000711 -4.56e-06  4.76e-05  0.000122   0.00057 -6.39e-05  8.75e-05   4.2e-05    0.0002 -0.000111  -0.00016  5.55e-05  2.38e-05  1.88e-05 -0.000218   4.4e-05    0.0002  -0.00011 -0.000121 -0.000108 -5.63e-05  0.000149 -0.000693  -3.9e-05  1.11e-05 -1.74e-05 -6.03e-06 -1.23e-06 -1.77e-07 -1.31e-08  8.85e-05  -0.00022 -5.45e-05 -1.88e-05 -0.000702 -0.000303 -0.000252 -9.25e-05  -0.00109  1.44e-05 -6.63e-05   0.00035 -0.000178 -0.000138 -0.000265  -0.00232 -0.000611 -0.000664 -0.000449  -0.00076   1.6e-05  -0.00325 -0.000563  -0.00131 -0.000295         1 -0.000358 -7.84e-05 -1.88e-06  -0.00034 -0.000577  5.85e-06 -0.000262
   0.0432 -0.000652   0.00295  -0.00207  -0.00209 -0.000615 -4.88e-16 -4.88e-16 -0.000174  -0.00135  6.65e-16 -0.000888 -0.000412 -9.28e-05  -0.00124 -0.000175 -0.000233 -0.000483  -0.00111 -0.000741  -0.00014  -0.00254  -0.00118  7.68e-05   -0.0114  0.000355  0.000697 -0.000229 -0.000697  0.000337 -0.000429  0.000289  0.000162 -7.46e-05   -0.0145  -0.00393 -1.97e-06 -0.000547 -0.000196 -0.000969 -4.06e-05    -0.001  -0.00513   -0.0127  -0.00228   -0.0128  -0.00011   -0.0019   0.00863     0.011   0.00293   0.00176   0.00792   0.00795 -0.000598  -0.00267   0.00549 -0.000278  -0.00235  0.000367   0.00205  -0.00287  -0.00417  -0.00217  -0.00315  -0.00078    0.0355  -0.00904   0.00579 -0.000295  0.000261 -9.05e-05 -8.44e-06 -1.13e-06  -6.8e-08   -0.0221  -0.00592  -0.00112 -0.000194    -0.025  -0.00265  -0.00175 -0.000657  -0.00683  -0.00505  -0.00588 -0.000746  -0.00775   -0.0122   -0.0447   0.00679   -0.0371  -0.00952   0.00786   -0.0398   -0.0017    -0.074   -0.0283   -0.0476  -0.00628 -0.000358         1   -0.0028 -6.31e-05   -0.0274   -0.0182  -0.00226  -0.00699
  0.00696  -0.00011  0.000536  -0.00041 -0.000416 -0.000114 -7.83e-17 -7.83e-17 -4.52e-05 -0.000301   1.2e-16 -0.000169  -9.7e-05 -1.79e-05 -0.000246 -3.09e-05  -4.1e-05 -9.42e-05 -0.000213 -0.000114 -1.79e-05 -0.000593 -0.000199  4.21e-05  -0.00172   3.3e-05  0.000135 -3.64e-05 -0.000132  8.48e-05 -8.23e-05  5.53e-05  4.04e-05 -1.98e-05  -0.00251 -0.000708 -4.52e-07 -8.96e-05 -3.82e-05 -0.000177 -6.76e-06 -0.000201 -0.000815  -0.00189 -0.000334  -0.00155 -1.67e-05 -0.000297   0.00154   0.00208   0.00046  0.000185   0.00127   0.00136 -2.63e-05  -0.00043   0.00103 -1.94e-06 -0.000433  4.87e-05  0.000318 -0.000417 -0.000724 -0.000373 -0.000545 -0.000164   0.00565  -0.00176  0.000861 -8.85e-05  3.28e-05 -1.87e-05 -2.05e-06 -2.82e-07 -1.86e-08  -0.00354  -0.00106 -0.000214 -4.05e-05  -0.00449 -0.000595 -0.000436 -0.000161  -0.00184 -0.000823  -0.00101 -0.000568  -0.00143  -0.00214  -0.00727  0.000381  -0.00615  -0.00189   0.00101  -0.00693 -0.000293   -0.0145   -0.0049  -0.00825  -0.00125 -7.84e-05   -0.0028         1 -1.14e-05  -0.00464  -0.00321 -0.000366  -0.00127
 0.000165 -1.04e-05 -7.21e-06 -2.28e-06  1.02e-05  1.94e-06  3.03e-19  3.03e-19 -1.32e-06 -5.94e-06 -4.35e-19 -1.68e-06  1.16e-05  7.75e-07 -1.58e-06 -1.67e-07 -2.12e-07  5.11e-06  1.04e-05 -4.35e-06 -1.05e-06 -3.57e-05 -2.09e-05 -7.06e-06 -0.000103 -4.12e-06 -7.69e-06 -5.96e-06  -7.8e-06 -3.34e-06 -5.48e-06 -1.98e-06 -6.38e-06 -3.65e-06 -4.03e-05 -3.11e-05 -2.23e-08   1.1e-06  7.33e-07 -5.88e-06 -1.39e-08 -7.11e-06 -3.59e-05 -9.34e-05 -5.09e-05 -0.000106 -4.06e-07 -9.55e-05 -9.25e-05 -0.000176 -9.23e-05 -2.12e-05  2.95e-05 -3.54e-07 -3.03e-05 -3.59e-05 -4.52e-06 -2.14e-05 -2.25e-05 -2.35e-05  2.88e-05  -6.1e-05 -4.26e-06 -1.11e-06 -1.46e-05  -4.2e-06  0.000288  1.61e-05  5.11e-05   6.3e-06  4.38e-07 -3.75e-07 -4.83e-08    -9e-09 -6.05e-10 -9.44e-05 -1.78e-05 -5.66e-06 -1.31e-06 -0.000104 -1.97e-05 -1.72e-05 -5.45e-06    -6e-05 -1.31e-05 -2.84e-05 -0.000149 -2.04e-06 -0.000126 -0.000127  6.98e-05  -6.4e-05 -0.000131  0.000162 -0.000152  2.42e-06 -0.000374 -0.000108 -0.000214 -2.93e-05 -1.88e-06 -6.31e-05 -1.14e-05         1  -8.7e-05 -8.26e-05 -7.65e-06  1.07e-05
   0.0923 -0.000616   0.00615  -0.00393  -0.00649  -0.00218 -7.39e-16 -7.39e-16 -9.68e-05  -0.00189  1.71e-15  -0.00179  -0.00187 -0.000322  -0.00244 -0.000427 -0.000568   -0.0018    -0.004   -0.0015 -0.000131  0.000294   0.00013  0.000178   -0.0272    0.0014   0.00182  0.000197 -0.000404 -4.26e-05 -3.03e-05  0.000841  0.000645  0.000263   -0.0345  -0.00619 -1.94e-06   -0.0012   -0.0004  -0.00404 -8.13e-05 -0.000941   -0.0117   -0.0326  -0.00232   -0.0544 -0.000126   0.00194    0.0177    0.0197   0.00827   0.00538    0.0121    0.0125 -0.000257  -0.00299   0.00973  -0.00111  -0.00581   0.00176 -0.000227  -0.00442  -0.00856  -0.00486  -0.00577 -0.000983    0.0433   -0.0202   0.00473 -0.000967  0.000587 -0.000139 -5.37e-06 -5.06e-08  3.69e-08   -0.0478  -0.00923  -0.00199 -0.000101   -0.0414  -0.00108 -3.62e-05 -0.000163 -0.000951   -0.0106  -0.00927    0.0368   -0.0146    -0.016    -0.091    0.0359   -0.0785  -0.00336   0.00328   -0.0793  -0.00366   -0.0823   -0.0499    -0.075  -0.00896  -0.00034   -0.0274  -0.00464  -8.7e-05         1   -0.0287  -0.00421   -0.0181
   0.0316  -0.00111   0.00083  -0.00325  -0.00276 -0.000609 -6.64e-16 -6.64e-16 -0.000212   -0.0015  6.52e-17  -0.00139 -0.000856 -0.000128  -0.00194 -0.000238 -0.000308 -0.000656  -0.00145 -0.000686  -0.00029  -0.00602  -0.00269 -0.000133   -0.0106 -0.000742 -7.59e-05 -0.000723   -0.0014  0.000204  -0.00116 -0.000155 -0.000101 -0.000232   -0.0128  -0.00488 -1.75e-06 -0.000479 -0.000162  8.46e-06  -3.9e-05  -0.00167  -0.00491  -0.00906  -0.00349  -0.00439 -0.000221  -0.00643   0.00228   0.00517   -0.0016  -0.00248   0.00586   0.00419  -0.00367  -0.00584  0.000881 -0.000926  -0.00268  -0.00383   0.00206  -0.00162  -0.00449   -0.0026  -0.00371  -0.00108    0.0318   -0.0146   0.00738 -0.000271  0.000119 -9.42e-05 -1.42e-05 -2.07e-06 -1.64e-07   -0.0189  -0.00853  -0.00104 -0.000394   -0.0291  -0.00529  -0.00362  -0.00127   -0.0121  -0.00448  -0.00796    0.0132   -0.0083    -0.016   -0.0489   -0.0138   -0.0398   -0.0228   0.00723   -0.0452  -0.00215    -0.118   -0.0325   -0.0626  -0.00763 -0.000577   -0.0182  -0.00321 -8.26e-05   -0.0287         1  -0.00233  -0.00881
   0.0124 -0.000255     0.001  0.000105  0.000433  0.000188  1.24e-16  1.24e-16 -2.09e-05 -6.59e-05  3.08e-16  4.59e-05  3.74e-06  1.03e-05  7.57e-05  5.74e-06  3.01e-06  6.77e-05  0.000122 -0.000127 -5.28e-05  5.44e-05 -0.000137   4.2e-05 -0.000998  0.000164  2.12e-06 -4.23e-05 -3.43e-05 -7.98e-05  4.05e-05  9.06e-07 -2.87e-05 -2.46e-05  -0.00215 -0.000722  7.17e-09 -0.000142 -2.85e-05 -0.000341  -8.6e-06 -3.29e-05 -0.000926  -0.00219 -0.000852  -0.00166 -5.64e-06 -0.000621   0.00175  0.000908  0.000537 -7.59e-05   0.00203   0.00186  0.000123 -0.000576   0.00139  0.000132 -0.000295    0.0011  0.000474  -0.00225 -0.000465 -0.000209 -0.000238 -1.38e-05   0.00758   0.00165   0.00177 -0.000393  0.000104 -8.26e-06  8.86e-07  9.39e-08  7.13e-09  -0.00416 -0.000574 -0.000152 -3.44e-06  -0.00346  7.37e-05   0.00016   4.8e-05  0.000742  -0.00105 -0.000907   -0.0148  -0.00157  -0.00291  -0.00986  0.000467  -0.00563  0.000143   0.00134  -0.00659 -0.000613  -0.00493  -0.00424  -0.00646 -0.000603  5.85e-06  -0.00226 -0.000366 -7.65e-06  -0.00421  -0.00233         1  5.11e-05
    0.123   0.00139  -0.00431  -0.00712   -0.0162  -0.00504 -1.19e-15 -1.19e-15  3.42e-05 -0.000943 -9.49e-16  -0.00289  -0.00674 -0.000804   -0.0045 -0.000648 -0.000818  -0.00469  -0.00995  -0.00179 -8.79e-05  -0.00256  -0.00144 -0.000333   -0.0356 -0.000953 -2.67e-05  0.000112 -0.000257  -0.00252 -0.000501 -0.000231  0.000682     9e-06    -0.033  -0.00491  5.47e-07 -0.000624  -0.00041  -0.00643 -3.03e-05 -0.000513  -0.00874   -0.0226   0.00176    -0.097  -0.00015   0.00901   0.00238    0.0131    0.0055  -0.00118   -0.0109   -0.0104  -0.00161  0.000819  -0.00701  -0.00157  -0.00331  -0.00657   -0.0151     0.012  -0.00585  -0.00419  -0.00329 -0.000663    -0.106    -0.047   -0.0206 -0.000912 -0.000476 -4.74e-05 -1.06e-05 -4.93e-07 -5.48e-08  -0.00533  -0.00591 -0.000496 -0.000145   -0.0096  -0.00193 -0.000867 -0.000381  -0.00337  -0.00178  -0.00227    0.0789  -0.00609    0.0112   -0.0151   -0.0152   -0.0317 -0.000814    -0.042   -0.0284   -0.0015   -0.0529   -0.0126   -0.0202  -0.00285 -0.000262  -0.00699  -0.00127  1.07e-05   -0.0181  -0.00881  5.11e-05         1

  Chi^2                                2.34795  +/- 3.0646
  Chi^2/ndf                            0.260883
  Chi^2 for each template              412.869 +/- 6.39671	213.84 +/- 4.21023	84.0318 +/- 4.01674	21.76 +/- 2.23778	13.6352 +/- 1.29474	51.5756 +/- 1.39847	98.9375 +/- 3.57962	146.043 +/- 2.41949	
  Chi^2 for each template w.r.t. fit   406.317 +/- 6.39671	210.552 +/- 4.21023	84.1916 +/- 4.01674	21.7138 +/- 2.23778	13.9192 +/- 1.29474	51.8541 +/- 1.39847	97.0941 +/- 3.57962	138.267 +/- 2.41949	  Partial chi^2                        0.00 (EG_RESOLUTION_ALL)    0.00 (EG_SCALE_ALL)    0.00 (EL_EFF_ID_TOTAL_1NPCOR_PLUS_UNCOR)    0.01 (EL_EFF_Iso_TOTAL_1NPCOR_PLUS_UNCOR)
  Partial chi^2                        0.00 (EL_EFF_Reco_TOTAL_1NPCOR_PLUS_UNCOR)    0.00 (EL_EFF_TriggerEff_TOTAL_1NPCOR_PLUS_UNCOR)    0.00 (EL_EFF_Trigger_TOTAL_1NPCOR_PLUS_UNCOR)    0.00 (FAKES_Electron)
  Partial chi^2                        0.00 (FAKES_Muon)    0.40 (FT_EFF_Eigen_B_0)    0.07 (FT_EFF_Eigen_B_1)    0.02 (FT_EFF_Eigen_B_2)
  Partial chi^2                        0.00 (FT_EFF_Eigen_B_3)    0.00 (FT_EFF_Eigen_B_4)    0.00 (FT_EFF_Eigen_B_5)    0.00 (FT_EFF_Eigen_B_6)
  Partial chi^2                        0.00 (FT_EFF_Eigen_B_7)    0.00 (FT_EFF_Eigen_B_8)    0.02 (FT_EFF_Eigen_C_0)    0.00 (FT_EFF_Eigen_C_1)
  Partial chi^2                        0.00 (FT_EFF_Eigen_C_2)    0.00 (FT_EFF_Eigen_C_3)    0.01 (FT_EFF_Eigen_Light_0)    0.00 (FT_EFF_Eigen_Light_1)
  Partial chi^2                        0.00 (FT_EFF_Eigen_Light_2)    0.00 (FT_EFF_Eigen_Light_3)    0.00 (FT_EFF_extrapolation)    0.00 (FT_EFF_extrapolation_from_charm)
  Partial chi^2                        0.02 (FULL_SYS_SUM)    0.05 (FULL_SYS_SUM_DETECTOR)    0.11 (FULL_SYS_SUM_THEORY)    0.02 (FULL_SYS_TOYS)
  Partial chi^2                        0.00 (JET_EffectiveNP_Detector1)    0.00 (JET_EffectiveNP_Detector2)    0.00 (JET_EffectiveNP_Mixed1)    0.00 (JET_EffectiveNP_Mixed2)
  Partial chi^2                        0.00 (JET_EffectiveNP_Mixed3)    0.01 (JET_EffectiveNP_Modelling1)    0.00 (JET_EffectiveNP_Modelling2)    0.00 (JET_EffectiveNP_Modelling3)
  Partial chi^2                        0.00 (JET_EffectiveNP_Modelling4)    0.00 (JET_EffectiveNP_Statistical1)    0.00 (JET_EffectiveNP_Statistical2)    0.00 (JET_EffectiveNP_Statistical3)
  Partial chi^2                        0.00 (JET_EffectiveNP_Statistical4)    0.00 (JET_EffectiveNP_Statistical5)    0.00 (JET_EffectiveNP_Statistical6)    0.00 (JET_EtaIntercalibration_Modelling)
  Partial chi^2                        0.00 (JET_EtaIntercalibration_NonClosure_2018data)    0.00 (JET_EtaIntercalibration_NonClosure_highE)    0.00 (JET_EtaIntercalibration_NonClosure_negEta)    0.00 (JET_EtaIntercalibration_NonClosure_posEta)
  Partial chi^2                        0.00 (JET_EtaIntercalibration_TotalStat)    0.00 (JET_Flavor_Composition_prop)    0.00 (JET_Flavor_Response_prop)    0.01 (JET_JER_DataVsMC_MC16_PseudoData)
  Partial chi^2                        0.00 (JET_JER_EffectiveNP_10_PseudoData)    0.00 (JET_JER_EffectiveNP_11_PseudoData)    0.01 (JET_JER_EffectiveNP_12restTerm_PseudoData)    0.00 (JET_JER_EffectiveNP_1_PseudoData)
  Partial chi^2                        0.00 (JET_JER_EffectiveNP_2_PseudoData)    0.00 (JET_JER_EffectiveNP_3_PseudoData)    0.01 (JET_JER_EffectiveNP_4_PseudoData)    0.03 (JET_JER_EffectiveNP_5_PseudoData)
  Partial chi^2                        0.03 (JET_JER_EffectiveNP_6_PseudoData)    0.00 (JET_JER_EffectiveNP_7_PseudoData)    0.00 (JET_JER_EffectiveNP_8_PseudoData)    0.01 (JET_JER_EffectiveNP_9_PseudoData)
  Partial chi^2                        0.01 (JET_JvtEfficiency)    0.00 (JET_Pileup_OffsetMu)    0.02 (JET_Pileup_OffsetNPV)    0.01 (JET_Pileup_PtTerm)
  Partial chi^2                        0.00 (JET_Pileup_RhoTopology)    0.00 (JET_PunchThrough_MC16)    0.02 (LUMINOSITY)    0.00 (MET_SoftTrk_ResoPara)
  Partial chi^2                        0.00 (MET_SoftTrk_ResoPerp)    0.00 (MET_SoftTrk_Scale)    0.00 (MUON_EFF_BADMUON_SYS)    0.00 (MUON_EFF_ISO_STAT)
  Partial chi^2                        0.00 (MUON_EFF_ISO_SYS)    0.00 (MUON_EFF_RECO_STAT)    0.00 (MUON_EFF_RECO_SYS)    0.00 (MUON_EFF_TTVA_STAT)
  Partial chi^2                        0.00 (MUON_EFF_TTVA_SYS)    0.00 (MUON_EFF_TrigStatUncertainty)    0.00 (MUON_EFF_TrigSystUncertainty)    0.00 (MUON_SAGITTA_DATASTAT)
  Partial chi^2                        0.00 (MUON_SAGITTA_RESBIAS)    0.03 (PRW_DATASF)    0.64 (STAT_DATA)    0.03 (STAT_MC)  
  Partial chi^2                        0.01 (THEORY_CROSS_SECTION_Wjets)    0.00 (THEORY_CROSS_SECTION_other_top_noWt)    0.00 (THEORY_CROSS_SECTION_signal)    0.00 (THEORY_DR_DS_signal)
  Partial chi^2                        0.00 (THEORY_EWK_Wjets)    0.00 (THEORY_EWK_multiboson_noW)    0.00 (THEORY_FSR_signal)    0.03 (THEORY_HDAMP_signal)
  Partial chi^2                        0.00 (THEORY_ISR_signal)    0.00 (THEORY_PDF4LHC_VARIATION_Wjets)    0.00 (THEORY_PDF4LHC_VARIATION_multiboson_noW)    0.00 (THEORY_PDF4LHC_VARIATION_signal)
  Partial chi^2                        0.01 (THEORY_PTHARD_signal)    0.03 (THEORY_SCALE_COMBINED_Wjets)    0.00 (THEORY_SCALE_COMBINED_multiboson_noW)    0.00 (THEORY_SCALE_FACTORISATION_signal)
  Partial chi^2                        0.04 (THEORY_SCALE_RENORMALISATION_signal)    0.59 (THEORY_SHOWERING_HERWIG7_signal)    0.13 (THEORY_TOPRECOIL_signal)    0.00 (THEORY_TOP_MASS_signal)
  Partial chi^2                        0.02 (TOTAL)        0.02 (TOTAL_NO_DR_DS)    0.02 (TOTAL_SYSONLY)    0.00 (WMASS_VAR_signal)
  Partial chi^2                        0.06 (pseudoDataStat)

  Uncertainties from HESSE matrix
     LTF: Result[0]:                   173.765  +/- 0.624228 (fit [from HESSE])

  Alternative result from pol2-fit to chi^2 values of the templates
     Result(pol2-chi2)[0]              174.268   +/- 0.597599 (fit)
     Chi^2(min)                        -9.67098

  Result from linearized second-order model approximation
     EDM (Taylor) [0]                  -1.23209

  Expected distance to minimum
     EDM (Newton) [0]                  -2.52334
     EDM Delta-chi^2                   -29.8567


  'Uncertainties' on M from second-order model approximation
     sigma_m[0]                       -1.1921
     sigma_m[EG_RESOLUTION_ALL]       0.01
     sigma_m[EG_SCALE_ALL]            -0.01
     sigma_m[EL_EFF_ID_TOTAL_1NPCOR_PLUS_UNCOR] -0.03
     sigma_m[EL_EFF_Iso_TOTAL_1NPCOR_PLUS_UNCOR] -0.08
     sigma_m[EL_EFF_Reco_TOTAL_1NPCOR_PLUS_UNCOR] -0.02
     sigma_m[EL_EFF_TriggerEff_TOTAL_1NPCOR_PLUS_UNCOR] -0.00
     sigma_m[EL_EFF_Trigger_TOTAL_1NPCOR_PLUS_UNCOR] -0.00
     sigma_m[MUON_SAGITTA_DATASTAT]   0.00
     sigma_m[MUON_SAGITTA_RESBIAS]    -0.00
     sigma_m[MUON_EFF_BADMUON_SYS]    -0.00
     sigma_m[MUON_EFF_ISO_STAT]       -0.01
     sigma_m[MUON_EFF_ISO_SYS]        -0.04
     sigma_m[MUON_EFF_RECO_STAT]      -0.00
     sigma_m[MUON_EFF_RECO_SYS]       -0.02
     sigma_m[MUON_EFF_TTVA_STAT]      -0.00
     sigma_m[MUON_EFF_TTVA_SYS]       -0.00
     sigma_m[MUON_EFF_TrigStatUncertainty] -0.03
     sigma_m[MUON_EFF_TrigSystUncertainty] -0.05
     sigma_m[JET_EffectiveNP_Detector1] 0.01
     sigma_m[JET_EffectiveNP_Detector2] 0.00
     sigma_m[JET_EffectiveNP_Mixed1]  0.04
     sigma_m[JET_EffectiveNP_Mixed2]  0.05
     sigma_m[JET_EffectiveNP_Mixed3]  0.01
     sigma_m[JET_EffectiveNP_Modelling1] 0.13
     sigma_m[JET_EffectiveNP_Modelling2] -0.01
     sigma_m[JET_EffectiveNP_Modelling3] 0.01
     sigma_m[JET_EffectiveNP_Modelling4] 0.01
     sigma_m[JET_EffectiveNP_Statistical1] 0.01
     sigma_m[JET_EffectiveNP_Statistical2] 0.00
     sigma_m[JET_EffectiveNP_Statistical3] 0.00
     sigma_m[JET_EffectiveNP_Statistical4] 0.00
     sigma_m[JET_EffectiveNP_Statistical5] 0.01
     sigma_m[JET_EffectiveNP_Statistical6] 0.01
     sigma_m[JET_EtaIntercalibration_Modelling] -0.01
     sigma_m[JET_EtaIntercalibration_NonClosure_2018data] 0.05
     sigma_m[JET_EtaIntercalibration_NonClosure_highE] 0.00
     sigma_m[JET_EtaIntercalibration_NonClosure_negEta] -0.00
     sigma_m[JET_EtaIntercalibration_NonClosure_posEta] -0.00
     sigma_m[JET_EtaIntercalibration_TotalStat] -0.00
     sigma_m[JET_Flavor_Composition_prop] 0.00
     sigma_m[JET_Flavor_Response_prop] 0.00
     sigma_m[JET_Pileup_OffsetMu]     0.04
     sigma_m[JET_Pileup_OffsetNPV]    0.12
     sigma_m[JET_Pileup_PtTerm]       0.10
     sigma_m[JET_Pileup_RhoTopology]  0.04
     sigma_m[JET_PunchThrough_MC16]   0.00
     sigma_m[JET_JER_DataVsMC_MC16_PseudoData] 0.12
     sigma_m[JET_JER_EffectiveNP_1_PseudoData] 0.03
     sigma_m[JET_JER_EffectiveNP_2_PseudoData] 0.12
     sigma_m[JET_JER_EffectiveNP_3_PseudoData] 0.06
     sigma_m[JET_JER_EffectiveNP_4_PseudoData] -0.04
     sigma_m[JET_JER_EffectiveNP_5_PseudoData] -0.13
     sigma_m[JET_JER_EffectiveNP_6_PseudoData] -0.10
     sigma_m[JET_JER_EffectiveNP_7_PseudoData] 0.01
     sigma_m[JET_JER_EffectiveNP_8_PseudoData] 0.03
     sigma_m[JET_JER_EffectiveNP_9_PseudoData] -0.07
     sigma_m[JET_JER_EffectiveNP_10_PseudoData] 0.01
     sigma_m[JET_JER_EffectiveNP_11_PseudoData] -0.02
     sigma_m[JET_JER_EffectiveNP_12restTerm_PseudoData] -0.05
     sigma_m[JET_JvtEfficiency]       -0.10
     sigma_m[PRW_DATASF]              0.14
     sigma_m[MET_SoftTrk_ResoPara]    -0.02
     sigma_m[MET_SoftTrk_ResoPerp]    -0.02
     sigma_m[MET_SoftTrk_Scale]       0.00
     sigma_m[WMASS_VAR_signal]        -0.00
     sigma_m[FT_EFF_Eigen_B_0]        -0.60
     sigma_m[FT_EFF_Eigen_B_1]        -0.23
     sigma_m[FT_EFF_Eigen_B_2]        -0.15
     sigma_m[FT_EFF_Eigen_B_3]        -0.02
     sigma_m[FT_EFF_Eigen_B_4]        -0.00
     sigma_m[FT_EFF_Eigen_B_5]        0.00
     sigma_m[FT_EFF_Eigen_B_6]        -0.00
     sigma_m[FT_EFF_Eigen_B_7]        0.00
     sigma_m[FT_EFF_Eigen_B_8]        0.00
     sigma_m[FT_EFF_Eigen_C_0]        0.09
     sigma_m[FT_EFF_Eigen_C_1]        -0.01
     sigma_m[FT_EFF_Eigen_C_2]        0.01
     sigma_m[FT_EFF_Eigen_C_3]        0.00
     sigma_m[FT_EFF_Eigen_Light_0]    0.07
     sigma_m[FT_EFF_Eigen_Light_1]    0.01
     sigma_m[FT_EFF_Eigen_Light_2]    0.01
     sigma_m[FT_EFF_Eigen_Light_3]    0.00
     sigma_m[FT_EFF_extrapolation]    0.02
     sigma_m[FT_EFF_extrapolation_from_charm] 0.01
     sigma_m[THEORY_CROSS_SECTION_signal] 0.02
     sigma_m[THEORY_SHOWERING_HERWIG7_signal] 0.64
     sigma_m[THEORY_SCALE_FACTORISATION_signal] -0.02
     sigma_m[THEORY_SCALE_RENORMALISATION_signal] 0.18
     sigma_m[THEORY_ISR_signal]       -0.01
     sigma_m[THEORY_FSR_signal]       -0.09
     sigma_m[THEORY_HDAMP_signal]     -0.13
     sigma_m[THEORY_PTHARD_signal]    0.06
     sigma_m[THEORY_TOPRECOIL_signal] -0.39
     sigma_m[THEORY_TOP_MASS_signal]  -0.04
     sigma_m[THEORY_PDF4LHC_VARIATION_signal] -0.01
     sigma_m[THEORY_DR_DS_signal]     0.08
     sigma_m[THEORY_CROSS_SECTION_Wjets] 0.07
     sigma_m[THEORY_SCALE_COMBINED_Wjets] 0.15
     sigma_m[THEORY_PDF4LHC_VARIATION_Wjets] 0.02
     sigma_m[THEORY_EWK_Wjets]        -0.00
     sigma_m[THEORY_SCALE_COMBINED_multiboson_noW] 0.04
     sigma_m[THEORY_PDF4LHC_VARIATION_multiboson_noW] 0.01
     sigma_m[THEORY_EWK_multiboson_noW] 0.00
     sigma_m[THEORY_CROSS_SECTION_other_top_noWt] 0.03
     sigma_m[FAKES_Electron]          0.04
     sigma_m[FAKES_Muon]              0.01
     sigma_m[LUMINOSITY]              -0.14

  Settings
     Number of data points             10
     Number of templates               8
     Number of fit parameters          1
     Template reference values [0]     162.5   165 167.5   170   175 177.5   180 182.5
     Number of nuisance param.         107
     Gamma[0]                          1.000
     LogNormal                         false
     Response matrix                   false

  please cite: D. Britzger, The Linear Template Fit, Eur.Phys.J.C 82 (2022) 731, arXiv:2112.01548.
------------------------------------------------------------------------

Warning in <TROOT::Append>: Replacing existing TH1: hist (Potential memory leak).
Warning in <TROOT::Append>: Replacing existing TH1: hist (Potential memory leak).
Warning in <TROOT::Append>: Replacing existing TH1: hist (Potential memory leak).
Warning in <TROOT::Append>: Replacing existing TH1: hist (Potential memory leak).
Warning in <TROOT::Append>: Replacing existing TH1: hist (Potential memory leak).
Warning in <TROOT::Append>: Replacing existing TH1: hist (Potential memory leak).
Warning in <TROOT::Append>: Replacing existing TH1: hist (Potential memory leak).
Warning in <TROOT::Append>: Replacing existing TH1: hist (Potential memory leak).
Warning in <TROOT::Append>: Replacing existing TH1: hist (Potential memory leak).
Info in <TCanvas::Print>: ps file plots/fit_mbl.ps has been created
Info in <TCanvas::Print>: Current canvas added to ps file plots/fit_mbl.ps
Info in <TCanvas::Print>: Current canvas added to ps file plots/fit_mbl.ps
Info in <TCanvas::Print>: Current canvas added to ps file plots/fit_mbl.ps
Info in <TCanvas::Print>: Current canvas added to ps file plots/fit_mbl.ps
Info in <TCanvas::Print>: Current canvas added to ps file plots/fit_mbl.ps
Info in <TCanvas::Print>: Current canvas added to ps file plots/fit_mbl.ps
Info in <TCanvas::Print>: Current canvas added to ps file plots/fit_mbl.ps
Info in <TCanvas::Print>: Current canvas added to ps file plots/fit_mbl.ps
Info in <TCanvas::Print>: Current canvas added to ps file plots/fit_mbl.ps
Info in <TCanvas::Print>: Current canvas added to ps file plots/fit_mbl.ps
Info in <TCanvas::Print>: Current canvas added to ps file plots/fit_mbl.ps
Info in <TCanvas::Print>: Current canvas added to ps file plots/fit_mbl.ps
Info in <TCanvas::Print>: Current canvas added to ps file plots/fit_mbl.ps
Info in <TCanvas::Print>: Current canvas added to ps file plots/fit_mbl.ps
Info in <TCanvas::Print>: Current canvas added to ps file plots/fit_mbl.ps
Info in <TCanvas::Print>: Current canvas added to ps file plots/fit_mbl.ps
Info in <TCanvas::Print>: Current canvas added to ps file plots/fit_mbl.ps
Info in <TCanvas::Print>: Current canvas added to ps file plots/fit_mbl.ps
Info in <TCanvas::Print>: Current canvas added to ps file plots/fit_mbl.ps
Info in <TCanvas::Print>: Current canvas added to ps file plots/fit_mbl.ps
Info in <TCanvas::Print>: Current canvas added to ps file plots/fit_mbl.ps
Info in <TCanvas::Print>: Current canvas added to ps file plots/fit_mbl.ps
Info in <TCanvas::Print>: Current canvas added to ps file plots/fit_mbl.ps
Info in <TCanvas::Print>: Current canvas added to ps file plots/fit_mbl.ps
Info in <TCanvas::Print>: Current canvas added to ps file plots/fit_mbl.ps
Info in <TCanvas::Print>: Current canvas added to ps file plots/fit_mbl.ps
Info in <TCanvas::Print>: Current canvas added to ps file plots/fit_mbl.ps
Info in <TCanvas::Print>: Current canvas added to ps file plots/fit_mbl.ps
Info in <TCanvas::Print>: Current canvas added to ps file plots/fit_mbl.ps
Info in <TCanvas::Print>: Current canvas added to ps file plots/fit_mbl.ps
Info in <TCanvas::Print>: Current canvas added to ps file plots/fit_mbl.ps
Info in <TCanvas::Print>: ps file plots/fit_mbl.ps has been closed
Found covarinace matrix unfolding_covariance_matrix_mbwhad_selected_covariance_STAT_DATA
Determinant of covariance matrix 2.92341e-37
Johannes print final correltaion matrix
1	-0.367114	0.124104	-0.0102883	0.0301477	0.0249596	-0.0199066	-0.0498203	
-0.367114	1	-0.597727	0.0853252	-0.00318656	0.0472456	-0.0123551	0.0105914	
0.124104	-0.597727	1	-0.278414	0.0386791	-0.0551904	0.00681515	0.0508684	
-0.0102883	0.0853252	-0.278414	1	-0.277573	0.0986475	-0.0363062	-0.0135197	
0.0301477	-0.00318656	0.0386791	-0.277573	1	-0.351092	0.111181	-0.0635855	
0.0249596	0.0472456	-0.0551904	0.0986475	-0.351092	1	-0.364353	0.0580908	
-0.0199066	-0.0123551	0.00681515	-0.0363062	0.111181	-0.364353	1	-0.280819	
-0.0498203	0.0105914	0.0508684	-0.0135197	-0.0635855	0.0580908	-0.280819	1	
Warning in <TROOT::Append>: Replacing existing TH1: total_error (Potential memory leak).
TH1.Print Name  = total_error, Entries= 856, Total sum= 0.812715
 fSumw[0]=0, x=-0.5, error=0
 fSumw[1]=0.106435, x=0.5, error=0
 fSumw[2]=0.140581, x=1.5, error=0
 fSumw[3]=0.102963, x=2.5, error=0
 fSumw[4]=0.148362, x=3.5, error=0
 fSumw[5]=0.0626302, x=4.5, error=0
 fSumw[6]=0.0720239, x=5.5, error=0
 fSumw[7]=0.0643816, x=6.5, error=0
 fSumw[8]=0.115339, x=7.5, error=0
 fSumw[9]=0, x=8.5, error=0
STAT_MC 0.00293556
STAT_MC 0.00171278
STAT_MC 0.000708049
STAT_MC 0.00225478
STAT_MC 0.00358833
STAT_MC 0.004986
STAT_MC 0.00516222
STAT_MC 0.00778
TH1.Print Name  = total_error, Entries= 864, Total sum= 0.813529
 fSumw[0]=0, x=-0.5, error=0
 fSumw[1]=0.106476, x=0.5, error=0
 fSumw[2]=0.140591, x=1.5, error=0
 fSumw[3]=0.102965, x=2.5, error=0
 fSumw[4]=0.148379, x=3.5, error=0
 fSumw[5]=0.0627329, x=4.5, error=0
 fSumw[6]=0.0721963, x=5.5, error=0
 fSumw[7]=0.0645883, x=6.5, error=0
 fSumw[8]=0.115601, x=7.5, error=0
 fSumw[9]=0, x=8.5, error=0
TH1.Print Name  = total_error, Entries= 872, Total sum= 0.818605
 fSumw[0]=0, x=-0.5, error=0
 fSumw[1]=0.106575, x=0.5, error=0
 fSumw[2]=0.140605, x=1.5, error=0
 fSumw[3]=0.102975, x=2.5, error=0
 fSumw[4]=0.148407, x=3.5, error=0
 fSumw[5]=0.0629934, x=4.5, error=0
 fSumw[6]=0.0728426, x=5.5, error=0
 fSumw[7]=0.0660577, x=6.5, error=0
 fSumw[8]=0.118149, x=7.5, error=0
 fSumw[9]=0, x=8.5, error=0

        Data        Stat Tmpl_162.50 Stat_162.50 Tmpl_165.00 Stat_165.00 Tmpl_167.50 Stat_167.50 Tmpl_170.00 Stat_170.00 Tmpl_175.00 Stat_175.00 Tmpl_177.50 Stat_177.50 Tmpl_180.00 Stat_180.00 Tmpl_182.50 Stat_182.50
    0.389897    0.001798    0.501124    0.001928    0.470297    0.001785    0.441942    0.002848    0.412722    0.002746    0.370175    0.002357    0.346553    0.001262    0.325103    0.002376    0.303533    0.001348
    2.146594    0.004203    3.665329    0.005259    3.203530    0.004653    2.790967    0.007088    2.422203    0.006628    1.890956    0.005292    1.685302    0.002801    1.516108    0.005141    1.368620    0.002892
    3.866342    0.005538    3.229664    0.004935    3.467408    0.004813    3.677169    0.008063    3.810714    0.008303    3.887513    0.007676    3.867677    0.004233    3.824024    0.008143    3.727112    0.004773
    0.990163    0.002842    0.971584    0.002816    0.969262    0.002595    0.973582    0.004253    0.990226    0.004271    1.009264    0.003991    1.022159    0.002218    1.042926    0.004375    1.069729    0.002607
    0.242145    0.001386    0.258220    0.001561    0.251744    0.001403    0.247901    0.002157    0.244515    0.002157    0.238404    0.002050    0.237219    0.001089    0.237243    0.002102    0.231427    0.001260
    0.080102    0.000776    0.085147    0.000854    0.082934    0.000787    0.081958    0.001258    0.081389    0.001287    0.078609    0.001156    0.076169    0.000630    0.076751    0.001226    0.074774    0.000725
    0.035263    0.000489    0.038144    0.000602    0.036930    0.000501    0.037709    0.000915    0.036247    0.000813    0.034790    0.000766    0.034451    0.000430    0.033690    0.000770    0.033085    0.000497
    0.010206    0.000249    0.011053    0.000330    0.010426    0.000252    0.010632    0.000448    0.009234    0.000377    0.009725    0.000383    0.009530    0.000218    0.010023    0.000401    0.009409    0.000246

LTF::DoLiTeFit(). Fit done. Result:  174.361  +/- 0.922958 (fit)  +/- 0.677621 (ext)  +/- 0.040956 (tmpl)  +/- 0 (MatA)   [chi^2=1.62757]

------------------------------------------------------------------------
        Result of the 1-dimensional linear template fit
        ```````````````````````````````````````````````
  LTF. Result[0]:   174.361  +/- 0.922958 (fit)  +/- 0.677621 (ext)

  LTF. Result[0]:   174.361100
                             +/-  0.337509 (STAT_DATA)
                             +/-  0.055142 (STAT_MC)
                             +/-  0.088367 (pseudoDataStat)
                             +/- -0.001612 (EG_RESOLUTION_ALL)
                             +/- -0.000059 (EG_SCALE_ALL)
                             +/- -0.003371 (EL_EFF_ID_TOTAL_1NPCOR_PLUS_UNCOR)
                             +/- -0.017122 (EL_EFF_Iso_TOTAL_1NPCOR_PLUS_UNCOR)
                             +/- -0.006256 (EL_EFF_Reco_TOTAL_1NPCOR_PLUS_UNCOR)
                             +/- -0.000000 (EL_EFF_TriggerEff_TOTAL_1NPCOR_PLUS_UNCOR)
                             +/- -0.000000 (EL_EFF_Trigger_TOTAL_1NPCOR_PLUS_UNCOR)
                             +/- -0.037870 (FAKES_Electron)
                             +/- -0.008072 (FAKES_Muon)
                             +/- -0.426369 (FT_EFF_Eigen_B_0)
                             +/-  0.099290 (FT_EFF_Eigen_B_1)
                             +/-  0.017672 (FT_EFF_Eigen_B_2)
                             +/- -0.041900 (FT_EFF_Eigen_B_3)
                             +/-  0.000124 (FT_EFF_Eigen_B_4)
                             +/- -0.000500 (FT_EFF_Eigen_B_5)
                             +/-  0.000019 (FT_EFF_Eigen_B_6)
                             +/- -0.000006 (FT_EFF_Eigen_B_7)
                             +/- -0.000001 (FT_EFF_Eigen_B_8)
                             +/- -0.015156 (FT_EFF_Eigen_C_0)
                             +/- -0.000254 (FT_EFF_Eigen_C_1)
                             +/-  0.000345 (FT_EFF_Eigen_C_2)
                             +/- -0.000369 (FT_EFF_Eigen_C_3)
                             +/- -0.044330 (FT_EFF_Eigen_Light_0)
                             +/- -0.004536 (FT_EFF_Eigen_Light_1)
                             +/-  0.000600 (FT_EFF_Eigen_Light_2)
                             +/-  0.000267 (FT_EFF_Eigen_Light_3)
                             +/-  0.002041 (FT_EFF_extrapolation)
                             +/- -0.015764 (FT_EFF_extrapolation_from_charm)
                             +/- -0.011343 (JET_EffectiveNP_Detector1)
                             +/- -0.002386 (JET_EffectiveNP_Detector2)
                             +/- -0.051739 (JET_EffectiveNP_Mixed1)
                             +/- -0.036878 (JET_EffectiveNP_Mixed2)
                             +/- -0.000369 (JET_EffectiveNP_Mixed3)
                             +/- -0.127909 (JET_EffectiveNP_Modelling1)
                             +/- -0.034695 (JET_EffectiveNP_Modelling2)
                             +/- -0.052933 (JET_EffectiveNP_Modelling3)
                             +/- -0.009604 (JET_EffectiveNP_Modelling4)
                             +/-  0.002374 (JET_EffectiveNP_Statistical1)
                             +/-  0.010297 (JET_EffectiveNP_Statistical2)
                             +/- -0.001665 (JET_EffectiveNP_Statistical3)
                             +/- -0.020479 (JET_EffectiveNP_Statistical4)
                             +/- -0.020608 (JET_EffectiveNP_Statistical5)
                             +/- -0.010383 (JET_EffectiveNP_Statistical6)
                             +/- -0.030908 (JET_EtaIntercalibration_Modelling)
                             +/- -0.058070 (JET_EtaIntercalibration_NonClosure_2018data)
                             +/- -0.000009 (JET_EtaIntercalibration_NonClosure_highE)
                             +/- -0.002257 (JET_EtaIntercalibration_NonClosure_negEta)
                             +/- -0.003473 (JET_EtaIntercalibration_NonClosure_posEta)
                             +/-  0.013758 (JET_EtaIntercalibration_TotalStat)
                             +/-  0.000056 (JET_Flavor_Composition_prop)
                             +/-  0.005530 (JET_Flavor_Response_prop)
                             +/-  0.090697 (JET_JER_DataVsMC_MC16_PseudoData)
                             +/-  0.001300 (JET_JER_EffectiveNP_10_PseudoData)
                             +/- -0.011958 (JET_JER_EffectiveNP_11_PseudoData)
                             +/-  0.042314 (JET_JER_EffectiveNP_12restTerm_PseudoData)
                             +/-  0.163724 (JET_JER_EffectiveNP_1_PseudoData)
                             +/-  0.375088 (JET_JER_EffectiveNP_2_PseudoData)
                             +/-  0.020439 (JET_JER_EffectiveNP_3_PseudoData)
                             +/- -0.122096 (JET_JER_EffectiveNP_4_PseudoData)
                             +/-  0.054727 (JET_JER_EffectiveNP_5_PseudoData)
                             +/-  0.065998 (JET_JER_EffectiveNP_6_PseudoData)
                             +/-  0.039460 (JET_JER_EffectiveNP_7_PseudoData)
                             +/- -0.039428 (JET_JER_EffectiveNP_8_PseudoData)
                             +/-  0.047643 (JET_JER_EffectiveNP_9_PseudoData)
                             +/- -0.068809 (JET_JvtEfficiency)
                             +/-  0.027877 (JET_Pileup_OffsetMu)
                             +/-  0.066013 (JET_Pileup_OffsetNPV)
                             +/- -0.100469 (JET_Pileup_PtTerm)
                             +/-  0.135172 (JET_Pileup_RhoTopology)
                             +/-  0.000366 (JET_PunchThrough_MC16)
                             +/- -0.035273 (LUMINOSITY)
                             +/-  0.007467 (MET_SoftTrk_ResoPara)
                             +/-  0.001807 (MET_SoftTrk_ResoPerp)
                             +/-  0.006000 (MET_SoftTrk_Scale)
                             +/- -0.000000 (MUON_EFF_BADMUON_SYS)
                             +/- -0.001540 (MUON_EFF_ISO_STAT)
                             +/- -0.006445 (MUON_EFF_ISO_SYS)
                             +/- -0.000804 (MUON_EFF_RECO_STAT)
                             +/- -0.001671 (MUON_EFF_RECO_SYS)
                             +/- -0.000382 (MUON_EFF_TTVA_STAT)
                             +/- -0.000506 (MUON_EFF_TTVA_SYS)
                             +/- -0.004825 (MUON_EFF_TrigStatUncertainty)
                             +/- -0.009973 (MUON_EFF_TrigSystUncertainty)
                             +/- -0.000191 (MUON_SAGITTA_DATASTAT)
                             +/- -0.000539 (MUON_SAGITTA_RESBIAS)
                             +/- -0.120221 (PRW_DATASF)
                             +/- -0.035314 (THEORY_CROSS_SECTION_Wjets)
                             +/- -0.070213 (THEORY_CROSS_SECTION_other_top_noWt)
                             +/- -0.008686 (THEORY_CROSS_SECTION_signal)
                             +/- -0.095152 (THEORY_DR_DS_signal)
                             +/-  0.000168 (THEORY_EWK_Wjets)
                             +/- -0.000142 (THEORY_EWK_multiboson_noW)
                             +/- -0.234218 (THEORY_FSR_signal)
                             +/-  0.056887 (THEORY_HDAMP_signal)
                             +/-  0.085168 (THEORY_ISR_signal)
                             +/- -0.010991 (THEORY_PDF4LHC_VARIATION_Wjets)
                             +/- -0.003264 (THEORY_PDF4LHC_VARIATION_multiboson_noW)
                             +/- -0.006910 (THEORY_PDF4LHC_VARIATION_signal)
                             +/- -0.000629 (THEORY_PTHARD_signal)
                             +/- -0.047272 (THEORY_SCALE_COMBINED_Wjets)
                             +/- -0.020699 (THEORY_SCALE_COMBINED_multiboson_noW)
                             +/- -0.016834 (THEORY_SCALE_FACTORISATION_signal)
                             +/-  0.026251 (THEORY_SCALE_RENORMALISATION_signal)
                             +/-  0.070933 (THEORY_SHOWERING_HERWIG7_signal)
                             +/- -0.157238 (THEORY_TOPRECOIL_signal)
                             +/- -0.353073 (THEORY_TOP_MASS_signal)
                             +/- -0.000243 (WMASS_VAR_signal)

                             +/- -0.254963 (FULL_SYS_SUM)
                             +/- -0.228396 (FULL_SYS_SUM_DETECTOR)
                             +/- -0.291772 (FULL_SYS_SUM_THEORY)
                             +/- -0.254963 (FULL_SYS_TOYS)
                             +/- -0.254451 (TOTAL)
                             +/- -0.248594 (TOTAL_NO_DR_DS)
                             +/- -0.255575 (TOTAL_SYSONLY)
                             +/-  0.040956 (statY)

  Nuisance parameters                 -0.000  +/-  1.000  (EG_RESOLUTION_ALL)
                                       0.008  +/-  1.000  (EG_SCALE_ALL)
                                       0.030  +/-  0.999  (EL_EFF_ID_TOTAL_1NPCOR_PLUS_UNCOR)
                                       0.057  +/-  0.995  (EL_EFF_Iso_TOTAL_1NPCOR_PLUS_UNCOR)
                                       0.016  +/-  1.000  (EL_EFF_Reco_TOTAL_1NPCOR_PLUS_UNCOR)
                                       0.000  +/-  1.000  (EL_EFF_TriggerEff_TOTAL_1NPCOR_PLUS_UNCOR)
                                       0.000  +/-  1.000  (EL_EFF_Trigger_TOTAL_1NPCOR_PLUS_UNCOR)
                                       0.000  +/-  1.000  (MUON_SAGITTA_DATASTAT)
                                       0.001  +/-  1.000  (MUON_SAGITTA_RESBIAS)
                                      -0.000  +/-  1.000  (MUON_EFF_BADMUON_SYS)
                                       0.011  +/-  1.000  (MUON_EFF_ISO_STAT)
                                       0.025  +/-  0.999  (MUON_EFF_ISO_SYS)
                                       0.003  +/-  1.000  (MUON_EFF_RECO_STAT)
                                       0.018  +/-  1.000  (MUON_EFF_RECO_SYS)
                                       0.002  +/-  1.000  (MUON_EFF_TTVA_STAT)
                                       0.003  +/-  1.000  (MUON_EFF_TTVA_SYS)
                                       0.017  +/-  1.000  (MUON_EFF_TrigStatUncertainty)
                                       0.035  +/-  0.998  (MUON_EFF_TrigSystUncertainty)
                                       0.018  +/-  0.998  (JET_EffectiveNP_Detector1)
                                      -0.001  +/-  1.000  (JET_EffectiveNP_Detector2)
                                       0.130  +/-  0.980  (JET_EffectiveNP_Mixed1)
                                       0.037  +/-  0.993  (JET_EffectiveNP_Mixed2)
                                       0.019  +/-  1.000  (JET_EffectiveNP_Mixed3)
                                       0.155  +/-  0.881  (JET_EffectiveNP_Modelling1)
                                       0.035  +/-  0.998  (JET_EffectiveNP_Modelling2)
                                      -0.003  +/-  0.994  (JET_EffectiveNP_Modelling3)
                                       0.011  +/-  1.000  (JET_EffectiveNP_Modelling4)
                                       0.036  +/-  0.999  (JET_EffectiveNP_Statistical1)
                                       0.015  +/-  0.999  (JET_EffectiveNP_Statistical2)
                                       0.018  +/-  1.000  (JET_EffectiveNP_Statistical3)
                                       0.000  +/-  0.999  (JET_EffectiveNP_Statistical4)
                                       0.009  +/-  0.999  (JET_EffectiveNP_Statistical5)
                                       0.012  +/-  1.000  (JET_EffectiveNP_Statistical6)
                                       0.184  +/-  0.960  (JET_EtaIntercalibration_Modelling)
                                       0.058  +/-  0.986  (JET_EtaIntercalibration_NonClosure_2018data)
                                       0.000  +/-  1.000  (JET_EtaIntercalibration_NonClosure_highE)
                                      -0.001  +/-  1.000  (JET_EtaIntercalibration_NonClosure_negEta)
                                       0.002  +/-  1.000  (JET_EtaIntercalibration_NonClosure_posEta)
                                       0.035  +/-  0.998  (JET_EtaIntercalibration_TotalStat)
                                       0.000  +/-  1.000  (JET_Flavor_Composition_prop)
                                       0.049  +/-  0.998  (JET_Flavor_Response_prop)
                                      -0.021  +/-  0.994  (JET_Pileup_OffsetMu)
                                      -0.089  +/-  0.949  (JET_Pileup_OffsetNPV)
                                      -0.081  +/-  0.973  (JET_Pileup_PtTerm)
                                       0.247  +/-  0.667  (JET_Pileup_RhoTopology)
                                       0.005  +/-  1.000  (JET_PunchThrough_MC16)
                                      -0.057  +/-  0.995  (JET_JER_DataVsMC_MC16_PseudoData)
                                      -0.005  +/-  0.924  (JET_JER_EffectiveNP_1_PseudoData)
                                       0.031  +/-  0.837  (JET_JER_EffectiveNP_2_PseudoData)
                                      -0.008  +/-  0.974  (JET_JER_EffectiveNP_3_PseudoData)
                                       0.034  +/-  0.997  (JET_JER_EffectiveNP_4_PseudoData)
                                       0.111  +/-  0.983  (JET_JER_EffectiveNP_5_PseudoData)
                                       0.067  +/-  0.958  (JET_JER_EffectiveNP_6_PseudoData)
                                      -0.036  +/-  0.998  (JET_JER_EffectiveNP_7_PseudoData)
                                       0.075  +/-  0.995  (JET_JER_EffectiveNP_8_PseudoData)
                                       0.028  +/-  0.982  (JET_JER_EffectiveNP_9_PseudoData)
                                       0.035  +/-  0.999  (JET_JER_EffectiveNP_10_PseudoData)
                                       0.051  +/-  0.997  (JET_JER_EffectiveNP_11_PseudoData)
                                       0.054  +/-  0.995  (JET_JER_EffectiveNP_12restTerm_PseudoData)
                                       0.048  +/-  0.997  (JET_JvtEfficiency)
                                      -0.199  +/-  0.982  (PRW_DATASF)
                                       0.002  +/-  0.999  (MET_SoftTrk_ResoPara)
                                       0.013  +/-  1.000  (MET_SoftTrk_ResoPerp)
                                       0.004  +/-  1.000  (MET_SoftTrk_Scale)
                                       0.015  +/-  1.000  (WMASS_VAR_signal)
                                       0.323  +/-  0.890  (FT_EFF_Eigen_B_0)
                                       0.235  +/-  0.938  (FT_EFF_Eigen_B_1)
                                       0.056  +/-  0.993  (FT_EFF_Eigen_B_2)
                                       0.009  +/-  1.000  (FT_EFF_Eigen_B_3)
                                       0.000  +/-  1.000  (FT_EFF_Eigen_B_4)
                                       0.001  +/-  1.000  (FT_EFF_Eigen_B_5)
                                       0.000  +/-  1.000  (FT_EFF_Eigen_B_6)
                                       0.000  +/-  1.000  (FT_EFF_Eigen_B_7)
                                       0.000  +/-  1.000  (FT_EFF_Eigen_B_8)
                                      -0.001  +/-  0.991  (FT_EFF_Eigen_C_0)
                                       0.035  +/-  0.999  (FT_EFF_Eigen_C_1)
                                       0.002  +/-  1.000  (FT_EFF_Eigen_C_2)
                                       0.000  +/-  1.000  (FT_EFF_Eigen_C_3)
                                      -0.021  +/-  0.988  (FT_EFF_Eigen_Light_0)
                                       0.012  +/-  0.999  (FT_EFF_Eigen_Light_1)
                                       0.011  +/-  1.000  (FT_EFF_Eigen_Light_2)
                                       0.002  +/-  1.000  (FT_EFF_Eigen_Light_3)
                                       0.039  +/-  0.998  (FT_EFF_extrapolation)
                                      -0.004  +/-  0.999  (FT_EFF_extrapolation_from_charm)
                                       0.005  +/-  1.000  (THEORY_CROSS_SECTION_signal)
                                      -0.502  +/-  0.565  (THEORY_SHOWERING_HERWIG7_signal)
                                       0.025  +/-  0.998  (THEORY_SCALE_FACTORISATION_signal)
                                      -0.056  +/-  0.997  (THEORY_SCALE_RENORMALISATION_signal)
                                      -0.376  +/-  0.918  (THEORY_ISR_signal)
                                       0.046  +/-  0.936  (THEORY_FSR_signal)
                                      -0.395  +/-  0.912  (THEORY_HDAMP_signal)
                                      -0.125  +/-  0.981  (THEORY_PTHARD_signal)
                                      -0.019  +/-  0.941  (THEORY_TOPRECOIL_signal)
                                      -0.329  +/-  0.934  (THEORY_TOP_MASS_signal)
                                       0.004  +/-  1.000  (THEORY_PDF4LHC_VARIATION_signal)
                                       0.165  +/-  0.913  (THEORY_DR_DS_signal)
                                      -0.005  +/-  0.987  (THEORY_CROSS_SECTION_Wjets)
                                       0.055  +/-  0.947  (THEORY_SCALE_COMBINED_Wjets)
                                       0.015  +/-  0.999  (THEORY_PDF4LHC_VARIATION_Wjets)
                                       0.003  +/-  1.000  (THEORY_EWK_Wjets)
                                       0.012  +/-  0.994  (THEORY_SCALE_COMBINED_multiboson_noW)
                                       0.005  +/-  1.000  (THEORY_PDF4LHC_VARIATION_multiboson_noW)
                                      -0.000  +/-  1.000  (THEORY_EWK_multiboson_noW)
                                       0.037  +/-  0.917  (THEORY_CROSS_SECTION_other_top_noWt)
                                      -0.017  +/-  0.994  (FAKES_Electron)
                                      -0.004  +/-  1.000  (FAKES_Muon)
                                       0.098  +/-  0.982  (LUMINOSITY)

  Correlation matrix 
        1   0.00175  6.41e-05   0.00366    0.0186   0.00678  1.93e-14  1.93e-14  0.000207  0.000584  1.44e-14   0.00167   0.00699  0.000871   0.00181  0.000414  0.000549   0.00523    0.0108    0.0123   0.00259    0.0572    0.0402    0.0004     0.157    0.0376    0.0577    0.0104  -0.00258   -0.0112    0.0018    0.0222    0.0224    0.0113    0.0349    0.0638  9.85e-06   0.00245   0.00376   -0.0149 -6.09e-05    -0.006   -0.0304   -0.0754     0.112    -0.219 -0.000397   -0.0987    -0.192    -0.485   -0.0227     0.133   -0.0603   -0.0746   -0.0429    0.0429   -0.0526  -0.00141     0.013   -0.0461    0.0747     0.133  -0.00809  -0.00196   -0.0065  0.000264     0.519    -0.115   -0.0193    0.0454 -0.000135  0.000542 -2.08e-05  6.87e-06   6.6e-07    0.0166  0.000275 -0.000373    0.0004    0.0486   0.00492 -0.000651 -0.000289  -0.00221    0.0171   0.00941    -0.136    0.0183   -0.0285      -0.1     0.271   -0.0676  0.000695     0.181      0.41   0.00749     0.113    0.0388    0.0541    0.0119 -0.000182    0.0226   0.00354  0.000154     0.083    0.0413   0.00875    0.0389
  0.00175         1    -4e-05 -9.19e-05 -0.000244 -7.68e-05 -6.22e-17 -6.22e-17 -2.02e-06 -5.48e-06  2.31e-17 -3.43e-05  -0.00011 -1.25e-05 -5.99e-05 -8.45e-06 -1.09e-05 -7.11e-05 -0.000154  0.000138  1.71e-05  0.000288   0.00028  5.11e-05   0.00121  4.85e-05  0.000252     5e-05  8.93e-06  5.03e-05  1.77e-05   9.1e-05  9.61e-05   5.9e-05  0.000313  0.000403 -8.94e-08 -1.51e-05 -1.06e-05  9.95e-05  1.66e-07 -2.97e-07  6.29e-05  0.000252  0.000429  0.000477  3.32e-06 -0.000256   -0.0013   -0.0017  -0.00055 -0.000135 -0.000337 -0.000832 -0.000221 -0.000266 -0.000527  -6.2e-05 -0.000158 -0.000123 -0.000123 -5.25e-05 -9.47e-05 -5.22e-05 -6.21e-05 -1.59e-05 -0.000848 -0.000633 -0.000209 -6.44e-05 -8.81e-06 -1.98e-06 -1.74e-07 -7.09e-09 -2.28e-09 -0.000463 -8.23e-05 -2.31e-05 -3.27e-06 -0.000525 -4.36e-05  -6.5e-06  -4.1e-06  -4.5e-05 -0.000161 -7.46e-05  -0.00022 -0.000101 -0.000158 -0.000612  0.000812 -0.000906 -0.000425  0.000735  -0.00108 -1.19e-05  -0.00104 -0.000476 -0.000789 -0.000129 -3.65e-06 -0.000293 -5.17e-05 -1.66e-06  -0.00119 -0.000316 -7.36e-05 -0.000499
 6.41e-05    -4e-05         1  -0.00048  -0.00105 -0.000311 -1.54e-16 -1.54e-16 -3.48e-06 -1.11e-05  5.81e-18  -0.00018 -0.000468 -5.36e-05 -0.000302 -3.94e-05 -5.02e-05 -0.000309 -0.000655 -5.04e-05   7.1e-06 -0.000862 -0.000105 -8.21e-05  0.000782 -0.000269  0.000139 -6.46e-05 -0.000291    -9e-06 -0.000175  1.62e-05  7.13e-08 -4.87e-05 -0.000958  -6.8e-05 -2.63e-07 -6.01e-05 -3.06e-05 -3.89e-05 -2.05e-06 -0.000368  0.000242   0.00125  0.000494  0.000884 -2.62e-05 -0.000381  -0.00309  -0.00459  -0.00154 -0.000218   -0.0015  -0.00231 -0.000292 -0.000826  -0.00128 -0.000147 -0.000484 -0.000733 -0.000396  0.000622 -0.000257 -0.000293 -0.000248 -0.000183  -0.00264  -0.00396  -0.00104 -0.000234 -1.96e-05 -8.93e-06 -1.07e-07 -3.08e-08 -7.54e-09 -0.000987 -0.000472  -9.1e-05  2.36e-06  -0.00118 -9.45e-05 -5.87e-05 -1.99e-05 -0.000342 -0.000492  -0.00026  0.000128 -0.000352  4.71e-05   0.00199  0.000414   0.00119  0.000273  0.000748 -0.000122 -4.82e-05  -0.00449  -0.00141  -0.00327 -0.000475 -3.68e-05  -0.00103 -0.000191 -2.59e-06  -0.00408 -0.000912 -0.000167  -0.00207
  0.00366 -9.19e-05  -0.00048         1  -0.00425  -0.00125 -3.87e-16 -3.87e-16  -4.6e-05 -4.21e-05 -4.88e-17 -0.000745  -0.00186 -0.000211  -0.00126 -0.000161 -0.000204  -0.00122  -0.00259 -0.000263 -2.35e-05  -0.00482 -0.000894 -0.000472 -0.000135  -0.00145  0.000598  -0.00041  -0.00158 -9.02e-05  -0.00101  0.000203  0.000135 -0.000218  -0.00642  -0.00177 -1.05e-06 -0.000148 -0.000214 -0.000468  -1.8e-05  -0.00201  0.000262   0.00245   0.00204  -0.00444 -0.000214 -0.000326   -0.0061  -0.00942  -0.00272 -0.000689  -0.00389   -0.0055 -0.000397  -0.00226   -0.0026 -0.000654  -0.00155  -0.00174  -0.00148   0.00356   -0.0012  -0.00121  -0.00109  -0.00096   -0.0115   -0.0163  -0.00346  -0.00115 -3.56e-05 -4.59e-05 -2.43e-06 -2.07e-07 -3.15e-08  -0.00391  -0.00212  -0.00023 -4.04e-06  -0.00469 -0.000692 -0.000394 -9.78e-05  -0.00169  -0.00173  -0.00111  -0.00286  -0.00157 -0.000422   0.00479 -2.99e-05    0.0014 -0.000272   0.00263  0.000395 -0.000237   -0.0186  -0.00557    -0.013  -0.00185 -0.000144  -0.00415 -0.000732 -1.36e-05   -0.0165   -0.0035 -0.000581  -0.00829
   0.0186 -0.000244  -0.00105  -0.00425         1  -0.00283 -1.04e-15 -1.04e-15    -9e-05 -8.16e-05 -1.09e-16  -0.00157  -0.00417 -0.000474  -0.00267 -0.000348 -0.000442  -0.00274  -0.00582 -0.000303 -1.75e-05  -0.00735  -0.00126 -0.000805  -0.00269  -0.00214   0.00167 -0.000635  -0.00265 -0.000533  -0.00172  0.000552  0.000449 -0.000238   -0.0139  -0.00274 -2.19e-06  -0.00038 -0.000431   -0.0015 -2.85e-05  -0.00331 -0.000699   0.00132   0.00427   -0.0229 -0.000355  -0.00186     -0.02   -0.0306  -0.00905  -0.00263  -0.00996   -0.0157  -0.00223  -0.00538  -0.00819  -0.00191  -0.00426  -0.00455  -0.00423   0.00607  -0.00276  -0.00256  -0.00242   -0.0018   -0.0306   -0.0334  -0.00883  -0.00243 -0.000146 -9.37e-05 -4.27e-06 -2.58e-07  -5.7e-08   -0.0095  -0.00413 -0.000569 -1.34e-05   -0.0107  -0.00133  -0.00068 -0.000173  -0.00283  -0.00387  -0.00234  -0.00113   -0.0028  -0.00104   0.00709  0.000397 -0.000231  -0.00174   0.00642  -0.00522 -0.000537   -0.0375   -0.0121   -0.0268  -0.00381 -0.000261  -0.00866  -0.00148 -3.06e-05   -0.0347  -0.00768  -0.00137   -0.0185
  0.00678 -7.68e-05 -0.000311  -0.00125  -0.00283         1 -3.25e-16 -3.25e-16 -2.76e-05 -2.63e-05 -2.54e-17 -0.000461  -0.00125 -0.000142 -0.000787 -0.000103 -0.000131 -0.000819  -0.00174 -2.78e-05   3.7e-06  -0.00189 -0.000238 -0.000211 -0.000816 -0.000556  0.000619 -0.000153 -0.000733 -0.000178 -0.000471  0.000211  0.000186 -3.41e-05  -0.00411 -0.000637 -6.57e-07 -0.000113 -0.000128 -0.000476 -7.92e-06 -0.000918 -0.000329 -7.42e-06   0.00144  -0.00828 -9.93e-05 -0.000638   -0.0063  -0.00955  -0.00278 -0.000897  -0.00299  -0.00484 -0.000752  -0.00165  -0.00256 -0.000634  -0.00133  -0.00135  -0.00136   0.00176 -0.000836 -0.000746 -0.000721 -0.000514  -0.00977  -0.00972  -0.00267 -0.000727 -4.82e-05 -2.79e-05 -1.31e-06 -7.06e-08 -1.67e-08  -0.00296   -0.0012 -0.000169 -7.02e-06  -0.00327 -0.000411 -0.000198 -4.97e-05 -0.000798  -0.00115 -0.000692   0.00014 -0.000804 -0.000357   0.00157  0.000445 -0.000542 -0.000767   0.00224  -0.00209 -0.000162   -0.0109  -0.00361  -0.00782  -0.00112 -7.36e-05  -0.00255 -0.000437 -9.61e-06   -0.0102  -0.00228 -0.000423  -0.00552
 1.93e-14 -6.22e-17 -1.54e-16 -3.87e-16 -1.04e-15 -3.25e-16         1 -2.57e-28 -4.31e-18 -5.27e-18   7.8e-29 -1.46e-16 -4.73e-16 -5.35e-17 -2.53e-16 -3.56e-17 -4.57e-17 -3.08e-16  -6.6e-16   3.1e-16  4.32e-17  6.38e-16  6.03e-16  6.81e-17  1.86e-15  1.66e-16  6.08e-16  9.38e-17  9.12e-18  2.22e-17  6.06e-17  2.21e-16  1.57e-16   1.2e-16 -1.21e-16   8.4e-16 -2.39e-19 -3.82e-17 -4.61e-17  3.77e-17 -4.72e-20 -1.44e-17  2.41e-16  1.02e-15  1.31e-15 -1.78e-15  7.95e-18  -5.1e-16 -5.69e-15 -8.28e-15 -2.66e-15 -8.22e-16  -2.3e-15 -4.14e-15 -7.62e-16 -1.34e-15 -2.59e-15 -4.39e-16 -1.05e-15 -1.07e-15 -7.82e-16  5.32e-16 -3.04e-16 -2.27e-16 -1.67e-16 -6.95e-17 -5.11e-15  -2.9e-15 -1.28e-15 -1.82e-16 -4.03e-17 -7.44e-18 -3.05e-19 -1.55e-20 -6.68e-21 -1.27e-15 -2.94e-16  -9.8e-17 -5.15e-18 -1.23e-15 -7.81e-17 -2.61e-17 -9.56e-18 -1.53e-16 -4.08e-16 -1.93e-16  6.67e-15 -3.57e-16 -1.64e-16  3.13e-16  1.13e-15 -7.68e-16 -3.67e-16  1.41e-15 -2.27e-15 -7.19e-17 -3.07e-15 -1.11e-15    -2e-15 -3.58e-16 -7.38e-18 -6.97e-16 -1.19e-16 -4.06e-18 -2.96e-15 -7.34e-16 -1.63e-16 -2.01e-15
 1.93e-14 -6.22e-17 -1.54e-16 -3.87e-16 -1.04e-15 -3.25e-16 -2.57e-28         1 -4.31e-18 -5.27e-18   7.8e-29 -1.46e-16 -4.73e-16 -5.35e-17 -2.53e-16 -3.56e-17 -4.57e-17 -3.08e-16  -6.6e-16   3.1e-16  4.32e-17  6.38e-16  6.03e-16  6.81e-17  1.86e-15  1.66e-16  6.08e-16  9.38e-17  9.12e-18  2.22e-17  6.06e-17  2.21e-16  1.57e-16   1.2e-16 -1.21e-16   8.4e-16 -2.39e-19 -3.82e-17 -4.61e-17  3.77e-17 -4.72e-20 -1.44e-17  2.41e-16  1.02e-15  1.31e-15 -1.78e-15  7.95e-18  -5.1e-16 -5.69e-15 -8.28e-15 -2.66e-15 -8.22e-16  -2.3e-15 -4.14e-15 -7.62e-16 -1.34e-15 -2.59e-15 -4.39e-16 -1.05e-15 -1.07e-15 -7.82e-16  5.32e-16 -3.04e-16 -2.27e-16 -1.67e-16 -6.95e-17 -5.11e-15  -2.9e-15 -1.28e-15 -1.82e-16 -4.03e-17 -7.44e-18 -3.05e-19 -1.55e-20 -6.68e-21 -1.27e-15 -2.94e-16  -9.8e-17 -5.15e-18 -1.23e-15 -7.81e-17 -2.61e-17 -9.56e-18 -1.53e-16 -4.08e-16 -1.93e-16  6.67e-15 -3.57e-16 -1.64e-16  3.13e-16  1.13e-15 -7.68e-16 -3.67e-16  1.41e-15 -2.27e-15 -7.19e-17 -3.07e-15 -1.11e-15    -2e-15 -3.58e-16 -7.38e-18 -6.97e-16 -1.19e-16 -4.06e-18 -2.96e-15 -7.34e-16 -1.63e-16 -2.01e-15
 0.000207 -2.02e-06 -3.48e-06  -4.6e-05    -9e-05 -2.76e-05 -4.31e-18 -4.31e-18         1 -3.96e-06  6.36e-18 -1.59e-05 -3.71e-05 -4.21e-06 -2.76e-05  -3.5e-06  -4.4e-06 -2.44e-05 -5.27e-05  4.91e-05  6.55e-06 -3.52e-05  8.54e-05  5.03e-06  0.000276 -2.93e-05  0.000132     1e-05 -4.58e-05  1.39e-05 -2.46e-05  5.43e-05  5.72e-05  2.04e-05 -7.77e-05  7.13e-05 -3.87e-08  2.19e-06 -8.94e-06  1.14e-05 -8.12e-07 -6.85e-05  -1.1e-05 -3.65e-05  0.000283 -0.000466 -8.97e-06  2.21e-05  0.000189  0.000377  0.000182 -3.22e-05   7.1e-05  9.61e-05   2.2e-05 -3.82e-05  7.82e-05 -3.92e-05 -1.45e-05  7.28e-05 -4.33e-05  0.000191 -3.85e-05 -1.68e-05 -2.91e-05  -2.6e-05 -0.000469  -0.00028  6.88e-06 -4.21e-05  1.25e-06 -1.81e-06 -2.17e-07 -1.32e-08 -1.33e-09 -0.000167  -6.3e-05  3.14e-06 -3.22e-06 -0.000182 -5.41e-05 -2.12e-05 -3.93e-06  -6.3e-05 -3.69e-05 -3.26e-05  8.28e-05 -5.14e-05 -6.37e-05 -0.000279  0.000352 -0.000307 -0.000224  0.000413 -7.96e-05 -6.04e-06 -0.000485 -0.000164 -0.000288 -4.99e-05 -3.19e-06 -0.000111 -2.16e-05 -8.74e-07 -0.000438 -8.53e-05 -2.11e-05 -0.000174
 0.000584 -5.48e-06 -1.11e-05 -4.21e-05 -8.16e-05 -2.63e-05 -5.27e-18 -5.27e-18 -3.96e-06         1  1.04e-17 -1.43e-05 -3.29e-05 -3.86e-06 -2.53e-05 -3.33e-06 -4.16e-06 -2.16e-05  -4.8e-05  8.14e-05  1.81e-05  4.53e-05  0.000188  1.99e-05  0.000479 -3.43e-05   0.00026   3.8e-05    -5e-05  4.35e-06 -2.19e-05   9.2e-05  0.000115  4.05e-05 -1.08e-05  0.000243 -6.33e-08 -2.87e-06 -2.67e-06  3.65e-07 -5.41e-07 -8.42e-05 -0.000104 -0.000299  0.000488  -0.00113 -7.95e-06 -9.76e-05  0.000425  0.000897  0.000406 -2.95e-05  0.000271  0.000372  3.47e-05 -3.57e-05  0.000257 -5.53e-05  5.79e-05  0.000203 -6.03e-05  0.000208 -3.15e-05  2.11e-06  -4.2e-05 -1.71e-05  -0.00067 -0.000155  8.45e-05  -5.5e-05  8.48e-07 -2.14e-06 -2.57e-07 -1.87e-08 -2.12e-09 -0.000292 -7.49e-05  4.76e-06 -7.13e-06  -0.00031 -9.35e-05 -2.85e-05 -5.78e-06 -7.84e-05 -6.11e-05 -4.36e-05 -0.000898 -3.54e-05 -7.61e-05 -0.000574   0.00101 -0.000374 -0.000441  0.000959 -0.000179  1.38e-06 -0.000582 -0.000261  -0.00039 -7.38e-05 -6.68e-06 -0.000169 -4.13e-05 -1.31e-06 -0.000603 -0.000123 -4.65e-05  -0.00017
 1.44e-14  2.31e-17  5.81e-18 -4.88e-17 -1.09e-16 -2.54e-17   7.8e-29   7.8e-29  6.36e-18  1.04e-17         1 -2.03e-17 -5.08e-17 -5.95e-18 -3.38e-17  -3.8e-18 -4.74e-18 -3.37e-17 -6.62e-17 -5.14e-16  -6.9e-17 -9.52e-16 -1.03e-15 -1.63e-16    -4e-15  -1.6e-16 -8.37e-16  -1.8e-16  -5.7e-17 -2.39e-16 -1.27e-16 -3.45e-16 -2.84e-16 -1.89e-16 -1.72e-15 -1.35e-15  7.18e-20 -4.87e-17  2.53e-17 -4.23e-16  1.49e-18  2.48e-17 -6.53e-16 -1.75e-15 -1.97e-15 -2.77e-15 -1.29e-18 -1.91e-16  4.02e-16 -8.94e-17 -1.38e-16  3.53e-16  2.68e-16  6.33e-16  7.16e-18  6.63e-16  5.46e-16  2.34e-16  3.31e-16 -4.32e-17   1.2e-16 -9.16e-16  -9.3e-18 -9.37e-17 -1.19e-16 -4.32e-17  1.32e-15 -7.07e-16 -3.95e-16 -1.85e-17 -2.49e-18   1.8e-18  7.69e-19  7.82e-20  6.22e-21  2.09e-16  2.24e-17 -1.83e-17  1.57e-17  1.28e-16  1.32e-16  5.17e-17  7.84e-18  1.79e-16 -9.72e-17 -3.34e-17 -7.54e-15  2.91e-16  1.92e-16  8.91e-16 -2.41e-15  9.44e-16  6.43e-16 -1.97e-15  1.76e-16  1.16e-17 -2.19e-16 -1.86e-16  -8.6e-16  1.63e-18  -9.3e-18 -1.75e-16  -7.5e-18  2.56e-18 -6.06e-16    -2e-16 -2.73e-18  -2.6e-16
  0.00167 -3.43e-05  -0.00018 -0.000745  -0.00157 -0.000461 -1.46e-16 -1.46e-16 -1.59e-05 -1.43e-05 -2.03e-17         1 -0.000684  -7.8e-05 -0.000462 -5.92e-05 -7.51e-05 -0.000452 -0.000957 -0.000104 -8.85e-06  -0.00173 -0.000334  -0.00017  2.84e-05 -0.000516  0.000196 -0.000151 -0.000565  -3.1e-05 -0.000367  6.26e-05  4.02e-05  -8.1e-05  -0.00228 -0.000628 -3.82e-07 -5.87e-05 -7.47e-05 -0.000159 -6.22e-06 -0.000714   0.00013     0.001   0.00073  -0.00128 -7.54e-05 -0.000118  -0.00239  -0.00369   -0.0011 -0.000242  -0.00149   -0.0021 -0.000161 -0.000827  -0.00101 -0.000228 -0.000573 -0.000676 -0.000541   0.00129 -0.000442 -0.000448 -0.000405  -0.00035  -0.00413  -0.00599  -0.00131 -0.000419 -1.36e-05 -1.66e-05 -7.79e-07 -6.52e-08  -1.1e-08  -0.00143 -0.000773 -8.85e-05 -7.49e-08  -0.00172 -0.000238 -0.000137 -3.45e-05 -0.000596 -0.000652 -0.000408 -0.000532 -0.000548 -0.000108   0.00196  -4.4e-05  0.000702 -8.86e-06  0.000948  0.000163 -8.62e-05  -0.00685  -0.00206  -0.00482 -0.000681  -5.3e-05  -0.00153 -0.000268 -4.81e-06   -0.0061   -0.0013 -0.000217  -0.00306
  0.00699  -0.00011 -0.000468  -0.00186  -0.00417  -0.00125 -4.73e-16 -4.73e-16 -3.71e-05 -3.29e-05 -5.08e-17 -0.000684         1 -0.000209  -0.00117 -0.000153 -0.000194  -0.00121  -0.00257 -0.000152 -1.01e-05  -0.00309 -0.000578 -0.000351  -0.00145 -0.000884  0.000671 -0.000277  -0.00111  -0.00026 -0.000722  0.000215  0.000166 -0.000108  -0.00612   -0.0012 -9.46e-07 -0.000173 -0.000184 -0.000691 -1.16e-05  -0.00137 -0.000343  0.000488   0.00172   -0.0104 -0.000146 -0.000893  -0.00944   -0.0145  -0.00434  -0.00121   -0.0046  -0.00729  -0.00108  -0.00242  -0.00387 -0.000851  -0.00194  -0.00214   -0.0019   0.00251  -0.00121  -0.00113  -0.00105  -0.00077   -0.0136   -0.0146    -0.004  -0.00105 -6.96e-05 -4.01e-05  -1.7e-06 -9.79e-08  -2.4e-08  -0.00416  -0.00177  -0.00026 -3.86e-06  -0.00465 -0.000544 -0.000279 -7.23e-05  -0.00118   -0.0017  -0.00101 -0.000104  -0.00119  -0.00042   0.00324 -4.65e-05 -1.48e-05 -0.000655    0.0026  -0.00254 -0.000237   -0.0162  -0.00526   -0.0117  -0.00165 -0.000111  -0.00376  -0.00064 -1.31e-05   -0.0151  -0.00336 -0.000601  -0.00813
 0.000871 -1.25e-05 -5.36e-05 -0.000211 -0.000474 -0.000142 -5.35e-17 -5.35e-17 -4.21e-06 -3.86e-06 -5.95e-18  -7.8e-05 -0.000209         1 -0.000133 -1.74e-05 -2.21e-05 -0.000137 -0.000292 -1.82e-05 -1.06e-06 -0.000357 -6.67e-05 -4.02e-05 -0.000158 -0.000102  7.64e-05 -3.17e-05 -0.000128 -2.93e-05 -8.31e-05  2.41e-05   1.9e-05 -1.27e-05 -0.000695 -0.000136 -1.08e-07 -1.99e-05 -2.07e-05  -7.8e-05 -1.32e-06 -0.000158 -3.73e-05  6.17e-05  0.000198  -0.00116 -1.67e-05 -0.000101  -0.00106  -0.00162 -0.000487 -0.000134 -0.000518 -0.000819 -0.000119 -0.000273 -0.000432 -9.55e-05 -0.000218  -0.00024 -0.000215  0.000289 -0.000137 -0.000128  -0.00012 -8.81e-05  -0.00153  -0.00167 -0.000454  -0.00012  -7.8e-06 -4.58e-06  -1.9e-07 -1.11e-08 -2.74e-09 -0.000473 -0.000203 -2.96e-05 -4.33e-07  -0.00053 -6.24e-05  -3.2e-05 -8.29e-06 -0.000135 -0.000195 -0.000116 -1.98e-05 -0.000135 -4.49e-05  0.000383  3.33e-06  1.71e-05 -7.08e-05  0.000303 -0.000274 -2.67e-05  -0.00185 -0.000601  -0.00133 -0.000189 -1.29e-05  -0.00043 -7.35e-05 -1.48e-06  -0.00172 -0.000383 -6.88e-05 -0.000925
  0.00181 -5.99e-05 -0.000302  -0.00126  -0.00267 -0.000787 -2.53e-16 -2.53e-16 -2.76e-05 -2.53e-05 -3.38e-17 -0.000462  -0.00117 -0.000133         1   -0.0001 -0.000127 -0.000769  -0.00163 -0.000156 -1.33e-05  -0.00281 -0.000527  -0.00028 -0.000176  -0.00084  0.000376 -0.000242 -0.000933 -7.41e-05 -0.000603  0.000124  8.85e-05 -0.000124  -0.00395  -0.00103 -6.49e-07  -9.9e-05 -0.000129 -0.000311 -1.04e-05  -0.00118  0.000102   0.00134   0.00124  -0.00329 -0.000125 -0.000275  -0.00423  -0.00651  -0.00191 -0.000474  -0.00251  -0.00365 -0.000331  -0.00142  -0.00177 -0.000421    -0.001  -0.00113  -0.00097    0.0021  -0.00076 -0.000752 -0.000688 -0.000582  -0.00737     -0.01  -0.00225 -0.000712 -2.62e-05 -2.82e-05 -1.39e-06 -1.11e-07 -1.86e-08   -0.0025  -0.00129 -0.000149 -1.92e-06  -0.00297 -0.000413 -0.000231 -5.79e-05 -0.000991   -0.0011  -0.00069  -0.00143 -0.000922 -0.000246   0.00288 -4.72e-07   0.00077 -0.000197   0.00168 -0.000107 -0.000148   -0.0115   -0.0035  -0.00807  -0.00114 -8.74e-05  -0.00258 -0.000452 -8.44e-06   -0.0103   -0.0022 -0.000373   -0.0052
 0.000414 -8.45e-06 -3.94e-05 -0.000161 -0.000348 -0.000103 -3.56e-17 -3.56e-17  -3.5e-06 -3.33e-06  -3.8e-18 -5.92e-05 -0.000153 -1.74e-05   -0.0001         1 -1.65e-05 -0.000101 -0.000213 -1.37e-05  -6.6e-07 -0.000317 -5.23e-05 -3.24e-05 -2.88e-05 -9.49e-05  6.08e-05 -2.66e-05 -0.000111  -1.3e-05 -7.16e-05  2.01e-05  1.64e-05 -1.15e-05 -0.000502 -0.000109 -8.39e-08 -1.35e-05 -1.62e-05 -4.46e-05 -1.21e-06  -0.00014 -8.83e-07  0.000127  0.000176   -0.0006 -1.49e-05 -4.89e-05 -0.000628 -0.000956  -0.00028 -7.76e-05 -0.000343 -0.000516  -5.9e-05 -0.000192 -0.000258 -6.27e-05 -0.000141 -0.000154  -0.00014   0.00026   -0.0001 -9.61e-05    -9e-05 -7.16e-05  -0.00104  -0.00127 -0.000306 -9.21e-05 -4.22e-06  -3.6e-06 -1.69e-07  -1.2e-08 -2.29e-09 -0.000341 -0.000162 -2.01e-05 -4.48e-07 -0.000395 -5.29e-05  -2.8e-05 -7.04e-06 -0.000118 -0.000144 -8.88e-05 -5.29e-05 -0.000112  -3.2e-05   0.00033  3.22e-05  6.21e-05  -4.5e-05  0.000252  -8.8e-05 -1.94e-05  -0.00145 -0.000455  -0.00103 -0.000146 -1.07e-05 -0.000331 -5.76e-05 -1.13e-06  -0.00132 -0.000287 -5.04e-05  -0.00068
 0.000549 -1.09e-05 -5.02e-05 -0.000204 -0.000442 -0.000131 -4.57e-17 -4.57e-17  -4.4e-06 -4.16e-06 -4.74e-18 -7.51e-05 -0.000194 -2.21e-05 -0.000127 -1.65e-05         1 -0.000128 -0.000271 -1.65e-05 -7.95e-07 -0.000396 -6.45e-05 -4.03e-05 -2.39e-05 -0.000119  7.71e-05 -3.33e-05 -0.000139 -1.58e-05    -9e-05  2.55e-05  2.07e-05 -1.42e-05 -0.000628 -0.000134 -1.06e-07 -1.74e-05 -2.04e-05 -5.48e-05 -1.51e-06 -0.000175  8.01e-07  0.000167  0.000222 -0.000735 -1.86e-05 -6.43e-05 -0.000814  -0.00124 -0.000365 -9.87e-05 -0.000439 -0.000664 -7.78e-05 -0.000244 -0.000335 -7.89e-05  -0.00018 -0.000198 -0.000178  0.000325 -0.000128 -0.000122 -0.000114 -9.05e-05  -0.00132  -0.00161 -0.000391 -0.000117 -5.45e-06 -4.55e-06 -2.11e-07 -1.48e-08 -2.88e-09 -0.000435 -0.000205 -2.58e-05 -5.13e-07 -0.000503 -6.62e-05 -3.51e-05 -8.86e-06 -0.000148 -0.000184 -0.000113 -5.91e-05 -0.000141 -4.09e-05  0.000418   4.2e-05  7.32e-05 -5.71e-05   0.00032 -0.000124 -2.46e-05  -0.00184 -0.000579  -0.00131 -0.000186 -1.35e-05 -0.000421 -7.31e-05 -1.43e-06  -0.00168 -0.000366 -6.43e-05 -0.000864
  0.00523 -7.11e-05 -0.000309  -0.00122  -0.00274 -0.000819 -3.08e-16 -3.08e-16 -2.44e-05 -2.16e-05 -3.37e-17 -0.000452  -0.00121 -0.000137 -0.000769 -0.000101 -0.000128         1  -0.00169 -0.000113 -7.49e-06  -0.00211 -0.000408 -0.000239 -0.000992 -0.000603  0.000425  -0.00019 -0.000746 -0.000171 -0.000485  0.000135    0.0001 -7.95e-05  -0.00407  -0.00083 -6.21e-07 -0.000112 -0.000121 -0.000458 -7.84e-06 -0.000926 -0.000201  0.000403   0.00113  -0.00671 -9.82e-05 -0.000552  -0.00609  -0.00936  -0.00281 -0.000783  -0.00303  -0.00474 -0.000675  -0.00159   -0.0025 -0.000557  -0.00127  -0.00141  -0.00124   0.00171 -0.000788 -0.000742 -0.000691 -0.000512  -0.00889  -0.00966  -0.00262 -0.000688 -4.46e-05 -2.65e-05 -1.12e-06 -6.74e-08  -1.6e-08   -0.0027  -0.00117  -0.00017 -2.27e-06  -0.00302 -0.000359 -0.000187 -4.82e-05 -0.000792  -0.00111 -0.000664  0.000114 -0.000791 -0.000251   0.00231 -7.69e-05  0.000193 -0.000359   0.00167  -0.00147 -0.000155   -0.0107  -0.00344  -0.00766  -0.00109 -7.44e-05  -0.00247 -0.000422 -8.49e-06  -0.00989  -0.00219  -0.00039  -0.00534
   0.0108 -0.000154 -0.000655  -0.00259  -0.00582  -0.00174  -6.6e-16  -6.6e-16 -5.27e-05  -4.8e-05 -6.62e-17 -0.000957  -0.00257 -0.000292  -0.00163 -0.000213 -0.000271  -0.00169         1 -0.000189 -9.64e-06  -0.00431 -0.000758 -0.000485  -0.00186  -0.00124  0.000996 -0.000378  -0.00156 -0.000355  -0.00101  0.000323  0.000256 -0.000142  -0.00851  -0.00162 -1.33e-06  -0.00024 -0.000258 -0.000954 -1.64e-05  -0.00194  -0.00047    0.0007   0.00253   -0.0146 -0.000206  -0.00124    -0.013   -0.0199  -0.00595   -0.0017  -0.00637   -0.0101  -0.00148  -0.00339  -0.00534   -0.0012  -0.00271  -0.00294  -0.00267   0.00359  -0.00169  -0.00157  -0.00147  -0.00108   -0.0191   -0.0204  -0.00555  -0.00147 -9.62e-05 -5.64e-05 -2.43e-06 -1.42e-07  -3.4e-08  -0.00584  -0.00249  -0.00036  -6.9e-06  -0.00653 -0.000779 -0.000397 -0.000102  -0.00167  -0.00238  -0.00142  2.31e-05  -0.00167 -0.000592   0.00446  0.000148 -3.24e-05 -0.000978   0.00382   -0.0035  -0.00033   -0.0227  -0.00736   -0.0163  -0.00232 -0.000157  -0.00526 -0.000899 -1.85e-05   -0.0211  -0.00469 -0.000844   -0.0114
   0.0123  0.000138 -5.04e-05 -0.000263 -0.000303 -2.78e-05   3.1e-16   3.1e-16  4.91e-05  8.14e-05 -5.14e-16 -0.000104 -0.000152 -1.82e-05 -0.000156 -1.37e-05 -1.65e-05 -0.000113 -0.000189         1 -0.000401  -0.00817  -0.00647  -0.00128   -0.0242  -0.00161  -0.00532  -0.00126 -0.000801  -0.00131 -0.000739  -0.00212  -0.00226  -0.00143   -0.0113  -0.00888   6.1e-07 -8.89e-05  6.07e-05  -0.00253 -2.57e-06 -0.000623  -0.00183  -0.00377   -0.0109  -0.00976 -5.99e-05  0.000163  0.000866  -0.00412  -0.00216   0.00122  -0.00197  4.06e-05  0.000753    0.0012   0.00057  0.000799  0.000338  -0.00217  0.000442  -0.00218  0.000487 -0.000397  4.56e-05 -0.000251   0.00593  -0.00514  -0.00199  0.000348  -1.2e-05  1.44e-05  3.32e-06  5.42e-08  1.41e-08   0.00386   2.4e-06 -0.000112  9.23e-05   0.00396  0.000882   0.00012  1.43e-05 -3.92e-05  0.000532   0.00027   -0.0279  0.000309   0.00165    0.0133   -0.0174    0.0135   0.00752   -0.0157   0.00966   1.1e-05   0.00184   0.00215  0.000266  0.000424 -5.24e-05  0.000788  0.000164  2.07e-05   0.00331   0.00104  0.000533 -0.000438
  0.00259  1.71e-05   7.1e-06 -2.35e-05 -1.75e-05   3.7e-06  4.32e-17  4.32e-17  6.55e-06  1.81e-05  -6.9e-17 -8.85e-06 -1.01e-05 -1.06e-06 -1.33e-05  -6.6e-07 -7.95e-07 -7.49e-06 -9.64e-06 -0.000401         1  -0.00108  -0.00089 -0.000156  -0.00287 -0.000198 -0.000821 -0.000184 -8.27e-05 -0.000114 -8.89e-05 -0.000306 -0.000339 -0.000193  -0.00128  -0.00128  9.16e-08 -6.95e-06 -4.66e-06 -0.000234 -6.54e-07 -4.22e-05 -0.000148 -0.000241  -0.00181  0.000554 -6.96e-06 -1.26e-05  -0.00029  -0.00122 -0.000605  0.000218 -0.000322 -0.000307  2.66e-07  0.000215 -0.000155  0.000186  3.11e-05 -0.000345  0.000173 -0.000688  3.58e-05 -7.02e-05  1.75e-05 -3.71e-05   0.00165 -0.000698 -0.000244  5.69e-05 -1.45e-06  2.83e-06  3.05e-07   1.6e-09  1.97e-09  0.000571  2.66e-05 -1.58e-05  1.58e-05  0.000505  0.000158  2.87e-05   2.5e-06  4.01e-06  5.96e-05  3.29e-05  -0.00563 -3.23e-05  1.89e-05   0.00109  -0.00288   0.00069  0.000865  -0.00272  0.000585 -3.69e-06  0.000262  0.000258  3.38e-06  6.57e-05 -1.59e-06  9.41e-05  3.34e-05  2.68e-06  0.000304   6.3e-05  8.03e-05 -2.57e-05
   0.0572  0.000288 -0.000862  -0.00482  -0.00735  -0.00189  6.38e-16  6.38e-16 -3.52e-05  4.53e-05 -9.52e-16  -0.00173  -0.00309 -0.000357  -0.00281 -0.000317 -0.000396  -0.00211  -0.00431  -0.00817  -0.00108         1   -0.0185  -0.00475   -0.0496   -0.0107   -0.0116  -0.00459  -0.00807  -0.00192  -0.00523   -0.0044  -0.00545  -0.00458   -0.0409   -0.0286 -8.86e-07   2.7e-05 -0.000614  -0.00535  -9.6e-05  -0.00983  0.000431   0.00931   -0.0204   0.00725  -0.00104   0.00348    0.0156   0.00987    0.0021   0.00424  -0.00679   0.00177   0.00596  -0.00205   0.00402   0.00153  -0.00029  -0.00545   0.00151   0.00822 -0.000374  -0.00301  -0.00103  -0.00334   0.00827   -0.0479  -0.00458  -0.00129  0.000142 -7.48e-05 -6.17e-06 -1.66e-06 -1.06e-07    0.0064   -0.0058 -0.000317  0.000162   0.00373  -0.00034  -0.00144  -0.00036  -0.00783 -0.000418  -0.00132    -0.108  -0.00655  0.000954    0.0435   -0.0423    0.0373    0.0181   -0.0365    0.0441 -0.000411   -0.0366  -0.00294   -0.0221  -0.00273 -0.000546  -0.00558  -0.00121  2.04e-05   -0.0216  -0.00206  0.000967   -0.0135
   0.0402   0.00028 -0.000105 -0.000894  -0.00126 -0.000238  6.03e-16  6.03e-16  8.54e-05  0.000188 -1.03e-15 -0.000334 -0.000578 -6.67e-05 -0.000527 -5.23e-05 -6.45e-05 -0.000408 -0.000758  -0.00647  -0.00089   -0.0185         1  -0.00276   -0.0494  -0.00375   -0.0112   -0.0028  -0.00206  -0.00248  -0.00175  -0.00436  -0.00482  -0.00306   -0.0245   -0.0195  1.13e-06 -0.000123 -5.76e-06  -0.00503 -1.49e-05  -0.00182  -0.00321  -0.00588   -0.0231   -0.0156   -0.0002  0.000691  0.000649   -0.0108  -0.00534   0.00243  -0.00507  -0.00175   0.00146   0.00195  2.15e-05   0.00165  0.000128  -0.00501     0.001  -0.00431  0.000739  -0.00107  6.63e-05 -0.000761    0.0124   -0.0138  -0.00434  0.000578 -1.93e-05  2.22e-05  4.98e-06 -6.46e-08  1.78e-08   0.00794 -0.000383 -0.000237  0.000195   0.00783   0.00174  0.000131     7e-07 -0.000693   0.00103   0.00042   -0.0629 -0.000274   0.00248    0.0262   -0.0386    0.0245    0.0152   -0.0348    0.0193 -6.27e-05  0.000951   0.00397 -0.000756  0.000665 -0.000114   0.00119  0.000293  3.98e-05   0.00467   0.00173   0.00116  -0.00207
   0.0004  5.11e-05 -8.21e-05 -0.000472 -0.000805 -0.000211  6.81e-17  6.81e-17  5.03e-06  1.99e-05 -1.63e-16  -0.00017 -0.000351 -4.02e-05  -0.00028 -3.24e-05 -4.03e-05 -0.000239 -0.000485  -0.00128 -0.000156  -0.00475  -0.00276         1   -0.0106  -0.00109  -0.00186 -0.000606 -0.000776 -0.000573 -0.000519  -0.00072 -0.000879 -0.000643  -0.00653  -0.00415  7.53e-08  1.27e-06 -4.75e-05  -0.00125 -8.49e-06 -0.000887 -0.000623 -0.000889  -0.00345  -0.00752 -9.57e-05  0.000434  0.000601  -0.00152 -0.000545  0.000117  -0.00156 -0.000625   0.00056  -0.00032  -5.9e-05 -3.23e-05 -0.000387  -0.00116  -0.00024  0.000837  6.67e-05 -0.000308 -4.34e-05 -0.000298  -0.00123  -0.00493  -0.00111 -2.72e-05 -3.61e-06 -4.56e-06  8.32e-08 -1.28e-07 -5.92e-09   0.00124 -0.000455 -4.99e-05  2.59e-05   0.00133  0.000116 -0.000111 -2.39e-05 -0.000628  0.000203    -2e-06  -0.00888 -0.000455  0.000552   0.00667   -0.0071   0.00648   0.00311  -0.00595   0.00581 -5.45e-05  -0.00187  0.000557 -0.000875 -5.91e-05 -4.65e-05 -2.59e-05  -2.4e-05  5.62e-06 -7.38e-05  0.000337  0.000224   -0.0014
    0.157   0.00121  0.000782 -0.000135  -0.00269 -0.000816  1.86e-15  1.86e-15  0.000276  0.000479    -4e-15  2.84e-05  -0.00145 -0.000158 -0.000176 -2.88e-05 -2.39e-05 -0.000992  -0.00186   -0.0242  -0.00287   -0.0496   -0.0494   -0.0106         1  -0.00721   -0.0357  -0.00838   -0.0025   -0.0184  -0.00252   -0.0141   -0.0158   -0.0101    -0.133   -0.0739   6.6e-06  2.04e-05  0.000198   -0.0358 -5.05e-06 -0.000392   -0.0415    -0.114   -0.0841    -0.406 -0.000246  -0.00378  -0.00785   -0.0616   -0.0158  -0.00776   -0.0184  -0.00794  0.000541   0.00331  -0.00222  -0.00502  -0.00792   -0.0175   -0.0125   -0.0148    0.0043 -0.000422   0.00184   0.00045   -0.0645   -0.0124   -0.0215    0.0036 -0.000662  0.000119  1.61e-05  1.17e-07  1.32e-07    0.0268   0.00398  -0.00034  0.000335    0.0389   0.00496  0.000587  0.000271   0.00281    0.0107    0.0049    -0.195   0.00534   0.00965    0.0584    -0.139    0.0791     0.041    -0.118    0.0484 -0.000362    0.0707    0.0329    0.0497   0.00867  0.000129    0.0194   0.00338  0.000142    0.0772    0.0206   0.00542  -0.00183
   0.0376  4.85e-05 -0.000269  -0.00145  -0.00214 -0.000556  1.66e-16  1.66e-16 -2.93e-05 -3.43e-05  -1.6e-16 -0.000516 -0.000884 -0.000102  -0.00084 -9.49e-05 -0.000119 -0.000603  -0.00124  -0.00161 -0.000198   -0.0107  -0.00375  -0.00109  -0.00721         1  -0.00182  -0.00103  -0.00244 -0.000166  -0.00152 -0.000685 -0.000883 -0.000992  -0.00918  -0.00608 -5.61e-07  1.45e-05 -0.000191 -0.000829 -2.99e-05  -0.00311  0.000537   0.00369  -0.00277   0.00639 -0.000324  0.000782    0.0069   0.00831    0.0027   0.00136 -0.000305   0.00249   0.00191 -0.000629   0.00239  0.000399  0.000391 -0.000356  0.000601   0.00321 -0.000247 -0.000798 -0.000421  -0.00101   0.00213   -0.0135 -0.000329 -0.000589  6.23e-05 -2.97e-05 -3.14e-06 -5.64e-07 -4.06e-08  0.000551  -0.00194  -4.8e-05  1.46e-05 -0.000517 -0.000513 -0.000525 -0.000129  -0.00259 -0.000433 -0.000579   -0.0322  -0.00213 -0.000279   0.00885  -0.00618   0.00745   0.00277  -0.00523    0.0112 -9.74e-05   -0.0132  -0.00212  -0.00809  -0.00113 -0.000178  -0.00239 -0.000528 -1.07e-06   -0.0091  -0.00125   5.2e-05  -0.00405
   0.0577  0.000252  0.000139  0.000598   0.00167  0.000619  6.08e-16  6.08e-16  0.000132   0.00026 -8.37e-16  0.000196  0.000671  7.64e-05  0.000376  6.08e-05  7.71e-05  0.000425  0.000996  -0.00532 -0.000821   -0.0116   -0.0112  -0.00186   -0.0357  -0.00182         1   -0.0022 -0.000272  -0.00148 -0.000625  -0.00427   -0.0047  -0.00251   -0.0124   -0.0151  1.74e-06 -8.41e-05  0.000142  -0.00275  5.71e-06  0.000474 -0.000823 -0.000271   -0.0234    0.0155  5.96e-05  0.000497  -0.00324   -0.0151  -0.00808   0.00308  -0.00451   -0.0033  0.000429   0.00297  -0.00188   0.00263  0.000747  -0.00487   0.00267  -0.00876   0.00128 -0.000384  0.000799  2.54e-05     0.026  -0.00233  -0.00239   0.00142 -1.05e-05  6.08e-05  7.67e-06  2.48e-07  4.54e-08   0.00982   0.00132  -0.00019  0.000227   0.00958   0.00261  0.000629  9.47e-05   0.00102   0.00155   0.00103   -0.0497  0.000702   0.00228    0.0213   -0.0368    0.0185    0.0149   -0.0358    0.0128  8.48e-05    0.0119   0.00645   0.00602   0.00168  2.43e-05   0.00338  0.000777  4.71e-05    0.0128   0.00286   0.00135   0.00341
   0.0104     5e-05 -6.46e-05  -0.00041 -0.000635 -0.000153  9.38e-17  9.38e-17     1e-05   3.8e-05  -1.8e-16 -0.000151 -0.000277 -3.17e-05 -0.000242 -2.66e-05 -3.33e-05  -0.00019 -0.000378  -0.00126 -0.000184  -0.00459   -0.0028 -0.000606  -0.00838  -0.00103   -0.0022         1  -0.00069 -0.000348 -0.000509 -0.000832 -0.000975 -0.000649  -0.00505  -0.00411  1.05e-07  -1.4e-05 -4.41e-05 -0.000796 -7.32e-06 -0.000737 -6.45e-05  0.000704   -0.0042   0.00121 -8.11e-05  0.000444  0.000155  -0.00214  -0.00113  0.000559  -0.00146 -0.000831  0.000441  7.43e-05 -0.000229  0.000344  -0.00013  -0.00119  0.000262 -0.000122  3.32e-05 -0.000354 -4.97e-05 -0.000303   0.00254  -0.00481 -0.000976  4.57e-06  5.69e-06 -1.22e-06  4.09e-07 -8.28e-08 -2.56e-09   0.00144 -0.000376 -5.96e-05   4.1e-05   0.00122  0.000269 -4.57e-05 -1.72e-05 -0.000494  7.23e-05 -3.16e-05   -0.0115 -0.000438  0.000387   0.00629  -0.00797   0.00519   0.00325  -0.00703   0.00482 -4.39e-05  -0.00221  0.000307  -0.00153 -8.06e-05 -4.08e-05 -0.000186  -1.7e-05  6.53e-06 -0.000827  3.12e-05  0.000213  -0.00114
 -0.00258  8.93e-06 -0.000291  -0.00158  -0.00265 -0.000733  9.12e-18  9.12e-18 -4.58e-05    -5e-05  -5.7e-17 -0.000565  -0.00111 -0.000128 -0.000933 -0.000111 -0.000139 -0.000746  -0.00156 -0.000801 -8.27e-05  -0.00807  -0.00206 -0.000776   -0.0025  -0.00244 -0.000272  -0.00069         1 -8.63e-06  -0.00133 -8.38e-05 -0.000232 -0.000571  -0.00727  -0.00371 -7.59e-07  4.12e-06 -0.000206 -0.000486 -2.76e-05  -0.00283   0.00071   0.00372   0.00074   0.00218 -0.000304  0.000982   0.00487   0.00644   0.00248  0.000558 -0.000749   0.00121    0.0015  -0.00117   0.00157  -0.00013 -0.000185 -0.000245 -0.000152   0.00459 -0.000552 -0.000829 -0.000605 -0.000991  -0.00362   -0.0134 -0.000808 -0.000813  4.81e-05 -3.88e-05 -3.47e-06 -4.68e-07 -3.92e-08  -0.00111  -0.00204 -5.23e-05 -7.63e-06  -0.00196  -0.00076 -0.000544 -0.000123  -0.00237 -0.000747 -0.000738   -0.0143  -0.00193 -0.000266   0.00686  -0.00188   0.00533   0.00114 -0.000263    0.0085 -0.000143   -0.0147   -0.0031  -0.00903  -0.00134 -0.000163  -0.00282 -0.000584 -7.34e-06   -0.0109  -0.00174 -0.000157  -0.00504
  -0.0112  5.03e-05    -9e-06 -9.02e-05 -0.000533 -0.000178  2.22e-17  2.22e-17  1.39e-05  4.35e-06 -2.39e-16  -3.1e-05  -0.00026 -2.93e-05 -7.41e-05  -1.3e-05 -1.58e-05 -0.000171 -0.000355  -0.00131 -0.000114  -0.00192  -0.00248 -0.000573   -0.0184 -0.000166  -0.00148 -0.000348 -8.63e-06         1 -5.46e-05 -0.000649 -0.000673 -0.000469  -0.00861  -0.00361     3e-07 -4.32e-05  4.16e-05  -0.00254  3.24e-06   0.00014  -0.00329  -0.00919  -0.00383   -0.0344  8.52e-06 -0.000707  -0.00182  -0.00528  -0.00107  -0.00102  -0.00128 -0.000896 -0.000255 -0.000111  -0.00033 -0.000703 -0.000714  -0.00101  -0.00145 -0.000435  0.000173 -1.43e-05 -3.32e-05  8.48e-05  -0.00869  -0.00072  -0.00185  0.000106 -6.51e-05   3.5e-06  1.29e-06  7.39e-08  9.31e-09  0.000612  0.000214 -4.58e-05  3.98e-06   0.00162  0.000155  3.52e-05   2.1e-05   0.00035  0.000469  0.000228  -0.00732  0.000637  0.000832   0.00301  -0.00591   0.00521   0.00175  -0.00438   0.00169 -2.52e-05   0.00391   0.00148   0.00253  0.000421  4.13e-06  0.000938  0.000144   6.3e-06   0.00393   0.00104  0.000183 -0.000842
   0.0018  1.77e-05 -0.000175  -0.00101  -0.00172 -0.000471  6.06e-17  6.06e-17 -2.46e-05 -2.19e-05 -1.27e-16 -0.000367 -0.000722 -8.31e-05 -0.000603 -7.16e-05    -9e-05 -0.000485  -0.00101 -0.000739 -8.89e-05  -0.00523  -0.00175 -0.000519  -0.00252  -0.00152 -0.000625 -0.000509  -0.00133 -5.46e-05         1 -0.000244 -0.000258 -0.000422  -0.00473  -0.00281 -4.49e-07 -4.66e-05 -0.000102 -0.000345  -1.5e-05  -0.00166  0.000243   0.00175 -0.000558   0.00257 -0.000182  0.000549   0.00333   0.00425   0.00147  0.000735 -9.63e-05   0.00133  0.000905 -7.86e-05   0.00146  0.000185   0.00025 -5.98e-05  0.000115   0.00214 -0.000404 -0.000603 -0.000514 -0.000652 -0.000482  -0.00873 -0.000745 -0.000555  3.35e-05 -2.33e-05 -1.42e-06  -1.9e-07 -1.78e-08 -0.000757  -0.00125 -4.69e-05  8.76e-06  -0.00146 -0.000371  -0.00028 -6.71e-05  -0.00125 -0.000664 -0.000533   -0.0122 -0.000893  -2.5e-06   0.00469  -0.00222   0.00354   0.00101 -0.000864   0.00489 -7.63e-05  -0.00988   -0.0024  -0.00685 -0.000894 -0.000107  -0.00207 -0.000388 -3.32e-06    -0.008  -0.00146 -0.000152  -0.00334
   0.0222   9.1e-05  1.62e-05  0.000203  0.000552  0.000211  2.21e-16  2.21e-16  5.43e-05   9.2e-05 -3.45e-16  6.26e-05  0.000215  2.41e-05  0.000124  2.01e-05  2.55e-05  0.000135  0.000323  -0.00212 -0.000306   -0.0044  -0.00436  -0.00072   -0.0141 -0.000685  -0.00427 -0.000832 -8.38e-05 -0.000649 -0.000244         1  -0.00179 -0.000973  -0.00487  -0.00568  6.41e-07 -6.75e-05  8.27e-05  -0.00116  4.21e-06  0.000221 -0.000516 -0.000595  -0.00899   0.00471  3.49e-05 -6.21e-05  -0.00151  -0.00608  -0.00318   0.00122  -0.00169  -0.00115  0.000121   0.00119 -0.000592   0.00102  0.000398  -0.00186   0.00095  -0.00346  0.000496  -0.00016  0.000239  2.32e-05   0.00963  -0.00105   -0.0011  0.000519 -9.83e-06  2.34e-05  3.42e-06  1.36e-07  1.89e-08   0.00355  0.000495  -9.3e-05  8.75e-05   0.00346   0.00101  0.000261  3.88e-05  0.000474  0.000479   0.00036   -0.0197  0.000438   0.00109   0.00877   -0.0135    0.0081   0.00585   -0.0132   0.00493  4.66e-05   0.00416    0.0022   0.00173   0.00058  1.54e-07   0.00112  0.000259  1.84e-05   0.00435  0.000942   0.00046   0.00111
   0.0224  9.61e-05  7.13e-08  0.000135  0.000449  0.000186  1.57e-16  1.57e-16  5.72e-05  0.000115 -2.84e-16  4.02e-05  0.000166   1.9e-05  8.85e-05  1.64e-05  2.07e-05    0.0001  0.000256  -0.00226 -0.000339  -0.00545  -0.00482 -0.000879   -0.0158 -0.000883   -0.0047 -0.000975 -0.000232 -0.000673 -0.000258  -0.00179         1  -0.00113  -0.00606  -0.00658  7.33e-07  3.51e-07  2.85e-05  -0.00131  -2.7e-07  1.09e-05  4.97e-05   0.00128  -0.00942   0.00546  1.23e-05  0.000473  -0.00318   -0.0095  -0.00441  0.000803  -0.00345  -0.00336  0.000178   0.00026  -0.00208  0.000791  -0.00041  -0.00285  0.000741  -0.00261  0.000586 -0.000196  0.000457 -1.36e-05    0.0084  -0.00211  -0.00141  0.000651 -1.63e-05   2.4e-05  2.98e-06  1.85e-08  1.32e-08   0.00445  0.000445 -0.000107  9.51e-05   0.00458   0.00111  0.000213  3.18e-05   0.00016  0.000836  0.000501   -0.0138  -6.7e-05   0.00117    0.0115   -0.0163    0.0101   0.00729   -0.0159   0.00719 -2.35e-06   0.00506   0.00328   0.00338  0.000732  9.09e-06   0.00173  0.000357  2.05e-05   0.00646   0.00161   0.00067   0.00107
   0.0113   5.9e-05 -4.87e-05 -0.000218 -0.000238 -3.41e-05   1.2e-16   1.2e-16  2.04e-05  4.05e-05 -1.89e-16  -8.1e-05 -0.000108 -1.27e-05 -0.000124 -1.15e-05 -1.42e-05 -7.95e-05 -0.000142  -0.00143 -0.000193  -0.00458  -0.00306 -0.000643   -0.0101 -0.000992  -0.00251 -0.000649 -0.000571 -0.000469 -0.000422 -0.000973  -0.00113         1  -0.00521  -0.00434  2.37e-07 -8.56e-06 -1.07e-05  -0.00099  -5.1e-06 -0.000576 -0.000279  0.000101  -0.00495 -0.000138 -5.56e-05  0.000279  0.000268  -0.00222   -0.0012  0.000582  -0.00142 -0.000613  0.000474  0.000125 -0.000163  0.000378  -4.6e-05  -0.00126  0.000323 -0.000559  0.000229 -0.000231  9.11e-05  -0.00019   0.00336  -0.00343   -0.0008  0.000167  1.07e-06  4.93e-06  9.16e-07 -7.79e-08 -2.64e-10   0.00205 -0.000157 -5.55e-05  4.38e-05   0.00199  0.000383 -2.52e-06 -8.06e-06 -0.000361  0.000303  0.000119   -0.0133 -0.000294  0.000589   0.00693  -0.00857   0.00648   0.00381  -0.00801   0.00553 -1.43e-05 -7.28e-06   0.00109     2e-05  0.000133 -3.24e-05  0.000336  5.84e-05  9.31e-06   0.00132  0.000528  0.000302 -0.000349
   0.0349  0.000313 -0.000958  -0.00642   -0.0139  -0.00411 -1.21e-16 -1.21e-16 -7.77e-05 -1.08e-05 -1.72e-15  -0.00228  -0.00612 -0.000695  -0.00395 -0.000502 -0.000628  -0.00407  -0.00851   -0.0113  -0.00128   -0.0409   -0.0245  -0.00653    -0.133  -0.00918   -0.0124  -0.00505  -0.00727  -0.00861  -0.00473  -0.00487  -0.00606  -0.00521         1   -0.0397 -5.22e-07  -0.00014  -0.00077   -0.0183 -8.43e-05  -0.00836   -0.0188   -0.0465    -0.028    -0.215  -0.00101  -0.00173  -0.00961   -0.0371  -0.00746  -0.00616   -0.0166   -0.0136   0.00101  -0.00638  -0.00475   -0.0052  -0.00818   -0.0108   -0.0104   0.00867  -0.00152   -0.0035  -0.00213  -0.00302   -0.0704   -0.0554   -0.0172  -0.00205 -0.000342 -0.000107 -6.74e-06 -1.33e-06 -8.11e-08  0.000501   -0.0055 -0.000594  4.42e-05   0.00394  -0.00104  -0.00156 -0.000284  -0.00605  0.000577  -0.00106    -0.112  -0.00424   0.00138     0.035   -0.0584    0.0365    0.0141   -0.0419     0.029 -0.000921    -0.025 -0.000755   -0.0136  -0.00168 -0.000428   -0.0033 -0.000801  1.26e-05   -0.0128  0.000148  0.000935   -0.0253
   0.0638  0.000403  -6.8e-05  -0.00177  -0.00274 -0.000637   8.4e-16   8.4e-16  7.13e-05  0.000243 -1.35e-15 -0.000628   -0.0012 -0.000136  -0.00103 -0.000109 -0.000134  -0.00083  -0.00162  -0.00888  -0.00128   -0.0286   -0.0195  -0.00415   -0.0739  -0.00608   -0.0151  -0.00411  -0.00371  -0.00361  -0.00281  -0.00568  -0.00658  -0.00434   -0.0397         1  1.33e-06  4.61e-06 -0.000252  -0.00775 -4.08e-05  -0.00373  -0.00544   -0.0109   -0.0318   -0.0373 -0.000453   0.00139   0.00286    -0.013  -0.00592   0.00239  -0.00721  -0.00278   0.00229   0.00161 -0.000175   0.00152 -0.000876  -0.00682  0.000654  -0.00426  0.000687  -0.00164  0.000112  -0.00141      0.01   -0.0231  -0.00587   0.00051 -2.52e-05  1.25e-05  2.08e-06  -5.4e-07 -2.27e-09    0.0106  -0.00122 -0.000243  0.000232    0.0106   0.00183 -0.000185 -6.54e-05  -0.00229    0.0018  0.000472      -0.1  -0.00194    0.0016     0.031   -0.0559    0.0274    0.0185   -0.0499    0.0263 -0.000232  -0.00111   0.00557 -0.000653  0.000781 -0.000166   0.00153  0.000355  4.67e-05    0.0055   0.00257   0.00175  -0.00454
 9.85e-06 -8.94e-08 -2.63e-07 -1.05e-06 -2.19e-06 -6.57e-07 -2.39e-19 -2.39e-19 -3.87e-08 -6.33e-08  7.18e-20 -3.82e-07 -9.46e-07 -1.08e-07 -6.49e-07 -8.39e-08 -1.06e-07 -6.21e-07 -1.33e-06   6.1e-07  9.16e-08 -8.86e-07  1.13e-06  7.53e-08   6.6e-06 -5.61e-07  1.74e-06  1.05e-07 -7.59e-07     3e-07 -4.49e-07  6.41e-07  7.33e-07  2.37e-07 -5.22e-07  1.33e-06         1 -8.88e-08 -1.15e-07  4.35e-07 -8.96e-09 -1.07e-06  3.06e-07  1.52e-06  3.64e-06  1.12e-06 -1.09e-07 -7.26e-07  -2.1e-06 -1.49e-06 -6.28e-08 -2.88e-07 -5.14e-07 -1.52e-06 -3.22e-07 -1.12e-06 -5.66e-07 -3.45e-07 -3.72e-07  1.93e-07 -6.36e-07  1.87e-06 -7.86e-07 -5.48e-07 -6.98e-07 -4.82e-07 -6.04e-06 -7.59e-06 -9.95e-07 -7.79e-07 -9.34e-09 -2.91e-08 -2.32e-09 -1.47e-10  -2.3e-11 -3.42e-06 -1.24e-06 -9.18e-08 -3.09e-08 -4.12e-06 -6.88e-07 -2.59e-07 -6.61e-08    -1e-06 -1.26e-06  -7.6e-07 -4.81e-06 -9.21e-07 -8.88e-07 -2.23e-06  5.66e-06 -3.75e-06 -2.82e-06  6.24e-06 -2.88e-06  -9.8e-08 -1.16e-05  -4.2e-06  -8.3e-06 -1.25e-06 -8.44e-08  -2.9e-06 -5.35e-07 -1.37e-08 -1.13e-05 -2.56e-06  -5.5e-07 -4.41e-06
  0.00245 -1.51e-05 -6.01e-05 -0.000148  -0.00038 -0.000113 -3.82e-17 -3.82e-17  2.19e-06 -2.87e-06 -4.87e-17 -5.87e-05 -0.000173 -1.99e-05  -9.9e-05 -1.35e-05 -1.74e-05 -0.000112  -0.00024 -8.89e-05 -6.95e-06   2.7e-05 -0.000123  1.27e-06  2.04e-05  1.45e-05 -8.41e-05  -1.4e-05  4.12e-06 -4.32e-05 -4.66e-05 -6.75e-05  3.51e-07 -8.56e-06  -0.00014  4.61e-06 -8.88e-08         1  1.58e-05 -3.13e-05  2.11e-06  4.84e-05 -0.000183 -0.000371 -0.000316  0.000176  9.96e-06 -0.000412  -0.00137  -0.00196 -0.000722  9.94e-05 -0.000212 -0.000552 -0.000258  0.000107 -0.000243  8.97e-05  7.31e-05 -0.000134 -6.17e-05 -0.000494 -0.000132 -0.000127 -0.000181 -4.29e-05 -0.000122   -0.0012 -0.000515  -0.00011 -1.07e-05 -1.76e-06  4.95e-07  6.79e-08  2.02e-09 -0.000582 -9.89e-05 -4.54e-05  5.93e-06 -0.000737  2.36e-05  3.38e-05  1.65e-06  0.000105 -0.000335 -0.000138  -0.00277   0.00014  5.82e-05  0.000178  0.000186 -7.77e-05 -7.83e-05  0.000367  -0.00115 -1.45e-06  -0.00177 -0.000881  -0.00186 -0.000203 -1.32e-05 -0.000578 -8.76e-05 -6.17e-07  -0.00222 -0.000616 -0.000128 -0.000819
  0.00376 -1.06e-05 -3.06e-05 -0.000214 -0.000431 -0.000128 -4.61e-17 -4.61e-17 -8.94e-06 -2.67e-06  2.53e-17 -7.47e-05 -0.000184 -2.07e-05 -0.000129 -1.62e-05 -2.04e-05 -0.000121 -0.000258  6.07e-05 -4.66e-06 -0.000614 -5.76e-06 -4.75e-05  0.000198 -0.000191  0.000142 -4.41e-05 -0.000206  4.16e-05 -0.000102  8.27e-05  2.85e-05 -1.07e-05  -0.00077 -0.000252 -1.15e-07  1.58e-05         1 -2.72e-06    -4e-06 -0.000284  0.000105  0.000454  0.000301 -0.000375 -3.51e-05  3.56e-05 -0.000653  -0.00105 -0.000275 -0.000185  -0.00049 -0.000832 -5.19e-05 -0.000412 -0.000491 -0.000128 -0.000314   -0.0002 -0.000158   0.00044  -0.00014 -0.000114 -5.75e-05 -0.000113  -0.00142  -0.00171 -0.000218  -0.00011 -2.61e-06 -5.38e-06 -8.55e-07 -8.13e-08 -6.51e-09  -0.00033 -0.000241 -1.06e-05 -4.32e-06 -0.000405  -0.00011 -7.21e-05 -1.61e-05 -0.000312 -9.04e-05 -9.56e-05  -0.00121 -0.000386 -0.000329 -0.000399 -0.000244  -0.00104 -0.000343 -5.68e-05 -0.000231 -3.91e-05  -0.00176 -0.000413 -0.000903 -0.000163 -9.49e-06 -0.000325 -5.85e-05 -2.25e-06   -0.0014 -0.000262 -2.26e-05 -0.000808
  -0.0149  9.95e-05 -3.89e-05 -0.000468   -0.0015 -0.000476  3.77e-17  3.77e-17  1.14e-05  3.65e-07 -4.23e-16 -0.000159 -0.000691  -7.8e-05 -0.000311 -4.46e-05 -5.48e-05 -0.000458 -0.000954  -0.00253 -0.000234  -0.00535  -0.00503  -0.00125   -0.0358 -0.000829  -0.00275 -0.000796 -0.000486  -0.00254 -0.000345  -0.00116  -0.00131  -0.00099   -0.0183  -0.00775  4.35e-07 -3.13e-05 -2.72e-06         1 -2.19e-06 -0.000379  -0.00614   -0.0169  -0.00697   -0.0669 -6.11e-05  -0.00101  -0.00242  -0.00881  -0.00145  -0.00208  -0.00273  -0.00179 -0.000184 -0.000722 -0.000601  -0.00152  -0.00167  -0.00201   -0.0029  0.000316  0.000222 -0.000152 -8.57e-05 -3.69e-05   -0.0182  -0.00382   -0.0035  6.76e-05 -0.000115 -1.74e-06  9.32e-07 -3.45e-08   5.9e-09    0.0011  4.33e-06 -7.34e-05 -1.25e-06   0.00296  8.55e-05 -8.69e-05  9.08e-06  2.97e-05  0.000934  0.000345   -0.0169  0.000557   0.00119    0.0059    -0.012   0.00958   0.00315  -0.00884   0.00471 -9.79e-05   0.00523   0.00261   0.00405  0.000624 -1.35e-05    0.0015  0.000203  9.54e-06   0.00627   0.00192  0.000388  -0.00245
-6.09e-05  1.66e-07 -2.05e-06  -1.8e-05 -2.85e-05 -7.92e-06 -4.72e-20 -4.72e-20 -8.12e-07 -5.41e-07  1.49e-18 -6.22e-06 -1.16e-05 -1.32e-06 -1.04e-05 -1.21e-06 -1.51e-06 -7.84e-06 -1.64e-05 -2.57e-06 -6.54e-07  -9.6e-05 -1.49e-05 -8.49e-06 -5.05e-06 -2.99e-05  5.71e-06 -7.32e-06 -2.76e-05  3.24e-06  -1.5e-05  4.21e-06  -2.7e-07  -5.1e-06 -8.43e-05 -4.08e-05 -8.96e-09  2.11e-06    -4e-06 -2.19e-06         1 -3.77e-05  1.59e-05  6.16e-05  2.85e-05  2.31e-05 -4.34e-06   2.2e-05   7.3e-05  9.94e-05  4.05e-05 -1.09e-06 -1.11e-05  8.58e-06  2.06e-05 -2.43e-05  1.18e-05 -6.65e-06 -1.09e-05 -1.58e-06 -3.21e-06  7.12e-05 -6.54e-06 -8.17e-06 -3.36e-06 -1.21e-05 -6.76e-05 -0.000149  1.34e-06 -8.89e-06  7.64e-07 -5.08e-07  -7.4e-08  -8.7e-09  -6.3e-10 -7.55e-06 -2.49e-05  5.03e-07 -3.86e-07 -1.52e-05 -1.19e-05 -8.45e-06 -1.75e-06 -3.53e-05 -2.09e-06 -6.95e-06 -0.000109 -3.38e-05 -1.49e-05  4.27e-05 -2.22e-05  1.48e-05 -1.43e-06 -5.73e-06  0.000103 -2.46e-06 -0.000156 -2.26e-05 -7.17e-05 -1.32e-05 -1.56e-06 -2.41e-05 -5.46e-06 -1.34e-07 -9.77e-05 -1.06e-05  6.84e-07 -5.16e-05
   -0.006 -2.97e-07 -0.000368  -0.00201  -0.00331 -0.000918 -1.44e-17 -1.44e-17 -6.85e-05 -8.42e-05  2.48e-17 -0.000714  -0.00137 -0.000158  -0.00118  -0.00014 -0.000175 -0.000926  -0.00194 -0.000623 -4.22e-05  -0.00983  -0.00182 -0.000887 -0.000392  -0.00311  0.000474 -0.000737  -0.00283   0.00014  -0.00166  0.000221  1.09e-05 -0.000576  -0.00836  -0.00373 -1.07e-06  4.84e-05 -0.000284 -0.000379 -3.77e-05         1   0.00121    0.0055   0.00282    0.0029 -0.000406   0.00144   0.00738    0.0107   0.00421  0.000492 -0.000584    0.0021   0.00211  -0.00189    0.0023 -0.000385 -0.000318  7.23e-05 -0.000298   0.00693 -0.000695 -0.000967 -0.000713  -0.00126   -0.0061   -0.0166 -0.000507  -0.00107  7.05e-05 -5.32e-05 -5.33e-06 -6.86e-07 -5.68e-08   -0.0017   -0.0027 -3.21e-05 -2.95e-05  -0.00273  -0.00118 -0.000778  -0.00017  -0.00328 -0.000873 -0.000942   -0.0141   -0.0027 -0.000514    0.0077  0.000206   0.00611  0.000626   0.00195    0.0112 -0.000185    -0.019  -0.00392   -0.0111  -0.00175  -0.00021  -0.00356 -0.000772 -1.22e-05   -0.0137  -0.00208 -0.000218  -0.00624
  -0.0304  6.29e-05  0.000242  0.000262 -0.000699 -0.000329  2.41e-16  2.41e-16  -1.1e-05 -0.000104 -6.53e-16   0.00013 -0.000343 -3.73e-05  0.000102 -8.83e-07  8.01e-07 -0.000201  -0.00047  -0.00183 -0.000148  0.000431  -0.00321 -0.000623   -0.0415  0.000537 -0.000823 -6.45e-05   0.00071  -0.00329  0.000243 -0.000516  4.97e-05 -0.000279   -0.0188  -0.00544  3.06e-07 -0.000183  0.000105  -0.00614  1.59e-05   0.00121         1   -0.0366  -0.00816    -0.106  7.39e-05  -0.00553  8.79e-05  -0.00225    0.0021  -0.00228   0.00467   0.00496  -0.00196   0.00246    0.0035  -0.00155  0.000495   0.00215  -0.00332   -0.0069 -0.000113  0.000403 -0.000606  0.000516   -0.0217   0.00518  -0.00217 -0.000209 -0.000179     7e-06  -3.8e-07  2.01e-07  2.21e-08  -0.00275  0.000959  5.19e-05 -8.22e-05 -0.000846 -0.000454  0.000104  4.39e-05    0.0015   0.00035  0.000171   -0.0724   0.00221  -0.00164   -0.0193  -0.00294   -0.0121   -0.0075   -0.0012   -0.0145  5.96e-05    0.0102  0.000193    0.0041  0.000793  4.35e-05  0.000722  8.52e-05 -3.41e-06   0.00387  0.000386 -0.000282  -0.00141
  -0.0754  0.000252   0.00125   0.00245   0.00132 -7.42e-06  1.02e-15  1.02e-15 -3.65e-05 -0.000299 -1.75e-15     0.001  0.000488  6.17e-05   0.00134  0.000127  0.000167  0.000403    0.0007  -0.00377 -0.000241   0.00931  -0.00588 -0.000889    -0.114   0.00369 -0.000271  0.000704   0.00372  -0.00919   0.00175 -0.000595   0.00128  0.000101   -0.0465   -0.0109  1.52e-06 -0.000371  0.000454   -0.0169  6.16e-05    0.0055   -0.0366         1   -0.0197    -0.315   0.00038   -0.0148   0.00852   0.00817    0.0116  -0.00676    0.0189    0.0215  -0.00531   0.00954     0.014  -0.00459   0.00275   0.00942  -0.00913   -0.0207  0.000223   0.00228  -0.00115    0.0023   -0.0606    0.0308  -0.00295 -5.89e-05 -0.000469  4.26e-05 -4.87e-07  9.03e-07  9.63e-08  -0.00714   0.00448  0.000464 -0.000283 -0.000679  -0.00133  0.000546  0.000217   0.00615   0.00218    0.0012    -0.184   0.00828  -0.00472   -0.0664   -0.0012   -0.0424   -0.0255   0.00302   -0.0463  0.000329    0.0438   0.00391     0.022   0.00367  0.000279   0.00507  0.000817 -9.77e-06     0.023   0.00351 -0.000624    0.0024
    0.112  0.000429  0.000494   0.00204   0.00427   0.00144  1.31e-15  1.31e-15  0.000283  0.000488 -1.97e-15   0.00073   0.00172  0.000198   0.00124  0.000176  0.000222   0.00113   0.00253   -0.0109  -0.00181   -0.0204   -0.0231  -0.00345   -0.0841  -0.00277   -0.0234   -0.0042   0.00074  -0.00383 -0.000558  -0.00899  -0.00942  -0.00495    -0.028   -0.0318  3.64e-06 -0.000316  0.000301  -0.00697  2.85e-05   0.00282  -0.00816   -0.0197         1   0.00251  0.000307  -0.00592   -0.0138   -0.0408   -0.0196   0.00619  -0.00486  -0.00682   -0.0025   0.00828  -0.00449   0.00598   0.00288  -0.00801   0.00574    -0.031   0.00239 -0.000361   0.00151  0.000726     0.057    0.0028  -0.00423   0.00306 -0.000152  0.000155  1.36e-05  4.83e-07  9.75e-08    0.0179   0.00402 -0.000409  0.000426     0.017   0.00548   0.00163  0.000221   0.00329   0.00278   0.00214      -0.2   0.00181 -0.000157    0.0147   -0.0751   0.00917    0.0204    -0.077   0.00111  0.000308    0.0317    0.0117    0.0138   0.00385  0.000136   0.00661   0.00158  8.89e-05     0.025   0.00422   0.00234   0.00811
   -0.219  0.000477  0.000884  -0.00444   -0.0229  -0.00828 -1.78e-15 -1.78e-15 -0.000466  -0.00113 -2.77e-15  -0.00128   -0.0104  -0.00116  -0.00329   -0.0006 -0.000735  -0.00671   -0.0146  -0.00976  0.000554   0.00725   -0.0156  -0.00752    -0.406   0.00639    0.0155   0.00121   0.00218   -0.0344   0.00257   0.00471   0.00546 -0.000138    -0.215   -0.0373  1.12e-06  0.000176 -0.000375   -0.0669  2.31e-05    0.0029    -0.106    -0.315   0.00251         1 -0.000353   -0.0217   -0.0265   -0.0686    0.0184   -0.0529  -0.00794  -0.00505   -0.0116   -0.0167    0.0013   -0.0385   -0.0291 -0.000686   -0.0612    0.0286  -0.00241   0.00279  -0.00399    0.0028    -0.428   0.00735   -0.0398  -0.00409  -0.00196 -0.000221 -2.01e-05  3.73e-08  3.65e-08   -0.0322   0.00152  0.000539  -0.00126   0.00289   -0.0104   -0.0028  0.000143   0.00526    0.0104   0.00279  -0.00622    0.0137   0.00278   -0.0788  -0.00326 -0.000913   -0.0455     0.043   -0.0442  -0.00168    0.0849    0.0195    0.0718    0.0073  0.000455    0.0177   0.00186 -8.55e-05     0.076    0.0221 -0.000207   -0.0385
-0.000397  3.32e-06 -2.62e-05 -0.000214 -0.000355 -9.93e-05  7.95e-18  7.95e-18 -8.97e-06 -7.95e-06 -1.29e-18 -7.54e-05 -0.000146 -1.67e-05 -0.000125 -1.49e-05 -1.86e-05 -9.82e-05 -0.000206 -5.99e-05 -6.96e-06  -0.00104   -0.0002 -9.57e-05 -0.000246 -0.000324  5.96e-05 -8.11e-05 -0.000304  8.52e-06 -0.000182  3.49e-05  1.23e-05 -5.56e-05  -0.00101 -0.000453 -1.09e-07  9.96e-06 -3.51e-05 -6.11e-05 -4.34e-06 -0.000406  7.39e-05   0.00038  0.000307 -0.000353         1  0.000216     0.001   0.00142  0.000572  3.79e-05  2.08e-05  0.000349   0.00024 -0.000145  0.000327 -5.45e-05 -3.47e-05  5.67e-05 -4.52e-05  0.000769 -8.84e-05 -0.000104 -8.12e-05 -0.000141 -0.000805  -0.00173 -4.18e-05 -0.000124  8.75e-06 -6.09e-06 -6.56e-07 -7.18e-08 -5.71e-09 -0.000194 -0.000287  3.41e-06 -3.77e-06 -0.000291 -0.000138  -8.7e-05 -1.79e-05 -0.000343 -7.94e-05 -0.000101  -0.00133  -0.00028    -9e-05   0.00057 -9.17e-05  0.000373 -2.89e-05  0.000189   0.00111 -2.33e-05  -0.00197 -0.000404  -0.00112 -0.000175 -2.04e-05 -0.000365 -7.55e-05  -1.5e-06  -0.00142 -0.000209 -1.88e-05 -0.000665
  -0.0987 -0.000256 -0.000381 -0.000326  -0.00186 -0.000638  -5.1e-16  -5.1e-16  2.21e-05 -9.76e-05 -1.91e-16 -0.000118 -0.000893 -0.000101 -0.000275 -4.89e-05 -6.43e-05 -0.000552  -0.00124  0.000163 -1.26e-05   0.00348  0.000691  0.000434  -0.00378  0.000782  0.000497  0.000444  0.000982 -0.000707  0.000549 -6.21e-05  0.000473  0.000279  -0.00173   0.00139 -7.26e-07 -0.000412  3.56e-05  -0.00101   2.2e-05   0.00144  -0.00553   -0.0148  -0.00592   -0.0217  0.000216         1    -0.019   -0.0263  -0.00866 -0.000714 -5.67e-05  -0.00758  -0.00477 -0.000331  -0.00498  0.000289  0.000212 -0.000147  -0.00085   -0.0122 -0.000856 -0.000277 -0.000869  0.000398  -0.00284  -0.00167  -0.00238 -0.000418 -0.000211   1.2e-05 -6.31e-07  4.19e-08 -1.12e-08   -0.0057  0.000255 -0.000346 -3.46e-05  -0.00677  -1.4e-05  0.000327 -7.23e-06  0.000755  -0.00213 -0.000714   -0.0937 -7.67e-05   -0.0042   -0.0231   0.00568   -0.0243  -0.00961   0.00179   -0.0276  6.78e-05  -0.00483  -0.00612   -0.0083  -0.00102 -1.71e-05  -0.00346 -0.000609 -1.44e-05   -0.0134  -0.00461   -0.0011  -0.00441
   -0.192   -0.0013  -0.00309   -0.0061     -0.02   -0.0063 -5.69e-15 -5.69e-15  0.000189  0.000425  4.02e-16  -0.00239  -0.00944  -0.00106  -0.00423 -0.000628 -0.000814  -0.00609    -0.013  0.000866  -0.00029    0.0156  0.000649  0.000601  -0.00785    0.0069  -0.00324  0.000155   0.00487  -0.00182   0.00333  -0.00151  -0.00318  0.000268  -0.00961   0.00286  -2.1e-06  -0.00137 -0.000653  -0.00242   7.3e-05   0.00738  8.79e-05   0.00852   -0.0138   -0.0265     0.001    -0.019         1    -0.267   -0.0928   -0.0166   -0.0636    -0.118   -0.0254    -0.025   -0.0757  -0.00553   -0.0248   -0.0346   -0.0147   -0.0211  -0.00581  -0.00537  -0.00264  0.000214   -0.0749   -0.0537   -0.0368  -0.00124  -0.00124 -7.45e-06  1.03e-05  1.16e-06 -7.61e-09   -0.0181  -0.00103  -0.00288  0.000281   -0.0173    0.0041   0.00179  0.000174   0.00351  -0.00822  -0.00252    0.0461  -0.00414  -0.00431   0.00707   -0.0316   -0.0277    0.0049   -0.0267   -0.0791  -0.00146    -0.035   -0.0171   -0.0314  -0.00443   0.00022  -0.00968 -0.000891 -2.37e-05   -0.0457    -0.015  -0.00236   -0.0393
   -0.485   -0.0017  -0.00459  -0.00942   -0.0306  -0.00955 -8.28e-15 -8.28e-15  0.000377  0.000897 -8.94e-17  -0.00369   -0.0145  -0.00162  -0.00651 -0.000956  -0.00124  -0.00936   -0.0199  -0.00412  -0.00122   0.00987   -0.0108  -0.00152   -0.0616   0.00831   -0.0151  -0.00214   0.00644  -0.00528   0.00425  -0.00608   -0.0095  -0.00222   -0.0371    -0.013 -1.49e-06  -0.00196  -0.00105  -0.00881  9.94e-05    0.0107  -0.00225   0.00817   -0.0408   -0.0686   0.00142   -0.0263    -0.267         1    -0.149   -0.0253    -0.105    -0.188   -0.0377   -0.0383    -0.119   -0.0082   -0.0401   -0.0593   -0.0229   -0.0337  -0.00774  -0.00869  -0.00308  8.18e-05    -0.111   -0.0887   -0.0605 -0.000694  -0.00195  2.27e-05  2.03e-05  1.72e-06  1.56e-08   -0.0179 -0.000931  -0.00453  0.000605   -0.0151   0.00823   0.00294  0.000323   0.00534  -0.00995  -0.00263    0.0581  -0.00647  -0.00353    0.0376   -0.0879   -0.0168    0.0237   -0.0762    -0.101  -0.00239   -0.0407   -0.0173   -0.0375  -0.00484   0.00037     -0.01 -0.000414  6.61e-06   -0.0519   -0.0179  -0.00187   -0.0592
  -0.0227  -0.00055  -0.00154  -0.00272  -0.00905  -0.00278 -2.66e-15 -2.66e-15  0.000182  0.000406 -1.38e-16   -0.0011  -0.00434 -0.000487  -0.00191  -0.00028 -0.000365  -0.00281  -0.00595  -0.00216 -0.000605    0.0021  -0.00534 -0.000545   -0.0158    0.0027  -0.00808  -0.00113   0.00248  -0.00107   0.00147  -0.00318  -0.00441   -0.0012  -0.00746  -0.00592 -6.28e-08 -0.000722 -0.000275  -0.00145  4.05e-05   0.00421    0.0021    0.0116   -0.0196    0.0184  0.000572  -0.00866   -0.0928    -0.149         1  -0.00639   -0.0367   -0.0652   -0.0129   -0.0116   -0.0417 -0.000949   -0.0126   -0.0213  -0.00533   -0.0156  -0.00225  -0.00304 -0.000717  0.000116   -0.0183   -0.0291     -0.02  0.000307 -0.000623  3.48e-05     1e-05  7.48e-07  2.18e-08  -0.00301  0.000267  -0.00162  0.000299  -0.00315   0.00386   0.00135  0.000149   0.00236   -0.0034 -0.000685   0.00889   -0.0021 -0.000817    0.0184   -0.0376  -0.00316    0.0124   -0.0351   -0.0327 -0.000718   -0.0119  -0.00495   -0.0129  -0.00136  0.000143  -0.00297  3.88e-05  1.62e-05   -0.0163  -0.00617 -0.000367   -0.0177
    0.133 -0.000135 -0.000218 -0.000689  -0.00263 -0.000897 -8.22e-16 -8.22e-16 -3.22e-05 -2.95e-05  3.53e-16 -0.000242  -0.00121 -0.000134 -0.000474 -7.76e-05 -9.87e-05 -0.000783   -0.0017   0.00122  0.000218   0.00424   0.00243  0.000117  -0.00776   0.00136   0.00308  0.000559  0.000558  -0.00102  0.000735   0.00122  0.000803  0.000582  -0.00616   0.00239 -2.88e-07  9.94e-05 -0.000185  -0.00208 -1.09e-06  0.000492  -0.00228  -0.00676   0.00619   -0.0529  3.79e-05 -0.000714   -0.0166   -0.0253  -0.00639         1  -0.00766   -0.0129  -0.00231  -0.00541   -0.0084  -0.00331  -0.00509  -0.00334  -0.00483   0.00454 -0.000586 -9.45e-05  2.29e-05  0.000189   -0.0331  -0.00297   -0.0041 -0.000248 -0.000177 -2.17e-05  -2.5e-06 -1.41e-07 -1.74e-08  -0.00325 -0.000213 -0.000142 -7.92e-05 -0.000991 -0.000563 -0.000199 -1.89e-06 -0.000131  0.000331  7.69e-05    0.0452 -0.000689 -0.000226  -0.00218   0.00326  -0.00191  -0.00228   0.00553  -0.00602 -0.000293   0.00168   0.00074   0.00424   4.1e-05  7.55e-05  0.000952  0.000118  -1.3e-05   0.00295  0.000927 -6.17e-05  -0.00454
  -0.0603 -0.000337   -0.0015  -0.00389  -0.00996  -0.00299  -2.3e-15  -2.3e-15   7.1e-05  0.000271  2.68e-16  -0.00149   -0.0046 -0.000518  -0.00251 -0.000343 -0.000439  -0.00303  -0.00637  -0.00197 -0.000322  -0.00679  -0.00507  -0.00156   -0.0184 -0.000305  -0.00451  -0.00146 -0.000749  -0.00128 -9.63e-05  -0.00169  -0.00345  -0.00142   -0.0166  -0.00721 -5.14e-07 -0.000212  -0.00049  -0.00273 -1.11e-05 -0.000584   0.00467    0.0189  -0.00486  -0.00794  2.08e-05 -5.67e-05   -0.0636    -0.105   -0.0367  -0.00766         1   -0.0518  -0.00613   -0.0145   -0.0323   -0.0036   -0.0135    -0.019  -0.00728   0.00592  -0.00171  -0.00288 -0.000391 -0.000968   -0.0405   -0.0365   -0.0172 -0.000323 -0.000411 -3.39e-05  3.86e-06 -9.38e-08 -3.34e-08   -0.0012  -0.00225  -0.00118   0.00018  0.000454   0.00175  6.75e-05 -1.52e-05  -0.00146  -0.00143 -0.000582    0.0936  -0.00393   0.00297    0.0409     -0.03    0.0262    0.0175    -0.023   0.00357  -0.00089   -0.0187  -0.00139  -0.00923  -0.00163 -2.69e-05  -0.00169 -0.000101  9.38e-06   -0.0102  -0.00192  0.000331   -0.0183
  -0.0746 -0.000832  -0.00231   -0.0055   -0.0157  -0.00484 -4.14e-15 -4.14e-15  9.61e-05  0.000372  6.33e-16   -0.0021  -0.00729 -0.000819  -0.00365 -0.000516 -0.000664  -0.00474   -0.0101  4.06e-05 -0.000307   0.00177  -0.00175 -0.000625  -0.00794   0.00249   -0.0033 -0.000831   0.00121 -0.000896   0.00133  -0.00115  -0.00336 -0.000613   -0.0136  -0.00278 -1.52e-06 -0.000552 -0.000832  -0.00179  8.58e-06    0.0021   0.00496    0.0215  -0.00682  -0.00505  0.000349  -0.00758    -0.118    -0.188   -0.0652   -0.0129   -0.0518         1   -0.0152   -0.0221   -0.0565  -0.00511   -0.0208    -0.028   -0.0111  -0.00384  -0.00395  -0.00434  -0.00117 -0.000766   -0.0602   -0.0497   -0.0266 -0.000861 -0.000795 -3.66e-05  2.85e-06  4.11e-08 -5.21e-08  -0.00886  -0.00241  -0.00199  0.000218  -0.00775   0.00261  0.000581  1.25e-05  -0.00058  -0.00434  -0.00156    0.0837  -0.00618  -0.00176    0.0256   -0.0331  -0.00226    0.0117    -0.027   -0.0337  -0.00135   -0.0302  -0.00842   -0.0194  -0.00321  9.36e-05  -0.00544 -0.000476 -1.25e-05   -0.0278  -0.00789 -0.000699   -0.0298
  -0.0429 -0.000221 -0.000292 -0.000397  -0.00223 -0.000752 -7.62e-16 -7.62e-16   2.2e-05  3.47e-05  7.16e-18 -0.000161  -0.00108 -0.000119 -0.000331  -5.9e-05 -7.78e-05 -0.000675  -0.00148  0.000753  2.66e-07   0.00596   0.00146   0.00056  0.000541   0.00191  0.000429  0.000441    0.0015 -0.000255  0.000905  0.000121  0.000178  0.000474   0.00101   0.00229 -3.22e-07 -0.000258 -5.19e-05 -0.000184  2.06e-05   0.00211  -0.00196  -0.00531   -0.0025   -0.0116   0.00024  -0.00477   -0.0254   -0.0377   -0.0129  -0.00231  -0.00613   -0.0152         1  -0.00214  -0.00996 -0.000558  -0.00262  -0.00327  -0.00191  -0.00719  -0.00101 -0.000501 -0.000528  0.000351  -0.00924  -0.00267  -0.00448 -0.000216 -0.000205  7.63e-06  9.95e-07  3.07e-07  8.65e-09   -0.0042  0.000469 -0.000365  1.39e-05  -0.00429  0.000504  0.000422  5.13e-05   0.00136   -0.0015 -0.000416   -0.0165  8.31e-05  -0.00221   -0.0116 -0.000456   -0.0162  -0.00432 -0.000887    -0.022 -0.000137  -0.00226  -0.00355  -0.00426 -0.000511  8.03e-05  -0.00166 -0.000131 -9.24e-06  -0.00759    -0.003 -0.000638  -0.00466
   0.0429 -0.000266 -0.000826  -0.00226  -0.00538  -0.00165 -1.34e-15 -1.34e-15 -3.82e-05 -3.57e-05  6.63e-16 -0.000827  -0.00242 -0.000273  -0.00142 -0.000192 -0.000244  -0.00159  -0.00339    0.0012  0.000215  -0.00205   0.00195  -0.00032   0.00331 -0.000629   0.00297  7.43e-05  -0.00117 -0.000111 -7.86e-05   0.00119   0.00026  0.000125  -0.00638   0.00161 -1.12e-06  0.000107 -0.000412 -0.000722 -2.43e-05  -0.00189   0.00246   0.00954   0.00828   -0.0167 -0.000145 -0.000331    -0.025   -0.0383   -0.0116  -0.00541   -0.0145   -0.0221  -0.00214         1    -0.014  -0.00337  -0.00717  -0.00679  -0.00477   0.00878    -0.001  -0.00102 -0.000104 -0.000605   -0.0332   -0.0179   -0.0058 -0.000651 -0.000178  -4.8e-05 -4.93e-06 -7.27e-07 -7.05e-08  -0.00366  -0.00215 -0.000413 -5.42e-05  -0.00256 -0.000759 -0.000597 -0.000122  -0.00274  -0.00057 -0.000528    0.0501  -0.00379 -0.000379    0.0106   0.00199   0.00607    0.0017   0.00341   0.00175 -0.000476   -0.0137  -0.00191  -0.00423  -0.00145  -6.7e-05   -0.0016 -0.000437 -1.75e-05  -0.00753 -0.000874 -0.000141  -0.00976
  -0.0526 -0.000527  -0.00128   -0.0026  -0.00819  -0.00256 -2.59e-15 -2.59e-15  7.82e-05  0.000257  5.46e-16  -0.00101  -0.00387 -0.000432  -0.00177 -0.000258 -0.000335   -0.0025  -0.00534   0.00057 -0.000155   0.00402  2.15e-05  -5.9e-05  -0.00222   0.00239  -0.00188 -0.000229   0.00157  -0.00033   0.00146 -0.000592  -0.00208 -0.000163  -0.00475 -0.000175 -5.66e-07 -0.000243 -0.000491 -0.000601  1.18e-05    0.0023    0.0035     0.014  -0.00449    0.0013  0.000327  -0.00498   -0.0757    -0.119   -0.0417   -0.0084   -0.0323   -0.0565  -0.00996    -0.014         1  -0.00317   -0.0132   -0.0175  -0.00659   -0.0042  -0.00205  -0.00221 -0.000136 -1.47e-05   -0.0345   -0.0244   -0.0154  2.97e-07 -0.000507 -2.65e-06  1.88e-06  1.15e-08 -2.69e-08  -0.00414 -0.000579  -0.00118  0.000131  -0.00307   0.00193  0.000522  4.33e-05  0.000197  -0.00195 -0.000479    0.0553  -0.00375  -0.00158     0.012   -0.0204  -0.00516   0.00669   -0.0182   -0.0238 -0.000786   -0.0108  -0.00281  -0.00587  -0.00123  0.000142   -0.0015  3.82e-05 -4.58e-06   -0.0102  -0.00347 -0.000176   -0.0154
 -0.00141  -6.2e-05 -0.000147 -0.000654  -0.00191 -0.000634 -4.39e-16 -4.39e-16 -3.92e-05 -5.53e-05  2.34e-16 -0.000228 -0.000851 -9.55e-05 -0.000421 -6.27e-05 -7.89e-05 -0.000557   -0.0012  0.000799  0.000186   0.00153   0.00165 -3.23e-05  -0.00502  0.000399   0.00263  0.000344  -0.00013 -0.000703  0.000185   0.00102  0.000791  0.000378   -0.0052   0.00152 -3.45e-07  8.97e-05 -0.000128  -0.00152 -6.65e-06 -0.000385  -0.00155  -0.00459   0.00598   -0.0385 -5.45e-05  0.000289  -0.00553   -0.0082 -0.000949  -0.00331   -0.0036  -0.00511 -0.000558  -0.00337  -0.00317         1   -0.0029  -0.00126  -0.00325   0.00537 -0.000381 -6.56e-05 -0.000105 -5.73e-05   -0.0237   -0.0031  -0.00212 -0.000364 -8.11e-05 -2.54e-05 -2.43e-06 -1.75e-07 -1.82e-08  -0.00243 -0.000564 -3.06e-05 -7.23e-05 -0.000926 -0.000748 -0.000304 -2.79e-05 -0.000573  0.000223 -6.15e-05    0.0334 -0.000532  0.000231  0.000188   0.00453   0.00163  -0.00163   0.00652 -1.07e-05 -0.000188  -0.00118  0.000128    0.0017 -0.000179   9.2e-06  0.000248 -4.16e-05 -1.09e-05  0.000795  0.000655    -8e-05  -0.00329
    0.013 -0.000158 -0.000484  -0.00155  -0.00426  -0.00133 -1.05e-15 -1.05e-15 -1.45e-05  5.79e-05  3.31e-16 -0.000573  -0.00194 -0.000218    -0.001 -0.000141  -0.00018  -0.00127  -0.00271  0.000338  3.11e-05  -0.00029  0.000128 -0.000387  -0.00792  0.000391  0.000747  -0.00013 -0.000185 -0.000714   0.00025  0.000398  -0.00041  -4.6e-05  -0.00818 -0.000876 -3.72e-07  7.31e-05 -0.000314  -0.00167 -1.09e-05 -0.000318  0.000495   0.00275   0.00288   -0.0291 -3.47e-05  0.000212   -0.0248   -0.0401   -0.0126  -0.00509   -0.0135   -0.0208  -0.00262  -0.00717   -0.0132   -0.0029         1  -0.00682  -0.00455   0.00511 -0.000868 -0.000869 -3.67e-05 -0.000292   -0.0295   -0.0125  -0.00649 -0.000297 -0.000189 -2.71e-05 -1.88e-06 -2.48e-07 -2.73e-08  -0.00202 -0.000962 -0.000353 -3.77e-06 -0.000408 -1.06e-05 -0.000213  -2.7e-05 -0.000939 -7.16e-05 -0.000146    0.0512    -0.002  0.000186   0.00892   -0.0066   0.00438   0.00298  -0.00331  -0.00152 -0.000443  -0.00519  0.000115 -5.68e-05 -0.000474  3.23e-05  4.84e-05   3.1e-05 -7.19e-06   -0.0014  8.65e-05  0.000125   -0.0076
  -0.0461 -0.000123 -0.000733  -0.00174  -0.00455  -0.00135 -1.07e-15 -1.07e-15  7.28e-05  0.000203 -4.32e-17 -0.000676  -0.00214  -0.00024  -0.00113 -0.000154 -0.000198  -0.00141  -0.00294  -0.00217 -0.000345  -0.00545  -0.00501  -0.00116   -0.0175 -0.000356  -0.00487  -0.00119 -0.000245  -0.00101 -5.98e-05  -0.00186  -0.00285  -0.00126   -0.0108  -0.00682  1.93e-07 -0.000134   -0.0002  -0.00201 -1.58e-06  7.23e-05   0.00215   0.00942  -0.00801 -0.000686  5.67e-05 -0.000147   -0.0346   -0.0593   -0.0213  -0.00334    -0.019    -0.028  -0.00327  -0.00679   -0.0175  -0.00126  -0.00682         1  -0.00316  0.000525 -0.000532   -0.0015  4.17e-05 -0.000394   -0.0147   -0.0183  -0.00943  0.000241 -0.000223  4.01e-07   4.1e-06  4.38e-08  -4.1e-09   0.00171 -0.000674  -0.00066  0.000146   0.00258   0.00158  0.000232  2.43e-05 -0.000316 -0.000332  2.45e-06    0.0374  -0.00172   0.00206    0.0254   -0.0237    0.0174    0.0124   -0.0201   0.00385 -0.000426  -0.00565   0.00101  -0.00261 -0.000351  5.06e-06  0.000138   0.00017  1.64e-05   -0.0014 -0.000202  0.000488  -0.00828
   0.0747 -0.000123 -0.000396  -0.00148  -0.00423  -0.00136 -7.82e-16 -7.82e-16 -4.33e-05 -6.03e-05   1.2e-16 -0.000541   -0.0019 -0.000215  -0.00097  -0.00014 -0.000178  -0.00124  -0.00267  0.000442  0.000173   0.00151     0.001  -0.00024   -0.0125  0.000601   0.00267  0.000262 -0.000152  -0.00145  0.000115   0.00095  0.000741  0.000323   -0.0104  0.000654 -6.36e-07 -6.17e-05 -0.000158   -0.0029 -3.21e-06 -0.000298  -0.00332  -0.00913   0.00574   -0.0612 -4.52e-05  -0.00085   -0.0147   -0.0229  -0.00533  -0.00483  -0.00728   -0.0111  -0.00191  -0.00477  -0.00659  -0.00325  -0.00455  -0.00316         1   0.00575 -0.000978 -0.000593 -0.000682 -0.000226   -0.0363  -0.00923  -0.00558 -0.000798 -0.000174 -3.99e-05 -1.61e-06 -1.94e-08 -1.64e-08  -0.00483  -0.00104 -0.000222 -7.02e-05  -0.00291 -0.000809 -0.000295 -2.51e-05 -0.000389 -0.000565  -0.00044    0.0393 -0.000338   0.00061   0.00225   0.00306   0.00299  -0.00151   0.00717  -0.00357 -0.000317  -0.00614  -0.00197  -0.00255 -0.000736 -1.38e-05  -0.00108 -0.000239 -1.49e-05  -0.00456 -0.000693 -0.000392  -0.00777
    0.133 -5.25e-05  0.000622   0.00356   0.00607   0.00176  5.32e-16  5.32e-16  0.000191  0.000208 -9.16e-16   0.00129   0.00251  0.000289    0.0021   0.00026  0.000325   0.00171   0.00359  -0.00218 -0.000688   0.00822  -0.00431  0.000837   -0.0148   0.00321  -0.00876 -0.000122   0.00459 -0.000435   0.00214  -0.00346  -0.00261 -0.000559   0.00867  -0.00426  1.87e-06 -0.000494   0.00044  0.000316  7.12e-05   0.00693   -0.0069   -0.0207    -0.031    0.0286  0.000769   -0.0122   -0.0211   -0.0337   -0.0156   0.00454   0.00592  -0.00384  -0.00719   0.00878   -0.0042   0.00537   0.00511  0.000525   0.00575         1   0.00084  0.000972  0.000675   0.00207    0.0519    0.0243   0.00151   0.00205 -0.000195  0.000144   8.4e-06  9.43e-07  9.28e-08   0.00402   0.00522 -0.000225  0.000177   0.00166   0.00347   0.00192   0.00026   0.00573 -0.000343   0.00104    -0.185   0.00331  -0.00622   -0.0389     -0.02   -0.0435  -0.00681   -0.0294   -0.0452  0.000555    0.0282   0.00157    0.0078   0.00243  0.000299   0.00238  0.000853  2.94e-05   0.00862  -0.00187 -3.49e-05    0.0102
 -0.00809 -9.47e-05 -0.000257   -0.0012  -0.00276 -0.000836 -3.04e-16 -3.04e-16 -3.85e-05 -3.15e-05  -9.3e-18 -0.000442  -0.00121 -0.000137  -0.00076   -0.0001 -0.000128 -0.000788  -0.00169  0.000487  3.58e-05 -0.000374  0.000739  6.67e-05    0.0043 -0.000247   0.00128  3.32e-05 -0.000552  0.000173 -0.000404  0.000496  0.000586  0.000229  -0.00152  0.000687 -7.86e-07 -0.000132  -0.00014  0.000222 -6.54e-06 -0.000695 -0.000113  0.000223   0.00239  -0.00241 -8.84e-05 -0.000856  -0.00581  -0.00774  -0.00225 -0.000586  -0.00171  -0.00395  -0.00101    -0.001  -0.00205 -0.000381 -0.000868 -0.000532 -0.000978   0.00084         1 -0.000757 -0.000876 -0.000517  -0.00763  -0.00889  -0.00219 -0.000873 -3.58e-05 -2.99e-05 -1.84e-06 -1.14e-08 -1.45e-08  -0.00392  -0.00118 -0.000144 -1.35e-05   -0.0046 -0.000513 -0.000168 -4.77e-05 -0.000614  -0.00151 -0.000858  -0.00326 -0.000709  -0.00104  -0.00302   0.00288  -0.00592  -0.00284   0.00447  -0.00598 -0.000152   -0.0123  -0.00476   -0.0094   -0.0013 -6.37e-05  -0.00318 -0.000505  -1.4e-05   -0.0128   -0.0031 -0.000605  -0.00553
 -0.00196 -5.22e-05 -0.000293  -0.00121  -0.00256 -0.000746 -2.27e-16 -2.27e-16 -1.68e-05  2.11e-06 -9.37e-17 -0.000448  -0.00113 -0.000128 -0.000752 -9.61e-05 -0.000122 -0.000742  -0.00157 -0.000397 -7.02e-05  -0.00301  -0.00107 -0.000308 -0.000422 -0.000798 -0.000384 -0.000354 -0.000829 -1.43e-05 -0.000603  -0.00016 -0.000196 -0.000231   -0.0035  -0.00164 -5.48e-07 -0.000127 -0.000114 -0.000152 -8.17e-06 -0.000967  0.000403   0.00228 -0.000361   0.00279 -0.000104 -0.000277  -0.00537  -0.00869  -0.00304 -9.45e-05  -0.00288  -0.00434 -0.000501  -0.00102  -0.00221 -6.56e-05 -0.000869   -0.0015 -0.000593  0.000972 -0.000757         1  -0.00069 -0.000577  -0.00405   -0.0102  -0.00249 -0.000638 -2.55e-05 -2.31e-05 -5.66e-07 -3.24e-08 -1.23e-08  -0.00204  -0.00116 -0.000177  2.13e-05   -0.0027 -0.000159 -0.000136 -4.44e-05 -0.000757  -0.00118 -0.000678  -0.00389 -0.000786  -0.00017   0.00382  -0.00238  0.000879  0.000671 -0.000653 -0.000543 -0.000141   -0.0112  -0.00348  -0.00845   -0.0011 -8.01e-05  -0.00259 -0.000411 -5.59e-06   -0.0104  -0.00236 -0.000338  -0.00505
  -0.0065 -6.21e-05 -0.000248  -0.00109  -0.00242 -0.000721 -1.67e-16 -1.67e-16 -2.91e-05  -4.2e-05 -1.19e-16 -0.000405  -0.00105  -0.00012 -0.000688    -9e-05 -0.000114 -0.000691  -0.00147  4.56e-05  1.75e-05  -0.00103  6.63e-05 -4.34e-05   0.00184 -0.000421  0.000799 -4.97e-05 -0.000605 -3.32e-05 -0.000514  0.000239  0.000457  9.11e-05  -0.00213  0.000112 -6.98e-07 -0.000181 -5.75e-05 -8.57e-05 -3.36e-06 -0.000713 -0.000606  -0.00115   0.00151  -0.00399 -8.12e-05 -0.000869  -0.00264  -0.00308 -0.000717  2.29e-05 -0.000391  -0.00117 -0.000528 -0.000104 -0.000136 -0.000105 -3.67e-05  4.17e-05 -0.000682  0.000675 -0.000876  -0.00069         1 -0.000494  -0.00544  -0.00808  -0.00191 -0.000835 -2.01e-05 -2.67e-05 -6.18e-07  7.98e-08 -7.63e-09  -0.00351   -0.0011 -0.000128 -6.72e-06  -0.00421 -0.000459 -0.000129 -3.91e-05 -0.000413  -0.00151 -0.000827  -0.00724 -0.000165 -0.000354 -0.000897    0.0029  -0.00239  -0.00197   0.00453  -0.00364 -8.82e-05   -0.0117  -0.00465  -0.00964  -0.00124 -8.41e-05  -0.00316 -0.000522 -1.05e-05   -0.0123  -0.00297 -0.000612  -0.00493
 0.000264 -1.59e-05 -0.000183  -0.00096   -0.0018 -0.000514 -6.95e-17 -6.95e-17  -2.6e-05 -1.71e-05 -4.32e-17  -0.00035  -0.00077 -8.81e-05 -0.000582 -7.16e-05 -9.05e-05 -0.000512  -0.00108 -0.000251 -3.71e-05  -0.00334 -0.000761 -0.000298   0.00045  -0.00101  2.54e-05 -0.000303 -0.000991  8.48e-05 -0.000652  2.32e-05 -1.36e-05  -0.00019  -0.00302  -0.00141 -4.82e-07 -4.29e-05 -0.000113 -3.69e-05 -1.21e-05  -0.00126  0.000516    0.0023  0.000726    0.0028 -0.000141  0.000398  0.000214  8.18e-05  0.000116  0.000189 -0.000968 -0.000766  0.000351 -0.000605 -1.47e-05 -5.73e-05 -0.000292 -0.000394 -0.000226   0.00207 -0.000517 -0.000577 -0.000494         1  -0.00264  -0.00795  -0.00105 -0.000552  1.37e-05  -2.3e-05 -1.47e-06 -1.44e-07 -1.64e-08  -0.00135  -0.00112 -6.72e-05  2.51e-06  -0.00192  -0.00036 -0.000234 -5.59e-05  -0.00102 -0.000741 -0.000532  -0.00364 -0.000866 -0.000193     0.003 -0.000709   0.00132   0.00023  0.000588    0.0022 -0.000101  -0.00936  -0.00252  -0.00639 -0.000881 -8.06e-05    -0.002 -0.000354 -5.64e-06  -0.00791  -0.00157 -0.000213  -0.00351
    0.519 -0.000848  -0.00264   -0.0115   -0.0306  -0.00977 -5.11e-15 -5.11e-15 -0.000469  -0.00067  1.32e-15  -0.00413   -0.0136  -0.00153  -0.00737  -0.00104  -0.00132  -0.00889   -0.0191   0.00593   0.00165   0.00827    0.0124  -0.00123   -0.0645   0.00213     0.026   0.00254  -0.00362  -0.00869 -0.000482   0.00963    0.0084   0.00336   -0.0704      0.01 -6.04e-06 -0.000122  -0.00142   -0.0182 -6.76e-05   -0.0061   -0.0217   -0.0606     0.057    -0.428 -0.000805  -0.00284   -0.0749    -0.111   -0.0183   -0.0331   -0.0405   -0.0602  -0.00924   -0.0332   -0.0345   -0.0237   -0.0295   -0.0147   -0.0363    0.0519  -0.00763  -0.00405  -0.00544  -0.00264         1   -0.0691   -0.0331  -0.00713    -0.001 -0.000354 -2.27e-05 -1.02e-06 -1.87e-07   -0.0388  -0.00995  -0.00107 -0.000681   -0.0264  -0.00861  -0.00325 -0.000388  -0.00634  -0.00453  -0.00414     0.279  -0.00477   0.00178   0.00288    0.0455    0.0109   -0.0213    0.0744   -0.0182  -0.00227   -0.0603   -0.0187   -0.0259   -0.0069  -0.00027   -0.0112  -0.00257 -0.000141   -0.0452  -0.00662  -0.00339   -0.0563
   -0.115 -0.000633  -0.00396   -0.0163   -0.0334  -0.00972  -2.9e-15  -2.9e-15  -0.00028 -0.000155 -7.07e-16  -0.00599   -0.0146  -0.00167     -0.01  -0.00127  -0.00161  -0.00966   -0.0204  -0.00514 -0.000698   -0.0479   -0.0138  -0.00493   -0.0124   -0.0135  -0.00233  -0.00481   -0.0134  -0.00072  -0.00873  -0.00105  -0.00211  -0.00343   -0.0554   -0.0231 -7.59e-06   -0.0012  -0.00171  -0.00382 -0.000149   -0.0166   0.00518    0.0308    0.0028   0.00735  -0.00173  -0.00167   -0.0537   -0.0887   -0.0291  -0.00297   -0.0365   -0.0497  -0.00267   -0.0179   -0.0244   -0.0031   -0.0125   -0.0183  -0.00923    0.0243  -0.00889   -0.0102  -0.00808  -0.00795   -0.0691         1    -0.029   -0.0083 -0.000261 -0.000334 -1.55e-05 -1.75e-06 -2.45e-07   -0.0245   -0.0168  -0.00205  0.000135   -0.0318   -0.0038  -0.00286 -0.000767    -0.014   -0.0132   -0.0084   -0.0491   -0.0135  -0.00214    0.0571   -0.0235    0.0253   0.00927  -0.00293    0.0147  -0.00189    -0.147   -0.0413    -0.103   -0.0142  -0.00119   -0.0319  -0.00554 -7.97e-05    -0.128   -0.0268  -0.00376    -0.065
  -0.0193 -0.000209  -0.00104  -0.00346  -0.00883  -0.00267 -1.28e-15 -1.28e-15  6.88e-06  8.45e-05 -3.95e-16  -0.00131    -0.004 -0.000454  -0.00225 -0.000306 -0.000391  -0.00262  -0.00555  -0.00199 -0.000244  -0.00458  -0.00434  -0.00111   -0.0215 -0.000329  -0.00239 -0.000976 -0.000808  -0.00185 -0.000745   -0.0011  -0.00141   -0.0008   -0.0172  -0.00587 -9.95e-07 -0.000515 -0.000218   -0.0035  1.34e-06 -0.000507  -0.00217  -0.00295  -0.00423   -0.0398 -4.18e-05  -0.00238   -0.0368   -0.0605     -0.02   -0.0041   -0.0172   -0.0266  -0.00448   -0.0058   -0.0154  -0.00212  -0.00649  -0.00943  -0.00558   0.00151  -0.00219  -0.00249  -0.00191  -0.00105   -0.0331    -0.029         1  -0.00142  -0.00029 -5.02e-05  3.52e-06  4.29e-07  -1.4e-09  -0.00619  -0.00226 -0.000814  9.43e-05  -0.00577   0.00045  5.14e-05 -1.27e-05  -0.00016  -0.00301  -0.00146    0.0255 -0.000657   0.00166    0.0182   -0.0149    0.0105   0.00601  -0.00715  -0.00659  -0.00055   -0.0233  -0.00751   -0.0185  -0.00233 -0.000117  -0.00529 -0.000719    -6e-06   -0.0221  -0.00535 -0.000811    -0.017
   0.0454 -6.44e-05 -0.000234  -0.00115  -0.00243 -0.000727 -1.82e-16 -1.82e-16 -4.21e-05  -5.5e-05 -1.85e-17 -0.000419  -0.00105  -0.00012 -0.000712 -9.21e-05 -0.000117 -0.000688  -0.00147  0.000348  5.69e-05  -0.00129  0.000578 -2.72e-05    0.0036 -0.000589   0.00142  4.57e-06 -0.000813  0.000106 -0.000555  0.000519  0.000651  0.000167  -0.00205   0.00051 -7.79e-07  -0.00011  -0.00011  6.76e-05 -8.89e-06  -0.00107 -0.000209 -5.89e-05   0.00306  -0.00409 -0.000124 -0.000418  -0.00124 -0.000694  0.000307 -0.000248 -0.000323 -0.000861 -0.000216 -0.000651  2.97e-07 -0.000364 -0.000297  0.000241 -0.000798   0.00205 -0.000873 -0.000638 -0.000835 -0.000552  -0.00713   -0.0083  -0.00142         1 -7.39e-06 -3.18e-05 -1.95e-06 -6.46e-08 -1.71e-08  -0.00352  -0.00128 -8.62e-05 -2.44e-05  -0.00414 -0.000678 -0.000251 -5.92e-05 -0.000848  -0.00132 -0.000811  -0.00324 -0.000629 -0.000621  -0.00145   0.00422   -0.0029  -0.00249   0.00571  -0.00244 -0.000113   -0.0121  -0.00438  -0.00893  -0.00126 -8.68e-05  -0.00302 -0.000529 -1.31e-05   -0.0118  -0.00267 -0.000559  -0.00486
-0.000135 -8.81e-06 -1.96e-05 -3.56e-05 -0.000146 -4.82e-05 -4.03e-17 -4.03e-17  1.25e-06  8.48e-07 -2.49e-18 -1.36e-05 -6.96e-05  -7.8e-06 -2.62e-05 -4.22e-06 -5.45e-06 -4.46e-05 -9.62e-05  -1.2e-05 -1.45e-06  0.000142 -1.93e-05 -3.61e-06 -0.000662  6.23e-05 -1.05e-05  5.69e-06  4.81e-05 -6.51e-05  3.35e-05 -9.83e-06 -1.63e-05  1.07e-06 -0.000342 -2.52e-05 -9.34e-09 -1.07e-05 -2.61e-06 -0.000115  7.64e-07  7.05e-05 -0.000179 -0.000469 -0.000152  -0.00196  8.75e-06 -0.000211  -0.00124  -0.00195 -0.000623 -0.000177 -0.000411 -0.000795 -0.000205 -0.000178 -0.000507 -8.11e-05 -0.000189 -0.000223 -0.000174 -0.000195 -3.58e-05 -2.55e-05 -2.01e-05  1.37e-05    -0.001 -0.000261  -0.00029 -7.39e-06         1  6.33e-08  6.36e-08  8.73e-09  9.74e-11 -0.000162   9.5e-06 -1.94e-05  9.47e-08 -0.000111  1.87e-05  1.25e-05  1.83e-06  4.31e-05 -4.05e-05  -9.1e-06 -0.000317  3.77e-07  -3.9e-05 -0.000175 -0.000192 -0.000272 -6.18e-05 -0.000144 -0.000704 -9.53e-06  -2.5e-05 -8.16e-05 -7.67e-05 -1.36e-05  2.48e-06 -3.26e-05 -2.77e-06 -2.14e-07 -0.000163 -7.03e-05 -1.78e-05 -0.000283
 0.000542 -1.98e-06 -8.93e-06 -4.59e-05 -9.37e-05 -2.79e-05 -7.44e-18 -7.44e-18 -1.81e-06 -2.14e-06   1.8e-18 -1.66e-05 -4.01e-05 -4.58e-06 -2.82e-05  -3.6e-06 -4.55e-06 -2.65e-05 -5.64e-05  1.44e-05  2.83e-06 -7.48e-05  2.22e-05 -4.56e-06  0.000119 -2.97e-05  6.08e-05 -1.22e-06 -3.88e-05   3.5e-06 -2.33e-05  2.34e-05   2.4e-05  4.93e-06 -0.000107  1.25e-05 -2.91e-08 -1.76e-06 -5.38e-06 -1.74e-06 -5.08e-07 -5.32e-05     7e-06  4.26e-05  0.000155 -0.000221 -6.09e-06   1.2e-05 -7.45e-06  2.27e-05  3.48e-05 -2.17e-05 -3.39e-05 -3.66e-05  7.63e-06  -4.8e-05 -2.65e-06 -2.54e-05 -2.71e-05  4.01e-07 -3.99e-05  0.000144 -2.99e-05 -2.31e-05 -2.67e-05  -2.3e-05 -0.000354 -0.000334 -5.02e-05 -3.18e-05  6.33e-08         1 -9.53e-08 -6.17e-09 -8.64e-10 -0.000117 -5.39e-05 -2.33e-06  -1.2e-06 -0.000131 -2.96e-05 -1.32e-05 -2.68e-06 -4.48e-05 -3.88e-05 -2.76e-05  0.000219  -3.5e-05 -1.31e-05  3.09e-05  0.000152 -1.37e-05 -6.52e-05  0.000219  2.19e-05 -5.33e-06 -0.000447 -0.000138 -0.000293 -4.51e-05 -3.42e-06 -9.94e-05 -1.85e-05 -4.88e-07  -0.00039 -7.82e-05 -1.64e-05 -0.000182
-2.08e-05 -1.74e-07 -1.07e-07 -2.43e-06 -4.27e-06 -1.31e-06 -3.05e-19 -3.05e-19 -2.17e-07 -2.57e-07  7.69e-19 -7.79e-07  -1.7e-06  -1.9e-07 -1.39e-06 -1.69e-07 -2.11e-07 -1.12e-06 -2.43e-06  3.32e-06  3.05e-07 -6.17e-06  4.98e-06  8.32e-08  1.61e-05 -3.14e-06  7.67e-06  4.09e-07 -3.47e-06  1.29e-06 -1.42e-06  3.42e-06  2.98e-06  9.16e-07 -6.74e-06  2.08e-06 -2.32e-09  4.95e-07 -8.55e-07  9.32e-07  -7.4e-08 -5.33e-06  -3.8e-07 -4.87e-07  1.36e-05 -2.01e-05 -6.56e-07 -6.31e-07  1.03e-05  2.03e-05     1e-05  -2.5e-06  3.86e-06  2.85e-06  9.95e-07 -4.93e-06  1.88e-06 -2.43e-06 -1.88e-06   4.1e-06 -1.61e-06   8.4e-06 -1.84e-06 -5.66e-07 -6.18e-07 -1.47e-06 -2.27e-05 -1.55e-05  3.52e-06 -1.95e-06  6.36e-08 -9.53e-08         1 -1.87e-09 -1.39e-10 -7.42e-06 -3.78e-06  2.92e-07 -2.43e-07 -8.72e-06  -3.5e-06 -1.63e-06  -3.4e-07 -6.07e-06 -7.76e-07 -1.44e-06 -5.33e-05 -6.65e-06 -8.28e-06 -2.95e-05  1.76e-05 -3.34e-05 -1.72e-05  1.63e-05 -8.14e-06    -4e-07  -2.4e-05 -6.76e-06 -9.92e-06 -2.46e-06 -1.61e-07 -4.92e-06 -1.15e-06 -5.69e-08 -2.01e-05 -3.39e-06 -6.73e-07 -7.97e-06
 6.87e-06 -7.09e-09 -3.08e-08 -2.07e-07 -2.58e-07 -7.06e-08 -1.55e-20 -1.55e-20 -1.32e-08 -1.87e-08  7.82e-20 -6.52e-08 -9.79e-08 -1.11e-08 -1.11e-07  -1.2e-08 -1.48e-08 -6.74e-08 -1.42e-07  5.42e-08   1.6e-09 -1.66e-06 -6.46e-08 -1.28e-07  1.17e-07 -5.64e-07  2.48e-07 -8.28e-08 -4.68e-07  7.39e-08  -1.9e-07  1.36e-07  1.85e-08 -7.79e-08 -1.33e-06  -5.4e-07 -1.47e-10  6.79e-08 -8.13e-08 -3.45e-08  -8.7e-09 -6.86e-07  2.01e-07  9.03e-07  4.83e-07  3.73e-08 -7.18e-08  4.19e-08  1.16e-06  1.72e-06  7.48e-07 -1.41e-07 -9.38e-08  4.11e-08  3.07e-07 -7.27e-07  1.15e-08 -1.75e-07 -2.48e-07  4.38e-08 -1.94e-08  9.43e-07 -1.14e-08 -3.24e-08  7.98e-08 -1.44e-07 -1.02e-06 -1.75e-06  4.29e-07 -6.46e-08  8.73e-09 -6.17e-09 -1.87e-09         1 -1.63e-11  7.77e-08 -3.62e-07  2.06e-08 -1.62e-08 -1.41e-08 -2.44e-07 -1.71e-07 -3.76e-08 -7.69e-07  1.37e-07 -3.64e-08 -6.86e-06 -8.38e-07 -6.06e-07 -6.56e-07  1.86e-07    -9e-07 -5.15e-07 -2.29e-07  1.39e-06 -3.14e-08 -1.58e-06  2.42e-08 -1.01e-07 -1.38e-07 -2.22e-08 -1.35e-07 -7.46e-08 -2.68e-09 -5.74e-07  9.54e-08  5.79e-08 -4.14e-07
  6.6e-07 -2.28e-09 -7.54e-09 -3.15e-08  -5.7e-08 -1.67e-08 -6.68e-21 -6.68e-21 -1.33e-09 -2.12e-09  6.22e-21  -1.1e-08  -2.4e-08 -2.74e-09 -1.86e-08 -2.29e-09 -2.88e-09  -1.6e-08  -3.4e-08  1.41e-08  1.97e-09 -1.06e-07  1.78e-08 -5.92e-09  1.32e-07 -4.06e-08  4.54e-08 -2.56e-09 -3.92e-08  9.31e-09 -1.78e-08  1.89e-08  1.32e-08 -2.64e-10 -8.11e-08 -2.27e-09  -2.3e-11  2.02e-09 -6.51e-09   5.9e-09  -6.3e-10 -5.68e-08  2.21e-08  9.63e-08  9.75e-08  3.65e-08 -5.71e-09 -1.12e-08 -7.61e-09  1.56e-08  2.18e-08 -1.74e-08 -3.34e-08 -5.21e-08  8.65e-09 -7.05e-08 -2.69e-08 -1.82e-08 -2.73e-08  -4.1e-09 -1.64e-08  9.28e-08 -1.45e-08 -1.23e-08 -7.63e-09 -1.64e-08 -1.87e-07 -2.45e-07  -1.4e-09 -1.71e-08  9.74e-11 -8.64e-10 -1.39e-10 -1.63e-11         1 -5.71e-08 -4.29e-08 -1.19e-09  -1.4e-09 -7.31e-08  -2.5e-08  -1.4e-08 -3.25e-09  -6.1e-08 -1.54e-08 -1.55e-08 -3.74e-07 -6.43e-08  -4.5e-08 -4.41e-08  1.12e-07 -8.72e-08 -6.71e-08  9.87e-08  3.53e-08 -3.74e-09 -3.01e-07 -7.28e-08 -1.55e-07 -3.08e-08 -2.78e-09 -5.89e-08 -1.38e-08 -3.84e-10 -2.34e-07 -3.99e-08 -6.55e-09 -1.08e-07
   0.0166 -0.000463 -0.000987  -0.00391   -0.0095  -0.00296 -1.27e-15 -1.27e-15 -0.000167 -0.000292  2.09e-16  -0.00143  -0.00416 -0.000473   -0.0025 -0.000341 -0.000435   -0.0027  -0.00584   0.00386  0.000571    0.0064   0.00794   0.00124    0.0268  0.000551   0.00982   0.00144  -0.00111  0.000612 -0.000757   0.00355   0.00445   0.00205  0.000501    0.0106 -3.42e-06 -0.000582  -0.00033    0.0011 -7.55e-06   -0.0017  -0.00275  -0.00714    0.0179   -0.0322 -0.000194   -0.0057   -0.0181   -0.0179  -0.00301  -0.00325   -0.0012  -0.00886   -0.0042  -0.00366  -0.00414  -0.00243  -0.00202   0.00171  -0.00483   0.00402  -0.00392  -0.00204  -0.00351  -0.00135   -0.0388   -0.0245  -0.00619  -0.00352 -0.000162 -0.000117 -7.42e-06  7.77e-08 -5.71e-08         1  -0.00403 -0.000432 -0.000173   -0.0208  -0.00294 -0.000666 -0.000172  -0.00161  -0.00611  -0.00332  -0.00759  -0.00134  -0.00414   -0.0237     0.032   -0.0285   -0.0183    0.0356   -0.0301 -0.000396   -0.0438   -0.0197   -0.0344  -0.00505 -0.000236   -0.0124  -0.00216 -6.76e-05   -0.0487   -0.0121  -0.00298   -0.0194
 0.000275 -8.23e-05 -0.000472  -0.00212  -0.00413   -0.0012 -2.94e-16 -2.94e-16  -6.3e-05 -7.49e-05  2.24e-17 -0.000773  -0.00177 -0.000203  -0.00129 -0.000162 -0.000205  -0.00117  -0.00249   2.4e-06  2.66e-05   -0.0058 -0.000383 -0.000455   0.00398  -0.00194   0.00132 -0.000376  -0.00204  0.000214  -0.00125  0.000495  0.000445 -0.000157   -0.0055  -0.00122 -1.24e-06 -9.89e-05 -0.000241  4.33e-06 -2.49e-05   -0.0027  0.000959   0.00448   0.00402   0.00152 -0.000287  0.000255  -0.00103 -0.000931  0.000267 -0.000213  -0.00225  -0.00241  0.000469  -0.00215 -0.000579 -0.000564 -0.000962 -0.000674  -0.00104   0.00522  -0.00118  -0.00116   -0.0011  -0.00112  -0.00995   -0.0168  -0.00226  -0.00128   9.5e-06 -5.39e-05 -3.78e-06 -3.62e-07 -4.29e-08  -0.00403         1  -0.00016 -2.35e-05  -0.00509  -0.00104 -0.000561 -0.000131  -0.00232  -0.00174  -0.00121  -0.00401  -0.00199 -0.000587    0.0046     0.003   0.00172  -0.00098   0.00527   0.00314 -0.000219   -0.0209  -0.00598    -0.014  -0.00207 -0.000179  -0.00456 -0.000856 -1.68e-05   -0.0179  -0.00358 -0.000614  -0.00805
-0.000373 -2.31e-05  -9.1e-05  -0.00023 -0.000569 -0.000169  -9.8e-17  -9.8e-17  3.14e-06  4.76e-06 -1.83e-17 -8.85e-05  -0.00026 -2.96e-05 -0.000149 -2.01e-05 -2.58e-05  -0.00017  -0.00036 -0.000112 -1.58e-05 -0.000317 -0.000237 -4.99e-05  -0.00034  -4.8e-05  -0.00019 -5.96e-05 -5.23e-05 -4.58e-05 -4.69e-05  -9.3e-05 -0.000107 -5.55e-05 -0.000594 -0.000243 -9.18e-08 -4.54e-05 -1.06e-05 -7.34e-05  5.03e-07 -3.21e-05  5.19e-05  0.000464 -0.000409  0.000539  3.41e-06 -0.000346  -0.00288  -0.00453  -0.00162 -0.000142  -0.00118  -0.00199 -0.000365 -0.000413  -0.00118 -3.06e-05 -0.000353  -0.00066 -0.000222 -0.000225 -0.000144 -0.000177 -0.000128 -6.72e-05  -0.00107  -0.00205 -0.000814 -8.62e-05 -1.94e-05 -2.33e-06  2.92e-07  2.06e-08 -1.19e-09 -0.000432  -0.00016         1  8.68e-06 -0.000527  5.74e-05  1.54e-05  -2.7e-06 -3.66e-05 -0.000276 -0.000119 -0.000672 -0.000109  3.02e-05   0.00112 -0.000754  0.000424   0.00038 -0.000534 -0.000765 -2.83e-05  -0.00194 -0.000682  -0.00163 -0.000207 -1.18e-05 -0.000483 -7.32e-05  -3.8e-07  -0.00198  -0.00051  -7.8e-05  -0.00113
   0.0004 -3.27e-06  2.36e-06 -4.04e-06 -1.34e-05 -7.02e-06 -5.15e-18 -5.15e-18 -3.22e-06 -7.13e-06  1.57e-17 -7.49e-08 -3.86e-06 -4.33e-07 -1.92e-06 -4.48e-07 -5.13e-07 -2.27e-06  -6.9e-06  9.23e-05  1.58e-05  0.000162  0.000195  2.59e-05  0.000335  1.46e-05  0.000227   4.1e-05 -7.63e-06  3.98e-06  8.76e-06  8.75e-05  9.51e-05  4.38e-05  4.42e-05  0.000232 -3.09e-08  5.93e-06 -4.32e-06 -1.25e-06 -3.86e-07 -2.95e-05 -8.22e-05 -0.000283  0.000426  -0.00126 -3.77e-06 -3.46e-05  0.000281  0.000605  0.000299 -7.92e-05   0.00018  0.000218  1.39e-05 -5.42e-05  0.000131 -7.23e-05 -3.77e-06  0.000146 -7.02e-05  0.000177 -1.35e-05  2.13e-05 -6.72e-06  2.51e-06 -0.000681  0.000135  9.43e-05 -2.44e-05  9.47e-08  -1.2e-06 -2.43e-07 -1.62e-08  -1.4e-09 -0.000173 -2.35e-05  8.68e-06         1 -0.000146 -6.75e-05    -2e-05    -3e-06 -4.13e-05 -2.87e-07 -1.06e-05  0.000126 -2.67e-05 -7.73e-05 -0.000614  0.000734 -0.000454 -0.000374  0.000693 -0.000213  -5.5e-07 -7.63e-05 -6.69e-05   3.3e-05 -1.76e-05 -5.55e-07 -2.85e-05 -1.27e-05 -9.82e-07 -8.79e-05 -6.93e-06 -1.95e-05  -2.3e-05
   0.0486 -0.000525  -0.00118  -0.00469   -0.0107  -0.00327 -1.23e-15 -1.23e-15 -0.000182  -0.00031  1.28e-16  -0.00172  -0.00465  -0.00053  -0.00297 -0.000395 -0.000503  -0.00302  -0.00653   0.00396  0.000505   0.00373   0.00783   0.00133    0.0389 -0.000517   0.00958   0.00122  -0.00196   0.00162  -0.00146   0.00346   0.00458   0.00199   0.00394    0.0106 -4.12e-06 -0.000737 -0.000405   0.00296 -1.52e-05  -0.00273 -0.000846 -0.000679     0.017   0.00289 -0.000291  -0.00677   -0.0173   -0.0151  -0.00315 -0.000991  0.000454  -0.00775  -0.00429  -0.00256  -0.00307 -0.000926 -0.000408   0.00258  -0.00291   0.00166   -0.0046   -0.0027  -0.00421  -0.00192   -0.0264   -0.0318  -0.00577  -0.00414 -0.000111 -0.000131 -8.72e-06 -1.41e-08 -7.31e-08   -0.0208  -0.00509 -0.000527 -0.000146         1  -0.00311 -0.000741 -0.000234  -0.00248  -0.00776  -0.00418   -0.0421  -0.00233  -0.00572   -0.0269    0.0337   -0.0355   -0.0203    0.0364   -0.0341 -0.000388    -0.057   -0.0247   -0.0456   -0.0064 -0.000339   -0.0161  -0.00274 -7.54e-05    -0.063   -0.0157  -0.00352   -0.0222
  0.00492 -4.36e-05 -9.45e-05 -0.000692  -0.00133 -0.000411 -7.81e-17 -7.81e-17 -5.41e-05 -9.35e-05  1.32e-16 -0.000238 -0.000544 -6.24e-05 -0.000413 -5.29e-05 -6.62e-05 -0.000359 -0.000779  0.000882  0.000158  -0.00034   0.00174  0.000116   0.00496 -0.000513   0.00261  0.000269  -0.00076  0.000155 -0.000371   0.00101   0.00111  0.000383  -0.00104   0.00183 -6.88e-07  2.36e-05  -0.00011  8.55e-05 -1.19e-05  -0.00118 -0.000454  -0.00133   0.00548   -0.0104 -0.000138  -1.4e-05    0.0041   0.00823   0.00386 -0.000563   0.00175   0.00261  0.000504 -0.000759   0.00193 -0.000748 -1.06e-05   0.00158 -0.000809   0.00347 -0.000513 -0.000159 -0.000459  -0.00036  -0.00861   -0.0038   0.00045 -0.000678  1.87e-05 -2.96e-05  -3.5e-06 -2.44e-07  -2.5e-08  -0.00294  -0.00104  5.74e-05 -6.75e-05  -0.00311         1 -0.000375 -6.99e-05   -0.0011 -0.000588 -0.000515 -0.000159 -0.000761 -0.000874  -0.00461   0.00827  -0.00387  -0.00402   0.00875 -0.000666 -6.31e-05  -0.00766  -0.00269  -0.00448 -0.000841 -6.57e-05  -0.00182 -0.000404 -1.49e-05  -0.00687  -0.00128 -0.000398  -0.00259
-0.000651  -6.5e-06 -5.87e-05 -0.000394  -0.00068 -0.000198 -2.61e-17 -2.61e-17 -2.12e-05 -2.85e-05  5.17e-17 -0.000137 -0.000279  -3.2e-05 -0.000231  -2.8e-05 -3.51e-05 -0.000187 -0.000397   0.00012  2.87e-05  -0.00144  0.000131 -0.000111  0.000587 -0.000525  0.000629 -4.57e-05 -0.000544  3.52e-05  -0.00028  0.000261  0.000213 -2.52e-06  -0.00156 -0.000185 -2.59e-07  3.38e-05 -7.21e-05 -8.69e-05 -8.45e-06 -0.000778  0.000104  0.000546   0.00163   -0.0028  -8.7e-05  0.000327   0.00179   0.00294   0.00135 -0.000199  6.75e-05  0.000581  0.000422 -0.000597  0.000522 -0.000304 -0.000213  0.000232 -0.000295   0.00192 -0.000168 -0.000136 -0.000129 -0.000234  -0.00325  -0.00286  5.14e-05 -0.000251  1.25e-05 -1.32e-05 -1.63e-06 -1.71e-07  -1.4e-08 -0.000666 -0.000561  1.54e-05    -2e-05 -0.000741 -0.000375         1 -3.82e-05 -0.000721 -0.000118 -0.000185 -3.54e-05 -0.000603 -0.000254  0.000252   0.00147  0.000219 -0.000634   0.00182   0.00177 -4.65e-05  -0.00358 -0.000756  -0.00174 -0.000343 -3.66e-05 -0.000643 -0.000155 -4.56e-06  -0.00248 -0.000315 -6.23e-05  -0.00125
-0.000289  -4.1e-06 -1.99e-05 -9.78e-05 -0.000173 -4.97e-05 -9.56e-18 -9.56e-18 -3.93e-06 -5.78e-06  7.84e-18 -3.45e-05 -7.23e-05 -8.29e-06 -5.79e-05 -7.04e-06 -8.86e-06 -4.82e-05 -0.000102  1.43e-05   2.5e-06  -0.00036     7e-07 -2.39e-05  0.000271 -0.000129  9.47e-05 -1.72e-05 -0.000123   2.1e-05 -6.71e-05  3.88e-05  3.18e-05 -8.06e-06 -0.000284 -6.54e-05 -6.61e-08  1.65e-06 -1.61e-05  9.08e-06 -1.75e-06  -0.00017  4.39e-05  0.000217  0.000221  0.000143 -1.79e-05 -7.23e-06  0.000174  0.000323  0.000149 -1.89e-06 -1.52e-05  1.25e-05  5.13e-05 -0.000122  4.33e-05 -2.79e-05  -2.7e-05  2.43e-05 -2.51e-05   0.00026 -4.77e-05 -4.44e-05 -3.91e-05 -5.59e-05 -0.000388 -0.000767 -1.27e-05 -5.92e-05  1.83e-06 -2.68e-06  -3.4e-07 -3.76e-08 -3.25e-09 -0.000172 -0.000131  -2.7e-06    -3e-06 -0.000234 -6.99e-05 -3.82e-05         1 -0.000162 -6.27e-05 -5.43e-05  -0.00122 -0.000151 -9.84e-05 -2.83e-05  0.000252 -0.000141 -0.000157  0.000274  0.000179  -9.4e-06 -0.000986 -0.000261 -0.000592 -9.81e-05 -9.47e-06 -0.000208 -4.41e-05 -1.01e-06 -0.000811 -0.000149 -2.43e-05 -0.000334
 -0.00221  -4.5e-05 -0.000342  -0.00169  -0.00283 -0.000798 -1.53e-16 -1.53e-16  -6.3e-05 -7.84e-05  1.79e-16 -0.000596  -0.00118 -0.000135 -0.000991 -0.000118 -0.000148 -0.000792  -0.00167 -3.92e-05  4.01e-06  -0.00783 -0.000693 -0.000628   0.00281  -0.00259   0.00102 -0.000494  -0.00237   0.00035  -0.00125  0.000474   0.00016 -0.000361  -0.00605  -0.00229    -1e-06  0.000105 -0.000312  2.97e-05 -3.53e-05  -0.00328    0.0015   0.00615   0.00329   0.00526 -0.000343  0.000755   0.00351   0.00534   0.00236 -0.000131  -0.00146  -0.00058   0.00136  -0.00274  0.000197 -0.000573 -0.000939 -0.000316 -0.000389   0.00573 -0.000614 -0.000757 -0.000413  -0.00102  -0.00634    -0.014  -0.00016 -0.000848  4.31e-05 -4.48e-05 -6.07e-06 -7.69e-07  -6.1e-08  -0.00161  -0.00232 -3.66e-05 -4.13e-05  -0.00248   -0.0011 -0.000721 -0.000162         1 -0.000616 -0.000753   -0.0146  -0.00304  -0.00132   0.00367   0.00139   0.00151 -0.000651   0.00187   0.00741 -0.000188   -0.0158  -0.00312  -0.00829  -0.00149 -0.000163  -0.00284 -0.000651 -1.37e-05   -0.0112  -0.00166 -0.000156   -0.0053
   0.0171 -0.000161 -0.000492  -0.00173  -0.00387  -0.00115 -4.08e-16 -4.08e-16 -3.69e-05 -6.11e-05 -9.72e-17 -0.000652   -0.0017 -0.000195   -0.0011 -0.000144 -0.000184  -0.00111  -0.00238  0.000532  5.96e-05 -0.000418   0.00103  0.000203    0.0107 -0.000433   0.00155  7.23e-05 -0.000747  0.000469 -0.000664  0.000479  0.000836  0.000303  0.000577    0.0018 -1.26e-06 -0.000335 -9.04e-05  0.000934 -2.09e-06 -0.000873   0.00035   0.00218   0.00278    0.0104 -7.94e-05  -0.00213  -0.00822  -0.00995   -0.0034  0.000331  -0.00143  -0.00434   -0.0015  -0.00057  -0.00195  0.000223 -7.16e-05 -0.000332 -0.000565 -0.000343  -0.00151  -0.00118  -0.00151 -0.000741  -0.00453   -0.0132  -0.00301  -0.00132 -4.05e-05 -3.88e-05 -7.76e-07  1.37e-07 -1.54e-08  -0.00611  -0.00174 -0.000276 -2.87e-07  -0.00776 -0.000588 -0.000118 -6.27e-05 -0.000616         1  -0.00144   -0.0146 -0.000555  -0.00106   -0.0028   0.00645  -0.00676  -0.00368   0.00785  -0.00909 -0.000128   -0.0206  -0.00846   -0.0172  -0.00224 -0.000133  -0.00568 -0.000925 -1.84e-05   -0.0223  -0.00561  -0.00113  -0.00806
  0.00941 -7.46e-05  -0.00026  -0.00111  -0.00234 -0.000692 -1.93e-16 -1.93e-16 -3.26e-05 -4.36e-05 -3.34e-17 -0.000408  -0.00101 -0.000116  -0.00069 -8.88e-05 -0.000113 -0.000664  -0.00142   0.00027  3.29e-05  -0.00132   0.00042    -2e-06    0.0049 -0.000579   0.00103 -3.16e-05 -0.000738  0.000228 -0.000533   0.00036  0.000501  0.000119  -0.00106  0.000472  -7.6e-07 -0.000138 -9.56e-05  0.000345 -6.95e-06 -0.000942  0.000171    0.0012   0.00214   0.00279 -0.000101 -0.000714  -0.00252  -0.00263 -0.000685  7.69e-05 -0.000582  -0.00156 -0.000416 -0.000528 -0.000479 -6.15e-05 -0.000146  2.45e-06  -0.00044   0.00104 -0.000858 -0.000678 -0.000827 -0.000532  -0.00414   -0.0084  -0.00146 -0.000811  -9.1e-06 -2.76e-05 -1.44e-06 -3.64e-08 -1.55e-08  -0.00332  -0.00121 -0.000119 -1.06e-05  -0.00418 -0.000515 -0.000185 -5.43e-05 -0.000753  -0.00144         1  -0.00752 -0.000639 -0.000687  -0.00117   0.00347  -0.00322  -0.00212   0.00456  -0.00317  -9.7e-05   -0.0123  -0.00457  -0.00951  -0.00129 -8.74e-05  -0.00316 -0.000539 -1.16e-05   -0.0124  -0.00292 -0.000573  -0.00475
   -0.136  -0.00022  0.000128  -0.00286  -0.00113   0.00014  6.67e-15  6.67e-15  8.28e-05 -0.000898 -7.54e-15 -0.000532 -0.000104 -1.98e-05  -0.00143 -5.29e-05 -5.91e-05  0.000114  2.31e-05   -0.0279  -0.00563    -0.108   -0.0629  -0.00888    -0.195   -0.0322   -0.0497   -0.0115   -0.0143  -0.00732   -0.0122   -0.0197   -0.0138   -0.0133    -0.112      -0.1 -4.81e-06  -0.00277  -0.00121   -0.0169 -0.000109   -0.0141   -0.0724    -0.184      -0.2  -0.00622  -0.00133   -0.0937    0.0461    0.0581   0.00889    0.0452    0.0936    0.0837   -0.0165    0.0501    0.0553    0.0334    0.0512    0.0374    0.0393    -0.185  -0.00326  -0.00389  -0.00724  -0.00364     0.279   -0.0491    0.0255  -0.00324 -0.000317  0.000219 -5.33e-05 -6.86e-06 -3.74e-07  -0.00759  -0.00401 -0.000672  0.000126   -0.0421 -0.000159 -3.54e-05  -0.00122   -0.0146   -0.0146  -0.00752         1   -0.0194   -0.0744    -0.297    -0.096     -0.32    -0.099    -0.157    -0.203   0.00238    -0.074   -0.0563     -0.11  -0.00932  -0.00144    -0.042  -0.00779 -4.56e-05    -0.158   -0.0478  -0.00558   -0.0124
   0.0183 -0.000101 -0.000352  -0.00157   -0.0028 -0.000804 -3.57e-16 -3.57e-16 -5.14e-05 -3.54e-05  2.91e-16 -0.000548  -0.00119 -0.000135 -0.000922 -0.000112 -0.000141 -0.000791  -0.00167  0.000309 -3.23e-05  -0.00655 -0.000274 -0.000455   0.00534  -0.00213  0.000702 -0.000438  -0.00193  0.000637 -0.000893  0.000438  -6.7e-05 -0.000294  -0.00424  -0.00194 -9.21e-07   0.00014 -0.000386  0.000557 -3.38e-05   -0.0027   0.00221   0.00828   0.00181    0.0137  -0.00028 -7.67e-05  -0.00414  -0.00647   -0.0021 -0.000689  -0.00393  -0.00618  8.31e-05  -0.00379  -0.00375 -0.000532    -0.002  -0.00172 -0.000338   0.00331 -0.000709 -0.000786 -0.000165 -0.000866  -0.00477   -0.0135 -0.000657 -0.000629  3.77e-07  -3.5e-05 -6.65e-06 -8.38e-07 -6.43e-08  -0.00134  -0.00199 -0.000109 -2.67e-05  -0.00233 -0.000761 -0.000603 -0.000151  -0.00304 -0.000555 -0.000639   -0.0194         1  -0.00247  0.000188  -0.00123  -0.00454  -0.00118  -0.00174   0.00199 -0.000238    -0.014  -0.00268  -0.00678  -0.00132 -0.000111  -0.00242 -0.000524 -1.39e-05   -0.0102  -0.00173 -6.93e-05  -0.00524
  -0.0285 -0.000158  4.71e-05 -0.000422  -0.00104 -0.000357 -1.64e-16 -1.64e-16 -6.37e-05 -7.61e-05  1.92e-16 -0.000108  -0.00042 -4.49e-05 -0.000246  -3.2e-05 -4.09e-05 -0.000251 -0.000592   0.00165  1.89e-05  0.000954   0.00248  0.000552   0.00965 -0.000279   0.00228  0.000387 -0.000266  0.000832  -2.5e-06   0.00109   0.00117  0.000589   0.00138    0.0016 -8.88e-07  5.82e-05 -0.000329   0.00119 -1.49e-05 -0.000514  -0.00164  -0.00472 -0.000157   0.00278    -9e-05   -0.0042  -0.00431  -0.00353 -0.000817 -0.000226   0.00297  -0.00176  -0.00221 -0.000379  -0.00158  0.000231  0.000186   0.00206   0.00061  -0.00622  -0.00104  -0.00017 -0.000354 -0.000193   0.00178  -0.00214   0.00166 -0.000621  -3.9e-05 -1.31e-05 -8.28e-06 -6.06e-07  -4.5e-08  -0.00414 -0.000587  3.02e-05 -7.73e-05  -0.00572 -0.000874 -0.000254 -9.84e-05  -0.00132  -0.00106 -0.000687   -0.0744  -0.00247         1   -0.0282   0.00601   -0.0327   -0.0121   0.00275   -0.0209 -7.85e-05  -0.00724  -0.00459  -0.00543 -0.000929  4.67e-06  -0.00275 -0.000469 -2.57e-05   -0.0116  -0.00335 -0.000604  -0.00241
     -0.1 -0.000612   0.00199   0.00479   0.00709   0.00157  3.13e-16  3.13e-16 -0.000279 -0.000574  8.91e-16   0.00196   0.00324  0.000383   0.00288   0.00033  0.000418   0.00231   0.00446    0.0133   0.00109    0.0435    0.0262   0.00667    0.0584   0.00885    0.0213   0.00629   0.00686   0.00301   0.00469   0.00877    0.0115   0.00693     0.035     0.031 -2.23e-06  0.000178 -0.000399    0.0059  4.27e-05    0.0077   -0.0193   -0.0664    0.0147   -0.0788   0.00057   -0.0231   0.00707    0.0376    0.0184  -0.00218    0.0409    0.0256   -0.0116    0.0106     0.012  0.000188   0.00892    0.0254   0.00225   -0.0389  -0.00302   0.00382 -0.000897     0.003   0.00288    0.0571    0.0182  -0.00145 -0.000175  3.09e-05 -2.95e-05 -6.56e-07 -4.41e-08   -0.0237    0.0046   0.00112 -0.000614   -0.0269  -0.00461  0.000252 -2.83e-05   0.00367   -0.0028  -0.00117    -0.297  0.000188   -0.0282         1    0.0755    -0.184   -0.0786    0.0561    -0.133  0.000572    0.0208   -0.0148   0.00558  0.000181  0.000537   -0.0046 -0.000683 -0.000128   -0.0186     -0.01  -0.00366    0.0109
    0.271  0.000812  0.000414 -2.99e-05  0.000397  0.000445  1.13e-15  1.13e-15  0.000352   0.00101 -2.41e-15  -4.4e-05 -4.65e-05  3.33e-06 -4.72e-07  3.22e-05   4.2e-05 -7.69e-05  0.000148   -0.0174  -0.00288   -0.0423   -0.0386   -0.0071    -0.139  -0.00618   -0.0368  -0.00797  -0.00188  -0.00591  -0.00222   -0.0135   -0.0163  -0.00857   -0.0584   -0.0559  5.66e-06  0.000186 -0.000244    -0.012 -2.22e-05  0.000206  -0.00294   -0.0012   -0.0751  -0.00326 -9.17e-05   0.00568   -0.0316   -0.0879   -0.0376   0.00326     -0.03   -0.0331 -0.000456   0.00199   -0.0204   0.00453   -0.0066   -0.0237   0.00306     -0.02   0.00288  -0.00238    0.0029 -0.000709    0.0455   -0.0235   -0.0149   0.00422 -0.000192  0.000152  1.76e-05  1.86e-07  1.12e-07     0.032     0.003 -0.000754  0.000734    0.0337   0.00827   0.00147  0.000252   0.00139   0.00645   0.00347    -0.096  -0.00123   0.00601    0.0755         1    0.0584    0.0517     -0.13     0.043  -0.00047    0.0363    0.0243    0.0253   0.00571  0.000197     0.013   0.00304  0.000143    0.0463    0.0115   0.00529    0.0027
  -0.0676 -0.000906   0.00119    0.0014 -0.000231 -0.000542 -7.68e-16 -7.68e-16 -0.000307 -0.000374  9.44e-16  0.000702 -1.48e-05  1.71e-05   0.00077  6.21e-05  7.32e-05  0.000193 -3.24e-05    0.0135   0.00069    0.0373    0.0245   0.00648    0.0791   0.00745    0.0185   0.00519   0.00533   0.00521   0.00354    0.0081    0.0101   0.00648    0.0365    0.0274 -3.75e-06 -7.77e-05  -0.00104   0.00958  1.48e-05   0.00611   -0.0121   -0.0424   0.00917 -0.000913  0.000373   -0.0243   -0.0277   -0.0168  -0.00316  -0.00191    0.0262  -0.00226   -0.0162   0.00607  -0.00516   0.00163   0.00438    0.0174   0.00299   -0.0435  -0.00592  0.000879  -0.00239   0.00132    0.0109    0.0253    0.0105   -0.0029 -0.000272 -1.37e-05 -3.34e-05    -9e-07 -8.72e-08   -0.0285   0.00172  0.000424 -0.000454   -0.0355  -0.00387  0.000219 -0.000141   0.00151  -0.00676  -0.00322     -0.32  -0.00454   -0.0327    -0.184    0.0584         1   -0.0775    0.0414     -0.15 -1.52e-05   -0.0138   -0.0257   -0.0203  -0.00308  0.000438   -0.0125  -0.00164 -0.000146   -0.0529   -0.0189  -0.00446  -0.00372
 0.000695 -0.000425  0.000273 -0.000272  -0.00174 -0.000767 -3.67e-16 -3.67e-16 -0.000224 -0.000441  6.43e-16 -8.86e-06 -0.000655 -7.08e-05 -0.000197  -4.5e-05 -5.71e-05 -0.000359 -0.000978   0.00752  0.000865    0.0181    0.0152   0.00311     0.041   0.00277    0.0149   0.00325   0.00114   0.00175   0.00101   0.00585   0.00729   0.00381    0.0141    0.0185 -2.82e-06 -7.83e-05 -0.000343   0.00315 -1.43e-06  0.000626   -0.0075   -0.0255    0.0204   -0.0455 -2.89e-05  -0.00961    0.0049    0.0237    0.0124  -0.00228    0.0175    0.0117  -0.00432    0.0017   0.00669  -0.00163   0.00298    0.0124  -0.00151  -0.00681  -0.00284  0.000671  -0.00197   0.00023   -0.0213   0.00927   0.00601  -0.00249 -6.18e-05 -6.52e-05 -1.72e-05 -5.15e-07 -6.71e-08   -0.0183  -0.00098   0.00038 -0.000374   -0.0203  -0.00402 -0.000634 -0.000157 -0.000651  -0.00368  -0.00212    -0.099  -0.00118   -0.0121   -0.0786    0.0517   -0.0775         1    0.0461   -0.0557  4.31e-05   -0.0163    -0.015   -0.0145  -0.00266  2.24e-05   -0.0079  -0.00148  -8.7e-05   -0.0305  -0.00887  -0.00281  -0.00472
    0.181  0.000735  0.000748   0.00263   0.00642   0.00224  1.41e-15  1.41e-15  0.000413  0.000959 -1.97e-15  0.000948    0.0026  0.000303   0.00168  0.000252   0.00032   0.00167   0.00382   -0.0157  -0.00272   -0.0365   -0.0348  -0.00595    -0.118  -0.00523   -0.0358  -0.00703 -0.000263  -0.00438 -0.000864   -0.0132   -0.0159  -0.00801   -0.0419   -0.0499  6.24e-06  0.000367 -5.68e-05  -0.00884 -5.73e-06   0.00195   -0.0012   0.00302    -0.077     0.043  0.000189   0.00179   -0.0267   -0.0762   -0.0351   0.00553    -0.023    -0.027 -0.000887   0.00341   -0.0182   0.00652  -0.00331   -0.0201   0.00717   -0.0294   0.00447 -0.000653   0.00453  0.000588    0.0744  -0.00293  -0.00715   0.00571 -0.000144  0.000219  1.63e-05 -2.29e-07  9.87e-08    0.0356   0.00527 -0.000534  0.000693    0.0364   0.00875   0.00182  0.000274   0.00187   0.00785   0.00456    -0.157  -0.00174   0.00275    0.0561     -0.13    0.0414    0.0461         1    0.0336 -3.26e-05    0.0542    0.0285    0.0377   0.00717   0.00031    0.0162   0.00344  0.000149    0.0596    0.0137    0.0056     0.014
     0.41  -0.00108 -0.000122  0.000395  -0.00522  -0.00209 -2.27e-15 -2.27e-15 -7.96e-05 -0.000179  1.76e-16  0.000163  -0.00254 -0.000274 -0.000107  -8.8e-05 -0.000124  -0.00147   -0.0035   0.00966  0.000585    0.0441    0.0193   0.00581    0.0484    0.0112    0.0128   0.00482    0.0085   0.00169   0.00489   0.00493   0.00719   0.00553     0.029    0.0263 -2.88e-06  -0.00115 -0.000231   0.00471  0.000103    0.0112   -0.0145   -0.0463   0.00111   -0.0442   0.00111   -0.0276   -0.0791    -0.101   -0.0327  -0.00602   0.00357   -0.0337    -0.022   0.00175   -0.0238 -1.07e-05  -0.00152   0.00385  -0.00357   -0.0452  -0.00598 -0.000543  -0.00364    0.0022   -0.0182    0.0147  -0.00659  -0.00244 -0.000704  2.19e-05 -8.14e-06  1.39e-06  3.53e-08   -0.0301   0.00314 -0.000765 -0.000213   -0.0341 -0.000666   0.00177  0.000179   0.00741  -0.00909  -0.00317    -0.203   0.00199   -0.0209    -0.133     0.043     -0.15   -0.0557    0.0336         1 -0.000107   -0.0122   -0.0267   -0.0269  -0.00322   0.00045   -0.0126  -0.00142 -0.000103    -0.053   -0.0201    -0.005   -0.0135
  0.00749 -1.19e-05 -4.82e-05 -0.000237 -0.000537 -0.000162 -7.19e-17 -7.19e-17 -6.04e-06  1.38e-06  1.16e-17 -8.62e-05 -0.000237 -2.67e-05 -0.000148 -1.94e-05 -2.46e-05 -0.000155  -0.00033   1.1e-05 -3.69e-06 -0.000411 -6.27e-05 -5.45e-05 -0.000362 -9.74e-05  8.48e-05 -4.39e-05 -0.000143 -2.52e-05 -7.63e-05  4.66e-05 -2.35e-06 -1.43e-05 -0.000921 -0.000232  -9.8e-08 -1.45e-06 -3.91e-05 -9.79e-05 -2.46e-06 -0.000185  5.96e-05  0.000329  0.000308  -0.00168 -2.33e-05  6.78e-05  -0.00146  -0.00239 -0.000718 -0.000293  -0.00089  -0.00135 -0.000137 -0.000476 -0.000786 -0.000188 -0.000443 -0.000426 -0.000317  0.000555 -0.000152 -0.000141 -8.82e-05 -0.000101  -0.00227  -0.00189  -0.00055 -0.000113 -9.53e-06 -5.33e-06    -4e-07 -3.14e-08 -3.74e-09 -0.000396 -0.000219 -2.83e-05  -5.5e-07 -0.000388 -6.31e-05 -4.65e-05  -9.4e-06 -0.000188 -0.000128  -9.7e-05   0.00238 -0.000238 -7.85e-05  0.000572  -0.00047 -1.52e-05  4.31e-05 -3.26e-05 -0.000107         1  -0.00173 -0.000425 -0.000998 -0.000162 -7.97e-06 -0.000317    -5e-05 -1.62e-06  -0.00137 -0.000269 -3.27e-05  -0.00101
    0.113  -0.00104  -0.00449   -0.0186   -0.0375   -0.0109 -3.07e-15 -3.07e-15 -0.000485 -0.000582 -2.19e-16  -0.00685   -0.0162  -0.00185   -0.0115  -0.00145  -0.00184   -0.0107   -0.0227   0.00184  0.000262   -0.0366  0.000951  -0.00187    0.0707   -0.0132    0.0119  -0.00221   -0.0147   0.00391  -0.00988   0.00416   0.00506 -7.28e-06    -0.025  -0.00111 -1.16e-05  -0.00177  -0.00176   0.00523 -0.000156    -0.019    0.0102    0.0438    0.0317    0.0849  -0.00197  -0.00483    -0.035   -0.0407   -0.0119   0.00168   -0.0187   -0.0302  -0.00226   -0.0137   -0.0108  -0.00118  -0.00519  -0.00565  -0.00614    0.0282   -0.0123   -0.0112   -0.0117  -0.00936   -0.0603    -0.147   -0.0233   -0.0121  -2.5e-05 -0.000447  -2.4e-05 -1.58e-06 -3.01e-07   -0.0438   -0.0209  -0.00194 -7.63e-05    -0.057  -0.00766  -0.00358 -0.000986   -0.0158   -0.0206   -0.0123    -0.074    -0.014  -0.00724    0.0208    0.0363   -0.0138   -0.0163    0.0542   -0.0122  -0.00173         1   -0.0656    -0.145   -0.0202  -0.00153   -0.0474  -0.00829 -0.000159    -0.187   -0.0416  -0.00751    -0.075
   0.0388 -0.000476  -0.00141  -0.00557   -0.0121  -0.00361 -1.11e-15 -1.11e-15 -0.000164 -0.000261 -1.86e-16  -0.00206  -0.00526 -0.000601   -0.0035 -0.000455 -0.000579  -0.00344  -0.00736   0.00215  0.000258  -0.00294   0.00397  0.000557    0.0329  -0.00212   0.00645  0.000307   -0.0031   0.00148   -0.0024    0.0022   0.00328   0.00109 -0.000755   0.00557  -4.2e-06 -0.000881 -0.000413   0.00261 -2.26e-05  -0.00392  0.000193   0.00391    0.0117    0.0195 -0.000404  -0.00612   -0.0171   -0.0173  -0.00495   0.00074  -0.00139  -0.00842  -0.00355  -0.00191  -0.00281  0.000128  0.000115   0.00101  -0.00197   0.00157  -0.00476  -0.00348  -0.00465  -0.00252   -0.0187   -0.0413  -0.00751  -0.00438 -8.16e-05 -0.000138 -6.76e-06  2.42e-08 -7.28e-08   -0.0197  -0.00598 -0.000682 -6.69e-05   -0.0247  -0.00269 -0.000756 -0.000261  -0.00312  -0.00846  -0.00457   -0.0563  -0.00268  -0.00459   -0.0148    0.0243   -0.0257    -0.015    0.0285   -0.0267 -0.000425   -0.0656         1   -0.0528  -0.00708 -0.000444   -0.0178    -0.003 -6.67e-05   -0.0697   -0.0171   -0.0035    -0.025
   0.0541 -0.000789  -0.00327    -0.013   -0.0268  -0.00782    -2e-15    -2e-15 -0.000288  -0.00039  -8.6e-16  -0.00482   -0.0117  -0.00133  -0.00807  -0.00103  -0.00131  -0.00766   -0.0163  0.000266  3.38e-06   -0.0221 -0.000756 -0.000875    0.0497  -0.00809   0.00602  -0.00153  -0.00903   0.00253  -0.00685   0.00173   0.00338     2e-05   -0.0136 -0.000653  -8.3e-06  -0.00186 -0.000903   0.00405 -7.17e-05   -0.0111    0.0041     0.022    0.0138    0.0718  -0.00112   -0.0083   -0.0314   -0.0375   -0.0129   0.00424  -0.00923   -0.0194  -0.00426  -0.00423  -0.00587    0.0017 -5.68e-05  -0.00261  -0.00255    0.0078   -0.0094  -0.00845  -0.00964  -0.00639   -0.0259    -0.103   -0.0185  -0.00893 -7.67e-05 -0.000293 -9.92e-06 -1.01e-07 -1.55e-07   -0.0344    -0.014  -0.00163   3.3e-05   -0.0456  -0.00448  -0.00174 -0.000592  -0.00829   -0.0172  -0.00951     -0.11  -0.00678  -0.00543   0.00558    0.0253   -0.0203   -0.0145    0.0377   -0.0269 -0.000998    -0.145   -0.0528         1   -0.0151   -0.0011   -0.0373  -0.00627 -0.000109    -0.146   -0.0345  -0.00637   -0.0548
   0.0119 -0.000129 -0.000475  -0.00185  -0.00381  -0.00112 -3.58e-16 -3.58e-16 -4.99e-05 -7.38e-05  1.63e-18 -0.000681  -0.00165 -0.000189  -0.00114 -0.000146 -0.000186  -0.00109  -0.00232  0.000424  6.57e-05  -0.00273  0.000665 -5.91e-05   0.00867  -0.00113   0.00168 -8.06e-05  -0.00134  0.000421 -0.000894   0.00058  0.000732  0.000133  -0.00168  0.000781 -1.25e-06 -0.000203 -0.000163  0.000624 -1.32e-05  -0.00175  0.000793   0.00367   0.00385    0.0073 -0.000175  -0.00102  -0.00443  -0.00484  -0.00136   4.1e-05  -0.00163  -0.00321 -0.000511  -0.00145  -0.00123 -0.000179 -0.000474 -0.000351 -0.000736   0.00243   -0.0013   -0.0011  -0.00124 -0.000881   -0.0069   -0.0142  -0.00233  -0.00126 -1.36e-05 -4.51e-05 -2.46e-06 -1.38e-07 -3.08e-08  -0.00505  -0.00207 -0.000207 -1.76e-05   -0.0064 -0.000841 -0.000343 -9.81e-05  -0.00149  -0.00224  -0.00129  -0.00932  -0.00132 -0.000929  0.000181   0.00571  -0.00308  -0.00266   0.00717  -0.00322 -0.000162   -0.0202  -0.00708   -0.0151         1 -0.000152    -0.005 -0.000883 -1.81e-05   -0.0196  -0.00449 -0.000869  -0.00769
-0.000182 -3.65e-06 -3.68e-05 -0.000144 -0.000261 -7.36e-05 -7.38e-18 -7.38e-18 -3.19e-06 -6.68e-06  -9.3e-18  -5.3e-05 -0.000111 -1.29e-05 -8.74e-05 -1.07e-05 -1.35e-05 -7.44e-05 -0.000157 -5.24e-05 -1.59e-06 -0.000546 -0.000114 -4.65e-05  0.000129 -0.000178  2.43e-05 -4.08e-05 -0.000163  4.13e-06 -0.000107  1.54e-07  9.09e-06 -3.24e-05 -0.000428 -0.000166 -8.44e-08 -1.32e-05 -9.49e-06 -1.35e-05 -1.56e-06  -0.00021  4.35e-05  0.000279  0.000136  0.000455 -2.04e-05 -1.71e-05   0.00022   0.00037  0.000143  7.55e-05 -2.69e-05  9.36e-05  8.03e-05  -6.7e-05  0.000142   9.2e-06  3.23e-05  5.06e-06 -1.38e-05  0.000299 -6.37e-05 -8.01e-05 -8.41e-05 -8.06e-05  -0.00027  -0.00119 -0.000117 -8.68e-05  2.48e-06 -3.42e-06 -1.61e-07 -2.22e-08 -2.78e-09 -0.000236 -0.000179 -1.18e-05 -5.55e-07 -0.000339 -6.57e-05 -3.66e-05 -9.47e-06 -0.000163 -0.000133 -8.74e-05  -0.00144 -0.000111  4.67e-06  0.000537  0.000197  0.000438  2.24e-05   0.00031   0.00045 -7.97e-06  -0.00153 -0.000444   -0.0011 -0.000152         1 -0.000349 -6.83e-05 -8.23e-07  -0.00133 -0.000267 -4.63e-05  -0.00052
   0.0226 -0.000293  -0.00103  -0.00415  -0.00866  -0.00255 -6.97e-16 -6.97e-16 -0.000111 -0.000169 -1.75e-16  -0.00153  -0.00376  -0.00043  -0.00258 -0.000331 -0.000421  -0.00247  -0.00526  0.000788  9.41e-05  -0.00558   0.00119 -2.59e-05    0.0194  -0.00239   0.00338 -0.000186  -0.00282  0.000938  -0.00207   0.00112   0.00173  0.000336   -0.0033   0.00153  -2.9e-06 -0.000578 -0.000325    0.0015 -2.41e-05  -0.00356  0.000722   0.00507   0.00661    0.0177 -0.000365  -0.00346  -0.00968     -0.01  -0.00297  0.000952  -0.00169  -0.00544  -0.00166   -0.0016   -0.0015  0.000248  4.84e-05  0.000138  -0.00108   0.00238  -0.00318  -0.00259  -0.00316    -0.002   -0.0112   -0.0319  -0.00529  -0.00302 -3.26e-05 -9.94e-05 -4.92e-06 -1.35e-07 -5.89e-08   -0.0124  -0.00456 -0.000483 -2.85e-05   -0.0161  -0.00182 -0.000643 -0.000208  -0.00284  -0.00568  -0.00316    -0.042  -0.00242  -0.00275   -0.0046     0.013   -0.0125   -0.0079    0.0162   -0.0126 -0.000317   -0.0474   -0.0178   -0.0373    -0.005 -0.000349         1  -0.00212 -4.23e-05   -0.0484   -0.0115  -0.00223   -0.0178
  0.00354 -5.17e-05 -0.000191 -0.000732  -0.00148 -0.000437 -1.19e-16 -1.19e-16 -2.16e-05 -4.13e-05  -7.5e-18 -0.000268  -0.00064 -7.35e-05 -0.000452 -5.76e-05 -7.31e-05 -0.000422 -0.000899  0.000164  3.34e-05  -0.00121  0.000293  -2.4e-05   0.00338 -0.000528  0.000777  -1.7e-05 -0.000584  0.000144 -0.000388  0.000259  0.000357  5.84e-05 -0.000801  0.000355 -5.35e-07 -8.76e-05 -5.85e-05  0.000203 -5.46e-06 -0.000772  8.52e-05  0.000817   0.00158   0.00186 -7.55e-05 -0.000609 -0.000891 -0.000414  3.88e-05  0.000118 -0.000101 -0.000476 -0.000131 -0.000437  3.82e-05 -4.16e-05   3.1e-05   0.00017 -0.000239  0.000853 -0.000505 -0.000411 -0.000522 -0.000354  -0.00257  -0.00554 -0.000719 -0.000529 -2.77e-06 -1.85e-05 -1.15e-06 -7.46e-08 -1.38e-08  -0.00216 -0.000856 -7.32e-05 -1.27e-05  -0.00274 -0.000404 -0.000155 -4.41e-05 -0.000651 -0.000925 -0.000539  -0.00779 -0.000524 -0.000469 -0.000683   0.00304  -0.00164  -0.00148   0.00344  -0.00142    -5e-05  -0.00829    -0.003  -0.00627 -0.000883 -6.83e-05  -0.00212         1 -7.85e-06   -0.0082  -0.00187 -0.000382  -0.00302
 0.000154 -1.66e-06 -2.59e-06 -1.36e-05 -3.06e-05 -9.61e-06 -4.06e-18 -4.06e-18 -8.74e-07 -1.31e-06  2.56e-18 -4.81e-06 -1.31e-05 -1.48e-06 -8.44e-06 -1.13e-06 -1.43e-06 -8.49e-06 -1.85e-05  2.07e-05  2.68e-06  2.04e-05  3.98e-05  5.62e-06  0.000142 -1.07e-06  4.71e-05  6.53e-06 -7.34e-06   6.3e-06 -3.32e-06  1.84e-05  2.05e-05  9.31e-06  1.26e-05  4.67e-05 -1.37e-08 -6.17e-07 -2.25e-06  9.54e-06 -1.34e-07 -1.22e-05 -3.41e-06 -9.77e-06  8.89e-05 -8.55e-05  -1.5e-06 -1.44e-05 -2.37e-05  6.61e-06  1.62e-05  -1.3e-05  9.38e-06 -1.25e-05 -9.24e-06 -1.75e-05 -4.58e-06 -1.09e-05 -7.19e-06  1.64e-05 -1.49e-05  2.94e-05  -1.4e-05 -5.59e-06 -1.05e-05 -5.64e-06 -0.000141 -7.97e-05    -6e-06 -1.31e-05 -2.14e-07 -4.88e-07 -5.69e-08 -2.68e-09 -3.84e-10 -6.76e-05 -1.68e-05  -3.8e-07 -9.82e-07 -7.54e-05 -1.49e-05 -4.56e-06 -1.01e-06 -1.37e-05 -1.84e-05 -1.16e-05 -4.56e-05 -1.39e-05 -2.57e-05 -0.000128  0.000143 -0.000146  -8.7e-05  0.000149 -0.000103 -1.62e-06 -0.000159 -6.67e-05 -0.000109 -1.81e-05 -8.23e-07 -4.23e-05 -7.85e-06         1 -0.000167 -3.91e-05 -9.86e-06 -6.18e-05
    0.083  -0.00119  -0.00408   -0.0165   -0.0347   -0.0102 -2.96e-15 -2.96e-15 -0.000438 -0.000603 -6.06e-16   -0.0061   -0.0151  -0.00172   -0.0103  -0.00132  -0.00168  -0.00989   -0.0211   0.00331  0.000304   -0.0216   0.00467 -7.38e-05    0.0772   -0.0091    0.0128 -0.000827   -0.0109   0.00393    -0.008   0.00435   0.00646   0.00132   -0.0128    0.0055 -1.13e-05  -0.00222   -0.0014   0.00627 -9.77e-05   -0.0137   0.00387     0.023     0.025     0.076  -0.00142   -0.0134   -0.0457   -0.0519   -0.0163   0.00295   -0.0102   -0.0278  -0.00759  -0.00753   -0.0102  0.000795   -0.0014   -0.0014  -0.00456   0.00862   -0.0128   -0.0104   -0.0123  -0.00791   -0.0452    -0.128   -0.0221   -0.0118 -0.000163  -0.00039 -2.01e-05 -5.74e-07 -2.34e-07   -0.0487   -0.0179  -0.00198 -8.79e-05    -0.063  -0.00687  -0.00248 -0.000811   -0.0112   -0.0223   -0.0124    -0.158   -0.0102   -0.0116   -0.0186    0.0463   -0.0529   -0.0305    0.0596    -0.053  -0.00137    -0.187   -0.0697    -0.146   -0.0196  -0.00133   -0.0484   -0.0082 -0.000167         1   -0.0454  -0.00866    -0.071
   0.0413 -0.000316 -0.000912   -0.0035  -0.00768  -0.00228 -7.34e-16 -7.34e-16 -8.53e-05 -0.000123    -2e-16   -0.0013  -0.00336 -0.000383   -0.0022 -0.000287 -0.000366  -0.00219  -0.00469   0.00104   6.3e-05  -0.00206   0.00173  0.000337    0.0206  -0.00125   0.00286  3.12e-05  -0.00174   0.00104  -0.00146  0.000942   0.00161  0.000528  0.000148   0.00257 -2.56e-06 -0.000616 -0.000262   0.00192 -1.06e-05  -0.00208  0.000386   0.00351   0.00422    0.0221 -0.000209  -0.00461    -0.015   -0.0179  -0.00617  0.000927  -0.00192  -0.00789    -0.003 -0.000874  -0.00347  0.000655  8.65e-05 -0.000202 -0.000693  -0.00187   -0.0031  -0.00236  -0.00297  -0.00157  -0.00662   -0.0268  -0.00535  -0.00267 -7.03e-05 -7.82e-05 -3.39e-06  9.54e-08 -3.99e-08   -0.0121  -0.00358  -0.00051 -6.93e-06   -0.0157  -0.00128 -0.000315 -0.000149  -0.00166  -0.00561  -0.00292   -0.0478  -0.00173  -0.00335     -0.01    0.0115   -0.0189  -0.00887    0.0137   -0.0201 -0.000269   -0.0416   -0.0171   -0.0345  -0.00449 -0.000267   -0.0115  -0.00187 -3.91e-05   -0.0454         1  -0.00221    -0.016
  0.00875 -7.36e-05 -0.000167 -0.000581  -0.00137 -0.000423 -1.63e-16 -1.63e-16 -2.11e-05 -4.65e-05 -2.73e-18 -0.000217 -0.000601 -6.88e-05 -0.000373 -5.04e-05 -6.43e-05  -0.00039 -0.000844  0.000533  8.03e-05  0.000967   0.00116  0.000224   0.00542   5.2e-05   0.00135  0.000213 -0.000157  0.000183 -0.000152   0.00046   0.00067  0.000302  0.000935   0.00175  -5.5e-07 -0.000128 -2.26e-05  0.000388  6.84e-07 -0.000218 -0.000282 -0.000624   0.00234 -0.000207 -1.88e-05   -0.0011  -0.00236  -0.00187 -0.000367 -6.17e-05  0.000331 -0.000699 -0.000638 -0.000141 -0.000176    -8e-05  0.000125  0.000488 -0.000392 -3.49e-05 -0.000605 -0.000338 -0.000612 -0.000213  -0.00339  -0.00376 -0.000811 -0.000559 -1.78e-05 -1.64e-05 -6.73e-07  5.79e-08 -6.55e-09  -0.00298 -0.000614  -7.8e-05 -1.95e-05  -0.00352 -0.000398 -6.23e-05 -2.43e-05 -0.000156  -0.00113 -0.000573  -0.00558 -6.93e-05 -0.000604  -0.00366   0.00529  -0.00446  -0.00281    0.0056    -0.005 -3.27e-05  -0.00751   -0.0035  -0.00637 -0.000869 -4.63e-05  -0.00223 -0.000382 -9.86e-06  -0.00866  -0.00221         1  -0.00291
   0.0389 -0.000499  -0.00207  -0.00829   -0.0185  -0.00552 -2.01e-15 -2.01e-15 -0.000174  -0.00017  -2.6e-16  -0.00306  -0.00813 -0.000925   -0.0052  -0.00068 -0.000864  -0.00534   -0.0114 -0.000438 -2.57e-05   -0.0135  -0.00207   -0.0014  -0.00183  -0.00405   0.00341  -0.00114  -0.00504 -0.000842  -0.00334   0.00111   0.00107 -0.000349   -0.0253  -0.00454 -4.41e-06 -0.000819 -0.000808  -0.00245 -5.16e-05  -0.00624  -0.00141    0.0024   0.00811   -0.0385 -0.000665  -0.00441   -0.0393   -0.0592   -0.0177  -0.00454   -0.0183   -0.0298  -0.00466  -0.00976   -0.0154  -0.00329   -0.0076  -0.00828  -0.00777    0.0102  -0.00553  -0.00505  -0.00493  -0.00351   -0.0563    -0.065    -0.017  -0.00486 -0.000283 -0.000182 -7.97e-06 -4.14e-07 -1.08e-07   -0.0194  -0.00805  -0.00113  -2.3e-05   -0.0222  -0.00259  -0.00125 -0.000334   -0.0053  -0.00806  -0.00475   -0.0124  -0.00524  -0.00241    0.0109    0.0027  -0.00372  -0.00472     0.014   -0.0135  -0.00101    -0.075    -0.025   -0.0548  -0.00769  -0.00052   -0.0178  -0.00302 -6.18e-05    -0.071    -0.016  -0.00291         1

  Chi^2                                1.62757  +/- 2.55153
  Chi^2/ndf                            0.23251
  Chi^2 for each template              246.866 +/- 3.8822	115.663 +/- 2.34136	38.6009 +/- 1.85102	7.13668 +/- 0.95039	6.02007 +/- 0.68092	17.8663 +/- 0.580072	31.5723 +/- 1.28651	51.2877 +/- 1.0389	
  Chi^2 for each template w.r.t. fit   242.026 +/- 3.8822	113.211 +/- 2.34136	39.3273 +/- 1.85102	7.3376 +/- 0.95039	6.59426 +/- 0.68092	17.097 +/- 0.580072	29.8299 +/- 1.28651	46.5697 +/- 1.0389	  Partial chi^2                        0.00 (EG_RESOLUTION_ALL)    0.00 (EG_SCALE_ALL)    0.00 (EL_EFF_ID_TOTAL_1NPCOR_PLUS_UNCOR)    0.00 (EL_EFF_Iso_TOTAL_1NPCOR_PLUS_UNCOR)
  Partial chi^2                        0.00 (EL_EFF_Reco_TOTAL_1NPCOR_PLUS_UNCOR)    0.00 (EL_EFF_TriggerEff_TOTAL_1NPCOR_PLUS_UNCOR)    0.00 (EL_EFF_Trigger_TOTAL_1NPCOR_PLUS_UNCOR)    0.00 (FAKES_Electron)
  Partial chi^2                        0.00 (FAKES_Muon)    0.10 (FT_EFF_Eigen_B_0)    0.05 (FT_EFF_Eigen_B_1)    0.00 (FT_EFF_Eigen_B_2)
  Partial chi^2                        0.00 (FT_EFF_Eigen_B_3)    0.00 (FT_EFF_Eigen_B_4)    0.00 (FT_EFF_Eigen_B_5)    0.00 (FT_EFF_Eigen_B_6)
  Partial chi^2                        0.00 (FT_EFF_Eigen_B_7)    0.00 (FT_EFF_Eigen_B_8)    0.00 (FT_EFF_Eigen_C_0)    0.00 (FT_EFF_Eigen_C_1)
  Partial chi^2                        0.00 (FT_EFF_Eigen_C_2)    0.00 (FT_EFF_Eigen_C_3)    0.00 (FT_EFF_Eigen_Light_0)    0.00 (FT_EFF_Eigen_Light_1)
  Partial chi^2                        0.00 (FT_EFF_Eigen_Light_2)    0.00 (FT_EFF_Eigen_Light_3)    0.00 (FT_EFF_extrapolation)    0.00 (FT_EFF_extrapolation_from_charm)
  Partial chi^2                        0.07 (FULL_SYS_SUM)    0.16 (FULL_SYS_SUM_DETECTOR)    0.33 (FULL_SYS_SUM_THEORY)    0.07 (FULL_SYS_TOYS)
  Partial chi^2                        0.00 (JET_EffectiveNP_Detector1)    0.00 (JET_EffectiveNP_Detector2)    0.02 (JET_EffectiveNP_Mixed1)    0.00 (JET_EffectiveNP_Mixed2)
  Partial chi^2                        0.00 (JET_EffectiveNP_Mixed3)    0.02 (JET_EffectiveNP_Modelling1)    0.00 (JET_EffectiveNP_Modelling2)    0.00 (JET_EffectiveNP_Modelling3)
  Partial chi^2                        0.00 (JET_EffectiveNP_Modelling4)    0.00 (JET_EffectiveNP_Statistical1)    0.00 (JET_EffectiveNP_Statistical2)    0.00 (JET_EffectiveNP_Statistical3)
  Partial chi^2                        0.00 (JET_EffectiveNP_Statistical4)    0.00 (JET_EffectiveNP_Statistical5)    0.00 (JET_EffectiveNP_Statistical6)    0.03 (JET_EtaIntercalibration_Modelling)
  Partial chi^2                        0.00 (JET_EtaIntercalibration_NonClosure_2018data)    0.00 (JET_EtaIntercalibration_NonClosure_highE)    0.00 (JET_EtaIntercalibration_NonClosure_negEta)    0.00 (JET_EtaIntercalibration_NonClosure_posEta)
  Partial chi^2                        0.00 (JET_EtaIntercalibration_TotalStat)    0.00 (JET_Flavor_Composition_prop)    0.00 (JET_Flavor_Response_prop)    0.00 (JET_JER_DataVsMC_MC16_PseudoData)
  Partial chi^2                        0.00 (JET_JER_EffectiveNP_10_PseudoData)    0.00 (JET_JER_EffectiveNP_11_PseudoData)    0.00 (JET_JER_EffectiveNP_12restTerm_PseudoData)    0.00 (JET_JER_EffectiveNP_1_PseudoData)
  Partial chi^2                        0.00 (JET_JER_EffectiveNP_2_PseudoData)    0.00 (JET_JER_EffectiveNP_3_PseudoData)    0.00 (JET_JER_EffectiveNP_4_PseudoData)    0.01 (JET_JER_EffectiveNP_5_PseudoData)
  Partial chi^2                        0.00 (JET_JER_EffectiveNP_6_PseudoData)    0.00 (JET_JER_EffectiveNP_7_PseudoData)    0.01 (JET_JER_EffectiveNP_8_PseudoData)    0.00 (JET_JER_EffectiveNP_9_PseudoData)
  Partial chi^2                        0.00 (JET_JvtEfficiency)    0.00 (JET_Pileup_OffsetMu)    0.01 (JET_Pileup_OffsetNPV)    0.01 (JET_Pileup_PtTerm)
  Partial chi^2                        0.06 (JET_Pileup_RhoTopology)    0.00 (JET_PunchThrough_MC16)    0.01 (LUMINOSITY)    0.00 (MET_SoftTrk_ResoPara)
  Partial chi^2                        0.00 (MET_SoftTrk_ResoPerp)    0.00 (MET_SoftTrk_Scale)    0.00 (MUON_EFF_BADMUON_SYS)    0.00 (MUON_EFF_ISO_STAT)
  Partial chi^2                        0.00 (MUON_EFF_ISO_SYS)    0.00 (MUON_EFF_RECO_STAT)    0.00 (MUON_EFF_RECO_SYS)    0.00 (MUON_EFF_TTVA_STAT)
  Partial chi^2                        0.00 (MUON_EFF_TTVA_SYS)    0.00 (MUON_EFF_TrigStatUncertainty)    0.00 (MUON_EFF_TrigSystUncertainty)    0.00 (MUON_SAGITTA_DATASTAT)
  Partial chi^2                        0.00 (MUON_SAGITTA_RESBIAS)    0.04 (PRW_DATASF)    0.45 (STAT_DATA)    0.01 (STAT_MC)  
  Partial chi^2                        0.00 (THEORY_CROSS_SECTION_Wjets)    0.00 (THEORY_CROSS_SECTION_other_top_noWt)    0.00 (THEORY_CROSS_SECTION_signal)    0.03 (THEORY_DR_DS_signal)
  Partial chi^2                        0.00 (THEORY_EWK_Wjets)    0.00 (THEORY_EWK_multiboson_noW)    0.00 (THEORY_FSR_signal)    0.16 (THEORY_HDAMP_signal)
  Partial chi^2                        0.14 (THEORY_ISR_signal)    0.00 (THEORY_PDF4LHC_VARIATION_Wjets)    0.00 (THEORY_PDF4LHC_VARIATION_multiboson_noW)    0.00 (THEORY_PDF4LHC_VARIATION_signal)
  Partial chi^2                        0.02 (THEORY_PTHARD_signal)    0.00 (THEORY_SCALE_COMBINED_Wjets)    0.00 (THEORY_SCALE_COMBINED_multiboson_noW)    0.00 (THEORY_SCALE_FACTORISATION_signal)
  Partial chi^2                        0.00 (THEORY_SCALE_RENORMALISATION_signal)    0.25 (THEORY_SHOWERING_HERWIG7_signal)    0.00 (THEORY_TOPRECOIL_signal)    0.11 (THEORY_TOP_MASS_signal)
  Partial chi^2                        0.11 (TOTAL)        0.09 (TOTAL_NO_DR_DS)    0.08 (TOTAL_SYSONLY)    0.00 (WMASS_VAR_signal)
  Partial chi^2                        0.03 (pseudoDataStat)

  Uncertainties from HESSE matrix
     LTF: Result[0]:                   174.361  +/- 0.922958 (fit [from HESSE])

  Alternative result from pol2-fit to chi^2 values of the templates
     Result(pol2-chi2)[0]              174.842   +/- 0.807654 (fit)
     Chi^2(min)                        -15.8936

  Result from linearized second-order model approximation
     EDM (Taylor) [0]                  -2.20082

  Expected distance to minimum
     EDM (Newton) [0]                  0.787615
     EDM Delta-chi^2                   -63.68


  'Uncertainties' on M from second-order model approximation
     sigma_m[0]                       -1.94651
     sigma_m[EG_RESOLUTION_ALL]       0.00
     sigma_m[EG_SCALE_ALL]            -0.00
     sigma_m[EL_EFF_ID_TOTAL_1NPCOR_PLUS_UNCOR] -0.02
     sigma_m[EL_EFF_Iso_TOTAL_1NPCOR_PLUS_UNCOR] -0.05
     sigma_m[EL_EFF_Reco_TOTAL_1NPCOR_PLUS_UNCOR] -0.01
     sigma_m[EL_EFF_TriggerEff_TOTAL_1NPCOR_PLUS_UNCOR] -0.00
     sigma_m[EL_EFF_Trigger_TOTAL_1NPCOR_PLUS_UNCOR] -0.00
     sigma_m[MUON_SAGITTA_DATASTAT]   -0.00
     sigma_m[MUON_SAGITTA_RESBIAS]    -0.00
     sigma_m[MUON_EFF_BADMUON_SYS]    -0.00
     sigma_m[MUON_EFF_ISO_STAT]       -0.01
     sigma_m[MUON_EFF_ISO_SYS]        -0.02
     sigma_m[MUON_EFF_RECO_STAT]      -0.00
     sigma_m[MUON_EFF_RECO_SYS]       -0.01
     sigma_m[MUON_EFF_TTVA_STAT]      -0.00
     sigma_m[MUON_EFF_TTVA_SYS]       -0.00
     sigma_m[MUON_EFF_TrigStatUncertainty] -0.01
     sigma_m[MUON_EFF_TrigSystUncertainty] -0.03
     sigma_m[JET_EffectiveNP_Detector1] -0.01
     sigma_m[JET_EffectiveNP_Detector2] 0.00
     sigma_m[JET_EffectiveNP_Mixed1]  -0.09
     sigma_m[JET_EffectiveNP_Mixed2]  -0.03
     sigma_m[JET_EffectiveNP_Mixed3]  -0.01
     sigma_m[JET_EffectiveNP_Modelling1] -0.16
     sigma_m[JET_EffectiveNP_Modelling2] -0.03
     sigma_m[JET_EffectiveNP_Modelling3] -0.00
     sigma_m[JET_EffectiveNP_Modelling4] -0.01
     sigma_m[JET_EffectiveNP_Statistical1] -0.03
     sigma_m[JET_EffectiveNP_Statistical2] -0.01
     sigma_m[JET_EffectiveNP_Statistical3] -0.01
     sigma_m[JET_EffectiveNP_Statistical4] -0.00
     sigma_m[JET_EffectiveNP_Statistical5] -0.01
     sigma_m[JET_EffectiveNP_Statistical6] -0.01
     sigma_m[JET_EtaIntercalibration_Modelling] -0.16
     sigma_m[JET_EtaIntercalibration_NonClosure_2018data] -0.05
     sigma_m[JET_EtaIntercalibration_NonClosure_highE] -0.00
     sigma_m[JET_EtaIntercalibration_NonClosure_negEta] 0.00
     sigma_m[JET_EtaIntercalibration_NonClosure_posEta] -0.00
     sigma_m[JET_EtaIntercalibration_TotalStat] -0.03
     sigma_m[JET_Flavor_Composition_prop] -0.00
     sigma_m[JET_Flavor_Response_prop] -0.03
     sigma_m[JET_Pileup_OffsetMu]     0.01
     sigma_m[JET_Pileup_OffsetNPV]    0.04
     sigma_m[JET_Pileup_PtTerm]       0.06
     sigma_m[JET_Pileup_RhoTopology]  -0.27
     sigma_m[JET_PunchThrough_MC16]   -0.00
     sigma_m[JET_JER_DataVsMC_MC16_PseudoData] 0.07
     sigma_m[JET_JER_EffectiveNP_1_PseudoData] 0.05
     sigma_m[JET_JER_EffectiveNP_2_PseudoData] 0.05
     sigma_m[JET_JER_EffectiveNP_3_PseudoData] 0.03
     sigma_m[JET_JER_EffectiveNP_4_PseudoData] -0.04
     sigma_m[JET_JER_EffectiveNP_5_PseudoData] -0.07
     sigma_m[JET_JER_EffectiveNP_6_PseudoData] -0.03
     sigma_m[JET_JER_EffectiveNP_7_PseudoData] 0.03
     sigma_m[JET_JER_EffectiveNP_8_PseudoData] -0.05
     sigma_m[JET_JER_EffectiveNP_9_PseudoData] -0.00
     sigma_m[JET_JER_EffectiveNP_10_PseudoData] -0.03
     sigma_m[JET_JER_EffectiveNP_11_PseudoData] -0.04
     sigma_m[JET_JER_EffectiveNP_12restTerm_PseudoData] -0.03
     sigma_m[JET_JvtEfficiency]       -0.05
     sigma_m[PRW_DATASF]              0.16
     sigma_m[MET_SoftTrk_ResoPara]    -0.00
     sigma_m[MET_SoftTrk_ResoPerp]    -0.01
     sigma_m[MET_SoftTrk_Scale]       -0.00
     sigma_m[WMASS_VAR_signal]        -0.01
     sigma_m[FT_EFF_Eigen_B_0]        -0.34
     sigma_m[FT_EFF_Eigen_B_1]        -0.16
     sigma_m[FT_EFF_Eigen_B_2]        -0.05
     sigma_m[FT_EFF_Eigen_B_3]        -0.01
     sigma_m[FT_EFF_Eigen_B_4]        0.00
     sigma_m[FT_EFF_Eigen_B_5]        -0.00
     sigma_m[FT_EFF_Eigen_B_6]        -0.00
     sigma_m[FT_EFF_Eigen_B_7]        -0.00
     sigma_m[FT_EFF_Eigen_B_8]        -0.00
     sigma_m[FT_EFF_Eigen_C_0]        -0.01
     sigma_m[FT_EFF_Eigen_C_1]        -0.03
     sigma_m[FT_EFF_Eigen_C_2]        -0.00
     sigma_m[FT_EFF_Eigen_C_3]        -0.00
     sigma_m[FT_EFF_Eigen_Light_0]    0.01
     sigma_m[FT_EFF_Eigen_Light_1]    -0.01
     sigma_m[FT_EFF_Eigen_Light_2]    -0.01
     sigma_m[FT_EFF_Eigen_Light_3]    -0.00
     sigma_m[FT_EFF_extrapolation]    -0.02
     sigma_m[FT_EFF_extrapolation_from_charm] 0.00
     sigma_m[THEORY_CROSS_SECTION_signal] -0.00
     sigma_m[THEORY_SHOWERING_HERWIG7_signal] 0.52
     sigma_m[THEORY_SCALE_FACTORISATION_signal] -0.01
     sigma_m[THEORY_SCALE_RENORMALISATION_signal] 0.05
     sigma_m[THEORY_ISR_signal]       0.29
     sigma_m[THEORY_FSR_signal]       -0.08
     sigma_m[THEORY_HDAMP_signal]     0.30
     sigma_m[THEORY_PTHARD_signal]    0.09
     sigma_m[THEORY_TOPRECOIL_signal] 0.01
     sigma_m[THEORY_TOP_MASS_signal]  0.21
     sigma_m[THEORY_PDF4LHC_VARIATION_signal] -0.00
     sigma_m[THEORY_DR_DS_signal]     -0.13
     sigma_m[THEORY_CROSS_SECTION_Wjets] 0.00
     sigma_m[THEORY_SCALE_COMBINED_Wjets] -0.04
     sigma_m[THEORY_PDF4LHC_VARIATION_Wjets] -0.01
     sigma_m[THEORY_EWK_Wjets]        -0.00
     sigma_m[THEORY_SCALE_COMBINED_multiboson_noW] -0.01
     sigma_m[THEORY_PDF4LHC_VARIATION_multiboson_noW] -0.00
     sigma_m[THEORY_EWK_multiboson_noW] -0.00
     sigma_m[THEORY_CROSS_SECTION_other_top_noWt] -0.03
     sigma_m[FAKES_Electron]          0.01
     sigma_m[FAKES_Muon]              0.00
     sigma_m[LUMINOSITY]              -0.08

  Settings
     Number of data points             8
     Number of templates               8
     Number of fit parameters          1
     Template reference values [0]     162.5   165 167.5   170   175 177.5   180 182.5
     Number of nuisance param.         107
     Gamma[0]                          1.000
     LogNormal                         false
     Response matrix                   false

  please cite: D. Britzger, The Linear Template Fit, Eur.Phys.J.C 82 (2022) 731, arXiv:2112.01548.
------------------------------------------------------------------------

Warning in <TROOT::Append>: Replacing existing TH1: hist (Potential memory leak).
Warning in <TROOT::Append>: Replacing existing TH1: hist (Potential memory leak).
Warning in <TROOT::Append>: Replacing existing TH1: hist (Potential memory leak).
Warning in <TROOT::Append>: Replacing existing TH1: hist (Potential memory leak).
Warning in <TROOT::Append>: Replacing existing TH1: hist (Potential memory leak).
Warning in <TROOT::Append>: Replacing existing TH1: hist (Potential memory leak).
Warning in <TROOT::Append>: Replacing existing TH1: hist (Potential memory leak).
Warning in <TROOT::Append>: Replacing existing TH1: hist (Potential memory leak).
Warning in <TROOT::Append>: Replacing existing TH1: hist (Potential memory leak).
Warning in <TROOT::Append>: Replacing existing TH1: hist (Potential memory leak).
Warning in <TROOT::Append>: Replacing existing TH1: hist (Potential memory leak).
Info in <TCanvas::Print>: ps file plots/fit_mbw.ps has been created
Info in <TCanvas::Print>: Current canvas added to ps file plots/fit_mbw.ps
Info in <TCanvas::Print>: Current canvas added to ps file plots/fit_mbw.ps
Info in <TCanvas::Print>: Current canvas added to ps file plots/fit_mbw.ps
Info in <TCanvas::Print>: Current canvas added to ps file plots/fit_mbw.ps
Info in <TCanvas::Print>: Current canvas added to ps file plots/fit_mbw.ps
Info in <TCanvas::Print>: Current canvas added to ps file plots/fit_mbw.ps
Info in <TCanvas::Print>: Current canvas added to ps file plots/fit_mbw.ps
Info in <TCanvas::Print>: Current canvas added to ps file plots/fit_mbw.ps
Info in <TCanvas::Print>: Current canvas added to ps file plots/fit_mbw.ps
Info in <TCanvas::Print>: Current canvas added to ps file plots/fit_mbw.ps
Info in <TCanvas::Print>: Current canvas added to ps file plots/fit_mbw.ps
Info in <TCanvas::Print>: Current canvas added to ps file plots/fit_mbw.ps
Info in <TCanvas::Print>: Current canvas added to ps file plots/fit_mbw.ps
Info in <TCanvas::Print>: Current canvas added to ps file plots/fit_mbw.ps
Info in <TCanvas::Print>: Current canvas added to ps file plots/fit_mbw.ps
Info in <TCanvas::Print>: Current canvas added to ps file plots/fit_mbw.ps
Info in <TCanvas::Print>: Current canvas added to ps file plots/fit_mbw.ps
Info in <TCanvas::Print>: Current canvas added to ps file plots/fit_mbw.ps
Info in <TCanvas::Print>: Current canvas added to ps file plots/fit_mbw.ps
Warning in <TROOT::Append>: Replacing existing TH1: Full error breakdown (Potential memory leak).
Info in <TCanvas::Print>: Current canvas added to ps file plots/fit_mbw.ps
Info in <TCanvas::Print>: Current canvas added to ps file plots/fit_mbw.ps
Info in <TCanvas::Print>: Current canvas added to ps file plots/fit_mbw.ps
Info in <TCanvas::Print>: Current canvas added to ps file plots/fit_mbw.ps
Info in <TCanvas::Print>: Current canvas added to ps file plots/fit_mbw.ps
Info in <TCanvas::Print>: Current canvas added to ps file plots/fit_mbw.ps
Info in <TCanvas::Print>: Current canvas added to ps file plots/fit_mbw.ps
Info in <TCanvas::Print>: Current canvas added to ps file plots/fit_mbw.ps
Info in <TCanvas::Print>: Current canvas added to ps file plots/fit_mbw.ps
Info in <TCanvas::Print>: Current canvas added to ps file plots/fit_mbw.ps
Info in <TCanvas::Print>: ps file plots/fit_mbw.ps has been closed
Info in <TCanvas::Print>: ps file plots/fit_quality.ps has been created
Info in <TCanvas::Print>: Current canvas added to ps file plots/fit_quality.ps
Info in <TCanvas::Print>: Current canvas added to ps file plots/fit_quality.ps
Info in <TCanvas::Print>: Current canvas added to ps file plots/fit_quality.ps
Info in <TCanvas::Print>: Current canvas added to ps file plots/fit_quality.ps
Info in <TCanvas::Print>: Current canvas added to ps file plots/fit_quality.ps
Info in <TCanvas::Print>: Current canvas added to ps file plots/fit_quality.ps
Info in <TCanvas::Print>: Current canvas added to ps file plots/fit_quality.ps
Info in <TCanvas::Print>: Current canvas added to ps file plots/fit_quality.ps
Info in <TCanvas::Print>: Current canvas added to ps file plots/fit_quality.ps
Info in <TCanvas::Print>: Current canvas added to ps file plots/fit_quality.ps
Info in <TCanvas::Print>: ps file plots/fit_quality.ps has been closed
