Found covarinace matrix unfolding_covariance_matrix_mbl_selected_covariance_STAT_DATA
Determinant of covariance matrix 8.51566e-49
Johannes print final correltaion matrix
1	-0.171216	0.042791	-0.0429097	0.0161005	-0.0538661	0.0437464	0.0282042	0.0315326	-0.0203532	
-0.171216	1	-0.244777	0.0962108	-0.0672655	0.0644223	-0.0378528	0.0251747	-0.0199427	-0.0150316	
0.042791	-0.244777	1	-0.325778	-0.0189909	-0.00959499	0.0293048	-0.0597377	0.0335049	-0.0180598	
-0.0429097	0.0962108	-0.325778	1	-0.193572	0.0531917	-0.0288656	0.00112081	-0.0372923	0.00264709	
0.0161005	-0.0672655	-0.0189909	-0.193572	1	-0.351162	0.0657606	-0.0119022	-0.0156455	0.0592804	
-0.0538661	0.0644223	-0.00959499	0.0531917	-0.351162	1	-0.244908	0.0174519	0.00522223	0.0175439	
0.0437464	-0.0378528	0.0293048	-0.0288656	0.0657606	-0.244908	1	-0.261395	0.0115955	-0.00733745	
0.0282042	0.0251747	-0.0597377	0.00112081	-0.0119022	0.0174519	-0.261395	1	-0.246645	-0.00947862	
0.0315326	-0.0199427	0.0335049	-0.0372923	-0.0156455	0.00522223	0.0115955	-0.246645	1	-0.130948	
-0.0203532	-0.0150316	-0.0180598	0.00264709	0.0592804	0.0175439	-0.00733745	-0.00947862	-0.130948	1	
TH1.Print Name  = total_error, Entries= 1070, Total sum= 0.897654
 fSumw[0]=0, x=-0.5, error=0
 fSumw[1]=0.0820337, x=0.5, error=0
 fSumw[2]=0.0547998, x=1.5, error=0
 fSumw[3]=0.0547774, x=2.5, error=0
 fSumw[4]=0.0834004, x=3.5, error=0
 fSumw[5]=0.126854, x=4.5, error=0
 fSumw[6]=0.0699165, x=5.5, error=0
 fSumw[7]=0.0879809, x=6.5, error=0
 fSumw[8]=0.0858091, x=7.5, error=0
 fSumw[9]=0.106113, x=8.5, error=0
 fSumw[10]=0.145968, x=9.5, error=0
 fSumw[11]=0, x=10.5, error=0
STAT_MC 0.0040325
STAT_MC 0.00100146
STAT_MC 0.000786761
STAT_MC 0.000984255
STAT_MC 0.00415091
STAT_MC 0.00383538
STAT_MC 0.006492
STAT_MC 0.007666
STAT_MC 0.011005
STAT_MC 0.0177533
TH1.Print Name  = total_error, Entries= 1080, Total sum= 0.900172
 fSumw[0]=0, x=-0.5, error=0
 fSumw[1]=0.0821327, x=0.5, error=0
 fSumw[2]=0.054809, x=1.5, error=0
 fSumw[3]=0.054783, x=2.5, error=0
 fSumw[4]=0.0834062, x=3.5, error=0
 fSumw[5]=0.126922, x=4.5, error=0
 fSumw[6]=0.0700216, x=5.5, error=0
 fSumw[7]=0.0882201, x=6.5, error=0
 fSumw[8]=0.0861508, x=7.5, error=0
 fSumw[9]=0.106682, x=8.5, error=0
 fSumw[10]=0.147044, x=9.5, error=0
 fSumw[11]=0, x=10.5, error=0
TH1.Print Name  = total_error, Entries= 1090, Total sum= 0.908324
 fSumw[0]=0, x=-0.5, error=0
 fSumw[1]=0.0822286, x=0.5, error=0
 fSumw[2]=0.0548381, x=1.5, error=0
 fSumw[3]=0.0547986, x=2.5, error=0
 fSumw[4]=0.0834199, x=3.5, error=0
 fSumw[5]=0.126968, x=4.5, error=0
 fSumw[6]=0.0701714, x=5.5, error=0
 fSumw[7]=0.0886444, x=6.5, error=0
 fSumw[8]=0.0872903, x=7.5, error=0
 fSumw[9]=0.109052, x=8.5, error=0
 fSumw[10]=0.150912, x=9.5, error=0
 fSumw[11]=0, x=10.5, error=0

        Data        Stat Tmpl_162.50 Stat_162.50 Tmpl_165.00 Stat_165.00 Tmpl_167.50 Stat_167.50 Tmpl_170.00 Stat_170.00 Tmpl_172.50 Stat_172.50 Tmpl_175.00 Stat_175.00 Tmpl_180.00 Stat_180.00 Tmpl_182.50 Stat_182.50
    0.295833    0.001174    0.525981    0.001993    0.472921    0.001775    0.431539    0.002765    0.389397    0.002621    0.352429    0.001659    0.320919    0.002178    0.271634    0.002147    0.244235    0.001214
    1.434078    0.002561    2.322255    0.004182    2.142520    0.003775    1.983247    0.005926    1.819464    0.005685    1.681540    0.003624    1.557875    0.004862    1.323642    0.004757    1.222285    0.002710
    2.721801    0.003555    3.643039    0.005234    3.497765    0.004858    3.358758    0.007745    3.212939    0.007646    3.048755    0.004953    2.877055    0.006560    2.580305    0.006704    2.422138    0.003848
    2.068891    0.003121    1.542181    0.003434    1.654428    0.003353    1.762269    0.005659    1.847968    0.005818    1.937830    0.003975    2.011560    0.005538    2.111057    0.006112    2.126323    0.003599
    0.406236    0.001388    0.356184    0.001668    0.357653    0.001582    0.364369    0.002588    0.376920    0.002656    0.381512    0.001795    0.395512    0.002484    0.429078    0.002825    0.457564    0.001692
    0.240765    0.001103    0.248844    0.001459    0.248844    0.001398    0.244262    0.002170    0.246155    0.002202    0.243232    0.001438    0.244617    0.002051    0.238058    0.002113    0.235834    0.001273
    0.069951    0.000606    0.076472    0.000965    0.074255    0.000766    0.074917    0.001272    0.072937    0.001220    0.073341    0.000802    0.069807    0.001141    0.070773    0.001173    0.067937    0.000728
    0.031861    0.000448    0.035341    0.000849    0.034732    0.000523    0.032818    0.000826    0.032738    0.000826    0.032516    0.000519    0.032267    0.000885    0.032378    0.000825    0.031358    0.000625
    0.010649    0.000241    0.011685    0.000313    0.010848    0.000274    0.010808    0.000500    0.010841    0.000533    0.010623    0.000250    0.010866    0.000439    0.010206    0.000433    0.010598    0.000402
    0.003453    0.000117    0.004009    0.000199    0.003792    0.000168    0.003808    0.000277    0.003530    0.000222    0.003719    0.000131    0.003636    0.000211    0.003505    0.000226    0.003541    0.000252

LTF::DoLiTeFit(). Fit done. Result:  178.112  +/- 0.579668 (fit)  +/- 0.28197 (ext)  +/- 0.0442696 (tmpl)  +/- 0 (MatA)   [chi^2=1.38141]

------------------------------------------------------------------------
        Result of the 1-dimensional linear template fit
        ```````````````````````````````````````````````
  LTF. Result[0]:   178.112  +/- 0.579668 (fit)  +/- 0.28197 (ext)

  LTF. Result[0]:   178.112447
                             +/-  0.274457 (STAT_DATA)
                             +/-  0.039935 (STAT_MC)
                             +/-  0.058460 (pseudoDataStat)
                             +/- -0.001380 (EG_RESOLUTION_ALL)
                             +/-  0.032565 (EG_SCALE_ALL)
                             +/- -0.000258 (EL_EFF_ID_TOTAL_1NPCOR_PLUS_UNCOR)
                             +/- -0.039615 (EL_EFF_Iso_TOTAL_1NPCOR_PLUS_UNCOR)
                             +/- -0.014603 (EL_EFF_Reco_TOTAL_1NPCOR_PLUS_UNCOR)
                             +/- -0.000000 (EL_EFF_TriggerEff_TOTAL_1NPCOR_PLUS_UNCOR)
                             +/- -0.000000 (EL_EFF_Trigger_TOTAL_1NPCOR_PLUS_UNCOR)
                             +/- -0.016451 (FAKES_Electron)
                             +/- -0.007222 (FAKES_Muon)
                             +/- -0.264975 (FT_EFF_Eigen_B_0)
                             +/- -0.047308 (FT_EFF_Eigen_B_1)
                             +/- -0.042462 (FT_EFF_Eigen_B_2)
                             +/- -0.009537 (FT_EFF_Eigen_B_3)
                             +/-  0.001951 (FT_EFF_Eigen_B_4)
                             +/- -0.000224 (FT_EFF_Eigen_B_5)
                             +/-  0.000008 (FT_EFF_Eigen_B_6)
                             +/- -0.000004 (FT_EFF_Eigen_B_7)
                             +/-  0.000000 (FT_EFF_Eigen_B_8)
                             +/- -0.059562 (FT_EFF_Eigen_C_0)
                             +/- -0.008286 (FT_EFF_Eigen_C_1)
                             +/- -0.004929 (FT_EFF_Eigen_C_2)
                             +/- -0.000338 (FT_EFF_Eigen_C_3)
                             +/- -0.030109 (FT_EFF_Eigen_Light_0)
                             +/-  0.000030 (FT_EFF_Eigen_Light_1)
                             +/-  0.001365 (FT_EFF_Eigen_Light_2)
                             +/-  0.000886 (FT_EFF_Eigen_Light_3)
                             +/-  0.007861 (FT_EFF_extrapolation)
                             +/- -0.011724 (FT_EFF_extrapolation_from_charm)
                             +/-  0.019407 (JET_EffectiveNP_Detector1)
                             +/-  0.002306 (JET_EffectiveNP_Detector2)
                             +/-  0.023956 (JET_EffectiveNP_Mixed1)
                             +/-  0.041260 (JET_EffectiveNP_Mixed2)
                             +/-  0.005656 (JET_EffectiveNP_Mixed3)
                             +/-  0.206029 (JET_EffectiveNP_Modelling1)
                             +/- -0.014460 (JET_EffectiveNP_Modelling2)
                             +/- -0.006642 (JET_EffectiveNP_Modelling3)
                             +/-  0.003475 (JET_EffectiveNP_Modelling4)
                             +/-  0.001605 (JET_EffectiveNP_Statistical1)
                             +/-  0.013021 (JET_EffectiveNP_Statistical2)
                             +/- -0.000259 (JET_EffectiveNP_Statistical3)
                             +/-  0.000582 (JET_EffectiveNP_Statistical4)
                             +/-  0.001400 (JET_EffectiveNP_Statistical5)
                             +/-  0.003753 (JET_EffectiveNP_Statistical6)
                             +/-  0.106410 (JET_EtaIntercalibration_Modelling)
                             +/-  0.073443 (JET_EtaIntercalibration_NonClosure_2018data)
                             +/- -0.000025 (JET_EtaIntercalibration_NonClosure_highE)
                             +/-  0.000988 (JET_EtaIntercalibration_NonClosure_negEta)
                             +/-  0.000560 (JET_EtaIntercalibration_NonClosure_posEta)
                             +/-  0.024140 (JET_EtaIntercalibration_TotalStat)
                             +/- -0.000042 (JET_Flavor_Composition_prop)
                             +/-  0.000238 (JET_Flavor_Response_prop)
                             +/- -0.027538 (JET_JER_DataVsMC_MC16_PseudoData)
                             +/- -0.019847 (JET_JER_EffectiveNP_10_PseudoData)
                             +/- -0.008094 (JET_JER_EffectiveNP_11_PseudoData)
                             +/- -0.008381 (JET_JER_EffectiveNP_12restTerm_PseudoData)
                             +/- -0.066112 (JET_JER_EffectiveNP_1_PseudoData)
                             +/- -0.112188 (JET_JER_EffectiveNP_2_PseudoData)
                             +/- -0.058452 (JET_JER_EffectiveNP_3_PseudoData)
                             +/- -0.008443 (JET_JER_EffectiveNP_4_PseudoData)
                             +/- -0.002417 (JET_JER_EffectiveNP_5_PseudoData)
                             +/- -0.018484 (JET_JER_EffectiveNP_6_PseudoData)
                             +/- -0.009416 (JET_JER_EffectiveNP_7_PseudoData)
                             +/- -0.002152 (JET_JER_EffectiveNP_8_PseudoData)
                             +/- -0.013622 (JET_JER_EffectiveNP_9_PseudoData)
                             +/- -0.043514 (JET_JvtEfficiency)
                             +/-  0.035782 (JET_Pileup_OffsetMu)
                             +/-  0.079845 (JET_Pileup_OffsetNPV)
                             +/-  0.021794 (JET_Pileup_PtTerm)
                             +/-  0.172740 (JET_Pileup_RhoTopology)
                             +/-  0.000005 (JET_PunchThrough_MC16)
                             +/- -0.068121 (LUMINOSITY)
                             +/- -0.000335 (MET_SoftTrk_ResoPara)
                             +/-  0.002080 (MET_SoftTrk_ResoPerp)
                             +/- -0.003543 (MET_SoftTrk_Scale)
                             +/- -0.000000 (MUON_EFF_BADMUON_SYS)
                             +/-  0.003568 (MUON_EFF_ISO_STAT)
                             +/- -0.018466 (MUON_EFF_ISO_SYS)
                             +/- -0.001906 (MUON_EFF_RECO_STAT)
                             +/-  0.000021 (MUON_EFF_RECO_SYS)
                             +/-  0.000016 (MUON_EFF_TTVA_STAT)
                             +/-  0.000019 (MUON_EFF_TTVA_SYS)
                             +/- -0.011365 (MUON_EFF_TrigStatUncertainty)
                             +/- -0.024111 (MUON_EFF_TrigSystUncertainty)
                             +/- -0.000459 (MUON_SAGITTA_DATASTAT)
                             +/- -0.000097 (MUON_SAGITTA_RESBIAS)
                             +/- -0.072643 (PRW_DATASF)
                             +/- -0.037148 (THEORY_CROSS_SECTION_Wjets)
                             +/- -0.047329 (THEORY_CROSS_SECTION_other_top_noWt)
                             +/- -0.006198 (THEORY_CROSS_SECTION_signal)
                             +/-  0.001933 (THEORY_DR_DS_signal)
                             +/-  0.000182 (THEORY_EWK_Wjets)
                             +/- -0.000083 (THEORY_EWK_multiboson_noW)
                             +/-  0.019639 (THEORY_FSR_signal)
                             +/- -0.039632 (THEORY_HDAMP_signal)
                             +/- -0.036607 (THEORY_ISR_signal)
                             +/- -0.005076 (THEORY_PDF4LHC_VARIATION_Wjets)
                             +/- -0.003711 (THEORY_PDF4LHC_VARIATION_multiboson_noW)
                             +/-  0.003295 (THEORY_PDF4LHC_VARIATION_signal)
                             +/-  0.017323 (THEORY_PTHARD_signal)
                             +/- -0.049550 (THEORY_SCALE_COMBINED_Wjets)
                             +/- -0.022710 (THEORY_SCALE_COMBINED_multiboson_noW)
                             +/- -0.000658 (THEORY_SCALE_FACTORISATION_signal)
                             +/- -0.022878 (THEORY_SCALE_RENORMALISATION_signal)
                             +/- -0.154017 (THEORY_SHOWERING_HERWIG7_signal)
                             +/- -0.052468 (THEORY_TOPRECOIL_signal)
                             +/-  0.003882 (THEORY_TOP_MASS_signal)
                             +/- -0.000641 (WMASS_VAR_signal)

                             +/- -0.090049 (FULL_SYS_SUM)
                             +/- -0.039853 (FULL_SYS_SUM_DETECTOR)
                             +/- -0.193843 (FULL_SYS_SUM_THEORY)
                             +/- -0.090049 (FULL_SYS_TOYS)
                             +/- -0.088488 (TOTAL)
                             +/- -0.090425 (TOTAL_NO_DR_DS)
                             +/- -0.090108 (TOTAL_SYSONLY)
                             +/-  0.044270 (statY)

  Nuisance parameters                 -0.016  +/-  1.000  (EG_RESOLUTION_ALL)
                                       0.003  +/-  0.997  (EG_SCALE_ALL)
                                       0.024  +/-  0.999  (EL_EFF_ID_TOTAL_1NPCOR_PLUS_UNCOR)
                                       0.054  +/-  0.996  (EL_EFF_Iso_TOTAL_1NPCOR_PLUS_UNCOR)
                                       0.012  +/-  1.000  (EL_EFF_Reco_TOTAL_1NPCOR_PLUS_UNCOR)
                                       0.000  +/-  1.000  (EL_EFF_TriggerEff_TOTAL_1NPCOR_PLUS_UNCOR)
                                       0.000  +/-  1.000  (EL_EFF_Trigger_TOTAL_1NPCOR_PLUS_UNCOR)
                                      -0.001  +/-  1.000  (MUON_SAGITTA_DATASTAT)
                                       0.001  +/-  1.000  (MUON_SAGITTA_RESBIAS)
                                       0.000  +/-  1.000  (MUON_EFF_BADMUON_SYS)
                                       0.008  +/-  1.000  (MUON_EFF_ISO_STAT)
                                       0.035  +/-  0.999  (MUON_EFF_ISO_SYS)
                                       0.003  +/-  1.000  (MUON_EFF_RECO_STAT)
                                       0.014  +/-  1.000  (MUON_EFF_RECO_SYS)
                                       0.002  +/-  1.000  (MUON_EFF_TTVA_STAT)
                                       0.002  +/-  1.000  (MUON_EFF_TTVA_SYS)
                                       0.018  +/-  1.000  (MUON_EFF_TrigStatUncertainty)
                                       0.038  +/-  0.998  (MUON_EFF_TrigSystUncertainty)
                                      -0.002  +/-  1.000  (JET_EffectiveNP_Detector1)
                                      -0.001  +/-  1.000  (JET_EffectiveNP_Detector2)
                                      -0.017  +/-  0.997  (JET_EffectiveNP_Mixed1)
                                      -0.014  +/-  0.998  (JET_EffectiveNP_Mixed2)
                                      -0.012  +/-  1.000  (JET_EffectiveNP_Mixed3)
                                      -0.090  +/-  0.934  (JET_EffectiveNP_Modelling1)
                                       0.001  +/-  1.000  (JET_EffectiveNP_Modelling2)
                                      -0.014  +/-  1.000  (JET_EffectiveNP_Modelling3)
                                      -0.007  +/-  1.000  (JET_EffectiveNP_Modelling4)
                                      -0.006  +/-  1.000  (JET_EffectiveNP_Statistical1)
                                      -0.004  +/-  0.999  (JET_EffectiveNP_Statistical2)
                                      -0.001  +/-  1.000  (JET_EffectiveNP_Statistical3)
                                      -0.001  +/-  1.000  (JET_EffectiveNP_Statistical4)
                                      -0.011  +/-  1.000  (JET_EffectiveNP_Statistical5)
                                      -0.005  +/-  1.000  (JET_EffectiveNP_Statistical6)
                                       0.010  +/-  0.972  (JET_EtaIntercalibration_Modelling)
                                      -0.022  +/-  0.997  (JET_EtaIntercalibration_NonClosure_2018data)
                                      -0.000  +/-  1.000  (JET_EtaIntercalibration_NonClosure_highE)
                                       0.003  +/-  1.000  (JET_EtaIntercalibration_NonClosure_negEta)
                                       0.003  +/-  1.000  (JET_EtaIntercalibration_NonClosure_posEta)
                                      -0.006  +/-  0.998  (JET_EtaIntercalibration_TotalStat)
                                       0.000  +/-  1.000  (JET_Flavor_Composition_prop)
                                      -0.003  +/-  1.000  (JET_Flavor_Response_prop)
                                      -0.041  +/-  0.995  (JET_Pileup_OffsetMu)
                                      -0.133  +/-  0.959  (JET_Pileup_OffsetNPV)
                                      -0.083  +/-  0.994  (JET_Pileup_PtTerm)
                                      -0.089  +/-  0.756  (JET_Pileup_RhoTopology)
                                       0.001  +/-  1.000  (JET_PunchThrough_MC16)
                                      -0.165  +/-  0.984  (JET_JER_DataVsMC_MC16_PseudoData)
                                      -0.182  +/-  0.954  (JET_JER_EffectiveNP_1_PseudoData)
                                      -0.365  +/-  0.876  (JET_JER_EffectiveNP_2_PseudoData)
                                      -0.177  +/-  0.971  (JET_JER_EffectiveNP_3_PseudoData)
                                      -0.009  +/-  0.988  (JET_JER_EffectiveNP_4_PseudoData)
                                       0.055  +/-  0.990  (JET_JER_EffectiveNP_5_PseudoData)
                                       0.003  +/-  0.983  (JET_JER_EffectiveNP_6_PseudoData)
                                      -0.042  +/-  0.996  (JET_JER_EffectiveNP_7_PseudoData)
                                      -0.045  +/-  0.997  (JET_JER_EffectiveNP_8_PseudoData)
                                       0.005  +/-  0.991  (JET_JER_EffectiveNP_9_PseudoData)
                                      -0.045  +/-  0.998  (JET_JER_EffectiveNP_10_PseudoData)
                                      -0.028  +/-  0.997  (JET_JER_EffectiveNP_11_PseudoData)
                                       0.003  +/-  0.993  (JET_JER_EffectiveNP_12restTerm_PseudoData)
                                       0.061  +/-  0.995  (JET_JvtEfficiency)
                                      -0.154  +/-  0.985  (PRW_DATASF)
                                       0.014  +/-  0.999  (MET_SoftTrk_ResoPara)
                                       0.015  +/-  0.999  (MET_SoftTrk_ResoPerp)
                                      -0.008  +/-  1.000  (MET_SoftTrk_Scale)
                                      -0.000  +/-  1.000  (WMASS_VAR_signal)
                                       0.439  +/-  0.779  (FT_EFF_Eigen_B_0)
                                       0.174  +/-  0.962  (FT_EFF_Eigen_B_1)
                                       0.095  +/-  0.989  (FT_EFF_Eigen_B_2)
                                       0.012  +/-  0.999  (FT_EFF_Eigen_B_3)
                                       0.003  +/-  1.000  (FT_EFF_Eigen_B_4)
                                      -0.000  +/-  1.000  (FT_EFF_Eigen_B_5)
                                       0.000  +/-  1.000  (FT_EFF_Eigen_B_6)
                                       0.000  +/-  1.000  (FT_EFF_Eigen_B_7)
                                       0.000  +/-  1.000  (FT_EFF_Eigen_B_8)
                                      -0.148  +/-  0.971  (FT_EFF_Eigen_C_0)
                                       0.017  +/-  0.998  (FT_EFF_Eigen_C_1)
                                      -0.008  +/-  1.000  (FT_EFF_Eigen_C_2)
                                       0.000  +/-  1.000  (FT_EFF_Eigen_C_3)
                                      -0.064  +/-  0.980  (FT_EFF_Eigen_Light_0)
                                       0.002  +/-  0.998  (FT_EFF_Eigen_Light_1)
                                      -0.004  +/-  0.999  (FT_EFF_Eigen_Light_2)
                                      -0.000  +/-  1.000  (FT_EFF_Eigen_Light_3)
                                      -0.008  +/-  0.984  (FT_EFF_extrapolation)
                                      -0.014  +/-  0.999  (FT_EFF_extrapolation_from_charm)
                                      -0.019  +/-  0.998  (THEORY_CROSS_SECTION_signal)
                                      -0.185  +/-  0.541  (THEORY_SHOWERING_HERWIG7_signal)
                                       0.033  +/-  0.996  (THEORY_SCALE_FACTORISATION_signal)
                                      -0.200  +/-  0.978  (THEORY_SCALE_RENORMALISATION_signal)
                                      -0.008  +/-  0.847  (THEORY_ISR_signal)
                                       0.270  +/-  0.850  (THEORY_FSR_signal)
                                       0.105  +/-  0.878  (THEORY_HDAMP_signal)
                                      -0.059  +/-  0.951  (THEORY_PTHARD_signal)
                                       0.324  +/-  0.934  (THEORY_TOPRECOIL_signal)
                                      -0.081  +/-  0.922  (THEORY_TOP_MASS_signal)
                                       0.012  +/-  0.999  (THEORY_PDF4LHC_VARIATION_signal)
                                       0.017  +/-  0.709  (THEORY_DR_DS_signal)
                                      -0.064  +/-  0.975  (THEORY_CROSS_SECTION_Wjets)
                                      -0.106  +/-  0.922  (THEORY_SCALE_COMBINED_Wjets)
                                      -0.013  +/-  0.998  (THEORY_PDF4LHC_VARIATION_Wjets)
                                       0.001  +/-  1.000  (THEORY_EWK_Wjets)
                                      -0.037  +/-  0.992  (THEORY_SCALE_COMBINED_multiboson_noW)
                                      -0.006  +/-  1.000  (THEORY_PDF4LHC_VARIATION_multiboson_noW)
                                      -0.001  +/-  1.000  (THEORY_EWK_multiboson_noW)
                                      -0.048  +/-  0.973  (THEORY_CROSS_SECTION_other_top_noWt)
                                      -0.033  +/-  0.988  (FAKES_Electron)
                                      -0.009  +/-  1.000  (FAKES_Muon)
                                       0.095  +/-  0.985  (LUMINOSITY)

  Correlation matrix 
        1   0.00238   -0.0563  0.000445    0.0686    0.0252  1.75e-14  1.75e-14  0.000792  0.000168  5.41e-15  -0.00616    0.0319   0.00329 -3.61e-05 -2.79e-05 -3.29e-05    0.0196    0.0417   -0.0335  -0.00398   -0.0415   -0.0713  -0.00976     -0.38     0.025    0.0115    -0.006  -0.00277   -0.0225  0.000448    -0.001  -0.00242  -0.00647    -0.189    -0.127   4.4e-05   -0.0017 -0.000966   -0.0417  7.28e-05 -0.000411    -0.062    -0.144   -0.0378    -0.394  -9.4e-06    0.0483      0.12     0.221     0.104    0.0147   0.00421    0.0324    0.0163   0.00372    0.0237    0.0343     0.014    0.0146    0.0755     0.127  0.000579  -0.00359   0.00611   0.00111     0.587    0.0848    0.0741    0.0165  -0.00337  0.000387 -1.45e-05  7.69e-06 -4.79e-07     0.106    0.0143   0.00851  0.000583     0.053 -5.11e-05  -0.00236  -0.00153   -0.0138    0.0203    0.0107     0.491   0.00114    0.0404    0.0745   -0.0398    0.0779   -0.0314    0.0969  -0.00727  -0.00569  -0.00471    0.0657    0.0927   0.00877 -0.000314    0.0395    0.0064  0.000143    0.0839    0.0287    0.0125     0.119
  0.00238         1  -3.8e-05  0.000299  0.000889  0.000311  1.12e-16  1.12e-16 -3.47e-05 -6.73e-05 -4.94e-17  0.000103   0.00027  3.73e-05  0.000185   2.3e-05  2.94e-05  0.000229  0.000479  6.76e-06 -2.77e-05 -0.000587 -0.000437 -0.000188  -0.00037 -0.000317 -0.000424 -0.000179 -0.000153 -0.000226 -0.000143 -0.000188 -0.000283 -0.000101  0.000398  -0.00072 -1.06e-07  5.69e-05  4.57e-05 -0.000239  2.92e-06 -6.36e-05 -0.000583 -0.000942  -0.00151  0.000563  4.71e-06  -0.00337  -0.00409  -0.00792   -0.0034  -0.00264  0.000149  -0.00134 -0.000709  -0.00112 -0.000899 -0.000331  -0.00102 -0.000821  0.000541  -0.00267  0.000445  0.000234  5.23e-05  2.76e-06   0.00532   0.00292   0.00154 -0.000228  3.17e-05  4.88e-06  1.06e-06  8.71e-08  2.64e-09  -0.00143 -2.53e-05  4.52e-05 -5.43e-06 -0.000892 -3.01e-05 -2.87e-05  1.13e-05  0.000255 -0.000239 -0.000571    -0.012  0.000132  -0.00363  -0.00716   0.00199  -0.00279  -0.00473    0.0032  -0.00358 -0.000274   -0.0033  -0.00109  -0.00222 -0.000114  2.13e-05 -0.000707 -0.000118 -1.11e-05 -0.000727  -0.00113 -0.000247   0.00132
  -0.0563  -3.8e-05         1  -0.00126  -0.00284 -0.000978 -4.76e-16 -4.76e-16  5.63e-05  0.000205 -1.36e-15  -0.00052   -0.0008 -0.000118 -0.000835 -9.92e-05 -0.000112 -0.000669  -0.00138 -0.000627 -9.55e-05  -0.00369  -0.00288 -0.000996   -0.0148  -0.00114  -0.00139 -0.000561 -0.000524  -0.00151 -0.000638 -0.000648 -0.000658 -0.000363  -0.00289  -0.00218 -7.04e-08  0.000362  8.04e-05  -0.00126  2.29e-05 -0.000314  -0.00241  -0.00599  -0.00326   -0.0301 -6.85e-05   -0.0047   -0.0132   -0.0157  -0.00762  -0.00348  -0.00588   -0.0086  -0.00346  -0.00163  -0.00748  -0.00179 -0.000521  -0.00597  -0.00309     0.002  0.000827 -2.25e-05 -0.000303 -8.17e-05   -0.0321  -0.00906  -0.00508  0.000959  -0.00035  2.35e-05 -4.24e-06 -6.42e-07 -5.95e-08   0.00871 -0.000142  0.000308 -0.000102   0.00511  -0.00143  -0.00116 -0.000336  -0.00281   0.00231  0.000599  0.000125   0.00405    0.0017    0.0144   -0.0136   0.00834   -0.0109  -0.00311   0.00871   0.00126  -0.00941   0.00622   0.00411  0.000938 -9.27e-05   0.00326  0.000582 -4.74e-06   0.00688   0.00108     0.001  -0.00403
 0.000445  0.000299  -0.00126         1  -0.00369  -0.00109 -2.78e-16 -2.78e-16 -2.21e-05 -0.000323 -3.05e-16 -0.000772  -0.00152 -0.000179  -0.00118 -0.000156 -0.000196  -0.00104   -0.0022 -0.000316 -3.65e-05   -0.0014 -0.000472 -3.08e-05  -0.00623 -0.000423  -4.1e-05 -5.06e-05 -0.000221 -0.000378 -0.000275 -8.55e-05  0.000182 -1.84e-05  -0.00622  -0.00106 -1.26e-08 -0.000122    -9e-05 -0.000954 -6.86e-06 -0.000304  -0.00136  -0.00272  0.000691   -0.0157 -5.55e-05   0.00148 -8.31e-05   0.00325  0.000695 -0.000823  -0.00295  -0.00281 -0.000803 -0.000274  -0.00223 -0.000397 -0.000616   -0.0022   -0.0031   0.00368  -0.00141 -0.000973  -0.00084  -0.00026   -0.0228   -0.0119  -0.00417 -0.000135 -0.000153 -1.62e-05 -4.59e-06 -4.53e-07 -4.42e-08  0.000185  -0.00192 -0.000122 -8.71e-05  -0.00318  -0.00124 -0.000839 -0.000304  -0.00306 -0.000117 -0.000921    0.0253  -0.00154   0.00199  -0.00133  -0.00805   -0.0058  -0.00268  -0.00927  -0.00661 -0.000346   -0.0247  -0.00356  -0.00769  -0.00118  -0.00013  -0.00203   -0.0004 -1.41e-06  -0.00387  -0.00322  9.59e-05  -0.00711
   0.0686  0.000889  -0.00284  -0.00369         1  -0.00271  -6.9e-16  -6.9e-16  3.03e-05 -0.000465 -6.48e-16   -0.0015  -0.00344 -0.000418  -0.00234 -0.000334  -0.00042  -0.00244  -0.00517  -0.00095 -1.51e-05  -0.00138 -0.000836 -0.000221   -0.0193 -0.000487  1.92e-05   8.7e-05 -8.63e-05  -0.00135 -0.000243 -0.000109  0.000352 -7.09e-07   -0.0166  -0.00242  2.52e-07 -0.000242 -0.000203  -0.00334 -1.02e-05 -0.000223   -0.0043   -0.0114   0.00116   -0.0517 -6.89e-05   0.00529  0.000825   0.00699   0.00294 -0.000241  -0.00652  -0.00601 -0.000683  0.000931    -0.004 -0.000777  -0.00148  -0.00377  -0.00802   0.00739  -0.00274  -0.00205  -0.00156 -0.000327   -0.0582   -0.0249   -0.0117  -0.00022 -0.000306 -2.06e-05 -6.04e-06 -3.08e-07  -3.1e-08 -0.000404  -0.00258  -0.00018  -6.5e-05  -0.00283  -0.00095 -0.000488  -0.00021  -0.00212 -0.000337 -0.000501    0.0417   -0.0022   0.00765  -0.00212  -0.00777   -0.0132 -4.71e-05   -0.0223   -0.0105 -0.000369    -0.022  -0.00387  -0.00596   -0.0011 -0.000138  -0.00222 -0.000435  1.04e-05  -0.00683  -0.00293  0.000366    -0.016
   0.0252  0.000311 -0.000978  -0.00109  -0.00271         1  -2.7e-16  -2.7e-16  2.14e-05 -0.000131 -2.27e-16 -0.000452 -0.000936 -0.000126 -0.000702 -0.000105 -0.000132 -0.000737  -0.00156 -0.000333  9.95e-06 -0.000289 -0.000268 -0.000137  -0.00723 -7.55e-05  3.91e-05  3.99e-05 -7.35e-06 -0.000429 -5.35e-05  3.21e-06  8.91e-05  2.37e-06  -0.00546 -0.000749 -7.63e-08 -5.01e-05  -5.5e-05   -0.0011 -2.13e-06 -4.72e-05   -0.0016  -0.00475  0.000208   -0.0185 -1.71e-05   0.00156 -2.26e-05   0.00148  0.000711  0.000477  -0.00183  -0.00172 -0.000249  0.000421   -0.0011 -0.000418 -0.000525  -0.00123  -0.00235   0.00222 -0.000839 -0.000623  -0.00057  -9.5e-05   -0.0166  -0.00771  -0.00371   0.00013    -9e-05 -6.57e-06 -1.69e-06 -6.13e-08 -2.28e-09 -0.000846 -0.000639 -8.06e-05 -7.85e-06 -0.000798 -0.000147 -6.32e-05 -3.33e-05 -0.000386 -0.000147 -4.13e-05    0.0144 -0.000306   0.00245 -2.74e-05  0.000771  -0.00409  0.000315   -0.0056  -0.00293  0.000103  -0.00389  -0.00115  -0.00136 -0.000276 -3.49e-05 -0.000669 -0.000123  2.01e-06  -0.00231 -0.000685  0.000148  -0.00494
 1.75e-14  1.12e-16 -4.76e-16 -2.78e-16  -6.9e-16  -2.7e-16         1 -7.65e-28  2.48e-17 -1.77e-16 -5.97e-28 -9.04e-17  -6.3e-17 -2.08e-17 -1.58e-16 -1.92e-17    -2e-17 -1.29e-16 -2.55e-16 -1.97e-16  3.15e-17 -2.21e-16 -7.45e-16 -1.18e-16 -2.64e-15  5.91e-18  2.98e-16 -8.68e-18 -3.87e-17  6.63e-17 -1.84e-16 -8.27e-18 -3.52e-17 -1.67e-18 -3.63e-16 -3.75e-16  1.17e-19  6.04e-17 -2.59e-17  2.76e-16  4.79e-18 -6.94e-17 -7.06e-17 -4.53e-16  4.28e-16 -6.66e-16 -2.81e-17  1.97e-15  3.84e-15  8.48e-15  3.81e-15  7.62e-16     9e-16  1.21e-15  9.94e-16  1.15e-15  6.81e-16  9.92e-16  2.72e-16  -1.1e-15   3.1e-16  2.99e-15 -9.37e-18 -8.84e-17 -2.09e-16 -3.82e-17  1.19e-15 -3.06e-15 -2.19e-16  5.51e-16 -1.39e-17   8.2e-18  -1.4e-18 -1.94e-19  1.27e-22  1.01e-15 -5.55e-16  2.43e-16  -9.1e-18 -2.03e-16 -1.11e-16  2.67e-17  6.58e-19  1.96e-16 -4.48e-17  5.26e-17 -5.71e-15  5.62e-16  3.21e-15 -5.76e-15  3.36e-15 -8.83e-15 -4.42e-15  1.18e-15  2.17e-15  4.66e-16  -3.9e-15 -4.82e-16 -7.78e-16  2.41e-17 -3.59e-17 -4.92e-16 -8.05e-17  5.31e-19 -7.68e-16 -6.97e-16  9.01e-17 -9.98e-16
 1.75e-14  1.12e-16 -4.76e-16 -2.78e-16  -6.9e-16  -2.7e-16 -7.65e-28         1  2.48e-17 -1.77e-16 -5.97e-28 -9.04e-17  -6.3e-17 -2.08e-17 -1.58e-16 -1.92e-17    -2e-17 -1.29e-16 -2.55e-16 -1.97e-16  3.15e-17 -2.21e-16 -7.45e-16 -1.18e-16 -2.64e-15  5.91e-18  2.98e-16 -8.68e-18 -3.87e-17  6.63e-17 -1.84e-16 -8.27e-18 -3.52e-17 -1.67e-18 -3.63e-16 -3.75e-16  1.17e-19  6.04e-17 -2.59e-17  2.76e-16  4.79e-18 -6.94e-17 -7.06e-17 -4.53e-16  4.28e-16 -6.66e-16 -2.81e-17  1.97e-15  3.84e-15  8.48e-15  3.81e-15  7.62e-16     9e-16  1.21e-15  9.94e-16  1.15e-15  6.81e-16  9.92e-16  2.72e-16  -1.1e-15   3.1e-16  2.99e-15 -9.37e-18 -8.84e-17 -2.09e-16 -3.82e-17  1.19e-15 -3.06e-15 -2.19e-16  5.51e-16 -1.39e-17   8.2e-18  -1.4e-18 -1.94e-19  1.27e-22  1.01e-15 -5.55e-16  2.43e-16  -9.1e-18 -2.03e-16 -1.11e-16  2.67e-17  6.58e-19  1.96e-16 -4.48e-17  5.26e-17 -5.71e-15  5.62e-16  3.21e-15 -5.76e-15  3.36e-15 -8.83e-15 -4.42e-15  1.18e-15  2.17e-15  4.66e-16  -3.9e-15 -4.82e-16 -7.78e-16  2.41e-17 -3.59e-17 -4.92e-16 -8.05e-17  5.31e-19 -7.68e-16 -6.97e-16  9.01e-17 -9.98e-16
 0.000792 -3.47e-05  5.63e-05 -2.21e-05  3.03e-05  2.14e-05  2.48e-17  2.48e-17         1 -4.42e-05  1.06e-17 -4.37e-06 -2.19e-06  1.47e-06 -1.08e-05  1.04e-06  1.27e-06  9.52e-06   1.9e-05 -1.69e-05 -6.59e-06 -0.000179 -7.65e-05  -7.8e-07 -4.26e-05 -2.51e-05 -2.78e-05 -2.37e-05 -3.56e-05   1.4e-06 -2.51e-05 -1.23e-05 -6.88e-06 -2.39e-05 -8.89e-05 -0.000137 -1.07e-07 -7.08e-06 -3.35e-06 -3.84e-05 -5.91e-07 -3.15e-05 -1.98e-05   8.3e-05 -8.87e-05  0.000233 -4.83e-07 -0.000234 -6.13e-05 -0.000161 -0.000141 -0.000175  5.45e-05  1.92e-05  2.82e-05 -3.83e-05  7.77e-05 -1.15e-06 -2.68e-05  6.82e-05  3.37e-05 -0.000171 -5.74e-06  3.73e-05  -9.1e-06 -2.13e-05   0.00027  5.32e-05  0.000107 -3.71e-05 -1.97e-06 -1.93e-06    -3e-07 -5.94e-08 -5.25e-09  1.35e-05 -6.66e-05 -1.73e-05 -7.69e-06 -0.000334 -0.000121 -0.000108 -3.48e-05 -0.000441 -7.96e-06 -0.000105   -0.0017  -0.00011 -0.000398  0.000176 -0.000376  0.000386 -0.000338  0.000249 -0.000205 -2.82e-05  -0.00248 -0.000261 -0.000572 -0.000157 -6.24e-06 -0.000173 -4.35e-05 -1.32e-06  -0.00011 -0.000211 -2.07e-05  3.14e-05
 0.000168 -6.73e-05  0.000205 -0.000323 -0.000465 -0.000131 -1.77e-16 -1.77e-16 -4.42e-05         1 -5.57e-17 -0.000122 -0.000143  -1.9e-05 -0.000197 -2.01e-05 -2.49e-05 -0.000108 -0.000226 -3.46e-06  3.47e-05 -0.000498  -7.8e-05   7.6e-05 -0.000411  -9.8e-05  0.000151  2.35e-05 -4.24e-05  7.58e-05 -6.02e-05  3.23e-05  2.05e-05  1.62e-06   -0.0012 -0.000372 -3.52e-07  7.58e-06 -2.46e-05 -0.000136  4.02e-07 -0.000129 -0.000256 -0.000356  8.21e-05  0.000553  1.58e-06  0.000275   0.00096   0.00189  0.000438 -0.000514  0.000212  0.000386  0.000351  6.07e-05  0.000573   0.00032 -0.000502 -0.000504 -4.05e-05  0.000424 -0.000246 -0.000216 -0.000242 -0.000136  0.000694  -0.00164 -0.000269 -0.000106 -1.86e-05 -1.26e-05 -2.22e-06  -2.8e-07 -1.78e-08 -0.000891 -0.000524 -7.32e-05 -2.31e-05  -0.00209 -0.000442 -0.000378 -0.000144  -0.00198 -0.000283 -0.000277  -0.00185 -0.000693 -0.000313   -0.0053 -0.000194  -0.00547  -0.00264 -0.000931  -0.00361 -9.89e-05   -0.0077  -0.00198   -0.0028 -0.000798 -7.52e-05  -0.00133 -0.000291 -5.53e-06  -0.00193  -0.00149 -7.93e-05 -0.000948
 5.41e-15 -4.94e-17 -1.36e-15 -3.05e-16 -6.48e-16 -2.27e-16 -5.97e-28 -5.97e-28  1.06e-17 -5.57e-17         1 -1.12e-16 -1.21e-16 -2.13e-17  -1.8e-16 -1.95e-17 -1.81e-17 -1.28e-16 -2.48e-16  -2.3e-16 -9.39e-18 -8.84e-16 -1.16e-15 -3.16e-16 -3.38e-15 -3.36e-16 -1.67e-16 -1.74e-16 -1.89e-16 -2.04e-16 -3.41e-16 -2.04e-16 -1.93e-16 -1.09e-16  4.69e-16 -6.88e-16  1.68e-19  1.23e-16  1.06e-17  9.19e-17  8.43e-18 -1.04e-16 -6.64e-17  6.73e-17 -2.07e-16  -2.8e-15 -3.41e-17 -1.34e-16 -5.11e-16  1.92e-15  9.38e-16 -1.06e-15 -8.09e-16 -1.49e-15  1.26e-16  5.66e-16 -1.38e-15  4.27e-16  4.07e-17 -2.04e-15 -1.99e-16  2.53e-15  4.41e-16  2.17e-16 -2.54e-18 -9.11e-18 -4.77e-15 -2.95e-15 -6.82e-16  5.45e-16 -7.33e-17  1.89e-17 -9.31e-19 -1.69e-19 -8.01e-21  3.38e-15 -3.25e-16  3.58e-16 -2.45e-17  1.63e-15 -2.98e-16 -1.52e-16  -3.2e-17  5.05e-17  5.86e-16  5.44e-17 -4.04e-15  1.45e-15   2.4e-15 -6.34e-16   1.2e-15 -3.37e-15 -6.42e-15  1.36e-15  4.68e-15  5.28e-16 -6.57e-15  1.66e-15  1.21e-15  3.97e-16 -3.78e-18  7.09e-16  1.25e-16  2.33e-21   1.8e-15  8.67e-17  2.91e-16 -7.66e-16
 -0.00616  0.000103  -0.00052 -0.000772   -0.0015 -0.000452 -9.04e-17 -9.04e-17 -4.37e-06 -0.000122 -1.12e-16         1 -0.000595 -7.27e-05 -0.000484 -6.69e-05 -8.38e-05 -0.000421 -0.000891 -8.94e-05 -8.38e-06 -0.000477 -7.39e-05 -1.77e-05  -0.00226 -0.000198 -2.51e-05 -1.22e-05 -8.51e-05 -0.000136  -0.00011 -2.92e-05  7.36e-05  8.45e-06  -0.00241 -0.000327  9.55e-09 -4.12e-05 -2.89e-05 -0.000366 -2.56e-06 -0.000117 -0.000544  -0.00112  0.000326  -0.00614 -2.08e-05  0.000375 -0.000643  0.000234 -0.000175 -0.000495   -0.0014  -0.00147 -0.000488 -0.000229  -0.00115 -0.000291 -0.000409  -0.00108  -0.00126   0.00144  -0.00058 -0.000413 -0.000359 -0.000103  -0.00899  -0.00483  -0.00169 -4.88e-05 -6.13e-05 -6.13e-06 -1.65e-06 -1.34e-07 -1.47e-08 -0.000271 -0.000771 -5.29e-05 -3.16e-05  -0.00131 -0.000453 -0.000306 -0.000111  -0.00109 -7.25e-05 -0.000404    0.0141 -0.000584  0.000624 -0.000907  -0.00226  -0.00262  -0.00119  -0.00367  -0.00332 -0.000156  -0.00953  -0.00153  -0.00319 -0.000455 -4.87e-05 -0.000857 -0.000164 -1.19e-06  -0.00173  -0.00136  4.28e-05  -0.00292
   0.0319   0.00027   -0.0008  -0.00152  -0.00344 -0.000936  -6.3e-17  -6.3e-17 -2.19e-06 -0.000143 -1.21e-16 -0.000595         1 -0.000187  -0.00095  -0.00013 -0.000165   -0.0011  -0.00232 -0.000319 -3.95e-05 -0.000462 -0.000178  8.71e-05  -0.00524 -0.000329 -0.000104  4.67e-05  1.52e-05  -0.00068  -5.7e-05 -0.000145  0.000187  8.25e-06  -0.00666  -0.00101   7.1e-07 -0.000182 -0.000105  -0.00154 -6.93e-06 -2.94e-05  -0.00135  -0.00249   0.00076   -0.0181 -2.58e-05   0.00267   0.00101    0.0039   0.00179  -0.00162  -0.00331  -0.00303 -1.97e-05  0.000189  -0.00197  0.000156 -0.000559  -0.00104  -0.00408   0.00265  -0.00108  -0.00087 -0.000292  -7.9e-05   -0.0304  -0.00956  -0.00514 -0.000768 -0.000122 -3.67e-06 -1.55e-06  1.55e-08 -1.45e-08   0.00138  -0.00111  1.15e-05  -2.8e-05 -0.000456 -0.000312 -5.26e-05 -4.19e-05  -0.00021 -0.000114 -0.000239   0.00972  -0.00189    0.0033  -0.00344   -0.0103  -0.00564  0.000705   -0.0139  -0.00519 -0.000828  -0.00914 -0.000943  -0.00142 -0.000234 -3.24e-05 -0.000479 -0.000108  1.12e-05  -0.00205  -0.00091  3.06e-05  -0.00675
  0.00329  3.73e-05 -0.000118 -0.000179 -0.000418 -0.000126 -2.08e-17 -2.08e-17  1.47e-06  -1.9e-05 -2.13e-17 -7.27e-05 -0.000187         1 -0.000114 -1.64e-05 -2.06e-05 -0.000124 -0.000264  -4.2e-05 -1.85e-06 -4.83e-05 -2.31e-05 -3.69e-06 -0.000837 -2.87e-05 -4.76e-06     6e-06 -1.65e-07 -7.34e-05 -7.79e-06 -8.86e-06  1.88e-05  1.74e-06 -0.000828 -0.000116   4.1e-08 -1.59e-05 -1.05e-05 -0.000178 -6.54e-07 -6.15e-06 -0.000205 -0.000507  6.41e-05  -0.00248 -2.95e-06  0.000264  2.86e-05   0.00029  0.000134 -8.44e-05 -0.000352 -0.000335 -3.37e-05  2.67e-05 -0.000219 -2.95e-05 -8.63e-05 -0.000165 -0.000432  0.000319 -0.000136 -0.000105 -6.39e-05 -1.26e-05  -0.00311  -0.00118 -0.000589 -4.29e-05  -1.4e-05 -7.94e-07 -2.15e-07 -1.36e-09 -1.03e-09 -1.75e-05 -0.000125 -6.85e-06 -2.48e-06 -0.000119 -3.18e-05 -8.33e-06 -5.27e-06 -3.98e-05 -2.54e-05 -2.89e-05   0.00191 -0.000155  0.000355 -0.000302 -0.000578 -0.000707  5.51e-05   -0.0013 -0.000644 -5.21e-05 -0.000941 -0.000184 -0.000259 -4.09e-05 -4.78e-06   -0.0001 -1.91e-05   7.6e-07  -0.00034 -0.000136  9.38e-06   -0.0008
-3.61e-05  0.000185 -0.000835  -0.00118  -0.00234 -0.000702 -1.58e-16 -1.58e-16 -1.08e-05 -0.000197  -1.8e-16 -0.000484  -0.00095 -0.000114         1  -9.9e-05 -0.000124 -0.000658  -0.00139 -0.000196 -1.91e-05 -0.000854  -0.00027 -2.98e-05  -0.00416 -0.000267 -4.15e-05 -2.64e-05 -0.000127 -0.000267 -0.000158  -5.2e-05  0.000105 -8.85e-06  -0.00404 -0.000662 -2.25e-08  -6.9e-05 -5.32e-05  -0.00066 -3.87e-06 -0.000181 -0.000951  -0.00203  0.000354   -0.0107  -3.2e-05  0.000817 -0.000421   0.00133   0.00014 -0.000543  -0.00195  -0.00191 -0.000581 -0.000223  -0.00148 -0.000327 -0.000461  -0.00143    -0.002   0.00216 -0.000876 -0.000625 -0.000534  -0.00016   -0.0147  -0.00742  -0.00274 -8.69e-05 -9.84e-05 -1.04e-05 -2.81e-06 -2.66e-07 -2.62e-08 -2.44e-05  -0.00114 -8.86e-05 -5.11e-05  -0.00191 -0.000735 -0.000504 -0.000183  -0.00186  -7.2e-05  -0.00053    0.0162 -0.000912   0.00117 -0.000796   -0.0048  -0.00356  -0.00156  -0.00591  -0.00433 -0.000205   -0.0143  -0.00214  -0.00454 -0.000712 -8.05e-05  -0.00122  -0.00024 -1.03e-06  -0.00241  -0.00193  6.86e-05   -0.0045
-2.79e-05   2.3e-05 -9.92e-05 -0.000156 -0.000334 -0.000105 -1.92e-17 -1.92e-17  1.04e-06 -2.01e-05 -1.95e-17 -6.69e-05  -0.00013 -1.64e-05  -9.9e-05         1 -1.85e-05  -9.5e-05 -0.000202 -2.59e-05 -7.85e-07 -5.16e-05 -5.24e-06 -8.75e-06 -0.000637 -3.12e-05 -3.27e-06  1.65e-06 -9.82e-06 -4.13e-05 -1.55e-05 -3.91e-06  1.46e-05  3.36e-06 -0.000624 -7.74e-05  8.97e-09 -1.04e-05  -6.3e-06 -0.000113 -5.97e-07 -1.47e-05 -0.000165 -0.000418  5.54e-05  -0.00179 -3.36e-06  0.000104  -0.00013 -1.27e-05 -2.25e-05 -7.62e-05 -0.000287 -0.000311 -8.93e-05 -2.59e-05 -0.000224 -7.16e-05 -0.000108 -0.000205 -0.000297  0.000265 -0.000127 -9.06e-05 -7.78e-05 -1.64e-05    -0.002  -0.00101 -0.000401 -1.11e-05 -1.06e-05 -9.94e-07 -2.17e-07 -5.59e-09 -1.06e-09 -0.000182 -0.000138 -1.14e-05 -3.51e-06 -0.000242 -4.87e-05 -2.63e-05 -1.04e-05 -8.87e-05 -3.79e-05 -7.12e-05    0.0029 -0.000116  0.000159 -0.000343 -9.36e-05 -0.000685 -0.000121 -0.000789 -0.000766  -3.3e-05  -0.00137 -0.000317  -0.00055 -6.94e-05 -5.97e-06 -0.000174 -3.09e-05 -1.07e-07 -0.000425 -0.000238     4e-06 -0.000652
-3.29e-05  2.94e-05 -0.000112 -0.000196  -0.00042 -0.000132    -2e-17    -2e-17  1.27e-06 -2.49e-05 -1.81e-17 -8.38e-05 -0.000165 -2.06e-05 -0.000124 -1.85e-05         1  -0.00012 -0.000255 -3.22e-05 -1.13e-06 -5.74e-05  9.63e-07 -8.71e-06 -0.000794 -3.57e-05 -2.47e-06   3.4e-06 -1.09e-05 -5.15e-05 -1.68e-05 -3.31e-06  2.01e-05     5e-06 -0.000807 -9.58e-05  1.06e-08 -1.47e-05 -8.27e-06 -0.000146 -8.55e-07 -1.77e-05 -0.000213 -0.000543  6.95e-05  -0.00227 -4.05e-06  0.000137 -0.000146 -1.26e-05  -2.6e-05 -8.41e-05 -0.000349 -0.000374 -0.000112 -3.64e-05 -0.000267 -9.26e-05 -0.000137 -0.000239 -0.000375  0.000312 -0.000166 -0.000118 -9.96e-05 -2.06e-05  -0.00249  -0.00126 -0.000501 -1.89e-05 -1.25e-05 -1.42e-06 -2.64e-07 -5.25e-09 -1.22e-09  -0.00027 -0.000174 -1.76e-05 -4.22e-06 -0.000329 -5.82e-05 -3.07e-05 -1.24e-05 -0.000106 -5.63e-05 -9.29e-05   0.00364 -0.000163  0.000181  -0.00046 -0.000123 -0.000864 -9.71e-05  -0.00101  -0.00102 -4.73e-05  -0.00168 -0.000428 -0.000724 -9.19e-05 -7.43e-06 -0.000232 -4.11e-05 -1.43e-07 -0.000568 -0.000308  9.75e-07 -0.000824
   0.0196  0.000229 -0.000669  -0.00104  -0.00244 -0.000737 -1.29e-16 -1.29e-16  9.52e-06 -0.000108 -1.28e-16 -0.000421   -0.0011 -0.000124 -0.000658  -9.5e-05  -0.00012         1  -0.00154 -0.000243  -8.8e-06 -0.000236 -0.000116 -1.42e-05  -0.00478 -0.000159  -1.2e-05  4.23e-05   7.8e-06 -0.000419 -4.07e-05 -4.79e-05  0.000117   1.4e-05  -0.00478 -0.000647   2.6e-07 -9.36e-05 -6.22e-05  -0.00103 -3.79e-06 -2.78e-05  -0.00115  -0.00285  0.000442   -0.0143 -1.67e-05   0.00167  0.000344   0.00201  0.000947 -0.000455  -0.00206  -0.00192 -0.000134  0.000221  -0.00124 -0.000132 -0.000479 -0.000932  -0.00253   0.00195 -0.000785 -0.000608 -0.000357 -6.92e-05   -0.0183  -0.00688  -0.00348 -0.000251 -8.11e-05 -4.14e-06  -1.2e-06  2.51e-09 -5.05e-09 -1.09e-05 -0.000712 -3.08e-05 -1.26e-05 -0.000587 -0.000158 -2.55e-05 -2.34e-05 -0.000157 -0.000139 -0.000138    0.0112   -0.0009   0.00224   -0.0017  -0.00326  -0.00415  0.000431  -0.00767  -0.00357 -0.000301  -0.00511 -0.000966  -0.00127 -0.000209 -2.53e-05 -0.000525 -0.000101  5.03e-06   -0.0019   -0.0007  6.28e-05  -0.00466
   0.0417  0.000479  -0.00138   -0.0022  -0.00517  -0.00156 -2.55e-16 -2.55e-16   1.9e-05 -0.000226 -2.48e-16 -0.000891  -0.00232 -0.000264  -0.00139 -0.000202 -0.000255  -0.00154         1 -0.000526 -2.16e-05 -0.000488 -0.000244 -3.57e-05   -0.0103 -0.000323 -3.19e-05  8.69e-05  1.41e-05 -0.000897 -8.12e-05 -9.85e-05  0.000248  2.61e-05   -0.0103  -0.00141  5.24e-07 -0.000206 -0.000133  -0.00222 -8.56e-06 -5.84e-05  -0.00252  -0.00627  0.000878   -0.0307  -3.5e-05   0.00347  0.000699   0.00406   0.00194 -0.000914  -0.00429  -0.00401 -0.000304  0.000443  -0.00257 -0.000324  -0.00103   -0.0019  -0.00536   0.00399  -0.00169  -0.00129 -0.000774 -0.000147   -0.0385   -0.0145  -0.00732 -0.000538 -0.000167 -9.35e-06 -2.46e-06  1.48e-08 -9.88e-09 -0.000289  -0.00151 -8.09e-05 -2.59e-05  -0.00139 -0.000322 -4.39e-05 -4.55e-05 -0.000289 -0.000342  -0.00033    0.0235  -0.00195   0.00456  -0.00366  -0.00663  -0.00873   0.00109   -0.0161  -0.00781 -0.000651   -0.0109  -0.00223  -0.00293 -0.000469 -5.11e-05   -0.0012 -0.000229  1.02e-05  -0.00423  -0.00155  0.000111   -0.0099
  -0.0335  6.76e-06 -0.000627 -0.000316  -0.00095 -0.000333 -1.97e-16 -1.97e-16 -1.69e-05 -3.46e-06  -2.3e-16 -8.94e-05 -0.000319  -4.2e-05 -0.000196 -2.59e-05 -3.22e-05 -0.000243 -0.000526         1 -7.88e-05 -0.000853  -0.00128 -0.000323  -0.00813  6.59e-05 -0.000255 -0.000188 -0.000166 -0.000539 -0.000138 -0.000135 -0.000147 -0.000193  -0.00398  -0.00159  -3.2e-07  -6.5e-05 -4.02e-05 -0.000981 -3.22e-06 -6.93e-05  -0.00173  -0.00492  -0.00141    -0.016 -2.44e-05 -0.000319  0.000717   0.00131  0.000854  0.000629  0.000703  0.000353  0.000154  0.000346   0.00029 -0.000119  0.000238  0.000271 -0.000764 -0.000411 -0.000231   2.2e-05 -0.000296 -1.59e-05  -0.00549  -0.00234 -0.000801  0.000212  -8.7e-06  9.76e-07 -4.15e-07 -1.43e-07 -5.19e-09 -0.000453 -0.000306 -2.05e-05 -1.77e-05 -0.000825 -0.000158  -6.4e-05 -3.84e-06  0.000154 -0.000175 -0.000321   -0.0198  0.000152  -0.00011  0.000944  0.000148  0.000196 -0.000645   0.00119   0.00126  0.000229  -0.00582  -0.00103  -0.00224 -0.000166   1.8e-05 -0.000589 -9.19e-05 -3.33e-06  -0.00117 -0.000557 -0.000111  -0.00173
 -0.00398 -2.77e-05 -9.55e-05 -3.65e-05 -1.51e-05  9.95e-06  3.15e-17  3.15e-17 -6.59e-06  3.47e-05 -9.39e-18 -8.38e-06 -3.95e-05 -1.85e-06 -1.91e-05 -7.85e-07 -1.13e-06  -8.8e-06 -2.16e-05 -7.88e-05         1 -0.000249 -0.000243 -5.09e-05 -0.000838 -1.69e-05 -0.000102 -6.18e-05 -6.28e-05 -7.92e-05 -4.48e-05 -4.48e-05  -2.9e-05 -4.45e-05 -0.000322 -0.000258 -1.98e-08 -2.33e-05 -3.95e-06 -7.69e-05 -1.52e-06  -3.2e-05 -0.000177 -0.000336 -0.000296  -0.00145    -9e-06  -0.00038 -0.000172  -0.00026 -0.000132 -4.75e-05  0.000115 -1.69e-05 -0.000137 -0.000142 -0.000111 -8.56e-05  0.000126  0.000115 -4.52e-05 -0.000268 -3.72e-05  3.53e-05 -2.69e-05 -1.58e-06 -0.000483   -0.0001   0.00018  -2.7e-06  1.33e-06  5.48e-07 -1.85e-08 -3.84e-08 -4.57e-09  9.18e-05 -0.000124 -7.07e-06 -1.18e-05 -0.000257 -0.000123 -7.62e-05 -1.94e-05 -7.12e-05   1.1e-06 -0.000184  -0.00318 -5.52e-05 -0.000465  0.000801  -0.00127   0.00111  -0.00014  0.000424  0.000243 -2.89e-05  -0.00298 -0.000299  -0.00108  -5.5e-05  3.62e-06 -0.000127 -1.66e-05 -1.05e-06 -9.19e-05 -0.000276 -4.49e-05 -8.94e-05
  -0.0415 -0.000587  -0.00369   -0.0014  -0.00138 -0.000289 -2.21e-16 -2.21e-16 -0.000179 -0.000498 -8.84e-16 -0.000477 -0.000462 -4.83e-05 -0.000854 -5.16e-05 -5.74e-05 -0.000236 -0.000488 -0.000853 -0.000249         1  -0.00422 -0.000784   -0.0136  -0.00114  -0.00149 -0.000919   -0.0011  -0.00114 -0.000949 -0.000701 -0.000704 -0.000665  -0.00403  -0.00422 -1.69e-06  0.000139 -3.04e-06  -0.00095  5.85e-06 -0.000963  -0.00277  -0.00465  -0.00516   -0.0179 -0.000111   -0.0076  -0.00896   -0.0104  -0.00714  -0.00383  -0.00107  -0.00335  -0.00301  -0.00304  -0.00365  -0.00119  3.18e-05  -0.00358 -0.000619  -0.00184  5.35e-05  4.97e-05 -0.000879 -0.000489    -0.011   -0.0063  0.000108   0.00037 -0.000262 -2.53e-05 -1.07e-05 -1.94e-06 -1.62e-07   0.00546  -0.00226 -0.000209 -0.000274  -0.00491  -0.00389  -0.00314  -0.00101   -0.0106    0.0012  -0.00191   -0.0426  0.000636   -0.0067   0.00792   -0.0271   0.00802   -0.0158   0.00356  0.000604  0.000493   -0.0562  -0.00327   -0.0151  -0.00245 -0.000306  -0.00227 -0.000535 -3.39e-05   0.00075  -0.00581  7.07e-05  -0.00235
  -0.0713 -0.000437  -0.00288 -0.000472 -0.000836 -0.000268 -7.45e-16 -7.45e-16 -7.65e-05  -7.8e-05 -1.16e-15 -7.39e-05 -0.000178 -2.31e-05  -0.00027 -5.24e-06  9.63e-07 -0.000116 -0.000244  -0.00128 -0.000243  -0.00422         1  -0.00103    -0.018 -0.000423  -0.00114 -0.000809 -0.000776  -0.00133 -0.000757 -0.000646 -0.000756 -0.000655  -0.00495   -0.0044 -8.81e-07  6.54e-05 -2.56e-05  -0.00138  4.94e-06 -0.000467  -0.00336  -0.00828  -0.00495    -0.027 -9.63e-05  -0.00429  -0.00211 -0.000867 -0.000635  -0.00106   0.00182 -0.000219 -0.000558 -0.000342 -0.000954 -7.28e-06  0.000849  -0.00145 -0.000165  -0.00131   0.00052  0.000571 -0.000475 -0.000111  -0.00598  -0.00312  0.000584  0.000857 -9.03e-05  1.32e-05 -3.64e-06 -9.62e-07 -6.36e-08   0.00383  -0.00105  0.000214 -0.000131  -0.00125   -0.0016  -0.00113 -0.000311  -0.00249  0.000562  -0.00105   -0.0677    0.0019  -0.00226   0.00254  -0.00892   0.00223   -0.0115   0.00815   0.00789   0.00094   -0.0284 -0.000921  -0.00711 -0.000486 -4.87e-05 -0.000804 -0.000141 -1.88e-05   0.00093  -0.00238 -9.64e-05  -0.00114
 -0.00976 -0.000188 -0.000996 -3.08e-05 -0.000221 -0.000137 -1.18e-16 -1.18e-16  -7.8e-07   7.6e-05 -3.16e-16 -1.77e-05  8.71e-05 -3.69e-06 -2.98e-05 -8.75e-06 -8.71e-06 -1.42e-05 -3.57e-05 -0.000323 -5.09e-05 -0.000784  -0.00103         1  -0.00585  -0.00016 -0.000432 -0.000223 -0.000194 -0.000446 -0.000194 -0.000182 -0.000268 -0.000167  -0.00143  -0.00108 -2.79e-07  5.93e-05   2.6e-05 -0.000566  3.02e-06 -5.75e-05  -0.00124  -0.00362  -0.00158   -0.0108 -1.53e-05  -0.00227   -0.0033  -0.00534  -0.00209 -0.000658 -0.000194  -0.00139 -0.000686 -0.000318  -0.00113 -0.000617  -0.00031 -0.000888 -0.000162 -0.000953  0.000269  0.000236 -0.000152   1.7e-05  -0.00155 -0.000437 -7.33e-05  0.000367 -1.96e-05  9.13e-06  4.92e-07  -3.9e-09  2.67e-09 -0.000142  5.82e-05  6.54e-05 -7.43e-06  0.000375 -4.25e-05 -3.27e-05  2.07e-05  0.000504  0.000141 -0.000223  -0.00917   0.00115  -0.00121   0.00132    0.0034   0.00138  -0.00295   0.00362   0.00152  0.000379  -0.00237  0.000266 -0.000554    0.0002   3.6e-05  0.000114   4.6e-05 -6.84e-06  0.000288 -0.000105  3.05e-05 -0.000259
    -0.38  -0.00037   -0.0148  -0.00623   -0.0193  -0.00723 -2.64e-15 -2.64e-15 -4.26e-05 -0.000411 -3.38e-15  -0.00226  -0.00524 -0.000837  -0.00416 -0.000637 -0.000794  -0.00478   -0.0103  -0.00813 -0.000838   -0.0136    -0.018  -0.00585         1 -9.97e-05  -0.00502  -0.00259  -0.00213   -0.0103  -0.00162  -0.00201  -0.00305  -0.00264   -0.0741   -0.0248 -6.48e-06 -0.000263 -0.000357   -0.0191 -9.34e-06 -0.000962   -0.0345    -0.101   -0.0274    -0.309 -0.000236   -0.0152   -0.0218    -0.037   -0.0128   0.00442   0.00109  -0.00924  -0.00587 -0.000678  -0.00563   -0.0083  -0.00441  -0.00625   -0.0168   -0.0135   -0.0039  -0.00207  -0.00652 -0.000513    -0.111   -0.0444   -0.0222   0.00355 -0.000462 -3.17e-05 -9.11e-06 -1.69e-06 -3.16e-08   -0.0205  -0.00301  -0.00133 -0.000151   -0.0132  -0.00153 -0.000927 -8.21e-05  0.000336  -0.00303  -0.00318    -0.232   0.00574  -0.00884 -0.000601    0.0193   -0.0124   -0.0162    0.0088  -0.00993   0.00437   -0.0378   -0.0163   -0.0292  -0.00256  4.77e-05  -0.00971  -0.00147 -9.01e-05   -0.0234  -0.00928  -0.00105   -0.0345
    0.025 -0.000317  -0.00114 -0.000423 -0.000487 -7.55e-05  5.91e-18  5.91e-18 -2.51e-05  -9.8e-05 -3.36e-16 -0.000198 -0.000329 -2.87e-05 -0.000267 -3.12e-05 -3.57e-05 -0.000159 -0.000323  6.59e-05 -1.69e-05  -0.00114 -0.000423  -0.00016 -9.97e-05         1 -0.000482 -0.000174 -0.000209 -0.000284 -0.000278 -0.000258 -0.000191 -7.17e-05  0.000443 -0.000463  1.81e-07    0.0001   3.7e-05 -0.000169  6.23e-06  -0.00015 -6.92e-05   0.00105 -0.000526 -0.000247  -1.5e-05  -0.00249  -0.00549  -0.00745  -0.00361  -0.00355  -0.00257  -0.00393  -0.00121  -0.00111  -0.00303 -0.000427    -0.001  -0.00246 -0.000882  0.000221  0.000315  9.28e-06  4.01e-05 -6.42e-05  -0.00837  -0.00197 -0.000856 -0.000192 -9.55e-05  7.56e-06 -9.61e-07 -1.03e-07 -2.11e-08   0.00221  -0.00041  0.000155 -4.12e-05  0.000567  -0.00058 -0.000446 -0.000135  -0.00122  0.000507 -0.000351   0.00763  0.000399  -0.00105  -0.00205  -0.00427  -0.00119  -0.00621  -0.00218  -0.00189 -0.000215  -0.00977  0.000731 -0.000693 -3.03e-05 -3.12e-05  0.000269  2.17e-05 -4.76e-06   0.00119 -0.000809   0.00016 -0.000948
   0.0115 -0.000424  -0.00139  -4.1e-05  1.92e-05  3.91e-05  2.98e-16  2.98e-16 -2.78e-05  0.000151 -1.67e-16 -2.51e-05 -0.000104 -4.76e-06 -4.15e-05 -3.27e-06 -2.47e-06  -1.2e-05 -3.19e-05 -0.000255 -0.000102  -0.00149  -0.00114 -0.000432  -0.00502 -0.000482         1 -0.000344  -0.00029 -0.000744 -0.000231 -0.000356 -0.000385 -0.000239  -0.00122  -0.00137  -1.6e-07  6.27e-05  4.95e-05 -0.000877   3.5e-06 -0.000102  -0.00136  -0.00297  -0.00246   -0.0114 -1.27e-05  -0.00451  -0.00753   -0.0126  -0.00555  -0.00285   -0.0016  -0.00357  -0.00174  -0.00157   -0.0028  -0.00116 -0.000674  -0.00124 -0.000811  -0.00282  0.000491  0.000292  4.65e-05   1.8e-05  -0.00736  0.000675 -0.000249 -0.000125 -5.97e-05  8.85e-06  5.57e-07 -2.74e-08 -1.48e-08   0.00116  0.000139   2.1e-05 -3.28e-05  0.000889 -0.000368 -0.000318 -6.42e-05 -0.000308   0.00047  -0.00039   -0.0128  0.000925  -0.00351   0.00322  -0.00438   0.00598  -0.00369   0.00132  0.000239 -4.56e-05  -0.00529    0.0011 -0.000533  0.000211  3.12e-05   0.00064  0.000125 -8.51e-06   0.00173 -0.000115  1.23e-05 -5.25e-06
   -0.006 -0.000179 -0.000561 -5.06e-05   8.7e-05  3.99e-05 -8.68e-18 -8.68e-18 -2.37e-05  2.35e-05 -1.74e-16 -1.22e-05  4.67e-05     6e-06 -2.64e-05  1.65e-06   3.4e-06  4.23e-05  8.69e-05 -0.000188 -6.18e-05 -0.000919 -0.000809 -0.000223  -0.00259 -0.000174 -0.000344         1 -0.000208 -0.000232 -0.000187 -0.000158 -0.000171  -0.00014 -0.000327 -0.000788 -1.97e-07  1.47e-05  1.17e-05 -0.000173  2.78e-07 -0.000117 -0.000515  -0.00104  -0.00108  -0.00348 -2.03e-05  -0.00184  -0.00197  -0.00294   -0.0014 -0.000781  3.73e-05 -0.000709 -0.000535 -0.000488 -0.000734 -0.000308  2.63e-06 -0.000435  0.000103 -0.000769  0.000154  0.000193    -7e-05 -2.29e-05 -2.21e-05 -2.46e-06  0.000553  0.000126 -1.52e-05  3.43e-06 -3.75e-07 -1.53e-07  -1.4e-08  0.000553 -0.000233  2.98e-05 -3.23e-05 -0.000387 -0.000393 -0.000295 -7.76e-05 -0.000577  0.000148 -0.000422  -0.00873  0.000399  -0.00153   0.00134  -0.00158   0.00208  -0.00263   0.00243  0.000905  9.99e-05  -0.00795 -0.000343   -0.0022 -0.000133 -1.01e-07 -0.000203 -3.26e-05 -5.93e-06  0.000261   -0.0007 -3.72e-05  0.000143
 -0.00277 -0.000153 -0.000524 -0.000221 -8.63e-05 -7.35e-06 -3.87e-17 -3.87e-17 -3.56e-05 -4.24e-05 -1.89e-16 -8.51e-05  1.52e-05 -1.65e-07 -0.000127 -9.82e-06 -1.09e-05   7.8e-06  1.41e-05 -0.000166 -6.28e-05   -0.0011 -0.000776 -0.000194  -0.00213 -0.000209  -0.00029 -0.000208         1 -0.000118  -0.00024 -0.000138 -0.000125 -0.000134 -0.000268 -0.000744    -3e-07  2.64e-06  5.08e-06 -1.55e-05 -1.12e-06 -0.000187 -0.000359 -0.000471 -0.000801  -0.00179 -2.88e-05  -0.00177  -0.00169  -0.00209  -0.00124 -0.000716 -1.62e-05 -0.000667 -0.000599 -0.000534 -0.000761 -0.000336  4.56e-06 -0.000611   0.00018 -0.000233 -1.71e-05  0.000133 -0.000184 -7.46e-05  0.000652 -0.000972  0.000654  0.000176 -2.35e-05 -2.88e-07 -1.18e-06 -2.62e-07 -2.29e-08  0.000399 -0.000546  2.38e-06 -4.97e-05  -0.00121 -0.000654 -0.000499 -0.000149  -0.00135  0.000115 -0.000658   -0.0031  0.000182  -0.00163   0.00154  -0.00181   0.00173  -0.00321   0.00257  0.000118  9.21e-05   -0.0134  -0.00118  -0.00402 -0.000433 -2.48e-05  -0.00068 -0.000128 -7.73e-06 -0.000372  -0.00138 -3.78e-05 -0.000228
  -0.0225 -0.000226  -0.00151 -0.000378  -0.00135 -0.000429  6.63e-17  6.63e-17   1.4e-06  7.58e-05 -2.04e-16 -0.000136  -0.00068 -7.34e-05 -0.000267 -4.13e-05 -5.15e-05 -0.000419 -0.000897 -0.000539 -7.92e-05  -0.00114  -0.00133 -0.000446   -0.0103 -0.000284 -0.000744 -0.000232 -0.000118         1 -8.52e-05 -0.000316  -0.00035 -0.000218  -0.00551    -0.002  -2.1e-08  6.75e-06 -4.83e-06  -0.00189   2.8e-06  1.34e-05  -0.00273  -0.00725  -0.00265   -0.0252 -3.65e-06   -0.0023  -0.00493  -0.00844  -0.00328  -0.00192  -0.00148  -0.00293    -0.001 -0.000772  -0.00199 -0.000778 -0.000813 -0.000956  -0.00223  -0.00234  8.99e-05 -0.000129 -0.000148  3.67e-05   -0.0166  -0.00218  -0.00253 -0.000257 -6.75e-05   5.6e-06  5.33e-07  7.24e-08  6.97e-10  8.66e-05  0.000173 -1.94e-05 -4.29e-07  0.000892  8.45e-05  9.66e-05  5.51e-05  0.000798  7.91e-05  3.92e-05   -0.0236  0.000449  -0.00126  -0.00119    -0.004  0.000352  -0.00171  -0.00317  -0.00129 -8.61e-05   0.00318  0.000804   0.00109  0.000344  3.36e-05  0.000427  9.68e-05 -2.97e-06  0.000179  0.000298  -4.8e-05   -0.0025
 0.000448 -0.000143 -0.000638 -0.000275 -0.000243 -5.35e-05 -1.84e-16 -1.84e-16 -2.51e-05 -6.02e-05 -3.41e-16  -0.00011  -5.7e-05 -7.79e-06 -0.000158 -1.55e-05 -1.68e-05 -4.07e-05 -8.12e-05 -0.000138 -4.48e-05 -0.000949 -0.000757 -0.000194  -0.00162 -0.000278 -0.000231 -0.000187  -0.00024 -8.52e-05         1 -0.000154 -0.000119 -0.000109  0.000168 -0.000623 -9.55e-08  2.67e-05  5.99e-06  8.93e-05  9.39e-07 -0.000166 -0.000106  0.000278 -0.000404 -0.000411 -3.09e-05  -0.00125  -0.00128 -0.000807  -0.00055  -0.00107 -0.000374  -0.00105  -0.00038 -0.000251  -0.00103 -8.13e-05 -7.46e-05  -0.00109  5.95e-05  0.000716  7.59e-05  0.000141  -0.00012 -5.89e-05 -0.000776  -0.00164  0.000347   0.00022 -3.37e-05  5.65e-06 -9.76e-07 -2.01e-07 -1.76e-08   0.00113 -0.000574  0.000118 -4.28e-05 -0.000564  -0.00055 -0.000385 -0.000111 -0.000871    0.0002 -0.000549  -0.00025  0.000373 -0.000505 -2.11e-06 -0.000692 -0.000436  -0.00433    0.0019  0.000723  0.000117   -0.0126 -0.000613  -0.00291 -0.000228 -1.64e-05 -0.000414 -7.97e-05 -5.36e-06 -2.57e-06  -0.00115  3.58e-05 -0.000452
   -0.001 -0.000188 -0.000648 -8.55e-05 -0.000109  3.21e-06 -8.27e-18 -8.27e-18 -1.23e-05  3.23e-05 -2.04e-16 -2.92e-05 -0.000145 -8.86e-06  -5.2e-05 -3.91e-06 -3.31e-06 -4.79e-05 -9.85e-05 -0.000135 -4.48e-05 -0.000701 -0.000646 -0.000182  -0.00201 -0.000258 -0.000356 -0.000158 -0.000138 -0.000316 -0.000154         1 -0.000168 -0.000106 -0.000366 -0.000673   9.3e-08  2.68e-05  1.24e-05 -0.000309  2.19e-06 -5.35e-05 -0.000429 -0.000629 -0.000849  -0.00376 -1.27e-05  -0.00145   -0.0023  -0.00329   -0.0014   -0.0015 -0.000696   -0.0015 -0.000461 -0.000432  -0.00121 -0.000158 -0.000219 -0.000749 -0.000418 -0.000494  0.000251  0.000135  6.42e-05  1.03e-05  -0.00424 -0.000294 -0.000182 -5.76e-05 -3.05e-05  7.81e-06  1.31e-07 -2.78e-08 -7.29e-09   0.00126 -9.45e-05  0.000103 -1.82e-05   0.00057  -0.00019 -0.000116 -2.16e-05  3.14e-05  0.000236 -0.000187  -0.00772   0.00037 -0.000712 -0.000281  -0.00244  0.000646  -0.00274  9.33e-06  0.000666 -4.85e-05  -0.00399  0.000592  -0.00015  0.000152  1.28e-05  0.000299  5.61e-05 -2.09e-06  0.000872 -0.000138  1.55e-05 -0.000213
 -0.00242 -0.000283 -0.000658  0.000182  0.000352  8.91e-05 -3.52e-17 -3.52e-17 -6.88e-06  2.05e-05 -1.93e-16  7.36e-05  0.000187  1.88e-05  0.000105  1.46e-05  2.01e-05  0.000117  0.000248 -0.000147  -2.9e-05 -0.000704 -0.000756 -0.000268  -0.00305 -0.000191 -0.000385 -0.000171 -0.000125  -0.00035 -0.000119 -0.000168         1 -0.000122 -0.000285 -0.000786 -1.58e-07  8.09e-05  3.43e-05 -0.000349  4.88e-06 -4.02e-05  -0.00081   -0.0021  -0.00153  -0.00498 -2.11e-06   -0.0023   -0.0032  -0.00554  -0.00235  -0.00125  2.05e-05  -0.00103 -0.000583 -0.000589 -0.000829 -0.000321 -0.000408 -0.000762  0.000176   -0.0016  0.000439  0.000207  1.19e-05  1.75e-05  0.000908   0.00137  0.000467  9.57e-05 -8.84e-06  6.17e-06  3.36e-07 -2.72e-08 -1.27e-09  0.000119  0.000184  5.51e-05 -5.61e-06  0.000375 -4.96e-05 -5.77e-05  7.17e-07  0.000131  0.000124 -8.38e-05   -0.0139  0.000807  -0.00171  -0.00157  0.000454  7.25e-05  -0.00327   0.00263  0.000411  0.000155  0.000282  0.000448  7.13e-05   0.00016  1.21e-05  0.000165  4.07e-05 -6.52e-06  0.000665  -9.5e-05 -2.96e-05  0.000721
 -0.00647 -0.000101 -0.000363 -1.84e-05 -7.09e-07  2.37e-06 -1.67e-18 -1.67e-18 -2.39e-05  1.62e-06 -1.09e-16  8.45e-06  8.25e-06  1.74e-06 -8.85e-06  3.36e-06     5e-06   1.4e-05  2.61e-05 -0.000193 -4.45e-05 -0.000665 -0.000655 -0.000167  -0.00264 -7.17e-05 -0.000239  -0.00014 -0.000134 -0.000218 -0.000109 -0.000106 -0.000122         1  -0.00072 -0.000709 -2.28e-07  2.17e-06  2.33e-07 -0.000292 -2.31e-08 -6.73e-05 -0.000528  -0.00128  -0.00087  -0.00437 -1.01e-05  -0.00111 -0.000989   -0.0016 -0.000717 -0.000329  0.000163 -0.000264 -0.000175 -0.000149 -0.000216 -0.000169  7.27e-05 -2.36e-05 -3.59e-05 -0.000686  0.000119   0.00017 -3.42e-05 -1.34e-05 -0.000855  5.78e-05  0.000158  7.88e-05 -1.17e-05  1.34e-06 -3.01e-07 -1.23e-07 -9.71e-09  0.000467 -5.27e-05  4.77e-06 -1.85e-05 -0.000137 -0.000233  -0.00019 -4.85e-05 -0.000456  0.000109 -0.000197   -0.0103  0.000293 -0.000929   0.00177 -0.000974   0.00211  -0.00127   0.00162   0.00124  0.000115  -0.00453 -1.49e-05 -0.000876 -9.86e-05  5.04e-06 -3.84e-05 -1.31e-05  -3.5e-06  0.000335 -0.000202 -1.99e-05  4.37e-05
   -0.189  0.000398  -0.00289  -0.00622   -0.0166  -0.00546 -3.63e-16 -3.63e-16 -8.89e-05   -0.0012  4.69e-16  -0.00241  -0.00666 -0.000828  -0.00404 -0.000624 -0.000807  -0.00478   -0.0103  -0.00398 -0.000322  -0.00403  -0.00495  -0.00143   -0.0741  0.000443  -0.00122 -0.000327 -0.000268  -0.00551  0.000168 -0.000366 -0.000285  -0.00072         1   -0.0128 -2.49e-06  -0.00102 -0.000528   -0.0135 -5.25e-05 -0.000324   -0.0211   -0.0595  -0.00999    -0.184 -5.66e-05   0.00172 -0.000131  -0.00556 -0.000716   0.00202  -0.00174  -0.00353  -0.00159 -0.000826  0.000374   -0.0039  -0.00564  0.000112   -0.0164  -0.00723  -0.00706  -0.00467  -0.00487 -0.000642   -0.0961   -0.0385   -0.0201  -0.00188 -0.000149 -0.000109  -6.8e-06 -2.41e-07   3.9e-09   -0.0272  -0.00467  -0.00191 -3.25e-05   -0.0205 -0.000269  0.000229  1.48e-05 -0.000566  -0.00594  -0.00348   -0.0722  -0.00877  -0.00447   -0.0366  -0.00118   -0.0377   0.00862   -0.0318   -0.0485  -0.00196   -0.0274   -0.0248   -0.0322  -0.00483 -0.000137   -0.0138   -0.0024 -3.42e-05   -0.0331   -0.0122  -0.00209   -0.0333
   -0.127  -0.00072  -0.00218  -0.00106  -0.00242 -0.000749 -3.75e-16 -3.75e-16 -0.000137 -0.000372 -6.88e-16 -0.000327  -0.00101 -0.000116 -0.000662 -7.74e-05 -9.58e-05 -0.000647  -0.00141  -0.00159 -0.000258  -0.00422   -0.0044  -0.00108   -0.0248 -0.000463  -0.00137 -0.000788 -0.000744    -0.002 -0.000623 -0.000673 -0.000786 -0.000709   -0.0128         1 -1.31e-06 -0.000112 -8.08e-05  -0.00353 -4.98e-06 -0.000443   -0.0062   -0.0158  -0.00633   -0.0481 -6.61e-05  -0.00555  -0.00431  -0.00756  -0.00312  -0.00274   0.00127  -0.00157 -0.000853  -0.00107 -0.000849 -0.000815  -0.00109  -0.00102  -0.00238  -0.00469 -0.000392 -2.06e-06 -0.000992 -0.000194   -0.0157  -0.00545  -0.00153 -3.98e-05 -5.66e-05 -7.24e-06 -2.85e-06 -6.87e-07  -4.7e-08  -0.00267  -0.00145  -0.00015 -0.000104  -0.00512  -0.00126 -0.000867 -0.000233  -0.00214  -0.00077  -0.00185   -0.0742 -0.000266  -0.00576  -0.00837  -0.00488  -0.00477  -0.00986   0.00335  -0.00477  2.87e-05   -0.0298  -0.00556   -0.0118  -0.00142 -2.64e-05  -0.00342 -0.000624 -2.78e-05  -0.00513   -0.0044 -0.000642   -0.0049
  4.4e-05 -1.06e-07 -7.04e-08 -1.26e-08  2.52e-07 -7.63e-08  1.17e-19  1.17e-19 -1.07e-07 -3.52e-07  1.68e-19  9.55e-09   7.1e-07   4.1e-08 -2.25e-08  8.97e-09  1.06e-08   2.6e-07  5.24e-07  -3.2e-07 -1.98e-08 -1.69e-06 -8.81e-07 -2.79e-07 -6.48e-06  1.81e-07  -1.6e-07 -1.97e-07    -3e-07  -2.1e-08 -9.55e-08   9.3e-08 -1.58e-07 -2.28e-07 -2.49e-06 -1.31e-06         1  4.46e-08   4.8e-09    -5e-07 -2.17e-09 -3.12e-07 -1.63e-06 -5.33e-06 -2.15e-06 -9.15e-06  6.24e-09  -3.2e-06 -2.33e-06 -5.56e-06 -3.31e-06  1.78e-06  2.01e-06  1.76e-06 -5.63e-07 -5.06e-07  1.67e-06 -1.16e-06 -1.77e-07  6.77e-07  1.35e-06 -2.87e-06 -2.34e-07  2.06e-07  -6.9e-07 -2.48e-07  1.21e-05  8.09e-07  1.27e-06  5.95e-07 -7.82e-09 -3.36e-08 -3.94e-09 -7.39e-10 -4.23e-11 -3.57e-06 -1.15e-07 -4.98e-07 -5.44e-08 -4.22e-06 -1.04e-06 -1.11e-06 -3.59e-07 -4.88e-06 -2.48e-07 -6.06e-07 -1.27e-05  3.92e-07 -4.93e-06  7.31e-06  4.59e-06  6.62e-06 -8.15e-07  8.85e-06 -1.34e-06  7.82e-07 -1.38e-05 -3.36e-06 -6.25e-06  -1.7e-06 -1.02e-07 -2.11e-06 -4.58e-07 -2.29e-08 -2.35e-06 -1.94e-06 -9.75e-08  7.26e-07
  -0.0017  5.69e-05  0.000362 -0.000122 -0.000242 -5.01e-05  6.04e-17  6.04e-17 -7.08e-06  7.58e-06  1.23e-16 -4.12e-05 -0.000182 -1.59e-05  -6.9e-05 -1.04e-05 -1.47e-05 -9.36e-05 -0.000206  -6.5e-05 -2.33e-05  0.000139  6.54e-05  5.93e-05 -0.000263    0.0001  6.27e-05  1.47e-05  2.64e-06  6.75e-06  2.67e-05  2.68e-05  8.09e-05  2.17e-06  -0.00102 -0.000112  4.46e-08         1 -2.72e-05 -0.000136 -5.13e-06   9.1e-07 -0.000139 -0.000299  0.000199  -0.00133  -5.8e-06  0.000617   0.00151   0.00218   0.00103  0.000449  0.000353  0.000621  0.000212  0.000116  0.000492  6.67e-05  0.000164  0.000651 -0.000244  4.19e-06  -0.00032 -9.98e-05 -7.61e-05 -4.46e-06 -0.000899 -0.000641 -3.05e-05 -0.000135  2.25e-05 -3.13e-06  1.83e-07  3.06e-08  9.63e-10 -0.000837 -0.000247 -5.56e-05 -2.99e-06 -0.000892  5.46e-06  4.98e-05  1.34e-05  0.000227 -0.000268 -0.000253 -0.000177 -0.000674 -5.22e-05 -0.000485 -0.000604 -0.000243   0.00153 -0.000872  -0.00119 -0.000205  -0.00272  -0.00113  -0.00174 -0.000185  8.54e-06 -0.000547 -9.07e-05  1.03e-06   -0.0012 -0.000475 -0.000131 -0.000659
-0.000966  4.57e-05  8.04e-05    -9e-05 -0.000203  -5.5e-05 -2.59e-17 -2.59e-17 -3.35e-06 -2.46e-05  1.06e-17 -2.89e-05 -0.000105 -1.05e-05 -5.32e-05  -6.3e-06 -8.27e-06 -6.22e-05 -0.000133 -4.02e-05 -3.95e-06 -3.04e-06 -2.56e-05   2.6e-05 -0.000357   3.7e-05  4.95e-05  1.17e-05  5.08e-06 -4.83e-06  5.99e-06  1.24e-05  3.43e-05  2.33e-07 -0.000528 -8.08e-05   4.8e-09 -2.72e-05         1 -6.99e-05  -1.4e-06 -6.15e-06 -6.89e-05  -0.00016  0.000116 -0.000862  -2.7e-06  0.000472  0.000882   0.00154  0.000672  0.000234   0.00012  0.000306  0.000178  0.000149  0.000253  0.000113  9.18e-05  0.000182 -0.000155  0.000249 -0.000127 -5.97e-05 -3.93e-05 -1.09e-05  -0.00102 -0.000598 -0.000198 -3.34e-05   6.4e-07 -1.71e-06 -2.33e-07 -2.81e-08 -1.76e-09 -6.83e-05 -0.000115 -1.37e-05 -2.89e-06 -0.000298 -3.56e-05 -1.18e-05 -7.55e-06 -9.33e-05 -7.14e-05 -3.98e-05 -0.000942  -0.00024  0.000312 -0.000248 -0.000588 -0.000514  0.000388 -0.000657 -0.000212 -4.25e-05  -0.00117 -0.000338 -0.000467 -9.21e-05 -5.21e-06 -0.000186 -3.64e-05  8.13e-07 -0.000385 -0.000154 -2.56e-05 -0.000408
  -0.0417 -0.000239  -0.00126 -0.000954  -0.00334   -0.0011  2.76e-16  2.76e-16 -3.84e-05 -0.000136  9.19e-17 -0.000366  -0.00154 -0.000178  -0.00066 -0.000113 -0.000146  -0.00103  -0.00222 -0.000981 -7.69e-05  -0.00095  -0.00138 -0.000566   -0.0191 -0.000169 -0.000877 -0.000173 -1.55e-05  -0.00189  8.93e-05 -0.000309 -0.000349 -0.000292   -0.0135  -0.00353    -5e-07 -0.000136 -6.99e-05         1  -4.2e-06  0.000122  -0.00554   -0.0154  -0.00372   -0.0508  3.07e-05  -0.00216  -0.00584   -0.0123  -0.00427  -0.00227  -0.00227  -0.00406 -0.000746 -0.000507   -0.0016  -0.00143  -0.00216 -0.000266  -0.00479  -0.00438  -0.00065 -0.000555 -0.000557  1.12e-06   -0.0308  -0.00551   -0.0059 -0.000814 -6.99e-05 -9.23e-06   1.3e-06   3.4e-07  2.29e-08  -0.00441  0.000279 -0.000306  4.56e-05 -0.000816  0.000658  0.000501  0.000185   0.00155 -0.000806 -5.11e-05   -0.0319 -0.000785  -0.00218  -0.00559   0.00147  -0.00325   0.00176  -0.00821  -0.00846 -0.000494    0.0084  -0.00132     0.001 -0.000109  8.06e-05 -0.000821 -0.000151 -4.85e-06  -0.00374  0.000165 -0.000304  -0.00651
 7.28e-05  2.92e-06  2.29e-05 -6.86e-06 -1.02e-05 -2.13e-06  4.79e-18  4.79e-18 -5.91e-07  4.02e-07  8.43e-18 -2.56e-06 -6.93e-06 -6.54e-07 -3.87e-06 -5.97e-07 -8.55e-07 -3.79e-06 -8.56e-06 -3.22e-06 -1.52e-06  5.85e-06  4.94e-06  3.02e-06 -9.34e-06  6.23e-06   3.5e-06  2.78e-07 -1.12e-06   2.8e-06  9.39e-07  2.19e-06  4.88e-06 -2.31e-08 -5.25e-05 -4.98e-06 -2.17e-09 -5.13e-06  -1.4e-06  -4.2e-06         1 -1.11e-06 -7.29e-06 -1.73e-05  1.02e-05 -4.91e-05 -4.29e-07  2.21e-05  7.53e-05  0.000101  4.53e-05  3.23e-05   2.6e-05  3.97e-05  6.05e-06  1.51e-06  2.93e-05 -2.46e-06  9.33e-06  3.88e-05 -5.37e-06 -5.87e-06 -2.06e-05 -5.19e-06 -6.95e-06 -9.39e-07  2.53e-05 -3.22e-05  1.15e-05 -5.25e-06  1.53e-06 -2.63e-07  5.06e-09  5.36e-10 -3.17e-11 -6.72e-05 -1.71e-05 -4.76e-06 -4.03e-07    -7e-05 -3.16e-06 -3.88e-07 -2.32e-07  2.41e-06 -1.72e-05 -2.02e-05  9.52e-05 -3.91e-05 -2.44e-05 -1.37e-06 -6.45e-06  1.35e-05  8.85e-05 -1.01e-05 -8.37e-05 -1.05e-05 -0.000234 -8.44e-05 -0.000142  -1.6e-05  2.99e-07 -4.15e-05 -6.96e-06 -2.31e-08  -8.3e-05 -3.98e-05 -8.36e-06 -3.23e-05
-0.000411 -6.36e-05 -0.000314 -0.000304 -0.000223 -4.72e-05 -6.94e-17 -6.94e-17 -3.15e-05 -0.000129 -1.04e-16 -0.000117 -2.94e-05 -6.15e-06 -0.000181 -1.47e-05 -1.77e-05 -2.78e-05 -5.84e-05 -6.93e-05  -3.2e-05 -0.000963 -0.000467 -5.75e-05 -0.000962  -0.00015 -0.000102 -0.000117 -0.000187  1.34e-05 -0.000166 -5.35e-05 -4.02e-05 -6.73e-05 -0.000324 -0.000443 -3.12e-07   9.1e-07 -6.15e-06  0.000122 -1.11e-06         1 -0.000176 -1.97e-06 -0.000386  0.000386 -2.36e-05 -0.000903 -0.000568 -0.000137 -0.000608 -0.000287  0.000115 -5.18e-05 -0.000437 -0.000479 -0.000296 -0.000148  1.58e-05 -0.000557  0.000201  0.000184 -0.000196 -7.45e-05 -0.000253 -0.000114   0.00115  -0.00146   0.00045  0.000107 -2.77e-05  -7.6e-06 -2.09e-06  -3.5e-07 -2.81e-08  9.04e-05 -0.000652 -6.51e-05 -5.18e-05  -0.00179 -0.000742 -0.000582 -0.000194  -0.00203  1.88e-05 -0.000548 -3.91e-05 -0.000225  -0.00117  0.000161  -0.00331 -7.88e-05  -0.00262   0.00108  -0.00122  3.41e-05   -0.0127  -0.00167   -0.0044 -0.000655 -6.61e-05 -0.000989 -0.000197 -6.96e-06 -0.000938  -0.00166 -4.11e-05 -0.000493
   -0.062 -0.000583  -0.00241  -0.00136   -0.0043   -0.0016 -7.06e-17 -7.06e-17 -1.98e-05 -0.000256 -6.64e-17 -0.000544  -0.00135 -0.000205 -0.000951 -0.000165 -0.000213  -0.00115  -0.00252  -0.00173 -0.000177  -0.00277  -0.00336  -0.00124   -0.0345 -6.92e-05  -0.00136 -0.000515 -0.000359  -0.00273 -0.000106 -0.000429  -0.00081 -0.000528   -0.0211   -0.0062 -1.63e-06 -0.000139 -6.89e-05  -0.00554 -7.29e-06 -0.000176         1   -0.0285  -0.00804   -0.0791 -1.34e-05  -0.00627  -0.00928   -0.0195  -0.00774  -0.00099   0.00063  -0.00275   -0.0026  -0.00225   -0.0013  -0.00286  -0.00308  -0.00133  -0.00441  -0.00837  -0.00147  -0.00115   -0.0019 -0.000162   -0.0223   -0.0078  -0.00466 -0.000158 -1.72e-05 -2.97e-05 -7.38e-07 -5.66e-08  1.25e-08   -0.0124 -0.000856 -0.000734 -4.74e-06  -0.00725  5.59e-05  8.47e-05  5.94e-05   0.00065  -0.00214  -0.00147    -0.058 -0.000759  -0.00785   -0.0162   0.00558   -0.0116  -0.00301 -0.000496   -0.0176 -6.99e-05  -0.00241  -0.00877   -0.0126  -0.00136 -9.93e-06  -0.00497 -0.000792 -3.47e-05   -0.0113  -0.00476 -0.000941  -0.00874
   -0.144 -0.000942  -0.00599  -0.00272   -0.0114  -0.00475 -4.53e-16 -4.53e-16   8.3e-05 -0.000356  6.73e-17  -0.00112  -0.00249 -0.000507  -0.00203 -0.000418 -0.000543  -0.00285  -0.00627  -0.00492 -0.000336  -0.00465  -0.00828  -0.00362    -0.101   0.00105  -0.00297  -0.00104 -0.000471  -0.00725  0.000278 -0.000629   -0.0021  -0.00128   -0.0595   -0.0158 -5.33e-06 -0.000299  -0.00016   -0.0154 -1.73e-05 -1.97e-06   -0.0285         1   -0.0219    -0.232  2.83e-05   -0.0144   -0.0219   -0.0512   -0.0188    0.0046   0.00485  -0.00322  -0.00592  -0.00378  0.000176  -0.00854  -0.00784  -0.00126   -0.0106   -0.0234  -0.00401  -0.00298   -0.0055 -0.000227   -0.0456   -0.0182   -0.0131   0.00099  8.51e-05 -8.14e-05  1.98e-06  4.97e-07  1.27e-07   -0.0402 -0.000196  -0.00225  0.000155   -0.0176   0.00234   0.00174  0.000669   0.00649  -0.00642   -0.0023    -0.151  0.000431   -0.0185   -0.0359    0.0427   -0.0286   0.00277   0.00799   -0.0421   0.00147    0.0345   -0.0221   -0.0254  -0.00254  0.000117   -0.0124  -0.00185 -9.02e-05   -0.0316  -0.00883  -0.00236   -0.0223
  -0.0378  -0.00151  -0.00326  0.000691   0.00116  0.000208  4.28e-16  4.28e-16 -8.87e-05  8.21e-05 -2.07e-16  0.000326   0.00076  6.41e-05  0.000354  5.54e-05  6.95e-05  0.000442  0.000878  -0.00141 -0.000296  -0.00516  -0.00495  -0.00158   -0.0274 -0.000526  -0.00246  -0.00108 -0.000801  -0.00265 -0.000404 -0.000849  -0.00153  -0.00087  -0.00999  -0.00633 -2.15e-06  0.000199  0.000116  -0.00372  1.02e-05 -0.000386  -0.00804   -0.0219         1   -0.0531 -1.43e-05   -0.0146   -0.0179   -0.0347   -0.0154    -0.004   0.00277  -0.00267  -0.00431  -0.00476  -0.00235  -0.00319    -0.002  -0.00134  0.000223   -0.0145    0.0011  0.000498 -0.000835 -5.94e-05   0.00481   0.00726   0.00256  0.000143  4.61e-06 -1.17e-05 -5.51e-07 -6.18e-07 -4.05e-08  -0.00604  0.000531 -0.000533 -7.97e-05  -0.00401 -0.000957 -0.000946 -0.000218  -0.00205  -0.00049  -0.00137    -0.107   0.00231   -0.0155  -0.00576  -0.00637   0.00651    -0.011    0.0148  -0.00568  0.000544  -0.00534  -0.00364  -0.00991 -0.000784 -2.29e-05  -0.00222 -0.000322 -5.17e-05  -0.00211  -0.00342 -0.000846   0.00189
   -0.394  0.000563   -0.0301   -0.0157   -0.0517   -0.0185 -6.66e-16 -6.66e-16  0.000233  0.000553  -2.8e-15  -0.00614   -0.0181  -0.00248   -0.0107  -0.00179  -0.00227   -0.0143   -0.0307    -0.016  -0.00145   -0.0179    -0.027   -0.0108    -0.309 -0.000247   -0.0114  -0.00348  -0.00179   -0.0252 -0.000411  -0.00376  -0.00498  -0.00437    -0.184   -0.0481 -9.15e-06  -0.00133 -0.000862   -0.0508 -4.91e-05  0.000386   -0.0791    -0.232   -0.0531         1 -0.000113    -0.025   -0.0711    -0.132   -0.0457   0.00124   -0.0226   -0.0445   -0.0172  -0.00439   -0.0246   -0.0244   -0.0177   -0.0105   -0.0583   -0.0372   -0.0117   -0.0084   -0.0126 -0.000228    -0.387    -0.108   -0.0771  0.000526  -0.00124 -8.92e-05  2.22e-06  1.66e-06  2.12e-07   -0.0551 -0.000462  -0.00417  0.000256   -0.0123   0.00463   0.00398   0.00169    0.0187   -0.0076  -0.00141    -0.334   0.00437   -0.0127   0.00694    0.0337   -0.0111    0.0222   -0.0621   -0.0617   0.00332     0.065   -0.0208   -0.0163 -0.000219  0.000713   -0.0111  -0.00132 -9.21e-05   -0.0501   -0.0031  -0.00177   -0.0954
 -9.4e-06  4.71e-06 -6.85e-05 -5.55e-05 -6.89e-05 -1.71e-05 -2.81e-17 -2.81e-17 -4.83e-07  1.58e-06 -3.41e-17 -2.08e-05 -2.58e-05 -2.95e-06  -3.2e-05 -3.36e-06 -4.05e-06 -1.67e-05  -3.5e-05 -2.44e-05    -9e-06 -0.000111 -9.63e-05 -1.53e-05 -0.000236  -1.5e-05 -1.27e-05 -2.03e-05 -2.88e-05 -3.65e-06 -3.09e-05 -1.27e-05 -2.11e-06 -1.01e-05 -5.66e-05 -6.61e-05  6.24e-09  -5.8e-06  -2.7e-06  3.07e-05 -4.29e-07 -2.36e-05 -1.34e-05  2.83e-05 -1.43e-05 -0.000113         1 -1.19e-05   0.00012   0.00041  0.000139   2.5e-05  2.78e-05  1.52e-05 -4.02e-05 -2.16e-05 -6.46e-05  6.35e-06  6.38e-05 -7.02e-05 -6.62e-08  0.000172 -4.03e-05 -1.01e-05 -3.34e-05 -8.48e-06 -0.000141 -0.000361  5.27e-05  3.28e-05 -2.64e-06  2.44e-07 -1.85e-07  -3.5e-08 -2.89e-09   0.00011 -0.000118   7.3e-06 -7.29e-06 -0.000174 -8.74e-05 -5.35e-05 -1.69e-05 -0.000109  6.15e-06 -8.84e-05  0.000116 -1.81e-05  1.98e-05  8.94e-05 -0.000494 -5.79e-05 -0.000323  0.000117  8.11e-05  7.45e-06   -0.0019 -0.000208  -0.00065 -4.47e-05 -4.78e-06 -0.000108 -1.68e-05 -3.98e-07 -0.000118  -0.00022  -5.4e-06 -0.000143
   0.0483  -0.00337   -0.0047   0.00148   0.00529   0.00156  1.97e-15  1.97e-15 -0.000234  0.000275 -1.34e-16  0.000375   0.00267  0.000264  0.000817  0.000104  0.000137   0.00167   0.00347 -0.000319  -0.00038   -0.0076  -0.00429  -0.00227   -0.0152  -0.00249  -0.00451  -0.00184  -0.00177   -0.0023  -0.00125  -0.00145   -0.0023  -0.00111   0.00172  -0.00555  -3.2e-06  0.000617  0.000472  -0.00216  2.21e-05 -0.000903  -0.00627   -0.0144   -0.0146    -0.025 -1.19e-05         1   -0.0483   -0.0868   -0.0395   -0.0155  -0.00337   -0.0158   -0.0115   -0.0116   -0.0125  -0.00813  -0.00626  -0.00742    0.0032   -0.0222   0.00301     0.002 -0.000565 -0.000184    0.0277    0.0171   0.00907  0.000156 -5.48e-05  7.09e-06  2.58e-06 -3.27e-07 -6.95e-08  -0.00805  0.000611 -0.000515 -0.000177  -0.00488  -0.00238  -0.00246 -0.000589  -0.00533   0.00069  -0.00412   -0.0383   0.00526   -0.0327   0.00106   0.00541    0.0245   -0.0276    0.0324   -0.0153  0.000154   -0.0383  -0.00408   -0.0184  -0.00132  5.04e-05  -0.00241 -0.000368 -0.000101     0.001  -0.00682  -0.00071   0.00881
     0.12  -0.00409   -0.0132 -8.31e-05  0.000825 -2.26e-05  3.84e-15  3.84e-15 -6.13e-05   0.00096 -5.11e-16 -0.000643   0.00101  2.86e-05 -0.000421  -0.00013 -0.000146  0.000344  0.000699  0.000717 -0.000172  -0.00896  -0.00211   -0.0033   -0.0218  -0.00549  -0.00753  -0.00197  -0.00169  -0.00493  -0.00128   -0.0023   -0.0032 -0.000989 -0.000131  -0.00431 -2.33e-06   0.00151  0.000882  -0.00584  7.53e-05 -0.000568  -0.00928   -0.0219   -0.0179   -0.0711   0.00012   -0.0483         1    -0.168   -0.0753   -0.0317   -0.0265    -0.047   -0.0227    -0.019   -0.0349   -0.0161   -0.0142   -0.0212  -0.00658   -0.0265   0.00519   0.00138 -1.87e-05 -5.03e-05   -0.0515   0.00859  -0.00597  -0.00077 -0.000748  4.36e-05  6.04e-06  1.06e-06 -4.22e-08 -0.000501   0.00421 -0.000463  -8.3e-05    0.0113  -0.00161  -0.00253 -0.000536  -0.00517   0.00489  -0.00113    0.0874     0.012   -0.0366    0.0242  0.000434    0.0468   -0.0352   0.00878   -0.0242  0.000159    0.0101    0.0141    0.0102   0.00234  0.000128   0.00773   0.00141 -9.94e-05     0.016    0.0016   0.00157   0.00196
    0.221  -0.00792   -0.0157   0.00325   0.00699   0.00148  8.48e-15  8.48e-15 -0.000161   0.00189  1.92e-15  0.000234    0.0039   0.00029   0.00133 -1.27e-05 -1.26e-05   0.00201   0.00406   0.00131  -0.00026   -0.0104 -0.000867  -0.00534    -0.037  -0.00745   -0.0126  -0.00294  -0.00209  -0.00844 -0.000807  -0.00329  -0.00554   -0.0016  -0.00556  -0.00756 -5.56e-06   0.00218   0.00154   -0.0123  0.000101 -0.000137   -0.0195   -0.0512   -0.0347    -0.132   0.00041   -0.0868    -0.168         1    -0.133   -0.0503   -0.0355   -0.0708   -0.0372   -0.0334   -0.0499   -0.0291   -0.0263   -0.0262   -0.0075   -0.0635   0.00866   0.00285  0.000102  0.000308   -0.0382    0.0392  -0.00276   -0.0029 -0.000652  3.37e-05  2.37e-05  3.62e-06  9.07e-08   -0.0245    0.0105  -0.00196  0.000147    0.0126   0.00131  -0.00147  4.44e-05 -0.000236   0.00405  -0.00229    0.0872    0.0171   -0.0776    0.0215    0.0352    0.0802   -0.0391    0.0302   -0.0605  -0.00114    0.0745    0.0157    0.0162   0.00361  0.000573   0.00903    0.0018 -0.000192    0.0161   0.00374  0.000605    0.0118
    0.104   -0.0034  -0.00762  0.000695   0.00294  0.000711  3.81e-15  3.81e-15 -0.000141  0.000438  9.38e-16 -0.000175   0.00179  0.000134   0.00014 -2.25e-05  -2.6e-05  0.000947   0.00194  0.000854 -0.000132  -0.00714 -0.000635  -0.00209   -0.0128  -0.00361  -0.00555   -0.0014  -0.00124  -0.00328  -0.00055   -0.0014  -0.00235 -0.000717 -0.000716  -0.00312 -3.31e-06   0.00103  0.000672  -0.00427  4.53e-05 -0.000608  -0.00774   -0.0188   -0.0154   -0.0457  0.000139   -0.0395   -0.0753    -0.133         1    -0.022   -0.0158   -0.0305   -0.0179   -0.0166   -0.0225   -0.0131    -0.011   -0.0128  -0.00238   -0.0272   0.00326  0.000718 -0.000501 -0.000249   -0.0128    0.0144   -0.0002  -0.00121 -0.000417 -2.52e-05  2.02e-06  2.92e-07 -6.79e-08  -0.00862   0.00314  -0.00126 -9.72e-05   0.00113  -0.00193  -0.00276 -0.000724  -0.00851   0.00234  -0.00174    0.0483    0.0065   -0.0369     0.015  -0.00441    0.0392   -0.0213    0.0122   -0.0297 -0.000445   0.00388   0.00381  -0.00274 -0.000461 -5.39e-05   0.00209  0.000351 -9.88e-05   0.00661  -0.00225   0.00038   0.00497
   0.0147  -0.00264  -0.00348 -0.000823 -0.000241  0.000477  7.62e-16  7.62e-16 -0.000175 -0.000514 -1.06e-15 -0.000495  -0.00162 -8.44e-05 -0.000543 -7.62e-05 -8.41e-05 -0.000455 -0.000914  0.000629 -4.75e-05  -0.00383  -0.00106 -0.000658   0.00442  -0.00355  -0.00285 -0.000781 -0.000716  -0.00192  -0.00107   -0.0015  -0.00125 -0.000329   0.00202  -0.00274  1.78e-06  0.000449  0.000234  -0.00227  3.23e-05 -0.000287  -0.00099    0.0046    -0.004   0.00124   2.5e-05   -0.0155   -0.0317   -0.0503    -0.022         1   -0.0129   -0.0218  -0.00536  -0.00646    -0.015  -0.00174  -0.00767   -0.0111  -0.00487  -0.00583   0.00262  0.000488   0.00117 -3.11e-05   -0.0393  0.000431  -0.00301  -0.00277   -0.0003  5.73e-05  3.44e-06  7.56e-07 -2.33e-08   0.00661 -0.000575  0.000948 -6.43e-05   0.00429 -0.000792 -0.000548 -9.61e-05 -0.000193   0.00136   -0.0017   0.00623  0.000561   -0.0101   -0.0329   -0.0122   -0.0157   -0.0315   -0.0136   -0.0195  -0.00276    -0.023   0.00423    0.0031  0.000867  7.27e-05   0.00157  0.000167 -2.33e-05   0.00493  -0.00244  6.54e-05  -0.00173
  0.00421  0.000149  -0.00588  -0.00295  -0.00652  -0.00183     9e-16     9e-16  5.45e-05  0.000212 -8.09e-16   -0.0014  -0.00331 -0.000352  -0.00195 -0.000287 -0.000349  -0.00206  -0.00429  0.000703  0.000115  -0.00107   0.00182 -0.000194   0.00109  -0.00257   -0.0016  3.73e-05 -1.62e-05  -0.00148 -0.000374 -0.000696  2.05e-05  0.000163  -0.00174   0.00127  2.01e-06  0.000353   0.00012  -0.00227   2.6e-05  0.000115   0.00063   0.00485   0.00277   -0.0226  2.78e-05  -0.00337   -0.0265   -0.0355   -0.0158   -0.0129         1   -0.0241  -0.00551   -0.0027    -0.017  -0.00347  -0.00445   -0.0102   -0.0105   0.00664  0.000573 -0.000737  0.000743 -1.24e-05   -0.0883   -0.0184   -0.0154  -0.00133 -0.000654     4e-05 -3.54e-07  7.76e-07 -2.11e-08    0.0143  0.000646  0.000566 -7.79e-06     0.013 -0.000383 -0.000459 -0.000126  -0.00123   0.00377   0.00177     0.121   0.00241   0.00662    0.0208   -0.0166    0.0128  -0.00581   -0.0327  -0.00189 -0.000889   0.00423    0.0144     0.021   0.00238  3.79e-05   0.00795   0.00128  3.07e-05    0.0122   0.00596   0.00207   -0.0112
   0.0324  -0.00134   -0.0086  -0.00281  -0.00601  -0.00172  1.21e-15  1.21e-15  1.92e-05  0.000386 -1.49e-15  -0.00147  -0.00303 -0.000335  -0.00191 -0.000311 -0.000374  -0.00192  -0.00401  0.000353 -1.69e-05  -0.00335 -0.000219  -0.00139  -0.00924  -0.00393  -0.00357 -0.000709 -0.000667  -0.00293  -0.00105   -0.0015  -0.00103 -0.000264  -0.00353  -0.00157  1.76e-06  0.000621  0.000306  -0.00406  3.97e-05 -5.18e-05  -0.00275  -0.00322  -0.00267   -0.0445  1.52e-05   -0.0158    -0.047   -0.0708   -0.0305   -0.0218   -0.0241         1  -0.00977  -0.00652   -0.0243  -0.00639   -0.0082   -0.0154   -0.0113 -5.24e-05   0.00195 -8.11e-06  0.000619  6.41e-05   -0.0922   -0.0157   -0.0144  -0.00133 -0.000698  7.63e-05  4.22e-06  1.35e-06  4.05e-09    0.0115  0.000818  0.000838 -1.63e-05    0.0137 -0.000279 -0.000388  9.17e-06   0.00131   0.00392  0.000231     0.113   0.00517  -0.00295    0.0108  -0.00518    0.0115    -0.021   -0.0239  -0.00916  -0.00103  -0.00378    0.0142    0.0178   0.00308  0.000191   0.00775   0.00133 -1.28e-06    0.0122   0.00413   0.00188   -0.0107
   0.0163 -0.000709  -0.00346 -0.000803 -0.000683 -0.000249  9.94e-16  9.94e-16  2.82e-05  0.000351  1.26e-16 -0.000488 -1.97e-05 -3.37e-05 -0.000581 -8.93e-05 -0.000112 -0.000134 -0.000304  0.000154 -0.000137  -0.00301 -0.000558 -0.000686  -0.00587  -0.00121  -0.00174 -0.000535 -0.000599    -0.001  -0.00038 -0.000461 -0.000583 -0.000175  -0.00159 -0.000853 -5.63e-07  0.000212  0.000178 -0.000746  6.05e-06 -0.000437   -0.0026  -0.00592  -0.00431   -0.0172 -4.02e-05   -0.0115   -0.0227   -0.0372   -0.0179  -0.00536  -0.00551  -0.00977         1  -0.00614   -0.0087  -0.00462  -0.00258  -0.00518  -0.00142  -0.00568  -0.00011 -0.000525 -0.000837 -0.000182   -0.0098  -0.00231 -0.000372  2.95e-06 -0.000179 -1.22e-05 -1.87e-06 -2.34e-07 -5.31e-08  -0.00266 -0.000722 -0.000478  -0.00012   -0.0022  -0.00164  -0.00144 -0.000431  -0.00363  0.000693  -0.00155    0.0402    0.0013   -0.0106   0.00696   -0.0114    0.0116  -0.00707   0.00124   -0.0115 -0.000212   -0.0175  -0.00214   -0.0104 -0.000599 -0.000117 -0.000818 -6.64e-05  -3.2e-05  -0.00057  -0.00385  8.31e-05  -0.00177
  0.00372  -0.00112  -0.00163 -0.000274  0.000931  0.000421  1.15e-15  1.15e-15 -3.83e-05  6.07e-05  5.66e-16 -0.000229  0.000189  2.67e-05 -0.000223 -2.59e-05 -3.64e-05  0.000221  0.000443  0.000346 -0.000142  -0.00304 -0.000342 -0.000318 -0.000678  -0.00111  -0.00157 -0.000488 -0.000534 -0.000772 -0.000251 -0.000432 -0.000589 -0.000149 -0.000826  -0.00107 -5.06e-07  0.000116  0.000149 -0.000507  1.51e-06 -0.000479  -0.00225  -0.00378  -0.00476  -0.00439 -2.16e-05   -0.0116    -0.019   -0.0334   -0.0166  -0.00646   -0.0027  -0.00652  -0.00614         1  -0.00605  -0.00345  -0.00275  -0.00355 -7.87e-05  -0.00853 -0.000119 -0.000607 -0.000661 -0.000226   0.00285   0.00282   0.00252 -0.000879 -6.22e-05  -2.7e-05 -2.16e-06 -3.64e-07 -6.45e-08  -0.00498  -0.00109 -0.000596 -0.000132  -0.00556  -0.00179  -0.00152 -0.000484   -0.0045 -0.000236  -0.00212    0.0101 -0.000914   -0.0137  -0.00714   -0.0172   0.00393  -0.00829   0.00113   -0.0179  -0.00114   -0.0212  -0.00561   -0.0151  -0.00146 -0.000169  -0.00288 -0.000464  -3.8e-05  -0.00334  -0.00596 -0.000559  0.000473
   0.0237 -0.000899  -0.00748  -0.00223    -0.004   -0.0011  6.81e-16  6.81e-16  7.77e-05  0.000573 -1.38e-15  -0.00115  -0.00197 -0.000219  -0.00148 -0.000224 -0.000267  -0.00124  -0.00257   0.00029 -0.000111  -0.00365 -0.000954  -0.00113  -0.00563  -0.00303   -0.0028 -0.000734 -0.000761  -0.00199  -0.00103  -0.00121 -0.000829 -0.000216  0.000374 -0.000849  1.67e-06  0.000492  0.000253   -0.0016  2.93e-05 -0.000296   -0.0013  0.000176  -0.00235   -0.0246 -6.46e-05   -0.0125   -0.0349   -0.0499   -0.0225    -0.015    -0.017   -0.0243   -0.0087  -0.00605         1  -0.00489  -0.00471   -0.0124  -0.00704    0.0013    0.0013 -0.000171  0.000201  3.06e-06   -0.0618   -0.0127  -0.00834 -0.000385 -0.000537  6.05e-05  9.17e-07  5.26e-07 -3.66e-08    0.0107 -0.000453   0.00067 -0.000106   0.00908  -0.00132    -0.001 -0.000228 -0.000345   0.00334 -0.000502    0.0885   0.00431  -0.00263    0.0116   -0.0153    0.0112   -0.0186   -0.0145  -0.00394  -0.00049   -0.0176   0.00932   0.00607   0.00218  4.19e-05   0.00533  0.000994 -5.57e-06   0.00958  0.000818   0.00141  -0.00715
   0.0343 -0.000331  -0.00179 -0.000397 -0.000777 -0.000418  9.92e-16  9.92e-16 -1.15e-06   0.00032  4.27e-16 -0.000291  0.000156 -2.95e-05 -0.000327 -7.16e-05 -9.26e-05 -0.000132 -0.000324 -0.000119 -8.56e-05  -0.00119 -7.28e-06 -0.000617   -0.0083 -0.000427  -0.00116 -0.000308 -0.000336 -0.000778 -8.13e-05 -0.000158 -0.000321 -0.000169   -0.0039 -0.000815 -1.16e-06  6.67e-05  0.000113  -0.00143 -2.46e-06 -0.000148  -0.00286  -0.00854  -0.00319   -0.0244  6.35e-06  -0.00813   -0.0161   -0.0291   -0.0131  -0.00174  -0.00347  -0.00639  -0.00462  -0.00345  -0.00489         1    -0.002  -0.00188  -0.00133   -0.0054 -0.000336 -0.000119 -0.000739  -7.9e-05  -0.00617  -0.00101  -0.00113  0.000223 -7.69e-05 -1.46e-05   8.4e-07   1.7e-07 -3.73e-09   -0.0054    0.0003 -0.000562 -2.23e-05  -0.00154 -0.000369 -0.000544 -0.000127  -0.00122  0.000103 -0.000912    0.0338   0.00122  -0.00815    0.0124   0.00496    0.0144   0.00125   0.00407  -0.00747  0.000196  -0.00381  -0.00159  -0.00495  -0.00041  2.67e-05  -0.00053 -4.24e-05  -2.3e-05  -0.00155  -0.00116  5.08e-05  -0.00166
    0.014  -0.00102 -0.000521 -0.000616  -0.00148 -0.000525  2.72e-16  2.72e-16 -2.68e-05 -0.000502  4.07e-17 -0.000409 -0.000559 -8.63e-05 -0.000461 -0.000108 -0.000137 -0.000479  -0.00103  0.000238  0.000126  3.18e-05  0.000849  -0.00031  -0.00441    -0.001 -0.000674  2.63e-06  4.56e-06 -0.000813 -7.46e-05 -0.000219 -0.000408  7.27e-05  -0.00564  -0.00109 -1.77e-07  0.000164  9.18e-05  -0.00216  9.33e-06  1.58e-05  -0.00308  -0.00784    -0.002   -0.0177  6.38e-05  -0.00626   -0.0142   -0.0263    -0.011  -0.00767  -0.00445   -0.0082  -0.00258  -0.00275  -0.00471    -0.002         1  -0.00477  -0.00242  -0.00433  -6.3e-05 -0.000678 -0.000554 -0.000107  -0.00941  -0.00202  -0.00264 -0.000941 -3.54e-05 -4.88e-06  2.27e-06  7.43e-07  4.61e-08  -0.00844 -0.000162  -0.00013  6.45e-05  -0.00277  0.000731  0.000477  0.000164   0.00126  -0.00121 -0.000866    0.0264 -0.000579  -0.00611   -0.0256    0.0157   -0.0188  -0.00931  -0.00435   -0.0218  -0.00104   0.00562  -0.00391  -0.00263 -0.000461  2.25e-05  -0.00255 -0.000458 -2.33e-05  -0.00627   -0.0028 -0.000338  -0.00363
   0.0146 -0.000821  -0.00597   -0.0022  -0.00377  -0.00123  -1.1e-15  -1.1e-15  6.82e-05 -0.000504 -2.04e-15  -0.00108  -0.00104 -0.000165  -0.00143 -0.000205 -0.000239 -0.000932   -0.0019  0.000271  0.000115  -0.00358  -0.00145 -0.000888  -0.00625  -0.00246  -0.00124 -0.000435 -0.000611 -0.000956  -0.00109 -0.000749 -0.000762 -2.36e-05  0.000112  -0.00102  6.77e-07  0.000651  0.000182 -0.000266  3.88e-05 -0.000557  -0.00133  -0.00126  -0.00134   -0.0105 -7.02e-05  -0.00742   -0.0212   -0.0262   -0.0128   -0.0111   -0.0102   -0.0154  -0.00518  -0.00355   -0.0124  -0.00188  -0.00477         1  -0.00322   0.00521  0.000843 -0.000789 -0.000746 -0.000312   -0.0293   -0.0142  -0.00526  0.000679 -0.000421   3.2e-05 -5.44e-06 -3.61e-07 -4.66e-08   0.00542  -0.00187  0.000688 -0.000115   0.00206  -0.00176  -0.00131 -0.000415  -0.00346   0.00171 -0.000632    0.0627    0.0036  0.000714   -0.0166  -0.00143   -0.0205   -0.0283  -0.00667  -0.00957  0.000429   -0.0241   0.00192  -0.00236  0.000271  -0.00021  0.000327  4.29e-05 -2.26e-05   0.00169  -0.00385   0.00101  -0.00646
   0.0755  0.000541  -0.00309   -0.0031  -0.00802  -0.00235   3.1e-16   3.1e-16  3.37e-05 -4.05e-05 -1.99e-16  -0.00126  -0.00408 -0.000432    -0.002 -0.000297 -0.000375  -0.00253  -0.00536 -0.000764 -4.52e-05 -0.000619 -0.000165 -0.000162   -0.0168 -0.000882 -0.000811  0.000103   0.00018  -0.00223  5.95e-05 -0.000418  0.000176 -3.59e-05   -0.0164  -0.00238  1.35e-06 -0.000244 -0.000155  -0.00479 -5.37e-06  0.000201  -0.00441   -0.0106  0.000223   -0.0583 -6.62e-08    0.0032  -0.00658   -0.0075  -0.00238  -0.00487   -0.0105   -0.0113  -0.00142 -7.87e-05  -0.00704  -0.00133  -0.00242  -0.00322         1   0.00335  -0.00167  -0.00167 -0.000395  -2.7e-05   -0.0801   -0.0199   -0.0144  -0.00167 -0.000351  2.09e-06 -5.64e-07  5.48e-07  3.29e-09   0.00336 -0.000665 -2.41e-05  1.79e-05   0.00366  0.000305   0.00044  0.000124   0.00141  0.000461  0.000702     0.028  -0.00207   0.00668   0.00166   -0.0163  -0.00352   0.00449   -0.0319  -0.00906  -0.00139    0.0039   0.00313    0.0073  0.000716  3.94e-05   0.00186  0.000288  2.77e-05  -0.00066   0.00191  0.000507   -0.0151
    0.127  -0.00267     0.002   0.00368   0.00739   0.00222  2.99e-15  2.99e-15 -0.000171  0.000424  2.53e-15   0.00144   0.00265  0.000319   0.00216  0.000265  0.000312   0.00195   0.00399 -0.000411 -0.000268  -0.00184  -0.00131 -0.000953   -0.0135  0.000221  -0.00282 -0.000769 -0.000233  -0.00234  0.000716 -0.000494   -0.0016 -0.000686  -0.00723  -0.00469 -2.87e-06  4.19e-06  0.000249  -0.00438 -5.87e-06  0.000184  -0.00837   -0.0234   -0.0145   -0.0372  0.000172   -0.0222   -0.0265   -0.0635   -0.0272  -0.00583   0.00664 -5.24e-05  -0.00568  -0.00853    0.0013   -0.0054  -0.00433   0.00521   0.00335         1   0.00167   0.00102 -4.92e-06  0.000227    0.0422    0.0314   0.00959  -0.00214  0.000411 -4.74e-05  9.68e-06  7.74e-07  4.63e-08   -0.0208   0.00349  -0.00152   9.6e-05  -0.00744   0.00143  0.000503  0.000272   0.00186  -0.00278  -0.00171    -0.129 -0.000782   -0.0319   -0.0159   0.00438    0.0174   0.00424     0.022   -0.0239  -0.00153    0.0359  -0.00735  -0.00913  -0.00104  0.000193  -0.00374 -0.000546 -6.98e-05  -0.00616  -0.00232  -0.00227    0.0116
 0.000579  0.000445  0.000827  -0.00141  -0.00274 -0.000839 -9.37e-18 -9.37e-18 -5.74e-06 -0.000246  4.41e-16  -0.00058  -0.00108 -0.000136 -0.000876 -0.000127 -0.000166 -0.000785  -0.00169 -0.000231 -3.72e-05  5.35e-05   0.00052  0.000269   -0.0039  0.000315  0.000491  0.000154 -1.71e-05  8.99e-05  7.59e-05  0.000251  0.000439  0.000119  -0.00706 -0.000392 -2.34e-07  -0.00032 -0.000127  -0.00065 -2.06e-05 -0.000196  -0.00147  -0.00401    0.0011   -0.0117 -4.03e-05   0.00301   0.00519   0.00866   0.00326   0.00262  0.000573   0.00195  -0.00011 -0.000119    0.0013 -0.000336  -6.3e-05  0.000843  -0.00167   0.00167         1  -0.00124  -0.00112 -0.000233  -0.00676  -0.00854  -0.00172  -0.00027  2.12e-05 -3.52e-05 -3.03e-06 -2.44e-07 -1.87e-08  -0.00604    -0.002 -0.000488  -5.2e-05  -0.00685 -0.000687  -0.00038 -0.000173  -0.00173  -0.00143  -0.00138    0.0239   -0.0033  1.45e-05  -0.00537  -0.00297  -0.00745   0.00451  -0.00618   -0.0117 -0.000684   -0.0194  -0.00799   -0.0129  -0.00176 -0.000111   -0.0042 -0.000731 -4.06e-06  -0.00863  -0.00453  -0.00048  -0.00597
 -0.00359  0.000234 -2.25e-05 -0.000973  -0.00205 -0.000623 -8.84e-17 -8.84e-17  3.73e-05 -0.000216  2.17e-16 -0.000413  -0.00087 -0.000105 -0.000625 -9.06e-05 -0.000118 -0.000608  -0.00129   2.2e-05  3.53e-05  4.97e-05  0.000571  0.000236  -0.00207  9.28e-06  0.000292  0.000193  0.000133 -0.000129  0.000141  0.000135  0.000207   0.00017  -0.00467 -2.06e-06  2.06e-07 -9.98e-05 -5.97e-05 -0.000555 -5.19e-06 -7.45e-05  -0.00115  -0.00298  0.000498   -0.0084 -1.01e-05     0.002   0.00138   0.00285  0.000718  0.000488 -0.000737 -8.11e-06 -0.000525 -0.000607 -0.000171 -0.000119 -0.000678 -0.000789  -0.00167   0.00102  -0.00124         1 -0.000671 -0.000148  -0.00925  -0.00591  -0.00225 -0.000398 -3.36e-05 -2.31e-05 -2.54e-06 -1.34e-07 -1.15e-08  -0.00323   -0.0011 -0.000286 -2.14e-05  -0.00342 -0.000336 -0.000169 -0.000107  -0.00118  -0.00077 -0.000342    0.0155  -0.00199  0.000726  -0.00887  -0.00598  -0.00967   0.00116  -0.00812  -0.00982 -0.000564  -0.00341  -0.00401   -0.0058 -0.000843 -0.000123  -0.00218 -0.000376 -8.42e-07  -0.00487   -0.0026 -0.000209  -0.00428
  0.00611  5.23e-05 -0.000303  -0.00084  -0.00156  -0.00057 -2.09e-16 -2.09e-16  -9.1e-06 -0.000242 -2.54e-18 -0.000359 -0.000292 -6.39e-05 -0.000534 -7.78e-05 -9.96e-05 -0.000357 -0.000774 -0.000296 -2.69e-05 -0.000879 -0.000475 -0.000152  -0.00652  4.01e-05  4.65e-05    -7e-05 -0.000184 -0.000148  -0.00012  6.42e-05  1.19e-05 -3.42e-05  -0.00487 -0.000992  -6.9e-07 -7.61e-05 -3.93e-05 -0.000557 -6.95e-06 -0.000253   -0.0019   -0.0055 -0.000835   -0.0126 -3.34e-05 -0.000565 -1.87e-05  0.000102 -0.000501   0.00117  0.000743  0.000619 -0.000837 -0.000661  0.000201 -0.000739 -0.000554 -0.000746 -0.000395 -4.92e-06  -0.00112 -0.000671         1 -0.000207  0.000806  -0.00509 -0.000387  0.000288 -4.19e-06 -2.28e-05  -2.9e-06  -3.6e-07 -1.98e-08  -0.00477  -0.00131 -0.000328  -5.1e-05  -0.00511 -0.000736  -0.00054 -0.000193  -0.00202  -0.00086  -0.00109   0.00806  -0.00099  -0.00188  -0.00487   0.00161    -0.006  -0.00159  0.000946  -0.00773  4.87e-05   -0.0154  -0.00573   -0.0101  -0.00133 -0.000103  -0.00319 -0.000552 -1.45e-05  -0.00586  -0.00377 -0.000287  -0.00327
  0.00111  2.76e-06 -8.17e-05  -0.00026 -0.000327  -9.5e-05 -3.82e-17 -3.82e-17 -2.13e-05 -0.000136 -9.11e-18 -0.000103  -7.9e-05 -1.26e-05  -0.00016 -1.64e-05 -2.06e-05 -6.92e-05 -0.000147 -1.59e-05 -1.58e-06 -0.000489 -0.000111   1.7e-05 -0.000513 -6.42e-05   1.8e-05 -2.29e-05 -7.46e-05  3.67e-05 -5.89e-05  1.03e-05  1.75e-05 -1.34e-05 -0.000642 -0.000194 -2.48e-07 -4.46e-06 -1.09e-05  1.12e-06 -9.39e-07 -0.000114 -0.000162 -0.000227 -5.94e-05 -0.000228 -8.48e-06 -0.000184 -5.03e-05  0.000308 -0.000249 -3.11e-05 -1.24e-05  6.41e-05 -0.000182 -0.000226  3.06e-06  -7.9e-05 -0.000107 -0.000312  -2.7e-05  0.000227 -0.000233 -0.000148 -0.000207         1   3.9e-05  -0.00134 -7.13e-05  1.52e-05  -2.1e-05  -8.7e-06 -1.61e-06 -2.27e-07 -1.74e-08  -0.00036 -0.000411 -8.58e-05 -2.81e-05  -0.00138 -0.000444 -0.000366 -0.000129  -0.00151 -6.75e-05 -0.000277   0.00225 -0.000344 -0.000537 -0.000474  -0.00179 -0.000892  -0.00112 -0.000226  -0.00172 -1.08e-05  -0.00698  -0.00128  -0.00266 -0.000522 -5.35e-05 -0.000776 -0.000161 -4.04e-06    -0.001  -0.00108 -2.37e-05  -0.00066
    0.587   0.00532   -0.0321   -0.0228   -0.0582   -0.0166  1.19e-15  1.19e-15   0.00027  0.000694 -4.77e-15  -0.00899   -0.0304  -0.00311   -0.0147    -0.002  -0.00249   -0.0183   -0.0385  -0.00549 -0.000483    -0.011  -0.00598  -0.00155    -0.111  -0.00837  -0.00736 -2.21e-05  0.000652   -0.0166 -0.000776  -0.00424  0.000908 -0.000855   -0.0961   -0.0157  1.21e-05 -0.000899  -0.00102   -0.0308  2.53e-05   0.00115   -0.0223   -0.0456   0.00481    -0.387 -0.000141    0.0277   -0.0515   -0.0382   -0.0128   -0.0393   -0.0883   -0.0922   -0.0098   0.00285   -0.0618  -0.00617  -0.00941   -0.0293   -0.0801    0.0422  -0.00676  -0.00925  0.000806   3.9e-05         1    -0.151    -0.112   -0.0103  -0.00346  0.000125 -1.56e-05  1.63e-06 -2.07e-07    0.0793  -0.00225   0.00197 -0.000145    0.0571  -0.00176 -8.91e-05 -0.000112  0.000363     0.014    0.0111     0.174  -0.00414    0.0714    0.0954    -0.191    0.0337    0.0197    -0.246   0.00852  -0.00665    0.0153     0.061    0.0978    0.0104  0.000122    0.0343   0.00546  0.000279    0.0406    0.0307   0.00787    -0.104
   0.0848   0.00292  -0.00906   -0.0119   -0.0249  -0.00771 -3.06e-15 -3.06e-15  5.32e-05  -0.00164 -2.95e-15  -0.00483  -0.00956  -0.00118  -0.00742  -0.00101  -0.00126  -0.00688   -0.0145  -0.00234   -0.0001   -0.0063  -0.00312 -0.000437   -0.0444  -0.00197  0.000675 -2.46e-06 -0.000972  -0.00218  -0.00164 -0.000294   0.00137  5.78e-05   -0.0385  -0.00545  8.09e-07 -0.000641 -0.000598  -0.00551 -3.22e-05  -0.00146   -0.0078   -0.0182   0.00726    -0.108 -0.000361    0.0171   0.00859    0.0392    0.0144  0.000431   -0.0184   -0.0157  -0.00231   0.00282   -0.0127  -0.00101  -0.00202   -0.0142   -0.0199    0.0314  -0.00854  -0.00591  -0.00509  -0.00134    -0.151         1   -0.0296  0.000857  -0.00099 -5.83e-05  -2.6e-05 -2.29e-06 -1.99e-07   0.00556    -0.011 -0.000119 -0.000422   -0.0126  -0.00596  -0.00369  -0.00138    -0.013  4.68e-05  -0.00355     0.174  -0.00628    0.0253 -1.55e-05   -0.0325   -0.0404   -0.0128   -0.0576   -0.0246 -0.000382    -0.126   -0.0155   -0.0338  -0.00495 -0.000665   -0.0089  -0.00174   2.1e-05   -0.0201   -0.0146   0.00148   -0.0463
   0.0741   0.00154  -0.00508  -0.00417   -0.0117  -0.00371 -2.19e-16 -2.19e-16  0.000107 -0.000269 -6.82e-16  -0.00169  -0.00514 -0.000589  -0.00274 -0.000401 -0.000501  -0.00348  -0.00732 -0.000801   0.00018  0.000108  0.000584 -7.33e-05   -0.0222 -0.000856 -0.000249  0.000553  0.000654  -0.00253  0.000347 -0.000182  0.000467  0.000158   -0.0201  -0.00153  1.27e-06 -3.05e-05 -0.000198   -0.0059  1.15e-05   0.00045  -0.00466   -0.0131   0.00256   -0.0771  5.27e-05   0.00907  -0.00597  -0.00276   -0.0002  -0.00301   -0.0154   -0.0144 -0.000372   0.00252  -0.00834  -0.00113  -0.00264  -0.00526   -0.0144   0.00959  -0.00172  -0.00225 -0.000387 -7.13e-05    -0.112   -0.0296         1   -0.0012  -0.00062    -2e-06    -4e-06  4.48e-07     8e-09   0.00913  0.000599  5.42e-05  8.73e-05   0.00999  0.000808  0.000597   0.00013  1.99e-05    0.0019   0.00352     0.057 -0.000161    0.0168    0.0148    -0.015  -0.00255   0.00879   -0.0449  -0.00157  -0.00026    0.0291    0.0109     0.024   0.00166 -2.58e-05   0.00578  0.000869  5.25e-05   0.00454   0.00732   0.00174   -0.0203
   0.0165 -0.000228  0.000959 -0.000135  -0.00022   0.00013  5.51e-16  5.51e-16 -3.71e-05 -0.000106  5.45e-16 -4.88e-05 -0.000768 -4.29e-05 -8.69e-05 -1.11e-05 -1.89e-05 -0.000251 -0.000538  0.000212  -2.7e-06   0.00037  0.000857  0.000367   0.00355 -0.000192 -0.000125  0.000126  0.000176 -0.000257   0.00022 -5.76e-05  9.57e-05  7.88e-05  -0.00188 -3.98e-05  5.95e-07 -0.000135 -3.34e-05 -0.000814 -5.25e-06  0.000107 -0.000158   0.00099  0.000143  0.000526  3.28e-05  0.000156  -0.00077   -0.0029  -0.00121  -0.00277  -0.00133  -0.00133  2.95e-06 -0.000879 -0.000385  0.000223 -0.000941  0.000679  -0.00167  -0.00214  -0.00027 -0.000398  0.000288  1.52e-05   -0.0103  0.000857   -0.0012         1  1.08e-05 -8.82e-06  1.03e-06  2.72e-07   1.4e-09 -0.000862 -4.63e-05 -0.000117  1.45e-05 -0.000656  0.000226  0.000219  4.83e-05  0.000285 -0.000465 -0.000121  -0.00552   -0.0023  -0.00153  -0.00834  -0.00881  -0.00335   0.00214   -0.0091  -0.00779  -0.00132   0.00326 -0.000803  0.000289 -0.000189  3.88e-06 -0.000396 -0.000102  5.17e-06  -0.00121 -0.000312 -0.000331  -0.00114
 -0.00337  3.17e-05  -0.00035 -0.000153 -0.000306    -9e-05 -1.39e-17 -1.39e-17 -1.97e-06 -1.86e-05 -7.33e-17 -6.13e-05 -0.000122  -1.4e-05 -9.84e-05 -1.06e-05 -1.25e-05 -8.11e-05 -0.000167  -8.7e-06  1.33e-06 -0.000262 -9.03e-05 -1.96e-05 -0.000462 -9.55e-05 -5.97e-05 -1.52e-05 -2.35e-05 -6.75e-05 -3.37e-05 -3.05e-05 -8.84e-06 -1.17e-05 -0.000149 -5.66e-05 -7.82e-09  2.25e-05   6.4e-07 -6.99e-05  1.53e-06 -2.77e-05 -1.72e-05  8.51e-05  4.61e-06  -0.00124 -2.64e-06 -5.48e-05 -0.000748 -0.000652 -0.000417   -0.0003 -0.000654 -0.000698 -0.000179 -6.22e-05 -0.000537 -7.69e-05 -3.54e-05 -0.000421 -0.000351  0.000411  2.12e-05 -3.36e-05 -4.19e-06  -2.1e-05  -0.00346  -0.00099  -0.00062  1.08e-05         1 -2.15e-07 -6.37e-07 -7.81e-08 -7.89e-09   0.00094 -2.96e-05  1.19e-05 -9.91e-06  0.000395 -0.000165 -0.000144 -4.86e-05 -0.000558  0.000216  9.15e-05   0.00214  0.000157  0.000378   0.00155  -0.00182  0.000817 -0.000539  -0.00111  0.000541  5.14e-05  -0.00124  0.000572  0.000569   2.7e-09 -1.66e-05  0.000287   3.8e-05  6.84e-07  0.000634   0.00014  0.000106 -0.000463
 0.000387  4.88e-06  2.35e-05 -1.62e-05 -2.06e-05 -6.57e-06   8.2e-18   8.2e-18 -1.93e-06 -1.26e-05  1.89e-17 -6.13e-06 -3.67e-06 -7.94e-07 -1.04e-05 -9.94e-07 -1.42e-06 -4.14e-06 -9.35e-06  9.76e-07  5.48e-07 -2.53e-05  1.32e-05  9.13e-06 -3.17e-05  7.56e-06  8.85e-06  3.43e-06 -2.88e-07   5.6e-06  5.65e-06  7.81e-06  6.17e-06  1.34e-06 -0.000109 -7.24e-06 -3.36e-08 -3.13e-06 -1.71e-06 -9.23e-06 -2.63e-07  -7.6e-06 -2.97e-05 -8.14e-05 -1.17e-05 -8.92e-05  2.44e-07  7.09e-06  4.36e-05  3.37e-05 -2.52e-05  5.73e-05     4e-05  7.63e-05 -1.22e-05  -2.7e-05  6.05e-05 -1.46e-05 -4.88e-06   3.2e-05  2.09e-06 -4.74e-05 -3.52e-05 -2.31e-05 -2.28e-05  -8.7e-06  0.000125 -5.83e-05    -2e-06 -8.82e-06 -2.15e-07         1 -1.51e-07 -2.06e-08 -1.48e-09  -0.00013 -2.58e-05 -1.96e-05 -1.84e-06 -0.000175 -3.31e-05 -3.07e-05 -1.17e-05 -0.000154 -2.31e-05 -1.79e-05  4.92e-05 -6.61e-05 -9.47e-05 -2.37e-05 -0.000215 -1.84e-05  8.73e-05 -5.91e-05 -0.000262 -7.79e-06  -0.00036 -0.000162 -0.000261 -6.11e-05 -5.75e-06 -9.22e-05 -1.86e-05 -3.76e-07 -0.000146 -9.64e-05 -9.37e-06  -4.9e-05
-1.45e-05  1.06e-06 -4.24e-06 -4.59e-06 -6.04e-06 -1.69e-06  -1.4e-18  -1.4e-18    -3e-07 -2.22e-06 -9.31e-19 -1.65e-06 -1.55e-06 -2.15e-07 -2.81e-06 -2.17e-07 -2.64e-07  -1.2e-06 -2.46e-06 -4.15e-07 -1.85e-08 -1.07e-05 -3.64e-06  4.92e-07 -9.11e-06 -9.61e-07  5.57e-07 -3.75e-07 -1.18e-06  5.33e-07 -9.76e-07  1.31e-07  3.36e-07 -3.01e-07  -6.8e-06 -2.85e-06 -3.94e-09  1.83e-07 -2.33e-07   1.3e-06  5.06e-09 -2.09e-06 -7.38e-07  1.98e-06 -5.51e-07  2.22e-06 -1.85e-07  2.58e-06  6.04e-06  2.37e-05  2.02e-06  3.44e-06 -3.54e-07  4.22e-06 -1.87e-06 -2.16e-06  9.17e-07   8.4e-07  2.27e-06 -5.44e-06 -5.64e-07  9.68e-06 -3.03e-06 -2.54e-06  -2.9e-06 -1.61e-06 -1.56e-05  -2.6e-05    -4e-06  1.03e-06 -6.37e-07 -1.51e-07         1 -5.39e-09 -4.04e-10  9.91e-06 -6.38e-06 -1.22e-06 -5.89e-07 -1.67e-05 -9.31e-06 -7.71e-06 -2.74e-06 -3.19e-05  1.74e-06 -1.91e-06 -1.37e-06 -3.53e-06  2.45e-07  1.55e-05 -6.58e-05 -1.79e-06 -1.85e-05 -1.14e-05 -6.38e-06  1.33e-06 -0.000113  -1.2e-05 -3.34e-05 -8.13e-06 -1.18e-06 -7.98e-06 -1.92e-06 -4.28e-08 -4.96e-06  -1.4e-05  7.63e-07 -1.01e-05
 7.69e-06  8.71e-08 -6.42e-07 -4.53e-07 -3.08e-07 -6.13e-08 -1.94e-19 -1.94e-19 -5.94e-08  -2.8e-07 -1.69e-19 -1.34e-07  1.55e-08 -1.36e-09 -2.66e-07 -5.59e-09 -5.25e-09  2.51e-09  1.48e-08 -1.43e-07 -3.84e-08 -1.94e-06 -9.62e-07  -3.9e-09 -1.69e-06 -1.03e-07 -2.74e-08 -1.53e-07 -2.62e-07  7.24e-08 -2.01e-07 -2.78e-08 -2.72e-08 -1.23e-07 -2.41e-07 -6.87e-07 -7.39e-10  3.06e-08 -2.81e-08   3.4e-07  5.36e-10  -3.5e-07 -5.66e-08  4.97e-07 -6.18e-07  1.66e-06  -3.5e-08 -3.27e-07  1.06e-06  3.62e-06  2.92e-07  7.56e-07  7.76e-07  1.35e-06 -2.34e-07 -3.64e-07  5.26e-07   1.7e-07  7.43e-07 -3.61e-07  5.48e-07  7.74e-07 -2.44e-07 -1.34e-07  -3.6e-07 -2.27e-07  1.63e-06 -2.29e-06  4.48e-07  2.72e-07 -7.81e-08 -2.06e-08 -5.39e-09         1 -6.71e-11  2.03e-06 -8.82e-07 -1.68e-07 -1.01e-07 -2.48e-06 -1.53e-06 -1.27e-06 -4.39e-07 -4.99e-06  3.64e-07 -3.93e-07 -1.05e-05 -2.35e-07 -7.94e-07  4.38e-06 -1.07e-05  2.42e-06  -3.2e-06  1.04e-06  1.27e-06  3.35e-07 -1.93e-05 -1.63e-06 -5.53e-06 -1.23e-06 -1.69e-07 -1.09e-06 -2.67e-07 -8.58e-09 -4.74e-08 -2.07e-06   7.3e-08 -3.53e-07
-4.79e-07  2.64e-09 -5.95e-08 -4.42e-08  -3.1e-08 -2.28e-09  1.27e-22  1.27e-22 -5.25e-09 -1.78e-08 -8.01e-21 -1.47e-08 -1.45e-08 -1.03e-09 -2.62e-08 -1.06e-09 -1.22e-09 -5.05e-09 -9.88e-09 -5.19e-09 -4.57e-09 -1.62e-07 -6.36e-08  2.67e-09 -3.16e-08 -2.11e-08 -1.48e-08  -1.4e-08 -2.29e-08  6.97e-10 -1.76e-08 -7.29e-09 -1.27e-09 -9.71e-09   3.9e-09  -4.7e-08 -4.23e-11  9.63e-10 -1.76e-09  2.29e-08 -3.17e-11 -2.81e-08  1.25e-08  1.27e-07 -4.05e-08  2.12e-07 -2.89e-09 -6.95e-08 -4.22e-08  9.07e-08 -6.79e-08 -2.33e-08 -2.11e-08  4.05e-09 -5.31e-08 -6.45e-08 -3.66e-08 -3.73e-09  4.61e-08 -4.66e-08  3.29e-09  4.63e-08 -1.87e-08 -1.15e-08 -1.98e-08 -1.74e-08 -2.07e-07 -1.99e-07     8e-09   1.4e-09 -7.89e-09 -1.48e-09 -4.04e-10 -6.71e-11         1  2.22e-07  -7.4e-08 -1.23e-08  -8.7e-09 -1.64e-07 -1.29e-07 -1.06e-07 -3.62e-08    -4e-07  4.16e-08 -3.97e-08 -4.09e-07 -3.74e-08 -9.86e-08  4.38e-07  -1.1e-06  3.42e-07 -2.47e-07 -7.67e-08  4.42e-08  5.07e-09 -1.69e-06 -9.39e-08 -4.28e-07 -9.14e-08 -1.27e-08 -6.18e-08  -1.7e-08 -5.58e-10  4.44e-08  -1.6e-07  7.59e-09 -5.03e-08
    0.106  -0.00143   0.00871  0.000185 -0.000404 -0.000846  1.01e-15  1.01e-15  1.35e-05 -0.000891  3.38e-15 -0.000271   0.00138 -1.75e-05 -2.44e-05 -0.000182  -0.00027 -1.09e-05 -0.000289 -0.000453  9.18e-05   0.00546   0.00383 -0.000142   -0.0205   0.00221   0.00116  0.000553  0.000399  8.66e-05   0.00113   0.00126  0.000119  0.000467   -0.0272  -0.00267 -3.57e-06 -0.000837 -6.83e-05  -0.00441 -6.72e-05  9.04e-05   -0.0124   -0.0402  -0.00604   -0.0551   0.00011  -0.00805 -0.000501   -0.0245  -0.00862   0.00661    0.0143    0.0115  -0.00266  -0.00498    0.0107   -0.0054  -0.00844   0.00542   0.00336   -0.0208  -0.00604  -0.00323  -0.00477  -0.00036    0.0793   0.00556   0.00913 -0.000862   0.00094  -0.00013  9.91e-06  2.03e-06  2.22e-07         1  -0.00309  -0.00262  0.000237   -0.0349   0.00345    0.0028  0.000871   0.00864   -0.0114  -0.00687    0.0291     -0.01   -0.0277   -0.0815    0.0783   -0.0576    0.0124    0.0233   -0.0788  -0.00268   0.00705   -0.0432   -0.0546  -0.00611  9.31e-05   -0.0233  -0.00374 -0.000101   -0.0501   -0.0199  -0.00446  -0.00625
   0.0143 -2.53e-05 -0.000142  -0.00192  -0.00258 -0.000639 -5.55e-16 -5.55e-16 -6.66e-05 -0.000524 -3.25e-16 -0.000771  -0.00111 -0.000125  -0.00114 -0.000138 -0.000174 -0.000712  -0.00151 -0.000306 -0.000124  -0.00226  -0.00105  5.82e-05  -0.00301  -0.00041  0.000139 -0.000233 -0.000546  0.000173 -0.000574 -9.45e-05  0.000184 -5.27e-05  -0.00467  -0.00145 -1.15e-07 -0.000247 -0.000115  0.000279 -1.71e-05 -0.000652 -0.000856 -0.000196  0.000531 -0.000462 -0.000118  0.000611   0.00421    0.0105   0.00314 -0.000575  0.000646  0.000818 -0.000722  -0.00109 -0.000453    0.0003 -0.000162  -0.00187 -0.000665   0.00349    -0.002   -0.0011  -0.00131 -0.000411  -0.00225    -0.011  0.000599 -4.63e-05 -2.96e-05 -2.58e-05 -6.38e-06 -8.82e-07  -7.4e-08  -0.00309         1 -0.000166 -0.000176  -0.00943  -0.00229  -0.00146 -0.000516  -0.00458  -0.00116  -0.00287    0.0172  -0.00329  -0.00148   -0.0134   -0.0103   -0.0145  -0.00814  -0.00277   -0.0125 -0.000798   -0.0524   -0.0107   -0.0223  -0.00261  -0.00022  -0.00597  -0.00107 -1.79e-05  -0.00937  -0.00859 -0.000583  -0.00595
  0.00851  4.52e-05  0.000308 -0.000122  -0.00018 -8.06e-05  2.43e-16  2.43e-16 -1.73e-05 -7.32e-05  3.58e-16 -5.29e-05  1.15e-05 -6.85e-06 -8.86e-05 -1.14e-05 -1.76e-05 -3.08e-05 -8.09e-05 -2.05e-05 -7.07e-06 -0.000209  0.000214  6.54e-05  -0.00133  0.000155   2.1e-05  2.98e-05  2.38e-06 -1.94e-05  0.000118  0.000103  5.51e-05  4.77e-06  -0.00191  -0.00015 -4.98e-07 -5.56e-05 -1.37e-05 -0.000306 -4.76e-06 -6.51e-05 -0.000734  -0.00225 -0.000533  -0.00417   7.3e-06 -0.000515 -0.000463  -0.00196  -0.00126  0.000948  0.000566  0.000838 -0.000478 -0.000596   0.00067 -0.000562  -0.00013  0.000688 -2.41e-05  -0.00152 -0.000488 -0.000286 -0.000328 -8.58e-05   0.00197 -0.000119  5.42e-05 -0.000117  1.19e-05 -1.96e-05 -1.22e-06 -1.68e-07 -1.23e-08  -0.00262 -0.000166         1 -1.45e-05  -0.00229 -0.000275 -0.000291  -0.00011  -0.00149 -0.000386 -0.000263   0.00082 -0.000788  -0.00206  0.000893  -0.00172   0.00156    0.0024  -7.7e-05  -0.00385 -0.000105  -0.00216  -0.00221  -0.00346 -0.000709  -5.2e-05  -0.00117 -0.000219 -5.98e-06  -0.00212   -0.0011  -0.00017  -0.00053
 0.000583 -5.43e-06 -0.000102 -8.71e-05  -6.5e-05 -7.85e-06  -9.1e-18  -9.1e-18 -7.69e-06 -2.31e-05 -2.45e-17 -3.16e-05  -2.8e-05 -2.48e-06 -5.11e-05 -3.51e-06 -4.22e-06 -1.26e-05 -2.59e-05 -1.77e-05 -1.18e-05 -0.000274 -0.000131 -7.43e-06 -0.000151 -4.12e-05 -3.28e-05 -3.23e-05 -4.97e-05 -4.29e-07 -4.28e-05 -1.82e-05 -5.61e-06 -1.85e-05 -3.25e-05 -0.000104 -5.44e-08 -2.99e-06 -2.89e-06  4.56e-05 -4.03e-07 -5.18e-05 -4.74e-06  0.000155 -7.97e-05  0.000256 -7.29e-06 -0.000177  -8.3e-05  0.000147 -9.72e-05 -6.43e-05 -7.79e-06 -1.63e-05  -0.00012 -0.000132 -0.000106 -2.23e-05  6.45e-05 -0.000115  1.79e-05   9.6e-05  -5.2e-05 -2.14e-05  -5.1e-05 -2.81e-05 -0.000145 -0.000422  8.73e-05  1.45e-05 -9.91e-06 -1.84e-06 -5.89e-07 -1.01e-07  -8.7e-09  0.000237 -0.000176 -1.45e-05         1 -0.000385 -0.000217 -0.000167 -5.57e-05 -0.000565  3.82e-05 -0.000131 -0.000223 -7.65e-05 -0.000229  0.000414  -0.00156  0.000317 -0.000569  5.18e-05 -9.78e-05 -2.21e-06  -0.00347 -0.000333  -0.00108 -0.000156 -1.85e-05 -0.000191 -3.95e-05 -1.29e-06   -0.0001 -0.000394 -3.51e-06 -0.000138
    0.053 -0.000892   0.00511  -0.00318  -0.00283 -0.000798 -2.03e-16 -2.03e-16 -0.000334  -0.00209  1.63e-15  -0.00131 -0.000456 -0.000119  -0.00191 -0.000242 -0.000329 -0.000587  -0.00139 -0.000825 -0.000257  -0.00491  -0.00125  0.000375   -0.0132  0.000567  0.000889 -0.000387  -0.00121  0.000892 -0.000564   0.00057  0.000375 -0.000137   -0.0205  -0.00512 -4.22e-06 -0.000892 -0.000298 -0.000816    -7e-05  -0.00179  -0.00725   -0.0176  -0.00401   -0.0123 -0.000174  -0.00488    0.0113    0.0126   0.00113   0.00429     0.013    0.0137   -0.0022  -0.00556   0.00908  -0.00154  -0.00277   0.00206   0.00366  -0.00744  -0.00685  -0.00342  -0.00511  -0.00138    0.0571   -0.0126   0.00999 -0.000656  0.000395 -0.000175 -1.67e-05 -2.48e-06 -1.64e-07   -0.0349  -0.00943  -0.00229 -0.000385         1  -0.00538   -0.0039  -0.00142   -0.0154  -0.00765  -0.00953  -0.00335   -0.0128   -0.0231   -0.0567   -0.0021   -0.0445   -0.0105     0.013   -0.0617  -0.00259    -0.126   -0.0458   -0.0795    -0.011 -0.000684   -0.0255  -0.00455 -0.000107   -0.0426   -0.0296  -0.00362   -0.0101
-5.11e-05 -3.01e-05  -0.00143  -0.00124  -0.00095 -0.000147 -1.11e-16 -1.11e-16 -0.000121 -0.000442 -2.98e-16 -0.000453 -0.000312 -3.18e-05 -0.000735 -4.87e-05 -5.82e-05 -0.000158 -0.000322 -0.000158 -0.000123  -0.00389   -0.0016 -4.25e-05  -0.00153  -0.00058 -0.000368 -0.000393 -0.000654  8.45e-05  -0.00055  -0.00019 -4.96e-05 -0.000233 -0.000269  -0.00126 -1.04e-06  5.46e-06 -3.56e-05  0.000658 -3.16e-06 -0.000742  5.59e-05   0.00234 -0.000957   0.00463 -8.74e-05  -0.00238  -0.00161   0.00131  -0.00193 -0.000792 -0.000383 -0.000279  -0.00164  -0.00179  -0.00132 -0.000369  0.000731  -0.00176  0.000305   0.00143 -0.000687 -0.000336 -0.000736 -0.000444  -0.00176  -0.00596  0.000808  0.000226 -0.000165 -3.31e-05 -9.31e-06 -1.53e-06 -1.29e-07   0.00345  -0.00229 -0.000275 -0.000217  -0.00538         1  -0.00252 -0.000851  -0.00909  0.000658  -0.00158  3.41e-05 -0.000964  -0.00314   0.00712   -0.0216   0.00497  -0.00786  0.000335  -0.00155  0.000102   -0.0471  -0.00427    -0.014   -0.0024 -0.000294  -0.00257 -0.000571  -1.9e-05  -0.00103  -0.00525  6.25e-05  -0.00183
 -0.00236 -2.87e-05  -0.00116 -0.000839 -0.000488 -6.32e-05  2.67e-17  2.67e-17 -0.000108 -0.000378 -1.52e-16 -0.000306 -5.26e-05 -8.33e-06 -0.000504 -2.63e-05 -3.07e-05 -2.55e-05 -4.39e-05  -6.4e-05 -7.62e-05  -0.00314  -0.00113 -3.27e-05 -0.000927 -0.000446 -0.000318 -0.000295 -0.000499  9.66e-05 -0.000385 -0.000116 -5.77e-05  -0.00019  0.000229 -0.000867 -1.11e-06  4.98e-05 -1.18e-05  0.000501 -3.88e-07 -0.000582  8.47e-05   0.00174 -0.000946   0.00398 -5.35e-05  -0.00246  -0.00253  -0.00147  -0.00276 -0.000548 -0.000459 -0.000388  -0.00144  -0.00152    -0.001 -0.000544  0.000477  -0.00131   0.00044  0.000503  -0.00038 -0.000169  -0.00054 -0.000366 -8.91e-05  -0.00369  0.000597  0.000219 -0.000144 -3.07e-05 -7.71e-06 -1.27e-06 -1.06e-07    0.0028  -0.00146 -0.000291 -0.000167   -0.0039  -0.00252         1 -0.000712  -0.00794  0.000688  -0.00101  0.000495 -0.000432  -0.00308   0.00848   -0.0164   0.00666  -0.00564   0.00108 -0.000585  0.000239   -0.0346  -0.00264  -0.00963  -0.00195 -0.000242  -0.00167 -0.000411 -1.65e-05  8.63e-06  -0.00359   0.00014 -0.000786
 -0.00153  1.13e-05 -0.000336 -0.000304  -0.00021 -3.33e-05  6.58e-19  6.58e-19 -3.48e-05 -0.000144  -3.2e-17 -0.000111 -4.19e-05 -5.27e-06 -0.000183 -1.04e-05 -1.24e-05 -2.34e-05 -4.55e-05 -3.84e-06 -1.94e-05  -0.00101 -0.000311  2.07e-05 -8.21e-05 -0.000135 -6.42e-05 -7.76e-05 -0.000149  5.51e-05 -0.000111 -2.16e-05  7.17e-07 -4.85e-05  1.48e-05 -0.000233 -3.59e-07  1.34e-05 -7.55e-06  0.000185 -2.32e-07 -0.000194  5.94e-05  0.000669 -0.000218   0.00169 -1.69e-05 -0.000589 -0.000536  4.44e-05 -0.000724 -9.61e-05 -0.000126  9.17e-06 -0.000431 -0.000484 -0.000228 -0.000127  0.000164 -0.000415  0.000124  0.000272 -0.000173 -0.000107 -0.000193 -0.000129 -0.000112  -0.00138   0.00013  4.83e-05 -4.86e-05 -1.17e-05 -2.74e-06 -4.39e-07 -3.62e-08  0.000871 -0.000516  -0.00011 -5.57e-05  -0.00142 -0.000851 -0.000712         1  -0.00276  0.000201 -0.000313  0.000648 -0.000256  -0.00089   0.00241  -0.00588   0.00173  -0.00173  -7.4e-05 -0.000517  5.54e-05   -0.0113 -0.000999  -0.00329 -0.000694  -8.9e-05 -0.000629 -0.000152 -5.16e-06 -0.000144  -0.00126  4.21e-05 -0.000359
  -0.0138  0.000255  -0.00281  -0.00306  -0.00212 -0.000386  1.96e-16  1.96e-16 -0.000441  -0.00198  5.05e-17  -0.00109  -0.00021 -3.98e-05  -0.00186 -8.87e-05 -0.000106 -0.000157 -0.000289  0.000154 -7.12e-05   -0.0106  -0.00249  0.000504  0.000336  -0.00122 -0.000308 -0.000577  -0.00135  0.000798 -0.000871  3.14e-05  0.000131 -0.000456 -0.000566  -0.00214 -4.88e-06  0.000227 -9.33e-05   0.00155  2.41e-06  -0.00203   0.00065   0.00649  -0.00205    0.0187 -0.000109  -0.00533  -0.00517 -0.000236  -0.00851 -0.000193  -0.00123   0.00131  -0.00363   -0.0045 -0.000345  -0.00122   0.00126  -0.00346   0.00141   0.00186  -0.00173  -0.00118  -0.00202  -0.00151  0.000363    -0.013  1.99e-05  0.000285 -0.000558 -0.000154 -3.19e-05 -4.99e-06    -4e-07   0.00864  -0.00458  -0.00149 -0.000565   -0.0154  -0.00909  -0.00794  -0.00276         1   0.00221  -0.00233   0.00185  -0.00298  -0.00963    0.0288    -0.061    0.0203   -0.0154  -0.00253  -0.00649  0.000841    -0.111  -0.00956   -0.0301  -0.00816  -0.00103  -0.00648  -0.00172  -5.6e-05 -0.000836    -0.012  0.000642  -0.00312
   0.0203 -0.000239   0.00231 -0.000117 -0.000337 -0.000147 -4.48e-17 -4.48e-17 -7.96e-06 -0.000283  5.86e-16 -7.25e-05 -0.000114 -2.54e-05  -7.2e-05 -3.79e-05 -5.63e-05 -0.000139 -0.000342 -0.000175   1.1e-06    0.0012  0.000562  0.000141  -0.00303  0.000507   0.00047  0.000148  0.000115  7.91e-05    0.0002  0.000236  0.000124  0.000109  -0.00594  -0.00077 -2.48e-07 -0.000268 -7.14e-05 -0.000806 -1.72e-05  1.88e-05  -0.00214  -0.00642  -0.00049   -0.0076  6.15e-06   0.00069   0.00489   0.00405   0.00234   0.00136   0.00377   0.00392  0.000693 -0.000236   0.00334  0.000103  -0.00121   0.00171  0.000461  -0.00278  -0.00143  -0.00077  -0.00086 -6.75e-05     0.014  4.68e-05    0.0019 -0.000465  0.000216 -2.31e-05  1.74e-06  3.64e-07  4.16e-08   -0.0114  -0.00116 -0.000386  3.82e-05  -0.00765  0.000658  0.000688  0.000201   0.00221         1  -0.00155  -0.00633   -0.0031  -0.00368   -0.0224    0.0119   -0.0173   0.00192   0.00183    -0.016  -0.00092   -0.0032  -0.00962   -0.0123  -0.00133  1.17e-05  -0.00524 -0.000857 -1.44e-05    -0.011  -0.00463  -0.00107  -0.00197
   0.0107 -0.000571  0.000599 -0.000921 -0.000501 -4.13e-05  5.26e-17  5.26e-17 -0.000105 -0.000277  5.44e-17 -0.000404 -0.000239 -2.89e-05  -0.00053 -7.12e-05 -9.29e-05 -0.000138  -0.00033 -0.000321 -0.000184  -0.00191  -0.00105 -0.000223  -0.00318 -0.000351  -0.00039 -0.000422 -0.000658  3.92e-05 -0.000549 -0.000187 -8.38e-05 -0.000197  -0.00348  -0.00185 -6.06e-07 -0.000253 -3.98e-05 -5.11e-05 -2.02e-05 -0.000548  -0.00147   -0.0023  -0.00137  -0.00141 -8.84e-05  -0.00412  -0.00113  -0.00229  -0.00174   -0.0017   0.00177  0.000231  -0.00155  -0.00212 -0.000502 -0.000912 -0.000866 -0.000632  0.000702  -0.00171  -0.00138 -0.000342  -0.00109 -0.000277    0.0111  -0.00355   0.00352 -0.000121  9.15e-05 -1.79e-05 -1.91e-06 -3.93e-07 -3.97e-08  -0.00687  -0.00287 -0.000263 -0.000131  -0.00953  -0.00158  -0.00101 -0.000313  -0.00233  -0.00155         1   0.00686  -0.00261  -0.00731   -0.0121  0.000381  -0.00742  -0.00705   0.00607   -0.0136 -0.000881   -0.0467   -0.0111   -0.0225  -0.00232 -7.02e-05  -0.00602  -0.00103 -2.95e-05  -0.00953  -0.00806 -0.000916  -0.00244
    0.491    -0.012  0.000125    0.0253    0.0417    0.0144 -5.71e-15 -5.71e-15   -0.0017  -0.00185 -4.04e-15    0.0141   0.00972   0.00191    0.0162    0.0029   0.00364    0.0112    0.0235   -0.0198  -0.00318   -0.0426   -0.0677  -0.00917    -0.232   0.00763   -0.0128  -0.00873   -0.0031   -0.0236  -0.00025  -0.00772   -0.0139   -0.0103   -0.0722   -0.0742 -1.27e-05 -0.000177 -0.000942   -0.0319  9.52e-05 -3.91e-05    -0.058    -0.151    -0.107    -0.334  0.000116   -0.0383    0.0874    0.0872    0.0483   0.00623     0.121     0.113    0.0402    0.0101    0.0885    0.0338    0.0264    0.0627     0.028    -0.129    0.0239    0.0155   0.00806   0.00225     0.174     0.174     0.057  -0.00552   0.00214  4.92e-05 -1.37e-06 -1.05e-05 -4.09e-07    0.0291    0.0172   0.00082 -0.000223  -0.00335  3.41e-05  0.000495  0.000648   0.00185  -0.00633   0.00686         1   0.00732   -0.0667    -0.151    -0.209   -0.0101   -0.0637     0.137     0.144   0.00471     0.136    0.0115    0.0241  0.000911  0.000343 -0.000633 -0.000432 -0.000167    0.0336    0.0122    -0.013    0.0807
  0.00114  0.000132   0.00405  -0.00154   -0.0022 -0.000306  5.62e-16  5.62e-16  -0.00011 -0.000693  1.45e-15 -0.000584  -0.00189 -0.000155 -0.000912 -0.000116 -0.000163   -0.0009  -0.00195  0.000152 -5.52e-05  0.000636    0.0019   0.00115   0.00574  0.000399  0.000925  0.000399  0.000182  0.000449  0.000373   0.00037  0.000807  0.000293  -0.00877 -0.000266  3.92e-07 -0.000674  -0.00024 -0.000785 -3.91e-05 -0.000225 -0.000759  0.000431   0.00231   0.00437 -1.81e-05   0.00526     0.012    0.0171    0.0065  0.000561   0.00241   0.00517    0.0013 -0.000914   0.00431   0.00122 -0.000579    0.0036  -0.00207 -0.000782   -0.0033  -0.00199  -0.00099 -0.000344  -0.00414  -0.00628 -0.000161   -0.0023  0.000157 -6.61e-05 -3.53e-06 -2.35e-07 -3.74e-08     -0.01  -0.00329 -0.000788 -7.65e-05   -0.0128 -0.000964 -0.000432 -0.000256  -0.00298   -0.0031  -0.00261   0.00732         1  -0.00314   -0.0258   -0.0168   -0.0193   0.00726    -0.016   -0.0267  -0.00295   -0.0312   -0.0146   -0.0218  -0.00337  -0.00019  -0.00786  -0.00144 -2.94e-06   -0.0149  -0.00833  -0.00148  -0.00663
   0.0404  -0.00363    0.0017   0.00199   0.00765   0.00245  3.21e-15  3.21e-15 -0.000398 -0.000313   2.4e-15  0.000624    0.0033  0.000355   0.00117  0.000159  0.000181   0.00224   0.00456  -0.00011 -0.000465   -0.0067  -0.00226  -0.00121  -0.00884  -0.00105  -0.00351  -0.00153  -0.00163  -0.00126 -0.000505 -0.000712  -0.00171 -0.000929  -0.00447  -0.00576 -4.93e-06 -5.22e-05  0.000312  -0.00218 -2.44e-05  -0.00117  -0.00785   -0.0185   -0.0155   -0.0127  1.98e-05   -0.0327   -0.0366   -0.0776   -0.0369   -0.0101   0.00662  -0.00295   -0.0106   -0.0137  -0.00263  -0.00815  -0.00611  0.000714   0.00668   -0.0319  1.45e-05  0.000726  -0.00188 -0.000537    0.0714    0.0253    0.0168  -0.00153  0.000378 -9.47e-05  2.45e-07 -7.94e-07 -9.86e-08   -0.0277  -0.00148  -0.00206 -0.000229   -0.0231  -0.00314  -0.00308  -0.00089  -0.00963  -0.00368  -0.00731   -0.0667  -0.00314         1    -0.021  0.000755    0.0158   -0.0144     0.037   -0.0438  -0.00209   -0.0607   -0.0237   -0.0475  -0.00592  -0.00014   -0.0129  -0.00224 -0.000133   -0.0174   -0.0165  -0.00297    0.0104
   0.0745  -0.00716    0.0144  -0.00133  -0.00212 -2.74e-05 -5.76e-15 -5.76e-15  0.000176   -0.0053 -6.34e-16 -0.000907  -0.00344 -0.000302 -0.000796 -0.000343  -0.00046   -0.0017  -0.00366  0.000944  0.000801   0.00792   0.00254   0.00132 -0.000601  -0.00205   0.00322   0.00134   0.00154  -0.00119 -2.11e-06 -0.000281  -0.00157   0.00177   -0.0366  -0.00837  7.31e-06 -0.000485 -0.000248  -0.00559 -1.37e-06  0.000161   -0.0162   -0.0359  -0.00576   0.00694  8.94e-05   0.00106    0.0242    0.0215     0.015   -0.0329    0.0208    0.0108   0.00696  -0.00714    0.0116    0.0124   -0.0256   -0.0166   0.00166   -0.0159  -0.00537  -0.00887  -0.00487 -0.000474    0.0954 -1.55e-05    0.0148  -0.00834   0.00155 -2.37e-05  1.55e-05  4.38e-06  4.38e-07   -0.0815   -0.0134  0.000893  0.000414   -0.0567   0.00712   0.00848   0.00241    0.0288   -0.0224   -0.0121    -0.151   -0.0258    -0.021         1    0.0826    -0.319   -0.0842   -0.0241    -0.184   -0.0128   0.00537   -0.0772   -0.0896   -0.0069 -0.000324   -0.0459  -0.00751 -0.000136   -0.0934   -0.0493  -0.00968   -0.0172
  -0.0398   0.00199   -0.0136  -0.00805  -0.00777  0.000771  3.36e-15  3.36e-15 -0.000376 -0.000194   1.2e-15  -0.00226   -0.0103 -0.000578   -0.0048 -9.36e-05 -0.000123  -0.00326  -0.00663  0.000148  -0.00127   -0.0271  -0.00892    0.0034    0.0193  -0.00427  -0.00438  -0.00158  -0.00181    -0.004 -0.000692  -0.00244  0.000454 -0.000974  -0.00118  -0.00488  4.59e-06 -0.000604 -0.000588   0.00147 -6.45e-06  -0.00331   0.00558    0.0427  -0.00637    0.0337 -0.000494   0.00541  0.000434    0.0352  -0.00441   -0.0122   -0.0166  -0.00518   -0.0114   -0.0172   -0.0153   0.00496    0.0157  -0.00143   -0.0163   0.00438  -0.00297  -0.00598   0.00161  -0.00179    -0.191   -0.0325    -0.015  -0.00881  -0.00182 -0.000215 -6.58e-05 -1.07e-05  -1.1e-06    0.0783   -0.0103  -0.00172  -0.00156   -0.0021   -0.0216   -0.0164  -0.00588    -0.061    0.0119  0.000381    -0.209   -0.0168  0.000755    0.0826         1    0.0856  -0.00456    -0.117    0.0194  -0.00688     -0.19    0.0125   -0.0332  -0.00787  -0.00237   0.00779  0.000585  6.98e-05    0.0374   -0.0127   0.00141   -0.0149
   0.0779  -0.00279   0.00834   -0.0058   -0.0132  -0.00409 -8.83e-15 -8.83e-15  0.000386  -0.00547 -3.37e-15  -0.00262  -0.00564 -0.000707  -0.00356 -0.000685 -0.000864  -0.00415  -0.00873  0.000196   0.00111   0.00802   0.00223   0.00138   -0.0124  -0.00119   0.00598   0.00208   0.00173  0.000352 -0.000436  0.000646  7.25e-05   0.00211   -0.0377  -0.00477  6.62e-06 -0.000243 -0.000514  -0.00325  1.35e-05 -7.88e-05   -0.0116   -0.0286   0.00651   -0.0111 -5.79e-05    0.0245    0.0468    0.0802    0.0392   -0.0157    0.0128    0.0115    0.0116   0.00393    0.0112    0.0144   -0.0188   -0.0205  -0.00352    0.0174  -0.00745  -0.00967    -0.006 -0.000892    0.0337   -0.0404  -0.00255  -0.00335  0.000817 -1.84e-05 -1.79e-06  2.42e-06  3.42e-07   -0.0576   -0.0145   0.00156  0.000317   -0.0445   0.00497   0.00666   0.00173    0.0203   -0.0173  -0.00742   -0.0101   -0.0193    0.0158    -0.319    0.0856         1   -0.0734   -0.0392    -0.137  -0.00726   -0.0116   -0.0618   -0.0675  -0.00598 -0.000617   -0.0378   -0.0063 -6.48e-05   -0.0801   -0.0401  -0.00575   -0.0324
  -0.0314  -0.00473   -0.0109  -0.00268 -4.71e-05  0.000315 -4.42e-15 -4.42e-15 -0.000338  -0.00264 -6.42e-15  -0.00119  0.000705  5.51e-05  -0.00156 -0.000121 -9.71e-05  0.000431   0.00109 -0.000645  -0.00014   -0.0158   -0.0115  -0.00295   -0.0162  -0.00621  -0.00369  -0.00263  -0.00321  -0.00171  -0.00433  -0.00274  -0.00327  -0.00127   0.00862  -0.00986 -8.15e-07   0.00153  0.000388   0.00176  8.85e-05  -0.00262  -0.00301   0.00277    -0.011    0.0222 -0.000323   -0.0276   -0.0352   -0.0391   -0.0213   -0.0315  -0.00581    -0.021  -0.00707  -0.00829   -0.0186   0.00125  -0.00931   -0.0283   0.00449   0.00424   0.00451   0.00116  -0.00159  -0.00112    0.0197   -0.0128   0.00879   0.00214 -0.000539  8.73e-05 -1.85e-05  -3.2e-06 -2.47e-07    0.0124  -0.00814    0.0024 -0.000569   -0.0105  -0.00786  -0.00564  -0.00173   -0.0154   0.00192  -0.00705   -0.0637   0.00726   -0.0144   -0.0842  -0.00456   -0.0734         1     0.028   -0.0183  0.000993    -0.153   -0.0109   -0.0398  -0.00364 -0.000635  -0.00927  -0.00183 -0.000128  -0.00308   -0.0224  5.55e-05   -0.0003
   0.0969    0.0032  -0.00311  -0.00927   -0.0223   -0.0056  1.18e-15  1.18e-15  0.000249 -0.000931  1.36e-15  -0.00367   -0.0139   -0.0013  -0.00591 -0.000789  -0.00101  -0.00767   -0.0161   0.00119  0.000424   0.00356   0.00815   0.00362    0.0088  -0.00218   0.00132   0.00243   0.00257  -0.00317    0.0019  9.33e-06   0.00263   0.00162   -0.0318   0.00335  8.85e-06 -0.000872 -0.000657  -0.00821 -1.01e-05   0.00108 -0.000496   0.00799    0.0148   -0.0621  0.000117    0.0324   0.00878    0.0302    0.0122   -0.0136   -0.0327   -0.0239   0.00124   0.00113   -0.0145   0.00407  -0.00435  -0.00667   -0.0319     0.022  -0.00618  -0.00812  0.000946 -0.000226    -0.246   -0.0576   -0.0449   -0.0091  -0.00111 -5.91e-05 -1.14e-05  1.04e-06 -7.67e-08    0.0233  -0.00277  -7.7e-05  5.18e-05     0.013  0.000335   0.00108  -7.4e-05  -0.00253   0.00183   0.00607     0.137    -0.016     0.037   -0.0241    -0.117   -0.0392     0.028         1   -0.0388  -0.00808    0.0473    0.0136    0.0351   0.00167 -0.000489   0.00783   0.00102  0.000162    0.0029   0.00739   0.00177   -0.0428
 -0.00727  -0.00358   0.00871  -0.00661   -0.0105  -0.00293  2.17e-15  2.17e-15 -0.000205  -0.00361  4.68e-15  -0.00332  -0.00519 -0.000644  -0.00433 -0.000766  -0.00102  -0.00357  -0.00781   0.00126  0.000243  0.000604   0.00789   0.00152  -0.00993  -0.00189  0.000239  0.000905  0.000118  -0.00129  0.000723  0.000666  0.000411   0.00124   -0.0485  -0.00477 -1.34e-06  -0.00119 -0.000212  -0.00846 -8.37e-05  -0.00122   -0.0176   -0.0421  -0.00568   -0.0617  8.11e-05   -0.0153   -0.0242   -0.0605   -0.0297   -0.0195  -0.00189  -0.00916   -0.0115   -0.0179  -0.00394  -0.00747   -0.0218  -0.00957  -0.00906   -0.0239   -0.0117  -0.00982  -0.00773  -0.00172   0.00852   -0.0246  -0.00157  -0.00779  0.000541 -0.000262 -6.38e-06  1.27e-06  4.42e-08   -0.0788   -0.0125  -0.00385 -9.78e-05   -0.0617  -0.00155 -0.000585 -0.000517  -0.00649    -0.016   -0.0136     0.144   -0.0267   -0.0438    -0.184    0.0194    -0.137   -0.0183   -0.0388         1    -0.011   -0.0845   -0.0733    -0.105   -0.0139  -0.00078   -0.0408  -0.00707 -0.000157   -0.0815   -0.0457  -0.00662   -0.0311
 -0.00569 -0.000274   0.00126 -0.000346 -0.000369  0.000103  4.66e-16  4.66e-16 -2.82e-05 -9.89e-05  5.28e-16 -0.000156 -0.000828 -5.21e-05 -0.000205  -3.3e-05 -4.73e-05 -0.000301 -0.000651  0.000229 -2.89e-05  0.000493   0.00094  0.000379   0.00437 -0.000215 -4.56e-05  9.99e-05  9.21e-05 -8.61e-05  0.000117 -4.85e-05  0.000155  0.000115  -0.00196  2.87e-05  7.82e-07 -0.000205 -4.25e-05 -0.000494 -1.05e-05  3.41e-05 -6.99e-05   0.00147  0.000544   0.00332  7.45e-06  0.000154  0.000159  -0.00114 -0.000445  -0.00276 -0.000889  -0.00103 -0.000212  -0.00114  -0.00049  0.000196  -0.00104  0.000429  -0.00139  -0.00153 -0.000684 -0.000564  4.87e-05 -1.08e-05  -0.00665 -0.000382  -0.00026  -0.00132  5.14e-05 -7.79e-06  1.33e-06  3.35e-07  5.07e-09  -0.00268 -0.000798 -0.000105 -2.21e-06  -0.00259  0.000102  0.000239  5.54e-05  0.000841  -0.00092 -0.000881   0.00471  -0.00295  -0.00209   -0.0128  -0.00688  -0.00726  0.000993  -0.00808    -0.011         1  -0.00524  -0.00344  -0.00477 -0.000477  4.14e-06  -0.00175 -0.000305  1.63e-06  -0.00377  -0.00213 -0.000538  -0.00182
 -0.00471   -0.0033  -0.00941   -0.0247    -0.022  -0.00389  -3.9e-15  -3.9e-15  -0.00248   -0.0077 -6.57e-15  -0.00953  -0.00914 -0.000941   -0.0143  -0.00137  -0.00168  -0.00511   -0.0109  -0.00582  -0.00298   -0.0562   -0.0284  -0.00237   -0.0378  -0.00977  -0.00529  -0.00795   -0.0134   0.00318   -0.0126  -0.00399  0.000282  -0.00453   -0.0274   -0.0298 -1.38e-05  -0.00272  -0.00117    0.0084 -0.000234   -0.0127  -0.00241    0.0345  -0.00534     0.065   -0.0019   -0.0383    0.0101    0.0745   0.00388    -0.023   0.00423  -0.00378   -0.0175   -0.0212   -0.0176  -0.00381   0.00562   -0.0241    0.0039    0.0359   -0.0194  -0.00341   -0.0154  -0.00698    0.0153    -0.126    0.0291   0.00326  -0.00124  -0.00036 -0.000113 -1.93e-05 -1.69e-06   0.00705   -0.0524  -0.00216  -0.00347    -0.126   -0.0471   -0.0346   -0.0113    -0.111   -0.0032   -0.0467     0.136   -0.0312   -0.0607   0.00537     -0.19   -0.0116    -0.153    0.0473   -0.0845  -0.00524         1    -0.129    -0.325   -0.0435  -0.00317   -0.0732   -0.0142 -0.000366   -0.0819    -0.118    -0.005   -0.0526
   0.0657  -0.00109   0.00622  -0.00356  -0.00387  -0.00115 -4.82e-16 -4.82e-16 -0.000261  -0.00198  1.66e-15  -0.00153 -0.000943 -0.000184  -0.00214 -0.000317 -0.000428 -0.000966  -0.00223  -0.00103 -0.000299  -0.00327 -0.000921  0.000266   -0.0163  0.000731    0.0011 -0.000343  -0.00118  0.000804 -0.000613  0.000592  0.000448 -1.49e-05   -0.0248  -0.00556 -3.36e-06  -0.00113 -0.000338  -0.00132 -8.44e-05  -0.00167  -0.00877   -0.0221  -0.00364   -0.0208 -0.000208  -0.00408    0.0141    0.0157   0.00381   0.00423    0.0144    0.0142  -0.00214  -0.00561   0.00932  -0.00159  -0.00391   0.00192   0.00313  -0.00735  -0.00799  -0.00401  -0.00573  -0.00128     0.061   -0.0155    0.0109 -0.000803  0.000572 -0.000162  -1.2e-05 -1.63e-06 -9.39e-08   -0.0432   -0.0107  -0.00221 -0.000333   -0.0458  -0.00427  -0.00264 -0.000999  -0.00956  -0.00962   -0.0111    0.0115   -0.0146   -0.0237   -0.0772    0.0125   -0.0618   -0.0109    0.0136   -0.0733  -0.00344    -0.129         1   -0.0889    -0.011 -0.000558    -0.029  -0.00501 -0.000111   -0.0513    -0.033   -0.0044   -0.0133
   0.0927  -0.00222   0.00411  -0.00769  -0.00596  -0.00136 -7.78e-16 -7.78e-16 -0.000572   -0.0028  1.21e-15  -0.00319  -0.00142 -0.000259  -0.00454  -0.00055 -0.000724  -0.00127  -0.00293  -0.00224  -0.00108   -0.0151  -0.00711 -0.000554   -0.0292 -0.000693 -0.000533   -0.0022  -0.00402   0.00109  -0.00291  -0.00015  7.13e-05 -0.000876   -0.0322   -0.0118 -6.25e-06  -0.00174 -0.000467     0.001 -0.000142   -0.0044   -0.0126   -0.0254  -0.00991   -0.0163  -0.00065   -0.0184    0.0102    0.0162  -0.00274    0.0031     0.021    0.0178   -0.0104   -0.0151   0.00607  -0.00495  -0.00263  -0.00236    0.0073  -0.00913   -0.0129   -0.0058   -0.0101  -0.00266    0.0978   -0.0338     0.024  0.000289  0.000569 -0.000261 -3.34e-05 -5.53e-06 -4.28e-07   -0.0546   -0.0223  -0.00346  -0.00108   -0.0795    -0.014  -0.00963  -0.00329   -0.0301   -0.0123   -0.0225    0.0241   -0.0218   -0.0475   -0.0896   -0.0332   -0.0675   -0.0398    0.0351    -0.105  -0.00477    -0.325   -0.0889         1   -0.0204  -0.00131   -0.0486  -0.00841  -0.00022   -0.0769   -0.0635  -0.00668    -0.021
  0.00877 -0.000114  0.000938  -0.00118   -0.0011 -0.000276  2.41e-17  2.41e-17 -0.000157 -0.000798  3.97e-16 -0.000455 -0.000234 -4.09e-05 -0.000712 -6.94e-05 -9.19e-05 -0.000209 -0.000469 -0.000166  -5.5e-05  -0.00245 -0.000486    0.0002  -0.00256 -3.03e-05  0.000211 -0.000133 -0.000433  0.000344 -0.000228  0.000152   0.00016 -9.86e-05  -0.00483  -0.00142  -1.7e-06 -0.000185 -9.21e-05 -0.000109  -1.6e-05 -0.000655  -0.00136  -0.00254 -0.000784 -0.000219 -4.47e-05  -0.00132   0.00234   0.00361 -0.000461  0.000867   0.00238   0.00308 -0.000599  -0.00146   0.00218  -0.00041 -0.000461  0.000271  0.000716  -0.00104  -0.00176 -0.000843  -0.00133 -0.000522    0.0104  -0.00495   0.00166 -0.000189   2.7e-09 -6.11e-05 -8.13e-06 -1.23e-06 -9.14e-08  -0.00611  -0.00261 -0.000709 -0.000156    -0.011   -0.0024  -0.00195 -0.000694  -0.00816  -0.00133  -0.00232  0.000911  -0.00337  -0.00592   -0.0069  -0.00787  -0.00598  -0.00364   0.00167   -0.0139 -0.000477   -0.0435    -0.011   -0.0204         1 -0.000281  -0.00632  -0.00123 -2.91e-05  -0.00919  -0.00769 -0.000651  -0.00292
-0.000314  2.13e-05 -9.27e-05  -0.00013 -0.000138 -3.49e-05 -3.59e-17 -3.59e-17 -6.24e-06 -7.52e-05 -3.78e-18 -4.87e-05 -3.24e-05 -4.78e-06 -8.05e-05 -5.97e-06 -7.43e-06 -2.53e-05 -5.11e-05   1.8e-05  3.62e-06 -0.000306 -4.87e-05   3.6e-05  4.77e-05 -3.12e-05  3.12e-05 -1.01e-07 -2.48e-05  3.36e-05 -1.64e-05  1.28e-05  1.21e-05  5.04e-06 -0.000137 -2.64e-05 -1.02e-07  8.54e-06 -5.21e-06  8.06e-05  2.99e-07 -6.61e-05 -9.93e-06  0.000117 -2.29e-05  0.000713 -4.78e-06  5.04e-05  0.000128  0.000573 -5.39e-05  7.27e-05  3.79e-05  0.000191 -0.000117 -0.000169  4.19e-05  2.67e-05  2.25e-05  -0.00021  3.94e-05  0.000193 -0.000111 -0.000123 -0.000103 -5.35e-05  0.000122 -0.000665 -2.58e-05  3.88e-06 -1.66e-05 -5.75e-06 -1.18e-06 -1.69e-07 -1.27e-08  9.31e-05  -0.00022  -5.2e-05 -1.85e-05 -0.000684 -0.000294 -0.000242  -8.9e-05  -0.00103  1.17e-05 -7.02e-05  0.000343  -0.00019  -0.00014 -0.000324  -0.00237 -0.000617 -0.000635 -0.000489  -0.00078  4.14e-06  -0.00317 -0.000558  -0.00131 -0.000281         1 -0.000349 -7.54e-05 -1.76e-06 -0.000337 -0.000573  2.36e-06 -0.000255
   0.0395 -0.000707   0.00326  -0.00203  -0.00222 -0.000669 -4.92e-16 -4.92e-16 -0.000173  -0.00133  7.09e-16 -0.000857 -0.000479   -0.0001  -0.00122 -0.000174 -0.000232 -0.000525   -0.0012 -0.000589 -0.000127  -0.00227 -0.000804  0.000114  -0.00971  0.000269   0.00064 -0.000203  -0.00068  0.000427 -0.000414  0.000299  0.000165 -3.84e-05   -0.0138  -0.00342 -2.11e-06 -0.000547 -0.000186 -0.000821 -4.15e-05 -0.000989  -0.00497   -0.0124  -0.00222   -0.0111 -0.000108  -0.00241   0.00773   0.00903   0.00209   0.00157   0.00795   0.00775 -0.000818  -0.00288   0.00533  -0.00053  -0.00255  0.000327   0.00186  -0.00374   -0.0042  -0.00218  -0.00319 -0.000776    0.0343   -0.0089   0.00578 -0.000396  0.000287 -9.22e-05 -7.98e-06 -1.09e-06 -6.18e-08   -0.0233  -0.00597  -0.00117 -0.000191   -0.0255  -0.00257  -0.00167 -0.000629  -0.00648  -0.00524  -0.00602 -0.000633  -0.00786   -0.0129   -0.0459   0.00779   -0.0378  -0.00927   0.00783   -0.0408  -0.00175   -0.0732    -0.029   -0.0486  -0.00632 -0.000349         1  -0.00285 -6.49e-05   -0.0282   -0.0185  -0.00237  -0.00729
   0.0064 -0.000118  0.000582   -0.0004 -0.000435 -0.000123 -8.05e-17 -8.05e-17 -4.35e-05 -0.000291  1.25e-16 -0.000164 -0.000108 -1.91e-05  -0.00024 -3.09e-05 -4.11e-05 -0.000101 -0.000229 -9.19e-05 -1.66e-05 -0.000535 -0.000141   4.6e-05  -0.00147  2.17e-05  0.000125 -3.26e-05 -0.000128  9.68e-05 -7.97e-05  5.61e-05  4.07e-05 -1.31e-05   -0.0024 -0.000624 -4.58e-07 -9.07e-05 -3.64e-05 -0.000151 -6.96e-06 -0.000197 -0.000792  -0.00185 -0.000322  -0.00132 -1.68e-05 -0.000368   0.00141    0.0018  0.000351  0.000167   0.00128   0.00133 -6.64e-05 -0.000464  0.000994 -4.24e-05 -0.000458  4.29e-05  0.000288 -0.000546 -0.000731 -0.000376 -0.000552 -0.000161   0.00546  -0.00174  0.000869 -0.000102   3.8e-05 -1.86e-05 -1.92e-06 -2.67e-07  -1.7e-08  -0.00374  -0.00107 -0.000219 -3.95e-05  -0.00455 -0.000571 -0.000411 -0.000152  -0.00172 -0.000857  -0.00103 -0.000432  -0.00144  -0.00224  -0.00751  0.000585   -0.0063  -0.00183   0.00102  -0.00707 -0.000305   -0.0142  -0.00501  -0.00841  -0.00123 -7.54e-05  -0.00285         1 -1.15e-05  -0.00477  -0.00325 -0.000385  -0.00132
 0.000143 -1.11e-05 -4.74e-06 -1.41e-06  1.04e-05  2.01e-06  5.31e-19  5.31e-19 -1.32e-06 -5.53e-06  2.33e-21 -1.19e-06  1.12e-05   7.6e-07 -1.03e-06 -1.07e-07 -1.43e-07  5.03e-06  1.02e-05 -3.33e-06 -1.05e-06 -3.39e-05 -1.88e-05 -6.84e-06 -9.01e-05 -4.76e-06 -8.51e-06 -5.93e-06 -7.73e-06 -2.97e-06 -5.36e-06 -2.09e-06 -6.52e-06  -3.5e-06 -3.42e-05 -2.78e-05 -2.29e-08  1.03e-06  8.13e-07 -4.85e-06 -2.31e-08 -6.96e-06 -3.47e-05 -9.02e-05 -5.17e-05 -9.21e-05 -3.98e-07 -0.000101 -9.94e-05 -0.000192 -9.88e-05 -2.33e-05  3.07e-05 -1.28e-06  -3.2e-05  -3.8e-05 -5.57e-06  -2.3e-05 -2.33e-05 -2.26e-05  2.77e-05 -6.98e-05 -4.06e-06 -8.42e-07 -1.45e-05 -4.04e-06  0.000279   2.1e-05  5.25e-05  5.17e-06  6.84e-07 -3.76e-07 -4.28e-08 -8.58e-09 -5.58e-10 -0.000101 -1.79e-05 -5.98e-06 -1.29e-06 -0.000107  -1.9e-05 -1.65e-05 -5.16e-06  -5.6e-05 -1.44e-05 -2.95e-05 -0.000167 -2.94e-06 -0.000133 -0.000136  6.98e-05 -6.48e-05 -0.000128  0.000162 -0.000157  1.63e-06 -0.000366 -0.000111  -0.00022 -2.91e-05 -1.76e-06 -6.49e-05 -1.15e-05         1  -9.1e-05 -8.43e-05 -8.64e-06  1.04e-05
   0.0839 -0.000727   0.00688  -0.00387  -0.00683  -0.00231 -7.68e-16 -7.68e-16  -0.00011  -0.00193   1.8e-15  -0.00173  -0.00205  -0.00034  -0.00241 -0.000425 -0.000568   -0.0019  -0.00423  -0.00117 -9.19e-05   0.00075   0.00093  0.000288   -0.0234   0.00119   0.00173  0.000261 -0.000372  0.000179 -2.57e-06  0.000872  0.000665  0.000335   -0.0331  -0.00513 -2.35e-06   -0.0012 -0.000385  -0.00374  -8.3e-05 -0.000938   -0.0113   -0.0316  -0.00211   -0.0501 -0.000118     0.001     0.016    0.0161   0.00661   0.00493    0.0122    0.0122  -0.00057  -0.00334   0.00958  -0.00155  -0.00627   0.00169  -0.00066  -0.00616  -0.00863  -0.00487  -0.00586    -0.001    0.0406   -0.0201   0.00454  -0.00121  0.000634 -0.000146 -4.96e-06 -4.74e-08  4.44e-08   -0.0501  -0.00937  -0.00212   -0.0001   -0.0426  -0.00103  8.63e-06 -0.000144 -0.000836    -0.011  -0.00953    0.0336   -0.0149   -0.0174   -0.0934    0.0374   -0.0801  -0.00308    0.0029   -0.0815  -0.00377   -0.0819   -0.0513   -0.0769  -0.00919 -0.000337   -0.0282  -0.00477  -9.1e-05         1   -0.0293  -0.00441   -0.0188
   0.0287  -0.00113   0.00108  -0.00322  -0.00293 -0.000685 -6.97e-16 -6.97e-16 -0.000211  -0.00149  8.67e-17  -0.00136  -0.00091 -0.000136  -0.00193 -0.000238 -0.000308   -0.0007  -0.00155 -0.000557 -0.000276  -0.00581  -0.00238 -0.000105  -0.00928 -0.000809 -0.000115   -0.0007  -0.00138  0.000298  -0.00115 -0.000138  -9.5e-05 -0.000202   -0.0122   -0.0044 -1.94e-06 -0.000475 -0.000154  0.000165 -3.98e-05  -0.00166  -0.00476  -0.00883  -0.00342   -0.0031  -0.00022  -0.00682    0.0016   0.00374  -0.00225  -0.00244   0.00596   0.00413  -0.00385  -0.00596  0.000818  -0.00116   -0.0028  -0.00385   0.00191  -0.00232  -0.00453   -0.0026  -0.00377  -0.00108    0.0307   -0.0146   0.00732 -0.000312   0.00014 -9.64e-05  -1.4e-05 -2.07e-06  -1.6e-07   -0.0199  -0.00859   -0.0011 -0.000394   -0.0296  -0.00525  -0.00359  -0.00126    -0.012  -0.00463  -0.00806    0.0122  -0.00833   -0.0165   -0.0493   -0.0127   -0.0401   -0.0224   0.00739   -0.0457  -0.00213    -0.118    -0.033   -0.0635  -0.00769 -0.000573   -0.0185  -0.00325 -8.43e-05   -0.0293         1  -0.00241  -0.00914
   0.0125 -0.000247     0.001  9.59e-05  0.000366  0.000148  9.01e-17  9.01e-17 -2.07e-05 -7.93e-05  2.91e-16  4.28e-05  3.06e-05  9.38e-06  6.86e-05     4e-06  9.75e-07  6.28e-05  0.000111 -0.000111 -4.49e-05  7.07e-05 -9.64e-05  3.05e-05  -0.00105   0.00016  1.23e-05 -3.72e-05 -3.78e-05  -4.8e-05  3.58e-05  1.55e-05 -2.96e-05 -1.99e-05  -0.00209 -0.000642 -9.75e-08 -0.000131 -2.56e-05 -0.000304 -8.36e-06 -4.11e-05 -0.000941  -0.00236 -0.000846  -0.00177  -5.4e-06  -0.00071   0.00157  0.000605   0.00038  6.54e-05   0.00207   0.00188  8.31e-05 -0.000559   0.00141  5.08e-05 -0.000338   0.00101  0.000507  -0.00227  -0.00048 -0.000209 -0.000287 -2.37e-05   0.00787   0.00148   0.00174 -0.000331  0.000106 -9.37e-06  7.63e-07   7.3e-08  7.59e-09  -0.00446 -0.000583  -0.00017 -3.51e-06  -0.00362  6.25e-05   0.00014  4.21e-05  0.000642  -0.00107 -0.000916    -0.013  -0.00148  -0.00297  -0.00968   0.00141  -0.00575  5.55e-05   0.00177  -0.00662 -0.000538    -0.005   -0.0044  -0.00668 -0.000651  2.36e-06  -0.00237 -0.000385 -8.64e-06  -0.00441  -0.00241         1  -3.5e-05
    0.119   0.00132  -0.00403  -0.00711    -0.016  -0.00494 -9.98e-16 -9.98e-16  3.14e-05 -0.000948 -7.66e-16  -0.00292  -0.00675   -0.0008   -0.0045 -0.000652 -0.000824  -0.00466   -0.0099  -0.00173 -8.94e-05  -0.00235  -0.00114 -0.000259   -0.0345 -0.000948 -5.25e-06  0.000143 -0.000228   -0.0025 -0.000452 -0.000213  0.000721  4.37e-05   -0.0333   -0.0049  7.26e-07 -0.000659 -0.000408  -0.00651 -3.23e-05 -0.000493  -0.00874   -0.0223   0.00189   -0.0954 -0.000143   0.00881   0.00196    0.0118   0.00497  -0.00173   -0.0112   -0.0107  -0.00177  0.000473  -0.00715  -0.00166  -0.00363  -0.00646   -0.0151    0.0116  -0.00597  -0.00428  -0.00327  -0.00066    -0.104   -0.0463   -0.0203  -0.00114 -0.000463  -4.9e-05 -1.01e-05 -3.53e-07 -5.03e-08  -0.00625  -0.00595  -0.00053 -0.000138   -0.0101  -0.00183 -0.000786 -0.000359  -0.00312  -0.00197  -0.00244    0.0807  -0.00663    0.0104   -0.0172   -0.0149   -0.0324   -0.0003   -0.0428   -0.0311  -0.00182   -0.0526   -0.0133    -0.021  -0.00292 -0.000255  -0.00729  -0.00132  1.04e-05   -0.0188  -0.00914  -3.5e-05         1

  Chi^2                                1.38141  +/- 2.35066
  Chi^2/ndf                            0.153489
  Chi^2 for each template              864.757 +/- 9.02684	544.953 +/- 6.47529	310.373 +/- 7.50833	159.597 +/- 5.34295	60.9278 +/- 2.03338	15.8102 +/- 1.64617	10.6243 +/- 1.21355	35.4255 +/- 1.17617	
  Chi^2 for each template w.r.t. fit   861.023 +/- 9.02684	542.805 +/- 6.47529	309.732 +/- 7.50833	158.696 +/- 5.34295	61.8876 +/- 2.03338	16.864 +/- 1.64617	9.90463 +/- 1.21355	30.5028 +/- 1.17617	  Partial chi^2                        0.00 (EG_RESOLUTION_ALL)    0.00 (EG_SCALE_ALL)    0.00 (EL_EFF_ID_TOTAL_1NPCOR_PLUS_UNCOR)    0.00 (EL_EFF_Iso_TOTAL_1NPCOR_PLUS_UNCOR)
  Partial chi^2                        0.00 (EL_EFF_Reco_TOTAL_1NPCOR_PLUS_UNCOR)    0.00 (EL_EFF_TriggerEff_TOTAL_1NPCOR_PLUS_UNCOR)    0.00 (EL_EFF_Trigger_TOTAL_1NPCOR_PLUS_UNCOR)    0.00 (FAKES_Electron)
  Partial chi^2                        0.00 (FAKES_Muon)    0.19 (FT_EFF_Eigen_B_0)    0.03 (FT_EFF_Eigen_B_1)    0.01 (FT_EFF_Eigen_B_2)
  Partial chi^2                        0.00 (FT_EFF_Eigen_B_3)    0.00 (FT_EFF_Eigen_B_4)    0.00 (FT_EFF_Eigen_B_5)    0.00 (FT_EFF_Eigen_B_6)
  Partial chi^2                        0.00 (FT_EFF_Eigen_B_7)    0.00 (FT_EFF_Eigen_B_8)    0.02 (FT_EFF_Eigen_C_0)    0.00 (FT_EFF_Eigen_C_1)
  Partial chi^2                        0.00 (FT_EFF_Eigen_C_2)    0.00 (FT_EFF_Eigen_C_3)    0.00 (FT_EFF_Eigen_Light_0)    0.00 (FT_EFF_Eigen_Light_1)
  Partial chi^2                        0.00 (FT_EFF_Eigen_Light_2)    0.00 (FT_EFF_Eigen_Light_3)    0.00 (FT_EFF_extrapolation)    0.00 (FT_EFF_extrapolation_from_charm)
  Partial chi^2                        0.00 (FULL_SYS_SUM)    0.00 (FULL_SYS_SUM_DETECTOR)    0.00 (FULL_SYS_SUM_THEORY)    0.00 (FULL_SYS_TOYS)
  Partial chi^2                        0.00 (JET_EffectiveNP_Detector1)    0.00 (JET_EffectiveNP_Detector2)    0.00 (JET_EffectiveNP_Mixed1)    0.00 (JET_EffectiveNP_Mixed2)
  Partial chi^2                        0.00 (JET_EffectiveNP_Mixed3)    0.01 (JET_EffectiveNP_Modelling1)    0.00 (JET_EffectiveNP_Modelling2)    0.00 (JET_EffectiveNP_Modelling3)
  Partial chi^2                        0.00 (JET_EffectiveNP_Modelling4)    0.00 (JET_EffectiveNP_Statistical1)    0.00 (JET_EffectiveNP_Statistical2)    0.00 (JET_EffectiveNP_Statistical3)
  Partial chi^2                        0.00 (JET_EffectiveNP_Statistical4)    0.00 (JET_EffectiveNP_Statistical5)    0.00 (JET_EffectiveNP_Statistical6)    0.00 (JET_EtaIntercalibration_Modelling)
  Partial chi^2                        0.00 (JET_EtaIntercalibration_NonClosure_2018data)    0.00 (JET_EtaIntercalibration_NonClosure_highE)    0.00 (JET_EtaIntercalibration_NonClosure_negEta)    0.00 (JET_EtaIntercalibration_NonClosure_posEta)
  Partial chi^2                        0.00 (JET_EtaIntercalibration_TotalStat)    0.00 (JET_Flavor_Composition_prop)    0.00 (JET_Flavor_Response_prop)    0.03 (JET_JER_DataVsMC_MC16_PseudoData)
  Partial chi^2                        0.00 (JET_JER_EffectiveNP_10_PseudoData)    0.00 (JET_JER_EffectiveNP_11_PseudoData)    0.00 (JET_JER_EffectiveNP_12restTerm_PseudoData)    0.03 (JET_JER_EffectiveNP_1_PseudoData)
  Partial chi^2                        0.13 (JET_JER_EffectiveNP_2_PseudoData)    0.03 (JET_JER_EffectiveNP_3_PseudoData)    0.00 (JET_JER_EffectiveNP_4_PseudoData)    0.00 (JET_JER_EffectiveNP_5_PseudoData)
  Partial chi^2                        0.00 (JET_JER_EffectiveNP_6_PseudoData)    0.00 (JET_JER_EffectiveNP_7_PseudoData)    0.00 (JET_JER_EffectiveNP_8_PseudoData)    0.00 (JET_JER_EffectiveNP_9_PseudoData)
  Partial chi^2                        0.00 (JET_JvtEfficiency)    0.00 (JET_Pileup_OffsetMu)    0.02 (JET_Pileup_OffsetNPV)    0.01 (JET_Pileup_PtTerm)
  Partial chi^2                        0.01 (JET_Pileup_RhoTopology)    0.00 (JET_PunchThrough_MC16)    0.01 (LUMINOSITY)    0.00 (MET_SoftTrk_ResoPara)
  Partial chi^2                        0.00 (MET_SoftTrk_ResoPerp)    0.00 (MET_SoftTrk_Scale)    0.00 (MUON_EFF_BADMUON_SYS)    0.00 (MUON_EFF_ISO_STAT)
  Partial chi^2                        0.00 (MUON_EFF_ISO_SYS)    0.00 (MUON_EFF_RECO_STAT)    0.00 (MUON_EFF_RECO_SYS)    0.00 (MUON_EFF_TTVA_STAT)
  Partial chi^2                        0.00 (MUON_EFF_TTVA_SYS)    0.00 (MUON_EFF_TrigStatUncertainty)    0.00 (MUON_EFF_TrigSystUncertainty)    0.00 (MUON_SAGITTA_DATASTAT)
  Partial chi^2                        0.00 (MUON_SAGITTA_RESBIAS)    0.02 (PRW_DATASF)    0.47 (STAT_DATA)    0.02 (STAT_MC)  
  Partial chi^2                        0.00 (THEORY_CROSS_SECTION_Wjets)    0.00 (THEORY_CROSS_SECTION_other_top_noWt)    0.00 (THEORY_CROSS_SECTION_signal)    0.00 (THEORY_DR_DS_signal)
  Partial chi^2                        0.00 (THEORY_EWK_Wjets)    0.00 (THEORY_EWK_multiboson_noW)    0.07 (THEORY_FSR_signal)    0.01 (THEORY_HDAMP_signal)
  Partial chi^2                        0.00 (THEORY_ISR_signal)    0.00 (THEORY_PDF4LHC_VARIATION_Wjets)    0.00 (THEORY_PDF4LHC_VARIATION_multiboson_noW)    0.00 (THEORY_PDF4LHC_VARIATION_signal)
  Partial chi^2                        0.00 (THEORY_PTHARD_signal)    0.01 (THEORY_SCALE_COMBINED_Wjets)    0.00 (THEORY_SCALE_COMBINED_multiboson_noW)    0.00 (THEORY_SCALE_FACTORISATION_signal)
  Partial chi^2                        0.04 (THEORY_SCALE_RENORMALISATION_signal)    0.03 (THEORY_SHOWERING_HERWIG7_signal)    0.10 (THEORY_TOPRECOIL_signal)    0.01 (THEORY_TOP_MASS_signal)
  Partial chi^2                        0.00 (TOTAL)        0.00 (TOTAL_NO_DR_DS)    0.00 (TOTAL_SYSONLY)    0.00 (WMASS_VAR_signal)
  Partial chi^2                        0.02 (pseudoDataStat)

  Uncertainties from HESSE matrix
     LTF: Result[0]:                   178.112  +/- 0.579668 (fit [from HESSE])

  Alternative result from pol2-fit to chi^2 values of the templates
     Result(pol2-chi2)[0]              177.382   +/- 0.504078 (fit)
     Chi^2(min)                        -39.6923

  Result from linearized second-order model approximation
     EDM (Taylor) [0]                  -0.509018

  Expected distance to minimum
     EDM (Newton) [0]                  -0.639334
     EDM Delta-chi^2                   -2.83545


  'Uncertainties' on M from second-order model approximation
     sigma_m[0]                       -0.422296
     sigma_m[EG_RESOLUTION_ALL]       0.00
     sigma_m[EG_SCALE_ALL]            0.00
     sigma_m[EL_EFF_ID_TOTAL_1NPCOR_PLUS_UNCOR] -0.01
     sigma_m[EL_EFF_Iso_TOTAL_1NPCOR_PLUS_UNCOR] -0.03
     sigma_m[EL_EFF_Reco_TOTAL_1NPCOR_PLUS_UNCOR] -0.01
     sigma_m[EL_EFF_TriggerEff_TOTAL_1NPCOR_PLUS_UNCOR] -0.00
     sigma_m[EL_EFF_Trigger_TOTAL_1NPCOR_PLUS_UNCOR] -0.00
     sigma_m[MUON_SAGITTA_DATASTAT]   0.00
     sigma_m[MUON_SAGITTA_RESBIAS]    -0.00
     sigma_m[MUON_EFF_BADMUON_SYS]    -0.00
     sigma_m[MUON_EFF_ISO_STAT]       -0.00
     sigma_m[MUON_EFF_ISO_SYS]        -0.02
     sigma_m[MUON_EFF_RECO_STAT]      -0.00
     sigma_m[MUON_EFF_RECO_SYS]       -0.01
     sigma_m[MUON_EFF_TTVA_STAT]      -0.00
     sigma_m[MUON_EFF_TTVA_SYS]       -0.00
     sigma_m[MUON_EFF_TrigStatUncertainty] -0.01
     sigma_m[MUON_EFF_TrigSystUncertainty] -0.02
     sigma_m[JET_EffectiveNP_Detector1] 0.01
     sigma_m[JET_EffectiveNP_Detector2] 0.00
     sigma_m[JET_EffectiveNP_Mixed1]  0.02
     sigma_m[JET_EffectiveNP_Mixed2]  0.02
     sigma_m[JET_EffectiveNP_Mixed3]  0.00
     sigma_m[JET_EffectiveNP_Modelling1] 0.08
     sigma_m[JET_EffectiveNP_Modelling2] -0.01
     sigma_m[JET_EffectiveNP_Modelling3] 0.00
     sigma_m[JET_EffectiveNP_Modelling4] 0.00
     sigma_m[JET_EffectiveNP_Statistical1] 0.00
     sigma_m[JET_EffectiveNP_Statistical2] 0.00
     sigma_m[JET_EffectiveNP_Statistical3] 0.00
     sigma_m[JET_EffectiveNP_Statistical4] 0.00
     sigma_m[JET_EffectiveNP_Statistical5] 0.00
     sigma_m[JET_EffectiveNP_Statistical6] 0.00
     sigma_m[JET_EtaIntercalibration_Modelling] 0.02
     sigma_m[JET_EtaIntercalibration_NonClosure_2018data] 0.03
     sigma_m[JET_EtaIntercalibration_NonClosure_highE] 0.00
     sigma_m[JET_EtaIntercalibration_NonClosure_negEta] 0.00
     sigma_m[JET_EtaIntercalibration_NonClosure_posEta] -0.00
     sigma_m[JET_EtaIntercalibration_TotalStat] 0.00
     sigma_m[JET_Flavor_Composition_prop] 0.00
     sigma_m[JET_Flavor_Response_prop] 0.00
     sigma_m[JET_Pileup_OffsetMu]     0.02
     sigma_m[JET_Pileup_OffsetNPV]    0.05
     sigma_m[JET_Pileup_PtTerm]       0.03
     sigma_m[JET_Pileup_RhoTopology]  0.04
     sigma_m[JET_PunchThrough_MC16]   0.00
     sigma_m[JET_JER_DataVsMC_MC16_PseudoData] 0.03
     sigma_m[JET_JER_EffectiveNP_1_PseudoData] -0.02
     sigma_m[JET_JER_EffectiveNP_2_PseudoData] -0.01
     sigma_m[JET_JER_EffectiveNP_3_PseudoData] -0.00
     sigma_m[JET_JER_EffectiveNP_4_PseudoData] -0.02
     sigma_m[JET_JER_EffectiveNP_5_PseudoData] -0.04
     sigma_m[JET_JER_EffectiveNP_6_PseudoData] -0.04
     sigma_m[JET_JER_EffectiveNP_7_PseudoData] -0.00
     sigma_m[JET_JER_EffectiveNP_8_PseudoData] 0.01
     sigma_m[JET_JER_EffectiveNP_9_PseudoData] -0.03
     sigma_m[JET_JER_EffectiveNP_10_PseudoData] -0.00
     sigma_m[JET_JER_EffectiveNP_11_PseudoData] -0.01
     sigma_m[JET_JER_EffectiveNP_12restTerm_PseudoData] -0.02
     sigma_m[JET_JvtEfficiency]       -0.04
     sigma_m[PRW_DATASF]              0.03
     sigma_m[MET_SoftTrk_ResoPara]    -0.00
     sigma_m[MET_SoftTrk_ResoPerp]    -0.01
     sigma_m[MET_SoftTrk_Scale]       0.00
     sigma_m[WMASS_VAR_signal]        -0.00
     sigma_m[FT_EFF_Eigen_B_0]        -0.24
     sigma_m[FT_EFF_Eigen_B_1]        -0.08
     sigma_m[FT_EFF_Eigen_B_2]        -0.06
     sigma_m[FT_EFF_Eigen_B_3]        -0.01
     sigma_m[FT_EFF_Eigen_B_4]        -0.00
     sigma_m[FT_EFF_Eigen_B_5]        0.00
     sigma_m[FT_EFF_Eigen_B_6]        -0.00
     sigma_m[FT_EFF_Eigen_B_7]        0.00
     sigma_m[FT_EFF_Eigen_B_8]        0.00
     sigma_m[FT_EFF_Eigen_C_0]        0.01
     sigma_m[FT_EFF_Eigen_C_1]        -0.00
     sigma_m[FT_EFF_Eigen_C_2]        0.00
     sigma_m[FT_EFF_Eigen_C_3]        0.00
     sigma_m[FT_EFF_Eigen_Light_0]    0.02
     sigma_m[FT_EFF_Eigen_Light_1]    0.00
     sigma_m[FT_EFF_Eigen_Light_2]    0.00
     sigma_m[FT_EFF_Eigen_Light_3]    0.00
     sigma_m[FT_EFF_extrapolation]    0.01
     sigma_m[FT_EFF_extrapolation_from_charm] 0.00
     sigma_m[THEORY_CROSS_SECTION_signal] 0.00
     sigma_m[THEORY_SHOWERING_HERWIG7_signal] 0.18
     sigma_m[THEORY_SCALE_FACTORISATION_signal] -0.00
     sigma_m[THEORY_SCALE_RENORMALISATION_signal] 0.05
     sigma_m[THEORY_ISR_signal]       -0.01
     sigma_m[THEORY_FSR_signal]       -0.01
     sigma_m[THEORY_HDAMP_signal]     -0.05
     sigma_m[THEORY_PTHARD_signal]    0.01
     sigma_m[THEORY_TOPRECOIL_signal] -0.12
     sigma_m[THEORY_TOP_MASS_signal]  -0.01
     sigma_m[THEORY_PDF4LHC_VARIATION_signal] -0.00
     sigma_m[THEORY_DR_DS_signal]     0.02
     sigma_m[THEORY_CROSS_SECTION_Wjets] 0.01
     sigma_m[THEORY_SCALE_COMBINED_Wjets] 0.04
     sigma_m[THEORY_PDF4LHC_VARIATION_Wjets] 0.00
     sigma_m[THEORY_EWK_Wjets]        0.00
     sigma_m[THEORY_SCALE_COMBINED_multiboson_noW] 0.01
     sigma_m[THEORY_PDF4LHC_VARIATION_multiboson_noW] 0.00
     sigma_m[THEORY_EWK_multiboson_noW] 0.00
     sigma_m[THEORY_CROSS_SECTION_other_top_noWt] -0.00
     sigma_m[FAKES_Electron]          0.01
     sigma_m[FAKES_Muon]              0.00
     sigma_m[LUMINOSITY]              -0.06

  Settings
     Number of data points             10
     Number of templates               8
     Number of fit parameters          1
     Template reference values [0]     162.5   165 167.5   170 172.5   175   180 182.5
     Number of nuisance param.         107
     Gamma[0]                          1.000
     LogNormal                         false
     Response matrix                   false

  please cite: D. Britzger, The Linear Template Fit, Eur.Phys.J.C 82 (2022) 731, arXiv:2112.01548.
------------------------------------------------------------------------

Warning in <TROOT::Append>: Replacing existing TH1: hist (Potential memory leak).
Warning in <TROOT::Append>: Replacing existing TH1: hist (Potential memory leak).
Warning in <TROOT::Append>: Replacing existing TH1: hist (Potential memory leak).
Warning in <TROOT::Append>: Replacing existing TH1: hist (Potential memory leak).
Warning in <TROOT::Append>: Replacing existing TH1: hist (Potential memory leak).
Warning in <TROOT::Append>: Replacing existing TH1: hist (Potential memory leak).
Warning in <TROOT::Append>: Replacing existing TH1: hist (Potential memory leak).
Warning in <TROOT::Append>: Replacing existing TH1: hist (Potential memory leak).
Warning in <TROOT::Append>: Replacing existing TH1: hist (Potential memory leak).
Info in <TCanvas::Print>: ps file plots/fit_mbl.ps has been created
Info in <TCanvas::Print>: Current canvas added to ps file plots/fit_mbl.ps
Info in <TCanvas::Print>: Current canvas added to ps file plots/fit_mbl.ps
Info in <TCanvas::Print>: Current canvas added to ps file plots/fit_mbl.ps
Info in <TCanvas::Print>: Current canvas added to ps file plots/fit_mbl.ps
Info in <TCanvas::Print>: Current canvas added to ps file plots/fit_mbl.ps
Info in <TCanvas::Print>: Current canvas added to ps file plots/fit_mbl.ps
Info in <TCanvas::Print>: Current canvas added to ps file plots/fit_mbl.ps
Info in <TCanvas::Print>: Current canvas added to ps file plots/fit_mbl.ps
Info in <TCanvas::Print>: Current canvas added to ps file plots/fit_mbl.ps
Info in <TCanvas::Print>: Current canvas added to ps file plots/fit_mbl.ps
Info in <TCanvas::Print>: Current canvas added to ps file plots/fit_mbl.ps
Info in <TCanvas::Print>: Current canvas added to ps file plots/fit_mbl.ps
Info in <TCanvas::Print>: Current canvas added to ps file plots/fit_mbl.ps
Info in <TCanvas::Print>: Current canvas added to ps file plots/fit_mbl.ps
Info in <TCanvas::Print>: Current canvas added to ps file plots/fit_mbl.ps
Info in <TCanvas::Print>: Current canvas added to ps file plots/fit_mbl.ps
Info in <TCanvas::Print>: Current canvas added to ps file plots/fit_mbl.ps
Info in <TCanvas::Print>: Current canvas added to ps file plots/fit_mbl.ps
Info in <TCanvas::Print>: Current canvas added to ps file plots/fit_mbl.ps
Info in <TCanvas::Print>: Current canvas added to ps file plots/fit_mbl.ps
Info in <TCanvas::Print>: Current canvas added to ps file plots/fit_mbl.ps
Info in <TCanvas::Print>: Current canvas added to ps file plots/fit_mbl.ps
Info in <TCanvas::Print>: Current canvas added to ps file plots/fit_mbl.ps
Info in <TCanvas::Print>: Current canvas added to ps file plots/fit_mbl.ps
Info in <TCanvas::Print>: Current canvas added to ps file plots/fit_mbl.ps
Info in <TCanvas::Print>: Current canvas added to ps file plots/fit_mbl.ps
Info in <TCanvas::Print>: Current canvas added to ps file plots/fit_mbl.ps
Info in <TCanvas::Print>: Current canvas added to ps file plots/fit_mbl.ps
Info in <TCanvas::Print>: Current canvas added to ps file plots/fit_mbl.ps
Info in <TCanvas::Print>: Current canvas added to ps file plots/fit_mbl.ps
Info in <TCanvas::Print>: Current canvas added to ps file plots/fit_mbl.ps
Info in <TCanvas::Print>: ps file plots/fit_mbl.ps has been closed
Found covarinace matrix unfolding_covariance_matrix_mbwhad_selected_covariance_STAT_DATA
Determinant of covariance matrix 2.92341e-37
Johannes print final correltaion matrix
1	-0.367114	0.124104	-0.0102883	0.0301477	0.0249596	-0.0199066	-0.0498203	
-0.367114	1	-0.597727	0.0853252	-0.00318656	0.0472456	-0.0123551	0.0105914	
0.124104	-0.597727	1	-0.278414	0.0386791	-0.0551904	0.00681515	0.0508684	
-0.0102883	0.0853252	-0.278414	1	-0.277573	0.0986475	-0.0363062	-0.0135197	
0.0301477	-0.00318656	0.0386791	-0.277573	1	-0.351092	0.111181	-0.0635855	
0.0249596	0.0472456	-0.0551904	0.0986475	-0.351092	1	-0.364353	0.0580908	
-0.0199066	-0.0123551	0.00681515	-0.0363062	0.111181	-0.364353	1	-0.280819	
-0.0498203	0.0105914	0.0508684	-0.0135197	-0.0635855	0.0580908	-0.280819	1	
Warning in <TROOT::Append>: Replacing existing TH1: total_error (Potential memory leak).
TH1.Print Name  = total_error, Entries= 856, Total sum= 0.812715
 fSumw[0]=0, x=-0.5, error=0
 fSumw[1]=0.106435, x=0.5, error=0
 fSumw[2]=0.140581, x=1.5, error=0
 fSumw[3]=0.102963, x=2.5, error=0
 fSumw[4]=0.148362, x=3.5, error=0
 fSumw[5]=0.0626302, x=4.5, error=0
 fSumw[6]=0.0720239, x=5.5, error=0
 fSumw[7]=0.0643816, x=6.5, error=0
 fSumw[8]=0.115339, x=7.5, error=0
 fSumw[9]=0, x=8.5, error=0
STAT_MC 0.00293556
STAT_MC 0.00171278
STAT_MC 0.000708049
STAT_MC 0.00225478
STAT_MC 0.00358833
STAT_MC 0.004986
STAT_MC 0.00516222
STAT_MC 0.00778
TH1.Print Name  = total_error, Entries= 864, Total sum= 0.813529
 fSumw[0]=0, x=-0.5, error=0
 fSumw[1]=0.106476, x=0.5, error=0
 fSumw[2]=0.140591, x=1.5, error=0
 fSumw[3]=0.102965, x=2.5, error=0
 fSumw[4]=0.148379, x=3.5, error=0
 fSumw[5]=0.0627329, x=4.5, error=0
 fSumw[6]=0.0721963, x=5.5, error=0
 fSumw[7]=0.0645883, x=6.5, error=0
 fSumw[8]=0.115601, x=7.5, error=0
 fSumw[9]=0, x=8.5, error=0
TH1.Print Name  = total_error, Entries= 872, Total sum= 0.817693
 fSumw[0]=0, x=-0.5, error=0
 fSumw[1]=0.106538, x=0.5, error=0
 fSumw[2]=0.140601, x=1.5, error=0
 fSumw[3]=0.102971, x=2.5, error=0
 fSumw[4]=0.148395, x=3.5, error=0
 fSumw[5]=0.0629006, x=4.5, error=0
 fSumw[6]=0.0726684, x=5.5, error=0
 fSumw[7]=0.0657852, x=6.5, error=0
 fSumw[8]=0.117834, x=7.5, error=0
 fSumw[9]=0, x=8.5, error=0

        Data        Stat Tmpl_162.50 Stat_162.50 Tmpl_165.00 Stat_165.00 Tmpl_167.50 Stat_167.50 Tmpl_170.00 Stat_170.00 Tmpl_172.50 Stat_172.50 Tmpl_175.00 Stat_175.00 Tmpl_180.00 Stat_180.00 Tmpl_182.50 Stat_182.50
    0.346553    0.001262    0.501124    0.001928    0.470297    0.001785    0.441942    0.002848    0.412722    0.002746    0.389897    0.001798    0.370175    0.002357    0.325103    0.002376    0.303533    0.001348
    1.685302    0.002801    3.665329    0.005259    3.203530    0.004653    2.790967    0.007088    2.422203    0.006628    2.146594    0.004203    1.890956    0.005292    1.516108    0.005141    1.368620    0.002892
    3.867677    0.004233    3.229664    0.004935    3.467408    0.004813    3.677169    0.008063    3.810714    0.008303    3.866342    0.005538    3.887513    0.007676    3.824024    0.008143    3.727112    0.004773
    1.022159    0.002218    0.971584    0.002816    0.969262    0.002595    0.973582    0.004253    0.990226    0.004271    0.990163    0.002842    1.009264    0.003991    1.042926    0.004375    1.069729    0.002607
    0.237219    0.001089    0.258220    0.001561    0.251744    0.001403    0.247901    0.002157    0.244515    0.002157    0.242145    0.001386    0.238404    0.002050    0.237243    0.002102    0.231427    0.001260
    0.076169    0.000630    0.085147    0.000854    0.082934    0.000787    0.081958    0.001258    0.081389    0.001287    0.080102    0.000776    0.078609    0.001156    0.076751    0.001226    0.074774    0.000725
    0.034451    0.000430    0.038144    0.000602    0.036930    0.000501    0.037709    0.000915    0.036247    0.000813    0.035263    0.000489    0.034790    0.000766    0.033690    0.000770    0.033085    0.000497
    0.009530    0.000218    0.011053    0.000330    0.010426    0.000252    0.010632    0.000448    0.009234    0.000377    0.010206    0.000249    0.009725    0.000383    0.010023    0.000401    0.009409    0.000246

LTF::DoLiTeFit(). Fit done. Result:  178.036  +/- 0.770941 (fit)  +/- 0.552005 (ext)  +/- 0.0447 (tmpl)  +/- 0 (MatA)   [chi^2=0.217327]

------------------------------------------------------------------------
        Result of the 1-dimensional linear template fit
        ```````````````````````````````````````````````
  LTF. Result[0]:   178.036  +/- 0.770941 (fit)  +/- 0.552005 (ext)

  LTF. Result[0]:   178.036215
                             +/-  0.305633 (STAT_DATA)
                             +/-  0.045069 (STAT_MC)
                             +/-  0.059148 (pseudoDataStat)
                             +/- -0.001194 (EG_RESOLUTION_ALL)
                             +/-  0.000115 (EG_SCALE_ALL)
                             +/- -0.002042 (EL_EFF_ID_TOTAL_1NPCOR_PLUS_UNCOR)
                             +/- -0.012432 (EL_EFF_Iso_TOTAL_1NPCOR_PLUS_UNCOR)
                             +/- -0.004610 (EL_EFF_Reco_TOTAL_1NPCOR_PLUS_UNCOR)
                             +/- -0.000000 (EL_EFF_TriggerEff_TOTAL_1NPCOR_PLUS_UNCOR)
                             +/- -0.000000 (EL_EFF_Trigger_TOTAL_1NPCOR_PLUS_UNCOR)
                             +/- -0.027971 (FAKES_Electron)
                             +/- -0.005690 (FAKES_Muon)
                             +/- -0.343396 (FT_EFF_Eigen_B_0)
                             +/-  0.084459 (FT_EFF_Eigen_B_1)
                             +/-  0.013993 (FT_EFF_Eigen_B_2)
                             +/- -0.033486 (FT_EFF_Eigen_B_3)
                             +/-  0.000095 (FT_EFF_Eigen_B_4)
                             +/- -0.000376 (FT_EFF_Eigen_B_5)
                             +/-  0.000019 (FT_EFF_Eigen_B_6)
                             +/- -0.000005 (FT_EFF_Eigen_B_7)
                             +/- -0.000000 (FT_EFF_Eigen_B_8)
                             +/- -0.006595 (FT_EFF_Eigen_C_0)
                             +/-  0.000876 (FT_EFF_Eigen_C_1)
                             +/-  0.000262 (FT_EFF_Eigen_C_2)
                             +/- -0.000211 (FT_EFF_Eigen_C_3)
                             +/- -0.029959 (FT_EFF_Eigen_Light_0)
                             +/- -0.002446 (FT_EFF_Eigen_Light_1)
                             +/-  0.000786 (FT_EFF_Eigen_Light_2)
                             +/-  0.000283 (FT_EFF_Eigen_Light_3)
                             +/-  0.002285 (FT_EFF_extrapolation)
                             +/- -0.011360 (FT_EFF_extrapolation_from_charm)
                             +/- -0.011456 (JET_EffectiveNP_Detector1)
                             +/- -0.002284 (JET_EffectiveNP_Detector2)
                             +/- -0.046485 (JET_EffectiveNP_Mixed1)
                             +/- -0.034816 (JET_EffectiveNP_Mixed2)
                             +/- -0.001081 (JET_EffectiveNP_Mixed3)
                             +/- -0.120110 (JET_EffectiveNP_Modelling1)
                             +/- -0.028965 (JET_EffectiveNP_Modelling2)
                             +/- -0.048319 (JET_EffectiveNP_Modelling3)
                             +/- -0.008764 (JET_EffectiveNP_Modelling4)
                             +/-  0.002192 (JET_EffectiveNP_Statistical1)
                             +/-  0.007779 (JET_EffectiveNP_Statistical2)
                             +/- -0.001283 (JET_EffectiveNP_Statistical3)
                             +/- -0.018636 (JET_EffectiveNP_Statistical4)
                             +/- -0.019143 (JET_EffectiveNP_Statistical5)
                             +/- -0.009604 (JET_EffectiveNP_Statistical6)
                             +/- -0.030022 (JET_EtaIntercalibration_Modelling)
                             +/- -0.053846 (JET_EtaIntercalibration_NonClosure_2018data)
                             +/- -0.000006 (JET_EtaIntercalibration_NonClosure_highE)
                             +/- -0.001764 (JET_EtaIntercalibration_NonClosure_negEta)
                             +/- -0.002792 (JET_EtaIntercalibration_NonClosure_posEta)
                             +/-  0.010011 (JET_EtaIntercalibration_TotalStat)
                             +/-  0.000049 (JET_Flavor_Composition_prop)
                             +/-  0.005127 (JET_Flavor_Response_prop)
                             +/-  0.075991 (JET_JER_DataVsMC_MC16_PseudoData)
                             +/-  0.001706 (JET_JER_EffectiveNP_10_PseudoData)
                             +/- -0.010362 (JET_JER_EffectiveNP_11_PseudoData)
                             +/-  0.032158 (JET_JER_EffectiveNP_12restTerm_PseudoData)
                             +/-  0.133491 (JET_JER_EffectiveNP_1_PseudoData)
                             +/-  0.302951 (JET_JER_EffectiveNP_2_PseudoData)
                             +/-  0.013297 (JET_JER_EffectiveNP_3_PseudoData)
                             +/- -0.100102 (JET_JER_EffectiveNP_4_PseudoData)
                             +/-  0.042018 (JET_JER_EffectiveNP_5_PseudoData)
                             +/-  0.051988 (JET_JER_EffectiveNP_6_PseudoData)
                             +/-  0.032962 (JET_JER_EffectiveNP_7_PseudoData)
                             +/- -0.032081 (JET_JER_EffectiveNP_8_PseudoData)
                             +/-  0.037463 (JET_JER_EffectiveNP_9_PseudoData)
                             +/- -0.055919 (JET_JvtEfficiency)
                             +/-  0.023149 (JET_Pileup_OffsetMu)
                             +/-  0.055367 (JET_Pileup_OffsetNPV)
                             +/- -0.091743 (JET_Pileup_PtTerm)
                             +/-  0.113473 (JET_Pileup_RhoTopology)
                             +/-  0.000366 (JET_PunchThrough_MC16)
                             +/- -0.025515 (LUMINOSITY)
                             +/-  0.007143 (MET_SoftTrk_ResoPara)
                             +/-  0.001685 (MET_SoftTrk_ResoPerp)
                             +/-  0.005842 (MET_SoftTrk_Scale)
                             +/- -0.000000 (MUON_EFF_BADMUON_SYS)
                             +/- -0.001007 (MUON_EFF_ISO_STAT)
                             +/- -0.004606 (MUON_EFF_ISO_SYS)
                             +/- -0.000582 (MUON_EFF_RECO_STAT)
                             +/- -0.000915 (MUON_EFF_RECO_SYS)
                             +/- -0.000251 (MUON_EFF_TTVA_STAT)
                             +/- -0.000336 (MUON_EFF_TTVA_SYS)
                             +/- -0.003522 (MUON_EFF_TrigStatUncertainty)
                             +/- -0.007211 (MUON_EFF_TrigSystUncertainty)
                             +/- -0.000090 (MUON_SAGITTA_DATASTAT)
                             +/- -0.000308 (MUON_SAGITTA_RESBIAS)
                             +/- -0.101367 (PRW_DATASF)
                             +/- -0.023433 (THEORY_CROSS_SECTION_Wjets)
                             +/- -0.045636 (THEORY_CROSS_SECTION_other_top_noWt)
                             +/- -0.006222 (THEORY_CROSS_SECTION_signal)
                             +/- -0.067720 (THEORY_DR_DS_signal)
                             +/-  0.000204 (THEORY_EWK_Wjets)
                             +/- -0.000092 (THEORY_EWK_multiboson_noW)
                             +/- -0.208871 (THEORY_FSR_signal)
                             +/-  0.057365 (THEORY_HDAMP_signal)
                             +/-  0.080951 (THEORY_ISR_signal)
                             +/- -0.007629 (THEORY_PDF4LHC_VARIATION_Wjets)
                             +/- -0.002026 (THEORY_PDF4LHC_VARIATION_multiboson_noW)
                             +/- -0.005660 (THEORY_PDF4LHC_VARIATION_signal)
                             +/-  0.007381 (THEORY_PTHARD_signal)
                             +/- -0.030631 (THEORY_SCALE_COMBINED_Wjets)
                             +/- -0.013588 (THEORY_SCALE_COMBINED_multiboson_noW)
                             +/- -0.013548 (THEORY_SCALE_FACTORISATION_signal)
                             +/-  0.023225 (THEORY_SCALE_RENORMALISATION_signal)
                             +/-  0.057818 (THEORY_SHOWERING_HERWIG7_signal)
                             +/- -0.145344 (THEORY_TOPRECOIL_signal)
                             +/- -0.282742 (THEORY_TOP_MASS_signal)
                             +/-  0.000076 (WMASS_VAR_signal)

                             +/- -0.208167 (FULL_SYS_SUM)
                             +/- -0.191530 (FULL_SYS_SUM_DETECTOR)
                             +/- -0.232958 (FULL_SYS_SUM_THEORY)
                             +/- -0.208167 (FULL_SYS_TOYS)
                             +/- -0.206411 (TOTAL)
                             +/- -0.202451 (TOTAL_NO_DR_DS)
                             +/- -0.208559 (TOTAL_SYSONLY)
                             +/-  0.044700 (statY)

  Nuisance parameters                 -0.000  +/-  1.000  (EG_RESOLUTION_ALL)
                                      -0.001  +/-  1.000  (EG_SCALE_ALL)
                                       0.002  +/-  0.999  (EL_EFF_ID_TOTAL_1NPCOR_PLUS_UNCOR)
                                       0.006  +/-  0.995  (EL_EFF_Iso_TOTAL_1NPCOR_PLUS_UNCOR)
                                       0.002  +/-  1.000  (EL_EFF_Reco_TOTAL_1NPCOR_PLUS_UNCOR)
                                       0.000  +/-  1.000  (EL_EFF_TriggerEff_TOTAL_1NPCOR_PLUS_UNCOR)
                                       0.000  +/-  1.000  (EL_EFF_Trigger_TOTAL_1NPCOR_PLUS_UNCOR)
                                       0.000  +/-  1.000  (MUON_SAGITTA_DATASTAT)
                                      -0.000  +/-  1.000  (MUON_SAGITTA_RESBIAS)
                                      -0.000  +/-  1.000  (MUON_EFF_BADMUON_SYS)
                                       0.001  +/-  1.000  (MUON_EFF_ISO_STAT)
                                       0.003  +/-  0.999  (MUON_EFF_ISO_SYS)
                                       0.000  +/-  1.000  (MUON_EFF_RECO_STAT)
                                       0.001  +/-  1.000  (MUON_EFF_RECO_SYS)
                                       0.000  +/-  1.000  (MUON_EFF_TTVA_STAT)
                                       0.000  +/-  1.000  (MUON_EFF_TTVA_SYS)
                                       0.002  +/-  1.000  (MUON_EFF_TrigStatUncertainty)
                                       0.004  +/-  0.998  (MUON_EFF_TrigSystUncertainty)
                                      -0.007  +/-  0.999  (JET_EffectiveNP_Detector1)
                                      -0.001  +/-  1.000  (JET_EffectiveNP_Detector2)
                                      -0.003  +/-  0.981  (JET_EffectiveNP_Mixed1)
                                      -0.010  +/-  0.994  (JET_EffectiveNP_Mixed2)
                                       0.001  +/-  1.000  (JET_EffectiveNP_Mixed3)
                                       0.019  +/-  0.886  (JET_EffectiveNP_Modelling1)
                                      -0.002  +/-  0.999  (JET_EffectiveNP_Modelling2)
                                      -0.014  +/-  0.995  (JET_EffectiveNP_Modelling3)
                                      -0.001  +/-  1.000  (JET_EffectiveNP_Modelling4)
                                       0.002  +/-  0.999  (JET_EffectiveNP_Statistical1)
                                       0.001  +/-  0.999  (JET_EffectiveNP_Statistical2)
                                      -0.001  +/-  1.000  (JET_EffectiveNP_Statistical3)
                                      -0.007  +/-  0.999  (JET_EffectiveNP_Statistical4)
                                      -0.003  +/-  0.999  (JET_EffectiveNP_Statistical5)
                                      -0.002  +/-  1.000  (JET_EffectiveNP_Statistical6)
                                       0.027  +/-  0.961  (JET_EtaIntercalibration_Modelling)
                                      -0.003  +/-  0.987  (JET_EtaIntercalibration_NonClosure_2018data)
                                      -0.000  +/-  1.000  (JET_EtaIntercalibration_NonClosure_highE)
                                      -0.002  +/-  1.000  (JET_EtaIntercalibration_NonClosure_negEta)
                                       0.002  +/-  1.000  (JET_EtaIntercalibration_NonClosure_posEta)
                                       0.005  +/-  0.997  (JET_EtaIntercalibration_TotalStat)
                                       0.000  +/-  1.000  (JET_Flavor_Composition_prop)
                                       0.005  +/-  0.998  (JET_Flavor_Response_prop)
                                      -0.006  +/-  0.994  (JET_Pileup_OffsetMu)
                                      -0.012  +/-  0.950  (JET_Pileup_OffsetNPV)
                                      -0.044  +/-  0.976  (JET_Pileup_PtTerm)
                                       0.116  +/-  0.674  (JET_Pileup_RhoTopology)
                                       0.001  +/-  1.000  (JET_PunchThrough_MC16)
                                      -0.026  +/-  0.996  (JET_JER_DataVsMC_MC16_PseudoData)
                                       0.006  +/-  0.923  (JET_JER_EffectiveNP_1_PseudoData)
                                       0.015  +/-  0.833  (JET_JER_EffectiveNP_2_PseudoData)
                                      -0.004  +/-  0.974  (JET_JER_EffectiveNP_3_PseudoData)
                                       0.023  +/-  0.997  (JET_JER_EffectiveNP_4_PseudoData)
                                       0.030  +/-  0.983  (JET_JER_EffectiveNP_5_PseudoData)
                                       0.031  +/-  0.958  (JET_JER_EffectiveNP_6_PseudoData)
                                      -0.005  +/-  0.998  (JET_JER_EffectiveNP_7_PseudoData)
                                       0.024  +/-  0.995  (JET_JER_EffectiveNP_8_PseudoData)
                                       0.022  +/-  0.982  (JET_JER_EffectiveNP_9_PseudoData)
                                       0.016  +/-  0.999  (JET_JER_EffectiveNP_10_PseudoData)
                                       0.025  +/-  0.997  (JET_JER_EffectiveNP_11_PseudoData)
                                       0.012  +/-  0.994  (JET_JER_EffectiveNP_12restTerm_PseudoData)
                                       0.018  +/-  0.997  (JET_JvtEfficiency)
                                      -0.056  +/-  0.983  (PRW_DATASF)
                                       0.001  +/-  0.999  (MET_SoftTrk_ResoPara)
                                      -0.001  +/-  1.000  (MET_SoftTrk_ResoPerp)
                                      -0.003  +/-  1.000  (MET_SoftTrk_Scale)
                                       0.001  +/-  1.000  (WMASS_VAR_signal)
                                       0.126  +/-  0.884  (FT_EFF_Eigen_B_0)
                                       0.009  +/-  0.939  (FT_EFF_Eigen_B_1)
                                       0.006  +/-  0.994  (FT_EFF_Eigen_B_2)
                                       0.000  +/-  0.999  (FT_EFF_Eigen_B_3)
                                       0.000  +/-  1.000  (FT_EFF_Eigen_B_4)
                                       0.000  +/-  1.000  (FT_EFF_Eigen_B_5)
                                       0.000  +/-  1.000  (FT_EFF_Eigen_B_6)
                                       0.000  +/-  1.000  (FT_EFF_Eigen_B_7)
                                       0.000  +/-  1.000  (FT_EFF_Eigen_B_8)
                                      -0.003  +/-  0.991  (FT_EFF_Eigen_C_0)
                                       0.003  +/-  0.999  (FT_EFF_Eigen_C_1)
                                      -0.001  +/-  1.000  (FT_EFF_Eigen_C_2)
                                       0.000  +/-  1.000  (FT_EFF_Eigen_C_3)
                                      -0.015  +/-  0.988  (FT_EFF_Eigen_Light_0)
                                       0.004  +/-  1.000  (FT_EFF_Eigen_Light_1)
                                       0.003  +/-  1.000  (FT_EFF_Eigen_Light_2)
                                       0.000  +/-  1.000  (FT_EFF_Eigen_Light_3)
                                       0.006  +/-  0.999  (FT_EFF_extrapolation)
                                      -0.009  +/-  0.999  (FT_EFF_extrapolation_from_charm)
                                      -0.002  +/-  1.000  (THEORY_CROSS_SECTION_signal)
                                      -0.241  +/-  0.567  (THEORY_SHOWERING_HERWIG7_signal)
                                       0.008  +/-  0.998  (THEORY_SCALE_FACTORISATION_signal)
                                      -0.003  +/-  0.997  (THEORY_SCALE_RENORMALISATION_signal)
                                      -0.027  +/-  0.922  (THEORY_ISR_signal)
                                       0.008  +/-  0.947  (THEORY_FSR_signal)
                                      -0.025  +/-  0.915  (THEORY_HDAMP_signal)
                                      -0.007  +/-  0.982  (THEORY_PTHARD_signal)
                                      -0.011  +/-  0.949  (THEORY_TOPRECOIL_signal)
                                      -0.043  +/-  0.930  (THEORY_TOP_MASS_signal)
                                       0.002  +/-  1.000  (THEORY_PDF4LHC_VARIATION_signal)
                                      -0.019  +/-  0.913  (THEORY_DR_DS_signal)
                                      -0.023  +/-  0.987  (THEORY_CROSS_SECTION_Wjets)
                                      -0.047  +/-  0.947  (THEORY_SCALE_COMBINED_Wjets)
                                      -0.003  +/-  0.999  (THEORY_PDF4LHC_VARIATION_Wjets)
                                      -0.000  +/-  1.000  (THEORY_EWK_Wjets)
                                      -0.015  +/-  0.994  (THEORY_SCALE_COMBINED_multiboson_noW)
                                      -0.003  +/-  1.000  (THEORY_PDF4LHC_VARIATION_multiboson_noW)
                                       0.000  +/-  1.000  (THEORY_EWK_multiboson_noW)
                                      -0.050  +/-  0.916  (THEORY_CROSS_SECTION_other_top_noWt)
                                      -0.019  +/-  0.994  (FAKES_Electron)
                                      -0.004  +/-  1.000  (FAKES_Muon)
                                       0.006  +/-  0.982  (LUMINOSITY)

  Correlation matrix 
        1   0.00155 -0.000149   0.00265    0.0162   0.00598  1.88e-14  1.88e-14  0.000117  0.000399  1.45e-14   0.00131   0.00598  0.000754   0.00119  0.000326  0.000436   0.00457   0.00937    0.0149   0.00296    0.0614    0.0454    0.0014     0.176    0.0376     0.063    0.0114  -0.00285   -0.0101   0.00166    0.0242    0.0249    0.0125    0.0405    0.0708  8.27e-06   0.00229   0.00362    -0.013 -6.42e-05  -0.00666   -0.0302   -0.0756     0.122    -0.219 -0.000475    -0.099    -0.188    -0.472   -0.0177      0.13   -0.0554   -0.0704   -0.0429    0.0418   -0.0495  -0.00222    0.0135   -0.0419    0.0727     0.134  -0.00927  -0.00219  -0.00758 -9.89e-05     0.504    -0.117   -0.0183    0.0435 -0.000124  0.000488 -2.51e-05  6.71e-06  6.22e-07   0.00863  -0.00114  -0.00034  0.000274    0.0393   0.00317  -0.00102 -0.000367  -0.00297    0.0148   0.00807    -0.132    0.0176   -0.0302    -0.114     0.286   -0.0813  -0.00975     0.199     0.394   0.00734    0.0962    0.0308     0.042   0.00991 -0.000265    0.0177   0.00263  0.000119    0.0646    0.0365   0.00738    0.0337
  0.00155         1 -3.99e-05 -9.39e-05 -0.000251 -7.91e-05 -6.59e-17 -6.59e-17 -2.11e-06 -5.49e-06  1.94e-17 -3.52e-05 -0.000113 -1.28e-05 -6.12e-05 -8.65e-06 -1.11e-05  -7.3e-05 -0.000158  0.000136  1.64e-05  0.000279  0.000271  5.16e-05   0.00118  4.21e-05  0.000239  4.77e-05  9.87e-06  5.35e-05  1.65e-05  8.62e-05  9.23e-05  5.72e-05  0.000311   0.00039 -9.21e-08 -1.61e-05 -1.14e-05  0.000105  1.94e-07  2.15e-06  6.97e-05  0.000267  0.000403  0.000546   3.4e-06 -0.000235  -0.00127  -0.00161 -0.000546 -0.000159 -0.000322 -0.000815 -0.000214 -0.000268 -0.000513 -5.93e-05 -0.000158 -0.000112 -0.000136 -8.42e-05 -9.55e-05 -5.35e-05 -6.33e-05 -1.69e-05 -0.000948 -0.000619 -0.000209 -7.54e-05 -8.71e-06 -2.13e-06 -1.65e-07 -7.17e-09 -2.35e-09 -0.000472 -8.32e-05 -2.32e-05 -3.24e-06 -0.000544 -4.43e-05 -5.87e-06 -3.96e-06 -4.21e-05 -0.000169 -7.84e-05 -0.000186 -0.000102 -0.000152 -0.000595  0.000746 -0.000904 -0.000428  0.000696  -0.00119 -1.35e-05  -0.00109 -0.000495 -0.000823 -0.000133 -3.64e-06 -0.000305 -5.31e-05  -1.7e-06  -0.00123 -0.000332 -7.68e-05 -0.000515
-0.000149 -3.99e-05         1 -0.000474  -0.00105  -0.00031 -1.58e-16 -1.58e-16 -3.58e-06 -1.02e-05  1.37e-18 -0.000178 -0.000466 -5.34e-05 -0.000298 -3.91e-05 -4.98e-05 -0.000308 -0.000652 -4.82e-05  5.78e-06 -0.000829 -0.000108 -7.78e-05   0.00074 -0.000262  0.000121 -6.52e-05 -0.000278 -4.44e-06  -0.00017  1.15e-05 -4.33e-06 -4.75e-05 -0.000937 -7.78e-05 -2.61e-07 -6.02e-05 -3.17e-05 -3.07e-05 -1.94e-06  -0.00035  0.000246   0.00124  0.000453  0.000909 -2.51e-05 -0.000345  -0.00307  -0.00453  -0.00154 -0.000253  -0.00148   -0.0023 -0.000292 -0.000817  -0.00127 -0.000144  -0.00049  -0.00072 -0.000413  0.000562 -0.000258 -0.000291 -0.000246 -0.000181  -0.00277  -0.00387  -0.00104 -0.000244 -1.96e-05 -8.95e-06 -9.33e-08 -2.83e-08 -7.35e-09 -0.000989 -0.000462 -8.99e-05  2.54e-06  -0.00119  -9.1e-05 -5.54e-05  -1.9e-05 -0.000325 -0.000493 -0.000261  0.000328 -0.000344  4.85e-05   0.00193  0.000301    0.0011  0.000257  0.000673 -0.000303 -5.05e-05  -0.00446  -0.00141  -0.00325 -0.000471 -3.54e-05  -0.00103 -0.000187 -2.62e-06  -0.00407 -0.000919 -0.000168  -0.00207
  0.00265 -9.39e-05 -0.000474         1  -0.00425  -0.00125 -4.12e-16 -4.12e-16 -4.58e-05 -4.11e-05 -6.85e-17 -0.000741  -0.00185 -0.000211  -0.00125  -0.00016 -0.000203  -0.00122  -0.00259 -0.000269 -2.75e-05  -0.00477 -0.000926 -0.000461 -0.000299  -0.00146  0.000513 -0.000417  -0.00154 -7.24e-05 -0.000998  0.000173  0.000106 -0.000224  -0.00637  -0.00182 -1.05e-06 -0.000151 -0.000217 -0.000436 -1.75e-05  -0.00195  0.000297   0.00251   0.00186  -0.00406  -0.00021 -0.000201  -0.00597  -0.00902  -0.00276 -0.000864  -0.00382  -0.00546 -0.000373  -0.00229  -0.00258 -0.000645  -0.00157  -0.00168  -0.00157   0.00331   -0.0012   -0.0012  -0.00108 -0.000951   -0.0121    -0.016  -0.00345   -0.0012  -3.6e-05 -4.62e-05 -2.35e-06 -2.06e-07 -3.16e-08  -0.00392   -0.0021 -0.000229 -3.83e-06  -0.00474 -0.000683 -0.000384 -9.54e-05  -0.00165  -0.00175  -0.00111  -0.00242  -0.00156  -0.00039   0.00478 -0.000431   0.00133  -0.00029   0.00233 -0.000315 -0.000246   -0.0186   -0.0056    -0.013  -0.00185 -0.000141  -0.00415 -0.000728 -1.37e-05   -0.0165  -0.00354 -0.000591   -0.0083
   0.0162 -0.000251  -0.00105  -0.00425         1  -0.00285  -1.1e-15  -1.1e-15 -9.09e-05 -8.23e-05 -1.49e-16  -0.00157  -0.00418 -0.000476  -0.00266 -0.000349 -0.000443  -0.00275  -0.00585 -0.000299 -2.28e-05  -0.00734   -0.0013 -0.000784  -0.00286  -0.00221   0.00153  -0.00065  -0.00261 -0.000482   -0.0017  0.000505  0.000404 -0.000251   -0.0138  -0.00282 -2.22e-06 -0.000387 -0.000443  -0.00141  -2.8e-05  -0.00324 -0.000596   0.00154   0.00398   -0.0219  -0.00035  -0.00158   -0.0196   -0.0295  -0.00906  -0.00304  -0.00979   -0.0156  -0.00215   -0.0055  -0.00811   -0.0019  -0.00431  -0.00441  -0.00445    0.0056  -0.00275  -0.00255   -0.0024  -0.00179   -0.0323   -0.0329  -0.00877  -0.00256 -0.000147 -9.51e-05 -4.21e-06 -2.71e-07 -5.86e-08   -0.0096  -0.00411 -0.000568 -1.47e-05   -0.0109  -0.00134 -0.000671  -0.00017  -0.00279  -0.00394  -0.00237 -0.000423  -0.00284 -0.000991   0.00706 -0.000314 -0.000395  -0.00185   0.00591  -0.00679  -0.00056   -0.0378   -0.0122   -0.0269  -0.00384 -0.000258  -0.00873  -0.00149 -3.13e-05    -0.035  -0.00783  -0.00141   -0.0186
  0.00598 -7.91e-05  -0.00031  -0.00125  -0.00285         1 -3.45e-16 -3.45e-16 -2.78e-05 -2.66e-05 -3.83e-17 -0.000462  -0.00125 -0.000143 -0.000788 -0.000104 -0.000132 -0.000824  -0.00175 -2.82e-05  1.86e-06  -0.00189 -0.000255 -0.000206  -0.00087  -0.00058  0.000575 -0.000158 -0.000723 -0.000161 -0.000468  0.000195   0.00017 -3.91e-05  -0.00409 -0.000667 -6.68e-07 -0.000116 -0.000132 -0.000449 -7.79e-06 -0.000902 -0.000293  7.49e-05   0.00135  -0.00791 -9.81e-05 -0.000549  -0.00617  -0.00919  -0.00278  -0.00103  -0.00293  -0.00479 -0.000724  -0.00169  -0.00253 -0.000631  -0.00135   -0.0013  -0.00143   0.00161 -0.000833 -0.000744 -0.000717 -0.000513   -0.0103  -0.00957  -0.00265 -0.000772 -4.82e-05 -2.84e-05  -1.3e-06 -7.53e-08 -1.73e-08    -0.003   -0.0012 -0.000169 -7.42e-06  -0.00333 -0.000415 -0.000196 -4.92e-05 -0.000788  -0.00118 -0.000703  0.000326 -0.000819 -0.000341   0.00158  0.000213 -0.000578 -0.000799   0.00207  -0.00259 -0.000169   -0.0111  -0.00366  -0.00789  -0.00114 -7.28e-05  -0.00258  -0.00044 -9.83e-06   -0.0104  -0.00234 -0.000434  -0.00556
 1.88e-14 -6.59e-17 -1.58e-16 -4.12e-16  -1.1e-15 -3.45e-16         1 -2.71e-28 -6.28e-18 -8.67e-18  7.38e-29 -1.55e-16 -4.99e-16 -5.64e-17 -2.68e-16 -3.78e-17 -4.85e-17 -3.25e-16 -6.97e-16  3.54e-16  4.93e-17  7.13e-16  6.89e-16  8.73e-17  2.18e-15   1.6e-16  6.96e-16  1.09e-16  4.27e-18  4.42e-17  5.42e-17  2.53e-16  2.02e-16  1.41e-16 -2.97e-17  9.53e-16 -2.73e-19 -4.31e-17 -4.94e-17  7.71e-17 -6.37e-20 -2.41e-17  2.46e-16  1.01e-15  1.48e-15 -1.78e-15  6.18e-18  -4.8e-16 -5.54e-15 -7.87e-15 -2.55e-15 -8.93e-16 -2.18e-15 -4.02e-15  -7.5e-16 -1.36e-15  -2.5e-15 -4.52e-16 -1.04e-15 -9.72e-16 -8.39e-16  5.35e-16 -3.31e-16 -2.35e-16 -1.94e-16 -7.97e-17 -5.63e-15 -2.94e-15 -1.27e-15 -2.36e-16 -3.98e-17 -8.75e-18 -3.65e-19 -1.58e-20  -7.3e-21 -1.45e-15 -3.24e-16 -9.73e-17 -7.38e-18 -1.44e-15 -1.13e-16 -3.22e-17 -1.07e-17 -1.59e-16 -4.66e-16 -2.26e-16   6.9e-15 -3.62e-16  -1.8e-16  8.74e-17   1.4e-15 -1.01e-15 -5.65e-16  1.75e-15 -2.71e-15 -7.69e-17 -3.47e-15  -1.3e-15  -2.3e-15 -4.04e-16 -9.07e-18  -8.1e-16 -1.38e-16 -4.78e-18 -3.39e-15 -8.51e-16 -1.94e-16 -2.14e-15
 1.88e-14 -6.59e-17 -1.58e-16 -4.12e-16  -1.1e-15 -3.45e-16 -2.71e-28         1 -6.28e-18 -8.67e-18  7.38e-29 -1.55e-16 -4.99e-16 -5.64e-17 -2.68e-16 -3.78e-17 -4.85e-17 -3.25e-16 -6.97e-16  3.54e-16  4.93e-17  7.13e-16  6.89e-16  8.73e-17  2.18e-15   1.6e-16  6.96e-16  1.09e-16  4.27e-18  4.42e-17  5.42e-17  2.53e-16  2.02e-16  1.41e-16 -2.97e-17  9.53e-16 -2.73e-19 -4.31e-17 -4.94e-17  7.71e-17 -6.37e-20 -2.41e-17  2.46e-16  1.01e-15  1.48e-15 -1.78e-15  6.18e-18  -4.8e-16 -5.54e-15 -7.87e-15 -2.55e-15 -8.93e-16 -2.18e-15 -4.02e-15  -7.5e-16 -1.36e-15  -2.5e-15 -4.52e-16 -1.04e-15 -9.72e-16 -8.39e-16  5.35e-16 -3.31e-16 -2.35e-16 -1.94e-16 -7.97e-17 -5.63e-15 -2.94e-15 -1.27e-15 -2.36e-16 -3.98e-17 -8.75e-18 -3.65e-19 -1.58e-20  -7.3e-21 -1.45e-15 -3.24e-16 -9.73e-17 -7.38e-18 -1.44e-15 -1.13e-16 -3.22e-17 -1.07e-17 -1.59e-16 -4.66e-16 -2.26e-16   6.9e-15 -3.62e-16  -1.8e-16  8.74e-17   1.4e-15 -1.01e-15 -5.65e-16  1.75e-15 -2.71e-15 -7.69e-17 -3.47e-15  -1.3e-15  -2.3e-15 -4.04e-16 -9.07e-18  -8.1e-16 -1.38e-16 -4.78e-18 -3.39e-15 -8.51e-16 -1.94e-16 -2.14e-15
 0.000117 -2.11e-06 -3.58e-06 -4.58e-05 -9.09e-05 -2.78e-05 -6.28e-18 -6.28e-18         1 -3.79e-06  4.03e-18 -1.59e-05 -3.75e-05 -4.26e-06 -2.74e-05  -3.5e-06  -4.4e-06 -2.47e-05 -5.32e-05   4.4e-05  5.69e-06 -4.66e-05  7.34e-05   4.1e-06  0.000241 -3.39e-05  0.000117  7.46e-06 -4.48e-05  1.46e-05 -2.49e-05  4.83e-05  5.11e-05  1.74e-05 -8.32e-05  5.58e-05 -3.86e-08   1.6e-06 -9.08e-06  1.26e-05  -7.8e-07 -6.61e-05 -6.13e-06 -2.22e-05  0.000252   -0.0004 -8.69e-06  3.31e-05  0.000201  0.000413  0.000174 -4.43e-05   7.3e-05  9.86e-05  2.61e-05 -4.03e-05  8.06e-05 -3.61e-05 -1.49e-05  7.35e-05 -4.92e-05  0.000166 -3.67e-05 -1.71e-05  -2.8e-05 -2.58e-05 -0.000506 -0.000268  6.07e-06 -4.62e-05  1.24e-06 -1.82e-06 -2.05e-07 -1.32e-08 -1.35e-09 -0.000162 -6.16e-05  2.86e-06 -3.04e-06 -0.000182  -5.2e-05 -2.03e-05 -3.76e-06 -6.06e-05 -3.88e-05 -3.32e-05  7.64e-05 -5.18e-05 -5.74e-05 -0.000246  0.000292 -0.000282 -0.000211  0.000365 -0.000122 -6.76e-06 -0.000492 -0.000165 -0.000294 -5.03e-05 -3.15e-06 -0.000113 -2.15e-05 -8.52e-07 -0.000442 -8.96e-05 -2.14e-05 -0.000177
 0.000399 -5.49e-06 -1.02e-05 -4.11e-05 -8.23e-05 -2.66e-05 -8.67e-18 -8.67e-18 -3.79e-06         1  5.79e-18  -1.4e-05 -3.31e-05 -3.89e-06 -2.46e-05 -3.27e-06  -4.1e-06 -2.19e-05 -4.83e-05  7.28e-05  1.61e-05  2.92e-05  0.000165  1.88e-05  0.000412 -4.08e-05   0.00023   3.3e-05 -4.66e-05  6.68e-06 -2.19e-05  8.08e-05  0.000103  3.55e-05 -1.84e-05  0.000211 -6.21e-08  -3.7e-06 -3.28e-06  4.14e-06 -4.85e-07 -7.73e-05  -9.4e-05 -0.000274  0.000425 -0.000993 -7.42e-06 -7.19e-05  0.000448  0.000966  0.000389 -5.33e-05  0.000276  0.000375  4.13e-05 -3.59e-05   0.00026  -4.9e-05   5.6e-05  0.000205  -7.1e-05  0.000158 -2.92e-05  1.46e-06 -3.99e-05 -1.67e-05 -0.000734 -0.000125  8.29e-05  -6.3e-05   8.8e-07 -2.15e-06 -2.35e-07 -1.83e-08  -2.1e-09 -0.000282 -7.09e-05  4.53e-06 -6.73e-06 -0.000309 -8.89e-05 -2.63e-05 -5.34e-06 -7.17e-05 -6.41e-05 -4.44e-05 -0.000876 -3.53e-05 -6.71e-05  -0.00053  0.000876 -0.000353  -0.00042  0.000854 -0.000276 -2.85e-07 -0.000587 -0.000262 -0.000396 -7.35e-05 -6.31e-06  -0.00017 -4.02e-05 -1.28e-06 -0.000606 -0.000131 -4.67e-05 -0.000172
 1.45e-14  1.94e-17  1.37e-18 -6.85e-17 -1.49e-16 -3.83e-17  7.38e-29  7.38e-29  4.03e-18  5.79e-18         1 -2.67e-17  -6.7e-17 -7.77e-18 -4.57e-17 -5.39e-18 -6.74e-18  -4.4e-17 -8.94e-17 -4.39e-16 -5.73e-17 -8.48e-16  -8.7e-16 -1.42e-16 -3.47e-15  -1.5e-16  -6.6e-16 -1.51e-16 -7.39e-17 -2.22e-16 -1.28e-16 -2.77e-16 -2.11e-16 -1.56e-16 -1.62e-15 -1.15e-15  4.08e-20 -4.62e-17  2.15e-17 -3.96e-16   1.1e-18  -1.1e-17 -6.63e-16 -1.79e-15 -1.62e-15  -3.1e-15 -5.03e-18 -2.42e-16  4.36e-16  5.99e-17 -3.33e-18  3.43e-16  3.28e-16  6.76e-16 -3.95e-18  6.15e-16  5.72e-16  1.94e-16  3.24e-16  2.25e-17     1e-16  -7.5e-16 -3.36e-17 -9.32e-17 -1.35e-16 -5.06e-17  1.05e-15 -8.01e-16 -3.58e-16 -3.39e-17 -2.33e-18  7.82e-19  5.88e-19  6.79e-20  5.13e-21  5.73e-17 -1.37e-17 -1.58e-17   1.2e-17 -2.23e-17  8.62e-17  3.64e-17  4.86e-18  1.35e-16  -1.2e-16 -5.16e-17 -7.43e-15  2.57e-16  1.24e-16  5.01e-16 -1.79e-15  5.94e-16  3.92e-16  -1.4e-15  1.02e-16  1.14e-17 -4.73e-16 -2.97e-16 -9.96e-16 -3.08e-17 -1.11e-17 -2.43e-16 -2.39e-17  1.79e-18 -8.64e-16 -2.47e-16 -2.19e-17 -3.38e-16
  0.00131 -3.52e-05 -0.000178 -0.000741  -0.00157 -0.000462 -1.55e-16 -1.55e-16 -1.59e-05  -1.4e-05 -2.67e-17         1 -0.000684 -7.81e-05 -0.000459  -5.9e-05 -7.49e-05 -0.000452 -0.000957 -0.000104 -9.94e-06  -0.00171 -0.000341 -0.000166 -1.57e-05 -0.000519  0.000172 -0.000152 -0.000553 -2.38e-05 -0.000361   5.4e-05  3.21e-05 -8.23e-05  -0.00225 -0.000639 -3.84e-07 -5.98e-05 -7.62e-05 -0.000147 -6.08e-06 -0.000697  0.000143   0.00102  0.000675  -0.00115 -7.39e-05 -7.32e-05  -0.00234  -0.00354  -0.00111 -0.000307  -0.00146  -0.00209 -0.000152 -0.000839 -0.000998 -0.000227 -0.000581 -0.000655 -0.000575    0.0012  -0.00044 -0.000445 -0.000401 -0.000347  -0.00438  -0.00588  -0.00131 -0.000438 -1.38e-05 -1.68e-05 -7.61e-07 -6.56e-08 -1.11e-08  -0.00144 -0.000765 -8.81e-05 -1.48e-07  -0.00175 -0.000237 -0.000134 -3.37e-05 -0.000583 -0.000658 -0.000411 -0.000368 -0.000548   -0.0001   0.00194 -0.000171  0.000661 -2.42e-05  0.000854 -9.57e-05 -8.96e-05  -0.00685  -0.00207  -0.00482 -0.000681 -5.19e-05  -0.00153 -0.000267 -4.88e-06  -0.00611  -0.00132 -0.000221  -0.00306
  0.00598 -0.000113 -0.000466  -0.00185  -0.00418  -0.00125 -4.99e-16 -4.99e-16 -3.75e-05 -3.31e-05  -6.7e-17 -0.000684         1  -0.00021  -0.00116 -0.000153 -0.000194  -0.00121  -0.00258 -0.000151 -1.26e-05  -0.00309 -0.000598 -0.000342  -0.00153 -0.000911  0.000614 -0.000283  -0.00109 -0.000239 -0.000715  0.000195  0.000146 -0.000114  -0.00609  -0.00124 -9.58e-07 -0.000176  -0.00019 -0.000657 -1.14e-05  -0.00135 -0.000299  0.000585   0.00159  -0.00997 -0.000144 -0.000776  -0.00928   -0.0141  -0.00435  -0.00138  -0.00453  -0.00725  -0.00104  -0.00247  -0.00383 -0.000849  -0.00197  -0.00208    -0.002   0.00231   -0.0012  -0.00112  -0.00105 -0.000767   -0.0143   -0.0144  -0.00398   -0.0011 -6.98e-05 -4.07e-05 -1.68e-06 -1.04e-07 -2.47e-08  -0.00419  -0.00176 -0.000259 -4.38e-06  -0.00473 -0.000548 -0.000276 -7.14e-05  -0.00116  -0.00173  -0.00102  0.000188  -0.00121 -0.000402   0.00323 -0.000353 -8.06e-05 -0.000697   0.00237  -0.00319 -0.000246   -0.0163  -0.00531   -0.0117  -0.00167  -0.00011  -0.00378 -0.000642 -1.33e-05   -0.0152  -0.00342 -0.000614  -0.00817
 0.000754 -1.28e-05 -5.34e-05 -0.000211 -0.000476 -0.000143 -5.64e-17 -5.64e-17 -4.26e-06 -3.89e-06 -7.77e-18 -7.81e-05  -0.00021         1 -0.000133 -1.74e-05 -2.21e-05 -0.000138 -0.000293 -1.78e-05 -1.31e-06 -0.000356 -6.84e-05 -3.92e-05 -0.000165 -0.000105  7.03e-05 -3.23e-05 -0.000126 -2.68e-05 -8.24e-05   2.2e-05   1.7e-05 -1.33e-05  -0.00069  -0.00014  -1.1e-07 -2.02e-05 -2.13e-05 -7.39e-05  -1.3e-06 -0.000155 -3.23e-05  7.25e-05  0.000184  -0.00111 -1.65e-05 -8.76e-05  -0.00104  -0.00157 -0.000487 -0.000154  -0.00051 -0.000813 -0.000116 -0.000279 -0.000428 -9.54e-05  -0.00022 -0.000234 -0.000226  0.000266 -0.000136 -0.000128  -0.00012 -8.77e-05  -0.00162  -0.00164 -0.000451 -0.000126 -7.81e-06 -4.65e-06 -1.89e-07 -1.18e-08 -2.82e-09 -0.000478 -0.000202 -2.95e-05 -5.03e-07  -0.00054 -6.29e-05 -3.16e-05 -8.19e-06 -0.000133 -0.000197 -0.000117  1.53e-05 -0.000137 -4.31e-05   0.00038 -3.04e-05  7.49e-06 -7.67e-05  0.000279  -0.00035 -2.78e-05  -0.00187 -0.000608  -0.00134 -0.000191 -1.27e-05 -0.000433 -7.37e-05 -1.52e-06  -0.00174  -0.00039 -7.03e-05  -0.00093
  0.00119 -6.12e-05 -0.000298  -0.00125  -0.00266 -0.000788 -2.68e-16 -2.68e-16 -2.74e-05 -2.46e-05 -4.57e-17 -0.000459  -0.00116 -0.000133         1 -9.99e-05 -0.000127 -0.000768  -0.00163 -0.000161  -1.6e-05  -0.00279 -0.000551 -0.000274 -0.000288 -0.000849  0.000321 -0.000247 -0.000913  -6.3e-05 -0.000595  0.000104  6.87e-05 -0.000129  -0.00393  -0.00107  -6.5e-07 -0.000101 -0.000131 -0.000292 -1.01e-05  -0.00115  0.000126   0.00138   0.00112  -0.00303 -0.000123 -0.000196  -0.00415  -0.00627  -0.00193 -0.000584  -0.00248  -0.00362 -0.000314  -0.00144  -0.00176 -0.000416  -0.00102   -0.0011  -0.00103   0.00194 -0.000753 -0.000747  -0.00068 -0.000576  -0.00778  -0.00985  -0.00224 -0.000743 -2.64e-05 -2.83e-05 -1.35e-06 -1.12e-07 -1.87e-08   -0.0025  -0.00128 -0.000149 -1.79e-06  -0.00299 -0.000408 -0.000225 -5.66e-05 -0.000968  -0.00111 -0.000693  -0.00117 -0.000923 -0.000228   0.00289 -0.000262  0.000735 -0.000202   0.00147 -0.000533 -0.000153   -0.0115  -0.00351  -0.00806  -0.00114 -8.56e-05  -0.00258 -0.000449 -8.51e-06   -0.0103  -0.00223 -0.000378   -0.0052
 0.000326 -8.65e-06 -3.91e-05  -0.00016 -0.000349 -0.000104 -3.78e-17 -3.78e-17  -3.5e-06 -3.27e-06 -5.39e-18  -5.9e-05 -0.000153 -1.74e-05 -9.99e-05         1 -1.65e-05 -0.000101 -0.000214 -1.42e-05 -9.96e-07 -0.000316 -5.53e-05 -3.17e-05 -4.17e-05 -9.68e-05  5.39e-05 -2.74e-05 -0.000109 -1.14e-05 -7.07e-05  1.77e-05  1.39e-05 -1.22e-05 -0.000499 -0.000114 -8.43e-08 -1.38e-05 -1.65e-05 -4.19e-05 -1.18e-06 -0.000136  2.83e-06  0.000134  0.000161 -0.000562 -1.46e-05  -3.8e-05 -0.000615  -0.00092 -0.000282 -9.27e-05 -0.000337 -0.000512 -5.63e-05 -0.000195 -0.000256 -6.21e-05 -0.000143  -0.00015 -0.000148   0.00024 -9.96e-05 -9.56e-05 -8.89e-05 -7.11e-05   -0.0011  -0.00125 -0.000304 -9.66e-05 -4.25e-06 -3.64e-06 -1.65e-07 -1.23e-08 -2.32e-09 -0.000343 -0.000161    -2e-05 -4.49e-07 -0.000399 -5.25e-05 -2.74e-05  -6.9e-06 -0.000116 -0.000146 -8.95e-05 -2.36e-05 -0.000112 -2.98e-05  0.000332 -1.82e-06  5.77e-05 -4.64e-05  0.000226 -0.000146 -2.02e-05  -0.00146 -0.000458  -0.00103 -0.000147 -1.05e-05 -0.000332 -5.74e-05 -1.14e-06  -0.00133 -0.000291 -5.12e-05 -0.000682
 0.000436 -1.11e-05 -4.98e-05 -0.000203 -0.000443 -0.000132 -4.85e-17 -4.85e-17  -4.4e-06  -4.1e-06 -6.74e-18 -7.49e-05 -0.000194 -2.21e-05 -0.000127 -1.65e-05         1 -0.000128 -0.000272 -1.71e-05  -1.2e-06 -0.000395 -6.81e-05 -3.95e-05 -3.96e-05 -0.000121  6.86e-05 -3.43e-05 -0.000136 -1.37e-05 -8.89e-05  2.24e-05  1.77e-05 -1.51e-05 -0.000624  -0.00014 -1.07e-07 -1.77e-05 -2.09e-05 -5.13e-05 -1.48e-06 -0.000171  5.52e-06  0.000176  0.000204 -0.000687 -1.83e-05 -5.06e-05 -0.000798  -0.00119 -0.000367 -0.000118 -0.000432  -0.00066 -7.44e-05 -0.000249 -0.000332 -7.82e-05 -0.000183 -0.000192 -0.000188    0.0003 -0.000127 -0.000122 -0.000113 -8.98e-05  -0.00139  -0.00159 -0.000388 -0.000122 -5.48e-06  -4.6e-06 -2.06e-07 -1.52e-08 -2.93e-09 -0.000436 -0.000203 -2.57e-05 -5.22e-07 -0.000509 -6.59e-05 -3.43e-05 -8.69e-06 -0.000145 -0.000187 -0.000114  -2.2e-05 -0.000142 -3.81e-05  0.000418 -1.71e-07  6.71e-05 -5.93e-05  0.000288 -0.000197 -2.56e-05  -0.00185 -0.000583  -0.00131 -0.000187 -1.33e-05 -0.000422 -7.29e-05 -1.45e-06  -0.00169 -0.000372 -6.54e-05 -0.000867
  0.00457  -7.3e-05 -0.000308  -0.00122  -0.00275 -0.000824 -3.25e-16 -3.25e-16 -2.47e-05 -2.19e-05  -4.4e-17 -0.000452  -0.00121 -0.000138 -0.000768 -0.000101 -0.000128         1  -0.00169  -0.00011 -8.69e-06   -0.0021 -0.000415 -0.000233  -0.00103 -0.000619  0.000394 -0.000193 -0.000735 -0.000157  -0.00048  0.000124  8.99e-05 -8.18e-05  -0.00404 -0.000846  -6.3e-07 -0.000114 -0.000125 -0.000434 -7.72e-06 -0.000909 -0.000173  0.000462   0.00106  -0.00644 -9.69e-05 -0.000476  -0.00598  -0.00908  -0.00281 -0.000895  -0.00298  -0.00471 -0.000654  -0.00162  -0.00248 -0.000557  -0.00129  -0.00137  -0.00131   0.00159 -0.000785 -0.000739 -0.000686  -0.00051  -0.00937  -0.00952  -0.00261 -0.000725 -4.47e-05 -2.69e-05 -1.11e-06  -7.1e-08 -1.64e-08  -0.00273  -0.00117  -0.00017 -2.71e-06  -0.00308 -0.000363 -0.000185 -4.76e-05 -0.000782  -0.00113 -0.000673  0.000321 -0.000803 -0.000241   0.00229 -0.000257  0.000133 -0.000396   0.00155   -0.0019 -0.000162   -0.0108  -0.00348   -0.0077   -0.0011 -7.34e-05  -0.00249 -0.000423 -8.69e-06  -0.00997  -0.00223 -0.000399  -0.00537
  0.00937 -0.000158 -0.000652  -0.00259  -0.00585  -0.00175 -6.97e-16 -6.97e-16 -5.32e-05 -4.83e-05 -8.94e-17 -0.000957  -0.00258 -0.000293  -0.00163 -0.000214 -0.000272  -0.00169         1 -0.000187  -1.3e-05   -0.0043 -0.000784 -0.000472  -0.00196  -0.00128  0.000917 -0.000387  -0.00154 -0.000324    -0.001  0.000295  0.000229  -0.00015  -0.00846  -0.00167 -1.35e-06 -0.000244 -0.000266 -0.000905 -1.62e-05   -0.0019 -0.000408  0.000837   0.00236    -0.014 -0.000203  -0.00107   -0.0128   -0.0193  -0.00596  -0.00194  -0.00626     -0.01  -0.00143  -0.00346  -0.00529   -0.0012  -0.00274  -0.00286   -0.0028    0.0033  -0.00168  -0.00156  -0.00146  -0.00107   -0.0201   -0.0201  -0.00552  -0.00155 -9.64e-05 -5.73e-05  -2.4e-06  -1.5e-07  -3.5e-08  -0.00589  -0.00248 -0.000359 -7.67e-06  -0.00664 -0.000785 -0.000392 -0.000101  -0.00165  -0.00241  -0.00144  0.000444   -0.0017 -0.000566   0.00444 -0.000283 -0.000134  -0.00104   0.00352  -0.00443 -0.000344   -0.0229  -0.00745   -0.0164  -0.00234 -0.000155   -0.0053 -0.000903 -1.89e-05   -0.0213  -0.00478 -0.000863   -0.0114
   0.0149  0.000136 -4.82e-05 -0.000269 -0.000299 -2.82e-05  3.54e-16  3.54e-16   4.4e-05  7.28e-05 -4.39e-16 -0.000104 -0.000151 -1.78e-05 -0.000161 -1.42e-05 -1.71e-05  -0.00011 -0.000187         1 -0.000364  -0.00757  -0.00594  -0.00121   -0.0225  -0.00143  -0.00471  -0.00115 -0.000802  -0.00131 -0.000711  -0.00188  -0.00201   -0.0013   -0.0108  -0.00816  5.79e-07 -7.44e-05  6.44e-05  -0.00252 -3.19e-06 -0.000664  -0.00199  -0.00429  -0.00974   -0.0118 -6.54e-05 -0.000189  0.000496  -0.00497  -0.00185   0.00151  -0.00192  1.52e-05    0.0006   0.00125  0.000526  0.000681  0.000353   -0.0021  0.000562  -0.00147  0.000413 -0.000381 -1.75e-06 -0.000249   0.00649  -0.00534  -0.00194  0.000439 -1.25e-05  1.38e-05  2.88e-06  6.01e-08  1.43e-08   0.00355 -4.04e-05 -0.000101  8.38e-05   0.00377  0.000789  8.97e-05  9.33e-06 -9.12e-05  0.000548  0.000267   -0.0271  0.000333   0.00142    0.0118    -0.015    0.0123   0.00685   -0.0137    0.0104  3.09e-05   0.00188   0.00206   0.00032  0.000412 -5.29e-05  0.000759   0.00015  1.93e-05    0.0032   0.00109  0.000515 -0.000424
  0.00296  1.64e-05  5.78e-06 -2.75e-05 -2.28e-05  1.86e-06  4.93e-17  4.93e-17  5.69e-06  1.61e-05 -5.73e-17 -9.94e-06 -1.26e-05 -1.31e-06  -1.6e-05 -9.96e-07  -1.2e-06 -8.69e-06  -1.3e-05 -0.000364         1 -0.000988 -0.000803 -0.000146   -0.0026 -0.000173 -0.000718 -0.000165 -8.64e-05 -0.000114 -8.65e-05 -0.000268 -0.000296 -0.000173  -0.00122  -0.00116  8.34e-08 -5.47e-06 -3.73e-06 -0.000233 -7.54e-07 -5.38e-05 -0.000176 -0.000323   -0.0016  0.000198 -8.08e-06 -7.36e-05 -0.000334  -0.00132 -0.000542  0.000263 -0.000307 -0.000296 -2.06e-05  0.000218  -0.00015  0.000166  3.72e-05 -0.000328  0.000189 -0.000565  2.36e-05 -6.85e-05  7.49e-06  -3.8e-05   0.00171 -0.000749 -0.000236  6.81e-05 -1.53e-06  2.63e-06  2.35e-07  2.01e-09   1.9e-09  0.000509  1.51e-05 -1.46e-05  1.42e-05   0.00046  0.000139  2.29e-05  1.45e-06 -8.09e-06  5.72e-05  2.97e-05  -0.00554 -2.91e-05  -1.3e-05  0.000882  -0.00246  0.000532  0.000754  -0.00236  0.000709 -3.45e-07  0.000226  0.000229 -2.03e-05  5.87e-05 -2.27e-06  7.81e-05  2.85e-05  2.43e-06  0.000247  6.25e-05  7.47e-05 -3.61e-05
   0.0614  0.000279 -0.000829  -0.00477  -0.00734  -0.00189  7.13e-16  7.13e-16 -4.66e-05  2.92e-05 -8.48e-16  -0.00171  -0.00309 -0.000356  -0.00279 -0.000316 -0.000395   -0.0021   -0.0043  -0.00757 -0.000988         1   -0.0171  -0.00449   -0.0457     -0.01   -0.0103  -0.00427  -0.00784  -0.00189  -0.00509  -0.00387  -0.00481   -0.0042   -0.0393   -0.0266 -9.54e-07  2.07e-05 -0.000584  -0.00522 -9.35e-05  -0.00959 -7.95e-05   0.00742   -0.0178   0.00203  -0.00102   0.00282    0.0148   0.00879   0.00277   0.00469  -0.00619   0.00213    0.0055  -0.00156   0.00422   0.00133 -0.000106  -0.00499   0.00163    0.0091 -0.000605  -0.00297  -0.00123  -0.00329    0.0086   -0.0473  -0.00459  -0.00121  0.000139 -7.63e-05 -6.54e-06 -1.53e-06 -9.94e-08   0.00525  -0.00577 -0.000293  0.000145   0.00281 -0.000516  -0.00143 -0.000355  -0.00757 -0.000569  -0.00138    -0.103  -0.00612  0.000599    0.0394   -0.0369    0.0337    0.0161   -0.0314    0.0436 -0.000371   -0.0366  -0.00356   -0.0225  -0.00277 -0.000535  -0.00582  -0.00124  1.66e-05   -0.0225  -0.00229  0.000829   -0.0136
   0.0454  0.000271 -0.000108 -0.000926   -0.0013 -0.000255  6.89e-16  6.89e-16  7.34e-05  0.000165  -8.7e-16 -0.000341 -0.000598 -6.84e-05 -0.000551 -5.53e-05 -6.81e-05 -0.000415 -0.000784  -0.00594 -0.000803   -0.0171         1   -0.0026   -0.0456  -0.00336  -0.00984  -0.00254  -0.00206  -0.00247  -0.00169  -0.00383  -0.00423  -0.00276   -0.0235   -0.0178  1.03e-06 -0.000101  4.63e-06  -0.00498 -1.59e-05  -0.00191  -0.00357  -0.00706   -0.0204   -0.0201 -0.000212 -8.87e-05 -4.72e-05   -0.0123  -0.00457   0.00301  -0.00486  -0.00167   0.00114   0.00205  2.95e-05   0.00139  0.000195  -0.00476   0.00122  -0.00276  0.000561  -0.00104 -6.63e-05 -0.000763    0.0132   -0.0143  -0.00424  0.000734 -2.04e-05     2e-05  4.05e-06 -4.53e-08  1.81e-08   0.00709 -0.000501 -0.000217  0.000175   0.00723   0.00152  6.43e-05 -1.06e-05 -0.000799   0.00101  0.000383    -0.061 -0.000197   0.00201     0.023   -0.0332    0.0219    0.0136   -0.0301    0.0206 -2.01e-05  0.000688   0.00361 -0.000947  0.000597 -0.000117   0.00102  0.000242  3.63e-05   0.00401   0.00172   0.00108  -0.00215
   0.0014  5.16e-05 -7.78e-05 -0.000461 -0.000784 -0.000206  8.73e-17  8.73e-17   4.1e-06  1.88e-05 -1.42e-16 -0.000166 -0.000342 -3.92e-05 -0.000274 -3.17e-05 -3.95e-05 -0.000233 -0.000472  -0.00121 -0.000146  -0.00449   -0.0026         1   -0.0102  -0.00101  -0.00169 -0.000569 -0.000756  -0.00058 -0.000502 -0.000656 -0.000805 -0.000602  -0.00637  -0.00392  7.78e-08  3.83e-06 -4.27e-05  -0.00126 -8.34e-06 -0.000868 -0.000693  -0.00113  -0.00312  -0.00818 -9.44e-05  0.000314  0.000422  -0.00193 -0.000487  0.000233  -0.00154  -0.00064  0.000493 -0.000258 -7.83e-05 -5.83e-05 -0.000369  -0.00115 -0.000187   0.00101  4.42e-05 -0.000302 -6.04e-05 -0.000291  -0.00092  -0.00492  -0.00111  1.24e-05 -4.08e-06  -4.3e-06  2.33e-08 -1.14e-07 -4.94e-09   0.00116 -0.000448 -4.71e-05  2.43e-05    0.0013  0.000102 -0.000112 -2.36e-05 -0.000608   0.00021  2.39e-06  -0.00846 -0.000407    0.0005    0.0062   -0.0064   0.00611   0.00293  -0.00535   0.00604 -4.61e-05  -0.00173  0.000551 -0.000816 -4.92e-05 -4.52e-05 -1.51e-05 -2.18e-05  5.38e-06 -3.51e-05  0.000362   0.00022  -0.00136
    0.176   0.00118   0.00074 -0.000299  -0.00286  -0.00087  2.18e-15  2.18e-15  0.000241  0.000412 -3.47e-15 -1.57e-05  -0.00153 -0.000165 -0.000288 -4.17e-05 -3.96e-05  -0.00103  -0.00196   -0.0225   -0.0026   -0.0457   -0.0456   -0.0102         1  -0.00603   -0.0314  -0.00759  -0.00262   -0.0183  -0.00241   -0.0124    -0.014  -0.00917     -0.13   -0.0687  6.29e-06  8.62e-05  0.000239   -0.0355 -9.34e-06 -0.000828   -0.0423    -0.116   -0.0753    -0.414 -0.000291  -0.00645   -0.0106   -0.0678   -0.0136  -0.00537   -0.0181  -0.00803  -0.00052   0.00372  -0.00239   -0.0057  -0.00759    -0.017   -0.0115  -0.00964   0.00371 -0.000407   0.00139   0.00039   -0.0597    -0.015   -0.0212   0.00418  -0.00066  0.000112  1.32e-05  1.81e-07  1.33e-07    0.0242   0.00351 -0.000294  0.000279    0.0371   0.00429   0.00037   0.00023   0.00236    0.0105   0.00476     -0.19   0.00551   0.00815    0.0491    -0.121    0.0713    0.0365    -0.104    0.0542 -0.000208    0.0692    0.0316    0.0484   0.00838  0.000105    0.0186   0.00318  0.000132    0.0744    0.0205   0.00521  -0.00218
   0.0376  4.21e-05 -0.000262  -0.00146  -0.00221  -0.00058   1.6e-16   1.6e-16 -3.39e-05 -4.08e-05  -1.5e-16 -0.000519 -0.000911 -0.000105 -0.000849 -9.68e-05 -0.000121 -0.000619  -0.00128  -0.00143 -0.000173     -0.01  -0.00336  -0.00101  -0.00603         1  -0.00145 -0.000946  -0.00237 -0.000129  -0.00149 -0.000545 -0.000698 -0.000884  -0.00866  -0.00552 -6.12e-07  4.96e-06 -0.000189 -0.000741  -2.9e-05  -0.00304  0.000434   0.00324  -0.00206    0.0053 -0.000319  0.000709   0.00693   0.00873   0.00295   0.00132 -3.17e-06   0.00272   0.00182 -0.000515   0.00255   0.00035  0.000447 -0.000124  0.000537   0.00329  -0.00033 -0.000798 -0.000495  -0.00101   0.00151   -0.0132 -0.000324 -0.000648  6.19e-05 -3.15e-05 -3.23e-06  -5.3e-07 -3.94e-08  8.94e-05  -0.00196 -4.18e-05  8.78e-06 -0.000983 -0.000583 -0.000525 -0.000127  -0.00251 -0.000544 -0.000633   -0.0307  -0.00202 -0.000364   0.00764  -0.00485   0.00631    0.0021  -0.00384    0.0103 -9.68e-05   -0.0136  -0.00249  -0.00853  -0.00119 -0.000176  -0.00258 -0.000554 -2.74e-06  -0.00982  -0.00146 -1.94e-05   -0.0042
    0.063  0.000239  0.000121  0.000513   0.00153  0.000575  6.96e-16  6.96e-16  0.000117   0.00023  -6.6e-16  0.000172  0.000614  7.03e-05  0.000321  5.39e-05  6.86e-05  0.000394  0.000917  -0.00471 -0.000718   -0.0103  -0.00984  -0.00169   -0.0314  -0.00145         1  -0.00191 -0.000337  -0.00146 -0.000596  -0.00366  -0.00402  -0.00218   -0.0114   -0.0132  1.59e-06 -6.13e-05  0.000149  -0.00269  3.87e-06  0.000282  -0.00121  -0.00149   -0.0201    0.0101   3.9e-05 -0.000379   -0.0038   -0.0163  -0.00705   0.00371  -0.00421  -0.00308  0.000115   0.00302  -0.00177   0.00231  0.000834  -0.00454   0.00288  -0.00687   0.00106  -0.00037  0.000627 -1.92e-06    0.0267   -0.0032  -0.00226   0.00155 -1.05e-05  5.68e-05  6.49e-06  2.52e-07  4.39e-08   0.00875   0.00112 -0.000169  0.000202   0.00876   0.00231  0.000535  7.76e-05  0.000824   0.00148  0.000955   -0.0482  0.000729   0.00174    0.0178   -0.0304    0.0157    0.0131   -0.0303    0.0143   0.00013     0.011   0.00587   0.00545   0.00154  1.38e-05   0.00306  0.000691  4.25e-05    0.0116   0.00277   0.00125   0.00315
   0.0114  4.77e-05 -6.52e-05 -0.000417  -0.00065 -0.000158  1.09e-16  1.09e-16  7.46e-06   3.3e-05 -1.51e-16 -0.000152 -0.000283 -3.23e-05 -0.000247 -2.74e-05 -3.43e-05 -0.000193 -0.000387  -0.00115 -0.000165  -0.00427  -0.00254 -0.000569  -0.00759 -0.000946  -0.00191         1 -0.000684 -0.000345 -0.000496 -0.000722  -0.00085 -0.000585  -0.00482  -0.00375  8.19e-08 -1.15e-05 -4.13e-05 -0.000782 -7.39e-06 -0.000746 -0.000145  0.000434  -0.00362  0.000206 -8.25e-05  0.000289  3.32e-05  -0.00237 -0.000961  0.000664  -0.00139 -0.000786  0.000373  0.000105 -0.000206  0.000291  -0.00011  -0.00112  0.000294   0.00017 -6.68e-06 -0.000349 -8.22e-05 -0.000302   0.00263  -0.00487 -0.000959  2.71e-05  5.37e-06  -1.8e-06  2.38e-07 -7.53e-08 -2.38e-09   0.00123 -0.000399 -5.56e-05  3.68e-05   0.00107   0.00022 -5.76e-05  -1.9e-05 -0.000504  5.53e-05 -4.39e-05   -0.0111  -0.00041  0.000299    0.0056  -0.00682   0.00463    0.0029  -0.00602   0.00499 -3.57e-05   -0.0023  0.000201  -0.00162   -0.0001 -4.15e-05 -0.000238 -2.96e-05  5.73e-06  -0.00102  9.02e-06  0.000192  -0.00117
 -0.00285  9.87e-06 -0.000278  -0.00154  -0.00261 -0.000723  4.27e-18  4.27e-18 -4.48e-05 -4.66e-05 -7.39e-17 -0.000553  -0.00109 -0.000126 -0.000913 -0.000109 -0.000136 -0.000735  -0.00154 -0.000802 -8.64e-05  -0.00784  -0.00206 -0.000756  -0.00262  -0.00237 -0.000337 -0.000684         1 -7.69e-06   -0.0013 -0.000108 -0.000245 -0.000562  -0.00712  -0.00369 -7.38e-07 -1.71e-06 -0.000201  -0.00047 -2.66e-05  -0.00273  0.000683   0.00356  0.000576   0.00216 -0.000295   0.00104   0.00483   0.00649   0.00239  0.000496 -0.000683   0.00123   0.00147  -0.00108   0.00158 -0.000108 -0.000171 -0.000215 -0.000182   0.00434 -0.000551  -0.00082 -0.000605 -0.000969  -0.00375    -0.013 -0.000833 -0.000825  4.71e-05 -3.81e-05 -3.28e-06 -4.42e-07 -3.73e-08  -0.00111  -0.00198 -5.14e-05 -5.88e-06  -0.00197 -0.000729 -0.000521 -0.000117  -0.00227 -0.000758 -0.000733   -0.0135  -0.00184 -0.000225   0.00671  -0.00213   0.00514   0.00113 -0.000423   0.00797 -0.000144   -0.0145  -0.00309  -0.00894  -0.00131 -0.000157  -0.00279 -0.000568 -7.15e-06   -0.0108  -0.00176 -0.000163  -0.00497
  -0.0101  5.35e-05 -4.44e-06 -7.24e-05 -0.000482 -0.000161  4.42e-17  4.42e-17  1.46e-05  6.68e-06 -2.22e-16 -2.38e-05 -0.000239 -2.68e-05  -6.3e-05 -1.14e-05 -1.37e-05 -0.000157 -0.000324  -0.00131 -0.000114  -0.00189  -0.00247  -0.00058   -0.0183 -0.000129  -0.00146 -0.000345 -7.69e-06         1 -4.67e-05 -0.000639 -0.000672 -0.000467  -0.00862   -0.0036  3.25e-07 -3.55e-05  4.39e-05  -0.00257  3.05e-06  0.000139  -0.00331  -0.00923  -0.00379   -0.0343  8.33e-06 -0.000788  -0.00205  -0.00592  -0.00114 -0.000889   -0.0014  -0.00103 -0.000296 -8.63e-05 -0.000435 -0.000707 -0.000726   -0.0011  -0.00137 -0.000311   0.00018 -8.31e-06 -1.91e-05  9.08e-05  -0.00814 -0.000759  -0.00185  0.000171 -6.54e-05  4.54e-06  1.25e-06  7.55e-08  9.95e-09  0.000717  0.000231 -4.47e-05  4.91e-06   0.00178  0.000173  3.54e-05  2.11e-05  0.000345  0.000522  0.000256  -0.00741   0.00064  0.000797   0.00294  -0.00577   0.00516   0.00181  -0.00438   0.00222 -1.79e-05   0.00425   0.00162   0.00279  0.000459  5.73e-06   0.00103   0.00016   6.7e-06   0.00427   0.00115  0.000209 -0.000731
  0.00166  1.65e-05  -0.00017 -0.000998   -0.0017 -0.000468  5.42e-17  5.42e-17 -2.49e-05 -2.19e-05 -1.28e-16 -0.000361 -0.000715 -8.24e-05 -0.000595 -7.07e-05 -8.89e-05  -0.00048    -0.001 -0.000711 -8.65e-05  -0.00509  -0.00169 -0.000502  -0.00241  -0.00149 -0.000596 -0.000496   -0.0013 -4.67e-05         1 -0.000232 -0.000242 -0.000406  -0.00462  -0.00273 -4.49e-07 -4.67e-05 -0.000102 -0.000327 -1.47e-05  -0.00162  0.000233   0.00168 -0.000518   0.00242 -0.000179  0.000565   0.00332   0.00434   0.00147   0.00068 -5.29e-05   0.00134  0.000888 -7.41e-05   0.00145  0.000176  0.000242 -2.59e-05  8.51e-05   0.00207 -0.000406 -0.000593 -0.000511 -0.000641 -0.000691  -0.00853 -0.000731 -0.000565  3.29e-05 -2.33e-05 -1.41e-06 -1.85e-07 -1.75e-08 -0.000795  -0.00123  -4.5e-05     8e-06  -0.00149 -0.000373 -0.000275 -6.57e-05  -0.00122 -0.000667 -0.000533   -0.0117 -0.000874 -1.28e-05   0.00446  -0.00215   0.00331  0.000912 -0.000783   0.00459 -7.79e-05  -0.00979   -0.0024  -0.00679 -0.000887 -0.000105  -0.00206 -0.000384  -3.5e-06  -0.00796  -0.00147 -0.000158  -0.00332
   0.0242  8.62e-05  1.15e-05  0.000173  0.000505  0.000195  2.53e-16  2.53e-16  4.83e-05  8.08e-05 -2.77e-16   5.4e-05  0.000195   2.2e-05  0.000104  1.77e-05  2.24e-05  0.000124  0.000295  -0.00188 -0.000268  -0.00387  -0.00383 -0.000656   -0.0124 -0.000545  -0.00366 -0.000722 -0.000108 -0.000639 -0.000232         1  -0.00153 -0.000847   -0.0045  -0.00497  5.86e-07 -5.72e-05  8.38e-05  -0.00113  3.42e-06  0.000149 -0.000658  -0.00104  -0.00775    0.0027  2.67e-05 -0.000382  -0.00172  -0.00654  -0.00279   0.00145  -0.00158  -0.00108  1.62e-06    0.0012 -0.000561  0.000897  0.000422  -0.00173   0.00103  -0.00274  0.000414 -0.000154  0.000178  1.29e-05   0.00987  -0.00137  -0.00104  0.000569 -9.76e-06  2.18e-05  2.95e-06  1.35e-07  1.82e-08   0.00316   0.00042 -8.41e-05  7.79e-05   0.00316  0.000891  0.000224  3.22e-05  0.000396  0.000457  0.000334   -0.0191  0.000439  0.000875    0.0074   -0.0111   0.00698   0.00513   -0.0111   0.00549  6.25e-05   0.00387     0.002   0.00155  0.000531 -3.22e-06   0.00101  0.000228  1.66e-05   0.00393  0.000914  0.000423   0.00101
   0.0249  9.23e-05 -4.33e-06  0.000106  0.000404   0.00017  2.02e-16  2.02e-16  5.11e-05  0.000103 -2.11e-16  3.21e-05  0.000146   1.7e-05  6.87e-05  1.39e-05  1.77e-05  8.99e-05  0.000229  -0.00201 -0.000296  -0.00481  -0.00423 -0.000805    -0.014 -0.000698  -0.00402  -0.00085 -0.000245 -0.000672 -0.000242  -0.00153         1 -0.000982  -0.00562  -0.00577   6.8e-07  7.76e-06  3.52e-05  -0.00129 -7.67e-07 -4.63e-05 -0.000141  0.000675  -0.00806   0.00309  5.55e-06  8.64e-05  -0.00347   -0.0102  -0.00399   0.00112  -0.00332  -0.00326   2.6e-05  0.000339  -0.00202   0.00067 -0.000354  -0.00272  0.000853  -0.00182   0.00049 -0.000192  0.000376 -2.24e-05   0.00887  -0.00246  -0.00139  0.000719 -1.64e-05  2.26e-05  2.55e-06  3.31e-08  1.35e-08   0.00401  0.000373 -9.86e-05  8.55e-05   0.00424  0.000991   0.00018   2.6e-05  0.000108  0.000803  0.000472    -0.013 -1.41e-05  0.000954   0.00996   -0.0136   0.00892   0.00652   -0.0135   0.00791  1.92e-05   0.00477   0.00304   0.00314  0.000682  5.48e-06    0.0016  0.000325  1.87e-05   0.00598   0.00157  0.000627  0.000978
   0.0125  5.72e-05 -4.75e-05 -0.000224 -0.000251 -3.91e-05  1.41e-16  1.41e-16  1.74e-05  3.55e-05 -1.56e-16 -8.23e-05 -0.000114 -1.33e-05 -0.000129 -1.22e-05 -1.51e-05 -8.18e-05  -0.00015   -0.0013 -0.000173   -0.0042  -0.00276 -0.000602  -0.00917 -0.000884  -0.00218 -0.000585 -0.000562 -0.000467 -0.000406 -0.000847 -0.000982         1  -0.00495  -0.00393  2.15e-07 -5.23e-06 -7.04e-06 -0.000975 -5.18e-06 -0.000583 -0.000377 -0.000226   -0.0043  -0.00129 -5.73e-05  9.88e-05  0.000107  -0.00256  -0.00102  0.000725  -0.00134 -0.000569   0.00039  0.000181 -0.000142  0.000321 -1.89e-05  -0.00119  0.000374 -0.000216  0.000181 -0.000226   5.2e-05  -0.00019   0.00357  -0.00352 -0.000787    0.0002  8.64e-07  4.38e-06  7.27e-07 -6.61e-08  2.34e-10   0.00183  -0.00018 -5.06e-05  3.93e-05   0.00182  0.000331 -1.49e-05 -9.89e-06 -0.000366  0.000286  0.000106   -0.0127 -0.000253  0.000485   0.00612  -0.00728   0.00581   0.00341  -0.00686   0.00577 -4.12e-06 -8.45e-05  0.000975  -6.9e-05  0.000116 -3.28e-05  0.000282  4.63e-05  8.45e-06   0.00111  0.000509   0.00028 -0.000377
   0.0405  0.000311 -0.000937  -0.00637   -0.0138  -0.00409 -2.97e-17 -2.97e-17 -8.32e-05 -1.84e-05 -1.62e-15  -0.00225  -0.00609  -0.00069  -0.00393 -0.000499 -0.000624  -0.00404  -0.00846   -0.0108  -0.00122   -0.0393   -0.0235  -0.00637     -0.13  -0.00866   -0.0114  -0.00482  -0.00712  -0.00862  -0.00462   -0.0045  -0.00562  -0.00495         1   -0.0383 -5.28e-07 -0.000136 -0.000741   -0.0182 -8.27e-05   -0.0082   -0.0192   -0.0477   -0.0261    -0.216 -0.000997  -0.00241   -0.0107   -0.0395  -0.00718  -0.00556   -0.0165   -0.0137  0.000592    -0.006  -0.00485  -0.00532  -0.00805   -0.0107   -0.0102    0.0095  -0.00167  -0.00347  -0.00225  -0.00297   -0.0693   -0.0551   -0.0173  -0.00187 -0.000345 -0.000106    -7e-06 -1.24e-06 -7.51e-08 -0.000114  -0.00545 -0.000581   3.5e-05   0.00355  -0.00113  -0.00155  -0.00028  -0.00588  0.000546  -0.00106     -0.11  -0.00393   0.00109    0.0322   -0.0541     0.034    0.0129   -0.0383    0.0296 -0.000875   -0.0245 -0.000971   -0.0136  -0.00166  -0.00042  -0.00334 -0.000802  1.08e-05    -0.013  0.000154  0.000879   -0.0251
   0.0708   0.00039 -7.78e-05  -0.00182  -0.00282 -0.000667  9.53e-16  9.53e-16  5.58e-05  0.000211 -1.15e-15 -0.000639  -0.00124  -0.00014  -0.00107 -0.000114  -0.00014 -0.000846  -0.00167  -0.00816  -0.00116   -0.0266   -0.0178  -0.00392   -0.0687  -0.00552   -0.0132  -0.00375  -0.00369   -0.0036  -0.00273  -0.00497  -0.00577  -0.00393   -0.0383         1  1.19e-06  2.11e-05 -0.000228  -0.00767 -4.14e-05  -0.00381  -0.00597   -0.0126    -0.028   -0.0433 -0.000464  0.000301   0.00192   -0.0149  -0.00486    0.0032  -0.00683  -0.00255   0.00183   0.00183 -6.53e-05   0.00119 -0.000718  -0.00644  0.000939  -0.00225  0.000433  -0.00161 -0.000102  -0.00141    0.0111   -0.0237  -0.00579  0.000698 -2.71e-05  9.31e-06  1.01e-06 -4.89e-07 -7.45e-10   0.00934  -0.00138  -0.00022  0.000205   0.00965   0.00153 -0.000263 -7.84e-05  -0.00237   0.00171  0.000401   -0.0974  -0.00175   0.00104    0.0268   -0.0483     0.024    0.0164   -0.0433     0.028  -0.00017  -0.00168   0.00493  -0.00121  0.000661 -0.000173    0.0012  0.000273  4.19e-05   0.00428   0.00246   0.00162  -0.00472
 8.27e-06 -9.21e-08 -2.61e-07 -1.05e-06 -2.22e-06 -6.68e-07 -2.73e-19 -2.73e-19 -3.86e-08 -6.21e-08  4.08e-20 -3.84e-07 -9.58e-07  -1.1e-07  -6.5e-07 -8.43e-08 -1.07e-07  -6.3e-07 -1.35e-06  5.79e-07  8.34e-08 -9.54e-07  1.03e-06  7.78e-08  6.29e-06 -6.12e-07  1.59e-06  8.19e-08 -7.38e-07  3.25e-07 -4.49e-07  5.86e-07   6.8e-07  2.15e-07 -5.28e-07  1.19e-06         1 -9.56e-08 -1.21e-07  4.77e-07 -8.61e-09 -1.03e-06  3.73e-07  1.68e-06  3.33e-06  1.83e-06 -1.06e-07 -5.43e-07 -1.85e-06 -7.84e-07 -1.05e-07 -5.09e-07 -4.21e-07 -1.43e-06 -2.67e-07 -1.16e-06 -5.04e-07 -3.21e-07 -3.88e-07  2.58e-07 -7.52e-07  1.54e-06 -7.77e-07  -5.5e-07  -6.9e-07 -4.81e-07 -6.84e-06 -7.36e-06 -9.85e-07  -8.6e-07 -9.22e-09 -2.97e-08 -2.22e-09  -1.5e-10 -2.35e-11 -3.44e-06 -1.22e-06 -9.26e-08 -3.01e-08 -4.21e-06  -6.8e-07 -2.49e-07 -6.41e-08 -9.67e-07  -1.3e-06 -7.78e-07 -4.54e-06 -9.33e-07 -8.35e-07 -2.05e-06  4.97e-06  -3.7e-06  -2.8e-06  5.73e-06 -3.76e-06 -1.12e-07 -1.18e-05 -4.29e-06 -8.44e-06 -1.27e-06 -8.28e-08 -2.94e-06 -5.38e-07 -1.39e-08 -1.15e-05 -2.66e-06 -5.67e-07 -4.48e-06
  0.00229 -1.61e-05 -6.02e-05 -0.000151 -0.000387 -0.000116 -4.31e-17 -4.31e-17   1.6e-06  -3.7e-06 -4.62e-17 -5.98e-05 -0.000176 -2.02e-05 -0.000101 -1.38e-05 -1.77e-05 -0.000114 -0.000244 -7.44e-05 -5.47e-06  2.07e-05 -0.000101  3.83e-06  8.62e-05  4.96e-06 -6.13e-05 -1.15e-05 -1.71e-06 -3.55e-05 -4.67e-05 -5.72e-05  7.76e-06 -5.23e-06 -0.000136  2.11e-05 -9.56e-08         1  1.28e-05 -2.19e-05  1.92e-06  3.73e-05  -0.00017 -0.000337  -0.00027  0.000177  8.65e-06 -0.000398  -0.00134  -0.00187 -0.000697  6.59e-05 -0.000203 -0.000553  -0.00025  7.41e-05 -0.000247  7.87e-05  5.84e-05  -0.00012 -7.92e-05 -0.000479 -0.000133 -0.000125 -0.000178 -4.45e-05 -0.000278  -0.00119 -0.000496 -0.000118 -1.06e-05 -2.03e-06  4.34e-07  6.05e-08  1.47e-09 -0.000599 -0.000106 -4.42e-05     5e-06 -0.000758  1.31e-05  2.92e-05  7.82e-07  8.77e-05 -0.000334 -0.000141  -0.00275  0.000116  3.83e-05  0.000105  0.000219 -0.000162 -0.000128  0.000397  -0.00124  -3.6e-06  -0.00182 -0.000889  -0.00186 -0.000208 -1.32e-05 -0.000583 -8.96e-05    -8e-07  -0.00224  -0.00062  -0.00013 -0.000831
  0.00362 -1.14e-05 -3.17e-05 -0.000217 -0.000443 -0.000132 -4.94e-17 -4.94e-17 -9.08e-06 -3.28e-06  2.15e-17 -7.62e-05  -0.00019 -2.13e-05 -0.000131 -1.65e-05 -2.09e-05 -0.000125 -0.000266  6.44e-05 -3.73e-06 -0.000584  4.63e-06 -4.27e-05  0.000239 -0.000189  0.000149 -4.13e-05 -0.000201  4.39e-05 -0.000102  8.38e-05  3.52e-05 -7.04e-06 -0.000741 -0.000228 -1.21e-07  1.28e-05         1  4.13e-06 -3.85e-06 -0.000277  0.000101  0.000433  0.000314 -0.000368 -3.43e-05  4.06e-05 -0.000623 -0.000956 -0.000259 -0.000199 -0.000456 -0.000794  -5.1e-05 -0.000401 -0.000461 -0.000125 -0.000302 -0.000177 -0.000172  0.000414 -0.000144 -0.000116 -6.58e-05 -0.000113  -0.00153   -0.0017 -0.000224 -0.000124 -2.65e-06 -5.59e-06 -8.29e-07 -7.73e-08  -6.4e-09  -0.00037 -0.000243 -1.12e-05 -4.47e-06 -0.000455 -0.000113 -7.04e-05 -1.58e-05 -0.000301 -0.000108 -0.000103  -0.00112 -0.000372 -0.000317 -0.000411 -0.000199  -0.00104  -0.00037  1.17e-05 -0.000354 -3.96e-05  -0.00184 -0.000462 -0.000987 -0.000173 -9.84e-06 -0.000353 -6.28e-05 -2.35e-06  -0.00151 -0.000295 -3.16e-05 -0.000836
   -0.013  0.000105 -3.07e-05 -0.000436  -0.00141 -0.000449  7.71e-17  7.71e-17  1.26e-05  4.14e-06 -3.96e-16 -0.000147 -0.000657 -7.39e-05 -0.000292 -4.19e-05 -5.13e-05 -0.000434 -0.000905  -0.00252 -0.000233  -0.00522  -0.00498  -0.00126   -0.0355 -0.000741  -0.00269 -0.000782  -0.00047  -0.00257 -0.000327  -0.00113  -0.00129 -0.000975   -0.0182  -0.00767  4.77e-07 -2.19e-05  4.13e-06         1 -2.21e-06 -0.000361   -0.0062    -0.017  -0.00685   -0.0668 -5.94e-05  -0.00116  -0.00284  -0.00992  -0.00155  -0.00184  -0.00289  -0.00199 -0.000272 -0.000639 -0.000755  -0.00152  -0.00167  -0.00213  -0.00275  0.000511  0.000223 -0.000144 -7.49e-05 -2.46e-05   -0.0173  -0.00386  -0.00353  0.000175 -0.000115  2.21e-08  9.17e-07  -2.1e-08   7.6e-09   0.00123  3.81e-05  -7.2e-05  4.19e-07   0.00317  0.000115 -8.22e-05  1.02e-05  4.67e-05   0.00101  0.000385   -0.0169  0.000598   0.00114    0.0057   -0.0116   0.00942   0.00322  -0.00867   0.00553 -8.39e-05   0.00578   0.00281   0.00442  0.000684 -1.06e-05   0.00164  0.000228  1.02e-05   0.00676   0.00207  0.000424  -0.00228
-6.42e-05  1.94e-07 -1.94e-06 -1.75e-05  -2.8e-05 -7.79e-06 -6.37e-20 -6.37e-20  -7.8e-07 -4.85e-07   1.1e-18 -6.08e-06 -1.14e-05  -1.3e-06 -1.01e-05 -1.18e-06 -1.48e-06 -7.72e-06 -1.62e-05 -3.19e-06 -7.54e-07 -9.35e-05 -1.59e-05 -8.34e-06 -9.34e-06  -2.9e-05  3.87e-06 -7.39e-06 -2.66e-05  3.05e-06 -1.47e-05  3.42e-06 -7.67e-07 -5.18e-06 -8.27e-05 -4.14e-05 -8.61e-09  1.92e-06 -3.85e-06 -2.21e-06         1 -3.61e-05  1.53e-05  5.91e-05  2.45e-05  2.47e-05 -4.18e-06  2.26e-05  7.23e-05  9.97e-05  3.88e-05 -1.34e-06 -1.01e-05  9.53e-06  2.02e-05 -2.23e-05  1.25e-05 -5.95e-06 -1.02e-05 -1.36e-06 -3.41e-06  6.69e-05 -6.47e-06 -8.16e-06 -3.55e-06 -1.19e-05 -6.71e-05 -0.000145  3.64e-07 -9.06e-06  7.49e-07 -4.95e-07 -6.92e-08 -8.15e-09 -5.93e-10 -7.44e-06  -2.4e-05  4.57e-07 -3.35e-07 -1.53e-05 -1.12e-05 -8.01e-06 -1.65e-06 -3.34e-05 -2.55e-06 -6.95e-06 -9.99e-05 -3.19e-05 -1.34e-05  4.47e-05 -2.71e-05  1.68e-05  1.55e-07 -9.01e-06  9.69e-05 -2.44e-06 -0.000153  -2.3e-05 -7.23e-05  -1.3e-05 -1.51e-06  -2.4e-05 -5.29e-06 -1.26e-07 -9.73e-05 -1.13e-05   5.3e-07 -5.09e-05
 -0.00666  2.15e-06  -0.00035  -0.00195  -0.00324 -0.000902 -2.41e-17 -2.41e-17 -6.61e-05 -7.73e-05  -1.1e-17 -0.000697  -0.00135 -0.000155  -0.00115 -0.000136 -0.000171 -0.000909   -0.0019 -0.000664 -5.38e-05  -0.00959  -0.00191 -0.000868 -0.000828  -0.00304  0.000282 -0.000746  -0.00273  0.000139  -0.00162  0.000149 -4.63e-05 -0.000583   -0.0082  -0.00381 -1.03e-06  3.73e-05 -0.000277 -0.000361 -3.61e-05         1   0.00119   0.00533   0.00239   0.00317 -0.000391   0.00157   0.00735    0.0108   0.00402  0.000386 -0.000503   0.00213   0.00208  -0.00174   0.00231 -0.000329 -0.000292  9.55e-05 -0.000346   0.00646 -0.000685 -0.000958 -0.000709  -0.00123  -0.00626    -0.016 -0.000561   -0.0011  6.93e-05 -5.21e-05 -4.98e-06 -6.45e-07 -5.38e-08  -0.00165  -0.00261 -3.26e-05 -2.52e-05   -0.0027  -0.00112 -0.000738 -0.000161  -0.00311 -0.000892 -0.000933    -0.013  -0.00257 -0.000417   0.00771 -0.000515   0.00603  0.000728   0.00142    0.0104  -0.00019   -0.0186  -0.00389   -0.0109  -0.00171 -0.000202  -0.00351 -0.000746 -1.17e-05   -0.0136  -0.00211 -0.000222  -0.00614
  -0.0302  6.97e-05  0.000246  0.000297 -0.000596 -0.000293  2.46e-16  2.46e-16 -6.13e-06  -9.4e-05 -6.63e-16  0.000143 -0.000299 -3.23e-05  0.000126  2.83e-06  5.52e-06 -0.000173 -0.000408  -0.00199 -0.000176 -7.95e-05  -0.00357 -0.000693   -0.0423  0.000434  -0.00121 -0.000145  0.000683  -0.00331  0.000233 -0.000658 -0.000141 -0.000377   -0.0192  -0.00597  3.73e-07  -0.00017  0.000101   -0.0062  1.53e-05   0.00119         1   -0.0361  -0.00891    -0.104  7.36e-05  -0.00544 -0.000103  -0.00289   0.00174  -0.00226   0.00435   0.00462  -0.00191   0.00237   0.00325  -0.00149  0.000417    0.0019  -0.00324  -0.00711 -3.31e-05   0.00041 -0.000519  0.000524   -0.0211   0.00518  -0.00217 -0.000138 -0.000179  9.46e-06 -2.82e-07  1.74e-07  2.16e-08  -0.00226   0.00101  4.76e-05 -7.54e-05 -0.000343 -0.000363  0.000114  4.47e-05   0.00146  0.000477  0.000238   -0.0734   0.00211  -0.00159   -0.0183  -0.00434   -0.0113  -0.00688   -0.0027   -0.0139  5.75e-05    0.0109  0.000619   0.00471   0.00088  4.62e-05  0.000961  0.000126 -1.68e-06   0.00477  0.000614 -0.000202  -0.00118
  -0.0756  0.000267   0.00124   0.00251   0.00154  7.49e-05  1.01e-15  1.01e-15 -2.22e-05 -0.000274 -1.79e-15   0.00102  0.000585  7.25e-05   0.00138  0.000134  0.000176  0.000462  0.000837  -0.00429 -0.000323   0.00742  -0.00706  -0.00113    -0.116   0.00324  -0.00149  0.000434   0.00356  -0.00923   0.00168  -0.00104  0.000675 -0.000226   -0.0477   -0.0126  1.68e-06 -0.000337  0.000433    -0.017  5.91e-05   0.00533   -0.0361         1    -0.022    -0.307  0.000372   -0.0145   0.00816   0.00684    0.0105  -0.00681     0.018    0.0205  -0.00508   0.00913    0.0132  -0.00441    0.0025   0.00868  -0.00894   -0.0213  0.000474   0.00228  -0.00089   0.00229    -0.059    0.0305  -0.00291    0.0001 -0.000469  4.86e-05 -2.62e-07   7.9e-07  9.21e-08  -0.00568   0.00456  0.000445 -0.000263  0.000735  -0.00108  0.000558  0.000214   0.00592   0.00252   0.00137    -0.188   0.00787  -0.00456    -0.063   -0.0056   -0.0395   -0.0235  -0.00168   -0.0445  0.000316    0.0453   0.00506    0.0235   0.00387   0.00028   0.00567  0.000911 -4.82e-06    0.0253    0.0041   -0.0004   0.00293
    0.122  0.000403  0.000453   0.00186   0.00398   0.00135  1.48e-15  1.48e-15  0.000252  0.000425 -1.62e-15  0.000675   0.00159  0.000184   0.00112  0.000161  0.000204   0.00106   0.00236  -0.00974   -0.0016   -0.0178   -0.0204  -0.00312   -0.0753  -0.00206   -0.0201  -0.00362  0.000576  -0.00379 -0.000518  -0.00775  -0.00806   -0.0043   -0.0261    -0.028  3.33e-06  -0.00027  0.000314  -0.00685  2.45e-05   0.00239  -0.00891    -0.022         1   -0.0078  0.000262  -0.00765   -0.0148   -0.0432   -0.0174   0.00748  -0.00427  -0.00633  -0.00309   0.00835  -0.00422   0.00536   0.00306  -0.00734   0.00617   -0.0271   0.00196 -0.000341   0.00116  0.000659    0.0584  0.000877  -0.00396   0.00332 -0.000151  0.000146  1.13e-05  4.83e-07  9.38e-08    0.0158   0.00359 -0.000367  0.000376    0.0153   0.00487   0.00144  0.000185   0.00285   0.00263   0.00198    -0.196   0.00184   -0.0012   0.00798   -0.0624   0.00391    0.0167   -0.0658    0.0044  0.000397    0.0298    0.0105    0.0126   0.00356  0.000112   0.00593    0.0014  7.99e-05    0.0224   0.00403   0.00214   0.00754
   -0.219  0.000546  0.000909  -0.00406   -0.0219  -0.00791 -1.78e-15 -1.78e-15   -0.0004 -0.000993  -3.1e-15  -0.00115  -0.00997  -0.00111  -0.00303 -0.000562 -0.000687  -0.00644    -0.014   -0.0118  0.000198   0.00203   -0.0201  -0.00818    -0.414    0.0053    0.0101  0.000206   0.00216   -0.0343   0.00242    0.0027   0.00309  -0.00129    -0.216   -0.0433  1.83e-06  0.000177 -0.000368   -0.0668  2.47e-05   0.00317    -0.104    -0.307   -0.0078         1 -0.000303     -0.02    -0.028   -0.0735    0.0136   -0.0525   -0.0107  -0.00797   -0.0109   -0.0166 -0.000669   -0.0371   -0.0292  -0.00311   -0.0601    0.0239  -0.00161   0.00269  -0.00326   0.00285    -0.419   0.00783   -0.0401  -0.00365  -0.00194 -0.000194 -1.66e-05 -4.93e-09  4.46e-08   -0.0271   0.00216  0.000442  -0.00115   0.00738  -0.00907   -0.0025  0.000185    0.0055    0.0111   0.00328   -0.0165    0.0132   0.00406   -0.0659   -0.0215   0.00887   -0.0376    0.0245   -0.0409  -0.00172    0.0895    0.0227     0.075   0.00799   0.00048    0.0194   0.00224 -6.44e-05    0.0823    0.0233  0.000445   -0.0364
-0.000475   3.4e-06 -2.51e-05  -0.00021  -0.00035 -9.81e-05  6.18e-18  6.18e-18 -8.69e-06 -7.42e-06 -5.03e-18 -7.39e-05 -0.000144 -1.65e-05 -0.000123 -1.46e-05 -1.83e-05 -9.69e-05 -0.000203 -6.54e-05 -8.08e-06  -0.00102 -0.000212 -9.44e-05 -0.000291 -0.000319   3.9e-05 -8.25e-05 -0.000295  8.33e-06 -0.000179  2.67e-05  5.55e-06 -5.73e-05 -0.000997 -0.000464 -1.06e-07  8.65e-06 -3.43e-05 -5.94e-05 -4.18e-06 -0.000391  7.36e-05  0.000372  0.000262 -0.000303         1  0.000228  0.000999   0.00145  0.000553  2.46e-05  2.79e-05  0.000352  0.000238 -0.000136  0.000329 -4.89e-05 -3.22e-05  5.88e-05 -5.17e-05  0.000721 -8.63e-05 -0.000103 -8.05e-05 -0.000138 -0.000835  -0.00168 -4.66e-05 -0.000127   8.6e-06 -5.99e-06  -6.2e-07 -6.85e-08 -5.48e-09 -0.000189 -0.000279  3.11e-06 -3.38e-06 -0.000289 -0.000132 -8.34e-05 -1.71e-05 -0.000329  -8.2e-05 -0.000101  -0.00126 -0.000269 -7.83e-05  0.000587 -0.000162  0.000385 -1.48e-05  0.000133   0.00103 -2.37e-05  -0.00194 -0.000403  -0.00112 -0.000172 -1.98e-05 -0.000361 -7.36e-05 -1.44e-06  -0.00141 -0.000214 -1.96e-05 -0.000657
   -0.099 -0.000235 -0.000345 -0.000201  -0.00158 -0.000549  -4.8e-16  -4.8e-16  3.31e-05 -7.19e-05 -2.42e-16 -7.32e-05 -0.000776 -8.76e-05 -0.000196  -3.8e-05 -5.06e-05 -0.000476  -0.00107 -0.000189 -7.36e-05   0.00282 -8.87e-05  0.000314  -0.00645  0.000709 -0.000379  0.000289   0.00104 -0.000788  0.000565 -0.000382  8.64e-05  9.88e-05  -0.00241  0.000301 -5.43e-07 -0.000398  4.06e-05  -0.00116  2.26e-05   0.00157  -0.00544   -0.0145  -0.00765     -0.02  0.000228         1   -0.0192   -0.0275  -0.00934 -0.000684  -0.00051    -0.008   -0.0047 -0.000225  -0.00529  0.000441  0.000137 -0.000565 -0.000716   -0.0129 -0.000704 -0.000253 -0.000719  0.000441  -0.00131   -0.0011  -0.00246 -0.000279 -0.000211  1.79e-05 -5.39e-08  5.15e-08 -7.47e-09  -0.00471  0.000449 -0.000349 -1.76e-05  -0.00573  0.000216  0.000385  4.48e-06  0.000879  -0.00189 -0.000572   -0.0941 -4.19e-05  -0.00399   -0.0213   0.00241   -0.0228  -0.00833  -0.00133   -0.0268  6.64e-05  -0.00299  -0.00523  -0.00696 -0.000785 -3.68e-06  -0.00292 -0.000497 -1.04e-05   -0.0114  -0.00415 -0.000951  -0.00382
   -0.188  -0.00127  -0.00307  -0.00597   -0.0196  -0.00617 -5.54e-15 -5.54e-15  0.000201  0.000448  4.36e-16  -0.00234  -0.00928  -0.00104  -0.00415 -0.000615 -0.000798  -0.00598   -0.0128  0.000496 -0.000334    0.0148 -4.72e-05  0.000422   -0.0106   0.00693   -0.0038  3.32e-05   0.00483  -0.00205   0.00332  -0.00172  -0.00347  0.000107   -0.0107   0.00192 -1.85e-06  -0.00134 -0.000623  -0.00284  7.23e-05   0.00735 -0.000103   0.00816   -0.0148    -0.028  0.000999   -0.0192         1    -0.271   -0.0932   -0.0158   -0.0644    -0.119   -0.0254   -0.0248   -0.0761  -0.00547   -0.0248   -0.0353   -0.0142   -0.0205  -0.00565  -0.00533   -0.0025  0.000249   -0.0714   -0.0538   -0.0369 -0.000823  -0.00124  9.84e-07  1.07e-05  1.18e-06 -1.69e-09   -0.0168 -0.000876  -0.00288  0.000297   -0.0158   0.00432   0.00182   0.00018   0.00352  -0.00779   -0.0023    0.0447  -0.00403  -0.00411   0.00902   -0.0329   -0.0253   0.00645   -0.0285    -0.075  -0.00142   -0.0324   -0.0158   -0.0295  -0.00411  0.000226   -0.0089 -0.000759 -1.83e-05   -0.0427   -0.0141  -0.00213   -0.0384
   -0.472  -0.00161  -0.00453  -0.00902   -0.0295  -0.00919 -7.87e-15 -7.87e-15  0.000413  0.000966  5.99e-17  -0.00354   -0.0141  -0.00157  -0.00627  -0.00092  -0.00119  -0.00908   -0.0193  -0.00497  -0.00132   0.00879   -0.0123  -0.00193   -0.0678   0.00873   -0.0163  -0.00237   0.00649  -0.00592   0.00434  -0.00654   -0.0102  -0.00256   -0.0395   -0.0149 -7.84e-07  -0.00187 -0.000956  -0.00992  9.97e-05    0.0108  -0.00289   0.00684   -0.0432   -0.0735   0.00145   -0.0275    -0.271         1    -0.151   -0.0231    -0.108     -0.19   -0.0382   -0.0376    -0.121  -0.00808   -0.0404   -0.0615   -0.0215   -0.0324  -0.00735   -0.0086  -0.00272   0.00024    -0.101   -0.0892   -0.0612  0.000589  -0.00196  4.89e-05  2.16e-05  1.83e-06  3.51e-08   -0.0147 -0.000412  -0.00455  0.000651   -0.0109    0.0089   0.00305  0.000345   0.00552  -0.00879  -0.00199    0.0552  -0.00606  -0.00318    0.0417   -0.0904   -0.0117    0.0277   -0.0804   -0.0896  -0.00225   -0.0328   -0.0137   -0.0319  -0.00393  0.000397   -0.0078 -2.96e-05  2.13e-05   -0.0435   -0.0155  -0.00124   -0.0568
  -0.0177 -0.000546  -0.00154  -0.00276  -0.00906  -0.00278 -2.55e-15 -2.55e-15  0.000174  0.000389 -3.33e-18  -0.00111  -0.00435 -0.000487  -0.00193 -0.000282 -0.000367  -0.00281  -0.00596  -0.00185 -0.000542   0.00277  -0.00457 -0.000487   -0.0136   0.00295  -0.00705 -0.000961   0.00239  -0.00114   0.00147  -0.00279  -0.00399  -0.00102  -0.00718  -0.00486 -1.05e-07 -0.000697 -0.000259  -0.00155  3.88e-05   0.00402   0.00174    0.0105   -0.0174    0.0136  0.000553  -0.00934   -0.0932    -0.151         1  -0.00568   -0.0367    -0.065   -0.0131   -0.0115   -0.0416  -0.00116   -0.0125   -0.0212  -0.00503    -0.014  -0.00236  -0.00303 -0.000816  9.51e-05   -0.0169   -0.0299     -0.02  0.000515 -0.000622  3.38e-05   9.3e-06  7.58e-07  2.23e-08  -0.00344  0.000141   -0.0016  0.000285  -0.00332   0.00369   0.00128  0.000137    0.0022  -0.00333 -0.000681   0.00947  -0.00203  -0.00111    0.0166   -0.0333   -0.0042    0.0115   -0.0315   -0.0302 -0.000672    -0.012  -0.00502   -0.0128  -0.00138  0.000134  -0.00301  6.19e-06  1.45e-05   -0.0164  -0.00599 -0.000378   -0.0177
     0.13 -0.000159 -0.000253 -0.000864  -0.00304  -0.00103 -8.93e-16 -8.93e-16 -4.43e-05 -5.33e-05  3.43e-16 -0.000307  -0.00138 -0.000154 -0.000584 -9.27e-05 -0.000118 -0.000895  -0.00194   0.00151  0.000263   0.00469   0.00301  0.000233  -0.00537   0.00132   0.00371  0.000664  0.000496 -0.000889   0.00068   0.00145   0.00112  0.000725  -0.00556    0.0032 -5.09e-07  6.59e-05 -0.000199  -0.00184 -1.34e-06  0.000386  -0.00226  -0.00681   0.00748   -0.0525  2.46e-05 -0.000684   -0.0158   -0.0231  -0.00568         1  -0.00699   -0.0122  -0.00227  -0.00546  -0.00786  -0.00339  -0.00498  -0.00278  -0.00511   0.00475 -0.000767  -0.00016 -0.000167  0.000116   -0.0359  -0.00357  -0.00408 -0.000547 -0.000174 -2.99e-05  -2.9e-06 -1.41e-07 -2.13e-08  -0.00437 -0.000438 -0.000143 -9.34e-05  -0.00233 -0.000791 -0.000245 -1.14e-05 -0.000208 -4.52e-05 -0.000134     0.046 -0.000716 -0.000343  -0.00353   0.00545   -0.0033  -0.00352   0.00803  -0.00816 -0.000314  -0.00101 -0.000485   0.00218 -0.000269  6.03e-05  0.000189 -1.89e-05 -1.75e-05  4.44e-05  0.000183 -0.000263  -0.00541
  -0.0554 -0.000322  -0.00148  -0.00382  -0.00979  -0.00293 -2.18e-15 -2.18e-15   7.3e-05  0.000276  3.28e-16  -0.00146  -0.00453  -0.00051  -0.00248 -0.000337 -0.000432  -0.00298  -0.00626  -0.00192 -0.000307  -0.00619  -0.00486  -0.00154   -0.0181 -3.17e-06  -0.00421  -0.00139 -0.000683   -0.0014 -5.29e-05  -0.00158  -0.00332  -0.00134   -0.0165  -0.00683 -4.21e-07 -0.000203 -0.000456  -0.00289 -1.01e-05 -0.000503   0.00435     0.018  -0.00427   -0.0107  2.79e-05  -0.00051   -0.0644    -0.108   -0.0367  -0.00699         1    -0.052  -0.00635   -0.0141   -0.0324  -0.00363   -0.0134   -0.0192  -0.00694    0.0066  -0.00174  -0.00287 -0.000429 -0.000936   -0.0383   -0.0365   -0.0173 -6.95e-05 -0.000412 -3.03e-05  4.01e-06 -1.66e-08 -2.68e-08   -0.0011  -0.00217  -0.00118  0.000183   0.00081    0.0018  8.52e-05 -9.79e-06  -0.00133  -0.00131 -0.000507    0.0944  -0.00366   0.00295    0.0402   -0.0283     0.026    0.0176   -0.0217   0.00571 -0.000845   -0.0175  -0.00106  -0.00862  -0.00151 -2.21e-05  -0.00146 -5.62e-05  1.06e-05  -0.00928  -0.00161  0.000382    -0.018
  -0.0704 -0.000815   -0.0023  -0.00546   -0.0156  -0.00479 -4.02e-15 -4.02e-15  9.86e-05  0.000375  6.76e-16  -0.00209  -0.00725 -0.000813  -0.00362 -0.000512  -0.00066  -0.00471     -0.01  1.52e-05 -0.000296   0.00213  -0.00167  -0.00064  -0.00803   0.00272  -0.00308 -0.000786   0.00123  -0.00103   0.00134  -0.00108  -0.00326 -0.000569   -0.0137  -0.00255 -1.43e-06 -0.000553 -0.000794  -0.00199  9.53e-06   0.00213   0.00462    0.0205  -0.00633  -0.00797  0.000352    -0.008    -0.119     -0.19    -0.065   -0.0122    -0.052         1   -0.0153   -0.0217   -0.0564  -0.00512   -0.0207   -0.0281   -0.0108  -0.00311  -0.00397  -0.00434  -0.00123 -0.000752   -0.0583     -0.05   -0.0268 -0.000634 -0.000795 -3.35e-05  3.13e-06  1.22e-07 -4.55e-08  -0.00875  -0.00236  -0.00198  0.000222  -0.00742   0.00265  0.000595   1.7e-05 -0.000469  -0.00425   -0.0015    0.0842  -0.00588  -0.00167    0.0255   -0.0315  -0.00171    0.0119   -0.0258   -0.0314   -0.0013   -0.0293  -0.00817   -0.0191  -0.00311  9.26e-05  -0.00528 -0.000447  -1.1e-05   -0.0272  -0.00763 -0.000658   -0.0295
  -0.0429 -0.000214 -0.000292 -0.000373  -0.00215 -0.000724  -7.5e-16  -7.5e-16  2.61e-05  4.13e-05 -3.95e-18 -0.000152  -0.00104 -0.000116 -0.000314 -5.63e-05 -7.44e-05 -0.000654  -0.00143    0.0006 -2.06e-05    0.0055   0.00114  0.000493  -0.00052   0.00182  0.000115  0.000373   0.00147 -0.000296  0.000888  1.62e-06   2.6e-05   0.00039  0.000592   0.00183 -2.67e-07  -0.00025  -5.1e-05 -0.000272  2.02e-05   0.00208  -0.00191  -0.00508  -0.00309   -0.0109  0.000238   -0.0047   -0.0254   -0.0382   -0.0131  -0.00227  -0.00635   -0.0153         1  -0.00218   -0.0101 -0.000516  -0.00265  -0.00346  -0.00185  -0.00728 -0.000945 -0.000496 -0.000467  0.000355  -0.00873   -0.0027  -0.00449 -0.000157 -0.000205  9.49e-06  1.13e-06   2.9e-07   8.6e-09  -0.00381  0.000501 -0.000369  1.93e-05  -0.00387  0.000573  0.000429   5.2e-05   0.00133   -0.0014 -0.000363   -0.0173  3.72e-05  -0.00212   -0.0107  -0.00152   -0.0152  -0.00376  -0.00199   -0.0213 -0.000136  -0.00174  -0.00321   -0.0038 -0.000443  8.06e-05  -0.00148 -0.000101 -7.71e-06  -0.00686   -0.0028 -0.000576  -0.00449
   0.0418 -0.000268 -0.000817  -0.00229   -0.0055  -0.00169 -1.36e-15 -1.36e-15 -4.03e-05 -3.59e-05  6.15e-16 -0.000839  -0.00247 -0.000279  -0.00144 -0.000195 -0.000249  -0.00162  -0.00346   0.00125  0.000218  -0.00156   0.00205 -0.000258   0.00372 -0.000515   0.00302  0.000105  -0.00108 -8.63e-05 -7.41e-05    0.0012  0.000339  0.000181    -0.006   0.00183 -1.16e-06  7.41e-05 -0.000401 -0.000639 -2.23e-05  -0.00174   0.00237   0.00913   0.00835   -0.0166 -0.000136 -0.000225   -0.0248   -0.0376   -0.0115  -0.00546   -0.0141   -0.0217  -0.00218         1   -0.0136  -0.00331  -0.00702  -0.00655  -0.00486   0.00846  -0.00109  -0.00106 -0.000218 -0.000614    -0.034   -0.0177  -0.00594 -0.000778 -0.000177 -4.99e-05 -4.57e-06  -6.5e-07 -6.67e-08  -0.00409  -0.00214 -0.000415 -5.29e-05  -0.00309  -0.00077 -0.000565 -0.000115  -0.00254 -0.000769 -0.000614    0.0516  -0.00355 -0.000276    0.0101   0.00221   0.00553   0.00137   0.00403  0.000349 -0.000482   -0.0145  -0.00244  -0.00516  -0.00153 -6.58e-05  -0.00189 -0.000466 -1.85e-05  -0.00868  -0.00124 -0.000233     -0.01
  -0.0495 -0.000513  -0.00127  -0.00258  -0.00811  -0.00253  -2.5e-15  -2.5e-15  8.06e-05   0.00026  5.72e-16 -0.000998  -0.00383 -0.000428  -0.00176 -0.000256 -0.000332  -0.00248  -0.00529  0.000526  -0.00015   0.00422  2.95e-05 -7.83e-05  -0.00239   0.00255  -0.00177 -0.000206   0.00158 -0.000435   0.00145 -0.000561  -0.00202 -0.000142  -0.00485 -6.53e-05 -5.04e-07 -0.000247 -0.000461 -0.000755  1.25e-05   0.00231   0.00325    0.0132  -0.00422 -0.000669  0.000329  -0.00529   -0.0761    -0.121   -0.0416  -0.00786   -0.0324   -0.0564   -0.0101   -0.0136         1  -0.00316   -0.0131   -0.0176  -0.00633  -0.00369  -0.00206  -0.00221 -0.000187 -9.23e-06   -0.0328   -0.0247   -0.0156  0.000166 -0.000507 -3.58e-07  2.13e-06  7.42e-08 -2.19e-08  -0.00404 -0.000553  -0.00118  0.000135  -0.00283   0.00197  0.000535  4.67e-05   0.00028  -0.00189 -0.000441    0.0554  -0.00352   -0.0015    0.0121   -0.0193  -0.00461   0.00692   -0.0174   -0.0221 -0.000752   -0.0102  -0.00265  -0.00572  -0.00117   0.00014  -0.00141  5.66e-05 -3.31e-06  -0.00979  -0.00329 -0.000147   -0.0153
 -0.00222 -5.93e-05 -0.000144 -0.000645   -0.0019 -0.000631 -4.52e-16 -4.52e-16 -3.61e-05  -4.9e-05  1.94e-16 -0.000227 -0.000849 -9.54e-05 -0.000416 -6.21e-05 -7.82e-05 -0.000557   -0.0012  0.000681  0.000166   0.00133   0.00139 -5.83e-05   -0.0057   0.00035   0.00231  0.000291 -0.000108 -0.000707  0.000176  0.000897   0.00067  0.000321  -0.00532   0.00119 -3.21e-07  7.87e-05 -0.000125  -0.00152 -5.95e-06 -0.000329  -0.00149  -0.00441   0.00536   -0.0371 -4.89e-05  0.000441  -0.00547  -0.00808  -0.00116  -0.00339  -0.00363  -0.00512 -0.000516  -0.00331  -0.00316         1  -0.00288  -0.00131  -0.00327   0.00498 -0.000356 -7.96e-05 -9.49e-05 -5.55e-05   -0.0238  -0.00299  -0.00219 -0.000398  -8.1e-05 -2.47e-05 -2.12e-06 -1.59e-07  -1.7e-08  -0.00228 -0.000527 -3.69e-05 -6.65e-05  -0.00084 -0.000685  -0.00028 -2.34e-05 -0.000502  0.000203  -6.1e-05    0.0332  -0.00049  0.000357  0.000847   0.00341   0.00214  -0.00129   0.00557 -0.000368 -0.000195  -0.00115  0.000149   0.00162 -0.000168  1.06e-05  0.000256 -3.07e-05    -1e-05  0.000821  0.000614 -7.36e-05  -0.00329
   0.0135 -0.000158  -0.00049  -0.00157  -0.00431  -0.00135 -1.04e-15 -1.04e-15 -1.49e-05   5.6e-05  3.24e-16 -0.000581  -0.00197  -0.00022  -0.00102 -0.000143 -0.000183  -0.00129  -0.00274  0.000353  3.72e-05 -0.000106  0.000195 -0.000369  -0.00759  0.000447  0.000834  -0.00011 -0.000171 -0.000726  0.000242  0.000422 -0.000354 -1.89e-05  -0.00805 -0.000718 -3.88e-07  5.84e-05 -0.000302  -0.00167 -1.02e-05 -0.000292  0.000417    0.0025   0.00306   -0.0292 -3.22e-05  0.000137   -0.0248   -0.0404   -0.0125  -0.00498   -0.0134   -0.0207  -0.00265  -0.00702   -0.0131  -0.00288         1  -0.00676  -0.00453   0.00517 -0.000906 -0.000889 -9.78e-05   -0.0003   -0.0296   -0.0126  -0.00658 -0.000312 -0.000189 -2.76e-05 -1.72e-06 -2.13e-07 -2.55e-08  -0.00221 -0.000978 -0.000357 -3.37e-06 -0.000602 -2.02e-05 -0.000205 -2.53e-05 -0.000877  -0.00015 -0.000179    0.0514  -0.00189  0.000241   0.00882  -0.00603   0.00438   0.00289  -0.00272  -0.00153 -0.000436  -0.00554 -0.000104 -0.000493 -0.000514  2.94e-05 -8.54e-05   1.2e-05 -7.42e-06  -0.00189 -3.98e-05  8.89e-05  -0.00772
  -0.0419 -0.000112  -0.00072  -0.00168  -0.00441   -0.0013 -9.72e-16 -9.72e-16  7.35e-05  0.000205  2.25e-17 -0.000655  -0.00208 -0.000234   -0.0011  -0.00015 -0.000192  -0.00137  -0.00286   -0.0021 -0.000328  -0.00499  -0.00476  -0.00115    -0.017 -0.000124  -0.00454  -0.00112 -0.000215   -0.0011 -2.59e-05  -0.00173  -0.00272  -0.00119   -0.0107  -0.00644  2.58e-07  -0.00012 -0.000177  -0.00213 -1.36e-06  9.55e-05    0.0019   0.00868  -0.00734  -0.00311  5.88e-05 -0.000565   -0.0353   -0.0615   -0.0212  -0.00278   -0.0192   -0.0281  -0.00346  -0.00655   -0.0176  -0.00131  -0.00676         1  -0.00287   0.00121 -0.000554  -0.00148  2.08e-05 -0.000371   -0.0128   -0.0184  -0.00949  0.000461 -0.000224  3.18e-06  4.06e-06  8.83e-08  5.96e-11   0.00178 -0.000631 -0.000654  0.000146   0.00288    0.0016  0.000233  2.58e-05  -0.00027 -0.000213  6.71e-05    0.0378  -0.00156   0.00199    0.0248    -0.022    0.0171    0.0123   -0.0189   0.00577 -0.000389   -0.0047   0.00131  -0.00204 -0.000254  7.88e-06  0.000338  0.000203  1.71e-05 -0.000618  8.21e-05  0.000534  -0.00798
   0.0727 -0.000136 -0.000413  -0.00157  -0.00445  -0.00143 -8.39e-16 -8.39e-16 -4.92e-05  -7.1e-05     1e-16 -0.000575    -0.002 -0.000226  -0.00103 -0.000148 -0.000188  -0.00131   -0.0028  0.000562  0.000189   0.00163   0.00122 -0.000187   -0.0115  0.000537   0.00288  0.000294 -0.000182  -0.00137  8.51e-05   0.00103  0.000853  0.000374   -0.0102  0.000939 -7.52e-07 -7.92e-05 -0.000172  -0.00275 -3.41e-06 -0.000346  -0.00324  -0.00894   0.00617   -0.0601 -5.17e-05 -0.000716   -0.0142   -0.0215  -0.00503  -0.00511  -0.00694   -0.0108  -0.00185  -0.00486  -0.00633  -0.00327  -0.00453  -0.00287         1   0.00566  -0.00106 -0.000628 -0.000761 -0.000265   -0.0382  -0.00943  -0.00555  -0.00099 -0.000173 -4.43e-05  -1.8e-06 -3.05e-08 -1.92e-08  -0.00536  -0.00115 -0.000223 -7.66e-05  -0.00359 -0.000916 -0.000315 -2.96e-05 -0.000432 -0.000763 -0.000551    0.0396 -0.000395  0.000565   0.00171   0.00365   0.00231  -0.00208   0.00799   -0.0051 -0.000338  -0.00759  -0.00259   -0.0036 -0.000898 -2.05e-05  -0.00147 -0.000307 -1.71e-05  -0.00607   -0.0011 -0.000494  -0.00824
    0.134 -8.42e-05  0.000562   0.00331    0.0056   0.00161  5.35e-16  5.35e-16  0.000166  0.000158  -7.5e-16    0.0012   0.00231  0.000266   0.00194   0.00024    0.0003   0.00159    0.0033  -0.00147 -0.000565    0.0091  -0.00276   0.00101  -0.00964   0.00329  -0.00687   0.00017   0.00434 -0.000311   0.00207  -0.00274  -0.00182 -0.000216    0.0095  -0.00225  1.54e-06 -0.000479  0.000414  0.000511  6.69e-05   0.00646  -0.00711   -0.0213   -0.0271    0.0239  0.000721   -0.0129   -0.0205   -0.0324    -0.014   0.00475    0.0066  -0.00311  -0.00728   0.00846  -0.00369   0.00498   0.00517   0.00121   0.00566         1  0.000559   0.00094  0.000438   0.00196    0.0501    0.0226   0.00179   0.00192 -0.000191  0.000133  6.64e-06  8.61e-07  8.28e-08   0.00238   0.00478 -0.000203   0.00014  5.77e-05   0.00297   0.00175  0.000227   0.00525 -0.000619  0.000822    -0.183   0.00305  -0.00684   -0.0423   -0.0131   -0.0463  -0.00926    -0.023    -0.045  0.000567    0.0251  0.000268    0.0059   0.00205  0.000271   0.00155  0.000657  2.18e-05   0.00549  -0.00241 -0.000246   0.00928
 -0.00927 -9.55e-05 -0.000258   -0.0012  -0.00275 -0.000833 -3.31e-16 -3.31e-16 -3.67e-05 -2.92e-05 -3.36e-17  -0.00044   -0.0012 -0.000136 -0.000753 -9.96e-05 -0.000127 -0.000785  -0.00168  0.000413  2.36e-05 -0.000605  0.000561  4.42e-05   0.00371  -0.00033   0.00106 -6.68e-06 -0.000551   0.00018 -0.000406  0.000414   0.00049  0.000181  -0.00167  0.000433 -7.77e-07 -0.000133 -0.000144  0.000223 -6.47e-06 -0.000685 -3.31e-05  0.000474   0.00196  -0.00161 -8.63e-05 -0.000704  -0.00565  -0.00735  -0.00236 -0.000767  -0.00174  -0.00397 -0.000945  -0.00109  -0.00206 -0.000356 -0.000906 -0.000554  -0.00106  0.000559         1 -0.000751 -0.000839 -0.000512  -0.00814   -0.0087  -0.00217 -0.000912 -3.61e-05 -2.97e-05 -1.74e-06 -2.73e-08 -1.55e-08  -0.00378  -0.00116 -0.000146 -1.16e-05  -0.00451 -0.000486 -0.000161 -4.67e-05 -0.000616   -0.0015 -0.000849  -0.00348 -0.000756 -0.000975  -0.00252   0.00202   -0.0055  -0.00262   0.00369  -0.00638 -0.000163   -0.0123  -0.00468  -0.00928  -0.00128 -6.27e-05  -0.00313 -0.000497 -1.36e-05   -0.0126  -0.00309 -0.000594  -0.00551
 -0.00219 -5.35e-05 -0.000291   -0.0012  -0.00255 -0.000744 -2.35e-16 -2.35e-16 -1.71e-05  1.46e-06 -9.32e-17 -0.000445  -0.00112 -0.000128 -0.000747 -9.56e-05 -0.000122 -0.000739  -0.00156 -0.000381 -6.85e-05  -0.00297  -0.00104 -0.000302 -0.000407 -0.000798  -0.00037 -0.000349  -0.00082 -8.31e-06 -0.000593 -0.000154 -0.000192 -0.000226  -0.00347  -0.00161  -5.5e-07 -0.000125 -0.000116 -0.000144 -8.16e-06 -0.000958   0.00041   0.00228 -0.000341   0.00269 -0.000103 -0.000253  -0.00533   -0.0086  -0.00303  -0.00016  -0.00287  -0.00434 -0.000496  -0.00106  -0.00221 -7.96e-05 -0.000889  -0.00148 -0.000628   0.00094 -0.000751         1 -0.000679 -0.000571  -0.00433     -0.01  -0.00246 -0.000648 -2.59e-05 -2.32e-05 -5.97e-07 -3.83e-08 -1.27e-08  -0.00204  -0.00115 -0.000176  2.03e-05   -0.0027 -0.000165 -0.000137 -4.44e-05 -0.000758  -0.00117 -0.000675  -0.00371   -0.0008 -0.000178   0.00372  -0.00236  0.000802  0.000623 -0.000649 -0.000727 -0.000143   -0.0112  -0.00346  -0.00836  -0.00109  -7.9e-05  -0.00257 -0.000409 -5.72e-06   -0.0104  -0.00235 -0.000339  -0.00503
 -0.00758 -6.33e-05 -0.000246  -0.00108   -0.0024 -0.000717 -1.94e-16 -1.94e-16  -2.8e-05 -3.99e-05 -1.35e-16 -0.000401  -0.00105  -0.00012  -0.00068 -8.89e-05 -0.000113 -0.000686  -0.00146 -1.75e-06  7.49e-06  -0.00123 -6.63e-05 -6.04e-05   0.00139 -0.000495  0.000627 -8.22e-05 -0.000605 -1.91e-05 -0.000511  0.000178  0.000376   5.2e-05  -0.00225 -0.000102  -6.9e-07 -0.000178 -6.58e-05 -7.49e-05 -3.55e-06 -0.000709 -0.000519  -0.00089   0.00116  -0.00326 -8.05e-05 -0.000719   -0.0025  -0.00272 -0.000816 -0.000167 -0.000429  -0.00123 -0.000467 -0.000218 -0.000187 -9.49e-05 -9.78e-05  2.08e-05 -0.000761  0.000438 -0.000839 -0.000679         1 -0.000488  -0.00597  -0.00786  -0.00187 -0.000868 -2.04e-05 -2.66e-05 -6.09e-07  5.71e-08 -8.96e-09  -0.00338  -0.00108 -0.000128 -5.83e-06  -0.00411 -0.000441 -0.000126 -3.88e-05 -0.000431  -0.00148 -0.000814  -0.00738 -0.000238 -0.000329  -0.00059   0.00213  -0.00218  -0.00182   0.00381  -0.00405 -9.93e-05   -0.0116  -0.00455  -0.00944  -0.00122  -8.2e-05   -0.0031 -0.000511 -1.02e-05   -0.0121  -0.00293 -0.000596  -0.00488
-9.89e-05 -1.69e-05 -0.000181 -0.000951  -0.00179 -0.000513 -7.97e-17 -7.97e-17 -2.58e-05 -1.67e-05 -5.06e-17 -0.000347 -0.000767 -8.77e-05 -0.000576 -7.11e-05 -8.98e-05  -0.00051  -0.00107 -0.000249  -3.8e-05  -0.00329 -0.000763 -0.000291   0.00039  -0.00101 -1.92e-06 -0.000302 -0.000969  9.08e-05 -0.000641  1.29e-05 -2.24e-05  -0.00019  -0.00297  -0.00141 -4.81e-07 -4.45e-05 -0.000113 -2.46e-05 -1.19e-05  -0.00123  0.000524   0.00229  0.000659   0.00285 -0.000138  0.000441  0.000249   0.00024  9.51e-05  0.000116 -0.000936 -0.000752  0.000355 -0.000614 -9.23e-06 -5.55e-05   -0.0003 -0.000371 -0.000265   0.00196 -0.000512 -0.000571 -0.000488         1   -0.0029  -0.00778  -0.00105  -0.00057  1.32e-05  -2.3e-05 -1.43e-06 -1.42e-07 -1.63e-08  -0.00136   -0.0011 -6.69e-05  2.48e-06  -0.00193 -0.000356 -0.000229 -5.46e-05 -0.000994 -0.000746 -0.000532   -0.0034 -0.000857 -0.000178   0.00297 -0.000833   0.00128  0.000215  0.000493    0.0019 -0.000104  -0.00932  -0.00253  -0.00635 -0.000877  -7.9e-05  -0.00199 -0.000351 -5.68e-06  -0.00788  -0.00159 -0.000217   -0.0035
    0.504 -0.000948  -0.00277   -0.0121   -0.0323   -0.0103 -5.63e-15 -5.63e-15 -0.000506 -0.000734  1.05e-15  -0.00438   -0.0143  -0.00162  -0.00778   -0.0011  -0.00139  -0.00937   -0.0201   0.00649   0.00171    0.0086    0.0132  -0.00092   -0.0597   0.00151    0.0267   0.00263  -0.00375  -0.00814 -0.000691   0.00987   0.00887   0.00357   -0.0693    0.0111 -6.84e-06 -0.000278  -0.00153   -0.0173 -6.71e-05  -0.00626   -0.0211    -0.059    0.0584    -0.419 -0.000835  -0.00131   -0.0714    -0.101   -0.0169   -0.0359   -0.0383   -0.0583  -0.00873    -0.034   -0.0328   -0.0238   -0.0296   -0.0128   -0.0382    0.0501  -0.00814  -0.00433  -0.00597   -0.0029         1   -0.0701   -0.0332  -0.00871 -0.000997 -0.000387 -2.33e-05 -1.08e-06 -2.06e-07   -0.0424   -0.0107   -0.0011 -0.000718   -0.0312  -0.00925  -0.00335 -0.000408  -0.00647  -0.00603  -0.00495     0.283  -0.00513   0.00185  0.000928    0.0463   0.00754   -0.0245    0.0776   -0.0312  -0.00246   -0.0707   -0.0232   -0.0336  -0.00806 -0.000311    -0.014  -0.00303 -0.000156   -0.0559   -0.0097  -0.00413   -0.0599
   -0.117 -0.000619  -0.00387    -0.016   -0.0329  -0.00957 -2.94e-15 -2.94e-15 -0.000268 -0.000125 -8.01e-16  -0.00588   -0.0144  -0.00164  -0.00985  -0.00125  -0.00159  -0.00952   -0.0201  -0.00534 -0.000749   -0.0473   -0.0143  -0.00492    -0.015   -0.0132   -0.0032  -0.00487    -0.013 -0.000759  -0.00853  -0.00137  -0.00246  -0.00352   -0.0551   -0.0237 -7.36e-06  -0.00119   -0.0017  -0.00386 -0.000145    -0.016   0.00518    0.0305  0.000877   0.00783  -0.00168   -0.0011   -0.0538   -0.0892   -0.0299  -0.00357   -0.0365     -0.05   -0.0027   -0.0177   -0.0247  -0.00299   -0.0126   -0.0184  -0.00943    0.0226   -0.0087     -0.01  -0.00786  -0.00778   -0.0701         1   -0.0289  -0.00825 -0.000268 -0.000326 -1.45e-05 -1.68e-06 -2.37e-07   -0.0237   -0.0163  -0.00204  0.000149   -0.0309  -0.00353  -0.00273 -0.000737   -0.0135    -0.013  -0.00821   -0.0455   -0.0133  -0.00184    0.0574   -0.0269    0.0255      0.01  -0.00609    0.0124   -0.0019    -0.144   -0.0402    -0.101   -0.0139  -0.00115   -0.0311  -0.00536 -7.62e-05    -0.125   -0.0264  -0.00364   -0.0641
  -0.0183 -0.000209  -0.00104  -0.00345  -0.00877  -0.00265 -1.27e-15 -1.27e-15  6.07e-06  8.29e-05 -3.58e-16  -0.00131  -0.00398 -0.000451  -0.00224 -0.000304 -0.000388  -0.00261  -0.00552  -0.00194 -0.000236  -0.00459  -0.00424  -0.00111   -0.0212 -0.000324  -0.00226 -0.000959 -0.000833  -0.00185 -0.000731  -0.00104  -0.00139 -0.000787   -0.0173  -0.00579 -9.85e-07 -0.000496 -0.000224  -0.00353  3.64e-07 -0.000561  -0.00217  -0.00291  -0.00396   -0.0401 -4.66e-05  -0.00246   -0.0369   -0.0612     -0.02  -0.00408   -0.0173   -0.0268  -0.00449  -0.00594   -0.0156  -0.00219  -0.00658  -0.00949  -0.00555   0.00179  -0.00217  -0.00246  -0.00187  -0.00105   -0.0332   -0.0289         1  -0.00136  -0.00029 -4.97e-05  3.25e-06  3.97e-07    -3e-09  -0.00609  -0.00226 -0.000808  9.11e-05   -0.0056  0.000429  3.09e-05 -1.64e-05 -0.000247  -0.00292  -0.00143    0.0254 -0.000752   0.00156    0.0179   -0.0144    0.0104   0.00594  -0.00695  -0.00604 -0.000547    -0.023  -0.00728    -0.018  -0.00229 -0.000116  -0.00515 -0.000705 -6.06e-06   -0.0216  -0.00517 -0.000776   -0.0169
   0.0435 -7.54e-05 -0.000244   -0.0012  -0.00256 -0.000772 -2.36e-16 -2.36e-16 -4.62e-05  -6.3e-05 -3.39e-17 -0.000438   -0.0011 -0.000126 -0.000743 -9.66e-05 -0.000122 -0.000725  -0.00155  0.000439  6.81e-05  -0.00121  0.000734  1.24e-05   0.00418 -0.000648   0.00155  2.71e-05 -0.000825  0.000171 -0.000565  0.000569  0.000719    0.0002  -0.00187  0.000698  -8.6e-07 -0.000118 -0.000124  0.000175 -9.06e-06   -0.0011 -0.000138    0.0001   0.00332  -0.00365 -0.000127 -0.000279 -0.000823  0.000589  0.000515 -0.000547 -6.95e-05 -0.000634 -0.000157 -0.000778  0.000166 -0.000398 -0.000312  0.000461  -0.00099   0.00192 -0.000912 -0.000648 -0.000868  -0.00057  -0.00871  -0.00825  -0.00136         1 -6.79e-06 -3.49e-05 -2.12e-06 -8.42e-08 -1.98e-08  -0.00387  -0.00134 -8.48e-05    -3e-05  -0.00459 -0.000757 -0.000266 -6.23e-05 -0.000885  -0.00144  -0.00088  -0.00283 -0.000698 -0.000658  -0.00185   0.00449  -0.00339  -0.00291   0.00615  -0.00373 -0.000131    -0.013  -0.00476  -0.00951  -0.00136 -8.99e-05  -0.00326 -0.000572 -1.47e-05   -0.0127  -0.00292 -0.000626  -0.00515
-0.000124 -8.71e-06 -1.96e-05  -3.6e-05 -0.000147 -4.82e-05 -3.98e-17 -3.98e-17  1.24e-06   8.8e-07 -2.33e-18 -1.38e-05 -6.98e-05 -7.81e-06 -2.64e-05 -4.25e-06 -5.48e-06 -4.47e-05 -9.64e-05 -1.25e-05 -1.53e-06  0.000139 -2.04e-05 -4.08e-06  -0.00066  6.19e-05 -1.05e-05  5.37e-06  4.71e-05 -6.54e-05  3.29e-05 -9.76e-06 -1.64e-05  8.64e-07 -0.000345 -2.71e-05 -9.22e-09 -1.06e-05 -2.65e-06 -0.000115  7.49e-07  6.93e-05 -0.000179 -0.000469 -0.000151  -0.00194   8.6e-06 -0.000211  -0.00124  -0.00196 -0.000622 -0.000174 -0.000412 -0.000795 -0.000205 -0.000177 -0.000507  -8.1e-05 -0.000189 -0.000224 -0.000173 -0.000191 -3.61e-05 -2.59e-05 -2.04e-05  1.32e-05 -0.000997 -0.000268  -0.00029 -6.79e-06         1  6.05e-08   6.2e-08   8.7e-09  1.01e-10 -0.000161  8.84e-06 -1.94e-05   1.2e-07 -0.000109  1.87e-05  1.22e-05  1.79e-06  4.22e-05 -4.01e-05 -9.09e-06  -0.00032  4.93e-08 -3.94e-05 -0.000172 -0.000191 -0.000269 -5.99e-05 -0.000143 -0.000694 -9.47e-06 -2.69e-05 -8.11e-05 -7.77e-05 -1.36e-05  2.44e-06 -3.26e-05 -2.77e-06  -2.1e-07 -0.000164 -6.97e-05 -1.75e-05 -0.000283
 0.000488 -2.13e-06 -8.95e-06 -4.62e-05 -9.51e-05 -2.84e-05 -8.75e-18 -8.75e-18 -1.82e-06 -2.15e-06  7.82e-19 -1.68e-05 -4.07e-05 -4.65e-06 -2.83e-05 -3.64e-06  -4.6e-06 -2.69e-05 -5.73e-05  1.38e-05  2.63e-06 -7.63e-05     2e-05  -4.3e-06  0.000112 -3.15e-05  5.68e-05  -1.8e-06 -3.81e-05  4.54e-06 -2.33e-05  2.18e-05  2.26e-05  4.38e-06 -0.000106  9.31e-06 -2.97e-08 -2.03e-06 -5.59e-06  2.21e-08 -4.95e-07 -5.21e-05  9.46e-06  4.86e-05  0.000146 -0.000194 -5.99e-06  1.79e-05  9.84e-07  4.89e-05  3.38e-05 -2.99e-05 -3.03e-05 -3.35e-05  9.49e-06 -4.99e-05 -3.58e-07 -2.47e-05 -2.76e-05  3.18e-06 -4.43e-05  0.000133 -2.97e-05 -2.32e-05 -2.66e-05  -2.3e-05 -0.000387 -0.000326 -4.97e-05 -3.49e-05  6.05e-08         1 -9.24e-08 -6.33e-09 -8.91e-10 -0.000119 -5.37e-05 -2.38e-06 -1.19e-06 -0.000136 -2.96e-05 -1.29e-05 -2.63e-06 -4.39e-05 -4.07e-05 -2.85e-05  0.000227 -3.56e-05 -1.15e-05  3.52e-05  0.000133 -1.33e-05 -6.58e-05  0.000205 -1.03e-05 -5.81e-06 -0.000457 -0.000142   -0.0003 -4.61e-05 -3.39e-06 -0.000102 -1.88e-05 -4.99e-07   -0.0004 -8.23e-05 -1.72e-05 -0.000185
-2.51e-05 -1.65e-07 -9.33e-08 -2.35e-06 -4.21e-06  -1.3e-06 -3.65e-19 -3.65e-19 -2.05e-07 -2.35e-07  5.88e-19 -7.61e-07 -1.68e-06 -1.89e-07 -1.35e-06 -1.65e-07 -2.06e-07 -1.11e-06  -2.4e-06  2.88e-06  2.35e-07 -6.54e-06  4.05e-06  2.33e-08  1.32e-05 -3.23e-06  6.49e-06  2.38e-07 -3.28e-06  1.25e-06 -1.41e-06  2.95e-06  2.55e-06  7.27e-07    -7e-06  1.01e-06 -2.22e-09  4.34e-07 -8.29e-07  9.17e-07 -6.92e-08 -4.98e-06 -2.82e-07 -2.62e-07  1.13e-05 -1.66e-05  -6.2e-07 -5.39e-08  1.07e-05  2.16e-05   9.3e-06  -2.9e-06  4.01e-06  3.13e-06  1.13e-06 -4.57e-06  2.13e-06 -2.12e-06 -1.72e-06  4.06e-06  -1.8e-06  6.64e-06 -1.74e-06 -5.97e-07 -6.09e-07 -1.43e-06 -2.33e-05 -1.45e-05  3.25e-06 -2.12e-06   6.2e-08 -9.24e-08         1 -1.77e-09 -1.32e-10 -7.01e-06 -3.57e-06  2.68e-07 -2.21e-07 -8.54e-06 -3.25e-06 -1.51e-06 -3.16e-07 -5.64e-06 -9.15e-07 -1.45e-06 -5.26e-05 -6.31e-06 -7.68e-06  -2.7e-05  1.35e-05 -3.13e-05  -1.6e-05  1.31e-05 -1.03e-05 -4.22e-07 -2.37e-05  -6.8e-06 -1.03e-05 -2.41e-06 -1.53e-07 -4.93e-06 -1.11e-06 -5.37e-08 -2.01e-05 -3.64e-06 -6.89e-07 -7.93e-06
 6.71e-06 -7.17e-09 -2.83e-08 -2.06e-07 -2.71e-07 -7.53e-08 -1.58e-20 -1.58e-20 -1.32e-08 -1.83e-08  6.79e-20 -6.56e-08 -1.04e-07 -1.18e-08 -1.12e-07 -1.23e-08 -1.52e-08  -7.1e-08  -1.5e-07  6.01e-08  2.01e-09 -1.53e-06 -4.53e-08 -1.14e-07  1.81e-07  -5.3e-07  2.52e-07 -7.53e-08 -4.42e-07  7.55e-08 -1.85e-07  1.35e-07  3.31e-08 -6.61e-08 -1.24e-06 -4.89e-07  -1.5e-10  6.05e-08 -7.73e-08  -2.1e-08 -8.15e-09 -6.45e-07  1.74e-07   7.9e-07  4.83e-07 -4.93e-09 -6.85e-08  5.15e-08  1.18e-06  1.83e-06  7.58e-07 -1.41e-07 -1.66e-08  1.22e-07   2.9e-07  -6.5e-07  7.42e-08 -1.59e-07 -2.13e-07  8.83e-08 -3.05e-08  8.61e-07 -2.73e-08 -3.83e-08  5.71e-08 -1.42e-07 -1.08e-06 -1.68e-06  3.97e-07 -8.42e-08   8.7e-09 -6.33e-09 -1.77e-09         1 -1.53e-11 -2.08e-09 -3.52e-07  1.99e-08 -1.56e-08 -1.08e-07  -2.4e-07 -1.61e-07 -3.54e-08 -7.16e-07  9.85e-08 -5.07e-08 -6.48e-06 -7.76e-07 -5.79e-07 -7.36e-07  2.31e-07 -9.89e-07 -5.69e-07 -1.02e-07  1.11e-06 -3.12e-08 -1.67e-06 -7.16e-08 -2.64e-07  -1.5e-07 -2.15e-08 -1.85e-07 -7.82e-08 -2.79e-09 -7.65e-07  2.73e-08  4.03e-08 -4.52e-07
 6.22e-07 -2.35e-09 -7.35e-09 -3.16e-08 -5.86e-08 -1.73e-08  -7.3e-21  -7.3e-21 -1.35e-09  -2.1e-09  5.13e-21 -1.11e-08 -2.47e-08 -2.82e-09 -1.87e-08 -2.32e-09 -2.93e-09 -1.64e-08  -3.5e-08  1.43e-08   1.9e-09 -9.94e-08  1.81e-08 -4.94e-09  1.33e-07 -3.94e-08  4.39e-08 -2.38e-09 -3.73e-08  9.95e-09 -1.75e-08  1.82e-08  1.35e-08  2.34e-10 -7.51e-08 -7.45e-10 -2.35e-11  1.47e-09  -6.4e-09   7.6e-09 -5.93e-10 -5.38e-08  2.16e-08  9.21e-08  9.38e-08  4.46e-08 -5.48e-09 -7.47e-09 -1.69e-09  3.51e-08  2.23e-08 -2.13e-08 -2.68e-08 -4.55e-08   8.6e-09 -6.67e-08 -2.19e-08  -1.7e-08 -2.55e-08  5.96e-11 -1.92e-08  8.28e-08 -1.55e-08 -1.27e-08 -8.96e-09 -1.63e-08 -2.06e-07 -2.37e-07    -3e-09 -1.98e-08  1.01e-10 -8.91e-10 -1.32e-10 -1.53e-11         1  -6.3e-08 -4.22e-08 -1.23e-09 -1.36e-09 -8.11e-08 -2.48e-08 -1.33e-08  -3.1e-09 -5.74e-08 -1.85e-08 -1.67e-08 -3.46e-07 -6.09e-08 -4.28e-08 -4.81e-08  1.05e-07 -9.39e-08 -7.11e-08  9.99e-08  2.83e-09 -3.98e-09 -3.11e-07 -8.06e-08 -1.68e-07 -3.19e-08 -2.72e-09  -6.3e-08 -1.41e-08 -3.97e-10  -2.5e-07 -4.59e-08 -7.99e-09 -1.12e-07
  0.00863 -0.000472 -0.000989  -0.00392   -0.0096    -0.003 -1.45e-15 -1.45e-15 -0.000162 -0.000282  5.73e-17  -0.00144  -0.00419 -0.000478   -0.0025 -0.000343 -0.000436  -0.00273  -0.00589   0.00355  0.000509   0.00525   0.00709   0.00116    0.0242  8.94e-05   0.00875   0.00123  -0.00111  0.000717 -0.000795   0.00316   0.00401   0.00183 -0.000114   0.00934 -3.44e-06 -0.000599  -0.00037   0.00123 -7.44e-06  -0.00165  -0.00226  -0.00568    0.0158   -0.0271 -0.000189  -0.00471   -0.0168   -0.0147  -0.00344  -0.00437   -0.0011  -0.00875  -0.00381  -0.00409  -0.00404  -0.00228  -0.00221   0.00178  -0.00536   0.00238  -0.00378  -0.00204  -0.00338  -0.00136   -0.0424   -0.0237  -0.00609  -0.00387 -0.000161 -0.000119 -7.01e-06 -2.08e-09  -6.3e-08         1  -0.00398 -0.000441 -0.000165   -0.0208  -0.00285 -0.000637 -0.000168  -0.00161  -0.00618  -0.00336  -0.00826  -0.00161  -0.00384   -0.0216    0.0273    -0.027   -0.0175    0.0317   -0.0335 -0.000468   -0.0445   -0.0197   -0.0345  -0.00509 -0.000232   -0.0125  -0.00215 -6.69e-05   -0.0489   -0.0123  -0.00298   -0.0196
 -0.00114 -8.32e-05 -0.000462   -0.0021  -0.00411   -0.0012 -3.24e-16 -3.24e-16 -6.16e-05 -7.09e-05 -1.37e-17 -0.000765  -0.00176 -0.000202  -0.00128 -0.000161 -0.000203  -0.00117  -0.00248 -4.04e-05  1.51e-05  -0.00577 -0.000501 -0.000448   0.00351  -0.00196   0.00112 -0.000399  -0.00198  0.000231  -0.00123   0.00042  0.000373  -0.00018  -0.00545  -0.00138 -1.22e-06 -0.000106 -0.000243  3.81e-05  -2.4e-05  -0.00261   0.00101   0.00456   0.00359   0.00216 -0.000279  0.000449 -0.000876 -0.000412  0.000141 -0.000438  -0.00217  -0.00236  0.000501  -0.00214 -0.000553 -0.000527 -0.000978 -0.000631  -0.00115   0.00478  -0.00116  -0.00115  -0.00108   -0.0011   -0.0107   -0.0163  -0.00226  -0.00134  8.84e-06 -5.37e-05 -3.57e-06 -3.52e-07 -4.22e-08  -0.00398         1  -0.00016 -2.12e-05   -0.0051    -0.001 -0.000538 -0.000126  -0.00223  -0.00176  -0.00121  -0.00342  -0.00195  -0.00051   0.00476   0.00213   0.00175 -0.000892   0.00459   0.00218 -0.000231   -0.0208  -0.00598   -0.0139  -0.00205 -0.000174  -0.00453 -0.000842 -1.66e-05   -0.0178  -0.00363 -0.000621  -0.00802
 -0.00034 -2.32e-05 -8.99e-05 -0.000229 -0.000568 -0.000169 -9.73e-17 -9.73e-17  2.86e-06  4.53e-06 -1.58e-17 -8.81e-05 -0.000259 -2.95e-05 -0.000149    -2e-05 -2.57e-05  -0.00017 -0.000359 -0.000101 -1.46e-05 -0.000293 -0.000217 -4.71e-05 -0.000294 -4.18e-05 -0.000169 -5.56e-05 -5.14e-05 -4.47e-05  -4.5e-05 -8.41e-05 -9.86e-05 -5.06e-05 -0.000581  -0.00022 -9.26e-08 -4.42e-05 -1.12e-05  -7.2e-05  4.57e-07 -3.26e-05  4.76e-05  0.000445 -0.000367  0.000442  3.11e-06 -0.000349  -0.00288  -0.00455   -0.0016 -0.000143  -0.00118  -0.00198 -0.000369 -0.000415  -0.00118 -3.69e-05 -0.000357 -0.000654 -0.000223 -0.000203 -0.000146 -0.000176 -0.000128 -6.69e-05   -0.0011  -0.00204 -0.000808 -8.48e-05 -1.94e-05 -2.38e-06  2.68e-07  1.99e-08 -1.23e-09 -0.000441  -0.00016         1  8.27e-06 -0.000532  5.33e-05  1.41e-05 -2.85e-06 -3.87e-05 -0.000274 -0.000118 -0.000599 -0.000111  1.96e-05   0.00105 -0.000689   0.00036  0.000349 -0.000477 -0.000771 -2.82e-05  -0.00193  -0.00068  -0.00161 -0.000206 -1.15e-05  -0.00048 -7.27e-05  -4.5e-07  -0.00197 -0.000506  -7.8e-05  -0.00113
 0.000274 -3.24e-06  2.54e-06 -3.83e-06 -1.47e-05 -7.42e-06 -7.38e-18 -7.38e-18 -3.04e-06 -6.73e-06   1.2e-17 -1.48e-07 -4.38e-06 -5.03e-07 -1.79e-06 -4.49e-07 -5.22e-07 -2.71e-06 -7.67e-06  8.38e-05  1.42e-05  0.000145  0.000175  2.43e-05  0.000279  8.78e-06  0.000202  3.68e-05 -5.88e-06  4.91e-06     8e-06  7.79e-05  8.55e-05  3.93e-05   3.5e-05  0.000205 -3.01e-08     5e-06 -4.47e-06  4.19e-07 -3.35e-07 -2.52e-05 -7.54e-05 -0.000263  0.000376  -0.00115 -3.38e-06 -1.76e-05  0.000297  0.000651  0.000285 -9.34e-05  0.000183  0.000222  1.93e-05 -5.29e-05  0.000135 -6.65e-05 -3.37e-06  0.000146 -7.66e-05   0.00014 -1.16e-05  2.03e-05 -5.83e-06  2.48e-06 -0.000718  0.000149  9.11e-05    -3e-05   1.2e-07 -1.19e-06 -2.21e-07 -1.56e-08 -1.36e-09 -0.000165 -2.12e-05  8.27e-06         1 -0.000145 -6.36e-05 -1.83e-05 -2.68e-06 -3.63e-05 -3.38e-06 -1.15e-05   0.00012 -2.55e-05 -6.79e-05 -0.000565  0.000635  -0.00042 -0.000352  0.000614 -0.000272 -1.58e-06 -8.56e-05 -6.98e-05  2.11e-05 -1.79e-05 -4.39e-07 -3.05e-05 -1.23e-05  -9.4e-07 -9.63e-05 -1.39e-05 -1.98e-05 -2.65e-05
   0.0393 -0.000544  -0.00119  -0.00474   -0.0109  -0.00333 -1.44e-15 -1.44e-15 -0.000182 -0.000309 -2.23e-17  -0.00175  -0.00473  -0.00054  -0.00299 -0.000399 -0.000509  -0.00308  -0.00664   0.00377   0.00046   0.00281   0.00723    0.0013    0.0371 -0.000983   0.00876   0.00107  -0.00197   0.00178  -0.00149   0.00316   0.00424   0.00182   0.00355   0.00965 -4.21e-06 -0.000758 -0.000455   0.00317 -1.53e-05   -0.0027 -0.000343  0.000735    0.0153   0.00738 -0.000289  -0.00573   -0.0158   -0.0109  -0.00332  -0.00233   0.00081  -0.00742  -0.00387  -0.00309  -0.00283  -0.00084 -0.000602   0.00288  -0.00359  5.77e-05  -0.00451   -0.0027  -0.00411  -0.00193   -0.0312   -0.0309   -0.0056  -0.00459 -0.000109 -0.000136 -8.54e-06 -1.08e-07 -8.11e-08   -0.0208   -0.0051 -0.000532 -0.000145         1  -0.00311  -0.00073 -0.000233  -0.00252  -0.00792  -0.00427   -0.0421  -0.00265   -0.0055   -0.0254    0.0297   -0.0347     -0.02    0.0333   -0.0384 -0.000471   -0.0584    -0.025   -0.0462  -0.00653 -0.000337   -0.0163  -0.00277 -7.64e-05   -0.0639   -0.0161  -0.00359   -0.0226
  0.00317 -4.43e-05  -9.1e-05 -0.000683  -0.00134 -0.000415 -1.13e-16 -1.13e-16  -5.2e-05 -8.89e-05  8.62e-17 -0.000237 -0.000548 -6.29e-05 -0.000408 -5.25e-05 -6.59e-05 -0.000363 -0.000785  0.000789  0.000139 -0.000516   0.00152  0.000102   0.00429 -0.000583   0.00231   0.00022 -0.000729  0.000173 -0.000373  0.000891  0.000991  0.000331  -0.00113   0.00153  -6.8e-07  1.31e-05 -0.000113  0.000115 -1.12e-05  -0.00112 -0.000363  -0.00108   0.00487  -0.00907 -0.000132  0.000216   0.00432    0.0089   0.00369 -0.000791    0.0018   0.00265  0.000573  -0.00077   0.00197 -0.000685 -2.02e-05    0.0016 -0.000916   0.00297 -0.000486 -0.000165 -0.000441 -0.000356  -0.00925  -0.00353  0.000429 -0.000757  1.87e-05 -2.96e-05 -3.25e-06  -2.4e-07 -2.48e-08  -0.00285    -0.001  5.33e-05 -6.36e-05  -0.00311         1 -0.000353 -6.58e-05  -0.00103 -0.000623 -0.000525 -9.38e-05 -0.000755 -0.000764  -0.00407   0.00703  -0.00352  -0.00379   0.00776  -0.00155 -7.78e-05  -0.00774  -0.00271  -0.00457 -0.000843 -6.33e-05  -0.00184 -0.000398 -1.45e-05  -0.00694  -0.00136 -0.000404  -0.00262
 -0.00102 -5.87e-06 -5.54e-05 -0.000384 -0.000671 -0.000196 -3.22e-17 -3.22e-17 -2.03e-05 -2.63e-05  3.64e-17 -0.000134 -0.000276 -3.16e-05 -0.000225 -2.74e-05 -3.43e-05 -0.000185 -0.000392  8.97e-05  2.29e-05  -0.00143  6.43e-05 -0.000112   0.00037 -0.000525  0.000535 -5.76e-05 -0.000521  3.54e-05 -0.000275  0.000224   0.00018 -1.49e-05  -0.00155 -0.000263 -2.49e-07  2.92e-05 -7.04e-05 -8.22e-05 -8.01e-06 -0.000738  0.000114  0.000558   0.00144   -0.0025 -8.34e-05  0.000385   0.00182   0.00305   0.00128 -0.000245  8.52e-05  0.000595  0.000429 -0.000565  0.000535  -0.00028 -0.000205  0.000233 -0.000315   0.00175 -0.000161 -0.000137 -0.000126 -0.000229  -0.00335  -0.00273  3.09e-05 -0.000266  1.22e-05 -1.29e-05 -1.51e-06 -1.61e-07 -1.33e-08 -0.000637 -0.000538  1.41e-05 -1.83e-05  -0.00073 -0.000353         1 -3.58e-05 -0.000677 -0.000129 -0.000185  0.000115 -0.000572 -0.000211  0.000388   0.00112   0.00031 -0.000555   0.00155   0.00152 -4.91e-05  -0.00353 -0.000756  -0.00175 -0.000336 -3.51e-05 -0.000638 -0.000149 -4.33e-06  -0.00246 -0.000336 -6.38e-05  -0.00124
-0.000367 -3.96e-06  -1.9e-05 -9.54e-05  -0.00017 -4.92e-05 -1.07e-17 -1.07e-17 -3.76e-06 -5.34e-06  4.86e-18 -3.37e-05 -7.14e-05 -8.19e-06 -5.66e-05  -6.9e-06 -8.69e-06 -4.76e-05 -0.000101  9.33e-06  1.45e-06 -0.000355 -1.06e-05 -2.36e-05   0.00023 -0.000127  7.76e-05  -1.9e-05 -0.000117  2.11e-05 -6.57e-05  3.22e-05   2.6e-05 -9.89e-06  -0.00028 -7.84e-05 -6.41e-08  7.82e-07 -1.58e-05  1.02e-05 -1.65e-06 -0.000161  4.47e-05  0.000214  0.000185  0.000185 -1.71e-05  4.48e-06   0.00018  0.000345  0.000137 -1.14e-05 -9.79e-06   1.7e-05   5.2e-05 -0.000115  4.67e-05 -2.34e-05 -2.53e-05  2.58e-05 -2.96e-05  0.000227 -4.67e-05 -4.44e-05 -3.88e-05 -5.46e-05 -0.000408 -0.000737 -1.64e-05 -6.23e-05  1.79e-06 -2.63e-06 -3.16e-07 -3.54e-08  -3.1e-09 -0.000168 -0.000126 -2.85e-06 -2.68e-06 -0.000233 -6.58e-05 -3.58e-05         1 -0.000152 -6.48e-05 -5.43e-05  -0.00118 -0.000144 -9.03e-05 -9.32e-06  0.000186 -0.000131 -0.000145  0.000225  0.000121 -9.92e-06 -0.000973 -0.000261 -0.000592 -9.63e-05 -9.08e-06 -0.000206 -4.28e-05 -9.73e-07 -0.000806 -0.000153 -2.47e-05 -0.000331
 -0.00297 -4.21e-05 -0.000325  -0.00165  -0.00279 -0.000788 -1.59e-16 -1.59e-16 -6.06e-05 -7.17e-05  1.35e-16 -0.000583  -0.00116 -0.000133 -0.000968 -0.000116 -0.000145 -0.000782  -0.00165 -9.12e-05 -8.09e-06  -0.00757 -0.000799 -0.000608   0.00236  -0.00251  0.000824 -0.000504  -0.00227  0.000345  -0.00122  0.000396  0.000108 -0.000366  -0.00588  -0.00237 -9.67e-07  8.77e-05 -0.000301  4.67e-05 -3.34e-05  -0.00311   0.00146   0.00592   0.00285    0.0055 -0.000329  0.000879   0.00352   0.00552    0.0022 -0.000208  -0.00133 -0.000469   0.00133  -0.00254   0.00028 -0.000502 -0.000877  -0.00027 -0.000432   0.00525 -0.000616 -0.000758 -0.000431 -0.000994  -0.00647   -0.0135 -0.000247 -0.000885  4.22e-05 -4.39e-05 -5.64e-06 -7.16e-07 -5.74e-08  -0.00161  -0.00223 -3.87e-05 -3.63e-05  -0.00252  -0.00103 -0.000677 -0.000152         1 -0.000666 -0.000757   -0.0135  -0.00286   -0.0012   0.00375  0.000696   0.00151 -0.000544   0.00142   0.00655 -0.000191   -0.0156  -0.00317  -0.00836  -0.00146 -0.000157  -0.00284 -0.000632 -1.31e-05   -0.0112  -0.00174 -0.000172  -0.00525
   0.0148 -0.000169 -0.000493  -0.00175  -0.00394  -0.00118 -4.66e-16 -4.66e-16 -3.88e-05 -6.41e-05  -1.2e-16 -0.000658  -0.00173 -0.000197  -0.00111 -0.000146 -0.000187  -0.00113  -0.00241  0.000548  5.72e-05 -0.000569   0.00101   0.00021    0.0105 -0.000544   0.00148  5.53e-05 -0.000758  0.000522 -0.000667  0.000457  0.000803  0.000286  0.000546   0.00171  -1.3e-06 -0.000334 -0.000108   0.00101 -2.55e-06 -0.000892  0.000477   0.00252   0.00263    0.0111  -8.2e-05  -0.00189  -0.00779  -0.00879  -0.00333 -4.52e-05  -0.00131  -0.00425   -0.0014 -0.000769  -0.00189  0.000203  -0.00015 -0.000213 -0.000763 -0.000619   -0.0015  -0.00117  -0.00148 -0.000746  -0.00603    -0.013  -0.00292  -0.00144 -4.01e-05 -4.07e-05 -9.15e-07  9.85e-08 -1.85e-08  -0.00618  -0.00176 -0.000274 -3.38e-06  -0.00792 -0.000623 -0.000129 -6.48e-05 -0.000666         1  -0.00147   -0.0144  -0.00068  -0.00107  -0.00279   0.00585  -0.00689  -0.00381   0.00742   -0.0103 -0.000151    -0.021  -0.00857   -0.0173  -0.00228 -0.000133  -0.00574 -0.000939 -1.92e-05   -0.0226  -0.00571  -0.00115  -0.00818
  0.00807 -7.84e-05 -0.000261  -0.00111  -0.00237 -0.000703 -2.26e-16 -2.26e-16 -3.32e-05 -4.44e-05 -5.16e-17 -0.000411  -0.00102 -0.000117 -0.000693 -8.95e-05 -0.000114 -0.000673  -0.00144  0.000267  2.97e-05  -0.00138  0.000383  2.39e-06   0.00476 -0.000633  0.000955 -4.39e-05 -0.000733  0.000256 -0.000533  0.000334  0.000472  0.000106  -0.00106  0.000401 -7.78e-07 -0.000141 -0.000103  0.000385 -6.95e-06 -0.000933  0.000238   0.00137   0.00198   0.00328 -0.000101 -0.000572   -0.0023  -0.00199 -0.000681 -0.000134 -0.000507   -0.0015 -0.000363 -0.000614 -0.000441  -6.1e-05 -0.000179  6.71e-05 -0.000551  0.000822 -0.000849 -0.000675 -0.000814 -0.000532  -0.00495  -0.00821  -0.00143  -0.00088 -9.09e-06 -2.85e-05 -1.45e-06 -5.07e-08 -1.67e-08  -0.00336  -0.00121 -0.000118 -1.15e-05  -0.00427 -0.000525 -0.000185 -5.43e-05 -0.000757  -0.00147         1  -0.00735 -0.000685 -0.000671  -0.00111   0.00305  -0.00325  -0.00216   0.00425   -0.0039 -0.000109   -0.0125  -0.00464  -0.00959  -0.00131 -8.66e-05   -0.0032 -0.000545  -1.2e-05   -0.0126  -0.00299 -0.000587  -0.00481
   -0.132 -0.000186  0.000328  -0.00242 -0.000423  0.000326   6.9e-15   6.9e-15  7.64e-05 -0.000876 -7.43e-15 -0.000368  0.000188  1.53e-05  -0.00117 -2.36e-05  -2.2e-05  0.000321  0.000444   -0.0271  -0.00554    -0.103    -0.061  -0.00846     -0.19   -0.0307   -0.0482   -0.0111   -0.0135  -0.00741   -0.0117   -0.0191    -0.013   -0.0127     -0.11   -0.0974 -4.54e-06  -0.00275  -0.00112   -0.0169 -9.99e-05    -0.013   -0.0734    -0.188    -0.196   -0.0165  -0.00126   -0.0941    0.0447    0.0552   0.00947     0.046    0.0944    0.0842   -0.0173    0.0516    0.0554    0.0332    0.0514    0.0378    0.0396    -0.183  -0.00348  -0.00371  -0.00738   -0.0034     0.283   -0.0455    0.0254  -0.00283  -0.00032  0.000227 -5.26e-05 -6.48e-06 -3.46e-07  -0.00826  -0.00342 -0.000599   0.00012   -0.0421 -9.38e-05  0.000115  -0.00118   -0.0135   -0.0144  -0.00735         1   -0.0181   -0.0744    -0.301   -0.0903    -0.323    -0.101    -0.151    -0.204   0.00246   -0.0694   -0.0557    -0.108  -0.00886  -0.00138   -0.0413  -0.00757 -4.63e-05    -0.155   -0.0473  -0.00559   -0.0111
   0.0176 -0.000102 -0.000344  -0.00156  -0.00284 -0.000819 -3.62e-16 -3.62e-16 -5.18e-05 -3.53e-05  2.57e-16 -0.000548  -0.00121 -0.000137 -0.000923 -0.000112 -0.000142 -0.000803   -0.0017  0.000333 -2.91e-05  -0.00612 -0.000197 -0.000407   0.00551  -0.00202  0.000729  -0.00041  -0.00184   0.00064 -0.000874  0.000439 -1.41e-05 -0.000253  -0.00393  -0.00175 -9.33e-07  0.000116 -0.000372  0.000598 -3.19e-05  -0.00257   0.00211   0.00787   0.00184    0.0132 -0.000269 -4.19e-05  -0.00403  -0.00606  -0.00203 -0.000716  -0.00366  -0.00588  3.72e-05  -0.00355  -0.00352  -0.00049  -0.00189  -0.00156 -0.000395   0.00305 -0.000756   -0.0008 -0.000238 -0.000857  -0.00513   -0.0133 -0.000752 -0.000698  4.93e-08 -3.56e-05 -6.31e-06 -7.76e-07 -6.09e-08  -0.00161  -0.00195 -0.000111 -2.55e-05  -0.00265 -0.000755 -0.000572 -0.000144  -0.00286  -0.00068 -0.000685   -0.0181         1  -0.00237 -8.62e-05    -0.001  -0.00478  -0.00138  -0.00126   0.00104 -0.000238   -0.0143    -0.003  -0.00729  -0.00136 -0.000109  -0.00258 -0.000537 -1.43e-05   -0.0108  -0.00195  -0.00013  -0.00536
  -0.0302 -0.000152  4.85e-05  -0.00039 -0.000991 -0.000341  -1.8e-16  -1.8e-16 -5.74e-05 -6.71e-05  1.24e-16   -0.0001 -0.000402 -4.31e-05 -0.000228 -2.98e-05 -3.81e-05 -0.000241 -0.000566   0.00142  -1.3e-05  0.000599   0.00201    0.0005   0.00815 -0.000364   0.00174  0.000299 -0.000225  0.000797 -1.28e-05  0.000875  0.000954  0.000485   0.00109   0.00104 -8.35e-07  3.83e-05 -0.000317   0.00114 -1.34e-05 -0.000417  -0.00159  -0.00456   -0.0012   0.00406 -7.83e-05  -0.00399  -0.00411  -0.00318  -0.00111 -0.000343   0.00295  -0.00167  -0.00212 -0.000276   -0.0015  0.000357  0.000241   0.00199  0.000565  -0.00684 -0.000975 -0.000178 -0.000329 -0.000178   0.00185  -0.00184   0.00156 -0.000658 -3.94e-05 -1.15e-05 -7.68e-06 -5.79e-07 -4.28e-08  -0.00384  -0.00051  1.96e-05 -6.79e-05   -0.0055 -0.000764 -0.000211 -9.03e-05   -0.0012  -0.00107 -0.000671   -0.0744  -0.00237         1   -0.0268   0.00423   -0.0314   -0.0114   0.00125   -0.0214 -8.44e-05  -0.00699  -0.00448  -0.00542 -0.000893  6.14e-06  -0.00269 -0.000448 -2.39e-05   -0.0113  -0.00336 -0.000587  -0.00234
   -0.114 -0.000595   0.00193   0.00478   0.00706   0.00158  8.74e-17  8.74e-17 -0.000246  -0.00053  5.01e-16   0.00194   0.00323   0.00038   0.00289  0.000332  0.000418   0.00229   0.00444    0.0118  0.000882    0.0394     0.023    0.0062    0.0491   0.00764    0.0178    0.0056   0.00671   0.00294   0.00446    0.0074   0.00996   0.00612    0.0322    0.0268 -2.05e-06  0.000105 -0.000411    0.0057  4.47e-05   0.00771   -0.0183    -0.063   0.00798   -0.0659  0.000587   -0.0213   0.00902    0.0417    0.0166  -0.00353    0.0402    0.0255   -0.0107    0.0101    0.0121  0.000847   0.00882    0.0248   0.00171   -0.0423  -0.00252   0.00372  -0.00059   0.00297  0.000928    0.0574    0.0179  -0.00185 -0.000172  3.52e-05  -2.7e-05 -7.36e-07 -4.81e-08   -0.0216   0.00476   0.00105 -0.000565   -0.0254  -0.00407  0.000388 -9.32e-06   0.00375  -0.00279  -0.00111    -0.301 -8.62e-05   -0.0268         1    0.0626    -0.175   -0.0742    0.0449    -0.135  0.000477    0.0206   -0.0141   0.00542  0.000246  0.000525  -0.00435 -0.000618 -0.000118   -0.0175   -0.0101   -0.0035    0.0109
    0.286  0.000746  0.000301 -0.000431 -0.000314  0.000213   1.4e-15   1.4e-15  0.000292  0.000876 -1.79e-15 -0.000171 -0.000353 -3.04e-05 -0.000262 -1.82e-06 -1.71e-07 -0.000257 -0.000283    -0.015  -0.00246   -0.0369   -0.0332   -0.0064    -0.121  -0.00485   -0.0304  -0.00682  -0.00213  -0.00577  -0.00215   -0.0111   -0.0136  -0.00728   -0.0541   -0.0483  4.97e-06  0.000219 -0.000199   -0.0116 -2.71e-05 -0.000515  -0.00434   -0.0056   -0.0624   -0.0215 -0.000162   0.00241   -0.0329   -0.0904   -0.0333   0.00545   -0.0283   -0.0315  -0.00152   0.00221   -0.0193   0.00341  -0.00603    -0.022   0.00365   -0.0131   0.00202  -0.00236   0.00213 -0.000833    0.0463   -0.0269   -0.0144   0.00449 -0.000191  0.000133  1.35e-05  2.31e-07  1.05e-07    0.0273   0.00213 -0.000689  0.000635    0.0297   0.00703   0.00112  0.000186  0.000696   0.00585   0.00305   -0.0903    -0.001   0.00423    0.0626         1    0.0484    0.0444    -0.107    0.0475 -0.000305    0.0313    0.0213    0.0215   0.00497  0.000142    0.0112   0.00261  0.000125    0.0398    0.0105   0.00474   0.00121
  -0.0813 -0.000904    0.0011   0.00133 -0.000395 -0.000578 -1.01e-15 -1.01e-15 -0.000282 -0.000353  5.94e-16  0.000661 -8.06e-05  7.49e-06  0.000735  5.77e-05  6.71e-05  0.000133 -0.000134    0.0123  0.000532    0.0337    0.0219   0.00611    0.0713   0.00631    0.0157   0.00463   0.00514   0.00516   0.00331   0.00698   0.00892   0.00581     0.034     0.024  -3.7e-06 -0.000162  -0.00104   0.00942  1.68e-05   0.00603   -0.0113   -0.0395   0.00391   0.00887  0.000385   -0.0228   -0.0253   -0.0117   -0.0042   -0.0033     0.026  -0.00171   -0.0152   0.00553  -0.00461   0.00214   0.00438    0.0171   0.00231   -0.0463   -0.0055  0.000802  -0.00218   0.00128   0.00754    0.0255    0.0104  -0.00339 -0.000269 -1.33e-05 -3.13e-05 -9.89e-07 -9.39e-08    -0.027   0.00175   0.00036  -0.00042   -0.0347  -0.00352   0.00031 -0.000131   0.00151  -0.00689  -0.00325    -0.323  -0.00478   -0.0314    -0.175    0.0484         1    -0.074     0.033    -0.152 -0.000101    -0.015   -0.0255   -0.0211  -0.00316  0.000416   -0.0125  -0.00165  -0.00014   -0.0529   -0.0191  -0.00441  -0.00407
 -0.00975 -0.000428  0.000257  -0.00029  -0.00185 -0.000799 -5.65e-16 -5.65e-16 -0.000211  -0.00042  3.92e-16 -2.42e-05 -0.000697 -7.67e-05 -0.000202 -4.64e-05 -5.93e-05 -0.000396  -0.00104   0.00685  0.000754    0.0161    0.0136   0.00293    0.0365    0.0021    0.0131    0.0029   0.00113   0.00181  0.000912   0.00513   0.00652   0.00341    0.0129    0.0164  -2.8e-06 -0.000128  -0.00037   0.00322  1.55e-07  0.000728  -0.00688   -0.0235    0.0167   -0.0376 -1.48e-05  -0.00833   0.00645    0.0277    0.0115  -0.00352    0.0176    0.0119  -0.00376   0.00137   0.00692  -0.00129   0.00289    0.0123  -0.00208  -0.00926  -0.00262  0.000623  -0.00182  0.000215   -0.0245      0.01   0.00594  -0.00291 -5.99e-05 -6.58e-05  -1.6e-05 -5.69e-07 -7.11e-08   -0.0175 -0.000892  0.000349 -0.000352     -0.02  -0.00379 -0.000555 -0.000145 -0.000544  -0.00381  -0.00216    -0.101  -0.00138   -0.0114   -0.0742    0.0444    -0.074         1      0.04   -0.0594 -3.94e-05   -0.0172    -0.015    -0.015   -0.0027   2.2e-05  -0.00796  -0.00147  -8.4e-05   -0.0308  -0.00921   -0.0028  -0.00497
    0.199  0.000696  0.000673   0.00233   0.00591   0.00207  1.75e-15  1.75e-15  0.000365  0.000854  -1.4e-15  0.000854   0.00237  0.000279   0.00147  0.000226  0.000288   0.00155   0.00352   -0.0137  -0.00236   -0.0314   -0.0301  -0.00535    -0.104  -0.00384   -0.0303  -0.00602 -0.000423  -0.00438 -0.000783   -0.0111   -0.0135  -0.00686   -0.0383   -0.0433  5.73e-06  0.000397  1.17e-05  -0.00867 -9.01e-06   0.00142   -0.0027  -0.00168   -0.0658    0.0245  0.000133  -0.00133   -0.0285   -0.0804   -0.0315   0.00803   -0.0217   -0.0258  -0.00199   0.00403   -0.0174   0.00557  -0.00272   -0.0189   0.00799    -0.023   0.00369 -0.000649   0.00381  0.000493    0.0776  -0.00609  -0.00695   0.00615 -0.000143  0.000205  1.31e-05 -1.02e-07  9.99e-08    0.0317   0.00459 -0.000477  0.000614    0.0333   0.00776   0.00155  0.000225   0.00142   0.00742   0.00425    -0.151  -0.00126   0.00125    0.0449    -0.107     0.033      0.04         1    0.0393  0.000144    0.0508    0.0261    0.0347   0.00664  0.000267    0.0149   0.00311  0.000134    0.0546    0.0132   0.00518    0.0129
    0.394  -0.00119 -0.000303 -0.000315  -0.00679  -0.00259 -2.71e-15 -2.71e-15 -0.000122 -0.000276  1.02e-16 -9.57e-05  -0.00319  -0.00035 -0.000533 -0.000146 -0.000197   -0.0019  -0.00443    0.0104  0.000709    0.0436    0.0206   0.00604    0.0542    0.0103    0.0143   0.00499   0.00797   0.00222   0.00459   0.00549   0.00791   0.00577    0.0296     0.028 -3.76e-06  -0.00124 -0.000354   0.00553  9.69e-05    0.0104   -0.0139   -0.0445    0.0044   -0.0409   0.00103   -0.0268    -0.075   -0.0896   -0.0302  -0.00816   0.00571   -0.0314   -0.0213  0.000349   -0.0221 -0.000368  -0.00153   0.00577   -0.0051    -0.045  -0.00638 -0.000727  -0.00405    0.0019   -0.0312    0.0124  -0.00604  -0.00373 -0.000694 -1.03e-05 -1.03e-05  1.11e-06  2.83e-09   -0.0335   0.00218 -0.000771 -0.000272   -0.0384  -0.00155   0.00152  0.000121   0.00655   -0.0103   -0.0039    -0.204   0.00104   -0.0214    -0.135    0.0475    -0.152   -0.0594    0.0393         1 -0.000248   -0.0225   -0.0306   -0.0336  -0.00438  0.000382   -0.0152  -0.00194 -0.000119   -0.0628   -0.0226  -0.00564   -0.0167
  0.00734 -1.35e-05 -5.05e-05 -0.000246  -0.00056 -0.000169 -7.69e-17 -7.69e-17 -6.76e-06 -2.85e-07  1.14e-17 -8.96e-05 -0.000246 -2.78e-05 -0.000153 -2.02e-05 -2.56e-05 -0.000162 -0.000344  3.09e-05 -3.45e-07 -0.000371 -2.01e-05 -4.61e-05 -0.000208 -9.68e-05   0.00013 -3.57e-05 -0.000144 -1.79e-05 -7.79e-05  6.25e-05  1.92e-05 -4.12e-06 -0.000875  -0.00017 -1.12e-07  -3.6e-06 -3.96e-05 -8.39e-05 -2.44e-06  -0.00019  5.75e-05  0.000316  0.000397  -0.00172 -2.37e-05  6.64e-05  -0.00142  -0.00225 -0.000672 -0.000314 -0.000845   -0.0013 -0.000136 -0.000482 -0.000752 -0.000195 -0.000436 -0.000389 -0.000338  0.000567 -0.000163 -0.000143 -9.93e-05 -0.000104  -0.00246   -0.0019 -0.000547 -0.000131 -9.47e-06 -5.81e-06 -4.22e-07 -3.12e-08 -3.98e-09 -0.000468 -0.000231 -2.82e-05 -1.58e-06 -0.000471 -7.78e-05 -4.91e-05 -9.92e-06 -0.000191 -0.000151 -0.000109   0.00246 -0.000238 -8.44e-05  0.000477 -0.000305 -0.000101 -3.94e-05  0.000144 -0.000248         1  -0.00188 -0.000499  -0.00112  -0.00018 -8.82e-06 -0.000362 -5.84e-05 -1.91e-06  -0.00154 -0.000313 -4.56e-05  -0.00106
   0.0962  -0.00109  -0.00446   -0.0186   -0.0378   -0.0111 -3.47e-15 -3.47e-15 -0.000492 -0.000587 -4.73e-16  -0.00685   -0.0163  -0.00187   -0.0115  -0.00146  -0.00185   -0.0108   -0.0229   0.00188  0.000226   -0.0366  0.000688  -0.00173    0.0692   -0.0136     0.011   -0.0023   -0.0145   0.00425  -0.00979   0.00387   0.00477 -8.45e-05   -0.0245  -0.00168 -1.18e-05  -0.00182  -0.00184   0.00578 -0.000153   -0.0186    0.0109    0.0453    0.0298    0.0895  -0.00194  -0.00299   -0.0324   -0.0328    -0.012  -0.00101   -0.0175   -0.0293  -0.00174   -0.0145   -0.0102  -0.00115  -0.00554   -0.0047  -0.00759    0.0251   -0.0123   -0.0112   -0.0116  -0.00932   -0.0707    -0.144    -0.023    -0.013 -2.69e-05 -0.000457 -2.37e-05 -1.67e-06 -3.11e-07   -0.0445   -0.0208  -0.00193 -8.56e-05   -0.0584  -0.00774  -0.00353 -0.000973   -0.0156    -0.021   -0.0125   -0.0694   -0.0143  -0.00699    0.0206    0.0313    -0.015   -0.0172    0.0508   -0.0225  -0.00188         1   -0.0665    -0.146   -0.0204   -0.0015   -0.0478  -0.00833 -0.000163    -0.188   -0.0426  -0.00772   -0.0757
   0.0308 -0.000495  -0.00141   -0.0056   -0.0122  -0.00366  -1.3e-15  -1.3e-15 -0.000165 -0.000262 -2.97e-16  -0.00207  -0.00531 -0.000608  -0.00351 -0.000458 -0.000583  -0.00348  -0.00745   0.00206  0.000229  -0.00356   0.00361  0.000551    0.0316  -0.00249   0.00587  0.000201  -0.00309   0.00162   -0.0024     0.002   0.00304  0.000975 -0.000971   0.00493 -4.29e-06 -0.000889 -0.000462   0.00281  -2.3e-05  -0.00389  0.000619   0.00506    0.0105    0.0227 -0.000403  -0.00523   -0.0158   -0.0137  -0.00502 -0.000485  -0.00106  -0.00817  -0.00321  -0.00244  -0.00265  0.000149 -0.000104   0.00131  -0.00259  0.000268  -0.00468  -0.00346  -0.00455  -0.00253   -0.0232   -0.0402  -0.00728  -0.00476 -8.11e-05 -0.000142  -6.8e-06 -7.16e-08 -8.06e-08   -0.0197  -0.00598  -0.00068 -6.98e-05    -0.025  -0.00271 -0.000756 -0.000261  -0.00317  -0.00857  -0.00464   -0.0557    -0.003  -0.00448   -0.0141    0.0213   -0.0255    -0.015    0.0261   -0.0306 -0.000499   -0.0665         1    -0.053  -0.00717 -0.000439   -0.0179  -0.00302 -6.81e-05   -0.0703   -0.0174  -0.00355   -0.0253
    0.042 -0.000823  -0.00325    -0.013   -0.0269  -0.00789  -2.3e-15  -2.3e-15 -0.000294 -0.000396 -9.96e-16  -0.00482   -0.0117  -0.00134  -0.00806  -0.00103  -0.00131   -0.0077   -0.0164   0.00032 -2.03e-05   -0.0225 -0.000947 -0.000816    0.0484  -0.00853   0.00545  -0.00162  -0.00894   0.00279  -0.00679   0.00155   0.00314  -6.9e-05   -0.0136  -0.00121 -8.44e-06  -0.00186 -0.000987   0.00442 -7.23e-05   -0.0109   0.00471    0.0235    0.0126     0.075  -0.00112  -0.00696   -0.0295   -0.0319   -0.0128   0.00218  -0.00862   -0.0191   -0.0038  -0.00516  -0.00572   0.00162 -0.000493  -0.00204   -0.0036    0.0059  -0.00928  -0.00836  -0.00944  -0.00635   -0.0336    -0.101    -0.018  -0.00951 -7.77e-05   -0.0003 -1.03e-05 -2.64e-07 -1.68e-07   -0.0345   -0.0139  -0.00161  2.11e-05   -0.0462  -0.00457  -0.00175 -0.000592  -0.00836   -0.0173  -0.00959    -0.108  -0.00729  -0.00542   0.00542    0.0215   -0.0211    -0.015    0.0347   -0.0336  -0.00112    -0.146    -0.053         1   -0.0152  -0.00108   -0.0373  -0.00628 -0.000112    -0.147   -0.0349  -0.00645   -0.0551
  0.00991 -0.000133 -0.000471  -0.00185  -0.00384  -0.00114 -4.04e-16 -4.04e-16 -5.03e-05 -7.35e-05 -3.08e-17 -0.000681  -0.00167 -0.000191  -0.00114 -0.000147 -0.000187   -0.0011  -0.00234  0.000412  5.87e-05  -0.00277  0.000597 -4.92e-05   0.00838  -0.00119   0.00154   -0.0001  -0.00131  0.000459 -0.000887  0.000531  0.000682  0.000116  -0.00166  0.000661 -1.27e-06 -0.000208 -0.000173  0.000684  -1.3e-05  -0.00171   0.00088   0.00387   0.00356   0.00799 -0.000172 -0.000785  -0.00411  -0.00393  -0.00138 -0.000269  -0.00151  -0.00311 -0.000443  -0.00153  -0.00117 -0.000168 -0.000514 -0.000254 -0.000898   0.00205  -0.00128  -0.00109  -0.00122 -0.000877  -0.00806   -0.0139  -0.00229  -0.00136 -1.36e-05 -4.61e-05 -2.41e-06  -1.5e-07 -3.19e-08  -0.00509  -0.00205 -0.000206 -1.79e-05  -0.00653 -0.000843 -0.000336 -9.63e-05  -0.00146  -0.00228  -0.00131  -0.00886  -0.00136 -0.000893  0.000246   0.00497  -0.00316   -0.0027   0.00664  -0.00438  -0.00018   -0.0204  -0.00717   -0.0152         1 -0.000149  -0.00504 -0.000885 -1.85e-05   -0.0198  -0.00459 -0.000889  -0.00776
-0.000265 -3.64e-06 -3.54e-05 -0.000141 -0.000258 -7.28e-05 -9.07e-18 -9.07e-18 -3.15e-06 -6.31e-06 -1.11e-17 -5.19e-05  -0.00011 -1.27e-05 -8.56e-05 -1.05e-05 -1.33e-05 -7.34e-05 -0.000155 -5.29e-05 -2.27e-06 -0.000535 -0.000117 -4.52e-05  0.000105 -0.000176  1.38e-05 -4.15e-05 -0.000157  5.73e-06 -0.000105 -3.22e-06  5.48e-06 -3.28e-05  -0.00042 -0.000173 -8.28e-08 -1.32e-05 -9.84e-06 -1.06e-05 -1.51e-06 -0.000202  4.62e-05   0.00028  0.000112   0.00048 -1.98e-05 -3.68e-06  0.000226  0.000397  0.000134  6.03e-05 -2.21e-05  9.26e-05  8.06e-05 -6.58e-05   0.00014  1.06e-05  2.94e-05  7.88e-06 -2.05e-05  0.000271 -6.27e-05  -7.9e-05  -8.2e-05  -7.9e-05 -0.000311  -0.00115 -0.000116 -8.99e-05  2.44e-06 -3.39e-06 -1.53e-07 -2.15e-08 -2.72e-09 -0.000232 -0.000174 -1.15e-05 -4.39e-07 -0.000337 -6.33e-05 -3.51e-05 -9.08e-06 -0.000157 -0.000133 -8.66e-05  -0.00138 -0.000109  6.14e-06  0.000525  0.000142  0.000416   2.2e-05  0.000267  0.000382 -8.82e-06   -0.0015 -0.000439  -0.00108 -0.000149         1 -0.000344 -6.66e-05 -8.17e-07  -0.00131 -0.000267 -4.61e-05 -0.000514
   0.0177 -0.000305  -0.00103  -0.00415  -0.00873  -0.00258  -8.1e-16  -8.1e-16 -0.000113  -0.00017 -2.43e-16  -0.00153  -0.00378 -0.000433  -0.00258 -0.000332 -0.000422  -0.00249   -0.0053  0.000759  7.81e-05  -0.00582   0.00102 -1.51e-05    0.0186  -0.00258   0.00306 -0.000238  -0.00279   0.00103  -0.00206   0.00101    0.0016  0.000282  -0.00334    0.0012 -2.94e-06 -0.000583 -0.000353   0.00164  -2.4e-05  -0.00351  0.000961   0.00567   0.00593    0.0194 -0.000361  -0.00292   -0.0089   -0.0078  -0.00301  0.000189  -0.00146  -0.00528  -0.00148  -0.00189  -0.00141  0.000256 -8.54e-05  0.000338  -0.00147   0.00155  -0.00313  -0.00257   -0.0031  -0.00199    -0.014   -0.0311  -0.00515  -0.00326 -3.26e-05 -0.000102 -4.93e-06 -1.85e-07  -6.3e-08   -0.0125  -0.00453  -0.00048 -3.05e-05   -0.0163  -0.00184 -0.000638 -0.000206  -0.00284  -0.00574   -0.0032   -0.0413  -0.00258  -0.00269  -0.00435    0.0112   -0.0125  -0.00796    0.0149   -0.0152 -0.000362   -0.0478   -0.0179   -0.0373  -0.00504 -0.000344         1  -0.00212 -4.33e-05   -0.0487   -0.0117  -0.00227   -0.0179
  0.00263 -5.31e-05 -0.000187 -0.000728  -0.00149  -0.00044 -1.38e-16 -1.38e-16 -2.15e-05 -4.02e-05 -2.39e-17 -0.000267 -0.000642 -7.37e-05 -0.000449 -5.74e-05 -7.29e-05 -0.000423 -0.000903   0.00015  2.85e-05  -0.00124  0.000242 -2.18e-05   0.00318 -0.000554  0.000691 -2.96e-05 -0.000568   0.00016 -0.000384  0.000228  0.000325  4.63e-05 -0.000802  0.000273 -5.38e-07 -8.96e-05 -6.28e-05  0.000228 -5.29e-06 -0.000746  0.000126  0.000911    0.0014   0.00224 -7.36e-05 -0.000497 -0.000759 -2.96e-05  6.19e-06 -1.89e-05 -5.62e-05 -0.000447 -0.000101 -0.000466  5.66e-05 -3.07e-05   1.2e-05  0.000203 -0.000307  0.000657 -0.000497 -0.000409 -0.000511 -0.000351  -0.00303  -0.00536 -0.000705 -0.000572 -2.77e-06 -1.88e-05 -1.11e-06 -7.82e-08 -1.41e-08  -0.00215 -0.000842 -7.27e-05 -1.23e-05  -0.00277 -0.000398 -0.000149 -4.28e-05 -0.000632 -0.000939 -0.000545  -0.00757 -0.000537 -0.000448 -0.000618   0.00261  -0.00165  -0.00147   0.00311  -0.00194 -5.84e-05  -0.00833  -0.00302  -0.00628 -0.000885 -6.66e-05  -0.00212         1 -7.92e-06  -0.00823  -0.00191 -0.000387  -0.00304
 0.000119  -1.7e-06 -2.62e-06 -1.37e-05 -3.13e-05 -9.83e-06 -4.78e-18 -4.78e-18 -8.52e-07 -1.28e-06  1.79e-18 -4.88e-06 -1.33e-05 -1.52e-06 -8.51e-06 -1.14e-06 -1.45e-06 -8.69e-06 -1.89e-05  1.93e-05  2.43e-06  1.66e-05  3.63e-05  5.38e-06  0.000132 -2.74e-06  4.25e-05  5.73e-06 -7.15e-06   6.7e-06  -3.5e-06  1.66e-05  1.87e-05  8.45e-06  1.08e-05  4.19e-05 -1.39e-08    -8e-07 -2.35e-06  1.02e-05 -1.26e-07 -1.17e-05 -1.68e-06 -4.82e-06  7.99e-05 -6.44e-05 -1.44e-06 -1.04e-05 -1.83e-05  2.13e-05  1.45e-05 -1.75e-05  1.06e-05  -1.1e-05 -7.71e-06 -1.85e-05 -3.31e-06    -1e-05 -7.42e-06  1.71e-05 -1.71e-05  2.18e-05 -1.36e-05 -5.72e-06 -1.02e-05 -5.68e-06 -0.000156 -7.62e-05 -6.06e-06 -1.47e-05  -2.1e-07 -4.99e-07 -5.37e-08 -2.79e-09 -3.97e-10 -6.69e-05 -1.66e-05  -4.5e-07  -9.4e-07 -7.64e-05 -1.45e-05 -4.33e-06 -9.73e-07 -1.31e-05 -1.92e-05  -1.2e-05 -4.63e-05 -1.43e-05 -2.39e-05 -0.000118  0.000125  -0.00014  -8.4e-05  0.000134 -0.000119 -1.91e-06 -0.000163 -6.81e-05 -0.000112 -1.85e-05 -8.17e-07 -4.33e-05 -7.92e-06         1 -0.000171  -4.1e-05 -1.01e-05 -6.33e-05
   0.0646  -0.00123  -0.00407   -0.0165    -0.035   -0.0104 -3.39e-15 -3.39e-15 -0.000442 -0.000606 -8.64e-16  -0.00611   -0.0152  -0.00174   -0.0103  -0.00133  -0.00169  -0.00997   -0.0213    0.0032  0.000247   -0.0225   0.00401 -3.51e-05    0.0744  -0.00982    0.0116  -0.00102   -0.0108   0.00427  -0.00796   0.00393   0.00598   0.00111    -0.013   0.00428 -1.15e-05  -0.00224  -0.00151   0.00676 -9.73e-05   -0.0136   0.00477    0.0253    0.0224    0.0823  -0.00141   -0.0114   -0.0427   -0.0435   -0.0164  4.44e-05  -0.00928   -0.0272  -0.00686  -0.00868  -0.00979  0.000821  -0.00189 -0.000618  -0.00607   0.00549   -0.0126   -0.0104   -0.0121  -0.00788   -0.0559    -0.125   -0.0216   -0.0127 -0.000164   -0.0004 -2.01e-05 -7.65e-07  -2.5e-07   -0.0489   -0.0178  -0.00197 -9.63e-05   -0.0639  -0.00694  -0.00246 -0.000806   -0.0112   -0.0226   -0.0126    -0.155   -0.0108   -0.0113   -0.0175    0.0398   -0.0529   -0.0308    0.0546   -0.0628  -0.00154    -0.188   -0.0703    -0.147   -0.0198  -0.00131   -0.0487  -0.00823 -0.000171         1   -0.0461   -0.0088   -0.0716
   0.0365 -0.000332 -0.000919  -0.00354  -0.00783  -0.00234 -8.51e-16 -8.51e-16 -8.96e-05 -0.000131 -2.47e-16  -0.00132  -0.00342  -0.00039  -0.00223 -0.000291 -0.000372  -0.00223  -0.00478   0.00109  6.25e-05  -0.00229   0.00172  0.000362    0.0205  -0.00146   0.00277  9.02e-06  -0.00176   0.00115  -0.00147  0.000914   0.00157  0.000509  0.000154   0.00246 -2.66e-06  -0.00062 -0.000295   0.00207 -1.13e-05  -0.00211  0.000614    0.0041   0.00403    0.0233 -0.000214  -0.00415   -0.0141   -0.0155  -0.00599  0.000183  -0.00161  -0.00763   -0.0028  -0.00124  -0.00329  0.000614 -3.98e-05  8.21e-05   -0.0011  -0.00241  -0.00309  -0.00235  -0.00293  -0.00159   -0.0097   -0.0264  -0.00517  -0.00292 -6.97e-05 -8.23e-05 -3.64e-06  2.73e-08 -4.59e-08   -0.0123  -0.00363 -0.000506 -1.39e-05   -0.0161  -0.00136 -0.000336 -0.000153  -0.00174  -0.00571  -0.00299   -0.0473  -0.00195  -0.00336   -0.0101    0.0105   -0.0191  -0.00921    0.0132   -0.0226 -0.000313   -0.0426   -0.0174   -0.0349  -0.00459 -0.000267   -0.0117  -0.00191  -4.1e-05   -0.0461         1  -0.00228   -0.0163
  0.00738 -7.68e-05 -0.000168 -0.000591  -0.00141 -0.000434 -1.94e-16 -1.94e-16 -2.14e-05 -4.67e-05 -2.19e-17 -0.000221 -0.000614 -7.03e-05 -0.000378 -5.12e-05 -6.54e-05 -0.000399 -0.000863  0.000515  7.47e-05  0.000829   0.00108   0.00022   0.00521 -1.94e-05   0.00125  0.000192 -0.000163  0.000209 -0.000158  0.000423  0.000627   0.00028  0.000879   0.00162 -5.67e-07  -0.00013 -3.16e-05  0.000424   5.3e-07 -0.000222 -0.000202   -0.0004   0.00214  0.000445 -1.96e-05 -0.000951  -0.00213  -0.00124 -0.000378 -0.000263  0.000382 -0.000658 -0.000576 -0.000233 -0.000147 -7.36e-05  8.89e-05  0.000534 -0.000494 -0.000246 -0.000594 -0.000339 -0.000596 -0.000217  -0.00413  -0.00364 -0.000776 -0.000626 -1.75e-05 -1.72e-05 -6.89e-07  4.03e-08 -7.99e-09  -0.00298 -0.000621  -7.8e-05 -1.98e-05  -0.00359 -0.000404 -6.38e-05 -2.47e-05 -0.000172  -0.00115 -0.000587  -0.00559  -0.00013 -0.000587   -0.0035   0.00474  -0.00441   -0.0028   0.00518  -0.00564 -4.56e-05  -0.00772  -0.00355  -0.00645 -0.000889 -4.61e-05  -0.00227 -0.000387 -1.01e-05   -0.0088  -0.00228         1  -0.00297
   0.0337 -0.000515  -0.00207   -0.0083   -0.0186  -0.00556 -2.14e-15 -2.14e-15 -0.000177 -0.000172 -3.38e-16  -0.00306  -0.00817  -0.00093   -0.0052 -0.000682 -0.000867  -0.00537   -0.0114 -0.000424 -3.61e-05   -0.0136  -0.00215  -0.00136  -0.00218   -0.0042   0.00315  -0.00117  -0.00497 -0.000731  -0.00332   0.00101  0.000978 -0.000377   -0.0251  -0.00472 -4.48e-06 -0.000831 -0.000836  -0.00228 -5.09e-05  -0.00614  -0.00118   0.00293   0.00754   -0.0364 -0.000657  -0.00382   -0.0384   -0.0568   -0.0177  -0.00541    -0.018   -0.0295  -0.00449     -0.01   -0.0153  -0.00329  -0.00772  -0.00798  -0.00824   0.00928  -0.00551  -0.00503  -0.00488   -0.0035   -0.0599   -0.0641   -0.0169  -0.00515 -0.000283 -0.000185 -7.93e-06 -4.52e-07 -1.12e-07   -0.0196  -0.00802  -0.00113 -2.65e-05   -0.0226  -0.00262  -0.00124 -0.000331  -0.00525  -0.00818  -0.00481   -0.0111  -0.00536  -0.00234    0.0109   0.00121  -0.00407  -0.00497    0.0129   -0.0167  -0.00106   -0.0757   -0.0253   -0.0551  -0.00776 -0.000514   -0.0179  -0.00304 -6.33e-05   -0.0716   -0.0163  -0.00297         1

  Chi^2                                0.217327  +/- 0.932367
  Chi^2/ndf                            0.0310467
  Chi^2 for each template              554.305 +/- 5.63906	314.812 +/- 3.69015	156.042 +/- 3.72718	65.7958 +/- 2.35488	26.2311 +/- 0.917478	4.88553 +/- 0.53121	3.40558 +/- 0.419702	13.1481 +/- 0.516492	
  Chi^2 for each template w.r.t. fit   553.17 +/- 5.63906	314.353 +/- 3.69015	156.414 +/- 3.72718	65.9478 +/- 2.35488	26.5821 +/- 0.917478	5.1825 +/- 0.53121	3.01198 +/- 0.419702	12.2236 +/- 0.516492	  Partial chi^2                        0.00 (EG_RESOLUTION_ALL)    0.00 (EG_SCALE_ALL)    0.00 (EL_EFF_ID_TOTAL_1NPCOR_PLUS_UNCOR)    0.00 (EL_EFF_Iso_TOTAL_1NPCOR_PLUS_UNCOR)
  Partial chi^2                        0.00 (EL_EFF_Reco_TOTAL_1NPCOR_PLUS_UNCOR)    0.00 (EL_EFF_TriggerEff_TOTAL_1NPCOR_PLUS_UNCOR)    0.00 (EL_EFF_Trigger_TOTAL_1NPCOR_PLUS_UNCOR)    0.00 (FAKES_Electron)
  Partial chi^2                        0.00 (FAKES_Muon)    0.02 (FT_EFF_Eigen_B_0)    0.00 (FT_EFF_Eigen_B_1)    0.00 (FT_EFF_Eigen_B_2)
  Partial chi^2                        0.00 (FT_EFF_Eigen_B_3)    0.00 (FT_EFF_Eigen_B_4)    0.00 (FT_EFF_Eigen_B_5)    0.00 (FT_EFF_Eigen_B_6)
  Partial chi^2                        0.00 (FT_EFF_Eigen_B_7)    0.00 (FT_EFF_Eigen_B_8)    0.00 (FT_EFF_Eigen_C_0)    0.00 (FT_EFF_Eigen_C_1)
  Partial chi^2                        0.00 (FT_EFF_Eigen_C_2)    0.00 (FT_EFF_Eigen_C_3)    0.00 (FT_EFF_Eigen_Light_0)    0.00 (FT_EFF_Eigen_Light_1)
  Partial chi^2                        0.00 (FT_EFF_Eigen_Light_2)    0.00 (FT_EFF_Eigen_Light_3)    0.00 (FT_EFF_extrapolation)    0.00 (FT_EFF_extrapolation_from_charm)
  Partial chi^2                        0.00 (FULL_SYS_SUM)    0.02 (FULL_SYS_SUM_DETECTOR)    0.06 (FULL_SYS_SUM_THEORY)    0.00 (FULL_SYS_TOYS)
  Partial chi^2                        0.00 (JET_EffectiveNP_Detector1)    0.00 (JET_EffectiveNP_Detector2)    0.00 (JET_EffectiveNP_Mixed1)    0.00 (JET_EffectiveNP_Mixed2)
  Partial chi^2                        0.00 (JET_EffectiveNP_Mixed3)    0.00 (JET_EffectiveNP_Modelling1)    0.00 (JET_EffectiveNP_Modelling2)    0.00 (JET_EffectiveNP_Modelling3)
  Partial chi^2                        0.00 (JET_EffectiveNP_Modelling4)    0.00 (JET_EffectiveNP_Statistical1)    0.00 (JET_EffectiveNP_Statistical2)    0.00 (JET_EffectiveNP_Statistical3)
  Partial chi^2                        0.00 (JET_EffectiveNP_Statistical4)    0.00 (JET_EffectiveNP_Statistical5)    0.00 (JET_EffectiveNP_Statistical6)    0.00 (JET_EtaIntercalibration_Modelling)
  Partial chi^2                        0.00 (JET_EtaIntercalibration_NonClosure_2018data)    0.00 (JET_EtaIntercalibration_NonClosure_highE)    0.00 (JET_EtaIntercalibration_NonClosure_negEta)    0.00 (JET_EtaIntercalibration_NonClosure_posEta)
  Partial chi^2                        0.00 (JET_EtaIntercalibration_TotalStat)    0.00 (JET_Flavor_Composition_prop)    0.00 (JET_Flavor_Response_prop)    0.00 (JET_JER_DataVsMC_MC16_PseudoData)
  Partial chi^2                        0.00 (JET_JER_EffectiveNP_10_PseudoData)    0.00 (JET_JER_EffectiveNP_11_PseudoData)    0.00 (JET_JER_EffectiveNP_12restTerm_PseudoData)    0.00 (JET_JER_EffectiveNP_1_PseudoData)
  Partial chi^2                        0.00 (JET_JER_EffectiveNP_2_PseudoData)    0.00 (JET_JER_EffectiveNP_3_PseudoData)    0.00 (JET_JER_EffectiveNP_4_PseudoData)    0.00 (JET_JER_EffectiveNP_5_PseudoData)
  Partial chi^2                        0.00 (JET_JER_EffectiveNP_6_PseudoData)    0.00 (JET_JER_EffectiveNP_7_PseudoData)    0.00 (JET_JER_EffectiveNP_8_PseudoData)    0.00 (JET_JER_EffectiveNP_9_PseudoData)
  Partial chi^2                        0.00 (JET_JvtEfficiency)    0.00 (JET_Pileup_OffsetMu)    0.00 (JET_Pileup_OffsetNPV)    0.00 (JET_Pileup_PtTerm)
  Partial chi^2                        0.01 (JET_Pileup_RhoTopology)    0.00 (JET_PunchThrough_MC16)    0.00 (LUMINOSITY)    0.00 (MET_SoftTrk_ResoPara)
  Partial chi^2                        0.00 (MET_SoftTrk_ResoPerp)    0.00 (MET_SoftTrk_Scale)    0.00 (MUON_EFF_BADMUON_SYS)    0.00 (MUON_EFF_ISO_STAT)
  Partial chi^2                        0.00 (MUON_EFF_ISO_SYS)    0.00 (MUON_EFF_RECO_STAT)    0.00 (MUON_EFF_RECO_SYS)    0.00 (MUON_EFF_TTVA_STAT)
  Partial chi^2                        0.00 (MUON_EFF_TTVA_SYS)    0.00 (MUON_EFF_TrigStatUncertainty)    0.00 (MUON_EFF_TrigSystUncertainty)    0.00 (MUON_SAGITTA_DATASTAT)
  Partial chi^2                        0.00 (MUON_SAGITTA_RESBIAS)    0.00 (PRW_DATASF)    0.10 (STAT_DATA)    0.00 (STAT_MC)  
  Partial chi^2                        0.00 (THEORY_CROSS_SECTION_Wjets)    0.00 (THEORY_CROSS_SECTION_other_top_noWt)    0.00 (THEORY_CROSS_SECTION_signal)    0.00 (THEORY_DR_DS_signal)
  Partial chi^2                        0.00 (THEORY_EWK_Wjets)    0.00 (THEORY_EWK_multiboson_noW)    0.00 (THEORY_FSR_signal)    0.00 (THEORY_HDAMP_signal)
  Partial chi^2                        0.00 (THEORY_ISR_signal)    0.00 (THEORY_PDF4LHC_VARIATION_Wjets)    0.00 (THEORY_PDF4LHC_VARIATION_multiboson_noW)    0.00 (THEORY_PDF4LHC_VARIATION_signal)
  Partial chi^2                        0.00 (THEORY_PTHARD_signal)    0.00 (THEORY_SCALE_COMBINED_Wjets)    0.00 (THEORY_SCALE_COMBINED_multiboson_noW)    0.00 (THEORY_SCALE_FACTORISATION_signal)
  Partial chi^2                        0.00 (THEORY_SCALE_RENORMALISATION_signal)    0.06 (THEORY_SHOWERING_HERWIG7_signal)    0.00 (THEORY_TOPRECOIL_signal)    0.00 (THEORY_TOP_MASS_signal)
  Partial chi^2                        0.00 (TOTAL)        0.00 (TOTAL_NO_DR_DS)    0.00 (TOTAL_SYSONLY)    0.00 (WMASS_VAR_signal)
  Partial chi^2                        0.00 (pseudoDataStat)

  Uncertainties from HESSE matrix
     LTF: Result[0]:                   178.036  +/- 0.770941 (fit [from HESSE])

  Alternative result from pol2-fit to chi^2 values of the templates
     Result(pol2-chi2)[0]              176.922   +/- 0.610963 (fit)
     Chi^2(min)                        -42.0798

  Result from linearized second-order model approximation
     EDM (Taylor) [0]                  -0.931108

  Expected distance to minimum
     EDM (Newton) [0]                  1.03429
     EDM Delta-chi^2                   -7.04168


  'Uncertainties' on M from second-order model approximation
     sigma_m[0]                       -0.653831
     sigma_m[EG_RESOLUTION_ALL]       0.00
     sigma_m[EG_SCALE_ALL]            -0.00
     sigma_m[EL_EFF_ID_TOTAL_1NPCOR_PLUS_UNCOR] -0.01
     sigma_m[EL_EFF_Iso_TOTAL_1NPCOR_PLUS_UNCOR] -0.02
     sigma_m[EL_EFF_Reco_TOTAL_1NPCOR_PLUS_UNCOR] -0.01
     sigma_m[EL_EFF_TriggerEff_TOTAL_1NPCOR_PLUS_UNCOR] -0.00
     sigma_m[EL_EFF_Trigger_TOTAL_1NPCOR_PLUS_UNCOR] -0.00
     sigma_m[MUON_SAGITTA_DATASTAT]   -0.00
     sigma_m[MUON_SAGITTA_RESBIAS]    -0.00
     sigma_m[MUON_EFF_BADMUON_SYS]    -0.00
     sigma_m[MUON_EFF_ISO_STAT]       -0.00
     sigma_m[MUON_EFF_ISO_SYS]        -0.01
     sigma_m[MUON_EFF_RECO_STAT]      -0.00
     sigma_m[MUON_EFF_RECO_SYS]       -0.01
     sigma_m[MUON_EFF_TTVA_STAT]      -0.00
     sigma_m[MUON_EFF_TTVA_SYS]       -0.00
     sigma_m[MUON_EFF_TrigStatUncertainty] -0.00
     sigma_m[MUON_EFF_TrigSystUncertainty] -0.01
     sigma_m[JET_EffectiveNP_Detector1] -0.01
     sigma_m[JET_EffectiveNP_Detector2] 0.00
     sigma_m[JET_EffectiveNP_Mixed1]  -0.03
     sigma_m[JET_EffectiveNP_Mixed2]  -0.01
     sigma_m[JET_EffectiveNP_Mixed3]  -0.01
     sigma_m[JET_EffectiveNP_Modelling1] -0.06
     sigma_m[JET_EffectiveNP_Modelling2] -0.01
     sigma_m[JET_EffectiveNP_Modelling3] -0.00
     sigma_m[JET_EffectiveNP_Modelling4] -0.00
     sigma_m[JET_EffectiveNP_Statistical1] -0.01
     sigma_m[JET_EffectiveNP_Statistical2] -0.00
     sigma_m[JET_EffectiveNP_Statistical3] -0.00
     sigma_m[JET_EffectiveNP_Statistical4] -0.00
     sigma_m[JET_EffectiveNP_Statistical5] -0.00
     sigma_m[JET_EffectiveNP_Statistical6] -0.00
     sigma_m[JET_EtaIntercalibration_Modelling] -0.06
     sigma_m[JET_EtaIntercalibration_NonClosure_2018data] -0.02
     sigma_m[JET_EtaIntercalibration_NonClosure_highE] -0.00
     sigma_m[JET_EtaIntercalibration_NonClosure_negEta] 0.00
     sigma_m[JET_EtaIntercalibration_NonClosure_posEta] -0.00
     sigma_m[JET_EtaIntercalibration_TotalStat] -0.01
     sigma_m[JET_Flavor_Composition_prop] -0.00
     sigma_m[JET_Flavor_Response_prop] -0.01
     sigma_m[JET_Pileup_OffsetMu]     0.00
     sigma_m[JET_Pileup_OffsetNPV]    0.02
     sigma_m[JET_Pileup_PtTerm]       0.02
     sigma_m[JET_Pileup_RhoTopology]  -0.09
     sigma_m[JET_PunchThrough_MC16]   -0.00
     sigma_m[JET_JER_DataVsMC_MC16_PseudoData] 0.03
     sigma_m[JET_JER_EffectiveNP_1_PseudoData] 0.02
     sigma_m[JET_JER_EffectiveNP_2_PseudoData] 0.03
     sigma_m[JET_JER_EffectiveNP_3_PseudoData] 0.01
     sigma_m[JET_JER_EffectiveNP_4_PseudoData] -0.02
     sigma_m[JET_JER_EffectiveNP_5_PseudoData] -0.02
     sigma_m[JET_JER_EffectiveNP_6_PseudoData] -0.01
     sigma_m[JET_JER_EffectiveNP_7_PseudoData] 0.01
     sigma_m[JET_JER_EffectiveNP_8_PseudoData] -0.02
     sigma_m[JET_JER_EffectiveNP_9_PseudoData] -0.00
     sigma_m[JET_JER_EffectiveNP_10_PseudoData] -0.01
     sigma_m[JET_JER_EffectiveNP_11_PseudoData] -0.02
     sigma_m[JET_JER_EffectiveNP_12restTerm_PseudoData] -0.01
     sigma_m[JET_JvtEfficiency]       -0.02
     sigma_m[PRW_DATASF]              0.05
     sigma_m[MET_SoftTrk_ResoPara]    -0.00
     sigma_m[MET_SoftTrk_ResoPerp]    -0.00
     sigma_m[MET_SoftTrk_Scale]       -0.00
     sigma_m[WMASS_VAR_signal]        -0.00
     sigma_m[FT_EFF_Eigen_B_0]        -0.13
     sigma_m[FT_EFF_Eigen_B_1]        -0.05
     sigma_m[FT_EFF_Eigen_B_2]        -0.02
     sigma_m[FT_EFF_Eigen_B_3]        -0.01
     sigma_m[FT_EFF_Eigen_B_4]        0.00
     sigma_m[FT_EFF_Eigen_B_5]        -0.00
     sigma_m[FT_EFF_Eigen_B_6]        -0.00
     sigma_m[FT_EFF_Eigen_B_7]        -0.00
     sigma_m[FT_EFF_Eigen_B_8]        -0.00
     sigma_m[FT_EFF_Eigen_C_0]        -0.00
     sigma_m[FT_EFF_Eigen_C_1]        -0.01
     sigma_m[FT_EFF_Eigen_C_2]        -0.00
     sigma_m[FT_EFF_Eigen_C_3]        -0.00
     sigma_m[FT_EFF_Eigen_Light_0]    0.00
     sigma_m[FT_EFF_Eigen_Light_1]    -0.00
     sigma_m[FT_EFF_Eigen_Light_2]    -0.00
     sigma_m[FT_EFF_Eigen_Light_3]    -0.00
     sigma_m[FT_EFF_extrapolation]    -0.01
     sigma_m[FT_EFF_extrapolation_from_charm] 0.00
     sigma_m[THEORY_CROSS_SECTION_signal] -0.00
     sigma_m[THEORY_SHOWERING_HERWIG7_signal] 0.18
     sigma_m[THEORY_SCALE_FACTORISATION_signal] -0.00
     sigma_m[THEORY_SCALE_RENORMALISATION_signal] 0.02
     sigma_m[THEORY_ISR_signal]       0.10
     sigma_m[THEORY_FSR_signal]       -0.03
     sigma_m[THEORY_HDAMP_signal]     0.11
     sigma_m[THEORY_PTHARD_signal]    0.03
     sigma_m[THEORY_TOPRECOIL_signal] -0.00
     sigma_m[THEORY_TOP_MASS_signal]  0.07
     sigma_m[THEORY_PDF4LHC_VARIATION_signal] -0.00
     sigma_m[THEORY_DR_DS_signal]     -0.05
     sigma_m[THEORY_CROSS_SECTION_Wjets] 0.00
     sigma_m[THEORY_SCALE_COMBINED_Wjets] -0.01
     sigma_m[THEORY_PDF4LHC_VARIATION_Wjets] -0.00
     sigma_m[THEORY_EWK_Wjets]        -0.00
     sigma_m[THEORY_SCALE_COMBINED_multiboson_noW] -0.00
     sigma_m[THEORY_PDF4LHC_VARIATION_multiboson_noW] -0.00
     sigma_m[THEORY_EWK_multiboson_noW] -0.00
     sigma_m[THEORY_CROSS_SECTION_other_top_noWt] -0.01
     sigma_m[FAKES_Electron]          0.00
     sigma_m[FAKES_Muon]              0.00
     sigma_m[LUMINOSITY]              -0.03

  Settings
     Number of data points             8
     Number of templates               8
     Number of fit parameters          1
     Template reference values [0]     162.5   165 167.5   170 172.5   175   180 182.5
     Number of nuisance param.         107
     Gamma[0]                          1.000
     LogNormal                         false
     Response matrix                   false

  please cite: D. Britzger, The Linear Template Fit, Eur.Phys.J.C 82 (2022) 731, arXiv:2112.01548.
------------------------------------------------------------------------

Warning in <TROOT::Append>: Replacing existing TH1: hist (Potential memory leak).
Warning in <TROOT::Append>: Replacing existing TH1: hist (Potential memory leak).
Warning in <TROOT::Append>: Replacing existing TH1: hist (Potential memory leak).
Warning in <TROOT::Append>: Replacing existing TH1: hist (Potential memory leak).
Warning in <TROOT::Append>: Replacing existing TH1: hist (Potential memory leak).
Warning in <TROOT::Append>: Replacing existing TH1: hist (Potential memory leak).
Warning in <TROOT::Append>: Replacing existing TH1: hist (Potential memory leak).
Warning in <TROOT::Append>: Replacing existing TH1: hist (Potential memory leak).
Warning in <TROOT::Append>: Replacing existing TH1: hist (Potential memory leak).
Warning in <TROOT::Append>: Replacing existing TH1: hist (Potential memory leak).
Warning in <TROOT::Append>: Replacing existing TH1: hist (Potential memory leak).
Info in <TCanvas::Print>: ps file plots/fit_mbw.ps has been created
Info in <TCanvas::Print>: Current canvas added to ps file plots/fit_mbw.ps
Info in <TCanvas::Print>: Current canvas added to ps file plots/fit_mbw.ps
Info in <TCanvas::Print>: Current canvas added to ps file plots/fit_mbw.ps
Info in <TCanvas::Print>: Current canvas added to ps file plots/fit_mbw.ps
Info in <TCanvas::Print>: Current canvas added to ps file plots/fit_mbw.ps
Info in <TCanvas::Print>: Current canvas added to ps file plots/fit_mbw.ps
Info in <TCanvas::Print>: Current canvas added to ps file plots/fit_mbw.ps
Info in <TCanvas::Print>: Current canvas added to ps file plots/fit_mbw.ps
Info in <TCanvas::Print>: Current canvas added to ps file plots/fit_mbw.ps
Info in <TCanvas::Print>: Current canvas added to ps file plots/fit_mbw.ps
Info in <TCanvas::Print>: Current canvas added to ps file plots/fit_mbw.ps
Info in <TCanvas::Print>: Current canvas added to ps file plots/fit_mbw.ps
Info in <TCanvas::Print>: Current canvas added to ps file plots/fit_mbw.ps
Info in <TCanvas::Print>: Current canvas added to ps file plots/fit_mbw.ps
Info in <TCanvas::Print>: Current canvas added to ps file plots/fit_mbw.ps
Info in <TCanvas::Print>: Current canvas added to ps file plots/fit_mbw.ps
Info in <TCanvas::Print>: Current canvas added to ps file plots/fit_mbw.ps
Info in <TCanvas::Print>: Current canvas added to ps file plots/fit_mbw.ps
Info in <TCanvas::Print>: Current canvas added to ps file plots/fit_mbw.ps
Warning in <TROOT::Append>: Replacing existing TH1: Full error breakdown (Potential memory leak).
Info in <TCanvas::Print>: Current canvas added to ps file plots/fit_mbw.ps
Info in <TCanvas::Print>: Current canvas added to ps file plots/fit_mbw.ps
Info in <TCanvas::Print>: Current canvas added to ps file plots/fit_mbw.ps
Info in <TCanvas::Print>: Current canvas added to ps file plots/fit_mbw.ps
Info in <TCanvas::Print>: Current canvas added to ps file plots/fit_mbw.ps
Info in <TCanvas::Print>: Current canvas added to ps file plots/fit_mbw.ps
Info in <TCanvas::Print>: Current canvas added to ps file plots/fit_mbw.ps
Info in <TCanvas::Print>: Current canvas added to ps file plots/fit_mbw.ps
Info in <TCanvas::Print>: Current canvas added to ps file plots/fit_mbw.ps
Info in <TCanvas::Print>: Current canvas added to ps file plots/fit_mbw.ps
Info in <TCanvas::Print>: ps file plots/fit_mbw.ps has been closed
Info in <TCanvas::Print>: ps file plots/fit_quality.ps has been created
Info in <TCanvas::Print>: Current canvas added to ps file plots/fit_quality.ps
Info in <TCanvas::Print>: Current canvas added to ps file plots/fit_quality.ps
Info in <TCanvas::Print>: Current canvas added to ps file plots/fit_quality.ps
Info in <TCanvas::Print>: Current canvas added to ps file plots/fit_quality.ps
Info in <TCanvas::Print>: Current canvas added to ps file plots/fit_quality.ps
Info in <TCanvas::Print>: Current canvas added to ps file plots/fit_quality.ps
Info in <TCanvas::Print>: Current canvas added to ps file plots/fit_quality.ps
Info in <TCanvas::Print>: Current canvas added to ps file plots/fit_quality.ps
Info in <TCanvas::Print>: Current canvas added to ps file plots/fit_quality.ps
Info in <TCanvas::Print>: Current canvas added to ps file plots/fit_quality.ps
Info in <TCanvas::Print>: ps file plots/fit_quality.ps has been closed
