Found covarinace matrix unfolding_covariance_matrix_mbl_selected_covariance_STAT_DATA
Determinant of covariance matrix 8.51566e-49
Johannes print final correltaion matrix
1	-0.171216	0.042791	-0.0429097	0.0161005	-0.0538661	0.0437464	0.0282042	0.0315326	-0.0203532	
-0.171216	1	-0.244777	0.0962108	-0.0672655	0.0644223	-0.0378528	0.0251747	-0.0199427	-0.0150316	
0.042791	-0.244777	1	-0.325778	-0.0189909	-0.00959499	0.0293048	-0.0597377	0.0335049	-0.0180598	
-0.0429097	0.0962108	-0.325778	1	-0.193572	0.0531917	-0.0288656	0.00112081	-0.0372923	0.00264709	
0.0161005	-0.0672655	-0.0189909	-0.193572	1	-0.351162	0.0657606	-0.0119022	-0.0156455	0.0592804	
-0.0538661	0.0644223	-0.00959499	0.0531917	-0.351162	1	-0.244908	0.0174519	0.00522223	0.0175439	
0.0437464	-0.0378528	0.0293048	-0.0288656	0.0657606	-0.244908	1	-0.261395	0.0115955	-0.00733745	
0.0282042	0.0251747	-0.0597377	0.00112081	-0.0119022	0.0174519	-0.261395	1	-0.246645	-0.00947862	
0.0315326	-0.0199427	0.0335049	-0.0372923	-0.0156455	0.00522223	0.0115955	-0.246645	1	-0.130948	
-0.0203532	-0.0150316	-0.0180598	0.00264709	0.0592804	0.0175439	-0.00733745	-0.00947862	-0.130948	1	
TH1.Print Name  = total_error, Entries= 1070, Total sum= 0.897654
 fSumw[0]=0, x=-0.5, error=0
 fSumw[1]=0.0820337, x=0.5, error=0
 fSumw[2]=0.0547998, x=1.5, error=0
 fSumw[3]=0.0547774, x=2.5, error=0
 fSumw[4]=0.0834004, x=3.5, error=0
 fSumw[5]=0.126854, x=4.5, error=0
 fSumw[6]=0.0699165, x=5.5, error=0
 fSumw[7]=0.0879809, x=6.5, error=0
 fSumw[8]=0.0858091, x=7.5, error=0
 fSumw[9]=0.106113, x=8.5, error=0
 fSumw[10]=0.145968, x=9.5, error=0
 fSumw[11]=0, x=10.5, error=0
STAT_MC 0.0040325
STAT_MC 0.00100146
STAT_MC 0.000786761
STAT_MC 0.000984255
STAT_MC 0.00415091
STAT_MC 0.00383538
STAT_MC 0.006492
STAT_MC 0.007666
STAT_MC 0.011005
STAT_MC 0.0177533
TH1.Print Name  = total_error, Entries= 1080, Total sum= 0.900172
 fSumw[0]=0, x=-0.5, error=0
 fSumw[1]=0.0821327, x=0.5, error=0
 fSumw[2]=0.054809, x=1.5, error=0
 fSumw[3]=0.054783, x=2.5, error=0
 fSumw[4]=0.0834062, x=3.5, error=0
 fSumw[5]=0.126922, x=4.5, error=0
 fSumw[6]=0.0700216, x=5.5, error=0
 fSumw[7]=0.0882201, x=6.5, error=0
 fSumw[8]=0.0861508, x=7.5, error=0
 fSumw[9]=0.106682, x=8.5, error=0
 fSumw[10]=0.147044, x=9.5, error=0
 fSumw[11]=0, x=10.5, error=0
TH1.Print Name  = total_error, Entries= 1090, Total sum= 0.928398
 fSumw[0]=0, x=-0.5, error=0
 fSumw[1]=0.0825124, x=0.5, error=0
 fSumw[2]=0.0549267, x=1.5, error=0
 fSumw[3]=0.0548446, x=2.5, error=0
 fSumw[4]=0.0834565, x=3.5, error=0
 fSumw[5]=0.127093, x=4.5, error=0
 fSumw[6]=0.0705817, x=5.5, error=0
 fSumw[7]=0.0897643, x=6.5, error=0
 fSumw[8]=0.0898376, x=7.5, error=0
 fSumw[9]=0.114804, x=8.5, error=0
 fSumw[10]=0.160578, x=9.5, error=0
 fSumw[11]=0, x=10.5, error=0

        Data        Stat Tmpl_162.50 Stat_162.50 Tmpl_165.00 Stat_165.00 Tmpl_167.50 Stat_167.50 Tmpl_170.00 Stat_170.00 Tmpl_172.50 Stat_172.50 Tmpl_175.00 Stat_175.00 Tmpl_177.50 Stat_177.50 Tmpl_182.50 Stat_182.50
    0.271634    0.002147    0.525981    0.001993    0.472921    0.001775    0.431539    0.002765    0.389397    0.002621    0.352429    0.001659    0.320919    0.002178    0.295833    0.001174    0.244235    0.001214
    1.323642    0.004757    2.322255    0.004182    2.142520    0.003775    1.983247    0.005926    1.819464    0.005685    1.681540    0.003624    1.557875    0.004862    1.434078    0.002561    1.222285    0.002710
    2.580305    0.006704    3.643039    0.005234    3.497765    0.004858    3.358758    0.007745    3.212939    0.007646    3.048755    0.004953    2.877055    0.006560    2.721801    0.003555    2.422138    0.003848
    2.111057    0.006112    1.542181    0.003434    1.654428    0.003353    1.762269    0.005659    1.847968    0.005818    1.937830    0.003975    2.011560    0.005538    2.068891    0.003121    2.126323    0.003599
    0.429078    0.002825    0.356184    0.001668    0.357653    0.001582    0.364369    0.002588    0.376920    0.002656    0.381512    0.001795    0.395512    0.002484    0.406236    0.001388    0.457564    0.001692
    0.238058    0.002113    0.248844    0.001459    0.248844    0.001398    0.244262    0.002170    0.246155    0.002202    0.243232    0.001438    0.244617    0.002051    0.240765    0.001103    0.235834    0.001273
    0.070773    0.001173    0.076472    0.000965    0.074255    0.000766    0.074917    0.001272    0.072937    0.001220    0.073341    0.000802    0.069807    0.001141    0.069951    0.000606    0.067937    0.000728
    0.032378    0.000825    0.035341    0.000849    0.034732    0.000523    0.032818    0.000826    0.032738    0.000826    0.032516    0.000519    0.032267    0.000885    0.031861    0.000448    0.031358    0.000625
    0.010206    0.000433    0.011685    0.000313    0.010848    0.000274    0.010808    0.000500    0.010841    0.000533    0.010623    0.000250    0.010866    0.000439    0.010649    0.000241    0.010598    0.000402
    0.003505    0.000226    0.004009    0.000199    0.003792    0.000168    0.003808    0.000277    0.003530    0.000222    0.003719    0.000131    0.003636    0.000211    0.003453    0.000117    0.003541    0.000252

LTF::DoLiTeFit(). Fit done. Result:  179.655  +/- 0.551473 (fit)  +/- 0.286614 (ext)  +/- 0.0407627 (tmpl)  +/- 0 (MatA)   [chi^2=0.898788]

------------------------------------------------------------------------
        Result of the 1-dimensional linear template fit
        ```````````````````````````````````````````````
  LTF. Result[0]:   179.655  +/- 0.551473 (fit)  +/- 0.286614 (ext)

  LTF. Result[0]:   179.655231
                             +/-  0.251229 (STAT_DATA)
                             +/-  0.035334 (STAT_MC)
                             +/-  0.102564 (pseudoDataStat)
                             +/- -0.001682 (EG_RESOLUTION_ALL)
                             +/-  0.030047 (EG_SCALE_ALL)
                             +/- -0.000000 (EL_EFF_ID_TOTAL_1NPCOR_PLUS_UNCOR)
                             +/- -0.035957 (EL_EFF_Iso_TOTAL_1NPCOR_PLUS_UNCOR)
                             +/- -0.013107 (EL_EFF_Reco_TOTAL_1NPCOR_PLUS_UNCOR)
                             +/- -0.000000 (EL_EFF_TriggerEff_TOTAL_1NPCOR_PLUS_UNCOR)
                             +/- -0.000000 (EL_EFF_Trigger_TOTAL_1NPCOR_PLUS_UNCOR)
                             +/- -0.014868 (FAKES_Electron)
                             +/- -0.006785 (FAKES_Muon)
                             +/- -0.250628 (FT_EFF_Eigen_B_0)
                             +/- -0.041126 (FT_EFF_Eigen_B_1)
                             +/- -0.039060 (FT_EFF_Eigen_B_2)
                             +/- -0.009646 (FT_EFF_Eigen_B_3)
                             +/-  0.001784 (FT_EFF_Eigen_B_4)
                             +/- -0.000199 (FT_EFF_Eigen_B_5)
                             +/-  0.000008 (FT_EFF_Eigen_B_6)
                             +/- -0.000004 (FT_EFF_Eigen_B_7)
                             +/-  0.000000 (FT_EFF_Eigen_B_8)
                             +/- -0.052190 (FT_EFF_Eigen_C_0)
                             +/- -0.007517 (FT_EFF_Eigen_C_1)
                             +/- -0.004435 (FT_EFF_Eigen_C_2)
                             +/- -0.000337 (FT_EFF_Eigen_C_3)
                             +/- -0.026477 (FT_EFF_Eigen_Light_0)
                             +/- -0.000205 (FT_EFF_Eigen_Light_1)
                             +/-  0.001117 (FT_EFF_Eigen_Light_2)
                             +/-  0.000783 (FT_EFF_Eigen_Light_3)
                             +/-  0.007069 (FT_EFF_extrapolation)
                             +/- -0.010446 (FT_EFF_extrapolation_from_charm)
                             +/-  0.018120 (JET_EffectiveNP_Detector1)
                             +/-  0.002081 (JET_EffectiveNP_Detector2)
                             +/-  0.021476 (JET_EffectiveNP_Mixed1)
                             +/-  0.037968 (JET_EffectiveNP_Mixed2)
                             +/-  0.005298 (JET_EffectiveNP_Mixed3)
                             +/-  0.193959 (JET_EffectiveNP_Modelling1)
                             +/- -0.013853 (JET_EffectiveNP_Modelling2)
                             +/- -0.006690 (JET_EffectiveNP_Modelling3)
                             +/-  0.003078 (JET_EffectiveNP_Modelling4)
                             +/-  0.001414 (JET_EffectiveNP_Statistical1)
                             +/-  0.011751 (JET_EffectiveNP_Statistical2)
                             +/- -0.000309 (JET_EffectiveNP_Statistical3)
                             +/-  0.000262 (JET_EffectiveNP_Statistical4)
                             +/-  0.001114 (JET_EffectiveNP_Statistical5)
                             +/-  0.003389 (JET_EffectiveNP_Statistical6)
                             +/-  0.100258 (JET_EtaIntercalibration_Modelling)
                             +/-  0.067762 (JET_EtaIntercalibration_NonClosure_2018data)
                             +/- -0.000023 (JET_EtaIntercalibration_NonClosure_highE)
                             +/-  0.000929 (JET_EtaIntercalibration_NonClosure_negEta)
                             +/-  0.000540 (JET_EtaIntercalibration_NonClosure_posEta)
                             +/-  0.022223 (JET_EtaIntercalibration_TotalStat)
                             +/- -0.000036 (JET_Flavor_Composition_prop)
                             +/-  0.000214 (JET_Flavor_Response_prop)
                             +/- -0.027501 (JET_JER_DataVsMC_MC16_PseudoData)
                             +/- -0.018176 (JET_JER_EffectiveNP_10_PseudoData)
                             +/- -0.007746 (JET_JER_EffectiveNP_11_PseudoData)
                             +/- -0.008001 (JET_JER_EffectiveNP_12restTerm_PseudoData)
                             +/- -0.064271 (JET_JER_EffectiveNP_1_PseudoData)
                             +/- -0.108609 (JET_JER_EffectiveNP_2_PseudoData)
                             +/- -0.056545 (JET_JER_EffectiveNP_3_PseudoData)
                             +/- -0.011220 (JET_JER_EffectiveNP_4_PseudoData)
                             +/- -0.003347 (JET_JER_EffectiveNP_5_PseudoData)
                             +/- -0.019062 (JET_JER_EffectiveNP_6_PseudoData)
                             +/- -0.009171 (JET_JER_EffectiveNP_7_PseudoData)
                             +/- -0.003060 (JET_JER_EffectiveNP_8_PseudoData)
                             +/- -0.014074 (JET_JER_EffectiveNP_9_PseudoData)
                             +/- -0.040885 (JET_JvtEfficiency)
                             +/-  0.033596 (JET_Pileup_OffsetMu)
                             +/-  0.076750 (JET_Pileup_OffsetNPV)
                             +/-  0.019340 (JET_Pileup_PtTerm)
                             +/-  0.163982 (JET_Pileup_RhoTopology)
                             +/-  0.000010 (JET_PunchThrough_MC16)
                             +/- -0.061981 (LUMINOSITY)
                             +/-  0.000322 (MET_SoftTrk_ResoPara)
                             +/-  0.002171 (MET_SoftTrk_ResoPerp)
                             +/- -0.002733 (MET_SoftTrk_Scale)
                             +/- -0.000000 (MUON_EFF_BADMUON_SYS)
                             +/-  0.003436 (MUON_EFF_ISO_STAT)
                             +/- -0.017376 (MUON_EFF_ISO_SYS)
                             +/- -0.001752 (MUON_EFF_RECO_STAT)
                             +/-  0.000180 (MUON_EFF_RECO_SYS)
                             +/-  0.000052 (MUON_EFF_TTVA_STAT)
                             +/-  0.000064 (MUON_EFF_TTVA_SYS)
                             +/- -0.010445 (MUON_EFF_TrigStatUncertainty)
                             +/- -0.022150 (MUON_EFF_TrigSystUncertainty)
                             +/- -0.000466 (MUON_SAGITTA_DATASTAT)
                             +/- -0.000039 (MUON_SAGITTA_RESBIAS)
                             +/- -0.069405 (PRW_DATASF)
                             +/- -0.032639 (THEORY_CROSS_SECTION_Wjets)
                             +/- -0.041266 (THEORY_CROSS_SECTION_other_top_noWt)
                             +/- -0.005794 (THEORY_CROSS_SECTION_signal)
                             +/-  0.000543 (THEORY_DR_DS_signal)
                             +/-  0.000181 (THEORY_EWK_Wjets)
                             +/- -0.000075 (THEORY_EWK_multiboson_noW)
                             +/-  0.008712 (THEORY_FSR_signal)
                             +/- -0.034738 (THEORY_HDAMP_signal)
                             +/- -0.035813 (THEORY_ISR_signal)
                             +/- -0.004408 (THEORY_PDF4LHC_VARIATION_Wjets)
                             +/- -0.003286 (THEORY_PDF4LHC_VARIATION_multiboson_noW)
                             +/-  0.002376 (THEORY_PDF4LHC_VARIATION_signal)
                             +/-  0.013631 (THEORY_PTHARD_signal)
                             +/- -0.044326 (THEORY_SCALE_COMBINED_Wjets)
                             +/- -0.020058 (THEORY_SCALE_COMBINED_multiboson_noW)
                             +/- -0.000984 (THEORY_SCALE_FACTORISATION_signal)
                             +/- -0.023033 (THEORY_SCALE_RENORMALISATION_signal)
                             +/- -0.153405 (THEORY_SHOWERING_HERWIG7_signal)
                             +/- -0.051831 (THEORY_TOPRECOIL_signal)
                             +/-  0.003706 (THEORY_TOP_MASS_signal)
                             +/- -0.000540 (WMASS_VAR_signal)

                             +/- -0.093433 (FULL_SYS_SUM)
                             +/- -0.037769 (FULL_SYS_SUM_DETECTOR)
                             +/- -0.192988 (FULL_SYS_SUM_THEORY)
                             +/- -0.093433 (FULL_SYS_TOYS)
                             +/- -0.092392 (TOTAL)
                             +/- -0.093446 (TOTAL_NO_DR_DS)
                             +/- -0.093533 (TOTAL_SYSONLY)
                             +/-  0.040763 (statY)

  Nuisance parameters                  0.011  +/-  1.000  (EG_RESOLUTION_ALL)
                                      -0.001  +/-  0.997  (EG_SCALE_ALL)
                                      -0.005  +/-  0.999  (EL_EFF_ID_TOTAL_1NPCOR_PLUS_UNCOR)
                                      -0.019  +/-  0.996  (EL_EFF_Iso_TOTAL_1NPCOR_PLUS_UNCOR)
                                      -0.010  +/-  1.000  (EL_EFF_Reco_TOTAL_1NPCOR_PLUS_UNCOR)
                                       0.000  +/-  1.000  (EL_EFF_TriggerEff_TOTAL_1NPCOR_PLUS_UNCOR)
                                       0.000  +/-  1.000  (EL_EFF_Trigger_TOTAL_1NPCOR_PLUS_UNCOR)
                                       0.001  +/-  1.000  (MUON_SAGITTA_DATASTAT)
                                      -0.001  +/-  1.000  (MUON_SAGITTA_RESBIAS)
                                       0.000  +/-  1.000  (MUON_EFF_BADMUON_SYS)
                                      -0.003  +/-  1.000  (MUON_EFF_ISO_STAT)
                                       0.001  +/-  0.999  (MUON_EFF_ISO_SYS)
                                      -0.001  +/-  1.000  (MUON_EFF_RECO_STAT)
                                      -0.004  +/-  1.000  (MUON_EFF_RECO_SYS)
                                      -0.001  +/-  1.000  (MUON_EFF_TTVA_STAT)
                                      -0.001  +/-  1.000  (MUON_EFF_TTVA_SYS)
                                      -0.004  +/-  1.000  (MUON_EFF_TrigStatUncertainty)
                                      -0.008  +/-  0.998  (MUON_EFF_TrigSystUncertainty)
                                       0.007  +/-  1.000  (JET_EffectiveNP_Detector1)
                                       0.003  +/-  1.000  (JET_EffectiveNP_Detector2)
                                       0.017  +/-  0.997  (JET_EffectiveNP_Mixed1)
                                       0.031  +/-  0.998  (JET_EffectiveNP_Mixed2)
                                       0.005  +/-  1.000  (JET_EffectiveNP_Mixed3)
                                       0.004  +/-  0.935  (JET_EffectiveNP_Modelling1)
                                       0.007  +/-  1.000  (JET_EffectiveNP_Modelling2)
                                       0.009  +/-  1.000  (JET_EffectiveNP_Modelling3)
                                       0.007  +/-  1.000  (JET_EffectiveNP_Modelling4)
                                       0.007  +/-  1.000  (JET_EffectiveNP_Statistical1)
                                       0.004  +/-  0.999  (JET_EffectiveNP_Statistical2)
                                       0.009  +/-  1.000  (JET_EffectiveNP_Statistical3)
                                       0.008  +/-  1.000  (JET_EffectiveNP_Statistical4)
                                       0.005  +/-  1.000  (JET_EffectiveNP_Statistical5)
                                       0.005  +/-  1.000  (JET_EffectiveNP_Statistical6)
                                      -0.029  +/-  0.973  (JET_EtaIntercalibration_Modelling)
                                       0.030  +/-  0.997  (JET_EtaIntercalibration_NonClosure_2018data)
                                      -0.000  +/-  1.000  (JET_EtaIntercalibration_NonClosure_highE)
                                       0.001  +/-  1.000  (JET_EtaIntercalibration_NonClosure_negEta)
                                       0.000  +/-  1.000  (JET_EtaIntercalibration_NonClosure_posEta)
                                      -0.001  +/-  0.998  (JET_EtaIntercalibration_TotalStat)
                                       0.000  +/-  1.000  (JET_Flavor_Composition_prop)
                                       0.002  +/-  1.000  (JET_Flavor_Response_prop)
                                      -0.008  +/-  0.995  (JET_Pileup_OffsetMu)
                                      -0.052  +/-  0.960  (JET_Pileup_OffsetNPV)
                                       0.013  +/-  0.994  (JET_Pileup_PtTerm)
                                      -0.078  +/-  0.758  (JET_Pileup_RhoTopology)
                                       0.001  +/-  1.000  (JET_PunchThrough_MC16)
                                       0.029  +/-  0.984  (JET_JER_DataVsMC_MC16_PseudoData)
                                      -0.027  +/-  0.956  (JET_JER_EffectiveNP_1_PseudoData)
                                      -0.056  +/-  0.881  (JET_JER_EffectiveNP_2_PseudoData)
                                      -0.041  +/-  0.972  (JET_JER_EffectiveNP_3_PseudoData)
                                       0.060  +/-  0.989  (JET_JER_EffectiveNP_4_PseudoData)
                                      -0.017  +/-  0.990  (JET_JER_EffectiveNP_5_PseudoData)
                                       0.008  +/-  0.984  (JET_JER_EffectiveNP_6_PseudoData)
                                      -0.018  +/-  0.997  (JET_JER_EffectiveNP_7_PseudoData)
                                      -0.007  +/-  0.997  (JET_JER_EffectiveNP_8_PseudoData)
                                       0.007  +/-  0.991  (JET_JER_EffectiveNP_9_PseudoData)
                                      -0.022  +/-  0.998  (JET_JER_EffectiveNP_10_PseudoData)
                                      -0.005  +/-  0.997  (JET_JER_EffectiveNP_11_PseudoData)
                                       0.000  +/-  0.994  (JET_JER_EffectiveNP_12restTerm_PseudoData)
                                      -0.011  +/-  0.995  (JET_JvtEfficiency)
                                      -0.002  +/-  0.985  (PRW_DATASF)
                                      -0.013  +/-  0.999  (MET_SoftTrk_ResoPara)
                                      -0.016  +/-  0.999  (MET_SoftTrk_ResoPerp)
                                      -0.009  +/-  1.000  (MET_SoftTrk_Scale)
                                      -0.002  +/-  1.000  (WMASS_VAR_signal)
                                      -0.032  +/-  0.781  (FT_EFF_Eigen_B_0)
                                      -0.038  +/-  0.963  (FT_EFF_Eigen_B_1)
                                      -0.045  +/-  0.989  (FT_EFF_Eigen_B_2)
                                       0.004  +/-  0.999  (FT_EFF_Eigen_B_3)
                                      -0.001  +/-  1.000  (FT_EFF_Eigen_B_4)
                                      -0.001  +/-  1.000  (FT_EFF_Eigen_B_5)
                                      -0.000  +/-  1.000  (FT_EFF_Eigen_B_6)
                                      -0.000  +/-  1.000  (FT_EFF_Eigen_B_7)
                                      -0.000  +/-  1.000  (FT_EFF_Eigen_B_8)
                                      -0.057  +/-  0.972  (FT_EFF_Eigen_C_0)
                                       0.011  +/-  0.998  (FT_EFF_Eigen_C_1)
                                      -0.010  +/-  1.000  (FT_EFF_Eigen_C_2)
                                       0.001  +/-  1.000  (FT_EFF_Eigen_C_3)
                                      -0.012  +/-  0.980  (FT_EFF_Eigen_Light_0)
                                       0.002  +/-  0.999  (FT_EFF_Eigen_Light_1)
                                      -0.003  +/-  0.999  (FT_EFF_Eigen_Light_2)
                                      -0.002  +/-  1.000  (FT_EFF_Eigen_Light_3)
                                      -0.038  +/-  0.985  (FT_EFF_extrapolation)
                                      -0.001  +/-  0.999  (FT_EFF_extrapolation_from_charm)
                                       0.020  +/-  0.998  (THEORY_CROSS_SECTION_signal)
                                       0.303  +/-  0.566  (THEORY_SHOWERING_HERWIG7_signal)
                                      -0.001  +/-  0.996  (THEORY_SCALE_FACTORISATION_signal)
                                       0.013  +/-  0.979  (THEORY_SCALE_RENORMALISATION_signal)
                                       0.102  +/-  0.854  (THEORY_ISR_signal)
                                      -0.002  +/-  0.865  (THEORY_FSR_signal)
                                       0.044  +/-  0.883  (THEORY_HDAMP_signal)
                                       0.130  +/-  0.955  (THEORY_PTHARD_signal)
                                      -0.073  +/-  0.937  (THEORY_TOPRECOIL_signal)
                                      -0.068  +/-  0.926  (THEORY_TOP_MASS_signal)
                                       0.008  +/-  0.999  (THEORY_PDF4LHC_VARIATION_signal)
                                       0.230  +/-  0.722  (THEORY_DR_DS_signal)
                                      -0.001  +/-  0.975  (THEORY_CROSS_SECTION_Wjets)
                                       0.036  +/-  0.925  (THEORY_SCALE_COMBINED_Wjets)
                                      -0.007  +/-  0.998  (THEORY_PDF4LHC_VARIATION_Wjets)
                                      -0.002  +/-  1.000  (THEORY_EWK_Wjets)
                                       0.001  +/-  0.992  (THEORY_SCALE_COMBINED_multiboson_noW)
                                      -0.000  +/-  1.000  (THEORY_PDF4LHC_VARIATION_multiboson_noW)
                                       0.000  +/-  1.000  (THEORY_EWK_multiboson_noW)
                                      -0.020  +/-  0.974  (THEORY_CROSS_SECTION_other_top_noWt)
                                       0.014  +/-  0.988  (FAKES_Electron)
                                       0.005  +/-  1.000  (FAKES_Muon)
                                      -0.028  +/-  0.985  (LUMINOSITY)

  Correlation matrix 
        1   0.00305   -0.0546  1.94e-07    0.0655    0.0238  1.64e-14  1.64e-14  0.000845  6.99e-05   5.2e-15  -0.00623    0.0315   0.00318 -0.000326  -9.4e-05 -0.000116    0.0189    0.0402   -0.0329  -0.00377   -0.0391    -0.069  -0.00961    -0.376    0.0251    0.0121  -0.00558  -0.00256   -0.0213   0.00056 -0.000475  -0.00202  -0.00615    -0.187    -0.123   4.2e-05  -0.00168 -0.000979   -0.0404  6.56e-05 -0.000389   -0.0612    -0.145   -0.0353    -0.392 -1.76e-05    0.0507     0.122     0.224     0.105    0.0206   0.00613    0.0351    0.0167   0.00557    0.0258     0.033    0.0141    0.0146    0.0745     0.128 -0.000584  -0.00394   0.00496  0.000978     0.582    0.0774    0.0716    0.0175  -0.00324  0.000362 -1.53e-05  7.48e-06 -4.35e-07    0.0974    0.0137   0.00804   0.00061     0.049  0.000372  -0.00203  -0.00142    -0.013     0.019    0.0105     0.491   0.00179    0.0427     0.076   -0.0183    0.0713   -0.0259       0.1  -0.00726  -0.00431  -0.00136    0.0607    0.0869   0.00801 -0.000327    0.0367   0.00596  0.000136    0.0768    0.0273    0.0123     0.114
  0.00305         1 -5.14e-05  0.000288  0.000856  0.000293  9.68e-17  9.68e-17 -3.23e-05 -6.85e-05 -4.71e-17  9.85e-05  0.000285   3.7e-05  0.000177  2.21e-05  2.82e-05  0.000227  0.000475 -3.35e-06 -2.62e-05 -0.000588 -0.000445 -0.000188 -0.000582 -0.000288 -0.000398 -0.000173  -0.00015 -0.000215 -0.000135 -0.000173 -0.000274 -9.81e-05  0.000305 -0.000712 -1.39e-07  5.69e-05  4.39e-05 -0.000225  2.83e-06 -6.73e-05 -0.000612   -0.0011   -0.0015  0.000257  4.01e-06  -0.00324  -0.00387   -0.0075  -0.00325   -0.0024  0.000246  -0.00116 -0.000696  -0.00108  -0.00079 -0.000335 -0.000957 -0.000781   0.00058  -0.00258  0.000411  0.000213  2.21e-05 -2.34e-06   0.00561   0.00279   0.00153 -0.000185  3.13e-05  3.88e-06  9.05e-07  6.52e-08  1.92e-09  -0.00151 -3.39e-05   3.1e-05 -6.15e-06 -0.000975 -4.67e-05 -4.52e-05  4.36e-06  0.000166 -0.000245 -0.000553   -0.0112  0.000147  -0.00353  -0.00678   0.00199   -0.0027  -0.00452   0.00331  -0.00346 -0.000231  -0.00316  -0.00116  -0.00233 -0.000141  1.62e-05 -0.000744 -0.000124 -1.11e-05 -0.000803  -0.00115  -0.00024   0.00128
  -0.0546 -5.14e-05         1  -0.00119  -0.00272 -0.000921 -3.83e-16 -3.83e-16  4.68e-05  0.000194 -1.24e-15  -0.00049  -0.00083 -0.000116  -0.00079 -9.45e-05 -0.000108 -0.000659  -0.00136 -0.000649 -9.82e-05  -0.00347  -0.00277 -0.000945   -0.0147  -0.00105  -0.00134 -0.000533 -0.000483  -0.00152  -0.00058 -0.000629 -0.000627 -0.000361  -0.00338  -0.00228 -2.66e-08  0.000322   6.9e-05  -0.00143   2.1e-05 -0.000273  -0.00249  -0.00615   -0.0032   -0.0304 -6.01e-05   -0.0044   -0.0124    -0.015  -0.00717  -0.00347  -0.00565  -0.00823  -0.00317   -0.0015  -0.00701  -0.00167 -0.000549  -0.00542  -0.00314   0.00164  0.000779 -1.22e-05 -0.000242 -6.46e-05   -0.0317   -0.0084  -0.00502  0.000797 -0.000331  2.25e-05 -3.71e-06 -5.56e-07 -5.42e-08   0.00823 -4.83e-05  0.000288 -9.08e-05   0.00498  -0.00127  -0.00103 -0.000295  -0.00246   0.00216  0.000599  -0.00239   0.00369   0.00154    0.0134   -0.0128   0.00815  -0.00973  -0.00357   0.00798   0.00109  -0.00777   0.00603   0.00443  0.000922 -7.47e-05   0.00318  0.000563 -3.51e-06   0.00655   0.00124  0.000928  -0.00391
 1.94e-07  0.000288  -0.00119         1  -0.00366  -0.00108 -2.63e-16 -2.63e-16 -2.29e-05 -0.000317 -2.88e-16 -0.000758  -0.00153 -0.000179  -0.00116 -0.000154 -0.000193  -0.00104   -0.0022 -0.000298 -3.46e-05  -0.00133 -0.000414  -2.1e-05  -0.00596 -0.000426 -4.89e-05 -4.38e-05  -0.00021 -0.000376 -0.000264 -8.56e-05  0.000182 -1.46e-05  -0.00613    -0.001 -9.23e-09 -0.000124 -8.92e-05 -0.000964 -6.96e-06 -0.000291  -0.00134  -0.00265  0.000699   -0.0155 -5.32e-05   0.00145 -0.000151   0.00298  0.000623 -0.000887  -0.00295  -0.00283 -0.000783 -0.000274  -0.00221 -0.000402 -0.000644  -0.00213  -0.00313   0.00352  -0.00139  -0.00096 -0.000817 -0.000252    -0.023   -0.0117  -0.00419 -0.000174 -0.000149  -1.6e-05  -4.4e-06 -4.28e-07 -4.23e-08  0.000101  -0.00188 -0.000123 -8.39e-05  -0.00312  -0.00119 -0.000801  -0.00029  -0.00292 -0.000138 -0.000906    0.0235  -0.00157   0.00192   -0.0015  -0.00778  -0.00575   -0.0025  -0.00936  -0.00664 -0.000372   -0.0235  -0.00351  -0.00746  -0.00115 -0.000125    -0.002 -0.000394 -1.17e-06  -0.00386  -0.00314  8.23e-05  -0.00708
   0.0655  0.000856  -0.00272  -0.00366         1  -0.00269  -6.2e-16  -6.2e-16  2.88e-05 -0.000451 -5.86e-16  -0.00149  -0.00348 -0.000419  -0.00233 -0.000333 -0.000419  -0.00245  -0.00519 -0.000881  -1.3e-05  -0.00128 -0.000653 -0.000184   -0.0183 -0.000528 -1.54e-05    0.0001 -7.15e-05  -0.00133 -0.000222 -0.000111   0.00036  1.57e-05   -0.0163  -0.00225  2.81e-07 -0.000248 -0.000198  -0.00333 -1.07e-05 -0.000211  -0.00421    -0.011    0.0012   -0.0505 -6.55e-05   0.00506  0.000292   0.00585   0.00245 -0.000534   -0.0067  -0.00627  -0.00081  0.000756  -0.00417 -0.000868  -0.00159  -0.00374  -0.00814   0.00701  -0.00274  -0.00206  -0.00153 -0.000322   -0.0587   -0.0246   -0.0117 -0.000339 -0.000301 -2.12e-05 -5.78e-06 -2.67e-07 -2.95e-08 -0.000622  -0.00256 -0.000199 -6.33e-05  -0.00286 -0.000916 -0.000461 -0.000201  -0.00202 -0.000373 -0.000532    0.0408  -0.00235   0.00728   -0.0025   -0.0081   -0.0129  0.000236   -0.0228   -0.0112 -0.000479   -0.0211  -0.00392  -0.00597  -0.00109 -0.000134  -0.00223 -0.000435  1.05e-05  -0.00689  -0.00294  0.000334    -0.016
   0.0238  0.000293 -0.000921  -0.00108  -0.00269         1 -2.35e-16 -2.35e-16  1.99e-05 -0.000125 -1.99e-16 -0.000448 -0.000962 -0.000127 -0.000696 -0.000105 -0.000131 -0.000741  -0.00157 -0.000305  9.18e-06 -0.000258 -0.000198 -0.000119  -0.00679 -9.73e-05  1.98e-05  4.32e-05  -2.8e-06 -0.000427 -4.66e-05 -2.13e-06  9.21e-05  7.77e-06  -0.00536 -0.000692 -4.93e-08 -5.49e-05 -5.38e-05   -0.0011  -2.4e-06 -4.25e-05  -0.00155  -0.00453  0.000226    -0.018 -1.59e-05   0.00146 -0.000227   0.00105  0.000521  0.000302  -0.00192  -0.00185 -0.000296  0.000339  -0.00118 -0.000441  -0.00057  -0.00121  -0.00241   0.00206 -0.000837 -0.000627 -0.000548 -9.18e-05   -0.0169  -0.00757  -0.00371  6.43e-05 -8.78e-05 -6.65e-06 -1.57e-06 -4.31e-08 -1.98e-09 -0.000887 -0.000639 -8.53e-05 -7.68e-06 -0.000805 -0.000138 -5.34e-05    -3e-05 -0.000341 -0.000161 -6.33e-05    0.0139 -0.000392   0.00229 -0.000274  0.000365  -0.00401  0.000402   -0.0059  -0.00324  3.84e-05  -0.00376  -0.00117  -0.00139 -0.000272 -3.27e-05 -0.000671 -0.000123  2.13e-06  -0.00232 -0.000702  0.000131  -0.00494
 1.64e-14  9.68e-17 -3.83e-16 -2.63e-16  -6.2e-16 -2.35e-16         1 -6.77e-28  2.23e-17 -1.68e-16 -5.18e-28 -8.88e-17 -7.47e-17 -1.97e-17  -1.5e-16 -1.86e-17 -1.99e-17 -1.22e-16 -2.42e-16 -1.77e-16  2.83e-17 -1.73e-16 -6.47e-16 -9.09e-17 -2.31e-15  1.26e-17  2.85e-16 -6.16e-19 -2.74e-17  5.84e-17 -1.58e-16 -4.08e-18  -2.3e-17  4.44e-18 -4.63e-16 -3.62e-16  1.48e-19  4.65e-17 -2.59e-17  2.27e-16  3.98e-18 -6.01e-17 -8.01e-17 -4.03e-16  4.19e-16 -5.11e-16 -2.48e-17  1.86e-15  3.62e-15  7.82e-15  3.53e-15  6.34e-16  8.17e-16  1.13e-15   9.2e-16  1.02e-15  6.52e-16  9.32e-16  2.13e-16 -9.66e-16  2.66e-16  2.71e-15 -4.09e-17 -1.09e-16  -1.9e-16 -3.52e-17  1.16e-15 -2.76e-15 -1.81e-16  4.58e-16 -1.06e-17  7.05e-18 -1.23e-18  -1.6e-19  5.03e-22  7.98e-16 -5.29e-16  2.17e-16 -7.43e-18 -2.91e-16 -8.86e-17  3.87e-17   3.6e-18  2.11e-16 -8.12e-17  2.51e-17 -4.57e-15  3.88e-16  2.88e-15 -5.76e-15  2.83e-15 -8.36e-15 -3.93e-15  7.95e-16   1.5e-15  3.65e-16  -3.5e-15 -5.77e-16 -8.55e-16  1.88e-18 -3.33e-17 -5.19e-16 -8.58e-17  6.22e-19 -8.58e-16 -7.09e-16  6.34e-17 -9.38e-16
 1.64e-14  9.68e-17 -3.83e-16 -2.63e-16  -6.2e-16 -2.35e-16 -6.77e-28         1  2.23e-17 -1.68e-16 -5.18e-28 -8.88e-17 -7.47e-17 -1.97e-17  -1.5e-16 -1.86e-17 -1.99e-17 -1.22e-16 -2.42e-16 -1.77e-16  2.83e-17 -1.73e-16 -6.47e-16 -9.09e-17 -2.31e-15  1.26e-17  2.85e-16 -6.16e-19 -2.74e-17  5.84e-17 -1.58e-16 -4.08e-18  -2.3e-17  4.44e-18 -4.63e-16 -3.62e-16  1.48e-19  4.65e-17 -2.59e-17  2.27e-16  3.98e-18 -6.01e-17 -8.01e-17 -4.03e-16  4.19e-16 -5.11e-16 -2.48e-17  1.86e-15  3.62e-15  7.82e-15  3.53e-15  6.34e-16  8.17e-16  1.13e-15   9.2e-16  1.02e-15  6.52e-16  9.32e-16  2.13e-16 -9.66e-16  2.66e-16  2.71e-15 -4.09e-17 -1.09e-16  -1.9e-16 -3.52e-17  1.16e-15 -2.76e-15 -1.81e-16  4.58e-16 -1.06e-17  7.05e-18 -1.23e-18  -1.6e-19  5.03e-22  7.98e-16 -5.29e-16  2.17e-16 -7.43e-18 -2.91e-16 -8.86e-17  3.87e-17   3.6e-18  2.11e-16 -8.12e-17  2.51e-17 -4.57e-15  3.88e-16  2.88e-15 -5.76e-15  2.83e-15 -8.36e-15 -3.93e-15  7.95e-16   1.5e-15  3.65e-16  -3.5e-15 -5.77e-16 -8.55e-16  1.88e-18 -3.33e-17 -5.19e-16 -8.58e-17  6.22e-19 -8.58e-16 -7.09e-16  6.34e-17 -9.38e-16
 0.000845 -3.23e-05  4.68e-05 -2.29e-05  2.88e-05  1.99e-05  2.23e-17  2.23e-17         1 -4.21e-05  9.45e-18 -5.12e-06  5.98e-07  1.51e-06 -1.15e-05  8.59e-07  1.05e-06  9.82e-06  1.97e-05 -1.74e-05 -6.51e-06 -0.000178 -7.82e-05 -1.86e-06 -7.02e-05 -2.28e-05 -2.61e-05 -2.32e-05 -3.48e-05  1.04e-06 -2.45e-05 -1.14e-05 -7.07e-06 -2.29e-05 -9.34e-05 -0.000135 -1.03e-07 -6.42e-06 -3.14e-06 -3.44e-05 -5.54e-07 -3.15e-05 -2.51e-05  5.94e-05 -9.15e-05  0.000194 -7.12e-07 -0.000227 -5.83e-05 -0.000146 -0.000137 -0.000154     6e-05  2.78e-05  1.95e-05 -4.24e-05  7.44e-05 -3.58e-06 -2.27e-05  5.91e-05  3.99e-05 -0.000158 -8.43e-06  3.25e-05 -1.27e-05 -2.11e-05  0.000317  4.02e-05  0.000111 -3.08e-05 -2.06e-06 -1.92e-06 -3.06e-07 -5.96e-08  -5.2e-09  4.77e-06 -6.81e-05 -1.76e-05 -7.69e-06 -0.000334  -0.00012 -0.000107 -3.46e-05 -0.000433 -7.99e-06 -0.000102  -0.00151 -0.000103 -0.000385  0.000167 -0.000377  0.000356 -0.000335   0.00026 -0.000206 -2.39e-05  -0.00237 -0.000265 -0.000586 -0.000154 -6.78e-06 -0.000174 -4.28e-05 -1.33e-06 -0.000117 -0.000217 -1.98e-05     3e-05
 6.99e-05 -6.85e-05  0.000194 -0.000317 -0.000451 -0.000125 -1.68e-16 -1.68e-16 -4.21e-05         1  -5.3e-17  -0.00012 -0.000144 -1.87e-05 -0.000193 -1.98e-05 -2.47e-05 -0.000107 -0.000223 -5.32e-06  3.03e-05 -0.000492 -8.54e-05  7.07e-05 -0.000402 -9.84e-05  0.000136  1.76e-05 -4.66e-05     7e-05 -6.26e-05  2.72e-05  1.84e-05  1.94e-07  -0.00117 -0.000365  -3.3e-07  4.15e-06 -2.37e-05 -0.000125  1.64e-07 -0.000128 -0.000254 -0.000343  6.26e-05   0.00052  1.69e-07  0.000224  0.000896   0.00178  0.000401 -0.000505  0.000214  0.000363  0.000307  2.63e-05  0.000522  0.000295 -0.000476 -0.000488  -4.2e-05  0.000384 -0.000249 -0.000212 -0.000239  -0.00013  0.000662   -0.0016 -0.000223 -0.000105 -1.68e-05  -1.2e-05 -2.12e-06  -2.7e-07 -1.74e-08  -0.00089 -0.000531 -7.13e-05 -2.36e-05  -0.00207 -0.000437 -0.000368 -0.000139  -0.00188 -0.000282 -0.000297  -0.00168 -0.000687  -0.00036  -0.00512 -0.000327  -0.00523  -0.00256 -0.000875  -0.00353 -0.000107  -0.00762  -0.00198  -0.00289 -0.000773 -7.23e-05  -0.00132 -0.000284 -5.46e-06  -0.00191   -0.0015 -8.56e-05 -0.000936
  5.2e-15 -4.71e-17 -1.24e-15 -2.88e-16 -5.86e-16 -1.99e-16 -5.18e-28 -5.18e-28  9.45e-18  -5.3e-17         1 -1.09e-16 -1.24e-16    -2e-17  -1.7e-16 -1.87e-17 -1.79e-17  -1.2e-16 -2.34e-16 -2.18e-16 -1.02e-17 -8.12e-16 -1.05e-15 -2.81e-16 -3.19e-15 -2.99e-16 -1.51e-16 -1.56e-16 -1.67e-16 -2.06e-16 -3.01e-16 -1.86e-16 -1.73e-16 -9.84e-17  2.43e-16  -6.8e-16  1.83e-19  1.07e-16  8.11e-18  3.38e-17   7.5e-18 -9.16e-17 -1.11e-16  -3.6e-17 -2.11e-16 -2.87e-15 -3.01e-17 -9.88e-17 -4.61e-16   1.7e-15  8.33e-16 -1.01e-15 -7.77e-16 -1.38e-15  1.05e-16  4.79e-16 -1.26e-15  3.95e-16  1.31e-17 -1.83e-15 -2.14e-16  2.27e-15  3.83e-16  1.75e-16  7.49e-19 -8.46e-18 -4.47e-15 -2.66e-15 -6.48e-16  4.62e-16 -6.82e-17  1.68e-17 -8.45e-19 -1.45e-19 -7.57e-21  3.05e-15 -2.94e-16   3.2e-16 -2.18e-17  1.46e-15 -2.67e-16 -1.36e-16 -2.96e-17  3.36e-17  5.23e-16   5.1e-17 -3.38e-15  1.25e-15  2.14e-15 -7.52e-16  7.51e-16  -3.1e-15 -5.72e-15   9.7e-16  3.95e-15   4.4e-16 -5.73e-15  1.48e-15   1.1e-15  3.53e-16 -4.48e-18  6.37e-16  1.12e-16  1.62e-19   1.6e-15  6.93e-17  2.59e-16 -7.15e-16
 -0.00623  9.85e-05  -0.00049 -0.000758  -0.00149 -0.000448 -8.88e-17 -8.88e-17 -5.12e-06  -0.00012 -1.09e-16         1 -0.000601 -7.27e-05 -0.000475 -6.56e-05 -8.22e-05 -0.000421 -0.000891 -8.34e-05 -8.01e-06 -0.000457 -5.95e-05 -1.37e-05  -0.00215   -0.0002 -2.96e-05 -1.07e-05 -8.16e-05 -0.000135 -0.000107 -3.05e-05  7.29e-05  8.56e-06  -0.00236 -0.000306  6.59e-09 -4.21e-05 -2.89e-05 -0.000366  -2.6e-06 -0.000113 -0.000528  -0.00107  0.000325  -0.00602 -2.02e-05  0.000372 -0.000631  0.000206 -0.000174 -0.000512  -0.00138  -0.00145 -0.000467 -0.000219  -0.00112 -0.000283 -0.000406  -0.00104  -0.00128   0.00137 -0.000568 -0.000403 -0.000348   -0.0001   -0.0091  -0.00475   -0.0017 -6.44e-05 -5.93e-05 -6.02e-06 -1.59e-06 -1.29e-07 -1.42e-08  -0.00027 -0.000756 -5.26e-05 -3.08e-05  -0.00128 -0.000438 -0.000294 -0.000106  -0.00104 -7.76e-05 -0.000396    0.0128 -0.000591   0.00061 -0.000941  -0.00224  -0.00257  -0.00113   -0.0037  -0.00325 -0.000162  -0.00912   -0.0015  -0.00309 -0.000445 -4.66e-05  -0.00084 -0.000161 -1.06e-06  -0.00171  -0.00132  3.66e-05   -0.0029
   0.0315  0.000285  -0.00083  -0.00153  -0.00348 -0.000962 -7.47e-17 -7.47e-17  5.98e-07 -0.000144 -1.24e-16 -0.000601         1 -0.000188 -0.000958 -0.000132 -0.000167   -0.0011  -0.00233 -0.000306 -3.41e-05 -0.000447 -0.000138  8.22e-05  -0.00528 -0.000325 -9.43e-05  5.35e-05  1.74e-05 -0.000661 -5.39e-05 -0.000132   0.00019  1.52e-05  -0.00662 -0.000945  6.59e-07 -0.000174 -0.000102  -0.00151 -6.67e-06 -3.31e-05  -0.00136   -0.0026  0.000773   -0.0182 -2.55e-05   0.00264  0.000843   0.00361   0.00164  -0.00149  -0.00333  -0.00305 -8.44e-05  0.000175  -0.00199  8.63e-05 -0.000577  -0.00111  -0.00406   0.00267  -0.00109 -0.000885 -0.000325 -8.48e-05   -0.0301  -0.00968  -0.00518 -0.000722 -0.000124  -4.5e-06 -1.65e-06  3.86e-09 -1.44e-08   0.00122  -0.00111 -3.45e-06 -2.79e-05 -0.000508  -0.00032 -6.83e-05 -4.74e-05 -0.000289 -0.000112 -0.000224    0.0107  -0.00182   0.00329  -0.00312  -0.00967  -0.00554  0.000747   -0.0136   -0.0052 -0.000777  -0.00874 -0.000986  -0.00148 -0.000252 -3.64e-05 -0.000505 -0.000112  1.07e-05  -0.00211 -0.000929  4.49e-05  -0.00679
  0.00318   3.7e-05 -0.000116 -0.000179 -0.000419 -0.000127 -1.97e-17 -1.97e-17  1.51e-06 -1.87e-05    -2e-17 -7.27e-05 -0.000188         1 -0.000114 -1.64e-05 -2.07e-05 -0.000125 -0.000264 -3.93e-05 -1.55e-06 -4.58e-05 -1.65e-05 -2.88e-06  -0.00081 -3.01e-05 -5.56e-06  6.56e-06  1.98e-07  -7.2e-05 -7.29e-06 -8.51e-06  1.91e-05  2.43e-06 -0.000816 -0.000108  3.91e-08 -1.56e-05 -1.02e-05 -0.000175 -6.51e-07  -6.1e-06 -0.000202 -0.000498  6.58e-05  -0.00244 -2.87e-06  0.000256  5.77e-06  0.000247  0.000114 -8.77e-05 -0.000358 -0.000343 -3.99e-05  2.14e-05 -0.000225 -3.48e-05 -8.97e-05 -0.000168 -0.000435  0.000309 -0.000136 -0.000106 -6.43e-05 -1.28e-05  -0.00312  -0.00118 -0.000592 -4.43e-05 -1.39e-05 -8.44e-07 -2.15e-07 -1.23e-09 -1.01e-09 -2.68e-05 -0.000125 -7.95e-06 -2.49e-06 -0.000121 -3.19e-05 -8.82e-06 -5.43e-06 -4.23e-05 -2.58e-05 -2.91e-05   0.00189 -0.000155  0.000345 -0.000294  -0.00057 -0.000693  6.16e-05   -0.0013 -0.000656 -5.27e-05 -0.000907 -0.000186 -0.000262 -4.15e-05 -4.89e-06 -0.000101 -1.92e-05  7.41e-07 -0.000342 -0.000137   9.2e-06 -0.000803
-0.000326  0.000177  -0.00079  -0.00116  -0.00233 -0.000696  -1.5e-16  -1.5e-16 -1.15e-05 -0.000193  -1.7e-16 -0.000475 -0.000958 -0.000114         1 -9.77e-05 -0.000123 -0.000658  -0.00139 -0.000186 -1.82e-05 -0.000812 -0.000236 -2.39e-05  -0.00398  -0.00027 -4.76e-05  -2.3e-05 -0.000121 -0.000266 -0.000152 -5.31e-05  0.000105 -7.03e-06  -0.00399  -0.00063 -1.95e-08 -7.07e-05 -5.28e-05 -0.000665 -3.95e-06 -0.000173 -0.000931  -0.00197   0.00036   -0.0105 -3.08e-05  0.000799 -0.000454   0.00119  0.000106 -0.000589  -0.00195  -0.00192 -0.000565 -0.000219  -0.00147 -0.000327 -0.000476  -0.00139  -0.00203   0.00206 -0.000863 -0.000615 -0.000519 -0.000155   -0.0148   -0.0073  -0.00274 -0.000112 -9.54e-05 -1.02e-05 -2.69e-06  -2.5e-07  -2.5e-08 -6.56e-05  -0.00112 -8.83e-05 -4.93e-05  -0.00187 -0.000705  -0.00048 -0.000174  -0.00177 -8.43e-05 -0.000524     0.015 -0.000928   0.00113 -0.000904  -0.00464  -0.00353  -0.00145  -0.00597  -0.00432 -0.000222   -0.0137   -0.0021   -0.0044 -0.000693 -7.67e-05   -0.0012 -0.000236 -8.66e-07  -0.00239  -0.00188  5.95e-05  -0.00448
 -9.4e-05  2.21e-05 -9.45e-05 -0.000154 -0.000333 -0.000105 -1.86e-17 -1.86e-17  8.59e-07 -1.98e-05 -1.87e-17 -6.56e-05 -0.000132 -1.64e-05 -9.77e-05         1 -1.82e-05 -9.52e-05 -0.000202 -2.38e-05 -7.07e-07    -5e-05 -1.61e-06 -7.58e-06 -0.000604 -3.27e-05 -4.74e-06  1.87e-06 -9.39e-06 -4.08e-05 -1.51e-05 -4.31e-06  1.45e-05   3.5e-06 -0.000609 -7.12e-05  8.02e-09 -1.04e-05 -6.25e-06 -0.000112 -5.97e-07 -1.44e-05  -0.00016 -0.000401  5.53e-05  -0.00174 -3.27e-06    0.0001 -0.000136 -2.86e-05 -2.98e-05 -8.27e-05 -0.000287 -0.000312 -8.87e-05 -2.74e-05 -0.000224 -7.12e-05 -0.000108 -0.000201 -0.000301   0.00025 -0.000125 -8.94e-05 -7.58e-05 -1.61e-05  -0.00204 -0.000996 -0.000403 -1.47e-05 -1.03e-05    -1e-06 -2.13e-07 -5.83e-09 -1.07e-09 -0.000178 -0.000136 -1.17e-05 -3.52e-06 -0.000239 -4.83e-05  -2.6e-05 -1.02e-05 -8.77e-05 -3.79e-05 -7.03e-05   0.00266 -0.000118  0.000153 -0.000344 -0.000125 -0.000669 -0.000114 -0.000802 -0.000756 -3.47e-05  -0.00132 -0.000312 -0.000539 -6.86e-05 -5.87e-06 -0.000171 -3.05e-05 -9.26e-08 -0.000419 -0.000234  2.99e-06  -0.00065
-0.000116  2.82e-05 -0.000108 -0.000193 -0.000419 -0.000131 -1.99e-17 -1.99e-17  1.05e-06 -2.47e-05 -1.79e-17 -8.22e-05 -0.000167 -2.07e-05 -0.000123 -1.82e-05         1  -0.00012 -0.000255 -2.96e-05 -1.01e-06  -5.6e-05  4.72e-06 -7.53e-06 -0.000754  -3.8e-05 -4.49e-06  3.53e-06 -1.05e-05 -5.09e-05 -1.66e-05 -3.96e-06  1.97e-05  5.09e-06 -0.000785 -8.81e-05  9.18e-09 -1.46e-05 -8.17e-06 -0.000144 -8.46e-07 -1.74e-05 -0.000206 -0.000521  6.94e-05  -0.00221 -3.96e-06  0.000131 -0.000155 -3.23e-05 -3.51e-05 -9.29e-05  -0.00035 -0.000376 -0.000111 -3.77e-05 -0.000268 -9.21e-05 -0.000136 -0.000236  -0.00038  0.000295 -0.000163 -0.000116 -9.71e-05 -2.03e-05  -0.00254  -0.00124 -0.000503 -2.28e-05 -1.22e-05 -1.41e-06 -2.59e-07 -5.79e-09 -1.24e-09 -0.000261 -0.000172 -1.76e-05 -4.25e-06 -0.000323  -5.8e-05 -3.05e-05 -1.23e-05 -0.000105 -5.56e-05 -9.16e-05   0.00333 -0.000164  0.000175 -0.000458 -0.000159 -0.000846 -9.48e-05  -0.00102    -0.001 -4.87e-05  -0.00163 -0.000419 -0.000708 -9.06e-05 -7.31e-06 -0.000228 -4.05e-05 -1.26e-07 -0.000557 -0.000303  2.64e-08 -0.000822
   0.0189  0.000227 -0.000659  -0.00104  -0.00245 -0.000741 -1.22e-16 -1.22e-16  9.82e-06 -0.000107  -1.2e-16 -0.000421   -0.0011 -0.000125 -0.000658 -9.52e-05  -0.00012         1  -0.00155 -0.000227 -7.14e-06 -0.000223 -7.72e-05 -9.38e-06  -0.00462 -0.000168  -1.7e-05  4.55e-05  9.75e-06 -0.000411 -3.76e-05 -4.57e-05  0.000119  1.81e-05  -0.00471 -0.000598  2.49e-07 -9.19e-05 -6.07e-05  -0.00101 -3.77e-06 -2.79e-05  -0.00113   -0.0028   0.00045   -0.0141 -1.62e-05   0.00162  0.000203   0.00174   0.00082 -0.000474  -0.00209  -0.00197 -0.000175  0.000186  -0.00128 -0.000165 -0.000498  -0.00095  -0.00255   0.00189 -0.000787 -0.000613  -0.00036 -7.03e-05   -0.0183  -0.00687  -0.00349 -0.000259  -8.1e-05 -4.47e-06  -1.2e-06  2.55e-09 -5.05e-09 -6.68e-05 -0.000709 -3.79e-05 -1.27e-05 -0.000605 -0.000161 -2.99e-05 -2.49e-05 -0.000177 -0.000141 -0.000139    0.0111 -0.000902   0.00217  -0.00165  -0.00324  -0.00406   0.00047   -0.0077  -0.00365 -0.000305  -0.00492 -0.000982  -0.00129 -0.000214 -2.62e-05 -0.000531 -0.000102   4.9e-06  -0.00192 -0.000711  6.17e-05  -0.00468
   0.0402  0.000475  -0.00136   -0.0022  -0.00519  -0.00157 -2.42e-16 -2.42e-16  1.97e-05 -0.000223 -2.34e-16 -0.000891  -0.00233 -0.000264  -0.00139 -0.000202 -0.000255  -0.00155         1 -0.000491 -1.79e-05 -0.000464 -0.000165 -2.58e-05  -0.00997 -0.000342 -4.29e-05  9.33e-05  1.78e-05  -0.00088 -7.56e-05 -9.46e-05   0.00025  3.48e-05   -0.0101   -0.0013  5.01e-07 -0.000201 -0.000129  -0.00218 -8.48e-06  -5.9e-05  -0.00248  -0.00616  0.000896   -0.0303 -3.41e-05   0.00336  0.000394    0.0035   0.00167 -0.000959  -0.00436  -0.00412 -0.000391  0.000368  -0.00266 -0.000392  -0.00107  -0.00195  -0.00539   0.00386  -0.00169   -0.0013  -0.00078 -0.000149   -0.0386   -0.0145  -0.00735 -0.000553 -0.000167    -1e-05 -2.47e-06  1.35e-08 -9.97e-09 -0.000393  -0.00151  -9.5e-05 -2.64e-05  -0.00142  -0.00033 -5.49e-05 -4.92e-05 -0.000337 -0.000343 -0.000332    0.0233  -0.00195   0.00443  -0.00355   -0.0066  -0.00855   0.00115   -0.0162  -0.00797 -0.000656   -0.0105  -0.00225  -0.00299 -0.000479 -5.32e-05  -0.00121  -0.00023  9.93e-06  -0.00425  -0.00157   0.00011  -0.00993
  -0.0329 -3.35e-06 -0.000649 -0.000298 -0.000881 -0.000305 -1.77e-16 -1.77e-16 -1.74e-05 -5.32e-06 -2.18e-16 -8.34e-05 -0.000306 -3.93e-05 -0.000186 -2.38e-05 -2.96e-05 -0.000227 -0.000491         1 -8.08e-05 -0.000893  -0.00132 -0.000321  -0.00821   7.1e-05 -0.000261 -0.000191 -0.000163 -0.000561 -0.000131  -0.00014 -0.000155 -0.000197  -0.00404  -0.00165 -2.93e-07 -6.38e-05 -4.01e-05  -0.00101 -2.97e-06 -6.78e-05  -0.00176  -0.00495  -0.00148   -0.0161 -2.33e-05 -0.000341  0.000703   0.00125   0.00082  0.000561  0.000708  0.000367  0.000156  0.000309  0.000304 -8.81e-05  0.000238  0.000293 -0.000735  -0.00047 -0.000209  1.99e-05 -0.000276 -1.44e-05   -0.0053  -0.00214 -0.000758  0.000189 -1.07e-05  9.17e-07 -4.41e-07 -1.44e-07 -6.13e-09 -0.000336 -0.000278  -1.9e-05 -1.76e-05 -0.000766 -0.000163 -7.08e-05 -7.06e-06  0.000107 -0.000158 -0.000296   -0.0198  0.000132 -0.000164  0.000822 -0.000338  0.000253 -0.000678   0.00109   0.00122  0.000207  -0.00541 -0.000942  -0.00208 -0.000159   1.6e-05 -0.000541  -8.5e-05 -3.23e-06  -0.00105 -0.000518 -0.000111  -0.00161
 -0.00377 -2.62e-05 -9.82e-05 -3.46e-05  -1.3e-05  9.18e-06  2.83e-17  2.83e-17 -6.51e-06  3.03e-05 -1.02e-17 -8.01e-06 -3.41e-05 -1.55e-06 -1.82e-05 -7.07e-07 -1.01e-06 -7.14e-06 -1.79e-05 -8.08e-05         1 -0.000247 -0.000245 -5.09e-05 -0.000887 -1.27e-05 -9.55e-05 -5.95e-05 -5.99e-05    -8e-05 -4.24e-05 -4.26e-05 -2.94e-05 -4.39e-05 -0.000348 -0.000266 -2.32e-08 -2.16e-05 -4.02e-06 -8.41e-05 -1.39e-06 -3.09e-05 -0.000187 -0.000376 -0.000297  -0.00152 -8.39e-06 -0.000357 -0.000145  -0.00022 -0.000114 -3.55e-05  0.000121 -7.61e-07 -0.000122 -0.000128 -8.96e-05 -7.66e-05  0.000119  0.000112 -3.69e-05 -0.000253 -3.41e-05  3.35e-05 -2.74e-05 -2.15e-06 -0.000407 -9.18e-05  0.000169  1.31e-06  8.05e-07  4.47e-07 -3.73e-08  -3.9e-08 -4.46e-09  8.82e-05 -0.000114 -7.07e-06 -1.11e-05 -0.000246 -0.000118 -7.43e-05 -1.92e-05 -8.26e-05  1.49e-06  -0.00017  -0.00308 -4.71e-05 -0.000438  0.000747  -0.00117   0.00103 -0.000149  0.000428  0.000238 -2.26e-05  -0.00275 -0.000281    -0.001 -5.55e-05  2.97e-06 -0.000121 -1.64e-05 -1.04e-06 -8.57e-05 -0.000258 -4.16e-05  -7.9e-05
  -0.0391 -0.000588  -0.00347  -0.00133  -0.00128 -0.000258 -1.73e-16 -1.73e-16 -0.000178 -0.000492 -8.12e-16 -0.000457 -0.000447 -4.58e-05 -0.000812    -5e-05  -5.6e-05 -0.000223 -0.000464 -0.000893 -0.000247         1  -0.00415  -0.00077    -0.014  -0.00105  -0.00143  -0.00089  -0.00105  -0.00117 -0.000898 -0.000678 -0.000684 -0.000657  -0.00457  -0.00433  -1.6e-06  0.000114 -9.54e-06  -0.00112  4.81e-06  -0.00091  -0.00291  -0.00512  -0.00509    -0.019 -0.000104  -0.00726   -0.0083  -0.00976  -0.00666  -0.00373 -0.000909   -0.0031  -0.00276  -0.00285   -0.0033  -0.00109    -4e-05  -0.00323 -0.000614  -0.00193  2.76e-05  5.49e-05 -0.000838 -0.000462   -0.0102  -0.00582  0.000127  0.000307 -0.000246 -2.41e-05 -9.98e-06 -1.81e-06 -1.53e-07   0.00493  -0.00213 -0.000201 -0.000256  -0.00481  -0.00365  -0.00295 -0.000948  -0.00999   0.00107  -0.00186    -0.041   0.00048  -0.00657   0.00684   -0.0249   0.00733   -0.0149   0.00346  9.12e-05  0.000408   -0.0525  -0.00329   -0.0144  -0.00236 -0.000282  -0.00226 -0.000531 -3.26e-05  0.000473  -0.00555  3.12e-05  -0.00224
   -0.069 -0.000445  -0.00277 -0.000414 -0.000653 -0.000198 -6.47e-16 -6.47e-16 -7.82e-05 -8.54e-05 -1.05e-15 -5.95e-05 -0.000138 -1.65e-05 -0.000236 -1.61e-06  4.72e-06 -7.72e-05 -0.000165  -0.00132 -0.000245  -0.00415         1  -0.00101   -0.0184 -0.000343  -0.00111 -0.000791  -0.00074  -0.00138 -0.000701 -0.000629 -0.000746 -0.000654   -0.0055  -0.00459 -8.11e-07  4.84e-05 -3.03e-05  -0.00155   4.4e-06 -0.000439  -0.00352  -0.00869  -0.00504   -0.0278 -8.86e-05  -0.00414  -0.00179 -0.000743 -0.000525  -0.00104   0.00192 -1.77e-06 -0.000451 -0.000354 -0.000683  6.11e-05  0.000803  -0.00115 -9.92e-05  -0.00153  0.000501  0.000541 -0.000437 -0.000101  -0.00496  -0.00248  0.000673  0.000766 -8.58e-05  1.19e-05 -3.43e-06 -9.07e-07 -6.16e-08   0.00358 -0.000935  0.000193 -0.000122  -0.00125   -0.0015  -0.00106 -0.000294  -0.00239  0.000503 -0.000989   -0.0655    0.0017  -0.00242   0.00202  -0.00889   0.00225   -0.0107   0.00779   0.00716  0.000836   -0.0259 -0.000895  -0.00663 -0.000487 -4.48e-05 -0.000779  -0.00014 -1.81e-05   0.00088  -0.00222 -0.000121  -0.00087
 -0.00961 -0.000188 -0.000945  -2.1e-05 -0.000184 -0.000119 -9.09e-17 -9.09e-17 -1.86e-06  7.07e-05 -2.81e-16 -1.37e-05  8.22e-05 -2.88e-06 -2.39e-05 -7.58e-06 -7.53e-06 -9.38e-06 -2.58e-05 -0.000321 -5.09e-05  -0.00077  -0.00101         1  -0.00576 -0.000143 -0.000421 -0.000215 -0.000183 -0.000451 -0.000176 -0.000176 -0.000261 -0.000164  -0.00154   -0.0011 -2.63e-07  5.31e-05  2.38e-05 -0.000594  2.78e-06 -5.28e-05  -0.00126  -0.00363  -0.00159   -0.0107 -1.34e-05   -0.0022  -0.00316   -0.0052  -0.00205 -0.000653 -0.000156   -0.0013 -0.000659 -0.000339  -0.00104 -0.000588 -0.000309 -0.000791 -0.000164  -0.00104  0.000253  0.000216 -0.000142  1.67e-05  -0.00145  -0.00029 -6.08e-05  0.000323 -1.83e-05   8.2e-06  4.75e-07 -1.85e-09  2.24e-09  -0.00019  7.23e-05  5.34e-05 -6.62e-06  0.000322 -3.63e-05 -3.04e-05  1.94e-05  0.000462   0.00012 -0.000209  -0.00929   0.00105  -0.00127   0.00111   0.00291   0.00135  -0.00271   0.00335   0.00126  0.000336  -0.00197  0.000228 -0.000526   0.00018  3.37e-05  9.57e-05  4.09e-05 -6.62e-06   0.00025 -0.000102  1.74e-05 -0.000215
   -0.376 -0.000582   -0.0147  -0.00596   -0.0183  -0.00679 -2.31e-15 -2.31e-15 -7.02e-05 -0.000402 -3.19e-15  -0.00215  -0.00528  -0.00081  -0.00398 -0.000604 -0.000754  -0.00462  -0.00997  -0.00821 -0.000887    -0.014   -0.0184  -0.00576         1 -0.000115  -0.00518  -0.00265  -0.00211   -0.0106  -0.00156  -0.00213  -0.00312  -0.00271   -0.0743   -0.0255 -5.97e-06 -0.000309 -0.000367   -0.0195 -9.39e-06 -0.000916   -0.0345   -0.0998    -0.028    -0.307 -0.000224   -0.0155   -0.0215    -0.037   -0.0127   0.00282   0.00108  -0.00926  -0.00558  -0.00106  -0.00547  -0.00773  -0.00436  -0.00552   -0.0168   -0.0146  -0.00359  -0.00197   -0.0061 -0.000459    -0.111   -0.0414   -0.0216   0.00296 -0.000463 -2.79e-05 -8.43e-06 -1.61e-06 -3.95e-08   -0.0187  -0.00275  -0.00125  -0.00015   -0.0123   -0.0015 -0.000885 -7.22e-05  0.000436   -0.0029  -0.00309    -0.237   0.00504  -0.00972  -0.00302    0.0119   -0.0113   -0.0163   0.00649   -0.0104   0.00378   -0.0356   -0.0152   -0.0274  -0.00239  6.17e-05   -0.0091  -0.00138 -8.65e-05   -0.0219  -0.00877  -0.00116   -0.0331
   0.0251 -0.000288  -0.00105 -0.000426 -0.000528 -9.73e-05  1.26e-17  1.26e-17 -2.28e-05 -9.84e-05 -2.99e-16   -0.0002 -0.000325 -3.01e-05  -0.00027 -3.27e-05  -3.8e-05 -0.000168 -0.000342   7.1e-05 -1.27e-05  -0.00105 -0.000343 -0.000143 -0.000115         1 -0.000443 -0.000154 -0.000192  -0.00026 -0.000253 -0.000232 -0.000169 -5.96e-05  0.000288 -0.000401  1.48e-07  9.23e-05  3.42e-05 -0.000173  5.61e-06 -0.000143 -9.83e-05  0.000864 -0.000464 -0.000517 -1.35e-05  -0.00232  -0.00523  -0.00713  -0.00348  -0.00329  -0.00246  -0.00373  -0.00119  -0.00108  -0.00286 -0.000452 -0.000986  -0.00233 -0.000879  0.000201   0.00025 -2.48e-05  7.69e-06 -6.65e-05  -0.00803  -0.00203 -0.000887 -0.000183 -9.03e-05  5.97e-06 -9.67e-07 -9.69e-08 -1.97e-08   0.00186 -0.000406  0.000127 -3.86e-05    0.0004 -0.000549 -0.000426  -0.00013   -0.0012  0.000448 -0.000342   0.00815  0.000329  -0.00103  -0.00195  -0.00379  -0.00122  -0.00567   -0.0022  -0.00213 -0.000208  -0.00903  0.000538 -0.000835 -6.58e-05 -3.23e-05  0.000174  6.39e-06 -4.71e-06  0.000931 -0.000831  0.000148  -0.00103
   0.0121 -0.000398  -0.00134 -4.89e-05 -1.54e-05  1.98e-05  2.85e-16  2.85e-16 -2.61e-05  0.000136 -1.51e-16 -2.96e-05 -9.43e-05 -5.56e-06 -4.76e-05 -4.74e-06 -4.49e-06  -1.7e-05 -4.29e-05 -0.000261 -9.55e-05  -0.00143  -0.00111 -0.000421  -0.00518 -0.000443         1 -0.000326 -0.000273 -0.000728 -0.000212 -0.000333 -0.000369  -0.00023  -0.00141  -0.00136 -1.81e-07  6.04e-05  4.63e-05 -0.000893  3.37e-06 -9.65e-05  -0.00141  -0.00317   -0.0024   -0.0116 -1.09e-05  -0.00429  -0.00718    -0.012  -0.00532  -0.00264  -0.00151  -0.00337  -0.00167  -0.00149  -0.00262  -0.00113  -0.00067  -0.00117 -0.000786  -0.00273  0.000447   0.00026  2.02e-05  1.38e-05  -0.00693  0.000581 -0.000296 -0.000105  -5.8e-05  7.64e-06  4.76e-07 -2.82e-08 -1.38e-08  0.000949  0.000147  6.71e-06 -2.99e-05  0.000782 -0.000342 -0.000302 -6.16e-05 -0.000329  0.000429 -0.000357   -0.0117  0.000886  -0.00337   0.00303  -0.00385    0.0056  -0.00341   0.00129  5.87e-05 -2.66e-05  -0.00461  0.000985 -0.000511  0.000181  2.79e-05  0.000572  0.000112 -8.41e-06   0.00154 -0.000115  1.22e-05  -6.1e-05
 -0.00558 -0.000173 -0.000533 -4.38e-05    0.0001  4.32e-05 -6.16e-19 -6.16e-19 -2.32e-05  1.76e-05 -1.56e-16 -1.07e-05  5.35e-05  6.56e-06  -2.3e-05  1.87e-06  3.53e-06  4.55e-05  9.33e-05 -0.000191 -5.95e-05  -0.00089 -0.000791 -0.000215  -0.00265 -0.000154 -0.000326         1 -0.000197 -0.000233 -0.000173 -0.000149 -0.000165 -0.000136 -0.000437   -0.0008 -1.94e-07  1.27e-05  1.04e-05 -0.000197  2.37e-07 -0.000111 -0.000544  -0.00114  -0.00107  -0.00363 -1.86e-05  -0.00175  -0.00184  -0.00279  -0.00133 -0.000724   7.5e-05 -0.000626   -0.0005 -0.000469  -0.00065 -0.000289 -5.46e-06 -0.000382  0.000115 -0.000779  0.000142  0.000178 -7.11e-05 -2.29e-05  0.000183  6.06e-05  0.000543  0.000117 -1.43e-05  2.86e-06 -3.77e-07 -1.47e-07 -1.35e-08  0.000466 -0.000212  2.26e-05 -3.03e-05 -0.000409 -0.000371 -0.000282 -7.48e-05 -0.000574   0.00013 -0.000399  -0.00838  0.000362   -0.0015   0.00118  -0.00148   0.00194  -0.00246   0.00234  0.000753  9.14e-05   -0.0073 -0.000361   -0.0021  -0.00014 -9.81e-07 -0.000215 -3.55e-05  -5.8e-06   0.00021 -0.000674 -4.03e-05  0.000163
 -0.00256  -0.00015 -0.000483  -0.00021 -7.15e-05  -2.8e-06 -2.74e-17 -2.74e-17 -3.48e-05 -4.66e-05 -1.67e-16 -8.16e-05  1.74e-05  1.98e-07 -0.000121 -9.39e-06 -1.05e-05  9.75e-06  1.78e-05 -0.000163 -5.99e-05  -0.00105  -0.00074 -0.000183  -0.00211 -0.000192 -0.000273 -0.000197         1 -0.000118 -0.000223 -0.000129 -0.000119 -0.000128  -0.00036  -0.00074 -2.91e-07  2.46e-07     4e-06    -4e-05 -1.18e-06 -0.000179 -0.000379 -0.000548 -0.000789  -0.00188 -2.66e-05  -0.00169  -0.00158    -0.002  -0.00119  -0.00068   1.3e-05 -0.000598 -0.000565 -0.000521 -0.000683 -0.000319 -1.28e-05 -0.000553  0.000179 -0.000273 -2.74e-05  0.000117 -0.000181 -7.29e-05  0.000782 -0.000879  0.000637  0.000156 -2.16e-05 -7.94e-07 -1.14e-06 -2.49e-07 -2.19e-08   0.00029  -0.00052 -4.96e-06  -4.7e-05  -0.00122 -0.000622 -0.000477 -0.000143  -0.00131  9.06e-05 -0.000632  -0.00302  0.000134  -0.00162   0.00129  -0.00171   0.00156  -0.00301   0.00242 -7.66e-05  7.45e-05   -0.0125  -0.00119  -0.00389 -0.000433 -2.47e-05 -0.000688  -0.00013 -7.53e-06  -0.00043  -0.00135 -4.42e-05  -0.00021
  -0.0213 -0.000215  -0.00152 -0.000376  -0.00133 -0.000427  5.84e-17  5.84e-17  1.04e-06     7e-05 -2.06e-16 -0.000135 -0.000661  -7.2e-05 -0.000266 -4.08e-05 -5.09e-05 -0.000411  -0.00088 -0.000561    -8e-05  -0.00117  -0.00138 -0.000451   -0.0106  -0.00026 -0.000728 -0.000233 -0.000118         1 -8.35e-05 -0.000311 -0.000349 -0.000223  -0.00562  -0.00206 -3.38e-08  6.11e-06 -6.83e-06   -0.0019  2.81e-06  1.13e-05  -0.00277  -0.00738  -0.00267   -0.0254 -3.75e-06  -0.00222  -0.00471  -0.00803  -0.00312   -0.0018  -0.00139  -0.00279 -0.000952 -0.000723  -0.00188 -0.000747 -0.000772 -0.000906  -0.00218  -0.00227  8.44e-05 -0.000128 -0.000155  3.46e-05   -0.0162  -0.00218   -0.0025 -0.000232 -6.82e-05  5.28e-06  4.46e-07  5.93e-08  5.72e-11  0.000116   0.00018  -2.1e-05 -5.18e-07  0.000875  7.66e-05  8.71e-05  5.13e-05  0.000739  8.25e-05  5.54e-05    -0.023  0.000461  -0.00119  -0.00102  -0.00389  0.000395  -0.00166  -0.00302  -0.00114 -6.22e-05   0.00311  0.000807   0.00111   0.00033  3.16e-05  0.000424  9.48e-05 -2.97e-06   0.00019  0.000313 -4.27e-05  -0.00246
  0.00056 -0.000135  -0.00058 -0.000264 -0.000222 -4.66e-05 -1.58e-16 -1.58e-16 -2.45e-05 -6.26e-05 -3.01e-16 -0.000107 -5.39e-05 -7.29e-06 -0.000152 -1.51e-05 -1.66e-05 -3.76e-05 -7.56e-05 -0.000131 -4.24e-05 -0.000898 -0.000701 -0.000176  -0.00156 -0.000253 -0.000212 -0.000173 -0.000223 -8.35e-05         1  -0.00014 -0.000109 -0.000101  4.87e-05 -0.000608 -9.43e-08  2.17e-05  4.63e-06  6.28e-05   6.8e-07 -0.000158 -0.000134  0.000179 -0.000398 -0.000509 -2.84e-05  -0.00118  -0.00119 -0.000787 -0.000546 -0.000995 -0.000333 -0.000949 -0.000367 -0.000265 -0.000934 -8.31e-05 -8.67e-05 -0.000989  5.91e-05   0.00062  4.98e-05  0.000115 -0.000122 -5.87e-05 -0.000581  -0.00151  0.000339   0.00019 -3.12e-05  4.51e-06 -9.59e-07 -1.91e-07  -1.7e-08  0.000957 -0.000547  9.99e-05 -4.05e-05  -0.00063 -0.000524  -0.00037 -0.000108 -0.000873  0.000167 -0.000527 -0.000149  0.000292 -0.000559 -0.000139 -0.000765 -0.000459  -0.00397    0.0017  0.000415  9.03e-05   -0.0117 -0.000676  -0.00286 -0.000245 -1.78e-05 -0.000443 -8.53e-05 -5.22e-06 -0.000101  -0.00113  2.42e-05 -0.000432
-0.000475 -0.000173 -0.000629 -8.56e-05 -0.000111 -2.13e-06 -4.08e-18 -4.08e-18 -1.14e-05  2.72e-05 -1.86e-16 -3.05e-05 -0.000132 -8.51e-06 -5.31e-05 -4.31e-06 -3.96e-06 -4.57e-05 -9.46e-05  -0.00014 -4.26e-05 -0.000678 -0.000629 -0.000176  -0.00213 -0.000232 -0.000333 -0.000149 -0.000129 -0.000311  -0.00014         1  -0.00016 -0.000103 -0.000492 -0.000678   7.6e-08   2.5e-05  1.09e-05 -0.000324  2.07e-06 -5.11e-05 -0.000466 -0.000781 -0.000843    -0.004 -1.15e-05  -0.00136  -0.00216   -0.0031  -0.00133  -0.00136 -0.000635  -0.00138  -0.00044 -0.000412  -0.00111 -0.000158  -0.00021 -0.000692 -0.000393 -0.000484  0.000225  0.000116  4.86e-05  7.65e-06  -0.00392 -0.000294  -0.00019 -4.79e-05 -2.98e-05  6.87e-06  7.38e-08 -3.08e-08 -7.14e-09   0.00113 -8.25e-05  8.95e-05 -1.69e-05    0.0005 -0.000181 -0.000114 -2.26e-05 -9.64e-06  0.000216 -0.000168  -0.00711  0.000345 -0.000692 -0.000231  -0.00226  0.000617  -0.00252   2.1e-05   0.00055 -3.89e-05  -0.00356  0.000529 -0.000159   0.00013  1.04e-05  0.000265  4.95e-05 -2.11e-06  0.000782 -0.000136  1.48e-05 -0.000215
 -0.00202 -0.000274 -0.000627  0.000182   0.00036  9.21e-05  -2.3e-17  -2.3e-17 -7.07e-06  1.84e-05 -1.73e-16  7.29e-05   0.00019  1.91e-05  0.000105  1.45e-05  1.97e-05  0.000119   0.00025 -0.000155 -2.94e-05 -0.000684 -0.000746 -0.000261  -0.00312 -0.000169 -0.000369 -0.000165 -0.000119 -0.000349 -0.000109  -0.00016         1 -0.000121 -0.000406 -0.000806 -1.56e-07  7.52e-05  3.22e-05  -0.00037  4.57e-06 -3.72e-05 -0.000836  -0.00218  -0.00152  -0.00514 -1.33e-06  -0.00222  -0.00303  -0.00531  -0.00226  -0.00117   6.8e-05 -0.000934 -0.000553 -0.000573 -0.000744  -0.00031 -0.000396 -0.000684  0.000187   -0.0016  0.000415  0.000196  7.35e-06  1.71e-05    0.0011    0.0014  0.000475  8.85e-05 -7.39e-06   5.6e-06  3.35e-07 -2.34e-08 -1.09e-09  3.29e-05  0.000189  4.65e-05 -4.63e-06  0.000319 -3.95e-05 -5.15e-05  1.77e-06  0.000127  0.000104 -8.08e-05   -0.0132  0.000755  -0.00171  -0.00155  0.000463  8.96e-05  -0.00305   0.00258  0.000294  0.000144  0.000425  0.000389  4.35e-05  0.000145  1.18e-05  0.000138  3.53e-05  -6.4e-06  0.000591 -9.55e-05 -3.57e-05  0.000724
 -0.00615 -9.81e-05 -0.000361 -1.46e-05  1.57e-05  7.77e-06  4.44e-18  4.44e-18 -2.29e-05  1.94e-07 -9.84e-17  8.56e-06  1.52e-05  2.43e-06 -7.03e-06   3.5e-06  5.09e-06  1.81e-05  3.48e-05 -0.000197 -4.39e-05 -0.000657 -0.000654 -0.000164  -0.00271 -5.96e-05  -0.00023 -0.000136 -0.000128 -0.000223 -0.000101 -0.000103 -0.000121         1 -0.000793 -0.000727 -2.16e-07  1.46e-06  -2.8e-07 -0.000306 -2.66e-09 -6.46e-05 -0.000552  -0.00135 -0.000879  -0.00447 -9.34e-06  -0.00106 -0.000927  -0.00152 -0.000685 -0.000301  0.000183  -0.00022 -0.000166 -0.000152 -0.000179 -0.000157  7.03e-05 -3.58e-06 -2.05e-05 -0.000685  0.000113  0.000158  -3.5e-05  -1.3e-05 -0.000677  0.000104  0.000166  7.49e-05 -1.16e-05  1.09e-06 -3.08e-07 -1.19e-07 -9.57e-09  0.000433 -4.26e-05  1.57e-06 -1.76e-05 -0.000146 -0.000223 -0.000185 -4.76e-05 -0.000455  0.000102 -0.000183  -0.00979  0.000273  -0.00092   0.00164  -0.00101   0.00202   -0.0012   0.00157   0.00114  0.000108  -0.00415 -2.15e-05 -0.000837 -9.93e-05  3.92e-06 -4.12e-05 -1.35e-05 -3.43e-06  0.000316 -0.000195 -2.11e-05  6.91e-05
   -0.187  0.000305  -0.00338  -0.00613   -0.0163  -0.00536 -4.63e-16 -4.63e-16 -9.34e-05  -0.00117  2.43e-16  -0.00236  -0.00662 -0.000816  -0.00399 -0.000609 -0.000785  -0.00471   -0.0101  -0.00404 -0.000348  -0.00457   -0.0055  -0.00154   -0.0743  0.000288  -0.00141 -0.000437  -0.00036  -0.00562  4.87e-05 -0.000492 -0.000406 -0.000793         1   -0.0131 -2.39e-06 -0.000973 -0.000515   -0.0134  -4.9e-05 -0.000365    -0.021   -0.0586   -0.0104    -0.183 -6.84e-05   0.00108 -0.000836  -0.00589 -0.000932    0.0013  -0.00187  -0.00399  -0.00167   -0.0009  -0.00017  -0.00371   -0.0054 -0.000332   -0.0163  -0.00712  -0.00669  -0.00446  -0.00472 -0.000624   -0.0969    -0.038   -0.0198   -0.0018 -0.000173 -0.000101 -7.03e-06 -3.48e-07  -5.8e-09    -0.025  -0.00464  -0.00178 -4.99e-05   -0.0195  -0.00047  9.27e-05 -1.98e-05 -0.000745  -0.00557  -0.00342   -0.0778   -0.0082  -0.00431   -0.0353  -0.00408   -0.0363   0.00631   -0.0309   -0.0454  -0.00184    -0.029   -0.0236   -0.0312  -0.00461 -0.000137   -0.0132  -0.00229 -3.41e-05   -0.0314   -0.0119    -0.002   -0.0327
   -0.123 -0.000712  -0.00228    -0.001  -0.00225 -0.000692 -3.62e-16 -3.62e-16 -0.000135 -0.000365  -6.8e-16 -0.000306 -0.000945 -0.000108  -0.00063 -7.12e-05 -8.81e-05 -0.000598   -0.0013  -0.00165 -0.000266  -0.00433  -0.00459   -0.0011   -0.0255 -0.000401  -0.00136   -0.0008  -0.00074  -0.00206 -0.000608 -0.000678 -0.000806 -0.000727   -0.0131         1 -1.27e-06  -0.00011 -8.33e-05  -0.00361 -4.43e-06  -0.00044  -0.00634   -0.0162  -0.00654   -0.0489 -6.55e-05  -0.00544  -0.00392   -0.0069  -0.00285  -0.00256   0.00149  -0.00125 -0.000775  -0.00105 -0.000635 -0.000706 -0.000956 -0.000868  -0.00222  -0.00469 -0.000349  1.82e-06 -0.000966 -0.000188   -0.0146  -0.00502  -0.00137 -1.45e-05    -6e-05 -7.17e-06 -2.98e-06  -7.1e-07 -4.92e-08  -0.00235  -0.00137 -0.000145 -0.000104  -0.00496  -0.00126 -0.000879 -0.000238  -0.00222 -0.000721  -0.00176   -0.0742 -0.000222  -0.00568  -0.00805  -0.00571   -0.0044  -0.00974   0.00355  -0.00427   5.4e-05   -0.0283  -0.00531   -0.0114  -0.00139 -3.12e-05  -0.00329 -0.000601 -2.74e-05  -0.00481  -0.00425 -0.000631  -0.00457
  4.2e-05 -1.39e-07 -2.66e-08 -9.23e-09  2.81e-07 -4.93e-08  1.48e-19  1.48e-19 -1.03e-07  -3.3e-07  1.83e-19  6.59e-09  6.59e-07  3.91e-08 -1.95e-08  8.02e-09  9.18e-09  2.49e-07  5.01e-07 -2.93e-07 -2.32e-08  -1.6e-06 -8.11e-07 -2.63e-07 -5.97e-06  1.48e-07 -1.81e-07 -1.94e-07 -2.91e-07 -3.38e-08 -9.43e-08   7.6e-08 -1.56e-07 -2.16e-07 -2.39e-06 -1.27e-06         1  3.55e-08  6.29e-09 -4.99e-07 -2.48e-09 -2.96e-07 -1.57e-06 -5.02e-06 -2.09e-06 -8.49e-06  6.02e-09 -3.25e-06  -2.5e-06 -5.85e-06 -3.39e-06  1.45e-06  1.84e-06   1.5e-06 -6.15e-07 -6.03e-07  1.46e-06 -1.14e-06 -2.58e-07  6.17e-07  1.25e-06 -2.92e-06  -2.3e-07  1.89e-07 -6.49e-07 -2.33e-07  1.15e-05  9.14e-07   1.3e-06  5.05e-07 -3.41e-09 -3.16e-08 -3.56e-09 -6.72e-10 -3.93e-11 -3.58e-06 -1.39e-07 -4.74e-07 -5.18e-08 -4.13e-06 -9.75e-07 -1.04e-06 -3.35e-07 -4.53e-06 -2.79e-07 -6.51e-07 -1.11e-05  2.73e-07 -4.97e-06  6.22e-06  4.19e-06  6.03e-06 -8.99e-07  8.28e-06 -1.87e-06  6.63e-07 -1.33e-05 -3.36e-06 -6.24e-06 -1.62e-06 -9.33e-08 -2.09e-06 -4.48e-07 -2.22e-08  -2.4e-06 -1.97e-06 -1.24e-07  6.97e-07
 -0.00168  5.69e-05  0.000322 -0.000124 -0.000248 -5.49e-05  4.65e-17  4.65e-17 -6.42e-06  4.15e-06  1.07e-16 -4.21e-05 -0.000174 -1.56e-05 -7.07e-05 -1.04e-05 -1.46e-05 -9.19e-05 -0.000201 -6.38e-05 -2.16e-05  0.000114  4.84e-05  5.31e-05 -0.000309  9.23e-05  6.04e-05  1.27e-05  2.46e-07  6.11e-06  2.17e-05   2.5e-05  7.52e-05  1.46e-06 -0.000973  -0.00011  3.55e-08         1 -2.58e-05 -0.000124 -4.73e-06 -2.43e-06 -0.000137 -0.000302  0.000186  -0.00132 -6.04e-06  0.000592   0.00143    0.0021  0.000984  0.000439  0.000333  0.000588  0.000198  0.000116  0.000458  6.53e-05  0.000159  0.000585 -0.000232  4.35e-05 -0.000304 -9.77e-05 -7.89e-05 -6.43e-06 -0.000896 -0.000679 -4.57e-05 -0.000116  1.99e-05 -3.02e-06  1.13e-07  1.99e-08  4.41e-10 -0.000762 -0.000244 -5.17e-05 -3.64e-06  -0.00085 -7.44e-06  3.72e-05  9.29e-06  0.000177 -0.000247 -0.000237 -0.000163  -0.00062 -1.55e-05 -0.000438  -0.00059 -0.000284   0.00136 -0.000809  -0.00108 -0.000182  -0.00265  -0.00107  -0.00167  -0.00018  6.27e-06 -0.000523 -8.71e-05  9.04e-07  -0.00113 -0.000465  -0.00012 -0.000649
-0.000979  4.39e-05   6.9e-05 -8.92e-05 -0.000198 -5.38e-05 -2.59e-17 -2.59e-17 -3.14e-06 -2.37e-05  8.11e-18 -2.89e-05 -0.000102 -1.02e-05 -5.28e-05 -6.25e-06 -8.17e-06 -6.07e-05 -0.000129 -4.01e-05 -4.02e-06 -9.54e-06 -3.03e-05  2.38e-05 -0.000367  3.42e-05  4.63e-05  1.04e-05     4e-06 -6.83e-06  4.63e-06  1.09e-05  3.22e-05  -2.8e-07 -0.000515 -8.33e-05  6.29e-09 -2.58e-05         1 -6.89e-05 -1.31e-06 -6.64e-06 -6.99e-05  -0.00016  0.000108 -0.000863 -2.76e-06  0.000451  0.000837   0.00147  0.000643  0.000219  0.000108  0.000284  0.000167  0.000141  0.000234  0.000108  8.81e-05  0.000166 -0.000152  0.000249 -0.000122 -5.84e-05 -3.84e-05 -1.07e-05  -0.00101 -0.000591 -0.000195 -3.09e-05   6.5e-08 -1.61e-06 -2.34e-07 -2.82e-08 -1.83e-09 -5.06e-05 -0.000113 -1.23e-05 -2.99e-06 -0.000282 -3.73e-05 -1.35e-05 -7.97e-06 -9.54e-05 -6.57e-05 -3.84e-05 -0.000857 -0.000228  0.000305 -0.000233 -0.000587 -0.000496   0.00035 -0.000639 -0.000198 -4.01e-05  -0.00114  -0.00032  -0.00045 -8.81e-05 -5.31e-06 -0.000176 -3.46e-05  7.79e-07 -0.000363 -0.000151 -2.33e-05 -0.000399
  -0.0404 -0.000225  -0.00143 -0.000964  -0.00333   -0.0011  2.27e-16  2.27e-16 -3.44e-05 -0.000125  3.38e-17 -0.000366  -0.00151 -0.000175 -0.000665 -0.000112 -0.000144  -0.00101  -0.00218  -0.00101 -8.41e-05  -0.00112  -0.00155 -0.000594   -0.0195 -0.000173 -0.000893 -0.000197    -4e-05   -0.0019  6.28e-05 -0.000324  -0.00037 -0.000306   -0.0134  -0.00361 -4.99e-07 -0.000124 -6.89e-05         1 -3.47e-06  9.89e-05  -0.00555   -0.0154  -0.00384   -0.0508  2.49e-05  -0.00217  -0.00574   -0.0118  -0.00414  -0.00213  -0.00217  -0.00394 -0.000794 -0.000523  -0.00164  -0.00139  -0.00202 -0.000372  -0.00469  -0.00421  -0.00062  -0.00055 -0.000572 -3.79e-06   -0.0305  -0.00563  -0.00579 -0.000731 -7.73e-05 -8.65e-06  9.73e-07  2.75e-07  1.85e-08  -0.00398  0.000234 -0.000292  3.79e-05 -0.000752  0.000557  0.000428  0.000161   0.00135 -0.000724 -4.06e-05    -0.032  -0.00064  -0.00205  -0.00501  0.000467  -0.00298   0.00132  -0.00784   -0.0077 -0.000414   0.00738  -0.00121    0.0008 -0.000101  7.02e-05 -0.000761 -0.000138 -5.12e-06  -0.00348  0.000105 -0.000279  -0.00643
 6.56e-05  2.83e-06   2.1e-05 -6.96e-06 -1.07e-05  -2.4e-06  3.98e-18  3.98e-18 -5.54e-07  1.64e-07   7.5e-18  -2.6e-06 -6.67e-06 -6.51e-07 -3.95e-06 -5.97e-07 -8.46e-07 -3.77e-06 -8.48e-06 -2.97e-06 -1.39e-06  4.81e-06   4.4e-06  2.78e-06 -9.39e-06  5.61e-06  3.37e-06  2.37e-07 -1.18e-06  2.81e-06   6.8e-07  2.07e-06  4.57e-06 -2.66e-09  -4.9e-05 -4.43e-06 -2.48e-09 -4.73e-06 -1.31e-06 -3.47e-06         1 -1.24e-06 -6.76e-06 -1.61e-05  9.84e-06  -4.5e-05 -4.32e-07  2.09e-05  7.05e-05  9.66e-05  4.28e-05  3.06e-05  2.43e-05  3.71e-05  5.42e-06  1.49e-06  2.71e-05 -2.33e-06  8.68e-06  3.48e-05 -5.14e-06  -3.8e-06 -1.96e-05 -5.11e-06 -6.97e-06 -1.03e-06  2.19e-05 -3.43e-05  1.02e-05 -4.49e-06  1.39e-06 -2.54e-07  1.75e-09  5.68e-11 -5.25e-11 -6.29e-05 -1.69e-05 -4.47e-06 -4.26e-07 -6.73e-05 -3.68e-06 -9.04e-07 -4.06e-07   2.5e-07 -1.61e-05 -1.93e-05  9.09e-05 -3.63e-05 -2.19e-05 -2.89e-06 -6.19e-06  7.96e-06  7.87e-05 -8.96e-06 -7.86e-05 -9.41e-06 -0.000225 -8.08e-05 -0.000136 -1.56e-05  1.84e-07    -4e-05 -6.74e-06 -2.79e-08 -7.92e-05  -3.9e-05 -7.75e-06 -3.21e-05
-0.000389 -6.73e-05 -0.000273 -0.000291 -0.000211 -4.25e-05 -6.01e-17 -6.01e-17 -3.15e-05 -0.000128 -9.16e-17 -0.000113 -3.31e-05  -6.1e-06 -0.000173 -1.44e-05 -1.74e-05 -2.79e-05  -5.9e-05 -6.78e-05 -3.09e-05  -0.00091 -0.000439 -5.28e-05 -0.000916 -0.000143 -9.65e-05 -0.000111 -0.000179  1.13e-05 -0.000158 -5.11e-05 -3.72e-05 -6.46e-05 -0.000365  -0.00044 -2.96e-07 -2.43e-06 -6.64e-06  9.89e-05 -1.24e-06         1 -0.000181 -2.53e-05 -0.000367  0.000331  -2.2e-05 -0.000869 -0.000521 -0.000145 -0.000575 -0.000309  0.000117 -5.02e-05 -0.000403 -0.000458 -0.000265 -0.000137 -7.53e-06 -0.000512  0.000185  0.000145 -0.000194 -7.19e-05 -0.000242 -0.000109   0.00113  -0.00137  0.000439  8.78e-05 -2.49e-05 -7.34e-06 -1.95e-06 -3.26e-07 -2.64e-08  1.02e-05 -0.000628 -6.33e-05 -4.89e-05  -0.00175   -0.0007 -0.000549 -0.000183  -0.00191 -1.87e-06 -0.000539 -6.57e-05 -0.000252  -0.00116 -4.52e-05  -0.00299  -0.00019  -0.00249     0.001  -0.00132  1.44e-05   -0.0119  -0.00166  -0.00425 -0.000636 -6.18e-05  -0.00098 -0.000194 -6.72e-06  -0.00097  -0.00162 -4.83e-05 -0.000482
  -0.0612 -0.000612  -0.00249  -0.00134  -0.00421  -0.00155 -8.01e-17 -8.01e-17 -2.51e-05 -0.000254 -1.11e-16 -0.000528  -0.00136 -0.000202 -0.000931  -0.00016 -0.000206  -0.00113  -0.00248  -0.00176 -0.000187  -0.00291  -0.00352  -0.00126   -0.0345 -9.83e-05  -0.00141 -0.000544 -0.000379  -0.00277 -0.000134 -0.000466 -0.000836 -0.000552    -0.021  -0.00634 -1.57e-06 -0.000137 -6.99e-05  -0.00555 -6.76e-06 -0.000181         1   -0.0282  -0.00813   -0.0785 -1.56e-05  -0.00632  -0.00915   -0.0191  -0.00757  -0.00124  0.000625   -0.0028  -0.00251  -0.00222  -0.00135  -0.00273  -0.00301  -0.00133  -0.00439  -0.00832  -0.00137  -0.00109  -0.00183 -0.000154   -0.0226  -0.00757  -0.00458 -0.000183  -2.2e-05 -2.74e-05 -7.35e-07 -7.43e-08  9.89e-09   -0.0118 -0.000844 -0.000691 -8.32e-06  -0.00697  1.72e-05  6.32e-05  5.45e-05  0.000633  -0.00205  -0.00146   -0.0587 -0.000706  -0.00776    -0.016   0.00451   -0.0112   -0.0035 -0.000508   -0.0168 -8.58e-05  -0.00308  -0.00843   -0.0122   -0.0013 -6.74e-06  -0.00479 -0.000765 -3.41e-05   -0.0108  -0.00465  -0.00093  -0.00855
   -0.145   -0.0011  -0.00615  -0.00265    -0.011  -0.00453 -4.03e-16 -4.03e-16  5.94e-05 -0.000343  -3.6e-17  -0.00107   -0.0026 -0.000498  -0.00197 -0.000401 -0.000521   -0.0028  -0.00616  -0.00495 -0.000376  -0.00512  -0.00869  -0.00363   -0.0998  0.000864  -0.00317  -0.00114 -0.000548  -0.00738  0.000179 -0.000781  -0.00218  -0.00135   -0.0586   -0.0162 -5.02e-06 -0.000302  -0.00016   -0.0154 -1.61e-05 -2.53e-05   -0.0282         1   -0.0221    -0.228   2.1e-05   -0.0149   -0.0222   -0.0509   -0.0187   0.00311    0.0045  -0.00385   -0.0058  -0.00394 -0.000332  -0.00816  -0.00771  -0.00135   -0.0107   -0.0235  -0.00369  -0.00279  -0.00521   -0.0002    -0.048   -0.0173   -0.0128  0.000729   6.9e-05 -7.34e-05  2.17e-06  4.67e-07  1.16e-07   -0.0379 -0.000233   -0.0021  0.000138   -0.0167   0.00217   0.00165  0.000646   0.00642  -0.00614  -0.00237    -0.154  0.000358   -0.0186   -0.0362    0.0371   -0.0276  0.000841   0.00696   -0.0404   0.00122    0.0303    -0.021   -0.0245  -0.00237  0.000128   -0.0118  -0.00177 -8.81e-05     -0.03  -0.00863  -0.00236   -0.0217
  -0.0353   -0.0015   -0.0032  0.000699    0.0012  0.000226  4.19e-16  4.19e-16 -9.15e-05  6.26e-05 -2.11e-16  0.000325  0.000773  6.58e-05   0.00036  5.53e-05  6.94e-05   0.00045  0.000896  -0.00148 -0.000297  -0.00509  -0.00504  -0.00159    -0.028 -0.000464   -0.0024  -0.00107 -0.000789  -0.00267 -0.000398 -0.000843  -0.00152 -0.000879   -0.0104  -0.00654 -2.09e-06  0.000186  0.000108  -0.00384  9.84e-06 -0.000367  -0.00813   -0.0221         1   -0.0538 -1.21e-05   -0.0142   -0.0171   -0.0333   -0.0148  -0.00391   0.00289  -0.00245  -0.00404  -0.00453  -0.00207  -0.00302  -0.00199  -0.00117  0.000275   -0.0142    0.0011  0.000519 -0.000807 -5.04e-05   0.00539   0.00732   0.00257   0.00015  7.33e-06 -1.03e-05 -3.54e-07 -5.73e-07 -3.73e-08  -0.00599  0.000573 -0.000503 -7.24e-05   -0.0039 -0.000863 -0.000869 -0.000193  -0.00182 -0.000522  -0.00133    -0.103   0.00225   -0.0152  -0.00617  -0.00522   0.00594   -0.0108    0.0148  -0.00554  0.000528  -0.00475  -0.00355  -0.00942 -0.000753 -1.22e-05  -0.00219  -0.00032 -5.07e-05  -0.00213  -0.00327 -0.000843   0.00196
   -0.392  0.000257   -0.0304   -0.0155   -0.0505    -0.018 -5.11e-16 -5.11e-16  0.000194   0.00052 -2.87e-15  -0.00602   -0.0182  -0.00244   -0.0105  -0.00174  -0.00221   -0.0141   -0.0303   -0.0161  -0.00152    -0.019   -0.0278   -0.0107    -0.307 -0.000517   -0.0116  -0.00363  -0.00188   -0.0254 -0.000509    -0.004  -0.00514  -0.00447    -0.183   -0.0489 -8.49e-06  -0.00132 -0.000863   -0.0508  -4.5e-05  0.000331   -0.0785    -0.228   -0.0538         1 -0.000118   -0.0257   -0.0709    -0.131   -0.0455  -0.00138   -0.0228   -0.0448    -0.017  -0.00496   -0.0251   -0.0234   -0.0174   -0.0106   -0.0581   -0.0377   -0.0111  -0.00819    -0.012   -0.0002    -0.387    -0.105   -0.0761 -6.55e-05  -0.00128 -8.06e-05  1.69e-06  1.49e-06  1.83e-07   -0.0506 -0.000463  -0.00395   0.00022   -0.0109   0.00419   0.00368   0.00159    0.0178  -0.00706  -0.00135    -0.342   0.00395   -0.0132   0.00394    0.0204   -0.0105    0.0185   -0.0645   -0.0597   0.00277    0.0595   -0.0189   -0.0148 -3.52e-05  0.000686   -0.0101  -0.00119 -8.86e-05    -0.047  -0.00289   -0.0018   -0.0935
-1.76e-05  4.01e-06 -6.01e-05 -5.32e-05 -6.55e-05 -1.59e-05 -2.48e-17 -2.48e-17 -7.12e-07  1.69e-07 -3.01e-17 -2.02e-05 -2.55e-05 -2.87e-06 -3.08e-05 -3.27e-06 -3.96e-06 -1.62e-05 -3.41e-05 -2.33e-05 -8.39e-06 -0.000104 -8.86e-05 -1.34e-05 -0.000224 -1.35e-05 -1.09e-05 -1.86e-05 -2.66e-05 -3.75e-06 -2.84e-05 -1.15e-05 -1.33e-06 -9.34e-06 -6.84e-05 -6.55e-05  6.02e-09 -6.04e-06 -2.76e-06  2.49e-05 -4.32e-07  -2.2e-05 -1.56e-05   2.1e-05 -1.21e-05 -0.000118         1 -7.58e-06  0.000119  0.000387  0.000132  1.93e-05  2.52e-05  1.52e-05  -3.5e-05 -2.03e-05 -5.62e-05  7.19e-06   5.6e-05  -6.2e-05 -2.34e-06  0.000159 -4.01e-05 -1.09e-05 -3.17e-05 -8.28e-06 -0.000132 -0.000339  4.74e-05  2.79e-05 -2.42e-06  1.65e-07 -1.74e-07 -3.22e-08 -2.71e-09  9.18e-05 -0.000112  6.17e-06 -6.77e-06 -0.000173 -8.15e-05    -5e-05 -1.59e-05 -0.000105  2.87e-06 -8.44e-05  0.000123 -2.54e-05  1.37e-05  5.52e-05 -0.000452 -7.25e-05 -0.000295  9.35e-05   4.3e-05  3.57e-06  -0.00177 -0.000205 -0.000616 -4.52e-05 -4.53e-06 -0.000107 -1.71e-05 -3.77e-07 -0.000123  -0.00021 -6.11e-06 -0.000138
   0.0507  -0.00324   -0.0044   0.00145   0.00506   0.00146  1.86e-15  1.86e-15 -0.000227  0.000224 -9.88e-17  0.000372   0.00264  0.000256  0.000799    0.0001  0.000131   0.00162   0.00336 -0.000341 -0.000357  -0.00726  -0.00414   -0.0022   -0.0155  -0.00232  -0.00429  -0.00175  -0.00169  -0.00222  -0.00118  -0.00136  -0.00222  -0.00106   0.00108  -0.00544 -3.25e-06  0.000592  0.000451  -0.00217  2.09e-05 -0.000869  -0.00632   -0.0149   -0.0142   -0.0257 -7.58e-06         1    -0.046    -0.083   -0.0379   -0.0146   -0.0028   -0.0147    -0.011   -0.0111   -0.0116  -0.00786  -0.00611  -0.00699   0.00321   -0.0217   0.00282   0.00189 -0.000642 -0.000189    0.0283    0.0165   0.00881  0.000202 -3.89e-05   3.5e-06  2.39e-06 -3.26e-07 -6.41e-08  -0.00873  0.000597 -0.000549 -0.000165  -0.00525  -0.00224  -0.00234  -0.00056  -0.00515  0.000488  -0.00398   -0.0372   0.00501   -0.0317  -2.1e-05   0.00682    0.0225   -0.0263    0.0319   -0.0154  0.000208   -0.0353  -0.00454   -0.0183   -0.0014  4.42e-05  -0.00268 -0.000418 -9.87e-05  0.000212  -0.00677 -0.000738   0.00843
    0.122  -0.00387   -0.0124 -0.000151  0.000292 -0.000227  3.62e-15  3.62e-15 -5.83e-05  0.000896 -4.61e-16 -0.000631  0.000843  5.77e-06 -0.000454 -0.000136 -0.000155  0.000203  0.000394  0.000703 -0.000145   -0.0083  -0.00179  -0.00316   -0.0215  -0.00523  -0.00718  -0.00184  -0.00158  -0.00471  -0.00119  -0.00216  -0.00303 -0.000927 -0.000836  -0.00392  -2.5e-06   0.00143  0.000837  -0.00574  7.05e-05 -0.000521  -0.00915   -0.0222   -0.0171   -0.0709  0.000119    -0.046         1     -0.16   -0.0721   -0.0298   -0.0252   -0.0448   -0.0216    -0.018   -0.0331   -0.0157   -0.0138   -0.0201   -0.0067   -0.0258   0.00479   0.00125 -0.000166 -5.82e-05   -0.0512   0.00737  -0.00631 -0.000725 -0.000699  3.76e-05  5.92e-06  1.04e-06 -3.25e-08  -0.00192   0.00401 -0.000529 -6.99e-05    0.0102   -0.0014  -0.00232 -0.000479   -0.0047   0.00444   -0.0011    0.0796    0.0114    -0.035    0.0226   0.00302    0.0437   -0.0326   0.00823   -0.0239   0.00023    0.0111    0.0128   0.00925   0.00213   0.00013   0.00699   0.00128 -9.62e-05    0.0142   0.00142   0.00144  0.000971
    0.224   -0.0075    -0.015   0.00298   0.00585   0.00105  7.82e-15  7.82e-15 -0.000146   0.00178   1.7e-15  0.000206   0.00361  0.000247   0.00119 -2.86e-05 -3.23e-05   0.00174    0.0035   0.00125  -0.00022  -0.00976 -0.000743   -0.0052    -0.037  -0.00713    -0.012  -0.00279    -0.002  -0.00803 -0.000787   -0.0031  -0.00531  -0.00152  -0.00589   -0.0069 -5.85e-06    0.0021   0.00147   -0.0118  9.66e-05 -0.000145   -0.0191   -0.0509   -0.0333    -0.131  0.000387    -0.083     -0.16         1    -0.127    -0.047   -0.0334   -0.0673   -0.0356   -0.0317   -0.0474   -0.0281   -0.0252   -0.0252  -0.00755   -0.0611    0.0081   0.00267  -0.00021  0.000266   -0.0386    0.0357  -0.00337   -0.0025 -0.000603  2.77e-05  2.24e-05  3.37e-06  9.45e-08   -0.0253    0.0099  -0.00197  0.000143    0.0111   0.00131  -0.00136  6.37e-05 -6.77e-05   0.00359  -0.00224    0.0765    0.0167    -0.074    0.0201    0.0373    0.0744    -0.037    0.0301   -0.0575 -0.000707    0.0705    0.0139    0.0141    0.0033  0.000545   0.00797   0.00162 -0.000187    0.0138   0.00317   0.00052   0.00991
    0.105  -0.00325  -0.00717  0.000623   0.00245  0.000521  3.53e-15  3.53e-15 -0.000137  0.000401  8.33e-16 -0.000174   0.00164  0.000114  0.000106 -2.98e-05 -3.51e-05   0.00082   0.00167   0.00082 -0.000114  -0.00666 -0.000525  -0.00205   -0.0127  -0.00348  -0.00532  -0.00133  -0.00119  -0.00312 -0.000546  -0.00133  -0.00226 -0.000685 -0.000932  -0.00285 -3.39e-06  0.000984  0.000643  -0.00414  4.28e-05 -0.000575  -0.00757   -0.0187   -0.0148   -0.0455  0.000132   -0.0379   -0.0721    -0.127         1   -0.0208    -0.015   -0.0292   -0.0171   -0.0157   -0.0214   -0.0127   -0.0107   -0.0123   -0.0025   -0.0262   0.00306   0.00071 -0.000588 -0.000242   -0.0134     0.013  -0.00052  -0.00108 -0.000384 -2.43e-05   2.2e-06  3.03e-07 -5.72e-08  -0.00924   0.00296  -0.00123 -8.65e-05  0.000729  -0.00174  -0.00255 -0.000656  -0.00776   0.00206  -0.00175    0.0434   0.00636   -0.0353    0.0136 -0.000961    0.0363   -0.0204    0.0123   -0.0285 -0.000307   0.00377   0.00313  -0.00308 -0.000478 -3.64e-05   0.00168  0.000287 -9.61e-05   0.00551  -0.00229  0.000321   0.00411
   0.0206   -0.0024  -0.00347 -0.000887 -0.000534  0.000302  6.34e-16  6.34e-16 -0.000154 -0.000505 -1.01e-15 -0.000512  -0.00149 -8.77e-05 -0.000589 -8.27e-05 -9.29e-05 -0.000474 -0.000959  0.000561 -3.55e-05  -0.00373  -0.00104 -0.000653   0.00282  -0.00329  -0.00264 -0.000724  -0.00068   -0.0018 -0.000995  -0.00136  -0.00117 -0.000301    0.0013  -0.00256  1.45e-06  0.000439  0.000219  -0.00213  3.06e-05 -0.000309  -0.00124   0.00311  -0.00391  -0.00138  1.93e-05   -0.0146   -0.0298    -0.047   -0.0208         1    -0.012   -0.0202  -0.00525  -0.00612    -0.014  -0.00185  -0.00716   -0.0106  -0.00456  -0.00538   0.00229  0.000325  0.000895 -6.85e-05   -0.0364 -0.000552  -0.00304  -0.00241  -0.00029  4.82e-05  2.37e-06  5.89e-07 -2.65e-08    0.0055 -0.000647  0.000804 -6.82e-05    0.0034 -0.000883 -0.000645 -0.000138 -0.000755   0.00122   -0.0016   0.00744  0.000659  -0.00953   -0.0298    -0.011   -0.0149   -0.0293   -0.0122   -0.0186  -0.00239   -0.0217   0.00337   0.00179  0.000627  3.75e-05   0.00114    0.0001 -2.43e-05   0.00398  -0.00267  8.08e-05  -0.00211
  0.00613  0.000246  -0.00565  -0.00295   -0.0067  -0.00192  8.17e-16  8.17e-16     6e-05  0.000214 -7.77e-16  -0.00138  -0.00333 -0.000358  -0.00195 -0.000287  -0.00035  -0.00209  -0.00436  0.000708  0.000121 -0.000909   0.00192 -0.000156   0.00108  -0.00246  -0.00151   7.5e-05   1.3e-05  -0.00139 -0.000333 -0.000635   6.8e-05  0.000183  -0.00187   0.00149  1.84e-06  0.000333  0.000108  -0.00217  2.43e-05  0.000117  0.000625    0.0045   0.00289   -0.0228  2.52e-05   -0.0028   -0.0252   -0.0334    -0.015    -0.012         1   -0.0231  -0.00532  -0.00247   -0.0163  -0.00344  -0.00419  -0.00981   -0.0104   0.00658  0.000413 -0.000797  0.000638 -2.22e-05   -0.0874   -0.0187   -0.0154  -0.00125 -0.000634  3.58e-05 -6.33e-07  7.09e-07 -2.04e-08    0.0135  0.000573  0.000498 -8.59e-06    0.0124 -0.000381 -0.000449 -0.000127  -0.00128   0.00362   0.00177     0.113   0.00229   0.00686     0.021    -0.016    0.0125  -0.00463   -0.0323  -0.00158 -0.000784   0.00456    0.0137    0.0201   0.00226  2.85e-05   0.00762   0.00123  3.07e-05    0.0115   0.00578   0.00202   -0.0115
   0.0351  -0.00116  -0.00823  -0.00283  -0.00627  -0.00185  1.13e-15  1.13e-15  2.78e-05  0.000363 -1.38e-15  -0.00145  -0.00305 -0.000343  -0.00192 -0.000312 -0.000376  -0.00197  -0.00412  0.000367 -7.61e-07   -0.0031 -1.77e-06   -0.0013  -0.00926  -0.00373  -0.00337 -0.000626 -0.000598  -0.00279 -0.000949  -0.00138 -0.000934  -0.00022  -0.00399  -0.00125   1.5e-06  0.000588  0.000284  -0.00394  3.71e-05 -5.02e-05   -0.0028  -0.00385  -0.00245   -0.0448  1.52e-05   -0.0147   -0.0448   -0.0673   -0.0292   -0.0202   -0.0231         1  -0.00946  -0.00621   -0.0232  -0.00632   -0.0078   -0.0147   -0.0112 -7.48e-05   0.00165 -0.000172  0.000443  3.61e-05   -0.0907   -0.0162   -0.0145  -0.00124 -0.000674  6.68e-05  3.48e-06  1.22e-06  2.35e-09    0.0103  0.000727  0.000699 -1.73e-05    0.0127 -0.000308 -0.000416 -1.26e-05  0.000925   0.00367  0.000301     0.105   0.00485  -0.00255    0.0114  -0.00538    0.0111   -0.0187   -0.0239  -0.00918 -0.000903  -0.00246    0.0132    0.0165   0.00282  0.000163   0.00722   0.00124 -1.07e-06    0.0111   0.00385   0.00181   -0.0112
   0.0167 -0.000696  -0.00317 -0.000783  -0.00081 -0.000296   9.2e-16   9.2e-16  1.95e-05  0.000307  1.05e-16 -0.000467 -8.44e-05 -3.99e-05 -0.000565 -8.87e-05 -0.000111 -0.000175 -0.000391  0.000156 -0.000122  -0.00276 -0.000451 -0.000659  -0.00558  -0.00119  -0.00167   -0.0005 -0.000565 -0.000952 -0.000367  -0.00044 -0.000553 -0.000166  -0.00167 -0.000775 -6.15e-07  0.000198  0.000167 -0.000794  5.42e-06 -0.000403  -0.00251   -0.0058  -0.00404    -0.017  -3.5e-05    -0.011   -0.0216   -0.0356   -0.0171  -0.00525  -0.00532  -0.00946         1  -0.00572  -0.00826  -0.00443  -0.00261  -0.00494  -0.00154  -0.00553 -0.000109 -0.000469 -0.000805 -0.000173   -0.0104  -0.00242 -0.000597 -3.19e-05 -0.000164 -1.14e-05 -1.53e-06 -1.85e-07 -4.61e-08   -0.0029 -0.000676 -0.000453 -0.000108  -0.00216  -0.00148  -0.00131 -0.000386  -0.00325  0.000581   -0.0015    0.0362   0.00122   -0.0101   0.00598  -0.00906    0.0104  -0.00674    0.0011   -0.0112 -0.000209   -0.0162  -0.00216  -0.00974 -0.000583 -9.83e-05 -0.000876 -8.43e-05 -3.07e-05  -0.00084  -0.00363  5.88e-05  -0.00199
  0.00557  -0.00108   -0.0015 -0.000274  0.000756  0.000339  1.02e-15  1.02e-15 -4.24e-05  2.63e-05  4.79e-16 -0.000219  0.000175  2.14e-05 -0.000219 -2.74e-05 -3.77e-05  0.000186  0.000368  0.000309 -0.000128  -0.00285 -0.000354 -0.000339  -0.00106  -0.00108  -0.00149 -0.000469 -0.000521 -0.000723 -0.000265 -0.000412 -0.000573 -0.000152   -0.0009  -0.00105 -6.03e-07  0.000116  0.000141 -0.000523  1.49e-06 -0.000458  -0.00222  -0.00394  -0.00453  -0.00496 -2.03e-05   -0.0111    -0.018   -0.0317   -0.0157  -0.00612  -0.00247  -0.00621  -0.00572         1  -0.00566   -0.0033  -0.00271  -0.00344 -0.000109  -0.00811 -0.000104 -0.000527 -0.000668  -0.00022   0.00267    0.0024   0.00231 -0.000775  -5.3e-05 -2.51e-05 -1.95e-06  -3.4e-07 -5.79e-08  -0.00509  -0.00105 -0.000556 -0.000122  -0.00543  -0.00165  -0.00141 -0.000444  -0.00415 -0.000291  -0.00206   0.00839 -0.000755    -0.013  -0.00717    -0.014   0.00302  -0.00824   0.00172   -0.0169  -0.00101   -0.0202  -0.00553   -0.0144  -0.00141 -0.000152  -0.00288  -0.00047 -3.72e-05  -0.00349  -0.00572 -0.000541  0.000246
   0.0258  -0.00079  -0.00701  -0.00221  -0.00417  -0.00118  6.52e-16  6.52e-16  7.44e-05  0.000522 -1.26e-15  -0.00112  -0.00199 -0.000225  -0.00147 -0.000224 -0.000268  -0.00128  -0.00266  0.000304 -8.96e-05   -0.0033 -0.000683  -0.00104  -0.00547  -0.00286  -0.00262  -0.00065 -0.000683  -0.00188 -0.000934  -0.00111 -0.000744 -0.000179  -0.00017 -0.000635  1.46e-06  0.000458  0.000234  -0.00164  2.71e-05 -0.000265  -0.00135 -0.000332  -0.00207   -0.0251 -5.62e-05   -0.0116   -0.0331   -0.0474   -0.0214    -0.014   -0.0163   -0.0232  -0.00826  -0.00566         1  -0.00478  -0.00457   -0.0117  -0.00706   0.00117    0.0011 -0.000253  0.000119 -9.97e-06   -0.0609   -0.0128  -0.00854 -0.000404 -0.000513  5.37e-05  7.39e-07  5.04e-07 -3.26e-08   0.00957 -0.000415  0.000574 -9.58e-05   0.00844   -0.0012 -0.000927 -0.000212 -0.000407    0.0031 -0.000413    0.0826   0.00397  -0.00232    0.0113   -0.0137    0.0105   -0.0167   -0.0148  -0.00437 -0.000456   -0.0151   0.00865   0.00589     0.002  3.64e-05   0.00495   0.00092 -4.83e-06   0.00864  0.000838   0.00134  -0.00745
    0.033 -0.000335  -0.00167 -0.000402 -0.000868 -0.000441  9.32e-16  9.32e-16 -3.58e-06  0.000295  3.95e-16 -0.000283  8.63e-05 -3.48e-05 -0.000327 -7.12e-05 -9.21e-05 -0.000165 -0.000392 -8.81e-05 -7.66e-05  -0.00109  6.11e-05 -0.000588  -0.00773 -0.000452  -0.00113 -0.000289 -0.000319 -0.000747 -8.31e-05 -0.000158  -0.00031 -0.000157  -0.00371 -0.000706 -1.14e-06  6.53e-05  0.000108  -0.00139 -2.33e-06 -0.000137  -0.00273  -0.00816  -0.00302   -0.0234  7.19e-06  -0.00786   -0.0157   -0.0281   -0.0127  -0.00185  -0.00344  -0.00632  -0.00443   -0.0033  -0.00478         1  -0.00202  -0.00189  -0.00144  -0.00529  -0.00032 -0.000114 -0.000712 -7.62e-05  -0.00704  -0.00117  -0.00126  0.000173  -7.2e-05 -1.38e-05  9.04e-07  1.77e-07 -1.81e-09  -0.00532  0.000272 -0.000538    -2e-05  -0.00151 -0.000326 -0.000496 -0.000112  -0.00108  6.37e-05 -0.000892    0.0307   0.00115  -0.00783    0.0113   0.00505    0.0133   0.00106   0.00359  -0.00738  0.000168  -0.00353  -0.00158  -0.00471 -0.000393  2.94e-05 -0.000556 -5.01e-05 -2.22e-05  -0.00163  -0.00113  3.51e-05  -0.00182
   0.0141 -0.000957 -0.000549 -0.000644  -0.00159  -0.00057  2.13e-16  2.13e-16 -2.27e-05 -0.000476  1.31e-17 -0.000406 -0.000577 -8.97e-05 -0.000476 -0.000108 -0.000136 -0.000498  -0.00107  0.000238  0.000119    -4e-05  0.000803 -0.000309  -0.00436 -0.000986  -0.00067 -5.46e-06 -1.28e-05 -0.000772 -8.67e-05  -0.00021 -0.000396  7.03e-05   -0.0054 -0.000956 -2.58e-07  0.000159  8.81e-05  -0.00202  8.68e-06 -7.53e-06  -0.00301  -0.00771  -0.00199   -0.0174   5.6e-05  -0.00611   -0.0138   -0.0252   -0.0107  -0.00716  -0.00419   -0.0078  -0.00261  -0.00271  -0.00457  -0.00202         1  -0.00466   -0.0024  -0.00425 -0.000122  -0.00069 -0.000608 -0.000116  -0.00963  -0.00241  -0.00261 -0.000859 -3.35e-05 -6.24e-06  1.89e-06  6.55e-07  4.18e-08  -0.00831 -0.000264 -0.000153  5.45e-05  -0.00296  0.000613  0.000397  0.000138   0.00104  -0.00119 -0.000896    0.0236 -0.000532  -0.00596   -0.0242    0.0143    -0.018  -0.00898  -0.00407   -0.0208  -0.00094   0.00423  -0.00409  -0.00333 -0.000511  1.14e-05  -0.00263 -0.000466 -2.34e-05  -0.00631  -0.00295 -0.000342  -0.00379
   0.0146 -0.000781  -0.00542  -0.00213  -0.00374  -0.00121 -9.66e-16 -9.66e-16  5.91e-05 -0.000488 -1.83e-15  -0.00104  -0.00111 -0.000168  -0.00139 -0.000201 -0.000236  -0.00095  -0.00195  0.000293  0.000112  -0.00323  -0.00115 -0.000791  -0.00552  -0.00233  -0.00117 -0.000382 -0.000553 -0.000906 -0.000989 -0.000692 -0.000684 -3.58e-06 -0.000332 -0.000868  6.17e-07  0.000585  0.000166 -0.000372  3.48e-05 -0.000512  -0.00133  -0.00135  -0.00117   -0.0106  -6.2e-05  -0.00699   -0.0201   -0.0252   -0.0123   -0.0106  -0.00981   -0.0147  -0.00494  -0.00344   -0.0117  -0.00189  -0.00466         1  -0.00335   0.00455  0.000663 -0.000818 -0.000735 -0.000299   -0.0292   -0.0136  -0.00524  0.000487 -0.000389  2.74e-05 -4.93e-06 -2.94e-07 -4.16e-08   0.00441  -0.00181  0.000597 -0.000105   0.00156  -0.00161   -0.0012 -0.000379  -0.00318   0.00146 -0.000679    0.0579   0.00305  0.000356   -0.0163  -0.00132   -0.0195   -0.0259   -0.0073   -0.0104  0.000256   -0.0222   0.00133  -0.00268  0.000165 -0.000194  6.39e-05 -3.97e-06 -2.13e-05  0.000958   -0.0038  0.000893  -0.00656
   0.0745   0.00058  -0.00314  -0.00313  -0.00814  -0.00241  2.66e-16  2.66e-16  3.99e-05  -4.2e-05 -2.14e-16  -0.00128  -0.00406 -0.000435  -0.00203 -0.000301  -0.00038  -0.00255  -0.00539 -0.000735 -3.69e-05 -0.000614 -9.92e-05 -0.000164   -0.0168 -0.000879 -0.000786  0.000115  0.000179  -0.00218  5.91e-05 -0.000393  0.000187 -2.05e-05   -0.0163  -0.00222  1.25e-06 -0.000232 -0.000152  -0.00469 -5.14e-06  0.000185  -0.00439   -0.0107  0.000275   -0.0581 -2.34e-06   0.00321   -0.0067  -0.00755   -0.0025  -0.00456   -0.0104   -0.0112  -0.00154 -0.000109  -0.00706  -0.00144   -0.0024  -0.00335         1   0.00345  -0.00173  -0.00172 -0.000474 -4.25e-05   -0.0795   -0.0203   -0.0145  -0.00157 -0.000354  1.35e-07 -8.85e-07  5.02e-07  1.93e-09   0.00309 -0.000719 -5.51e-05  1.44e-05   0.00344  0.000246  0.000387  0.000105    0.0012  0.000454  0.000699     0.029  -0.00197   0.00671   0.00211   -0.0157  -0.00353   0.00452   -0.0315  -0.00906   -0.0013   0.00358    0.0029   0.00681  0.000655   2.7e-05   0.00174   0.00027  2.68e-05 -0.000882   0.00175  0.000524   -0.0153
    0.128  -0.00258   0.00164   0.00352   0.00701   0.00206  2.71e-15  2.71e-15 -0.000158  0.000384  2.27e-15   0.00137   0.00267  0.000309   0.00206   0.00025  0.000295   0.00189   0.00386  -0.00047 -0.000253  -0.00193  -0.00153  -0.00104   -0.0146  0.000201  -0.00273 -0.000779 -0.000273  -0.00227   0.00062 -0.000484   -0.0016 -0.000685  -0.00712  -0.00469 -2.92e-06  4.35e-05  0.000249  -0.00421  -3.8e-06  0.000145  -0.00832   -0.0235   -0.0142   -0.0377  0.000159   -0.0217   -0.0258   -0.0611   -0.0262  -0.00538   0.00658 -7.48e-05  -0.00553  -0.00811   0.00117  -0.00529  -0.00425   0.00455   0.00345         1   0.00165   0.00102  -0.00013  0.000205    0.0422    0.0297   0.00934  -0.00178  0.000392 -4.38e-05  9.09e-06  7.01e-07  4.62e-08   -0.0203    0.0033  -0.00144  9.09e-05   -0.0073   0.00135  0.000458  0.000259   0.00179  -0.00268  -0.00169    -0.119 -0.000269   -0.0306   -0.0154   0.00698    0.0156   0.00268     0.023   -0.0224  -0.00122     0.033  -0.00728  -0.00924  -0.00101  0.000183  -0.00377 -0.000548 -7.01e-05   -0.0062  -0.00245  -0.00215    0.0111
-0.000584  0.000411  0.000779  -0.00139  -0.00274 -0.000837 -4.09e-17 -4.09e-17 -8.43e-06 -0.000249  3.83e-16 -0.000568  -0.00109 -0.000136 -0.000863 -0.000125 -0.000163 -0.000787  -0.00169 -0.000209 -3.41e-05  2.76e-05  0.000501  0.000253  -0.00359   0.00025  0.000447  0.000142 -2.74e-05  8.44e-05  4.98e-05  0.000225  0.000415  0.000113  -0.00669 -0.000349  -2.3e-07 -0.000304 -0.000122  -0.00062 -1.96e-05 -0.000194  -0.00137  -0.00369    0.0011   -0.0111 -4.01e-05   0.00282   0.00479    0.0081   0.00306   0.00229  0.000413   0.00165 -0.000109 -0.000104    0.0011  -0.00032 -0.000122  0.000663  -0.00173   0.00165         1  -0.00118  -0.00107 -0.000227  -0.00752  -0.00849  -0.00178 -0.000277  1.77e-05 -3.29e-05 -2.92e-06 -2.38e-07 -1.81e-08   -0.0057  -0.00197 -0.000452 -5.18e-05  -0.00656 -0.000678 -0.000371 -0.000167  -0.00165  -0.00136  -0.00136    0.0218  -0.00315  7.26e-05  -0.00548  -0.00274  -0.00752    0.0039  -0.00614   -0.0112 -0.000666    -0.019  -0.00768   -0.0125  -0.00169 -0.000105  -0.00405 -0.000707 -3.98e-06  -0.00831  -0.00441  -0.00046  -0.00593
 -0.00394  0.000213 -1.22e-05  -0.00096  -0.00206 -0.000627 -1.09e-16 -1.09e-16  3.25e-05 -0.000212  1.75e-16 -0.000403 -0.000885 -0.000106 -0.000615 -8.94e-05 -0.000116 -0.000613   -0.0013  1.99e-05  3.35e-05  5.49e-05  0.000541  0.000216  -0.00197 -2.48e-05   0.00026  0.000178  0.000117 -0.000128  0.000115  0.000116  0.000196  0.000158  -0.00446  1.82e-06  1.89e-07 -9.77e-05 -5.84e-05  -0.00055 -5.11e-06 -7.19e-05  -0.00109  -0.00279  0.000519  -0.00819 -1.09e-05   0.00189   0.00125   0.00267   0.00071  0.000325 -0.000797 -0.000172 -0.000469 -0.000527 -0.000253 -0.000114  -0.00069 -0.000818  -0.00172   0.00102  -0.00118         1 -0.000639  -0.00014  -0.00975   -0.0059  -0.00228 -0.000391  -3.2e-05  -2.1e-05 -2.33e-06 -1.18e-07 -9.89e-09  -0.00305  -0.00108 -0.000257 -2.05e-05  -0.00324 -0.000311 -0.000146 -9.47e-05  -0.00103 -0.000743 -0.000362     0.014  -0.00189  0.000769  -0.00858  -0.00522  -0.00943  0.000891  -0.00785  -0.00928 -0.000544  -0.00381  -0.00385  -0.00554 -0.000795 -0.000111   -0.0021 -0.000363 -7.16e-07  -0.00471   -0.0025 -0.000203  -0.00429
  0.00496  2.21e-05 -0.000242 -0.000817  -0.00153 -0.000548  -1.9e-16  -1.9e-16 -1.27e-05 -0.000239  7.49e-19 -0.000348 -0.000325 -6.43e-05 -0.000519 -7.58e-05 -9.71e-05  -0.00036  -0.00078 -0.000276 -2.74e-05 -0.000838 -0.000437 -0.000142   -0.0061  7.69e-06  2.02e-05 -7.11e-05 -0.000181 -0.000155 -0.000122  4.86e-05  7.35e-06  -3.5e-05  -0.00472 -0.000966 -6.49e-07 -7.89e-05 -3.84e-05 -0.000572 -6.97e-06 -0.000242  -0.00183  -0.00521 -0.000807    -0.012 -3.17e-05 -0.000642 -0.000166  -0.00021 -0.000588  0.000895  0.000638  0.000443 -0.000805 -0.000668  0.000119 -0.000712 -0.000608 -0.000735 -0.000474  -0.00013  -0.00107 -0.000639         1 -0.000197   0.00017  -0.00489 -0.000413  0.000218 -1.76e-06 -2.15e-05 -2.66e-06 -3.28e-07 -1.83e-08  -0.00465  -0.00129  -0.00031 -4.88e-05  -0.00496 -0.000695 -0.000502 -0.000179  -0.00186 -0.000857  -0.00109    0.0069  -0.00103  -0.00193  -0.00521   0.00151  -0.00602  -0.00167  0.000662  -0.00773  -1.2e-05   -0.0149  -0.00559  -0.00982  -0.00129 -9.42e-05  -0.00312  -0.00054 -1.41e-05  -0.00573  -0.00368 -0.000299  -0.00324
 0.000978 -2.34e-06 -6.46e-05 -0.000252 -0.000322 -9.18e-05 -3.52e-17 -3.52e-17 -2.11e-05  -0.00013 -8.46e-18   -0.0001 -8.48e-05 -1.28e-05 -0.000155 -1.61e-05 -2.03e-05 -7.03e-05 -0.000149 -1.44e-05 -2.15e-06 -0.000462 -0.000101  1.67e-05 -0.000459 -6.65e-05  1.38e-05 -2.29e-05 -7.29e-05  3.46e-05 -5.87e-05  7.65e-06  1.71e-05  -1.3e-05 -0.000624 -0.000188 -2.33e-07 -6.43e-06 -1.07e-05 -3.79e-06 -1.03e-06 -0.000109 -0.000154   -0.0002 -5.04e-05   -0.0002 -8.28e-06 -0.000189 -5.82e-05  0.000266 -0.000242 -6.85e-05 -2.22e-05  3.61e-05 -0.000173  -0.00022 -9.97e-06 -7.62e-05 -0.000116 -0.000299 -4.25e-05  0.000205 -0.000227  -0.00014 -0.000197         1 -5.11e-05   -0.0013 -6.92e-05  4.85e-06 -1.92e-05 -8.19e-06  -1.5e-06 -2.12e-07 -1.63e-08 -0.000375 -0.000404 -8.05e-05 -2.69e-05  -0.00134 -0.000421 -0.000345 -0.000122  -0.00141 -7.48e-05 -0.000281   0.00209 -0.000349 -0.000536 -0.000571  -0.00163 -0.000923  -0.00109 -0.000245  -0.00172 -2.29e-05   -0.0067  -0.00127   -0.0026 -0.000502 -4.99e-05 -0.000763 -0.000157 -3.89e-06    -0.001  -0.00105 -2.86e-05 -0.000657
    0.582   0.00561   -0.0317    -0.023   -0.0587   -0.0169  1.16e-15  1.16e-15  0.000317  0.000662 -4.47e-15   -0.0091   -0.0301  -0.00312   -0.0148  -0.00204  -0.00254   -0.0183   -0.0386   -0.0053 -0.000407   -0.0102  -0.00496  -0.00145    -0.111  -0.00803  -0.00693  0.000183  0.000782   -0.0162 -0.000581  -0.00392    0.0011 -0.000677   -0.0969   -0.0146  1.15e-05 -0.000896  -0.00101   -0.0305  2.19e-05   0.00113   -0.0226    -0.048   0.00539    -0.387 -0.000132    0.0283   -0.0512   -0.0386   -0.0134   -0.0364   -0.0874   -0.0907   -0.0104   0.00267   -0.0609  -0.00704  -0.00963   -0.0292   -0.0795    0.0422  -0.00752  -0.00975   0.00017 -5.11e-05         1    -0.153    -0.112  -0.00982  -0.00342  0.000104 -1.67e-05  1.59e-06 -1.97e-07    0.0743  -0.00242   0.00161 -0.000131    0.0544  -0.00168 -0.000112 -0.000142 -0.000251    0.0134     0.011      0.19  -0.00433    0.0708    0.0952    -0.181    0.0318    0.0231    -0.243   0.00404  -0.00628    0.0188     0.058    0.0939   0.00982  6.37e-05    0.0327   0.00522  0.000273     0.037    0.0295   0.00781    -0.105
   0.0774   0.00279   -0.0084   -0.0117   -0.0246  -0.00757 -2.76e-15 -2.76e-15  4.02e-05   -0.0016 -2.66e-15  -0.00475  -0.00968  -0.00118   -0.0073 -0.000996  -0.00124  -0.00687   -0.0145  -0.00214 -9.18e-05  -0.00582  -0.00248  -0.00029   -0.0414  -0.00203  0.000581  6.06e-05 -0.000879  -0.00218  -0.00151 -0.000294    0.0014  0.000104    -0.038  -0.00502  9.14e-07 -0.000679 -0.000591  -0.00563 -3.43e-05  -0.00137  -0.00757   -0.0173   0.00732    -0.105 -0.000339    0.0165   0.00737    0.0357     0.013 -0.000552   -0.0187   -0.0162  -0.00242    0.0024   -0.0128  -0.00117  -0.00241   -0.0136   -0.0203    0.0297  -0.00849   -0.0059  -0.00489   -0.0013    -0.153         1   -0.0297  0.000339 -0.000958 -6.02e-05 -2.46e-05 -2.08e-06 -1.89e-07   0.00465   -0.0107 -0.000187 -0.000403   -0.0125  -0.00566  -0.00347   -0.0013   -0.0124 -0.000151  -0.00355     0.164   -0.0069     0.024   -0.0019    -0.033   -0.0396    -0.011   -0.0595   -0.0268 -0.000829    -0.119   -0.0155   -0.0328  -0.00487 -0.000634  -0.00882  -0.00173  2.24e-05   -0.0203   -0.0143   0.00133    -0.046
   0.0716   0.00153  -0.00502  -0.00419   -0.0117  -0.00371 -1.81e-16 -1.81e-16  0.000111 -0.000223 -6.48e-16   -0.0017  -0.00518 -0.000592  -0.00274 -0.000403 -0.000503  -0.00349  -0.00735 -0.000758  0.000169  0.000127  0.000673 -6.08e-05   -0.0216 -0.000887 -0.000296  0.000543  0.000637   -0.0025  0.000339  -0.00019  0.000475  0.000166   -0.0198  -0.00137   1.3e-06 -4.57e-05 -0.000195  -0.00579  1.02e-05  0.000439  -0.00458   -0.0128   0.00257   -0.0761  4.74e-05   0.00881  -0.00631  -0.00337  -0.00052  -0.00304   -0.0154   -0.0145 -0.000597   0.00231  -0.00854  -0.00126  -0.00261  -0.00524   -0.0145   0.00934  -0.00178  -0.00228 -0.000413 -6.92e-05    -0.112   -0.0297         1  -0.00124 -0.000612 -2.26e-06 -3.86e-06  4.55e-07  7.39e-09   0.00885  0.000486  3.16e-05   8.1e-05   0.00972  0.000759   0.00058  0.000127  0.000115   0.00185   0.00337    0.0558 -0.000281    0.0164    0.0148   -0.0155   -0.0021   0.00898   -0.0448  -0.00199 -0.000327    0.0273    0.0105    0.0229   0.00163 -2.48e-05   0.00563  0.000854   5.2e-05   0.00425   0.00703   0.00169   -0.0204
   0.0175 -0.000185  0.000797 -0.000174 -0.000339  6.43e-05  4.58e-16  4.58e-16 -3.08e-05 -0.000105  4.62e-16 -6.44e-05 -0.000722 -4.43e-05 -0.000112 -1.47e-05 -2.28e-05 -0.000259 -0.000553  0.000189  1.31e-06  0.000307  0.000766  0.000323   0.00296 -0.000183 -0.000105  0.000117  0.000156 -0.000232   0.00019 -4.79e-05  8.85e-05  7.49e-05   -0.0018 -1.45e-05  5.05e-07 -0.000116 -3.09e-05 -0.000731 -4.49e-06  8.78e-05 -0.000183  0.000729   0.00015 -6.55e-05  2.79e-05  0.000202 -0.000725   -0.0025  -0.00108  -0.00241  -0.00125  -0.00124 -3.19e-05 -0.000775 -0.000404  0.000173 -0.000859  0.000487  -0.00157  -0.00178 -0.000277 -0.000391  0.000218  4.85e-06  -0.00982  0.000339  -0.00124         1  4.73e-06 -8.53e-06  7.27e-07  2.21e-07  4.25e-10 -0.000811 -8.71e-05 -0.000111  1.11e-05 -0.000661  0.000172  0.000174  3.48e-05  0.000162 -0.000416 -0.000105  -0.00395  -0.00204  -0.00123  -0.00743  -0.00774   -0.0033   0.00179  -0.00829  -0.00701  -0.00115    0.0026 -0.000799  0.000102 -0.000194 -2.67e-06 -0.000407   -0.0001  4.45e-06  -0.00121 -0.000355 -0.000284  -0.00126
 -0.00324  3.13e-05 -0.000331 -0.000149 -0.000301 -8.78e-05 -1.06e-17 -1.06e-17 -2.06e-06 -1.68e-05 -6.82e-17 -5.93e-05 -0.000124 -1.39e-05 -9.54e-05 -1.03e-05 -1.22e-05  -8.1e-05 -0.000167 -1.07e-05  8.05e-07 -0.000246 -8.58e-05 -1.83e-05 -0.000463 -9.03e-05  -5.8e-05 -1.43e-05 -2.16e-05 -6.82e-05 -3.12e-05 -2.98e-05 -7.39e-06 -1.16e-05 -0.000173    -6e-05 -3.41e-09  1.99e-05   6.5e-08 -7.73e-05  1.39e-06 -2.49e-05  -2.2e-05   6.9e-05  7.33e-06  -0.00128 -2.42e-06 -3.89e-05 -0.000699 -0.000603 -0.000384  -0.00029 -0.000634 -0.000674 -0.000164  -5.3e-05 -0.000513  -7.2e-05 -3.35e-05 -0.000389 -0.000354  0.000392  1.77e-05  -3.2e-05 -1.76e-06 -1.92e-05  -0.00342 -0.000958 -0.000612  4.73e-06         1 -1.48e-07 -5.88e-07 -7.11e-08 -7.36e-09  0.000902 -2.62e-05  1.17e-05 -9.16e-06  0.000389 -0.000152 -0.000133 -4.48e-05 -0.000515  0.000205  8.84e-05   0.00191  0.000141  0.000372   0.00148  -0.00172  0.000798 -0.000473  -0.00111  0.000516   4.4e-05  -0.00113  0.000555   0.00057  3.65e-06  -1.5e-05  0.000281  3.74e-05  7.58e-07  0.000606  0.000147    0.0001  -0.00046
 0.000362  3.88e-06  2.25e-05  -1.6e-05 -2.12e-05 -6.65e-06  7.05e-18  7.05e-18 -1.92e-06  -1.2e-05  1.68e-17 -6.02e-06  -4.5e-06 -8.44e-07 -1.02e-05    -1e-06 -1.41e-06 -4.47e-06    -1e-05  9.17e-07  4.47e-07 -2.41e-05  1.19e-05   8.2e-06 -2.79e-05  5.97e-06  7.64e-06  2.86e-06 -7.94e-07  5.28e-06  4.51e-06  6.87e-06   5.6e-06  1.09e-06 -0.000101 -7.17e-06 -3.16e-08 -3.02e-06 -1.61e-06 -8.65e-06 -2.54e-07 -7.34e-06 -2.74e-05 -7.34e-05 -1.03e-05 -8.06e-05  1.65e-07   3.5e-06  3.76e-05  2.77e-05 -2.43e-05  4.82e-05  3.58e-05  6.68e-05 -1.14e-05 -2.51e-05  5.37e-05 -1.38e-05 -6.24e-06  2.74e-05  1.35e-07 -4.38e-05 -3.29e-05  -2.1e-05 -2.15e-05 -8.19e-06  0.000104 -6.02e-05 -2.26e-06 -8.53e-06 -1.48e-07         1 -1.39e-07 -1.91e-08 -1.37e-09 -0.000123  -2.6e-05 -1.78e-05 -1.77e-06 -0.000167 -3.12e-05 -2.86e-05 -1.08e-05 -0.000141 -2.24e-05  -1.9e-05  4.67e-05 -6.23e-05 -9.01e-05 -3.45e-05 -0.000186 -2.79e-05  7.05e-05 -5.32e-05 -0.000248 -7.83e-06 -0.000363 -0.000156 -0.000252 -5.76e-05 -5.24e-06 -8.88e-05 -1.79e-05 -3.64e-07 -0.000141 -9.37e-05 -9.19e-06    -5e-05
-1.53e-05  9.05e-07 -3.71e-06  -4.4e-06 -5.78e-06 -1.57e-06 -1.23e-18 -1.23e-18 -3.06e-07 -2.12e-06 -8.45e-19 -1.59e-06 -1.65e-06 -2.15e-07 -2.69e-06 -2.13e-07 -2.59e-07  -1.2e-06 -2.47e-06 -4.41e-07 -3.73e-08 -9.98e-06 -3.43e-06  4.75e-07 -8.43e-06 -9.67e-07  4.76e-07 -3.77e-07 -1.14e-06  4.46e-07 -9.59e-07  7.38e-08  3.35e-07 -3.08e-07 -7.03e-06 -2.98e-06 -3.56e-09  1.13e-07 -2.34e-07  9.73e-07  1.75e-09 -1.95e-06 -7.35e-07  2.17e-06 -3.54e-07  1.69e-06 -1.74e-07  2.39e-06  5.92e-06  2.24e-05   2.2e-06  2.37e-06 -6.33e-07  3.48e-06 -1.53e-06 -1.95e-06  7.39e-07  9.04e-07  1.89e-06 -4.93e-06 -8.85e-07  9.09e-06 -2.92e-06 -2.33e-06 -2.66e-06  -1.5e-06 -1.67e-05 -2.46e-05 -3.86e-06  7.27e-07 -5.88e-07 -1.39e-07         1 -4.94e-09 -3.75e-10  9.12e-06 -6.14e-06  -1.1e-06 -5.51e-07 -1.59e-05 -8.66e-06 -7.14e-06 -2.54e-06 -2.95e-05  1.49e-06 -2.08e-06 -9.45e-07  -3.8e-06 -6.13e-09  1.26e-05 -5.99e-05 -2.58e-06 -1.76e-05 -1.16e-05 -7.26e-06  9.53e-07 -0.000108 -1.17e-05 -3.18e-05 -7.69e-06 -1.08e-06 -7.74e-06 -1.85e-06 -3.94e-08  -5.2e-06 -1.33e-05  6.29e-07 -9.87e-06
 7.48e-06  6.52e-08 -5.56e-07 -4.28e-07 -2.67e-07 -4.31e-08  -1.6e-19  -1.6e-19 -5.96e-08  -2.7e-07 -1.45e-19 -1.29e-07  3.86e-09 -1.23e-09  -2.5e-07 -5.83e-09 -5.79e-09  2.55e-09  1.35e-08 -1.44e-07  -3.9e-08 -1.81e-06 -9.07e-07 -1.85e-09 -1.61e-06 -9.69e-08 -2.82e-08 -1.47e-07 -2.49e-07  5.93e-08 -1.91e-07 -3.08e-08 -2.34e-08 -1.19e-07 -3.48e-07  -7.1e-07 -6.72e-10  1.99e-08 -2.82e-08  2.75e-07  5.68e-11 -3.26e-07 -7.43e-08  4.67e-07 -5.73e-07  1.49e-06 -3.22e-08 -3.26e-07  1.04e-06  3.37e-06  3.03e-07  5.89e-07  7.09e-07  1.22e-06 -1.85e-07  -3.4e-07  5.04e-07  1.77e-07  6.55e-07 -2.94e-07  5.02e-07  7.01e-07 -2.38e-07 -1.18e-07 -3.28e-07 -2.12e-07  1.59e-06 -2.08e-06  4.55e-07  2.21e-07 -7.11e-08 -1.91e-08 -4.94e-09         1 -6.22e-11  1.83e-06 -8.39e-07 -1.53e-07 -9.35e-08 -2.38e-06 -1.42e-06 -1.18e-06 -4.06e-07 -4.62e-06  3.13e-07 -4.09e-07 -9.32e-06 -2.99e-07  -8.3e-07  3.77e-06 -9.68e-06  2.13e-06 -3.01e-06  9.23e-07  9.16e-07  2.67e-07 -1.82e-05 -1.61e-06 -5.26e-06 -1.16e-06 -1.54e-07 -1.07e-06  -2.6e-07 -8.06e-09 -1.38e-07 -1.98e-06  5.36e-08 -3.29e-07
-4.35e-07  1.92e-09 -5.42e-08 -4.23e-08 -2.95e-08 -1.98e-09  5.03e-22  5.03e-22  -5.2e-09 -1.74e-08 -7.57e-21 -1.42e-08 -1.44e-08 -1.01e-09  -2.5e-08 -1.07e-09 -1.24e-09 -5.05e-09 -9.97e-09 -6.13e-09 -4.46e-09 -1.53e-07 -6.16e-08  2.24e-09 -3.95e-08 -1.97e-08 -1.38e-08 -1.35e-08 -2.19e-08  5.72e-11  -1.7e-08 -7.14e-09 -1.09e-09 -9.57e-09  -5.8e-09 -4.92e-08 -3.93e-11  4.41e-10 -1.83e-09  1.85e-08 -5.25e-11 -2.64e-08  9.89e-09  1.16e-07 -3.73e-08  1.83e-07 -2.71e-09 -6.41e-08 -3.25e-08  9.45e-08 -5.72e-08 -2.65e-08 -2.04e-08  2.35e-09 -4.61e-08 -5.79e-08 -3.26e-08 -1.81e-09  4.18e-08 -4.16e-08  1.93e-09  4.62e-08 -1.81e-08 -9.89e-09 -1.83e-08 -1.63e-08 -1.97e-07 -1.89e-07  7.39e-09  4.25e-10 -7.36e-09 -1.37e-09 -3.75e-10 -6.22e-11         1  2.07e-07 -7.04e-08 -1.11e-08 -8.13e-09 -1.56e-07 -1.21e-07 -9.88e-08 -3.37e-08 -3.73e-07   3.8e-08 -3.93e-08 -3.69e-07  -3.8e-08 -9.27e-08  3.98e-07 -9.93e-07  3.13e-07 -2.35e-07  -7.1e-08  3.54e-08  3.26e-09 -1.59e-06 -9.15e-08 -4.03e-07 -8.68e-08 -1.17e-08 -6.02e-08 -1.65e-08 -5.22e-10  3.74e-08 -1.51e-07  6.73e-09 -4.93e-08
   0.0974  -0.00151   0.00823  0.000101 -0.000622 -0.000887  7.98e-16  7.98e-16  4.77e-06  -0.00089  3.05e-15  -0.00027   0.00122 -2.68e-05 -6.56e-05 -0.000178 -0.000261 -6.68e-05 -0.000393 -0.000336  8.82e-05   0.00493   0.00358  -0.00019   -0.0187   0.00186  0.000949  0.000466   0.00029  0.000116  0.000957   0.00113  3.29e-05  0.000433    -0.025  -0.00235 -3.58e-06 -0.000762 -5.06e-05  -0.00398 -6.29e-05  1.02e-05   -0.0118   -0.0379  -0.00599   -0.0506  9.18e-05  -0.00873  -0.00192   -0.0253  -0.00924    0.0055    0.0135    0.0103   -0.0029  -0.00509   0.00957  -0.00532  -0.00831   0.00441   0.00309   -0.0203   -0.0057  -0.00305  -0.00465 -0.000375    0.0743   0.00465   0.00885 -0.000811  0.000902 -0.000123  9.12e-06  1.83e-06  2.07e-07         1  -0.00328  -0.00248  0.000206    -0.034   0.00306   0.00253  0.000792   0.00799   -0.0109  -0.00688    0.0235  -0.00944   -0.0272   -0.0796    0.0733   -0.0567   0.00927    0.0228   -0.0756  -0.00253   0.00188    -0.042   -0.0541  -0.00597  7.48e-05   -0.0227  -0.00365 -0.000101   -0.0484   -0.0199  -0.00433  -0.00643
   0.0137 -3.39e-05 -4.83e-05  -0.00188  -0.00256 -0.000639 -5.29e-16 -5.29e-16 -6.81e-05 -0.000531 -2.94e-16 -0.000756  -0.00111 -0.000125  -0.00112 -0.000136 -0.000172 -0.000709  -0.00151 -0.000278 -0.000114  -0.00213 -0.000935  7.23e-05  -0.00275 -0.000406  0.000147 -0.000212  -0.00052   0.00018 -0.000547 -8.25e-05  0.000189 -4.26e-05  -0.00464  -0.00137 -1.39e-07 -0.000244 -0.000113  0.000234 -1.69e-05 -0.000628 -0.000844 -0.000233  0.000573 -0.000463 -0.000112  0.000597   0.00401    0.0099   0.00296 -0.000647  0.000573  0.000727 -0.000676  -0.00105 -0.000415  0.000272 -0.000264  -0.00181 -0.000719    0.0033  -0.00197  -0.00108  -0.00129 -0.000404  -0.00242   -0.0107  0.000486 -8.71e-05 -2.62e-05  -2.6e-05 -6.14e-06 -8.39e-07 -7.04e-08  -0.00328         1 -0.000174 -0.000168  -0.00929  -0.00219   -0.0014 -0.000496  -0.00443  -0.00119  -0.00281    0.0167  -0.00329  -0.00152   -0.0135  -0.00934   -0.0144   -0.0078  -0.00291   -0.0127 -0.000811   -0.0498   -0.0106   -0.0217  -0.00257 -0.000213   -0.0059  -0.00106 -1.76e-05  -0.00933  -0.00838 -0.000582  -0.00591
  0.00804   3.1e-05  0.000288 -0.000123 -0.000199 -8.53e-05  2.17e-16  2.17e-16 -1.76e-05 -7.13e-05   3.2e-16 -5.26e-05 -3.45e-06 -7.95e-06 -8.83e-05 -1.17e-05 -1.76e-05 -3.79e-05  -9.5e-05  -1.9e-05 -7.07e-06 -0.000201  0.000193  5.34e-05  -0.00125  0.000127  6.71e-06  2.26e-05 -4.96e-06  -2.1e-05  9.99e-05  8.95e-05  4.65e-05  1.57e-06  -0.00178 -0.000145 -4.74e-07 -5.17e-05 -1.23e-05 -0.000292 -4.47e-06 -6.33e-05 -0.000691   -0.0021 -0.000503  -0.00395  6.17e-06 -0.000549 -0.000529  -0.00197  -0.00123  0.000804  0.000498  0.000699 -0.000453 -0.000556  0.000574 -0.000538 -0.000153  0.000597 -5.51e-05  -0.00144 -0.000452 -0.000257  -0.00031 -8.05e-05   0.00161 -0.000187  3.16e-05 -0.000111  1.17e-05 -1.78e-05  -1.1e-06 -1.53e-07 -1.11e-08  -0.00248 -0.000174         1 -1.38e-05  -0.00216 -0.000256 -0.000268 -9.99e-05  -0.00135 -0.000369 -0.000273   0.00069 -0.000726  -0.00195  0.000664  -0.00135   0.00131   0.00207 -2.58e-05  -0.00363   -0.0001  -0.00233  -0.00211  -0.00331 -0.000663 -4.62e-05  -0.00112 -0.000209  -5.8e-06  -0.00203  -0.00106 -0.000164 -0.000558
  0.00061 -6.15e-06 -9.08e-05 -8.39e-05 -6.33e-05 -7.68e-06 -7.43e-18 -7.43e-18 -7.69e-06 -2.36e-05 -2.18e-17 -3.08e-05 -2.79e-05 -2.49e-06 -4.93e-05 -3.52e-06 -4.25e-06 -1.27e-05 -2.64e-05 -1.76e-05 -1.11e-05 -0.000256 -0.000122 -6.62e-06  -0.00015 -3.86e-05 -2.99e-05 -3.03e-05  -4.7e-05 -5.18e-07 -4.05e-05 -1.69e-05 -4.63e-06 -1.76e-05 -4.99e-05 -0.000104 -5.18e-08 -3.64e-06 -2.99e-06  3.79e-05 -4.26e-07 -4.89e-05 -8.32e-06  0.000138 -7.24e-05   0.00022 -6.77e-06 -0.000165 -6.99e-05  0.000143 -8.65e-05 -6.82e-05 -8.59e-06 -1.73e-05 -0.000108 -0.000122 -9.58e-05    -2e-05  5.45e-05 -0.000105  1.44e-05  9.09e-05 -5.18e-05 -2.05e-05 -4.88e-05 -2.69e-05 -0.000131 -0.000403   8.1e-05  1.11e-05 -9.16e-06 -1.77e-06 -5.51e-07 -9.35e-08 -8.13e-09  0.000206 -0.000168 -1.38e-05         1 -0.000376 -0.000203 -0.000156 -5.22e-05 -0.000531  3.16e-05 -0.000128 -0.000153  -8.1e-05 -0.000222  0.000348   -0.0014  0.000267 -0.000536   4.3e-05 -0.000131 -5.78e-06  -0.00325  -0.00033  -0.00103 -0.000151 -1.72e-05  -0.00019 -3.93e-05 -1.24e-06 -0.000114 -0.000378 -4.74e-06 -0.000137
    0.049 -0.000975   0.00498  -0.00312  -0.00286 -0.000805 -2.91e-16 -2.91e-16 -0.000334  -0.00207  1.46e-15  -0.00128 -0.000508 -0.000121  -0.00187 -0.000239 -0.000323 -0.000605  -0.00142 -0.000766 -0.000246  -0.00481  -0.00125  0.000322   -0.0123    0.0004  0.000782 -0.000409  -0.00122  0.000875  -0.00063    0.0005  0.000319 -0.000146   -0.0195  -0.00496 -4.13e-06  -0.00085 -0.000282 -0.000752 -6.73e-05  -0.00175  -0.00697   -0.0167   -0.0039   -0.0109 -0.000173  -0.00525    0.0102    0.0111  0.000729    0.0034    0.0124    0.0127  -0.00216  -0.00543   0.00844  -0.00151  -0.00296   0.00156   0.00344   -0.0073  -0.00656  -0.00324  -0.00496  -0.00134    0.0544   -0.0125   0.00972 -0.000661  0.000389 -0.000167 -1.59e-05 -2.38e-06 -1.56e-07    -0.034  -0.00929  -0.00216 -0.000376         1  -0.00522  -0.00376  -0.00137   -0.0147  -0.00748  -0.00943  -0.00389   -0.0124   -0.0226   -0.0567   -0.0004   -0.0447   -0.0118     0.013     -0.06  -0.00255    -0.122   -0.0447   -0.0775   -0.0107 -0.000652    -0.025  -0.00445 -0.000105   -0.0416    -0.029  -0.00355     -0.01
 0.000372 -4.67e-05  -0.00127  -0.00119 -0.000916 -0.000138 -8.86e-17 -8.86e-17  -0.00012 -0.000437 -2.67e-16 -0.000438  -0.00032 -3.19e-05 -0.000705 -4.83e-05  -5.8e-05 -0.000161  -0.00033 -0.000163 -0.000118  -0.00365   -0.0015 -3.63e-05   -0.0015 -0.000549 -0.000342 -0.000371 -0.000622  7.66e-05 -0.000524 -0.000181 -3.95e-05 -0.000223  -0.00047  -0.00126 -9.75e-07 -7.44e-06 -3.73e-05  0.000557 -3.68e-06   -0.0007  1.72e-05   0.00217 -0.000863   0.00419 -8.15e-05  -0.00224   -0.0014   0.00131  -0.00174 -0.000883 -0.000381 -0.000308  -0.00148  -0.00165   -0.0012 -0.000326  0.000613  -0.00161  0.000246   0.00135 -0.000678 -0.000311 -0.000695 -0.000421  -0.00168  -0.00566  0.000759  0.000172 -0.000152 -3.12e-05 -8.66e-06 -1.42e-06 -1.21e-07   0.00306  -0.00219 -0.000256 -0.000203  -0.00522         1  -0.00235 -0.000796  -0.00851  0.000565  -0.00155  0.000416  -0.00103  -0.00305   0.00614   -0.0195   0.00431  -0.00743  0.000244   -0.0019  3.88e-05   -0.0443  -0.00423   -0.0134  -0.00231 -0.000272  -0.00254 -0.000562 -1.81e-05   -0.0012  -0.00504  3.69e-05  -0.00181
 -0.00203 -4.52e-05  -0.00103 -0.000801 -0.000461 -5.34e-05  3.87e-17  3.87e-17 -0.000107 -0.000368 -1.36e-16 -0.000294 -6.83e-05 -8.82e-06  -0.00048  -2.6e-05 -3.05e-05 -2.99e-05 -5.49e-05 -7.08e-05 -7.43e-05  -0.00295  -0.00106 -3.04e-05 -0.000885 -0.000426 -0.000302 -0.000282 -0.000477  8.71e-05  -0.00037 -0.000114 -5.15e-05 -0.000185  9.27e-05 -0.000879 -1.04e-06  3.72e-05 -1.35e-05  0.000428 -9.04e-07 -0.000549  6.32e-05   0.00165 -0.000869   0.00368    -5e-05  -0.00234  -0.00232  -0.00136  -0.00255 -0.000645 -0.000449 -0.000416  -0.00131  -0.00141 -0.000927 -0.000496  0.000397   -0.0012  0.000387  0.000458 -0.000371 -0.000146 -0.000502 -0.000345 -0.000112  -0.00347   0.00058  0.000174 -0.000133 -2.86e-05 -7.14e-06 -1.18e-06 -9.88e-08   0.00253   -0.0014 -0.000268 -0.000156  -0.00376  -0.00235         1 -0.000664  -0.00741  0.000611    -0.001   0.00055 -0.000488  -0.00298   0.00758   -0.0148   0.00604  -0.00536     0.001  -0.00082   0.00018   -0.0326  -0.00261  -0.00918  -0.00187 -0.000223  -0.00165 -0.000402 -1.56e-05 -0.000134  -0.00344  0.000115 -0.000781
 -0.00142  4.36e-06 -0.000295  -0.00029 -0.000201    -3e-05   3.6e-18   3.6e-18 -3.46e-05 -0.000139 -2.96e-17 -0.000106 -4.74e-05 -5.43e-06 -0.000174 -1.02e-05 -1.23e-05 -2.49e-05 -4.92e-05 -7.06e-06 -1.92e-05 -0.000948 -0.000294  1.94e-05 -7.22e-05  -0.00013 -6.16e-05 -7.48e-05 -0.000143  5.13e-05 -0.000108 -2.26e-05  1.77e-06 -4.76e-05 -1.98e-05 -0.000238 -3.35e-07  9.29e-06 -7.97e-06  0.000161 -4.06e-07 -0.000183  5.45e-05  0.000646 -0.000193   0.00159 -1.59e-05  -0.00056 -0.000479  6.37e-05 -0.000656 -0.000138 -0.000127 -1.26e-05 -0.000386 -0.000444 -0.000212 -0.000112  0.000138 -0.000379  0.000105  0.000259 -0.000167 -9.47e-05 -0.000179 -0.000122 -0.000142   -0.0013  0.000127  3.48e-05 -4.48e-05 -1.08e-05 -2.54e-06 -4.06e-07 -3.37e-08  0.000792 -0.000496 -9.99e-05 -5.22e-05  -0.00137 -0.000796 -0.000664         1  -0.00257  0.000178 -0.000315  0.000621 -0.000267 -0.000857   0.00213   -0.0053   0.00154  -0.00165 -7.38e-05 -0.000561  3.73e-05   -0.0107  -0.00098  -0.00314 -0.000661 -8.16e-05 -0.000615 -0.000148 -4.87e-06 -0.000181   -0.0012   3.4e-05 -0.000357
   -0.013  0.000166  -0.00246  -0.00292  -0.00202 -0.000341  2.11e-16  2.11e-16 -0.000433  -0.00188  3.36e-17  -0.00104 -0.000289 -4.23e-05  -0.00177 -8.77e-05 -0.000105 -0.000177 -0.000337  0.000107 -8.26e-05  -0.00999  -0.00239  0.000462  0.000436   -0.0012 -0.000329 -0.000574  -0.00131  0.000739 -0.000873 -9.64e-06  0.000127 -0.000455 -0.000745  -0.00222 -4.53e-06  0.000177 -9.54e-05   0.00135   2.5e-07  -0.00191  0.000633   0.00642  -0.00182    0.0178 -0.000105  -0.00515   -0.0047 -6.77e-05  -0.00776 -0.000755  -0.00128  0.000925  -0.00325  -0.00415 -0.000407  -0.00108   0.00104  -0.00318    0.0012   0.00179  -0.00165  -0.00103  -0.00186  -0.00141 -0.000251   -0.0124  0.000115  0.000162 -0.000515 -0.000141 -2.95e-05 -4.62e-06 -3.73e-07   0.00799  -0.00443  -0.00135 -0.000531   -0.0147  -0.00851  -0.00741  -0.00257         1   0.00198  -0.00243   0.00189  -0.00304  -0.00927    0.0258   -0.0551    0.0184   -0.0149  -0.00233  -0.00665  0.000631    -0.105  -0.00936   -0.0288  -0.00771 -0.000945   -0.0063  -0.00166 -5.28e-05  -0.00117   -0.0115  0.000543  -0.00312
    0.019 -0.000245   0.00216 -0.000138 -0.000373 -0.000161 -8.12e-17 -8.12e-17 -7.99e-06 -0.000282  5.23e-16 -7.76e-05 -0.000112 -2.58e-05 -8.43e-05 -3.79e-05 -5.56e-05 -0.000141 -0.000343 -0.000158  1.49e-06   0.00107  0.000503   0.00012   -0.0029  0.000448  0.000429   0.00013  9.06e-05  8.25e-05  0.000167  0.000216  0.000104  0.000102  -0.00557 -0.000721 -2.79e-07 -0.000247 -6.57e-05 -0.000724 -1.61e-05 -1.87e-06  -0.00205  -0.00614 -0.000522  -0.00706  2.87e-06  0.000488   0.00444   0.00359   0.00206   0.00122   0.00362   0.00367  0.000581 -0.000291    0.0031  6.37e-05  -0.00119   0.00146  0.000454  -0.00268  -0.00136 -0.000743 -0.000857 -7.48e-05    0.0134 -0.000151   0.00185 -0.000416  0.000205 -2.24e-05  1.49e-06  3.13e-07   3.8e-08   -0.0109  -0.00119 -0.000369  3.16e-05  -0.00748  0.000565  0.000611  0.000178   0.00198         1  -0.00154  -0.00596  -0.00292  -0.00364   -0.0216    0.0111   -0.0168   0.00132   0.00196   -0.0153 -0.000853  -0.00403  -0.00938   -0.0122  -0.00131  4.54e-06  -0.00513 -0.000839 -1.48e-05   -0.0107  -0.00463  -0.00103  -0.00197
   0.0105 -0.000553  0.000599 -0.000906 -0.000532 -6.33e-05  2.51e-17  2.51e-17 -0.000102 -0.000297   5.1e-17 -0.000396 -0.000224 -2.91e-05 -0.000524 -7.03e-05 -9.16e-05 -0.000139 -0.000332 -0.000296  -0.00017  -0.00186 -0.000989 -0.000209  -0.00309 -0.000342 -0.000357 -0.000399 -0.000632  5.54e-05 -0.000527 -0.000168 -8.08e-05 -0.000183  -0.00342  -0.00176 -6.51e-07 -0.000237 -3.84e-05 -4.06e-05 -1.93e-05 -0.000539  -0.00146  -0.00237  -0.00133  -0.00135 -8.44e-05  -0.00398   -0.0011  -0.00224  -0.00175   -0.0016   0.00177  0.000301   -0.0015  -0.00206 -0.000413 -0.000892 -0.000896 -0.000679  0.000699  -0.00169  -0.00136 -0.000362  -0.00109 -0.000281     0.011  -0.00355   0.00337 -0.000105  8.84e-05  -1.9e-05 -2.08e-06 -4.09e-07 -3.93e-08  -0.00688  -0.00281 -0.000273 -0.000128  -0.00943  -0.00155    -0.001 -0.000315  -0.00243  -0.00154         1   0.00633  -0.00254  -0.00713   -0.0121  0.000588   -0.0077  -0.00696    0.0059   -0.0135  -0.00083   -0.0444    -0.011   -0.0219  -0.00232  -7.7e-05  -0.00596  -0.00103 -2.94e-05  -0.00944  -0.00793 -0.000894  -0.00244
    0.491   -0.0112  -0.00239    0.0235    0.0408    0.0139 -4.57e-15 -4.57e-15  -0.00151  -0.00168 -3.38e-15    0.0128    0.0107   0.00189     0.015   0.00266   0.00333    0.0111    0.0233   -0.0198  -0.00308    -0.041   -0.0655  -0.00929    -0.237   0.00815   -0.0117  -0.00838  -0.00302    -0.023 -0.000149  -0.00711   -0.0132  -0.00979   -0.0778   -0.0742 -1.11e-05 -0.000163 -0.000857    -0.032  9.09e-05 -6.57e-05   -0.0587    -0.154    -0.103    -0.342  0.000123   -0.0372    0.0796    0.0765    0.0434   0.00744     0.113     0.105    0.0362   0.00839    0.0826    0.0307    0.0236    0.0579     0.029    -0.119    0.0218     0.014    0.0069   0.00209      0.19     0.164    0.0558  -0.00395   0.00191  4.67e-05 -9.45e-07 -9.32e-06 -3.69e-07    0.0235    0.0167   0.00069 -0.000153  -0.00389  0.000416   0.00055  0.000621   0.00189  -0.00596   0.00633         1   0.00766   -0.0645    -0.138    -0.179  -0.00788   -0.0596     0.137     0.126   0.00467      0.13   0.00975    0.0214  0.000779  0.000319 -0.000935 -0.000418 -0.000169    0.0299    0.0109   -0.0118    0.0785
  0.00179  0.000147   0.00369  -0.00157  -0.00235 -0.000392  3.88e-16  3.88e-16 -0.000103 -0.000687  1.25e-15 -0.000591  -0.00182 -0.000155 -0.000928 -0.000118 -0.000164 -0.000902  -0.00195  0.000132 -4.71e-05   0.00048    0.0017   0.00105   0.00504  0.000329  0.000886  0.000362  0.000134  0.000461  0.000292  0.000345  0.000755  0.000273   -0.0082 -0.000222  2.73e-07  -0.00062 -0.000228  -0.00064 -3.63e-05 -0.000252 -0.000706  0.000358   0.00225   0.00395 -2.54e-05   0.00501    0.0114    0.0167   0.00636  0.000659   0.00229   0.00485   0.00122 -0.000755   0.00397   0.00115 -0.000532   0.00305  -0.00197 -0.000269  -0.00315  -0.00189  -0.00103 -0.000349  -0.00433   -0.0069 -0.000281  -0.00204  0.000141 -6.23e-05  -3.8e-06 -2.99e-07  -3.8e-08  -0.00944  -0.00329 -0.000726  -8.1e-05   -0.0124  -0.00103 -0.000488 -0.000267  -0.00304  -0.00292  -0.00254   0.00766         1  -0.00263   -0.0243   -0.0148   -0.0191   0.00588   -0.0146   -0.0248  -0.00265   -0.0313   -0.0141   -0.0213  -0.00326 -0.000191  -0.00762   -0.0014 -3.97e-06   -0.0144  -0.00818  -0.00137  -0.00668
   0.0427  -0.00353   0.00154   0.00192   0.00728   0.00229  2.88e-15  2.88e-15 -0.000385  -0.00036  2.14e-15   0.00061   0.00329  0.000345   0.00113  0.000153  0.000175   0.00217   0.00443 -0.000164 -0.000438  -0.00657  -0.00242  -0.00127  -0.00972  -0.00103  -0.00337   -0.0015  -0.00162  -0.00119 -0.000559 -0.000692  -0.00171  -0.00092  -0.00431  -0.00568 -4.97e-06 -1.55e-05  0.000305  -0.00205 -2.19e-05  -0.00116  -0.00776   -0.0186   -0.0152   -0.0132  1.37e-05   -0.0317    -0.035    -0.074   -0.0353  -0.00953   0.00686  -0.00255   -0.0101    -0.013  -0.00232  -0.00783  -0.00596  0.000356   0.00671   -0.0306  7.26e-05  0.000769  -0.00193 -0.000536    0.0708     0.024    0.0164  -0.00123  0.000372 -9.01e-05 -6.13e-09  -8.3e-07 -9.27e-08   -0.0272  -0.00152  -0.00195 -0.000222   -0.0226  -0.00305  -0.00298 -0.000857  -0.00927  -0.00364  -0.00713   -0.0645  -0.00263         1   -0.0214   0.00394    0.0132   -0.0154    0.0377   -0.0415  -0.00177   -0.0587   -0.0233   -0.0464  -0.00577 -0.000137   -0.0128  -0.00221 -0.000132   -0.0173   -0.0163  -0.00287   0.00998
    0.076  -0.00678    0.0134   -0.0015   -0.0025 -0.000274 -5.76e-15 -5.76e-15  0.000167  -0.00512 -7.52e-16 -0.000941  -0.00312 -0.000294 -0.000904 -0.000344 -0.000458  -0.00165  -0.00355  0.000822  0.000747   0.00684   0.00202   0.00111  -0.00302  -0.00195   0.00303   0.00118   0.00129  -0.00102 -0.000139 -0.000231  -0.00155   0.00164   -0.0353  -0.00805  6.22e-06 -0.000438 -0.000233  -0.00501 -2.89e-06 -4.52e-05    -0.016   -0.0362  -0.00617   0.00394  5.52e-05  -2.1e-05    0.0226    0.0201    0.0136   -0.0298     0.021    0.0114   0.00598  -0.00717    0.0113    0.0113   -0.0242   -0.0163   0.00211   -0.0154  -0.00548  -0.00858  -0.00521 -0.000571    0.0952   -0.0019    0.0148  -0.00743   0.00148 -3.45e-05  1.26e-05  3.77e-06  3.98e-07   -0.0796   -0.0135  0.000664  0.000348   -0.0567   0.00614   0.00758   0.00213    0.0258   -0.0216   -0.0121    -0.138   -0.0243   -0.0214         1    0.0783    -0.303   -0.0816   -0.0189    -0.175   -0.0117  -0.00479   -0.0763   -0.0912   -0.0073  -0.00038   -0.0453  -0.00742 -0.000141   -0.0912    -0.049  -0.00933   -0.0172
  -0.0183   0.00199   -0.0128  -0.00778   -0.0081  0.000365  2.83e-15  2.83e-15 -0.000377 -0.000327  7.51e-16  -0.00224  -0.00967  -0.00057  -0.00464 -0.000125 -0.000159  -0.00324   -0.0066 -0.000338  -0.00117   -0.0249  -0.00889   0.00291    0.0119  -0.00379  -0.00385  -0.00148  -0.00171  -0.00389 -0.000765  -0.00226  0.000463  -0.00101  -0.00408  -0.00571  4.19e-06  -0.00059 -0.000587  0.000467 -6.19e-06  -0.00299   0.00451    0.0371  -0.00522    0.0204 -0.000452   0.00682   0.00302    0.0373 -0.000961    -0.011    -0.016  -0.00538  -0.00906    -0.014   -0.0137   0.00505    0.0143  -0.00132   -0.0157   0.00698  -0.00274  -0.00522   0.00151  -0.00163    -0.181    -0.033   -0.0155  -0.00774  -0.00172 -0.000186 -5.99e-05 -9.68e-06 -9.93e-07    0.0733  -0.00934  -0.00135   -0.0014   -0.0004   -0.0195   -0.0148   -0.0053   -0.0551    0.0111  0.000588    -0.179   -0.0148   0.00394    0.0783         1    0.0776  -0.00463    -0.107    0.0213  -0.00598    -0.173    0.0129   -0.0265  -0.00701   -0.0021   0.00782   0.00061  7.02e-05     0.035   -0.0102   0.00159   -0.0151
   0.0713   -0.0027   0.00815  -0.00575   -0.0129  -0.00401 -8.36e-15 -8.36e-15  0.000356  -0.00523  -3.1e-15  -0.00257  -0.00554 -0.000693  -0.00353 -0.000669 -0.000846  -0.00406  -0.00855  0.000253   0.00103   0.00733   0.00225   0.00135   -0.0113  -0.00122    0.0056   0.00194   0.00156  0.000395 -0.000459  0.000617  8.96e-05   0.00202   -0.0363   -0.0044  6.03e-06 -0.000284 -0.000496  -0.00298  7.96e-06  -0.00019   -0.0112   -0.0276   0.00594   -0.0105 -7.25e-05    0.0225    0.0437    0.0744    0.0363   -0.0149    0.0125    0.0111    0.0104   0.00302    0.0105    0.0133    -0.018   -0.0195  -0.00353    0.0156  -0.00752  -0.00943  -0.00602 -0.000923    0.0318   -0.0396   -0.0021   -0.0033  0.000798 -2.79e-05 -2.58e-06  2.13e-06  3.13e-07   -0.0567   -0.0144   0.00131  0.000267   -0.0447   0.00431   0.00604   0.00154    0.0184   -0.0168   -0.0077  -0.00788   -0.0191    0.0132    -0.303    0.0776         1   -0.0697   -0.0373    -0.134   -0.0071   -0.0189   -0.0614   -0.0694  -0.00627 -0.000627   -0.0373  -0.00622 -6.79e-05   -0.0784     -0.04   -0.0057   -0.0319
  -0.0259  -0.00452  -0.00973   -0.0025  0.000236  0.000402 -3.93e-15 -3.93e-15 -0.000335  -0.00256 -5.72e-15  -0.00113  0.000747  6.16e-05  -0.00145 -0.000114 -9.48e-05   0.00047   0.00115 -0.000678 -0.000149   -0.0149   -0.0107  -0.00271   -0.0163  -0.00567  -0.00341  -0.00246  -0.00301  -0.00166  -0.00397  -0.00252  -0.00305   -0.0012   0.00631  -0.00974 -8.99e-07   0.00136   0.00035   0.00132  7.87e-05  -0.00249   -0.0035  0.000841   -0.0108    0.0185 -0.000295   -0.0263   -0.0326    -0.037   -0.0204   -0.0293  -0.00463   -0.0187  -0.00674  -0.00824   -0.0167   0.00106  -0.00898   -0.0259   0.00452   0.00268    0.0039  0.000891  -0.00167  -0.00109    0.0231    -0.011   0.00898   0.00179 -0.000473  7.05e-05 -1.76e-05 -3.01e-06 -2.35e-07   0.00927   -0.0078   0.00207 -0.000536   -0.0118  -0.00743  -0.00536  -0.00165   -0.0149   0.00132  -0.00696   -0.0596   0.00588   -0.0154   -0.0816  -0.00463   -0.0697         1    0.0266   -0.0214  0.000623    -0.142   -0.0124   -0.0403  -0.00392 -0.000618  -0.00985  -0.00192 -0.000125  -0.00499   -0.0222 -0.000189  -0.00012
      0.1   0.00331  -0.00357  -0.00936   -0.0228   -0.0059  7.95e-16  7.95e-16   0.00026 -0.000875   9.7e-16   -0.0037   -0.0136   -0.0013  -0.00597 -0.000802  -0.00102   -0.0077   -0.0162   0.00109  0.000428   0.00346   0.00779   0.00335   0.00649   -0.0022   0.00129   0.00234   0.00242  -0.00302    0.0017   2.1e-05   0.00258   0.00157   -0.0309   0.00355  8.28e-06 -0.000809 -0.000639  -0.00784 -8.96e-06     0.001 -0.000508   0.00696    0.0148   -0.0645  9.35e-05    0.0319   0.00823    0.0301    0.0123   -0.0122   -0.0323   -0.0239    0.0011   0.00172   -0.0148   0.00359  -0.00407   -0.0073   -0.0315     0.023  -0.00614  -0.00785  0.000662 -0.000245    -0.243   -0.0595   -0.0448  -0.00829  -0.00111 -5.32e-05 -1.16e-05  9.23e-07  -7.1e-08    0.0228  -0.00291 -2.58e-05   4.3e-05     0.013  0.000244     0.001 -7.38e-05  -0.00233   0.00196    0.0059     0.137   -0.0146    0.0377   -0.0189    -0.107   -0.0373    0.0266         1   -0.0346  -0.00727    0.0419    0.0134    0.0339   0.00171 -0.000466   0.00771   0.00102  0.000158   0.00272   0.00729   0.00192   -0.0433
 -0.00726  -0.00346   0.00798  -0.00664   -0.0112  -0.00324   1.5e-15   1.5e-15 -0.000206  -0.00353  3.95e-15  -0.00325   -0.0052 -0.000656  -0.00432 -0.000756    -0.001  -0.00365  -0.00797   0.00122  0.000238  9.12e-05   0.00716   0.00126   -0.0104  -0.00213  5.87e-05  0.000753 -7.66e-05  -0.00114  0.000415   0.00055  0.000294   0.00114   -0.0454  -0.00427 -1.87e-06  -0.00108 -0.000198   -0.0077 -7.86e-05  -0.00132   -0.0168   -0.0404  -0.00554   -0.0597   4.3e-05   -0.0154   -0.0239   -0.0575   -0.0285   -0.0186  -0.00158  -0.00918   -0.0112   -0.0169  -0.00437  -0.00738   -0.0208   -0.0104  -0.00906   -0.0224   -0.0112  -0.00928  -0.00773  -0.00172   0.00404   -0.0268  -0.00199  -0.00701  0.000516 -0.000248 -7.26e-06  9.16e-07  3.54e-08   -0.0756   -0.0127  -0.00363 -0.000131     -0.06   -0.0019  -0.00082 -0.000561  -0.00665   -0.0153   -0.0135     0.126   -0.0248   -0.0415    -0.175    0.0213    -0.134   -0.0214   -0.0346         1     -0.01   -0.0893   -0.0714    -0.104   -0.0136 -0.000764   -0.0398  -0.00691 -0.000157   -0.0791    -0.045  -0.00635   -0.0315
 -0.00431 -0.000231   0.00109 -0.000372 -0.000479  3.84e-05  3.65e-16  3.65e-16 -2.39e-05 -0.000107   4.4e-16 -0.000162 -0.000777 -5.27e-05 -0.000222 -3.47e-05 -4.87e-05 -0.000305 -0.000656  0.000207 -2.26e-05  0.000408  0.000836  0.000336   0.00378 -0.000208 -2.66e-05  9.14e-05  7.45e-05 -6.22e-05  9.03e-05 -3.89e-05  0.000144  0.000108  -0.00184   5.4e-05  6.63e-07 -0.000182 -4.01e-05 -0.000414 -9.41e-06  1.44e-05 -8.58e-05   0.00122  0.000528   0.00277  3.57e-06  0.000208   0.00023 -0.000707 -0.000307  -0.00239 -0.000784 -0.000903 -0.000209  -0.00101 -0.000456  0.000168  -0.00094  0.000256   -0.0013  -0.00122 -0.000666 -0.000544  -1.2e-05 -2.29e-05  -0.00628 -0.000829 -0.000327  -0.00115   4.4e-05 -7.83e-06  9.53e-07  2.67e-07  3.26e-09  -0.00253 -0.000811   -0.0001 -5.78e-06  -0.00255  3.88e-05   0.00018  3.73e-05  0.000631 -0.000853  -0.00083   0.00467  -0.00265  -0.00177   -0.0117  -0.00598   -0.0071  0.000623  -0.00727     -0.01         1  -0.00553  -0.00334  -0.00475 -0.000488 -4.44e-06  -0.00172   -0.0003  9.31e-07  -0.00365  -0.00211 -0.000485   -0.0019
 -0.00136  -0.00316  -0.00777   -0.0235   -0.0211  -0.00376  -3.5e-15  -3.5e-15  -0.00237  -0.00762 -5.73e-15  -0.00912  -0.00874 -0.000907   -0.0137  -0.00132  -0.00163  -0.00492   -0.0105  -0.00541  -0.00275   -0.0525   -0.0259  -0.00197   -0.0356  -0.00903  -0.00461   -0.0073   -0.0125   0.00311   -0.0117  -0.00356  0.000425  -0.00415    -0.029   -0.0283 -1.33e-05  -0.00265  -0.00114   0.00738 -0.000225   -0.0119  -0.00308    0.0303  -0.00475    0.0595  -0.00177   -0.0353    0.0111    0.0705   0.00377   -0.0217   0.00456  -0.00246   -0.0162   -0.0202   -0.0151  -0.00353   0.00423   -0.0222   0.00358     0.033    -0.019  -0.00381   -0.0149   -0.0067    0.0188    -0.119    0.0273    0.0026  -0.00113 -0.000363 -0.000108 -1.82e-05 -1.59e-06   0.00188   -0.0498  -0.00233  -0.00325    -0.122   -0.0443   -0.0326   -0.0107    -0.105  -0.00403   -0.0444      0.13   -0.0313   -0.0587  -0.00479    -0.173   -0.0189    -0.142    0.0419   -0.0893  -0.00553         1    -0.125    -0.309    -0.042  -0.00305   -0.0712   -0.0138 -0.000351   -0.0818    -0.113  -0.00504   -0.0507
   0.0607  -0.00116   0.00603  -0.00351  -0.00392  -0.00117 -5.77e-16 -5.77e-16 -0.000265  -0.00198  1.48e-15   -0.0015 -0.000986 -0.000186   -0.0021 -0.000312 -0.000419 -0.000982  -0.00225 -0.000942 -0.000281  -0.00329 -0.000895  0.000228   -0.0152  0.000538  0.000985 -0.000361  -0.00119  0.000807 -0.000676  0.000529  0.000389 -2.15e-05   -0.0236  -0.00531 -3.36e-06  -0.00107  -0.00032  -0.00121 -8.08e-05  -0.00166  -0.00843    -0.021  -0.00355   -0.0189 -0.000205  -0.00454    0.0128    0.0139   0.00313   0.00337    0.0137    0.0132  -0.00216  -0.00553   0.00865  -0.00158  -0.00409   0.00133    0.0029  -0.00728  -0.00768  -0.00385  -0.00559  -0.00127     0.058   -0.0155    0.0105 -0.000799  0.000555 -0.000156 -1.17e-05 -1.61e-06 -9.15e-08    -0.042   -0.0106  -0.00211  -0.00033   -0.0447  -0.00423  -0.00261  -0.00098  -0.00936  -0.00938    -0.011   0.00975   -0.0141   -0.0233   -0.0763    0.0129   -0.0614   -0.0124    0.0134   -0.0714  -0.00334    -0.125         1   -0.0868   -0.0107 -0.000543   -0.0284  -0.00491 -0.000111   -0.0501   -0.0325   -0.0043   -0.0132
   0.0869  -0.00233   0.00443  -0.00746  -0.00597  -0.00139 -8.55e-16 -8.55e-16 -0.000586  -0.00289   1.1e-15  -0.00309  -0.00148 -0.000262   -0.0044 -0.000539 -0.000708  -0.00129  -0.00299  -0.00208    -0.001   -0.0144  -0.00663 -0.000526   -0.0274 -0.000835 -0.000511   -0.0021  -0.00389   0.00111  -0.00286 -0.000159  4.35e-05 -0.000837   -0.0312   -0.0114 -6.24e-06  -0.00167  -0.00045    0.0008 -0.000136  -0.00425   -0.0122   -0.0245  -0.00942   -0.0148 -0.000616   -0.0183   0.00925    0.0141  -0.00308   0.00179    0.0201    0.0165  -0.00974   -0.0144   0.00589  -0.00471  -0.00333  -0.00268   0.00681  -0.00924   -0.0125  -0.00554  -0.00982   -0.0026    0.0939   -0.0328    0.0229  0.000102   0.00057 -0.000252 -3.18e-05 -5.26e-06 -4.03e-07   -0.0541   -0.0217  -0.00331  -0.00103   -0.0775   -0.0134  -0.00918  -0.00314   -0.0288   -0.0122   -0.0219    0.0214   -0.0213   -0.0464   -0.0912   -0.0265   -0.0694   -0.0403    0.0339    -0.104  -0.00475    -0.309   -0.0868         1   -0.0199  -0.00125   -0.0476  -0.00827 -0.000216   -0.0756   -0.0618  -0.00657   -0.0208
  0.00801 -0.000141  0.000922  -0.00115  -0.00109 -0.000272  1.88e-18  1.88e-18 -0.000154 -0.000773  3.53e-16 -0.000445 -0.000252 -4.15e-05 -0.000693 -6.86e-05 -9.06e-05 -0.000214 -0.000479 -0.000159 -5.55e-05  -0.00236 -0.000487   0.00018  -0.00239 -6.58e-05  0.000181  -0.00014 -0.000433   0.00033 -0.000245   0.00013  0.000145 -9.93e-05  -0.00461  -0.00139 -1.62e-06  -0.00018 -8.81e-05 -0.000101 -1.56e-05 -0.000636   -0.0013  -0.00237 -0.000753 -3.52e-05 -4.52e-05   -0.0014   0.00213    0.0033 -0.000478  0.000627   0.00226   0.00282 -0.000583  -0.00141     0.002 -0.000393 -0.000511  0.000165  0.000655  -0.00101  -0.00169 -0.000795  -0.00129 -0.000502   0.00982  -0.00487   0.00163 -0.000194  3.65e-06 -5.76e-05 -7.69e-06 -1.16e-06 -8.68e-08  -0.00597  -0.00257 -0.000663 -0.000151   -0.0107  -0.00231  -0.00187 -0.000661  -0.00771  -0.00131  -0.00232  0.000779  -0.00326  -0.00577   -0.0073  -0.00701  -0.00627  -0.00392   0.00171   -0.0136 -0.000488    -0.042   -0.0107   -0.0199         1 -0.000265  -0.00618   -0.0012 -2.85e-05  -0.00902  -0.00754 -0.000648  -0.00291
-0.000327  1.62e-05 -7.47e-05 -0.000125 -0.000134 -3.27e-05 -3.33e-17 -3.33e-17 -6.78e-06 -7.23e-05 -4.48e-18 -4.66e-05 -3.64e-05 -4.89e-06 -7.67e-05 -5.87e-06 -7.31e-06 -2.62e-05 -5.32e-05   1.6e-05  2.97e-06 -0.000282 -4.48e-05  3.37e-05  6.17e-05 -3.23e-05  2.79e-05 -9.81e-07 -2.47e-05  3.16e-05 -1.78e-05  1.04e-05  1.18e-05  3.92e-06 -0.000137 -3.12e-05 -9.33e-08  6.27e-06 -5.31e-06  7.02e-05  1.84e-07 -6.18e-05 -6.74e-06  0.000128 -1.22e-05  0.000686 -4.53e-06  4.42e-05   0.00013  0.000545 -3.64e-05  3.75e-05  2.85e-05  0.000163 -9.83e-05 -0.000152  3.64e-05  2.94e-05  1.14e-05 -0.000194   2.7e-05  0.000183 -0.000105 -0.000111 -9.42e-05 -4.99e-05  6.37e-05 -0.000634 -2.48e-05 -2.67e-06  -1.5e-05 -5.24e-06 -1.08e-06 -1.54e-07 -1.17e-08  7.48e-05 -0.000213 -4.62e-05 -1.72e-05 -0.000652 -0.000272 -0.000223 -8.16e-05 -0.000945  4.54e-06  -7.7e-05  0.000319 -0.000191 -0.000137  -0.00038   -0.0021 -0.000627 -0.000618 -0.000466 -0.000764 -4.44e-06  -0.00305 -0.000543  -0.00125 -0.000265         1 -0.000339  -7.3e-05 -1.64e-06  -0.00034 -0.000547 -1.08e-06 -0.000254
   0.0367 -0.000744   0.00318    -0.002  -0.00223 -0.000671 -5.19e-16 -5.19e-16 -0.000174  -0.00132  6.37e-16  -0.00084 -0.000505 -0.000101   -0.0012 -0.000171 -0.000228 -0.000531  -0.00121 -0.000541 -0.000121  -0.00226 -0.000779  9.57e-05   -0.0091  0.000174  0.000572 -0.000215 -0.000688  0.000424 -0.000443  0.000265  0.000138 -4.12e-05   -0.0132  -0.00329 -2.09e-06 -0.000523 -0.000176 -0.000761    -4e-05  -0.00098  -0.00479   -0.0118  -0.00219   -0.0101 -0.000107  -0.00268   0.00699   0.00797   0.00168   0.00114   0.00762   0.00722 -0.000876  -0.00288   0.00495 -0.000556  -0.00263  6.39e-05   0.00174  -0.00377  -0.00405   -0.0021  -0.00312 -0.000763    0.0327  -0.00882   0.00563 -0.000407  0.000281 -8.88e-05 -7.74e-06 -1.07e-06 -6.02e-08   -0.0227   -0.0059  -0.00112  -0.00019    -0.025  -0.00254  -0.00165 -0.000615   -0.0063  -0.00513  -0.00596 -0.000935  -0.00762   -0.0128   -0.0453   0.00782   -0.0373  -0.00985   0.00771   -0.0398  -0.00172   -0.0712   -0.0284   -0.0476  -0.00618 -0.000339         1   -0.0028 -6.44e-05   -0.0276   -0.0182  -0.00232  -0.00725
  0.00596 -0.000124  0.000563 -0.000394 -0.000435 -0.000123 -8.58e-17 -8.58e-17 -4.28e-05 -0.000284  1.12e-16 -0.000161 -0.000112 -1.92e-05 -0.000236 -3.05e-05 -4.05e-05 -0.000102  -0.00023  -8.5e-05 -1.64e-05 -0.000531  -0.00014  4.09e-05  -0.00138  6.39e-06  0.000112 -3.55e-05  -0.00013  9.48e-05 -8.53e-05  4.95e-05  3.53e-05 -1.35e-05  -0.00229 -0.000601 -4.48e-07 -8.71e-05 -3.46e-05 -0.000138 -6.74e-06 -0.000194 -0.000765  -0.00177  -0.00032  -0.00119 -1.71e-05 -0.000418   0.00128   0.00162  0.000287    0.0001   0.00123   0.00124 -8.43e-05  -0.00047   0.00092 -5.01e-05 -0.000466 -3.97e-06   0.00027 -0.000548 -0.000707 -0.000363  -0.00054 -0.000157   0.00522  -0.00173  0.000854   -0.0001  3.74e-05 -1.79e-05 -1.85e-06  -2.6e-07 -1.65e-08  -0.00365  -0.00106 -0.000209 -3.93e-05  -0.00445 -0.000562 -0.000402 -0.000148  -0.00166 -0.000839  -0.00103 -0.000418   -0.0014  -0.00221  -0.00742   0.00061  -0.00622  -0.00192   0.00102  -0.00691   -0.0003   -0.0138  -0.00491  -0.00827   -0.0012  -7.3e-05   -0.0028         1 -1.14e-05  -0.00468  -0.00321 -0.000379  -0.00132
 0.000136 -1.11e-05 -3.51e-06 -1.17e-06  1.05e-05  2.13e-06  6.22e-19  6.22e-19 -1.33e-06 -5.46e-06  1.62e-19 -1.06e-06  1.07e-05  7.41e-07 -8.66e-07 -9.26e-08 -1.26e-07   4.9e-06  9.93e-06 -3.23e-06 -1.04e-06 -3.26e-05 -1.81e-05 -6.62e-06 -8.65e-05 -4.71e-06 -8.41e-06  -5.8e-06 -7.53e-06 -2.97e-06 -5.22e-06 -2.11e-06  -6.4e-06 -3.43e-06 -3.41e-05 -2.74e-05 -2.22e-08  9.04e-07  7.79e-07 -5.12e-06 -2.79e-08 -6.72e-06 -3.41e-05 -8.81e-05 -5.07e-05 -8.86e-05 -3.77e-07 -9.87e-05 -9.62e-05 -0.000187 -9.61e-05 -2.43e-05  3.07e-05 -1.07e-06 -3.07e-05 -3.72e-05 -4.83e-06 -2.22e-05 -2.34e-05 -2.13e-05  2.68e-05 -7.01e-05 -3.98e-06 -7.16e-07 -1.41e-05 -3.89e-06  0.000273  2.24e-05   5.2e-05  4.45e-06  7.58e-07 -3.64e-07 -3.94e-08 -8.06e-09 -5.22e-10 -0.000101 -1.76e-05  -5.8e-06 -1.24e-06 -0.000105 -1.81e-05 -1.56e-05 -4.87e-06 -5.28e-05 -1.48e-05 -2.94e-05 -0.000169 -3.97e-06 -0.000132 -0.000141  7.02e-05 -6.79e-05 -0.000125  0.000158 -0.000157  9.31e-07 -0.000351 -0.000111 -0.000216 -2.85e-05 -1.64e-06 -6.44e-05 -1.14e-05         1  -9.1e-05  -8.3e-05 -8.87e-06  1.01e-05
   0.0768 -0.000803   0.00655  -0.00386  -0.00689  -0.00232 -8.58e-16 -8.58e-16 -0.000117  -0.00191   1.6e-15  -0.00171  -0.00211 -0.000342  -0.00239 -0.000419 -0.000557  -0.00192  -0.00425  -0.00105 -8.57e-05  0.000473   0.00088   0.00025   -0.0219  0.000931   0.00154   0.00021  -0.00043   0.00019 -0.000101  0.000782  0.000591  0.000316   -0.0314  -0.00481  -2.4e-06  -0.00113 -0.000363  -0.00348 -7.92e-05  -0.00097   -0.0108     -0.03  -0.00213    -0.047 -0.000123  0.000212    0.0142    0.0138   0.00551   0.00398    0.0115    0.0111  -0.00084  -0.00349   0.00864  -0.00163  -0.00631  0.000958 -0.000882   -0.0062  -0.00831  -0.00471  -0.00573    -0.001     0.037   -0.0203   0.00425  -0.00121  0.000606 -0.000141  -5.2e-06 -1.38e-07  3.74e-08   -0.0484  -0.00933  -0.00203 -0.000114   -0.0416   -0.0012 -0.000134 -0.000181  -0.00117   -0.0107  -0.00944    0.0299   -0.0144   -0.0173   -0.0912     0.035   -0.0784  -0.00499   0.00272   -0.0791  -0.00365   -0.0818   -0.0501   -0.0756  -0.00902  -0.00034   -0.0276  -0.00468  -9.1e-05         1    -0.029   -0.0043   -0.0187
   0.0273  -0.00115   0.00124  -0.00314  -0.00294 -0.000702 -7.09e-16 -7.09e-16 -0.000217   -0.0015  6.93e-17  -0.00132 -0.000929 -0.000137  -0.00188 -0.000234 -0.000303 -0.000711  -0.00157 -0.000518 -0.000258  -0.00555  -0.00222 -0.000102  -0.00877 -0.000831 -0.000115 -0.000674  -0.00135  0.000313  -0.00113 -0.000136 -9.55e-05 -0.000195   -0.0119  -0.00425 -1.97e-06 -0.000465 -0.000151  0.000105  -3.9e-05  -0.00162  -0.00465  -0.00863  -0.00327  -0.00289  -0.00021  -0.00677   0.00142   0.00317  -0.00229  -0.00267   0.00578   0.00385  -0.00363  -0.00572  0.000838  -0.00113  -0.00295   -0.0038   0.00175  -0.00245  -0.00441   -0.0025  -0.00368  -0.00105    0.0295   -0.0143   0.00703 -0.000355  0.000147 -9.37e-05 -1.33e-05 -1.98e-06 -1.51e-07   -0.0199  -0.00838  -0.00106 -0.000378    -0.029  -0.00504  -0.00344   -0.0012   -0.0115  -0.00463  -0.00793    0.0109  -0.00818   -0.0163    -0.049   -0.0102     -0.04   -0.0222   0.00729    -0.045  -0.00211    -0.113   -0.0325   -0.0618  -0.00754 -0.000547   -0.0182  -0.00321  -8.3e-05    -0.029         1  -0.00239  -0.00911
   0.0123  -0.00024  0.000928  8.23e-05  0.000334  0.000131  6.34e-17  6.34e-17 -1.98e-05 -8.56e-05  2.59e-16  3.66e-05  4.49e-05   9.2e-06  5.95e-05  2.99e-06  2.64e-08  6.17e-05   0.00011 -0.000111 -4.16e-05  3.12e-05 -0.000121  1.74e-05  -0.00116  0.000148  1.22e-05 -4.03e-05 -4.42e-05 -4.27e-05  2.42e-05  1.48e-05 -3.57e-05 -2.11e-05    -0.002 -0.000631 -1.24e-07  -0.00012 -2.33e-05 -0.000279 -7.75e-06 -4.83e-05  -0.00093  -0.00236 -0.000843   -0.0018 -6.11e-06 -0.000738   0.00144   0.00052  0.000321  8.08e-05   0.00202   0.00181  5.88e-05 -0.000541   0.00134  3.51e-05 -0.000342  0.000893  0.000524  -0.00215  -0.00046 -0.000203 -0.000299 -2.86e-05   0.00781   0.00133   0.00169 -0.000284    0.0001 -9.19e-06  6.29e-07  5.36e-08  6.73e-09  -0.00433 -0.000582 -0.000164 -4.74e-06  -0.00355  3.69e-05  0.000115   3.4e-05  0.000543  -0.00103 -0.000894   -0.0118  -0.00137  -0.00287  -0.00933   0.00159   -0.0057 -0.000189   0.00192  -0.00635 -0.000485  -0.00504   -0.0043  -0.00657 -0.000648 -1.08e-06  -0.00232 -0.000379 -8.87e-06   -0.0043  -0.00239         1 -5.21e-05
    0.114   0.00128  -0.00391  -0.00708    -0.016  -0.00494 -9.38e-16 -9.38e-16     3e-05 -0.000936 -7.15e-16   -0.0029  -0.00679 -0.000803  -0.00448  -0.00065 -0.000822  -0.00468  -0.00993  -0.00161  -7.9e-05  -0.00224  -0.00087 -0.000215   -0.0331  -0.00103  -6.1e-05  0.000163  -0.00021  -0.00246 -0.000432 -0.000215  0.000724  6.91e-05   -0.0327  -0.00457  6.97e-07 -0.000649 -0.000399  -0.00643 -3.21e-05 -0.000482  -0.00855   -0.0217   0.00196   -0.0935 -0.000138   0.00843  0.000971   0.00991   0.00411  -0.00211   -0.0115   -0.0112  -0.00199  0.000246  -0.00745  -0.00182  -0.00379  -0.00656   -0.0153    0.0111  -0.00593  -0.00429  -0.00324 -0.000657    -0.105    -0.046   -0.0204  -0.00126  -0.00046    -5e-05 -9.87e-06 -3.29e-07 -4.93e-08  -0.00643  -0.00591 -0.000558 -0.000137     -0.01  -0.00181 -0.000781 -0.000357  -0.00312  -0.00197  -0.00244    0.0785  -0.00668   0.00998   -0.0172   -0.0151   -0.0319  -0.00012   -0.0433   -0.0315   -0.0019   -0.0507   -0.0132   -0.0208  -0.00291 -0.000254  -0.00725  -0.00132  1.01e-05   -0.0187  -0.00911 -5.21e-05         1

  Chi^2                                0.898788  +/- 1.89609
  Chi^2/ndf                            0.0998654
  Chi^2 for each template              1119.47 +/- 9.95036	742.052 +/- 7.32191	458.54 +/- 8.88225	263.624 +/- 6.59125	128.132 +/- 2.87069	54.7356 +/- 2.79334	11.4673 +/- 0.648414	9.87699 +/- 0.854425	
  Chi^2 for each template w.r.t. fit   1119.19 +/- 9.95036	741.188 +/- 7.32191	457.666 +/- 8.88225	261.913 +/- 6.59125	127.274 +/- 2.87069	53.0471 +/- 2.79334	11.0662 +/- 0.648414	9.37213 +/- 0.854425	  Partial chi^2                        0.00 (EG_RESOLUTION_ALL)    0.00 (EG_SCALE_ALL)    0.00 (EL_EFF_ID_TOTAL_1NPCOR_PLUS_UNCOR)    0.00 (EL_EFF_Iso_TOTAL_1NPCOR_PLUS_UNCOR)
  Partial chi^2                        0.00 (EL_EFF_Reco_TOTAL_1NPCOR_PLUS_UNCOR)    0.00 (EL_EFF_TriggerEff_TOTAL_1NPCOR_PLUS_UNCOR)    0.00 (EL_EFF_Trigger_TOTAL_1NPCOR_PLUS_UNCOR)    0.00 (FAKES_Electron)
  Partial chi^2                        0.00 (FAKES_Muon)    0.00 (FT_EFF_Eigen_B_0)    0.00 (FT_EFF_Eigen_B_1)    0.00 (FT_EFF_Eigen_B_2)
  Partial chi^2                        0.00 (FT_EFF_Eigen_B_3)    0.00 (FT_EFF_Eigen_B_4)    0.00 (FT_EFF_Eigen_B_5)    0.00 (FT_EFF_Eigen_B_6)
  Partial chi^2                        0.00 (FT_EFF_Eigen_B_7)    0.00 (FT_EFF_Eigen_B_8)    0.00 (FT_EFF_Eigen_C_0)    0.00 (FT_EFF_Eigen_C_1)
  Partial chi^2                        0.00 (FT_EFF_Eigen_C_2)    0.00 (FT_EFF_Eigen_C_3)    0.00 (FT_EFF_Eigen_Light_0)    0.00 (FT_EFF_Eigen_Light_1)
  Partial chi^2                        0.00 (FT_EFF_Eigen_Light_2)    0.00 (FT_EFF_Eigen_Light_3)    0.00 (FT_EFF_extrapolation)    0.00 (FT_EFF_extrapolation_from_charm)
  Partial chi^2                        0.01 (FULL_SYS_SUM)    0.02 (FULL_SYS_SUM_DETECTOR)    0.18 (FULL_SYS_SUM_THEORY)    0.01 (FULL_SYS_TOYS)
  Partial chi^2                        0.00 (JET_EffectiveNP_Detector1)    0.00 (JET_EffectiveNP_Detector2)    0.00 (JET_EffectiveNP_Mixed1)    0.00 (JET_EffectiveNP_Mixed2)
  Partial chi^2                        0.00 (JET_EffectiveNP_Mixed3)    0.00 (JET_EffectiveNP_Modelling1)    0.00 (JET_EffectiveNP_Modelling2)    0.00 (JET_EffectiveNP_Modelling3)
  Partial chi^2                        0.00 (JET_EffectiveNP_Modelling4)    0.00 (JET_EffectiveNP_Statistical1)    0.00 (JET_EffectiveNP_Statistical2)    0.00 (JET_EffectiveNP_Statistical3)
  Partial chi^2                        0.00 (JET_EffectiveNP_Statistical4)    0.00 (JET_EffectiveNP_Statistical5)    0.00 (JET_EffectiveNP_Statistical6)    0.00 (JET_EtaIntercalibration_Modelling)
  Partial chi^2                        0.00 (JET_EtaIntercalibration_NonClosure_2018data)    0.00 (JET_EtaIntercalibration_NonClosure_highE)    0.00 (JET_EtaIntercalibration_NonClosure_negEta)    0.00 (JET_EtaIntercalibration_NonClosure_posEta)
  Partial chi^2                        0.00 (JET_EtaIntercalibration_TotalStat)    0.00 (JET_Flavor_Composition_prop)    0.00 (JET_Flavor_Response_prop)    0.00 (JET_JER_DataVsMC_MC16_PseudoData)
  Partial chi^2                        0.00 (JET_JER_EffectiveNP_10_PseudoData)    0.00 (JET_JER_EffectiveNP_11_PseudoData)    0.00 (JET_JER_EffectiveNP_12restTerm_PseudoData)    0.00 (JET_JER_EffectiveNP_1_PseudoData)
  Partial chi^2                        0.00 (JET_JER_EffectiveNP_2_PseudoData)    0.00 (JET_JER_EffectiveNP_3_PseudoData)    0.00 (JET_JER_EffectiveNP_4_PseudoData)    0.00 (JET_JER_EffectiveNP_5_PseudoData)
  Partial chi^2                        0.00 (JET_JER_EffectiveNP_6_PseudoData)    0.00 (JET_JER_EffectiveNP_7_PseudoData)    0.00 (JET_JER_EffectiveNP_8_PseudoData)    0.00 (JET_JER_EffectiveNP_9_PseudoData)
  Partial chi^2                        0.00 (JET_JvtEfficiency)    0.00 (JET_Pileup_OffsetMu)    0.00 (JET_Pileup_OffsetNPV)    0.00 (JET_Pileup_PtTerm)
  Partial chi^2                        0.01 (JET_Pileup_RhoTopology)    0.00 (JET_PunchThrough_MC16)    0.00 (LUMINOSITY)    0.00 (MET_SoftTrk_ResoPara)
  Partial chi^2                        0.00 (MET_SoftTrk_ResoPerp)    0.00 (MET_SoftTrk_Scale)    0.00 (MUON_EFF_BADMUON_SYS)    0.00 (MUON_EFF_ISO_STAT)
  Partial chi^2                        0.00 (MUON_EFF_ISO_SYS)    0.00 (MUON_EFF_RECO_STAT)    0.00 (MUON_EFF_RECO_SYS)    0.00 (MUON_EFF_TTVA_STAT)
  Partial chi^2                        0.00 (MUON_EFF_TTVA_SYS)    0.00 (MUON_EFF_TrigStatUncertainty)    0.00 (MUON_EFF_TrigSystUncertainty)    0.00 (MUON_SAGITTA_DATASTAT)
  Partial chi^2                        0.00 (MUON_SAGITTA_RESBIAS)    0.00 (PRW_DATASF)    0.56 (STAT_DATA)    0.01 (STAT_MC)  
  Partial chi^2                        0.00 (THEORY_CROSS_SECTION_Wjets)    0.00 (THEORY_CROSS_SECTION_other_top_noWt)    0.00 (THEORY_CROSS_SECTION_signal)    0.05 (THEORY_DR_DS_signal)
  Partial chi^2                        0.00 (THEORY_EWK_Wjets)    0.00 (THEORY_EWK_multiboson_noW)    0.00 (THEORY_FSR_signal)    0.00 (THEORY_HDAMP_signal)
  Partial chi^2                        0.01 (THEORY_ISR_signal)    0.00 (THEORY_PDF4LHC_VARIATION_Wjets)    0.00 (THEORY_PDF4LHC_VARIATION_multiboson_noW)    0.00 (THEORY_PDF4LHC_VARIATION_signal)
  Partial chi^2                        0.02 (THEORY_PTHARD_signal)    0.00 (THEORY_SCALE_COMBINED_Wjets)    0.00 (THEORY_SCALE_COMBINED_multiboson_noW)    0.00 (THEORY_SCALE_FACTORISATION_signal)
  Partial chi^2                        0.00 (THEORY_SCALE_RENORMALISATION_signal)    0.09 (THEORY_SHOWERING_HERWIG7_signal)    0.01 (THEORY_TOPRECOIL_signal)    0.00 (THEORY_TOP_MASS_signal)
  Partial chi^2                        0.01 (TOTAL)        0.00 (TOTAL_NO_DR_DS)    0.01 (TOTAL_SYSONLY)    0.00 (WMASS_VAR_signal)
  Partial chi^2                        0.11 (pseudoDataStat)

  Uncertainties from HESSE matrix
     LTF: Result[0]:                   179.655  +/- 0.551473 (fit [from HESSE])

  Alternative result from pol2-fit to chi^2 values of the templates
     Result(pol2-chi2)[0]              178.546   +/- 0.481269 (fit)
     Chi^2(min)                        -30.3057

  Result from linearized second-order model approximation
     EDM (Taylor) [0]                  0.395995

  Expected distance to minimum
     EDM (Newton) [0]                  0.322431
     EDM Delta-chi^2                   -2.37197


  'Uncertainties' on M from second-order model approximation
     sigma_m[0]                       0.358193
     sigma_m[EG_RESOLUTION_ALL]       -0.00
     sigma_m[EG_SCALE_ALL]            0.00
     sigma_m[EL_EFF_ID_TOTAL_1NPCOR_PLUS_UNCOR] 0.01
     sigma_m[EL_EFF_Iso_TOTAL_1NPCOR_PLUS_UNCOR] 0.03
     sigma_m[EL_EFF_Reco_TOTAL_1NPCOR_PLUS_UNCOR] 0.01
     sigma_m[EL_EFF_TriggerEff_TOTAL_1NPCOR_PLUS_UNCOR] 0.00
     sigma_m[EL_EFF_Trigger_TOTAL_1NPCOR_PLUS_UNCOR] 0.00
     sigma_m[MUON_SAGITTA_DATASTAT]   -0.00
     sigma_m[MUON_SAGITTA_RESBIAS]    0.00
     sigma_m[MUON_EFF_BADMUON_SYS]    0.00
     sigma_m[MUON_EFF_ISO_STAT]       0.00
     sigma_m[MUON_EFF_ISO_SYS]        0.01
     sigma_m[MUON_EFF_RECO_STAT]      0.00
     sigma_m[MUON_EFF_RECO_SYS]       0.01
     sigma_m[MUON_EFF_TTVA_STAT]      0.00
     sigma_m[MUON_EFF_TTVA_SYS]       0.00
     sigma_m[MUON_EFF_TrigStatUncertainty] 0.01
     sigma_m[MUON_EFF_TrigSystUncertainty] 0.02
     sigma_m[JET_EffectiveNP_Detector1] -0.00
     sigma_m[JET_EffectiveNP_Detector2] -0.00
     sigma_m[JET_EffectiveNP_Mixed1]  -0.01
     sigma_m[JET_EffectiveNP_Mixed2]  -0.02
     sigma_m[JET_EffectiveNP_Mixed3]  -0.00
     sigma_m[JET_EffectiveNP_Modelling1] -0.04
     sigma_m[JET_EffectiveNP_Modelling2] 0.00
     sigma_m[JET_EffectiveNP_Modelling3] -0.00
     sigma_m[JET_EffectiveNP_Modelling4] -0.00
     sigma_m[JET_EffectiveNP_Statistical1] -0.00
     sigma_m[JET_EffectiveNP_Statistical2] -0.00
     sigma_m[JET_EffectiveNP_Statistical3] -0.00
     sigma_m[JET_EffectiveNP_Statistical4] -0.00
     sigma_m[JET_EffectiveNP_Statistical5] -0.00
     sigma_m[JET_EffectiveNP_Statistical6] -0.00
     sigma_m[JET_EtaIntercalibration_Modelling] 0.00
     sigma_m[JET_EtaIntercalibration_NonClosure_2018data] -0.02
     sigma_m[JET_EtaIntercalibration_NonClosure_highE] -0.00
     sigma_m[JET_EtaIntercalibration_NonClosure_negEta] 0.00
     sigma_m[JET_EtaIntercalibration_NonClosure_posEta] 0.00
     sigma_m[JET_EtaIntercalibration_TotalStat] 0.00
     sigma_m[JET_Flavor_Composition_prop] -0.00
     sigma_m[JET_Flavor_Response_prop] -0.00
     sigma_m[JET_Pileup_OffsetMu]     -0.01
     sigma_m[JET_Pileup_OffsetNPV]    -0.04
     sigma_m[JET_Pileup_PtTerm]       -0.03
     sigma_m[JET_Pileup_RhoTopology]  -0.01
     sigma_m[JET_PunchThrough_MC16]   -0.00
     sigma_m[JET_JER_DataVsMC_MC16_PseudoData] -0.03
     sigma_m[JET_JER_EffectiveNP_1_PseudoData] 0.01
     sigma_m[JET_JER_EffectiveNP_2_PseudoData] -0.01
     sigma_m[JET_JER_EffectiveNP_3_PseudoData] -0.01
     sigma_m[JET_JER_EffectiveNP_4_PseudoData] 0.02
     sigma_m[JET_JER_EffectiveNP_5_PseudoData] 0.05
     sigma_m[JET_JER_EffectiveNP_6_PseudoData] 0.04
     sigma_m[JET_JER_EffectiveNP_7_PseudoData] 0.00
     sigma_m[JET_JER_EffectiveNP_8_PseudoData] -0.01
     sigma_m[JET_JER_EffectiveNP_9_PseudoData] 0.03
     sigma_m[JET_JER_EffectiveNP_10_PseudoData] -0.00
     sigma_m[JET_JER_EffectiveNP_11_PseudoData] 0.01
     sigma_m[JET_JER_EffectiveNP_12restTerm_PseudoData] 0.02
     sigma_m[JET_JvtEfficiency]       0.03
     sigma_m[PRW_DATASF]              -0.04
     sigma_m[MET_SoftTrk_ResoPara]    0.00
     sigma_m[MET_SoftTrk_ResoPerp]    0.01
     sigma_m[MET_SoftTrk_Scale]       -0.00
     sigma_m[WMASS_VAR_signal]        0.00
     sigma_m[FT_EFF_Eigen_B_0]        0.20
     sigma_m[FT_EFF_Eigen_B_1]        0.07
     sigma_m[FT_EFF_Eigen_B_2]        0.05
     sigma_m[FT_EFF_Eigen_B_3]        0.00
     sigma_m[FT_EFF_Eigen_B_4]        0.00
     sigma_m[FT_EFF_Eigen_B_5]        -0.00
     sigma_m[FT_EFF_Eigen_B_6]        0.00
     sigma_m[FT_EFF_Eigen_B_7]        -0.00
     sigma_m[FT_EFF_Eigen_B_8]        -0.00
     sigma_m[FT_EFF_Eigen_C_0]        -0.02
     sigma_m[FT_EFF_Eigen_C_1]        0.00
     sigma_m[FT_EFF_Eigen_C_2]        -0.00
     sigma_m[FT_EFF_Eigen_C_3]        -0.00
     sigma_m[FT_EFF_Eigen_Light_0]    -0.02
     sigma_m[FT_EFF_Eigen_Light_1]    -0.00
     sigma_m[FT_EFF_Eigen_Light_2]    -0.00
     sigma_m[FT_EFF_Eigen_Light_3]    -0.00
     sigma_m[FT_EFF_extrapolation]    -0.01
     sigma_m[FT_EFF_extrapolation_from_charm] -0.00
     sigma_m[THEORY_CROSS_SECTION_signal] -0.01
     sigma_m[THEORY_SHOWERING_HERWIG7_signal] -0.22
     sigma_m[THEORY_SCALE_FACTORISATION_signal] 0.00
     sigma_m[THEORY_SCALE_RENORMALISATION_signal] -0.05
     sigma_m[THEORY_ISR_signal]       -0.00
     sigma_m[THEORY_FSR_signal]       0.01
     sigma_m[THEORY_HDAMP_signal]     0.04
     sigma_m[THEORY_PTHARD_signal]    -0.01
     sigma_m[THEORY_TOPRECOIL_signal] 0.11
     sigma_m[THEORY_TOP_MASS_signal]  0.01
     sigma_m[THEORY_PDF4LHC_VARIATION_signal] 0.00
     sigma_m[THEORY_DR_DS_signal]     -0.02
     sigma_m[THEORY_CROSS_SECTION_Wjets] -0.02
     sigma_m[THEORY_SCALE_COMBINED_Wjets] -0.04
     sigma_m[THEORY_PDF4LHC_VARIATION_Wjets] -0.01
     sigma_m[THEORY_EWK_Wjets]        -0.00
     sigma_m[THEORY_SCALE_COMBINED_multiboson_noW] -0.01
     sigma_m[THEORY_PDF4LHC_VARIATION_multiboson_noW] -0.00
     sigma_m[THEORY_EWK_multiboson_noW] -0.00
     sigma_m[THEORY_CROSS_SECTION_other_top_noWt] -0.01
     sigma_m[FAKES_Electron]          -0.01
     sigma_m[FAKES_Muon]              -0.00
     sigma_m[LUMINOSITY]              0.05

  Settings
     Number of data points             10
     Number of templates               8
     Number of fit parameters          1
     Template reference values [0]     162.5   165 167.5   170 172.5   175 177.5 182.5
     Number of nuisance param.         107
     Gamma[0]                          1.000
     LogNormal                         false
     Response matrix                   false

  please cite: D. Britzger, The Linear Template Fit, Eur.Phys.J.C 82 (2022) 731, arXiv:2112.01548.
------------------------------------------------------------------------

Warning in <TROOT::Append>: Replacing existing TH1: hist (Potential memory leak).
Warning in <TROOT::Append>: Replacing existing TH1: hist (Potential memory leak).
Warning in <TROOT::Append>: Replacing existing TH1: hist (Potential memory leak).
Warning in <TROOT::Append>: Replacing existing TH1: hist (Potential memory leak).
Warning in <TROOT::Append>: Replacing existing TH1: hist (Potential memory leak).
Warning in <TROOT::Append>: Replacing existing TH1: hist (Potential memory leak).
Warning in <TROOT::Append>: Replacing existing TH1: hist (Potential memory leak).
Warning in <TROOT::Append>: Replacing existing TH1: hist (Potential memory leak).
Warning in <TROOT::Append>: Replacing existing TH1: hist (Potential memory leak).
Info in <TCanvas::Print>: ps file plots/fit_mbl.ps has been created
Info in <TCanvas::Print>: Current canvas added to ps file plots/fit_mbl.ps
Info in <TCanvas::Print>: Current canvas added to ps file plots/fit_mbl.ps
Info in <TCanvas::Print>: Current canvas added to ps file plots/fit_mbl.ps
Info in <TCanvas::Print>: Current canvas added to ps file plots/fit_mbl.ps
Info in <TCanvas::Print>: Current canvas added to ps file plots/fit_mbl.ps
Info in <TCanvas::Print>: Current canvas added to ps file plots/fit_mbl.ps
Info in <TCanvas::Print>: Current canvas added to ps file plots/fit_mbl.ps
Info in <TCanvas::Print>: Current canvas added to ps file plots/fit_mbl.ps
Info in <TCanvas::Print>: Current canvas added to ps file plots/fit_mbl.ps
Info in <TCanvas::Print>: Current canvas added to ps file plots/fit_mbl.ps
Info in <TCanvas::Print>: Current canvas added to ps file plots/fit_mbl.ps
Info in <TCanvas::Print>: Current canvas added to ps file plots/fit_mbl.ps
Info in <TCanvas::Print>: Current canvas added to ps file plots/fit_mbl.ps
Info in <TCanvas::Print>: Current canvas added to ps file plots/fit_mbl.ps
Info in <TCanvas::Print>: Current canvas added to ps file plots/fit_mbl.ps
Info in <TCanvas::Print>: Current canvas added to ps file plots/fit_mbl.ps
Info in <TCanvas::Print>: Current canvas added to ps file plots/fit_mbl.ps
Info in <TCanvas::Print>: Current canvas added to ps file plots/fit_mbl.ps
Info in <TCanvas::Print>: Current canvas added to ps file plots/fit_mbl.ps
Info in <TCanvas::Print>: Current canvas added to ps file plots/fit_mbl.ps
Info in <TCanvas::Print>: Current canvas added to ps file plots/fit_mbl.ps
Info in <TCanvas::Print>: Current canvas added to ps file plots/fit_mbl.ps
Info in <TCanvas::Print>: Current canvas added to ps file plots/fit_mbl.ps
Info in <TCanvas::Print>: Current canvas added to ps file plots/fit_mbl.ps
Info in <TCanvas::Print>: Current canvas added to ps file plots/fit_mbl.ps
Info in <TCanvas::Print>: Current canvas added to ps file plots/fit_mbl.ps
Info in <TCanvas::Print>: Current canvas added to ps file plots/fit_mbl.ps
Info in <TCanvas::Print>: Current canvas added to ps file plots/fit_mbl.ps
Info in <TCanvas::Print>: Current canvas added to ps file plots/fit_mbl.ps
Info in <TCanvas::Print>: Current canvas added to ps file plots/fit_mbl.ps
Info in <TCanvas::Print>: Current canvas added to ps file plots/fit_mbl.ps
Info in <TCanvas::Print>: ps file plots/fit_mbl.ps has been closed
Found covarinace matrix unfolding_covariance_matrix_mbwhad_selected_covariance_STAT_DATA
Determinant of covariance matrix 2.92341e-37
Johannes print final correltaion matrix
1	-0.367114	0.124104	-0.0102883	0.0301477	0.0249596	-0.0199066	-0.0498203	
-0.367114	1	-0.597727	0.0853252	-0.00318656	0.0472456	-0.0123551	0.0105914	
0.124104	-0.597727	1	-0.278414	0.0386791	-0.0551904	0.00681515	0.0508684	
-0.0102883	0.0853252	-0.278414	1	-0.277573	0.0986475	-0.0363062	-0.0135197	
0.0301477	-0.00318656	0.0386791	-0.277573	1	-0.351092	0.111181	-0.0635855	
0.0249596	0.0472456	-0.0551904	0.0986475	-0.351092	1	-0.364353	0.0580908	
-0.0199066	-0.0123551	0.00681515	-0.0363062	0.111181	-0.364353	1	-0.280819	
-0.0498203	0.0105914	0.0508684	-0.0135197	-0.0635855	0.0580908	-0.280819	1	
Warning in <TROOT::Append>: Replacing existing TH1: total_error (Potential memory leak).
TH1.Print Name  = total_error, Entries= 856, Total sum= 0.812715
 fSumw[0]=0, x=-0.5, error=0
 fSumw[1]=0.106435, x=0.5, error=0
 fSumw[2]=0.140581, x=1.5, error=0
 fSumw[3]=0.102963, x=2.5, error=0
 fSumw[4]=0.148362, x=3.5, error=0
 fSumw[5]=0.0626302, x=4.5, error=0
 fSumw[6]=0.0720239, x=5.5, error=0
 fSumw[7]=0.0643816, x=6.5, error=0
 fSumw[8]=0.115339, x=7.5, error=0
 fSumw[9]=0, x=8.5, error=0
STAT_MC 0.00293556
STAT_MC 0.00171278
STAT_MC 0.000708049
STAT_MC 0.00225478
STAT_MC 0.00358833
STAT_MC 0.004986
STAT_MC 0.00516222
STAT_MC 0.00778
TH1.Print Name  = total_error, Entries= 864, Total sum= 0.813529
 fSumw[0]=0, x=-0.5, error=0
 fSumw[1]=0.106476, x=0.5, error=0
 fSumw[2]=0.140591, x=1.5, error=0
 fSumw[3]=0.102965, x=2.5, error=0
 fSumw[4]=0.148379, x=3.5, error=0
 fSumw[5]=0.0627329, x=4.5, error=0
 fSumw[6]=0.0721963, x=5.5, error=0
 fSumw[7]=0.0645883, x=6.5, error=0
 fSumw[8]=0.115601, x=7.5, error=0
 fSumw[9]=0, x=8.5, error=0
TH1.Print Name  = total_error, Entries= 872, Total sum= 0.826941
 fSumw[0]=0, x=-0.5, error=0
 fSumw[1]=0.106726, x=0.5, error=0
 fSumw[2]=0.140632, x=1.5, error=0
 fSumw[3]=0.102988, x=2.5, error=0
 fSumw[4]=0.148438, x=3.5, error=0
 fSumw[5]=0.0633556, x=4.5, error=0
 fSumw[6]=0.0739434, x=5.5, error=0
 fSumw[7]=0.0685176, x=6.5, error=0
 fSumw[8]=0.12234, x=7.5, error=0
 fSumw[9]=0, x=8.5, error=0

        Data        Stat Tmpl_162.50 Stat_162.50 Tmpl_165.00 Stat_165.00 Tmpl_167.50 Stat_167.50 Tmpl_170.00 Stat_170.00 Tmpl_172.50 Stat_172.50 Tmpl_175.00 Stat_175.00 Tmpl_177.50 Stat_177.50 Tmpl_182.50 Stat_182.50
    0.325103    0.002376    0.501124    0.001928    0.470297    0.001785    0.441942    0.002848    0.412722    0.002746    0.389897    0.001798    0.370175    0.002357    0.346553    0.001262    0.303533    0.001348
    1.516108    0.005141    3.665329    0.005259    3.203530    0.004653    2.790967    0.007088    2.422203    0.006628    2.146594    0.004203    1.890956    0.005292    1.685302    0.002801    1.368620    0.002892
    3.824024    0.008143    3.229664    0.004935    3.467408    0.004813    3.677169    0.008063    3.810714    0.008303    3.866342    0.005538    3.887513    0.007676    3.867677    0.004233    3.727112    0.004773
    1.042926    0.004375    0.971584    0.002816    0.969262    0.002595    0.973582    0.004253    0.990226    0.004271    0.990163    0.002842    1.009264    0.003991    1.022159    0.002218    1.069729    0.002607
    0.237243    0.002102    0.258220    0.001561    0.251744    0.001403    0.247901    0.002157    0.244515    0.002157    0.242145    0.001386    0.238404    0.002050    0.237219    0.001089    0.231427    0.001260
    0.076751    0.001226    0.085147    0.000854    0.082934    0.000787    0.081958    0.001258    0.081389    0.001287    0.080102    0.000776    0.078609    0.001156    0.076169    0.000630    0.074774    0.000725
    0.033690    0.000770    0.038144    0.000602    0.036930    0.000501    0.037709    0.000915    0.036247    0.000813    0.035263    0.000489    0.034790    0.000766    0.034451    0.000430    0.033085    0.000497
    0.010023    0.000401    0.011053    0.000330    0.010426    0.000252    0.010632    0.000448    0.009234    0.000377    0.010206    0.000249    0.009725    0.000383    0.009530    0.000218    0.009409    0.000246

LTF::DoLiTeFit(). Fit done. Result:  179  +/- 0.694801 (fit)  +/- 0.487812 (ext)  +/- 0.0376873 (tmpl)  +/- 0 (MatA)   [chi^2=0.372743]

------------------------------------------------------------------------
        Result of the 1-dimensional linear template fit
        ```````````````````````````````````````````````
  LTF. Result[0]:   179  +/- 0.694801 (fit)  +/- 0.487812 (ext)

  LTF. Result[0]:   178.999581
                             +/-  0.278996 (STAT_DATA)
                             +/-  0.039016 (STAT_MC)
                             +/-  0.097622 (pseudoDataStat)
                             +/- -0.000983 (EG_RESOLUTION_ALL)
                             +/-  0.000204 (EG_SCALE_ALL)
                             +/- -0.001716 (EL_EFF_ID_TOTAL_1NPCOR_PLUS_UNCOR)
                             +/- -0.010544 (EL_EFF_Iso_TOTAL_1NPCOR_PLUS_UNCOR)
                             +/- -0.003918 (EL_EFF_Reco_TOTAL_1NPCOR_PLUS_UNCOR)
                             +/- -0.000000 (EL_EFF_TriggerEff_TOTAL_1NPCOR_PLUS_UNCOR)
                             +/- -0.000000 (EL_EFF_Trigger_TOTAL_1NPCOR_PLUS_UNCOR)
                             +/- -0.023937 (FAKES_Electron)
                             +/- -0.004750 (FAKES_Muon)
                             +/- -0.300959 (FT_EFF_Eigen_B_0)
                             +/-  0.074772 (FT_EFF_Eigen_B_1)
                             +/-  0.012895 (FT_EFF_Eigen_B_2)
                             +/- -0.029518 (FT_EFF_Eigen_B_3)
                             +/-  0.000116 (FT_EFF_Eigen_B_4)
                             +/- -0.000329 (FT_EFF_Eigen_B_5)
                             +/-  0.000017 (FT_EFF_Eigen_B_6)
                             +/- -0.000005 (FT_EFF_Eigen_B_7)
                             +/- -0.000000 (FT_EFF_Eigen_B_8)
                             +/- -0.004009 (FT_EFF_Eigen_C_0)
                             +/-  0.000814 (FT_EFF_Eigen_C_1)
                             +/-  0.000290 (FT_EFF_Eigen_C_2)
                             +/- -0.000167 (FT_EFF_Eigen_C_3)
                             +/- -0.024720 (FT_EFF_Eigen_Light_0)
                             +/- -0.002004 (FT_EFF_Eigen_Light_1)
                             +/-  0.000664 (FT_EFF_Eigen_Light_2)
                             +/-  0.000247 (FT_EFF_Eigen_Light_3)
                             +/-  0.001805 (FT_EFF_extrapolation)
                             +/- -0.009566 (FT_EFF_extrapolation_from_charm)
                             +/- -0.010984 (JET_EffectiveNP_Detector1)
                             +/- -0.002147 (JET_EffectiveNP_Detector2)
                             +/- -0.044016 (JET_EffectiveNP_Mixed1)
                             +/- -0.032687 (JET_EffectiveNP_Mixed2)
                             +/- -0.001338 (JET_EffectiveNP_Mixed3)
                             +/- -0.112013 (JET_EffectiveNP_Modelling1)
                             +/- -0.026329 (JET_EffectiveNP_Modelling2)
                             +/- -0.044324 (JET_EffectiveNP_Modelling3)
                             +/- -0.008162 (JET_EffectiveNP_Modelling4)
                             +/-  0.001568 (JET_EffectiveNP_Statistical1)
                             +/-  0.006676 (JET_EffectiveNP_Statistical2)
                             +/- -0.001419 (JET_EffectiveNP_Statistical3)
                             +/- -0.017056 (JET_EffectiveNP_Statistical4)
                             +/- -0.017586 (JET_EffectiveNP_Statistical5)
                             +/- -0.008930 (JET_EffectiveNP_Statistical6)
                             +/- -0.029393 (JET_EtaIntercalibration_Modelling)
                             +/- -0.050507 (JET_EtaIntercalibration_NonClosure_2018data)
                             +/- -0.000005 (JET_EtaIntercalibration_NonClosure_highE)
                             +/- -0.001509 (JET_EtaIntercalibration_NonClosure_negEta)
                             +/- -0.002484 (JET_EtaIntercalibration_NonClosure_posEta)
                             +/-  0.008351 (JET_EtaIntercalibration_TotalStat)
                             +/-  0.000039 (JET_Flavor_Composition_prop)
                             +/-  0.004136 (JET_Flavor_Response_prop)
                             +/-  0.068181 (JET_JER_DataVsMC_MC16_PseudoData)
                             +/-  0.001855 (JET_JER_EffectiveNP_10_PseudoData)
                             +/- -0.008713 (JET_JER_EffectiveNP_11_PseudoData)
                             +/-  0.028595 (JET_JER_EffectiveNP_12restTerm_PseudoData)
                             +/-  0.122380 (JET_JER_EffectiveNP_1_PseudoData)
                             +/-  0.272766 (JET_JER_EffectiveNP_2_PseudoData)
                             +/-  0.013229 (JET_JER_EffectiveNP_3_PseudoData)
                             +/- -0.088087 (JET_JER_EffectiveNP_4_PseudoData)
                             +/-  0.037965 (JET_JER_EffectiveNP_5_PseudoData)
                             +/-  0.048385 (JET_JER_EffectiveNP_6_PseudoData)
                             +/-  0.030064 (JET_JER_EffectiveNP_7_PseudoData)
                             +/- -0.027655 (JET_JER_EffectiveNP_8_PseudoData)
                             +/-  0.034789 (JET_JER_EffectiveNP_9_PseudoData)
                             +/- -0.049013 (JET_JvtEfficiency)
                             +/-  0.020308 (JET_Pileup_OffsetMu)
                             +/-  0.048645 (JET_Pileup_OffsetNPV)
                             +/- -0.084127 (JET_Pileup_PtTerm)
                             +/-  0.100478 (JET_Pileup_RhoTopology)
                             +/-  0.000269 (JET_PunchThrough_MC16)
                             +/- -0.021602 (LUMINOSITY)
                             +/-  0.006602 (MET_SoftTrk_ResoPara)
                             +/-  0.001516 (MET_SoftTrk_ResoPerp)
                             +/-  0.005355 (MET_SoftTrk_Scale)
                             +/- -0.000000 (MUON_EFF_BADMUON_SYS)
                             +/- -0.000853 (MUON_EFF_ISO_STAT)
                             +/- -0.003859 (MUON_EFF_ISO_SYS)
                             +/- -0.000490 (MUON_EFF_RECO_STAT)
                             +/- -0.000735 (MUON_EFF_RECO_SYS)
                             +/- -0.000208 (MUON_EFF_TTVA_STAT)
                             +/- -0.000279 (MUON_EFF_TTVA_SYS)
                             +/- -0.002981 (MUON_EFF_TrigStatUncertainty)
                             +/- -0.006075 (MUON_EFF_TrigSystUncertainty)
                             +/- -0.000074 (MUON_SAGITTA_DATASTAT)
                             +/- -0.000248 (MUON_SAGITTA_RESBIAS)
                             +/- -0.089902 (PRW_DATASF)
                             +/- -0.019387 (THEORY_CROSS_SECTION_Wjets)
                             +/- -0.037891 (THEORY_CROSS_SECTION_other_top_noWt)
                             +/- -0.005330 (THEORY_CROSS_SECTION_signal)
                             +/- -0.058337 (THEORY_DR_DS_signal)
                             +/-  0.000173 (THEORY_EWK_Wjets)
                             +/- -0.000075 (THEORY_EWK_multiboson_noW)
                             +/- -0.190059 (THEORY_FSR_signal)
                             +/-  0.053802 (THEORY_HDAMP_signal)
                             +/-  0.074477 (THEORY_ISR_signal)
                             +/- -0.006453 (THEORY_PDF4LHC_VARIATION_Wjets)
                             +/- -0.001673 (THEORY_PDF4LHC_VARIATION_multiboson_noW)
                             +/- -0.005002 (THEORY_PDF4LHC_VARIATION_signal)
                             +/-  0.008461 (THEORY_PTHARD_signal)
                             +/- -0.025625 (THEORY_SCALE_COMBINED_Wjets)
                             +/- -0.011349 (THEORY_SCALE_COMBINED_multiboson_noW)
                             +/- -0.012091 (THEORY_SCALE_FACTORISATION_signal)
                             +/-  0.020860 (THEORY_SCALE_RENORMALISATION_signal)
                             +/-  0.046599 (THEORY_SHOWERING_HERWIG7_signal)
                             +/- -0.133431 (THEORY_TOPRECOIL_signal)
                             +/- -0.246384 (THEORY_TOP_MASS_signal)
                             +/- -0.000028 (WMASS_VAR_signal)

                             +/- -0.183825 (FULL_SYS_SUM)
                             +/- -0.167641 (FULL_SYS_SUM_DETECTOR)
                             +/- -0.207412 (FULL_SYS_SUM_THEORY)
                             +/- -0.183825 (FULL_SYS_TOYS)
                             +/- -0.182499 (TOTAL)
                             +/- -0.178974 (TOTAL_NO_DR_DS)
                             +/- -0.184164 (TOTAL_SYSONLY)
                             +/-  0.037687 (statY)

  Nuisance parameters                  0.002  +/-  1.000  (EG_RESOLUTION_ALL)
                                       0.003  +/-  1.000  (EG_SCALE_ALL)
                                       0.003  +/-  0.999  (EL_EFF_ID_TOTAL_1NPCOR_PLUS_UNCOR)
                                       0.006  +/-  0.995  (EL_EFF_Iso_TOTAL_1NPCOR_PLUS_UNCOR)
                                       0.002  +/-  1.000  (EL_EFF_Reco_TOTAL_1NPCOR_PLUS_UNCOR)
                                       0.000  +/-  1.000  (EL_EFF_TriggerEff_TOTAL_1NPCOR_PLUS_UNCOR)
                                       0.000  +/-  1.000  (EL_EFF_Trigger_TOTAL_1NPCOR_PLUS_UNCOR)
                                      -0.000  +/-  1.000  (MUON_SAGITTA_DATASTAT)
                                       0.000  +/-  1.000  (MUON_SAGITTA_RESBIAS)
                                      -0.000  +/-  1.000  (MUON_EFF_BADMUON_SYS)
                                       0.001  +/-  1.000  (MUON_EFF_ISO_STAT)
                                       0.003  +/-  0.999  (MUON_EFF_ISO_SYS)
                                       0.000  +/-  1.000  (MUON_EFF_RECO_STAT)
                                       0.002  +/-  1.000  (MUON_EFF_RECO_SYS)
                                       0.000  +/-  1.000  (MUON_EFF_TTVA_STAT)
                                       0.000  +/-  1.000  (MUON_EFF_TTVA_SYS)
                                       0.002  +/-  1.000  (MUON_EFF_TrigStatUncertainty)
                                       0.004  +/-  0.998  (MUON_EFF_TrigSystUncertainty)
                                      -0.006  +/-  0.999  (JET_EffectiveNP_Detector1)
                                      -0.000  +/-  1.000  (JET_EffectiveNP_Detector2)
                                      -0.002  +/-  0.982  (JET_EffectiveNP_Mixed1)
                                      -0.012  +/-  0.994  (JET_EffectiveNP_Mixed2)
                                      -0.004  +/-  1.000  (JET_EffectiveNP_Mixed3)
                                      -0.124  +/-  0.888  (JET_EffectiveNP_Modelling1)
                                       0.003  +/-  0.999  (JET_EffectiveNP_Modelling2)
                                      -0.003  +/-  0.996  (JET_EffectiveNP_Modelling3)
                                      -0.002  +/-  1.000  (JET_EffectiveNP_Modelling4)
                                       0.000  +/-  0.999  (JET_EffectiveNP_Statistical1)
                                      -0.010  +/-  0.999  (JET_EffectiveNP_Statistical2)
                                      -0.000  +/-  1.000  (JET_EffectiveNP_Statistical3)
                                      -0.000  +/-  0.999  (JET_EffectiveNP_Statistical4)
                                      -0.002  +/-  0.999  (JET_EffectiveNP_Statistical5)
                                      -0.001  +/-  1.000  (JET_EffectiveNP_Statistical6)
                                      -0.056  +/-  0.962  (JET_EtaIntercalibration_Modelling)
                                      -0.022  +/-  0.988  (JET_EtaIntercalibration_NonClosure_2018data)
                                       0.000  +/-  1.000  (JET_EtaIntercalibration_NonClosure_highE)
                                       0.002  +/-  1.000  (JET_EtaIntercalibration_NonClosure_negEta)
                                       0.000  +/-  1.000  (JET_EtaIntercalibration_NonClosure_posEta)
                                      -0.019  +/-  0.998  (JET_EtaIntercalibration_TotalStat)
                                      -0.000  +/-  1.000  (JET_Flavor_Composition_prop)
                                       0.001  +/-  0.998  (JET_Flavor_Response_prop)
                                      -0.014  +/-  0.994  (JET_Pileup_OffsetMu)
                                      -0.051  +/-  0.950  (JET_Pileup_OffsetNPV)
                                       0.016  +/-  0.978  (JET_Pileup_PtTerm)
                                      -0.222  +/-  0.680  (JET_Pileup_RhoTopology)
                                      -0.001  +/-  1.000  (JET_PunchThrough_MC16)
                                       0.039  +/-  0.996  (JET_JER_DataVsMC_MC16_PseudoData)
                                       0.083  +/-  0.925  (JET_JER_EffectiveNP_1_PseudoData)
                                       0.092  +/-  0.837  (JET_JER_EffectiveNP_2_PseudoData)
                                       0.048  +/-  0.975  (JET_JER_EffectiveNP_3_PseudoData)
                                      -0.011  +/-  0.997  (JET_JER_EffectiveNP_4_PseudoData)
                                       0.005  +/-  0.983  (JET_JER_EffectiveNP_5_PseudoData)
                                       0.045  +/-  0.959  (JET_JER_EffectiveNP_6_PseudoData)
                                       0.018  +/-  0.998  (JET_JER_EffectiveNP_7_PseudoData)
                                       0.009  +/-  0.995  (JET_JER_EffectiveNP_8_PseudoData)
                                       0.031  +/-  0.983  (JET_JER_EffectiveNP_9_PseudoData)
                                      -0.012  +/-  0.999  (JET_JER_EffectiveNP_10_PseudoData)
                                      -0.006  +/-  0.997  (JET_JER_EffectiveNP_11_PseudoData)
                                       0.003  +/-  0.995  (JET_JER_EffectiveNP_12restTerm_PseudoData)
                                      -0.014  +/-  0.997  (JET_JvtEfficiency)
                                       0.056  +/-  0.984  (PRW_DATASF)
                                       0.004  +/-  1.000  (MET_SoftTrk_ResoPara)
                                       0.003  +/-  1.000  (MET_SoftTrk_ResoPerp)
                                       0.003  +/-  1.000  (MET_SoftTrk_Scale)
                                       0.000  +/-  1.000  (WMASS_VAR_signal)
                                      -0.096  +/-  0.882  (FT_EFF_Eigen_B_0)
                                       0.033  +/-  0.942  (FT_EFF_Eigen_B_1)
                                      -0.003  +/-  0.994  (FT_EFF_Eigen_B_2)
                                       0.002  +/-  0.999  (FT_EFF_Eigen_B_3)
                                       0.000  +/-  1.000  (FT_EFF_Eigen_B_4)
                                      -0.000  +/-  1.000  (FT_EFF_Eigen_B_5)
                                       0.000  +/-  1.000  (FT_EFF_Eigen_B_6)
                                       0.000  +/-  1.000  (FT_EFF_Eigen_B_7)
                                       0.000  +/-  1.000  (FT_EFF_Eigen_B_8)
                                       0.021  +/-  0.991  (FT_EFF_Eigen_C_0)
                                       0.004  +/-  0.999  (FT_EFF_Eigen_C_1)
                                       0.002  +/-  1.000  (FT_EFF_Eigen_C_2)
                                      -0.000  +/-  1.000  (FT_EFF_Eigen_C_3)
                                       0.039  +/-  0.988  (FT_EFF_Eigen_Light_0)
                                      -0.001  +/-  1.000  (FT_EFF_Eigen_Light_1)
                                      -0.001  +/-  1.000  (FT_EFF_Eigen_Light_2)
                                       0.000  +/-  1.000  (FT_EFF_Eigen_Light_3)
                                       0.006  +/-  0.999  (FT_EFF_extrapolation)
                                       0.014  +/-  0.999  (FT_EFF_extrapolation_from_charm)
                                       0.005  +/-  1.000  (THEORY_CROSS_SECTION_signal)
                                       0.276  +/-  0.568  (THEORY_SHOWERING_HERWIG7_signal)
                                       0.014  +/-  0.998  (THEORY_SCALE_FACTORISATION_signal)
                                       0.026  +/-  0.997  (THEORY_SCALE_RENORMALISATION_signal)
                                       0.077  +/-  0.926  (THEORY_ISR_signal)
                                      -0.043  +/-  0.952  (THEORY_FSR_signal)
                                       0.108  +/-  0.918  (THEORY_HDAMP_signal)
                                       0.036  +/-  0.983  (THEORY_PTHARD_signal)
                                      -0.005  +/-  0.954  (THEORY_TOPRECOIL_signal)
                                       0.102  +/-  0.932  (THEORY_TOP_MASS_signal)
                                      -0.001  +/-  1.000  (THEORY_PDF4LHC_VARIATION_signal)
                                       0.073  +/-  0.916  (THEORY_DR_DS_signal)
                                       0.040  +/-  0.987  (THEORY_CROSS_SECTION_Wjets)
                                       0.070  +/-  0.949  (THEORY_SCALE_COMBINED_Wjets)
                                       0.010  +/-  0.999  (THEORY_PDF4LHC_VARIATION_Wjets)
                                       0.001  +/-  1.000  (THEORY_EWK_Wjets)
                                       0.027  +/-  0.994  (THEORY_SCALE_COMBINED_multiboson_noW)
                                       0.005  +/-  1.000  (THEORY_PDF4LHC_VARIATION_multiboson_noW)
                                       0.000  +/-  1.000  (THEORY_EWK_multiboson_noW)
                                       0.099  +/-  0.919  (THEORY_CROSS_SECTION_other_top_noWt)
                                       0.032  +/-  0.994  (FAKES_Electron)
                                       0.006  +/-  1.000  (FAKES_Muon)
                                       0.018  +/-  0.983  (LUMINOSITY)

  Correlation matrix 
        1   0.00141 -0.000293   0.00247    0.0152   0.00564  1.81e-14  1.81e-14  0.000107  0.000357  1.44e-14   0.00123   0.00556  0.000705   0.00106    0.0003  0.000402   0.00429   0.00876    0.0158   0.00309    0.0645    0.0473   0.00193     0.181    0.0379    0.0641    0.0118  -0.00226  -0.00961   0.00204    0.0246    0.0253    0.0129     0.044    0.0736  7.76e-06   0.00217   0.00357    -0.012 -5.55e-05  -0.00596   -0.0294   -0.0737     0.124    -0.213 -0.000387   -0.0986     -0.19    -0.469   -0.0195     0.127   -0.0556   -0.0726   -0.0434      0.04   -0.0509  -0.00267    0.0126   -0.0414    0.0707     0.131  -0.00951  -0.00218  -0.00771  4.04e-05     0.491    -0.114   -0.0187    0.0425 -0.000167  0.000474 -2.48e-05   6.7e-06  6.09e-07   0.00582  -0.00117 -0.000417   0.00024     0.036   0.00289 -0.000956 -0.000356   -0.0026    0.0138   0.00767    -0.118    0.0174   -0.0301    -0.116     0.287   -0.0844   -0.0124     0.201     0.381    0.0072    0.0916    0.0283    0.0389    0.0093 -0.000249    0.0164   0.00241  0.000108    0.0593    0.0346   0.00684    0.0316
  0.00141         1 -3.94e-05 -9.63e-05 -0.000253 -7.95e-05 -6.51e-17 -6.51e-17 -2.22e-06  -5.4e-06  1.81e-17  -3.6e-05 -0.000113 -1.29e-05 -6.24e-05 -8.77e-06 -1.13e-05 -7.36e-05 -0.000159  0.000129  1.55e-05  0.000245  0.000255  4.78e-05   0.00113  3.23e-05  0.000228  4.36e-05  3.47e-06  5.29e-05  1.22e-05  8.25e-05  8.75e-05  5.34e-05  0.000278  0.000363  -9.2e-08 -1.56e-05 -1.21e-05  0.000102  9.99e-08 -5.74e-06  7.29e-05  0.000278  0.000387  0.000547  2.37e-06 -0.000218  -0.00121  -0.00152 -0.000525 -0.000161 -0.000315 -0.000789 -0.000202 -0.000267 -0.000495 -5.84e-05 -0.000156 -0.000109 -0.000137 -7.38e-05 -9.44e-05 -5.46e-05 -6.27e-05 -1.95e-05 -0.000964 -0.000635 -0.000205 -7.79e-05 -8.32e-06 -2.21e-06 -1.72e-07 -8.73e-09 -2.43e-09 -0.000462 -8.68e-05 -2.27e-05 -3.16e-06 -0.000536 -4.53e-05 -7.29e-06 -4.18e-06 -4.78e-05 -0.000167 -7.87e-05 -0.000189 -0.000106 -0.000148 -0.000552  0.000694 -0.000862 -0.000411  0.000658  -0.00115 -1.41e-05   -0.0011  -0.00049 -0.000825 -0.000133 -3.92e-06 -0.000304 -5.31e-05 -1.68e-06  -0.00123  -0.00033 -7.51e-05 -0.000517
-0.000293 -3.94e-05         1 -0.000464  -0.00103 -0.000304 -1.58e-16 -1.58e-16 -3.72e-06 -1.02e-05  3.02e-18 -0.000174 -0.000457 -5.22e-05 -0.000292 -3.82e-05 -4.88e-05 -0.000301 -0.000638 -4.27e-05  5.96e-06 -0.000824 -0.000102  -7.7e-05  0.000702 -0.000263  0.000124  -6.4e-05 -0.000276 -2.96e-06 -0.000166  1.44e-05 -4.93e-06  -4.7e-05 -0.000937 -8.18e-05 -2.56e-07 -5.69e-05  -3.3e-05 -3.12e-05 -2.03e-06 -0.000348  0.000246   0.00123  0.000451  0.000822 -2.53e-05 -0.000327  -0.00299  -0.00439  -0.00151 -0.000273  -0.00146  -0.00226 -0.000281 -0.000827  -0.00126 -0.000151 -0.000496 -0.000706 -0.000417  0.000559  -0.00025 -0.000282 -0.000235 -0.000177  -0.00282  -0.00376  -0.00101 -0.000241 -1.93e-05 -8.84e-06 -1.28e-07 -3.32e-08 -7.54e-09 -0.000962 -0.000454 -8.73e-05     2e-06  -0.00116  -9.3e-05 -5.69e-05 -1.91e-05 -0.000329 -0.000475 -0.000253  0.000337 -0.000355  3.72e-05   0.00186  0.000273   0.00105  0.000239  0.000632 -0.000318 -5.09e-05  -0.00433  -0.00136  -0.00313 -0.000459 -3.43e-05 -0.000995 -0.000182 -2.62e-06  -0.00393 -0.000888 -0.000162  -0.00202
  0.00247 -9.63e-05 -0.000464         1  -0.00411  -0.00121 -4.25e-16 -4.25e-16  -4.3e-05 -4.05e-05 -6.65e-17 -0.000711  -0.00179 -0.000204   -0.0012 -0.000154 -0.000196  -0.00118  -0.00251 -0.000247  -2.4e-05  -0.00449 -0.000862 -0.000433 -0.000367  -0.00139  0.000489 -0.000392  -0.00145 -7.36e-05 -0.000932  0.000161  9.21e-05 -0.000214  -0.00609   -0.0017 -1.02e-06 -0.000149  -0.00021 -0.000424 -1.64e-05  -0.00184  0.000277    0.0024   0.00172  -0.00407 -0.000195  -0.00024  -0.00609  -0.00906  -0.00286 -0.000974  -0.00378   -0.0055  -0.00041  -0.00233  -0.00266 -0.000649  -0.00159  -0.00167   -0.0016   0.00302  -0.00114  -0.00114  -0.00102 -0.000896   -0.0123   -0.0152  -0.00335  -0.00117  -3.9e-05 -4.42e-05 -2.23e-06 -2.04e-07 -3.11e-08  -0.00381    -0.002 -0.000227 -4.64e-06  -0.00459 -0.000651 -0.000363 -9.08e-05  -0.00157  -0.00169  -0.00107  -0.00233  -0.00152 -0.000376   0.00453 -0.000461   0.00123 -0.000313   0.00215 -0.000783 -0.000241   -0.0177  -0.00538   -0.0123  -0.00177 -0.000134  -0.00398   -0.0007 -1.33e-05   -0.0158  -0.00342 -0.000576  -0.00801
   0.0152 -0.000253  -0.00103  -0.00411         1  -0.00278 -1.12e-15 -1.12e-15 -8.64e-05 -8.09e-05  -1.5e-16  -0.00151  -0.00407 -0.000463  -0.00258 -0.000338  -0.00043  -0.00268  -0.00569 -0.000276 -1.96e-05  -0.00694  -0.00123 -0.000745  -0.00315  -0.00211   0.00146 -0.000617  -0.00246 -0.000484   -0.0016  0.000473  0.000364 -0.000243   -0.0134  -0.00269 -2.16e-06  -0.00038 -0.000432   -0.0014 -2.63e-05  -0.00306  -0.00062   0.00137    0.0037   -0.0218 -0.000327  -0.00157   -0.0196   -0.0292  -0.00916  -0.00326  -0.00968   -0.0155  -0.00217  -0.00556  -0.00818  -0.00191  -0.00433  -0.00436  -0.00451   0.00511  -0.00264  -0.00245  -0.00229   -0.0017   -0.0326   -0.0315  -0.00858  -0.00252 -0.000151 -9.18e-05 -4.02e-06 -2.74e-07 -5.78e-08  -0.00936  -0.00394  -0.00056 -1.61e-05   -0.0106  -0.00129 -0.000638 -0.000163  -0.00267  -0.00382  -0.00228 -0.000161  -0.00279 -0.000954   0.00674 -0.000548 -0.000474  -0.00185   0.00546  -0.00755 -0.000553   -0.0362   -0.0118   -0.0258  -0.00371 -0.000245  -0.00841  -0.00144 -3.05e-05   -0.0336  -0.00759  -0.00137   -0.0181
  0.00564 -7.95e-05 -0.000304  -0.00121  -0.00278         1 -3.51e-16 -3.51e-16 -2.65e-05 -2.61e-05 -3.98e-17 -0.000447  -0.00122 -0.000139 -0.000763 -0.000101 -0.000128 -0.000804  -0.00171 -2.61e-05  2.11e-06   -0.0018 -0.000246 -0.000197 -0.000978 -0.000559  0.000543 -0.000152 -0.000683 -0.000162  -0.00044  0.000183  0.000155 -3.95e-05  -0.00399 -0.000645  -6.5e-07 -0.000114 -0.000129 -0.000446 -7.32e-06 -0.000851 -0.000297  3.69e-05   0.00125  -0.00784 -9.19e-05  -0.00054  -0.00615  -0.00907  -0.00281  -0.00109   -0.0029  -0.00478 -0.000726  -0.00171  -0.00255 -0.000631  -0.00135  -0.00129  -0.00145   0.00147 -0.000802 -0.000718 -0.000686 -0.000488   -0.0104  -0.00917   -0.0026  -0.00076 -4.92e-05 -2.75e-05 -1.24e-06 -7.63e-08 -1.71e-08  -0.00292  -0.00115 -0.000167 -7.68e-06  -0.00325   -0.0004 -0.000186  -4.7e-05 -0.000754  -0.00114 -0.000679  0.000398 -0.000804 -0.000327   0.00152  0.000109 -0.000573 -0.000786   0.00191  -0.00279 -0.000168   -0.0106  -0.00354  -0.00757   -0.0011 -6.94e-05  -0.00249 -0.000425 -9.59e-06  -0.00996  -0.00227 -0.000424  -0.00542
 1.81e-14 -6.51e-17 -1.58e-16 -4.25e-16 -1.12e-15 -3.51e-16         1 -2.71e-28  -7.2e-18 -9.61e-18  7.04e-29  -1.6e-16 -5.07e-16 -5.74e-17 -2.76e-16 -3.87e-17 -4.96e-17 -3.31e-16 -7.09e-16   3.5e-16  4.92e-17  6.37e-16  6.72e-16  8.09e-17  2.11e-15  1.32e-16  6.99e-16  1.03e-16  -1.7e-17  4.51e-17  4.03e-17  2.55e-16  2.04e-16  1.37e-16 -1.12e-16  9.16e-16 -2.81e-19 -4.21e-17  -5.2e-17  7.21e-17 -3.68e-19 -5.27e-17  2.52e-16  1.02e-15  1.51e-15 -1.88e-15  2.47e-18 -4.22e-16 -5.31e-15 -7.48e-15 -2.44e-15 -9.19e-16 -2.14e-15 -3.91e-15 -7.09e-16 -1.36e-15 -2.42e-15  -4.6e-16 -1.04e-15 -9.39e-16 -8.62e-16     6e-16 -3.34e-16 -2.39e-16 -1.98e-16 -8.97e-17 -5.85e-15 -2.99e-15 -1.26e-15 -2.55e-16 -3.85e-17 -9.38e-18 -4.05e-19 -2.09e-20 -7.72e-21 -1.46e-15 -3.44e-16 -9.51e-17 -8.03e-18 -1.46e-15 -1.28e-16 -3.94e-17 -1.18e-17  -1.8e-16  -4.7e-16 -2.33e-16  7.08e-15 -3.75e-16 -1.67e-16  1.66e-16  1.36e-15 -9.18e-16 -5.67e-16  1.77e-15 -2.66e-15 -7.97e-17 -3.59e-15 -1.33e-15 -2.36e-15 -4.16e-16 -1.04e-17 -8.32e-16 -1.43e-16 -4.92e-18 -3.46e-15 -8.62e-16 -1.97e-16 -2.18e-15
 1.81e-14 -6.51e-17 -1.58e-16 -4.25e-16 -1.12e-15 -3.51e-16 -2.71e-28         1  -7.2e-18 -9.61e-18  7.04e-29  -1.6e-16 -5.07e-16 -5.74e-17 -2.76e-16 -3.87e-17 -4.96e-17 -3.31e-16 -7.09e-16   3.5e-16  4.92e-17  6.37e-16  6.72e-16  8.09e-17  2.11e-15  1.32e-16  6.99e-16  1.03e-16  -1.7e-17  4.51e-17  4.03e-17  2.55e-16  2.04e-16  1.37e-16 -1.12e-16  9.16e-16 -2.81e-19 -4.21e-17  -5.2e-17  7.21e-17 -3.68e-19 -5.27e-17  2.52e-16  1.02e-15  1.51e-15 -1.88e-15  2.47e-18 -4.22e-16 -5.31e-15 -7.48e-15 -2.44e-15 -9.19e-16 -2.14e-15 -3.91e-15 -7.09e-16 -1.36e-15 -2.42e-15  -4.6e-16 -1.04e-15 -9.39e-16 -8.62e-16     6e-16 -3.34e-16 -2.39e-16 -1.98e-16 -8.97e-17 -5.85e-15 -2.99e-15 -1.26e-15 -2.55e-16 -3.85e-17 -9.38e-18 -4.05e-19 -2.09e-20 -7.72e-21 -1.46e-15 -3.44e-16 -9.51e-17 -8.03e-18 -1.46e-15 -1.28e-16 -3.94e-17 -1.18e-17  -1.8e-16  -4.7e-16 -2.33e-16  7.08e-15 -3.75e-16 -1.67e-16  1.66e-16  1.36e-15 -9.18e-16 -5.67e-16  1.77e-15 -2.66e-15 -7.97e-17 -3.59e-15 -1.33e-15 -2.36e-15 -4.16e-16 -1.04e-17 -8.32e-16 -1.43e-16 -4.92e-18 -3.46e-15 -8.62e-16 -1.97e-16 -2.18e-15
 0.000107 -2.22e-06 -3.72e-06  -4.3e-05 -8.64e-05 -2.65e-05  -7.2e-18  -7.2e-18         1 -3.62e-06  3.19e-18  -1.5e-05 -3.57e-05 -4.06e-06 -2.58e-05 -3.31e-06 -4.16e-06 -2.35e-05 -5.07e-05   4.1e-05  5.31e-06 -4.29e-05  6.81e-05  4.21e-06  0.000223 -3.26e-05  0.000107  6.92e-06  -4.1e-05  1.42e-05 -2.28e-05  4.42e-05  4.69e-05   1.6e-05 -7.55e-05  5.24e-05 -3.68e-08  1.14e-06 -8.52e-06  1.28e-05 -7.07e-07 -6.05e-05 -4.71e-06 -1.74e-05   0.00023 -0.000355 -7.92e-06  3.15e-05  0.000184   0.00039  0.000157 -4.78e-05  6.85e-05  8.92e-05  2.41e-05 -4.11e-05  7.35e-05 -3.36e-05 -1.48e-05  6.95e-05 -4.98e-05  0.000145  -3.4e-05 -1.59e-05 -2.61e-05 -2.37e-05 -0.000498 -0.000244  5.06e-06 -4.52e-05  1.06e-06 -1.71e-06 -1.88e-07 -1.25e-08 -1.29e-09 -0.000154 -5.74e-05  2.43e-06 -2.86e-06 -0.000175 -4.86e-05 -1.86e-05 -3.49e-06  -5.6e-05 -3.81e-05 -3.16e-05  6.13e-05 -4.89e-05 -5.26e-05 -0.000227  0.000265 -0.000262 -0.000198  0.000334 -0.000141 -6.58e-06 -0.000465 -0.000159  -0.00028 -4.81e-05 -2.95e-06 -0.000107 -2.06e-05 -8.05e-07  -0.00042 -8.74e-05 -2.09e-05 -0.000168
 0.000357  -5.4e-06 -1.02e-05 -4.05e-05 -8.09e-05 -2.61e-05 -9.61e-18 -9.61e-18 -3.62e-06         1  4.63e-18 -1.39e-05 -3.25e-05 -3.82e-06 -2.42e-05 -3.21e-06 -4.02e-06 -2.15e-05 -4.75e-05  6.65e-05  1.49e-05  9.95e-06   0.00015  1.65e-05  0.000374 -4.55e-05  0.000212  2.95e-05 -4.69e-05  7.17e-06 -2.24e-05  7.43e-05  9.49e-05  3.16e-05 -2.89e-05   0.00019 -6.04e-08 -3.59e-06 -3.64e-06  4.38e-06 -4.94e-07 -7.69e-05 -8.62e-05 -0.000248  0.000389 -0.000898 -7.34e-06 -6.44e-05  0.000439  0.000947   0.00037 -5.82e-05  0.000265  0.000359  4.33e-05 -4.03e-05   0.00025 -4.57e-05  5.24e-05  0.000196  -7.1e-05   0.00014 -2.69e-05  9.98e-07 -3.71e-05 -1.67e-05 -0.000725 -0.000124  8.13e-05  -6.3e-05  8.57e-07 -2.09e-06 -2.28e-07 -1.92e-08 -2.12e-09 -0.000267 -6.93e-05  4.17e-06 -6.43e-06 -0.000296 -8.52e-05 -2.56e-05 -5.26e-06 -7.21e-05  -6.2e-05 -4.31e-05 -0.000909 -3.93e-05 -6.45e-05  -0.00049  0.000804 -0.000328 -0.000397  0.000784 -0.000281    -8e-07 -0.000575 -0.000253 -0.000385 -7.17e-05 -6.19e-06 -0.000165 -3.91e-05 -1.22e-06 -0.000587 -0.000128 -4.47e-05 -0.000169
 1.44e-14  1.81e-17  3.02e-18 -6.65e-17  -1.5e-16 -3.98e-17  7.04e-29  7.04e-29  3.19e-18  4.63e-18         1 -2.57e-17 -6.73e-17 -7.78e-18 -4.45e-17 -5.35e-18 -6.68e-18  -4.4e-17 -9.02e-17 -4.02e-16 -5.23e-17  -7.5e-16 -7.93e-16 -1.29e-16 -3.28e-15 -1.29e-16 -5.88e-16 -1.35e-16 -6.53e-17 -2.15e-16 -1.19e-16 -2.48e-16 -1.82e-16 -1.38e-16 -1.54e-15 -1.05e-15  3.44e-20  -4.4e-17     2e-17 -3.84e-16  1.07e-18  -5.4e-18 -6.68e-16 -1.82e-15 -1.47e-15  -3.3e-15 -4.89e-18 -2.48e-16  4.18e-16  8.06e-17  3.08e-17  3.16e-16  3.45e-16  6.67e-16 -1.63e-17  5.93e-16   5.6e-16  1.72e-16  3.08e-16  4.63e-17  8.04e-17 -7.04e-16 -4.06e-17 -8.73e-17 -1.35e-16 -4.74e-17  8.75e-16 -7.39e-16 -3.42e-16 -3.72e-17 -2.63e-18  5.45e-19  5.26e-19   6.6e-20  4.92e-21  6.83e-18 -1.38e-17 -1.38e-17  1.04e-17  -6.2e-17  7.19e-17  3.32e-17  4.57e-18  1.33e-16 -1.19e-16 -5.29e-17 -7.08e-15  2.52e-16  9.72e-17  2.99e-16 -1.58e-15  4.04e-16  2.84e-16  -1.2e-15 -9.56e-18  1.06e-17 -4.58e-16 -3.08e-16 -9.59e-16 -3.21e-17 -1.02e-17 -2.42e-16 -2.44e-17  1.51e-18 -8.62e-16 -2.47e-16 -2.65e-17 -3.39e-16
  0.00123  -3.6e-05 -0.000174 -0.000711  -0.00151 -0.000447  -1.6e-16  -1.6e-16  -1.5e-05 -1.39e-05 -2.57e-17         1 -0.000662 -7.55e-05 -0.000441 -5.68e-05 -7.21e-05 -0.000437 -0.000926  -9.4e-05 -8.56e-06  -0.00161 -0.000315 -0.000156 -3.72e-05 -0.000494  0.000166 -0.000143  -0.00052 -2.38e-05 -0.000338   5.1e-05  2.81e-05  -7.8e-05  -0.00216 -0.000594 -3.72e-07 -5.85e-05 -7.37e-05 -0.000142 -5.69e-06 -0.000655  0.000135  0.000981  0.000633  -0.00118 -6.89e-05 -8.53e-05  -0.00238  -0.00354  -0.00114 -0.000348  -0.00145   -0.0021 -0.000164 -0.000853  -0.00102 -0.000229 -0.000587 -0.000647 -0.000586    0.0011  -0.00042 -0.000425  -0.00038 -0.000327  -0.00443  -0.00559  -0.00127 -0.000426 -1.48e-05 -1.61e-05 -7.22e-07 -6.54e-08 -1.09e-08   -0.0014 -0.000729 -8.69e-05 -5.28e-07  -0.00169 -0.000226 -0.000127 -3.22e-05 -0.000556 -0.000636 -0.000394 -0.000324 -0.000535 -9.74e-05   0.00184 -0.000178  0.000613 -3.79e-05  0.000794 -0.000265 -8.79e-05  -0.00654  -0.00199  -0.00459 -0.000655 -4.93e-05  -0.00147 -0.000257 -4.75e-06  -0.00584  -0.00127 -0.000215  -0.00296
  0.00556 -0.000113 -0.000457  -0.00179  -0.00407  -0.00122 -5.07e-16 -5.07e-16 -3.57e-05 -3.25e-05 -6.73e-17 -0.000662         1 -0.000204  -0.00113 -0.000148 -0.000189  -0.00118  -0.00251 -0.000141 -1.13e-05  -0.00293  -0.00057 -0.000327  -0.00166 -0.000873  0.000582  -0.00027  -0.00103  -0.00024 -0.000671  0.000182  0.000129 -0.000111  -0.00593  -0.00119  -9.3e-07 -0.000172 -0.000186 -0.000653 -1.08e-05  -0.00127  -0.00031  0.000507   0.00148  -0.00995 -0.000135  -0.00077  -0.00925   -0.0139  -0.00438  -0.00147  -0.00448  -0.00722  -0.00105  -0.00249  -0.00386 -0.000853  -0.00198  -0.00205  -0.00202   0.00211  -0.00116  -0.00108    -0.001 -0.000729   -0.0144   -0.0138   -0.0039  -0.00108 -7.12e-05 -3.93e-05 -1.61e-06 -1.06e-07 -2.44e-08  -0.00409  -0.00169 -0.000255 -5.05e-06  -0.00459 -0.000527 -0.000263 -6.83e-05  -0.00111  -0.00167 -0.000988  0.000294  -0.00119 -0.000388   0.00308 -0.000454  -0.00012   -0.0007   0.00218   -0.0035 -0.000244   -0.0157  -0.00513   -0.0112  -0.00161 -0.000105  -0.00364  -0.00062  -1.3e-05   -0.0146  -0.00331 -0.000599  -0.00795
 0.000705 -1.29e-05 -5.22e-05 -0.000204 -0.000463 -0.000139 -5.74e-17 -5.74e-17 -4.06e-06 -3.82e-06 -7.78e-18 -7.55e-05 -0.000204         1 -0.000128 -1.69e-05 -2.15e-05 -0.000134 -0.000285 -1.65e-05 -1.15e-06 -0.000338 -6.51e-05 -3.73e-05 -0.000179 -0.000101  6.69e-05 -3.08e-05 -0.000119 -2.68e-05 -7.74e-05  2.07e-05  1.51e-05 -1.29e-05 -0.000672 -0.000134 -1.06e-07 -1.97e-05 -2.09e-05 -7.33e-05 -1.23e-06 -0.000147 -3.35e-05   6.4e-05  0.000172  -0.00111 -1.55e-05 -8.68e-05  -0.00104  -0.00155  -0.00049 -0.000165 -0.000504  -0.00081 -0.000116 -0.000282 -0.000431 -9.59e-05 -0.000221 -0.000231 -0.000229  0.000244 -0.000131 -0.000123 -0.000114 -8.34e-05  -0.00163  -0.00157 -0.000441 -0.000124 -7.98e-06 -4.49e-06 -1.81e-07  -1.2e-08 -2.79e-09 -0.000466 -0.000194  -2.9e-05 -5.86e-07 -0.000525 -6.06e-05 -3.01e-05 -7.84e-06 -0.000128 -0.000191 -0.000113  2.86e-05 -0.000135 -4.17e-05  0.000362 -4.18e-05  2.03e-06 -7.74e-05  0.000257 -0.000385 -2.75e-05  -0.00179 -0.000587  -0.00128 -0.000184 -1.21e-05 -0.000417 -7.12e-05 -1.48e-06  -0.00167 -0.000378 -6.86e-05 -0.000905
  0.00106 -6.24e-05 -0.000292   -0.0012  -0.00258 -0.000763 -2.76e-16 -2.76e-16 -2.58e-05 -2.42e-05 -4.45e-17 -0.000441  -0.00113 -0.000128         1 -9.62e-05 -0.000122 -0.000743  -0.00158 -0.000149 -1.42e-05  -0.00263 -0.000516 -0.000259  -0.00034 -0.000809  0.000305 -0.000233 -0.000858 -6.38e-05 -0.000556  9.64e-05   5.9e-05 -0.000123  -0.00377    -0.001 -6.29e-07 -9.89e-05 -0.000127 -0.000285 -9.45e-06  -0.00108  0.000115   0.00131   0.00103  -0.00304 -0.000114 -0.000216  -0.00421  -0.00627  -0.00199  -0.00065  -0.00245  -0.00364 -0.000334  -0.00146   -0.0018 -0.000418  -0.00103  -0.00109  -0.00104   0.00177 -0.000719 -0.000714 -0.000645 -0.000543  -0.00785  -0.00937  -0.00218 -0.000723 -2.81e-05 -2.71e-05 -1.27e-06 -1.11e-07 -1.84e-08  -0.00243  -0.00122 -0.000147 -2.27e-06   -0.0029 -0.000389 -0.000213 -5.39e-05 -0.000922  -0.00107 -0.000664  -0.00113   -0.0009  -0.00022   0.00274 -0.000294  0.000673 -0.000214   0.00135 -0.000806 -0.000151   -0.0109  -0.00337  -0.00768   -0.0011 -8.12e-05  -0.00247 -0.000432 -8.25e-06  -0.00983  -0.00215 -0.000368  -0.00503
   0.0003 -8.77e-06 -3.82e-05 -0.000154 -0.000338 -0.000101 -3.87e-17 -3.87e-17 -3.31e-06 -3.21e-06 -5.35e-18 -5.68e-05 -0.000148 -1.69e-05 -9.62e-05         1 -1.59e-05 -9.78e-05 -0.000207  -1.3e-05 -8.43e-07 -0.000299  -5.2e-05    -3e-05 -5.13e-05 -9.25e-05  5.09e-05 -2.59e-05 -0.000102 -1.14e-05 -6.62e-05  1.64e-05  1.23e-05 -1.18e-05 -0.000482 -0.000107 -8.17e-08 -1.35e-05 -1.61e-05 -4.12e-05 -1.11e-06 -0.000129  1.76e-06  0.000127   0.00015  -0.00056 -1.36e-05 -3.91e-05 -0.000619 -0.000915 -0.000288 -0.000101 -0.000334 -0.000513 -5.81e-05 -0.000198 -0.000261 -6.23e-05 -0.000144 -0.000148  -0.00015  0.000219 -9.54e-05 -9.16e-05 -8.46e-05 -6.73e-05  -0.00111  -0.00119 -0.000297 -9.44e-05 -4.43e-06  -3.5e-06 -1.56e-07 -1.23e-08 -2.29e-09 -0.000333 -0.000153 -1.98e-05 -5.01e-07 -0.000387 -5.02e-05  -2.6e-05 -6.58e-06  -0.00011 -0.000141  -8.6e-05 -1.69e-05  -0.00011 -2.87e-05  0.000316 -9.84e-06   5.2e-05 -4.69e-05  0.000208 -0.000178 -1.99e-05  -0.00139 -0.000441 -0.000984 -0.000141 -9.98e-06 -0.000319 -5.53e-05 -1.11e-06  -0.00127 -0.000281 -4.99e-05 -0.000661
 0.000402 -1.13e-05 -4.88e-05 -0.000196  -0.00043 -0.000128 -4.96e-17 -4.96e-17 -4.16e-06 -4.02e-06 -6.68e-18 -7.21e-05 -0.000189 -2.15e-05 -0.000122 -1.59e-05         1 -0.000124 -0.000264 -1.56e-05 -1.01e-06 -0.000373 -6.39e-05 -3.73e-05 -5.19e-05 -0.000116   6.5e-05 -3.24e-05 -0.000128 -1.38e-05 -8.33e-05  2.09e-05  1.58e-05 -1.45e-05 -0.000603 -0.000132 -1.04e-07 -1.73e-05 -2.03e-05 -5.04e-05 -1.38e-06 -0.000161  4.15e-06  0.000167   0.00019 -0.000685  -1.7e-05 -5.17e-05 -0.000802  -0.00118 -0.000375 -0.000129 -0.000427 -0.000661 -7.64e-05 -0.000252 -0.000337 -7.85e-05 -0.000184  -0.00019 -0.000191  0.000274 -0.000122 -0.000117 -0.000108  -8.5e-05  -0.00141  -0.00151 -0.000379  -0.00012  -5.7e-06 -4.42e-06 -1.96e-07 -1.52e-08 -2.89e-09 -0.000424 -0.000194 -2.54e-05 -5.91e-07 -0.000494  -6.3e-05 -3.26e-05 -8.29e-06 -0.000139 -0.000181 -0.000109  -1.3e-05 -0.000139 -3.68e-05  0.000399 -1.03e-05  5.99e-05    -6e-05  0.000265 -0.000237 -2.53e-05  -0.00177 -0.000562  -0.00125  -0.00018 -1.26e-05 -0.000406 -7.02e-05 -1.41e-06  -0.00162 -0.000359 -6.38e-05  -0.00084
  0.00429 -7.36e-05 -0.000301  -0.00118  -0.00268 -0.000804 -3.31e-16 -3.31e-16 -2.35e-05 -2.15e-05  -4.4e-17 -0.000437  -0.00118 -0.000134 -0.000743 -9.78e-05 -0.000124         1  -0.00165 -0.000102 -7.62e-06  -0.00199 -0.000394 -0.000222   -0.0011 -0.000593  0.000375 -0.000183 -0.000694 -0.000157 -0.000451  0.000117  8.01e-05 -7.91e-05  -0.00393 -0.000808 -6.12e-07 -0.000112 -0.000122 -0.000431 -7.26e-06 -0.000858 -0.000181   0.00041  0.000989  -0.00643 -9.08e-05 -0.000473  -0.00596  -0.00896  -0.00282 -0.000958  -0.00294  -0.00469 -0.000659  -0.00164   -0.0025  -0.00056  -0.00129  -0.00135  -0.00132   0.00146 -0.000756 -0.000711 -0.000656 -0.000485  -0.00947  -0.00911  -0.00255 -0.000712 -4.57e-05  -2.6e-05 -1.06e-06 -7.22e-08 -1.62e-08  -0.00266  -0.00112 -0.000167 -3.21e-06    -0.003 -0.000349 -0.000177 -4.55e-05 -0.000748  -0.00109 -0.000649  0.000401 -0.000788 -0.000233   0.00219 -0.000315  9.97e-05 -0.000402   0.00143  -0.00211  -0.00016   -0.0103  -0.00336  -0.00738  -0.00106 -6.99e-05  -0.00239 -0.000409 -8.49e-06  -0.00958  -0.00216  -0.00039  -0.00523
  0.00876 -0.000159 -0.000638  -0.00251  -0.00569  -0.00171 -7.09e-16 -7.09e-16 -5.07e-05 -4.75e-05 -9.02e-17 -0.000926  -0.00251 -0.000285  -0.00158 -0.000207 -0.000264  -0.00165         1 -0.000174 -1.13e-05  -0.00408 -0.000748  -0.00045  -0.00214  -0.00123   0.00087 -0.000368  -0.00145 -0.000326 -0.000941  0.000276  0.000205 -0.000146  -0.00824   -0.0016 -1.31e-06 -0.000239  -0.00026 -0.000898 -1.52e-05   -0.0018 -0.000422  0.000734   0.00219   -0.0139  -0.00019  -0.00106   -0.0128   -0.0191    -0.006  -0.00207  -0.00619  -0.00998  -0.00144  -0.00349  -0.00532   -0.0012  -0.00275  -0.00282  -0.00284   0.00302  -0.00162   -0.0015   -0.0014  -0.00102   -0.0203   -0.0192   -0.0054  -0.00152 -9.85e-05 -5.54e-05  -2.3e-06 -1.53e-07 -3.46e-08  -0.00575  -0.00237 -0.000354 -8.58e-06  -0.00646 -0.000756 -0.000374 -9.66e-05  -0.00158  -0.00234  -0.00139  0.000597  -0.00167 -0.000547   0.00425 -0.000433 -0.000183  -0.00105   0.00324  -0.00486  -0.00034    -0.022  -0.00719   -0.0157  -0.00226 -0.000147  -0.00511 -0.000871 -1.84e-05   -0.0204  -0.00463 -0.000842   -0.0111
   0.0158  0.000129 -4.27e-05 -0.000247 -0.000276 -2.61e-05   3.5e-16   3.5e-16   4.1e-05  6.65e-05 -4.02e-16  -9.4e-05 -0.000141 -1.65e-05 -0.000149  -1.3e-05 -1.56e-05 -0.000102 -0.000174         1 -0.000339  -0.00703  -0.00555  -0.00115   -0.0215   -0.0013  -0.00435  -0.00107  -0.00075  -0.00129 -0.000659  -0.00174  -0.00186  -0.00121   -0.0104  -0.00765  5.55e-07 -6.64e-05  6.33e-05  -0.00248 -3.03e-06 -0.000625  -0.00207   -0.0046  -0.00905   -0.0129 -6.18e-05 -0.000336  0.000275  -0.00514  -0.00171   0.00147  -0.00183 -2.79e-05  0.000502   0.00119  0.000461  0.000588  0.000316  -0.00199  0.000523  -0.00127  0.000383 -0.000348 -7.11e-06 -0.000225   0.00606  -0.00502  -0.00186  0.000454 -1.48e-05  1.34e-05  2.62e-06  5.78e-08  1.39e-08   0.00331  -2.9e-05 -9.38e-05  7.68e-05   0.00359  0.000729  7.92e-05   8.3e-06 -8.63e-05  0.000552  0.000267   -0.0262  0.000338   0.00128    0.0107   -0.0137    0.0113   0.00631   -0.0126      0.01  3.53e-05   0.00205   0.00201  0.000502  0.000414  -4.9e-05  0.000768  0.000147  1.82e-05   0.00322    0.0011  0.000492 -0.000379
  0.00309  1.55e-05  5.96e-06  -2.4e-05 -1.96e-05  2.11e-06  4.92e-17  4.92e-17  5.31e-06  1.49e-05 -5.23e-17 -8.56e-06 -1.13e-05 -1.15e-06 -1.42e-05 -8.43e-07 -1.01e-06 -7.62e-06 -1.13e-05 -0.000339         1 -0.000899 -0.000743 -0.000135  -0.00245 -0.000152 -0.000659 -0.000151 -7.74e-05 -0.000113 -7.87e-05 -0.000246 -0.000271 -0.000159  -0.00116  -0.00108  7.94e-08 -5.34e-06 -2.69e-06 -0.000228 -6.56e-07 -4.59e-05 -0.000194  -0.00039  -0.00149 -3.53e-05 -7.16e-06 -0.000101 -0.000356  -0.00133 -0.000512  0.000262 -0.000284 -0.000284 -3.47e-05  0.000217 -0.000146  0.000153  3.89e-05 -0.000307  0.000183 -0.000532  1.92e-05 -6.34e-05  4.04e-06 -3.38e-05   0.00165 -0.000698 -0.000227     7e-05  -1.9e-06  2.57e-06  2.14e-07  3.75e-09  1.94e-09  0.000466  1.71e-05 -1.37e-05  1.31e-05  0.000427   0.00013   2.2e-05  1.44e-06    -3e-06  5.44e-05  2.88e-05  -0.00537 -1.94e-05 -2.52e-05  0.000734  -0.00224  0.000423  0.000675  -0.00216  0.000662  1.06e-06  0.000245  0.000213 -9.31e-06  5.75e-05 -1.94e-06  7.47e-05   2.7e-05  2.26e-06  0.000237  6.04e-05  6.93e-05 -3.11e-05
   0.0645  0.000245 -0.000824  -0.00449  -0.00694   -0.0018  6.37e-16  6.37e-16 -4.29e-05  9.95e-06  -7.5e-16  -0.00161  -0.00293 -0.000338  -0.00263 -0.000299 -0.000373  -0.00199  -0.00408  -0.00703 -0.000899         1   -0.0158  -0.00421   -0.0427  -0.00944  -0.00931  -0.00394  -0.00738  -0.00186  -0.00474  -0.00354  -0.00441  -0.00392   -0.0371   -0.0246  -9.5e-07  1.71e-05 -0.000543  -0.00505 -8.77e-05  -0.00907 -0.000372   0.00627   -0.0162 -0.000956 -0.000955   0.00204     0.013   0.00697   0.00245   0.00433  -0.00597    0.0016     0.005  -0.00182   0.00367   0.00111 -0.000184  -0.00473   0.00142   0.00862 -0.000542  -0.00275  -0.00114  -0.00305   0.00728   -0.0443   -0.0043  -0.00109  0.000118 -7.13e-05 -6.44e-06 -1.49e-06 -9.77e-08   0.00471  -0.00545  -0.00029  0.000126    0.0025 -0.000561  -0.00137 -0.000341  -0.00724 -0.000524  -0.00129      -0.1  -0.00587  0.000398    0.0361    -0.033    0.0313    0.0147   -0.0284    0.0408 -0.000333   -0.0341  -0.00338   -0.0209  -0.00263  -0.00051  -0.00549   -0.0012  1.47e-05   -0.0211  -0.00211   0.00075   -0.0128
   0.0473  0.000255 -0.000102 -0.000862  -0.00123 -0.000246  6.72e-16  6.72e-16  6.81e-05   0.00015 -7.93e-16 -0.000315  -0.00057 -6.51e-05 -0.000516  -5.2e-05 -6.39e-05 -0.000394 -0.000748  -0.00555 -0.000743   -0.0158         1  -0.00245   -0.0434  -0.00305  -0.00904  -0.00235  -0.00192  -0.00244  -0.00156  -0.00352  -0.00389  -0.00256   -0.0225   -0.0166  9.82e-07 -9.16e-05  1.14e-05  -0.00489 -1.47e-05  -0.00178  -0.00377  -0.00781   -0.0189   -0.0227 -0.000197 -0.000458 -0.000585   -0.0127   -0.0043   0.00292  -0.00462  -0.00172  0.000909   0.00195 -7.93e-05   0.00119  0.000147  -0.00451   0.00111  -0.00241  0.000506 -0.000958 -8.38e-05 -0.000695    0.0122   -0.0135  -0.00408  0.000764 -2.68e-05  1.95e-05  3.65e-06 -3.65e-08  1.77e-08   0.00653 -0.000454 -0.000203   0.00016   0.00681   0.00139  5.25e-05 -1.08e-05 -0.000741  0.000997  0.000384   -0.0589 -0.000125   0.00177    0.0207   -0.0302      0.02    0.0124   -0.0276    0.0196 -6.01e-06   0.00114   0.00347 -0.000581  0.000598 -0.000109   0.00103  0.000233  3.38e-05   0.00406   0.00173   0.00102  -0.00203
  0.00193  4.78e-05  -7.7e-05 -0.000433 -0.000745 -0.000197  8.09e-17  8.09e-17  4.21e-06  1.65e-05 -1.29e-16 -0.000156 -0.000327 -3.73e-05 -0.000259    -3e-05 -3.73e-05 -0.000222  -0.00045  -0.00115 -0.000135  -0.00421  -0.00245         1  -0.00977 -0.000938  -0.00157 -0.000531 -0.000709 -0.000575 -0.000465 -0.000612 -0.000755 -0.000567  -0.00612  -0.00369  7.63e-08  4.08e-06 -3.88e-05  -0.00124 -7.78e-06 -0.000816 -0.000729  -0.00126  -0.00292  -0.00847 -8.79e-05  0.000219  0.000212  -0.00215 -0.000514  0.000206  -0.00152 -0.000703  0.000432 -0.000282 -0.000142 -8.52e-05 -0.000378  -0.00112 -0.000204  0.000983   4.6e-05 -0.000279 -5.37e-05 -0.000267  -0.00104  -0.00463  -0.00108  2.73e-05 -6.31e-06 -3.82e-06  8.64e-09  -1.1e-07 -4.78e-09   0.00109 -0.000418 -4.64e-05   2.2e-05   0.00125  9.34e-05 -0.000107 -2.25e-05 -0.000576  0.000213  1.11e-05  -0.00822 -0.000383  0.000463   0.00578   -0.0059   0.00576   0.00274  -0.00497   0.00575 -4.18e-05  -0.00149  0.000561 -0.000663 -3.67e-05 -4.26e-05  1.48e-05 -1.88e-05  5.11e-06  8.76e-05  0.000378  0.000211  -0.00128
    0.181   0.00113  0.000702 -0.000367  -0.00315 -0.000978  2.11e-15  2.11e-15  0.000223  0.000374 -3.28e-15 -3.72e-05  -0.00166 -0.000179  -0.00034 -5.13e-05 -5.19e-05   -0.0011  -0.00214   -0.0215  -0.00245   -0.0427   -0.0434  -0.00977         1  -0.00535   -0.0293  -0.00712  -0.00241   -0.0181   -0.0022   -0.0116   -0.0131  -0.00865    -0.127   -0.0655  6.03e-06  8.24e-05  0.000238   -0.0351  -7.8e-06 -0.000678   -0.0425    -0.117   -0.0711    -0.414 -0.000274   -0.0074   -0.0128   -0.0699   -0.0134  -0.00544   -0.0179  -0.00879  -0.00118   0.00338  -0.00297  -0.00613  -0.00776   -0.0165   -0.0117  -0.00845   0.00339 -0.000371   0.00118  0.000441   -0.0622   -0.0149   -0.0212   0.00413 -0.000675  0.000106  1.21e-05  2.16e-07   1.3e-07    0.0223   0.00338 -0.000292  0.000245    0.0353   0.00393  0.000318  0.000221   0.00237    0.0102    0.0046    -0.184   0.00557   0.00748    0.0438    -0.113    0.0662    0.0335   -0.0964    0.0516 -0.000192    0.0675    0.0304    0.0472   0.00813  0.000109     0.018   0.00306  0.000124    0.0719    0.0199   0.00496   -0.0028
   0.0379  3.23e-05 -0.000263  -0.00139  -0.00211 -0.000559  1.32e-16  1.32e-16 -3.26e-05 -4.55e-05 -1.29e-16 -0.000494 -0.000873 -0.000101 -0.000809 -9.25e-05 -0.000116 -0.000593  -0.00123   -0.0013 -0.000152  -0.00944  -0.00305 -0.000938  -0.00535         1  -0.00124 -0.000868  -0.00226 -0.000117   -0.0014 -0.000472 -0.000613 -0.000818  -0.00811  -0.00503 -6.13e-07  3.01e-06 -0.000179 -0.000691 -2.75e-05   -0.0029  0.000385   0.00303  -0.00173   0.00467 -0.000302  0.000542   0.00645   0.00828   0.00282   0.00118  2.97e-05   0.00255    0.0017 -0.000616   0.00239  0.000293  0.000411 -6.91e-05  0.000456   0.00312 -0.000307 -0.000741 -0.000467 -0.000943  0.000998   -0.0125 -0.000256 -0.000629  5.62e-05 -3.03e-05 -3.18e-06 -5.23e-07 -3.92e-08 -4.11e-05  -0.00187 -4.24e-05  4.06e-06  -0.00106 -0.000591 -0.000508 -0.000124  -0.00242 -0.000536  -0.00061   -0.0298  -0.00197 -0.000396   0.00694    -0.004    0.0058   0.00178   -0.0032   0.00954    -9e-05    -0.013  -0.00244  -0.00813  -0.00116  -0.00017  -0.00249 -0.000545 -3.19e-06  -0.00944  -0.00142 -4.03e-05  -0.00403
   0.0641  0.000228  0.000124  0.000489   0.00146  0.000543  6.99e-16  6.99e-16  0.000107  0.000212 -5.88e-16  0.000166  0.000582  6.69e-05  0.000305  5.09e-05   6.5e-05  0.000375   0.00087  -0.00435 -0.000659  -0.00931  -0.00904  -0.00157   -0.0293  -0.00124         1  -0.00174 -0.000308  -0.00143 -0.000545  -0.00332  -0.00364  -0.00199   -0.0108   -0.0121   1.5e-06 -5.14e-05  0.000147  -0.00262  3.55e-06  0.000264  -0.00142  -0.00226   -0.0184    0.0067  3.43e-05 -0.000631  -0.00375   -0.0159  -0.00641    0.0037  -0.00387  -0.00281 -5.45e-06   0.00297  -0.00161    0.0021  0.000822  -0.00421   0.00278   -0.0061  0.000954 -0.000337  0.000551  4.42e-06    0.0255  -0.00308  -0.00215   0.00153 -1.17e-05  5.36e-05   5.9e-06  2.54e-07  4.26e-08   0.00806   0.00105 -0.000151  0.000186   0.00818   0.00213  0.000491  7.18e-05  0.000784   0.00142  0.000906   -0.0457  0.000764   0.00151    0.0157   -0.0273     0.014    0.0119   -0.0274    0.0139  0.000137    0.0106   0.00552   0.00524   0.00147  1.37e-05    0.0029   0.00065  3.95e-05     0.011   0.00267   0.00117   0.00299
   0.0118  4.36e-05  -6.4e-05 -0.000392 -0.000617 -0.000152  1.03e-16  1.03e-16  6.92e-06  2.95e-05 -1.35e-16 -0.000143  -0.00027 -3.08e-05 -0.000233 -2.59e-05 -3.24e-05 -0.000183 -0.000368  -0.00107 -0.000151  -0.00394  -0.00235 -0.000531  -0.00712 -0.000868  -0.00174         1 -0.000637 -0.000339 -0.000458 -0.000659 -0.000778 -0.000539  -0.00456  -0.00346  7.44e-08  -1.1e-05 -3.72e-05 -0.000761 -6.85e-06 -0.000697 -0.000196   0.00024  -0.00331 -0.000416 -7.65e-05  0.000194 -0.000116  -0.00248 -0.000922   0.00063  -0.00133 -0.000796  0.000316  8.13e-05 -0.000234  0.000251 -0.000115  -0.00107  0.000265  0.000196 -1.01e-05 -0.000324 -8.12e-05 -0.000279   0.00239  -0.00457 -0.000919  3.67e-05  3.33e-06 -1.61e-06  1.96e-07 -7.06e-08 -2.28e-09   0.00112 -0.000374 -5.33e-05  3.34e-05  0.000984  0.000199 -5.57e-05 -1.82e-05 -0.000474  5.46e-05  -3.9e-05   -0.0106 -0.000379   0.00026   0.00509  -0.00616   0.00425   0.00265  -0.00545   0.00469 -3.12e-05   -0.0021  0.000188  -0.00148 -9.27e-05  -3.9e-05  -0.00022 -2.95e-05  5.28e-06 -0.000939  1.84e-05  0.000178  -0.00112
 -0.00226  3.47e-06 -0.000276  -0.00145  -0.00246 -0.000683  -1.7e-17  -1.7e-17  -4.1e-05 -4.69e-05 -6.53e-17  -0.00052  -0.00103 -0.000119 -0.000858 -0.000102 -0.000128 -0.000694  -0.00145  -0.00075 -7.74e-05  -0.00738  -0.00192 -0.000709  -0.00241  -0.00226 -0.000308 -0.000637         1 -7.04e-06  -0.00121 -0.000105 -0.000237 -0.000534  -0.00666  -0.00342 -7.08e-07 -4.39e-06 -0.000189  -0.00044 -2.48e-05  -0.00257  0.000651   0.00342  0.000518   0.00216 -0.000274  0.000888   0.00431   0.00587   0.00213  0.000394 -0.000703   0.00101   0.00136  -0.00114   0.00138 -0.000114 -0.000189 -0.000227 -0.000212   0.00398 -0.000499 -0.000761 -0.000554   -0.0009  -0.00378   -0.0121 -0.000772  -0.00078  4.15e-05 -3.56e-05 -3.09e-06 -4.31e-07 -3.64e-08  -0.00106  -0.00186 -5.43e-05 -6.91e-06  -0.00188  -0.00069 -0.000491 -0.000112  -0.00216  -0.00072 -0.000687   -0.0135  -0.00178  -0.00022   0.00632  -0.00187    0.0049   0.00105 -0.000391    0.0073 -0.000135   -0.0136  -0.00291  -0.00837  -0.00124 -0.000149  -0.00263 -0.000543  -6.8e-06   -0.0101  -0.00167 -0.000161  -0.00468
 -0.00961  5.29e-05 -2.96e-06 -7.36e-05 -0.000484 -0.000162  4.51e-17  4.51e-17  1.42e-05  7.17e-06 -2.15e-16 -2.38e-05  -0.00024 -2.68e-05 -6.38e-05 -1.14e-05 -1.38e-05 -0.000157 -0.000326  -0.00129 -0.000113  -0.00186  -0.00244 -0.000575   -0.0181 -0.000117  -0.00143 -0.000339 -7.04e-06         1 -4.29e-05 -0.000624 -0.000662 -0.000459  -0.00858  -0.00357  3.24e-07 -3.25e-05   4.1e-05  -0.00256  2.87e-06  0.000137   -0.0033  -0.00921  -0.00374    -0.034  7.59e-06  -0.00081  -0.00216  -0.00611  -0.00118 -0.000878  -0.00143  -0.00112 -0.000322 -9.96e-05   -0.0005 -0.000713 -0.000746  -0.00111  -0.00136 -0.000294   0.00017 -9.95e-06 -1.75e-05  8.97e-05  -0.00807 -0.000792  -0.00185  0.000179 -6.57e-05  4.56e-06  1.18e-06  7.22e-08  9.79e-09  0.000707  0.000229 -4.43e-05  4.64e-06   0.00177  0.000171  3.33e-05  2.06e-05  0.000335  0.000527  0.000257  -0.00749   0.00062   0.00075   0.00276  -0.00568   0.00492   0.00175  -0.00433   0.00218 -1.85e-05   0.00425   0.00163   0.00281   0.00046  6.61e-06   0.00103  0.000161  6.57e-06   0.00426   0.00115  0.000211 -0.000734
  0.00204  1.22e-05 -0.000166 -0.000932   -0.0016  -0.00044  4.03e-17  4.03e-17 -2.28e-05 -2.24e-05 -1.19e-16 -0.000338 -0.000671 -7.74e-05 -0.000556 -6.62e-05 -8.33e-05 -0.000451 -0.000941 -0.000659 -7.87e-05  -0.00474  -0.00156 -0.000465   -0.0022   -0.0014 -0.000545 -0.000458  -0.00121 -4.29e-05         1 -0.000216 -0.000224  -0.00038  -0.00429  -0.00251 -4.28e-07 -4.61e-05 -9.48e-05 -0.000302 -1.36e-05  -0.00151  0.000209   0.00156 -0.000497   0.00228 -0.000165  0.000469   0.00298   0.00395   0.00131  0.000602 -5.59e-05    0.0012  0.000812 -0.000118   0.00132  0.000161   0.00022 -2.27e-05  6.02e-05   0.00186 -0.000374  -0.00055 -0.000474 -0.000593 -0.000766  -0.00792 -0.000675 -0.000534  2.92e-05 -2.17e-05 -1.33e-06  -1.8e-07  -1.7e-08 -0.000773  -0.00115  -4.5e-05  6.62e-06  -0.00143 -0.000352 -0.000257  -6.2e-05  -0.00115 -0.000634   -0.0005   -0.0115 -0.000835 -2.85e-05   0.00408   -0.0019   0.00304  0.000803 -0.000696    0.0041 -7.23e-05  -0.00915  -0.00227  -0.00635 -0.000838 -9.85e-05  -0.00194 -0.000365 -3.38e-06  -0.00747   -0.0014 -0.000156  -0.00311
   0.0246  8.25e-05  1.44e-05  0.000161  0.000473  0.000183  2.55e-16  2.55e-16  4.42e-05  7.43e-05 -2.48e-16   5.1e-05  0.000182  2.07e-05  9.64e-05  1.64e-05  2.09e-05  0.000117  0.000276  -0.00174 -0.000246  -0.00354  -0.00352 -0.000612   -0.0116 -0.000472  -0.00332 -0.000659 -0.000105 -0.000624 -0.000216         1  -0.00139 -0.000773  -0.00429  -0.00459  5.51e-07 -5.05e-05  8.01e-05  -0.00111  3.05e-06  0.000129 -0.000727  -0.00131  -0.00708   0.00141  2.29e-05 -0.000457  -0.00166  -0.00633  -0.00253   0.00144  -0.00146  -0.00098 -3.63e-05   0.00117 -0.000505  0.000811  0.000406  -0.00161   0.00099  -0.00242  0.000371 -0.000142  0.000152  1.14e-05   0.00939  -0.00135 -0.000987  0.000561 -9.73e-06  2.05e-05  2.67e-06  1.31e-07  1.75e-08    0.0029  0.000388 -7.58e-05  7.14e-05   0.00295  0.000817  0.000204  2.94e-05  0.000367  0.000443  0.000316   -0.0182  0.000433  0.000768   0.00657     -0.01   0.00626   0.00467     -0.01   0.00537  6.38e-05    0.0037   0.00188    0.0015  0.000506 -3.01e-06  0.000953  0.000214  1.54e-05    0.0037  0.000886  0.000397  0.000953
   0.0253  8.75e-05 -4.93e-06  9.21e-05  0.000364  0.000155  2.04e-16  2.04e-16  4.69e-05  9.49e-05 -1.82e-16  2.81e-05  0.000129  1.51e-05   5.9e-05  1.23e-05  1.58e-05  8.01e-05  0.000205  -0.00186 -0.000271  -0.00441  -0.00389 -0.000755   -0.0131 -0.000613  -0.00364 -0.000778 -0.000237 -0.000662 -0.000224  -0.00139         1   -0.0009  -0.00536  -0.00531  6.38e-07  1.08e-05  3.49e-05  -0.00126 -9.06e-07 -6.06e-05 -0.000235  0.000337  -0.00731   0.00163  3.08e-06 -2.61e-05  -0.00341  -0.00993   -0.0037   0.00112  -0.00317  -0.00312 -2.01e-05  0.000323  -0.00193  0.000581  -0.00035  -0.00258   0.00081  -0.00148  0.000443  -0.00018  0.000339 -2.18e-05   0.00835  -0.00244  -0.00134  0.000707 -1.68e-05  2.11e-05   2.3e-06  3.42e-08  1.29e-08    0.0037  0.000338 -9.14e-05  7.84e-05   0.00398  0.000911   0.00016  2.33e-05  8.84e-05  0.000771  0.000448    -0.012  3.55e-06  0.000861   0.00909   -0.0123   0.00823   0.00601   -0.0122   0.00776   2.3e-05   0.00454   0.00287     0.003  0.000646  4.67e-06   0.00151  0.000304  1.74e-05   0.00565   0.00152   0.00059  0.000896
   0.0129  5.34e-05  -4.7e-05 -0.000214 -0.000243 -3.95e-05  1.37e-16  1.37e-16   1.6e-05  3.16e-05 -1.38e-16  -7.8e-05 -0.000111 -1.29e-05 -0.000123 -1.18e-05 -1.45e-05 -7.91e-05 -0.000146  -0.00121 -0.000159  -0.00392  -0.00256 -0.000567  -0.00865 -0.000818  -0.00199 -0.000539 -0.000534 -0.000459  -0.00038 -0.000773   -0.0009         1  -0.00473  -0.00365     2e-07 -3.37e-06 -5.75e-06 -0.000954 -4.96e-06  -0.00056 -0.000424 -0.000403  -0.00394  -0.00195 -5.46e-05  1.44e-05  5.53e-06   -0.0026 -0.000936  0.000702  -0.00128 -0.000565  0.000342  0.000153 -0.000155  0.000274 -2.85e-05  -0.00113  0.000347 -0.000116  0.000166 -0.000209  4.51e-05 -0.000177    0.0033  -0.00335 -0.000752  0.000203    -5e-07  4.12e-06  6.24e-07 -6.49e-08  4.46e-11   0.00169 -0.000175 -4.76e-05  3.55e-05   0.00171  0.000299 -1.94e-05 -1.03e-05 -0.000359  0.000279  0.000104   -0.0122 -0.000239   0.00043   0.00559  -0.00657   0.00538   0.00314  -0.00623   0.00555 -1.07e-06 -2.64e-05  0.000929 -1.61e-05  0.000111 -3.14e-05  0.000274  4.16e-05  7.84e-06   0.00108  0.000502  0.000264 -0.000365
    0.044  0.000278 -0.000937  -0.00609   -0.0134  -0.00399 -1.12e-16 -1.12e-16 -7.55e-05 -2.89e-05 -1.54e-15  -0.00216  -0.00593 -0.000672  -0.00377 -0.000482 -0.000603  -0.00393  -0.00824   -0.0104  -0.00116   -0.0371   -0.0225  -0.00612    -0.127  -0.00811   -0.0108  -0.00456  -0.00666  -0.00858  -0.00429  -0.00429  -0.00536  -0.00473         1   -0.0366 -4.96e-07 -0.000148 -0.000699    -0.018 -7.66e-05  -0.00765   -0.0194   -0.0484   -0.0252    -0.215 -0.000926  -0.00314   -0.0128   -0.0418  -0.00793  -0.00588   -0.0165   -0.0145  7.69e-05  -0.00623  -0.00559  -0.00544  -0.00814   -0.0106   -0.0103   0.00865  -0.00159  -0.00328  -0.00215  -0.00274     -0.07   -0.0524   -0.0171  -0.00174 -0.000367 -9.98e-05 -6.63e-06 -1.19e-06 -7.25e-08 -0.000454  -0.00511  -0.00059  2.36e-05   0.00338  -0.00109  -0.00147 -0.000264  -0.00552  0.000575 -0.000962    -0.108  -0.00369  0.000948    0.0296   -0.0512     0.032    0.0119   -0.0363    0.0269 -0.000842   -0.0221  -0.00075   -0.0122  -0.00151 -0.000394    -0.003 -0.000754     1e-05   -0.0116  0.000296   0.00082   -0.0244
   0.0736  0.000363 -8.18e-05   -0.0017  -0.00269 -0.000645  9.16e-16  9.16e-16  5.24e-05   0.00019 -1.05e-15 -0.000594  -0.00119 -0.000134    -0.001 -0.000107 -0.000132 -0.000808   -0.0016  -0.00765  -0.00108   -0.0246   -0.0166  -0.00369   -0.0655  -0.00503   -0.0121  -0.00346  -0.00342  -0.00357  -0.00251  -0.00459  -0.00531  -0.00365   -0.0366         1  1.13e-06  1.64e-05 -0.000201  -0.00754  -3.8e-05  -0.00353  -0.00627   -0.0137    -0.026   -0.0465 -0.000428  -0.00034  0.000784   -0.0159  -0.00471   0.00306  -0.00653  -0.00272   0.00145    0.0017 -0.000282  0.000953  -0.00074  -0.00612  0.000779  -0.00203  0.000384  -0.00149 -0.000129  -0.00128   0.00981   -0.0222  -0.00563  0.000749 -4.02e-05     1e-05  8.03e-07 -4.49e-07  2.13e-10   0.00853  -0.00126 -0.000213  0.000186   0.00903    0.0014 -0.000251 -7.39e-05  -0.00219   0.00165  0.000407   -0.0944  -0.00154   0.00081    0.0238   -0.0441    0.0218    0.0149   -0.0396    0.0262 -0.000142 -0.000852   0.00469 -0.000744  0.000666 -0.000161   0.00121  0.000258   3.9e-05   0.00438   0.00243   0.00151   -0.0045
 7.76e-06  -9.2e-08 -2.56e-07 -1.02e-06 -2.16e-06  -6.5e-07 -2.81e-19 -2.81e-19 -3.68e-08 -6.04e-08  3.44e-20 -3.72e-07  -9.3e-07 -1.06e-07 -6.29e-07 -8.17e-08 -1.04e-07 -6.12e-07 -1.31e-06  5.55e-07  7.94e-08  -9.5e-07  9.82e-07  7.63e-08  6.03e-06 -6.13e-07   1.5e-06  7.44e-08 -7.08e-07  3.24e-07 -4.28e-07  5.51e-07  6.38e-07     2e-07 -4.96e-07  1.13e-06         1 -9.42e-08 -1.19e-07  4.77e-07 -8.22e-09 -9.85e-07  3.95e-07  1.74e-06  3.12e-06  2.09e-06    -1e-07 -5.07e-07 -1.85e-06 -7.33e-07 -1.86e-07 -5.78e-07 -4.32e-07 -1.46e-06 -2.56e-07 -1.19e-06  -5.4e-07 -3.08e-07 -4.01e-07  2.42e-07 -7.69e-07  1.36e-06 -7.42e-07  -5.3e-07 -6.57e-07 -4.61e-07 -6.89e-06 -7.03e-06 -9.49e-07 -8.51e-07    -1e-08 -2.88e-08 -2.14e-09 -1.53e-10 -2.34e-11 -3.33e-06 -1.18e-06 -9.23e-08 -2.92e-08 -4.09e-06 -6.54e-07 -2.39e-07  -6.2e-08 -9.39e-07 -1.27e-06 -7.55e-07 -4.56e-06  -9.3e-07 -8.04e-07 -1.91e-06  4.62e-06 -3.55e-06 -2.69e-06  5.36e-06 -3.92e-06 -1.12e-07 -1.14e-05 -4.16e-06 -8.15e-06 -1.23e-06 -7.99e-08 -2.85e-06 -5.23e-07 -1.35e-08 -1.11e-05  -2.6e-06 -5.52e-07 -4.35e-06
  0.00217 -1.56e-05 -5.69e-05 -0.000149  -0.00038 -0.000114 -4.21e-17 -4.21e-17  1.14e-06 -3.59e-06  -4.4e-17 -5.85e-05 -0.000172 -1.97e-05 -9.89e-05 -1.35e-05 -1.73e-05 -0.000112 -0.000239 -6.64e-05 -5.34e-06  1.71e-05 -9.16e-05  4.08e-06  8.24e-05  3.01e-06 -5.14e-05  -1.1e-05 -4.39e-06 -3.25e-05 -4.61e-05 -5.05e-05  1.08e-05 -3.37e-06 -0.000148  1.64e-05 -9.42e-08         1  1.05e-05 -2.07e-05  1.73e-06  3.17e-05 -0.000167 -0.000336 -0.000249  0.000101  7.39e-06 -0.000377  -0.00127  -0.00177 -0.000662  5.32e-05 -0.000192 -0.000536 -0.000241  6.61e-05 -0.000241   7.1e-05  4.86e-05 -0.000111 -8.23e-05 -0.000456 -0.000132 -0.000122 -0.000172 -4.49e-05 -0.000326  -0.00116 -0.000476 -0.000118 -1.02e-05 -2.11e-06  3.84e-07  5.61e-08  1.27e-09 -0.000587 -0.000106 -4.18e-05  4.52e-06  -0.00074  8.44e-06  2.62e-05  4.44e-07  7.88e-05 -0.000321 -0.000137  -0.00267  0.000102  2.19e-05  3.86e-05  0.000202 -0.000234 -0.000152  0.000382  -0.00123 -4.75e-06  -0.00176 -0.000861  -0.00179 -0.000202 -1.25e-05 -0.000565 -8.66e-05  -8.6e-07  -0.00217 -0.000601 -0.000125 -0.000813
  0.00357 -1.21e-05  -3.3e-05  -0.00021 -0.000432 -0.000129  -5.2e-17  -5.2e-17 -8.52e-06 -3.64e-06     2e-17 -7.37e-05 -0.000186 -2.09e-05 -0.000127 -1.61e-05 -2.03e-05 -0.000122  -0.00026  6.33e-05 -2.69e-06 -0.000543  1.14e-05 -3.88e-05  0.000238 -0.000179  0.000147 -3.72e-05 -0.000189   4.1e-05 -9.48e-05  8.01e-05  3.49e-05 -5.75e-06 -0.000699 -0.000201 -1.19e-07  1.05e-05         1  3.81e-06 -3.57e-06  -0.00026  9.26e-05  0.000408  0.000303 -0.000375 -3.18e-05  2.47e-05 -0.000652 -0.000969 -0.000277 -0.000208 -0.000448 -0.000789 -5.73e-05 -0.000399  -0.00046 -0.000123 -0.000295 -0.000173 -0.000179  0.000374 -0.000138 -0.000111 -6.46e-05 -0.000106  -0.00155  -0.00162 -0.000225 -0.000123 -3.23e-06 -5.38e-06 -7.77e-07 -7.36e-08 -6.21e-09 -0.000374 -0.000233 -1.23e-05 -4.45e-06 -0.000457 -0.000109 -6.64e-05  -1.5e-05 -0.000285 -0.000112 -0.000101  -0.00109 -0.000355 -0.000299 -0.000386 -0.000161 -0.000983 -0.000362  3.63e-05 -0.000412 -3.82e-05  -0.00178 -0.000461  -0.00097 -0.000171 -9.63e-06 -0.000349 -6.26e-05 -2.29e-06  -0.00148 -0.000295 -3.46e-05 -0.000818
   -0.012  0.000102 -3.12e-05 -0.000424   -0.0014 -0.000446  7.21e-17  7.21e-17  1.28e-05  4.38e-06 -3.84e-16 -0.000142 -0.000653 -7.33e-05 -0.000285 -4.12e-05 -5.04e-05 -0.000431 -0.000898  -0.00248 -0.000228  -0.00505  -0.00489  -0.00124   -0.0351 -0.000691  -0.00262 -0.000761  -0.00044  -0.00256 -0.000302  -0.00111  -0.00126 -0.000954    -0.018  -0.00754  4.77e-07 -2.07e-05  3.81e-06         1 -1.98e-06 -0.000327   -0.0062    -0.017  -0.00676   -0.0661 -5.54e-05  -0.00125  -0.00318   -0.0104  -0.00169  -0.00184  -0.00296  -0.00219 -0.000345  -0.00067 -0.000906  -0.00153   -0.0017  -0.00217  -0.00274  0.000458  0.000215 -0.000138 -6.98e-05 -1.23e-05   -0.0172  -0.00377  -0.00353  0.000193 -0.000117  5.03e-07  8.77e-07 -2.01e-08  7.64e-09    0.0012  5.55e-05  -7.4e-05 -1.38e-07   0.00315   0.00012 -7.76e-05  1.07e-05  5.95e-05   0.00101   0.00039   -0.0169   0.00059   0.00108   0.00536   -0.0114   0.00902    0.0031  -0.00852    0.0053 -8.23e-05   0.00588   0.00281   0.00448   0.00069 -8.29e-06   0.00165  0.000231     1e-05   0.00678   0.00207  0.000422  -0.00225
-5.55e-05  9.99e-08 -2.03e-06 -1.64e-05 -2.63e-05 -7.32e-06 -3.68e-19 -3.68e-19 -7.07e-07 -4.94e-07  1.07e-18 -5.69e-06 -1.08e-05 -1.23e-06 -9.45e-06 -1.11e-06 -1.38e-06 -7.26e-06 -1.52e-05 -3.03e-06 -6.56e-07 -8.77e-05 -1.47e-05 -7.78e-06  -7.8e-06 -2.75e-05  3.55e-06 -6.85e-06 -2.48e-05  2.87e-06 -1.36e-05  3.05e-06 -9.06e-07 -4.96e-06 -7.66e-05  -3.8e-05 -8.22e-09  1.73e-06 -3.57e-06 -1.98e-06         1 -3.38e-05  1.46e-05   5.7e-05  2.23e-05  2.73e-05 -3.85e-06     2e-05  6.43e-05  8.99e-05  3.44e-05 -2.22e-06 -1.05e-05  6.85e-06  1.87e-05 -2.25e-05  1.03e-05 -5.65e-06 -9.87e-06 -1.75e-06 -3.73e-06  6.11e-05 -5.74e-06 -7.51e-06 -3.11e-06 -1.09e-05 -6.58e-05 -0.000134  4.09e-07 -8.53e-06  6.62e-07 -4.59e-07 -6.42e-08  -7.8e-09 -5.71e-10 -7.05e-06 -2.25e-05  3.27e-07 -3.26e-07 -1.46e-05 -1.05e-05 -7.48e-06 -1.56e-06 -3.16e-05 -2.53e-06 -6.47e-06 -0.000102 -3.04e-05 -1.23e-05  4.36e-05 -2.39e-05  1.85e-05  5.43e-07 -8.59e-06  8.84e-05 -2.27e-06 -0.000143 -2.16e-05 -6.75e-05 -1.23e-05 -1.43e-06 -2.26e-05 -5.08e-06 -1.18e-07 -9.09e-05 -1.07e-05  3.88e-07 -4.78e-05
 -0.00596 -5.74e-06 -0.000348  -0.00184  -0.00306 -0.000851 -5.27e-17 -5.27e-17 -6.05e-05 -7.69e-05  -5.4e-18 -0.000655  -0.00127 -0.000147  -0.00108 -0.000129 -0.000161 -0.000858   -0.0018 -0.000625 -4.59e-05  -0.00907  -0.00178 -0.000816 -0.000678   -0.0029  0.000264 -0.000697  -0.00257  0.000137  -0.00151  0.000129 -6.06e-05  -0.00056  -0.00765  -0.00353 -9.85e-07  3.17e-05  -0.00026 -0.000327 -3.38e-05         1   0.00116   0.00521    0.0022   0.00341 -0.000364   0.00138   0.00667   0.00994   0.00364  0.000258 -0.000555   0.00183   0.00195  -0.00181   0.00205 -0.000321 -0.000312  5.67e-05 -0.000379   0.00595 -0.000613 -0.000887 -0.000642  -0.00115  -0.00623    -0.015 -0.000499  -0.00104  6.19e-05 -4.87e-05 -4.68e-06  -6.3e-07 -5.26e-08  -0.00156  -0.00246 -3.86e-05 -2.53e-05  -0.00257  -0.00106 -0.000697 -0.000154  -0.00297 -0.000847 -0.000875   -0.0132  -0.00248 -0.000389   0.00738 -0.000364   0.00587  0.000699   0.00129   0.00956 -0.000178   -0.0175  -0.00367   -0.0102  -0.00162 -0.000192  -0.00331 -0.000714  -1.1e-05   -0.0127  -0.00199 -0.000217  -0.00579
  -0.0294  7.29e-05  0.000246  0.000277  -0.00062 -0.000297  2.52e-16  2.52e-16 -4.71e-06 -8.62e-05 -6.68e-16  0.000135  -0.00031 -3.35e-05  0.000115  1.76e-06  4.15e-06 -0.000181 -0.000422  -0.00207 -0.000194 -0.000372  -0.00377 -0.000729   -0.0425  0.000385  -0.00142 -0.000196  0.000651   -0.0033  0.000209 -0.000727 -0.000235 -0.000424   -0.0194  -0.00627  3.95e-07 -0.000167  9.26e-05   -0.0062  1.46e-05   0.00116         1   -0.0357   -0.0093    -0.102  6.96e-05   -0.0054 -0.000441  -0.00365   0.00142  -0.00219   0.00409   0.00426  -0.00193   0.00236   0.00303  -0.00143  0.000365   0.00172  -0.00316   -0.0072 -3.79e-05  0.000377 -0.000507  0.000504   -0.0205    0.0048  -0.00226 -0.000114 -0.000179  1.01e-05 -2.71e-07  1.68e-07  2.17e-08  -0.00208  0.000999  4.11e-05 -6.99e-05 -0.000196 -0.000312  0.000119  4.44e-05   0.00144  0.000493  0.000244    -0.074   0.00204  -0.00162   -0.0178  -0.00515   -0.0112  -0.00658   -0.0035   -0.0136  5.21e-05    0.0108  0.000693   0.00467   0.00089  4.66e-05  0.000983  0.000138 -1.02e-06   0.00477  0.000625 -0.000172  -0.00122
  -0.0737  0.000278   0.00123    0.0024   0.00137  3.69e-05  1.02e-15  1.02e-15 -1.74e-05 -0.000248 -1.82e-15  0.000981  0.000507   6.4e-05   0.00131  0.000127  0.000167   0.00041  0.000734   -0.0046  -0.00039   0.00627  -0.00781  -0.00126    -0.117   0.00303  -0.00226   0.00024   0.00342  -0.00921   0.00156  -0.00131  0.000337 -0.000403   -0.0484   -0.0137  1.74e-06 -0.000336  0.000408    -0.017   5.7e-05   0.00521   -0.0357         1   -0.0234      -0.3  0.000355   -0.0143   0.00712   0.00446   0.00943  -0.00655    0.0171    0.0194  -0.00511   0.00913    0.0126   -0.0042   0.00236   0.00807   -0.0087   -0.0216   0.00044   0.00214 -0.000886    0.0022    -0.057    0.0288  -0.00328  0.000137 -0.000466  4.96e-05 -9.82e-08  7.81e-07  9.26e-08  -0.00514   0.00448  0.000417 -0.000243   0.00112 -0.000909  0.000573  0.000213   0.00583   0.00251   0.00136     -0.19   0.00767  -0.00456    -0.061  -0.00853   -0.0387   -0.0224   -0.0044   -0.0435  0.000294    0.0444   0.00513    0.0229   0.00385  0.000276   0.00561  0.000929  -2.6e-06    0.0248   0.00403 -0.000319   0.00261
    0.124  0.000387  0.000451   0.00172    0.0037   0.00125  1.51e-15  1.51e-15   0.00023  0.000389 -1.47e-15  0.000633   0.00148  0.000172   0.00103   0.00015   0.00019  0.000989   0.00219  -0.00905  -0.00149   -0.0162   -0.0189  -0.00292   -0.0711  -0.00173   -0.0184  -0.00331  0.000518  -0.00374 -0.000497  -0.00708  -0.00731  -0.00394   -0.0252    -0.026  3.12e-06 -0.000249  0.000303  -0.00676  2.23e-05    0.0022   -0.0093   -0.0234         1   -0.0144  0.000234  -0.00806   -0.0143   -0.0419   -0.0159   0.00761  -0.00361   -0.0056  -0.00324   0.00831  -0.00374   0.00494   0.00307  -0.00671   0.00602   -0.0251    0.0017 -0.000327  0.000954   0.00061    0.0563  0.000312   -0.0038   0.00326 -0.000149  0.000138  9.94e-06  4.82e-07  9.08e-08    0.0144   0.00334 -0.000331  0.000344    0.0141   0.00447   0.00132  0.000168   0.00268   0.00248   0.00185    -0.191   0.00187  -0.00165   0.00438   -0.0563  0.000982    0.0145   -0.0598   0.00455  0.000409    0.0282   0.00965    0.0117   0.00336  0.000104   0.00547    0.0013  7.36e-05    0.0207   0.00377   0.00198   0.00699
   -0.213  0.000547  0.000822  -0.00407   -0.0218  -0.00784 -1.88e-15 -1.88e-15 -0.000355 -0.000898  -3.3e-15  -0.00118  -0.00995  -0.00111  -0.00304  -0.00056 -0.000685  -0.00643   -0.0139   -0.0129 -3.53e-05 -0.000956   -0.0227  -0.00847    -0.414   0.00467    0.0067 -0.000416   0.00216    -0.034   0.00228   0.00141   0.00163  -0.00195    -0.215   -0.0465  2.09e-06  0.000101 -0.000375   -0.0661  2.73e-05   0.00341    -0.102      -0.3   -0.0144         1 -0.000257   -0.0195   -0.0323   -0.0809   0.00863   -0.0519   -0.0133   -0.0119   -0.0111   -0.0166  -0.00319   -0.0358   -0.0293   -0.0051   -0.0591      0.02  -0.00141   0.00237  -0.00304   0.00278     -0.41   0.00574   -0.0409  -0.00353  -0.00194 -0.000179  -1.4e-05   3.4e-08  4.96e-08   -0.0247   0.00236  0.000298  -0.00106   0.00878  -0.00815  -0.00224  0.000208   0.00569    0.0109   0.00332   -0.0264    0.0128   0.00454   -0.0581   -0.0324    0.0128   -0.0329    0.0132   -0.0414  -0.00175    0.0882    0.0231    0.0734   0.00801   0.00048    0.0194   0.00233 -5.31e-05    0.0814    0.0228  0.000653   -0.0363
-0.000387  2.37e-06 -2.53e-05 -0.000195 -0.000327 -9.19e-05  2.47e-18  2.47e-18 -7.92e-06 -7.34e-06 -4.89e-18 -6.89e-05 -0.000135 -1.55e-05 -0.000114 -1.36e-05  -1.7e-05 -9.08e-05  -0.00019 -6.18e-05 -7.16e-06 -0.000955 -0.000197 -8.79e-05 -0.000274 -0.000302  3.43e-05 -7.65e-05 -0.000274  7.59e-06 -0.000165  2.29e-05  3.08e-06 -5.46e-05 -0.000926 -0.000428    -1e-07  7.39e-06 -3.18e-05 -5.54e-05 -3.85e-06 -0.000364  6.96e-05  0.000355  0.000234 -0.000257         1  0.000203  0.000906   0.00133  0.000499  9.98e-06  2.03e-05  0.000313  0.000221 -0.000142  0.000296 -4.66e-05 -3.31e-05  5.28e-05 -5.58e-05  0.000652 -7.75e-05 -9.44e-05 -7.31e-05 -0.000127 -0.000825  -0.00155 -4.24e-05 -0.000121  7.62e-06 -5.56e-06 -5.73e-07 -6.56e-08 -5.27e-09 -0.000179 -0.000259  2.03e-06  -3.3e-06 -0.000274 -0.000123 -7.75e-05  -1.6e-05 -0.000308 -7.84e-05  -9.4e-05  -0.00127 -0.000255 -7.13e-05  0.000558 -0.000145  0.000378 -1.35e-05  0.000118  0.000921 -2.22e-05  -0.00181 -0.000378  -0.00104 -0.000162 -1.86e-05 -0.000338 -6.99e-05 -1.35e-06  -0.00131 -0.000202 -1.97e-05 -0.000615
  -0.0986 -0.000218 -0.000327  -0.00024  -0.00157  -0.00054 -4.22e-16 -4.22e-16  3.15e-05 -6.44e-05 -2.48e-16 -8.53e-05  -0.00077 -8.68e-05 -0.000216 -3.91e-05 -5.17e-05 -0.000473  -0.00106 -0.000336 -0.000101   0.00204 -0.000458  0.000219   -0.0074  0.000542 -0.000631  0.000194  0.000888  -0.00081  0.000469 -0.000457 -2.61e-05  1.44e-05  -0.00314  -0.00034 -5.07e-07 -0.000377  2.47e-05  -0.00125     2e-05   0.00138   -0.0054   -0.0143  -0.00806   -0.0195  0.000203         1   -0.0185   -0.0268  -0.00909 -0.000452 -0.000554  -0.00776  -0.00454 -0.000111  -0.00511  0.000494  0.000163 -0.000649 -0.000543   -0.0126 -0.000696 -0.000289 -0.000702  0.000379 -0.000217  -0.00175  -0.00241 -0.000235 -0.000203  1.77e-05 -3.06e-07  2.05e-08 -8.13e-09  -0.00435  0.000383 -0.000338 -1.29e-05  -0.00537   0.00023  0.000356 -1.02e-06  0.000737  -0.00179 -0.000552   -0.0954  -0.00016  -0.00404   -0.0206   0.00132   -0.0223  -0.00793  -0.00231   -0.0254  6.32e-05  -0.00304    -0.005  -0.00682 -0.000753 -7.72e-06  -0.00284  -0.00048 -9.52e-06    -0.011    -0.004 -0.000879  -0.00378
    -0.19  -0.00121  -0.00299  -0.00609   -0.0196  -0.00615 -5.31e-15 -5.31e-15  0.000184  0.000439  4.18e-16  -0.00238  -0.00925  -0.00104  -0.00421 -0.000619 -0.000802  -0.00596   -0.0128  0.000275 -0.000356     0.013 -0.000585  0.000212   -0.0128   0.00645  -0.00375 -0.000116   0.00431  -0.00216   0.00298  -0.00166  -0.00341  5.53e-06   -0.0128  0.000784 -1.85e-06  -0.00127 -0.000652  -0.00318  6.43e-05   0.00667 -0.000441   0.00712   -0.0143   -0.0323  0.000906   -0.0185         1    -0.263   -0.0901   -0.0152   -0.0631    -0.116   -0.0246   -0.0241   -0.0738  -0.00549   -0.0243   -0.0345   -0.0139   -0.0186  -0.00566  -0.00536  -0.00256  4.78e-05   -0.0706   -0.0549   -0.0364 -0.000847   -0.0012  -5.8e-06  9.57e-06  1.11e-06 -4.15e-09   -0.0164  -0.00118  -0.00279   0.00029   -0.0153   0.00408   0.00166  0.000157   0.00307  -0.00755  -0.00231    0.0429  -0.00414  -0.00411    0.0095   -0.0328    -0.024   0.00651    -0.028   -0.0704  -0.00141   -0.0331   -0.0155   -0.0295  -0.00411  0.000202   -0.0089 -0.000776 -1.85e-05   -0.0424   -0.0138  -0.00202   -0.0383
   -0.469  -0.00152  -0.00439  -0.00906   -0.0292  -0.00907 -7.48e-15 -7.48e-15   0.00039  0.000947  8.06e-17  -0.00354   -0.0139  -0.00155  -0.00627 -0.000915  -0.00118  -0.00896   -0.0191  -0.00514  -0.00133   0.00697   -0.0127  -0.00215   -0.0699   0.00828   -0.0159  -0.00248   0.00587  -0.00611   0.00395  -0.00633  -0.00993   -0.0026   -0.0418   -0.0159 -7.33e-07  -0.00177 -0.000969   -0.0104  8.99e-05   0.00994  -0.00365   0.00446   -0.0419   -0.0809   0.00133   -0.0268    -0.263         1    -0.146   -0.0218    -0.106    -0.185   -0.0371   -0.0364    -0.118   -0.0081   -0.0395   -0.0603   -0.0208   -0.0296  -0.00734  -0.00855   -0.0028  2.78e-05   -0.0978   -0.0898   -0.0602  0.000711  -0.00191  4.28e-05     2e-05  1.75e-06  3.46e-08   -0.0142 -0.000724  -0.00441  0.000635   -0.0102   0.00855   0.00285  0.000317     0.005  -0.00837  -0.00195    0.0509  -0.00603  -0.00333    0.0408   -0.0884   -0.0109    0.0272   -0.0782   -0.0825   -0.0022   -0.0326   -0.0131   -0.0312  -0.00382  0.000368  -0.00761 -2.92e-05  2.11e-05   -0.0423   -0.0148  -0.00109   -0.0561
  -0.0195 -0.000525  -0.00151  -0.00286  -0.00916  -0.00281 -2.44e-15 -2.44e-15  0.000157   0.00037  3.08e-17  -0.00114  -0.00438  -0.00049  -0.00199 -0.000288 -0.000375  -0.00282    -0.006  -0.00171 -0.000512   0.00245   -0.0043 -0.000514   -0.0134   0.00282  -0.00641 -0.000922   0.00213  -0.00118   0.00131  -0.00253   -0.0037 -0.000936  -0.00793  -0.00471 -1.86e-07 -0.000662 -0.000277  -0.00169  3.44e-05   0.00364   0.00142   0.00943   -0.0159   0.00863  0.000499  -0.00909   -0.0901    -0.146         1  -0.00541   -0.0357    -0.063   -0.0127   -0.0112   -0.0403  -0.00133   -0.0123   -0.0206    -0.005   -0.0124  -0.00245  -0.00303  -0.00092 -1.59e-05   -0.0178   -0.0305   -0.0196  0.000453 -0.000602  2.71e-05  8.33e-06  7.19e-07  1.98e-08   -0.0038 -9.29e-05  -0.00155  0.000269  -0.00357   0.00342   0.00116  0.000121   0.00193  -0.00328 -0.000742    0.0106  -0.00207  -0.00124    0.0155   -0.0311  -0.00457    0.0107   -0.0291   -0.0281 -0.000667   -0.0129  -0.00522   -0.0132  -0.00146  0.000119  -0.00319  -4.3e-05  1.19e-05   -0.0169  -0.00592 -0.000393   -0.0178
    0.127 -0.000161 -0.000273 -0.000974  -0.00326  -0.00109 -9.19e-16 -9.19e-16 -4.78e-05 -5.82e-05  3.16e-16 -0.000348  -0.00147 -0.000165  -0.00065 -0.000101 -0.000129 -0.000958  -0.00207   0.00147  0.000262   0.00433   0.00292  0.000206  -0.00544   0.00118    0.0037   0.00063  0.000394 -0.000878  0.000602   0.00144   0.00112  0.000702  -0.00588   0.00306 -5.78e-07  5.32e-05 -0.000208  -0.00184 -2.22e-06  0.000258  -0.00219  -0.00655   0.00761   -0.0519  9.98e-06 -0.000452   -0.0152   -0.0218  -0.00541         1   -0.0069   -0.0119  -0.00213  -0.00552  -0.00759  -0.00341  -0.00497  -0.00269  -0.00526   0.00498 -0.000812 -0.000216 -0.000232  5.42e-05   -0.0372  -0.00421  -0.00417 -0.000679  -0.00017 -3.36e-05 -2.91e-06 -1.48e-07  -2.3e-08   -0.0046 -0.000566 -0.000147 -9.45e-05  -0.00263 -0.000853  -0.00027  -1.6e-05 -0.000286 -0.000163 -0.000211    0.0471 -0.000755 -0.000218  -0.00281   0.00531  -0.00264  -0.00346   0.00822  -0.00817 -0.000331  -0.00224  -0.00085   0.00132  -0.00039  4.99e-05 -8.14e-05 -6.74e-05 -1.83e-05 -0.000973 -4.42e-05 -0.000309  -0.00585
  -0.0556 -0.000315  -0.00146  -0.00378  -0.00968   -0.0029 -2.14e-15 -2.14e-15  6.85e-05  0.000265  3.45e-16  -0.00145  -0.00448 -0.000504  -0.00245 -0.000334 -0.000427  -0.00294  -0.00619  -0.00183 -0.000284  -0.00597  -0.00462  -0.00152   -0.0179  2.97e-05  -0.00387  -0.00133 -0.000703  -0.00143 -5.59e-05  -0.00146  -0.00317  -0.00128   -0.0165  -0.00653 -4.32e-07 -0.000192 -0.000448  -0.00296 -1.05e-05 -0.000555   0.00409    0.0171  -0.00361   -0.0133  2.03e-05 -0.000554   -0.0631    -0.106   -0.0357   -0.0069         1   -0.0509  -0.00623   -0.0139   -0.0318   -0.0037   -0.0132   -0.0188  -0.00692   0.00701  -0.00172  -0.00281 -0.000444 -0.000927   -0.0387   -0.0359   -0.0171 -6.01e-05 -0.000407 -3.12e-05  3.76e-06 -2.08e-08 -2.69e-08  -0.00123  -0.00218  -0.00115  0.000173  0.000756    0.0017  5.66e-05 -1.26e-05  -0.00136  -0.00126 -0.000499    0.0941  -0.00357   0.00291    0.0393   -0.0268    0.0257    0.0171   -0.0204   0.00619 -0.000829   -0.0172  -0.00103  -0.00835  -0.00149 -2.42e-05  -0.00142 -6.32e-05  9.82e-06    -0.009   -0.0015   0.00037   -0.0177
  -0.0726 -0.000789  -0.00226   -0.0055   -0.0155  -0.00478 -3.91e-15 -3.91e-15  8.92e-05  0.000359  6.67e-16   -0.0021  -0.00722  -0.00081  -0.00364 -0.000513 -0.000661  -0.00469  -0.00998 -2.79e-05 -0.000284    0.0016  -0.00172 -0.000703  -0.00879   0.00255  -0.00281 -0.000796   0.00101  -0.00112    0.0012  -0.00098  -0.00312 -0.000565   -0.0145  -0.00272 -1.46e-06 -0.000536 -0.000789  -0.00219  6.85e-06   0.00183   0.00426    0.0194   -0.0056   -0.0119  0.000313  -0.00776    -0.116    -0.185    -0.063   -0.0119   -0.0509         1   -0.0149   -0.0213   -0.0549  -0.00517   -0.0203   -0.0275   -0.0107  -0.00205  -0.00397  -0.00431   -0.0013 -0.000826   -0.0585     -0.05   -0.0264 -0.000672 -0.000776 -3.75e-05  2.71e-06  1.06e-07 -4.61e-08  -0.00882  -0.00251  -0.00194  0.000212  -0.00742   0.00247  0.000519     7e-06 -0.000631  -0.00418  -0.00153    0.0836  -0.00579  -0.00158    0.0254   -0.0302 -0.000963    0.0116   -0.0243   -0.0293  -0.00128   -0.0297  -0.00821   -0.0192  -0.00314  7.72e-05  -0.00536  -0.00048 -1.18e-05   -0.0272   -0.0075 -0.000657   -0.0294
  -0.0434 -0.000202 -0.000281  -0.00041  -0.00217 -0.000726 -7.09e-16 -7.09e-16  2.41e-05  4.33e-05 -1.63e-17 -0.000164  -0.00105 -0.000116 -0.000334 -5.81e-05 -7.64e-05 -0.000659  -0.00144  0.000502 -3.47e-05     0.005  0.000909  0.000432  -0.00118    0.0017 -5.45e-06  0.000316   0.00136 -0.000322  0.000812 -3.63e-05 -2.01e-05  0.000342  7.69e-05   0.00145 -2.56e-07 -0.000241 -5.73e-05 -0.000345  1.87e-05   0.00195  -0.00193  -0.00511  -0.00324   -0.0111  0.000221  -0.00454   -0.0246   -0.0371   -0.0127  -0.00213  -0.00623   -0.0149         1  -0.00205  -0.00975 -0.000488  -0.00258  -0.00342  -0.00177  -0.00699 -0.000947 -0.000521  -0.00048  0.000308   -0.0083  -0.00312  -0.00445 -0.000156 -0.000198  8.52e-06  1.02e-06  2.79e-07  8.47e-09  -0.00365  0.000439 -0.000359  2.12e-05  -0.00373  0.000559  0.000406  4.84e-05   0.00125  -0.00136 -0.000367   -0.0178  7.33e-06  -0.00209   -0.0102  -0.00199   -0.0147  -0.00354  -0.00232   -0.0203 -0.000137  -0.00197  -0.00315   -0.0039 -0.000444  7.54e-05  -0.00148 -0.000102 -7.32e-06  -0.00686  -0.00275 -0.000547  -0.00451
     0.04 -0.000267 -0.000827  -0.00233  -0.00556  -0.00171 -1.36e-15 -1.36e-15 -4.11e-05 -4.03e-05  5.93e-16 -0.000853  -0.00249 -0.000282  -0.00146 -0.000198 -0.000252  -0.00164  -0.00349   0.00119  0.000217  -0.00182   0.00195 -0.000282   0.00338 -0.000616   0.00297  8.13e-05  -0.00114 -9.96e-05 -0.000118   0.00117  0.000323  0.000153  -0.00623    0.0017 -1.19e-06  6.61e-05 -0.000399  -0.00067 -2.25e-05  -0.00181   0.00236   0.00913   0.00831   -0.0166 -0.000142 -0.000111   -0.0241   -0.0364   -0.0112  -0.00552   -0.0139   -0.0213  -0.00205         1   -0.0133  -0.00331  -0.00696  -0.00645  -0.00492   0.00853  -0.00108  -0.00107 -0.000239 -0.000636   -0.0346   -0.0178  -0.00592  -0.00084 -0.000174 -5.14e-05 -4.51e-06 -6.57e-07 -6.76e-08  -0.00414  -0.00219 -0.000414 -5.38e-05  -0.00317   -0.0008 -0.000576 -0.000117  -0.00258 -0.000809 -0.000642    0.0515  -0.00355 -0.000161    0.0106   0.00213   0.00617   0.00147   0.00408  0.000499 -0.000485   -0.0149  -0.00256  -0.00547  -0.00158 -7.25e-05  -0.00199  -0.00049 -1.86e-05  -0.00899  -0.00131 -0.000252   -0.0102
  -0.0509 -0.000495  -0.00126  -0.00266  -0.00818  -0.00255 -2.42e-15 -2.42e-15  7.35e-05   0.00025   5.6e-16  -0.00102  -0.00386 -0.000431   -0.0018 -0.000261 -0.000337   -0.0025  -0.00532  0.000461 -0.000146   0.00367 -7.93e-05 -0.000142  -0.00297   0.00239  -0.00161 -0.000234   0.00138   -0.0005   0.00132 -0.000505  -0.00193 -0.000155  -0.00559 -0.000282  -5.4e-07 -0.000241  -0.00046 -0.000906  1.03e-05   0.00205   0.00303    0.0126  -0.00374  -0.00319  0.000296  -0.00511   -0.0738    -0.118   -0.0403  -0.00759   -0.0318   -0.0549  -0.00975   -0.0133         1  -0.00318   -0.0128   -0.0172  -0.00626  -0.00286  -0.00209  -0.00224 -0.000269 -8.97e-05   -0.0329   -0.0252   -0.0154  0.000121 -0.000493    -4e-06  1.86e-06   6.6e-08 -2.24e-08  -0.00414 -0.000705  -0.00115   0.00013   -0.0029   0.00185  0.000476  3.79e-05  0.000137  -0.00189 -0.000486    0.0549  -0.00347  -0.00142    0.0123   -0.0185  -0.00386   0.00682   -0.0164   -0.0203 -0.000743    -0.011   -0.0028  -0.00622  -0.00123  0.000124  -0.00157   1.7e-05 -3.87e-06   -0.0103  -0.00329 -0.000156   -0.0154
 -0.00267 -5.84e-05 -0.000151 -0.000649  -0.00191 -0.000631  -4.6e-16  -4.6e-16 -3.36e-05 -4.57e-05  1.72e-16 -0.000229 -0.000853 -9.59e-05 -0.000418 -6.23e-05 -7.85e-05  -0.00056   -0.0012  0.000588  0.000153   0.00111   0.00119 -8.52e-05  -0.00613  0.000293    0.0021  0.000251 -0.000114 -0.000713  0.000161  0.000811  0.000581  0.000274  -0.00544  0.000953 -3.08e-07   7.1e-05 -0.000123  -0.00153 -5.65e-06 -0.000321  -0.00143   -0.0042   0.00494   -0.0358 -4.66e-05  0.000494  -0.00549   -0.0081  -0.00133  -0.00341   -0.0037  -0.00517 -0.000488  -0.00331  -0.00318         1  -0.00287  -0.00138  -0.00327   0.00476 -0.000334 -9.31e-05 -8.74e-05 -5.85e-05   -0.0237  -0.00305  -0.00224 -0.000409 -8.12e-05 -2.42e-05 -1.92e-06 -1.56e-07 -1.68e-08  -0.00217 -0.000518 -4.43e-05 -6.24e-05 -0.000766 -0.000643 -0.000267 -2.18e-05 -0.000485  0.000189 -6.07e-05    0.0326 -0.000488  0.000439   0.00141   0.00273   0.00262    -0.001   0.00494 -0.000396 -0.000197  -0.00121  0.000162   0.00152 -0.000169  9.26e-06  0.000248 -2.93e-05 -9.37e-06  0.000795  0.000589 -6.72e-05  -0.00331
   0.0126 -0.000156 -0.000496  -0.00159  -0.00433  -0.00135 -1.04e-15 -1.04e-15 -1.48e-05  5.24e-05  3.08e-16 -0.000587  -0.00198 -0.000221  -0.00103 -0.000144 -0.000184  -0.00129  -0.00275  0.000316  3.89e-05 -0.000184  0.000147 -0.000378  -0.00776  0.000411  0.000822 -0.000115 -0.000189 -0.000746   0.00022  0.000406  -0.00035 -2.85e-05  -0.00814  -0.00074 -4.01e-07  4.86e-05 -0.000295   -0.0017 -9.87e-06 -0.000312  0.000365   0.00236   0.00307   -0.0293 -3.31e-05  0.000163   -0.0243   -0.0395   -0.0123  -0.00497   -0.0132   -0.0203  -0.00258  -0.00696   -0.0128  -0.00287         1  -0.00666  -0.00455    0.0052 -0.000899 -0.000891 -0.000122 -0.000306   -0.0299   -0.0126  -0.00657 -0.000344 -0.000187 -2.83e-05  -1.6e-06 -2.04e-07 -2.53e-08  -0.00226 -0.000998 -0.000357 -3.88e-06 -0.000677 -3.63e-05 -0.000206 -2.53e-05 -0.000867 -0.000186 -0.000197    0.0512  -0.00183   0.00034   0.00908  -0.00587   0.00483   0.00293   -0.0025  -0.00142 -0.000433  -0.00575 -0.000205 -0.000729 -0.000542   2.5e-05 -0.000158 -4.19e-06  -7.4e-06  -0.00211 -9.29e-05  6.92e-05  -0.00777
  -0.0414 -0.000109 -0.000706  -0.00167  -0.00436  -0.00129 -9.39e-16 -9.39e-16  6.95e-05  0.000196  4.63e-17 -0.000647  -0.00205 -0.000231  -0.00109 -0.000148  -0.00019  -0.00135  -0.00282  -0.00199 -0.000307  -0.00473  -0.00451  -0.00112   -0.0165 -6.91e-05  -0.00421  -0.00107 -0.000227  -0.00111 -2.27e-05  -0.00161  -0.00258  -0.00113   -0.0106  -0.00612  2.42e-07 -0.000111 -0.000173  -0.00217 -1.75e-06  5.67e-05   0.00172   0.00807  -0.00671   -0.0051  5.28e-05 -0.000649   -0.0345   -0.0603   -0.0206  -0.00269   -0.0188   -0.0275  -0.00342  -0.00645   -0.0172  -0.00138  -0.00666         1  -0.00285   0.00158 -0.000569  -0.00145 -2.45e-07 -0.000367    -0.013   -0.0181  -0.00933  0.000476 -0.000221  2.32e-06  3.81e-06  8.63e-08 -2.95e-11   0.00162 -0.000648 -0.000636  0.000138   0.00278   0.00152   0.00021  2.31e-05 -0.000296 -0.000186  6.72e-05    0.0379  -0.00151   0.00191    0.0239   -0.0207    0.0165    0.0119   -0.0177   0.00609 -0.000377  -0.00455   0.00129  -0.00191 -0.000249  6.77e-06  0.000342  0.000195  1.62e-05  -0.00055   0.00014  0.000521  -0.00788
   0.0707 -0.000137 -0.000417   -0.0016  -0.00451  -0.00145 -8.62e-16 -8.62e-16 -4.98e-05  -7.1e-05  8.04e-17 -0.000586  -0.00202 -0.000229  -0.00104  -0.00015 -0.000191  -0.00132  -0.00284  0.000523  0.000183   0.00142   0.00111 -0.000204   -0.0117  0.000456   0.00278  0.000265 -0.000212  -0.00136  6.02e-05   0.00099   0.00081  0.000347   -0.0103  0.000779 -7.69e-07 -8.23e-05 -0.000179  -0.00274 -3.73e-06 -0.000379  -0.00316   -0.0087   0.00602   -0.0591 -5.58e-05 -0.000543   -0.0139   -0.0208    -0.005  -0.00526  -0.00692   -0.0107  -0.00177  -0.00492  -0.00626  -0.00327  -0.00455  -0.00285         1    0.0056  -0.00106 -0.000643 -0.000763 -0.000283   -0.0389   -0.0095  -0.00556  -0.00105 -0.000171 -4.55e-05 -1.78e-06  -4.1e-08 -2.03e-08  -0.00537  -0.00118 -0.000224 -7.61e-05  -0.00364 -0.000924 -0.000321 -3.04e-05 -0.000458 -0.000792 -0.000572    0.0401 -0.000435  0.000631   0.00214   0.00318   0.00265  -0.00197   0.00766  -0.00532  -0.00035  -0.00792  -0.00267  -0.00379  -0.00093 -2.26e-05  -0.00153 -0.000317 -1.73e-05  -0.00628  -0.00117 -0.000502  -0.00837
    0.131 -7.38e-05  0.000559   0.00302   0.00511   0.00147     6e-16     6e-16  0.000145   0.00014 -7.04e-16    0.0011   0.00211  0.000244   0.00177  0.000219  0.000274   0.00146   0.00302  -0.00127 -0.000532   0.00862  -0.00241  0.000983  -0.00845   0.00312   -0.0061  0.000196   0.00398 -0.000294   0.00186  -0.00242  -0.00148 -0.000116   0.00865  -0.00203  1.36e-06 -0.000456  0.000374  0.000458  6.11e-05   0.00595   -0.0072   -0.0216   -0.0251      0.02  0.000652   -0.0126   -0.0186   -0.0296   -0.0124   0.00498   0.00701  -0.00205  -0.00699   0.00853  -0.00286   0.00476    0.0052   0.00158    0.0056         1  0.000328  0.000815  0.000233   0.00176    0.0487    0.0204   0.00177   0.00176 -0.000173  0.000122  5.48e-06  8.21e-07  7.85e-08   0.00164   0.00436 -0.000172  0.000126 -0.000662   0.00266   0.00161  0.000204   0.00487 -0.000747  0.000656     -0.18   0.00288  -0.00701   -0.0427    -0.011   -0.0467     -0.01   -0.0203    -0.043  0.000547    0.0223 -0.000469   0.00429    0.0018  0.000247  0.000992  0.000551  1.79e-05   0.00332  -0.00269 -0.000315   0.00837
 -0.00951 -9.44e-05  -0.00025  -0.00114  -0.00264 -0.000802 -3.34e-16 -3.34e-16  -3.4e-05 -2.69e-05 -4.06e-17  -0.00042  -0.00116 -0.000131 -0.000719 -9.54e-05 -0.000122 -0.000756  -0.00162  0.000383  1.92e-05 -0.000542  0.000506   4.6e-05   0.00339 -0.000307  0.000954 -1.01e-05 -0.000499   0.00017 -0.000374  0.000371  0.000443  0.000166  -0.00159  0.000384 -7.42e-07 -0.000132 -0.000138  0.000215 -5.74e-06 -0.000613 -3.79e-05   0.00044    0.0017  -0.00141 -7.75e-05 -0.000696  -0.00566  -0.00734  -0.00245 -0.000812  -0.00172  -0.00397 -0.000947  -0.00108  -0.00209 -0.000334 -0.000899 -0.000569  -0.00106  0.000328         1  -0.00072 -0.000799  -0.00048  -0.00801  -0.00822  -0.00212 -0.000885 -3.72e-05 -2.81e-05 -1.59e-06 -2.35e-08 -1.48e-08  -0.00363  -0.00109 -0.000145 -1.03e-05  -0.00434 -0.000447 -0.000144 -4.31e-05 -0.000559  -0.00145 -0.000814  -0.00363 -0.000723 -0.000934  -0.00243   0.00169  -0.00533   -0.0025    0.0033  -0.00653 -0.000159   -0.0116   -0.0045  -0.00887  -0.00123 -5.84e-05    -0.003 -0.000475 -1.29e-05   -0.0121  -0.00299 -0.000574   -0.0053
 -0.00218 -5.46e-05 -0.000282  -0.00114  -0.00245 -0.000718 -2.39e-16 -2.39e-16 -1.59e-05  9.98e-07 -8.73e-17 -0.000425  -0.00108 -0.000123 -0.000714 -9.16e-05 -0.000117 -0.000711   -0.0015 -0.000348 -6.34e-05  -0.00275 -0.000958 -0.000279 -0.000371 -0.000741 -0.000337 -0.000324 -0.000761 -9.95e-06  -0.00055 -0.000142  -0.00018 -0.000209  -0.00328  -0.00149  -5.3e-07 -0.000122 -0.000111 -0.000138 -7.51e-06 -0.000887  0.000377   0.00214 -0.000327   0.00237 -9.44e-05 -0.000289  -0.00536  -0.00855  -0.00303 -0.000216  -0.00281  -0.00431 -0.000521  -0.00107  -0.00224 -9.31e-05 -0.000891  -0.00145 -0.000643  0.000815  -0.00072         1 -0.000646 -0.000536   -0.0044  -0.00952  -0.00239 -0.000623 -2.75e-05  -2.2e-05 -5.61e-07  -3.7e-08 -1.23e-08    -0.002  -0.00109 -0.000172  1.88e-05  -0.00262 -0.000155 -0.000127 -4.18e-05 -0.000711  -0.00113 -0.000645  -0.00355  -0.00077 -0.000186   0.00343  -0.00221  0.000633  0.000542 -0.000604 -0.000984 -0.000139   -0.0106  -0.00332  -0.00795  -0.00104 -7.42e-05  -0.00245 -0.000391 -5.59e-06  -0.00988  -0.00227  -0.00033  -0.00484
 -0.00771 -6.27e-05 -0.000235  -0.00102  -0.00229 -0.000686 -1.98e-16 -1.98e-16 -2.61e-05 -3.71e-05 -1.35e-16  -0.00038    -0.001 -0.000114 -0.000645 -8.46e-05 -0.000108 -0.000656   -0.0014 -7.11e-06  4.04e-06  -0.00114 -8.38e-05 -5.37e-05   0.00118 -0.000467  0.000551 -8.12e-05 -0.000554 -1.75e-05 -0.000474  0.000152  0.000339  4.51e-05  -0.00215 -0.000129 -6.57e-07 -0.000172 -6.46e-05 -6.98e-05 -3.11e-06 -0.000642 -0.000507 -0.000886  0.000954  -0.00304 -7.31e-05 -0.000702  -0.00256   -0.0028  -0.00092 -0.000232 -0.000444   -0.0013  -0.00048 -0.000239 -0.000269 -8.74e-05 -0.000122 -2.45e-07 -0.000763  0.000233 -0.000799 -0.000646         1 -0.000456   -0.0059  -0.00738   -0.0018 -0.000839 -2.16e-05 -2.51e-05 -5.57e-07  5.33e-08 -8.64e-09  -0.00323  -0.00101 -0.000125  -5.2e-06  -0.00394 -0.000408 -0.000113 -3.59e-05 -0.000391  -0.00142 -0.000776  -0.00743 -0.000235 -0.000335 -0.000674   0.00181  -0.00225  -0.00176   0.00341  -0.00427 -9.82e-05    -0.011  -0.00434  -0.00896  -0.00116 -7.63e-05  -0.00295 -0.000485 -9.78e-06   -0.0115  -0.00282 -0.000572  -0.00467
 4.04e-05 -1.95e-05 -0.000177 -0.000896   -0.0017 -0.000488 -8.97e-17 -8.97e-17 -2.37e-05 -1.67e-05 -4.74e-17 -0.000327 -0.000729 -8.34e-05 -0.000543 -6.73e-05  -8.5e-05 -0.000485  -0.00102 -0.000225 -3.38e-05  -0.00305 -0.000695 -0.000267  0.000441 -0.000943  4.42e-06 -0.000279   -0.0009  8.97e-05 -0.000593  1.14e-05 -2.18e-05 -0.000177  -0.00274  -0.00128 -4.61e-07 -4.49e-05 -0.000106 -1.23e-05 -1.09e-05  -0.00115  0.000504    0.0022   0.00061   0.00278 -0.000127  0.000379  4.78e-05  2.78e-05 -1.59e-05  5.42e-05 -0.000927 -0.000826  0.000308 -0.000636 -8.97e-05 -5.85e-05 -0.000306 -0.000367 -0.000283   0.00176  -0.00048 -0.000536 -0.000456         1  -0.00294  -0.00727    -0.001 -0.000546  1.05e-05 -2.16e-05 -1.33e-06 -1.36e-07 -1.58e-08  -0.00131  -0.00103  -6.7e-05  1.91e-06  -0.00187 -0.000334 -0.000212 -5.14e-05 -0.000933 -0.000718 -0.000504  -0.00332 -0.000819 -0.000171   0.00277 -0.000741   0.00117  0.000176  0.000471   0.00155 -9.91e-05  -0.00878  -0.00241    -0.006 -0.000835 -7.43e-05  -0.00189 -0.000334 -5.45e-06  -0.00746  -0.00152 -0.000213  -0.00332
    0.491 -0.000964  -0.00282   -0.0123   -0.0326   -0.0104 -5.85e-15 -5.85e-15 -0.000498 -0.000725  8.75e-16  -0.00443   -0.0144  -0.00163  -0.00785  -0.00111  -0.00141  -0.00947   -0.0203   0.00606   0.00165   0.00728    0.0122  -0.00104   -0.0622  0.000998    0.0255   0.00239  -0.00378  -0.00807 -0.000766   0.00939   0.00835    0.0033     -0.07   0.00981 -6.89e-06 -0.000326  -0.00155   -0.0172 -6.58e-05  -0.00623   -0.0205    -0.057    0.0563     -0.41 -0.000825 -0.000217   -0.0706   -0.0978   -0.0178   -0.0372   -0.0387   -0.0585   -0.0083   -0.0346   -0.0329   -0.0237   -0.0299    -0.013   -0.0389    0.0487  -0.00801   -0.0044   -0.0059  -0.00294         1   -0.0698   -0.0335  -0.00912    -0.001  -0.00039 -2.23e-05 -1.13e-06 -2.11e-07   -0.0421   -0.0107  -0.00114 -0.000705   -0.0313  -0.00914   -0.0033 -0.000401  -0.00643  -0.00623  -0.00504     0.285  -0.00531   0.00254   0.00493    0.0415    0.0109   -0.0231    0.0737   -0.0339  -0.00254    -0.072   -0.0234   -0.0344  -0.00819 -0.000317   -0.0142  -0.00306 -0.000155   -0.0566   -0.0101  -0.00417   -0.0606
   -0.114 -0.000635  -0.00376   -0.0152   -0.0315  -0.00917 -2.99e-15 -2.99e-15 -0.000244 -0.000124 -7.39e-16  -0.00559   -0.0138  -0.00157  -0.00937  -0.00119  -0.00151  -0.00911   -0.0192  -0.00502 -0.000698   -0.0443   -0.0135  -0.00463   -0.0149   -0.0125  -0.00308  -0.00457   -0.0121 -0.000792  -0.00792  -0.00135  -0.00244  -0.00335   -0.0524   -0.0222 -7.03e-06  -0.00116  -0.00162  -0.00377 -0.000134    -0.015    0.0048    0.0288  0.000312   0.00574  -0.00155  -0.00175   -0.0549   -0.0898   -0.0305  -0.00421   -0.0359     -0.05  -0.00312   -0.0178   -0.0252  -0.00305   -0.0126   -0.0181   -0.0095    0.0204  -0.00822  -0.00952  -0.00738  -0.00727   -0.0698         1   -0.0279  -0.00785 -0.000292 -0.000307 -1.35e-05 -1.65e-06  -2.3e-07   -0.0227   -0.0154    -0.002  0.000137   -0.0295  -0.00327  -0.00255 -0.000697   -0.0127   -0.0124  -0.00777   -0.0455   -0.0128  -0.00187     0.054   -0.0256    0.0237    0.0094  -0.00647   0.00893  -0.00183    -0.136   -0.0382   -0.0949   -0.0132  -0.00108   -0.0295   -0.0051 -7.28e-05    -0.118   -0.0251  -0.00351   -0.0612
  -0.0187 -0.000205  -0.00101  -0.00335  -0.00858   -0.0026 -1.26e-15 -1.26e-15  5.06e-06  8.13e-05 -3.42e-16  -0.00127   -0.0039 -0.000441  -0.00218 -0.000297 -0.000379  -0.00255   -0.0054  -0.00186 -0.000227   -0.0043  -0.00408  -0.00108   -0.0212 -0.000256  -0.00215 -0.000919 -0.000772  -0.00185 -0.000675 -0.000987  -0.00134 -0.000752   -0.0171  -0.00563 -9.49e-07 -0.000476 -0.000225  -0.00353  4.09e-07 -0.000499  -0.00226  -0.00328   -0.0038   -0.0409 -4.24e-05  -0.00241   -0.0364   -0.0602   -0.0196  -0.00417   -0.0171   -0.0264  -0.00445  -0.00592   -0.0154  -0.00224  -0.00657  -0.00933  -0.00556   0.00177  -0.00212  -0.00239   -0.0018    -0.001   -0.0335   -0.0279         1  -0.00132 -0.000289 -4.84e-05  3.06e-06  3.82e-07 -3.06e-09  -0.00597  -0.00218 -0.000787  8.62e-05   -0.0054   0.00041  2.86e-05 -1.46e-05  -0.00022   -0.0028  -0.00137    0.0256 -0.000743   0.00148    0.0171    -0.014   0.00976   0.00567  -0.00677  -0.00624 -0.000542   -0.0219  -0.00697   -0.0171  -0.00219 -0.000107  -0.00491 -0.000667 -6.17e-06   -0.0206  -0.00495 -0.000745   -0.0165
   0.0425 -7.79e-05 -0.000241  -0.00117  -0.00252  -0.00076 -2.55e-16 -2.55e-16 -4.52e-05  -6.3e-05 -3.72e-17 -0.000426  -0.00108 -0.000124 -0.000723 -9.44e-05  -0.00012 -0.000712  -0.00152  0.000454     7e-05  -0.00109  0.000764  2.73e-05   0.00413 -0.000629   0.00153  3.67e-05  -0.00078  0.000179 -0.000534  0.000561  0.000707  0.000203  -0.00174  0.000749 -8.51e-07 -0.000118 -0.000123  0.000193 -8.53e-06  -0.00104 -0.000114  0.000137   0.00326  -0.00353 -0.000121 -0.000235 -0.000847  0.000711  0.000453 -0.000679 -6.01e-05 -0.000672 -0.000156  -0.00084  0.000121 -0.000409 -0.000344  0.000476  -0.00105   0.00176 -0.000885 -0.000623 -0.000839 -0.000546  -0.00912  -0.00785  -0.00132         1 -8.31e-06 -3.44e-05 -2.05e-06 -8.68e-08 -1.99e-08  -0.00383   -0.0013  -8.4e-05 -3.07e-05  -0.00455 -0.000747 -0.000258 -6.02e-05  -0.00085  -0.00142 -0.000865  -0.00229 -0.000693 -0.000632  -0.00186   0.00435  -0.00337  -0.00292     0.006  -0.00413 -0.000134   -0.0126  -0.00468  -0.00925  -0.00134 -8.63e-05  -0.00319 -0.000561 -1.47e-05   -0.0124  -0.00289 -0.000623  -0.00505
-0.000167 -8.32e-06 -1.93e-05  -3.9e-05 -0.000151 -4.92e-05 -3.85e-17 -3.85e-17  1.06e-06  8.57e-07 -2.63e-18 -1.48e-05 -7.12e-05 -7.98e-06 -2.81e-05 -4.43e-06  -5.7e-06 -4.57e-05 -9.85e-05 -1.48e-05  -1.9e-06  0.000118 -2.68e-05 -6.31e-06 -0.000675  5.62e-05 -1.17e-05  3.33e-06  4.15e-05 -6.57e-05  2.92e-05 -9.73e-06 -1.68e-05    -5e-07 -0.000367 -4.02e-05    -1e-08 -1.02e-05 -3.23e-06 -0.000117  6.62e-07  6.19e-05 -0.000179 -0.000466 -0.000149  -0.00194  7.62e-06 -0.000203   -0.0012  -0.00191 -0.000602  -0.00017 -0.000407 -0.000776 -0.000198 -0.000174 -0.000493 -8.12e-05 -0.000187 -0.000221 -0.000171 -0.000173 -3.72e-05 -2.75e-05 -2.16e-05  1.05e-05    -0.001 -0.000292 -0.000289 -8.31e-06         1 -3.73e-08  5.09e-08  7.76e-09   4.8e-11  -0.00016  4.45e-06 -1.89e-05  1.03e-07 -0.000109  1.66e-05  1.07e-05  1.53e-06  3.69e-05 -3.97e-05 -1.02e-05 -0.000325 -3.19e-06 -3.98e-05 -0.000158 -0.000201 -0.000257 -5.69e-05 -0.000146 -0.000658  -9.8e-06 -5.15e-05 -8.34e-05 -8.99e-05 -1.52e-05  2.15e-06 -3.61e-05 -3.41e-06 -2.22e-07 -0.000177    -7e-05 -1.69e-05  -0.00029
 0.000474 -2.21e-06 -8.84e-06 -4.42e-05 -9.18e-05 -2.75e-05 -9.38e-18 -9.38e-18 -1.71e-06 -2.09e-06  5.45e-19 -1.61e-05 -3.93e-05 -4.49e-06 -2.71e-05  -3.5e-06 -4.42e-06  -2.6e-05 -5.54e-05  1.34e-05  2.57e-06 -7.13e-05  1.95e-05 -3.82e-06  0.000106 -3.03e-05  5.36e-05 -1.61e-06 -3.56e-05  4.56e-06 -2.17e-05  2.05e-05  2.11e-05  4.12e-06 -9.98e-05     1e-05 -2.88e-08 -2.11e-06 -5.38e-06  5.03e-07 -4.59e-07 -4.87e-05  1.01e-05  4.96e-05  0.000138 -0.000179 -5.56e-06  1.77e-05  -5.8e-06  4.28e-05  2.71e-05 -3.36e-05 -3.12e-05 -3.75e-05  8.52e-06 -5.14e-05    -4e-06 -2.42e-05 -2.83e-05  2.32e-06 -4.55e-05  0.000122 -2.81e-05  -2.2e-05 -2.51e-05 -2.16e-05  -0.00039 -0.000307 -4.84e-05 -3.44e-05 -3.73e-08         1 -8.63e-08  -6.2e-09 -8.75e-10 -0.000115  -5.1e-05 -2.46e-06 -1.16e-06 -0.000132 -2.82e-05 -1.21e-05 -2.49e-06 -4.15e-05 -3.96e-05 -2.74e-05  0.000228 -3.46e-05 -9.98e-06   3.7e-05  0.000123  -9.9e-06 -6.27e-05  0.000193 -2.57e-05 -5.76e-06 -0.000437 -0.000137 -0.000287 -4.45e-05 -3.21e-06 -9.77e-05 -1.81e-05 -4.81e-07 -0.000382    -8e-05 -1.68e-05 -0.000179
-2.48e-05 -1.72e-07 -1.28e-07 -2.23e-06 -4.02e-06 -1.24e-06 -4.05e-19 -4.05e-19 -1.88e-07 -2.28e-07  5.26e-19 -7.22e-07 -1.61e-06 -1.81e-07 -1.27e-06 -1.56e-07 -1.96e-07 -1.06e-06  -2.3e-06  2.62e-06  2.14e-07 -6.44e-06  3.65e-06  8.64e-09  1.21e-05 -3.18e-06   5.9e-06  1.96e-07 -3.09e-06  1.18e-06 -1.33e-06  2.67e-06   2.3e-06  6.24e-07 -6.63e-06  8.03e-07 -2.14e-09  3.84e-07 -7.77e-07  8.77e-07 -6.42e-08 -4.68e-06 -2.71e-07 -9.82e-08  9.94e-06  -1.4e-05 -5.73e-07 -3.06e-07  9.57e-06     2e-05  8.33e-06 -2.91e-06  3.76e-06  2.71e-06  1.02e-06 -4.51e-06  1.86e-06 -1.92e-06  -1.6e-06  3.81e-06 -1.78e-06  5.48e-06 -1.59e-06 -5.61e-07 -5.57e-07 -1.33e-06 -2.23e-05 -1.35e-05  3.06e-06 -2.05e-06  5.09e-08 -8.63e-08         1  -1.7e-09 -1.28e-10 -6.65e-06 -3.36e-06  2.29e-07 -2.08e-07 -8.23e-06 -3.04e-06 -1.41e-06    -3e-07 -5.34e-06 -9.58e-07  -1.4e-06 -5.42e-05 -6.05e-06 -7.26e-06 -2.52e-05  1.23e-05 -2.92e-05  -1.5e-05  1.17e-05 -1.09e-05 -3.99e-07 -2.27e-05 -6.61e-06 -1.01e-05 -2.34e-06 -1.51e-07 -4.79e-06 -1.09e-06 -5.05e-08 -1.94e-05 -3.63e-06 -6.92e-07 -7.61e-06
  6.7e-06 -8.73e-09 -3.32e-08 -2.04e-07 -2.74e-07 -7.63e-08 -2.09e-20 -2.09e-20 -1.25e-08 -1.92e-08   6.6e-20 -6.54e-08 -1.06e-07  -1.2e-08 -1.11e-07 -1.23e-08 -1.52e-08 -7.22e-08 -1.53e-07  5.78e-08  3.75e-09 -1.49e-06 -3.65e-08  -1.1e-07  2.16e-07 -5.23e-07  2.54e-07 -7.06e-08 -4.31e-07  7.22e-08  -1.8e-07  1.31e-07  3.42e-08 -6.49e-08 -1.19e-06 -4.49e-07 -1.53e-10  5.61e-08 -7.36e-08 -2.01e-08  -7.8e-09  -6.3e-07  1.68e-07  7.81e-07  4.82e-07   3.4e-08 -6.56e-08  2.05e-08  1.11e-06  1.75e-06  7.19e-07 -1.48e-07 -2.08e-08  1.06e-07  2.79e-07 -6.57e-07   6.6e-08 -1.56e-07 -2.04e-07  8.63e-08  -4.1e-08  8.21e-07 -2.35e-08  -3.7e-08  5.33e-08 -1.36e-07 -1.13e-06 -1.65e-06  3.82e-07 -8.68e-08  7.76e-09  -6.2e-09  -1.7e-09         1 -1.51e-11 -2.56e-08 -3.47e-07  1.69e-08 -1.56e-08 -1.35e-07 -2.37e-07 -1.57e-07 -3.48e-08 -7.01e-07  8.39e-08 -5.32e-08 -6.47e-06 -7.57e-07 -5.52e-07 -6.67e-07   3.1e-07 -8.82e-07 -5.54e-07 -3.84e-08  1.05e-06 -2.96e-08 -1.68e-06 -9.96e-08 -3.12e-07 -1.56e-07 -2.21e-08 -2.01e-07 -8.19e-08 -2.75e-09  -8.1e-07  8.22e-09  3.26e-08 -4.62e-07
 6.09e-07 -2.43e-09 -7.54e-09 -3.11e-08 -5.78e-08 -1.71e-08 -7.72e-21 -7.72e-21 -1.29e-09 -2.12e-09  4.92e-21 -1.09e-08 -2.44e-08 -2.79e-09 -1.84e-08 -2.29e-09 -2.89e-09 -1.62e-08 -3.46e-08  1.39e-08  1.94e-09 -9.77e-08  1.77e-08 -4.78e-09   1.3e-07 -3.92e-08  4.26e-08 -2.28e-09 -3.64e-08  9.79e-09  -1.7e-08  1.75e-08  1.29e-08  4.46e-11 -7.25e-08  2.13e-10 -2.34e-11  1.27e-09 -6.21e-09  7.64e-09 -5.71e-10 -5.26e-08  2.17e-08  9.26e-08  9.08e-08  4.96e-08 -5.27e-09 -8.13e-09 -4.15e-09  3.46e-08  1.98e-08  -2.3e-08 -2.69e-08 -4.61e-08  8.47e-09 -6.76e-08 -2.24e-08 -1.68e-08 -2.53e-08 -2.95e-11 -2.03e-08  7.85e-08 -1.48e-08 -1.23e-08 -8.64e-09 -1.58e-08 -2.11e-07  -2.3e-07 -3.06e-09 -1.99e-08   4.8e-11 -8.75e-10 -1.28e-10 -1.51e-11         1 -6.26e-08 -4.14e-08 -1.36e-09 -1.36e-09 -8.08e-08 -2.44e-08  -1.3e-08 -3.05e-09 -5.64e-08 -1.88e-08 -1.66e-08 -3.45e-07 -6.01e-08 -4.09e-08 -4.23e-08  1.03e-07 -8.57e-08 -6.89e-08  9.77e-08 -3.04e-09 -3.93e-09 -3.06e-07 -8.02e-08 -1.66e-07 -3.18e-08 -2.71e-09 -6.26e-08 -1.41e-08  -3.9e-10 -2.47e-07  -4.6e-08 -8.18e-09 -1.11e-07
  0.00582 -0.000462 -0.000962  -0.00381  -0.00936  -0.00292 -1.46e-15 -1.46e-15 -0.000154 -0.000267  6.83e-18   -0.0014  -0.00409 -0.000466  -0.00243 -0.000333 -0.000424  -0.00266  -0.00575   0.00331  0.000466   0.00471   0.00653   0.00109    0.0223 -4.11e-05   0.00806   0.00112  -0.00106  0.000707 -0.000773    0.0029    0.0037   0.00169 -0.000454   0.00853 -3.33e-06 -0.000587 -0.000374    0.0012 -7.05e-06  -0.00156  -0.00208  -0.00514    0.0144   -0.0247 -0.000179  -0.00435   -0.0164   -0.0142   -0.0038   -0.0046  -0.00123  -0.00882  -0.00365  -0.00414  -0.00414  -0.00217  -0.00226   0.00162  -0.00537   0.00164  -0.00363    -0.002  -0.00323  -0.00131   -0.0421   -0.0227  -0.00597  -0.00383  -0.00016 -0.000115 -6.65e-06 -2.56e-08 -6.26e-08         1  -0.00383 -0.000438 -0.000155   -0.0201   -0.0027 -0.000599  -0.00016  -0.00155  -0.00601  -0.00326  -0.00902  -0.00167  -0.00368   -0.0203    0.0246   -0.0259   -0.0167    0.0291   -0.0336 -0.000479    -0.043    -0.019   -0.0334  -0.00493 -0.000222    -0.012  -0.00207 -6.44e-05   -0.0472    -0.012  -0.00288   -0.0191
 -0.00117 -8.68e-05 -0.000454    -0.002  -0.00394  -0.00115 -3.44e-16 -3.44e-16 -5.74e-05 -6.93e-05 -1.38e-17 -0.000729  -0.00169 -0.000194  -0.00122 -0.000153 -0.000194  -0.00112  -0.00237  -2.9e-05  1.71e-05  -0.00545 -0.000454 -0.000418   0.00338  -0.00187   0.00105 -0.000374  -0.00186  0.000229  -0.00115  0.000388  0.000338 -0.000175  -0.00511  -0.00126 -1.18e-06 -0.000106 -0.000233  5.55e-05 -2.25e-05  -0.00246  0.000999   0.00448   0.00334   0.00236 -0.000259  0.000383  -0.00118 -0.000724 -9.29e-05 -0.000566  -0.00218  -0.00251  0.000439  -0.00219 -0.000705 -0.000518 -0.000998 -0.000648  -0.00118   0.00436  -0.00109  -0.00109  -0.00101  -0.00103   -0.0107   -0.0154  -0.00218   -0.0013  4.45e-06  -5.1e-05 -3.36e-06 -3.47e-07 -4.14e-08  -0.00383         1 -0.000161  -2.1e-05  -0.00491  -0.00095 -0.000508  -0.00012  -0.00213   -0.0017  -0.00116  -0.00349   -0.0019 -0.000482   0.00457   0.00197    0.0017 -0.000858   0.00425   0.00158 -0.000225   -0.0198  -0.00572   -0.0132  -0.00197 -0.000165  -0.00433 -0.000809 -1.59e-05    -0.017  -0.00349 -0.000603  -0.00768
-0.000417 -2.27e-05 -8.73e-05 -0.000227  -0.00056 -0.000167 -9.51e-17 -9.51e-17  2.43e-06  4.17e-06 -1.38e-17 -8.69e-05 -0.000255  -2.9e-05 -0.000147 -1.98e-05 -2.54e-05 -0.000167 -0.000354 -9.38e-05 -1.37e-05  -0.00029 -0.000203 -4.64e-05 -0.000292 -4.24e-05 -0.000151 -5.33e-05 -5.43e-05 -4.43e-05  -4.5e-05 -7.58e-05 -9.14e-05 -4.76e-05  -0.00059 -0.000213 -9.23e-08 -4.18e-05 -1.23e-05  -7.4e-05  3.27e-07 -3.86e-05  4.11e-05  0.000417 -0.000331  0.000298  2.03e-06 -0.000338  -0.00279  -0.00441  -0.00155 -0.000147  -0.00115  -0.00194 -0.000359 -0.000414  -0.00115 -4.43e-05 -0.000357 -0.000636 -0.000224 -0.000172 -0.000145 -0.000172 -0.000125  -6.7e-05  -0.00114    -0.002 -0.000787  -8.4e-05 -1.89e-05 -2.46e-06  2.29e-07  1.69e-08 -1.36e-09 -0.000438 -0.000161         1  7.66e-06 -0.000523  4.68e-05  1.11e-05 -3.19e-06 -4.56e-05 -0.000264 -0.000116 -0.000553 -0.000116  8.98e-06  0.000985 -0.000648  0.000311  0.000319 -0.000439 -0.000744 -2.84e-05  -0.00189 -0.000662  -0.00156 -0.000201 -1.12e-05 -0.000468 -7.12e-05 -5.13e-07  -0.00191  -0.00049 -7.55e-05  -0.00111
  0.00024 -3.16e-06     2e-06 -4.64e-06 -1.61e-05 -7.68e-06 -8.03e-18 -8.03e-18 -2.86e-06 -6.43e-06  1.04e-17 -5.28e-07 -5.05e-06 -5.86e-07 -2.27e-06 -5.01e-07 -5.91e-07 -3.21e-06 -8.58e-06  7.68e-05  1.31e-05  0.000126   0.00016   2.2e-05  0.000245  4.06e-06  0.000186  3.34e-05 -6.91e-06  4.64e-06  6.62e-06  7.14e-05  7.84e-05  3.55e-05  2.36e-05  0.000186 -2.92e-08  4.52e-06 -4.45e-06 -1.38e-07 -3.26e-07 -2.53e-05 -6.99e-05 -0.000243  0.000344  -0.00106  -3.3e-06 -1.29e-05   0.00029  0.000635  0.000269 -9.45e-05  0.000173  0.000212  2.12e-05 -5.38e-05   0.00013 -6.24e-05 -3.88e-06  0.000138 -7.61e-05  0.000126 -1.03e-05  1.88e-05  -5.2e-06  1.91e-06 -0.000705  0.000137  8.62e-05 -3.07e-05  1.03e-07 -1.16e-06 -2.08e-07 -1.56e-08 -1.36e-09 -0.000155  -2.1e-05  7.66e-06         1 -0.000139 -6.03e-05 -1.75e-05  -2.6e-06 -3.59e-05 -4.21e-06 -1.15e-05  8.45e-05 -2.65e-05 -6.23e-05 -0.000516  0.000578 -0.000382 -0.000328  0.000562 -0.000269 -1.88e-06 -9.26e-05 -6.83e-05  1.32e-05 -1.82e-05 -5.45e-07  -3.1e-05 -1.22e-05  -8.9e-07 -9.86e-05 -1.55e-05 -1.91e-05 -2.95e-05
    0.036 -0.000536  -0.00116  -0.00459   -0.0106  -0.00325 -1.46e-15 -1.46e-15 -0.000175 -0.000296  -6.2e-17  -0.00169  -0.00459 -0.000525   -0.0029 -0.000387 -0.000494    -0.003  -0.00646   0.00359  0.000427    0.0025   0.00681   0.00125    0.0353  -0.00106   0.00818  0.000984  -0.00188   0.00177  -0.00143   0.00295   0.00398   0.00171   0.00338   0.00903 -4.09e-06  -0.00074 -0.000457   0.00315 -1.46e-05  -0.00257 -0.000196   0.00112    0.0141   0.00878 -0.000274  -0.00537   -0.0153   -0.0102  -0.00357  -0.00263  0.000756  -0.00742  -0.00373  -0.00317   -0.0029 -0.000766 -0.000677   0.00278  -0.00364 -0.000662  -0.00434  -0.00262  -0.00394  -0.00187   -0.0313   -0.0295   -0.0054  -0.00455 -0.000109 -0.000132 -8.23e-06 -1.35e-07 -8.08e-08   -0.0201  -0.00491 -0.000523 -0.000139         1  -0.00298 -0.000692 -0.000224  -0.00243  -0.00772  -0.00415   -0.0421  -0.00269  -0.00535   -0.0245    0.0274   -0.0338   -0.0194     0.031   -0.0388  -0.00048   -0.0565   -0.0243   -0.0447  -0.00634 -0.000323   -0.0158  -0.00269 -7.41e-05   -0.0618   -0.0157  -0.00348    -0.022
  0.00289 -4.53e-05  -9.3e-05 -0.000651  -0.00129   -0.0004 -1.28e-16 -1.28e-16 -4.86e-05 -8.52e-05  7.19e-17 -0.000226 -0.000527 -6.06e-05 -0.000389 -5.02e-05  -6.3e-05 -0.000349 -0.000756  0.000729   0.00013 -0.000561   0.00139  9.34e-05   0.00393 -0.000591   0.00213  0.000199  -0.00069  0.000171 -0.000352  0.000817  0.000911  0.000299  -0.00109    0.0014 -6.54e-07  8.44e-06 -0.000109   0.00012 -1.05e-05  -0.00106 -0.000312 -0.000909   0.00447  -0.00815 -0.000123   0.00023   0.00408   0.00855   0.00342 -0.000853    0.0017   0.00247  0.000559   -0.0008   0.00185 -0.000643 -3.63e-05   0.00152 -0.000924   0.00266 -0.000447 -0.000155 -0.000408 -0.000334  -0.00914  -0.00327   0.00041 -0.000747  1.66e-05 -2.82e-05 -3.04e-06 -2.37e-07 -2.44e-08   -0.0027  -0.00095  4.68e-05 -6.03e-05  -0.00298         1 -0.000332 -6.25e-05 -0.000987 -0.000608 -0.000503 -0.000421 -0.000743 -0.000701  -0.00369   0.00643  -0.00319  -0.00356   0.00713  -0.00179 -7.83e-05   -0.0074   -0.0026  -0.00438 -0.000813 -6.08e-05  -0.00176 -0.000383 -1.37e-05  -0.00663  -0.00133  -0.00039  -0.00252
-0.000956 -7.29e-06 -5.69e-05 -0.000363 -0.000638 -0.000186 -3.94e-17 -3.94e-17 -1.86e-05 -2.56e-05  3.32e-17 -0.000127 -0.000263 -3.01e-05 -0.000213  -2.6e-05 -3.26e-05 -0.000177 -0.000374  7.92e-05   2.2e-05  -0.00137  5.25e-05 -0.000107  0.000318 -0.000508  0.000491 -5.57e-05 -0.000491  3.33e-05 -0.000257  0.000204   0.00016 -1.94e-05  -0.00147 -0.000251 -2.39e-07  2.62e-05 -6.64e-05 -7.76e-05 -7.48e-06 -0.000697  0.000119  0.000573   0.00132  -0.00224 -7.75e-05  0.000356   0.00166   0.00285   0.00116  -0.00027  5.66e-05  0.000519  0.000406 -0.000576  0.000476 -0.000267 -0.000206   0.00021 -0.000321   0.00161 -0.000144 -0.000127 -0.000113 -0.000212   -0.0033  -0.00255  2.86e-05 -0.000258  1.07e-05 -1.21e-05 -1.41e-06 -1.57e-07  -1.3e-08 -0.000599 -0.000508  1.11e-05 -1.75e-05 -0.000692 -0.000332         1  -3.4e-05 -0.000645 -0.000125 -0.000175  -5.9e-06 -0.000554 -0.000187  0.000447   0.00102  0.000387 -0.000502   0.00141   0.00136 -4.73e-05  -0.00333 -0.000714  -0.00164 -0.000321 -3.36e-05 -0.000603 -0.000143 -4.08e-06  -0.00231 -0.000321 -6.23e-05  -0.00118
-0.000356 -4.18e-06 -1.91e-05 -9.08e-05 -0.000163  -4.7e-05 -1.18e-17 -1.18e-17 -3.49e-06 -5.26e-06  4.57e-18 -3.22e-05 -6.83e-05 -7.84e-06 -5.39e-05 -6.58e-06 -8.29e-06 -4.55e-05 -9.66e-05   8.3e-06  1.44e-06 -0.000341 -1.08e-05 -2.25e-05  0.000221 -0.000124  7.18e-05 -1.82e-05 -0.000112  2.06e-05  -6.2e-05  2.94e-05  2.33e-05 -1.03e-05 -0.000264 -7.39e-05  -6.2e-08  4.44e-07  -1.5e-05  1.07e-05 -1.56e-06 -0.000154  4.44e-05  0.000213  0.000168  0.000208  -1.6e-05 -1.02e-06  0.000157  0.000317  0.000121  -1.6e-05 -1.26e-05     7e-06  4.84e-05 -0.000117  3.79e-05 -2.18e-05 -2.53e-05  2.31e-05 -3.04e-05  0.000204 -4.31e-05 -4.18e-05 -3.59e-05 -5.14e-05 -0.000401 -0.000697 -1.46e-05 -6.02e-05  1.53e-06 -2.49e-06    -3e-07 -3.48e-08 -3.05e-09  -0.00016  -0.00012 -3.19e-06  -2.6e-06 -0.000224 -6.25e-05  -3.4e-05         1 -0.000147 -6.28e-05 -5.18e-05  -0.00119 -0.000141 -8.68e-05 -5.01e-06  0.000176  -0.00012 -0.000138  0.000205  9.57e-05 -9.48e-06 -0.000927 -0.000251 -0.000565 -9.29e-05 -8.76e-06 -0.000198 -4.15e-05 -9.29e-07  -0.00077 -0.000148 -2.41e-05 -0.000316
  -0.0026 -4.78e-05 -0.000329  -0.00157  -0.00267 -0.000754  -1.8e-16  -1.8e-16  -5.6e-05 -7.21e-05  1.33e-16 -0.000556  -0.00111 -0.000128 -0.000922  -0.00011 -0.000139 -0.000748  -0.00158 -8.63e-05    -3e-06  -0.00724 -0.000741 -0.000576   0.00237  -0.00242  0.000784 -0.000474  -0.00216  0.000335  -0.00115  0.000367  8.84e-05 -0.000359  -0.00552  -0.00219 -9.39e-07  7.88e-05 -0.000285  5.95e-05 -3.16e-05  -0.00297   0.00144   0.00583   0.00268   0.00569 -0.000308  0.000737   0.00307     0.005   0.00193 -0.000286  -0.00136 -0.000631   0.00125  -0.00258  0.000137 -0.000485 -0.000867 -0.000296 -0.000458   0.00487 -0.000559 -0.000711 -0.000391 -0.000933  -0.00643   -0.0127  -0.00022  -0.00085  3.69e-05 -4.15e-05 -5.34e-06 -7.01e-07 -5.64e-08  -0.00155  -0.00213 -4.56e-05 -3.59e-05  -0.00243 -0.000987 -0.000645 -0.000147         1 -0.000649 -0.000721   -0.0137  -0.00278  -0.00113    0.0037  0.000797   0.00164   -0.0005   0.00134   0.00602 -0.000181   -0.0148  -0.00304  -0.00795  -0.00141 -0.000152  -0.00272 -0.000614 -1.25e-05   -0.0107  -0.00168 -0.000175  -0.00501
   0.0138 -0.000167 -0.000475  -0.00169  -0.00382  -0.00114  -4.7e-16  -4.7e-16 -3.81e-05  -6.2e-05 -1.19e-16 -0.000636  -0.00167 -0.000191  -0.00107 -0.000141 -0.000181  -0.00109  -0.00234  0.000552  5.44e-05 -0.000524  0.000997  0.000213    0.0102 -0.000536   0.00142  5.46e-05  -0.00072  0.000527 -0.000634  0.000443  0.000771  0.000279  0.000575   0.00165 -1.27e-06 -0.000321 -0.000112   0.00101 -2.53e-06 -0.000847  0.000493   0.00251   0.00248    0.0109 -7.84e-05  -0.00179  -0.00755  -0.00837  -0.00328 -0.000163  -0.00126  -0.00418  -0.00136 -0.000809  -0.00189  0.000189 -0.000186 -0.000186 -0.000792 -0.000747  -0.00145  -0.00113  -0.00142 -0.000718  -0.00623   -0.0124   -0.0028  -0.00142 -3.97e-05 -3.96e-05 -9.58e-07  8.39e-08 -1.88e-08  -0.00601   -0.0017 -0.000264 -4.21e-06  -0.00772 -0.000608 -0.000125 -6.28e-05 -0.000649         1  -0.00143   -0.0141 -0.000701  -0.00109   -0.0029   0.00547  -0.00696  -0.00378     0.007   -0.0104 -0.000153   -0.0203  -0.00831   -0.0167  -0.00221 -0.000126  -0.00556 -0.000908 -1.89e-05   -0.0218  -0.00556  -0.00112  -0.00793
  0.00767 -7.87e-05 -0.000253  -0.00107  -0.00228 -0.000679 -2.33e-16 -2.33e-16 -3.16e-05 -4.31e-05 -5.29e-17 -0.000394 -0.000988 -0.000113 -0.000664  -8.6e-05 -0.000109 -0.000649  -0.00139  0.000267  2.88e-05  -0.00129  0.000384  1.11e-05    0.0046  -0.00061  0.000906  -3.9e-05 -0.000687  0.000257   -0.0005  0.000316  0.000448  0.000104 -0.000962  0.000407 -7.55e-07 -0.000137 -0.000101   0.00039 -6.47e-06 -0.000875  0.000244   0.00136   0.00185   0.00332  -9.4e-05 -0.000552  -0.00231  -0.00195 -0.000742 -0.000211 -0.000499  -0.00153 -0.000367 -0.000642 -0.000486 -6.07e-05 -0.000197  6.72e-05 -0.000572  0.000656 -0.000814 -0.000645 -0.000776 -0.000504  -0.00504  -0.00777  -0.00137 -0.000865 -1.02e-05 -2.74e-05  -1.4e-06 -5.32e-08 -1.66e-08  -0.00326  -0.00116 -0.000116 -1.15e-05  -0.00415 -0.000503 -0.000175 -5.18e-05 -0.000721  -0.00143         1  -0.00723 -0.000676  -0.00066  -0.00116   0.00285  -0.00324  -0.00213   0.00399  -0.00413 -0.000109    -0.012  -0.00449   -0.0092  -0.00127 -8.23e-05  -0.00309 -0.000526 -1.17e-05   -0.0121  -0.00291 -0.000572  -0.00464
   -0.118 -0.000189  0.000337  -0.00233 -0.000161  0.000398  7.08e-15  7.08e-15  6.13e-05 -0.000909 -7.08e-15 -0.000324  0.000294  2.86e-05  -0.00113 -1.69e-05  -1.3e-05  0.000401  0.000597   -0.0262  -0.00537      -0.1   -0.0589  -0.00822    -0.184   -0.0298   -0.0457   -0.0106   -0.0135  -0.00749   -0.0115   -0.0182    -0.012   -0.0122    -0.108   -0.0944 -4.56e-06  -0.00267  -0.00109   -0.0169 -0.000102   -0.0132    -0.074     -0.19    -0.191   -0.0264  -0.00127   -0.0954    0.0429    0.0509    0.0106    0.0471    0.0941    0.0836   -0.0178    0.0515    0.0549    0.0326    0.0512    0.0379    0.0401     -0.18  -0.00363  -0.00355  -0.00743  -0.00332     0.285   -0.0455    0.0256  -0.00229 -0.000325  0.000228 -5.42e-05 -6.47e-06 -3.45e-07  -0.00902  -0.00349 -0.000553  8.45e-05   -0.0421 -0.000421  -5.9e-06  -0.00119   -0.0137   -0.0141  -0.00723         1    -0.018   -0.0751    -0.304    -0.081    -0.325    -0.103    -0.143    -0.199   0.00255   -0.0672   -0.0552    -0.106  -0.00873  -0.00137   -0.0409  -0.00756    -5e-05    -0.153   -0.0465  -0.00555   -0.0105
   0.0174 -0.000106 -0.000355  -0.00152  -0.00279 -0.000804 -3.75e-16 -3.75e-16 -4.89e-05 -3.93e-05  2.52e-16 -0.000535  -0.00119 -0.000135   -0.0009  -0.00011 -0.000139 -0.000788  -0.00167  0.000338 -1.94e-05  -0.00587 -0.000125 -0.000383   0.00557  -0.00197  0.000764 -0.000379  -0.00178   0.00062 -0.000835  0.000433  3.55e-06 -0.000239  -0.00369  -0.00154  -9.3e-07  0.000102 -0.000355   0.00059 -3.04e-05  -0.00248   0.00204   0.00767   0.00187    0.0128 -0.000255  -0.00016  -0.00414  -0.00603  -0.00207 -0.000755  -0.00357  -0.00579  7.33e-06  -0.00355  -0.00347 -0.000488  -0.00183  -0.00151 -0.000435   0.00288 -0.000723  -0.00077 -0.000235 -0.000819  -0.00531   -0.0128 -0.000743 -0.000693 -3.19e-06 -3.46e-05 -6.05e-06 -7.57e-07 -6.01e-08  -0.00167   -0.0019 -0.000116 -2.65e-05  -0.00269 -0.000743 -0.000554 -0.000141  -0.00278 -0.000701 -0.000676    -0.018         1  -0.00227  1.35e-06 -0.000579  -0.00443  -0.00138  -0.00094  0.000777 -0.000228    -0.014  -0.00301  -0.00721  -0.00135 -0.000109  -0.00257  -0.00054 -1.41e-05   -0.0107  -0.00195 -0.000151  -0.00526
  -0.0301 -0.000148  3.72e-05 -0.000376 -0.000954 -0.000327 -1.67e-16 -1.67e-16 -5.26e-05 -6.45e-05  9.72e-17 -9.74e-05 -0.000388 -4.17e-05  -0.00022 -2.87e-05 -3.68e-05 -0.000233 -0.000547   0.00128 -2.52e-05  0.000398   0.00177  0.000463   0.00748 -0.000396   0.00151   0.00026  -0.00022   0.00075 -2.85e-05  0.000768  0.000861   0.00043  0.000948   0.00081 -8.04e-07  2.19e-05 -0.000299   0.00108 -1.23e-05 -0.000389  -0.00162  -0.00456  -0.00165   0.00454 -7.13e-05  -0.00404  -0.00411  -0.00333  -0.00124 -0.000218   0.00291  -0.00158  -0.00209 -0.000161  -0.00142  0.000439   0.00034   0.00191  0.000631  -0.00701 -0.000934 -0.000186 -0.000335 -0.000171   0.00254  -0.00187   0.00148 -0.000632 -3.98e-05 -9.98e-06 -7.26e-06 -5.52e-07 -4.09e-08  -0.00368 -0.000482  8.98e-06 -6.23e-05  -0.00535 -0.000701 -0.000187 -8.68e-05  -0.00113  -0.00109  -0.00066   -0.0751  -0.00227         1   -0.0258   0.00376   -0.0303   -0.0109  0.000791   -0.0208 -7.36e-05  -0.00685  -0.00443  -0.00551  -0.00088  2.46e-06  -0.00268 -0.000446 -2.26e-05   -0.0112  -0.00335  -0.00058  -0.00228
   -0.116 -0.000552   0.00186   0.00453   0.00674   0.00152  1.66e-16  1.66e-16 -0.000227  -0.00049  2.99e-16   0.00184   0.00308  0.000362   0.00274  0.000316  0.000399   0.00219   0.00425    0.0107  0.000734    0.0361    0.0207   0.00578    0.0438   0.00694    0.0157   0.00509   0.00632   0.00276   0.00408   0.00657   0.00909   0.00559    0.0296    0.0238 -1.91e-06  3.86e-05 -0.000386   0.00536  4.36e-05   0.00738   -0.0178    -0.061   0.00438   -0.0581  0.000558   -0.0206    0.0095    0.0408    0.0155  -0.00281    0.0393    0.0254   -0.0102    0.0106    0.0123   0.00141   0.00908    0.0239   0.00214   -0.0427  -0.00243   0.00343 -0.000674   0.00277   0.00493     0.054    0.0171  -0.00186 -0.000158   3.7e-05 -2.52e-05 -6.67e-07 -4.23e-08   -0.0203   0.00457  0.000985 -0.000516   -0.0245  -0.00369  0.000447 -5.01e-06    0.0037   -0.0029  -0.00116    -0.304  1.35e-06   -0.0258         1    0.0559    -0.167   -0.0705    0.0392     -0.13  0.000467    0.0186    -0.014   0.00346  0.000158   0.00049  -0.00462 -0.000633 -0.000111   -0.0185   -0.0102  -0.00338    0.0103
    0.287  0.000694  0.000273 -0.000461 -0.000548  0.000109  1.36e-15  1.36e-15  0.000265  0.000804 -1.58e-15 -0.000178 -0.000454 -4.18e-05 -0.000294 -9.84e-06 -1.03e-05 -0.000315 -0.000433   -0.0137  -0.00224    -0.033   -0.0302   -0.0059    -0.113    -0.004   -0.0273  -0.00616  -0.00187  -0.00568   -0.0019     -0.01   -0.0123  -0.00657   -0.0512   -0.0441  4.62e-06  0.000202 -0.000161   -0.0114 -2.39e-05 -0.000364  -0.00515  -0.00853   -0.0563   -0.0324 -0.000145   0.00132   -0.0328   -0.0884   -0.0311   0.00531   -0.0268   -0.0302  -0.00199   0.00213   -0.0185   0.00273  -0.00587   -0.0207   0.00318    -0.011   0.00169  -0.00221   0.00181 -0.000741    0.0415   -0.0256    -0.014   0.00435 -0.000201  0.000123  1.23e-05   3.1e-07  1.03e-07    0.0246   0.00197 -0.000648  0.000578    0.0274   0.00643   0.00102  0.000176  0.000797   0.00547   0.00285    -0.081 -0.000579   0.00376    0.0559         1    0.0435    0.0403   -0.0964    0.0451 -0.000258    0.0297    0.0197    0.0203   0.00466  0.000137    0.0105   0.00243  0.000114    0.0371   0.00997   0.00437  0.000669
  -0.0844 -0.000862   0.00105   0.00123 -0.000474 -0.000573 -9.18e-16 -9.18e-16 -0.000262 -0.000328  4.04e-16  0.000613  -0.00012  2.03e-06  0.000673   5.2e-05  5.99e-05  9.97e-05 -0.000183    0.0113  0.000423    0.0313      0.02   0.00576    0.0662    0.0058     0.014   0.00425    0.0049   0.00492   0.00304   0.00626   0.00823   0.00538     0.032    0.0218 -3.55e-06 -0.000234 -0.000983   0.00902  1.85e-05   0.00587   -0.0112   -0.0387  0.000982    0.0128  0.000378   -0.0223    -0.024   -0.0109  -0.00457  -0.00264    0.0257 -0.000963   -0.0147   0.00617  -0.00386   0.00262   0.00483    0.0165   0.00265   -0.0467  -0.00533  0.000633  -0.00225   0.00117    0.0109    0.0237   0.00976  -0.00337 -0.000257  -9.9e-06 -2.92e-05 -8.82e-07 -8.57e-08   -0.0259    0.0017  0.000311 -0.000382   -0.0338  -0.00319  0.000387  -0.00012   0.00164  -0.00696  -0.00324    -0.325  -0.00443   -0.0303    -0.167    0.0435         1   -0.0708    0.0289    -0.148 -8.15e-05   -0.0158   -0.0253   -0.0224  -0.00317  0.000385   -0.0126  -0.00165 -0.000132    -0.053   -0.0191  -0.00432  -0.00424
  -0.0124 -0.000411  0.000239 -0.000313  -0.00185 -0.000786 -5.67e-16 -5.67e-16 -0.000198 -0.000397  2.84e-16 -3.79e-05   -0.0007 -7.74e-05 -0.000214 -4.69e-05    -6e-05 -0.000402  -0.00105   0.00631  0.000675    0.0147    0.0124   0.00274    0.0335   0.00178    0.0119   0.00265   0.00105   0.00175  0.000803   0.00467   0.00601   0.00314    0.0119    0.0149 -2.69e-06 -0.000152 -0.000362    0.0031  5.43e-07  0.000699  -0.00658   -0.0224    0.0145   -0.0329 -1.35e-05  -0.00793   0.00651    0.0272    0.0107  -0.00346    0.0171    0.0116  -0.00354   0.00147   0.00682    -0.001   0.00293    0.0119  -0.00197     -0.01   -0.0025  0.000542  -0.00176  0.000176   -0.0231    0.0094   0.00567  -0.00292 -5.69e-05 -6.27e-05  -1.5e-05 -5.54e-07 -6.89e-08   -0.0167 -0.000858  0.000319 -0.000328   -0.0194  -0.00356 -0.000502 -0.000138   -0.0005  -0.00378  -0.00213    -0.103  -0.00138   -0.0109   -0.0705    0.0403   -0.0708         1    0.0363   -0.0584 -5.14e-05   -0.0171   -0.0146   -0.0151  -0.00265  1.57e-05  -0.00787  -0.00144 -7.98e-05   -0.0303  -0.00917  -0.00271  -0.00496
    0.201  0.000658  0.000632   0.00215   0.00546   0.00191  1.77e-15  1.77e-15  0.000334  0.000784  -1.2e-15  0.000794   0.00218  0.000257   0.00135  0.000208  0.000265   0.00143   0.00324   -0.0126  -0.00216   -0.0284   -0.0276  -0.00497   -0.0964   -0.0032   -0.0274  -0.00545 -0.000391  -0.00433 -0.000696     -0.01   -0.0122  -0.00623   -0.0363   -0.0396  5.36e-06  0.000382  3.63e-05  -0.00852 -8.59e-06   0.00129   -0.0035   -0.0044   -0.0598    0.0132  0.000118  -0.00231    -0.028   -0.0782   -0.0291   0.00822   -0.0204   -0.0243  -0.00232   0.00408   -0.0164   0.00494   -0.0025   -0.0177   0.00766   -0.0203    0.0033 -0.000604   0.00341  0.000471    0.0737  -0.00647  -0.00677     0.006 -0.000146  0.000193  1.17e-05 -3.84e-08  9.77e-08    0.0291   0.00425 -0.000439  0.000562     0.031   0.00713   0.00141  0.000205   0.00134     0.007   0.00399    -0.143  -0.00094  0.000791    0.0392   -0.0964    0.0289    0.0363         1    0.0386  0.000186    0.0479    0.0244    0.0326   0.00624  0.000248    0.0139   0.00289  0.000124     0.051    0.0125   0.00482    0.0119
    0.381  -0.00115 -0.000318 -0.000783  -0.00755  -0.00279 -2.66e-15 -2.66e-15 -0.000141 -0.000281 -9.56e-18 -0.000265   -0.0035 -0.000385 -0.000806 -0.000178 -0.000237  -0.00211  -0.00486      0.01  0.000662    0.0408    0.0196   0.00575    0.0516   0.00954    0.0139   0.00469    0.0073   0.00218    0.0041   0.00537   0.00776   0.00555    0.0269    0.0262 -3.92e-06  -0.00123 -0.000412    0.0053  8.84e-05   0.00956   -0.0136   -0.0435   0.00455   -0.0414  0.000921   -0.0254   -0.0704   -0.0825   -0.0281  -0.00817   0.00619   -0.0293   -0.0203  0.000499   -0.0203 -0.000396  -0.00142   0.00609  -0.00532    -0.043  -0.00653 -0.000984  -0.00427   0.00155   -0.0339   0.00893  -0.00624  -0.00413 -0.000658 -2.57e-05 -1.09e-05  1.05e-06 -3.04e-09   -0.0336   0.00158 -0.000744 -0.000269   -0.0388  -0.00179   0.00136  9.57e-05   0.00602   -0.0104  -0.00413    -0.199  0.000777   -0.0208     -0.13    0.0451    -0.148   -0.0584    0.0386         1 -0.000315   -0.0268   -0.0314   -0.0362  -0.00473  0.000337    -0.016  -0.00207  -0.00012   -0.0654    -0.023  -0.00566   -0.0181
   0.0072 -1.41e-05 -5.09e-05 -0.000241 -0.000553 -0.000168 -7.97e-17 -7.97e-17 -6.58e-06    -8e-07  1.06e-17 -8.79e-05 -0.000244 -2.75e-05 -0.000151 -1.99e-05 -2.53e-05  -0.00016  -0.00034  3.53e-05  1.06e-06 -0.000333 -6.01e-06 -4.18e-05 -0.000192    -9e-05  0.000137 -3.12e-05 -0.000135 -1.85e-05 -7.23e-05  6.38e-05   2.3e-05 -1.07e-06 -0.000842 -0.000142 -1.12e-07 -4.75e-06 -3.82e-05 -8.23e-05 -2.27e-06 -0.000178  5.21e-05  0.000294  0.000409  -0.00175 -2.22e-05  6.32e-05  -0.00141   -0.0022 -0.000667 -0.000331 -0.000829  -0.00128 -0.000137 -0.000485 -0.000743 -0.000197 -0.000433 -0.000377  -0.00035  0.000547 -0.000159 -0.000139 -9.82e-05 -9.91e-05  -0.00254  -0.00183 -0.000542 -0.000134  -9.8e-06 -5.76e-06 -3.99e-07 -2.96e-08 -3.93e-09 -0.000479 -0.000225 -2.84e-05 -1.88e-06  -0.00048 -7.83e-05 -4.73e-05 -9.48e-06 -0.000181 -0.000153 -0.000109   0.00255 -0.000228 -7.36e-05  0.000467 -0.000258 -8.15e-05 -5.14e-05  0.000186 -0.000315         1  -0.00184   -0.0005   -0.0011 -0.000179 -8.57e-06  -0.00036 -5.84e-05 -1.92e-06  -0.00152 -0.000314 -4.86e-05  -0.00105
   0.0916   -0.0011  -0.00433   -0.0177   -0.0362   -0.0106 -3.59e-15 -3.59e-15 -0.000465 -0.000575 -4.58e-16  -0.00654   -0.0157  -0.00179   -0.0109  -0.00139  -0.00177   -0.0103    -0.022   0.00205  0.000245   -0.0341   0.00114  -0.00149    0.0675    -0.013    0.0106   -0.0021   -0.0136   0.00425  -0.00915    0.0037   0.00454 -2.64e-05   -0.0221 -0.000852 -1.14e-05  -0.00176  -0.00178   0.00588 -0.000143   -0.0175    0.0108    0.0444    0.0282    0.0882  -0.00181  -0.00304   -0.0331   -0.0326   -0.0129  -0.00224   -0.0172   -0.0297  -0.00197   -0.0149    -0.011  -0.00121  -0.00575  -0.00455  -0.00792    0.0223   -0.0116   -0.0106    -0.011  -0.00878    -0.072    -0.136   -0.0219   -0.0126 -5.15e-05 -0.000437 -2.27e-05 -1.68e-06 -3.06e-07    -0.043   -0.0198  -0.00189 -9.26e-05   -0.0565   -0.0074  -0.00333 -0.000927   -0.0148   -0.0203    -0.012   -0.0672    -0.014  -0.00685    0.0186    0.0297   -0.0158   -0.0171    0.0479   -0.0268  -0.00184         1   -0.0639     -0.14   -0.0196  -0.00142   -0.0458  -0.00801 -0.000159     -0.18   -0.0411   -0.0075   -0.0726
   0.0283  -0.00049  -0.00136  -0.00538   -0.0118  -0.00354 -1.33e-15 -1.33e-15 -0.000159 -0.000253 -3.08e-16  -0.00199  -0.00513 -0.000587  -0.00337 -0.000441 -0.000562  -0.00336  -0.00719   0.00201  0.000213  -0.00338   0.00347  0.000561    0.0304  -0.00244   0.00552  0.000188  -0.00291   0.00163  -0.00227   0.00188   0.00287  0.000929  -0.00075   0.00469 -4.16e-06 -0.000861 -0.000461   0.00281 -2.16e-05  -0.00367  0.000693   0.00513   0.00965    0.0231 -0.000378    -0.005   -0.0155   -0.0131  -0.00522  -0.00085  -0.00103  -0.00821  -0.00315  -0.00256   -0.0028  0.000162 -0.000205   0.00129  -0.00267 -0.000469   -0.0045  -0.00332  -0.00434  -0.00241   -0.0234   -0.0382  -0.00697  -0.00468 -8.34e-05 -0.000137 -6.61e-06 -9.96e-08 -8.02e-08    -0.019  -0.00572 -0.000662 -6.83e-05   -0.0243   -0.0026 -0.000714 -0.000251  -0.00304  -0.00831  -0.00449   -0.0552  -0.00301  -0.00443    -0.014    0.0197   -0.0253   -0.0146    0.0244   -0.0314   -0.0005   -0.0639         1    -0.051  -0.00693 -0.000418   -0.0173  -0.00292 -6.63e-05   -0.0677   -0.0169  -0.00344   -0.0244
   0.0389 -0.000825  -0.00313   -0.0123   -0.0258  -0.00757 -2.36e-15 -2.36e-15  -0.00028 -0.000385 -9.59e-16  -0.00459   -0.0112  -0.00128  -0.00768 -0.000984  -0.00125  -0.00738   -0.0157  0.000502 -9.31e-06   -0.0209 -0.000581 -0.000663    0.0472  -0.00813   0.00524  -0.00148  -0.00837   0.00281  -0.00635    0.0015     0.003 -1.61e-05   -0.0122 -0.000744 -8.15e-06  -0.00179  -0.00097   0.00448 -6.75e-05   -0.0102   0.00467    0.0229    0.0117    0.0734  -0.00104  -0.00682   -0.0295   -0.0312   -0.0132   0.00132  -0.00835   -0.0192   -0.0039  -0.00547  -0.00622   0.00152 -0.000729  -0.00191  -0.00379   0.00429  -0.00887  -0.00795  -0.00896    -0.006   -0.0344   -0.0949   -0.0171  -0.00925 -8.99e-05 -0.000287 -1.01e-05 -3.12e-07 -1.66e-07   -0.0334   -0.0132  -0.00156  1.32e-05   -0.0447  -0.00438  -0.00164 -0.000565  -0.00795   -0.0167   -0.0092    -0.106  -0.00721  -0.00551   0.00346    0.0203   -0.0224   -0.0151    0.0326   -0.0362   -0.0011     -0.14    -0.051         1   -0.0146  -0.00102   -0.0358  -0.00602 -0.000109     -0.14   -0.0337  -0.00624   -0.0528
   0.0093 -0.000133 -0.000459  -0.00177  -0.00371   -0.0011 -4.16e-16 -4.16e-16 -4.81e-05 -7.17e-05 -3.21e-17 -0.000655  -0.00161 -0.000184   -0.0011 -0.000141  -0.00018  -0.00106  -0.00226  0.000414  5.75e-05  -0.00263  0.000598 -3.67e-05   0.00813  -0.00116   0.00147 -9.27e-05  -0.00124   0.00046 -0.000838  0.000506  0.000646  0.000111  -0.00151  0.000666 -1.23e-06 -0.000202 -0.000171   0.00069 -1.23e-05  -0.00162   0.00089   0.00385   0.00336   0.00801 -0.000162 -0.000753  -0.00411  -0.00382  -0.00146  -0.00039  -0.00149  -0.00314 -0.000444  -0.00158  -0.00123 -0.000169 -0.000542 -0.000249  -0.00093    0.0018  -0.00123  -0.00104  -0.00116 -0.000835  -0.00819   -0.0132  -0.00219  -0.00134 -1.52e-05 -4.45e-05 -2.34e-06 -1.56e-07 -3.18e-08  -0.00493  -0.00197 -0.000201 -1.82e-05  -0.00634 -0.000813 -0.000321 -9.29e-05  -0.00141  -0.00221  -0.00127  -0.00873  -0.00135  -0.00088  0.000158   0.00466  -0.00317  -0.00265   0.00624  -0.00473 -0.000179   -0.0196  -0.00693   -0.0146         1 -0.000143  -0.00486 -0.000856  -1.8e-05   -0.0191  -0.00446 -0.000865   -0.0075
-0.000249 -3.92e-06 -3.43e-05 -0.000134 -0.000245 -6.94e-05 -1.04e-17 -1.04e-17 -2.95e-06 -6.19e-06 -1.02e-17 -4.93e-05 -0.000105 -1.21e-05 -8.12e-05 -9.98e-06 -1.26e-05 -6.99e-05 -0.000147  -4.9e-05 -1.94e-06  -0.00051 -0.000109 -4.26e-05  0.000109  -0.00017  1.37e-05  -3.9e-05 -0.000149  6.61e-06 -9.85e-05 -3.01e-06  4.67e-06 -3.14e-05 -0.000394 -0.000161 -7.99e-08 -1.25e-05 -9.63e-06 -8.29e-06 -1.43e-06 -0.000192  4.66e-05  0.000276  0.000104   0.00048 -1.86e-05 -7.72e-06  0.000202  0.000368  0.000119  4.99e-05 -2.42e-05  7.72e-05  7.54e-05 -7.25e-05  0.000124  9.26e-06   2.5e-05  6.77e-06 -2.26e-05  0.000247 -5.84e-05 -7.42e-05 -7.63e-05 -7.43e-05 -0.000317  -0.00108 -0.000107 -8.63e-05  2.15e-06 -3.21e-06 -1.51e-07 -2.21e-08 -2.71e-09 -0.000222 -0.000165 -1.12e-05 -5.45e-07 -0.000323 -6.08e-05 -3.36e-05 -8.76e-06 -0.000152 -0.000126 -8.23e-05  -0.00137 -0.000109  2.46e-06   0.00049  0.000137  0.000385  1.57e-05  0.000248  0.000337 -8.57e-06  -0.00142 -0.000418  -0.00102 -0.000143         1 -0.000327 -6.38e-05 -7.93e-07  -0.00124 -0.000255 -4.42e-05 -0.000489
   0.0164 -0.000304 -0.000995  -0.00398  -0.00841  -0.00249 -8.32e-16 -8.32e-16 -0.000107 -0.000165 -2.42e-16  -0.00147  -0.00364 -0.000417  -0.00247 -0.000319 -0.000406  -0.00239  -0.00511  0.000768  7.47e-05  -0.00549   0.00103  1.48e-05     0.018  -0.00249    0.0029  -0.00022  -0.00263   0.00103  -0.00194  0.000953   0.00151  0.000274    -0.003   0.00121 -2.85e-06 -0.000565 -0.000349   0.00165 -2.26e-05  -0.00331  0.000983   0.00561   0.00547    0.0194 -0.000338  -0.00284   -0.0089  -0.00761  -0.00319 -8.14e-05  -0.00142  -0.00536  -0.00148  -0.00199  -0.00157  0.000248 -0.000158  0.000342  -0.00153  0.000992    -0.003  -0.00245  -0.00295  -0.00189   -0.0142   -0.0295  -0.00491  -0.00319 -3.61e-05 -9.77e-05 -4.79e-06 -2.01e-07 -6.26e-08    -0.012  -0.00433 -0.000468  -3.1e-05   -0.0158  -0.00176 -0.000603 -0.000198  -0.00272  -0.00556  -0.00309   -0.0409  -0.00257  -0.00268  -0.00462    0.0105   -0.0126  -0.00787    0.0139    -0.016  -0.00036   -0.0458   -0.0173   -0.0358  -0.00486 -0.000327         1  -0.00205 -4.21e-05   -0.0468   -0.0113   -0.0022   -0.0172
  0.00241 -5.31e-05 -0.000182   -0.0007  -0.00144 -0.000425 -1.43e-16 -1.43e-16 -2.06e-05 -3.91e-05 -2.44e-17 -0.000257  -0.00062 -7.12e-05 -0.000432 -5.53e-05 -7.02e-05 -0.000409 -0.000871  0.000147   2.7e-05   -0.0012  0.000233 -1.88e-05   0.00306 -0.000545   0.00065 -2.95e-05 -0.000543  0.000161 -0.000365  0.000214  0.000304  4.16e-05 -0.000754  0.000258 -5.23e-07 -8.66e-05 -6.26e-05  0.000231 -5.08e-06 -0.000714  0.000138  0.000929    0.0013   0.00233 -6.99e-05  -0.00048 -0.000776 -2.92e-05  -4.3e-05 -6.74e-05 -6.32e-05  -0.00048 -0.000102  -0.00049   1.7e-05 -2.93e-05 -4.19e-06  0.000195 -0.000317  0.000551 -0.000475 -0.000391 -0.000485 -0.000334  -0.00306   -0.0051 -0.000667 -0.000561 -3.41e-06 -1.81e-05 -1.09e-06 -8.19e-08 -1.41e-08  -0.00207 -0.000809 -7.12e-05 -1.22e-05  -0.00269 -0.000383 -0.000143 -4.15e-05 -0.000614 -0.000908 -0.000526  -0.00756  -0.00054 -0.000446 -0.000633   0.00243  -0.00165  -0.00144   0.00289  -0.00207 -5.84e-05  -0.00801  -0.00292  -0.00602 -0.000856 -6.38e-05  -0.00205         1  -7.7e-06  -0.00792  -0.00185 -0.000375  -0.00293
 0.000108 -1.68e-06 -2.62e-06 -1.33e-05 -3.05e-05 -9.59e-06 -4.92e-18 -4.92e-18 -8.05e-07 -1.22e-06  1.51e-18 -4.75e-06  -1.3e-05 -1.48e-06 -8.25e-06 -1.11e-06 -1.41e-06 -8.49e-06 -1.84e-05  1.82e-05  2.26e-06  1.47e-05  3.38e-05  5.11e-06  0.000124 -3.19e-06  3.95e-05  5.28e-06  -6.8e-06  6.57e-06 -3.38e-06  1.54e-05  1.74e-05  7.84e-06     1e-05   3.9e-05 -1.35e-08  -8.6e-07 -2.29e-06     1e-05 -1.18e-07  -1.1e-05 -1.02e-06  -2.6e-06  7.36e-05 -5.31e-05 -1.35e-06 -9.52e-06 -1.85e-05  2.11e-05  1.19e-05 -1.83e-05  9.82e-06 -1.18e-05 -7.32e-06 -1.86e-05 -3.87e-06 -9.37e-06  -7.4e-06  1.62e-05 -1.73e-05  1.79e-05 -1.29e-05 -5.59e-06 -9.78e-06 -5.45e-06 -0.000155 -7.28e-05 -6.17e-06 -1.47e-05 -2.22e-07 -4.81e-07 -5.05e-08 -2.75e-09  -3.9e-10 -6.44e-05 -1.59e-05 -5.13e-07  -8.9e-07 -7.41e-05 -1.37e-05 -4.08e-06 -9.29e-07 -1.25e-05 -1.89e-05 -1.17e-05    -5e-05 -1.41e-05 -2.26e-05 -0.000111  0.000114 -0.000132 -7.98e-05  0.000124  -0.00012 -1.92e-06 -0.000159 -6.63e-05 -0.000109  -1.8e-05 -7.93e-07 -4.21e-05  -7.7e-06         1 -0.000166 -4.04e-05 -9.86e-06 -6.18e-05
   0.0593  -0.00123  -0.00393   -0.0158   -0.0336  -0.00996 -3.46e-15 -3.46e-15  -0.00042 -0.000587 -8.62e-16  -0.00584   -0.0146  -0.00167  -0.00983  -0.00127  -0.00162  -0.00958   -0.0204   0.00322  0.000237   -0.0211   0.00406  8.76e-05    0.0719  -0.00944     0.011 -0.000939   -0.0101   0.00426  -0.00747    0.0037   0.00565   0.00108   -0.0116   0.00438 -1.11e-05  -0.00217  -0.00148   0.00678 -9.09e-05   -0.0127   0.00477    0.0248    0.0207    0.0814  -0.00131    -0.011   -0.0424   -0.0423   -0.0169 -0.000973    -0.009   -0.0272  -0.00686  -0.00899   -0.0103  0.000795  -0.00211  -0.00055  -0.00628   0.00332   -0.0121  -0.00988   -0.0115  -0.00746   -0.0566    -0.118   -0.0206   -0.0124 -0.000177 -0.000382 -1.94e-05  -8.1e-07 -2.47e-07   -0.0472    -0.017  -0.00191 -9.86e-05   -0.0618  -0.00663  -0.00231  -0.00077   -0.0107   -0.0218   -0.0121    -0.153   -0.0107   -0.0112   -0.0185    0.0371    -0.053   -0.0303     0.051   -0.0654  -0.00152     -0.18   -0.0677     -0.14   -0.0191  -0.00124   -0.0468  -0.00792 -0.000166         1   -0.0447  -0.00853   -0.0688
   0.0346  -0.00033 -0.000888  -0.00342  -0.00759  -0.00227 -8.62e-16 -8.62e-16 -8.74e-05 -0.000128 -2.47e-16  -0.00127  -0.00331 -0.000378  -0.00215 -0.000281 -0.000359  -0.00216  -0.00463    0.0011  6.04e-05  -0.00211   0.00173  0.000378    0.0199  -0.00142   0.00267  1.84e-05  -0.00167   0.00115   -0.0014  0.000886   0.00152  0.000502  0.000296   0.00243  -2.6e-06 -0.000601 -0.000295   0.00207 -1.07e-05  -0.00199  0.000625   0.00403   0.00377    0.0228 -0.000202    -0.004   -0.0138   -0.0148  -0.00592 -4.42e-05   -0.0015   -0.0075  -0.00275  -0.00131  -0.00329  0.000589 -9.29e-05   0.00014  -0.00117  -0.00269  -0.00299  -0.00227  -0.00282  -0.00152   -0.0101   -0.0251  -0.00495  -0.00289    -7e-05    -8e-05 -3.63e-06  8.22e-09  -4.6e-08    -0.012  -0.00349  -0.00049 -1.55e-05   -0.0157  -0.00133 -0.000321 -0.000148  -0.00168  -0.00556  -0.00291   -0.0465  -0.00195  -0.00335   -0.0102   0.00997   -0.0191  -0.00917    0.0125    -0.023 -0.000314   -0.0411   -0.0169   -0.0337  -0.00446 -0.000255   -0.0113  -0.00185 -4.04e-05   -0.0447         1  -0.00222   -0.0158
  0.00684 -7.51e-05 -0.000162 -0.000576  -0.00137 -0.000424 -1.97e-16 -1.97e-16 -2.09e-05 -4.47e-05 -2.65e-17 -0.000215 -0.000599 -6.86e-05 -0.000368 -4.99e-05 -6.38e-05  -0.00039 -0.000842  0.000492  6.93e-05   0.00075   0.00102  0.000211   0.00496 -4.03e-05   0.00117  0.000178 -0.000161  0.000211 -0.000156  0.000397   0.00059  0.000264   0.00082   0.00151 -5.52e-07 -0.000125 -3.46e-05  0.000422  3.88e-07 -0.000217 -0.000172 -0.000319   0.00198  0.000653 -1.97e-05 -0.000879  -0.00202  -0.00109 -0.000393 -0.000309   0.00037 -0.000657 -0.000547 -0.000252 -0.000156 -6.72e-05  6.92e-05  0.000521 -0.000502 -0.000315 -0.000574  -0.00033 -0.000572 -0.000213  -0.00417  -0.00351 -0.000745 -0.000623 -1.69e-05 -1.68e-05 -6.92e-07  3.26e-08 -8.18e-09  -0.00288 -0.000603 -7.55e-05 -1.91e-05  -0.00348  -0.00039 -6.23e-05 -2.41e-05 -0.000175  -0.00112 -0.000572  -0.00555 -0.000151  -0.00058  -0.00338   0.00437  -0.00432  -0.00271   0.00482  -0.00566 -4.86e-05   -0.0075  -0.00344  -0.00624 -0.000865 -4.42e-05   -0.0022 -0.000375 -9.86e-06  -0.00853  -0.00222         1   -0.0029
   0.0316 -0.000517  -0.00202  -0.00801   -0.0181  -0.00542 -2.18e-15 -2.18e-15 -0.000168 -0.000169 -3.39e-16  -0.00296  -0.00795 -0.000905  -0.00503 -0.000661  -0.00084  -0.00523   -0.0111 -0.000379 -3.11e-05   -0.0128  -0.00203  -0.00128   -0.0028  -0.00403   0.00299  -0.00112  -0.00468 -0.000734  -0.00311  0.000953  0.000896 -0.000365   -0.0244   -0.0045 -4.35e-06 -0.000813 -0.000818  -0.00225 -4.78e-05  -0.00579  -0.00122   0.00261   0.00699   -0.0363 -0.000615  -0.00378   -0.0383   -0.0561   -0.0178  -0.00585   -0.0177   -0.0294  -0.00451   -0.0102   -0.0154  -0.00331  -0.00777  -0.00788  -0.00837   0.00837   -0.0053  -0.00484  -0.00467  -0.00332   -0.0606   -0.0612   -0.0165  -0.00505  -0.00029 -0.000179 -7.61e-06 -4.62e-07 -1.11e-07   -0.0191  -0.00768  -0.00111 -2.95e-05    -0.022  -0.00252  -0.00118 -0.000316  -0.00501  -0.00793  -0.00464   -0.0105  -0.00526  -0.00228    0.0103  0.000669  -0.00424  -0.00496    0.0119   -0.0181  -0.00105   -0.0726   -0.0244   -0.0528   -0.0075 -0.000489   -0.0172  -0.00293 -6.18e-05   -0.0688   -0.0158   -0.0029         1

  Chi^2                                0.372743  +/- 1.22105
  Chi^2/ndf                            0.053249
  Chi^2 for each template              737.09 +/- 6.11906	439.692 +/- 4.1024	237.096 +/- 4.35846	114.248 +/- 2.87126	55.2664 +/- 1.21797	18.6351 +/- 0.89284	3.99681 +/- 0.234423	4.2867 +/- 0.377419	
  Chi^2 for each template w.r.t. fit   737.849 +/- 6.11906	439.562 +/- 4.1024	236.248 +/- 4.35846	112.99 +/- 2.87126	54.4442 +/- 1.21797	17.7814 +/- 0.89284	3.50504 +/- 0.234423	4.94913 +/- 0.377419	  Partial chi^2                        0.00 (EG_RESOLUTION_ALL)    0.00 (EG_SCALE_ALL)    0.00 (EL_EFF_ID_TOTAL_1NPCOR_PLUS_UNCOR)    0.00 (EL_EFF_Iso_TOTAL_1NPCOR_PLUS_UNCOR)
  Partial chi^2                        0.00 (EL_EFF_Reco_TOTAL_1NPCOR_PLUS_UNCOR)    0.00 (EL_EFF_TriggerEff_TOTAL_1NPCOR_PLUS_UNCOR)    0.00 (EL_EFF_Trigger_TOTAL_1NPCOR_PLUS_UNCOR)    0.00 (FAKES_Electron)
  Partial chi^2                        0.00 (FAKES_Muon)    0.01 (FT_EFF_Eigen_B_0)    0.00 (FT_EFF_Eigen_B_1)    0.00 (FT_EFF_Eigen_B_2)
  Partial chi^2                        0.00 (FT_EFF_Eigen_B_3)    0.00 (FT_EFF_Eigen_B_4)    0.00 (FT_EFF_Eigen_B_5)    0.00 (FT_EFF_Eigen_B_6)
  Partial chi^2                        0.00 (FT_EFF_Eigen_B_7)    0.00 (FT_EFF_Eigen_B_8)    0.00 (FT_EFF_Eigen_C_0)    0.00 (FT_EFF_Eigen_C_1)
  Partial chi^2                        0.00 (FT_EFF_Eigen_C_2)    0.00 (FT_EFF_Eigen_C_3)    0.00 (FT_EFF_Eigen_Light_0)    0.00 (FT_EFF_Eigen_Light_1)
  Partial chi^2                        0.00 (FT_EFF_Eigen_Light_2)    0.00 (FT_EFF_Eigen_Light_3)    0.00 (FT_EFF_extrapolation)    0.00 (FT_EFF_extrapolation_from_charm)
  Partial chi^2                        0.00 (FULL_SYS_SUM)    0.01 (FULL_SYS_SUM_DETECTOR)    0.14 (FULL_SYS_SUM_THEORY)    0.00 (FULL_SYS_TOYS)
  Partial chi^2                        0.00 (JET_EffectiveNP_Detector1)    0.00 (JET_EffectiveNP_Detector2)    0.00 (JET_EffectiveNP_Mixed1)    0.00 (JET_EffectiveNP_Mixed2)
  Partial chi^2                        0.00 (JET_EffectiveNP_Mixed3)    0.02 (JET_EffectiveNP_Modelling1)    0.00 (JET_EffectiveNP_Modelling2)    0.00 (JET_EffectiveNP_Modelling3)
  Partial chi^2                        0.00 (JET_EffectiveNP_Modelling4)    0.00 (JET_EffectiveNP_Statistical1)    0.00 (JET_EffectiveNP_Statistical2)    0.00 (JET_EffectiveNP_Statistical3)
  Partial chi^2                        0.00 (JET_EffectiveNP_Statistical4)    0.00 (JET_EffectiveNP_Statistical5)    0.00 (JET_EffectiveNP_Statistical6)    0.00 (JET_EtaIntercalibration_Modelling)
  Partial chi^2                        0.00 (JET_EtaIntercalibration_NonClosure_2018data)    0.00 (JET_EtaIntercalibration_NonClosure_highE)    0.00 (JET_EtaIntercalibration_NonClosure_negEta)    0.00 (JET_EtaIntercalibration_NonClosure_posEta)
  Partial chi^2                        0.00 (JET_EtaIntercalibration_TotalStat)    0.00 (JET_Flavor_Composition_prop)    0.00 (JET_Flavor_Response_prop)    0.00 (JET_JER_DataVsMC_MC16_PseudoData)
  Partial chi^2                        0.00 (JET_JER_EffectiveNP_10_PseudoData)    0.00 (JET_JER_EffectiveNP_11_PseudoData)    0.00 (JET_JER_EffectiveNP_12restTerm_PseudoData)    0.01 (JET_JER_EffectiveNP_1_PseudoData)
  Partial chi^2                        0.01 (JET_JER_EffectiveNP_2_PseudoData)    0.00 (JET_JER_EffectiveNP_3_PseudoData)    0.00 (JET_JER_EffectiveNP_4_PseudoData)    0.00 (JET_JER_EffectiveNP_5_PseudoData)
  Partial chi^2                        0.00 (JET_JER_EffectiveNP_6_PseudoData)    0.00 (JET_JER_EffectiveNP_7_PseudoData)    0.00 (JET_JER_EffectiveNP_8_PseudoData)    0.00 (JET_JER_EffectiveNP_9_PseudoData)
  Partial chi^2                        0.00 (JET_JvtEfficiency)    0.00 (JET_Pileup_OffsetMu)    0.00 (JET_Pileup_OffsetNPV)    0.00 (JET_Pileup_PtTerm)
  Partial chi^2                        0.05 (JET_Pileup_RhoTopology)    0.00 (JET_PunchThrough_MC16)    0.00 (LUMINOSITY)    0.00 (MET_SoftTrk_ResoPara)
  Partial chi^2                        0.00 (MET_SoftTrk_ResoPerp)    0.00 (MET_SoftTrk_Scale)    0.00 (MUON_EFF_BADMUON_SYS)    0.00 (MUON_EFF_ISO_STAT)
  Partial chi^2                        0.00 (MUON_EFF_ISO_SYS)    0.00 (MUON_EFF_RECO_STAT)    0.00 (MUON_EFF_RECO_SYS)    0.00 (MUON_EFF_TTVA_STAT)
  Partial chi^2                        0.00 (MUON_EFF_TTVA_SYS)    0.00 (MUON_EFF_TrigStatUncertainty)    0.00 (MUON_EFF_TrigSystUncertainty)    0.00 (MUON_SAGITTA_DATASTAT)
  Partial chi^2                        0.00 (MUON_SAGITTA_RESBIAS)    0.00 (PRW_DATASF)    0.11 (STAT_DATA)    0.00 (STAT_MC)  
  Partial chi^2                        0.00 (THEORY_CROSS_SECTION_Wjets)    0.01 (THEORY_CROSS_SECTION_other_top_noWt)    0.00 (THEORY_CROSS_SECTION_signal)    0.01 (THEORY_DR_DS_signal)
  Partial chi^2                        0.00 (THEORY_EWK_Wjets)    0.00 (THEORY_EWK_multiboson_noW)    0.00 (THEORY_FSR_signal)    0.01 (THEORY_HDAMP_signal)
  Partial chi^2                        0.01 (THEORY_ISR_signal)    0.00 (THEORY_PDF4LHC_VARIATION_Wjets)    0.00 (THEORY_PDF4LHC_VARIATION_multiboson_noW)    0.00 (THEORY_PDF4LHC_VARIATION_signal)
  Partial chi^2                        0.00 (THEORY_PTHARD_signal)    0.00 (THEORY_SCALE_COMBINED_Wjets)    0.00 (THEORY_SCALE_COMBINED_multiboson_noW)    0.00 (THEORY_SCALE_FACTORISATION_signal)
  Partial chi^2                        0.00 (THEORY_SCALE_RENORMALISATION_signal)    0.08 (THEORY_SHOWERING_HERWIG7_signal)    0.00 (THEORY_TOPRECOIL_signal)    0.01 (THEORY_TOP_MASS_signal)
  Partial chi^2                        0.01 (TOTAL)        0.00 (TOTAL_NO_DR_DS)    0.00 (TOTAL_SYSONLY)    0.00 (WMASS_VAR_signal)
  Partial chi^2                        0.02 (pseudoDataStat)

  Uncertainties from HESSE matrix
     LTF: Result[0]:                   179  +/- 0.694801 (fit [from HESSE])

  Alternative result from pol2-fit to chi^2 values of the templates
     Result(pol2-chi2)[0]              177.599   +/- 0.560244 (fit)
     Chi^2(min)                        -38.9595

  Result from linearized second-order model approximation
     EDM (Taylor) [0]                  0.490333

  Expected distance to minimum
     EDM (Newton) [0]                  0.300905
     EDM Delta-chi^2                   -0.999884


  'Uncertainties' on M from second-order model approximation
     sigma_m[0]                       0.264057
     sigma_m[EG_RESOLUTION_ALL]       0.00
     sigma_m[EG_SCALE_ALL]            0.00
     sigma_m[EL_EFF_ID_TOTAL_1NPCOR_PLUS_UNCOR] 0.00
     sigma_m[EL_EFF_Iso_TOTAL_1NPCOR_PLUS_UNCOR] 0.01
     sigma_m[EL_EFF_Reco_TOTAL_1NPCOR_PLUS_UNCOR] 0.00
     sigma_m[EL_EFF_TriggerEff_TOTAL_1NPCOR_PLUS_UNCOR] 0.00
     sigma_m[EL_EFF_Trigger_TOTAL_1NPCOR_PLUS_UNCOR] 0.00
     sigma_m[MUON_SAGITTA_DATASTAT]   0.00
     sigma_m[MUON_SAGITTA_RESBIAS]    0.00
     sigma_m[MUON_EFF_BADMUON_SYS]    0.00
     sigma_m[MUON_EFF_ISO_STAT]       0.00
     sigma_m[MUON_EFF_ISO_SYS]        0.00
     sigma_m[MUON_EFF_RECO_STAT]      0.00
     sigma_m[MUON_EFF_RECO_SYS]       0.00
     sigma_m[MUON_EFF_TTVA_STAT]      0.00
     sigma_m[MUON_EFF_TTVA_SYS]       0.00
     sigma_m[MUON_EFF_TrigStatUncertainty] 0.00
     sigma_m[MUON_EFF_TrigSystUncertainty] 0.00
     sigma_m[JET_EffectiveNP_Detector1] 0.00
     sigma_m[JET_EffectiveNP_Detector2] 0.00
     sigma_m[JET_EffectiveNP_Mixed1]  0.01
     sigma_m[JET_EffectiveNP_Mixed2]  0.01
     sigma_m[JET_EffectiveNP_Mixed3]  0.00
     sigma_m[JET_EffectiveNP_Modelling1] 0.03
     sigma_m[JET_EffectiveNP_Modelling2] 0.01
     sigma_m[JET_EffectiveNP_Modelling3] 0.00
     sigma_m[JET_EffectiveNP_Modelling4] 0.00
     sigma_m[JET_EffectiveNP_Statistical1] 0.00
     sigma_m[JET_EffectiveNP_Statistical2] 0.00
     sigma_m[JET_EffectiveNP_Statistical3] 0.00
     sigma_m[JET_EffectiveNP_Statistical4] 0.00
     sigma_m[JET_EffectiveNP_Statistical5] 0.00
     sigma_m[JET_EffectiveNP_Statistical6] 0.00
     sigma_m[JET_EtaIntercalibration_Modelling] 0.02
     sigma_m[JET_EtaIntercalibration_NonClosure_2018data] 0.01
     sigma_m[JET_EtaIntercalibration_NonClosure_highE] 0.00
     sigma_m[JET_EtaIntercalibration_NonClosure_negEta] 0.00
     sigma_m[JET_EtaIntercalibration_NonClosure_posEta] 0.00
     sigma_m[JET_EtaIntercalibration_TotalStat] 0.00
     sigma_m[JET_Flavor_Composition_prop] 0.00
     sigma_m[JET_Flavor_Response_prop] 0.00
     sigma_m[JET_Pileup_OffsetMu]     -0.00
     sigma_m[JET_Pileup_OffsetNPV]    -0.01
     sigma_m[JET_Pileup_PtTerm]       0.00
     sigma_m[JET_Pileup_RhoTopology]  0.02
     sigma_m[JET_PunchThrough_MC16]   0.00
     sigma_m[JET_JER_DataVsMC_MC16_PseudoData] -0.01
     sigma_m[JET_JER_EffectiveNP_1_PseudoData] -0.02
     sigma_m[JET_JER_EffectiveNP_2_PseudoData] -0.03
     sigma_m[JET_JER_EffectiveNP_3_PseudoData] -0.00
     sigma_m[JET_JER_EffectiveNP_4_PseudoData] 0.01
     sigma_m[JET_JER_EffectiveNP_5_PseudoData] 0.01
     sigma_m[JET_JER_EffectiveNP_6_PseudoData] -0.00
     sigma_m[JET_JER_EffectiveNP_7_PseudoData] -0.01
     sigma_m[JET_JER_EffectiveNP_8_PseudoData] 0.01
     sigma_m[JET_JER_EffectiveNP_9_PseudoData] -0.00
     sigma_m[JET_JER_EffectiveNP_10_PseudoData] 0.00
     sigma_m[JET_JER_EffectiveNP_11_PseudoData] 0.01
     sigma_m[JET_JER_EffectiveNP_12restTerm_PseudoData] 0.00
     sigma_m[JET_JvtEfficiency]       0.01
     sigma_m[PRW_DATASF]              -0.01
     sigma_m[MET_SoftTrk_ResoPara]    -0.00
     sigma_m[MET_SoftTrk_ResoPerp]    0.00
     sigma_m[MET_SoftTrk_Scale]       -0.00
     sigma_m[WMASS_VAR_signal]        0.00
     sigma_m[FT_EFF_Eigen_B_0]        0.07
     sigma_m[FT_EFF_Eigen_B_1]        0.01
     sigma_m[FT_EFF_Eigen_B_2]        0.00
     sigma_m[FT_EFF_Eigen_B_3]        0.00
     sigma_m[FT_EFF_Eigen_B_4]        -0.00
     sigma_m[FT_EFF_Eigen_B_5]        0.00
     sigma_m[FT_EFF_Eigen_B_6]        -0.00
     sigma_m[FT_EFF_Eigen_B_7]        0.00
     sigma_m[FT_EFF_Eigen_B_8]        0.00
     sigma_m[FT_EFF_Eigen_C_0]        0.00
     sigma_m[FT_EFF_Eigen_C_1]        0.00
     sigma_m[FT_EFF_Eigen_C_2]        0.00
     sigma_m[FT_EFF_Eigen_C_3]        0.00
     sigma_m[FT_EFF_Eigen_Light_0]    0.00
     sigma_m[FT_EFF_Eigen_Light_1]    0.00
     sigma_m[FT_EFF_Eigen_Light_2]    0.00
     sigma_m[FT_EFF_Eigen_Light_3]    0.00
     sigma_m[FT_EFF_extrapolation]    0.00
     sigma_m[FT_EFF_extrapolation_from_charm] 0.00
     sigma_m[THEORY_CROSS_SECTION_signal] 0.00
     sigma_m[THEORY_SHOWERING_HERWIG7_signal] -0.07
     sigma_m[THEORY_SCALE_FACTORISATION_signal] 0.00
     sigma_m[THEORY_SCALE_RENORMALISATION_signal] -0.01
     sigma_m[THEORY_ISR_signal]       -0.04
     sigma_m[THEORY_FSR_signal]       0.03
     sigma_m[THEORY_HDAMP_signal]     -0.04
     sigma_m[THEORY_PTHARD_signal]    -0.01
     sigma_m[THEORY_TOPRECOIL_signal] 0.01
     sigma_m[THEORY_TOP_MASS_signal]  0.00
     sigma_m[THEORY_PDF4LHC_VARIATION_signal] 0.00
     sigma_m[THEORY_DR_DS_signal]     0.02
     sigma_m[THEORY_CROSS_SECTION_Wjets] 0.00
     sigma_m[THEORY_SCALE_COMBINED_Wjets] 0.01
     sigma_m[THEORY_PDF4LHC_VARIATION_Wjets] 0.00
     sigma_m[THEORY_EWK_Wjets]        0.00
     sigma_m[THEORY_SCALE_COMBINED_multiboson_noW] 0.00
     sigma_m[THEORY_PDF4LHC_VARIATION_multiboson_noW] 0.00
     sigma_m[THEORY_EWK_multiboson_noW] 0.00
     sigma_m[THEORY_CROSS_SECTION_other_top_noWt] 0.01
     sigma_m[FAKES_Electron]          0.00
     sigma_m[FAKES_Muon]              0.00
     sigma_m[LUMINOSITY]              0.01

  Settings
     Number of data points             8
     Number of templates               8
     Number of fit parameters          1
     Template reference values [0]     162.5   165 167.5   170 172.5   175 177.5 182.5
     Number of nuisance param.         107
     Gamma[0]                          1.000
     LogNormal                         false
     Response matrix                   false

  please cite: D. Britzger, The Linear Template Fit, Eur.Phys.J.C 82 (2022) 731, arXiv:2112.01548.
------------------------------------------------------------------------

Warning in <TROOT::Append>: Replacing existing TH1: hist (Potential memory leak).
Warning in <TROOT::Append>: Replacing existing TH1: hist (Potential memory leak).
Warning in <TROOT::Append>: Replacing existing TH1: hist (Potential memory leak).
Warning in <TROOT::Append>: Replacing existing TH1: hist (Potential memory leak).
Warning in <TROOT::Append>: Replacing existing TH1: hist (Potential memory leak).
Warning in <TROOT::Append>: Replacing existing TH1: hist (Potential memory leak).
Warning in <TROOT::Append>: Replacing existing TH1: hist (Potential memory leak).
Warning in <TROOT::Append>: Replacing existing TH1: hist (Potential memory leak).
Warning in <TROOT::Append>: Replacing existing TH1: hist (Potential memory leak).
Warning in <TROOT::Append>: Replacing existing TH1: hist (Potential memory leak).
Warning in <TROOT::Append>: Replacing existing TH1: hist (Potential memory leak).
Info in <TCanvas::Print>: ps file plots/fit_mbw.ps has been created
Info in <TCanvas::Print>: Current canvas added to ps file plots/fit_mbw.ps
Info in <TCanvas::Print>: Current canvas added to ps file plots/fit_mbw.ps
Info in <TCanvas::Print>: Current canvas added to ps file plots/fit_mbw.ps
Info in <TCanvas::Print>: Current canvas added to ps file plots/fit_mbw.ps
Info in <TCanvas::Print>: Current canvas added to ps file plots/fit_mbw.ps
Info in <TCanvas::Print>: Current canvas added to ps file plots/fit_mbw.ps
Info in <TCanvas::Print>: Current canvas added to ps file plots/fit_mbw.ps
Info in <TCanvas::Print>: Current canvas added to ps file plots/fit_mbw.ps
Info in <TCanvas::Print>: Current canvas added to ps file plots/fit_mbw.ps
Info in <TCanvas::Print>: Current canvas added to ps file plots/fit_mbw.ps
Info in <TCanvas::Print>: Current canvas added to ps file plots/fit_mbw.ps
Info in <TCanvas::Print>: Current canvas added to ps file plots/fit_mbw.ps
Info in <TCanvas::Print>: Current canvas added to ps file plots/fit_mbw.ps
Info in <TCanvas::Print>: Current canvas added to ps file plots/fit_mbw.ps
Info in <TCanvas::Print>: Current canvas added to ps file plots/fit_mbw.ps
Info in <TCanvas::Print>: Current canvas added to ps file plots/fit_mbw.ps
Info in <TCanvas::Print>: Current canvas added to ps file plots/fit_mbw.ps
Info in <TCanvas::Print>: Current canvas added to ps file plots/fit_mbw.ps
Info in <TCanvas::Print>: Current canvas added to ps file plots/fit_mbw.ps
Warning in <TROOT::Append>: Replacing existing TH1: Full error breakdown (Potential memory leak).
Info in <TCanvas::Print>: Current canvas added to ps file plots/fit_mbw.ps
Info in <TCanvas::Print>: Current canvas added to ps file plots/fit_mbw.ps
Info in <TCanvas::Print>: Current canvas added to ps file plots/fit_mbw.ps
Info in <TCanvas::Print>: Current canvas added to ps file plots/fit_mbw.ps
Info in <TCanvas::Print>: Current canvas added to ps file plots/fit_mbw.ps
Info in <TCanvas::Print>: Current canvas added to ps file plots/fit_mbw.ps
Info in <TCanvas::Print>: Current canvas added to ps file plots/fit_mbw.ps
Info in <TCanvas::Print>: Current canvas added to ps file plots/fit_mbw.ps
Info in <TCanvas::Print>: Current canvas added to ps file plots/fit_mbw.ps
Info in <TCanvas::Print>: Current canvas added to ps file plots/fit_mbw.ps
Info in <TCanvas::Print>: ps file plots/fit_mbw.ps has been closed
Info in <TCanvas::Print>: ps file plots/fit_quality.ps has been created
Info in <TCanvas::Print>: Current canvas added to ps file plots/fit_quality.ps
Info in <TCanvas::Print>: Current canvas added to ps file plots/fit_quality.ps
Info in <TCanvas::Print>: Current canvas added to ps file plots/fit_quality.ps
Info in <TCanvas::Print>: Current canvas added to ps file plots/fit_quality.ps
Info in <TCanvas::Print>: Current canvas added to ps file plots/fit_quality.ps
Info in <TCanvas::Print>: Current canvas added to ps file plots/fit_quality.ps
Info in <TCanvas::Print>: Current canvas added to ps file plots/fit_quality.ps
Info in <TCanvas::Print>: Current canvas added to ps file plots/fit_quality.ps
Info in <TCanvas::Print>: Current canvas added to ps file plots/fit_quality.ps
Info in <TCanvas::Print>: Current canvas added to ps file plots/fit_quality.ps
Info in <TCanvas::Print>: ps file plots/fit_quality.ps has been closed
