nohup: ignoring input
Found covarinace matrix unfolding_covariance_matrix_mbl_selected_covariance_STAT_DATA
Determinant of covariance matrix 8.51566e-49
Johannes print final correltaion matrix
1	-0.171216	0.042791	-0.0429097	0.0161005	-0.0538661	0.0437464	0.0282042	0.0315326	-0.0203532	
-0.171216	1	-0.244777	0.0962108	-0.0672655	0.0644223	-0.0378528	0.0251747	-0.0199427	-0.0150316	
0.042791	-0.244777	1	-0.325778	-0.0189909	-0.00959499	0.0293048	-0.0597377	0.0335049	-0.0180598	
-0.0429097	0.0962108	-0.325778	1	-0.193572	0.0531917	-0.0288656	0.00112081	-0.0372923	0.00264709	
0.0161005	-0.0672655	-0.0189909	-0.193572	1	-0.351162	0.0657606	-0.0119022	-0.0156455	0.0592804	
-0.0538661	0.0644223	-0.00959499	0.0531917	-0.351162	1	-0.244908	0.0174519	0.00522223	0.0175439	
0.0437464	-0.0378528	0.0293048	-0.0288656	0.0657606	-0.244908	1	-0.261395	0.0115955	-0.00733745	
0.0282042	0.0251747	-0.0597377	0.00112081	-0.0119022	0.0174519	-0.261395	1	-0.246645	-0.00947862	
0.0315326	-0.0199427	0.0335049	-0.0372923	-0.0156455	0.00522223	0.0115955	-0.246645	1	-0.130948	
-0.0203532	-0.0150316	-0.0180598	0.00264709	0.0592804	0.0175439	-0.00733745	-0.00947862	-0.130948	1	
TH1.Print Name  = total_error, Entries= 1070, Total sum= 0.897654
 fSumw[0]=0, x=-0.5, error=0
 fSumw[1]=0.0820337, x=0.5, error=0
 fSumw[2]=0.0547998, x=1.5, error=0
 fSumw[3]=0.0547774, x=2.5, error=0
 fSumw[4]=0.0834004, x=3.5, error=0
 fSumw[5]=0.126854, x=4.5, error=0
 fSumw[6]=0.0699165, x=5.5, error=0
 fSumw[7]=0.0879809, x=6.5, error=0
 fSumw[8]=0.0858091, x=7.5, error=0
 fSumw[9]=0.106113, x=8.5, error=0
 fSumw[10]=0.145968, x=9.5, error=0
 fSumw[11]=0, x=10.5, error=0
STAT_MC 0.0040325
STAT_MC 0.00100146
STAT_MC 0.000786761
STAT_MC 0.000984255
STAT_MC 0.00415091
STAT_MC 0.00383538
STAT_MC 0.006492
STAT_MC 0.007666
STAT_MC 0.011005
STAT_MC 0.0177533
TH1.Print Name  = total_error, Entries= 1080, Total sum= 0.900172
 fSumw[0]=0, x=-0.5, error=0
 fSumw[1]=0.0821327, x=0.5, error=0
 fSumw[2]=0.054809, x=1.5, error=0
 fSumw[3]=0.054783, x=2.5, error=0
 fSumw[4]=0.0834062, x=3.5, error=0
 fSumw[5]=0.126922, x=4.5, error=0
 fSumw[6]=0.0700216, x=5.5, error=0
 fSumw[7]=0.0882201, x=6.5, error=0
 fSumw[8]=0.0861508, x=7.5, error=0
 fSumw[9]=0.106682, x=8.5, error=0
 fSumw[10]=0.147044, x=9.5, error=0
 fSumw[11]=0, x=10.5, error=0
TH1.Print Name  = total_error, Entries= 1090, Total sum= 0.929553
 fSumw[0]=0, x=-0.5, error=0
 fSumw[1]=0.0824328, x=0.5, error=0
 fSumw[2]=0.054903, x=1.5, error=0
 fSumw[3]=0.054836, x=2.5, error=0
 fSumw[4]=0.0834643, x=3.5, error=0
 fSumw[5]=0.127118, x=4.5, error=0
 fSumw[6]=0.0706178, x=5.5, error=0
 fSumw[7]=0.0898254, x=6.5, error=0
 fSumw[8]=0.0899483, x=7.5, error=0
 fSumw[9]=0.115235, x=8.5, error=0
 fSumw[10]=0.161172, x=9.5, error=0
 fSumw[11]=0, x=10.5, error=0

        Data        Stat Tmpl_162.50 Stat_162.50 Tmpl_165.00 Stat_165.00 Tmpl_167.50 Stat_167.50 Tmpl_170.00 Stat_170.00 Tmpl_172.50 Stat_172.50 Tmpl_175.00 Stat_175.00 Tmpl_177.50 Stat_177.50 Tmpl_180.00 Stat_180.00 Tmpl_182.50 Stat_182.50
    0.378558    0.002660    0.525981    0.001993    0.472921    0.001775    0.431539    0.002765    0.389397    0.002621    0.352429    0.001659    0.320919    0.002178    0.295833    0.001174    0.271634    0.002147    0.244235    0.001214
    1.762184    0.005661    2.322255    0.004182    2.142520    0.003775    1.983247    0.005926    1.819464    0.005685    1.681540    0.003624    1.557875    0.004862    1.434078    0.002561    1.323642    0.004757    1.222285    0.002710
    3.137102    0.007557    3.643039    0.005234    3.497765    0.004858    3.358758    0.007745    3.212939    0.007646    3.048755    0.004953    2.877055    0.006560    2.721801    0.003555    2.580305    0.006704    2.422138    0.003848
    1.887315    0.005875    1.542181    0.003434    1.654428    0.003353    1.762269    0.005659    1.847968    0.005818    1.937830    0.003975    2.011560    0.005538    2.068891    0.003121    2.111057    0.006112    2.126323    0.003599
    0.371151    0.002615    0.356184    0.001668    0.357653    0.001582    0.364369    0.002588    0.376920    0.002656    0.381512    0.001795    0.395512    0.002484    0.406236    0.001388    0.429078    0.002825    0.457564    0.001692
    0.242881    0.002224    0.248844    0.001459    0.248844    0.001398    0.244262    0.002170    0.246155    0.002202    0.243232    0.001438    0.244617    0.002051    0.240765    0.001103    0.238058    0.002113    0.235834    0.001273
    0.071781    0.001214    0.076472    0.000965    0.074255    0.000766    0.074917    0.001272    0.072937    0.001220    0.073341    0.000802    0.069807    0.001141    0.069951    0.000606    0.070773    0.001173    0.067937    0.000728
    0.033613    0.000869    0.035341    0.000849    0.034732    0.000523    0.032818    0.000826    0.032738    0.000826    0.032516    0.000519    0.032267    0.000885    0.031861    0.000448    0.032378    0.000825    0.031358    0.000625
    0.011073    0.000482    0.011685    0.000313    0.010848    0.000274    0.010808    0.000500    0.010841    0.000533    0.010623    0.000250    0.010866    0.000439    0.010649    0.000241    0.010206    0.000433    0.010598    0.000402
    0.003841    0.000253    0.004009    0.000199    0.003792    0.000168    0.003808    0.000277    0.003530    0.000222    0.003719    0.000131    0.003636    0.000211    0.003453    0.000117    0.003505    0.000226    0.003541    0.000252

LTF::DoLiTeFit(). Fit done. Result:  171.142  +/- 0.599352 (fit)  +/- 0.249318 (ext)  +/- 0.0521771 (tmpl)  +/- 0 (MatA)   [chi^2=0.447092]

------------------------------------------------------------------------
        Result of the 1-dimensional linear template fit
        ```````````````````````````````````````````````
  LTF. Result[0]:   171.142  +/- 0.599352 (fit)  +/- 0.249318 (ext)

  LTF. Result[0]:   171.141589
                             +/-  0.290571 (STAT_DATA)
                             +/-  0.046867 (STAT_MC)
                             +/-  0.126032 (pseudoDataStat)
                             +/- -0.001197 (EG_RESOLUTION_ALL)
                             +/-  0.033217 (EG_SCALE_ALL)
                             +/- -0.000223 (EL_EFF_ID_TOTAL_1NPCOR_PLUS_UNCOR)
                             +/- -0.041293 (EL_EFF_Iso_TOTAL_1NPCOR_PLUS_UNCOR)
                             +/- -0.015728 (EL_EFF_Reco_TOTAL_1NPCOR_PLUS_UNCOR)
                             +/- -0.000000 (EL_EFF_TriggerEff_TOTAL_1NPCOR_PLUS_UNCOR)
                             +/- -0.000000 (EL_EFF_Trigger_TOTAL_1NPCOR_PLUS_UNCOR)
                             +/- -0.019670 (FAKES_Electron)
                             +/- -0.007391 (FAKES_Muon)
                             +/- -0.253061 (FT_EFF_Eigen_B_0)
                             +/- -0.051253 (FT_EFF_Eigen_B_1)
                             +/- -0.041566 (FT_EFF_Eigen_B_2)
                             +/- -0.007512 (FT_EFF_Eigen_B_3)
                             +/-  0.002097 (FT_EFF_Eigen_B_4)
                             +/- -0.000246 (FT_EFF_Eigen_B_5)
                             +/-  0.000007 (FT_EFF_Eigen_B_6)
                             +/- -0.000005 (FT_EFF_Eigen_B_7)
                             +/-  0.000000 (FT_EFF_Eigen_B_8)
                             +/- -0.069513 (FT_EFF_Eigen_C_0)
                             +/- -0.009004 (FT_EFF_Eigen_C_1)
                             +/- -0.005397 (FT_EFF_Eigen_C_2)
                             +/- -0.000349 (FT_EFF_Eigen_C_3)
                             +/- -0.035515 (FT_EFF_Eigen_Light_0)
                             +/- -0.000118 (FT_EFF_Eigen_Light_1)
                             +/-  0.001134 (FT_EFF_Eigen_Light_2)
                             +/-  0.000849 (FT_EFF_Eigen_Light_3)
                             +/-  0.007290 (FT_EFF_extrapolation)
                             +/- -0.012877 (FT_EFF_extrapolation_from_charm)
                             +/-  0.019970 (JET_EffectiveNP_Detector1)
                             +/-  0.002488 (JET_EffectiveNP_Detector2)
                             +/-  0.024983 (JET_EffectiveNP_Mixed1)
                             +/-  0.042478 (JET_EffectiveNP_Mixed2)
                             +/-  0.005271 (JET_EffectiveNP_Mixed3)
                             +/-  0.206892 (JET_EffectiveNP_Modelling1)
                             +/- -0.014539 (JET_EffectiveNP_Modelling2)
                             +/- -0.006430 (JET_EffectiveNP_Modelling3)
                             +/-  0.003556 (JET_EffectiveNP_Modelling4)
                             +/-  0.001440 (JET_EffectiveNP_Statistical1)
                             +/-  0.014195 (JET_EffectiveNP_Statistical2)
                             +/- -0.000487 (JET_EffectiveNP_Statistical3)
                             +/-  0.000975 (JET_EffectiveNP_Statistical4)
                             +/-  0.001347 (JET_EffectiveNP_Statistical5)
                             +/-  0.003909 (JET_EffectiveNP_Statistical6)
                             +/-  0.110606 (JET_EtaIntercalibration_Modelling)
                             +/-  0.076645 (JET_EtaIntercalibration_NonClosure_2018data)
                             +/- -0.000028 (JET_EtaIntercalibration_NonClosure_highE)
                             +/-  0.001238 (JET_EtaIntercalibration_NonClosure_negEta)
                             +/-  0.000654 (JET_EtaIntercalibration_NonClosure_posEta)
                             +/-  0.026096 (JET_EtaIntercalibration_TotalStat)
                             +/- -0.000040 (JET_Flavor_Composition_prop)
                             +/-  0.000009 (JET_Flavor_Response_prop)
                             +/- -0.030439 (JET_JER_DataVsMC_MC16_PseudoData)
                             +/- -0.022242 (JET_JER_EffectiveNP_10_PseudoData)
                             +/- -0.008589 (JET_JER_EffectiveNP_11_PseudoData)
                             +/- -0.010244 (JET_JER_EffectiveNP_12restTerm_PseudoData)
                             +/- -0.069634 (JET_JER_EffectiveNP_1_PseudoData)
                             +/- -0.118095 (JET_JER_EffectiveNP_2_PseudoData)
                             +/- -0.061717 (JET_JER_EffectiveNP_3_PseudoData)
                             +/- -0.003288 (JET_JER_EffectiveNP_4_PseudoData)
                             +/-  0.000785 (JET_JER_EffectiveNP_5_PseudoData)
                             +/- -0.016381 (JET_JER_EffectiveNP_6_PseudoData)
                             +/- -0.010684 (JET_JER_EffectiveNP_7_PseudoData)
                             +/- -0.001681 (JET_JER_EffectiveNP_8_PseudoData)
                             +/- -0.012653 (JET_JER_EffectiveNP_9_PseudoData)
                             +/- -0.041961 (JET_JvtEfficiency)
                             +/-  0.035929 (JET_Pileup_OffsetMu)
                             +/-  0.076157 (JET_Pileup_OffsetNPV)
                             +/-  0.021976 (JET_Pileup_PtTerm)
                             +/-  0.174464 (JET_Pileup_RhoTopology)
                             +/- -0.000024 (JET_PunchThrough_MC16)
                             +/- -0.070333 (LUMINOSITY)
                             +/- -0.000805 (MET_SoftTrk_ResoPara)
                             +/-  0.002224 (MET_SoftTrk_ResoPerp)
                             +/- -0.005063 (MET_SoftTrk_Scale)
                             +/- -0.000000 (MUON_EFF_BADMUON_SYS)
                             +/-  0.003643 (MUON_EFF_ISO_STAT)
                             +/- -0.017608 (MUON_EFF_ISO_SYS)
                             +/- -0.001921 (MUON_EFF_RECO_STAT)
                             +/-  0.000019 (MUON_EFF_RECO_SYS)
                             +/- -0.000012 (MUON_EFF_TTVA_STAT)
                             +/- -0.000012 (MUON_EFF_TTVA_SYS)
                             +/- -0.011443 (MUON_EFF_TrigStatUncertainty)
                             +/- -0.024300 (MUON_EFF_TrigSystUncertainty)
                             +/- -0.000414 (MUON_SAGITTA_DATASTAT)
                             +/- -0.000208 (MUON_SAGITTA_RESBIAS)
                             +/- -0.074295 (PRW_DATASF)
                             +/- -0.043412 (THEORY_CROSS_SECTION_Wjets)
                             +/- -0.054379 (THEORY_CROSS_SECTION_other_top_noWt)
                             +/- -0.007073 (THEORY_CROSS_SECTION_signal)
                             +/- -0.001635 (THEORY_DR_DS_signal)
                             +/-  0.000136 (THEORY_EWK_Wjets)
                             +/- -0.000113 (THEORY_EWK_multiboson_noW)
                             +/-  0.044744 (THEORY_FSR_signal)
                             +/- -0.044093 (THEORY_HDAMP_signal)
                             +/- -0.035012 (THEORY_ISR_signal)
                             +/- -0.006168 (THEORY_PDF4LHC_VARIATION_Wjets)
                             +/- -0.004288 (THEORY_PDF4LHC_VARIATION_multiboson_noW)
                             +/-  0.005563 (THEORY_PDF4LHC_VARIATION_signal)
                             +/-  0.015079 (THEORY_PTHARD_signal)
                             +/- -0.059148 (THEORY_SCALE_COMBINED_Wjets)
                             +/- -0.026443 (THEORY_SCALE_COMBINED_multiboson_noW)
                             +/-  0.002184 (THEORY_SCALE_FACTORISATION_signal)
                             +/- -0.025134 (THEORY_SCALE_RENORMALISATION_signal)
                             +/- -0.143873 (THEORY_SHOWERING_HERWIG7_signal)
                             +/- -0.037063 (THEORY_TOPRECOIL_signal)
                             +/-  0.004420 (THEORY_TOP_MASS_signal)
                             +/- -0.000841 (WMASS_VAR_signal)

                             +/- -0.074896 (FULL_SYS_SUM)
                             +/- -0.036390 (FULL_SYS_SUM_DETECTOR)
                             +/- -0.181877 (FULL_SYS_SUM_THEORY)
                             +/- -0.074896 (FULL_SYS_TOYS)
                             +/- -0.073034 (TOTAL)
                             +/- -0.074786 (TOTAL_NO_DR_DS)
                             +/- -0.074903 (TOTAL_SYSONLY)
                             +/-  0.052177 (statY)

  Nuisance parameters                  0.000  +/-  1.000  (EG_RESOLUTION_ALL)
                                      -0.002  +/-  0.997  (EG_SCALE_ALL)
                                       0.005  +/-  0.999  (EL_EFF_ID_TOTAL_1NPCOR_PLUS_UNCOR)
                                      -0.004  +/-  0.995  (EL_EFF_Iso_TOTAL_1NPCOR_PLUS_UNCOR)
                                      -0.005  +/-  0.999  (EL_EFF_Reco_TOTAL_1NPCOR_PLUS_UNCOR)
                                      -0.000  +/-  1.000  (EL_EFF_TriggerEff_TOTAL_1NPCOR_PLUS_UNCOR)
                                      -0.000  +/-  1.000  (EL_EFF_Trigger_TOTAL_1NPCOR_PLUS_UNCOR)
                                       0.001  +/-  1.000  (MUON_SAGITTA_DATASTAT)
                                      -0.001  +/-  1.000  (MUON_SAGITTA_RESBIAS)
                                      -0.000  +/-  1.000  (MUON_EFF_BADMUON_SYS)
                                       0.001  +/-  1.000  (MUON_EFF_ISO_STAT)
                                       0.007  +/-  0.999  (MUON_EFF_ISO_SYS)
                                       0.000  +/-  1.000  (MUON_EFF_RECO_STAT)
                                       0.003  +/-  1.000  (MUON_EFF_RECO_SYS)
                                      -0.000  +/-  1.000  (MUON_EFF_TTVA_STAT)
                                      -0.000  +/-  1.000  (MUON_EFF_TTVA_SYS)
                                       0.000  +/-  1.000  (MUON_EFF_TrigStatUncertainty)
                                       0.001  +/-  0.998  (MUON_EFF_TrigSystUncertainty)
                                      -0.002  +/-  1.000  (JET_EffectiveNP_Detector1)
                                       0.002  +/-  1.000  (JET_EffectiveNP_Detector2)
                                       0.023  +/-  0.997  (JET_EffectiveNP_Mixed1)
                                       0.000  +/-  0.998  (JET_EffectiveNP_Mixed2)
                                      -0.004  +/-  1.000  (JET_EffectiveNP_Mixed3)
                                      -0.072  +/-  0.931  (JET_EffectiveNP_Modelling1)
                                       0.004  +/-  1.000  (JET_EffectiveNP_Modelling2)
                                       0.007  +/-  1.000  (JET_EffectiveNP_Modelling3)
                                       0.003  +/-  1.000  (JET_EffectiveNP_Modelling4)
                                       0.004  +/-  1.000  (JET_EffectiveNP_Statistical1)
                                      -0.001  +/-  0.999  (JET_EffectiveNP_Statistical2)
                                       0.002  +/-  1.000  (JET_EffectiveNP_Statistical3)
                                       0.002  +/-  1.000  (JET_EffectiveNP_Statistical4)
                                      -0.002  +/-  1.000  (JET_EffectiveNP_Statistical5)
                                       0.002  +/-  1.000  (JET_EffectiveNP_Statistical6)
                                      -0.024  +/-  0.972  (JET_EtaIntercalibration_Modelling)
                                      -0.001  +/-  0.997  (JET_EtaIntercalibration_NonClosure_2018data)
                                       0.000  +/-  1.000  (JET_EtaIntercalibration_NonClosure_highE)
                                       0.002  +/-  1.000  (JET_EtaIntercalibration_NonClosure_negEta)
                                       0.000  +/-  1.000  (JET_EtaIntercalibration_NonClosure_posEta)
                                      -0.006  +/-  0.998  (JET_EtaIntercalibration_TotalStat)
                                       0.000  +/-  1.000  (JET_Flavor_Composition_prop)
                                       0.004  +/-  1.000  (JET_Flavor_Response_prop)
                                      -0.018  +/-  0.995  (JET_Pileup_OffsetMu)
                                      -0.078  +/-  0.958  (JET_Pileup_OffsetNPV)
                                      -0.001  +/-  0.994  (JET_Pileup_PtTerm)
                                      -0.104  +/-  0.753  (JET_Pileup_RhoTopology)
                                       0.000  +/-  1.000  (JET_PunchThrough_MC16)
                                       0.022  +/-  0.985  (JET_JER_DataVsMC_MC16_PseudoData)
                                       0.023  +/-  0.956  (JET_JER_EffectiveNP_1_PseudoData)
                                       0.026  +/-  0.883  (JET_JER_EffectiveNP_2_PseudoData)
                                       0.030  +/-  0.972  (JET_JER_EffectiveNP_3_PseudoData)
                                       0.019  +/-  0.987  (JET_JER_EffectiveNP_4_PseudoData)
                                       0.019  +/-  0.990  (JET_JER_EffectiveNP_5_PseudoData)
                                       0.014  +/-  0.983  (JET_JER_EffectiveNP_6_PseudoData)
                                       0.016  +/-  0.997  (JET_JER_EffectiveNP_7_PseudoData)
                                       0.022  +/-  0.997  (JET_JER_EffectiveNP_8_PseudoData)
                                       0.017  +/-  0.991  (JET_JER_EffectiveNP_9_PseudoData)
                                       0.007  +/-  0.998  (JET_JER_EffectiveNP_10_PseudoData)
                                      -0.015  +/-  0.997  (JET_JER_EffectiveNP_11_PseudoData)
                                      -0.018  +/-  0.994  (JET_JER_EffectiveNP_12restTerm_PseudoData)
                                       0.009  +/-  0.994  (JET_JvtEfficiency)
                                       0.016  +/-  0.986  (PRW_DATASF)
                                       0.004  +/-  0.999  (MET_SoftTrk_ResoPara)
                                      -0.001  +/-  0.999  (MET_SoftTrk_ResoPerp)
                                      -0.003  +/-  0.999  (MET_SoftTrk_Scale)
                                       0.002  +/-  1.000  (WMASS_VAR_signal)
                                       0.089  +/-  0.758  (FT_EFF_Eigen_B_0)
                                       0.000  +/-  0.961  (FT_EFF_Eigen_B_1)
                                      -0.007  +/-  0.988  (FT_EFF_Eigen_B_2)
                                       0.011  +/-  0.999  (FT_EFF_Eigen_B_3)
                                       0.001  +/-  1.000  (FT_EFF_Eigen_B_4)
                                       0.000  +/-  1.000  (FT_EFF_Eigen_B_5)
                                       0.000  +/-  1.000  (FT_EFF_Eigen_B_6)
                                       0.000  +/-  1.000  (FT_EFF_Eigen_B_7)
                                       0.000  +/-  1.000  (FT_EFF_Eigen_B_8)
                                      -0.055  +/-  0.974  (FT_EFF_Eigen_C_0)
                                       0.010  +/-  0.998  (FT_EFF_Eigen_C_1)
                                       0.003  +/-  1.000  (FT_EFF_Eigen_C_2)
                                       0.002  +/-  1.000  (FT_EFF_Eigen_C_3)
                                       0.016  +/-  0.981  (FT_EFF_Eigen_Light_0)
                                       0.022  +/-  0.998  (FT_EFF_Eigen_Light_1)
                                       0.018  +/-  0.999  (FT_EFF_Eigen_Light_2)
                                       0.006  +/-  1.000  (FT_EFF_Eigen_Light_3)
                                       0.061  +/-  0.984  (FT_EFF_extrapolation)
                                      -0.010  +/-  0.999  (FT_EFF_extrapolation_from_charm)
                                       0.012  +/-  0.998  (THEORY_CROSS_SECTION_signal)
                                      -0.005  +/-  0.513  (THEORY_SHOWERING_HERWIG7_signal)
                                       0.024  +/-  0.996  (THEORY_SCALE_FACTORISATION_signal)
                                       0.043  +/-  0.979  (THEORY_SCALE_RENORMALISATION_signal)
                                      -0.158  +/-  0.849  (THEORY_ISR_signal)
                                       0.262  +/-  0.848  (THEORY_FSR_signal)
                                      -0.188  +/-  0.882  (THEORY_HDAMP_signal)
                                      -0.032  +/-  0.954  (THEORY_PTHARD_signal)
                                       0.057  +/-  0.932  (THEORY_TOPRECOIL_signal)
                                      -0.013  +/-  0.921  (THEORY_TOP_MASS_signal)
                                       0.011  +/-  0.999  (THEORY_PDF4LHC_VARIATION_signal)
                                       0.242  +/-  0.717  (THEORY_DR_DS_signal)
                                       0.003  +/-  0.976  (THEORY_CROSS_SECTION_Wjets)
                                       0.065  +/-  0.926  (THEORY_SCALE_COMBINED_Wjets)
                                       0.013  +/-  0.998  (THEORY_PDF4LHC_VARIATION_Wjets)
                                       0.001  +/-  1.000  (THEORY_EWK_Wjets)
                                      -0.002  +/-  0.992  (THEORY_SCALE_COMBINED_multiboson_noW)
                                       0.001  +/-  1.000  (THEORY_PDF4LHC_VARIATION_multiboson_noW)
                                      -0.000  +/-  1.000  (THEORY_EWK_multiboson_noW)
                                      -0.030  +/-  0.975  (THEORY_CROSS_SECTION_other_top_noWt)
                                       0.016  +/-  0.988  (FAKES_Electron)
                                       0.001  +/-  1.000  (FAKES_Muon)
                                      -0.002  +/-  0.984  (LUMINOSITY)

  Correlation matrix 
        1     0.002   -0.0556  0.000372    0.0692    0.0263   1.9e-14   1.9e-14  0.000691  0.000346  6.26e-15  -0.00608    0.0294    0.0032 -3.18e-05  1.93e-05  1.97e-05    0.0191    0.0406   -0.0333  -0.00415   -0.0418    -0.071   -0.0088    -0.371    0.0243    0.0107  -0.00593   -0.0024   -0.0237  0.000813  -0.00163  -0.00225  -0.00652     -0.19    -0.128  4.75e-05  -0.00207  -0.00109   -0.0436  6.71e-05  -1.5e-05   -0.0603    -0.133   -0.0369    -0.387     4e-05    0.0516     0.122     0.223     0.106   0.00556  -0.00132    0.0278    0.0179   0.00282    0.0213    0.0372    0.0144    0.0172    0.0704     0.126   0.00134  -0.00371   0.00845    0.0014     0.557     0.089    0.0702    0.0125   -0.0035  0.000411 -1.12e-05  8.29e-06 -5.16e-07     0.119    0.0151   0.00901  0.000582    0.0604  0.000197  -0.00189  -0.00142   -0.0124    0.0215    0.0118     0.468  -0.00366    0.0428    0.0688    -0.088    0.0834   -0.0264    0.0663  -0.00801  -0.00929    0.0038    0.0742     0.107    0.0103 -0.000226    0.0445   0.00716  0.000189     0.093    0.0332    0.0123     0.119
    0.002         1 -6.97e-06  0.000296  0.000983  0.000369  1.89e-16  1.89e-16 -3.66e-05 -6.48e-05  9.78e-18   9.6e-05  0.000238  3.85e-05  0.000184  2.37e-05  2.98e-05  0.000236  0.000495 -6.27e-06 -3.51e-05 -0.000597 -0.000436 -0.000155  -0.00024   -0.0003 -0.000417 -0.000174  -0.00014  -0.00026 -0.000122 -0.000194 -0.000269   -0.0001  0.000171 -0.000832  2.59e-08  3.95e-05  4.08e-05 -0.000314  2.36e-06 -5.39e-05 -0.000584 -0.000757  -0.00149   0.00074  6.59e-06  -0.00321  -0.00386  -0.00755  -0.00325  -0.00283  4.36e-05  -0.00136 -0.000671  -0.00118 -0.000891  -0.00024  -0.00101 -0.000686  0.000501  -0.00263  0.000427  0.000203  0.000106  8.54e-06   0.00521   0.00315   0.00156 -0.000335  2.86e-05  4.87e-06  1.13e-06  1.16e-07  1.37e-09  -0.00119 -1.42e-05  5.03e-05  -4.8e-06 -0.000809 -2.35e-05 -1.88e-05  1.13e-05  0.000258 -0.000229 -0.000561   -0.0125 -8.51e-05  -0.00363  -0.00744  0.000692  -0.00265  -0.00443   0.00243  -0.00401 -0.000406  -0.00313 -0.000986  -0.00201 -0.000103  2.14e-05 -0.000633 -0.000108 -9.91e-06 -0.000593  -0.00108 -0.000256   0.00143
  -0.0556 -6.97e-06         1  -0.00121  -0.00294  -0.00109 -5.25e-16 -5.25e-16  6.22e-05  0.000185 -1.29e-15 -0.000508 -0.000639 -0.000116 -0.000814 -0.000104 -0.000119 -0.000654  -0.00135  -0.00058 -6.89e-05  -0.00335  -0.00259  -0.00102   -0.0152  -0.00104   -0.0013 -0.000515 -0.000501  -0.00137 -0.000597 -0.000554 -0.000635 -0.000329  -0.00308  -0.00187 -4.37e-07  0.000369   8.8e-05  -0.00119  2.18e-05 -0.000309  -0.00262  -0.00723  -0.00325   -0.0313  -6.3e-05  -0.00493   -0.0134   -0.0166  -0.00804  -0.00261  -0.00534  -0.00808  -0.00356  -0.00158  -0.00703  -0.00215 -0.000708  -0.00586  -0.00283    0.0015  0.000665 -6.14e-05 -0.000516 -0.000101   -0.0295   -0.0091  -0.00489   0.00115 -0.000319  1.81e-05 -4.09e-06 -6.18e-07 -4.98e-08   0.00649 -0.000125  0.000196 -9.09e-05   0.00413   -0.0013  -0.00109  -0.00031  -0.00267   0.00201  0.000501   0.00485   0.00417    0.0011    0.0141  -0.00851   0.00756  -0.00998  -0.00108   0.00749   0.00145  -0.00779   0.00506   0.00286  0.000752 -9.01e-05   0.00263  0.000482 -8.67e-06   0.00543  0.000724  0.000937   -0.0042
 0.000372  0.000296  -0.00121         1  -0.00375  -0.00114 -3.16e-16 -3.16e-16 -2.28e-05 -0.000327  -3.2e-16 -0.000753  -0.00149  -0.00018  -0.00116 -0.000155 -0.000194  -0.00104   -0.0022 -0.000278 -2.62e-05  -0.00135  -0.00039 -4.63e-05  -0.00611 -0.000439 -5.74e-05 -4.55e-05 -0.000222 -0.000341 -0.000275 -7.24e-05  0.000171 -1.45e-05  -0.00597 -0.000886 -1.79e-07 -0.000106 -8.39e-05 -0.000901 -6.49e-06 -0.000306  -0.00136  -0.00292  0.000638   -0.0158 -5.38e-05   0.00123 -0.000503   0.00239  0.000316 -0.000672  -0.00286   -0.0028  -0.00087 -0.000271  -0.00221 -0.000537 -0.000666  -0.00224  -0.00309   0.00337  -0.00139 -0.000945 -0.000884 -0.000265   -0.0233   -0.0119  -0.00421 -7.77e-05 -0.000147 -1.74e-05  -4.6e-06 -4.74e-07 -4.25e-08 -0.000235  -0.00189 -0.000151 -8.59e-05   -0.0033  -0.00122 -0.000844 -0.000303   -0.0031 -0.000151 -0.000916    0.0261  -0.00139   0.00177    -0.001  -0.00689  -0.00562  -0.00265  -0.00867  -0.00647 -0.000245   -0.0239  -0.00368  -0.00776  -0.00121  -0.00013  -0.00211 -0.000414 -2.73e-06  -0.00403  -0.00323  8.99e-05  -0.00717
   0.0692  0.000983  -0.00294  -0.00375         1  -0.00294 -9.33e-16 -9.33e-16  3.35e-05  -0.00047 -8.36e-16  -0.00148  -0.00357 -0.000438  -0.00238 -0.000337 -0.000422  -0.00257  -0.00543 -0.000881  9.47e-06  -0.00136 -0.000773 -0.000247    -0.019 -0.000574 -1.84e-06  0.000101 -8.97e-05  -0.00127 -0.000281 -0.000101  0.000349  5.53e-06   -0.0158  -0.00192 -6.68e-08   -0.0002 -0.000201  -0.00313 -8.45e-06 -0.000236  -0.00407   -0.0112   0.00133   -0.0521 -7.42e-05   0.00549  0.000755   0.00738   0.00308  0.000299  -0.00652    -0.006 -0.000602   0.00129  -0.00404 -0.000862  -0.00128  -0.00402  -0.00839   0.00758  -0.00267  -0.00198  -0.00163 -0.000341   -0.0637   -0.0262   -0.0125 -3.67e-05 -0.000314  -2.1e-05  -6.6e-06 -4.51e-07 -3.25e-08  3.43e-05  -0.00258 -0.000183 -7.12e-05  -0.00251  -0.00102  -0.00055 -0.000226  -0.00235 -0.000217 -0.000336    0.0401  -0.00169    0.0085 -2.31e-06  -0.00718   -0.0127 -0.000213   -0.0222  -0.00809 -2.66e-05   -0.0215  -0.00343  -0.00534  -0.00106 -0.000146  -0.00204 -0.000406  1.08e-05  -0.00648  -0.00265  0.000443   -0.0168
   0.0263  0.000369  -0.00109  -0.00114  -0.00294         1 -3.81e-16 -3.81e-16  2.49e-05 -0.000136 -3.18e-16  -0.00046 -0.000964 -0.000134 -0.000731 -0.000108 -0.000135 -0.000782  -0.00166 -0.000337  1.89e-05  -0.00031 -0.000307 -0.000161  -0.00755 -8.55e-05  5.57e-05  4.33e-05 -1.23e-05 -0.000403 -7.41e-05  1.12e-05  9.07e-05  1.64e-06  -0.00531 -0.000633 -1.86e-07  -3.2e-05 -5.59e-05  -0.00103 -1.27e-06  -5.6e-05  -0.00155  -0.00482  0.000294   -0.0191 -2.04e-05   0.00177  0.000154    0.0021  0.000965  0.000812  -0.00182  -0.00166 -0.000185  0.000624  -0.00108 -0.000423 -0.000416  -0.00136  -0.00244   0.00255 -0.000828 -0.000606 -0.000612 -0.000103   -0.0182  -0.00839  -0.00401  0.000257 -9.77e-05 -6.41e-06 -2.01e-06 -1.23e-07 -3.25e-09 -0.000578 -0.000649 -7.25e-05 -1.03e-05 -0.000635 -0.000185 -9.56e-05 -4.28e-05 -0.000509 -7.76e-05  3.98e-05    0.0147 -5.35e-05   0.00297   0.00104   0.00128  -0.00396  0.000183   -0.0054  -0.00181  0.000274  -0.00391 -0.000935  -0.00107 -0.000258 -3.99e-05 -0.000579 -0.000108  2.28e-06  -0.00214 -0.000561  0.000202  -0.00524
  1.9e-14  1.89e-16 -5.25e-16 -3.16e-16 -9.33e-16 -3.81e-16         1 -8.84e-28   2.9e-17 -1.82e-16 -6.71e-28 -9.19e-17 -7.23e-17 -2.78e-17 -1.82e-16 -2.19e-17 -2.29e-17 -1.71e-16 -3.44e-16 -2.02e-16   4.2e-17 -1.97e-16 -7.55e-16 -1.37e-16 -3.01e-15   2.9e-17  3.38e-16  2.83e-18 -3.78e-17  1.15e-16 -1.93e-16  1.74e-17 -2.34e-17  1.34e-18 -2.59e-16 -2.17e-16  -4.7e-20  7.38e-17 -2.85e-17  3.63e-16  5.19e-18 -7.75e-17 -4.39e-17 -6.72e-16  5.22e-16 -1.34e-15 -3.12e-17  2.25e-15  4.23e-15  9.31e-15  4.17e-15  1.35e-15  1.08e-15  1.51e-15  1.09e-15   1.4e-15  8.63e-16  9.68e-16  4.27e-16 -1.12e-15  2.71e-16  3.25e-15 -3.68e-17    -8e-17 -2.79e-16 -4.85e-17  5.95e-16 -3.73e-15 -4.73e-16  7.03e-16 -1.59e-17  7.17e-18 -1.75e-18 -2.65e-19 -2.98e-22  1.01e-15 -5.67e-16   2.3e-16 -1.09e-17 -2.04e-16 -1.41e-16 -2.28e-18 -8.27e-18  6.07e-17 -2.01e-17  1.28e-16 -6.72e-15  7.95e-16   3.7e-15 -4.51e-15  4.22e-15  -8.6e-15 -4.21e-15  1.64e-15   3.3e-15  6.66e-16 -3.75e-15 -4.44e-16 -7.11e-16  6.42e-18 -4.21e-17 -4.93e-16 -8.04e-17  5.35e-19 -7.92e-16 -6.14e-16  1.29e-16 -1.31e-15
  1.9e-14  1.89e-16 -5.25e-16 -3.16e-16 -9.33e-16 -3.81e-16 -8.84e-28         1   2.9e-17 -1.82e-16 -6.71e-28 -9.19e-17 -7.23e-17 -2.78e-17 -1.82e-16 -2.19e-17 -2.29e-17 -1.71e-16 -3.44e-16 -2.02e-16   4.2e-17 -1.97e-16 -7.55e-16 -1.37e-16 -3.01e-15   2.9e-17  3.38e-16  2.83e-18 -3.78e-17  1.15e-16 -1.93e-16  1.74e-17 -2.34e-17  1.34e-18 -2.59e-16 -2.17e-16  -4.7e-20  7.38e-17 -2.85e-17  3.63e-16  5.19e-18 -7.75e-17 -4.39e-17 -6.72e-16  5.22e-16 -1.34e-15 -3.12e-17  2.25e-15  4.23e-15  9.31e-15  4.17e-15  1.35e-15  1.08e-15  1.51e-15  1.09e-15   1.4e-15  8.63e-16  9.68e-16  4.27e-16 -1.12e-15  2.71e-16  3.25e-15 -3.68e-17    -8e-17 -2.79e-16 -4.85e-17  5.95e-16 -3.73e-15 -4.73e-16  7.03e-16 -1.59e-17  7.17e-18 -1.75e-18 -2.65e-19 -2.98e-22  1.01e-15 -5.67e-16   2.3e-16 -1.09e-17 -2.04e-16 -1.41e-16 -2.28e-18 -8.27e-18  6.07e-17 -2.01e-17  1.28e-16 -6.72e-15  7.95e-16   3.7e-15 -4.51e-15  4.22e-15  -8.6e-15 -4.21e-15  1.64e-15   3.3e-15  6.66e-16 -3.75e-15 -4.44e-16 -7.11e-16  6.42e-18 -4.21e-17 -4.93e-16 -8.04e-17  5.35e-19 -7.92e-16 -6.14e-16  1.29e-16 -1.31e-15
 0.000691 -3.66e-05  6.22e-05 -2.28e-05  3.35e-05  2.49e-05   2.9e-17   2.9e-17         1 -4.66e-05   1.4e-17 -4.24e-06 -7.71e-06  1.37e-06 -1.11e-05  1.23e-06  1.49e-06   8.9e-06  1.79e-05 -1.48e-05 -6.62e-06 -0.000184 -7.33e-05  3.29e-06  6.71e-06 -2.77e-05 -2.87e-05 -2.31e-05 -3.47e-05  2.42e-07  -2.4e-05 -1.33e-05 -6.18e-06 -2.38e-05 -8.72e-05 -0.000139 -1.03e-07 -7.68e-06 -3.71e-06 -4.17e-05 -5.93e-07 -3.16e-05 -1.27e-05  0.000122 -8.59e-05   0.00031  -2.2e-07 -0.000229  -5.6e-05 -0.000153 -0.000143 -0.000203  4.29e-05  1.25e-05  3.34e-05 -4.33e-05  7.78e-05  7.63e-06 -2.92e-05  7.41e-05  2.43e-05 -0.000179 -4.21e-06   3.6e-05 -3.93e-06 -2.17e-05  0.000192   6.8e-05  9.97e-05 -4.91e-05 -2.45e-06 -2.03e-06 -3.13e-07  -6.1e-08 -5.58e-09  4.37e-05 -6.66e-05 -1.74e-05 -7.93e-06  -0.00033 -0.000125 -0.000111 -3.62e-05 -0.000463 -5.68e-06 -0.000103  -0.00195 -0.000128 -0.000403  0.000139 -0.000524  0.000383 -0.000338  0.000167 -0.000234 -3.84e-05  -0.00248 -0.000251  -0.00055 -0.000161 -6.83e-06 -0.000169 -4.37e-05 -1.26e-06 -9.37e-05 -0.000209 -2.15e-05   3.4e-05
 0.000346 -6.48e-05  0.000185 -0.000327  -0.00047 -0.000136 -1.82e-16 -1.82e-16 -4.66e-05         1 -6.28e-17 -0.000122 -0.000129 -1.83e-05 -0.000199 -1.99e-05 -2.46e-05 -0.000104 -0.000218 -7.32e-06  3.49e-05 -0.000544 -9.98e-05  6.91e-05 -0.000503   -0.0001  0.000147  1.86e-05 -5.08e-05  8.07e-05 -6.63e-05  3.33e-05  1.76e-05 -3.65e-06  -0.00119 -0.000383    -4e-07  1.14e-05 -2.41e-05  -0.00013  5.12e-07 -0.000138 -0.000261 -0.000388  5.78e-05  0.000494  1.36e-06  0.000219  0.000897    0.0018  0.000377 -0.000474  0.000226  0.000397  0.000342  6.64e-05  0.000585  0.000298 -0.000491 -0.000514  -1.6e-05  0.000418 -0.000241 -0.000204 -0.000253 -0.000142  0.000835  -0.00167 -0.000266 -8.32e-05 -2.08e-05 -1.31e-05 -2.34e-06 -3.03e-07 -1.92e-08 -0.000859 -0.000524 -7.94e-05 -2.49e-05  -0.00212 -0.000475 -0.000411 -0.000154  -0.00211 -0.000266 -0.000278  -0.00208 -0.000652 -0.000355  -0.00492 -0.000139  -0.00519  -0.00269 -0.000741  -0.00347 -6.71e-05  -0.00799  -0.00197  -0.00284 -0.000827  -7.8e-05  -0.00134 -0.000295  -5.9e-06  -0.00189   -0.0015 -7.03e-05 -0.000936
 6.26e-15  9.78e-18 -1.29e-15  -3.2e-16 -8.36e-16 -3.18e-16 -6.71e-28 -6.71e-28   1.4e-17 -6.28e-17         1 -1.08e-16 -1.22e-16 -2.67e-17  -1.9e-16 -2.15e-17 -2.07e-17  -1.6e-16 -3.18e-16 -2.11e-16  2.93e-18 -7.88e-16 -1.07e-15 -3.14e-16 -3.47e-15 -3.03e-16 -1.22e-16 -1.51e-16 -1.75e-16 -1.45e-16 -3.27e-16 -1.67e-16 -1.74e-16 -9.55e-17  5.09e-16 -4.91e-16   1.3e-21  1.29e-16  8.77e-18   1.6e-16  8.27e-18 -1.04e-16 -6.37e-17 -2.13e-16 -1.25e-16 -3.25e-15 -3.43e-17  6.22e-17 -2.29e-16  2.35e-15  1.11e-15 -5.24e-16 -5.93e-16 -1.16e-15  1.78e-16  7.18e-16 -1.15e-15  3.58e-16  1.19e-16 -1.97e-15 -2.24e-16  2.54e-15  3.81e-16  2.01e-16 -7.92e-17 -1.93e-17 -5.01e-15 -3.36e-15 -8.54e-16   6.4e-16  -6.8e-17  1.66e-17 -1.15e-18 -2.14e-19 -6.95e-21  2.97e-15 -3.29e-16  3.19e-16 -2.38e-17  1.42e-15 -2.94e-16 -1.57e-16 -3.45e-17 -3.65e-17  5.36e-16  9.61e-17  -4.4e-15  1.55e-15   2.6e-15  4.47e-17  2.21e-15 -3.35e-15 -5.94e-15  1.73e-15  5.08e-15  6.64e-16 -5.94e-15  1.45e-15  1.03e-15  3.43e-16 -9.07e-18  5.88e-16  1.06e-16 -4.23e-19   1.5e-15  7.93e-17  2.95e-16 -1.03e-15
 -0.00608   9.6e-05 -0.000508 -0.000753  -0.00148  -0.00046 -9.19e-17 -9.19e-17 -4.24e-06 -0.000122 -1.08e-16         1 -0.000557 -7.09e-05 -0.000474 -6.64e-05 -8.32e-05  -0.00041 -0.000868 -8.07e-05 -5.18e-06  -0.00046 -4.87e-05 -2.95e-05  -0.00233 -0.000195 -3.05e-05 -1.24e-05 -8.73e-05 -0.000124 -0.000109 -2.18e-05  6.68e-05  9.06e-06  -0.00237 -0.000292 -5.64e-08  -3.5e-05 -2.53e-05 -0.000356 -2.46e-06 -0.000119 -0.000578   -0.0013  0.000275  -0.00632 -1.98e-05  0.000218 -0.000878 -0.000264 -0.000396  -0.00043  -0.00135  -0.00146 -0.000543 -0.000258  -0.00114 -0.000369  -0.00045   -0.0011  -0.00121   0.00129 -0.000577 -0.000404 -0.000384 -0.000106  -0.00868  -0.00475  -0.00164 -1.67e-05 -5.82e-05 -6.74e-06 -1.62e-06 -1.34e-07 -1.37e-08 -0.000536 -0.000751 -6.83e-05 -3.06e-05   -0.0014 -0.000443 -0.000307  -0.00011   -0.0011 -9.54e-05 -0.000415    0.0153  -0.00052  0.000446 -0.000809  -0.00157  -0.00252  -0.00118  -0.00326  -0.00342 -0.000117  -0.00919  -0.00163   -0.0033 -0.000475 -4.83e-05 -0.000913 -0.000172 -2.02e-06  -0.00184  -0.00139  3.83e-05  -0.00288
   0.0294  0.000238 -0.000639  -0.00149  -0.00357 -0.000964 -7.23e-17 -7.23e-17 -7.71e-06 -0.000129 -1.22e-16 -0.000557         1 -0.000196 -0.000928 -0.000125 -0.000159  -0.00115  -0.00243 -0.000216 -3.52e-05 -0.000395 -1.03e-06   0.00013  -0.00384  -0.00043 -0.000187  5.47e-05  2.61e-05 -0.000658 -5.29e-05 -0.000169  0.000182  1.79e-05  -0.00599 -0.000677  6.54e-07 -0.000181 -0.000103  -0.00146 -6.98e-06 -1.97e-05  -0.00112  -0.00177  0.000795   -0.0167 -2.47e-05   0.00247  0.000554   0.00303    0.0014  -0.00194  -0.00342  -0.00325 -5.88e-05  0.000115  -0.00212  0.000117 -0.000562  -0.00101   -0.0044   0.00208  -0.00102 -0.000836 -0.000234  -7.1e-05   -0.0341   -0.0095  -0.00539 -0.000917 -0.000115 -3.87e-06 -1.41e-06 -3.79e-09 -1.48e-08   0.00152  -0.00111  7.16e-07  -3.1e-05 -0.000346 -0.000317 -4.54e-05 -3.69e-05 -0.000149 -0.000115 -0.000232    0.0056  -0.00196   0.00312  -0.00361   -0.0118  -0.00536  0.000828   -0.0148  -0.00492 -0.000889  -0.00866 -0.000811  -0.00124   -0.0002 -2.88e-05  -0.00041 -9.71e-05  1.17e-05  -0.00189 -0.000838  -1.2e-05  -0.00698
   0.0032  3.85e-05 -0.000116  -0.00018 -0.000438 -0.000134 -2.78e-17 -2.78e-17  1.37e-06 -1.83e-05 -2.67e-17 -7.09e-05 -0.000196         1 -0.000114 -1.62e-05 -2.05e-05  -0.00013 -0.000275 -3.61e-05 -1.04e-06 -4.58e-05 -1.49e-05 -2.94e-06 -0.000777 -3.54e-05 -9.04e-06  6.53e-06  4.26e-08 -7.06e-05 -8.82e-06  -9.8e-06  1.83e-05  2.21e-06 -0.000778 -8.89e-05  3.03e-08 -1.46e-05 -1.03e-05 -0.000169 -6.01e-07 -6.14e-06  -0.00019 -0.000472  6.95e-05  -0.00244 -3.07e-06   0.00026  4.16e-06  0.000261   0.00012 -8.33e-05 -0.000358 -0.000345 -3.41e-05   3.3e-05 -0.000228 -3.39e-05  -8.1e-05 -0.000172 -0.000455  0.000301 -0.000131 -0.000102 -6.32e-05 -1.26e-05  -0.00342  -0.00121  -0.00062 -4.36e-05  -1.4e-05 -7.96e-07 -2.25e-07 -6.03e-09 -1.09e-09  3.49e-06 -0.000125  -7.2e-06 -2.79e-06 -0.000103 -3.42e-05  -9.9e-06 -5.52e-06 -4.33e-05 -2.14e-05 -2.39e-05   0.00172 -0.000142  0.000371 -0.000244 -0.000625 -0.000677  5.31e-05  -0.00133 -0.000563 -4.49e-05 -0.000908 -0.000164 -0.000233 -3.77e-05 -4.84e-06 -9.07e-05 -1.75e-05  7.92e-07  -0.00032 -0.000124  1.01e-05 -0.000829
-3.18e-05  0.000184 -0.000814  -0.00116  -0.00238 -0.000731 -1.82e-16 -1.82e-16 -1.11e-05 -0.000199  -1.9e-16 -0.000474 -0.000928 -0.000114         1 -9.84e-05 -0.000123 -0.000659   -0.0014 -0.000176 -1.29e-05 -0.000825 -0.000225 -4.12e-05  -0.00412 -0.000276 -5.06e-05  -2.4e-05 -0.000129 -0.000245 -0.000159 -4.39e-05  9.78e-05 -6.89e-06   -0.0039 -0.000565 -1.24e-07 -5.91e-05 -4.94e-05 -0.000629 -3.63e-06 -0.000182 -0.000955  -0.00217  0.000321   -0.0108 -3.11e-05  0.000666 -0.000679  0.000814 -8.76e-05 -0.000446  -0.00189   -0.0019 -0.000624 -0.000219  -0.00147 -0.000414 -0.000492  -0.00147    -0.002   0.00199 -0.000865 -0.000608 -0.000563 -0.000163   -0.0149  -0.00744  -0.00276 -4.67e-05  -9.5e-05 -1.12e-05 -2.82e-06 -2.78e-07 -2.52e-08 -0.000278  -0.00112 -0.000106 -5.04e-05  -0.00198 -0.000728 -0.000508 -0.000183  -0.00189 -9.07e-05 -0.000528    0.0169  -0.00081   0.00105 -0.000572  -0.00404  -0.00345  -0.00155  -0.00552  -0.00423  -0.00014   -0.0139  -0.00221  -0.00458  -0.00073 -8.04e-05  -0.00126 -0.000248 -1.86e-06   -0.0025  -0.00193  6.71e-05  -0.00453
 1.93e-05  2.37e-05 -0.000104 -0.000155 -0.000337 -0.000108 -2.19e-17 -2.19e-17  1.23e-06 -1.99e-05 -2.15e-17 -6.64e-05 -0.000125 -1.62e-05 -9.84e-05         1 -1.85e-05 -9.42e-05   -0.0002 -2.53e-05 -2.35e-07 -5.15e-05 -4.64e-06 -1.14e-05 -0.000662 -3.11e-05    -4e-06  1.41e-06 -1.04e-05 -3.98e-05  -1.6e-05 -2.94e-06  1.35e-05  3.25e-06 -0.000615 -7.14e-05 -1.79e-09 -8.94e-06 -5.78e-06  -0.00011  -5.5e-07 -1.53e-05 -0.000169 -0.000447  4.89e-05  -0.00184 -3.34e-06  8.65e-05 -0.000162  -6.9e-05 -4.86e-05 -5.93e-05 -0.000282 -0.000312  -9.7e-05 -2.59e-05 -0.000226 -8.28e-05  -0.00011 -0.000213 -0.000291  0.000255 -0.000125 -8.89e-05  -8.2e-05 -1.69e-05  -0.00201  -0.00101 -0.000402 -2.68e-06 -1.05e-05 -1.05e-06 -2.23e-07 -7.26e-09 -9.83e-10 -0.000205 -0.000135 -1.31e-05 -3.45e-06 -0.000246 -4.87e-05 -2.77e-05 -1.06e-05  -9.4e-05 -3.77e-05    -7e-05   0.00312  -9.9e-05  0.000149  -0.00029  4.15e-06 -0.000656 -0.000125 -0.000727 -0.000746 -2.29e-05  -0.00132  -0.00032 -0.000553 -7.05e-05 -6.07e-06 -0.000176 -3.12e-05  -2.1e-07  -0.00043 -0.000237  5.45e-06 -0.000652
 1.97e-05  2.98e-05 -0.000119 -0.000194 -0.000422 -0.000135 -2.29e-17 -2.29e-17  1.49e-06 -2.46e-05 -2.07e-17 -8.32e-05 -0.000159 -2.05e-05 -0.000123 -1.85e-05         1 -0.000119 -0.000252 -3.16e-05 -5.43e-07 -5.81e-05   8.7e-07 -1.21e-05 -0.000825 -3.59e-05 -3.81e-06   2.9e-06 -1.18e-05 -5.01e-05 -1.75e-05 -2.43e-06  1.85e-05  4.74e-06 -0.000796 -8.98e-05 -1.48e-09 -1.29e-05  -7.6e-06 -0.000143 -7.93e-07 -1.84e-05 -0.000218 -0.000577  6.07e-05  -0.00233 -4.02e-06  0.000113 -0.000189 -8.61e-05 -5.98e-05 -6.73e-05 -0.000345 -0.000377 -0.000122 -3.74e-05 -0.000271 -0.000106  -0.00014 -0.000249 -0.000368    0.0003 -0.000164 -0.000115 -0.000104 -2.11e-05   -0.0025  -0.00126   -0.0005 -9.18e-06 -1.24e-05 -1.47e-06  -2.7e-07 -7.02e-09 -1.13e-09 -0.000294  -0.00017 -1.93e-05 -4.15e-06 -0.000332 -5.83e-05 -3.23e-05 -1.27e-05 -0.000112 -5.54e-05 -9.15e-05   0.00391 -0.000142  0.000167 -0.000398 -1.07e-05 -0.000827 -0.000107 -0.000935 -0.000997 -3.56e-05  -0.00163 -0.000428 -0.000725 -9.27e-05 -7.51e-06 -0.000234 -4.12e-05 -2.66e-07  -0.00057 -0.000306  2.82e-06 -0.000822
   0.0191  0.000236 -0.000654  -0.00104  -0.00257 -0.000782 -1.71e-16 -1.71e-16   8.9e-06 -0.000104  -1.6e-16  -0.00041  -0.00115  -0.00013 -0.000659 -9.42e-05 -0.000119         1  -0.00161 -0.000206 -3.99e-06 -0.000221 -6.59e-05 -9.61e-06  -0.00441 -0.000199 -3.81e-05  4.54e-05  8.86e-06 -0.000402  -4.7e-05 -5.35e-05  0.000114  1.68e-05  -0.00448 -0.000483  1.94e-07 -8.57e-05 -6.11e-05 -0.000971 -3.47e-06  -2.8e-05  -0.00106  -0.00264  0.000473    -0.014 -1.74e-05   0.00164  0.000195   0.00183  0.000857 -0.000447  -0.00209  -0.00198 -0.000139  0.000258  -0.00129  -0.00016 -0.000445 -0.000973  -0.00267   0.00184 -0.000756 -0.000588 -0.000353 -6.92e-05   -0.0201  -0.00708  -0.00366 -0.000255  -8.1e-05 -4.18e-06 -1.26e-06 -2.63e-08 -5.44e-09   0.00011 -0.000711 -3.34e-05 -1.45e-05 -0.000498 -0.000174 -3.55e-05 -2.51e-05  -0.00018 -0.000116 -0.000109    0.0101 -0.000822   0.00233  -0.00135  -0.00355  -0.00397  0.000419  -0.00787  -0.00308 -0.000257  -0.00492 -0.000851  -0.00112 -0.000191 -2.58e-05 -0.000472 -9.25e-05   5.2e-06  -0.00179 -0.000635  6.63e-05  -0.00484
   0.0406  0.000495  -0.00135   -0.0022  -0.00543  -0.00166 -3.44e-16 -3.44e-16  1.79e-05 -0.000218 -3.18e-16 -0.000868  -0.00243 -0.000275   -0.0014   -0.0002 -0.000252  -0.00161         1 -0.000451 -1.18e-05 -0.000461 -0.000146 -2.66e-05  -0.00955 -0.000408 -8.66e-05  9.28e-05   1.6e-05 -0.000863 -9.51e-05 -0.000111  0.000241  3.16e-05  -0.00967  -0.00107  3.92e-07 -0.000189  -0.00013   -0.0021 -7.87e-06 -5.88e-05  -0.00232  -0.00583  0.000944   -0.0302 -3.67e-05   0.00341  0.000393   0.00371   0.00176 -0.000905  -0.00436  -0.00414 -0.000311  0.000521  -0.00269 -0.000377  -0.00096  -0.00199  -0.00565   0.00377  -0.00163  -0.00125 -0.000765 -0.000147   -0.0424   -0.0149  -0.00771 -0.000545 -0.000168 -9.34e-06 -2.59e-06 -4.54e-08 -1.08e-08    -4e-06  -0.00151 -8.42e-05 -3.01e-05  -0.00119 -0.000356 -6.57e-05 -4.94e-05 -0.000339 -0.000288 -0.000267    0.0211  -0.00179   0.00477  -0.00293  -0.00727  -0.00834   0.00104   -0.0165  -0.00676 -0.000559   -0.0105  -0.00196   -0.0026 -0.000429 -5.21e-05  -0.00108 -0.000208  1.06e-05  -0.00397  -0.00141   0.00012   -0.0103
  -0.0333 -6.27e-06  -0.00058 -0.000278 -0.000881 -0.000337 -2.02e-16 -2.02e-16 -1.48e-05 -7.32e-06 -2.11e-16 -8.07e-05 -0.000216 -3.61e-05 -0.000176 -2.53e-05 -3.16e-05 -0.000206 -0.000451         1 -7.33e-05 -0.000805  -0.00124 -0.000345  -0.00834  9.31e-05 -0.000242 -0.000187 -0.000171 -0.000503 -0.000133 -0.000111 -0.000156 -0.000188  -0.00398  -0.00154 -4.37e-07 -5.68e-05 -3.38e-05 -0.000945  -3.3e-06 -7.61e-05  -0.00182  -0.00538  -0.00151   -0.0163 -2.32e-05 -0.000592  0.000422   0.00057  0.000522  0.000841  0.000916  0.000496  4.79e-05  0.000274  0.000386  -0.00026  0.000156   0.00025 -0.000564 -0.000655 -0.000258  1.95e-05 -0.000367 -2.33e-05  -0.00358  -0.00213 -0.000564  0.000292  1.36e-06 -5.63e-07 -3.78e-07 -1.39e-07 -2.86e-09  -0.00118 -0.000301 -5.51e-05 -1.55e-05  -0.00118 -0.000137 -6.17e-05 -1.99e-06  0.000151 -0.000264  -0.00038   -0.0194   0.00023 -0.000515  0.000721   0.00178  9.87e-06 -0.000648   0.00223  0.000761  0.000296  -0.00554  -0.00144  -0.00281 -0.000234  1.69e-05 -0.000815 -0.000127 -5.35e-06  -0.00161 -0.000748 -0.000135   -0.0016
 -0.00415 -3.51e-05 -6.89e-05 -2.62e-05  9.47e-06  1.89e-05   4.2e-17   4.2e-17 -6.62e-06  3.49e-05  2.93e-18 -5.18e-06 -3.52e-05 -1.04e-06 -1.29e-05 -2.35e-07 -5.43e-07 -3.99e-06 -1.18e-05 -7.33e-05         1 -0.000229 -0.000223 -4.66e-05 -0.000765 -1.53e-05 -0.000102 -5.95e-05 -5.93e-05 -7.86e-05 -3.98e-05 -4.37e-05 -2.91e-05 -4.23e-05 -0.000325 -0.000253 -1.33e-08 -2.47e-05 -3.48e-06 -8.17e-05  -1.6e-06 -2.91e-05 -0.000181 -0.000342 -0.000303  -0.00137  -8.2e-06 -0.000406 -0.000203 -0.000373 -0.000176 -7.75e-05  0.000126 -1.44e-05 -0.000144 -0.000164 -0.000102 -8.98e-05  0.000104  0.000133 -3.61e-05 -0.000335 -3.84e-05   3.2e-05  -2.4e-05 -2.13e-07 -0.000332 -5.56e-06  0.000211 -1.83e-05  3.42e-06  4.42e-07  3.83e-08 -2.86e-08    -4e-09  5.54e-06 -0.000118 -1.01e-05 -1.08e-05 -0.000286 -0.000109 -6.53e-05  -1.6e-05 -3.63e-05 -1.63e-05  -0.00019  -0.00335 -8.33e-05 -0.000535  0.000592  -0.00123   0.00102 -0.000103  0.000412  7.47e-05  -4.7e-05  -0.00277  -0.00034   -0.0011 -5.61e-05  4.52e-06 -0.000147 -1.96e-05 -1.12e-06 -0.000142 -0.000289 -5.42e-05 -5.92e-05
  -0.0418 -0.000597  -0.00335  -0.00135  -0.00136  -0.00031 -1.97e-16 -1.97e-16 -0.000184 -0.000544 -7.88e-16  -0.00046 -0.000395 -4.58e-05 -0.000825 -5.15e-05 -5.81e-05 -0.000221 -0.000461 -0.000805 -0.000229         1  -0.00396 -0.000751   -0.0134  -0.00108  -0.00142 -0.000874  -0.00106  -0.00106 -0.000898 -0.000641 -0.000676 -0.000638  -0.00424  -0.00407 -1.87e-06  0.000132  -2.8e-06 -0.000982  4.82e-06 -0.000946  -0.00286  -0.00515  -0.00509   -0.0179 -0.000102  -0.00763  -0.00887   -0.0108  -0.00732  -0.00357 -0.000774  -0.00301  -0.00294    -0.003  -0.00323   -0.0013 -0.000171  -0.00335 -0.000509   -0.0023 -3.71e-05  2.05e-05 -0.000953   -0.0005   -0.0093  -0.00598  0.000206  0.000353  -0.00024 -2.95e-05 -1.05e-05  -1.9e-06 -1.56e-07   0.00409  -0.00221  -0.00028 -0.000263  -0.00553  -0.00377  -0.00307 -0.000991   -0.0106  0.000976  -0.00195   -0.0433  0.000475  -0.00716    0.0068   -0.0245   0.00711   -0.0151   0.00415 -0.000767  0.000487   -0.0542  -0.00397   -0.0155   -0.0026 -0.000303  -0.00267 -0.000609 -3.57e-05  -0.00016  -0.00598  3.74e-06  -0.00236
   -0.071 -0.000436  -0.00259  -0.00039 -0.000773 -0.000307 -7.55e-16 -7.55e-16 -7.33e-05 -9.98e-05 -1.07e-15 -4.87e-05 -1.03e-06 -1.49e-05 -0.000225 -4.64e-06   8.7e-07 -6.59e-05 -0.000146  -0.00124 -0.000223  -0.00396         1  -0.00104   -0.0182 -0.000328  -0.00106 -0.000773 -0.000754  -0.00122 -0.000711 -0.000566 -0.000742 -0.000626  -0.00506  -0.00419 -1.17e-06  6.86e-05 -1.84e-05  -0.00132  3.87e-06 -0.000465  -0.00354  -0.00927  -0.00502   -0.0275 -9.03e-05  -0.00457  -0.00226  -0.00183  -0.00106 -0.000386    0.0024  0.000355  -0.00065 -0.000386  -0.00048 -0.000276  0.000685  -0.00128  0.000175  -0.00191  0.000395  0.000534  -0.00064 -0.000127  -0.00208  -0.00273  0.000958  0.000982 -5.98e-05  7.93e-06 -3.51e-06 -9.44e-07 -5.64e-08   0.00188  -0.00104  0.000111 -0.000121  -0.00219  -0.00149  -0.00108 -0.000294  -0.00243  0.000281  -0.00116   -0.0686   0.00191  -0.00302   0.00178  -0.00512   0.00149   -0.0107   0.00998   0.00652   0.00106   -0.0267    -0.002  -0.00832 -0.000674    -5e-05   -0.0014 -0.000237 -2.25e-05 -0.000334  -0.00277 -0.000178  -0.00105
  -0.0088 -0.000155  -0.00102 -4.63e-05 -0.000247 -0.000161 -1.37e-16 -1.37e-16  3.29e-06  6.91e-05 -3.14e-16 -2.95e-05   0.00013 -2.94e-06 -4.12e-05 -1.14e-05 -1.21e-05 -9.61e-06 -2.66e-05 -0.000345 -4.66e-05 -0.000751  -0.00104         1  -0.00631 -0.000112 -0.000384 -0.000213 -0.000188 -0.000432 -0.000185 -0.000158 -0.000256 -0.000162  -0.00165   -0.0011 -3.11e-07  6.07e-05  2.47e-05 -0.000572  2.99e-06 -5.82e-05  -0.00132  -0.00397  -0.00155   -0.0115 -1.51e-05  -0.00211  -0.00305  -0.00489  -0.00191 -0.000364 -9.33e-05  -0.00121 -0.000661 -0.000249 -0.000996  -0.00063 -0.000294 -0.000877 -7.29e-05 -0.000763  0.000221  0.000208 -0.000199  1.13e-05 -0.000687 -0.000601 -6.48e-05  0.000442 -1.97e-05  8.23e-06  3.84e-07  -7.3e-09  3.55e-09 -0.000376   5.9e-05  5.28e-05 -5.34e-06  0.000262 -2.87e-05  -2.9e-05  2.02e-05  0.000472  0.000115 -0.000204  -0.00787   0.00119  -0.00108    0.0015   0.00425    0.0012  -0.00276   0.00396   0.00146  0.000438  -0.00203  0.000141 -0.000648  0.000172  3.26e-05  4.44e-05  3.49e-05  -7.1e-06  0.000104  -0.00013  4.42e-05 -0.000285
   -0.371  -0.00024   -0.0152  -0.00611    -0.019  -0.00755 -3.01e-15 -3.01e-15  6.71e-06 -0.000503 -3.47e-15  -0.00233  -0.00384 -0.000777  -0.00412 -0.000662 -0.000825  -0.00441  -0.00955  -0.00834 -0.000765   -0.0134   -0.0182  -0.00631         1  0.000438  -0.00462   -0.0026  -0.00224  -0.00989  -0.00166  -0.00166  -0.00313  -0.00263   -0.0757   -0.0249 -7.97e-06 -0.000124 -0.000296   -0.0188 -7.88e-06  -0.00109   -0.0361    -0.109   -0.0283    -0.319 -0.000238   -0.0171   -0.0235   -0.0409   -0.0147   0.00864   0.00355  -0.00718  -0.00682  -0.00063   -0.0043  -0.00987  -0.00503   -0.0071   -0.0141   -0.0134  -0.00439  -0.00215  -0.00764 -0.000643   -0.0883   -0.0448   -0.0201   0.00527   -0.0004  -4.7e-05 -9.98e-06 -1.77e-06 -6.69e-09   -0.0282  -0.00303  -0.00166 -0.000125   -0.0169  -0.00139  -0.00101 -9.94e-05 -0.000161  -0.00379  -0.00365    -0.213   0.00761   -0.0112   0.00116    0.0439   -0.0145   -0.0169    0.0234    -0.013   0.00581   -0.0369   -0.0205   -0.0352  -0.00334  1.72e-05   -0.0121  -0.00184 -0.000113   -0.0283   -0.0112  -0.00102   -0.0338
   0.0243   -0.0003  -0.00104 -0.000439 -0.000574 -8.55e-05   2.9e-17   2.9e-17 -2.77e-05   -0.0001 -3.03e-16 -0.000195  -0.00043 -3.54e-05 -0.000276 -3.11e-05 -3.59e-05 -0.000199 -0.000408  9.31e-05 -1.53e-05  -0.00108 -0.000328 -0.000112  0.000438         1 -0.000477 -0.000154 -0.000185 -0.000286 -0.000253 -0.000257 -0.000168 -6.16e-05   0.00044 -0.000373  2.24e-07  8.73e-05  3.08e-05 -0.000194  5.76e-06 -0.000136   2.2e-05    0.0014 -0.000407  0.000114 -1.29e-05  -0.00223  -0.00521  -0.00698  -0.00343  -0.00363  -0.00267  -0.00393  -0.00112  -0.00108  -0.00298 -0.000354 -0.000965  -0.00231  -0.00109  0.000173  0.000296 -1.41e-05  8.39e-05 -6.04e-05   -0.0104  -0.00206   -0.0011 -0.000303 -9.64e-05  6.83e-06  -9.6e-07 -1.02e-07 -2.19e-08   0.00242 -0.000399  0.000149 -4.08e-05  0.000673 -0.000568 -0.000431 -0.000132  -0.00122   0.00051   -0.0003   0.00659  0.000226 -0.000869  -0.00206  -0.00553  -0.00109  -0.00572  -0.00324  -0.00189 -0.000295  -0.00914  0.000868 -0.000339 -1.97e-05 -3.15e-05   0.00035  3.13e-05 -3.25e-06    0.0013 -0.000684  0.000151  -0.00112
   0.0107 -0.000417   -0.0013 -5.74e-05 -1.84e-06  5.57e-05  3.38e-16  3.38e-16 -2.87e-05  0.000147 -1.22e-16 -3.05e-05 -0.000187 -9.04e-06 -5.06e-05    -4e-06 -3.81e-06 -3.81e-05 -8.66e-05 -0.000242 -0.000102  -0.00142  -0.00106 -0.000384  -0.00462 -0.000477         1 -0.000323 -0.000262 -0.000756 -0.000204 -0.000355  -0.00036 -0.000227  -0.00136  -0.00136 -4.58e-08  4.58e-05  4.28e-05 -0.000929  2.97e-06 -8.41e-05  -0.00131  -0.00268  -0.00233   -0.0111 -1.02e-05  -0.00421  -0.00716    -0.012  -0.00527    -0.003  -0.00172  -0.00357  -0.00164  -0.00155  -0.00276  -0.00104 -0.000675  -0.00111 -0.000964  -0.00276  0.000462  0.000251  9.64e-05  2.47e-05  -0.00869  0.000684 -0.000397 -0.000246 -6.03e-05  8.73e-06  6.51e-07  2.78e-09 -1.45e-08   0.00134  0.000142  2.64e-05 -3.03e-05  0.000984 -0.000331 -0.000279 -5.49e-05 -0.000221  0.000455 -0.000354   -0.0138  0.000697  -0.00332   0.00264  -0.00548   0.00565   -0.0033  0.000234 -0.000129 -0.000168  -0.00464   0.00119 -0.000208  0.000234  3.22e-05  0.000699  0.000132  -6.9e-06   0.00177 -2.95e-05 -1.17e-06  -9.8e-05
 -0.00593 -0.000174 -0.000515 -4.55e-05  0.000101  4.33e-05  2.83e-18  2.83e-18 -2.31e-05  1.86e-05 -1.51e-16 -1.24e-05  5.47e-05  6.53e-06  -2.4e-05  1.41e-06   2.9e-06  4.54e-05  9.28e-05 -0.000187 -5.95e-05 -0.000874 -0.000773 -0.000213   -0.0026 -0.000154 -0.000323         1 -0.000197 -0.000226 -0.000173 -0.000147 -0.000163 -0.000134 -0.000429 -0.000786 -1.93e-07  1.09e-05  1.06e-05 -0.000189  7.11e-08 -0.000111 -0.000538  -0.00113  -0.00105  -0.00355 -1.87e-05  -0.00176  -0.00185  -0.00282  -0.00135 -0.000723   7.9e-05 -0.000628 -0.000511 -0.000481 -0.000653 -0.000301 -1.57e-05  -0.00038  0.000122 -0.000787   0.00013  0.000174 -7.66e-05 -2.32e-05  0.000314  5.61e-05  0.000567  0.000115 -1.27e-05  2.79e-06 -3.48e-07 -1.41e-07 -1.31e-08  0.000384 -0.000223  2.02e-05 -3.01e-05 -0.000459 -0.000368 -0.000278 -7.35e-05 -0.000554  0.000115 -0.000416  -0.00877  0.000343  -0.00154   0.00111  -0.00138   0.00189  -0.00244   0.00238  0.000641  8.38e-05  -0.00746 -0.000427  -0.00221 -0.000148 -3.99e-07 -0.000248 -4.05e-05  -5.9e-06  0.000139  -0.00071 -4.59e-05  0.000153
  -0.0024  -0.00014 -0.000501 -0.000222 -8.97e-05 -1.23e-05 -3.78e-17 -3.78e-17 -3.47e-05 -5.08e-05 -1.75e-16 -8.73e-05  2.61e-05  4.26e-08 -0.000129 -1.04e-05 -1.18e-05  8.86e-06   1.6e-05 -0.000171 -5.93e-05  -0.00106 -0.000754 -0.000188  -0.00224 -0.000185 -0.000262 -0.000197         1 -0.000112 -0.000227 -0.000124 -0.000116 -0.000129 -0.000395 -0.000751 -3.06e-07  1.36e-06  3.53e-06 -3.49e-05 -1.16e-06 -0.000182 -0.000388 -0.000599 -0.000773  -0.00201 -2.72e-05  -0.00166  -0.00152  -0.00185  -0.00113 -0.000615  2.39e-05 -0.000571 -0.000556 -0.000495 -0.000665 -0.000321 -2.51e-06 -0.000569    0.0002 -0.000183 -3.78e-05  0.000116 -0.000194 -7.62e-05  0.000966  -0.00098  0.000632  0.000183 -2.29e-05 -9.39e-07  -1.2e-06 -2.57e-07 -2.22e-08  0.000284  -0.00053 -5.33e-06 -4.74e-05  -0.00125 -0.000633 -0.000487 -0.000146  -0.00135  9.49e-05 -0.000634  -0.00278  0.000158  -0.00156   0.00145  -0.00153   0.00156  -0.00303   0.00255 -1.36e-05  9.75e-05   -0.0128  -0.00121  -0.00393 -0.000446 -2.61e-05 -0.000703 -0.000134 -7.63e-06 -0.000452  -0.00136 -3.58e-05 -0.000232
  -0.0237  -0.00026  -0.00137 -0.000341  -0.00127 -0.000403  1.15e-16  1.15e-16  2.42e-07  8.07e-05 -1.45e-16 -0.000124 -0.000658 -7.06e-05 -0.000245 -3.98e-05 -5.01e-05 -0.000402 -0.000863 -0.000503 -7.86e-05  -0.00106  -0.00122 -0.000432  -0.00989 -0.000286 -0.000756 -0.000226 -0.000112         1 -6.93e-05 -0.000308 -0.000349 -0.000209  -0.00545  -0.00193  -4.3e-08 -1.78e-07 -1.34e-06  -0.00188  2.12e-06  1.79e-05  -0.00275  -0.00729  -0.00269   -0.0248 -1.29e-06  -0.00254  -0.00523   -0.0092  -0.00364  -0.00201  -0.00141  -0.00294   -0.0011 -0.000915  -0.00198 -0.000871 -0.000914 -0.000888  -0.00219  -0.00272  6.38e-05 -0.000141  -0.00016  3.79e-05   -0.0163  -0.00184  -0.00236 -0.000312 -5.61e-05  4.48e-06  7.53e-07  1.04e-07   2.8e-09 -0.000463   0.00017 -4.78e-05   1.6e-06  0.000618  0.000119  0.000122  6.39e-05  0.000895 -1.46e-05 -3.59e-05   -0.0242  0.000332  -0.00173  -0.00185  -0.00362  0.000206  -0.00151  -0.00303  -0.00212 -0.000151   0.00336  0.000465  0.000631  0.000302  3.67e-05  0.000257  7.07e-05 -3.94e-06 -0.000174  0.000139 -9.81e-05  -0.00243
 0.000813 -0.000122 -0.000597 -0.000275 -0.000281 -7.41e-05 -1.93e-16 -1.93e-16  -2.4e-05 -6.63e-05 -3.27e-16 -0.000109 -5.29e-05 -8.82e-06 -0.000159  -1.6e-05 -1.75e-05  -4.7e-05 -9.51e-05 -0.000133 -3.98e-05 -0.000898 -0.000711 -0.000185  -0.00166 -0.000253 -0.000204 -0.000173 -0.000227 -6.93e-05         1 -0.000136 -0.000108 -0.000102  9.48e-05 -0.000576 -1.36e-07  2.61e-05  4.47e-06  8.86e-05  8.23e-07 -0.000162 -0.000123  0.000143 -0.000372 -0.000617 -2.95e-05  -0.00114  -0.00112 -0.000598 -0.000464 -0.000886 -0.000298 -0.000907 -0.000344 -0.000203 -0.000909 -8.91e-05  -6.2e-05  -0.00102  5.95e-05  0.000708  4.78e-05  0.000124 -0.000141 -6.18e-05 -0.000674   -0.0017  0.000292  0.000234 -3.16e-05  4.51e-06 -1.04e-06 -2.07e-07 -1.69e-08  0.000953 -0.000559  0.000101 -4.11e-05 -0.000637 -0.000533 -0.000377  -0.00011   -0.0009  0.000173 -0.000521  -0.00014  0.000363 -0.000443  9.27e-05 -0.000398 -0.000492  -0.00404    0.0019  0.000686  0.000143   -0.0119 -0.000681  -0.00288 -0.000251 -1.86e-05 -0.000455 -8.74e-05 -5.35e-06  -0.00012  -0.00113  3.46e-05 -0.000506
 -0.00163 -0.000194 -0.000554 -7.24e-05 -0.000101  1.12e-05  1.74e-17  1.74e-17 -1.33e-05  3.33e-05 -1.67e-16 -2.18e-05 -0.000169  -9.8e-06 -4.39e-05 -2.94e-06 -2.43e-06 -5.35e-05 -0.000111 -0.000111 -4.37e-05 -0.000641 -0.000566 -0.000158  -0.00166 -0.000257 -0.000355 -0.000147 -0.000124 -0.000308 -0.000136         1 -0.000159 -9.83e-05 -0.000351 -0.000611  9.97e-08  1.93e-05  1.13e-05 -0.000314  1.76e-06 -4.55e-05 -0.000405 -0.000541 -0.000825  -0.00346 -1.08e-05  -0.00144  -0.00228  -0.00339  -0.00145  -0.00154  -0.00068  -0.00147 -0.000458 -0.000469  -0.00116 -0.000161  -0.00024 -0.000658 -0.000467  -0.00067  0.000233   0.00012   7.4e-05  1.25e-05  -0.00458 -0.000163 -0.000192 -0.000118 -2.57e-05  7.03e-06  2.19e-07 -1.46e-08 -6.58e-09    0.0011 -8.89e-05  8.88e-05 -1.69e-05  0.000492 -0.000167 -9.65e-05 -1.63e-05  7.57e-05  0.000194 -0.000193  -0.00859  0.000258 -0.000827 -0.000599  -0.00273  0.000572  -0.00247 -0.000296  0.000334 -0.000102  -0.00356  0.000498 -0.000201   0.00014  1.37e-05  0.000256  4.86e-05 -1.92e-06  0.000757 -0.000155 -9.73e-06 -0.000234
 -0.00225 -0.000269 -0.000635  0.000171  0.000349  9.07e-05 -2.34e-17 -2.34e-17 -6.18e-06  1.76e-05 -1.74e-16  6.68e-05  0.000182  1.83e-05  9.78e-05  1.35e-05  1.85e-05  0.000114  0.000241 -0.000156 -2.91e-05 -0.000676 -0.000742 -0.000256  -0.00313 -0.000168  -0.00036 -0.000163 -0.000116 -0.000349 -0.000108 -0.000159         1 -0.000118 -0.000434  -0.00081 -1.32e-07  7.39e-05  3.13e-05 -0.000371  4.56e-06 -3.62e-05 -0.000826  -0.00215  -0.00148  -0.00514 -1.52e-06  -0.00215  -0.00296  -0.00514  -0.00219  -0.00118  3.45e-05 -0.000949 -0.000542 -0.000562 -0.000756 -0.000291 -0.000395 -0.000698  0.000176  -0.00151  0.000406  0.000186  9.47e-06  1.72e-05   0.00104   0.00133  0.000452  8.59e-05 -8.81e-06  5.75e-06  3.26e-07 -1.92e-08 -1.09e-09  8.13e-05  0.000181  5.11e-05 -4.45e-06  0.000341  -3.8e-05  -4.8e-05  2.22e-06  0.000137  0.000108 -7.58e-05   -0.0141  0.000738  -0.00163  -0.00162  0.000404 -9.79e-06  -0.00305   0.00246  0.000259  0.000134  0.000416  0.000407  7.89e-05   0.00015  1.13e-05  0.000148  3.71e-05 -6.15e-06  0.000599 -9.11e-05 -3.07e-05    0.0007
 -0.00652   -0.0001 -0.000329 -1.45e-05  5.53e-06  1.64e-06  1.34e-18  1.34e-18 -2.38e-05 -3.65e-06 -9.55e-17  9.06e-06  1.79e-05  2.21e-06 -6.89e-06  3.25e-06  4.74e-06  1.68e-05  3.16e-05 -0.000188 -4.23e-05 -0.000638 -0.000626 -0.000162  -0.00263 -6.16e-05 -0.000227 -0.000134 -0.000129 -0.000209 -0.000102 -9.83e-05 -0.000118         1 -0.000756 -0.000694 -2.42e-07  1.11e-06  7.65e-08 -0.000292  -1.4e-07 -6.61e-05  -0.00054  -0.00134 -0.000862  -0.00436 -9.17e-06  -0.00109 -0.000951  -0.00159  -0.00072 -0.000284  0.000205 -0.000206  -0.00017 -0.000151 -0.000162 -0.000176  5.42e-05 -9.53e-08 -1.38e-05 -0.000722  0.000103  0.000159 -4.53e-05 -1.53e-05 -0.000566  9.13e-05  0.000179  7.77e-05 -9.39e-06  7.44e-07 -3.02e-07  -1.2e-07 -9.22e-09  0.000309 -5.25e-05 -4.39e-06 -1.75e-05 -0.000223 -0.000223 -0.000185 -4.76e-05 -0.000463  8.21e-05 -0.000201   -0.0105  0.000265 -0.000975    0.0016 -0.000757   0.00196  -0.00119   0.00167   0.00105  0.000112  -0.00432 -0.000111 -0.000959 -0.000119  4.12e-06 -9.23e-05 -2.26e-05  -3.7e-06  0.000218 -0.000236 -2.79e-05  4.69e-05
    -0.19  0.000171  -0.00308  -0.00597   -0.0158  -0.00531 -2.59e-16 -2.59e-16 -8.72e-05  -0.00119  5.09e-16  -0.00237  -0.00599 -0.000778   -0.0039 -0.000615 -0.000796  -0.00448  -0.00967  -0.00398 -0.000325  -0.00424  -0.00506  -0.00165   -0.0757   0.00044  -0.00136 -0.000429 -0.000395  -0.00545  9.48e-05 -0.000351 -0.000434 -0.000756         1    -0.013 -2.95e-06  -0.00095 -0.000472   -0.0134 -5.11e-05   -0.0004   -0.0217   -0.0616    -0.011    -0.186 -5.51e-05  -0.00101  -0.00368   -0.0124  -0.00384   0.00195  -0.00122  -0.00393  -0.00261  -0.00169 -6.35e-05  -0.00479  -0.00625  -0.00051   -0.0152   -0.0087  -0.00696  -0.00453  -0.00514 -0.000671   -0.0869   -0.0365   -0.0183  -0.00146 -0.000119 -0.000111 -6.34e-06 -1.94e-07  1.03e-08   -0.0299   -0.0046  -0.00201 -3.16e-05   -0.0218 -0.000299  0.000122 -3.66e-06 -0.000718  -0.00615  -0.00393   -0.0666  -0.00805   -0.0075    -0.037    0.0063   -0.0368   0.00667   -0.0254    -0.051  -0.00168   -0.0288   -0.0263    -0.035  -0.00507 -0.000132   -0.0146  -0.00252 -4.68e-05   -0.0343   -0.0132  -0.00216   -0.0319
   -0.128 -0.000832  -0.00187 -0.000886  -0.00192 -0.000633 -2.17e-16 -2.17e-16 -0.000139 -0.000383 -4.91e-16 -0.000292 -0.000677 -8.89e-05 -0.000565 -7.14e-05 -8.98e-05 -0.000483  -0.00107  -0.00154 -0.000253  -0.00407  -0.00419   -0.0011   -0.0249 -0.000373  -0.00136 -0.000786 -0.000751  -0.00193 -0.000576 -0.000611  -0.00081 -0.000694    -0.013         1 -1.55e-06 -0.000112 -6.09e-05  -0.00353 -6.46e-06 -0.000454  -0.00653   -0.0171  -0.00673   -0.0481 -5.67e-05  -0.00668  -0.00554   -0.0108  -0.00458  -0.00257   0.00183  -0.00128  -0.00127  -0.00158 -0.000589  -0.00126  -0.00148 -0.000864  -0.00171  -0.00593 -0.000491 -2.99e-05  -0.00115 -0.000211  -0.00876  -0.00393 -0.000498  1.35e-05  -1.9e-05 -1.31e-05  -2.4e-06 -6.08e-07 -4.01e-08  -0.00518   -0.0014 -0.000279 -9.52e-05  -0.00641  -0.00117 -0.000844 -0.000224  -0.00213  -0.00111  -0.00212    -0.073 -0.000387  -0.00774     -0.01 -0.000905  -0.00504  -0.00951   0.00604   -0.0078 -2.63e-06   -0.0288  -0.00702   -0.0138  -0.00168 -2.48e-05   -0.0042 -0.000749 -3.42e-05  -0.00661   -0.0051 -0.000779  -0.00417
 4.75e-05  2.59e-08 -4.37e-07 -1.79e-07 -6.68e-08 -1.86e-07  -4.7e-20  -4.7e-20 -1.03e-07    -4e-07   1.3e-21 -5.64e-08  6.54e-07  3.03e-08 -1.24e-07 -1.79e-09 -1.48e-09  1.94e-07  3.92e-07 -4.37e-07 -1.33e-08 -1.87e-06 -1.17e-06 -3.11e-07 -7.97e-06  2.24e-07 -4.58e-08 -1.93e-07 -3.06e-07  -4.3e-08 -1.36e-07  9.97e-08 -1.32e-07 -2.42e-07 -2.95e-06 -1.55e-06         1  6.15e-08 -9.91e-09 -5.34e-07 -4.19e-10 -3.29e-07 -1.63e-06  -5.4e-06 -1.87e-06 -1.08e-05 -1.12e-11 -2.19e-06 -1.01e-06 -2.37e-06 -1.94e-06  2.22e-06  1.82e-06   1.9e-06 -1.98e-07  1.37e-08  1.77e-06 -8.56e-07  7.21e-08  4.38e-07  1.27e-06 -1.35e-06  -2.4e-07   1.9e-07 -7.03e-07 -2.65e-07  1.08e-05 -6.01e-07  7.18e-07  7.97e-07 -4.32e-08 -3.15e-08 -4.76e-09 -8.31e-10 -4.78e-11 -2.21e-06 -1.55e-07 -4.22e-07 -5.84e-08 -3.63e-06 -1.14e-06 -1.19e-06 -3.89e-07 -5.26e-06  -2.1e-08 -3.93e-07 -1.17e-05  6.68e-07  -3.3e-06  8.87e-06  4.42e-06  6.26e-06 -1.33e-06   8.4e-06  5.97e-07  9.87e-07 -1.46e-05  -2.6e-06 -5.08e-06 -1.65e-06 -1.17e-07 -1.76e-06 -4.11e-07 -2.01e-08 -1.64e-06 -1.58e-06  6.29e-08  3.41e-07
 -0.00207  3.95e-05  0.000369 -0.000106   -0.0002  -3.2e-05  7.38e-17  7.38e-17 -7.68e-06  1.14e-05  1.29e-16  -3.5e-05 -0.000181 -1.46e-05 -5.91e-05 -8.94e-06 -1.29e-05 -8.57e-05 -0.000189 -5.68e-05 -2.47e-05  0.000132  6.86e-05  6.07e-05 -0.000124  8.73e-05  4.58e-05  1.09e-05  1.36e-06 -1.78e-07  2.61e-05  1.93e-05  7.39e-05  1.11e-06  -0.00095 -0.000112  6.15e-08         1 -2.56e-05 -0.000135 -5.05e-06  2.07e-06 -0.000128 -0.000225  0.000166  -0.00111 -5.42e-06  0.000521   0.00136   0.00189  0.000907  0.000336  0.000332   0.00056  0.000184   6.6e-05  0.000444  6.27e-05  0.000142   0.00064 -0.000242  -9.9e-05   -0.0003 -9.29e-05 -6.08e-05 -1.66e-06 -0.000919 -0.000496  1.47e-05 -0.000161  2.35e-05 -2.83e-06   2.5e-07   3.8e-08     1e-09 -0.000813  -0.00024 -5.27e-05 -3.09e-06 -0.000868  8.33e-06  5.34e-05  1.51e-05  0.000256 -0.000266 -0.000262  -0.00065 -0.000687 -0.000161 -0.000678 -0.000817 -0.000236   0.00144 -0.000912  -0.00129  -0.00023  -0.00263  -0.00111  -0.00173 -0.000173  9.72e-06 -0.000533 -8.78e-05   9.5e-07  -0.00116  -0.00048 -0.000139 -0.000596
 -0.00109  4.08e-05   8.8e-05 -8.39e-05 -0.000201 -5.59e-05 -2.85e-17 -2.85e-17 -3.71e-06 -2.41e-05  8.77e-18 -2.53e-05 -0.000103 -1.03e-05 -4.94e-05 -5.78e-06  -7.6e-06 -6.11e-05  -0.00013 -3.38e-05 -3.48e-06  -2.8e-06 -1.84e-05  2.47e-05 -0.000296  3.08e-05  4.28e-05  1.06e-05  3.53e-06 -1.34e-06  4.47e-06  1.13e-05  3.13e-05  7.65e-08 -0.000472 -6.09e-05 -9.91e-09 -2.56e-05         1 -5.98e-05 -1.36e-06 -7.08e-06 -6.17e-05 -0.000147  0.000103 -0.000777 -2.69e-06   0.00042  0.000809   0.00139   0.00061  0.000223  0.000131  0.000297  0.000164  0.000137  0.000245  9.82e-05  8.51e-05  0.000174 -0.000153  0.000193 -0.000121 -5.43e-05 -4.09e-05 -1.11e-05  -0.00104  -0.00057 -0.000186 -3.31e-05  1.68e-06 -1.76e-06 -2.25e-07 -3.06e-08  -1.7e-09 -0.000102 -0.000115 -1.57e-05 -3.13e-06 -0.000314 -3.73e-05 -1.37e-05  -7.7e-06 -9.47e-05  -7.5e-05 -4.57e-05  -0.00124 -0.000228  0.000262 -0.000264 -0.000542 -0.000499  0.000355 -0.000594 -0.000206 -3.76e-05  -0.00117 -0.000355 -0.000503 -9.46e-05 -5.06e-06 -0.000197  -3.8e-05  6.35e-07 -0.000396 -0.000166 -2.92e-05 -0.000403
  -0.0436 -0.000314  -0.00119 -0.000901  -0.00313  -0.00103  3.63e-16  3.63e-16 -4.17e-05  -0.00013   1.6e-16 -0.000356  -0.00146 -0.000169 -0.000629  -0.00011 -0.000143 -0.000971   -0.0021 -0.000945 -8.17e-05 -0.000982  -0.00132 -0.000572   -0.0188 -0.000194 -0.000929 -0.000189 -3.49e-05  -0.00188  8.86e-05 -0.000314 -0.000371 -0.000292   -0.0134  -0.00353 -5.34e-07 -0.000135 -5.98e-05         1 -4.62e-06  0.000108   -0.0056   -0.0155  -0.00391   -0.0503  3.23e-05   -0.0028   -0.0067    -0.014  -0.00509  -0.00255  -0.00225  -0.00424  -0.00101 -0.000835  -0.00176  -0.00161  -0.00234 -0.000313  -0.00462  -0.00494  -0.00065 -0.000555 -0.000579 -3.77e-06   -0.0298  -0.00489   -0.0055 -0.000858 -6.06e-05 -1.05e-05  1.48e-06  3.65e-07  2.31e-08  -0.00502  0.000262  -0.00034   4.4e-05  -0.00121  0.000638  0.000475  0.000178    0.0015 -0.000883 -0.000196    -0.032 -0.000867  -0.00309  -0.00627    0.0018  -0.00309   0.00153  -0.00759  -0.00966 -0.000571   0.00765  -0.00177  0.000144 -0.000188  8.05e-05  -0.00105 -0.000187 -7.21e-06  -0.00408 -0.000149 -0.000358  -0.00622
 6.71e-05  2.36e-06  2.18e-05 -6.49e-06 -8.45e-06 -1.27e-06  5.19e-18  5.19e-18 -5.93e-07  5.12e-07  8.27e-18 -2.46e-06 -6.98e-06 -6.01e-07 -3.63e-06  -5.5e-07 -7.93e-07 -3.47e-06 -7.87e-06  -3.3e-06  -1.6e-06  4.82e-06  3.87e-06  2.99e-06 -7.88e-06  5.76e-06  2.97e-06  7.11e-08 -1.16e-06  2.12e-06  8.23e-07  1.76e-06  4.56e-06  -1.4e-07 -5.11e-05 -6.46e-06 -4.19e-10 -5.05e-06 -1.36e-06 -4.62e-06         1 -1.04e-06 -6.94e-06 -1.37e-05  9.11e-06 -4.36e-05 -4.22e-07  2.06e-05  7.21e-05  9.68e-05  4.38e-05  2.69e-05  2.37e-05  3.64e-05  5.79e-06  3.46e-07  2.68e-05 -1.32e-06  8.89e-06  3.75e-05 -5.41e-06 -5.91e-06 -1.94e-05 -4.93e-06 -5.95e-06 -7.85e-07  2.17e-05 -2.78e-05  1.24e-05 -6.12e-06  1.45e-06 -2.33e-07  6.78e-09  8.43e-10  -4.4e-11 -6.02e-05 -1.66e-05 -4.23e-06 -4.05e-07 -6.56e-05 -3.11e-06 -2.57e-07 -1.85e-07  3.46e-06 -1.62e-05 -1.98e-05   8.3e-05 -3.91e-05 -2.45e-05 -8.05e-06 -2.07e-05  1.25e-05  8.22e-05 -1.52e-05  -8.3e-05 -1.15e-05 -0.000227 -7.95e-05 -0.000135 -1.49e-05  3.32e-07 -3.89e-05 -6.51e-06 -1.39e-08 -7.72e-05 -3.82e-05 -8.21e-06 -2.93e-05
 -1.5e-05 -5.39e-05 -0.000309 -0.000306 -0.000236  -5.6e-05 -7.75e-17 -7.75e-17 -3.16e-05 -0.000138 -1.04e-16 -0.000119 -1.97e-05 -6.14e-06 -0.000182 -1.53e-05 -1.84e-05  -2.8e-05 -5.88e-05 -7.61e-05 -2.91e-05 -0.000946 -0.000465 -5.82e-05  -0.00109 -0.000136 -8.41e-05 -0.000111 -0.000182  1.79e-05 -0.000162 -4.55e-05 -3.62e-05 -6.61e-05   -0.0004 -0.000454 -3.29e-07  2.07e-06 -7.08e-06  0.000108 -1.04e-06         1 -0.000195 -9.84e-05 -0.000366  0.000183 -2.26e-05 -0.000828 -0.000458  3.19e-05 -0.000525 -0.000212  0.000139  3.68e-06 -0.000396 -0.000429 -0.000232 -0.000137  1.24e-05 -0.000543  0.000216  0.000245 -0.000202 -7.66e-05 -0.000261 -0.000116   0.00134   -0.0015  0.000419  0.000125 -2.82e-05 -7.89e-06 -2.12e-06  -3.5e-07 -2.76e-08  4.48e-05 -0.000637 -6.72e-05 -5.03e-05  -0.00179  -0.00073 -0.000577 -0.000193  -0.00204  1.37e-05 -0.000527  0.000211 -0.000211  -0.00109  0.000205  -0.00297 -0.000158  -0.00256   0.00114  -0.00119  5.39e-05   -0.0123  -0.00166  -0.00428 -0.000662 -6.65e-05 -0.000993 -0.000199 -6.93e-06 -0.000963  -0.00163 -3.39e-05 -0.000502
  -0.0603 -0.000584  -0.00262  -0.00136  -0.00407  -0.00155 -4.39e-17 -4.39e-17 -1.27e-05 -0.000261 -6.37e-17 -0.000578  -0.00112  -0.00019 -0.000955 -0.000169 -0.000218  -0.00106  -0.00232  -0.00182 -0.000181  -0.00286  -0.00354  -0.00132   -0.0361   2.2e-05  -0.00131 -0.000538 -0.000388  -0.00275 -0.000123 -0.000405 -0.000826  -0.00054   -0.0217  -0.00653 -1.63e-06 -0.000128 -6.17e-05   -0.0056 -6.94e-06 -0.000195         1   -0.0295  -0.00819   -0.0809 -1.45e-05  -0.00647  -0.00943   -0.0197  -0.00786 -0.000722  0.000745  -0.00269  -0.00274  -0.00232  -0.00129  -0.00297  -0.00318   -0.0015  -0.00393  -0.00798  -0.00151  -0.00117  -0.00199 -0.000172   -0.0186  -0.00764  -0.00419  5.14e-05 -2.11e-05 -2.94e-05  -7.7e-07 -2.28e-08  1.41e-08   -0.0129 -0.000849 -0.000734  -1.4e-06  -0.00749  6.26e-05  6.72e-05  5.39e-05  0.000604  -0.00215  -0.00154   -0.0544 -0.000567  -0.00809    -0.016   0.00816   -0.0116  -0.00342   0.00126   -0.0182  3.04e-05  -0.00293  -0.00906    -0.013   -0.0014 -1.16e-05  -0.00512 -0.000814 -3.69e-05   -0.0115  -0.00496 -0.000902  -0.00833
   -0.133 -0.000757  -0.00723  -0.00292   -0.0112  -0.00482 -6.72e-16 -6.72e-16  0.000122 -0.000388 -2.13e-16   -0.0013  -0.00177 -0.000472  -0.00217 -0.000447 -0.000577  -0.00264  -0.00583  -0.00538 -0.000342  -0.00515  -0.00927  -0.00397    -0.109    0.0014  -0.00268  -0.00113 -0.000599  -0.00729  0.000143 -0.000541  -0.00215  -0.00134   -0.0616   -0.0171  -5.4e-06 -0.000225 -0.000147   -0.0155 -1.37e-05 -9.84e-05   -0.0295         1   -0.0221     -0.24  1.02e-05   -0.0141   -0.0211   -0.0484   -0.0177   0.00646   0.00521  -0.00274  -0.00609  -0.00334   0.00028  -0.00871  -0.00775  -0.00224  -0.00905   -0.0203  -0.00416  -0.00302  -0.00591  -0.00028   -0.0345   -0.0198   -0.0122   0.00211  3.55e-05 -7.73e-05  8.51e-07  4.59e-07  1.27e-07   -0.0404 -0.000265  -0.00216  0.000158   -0.0177   0.00223   0.00159  0.000619   0.00603  -0.00621  -0.00231    -0.136   0.00173   -0.0173   -0.0324    0.0522   -0.0288  0.000597    0.0144   -0.0409   0.00224     0.031   -0.0223   -0.0262   -0.0026  9.44e-05   -0.0125  -0.00186 -9.57e-05   -0.0318  -0.00915  -0.00203   -0.0216
  -0.0369  -0.00149  -0.00325  0.000638   0.00133  0.000294  5.22e-16  5.22e-16 -8.59e-05  5.78e-05 -1.25e-16  0.000275  0.000795  6.95e-05  0.000321  4.89e-05  6.07e-05  0.000473  0.000944  -0.00151 -0.000303  -0.00509  -0.00502  -0.00155   -0.0283 -0.000407  -0.00233  -0.00105 -0.000773  -0.00269 -0.000372 -0.000825  -0.00148 -0.000862    -0.011  -0.00673 -1.87e-06  0.000166  0.000103  -0.00391  9.11e-06 -0.000366  -0.00819   -0.0221         1   -0.0541 -1.12e-05   -0.0139   -0.0168   -0.0327   -0.0145  -0.00402   0.00269   -0.0025  -0.00409  -0.00466  -0.00213  -0.00295  -0.00205  -0.00117   0.00038   -0.0137  0.000987  0.000406 -0.000805 -5.45e-05   0.00682   0.00733   0.00271  9.31e-05 -1.37e-06 -1.09e-05 -3.99e-07  -5.2e-07 -3.86e-08  -0.00597   0.00052 -0.000501 -7.11e-05  -0.00401 -0.000869  -0.00087 -0.000201  -0.00188 -0.000534  -0.00136    -0.108   0.00196   -0.0151  -0.00688  -0.00614    0.0055   -0.0106    0.0141  -0.00686   0.00037  -0.00507   -0.0037  -0.00963 -0.000784 -2.01e-05  -0.00224 -0.000329 -4.98e-05  -0.00228  -0.00341 -0.000833   0.00208
   -0.387   0.00074   -0.0313   -0.0158   -0.0521   -0.0191 -1.34e-15 -1.34e-15   0.00031  0.000494 -3.25e-15  -0.00632   -0.0167  -0.00244   -0.0108  -0.00184  -0.00233    -0.014   -0.0302   -0.0163  -0.00137   -0.0179   -0.0275   -0.0115    -0.319  0.000114   -0.0111  -0.00355  -0.00201   -0.0248 -0.000617  -0.00346  -0.00514  -0.00436    -0.186   -0.0481 -1.08e-05  -0.00111 -0.000777   -0.0503 -4.36e-05  0.000183   -0.0809     -0.24   -0.0541         1 -0.000135   -0.0275   -0.0746    -0.137   -0.0484   0.00558   -0.0208   -0.0436   -0.0188  -0.00436   -0.0245   -0.0264   -0.0185   -0.0128   -0.0558    -0.036   -0.0121  -0.00848   -0.0139 -0.000384    -0.373    -0.111   -0.0755   0.00277  -0.00122 -9.87e-05  7.72e-07   1.5e-06  2.37e-07   -0.0624 -0.000708  -0.00442  0.000268   -0.0157    0.0046   0.00378   0.00165    0.0182  -0.00813  -0.00194    -0.312   0.00732   -0.0142    0.0102    0.0615    -0.014    0.0187   -0.0459   -0.0633   0.00526    0.0619   -0.0249   -0.0231 -0.000868  0.000671   -0.0134  -0.00166 -0.000119   -0.0548  -0.00535  -0.00156   -0.0955
    4e-05  6.59e-06  -6.3e-05 -5.38e-05 -7.42e-05 -2.04e-05 -3.12e-17 -3.12e-17  -2.2e-07  1.36e-06 -3.43e-17 -1.98e-05 -2.47e-05 -3.07e-06 -3.11e-05 -3.34e-06 -4.02e-06 -1.74e-05 -3.67e-05 -2.32e-05  -8.2e-06 -0.000102 -9.03e-05 -1.51e-05 -0.000238 -1.29e-05 -1.02e-05 -1.87e-05 -2.72e-05 -1.29e-06 -2.95e-05 -1.08e-05 -1.52e-06 -9.17e-06 -5.51e-05 -5.67e-05 -1.12e-11 -5.42e-06 -2.69e-06  3.23e-05 -4.22e-07 -2.26e-05 -1.45e-05  1.02e-05 -1.12e-05 -0.000135         1 -2.63e-06  0.000132  0.000419  0.000146  4.67e-05  3.96e-05  3.06e-05 -3.54e-05 -1.34e-05 -5.12e-05  4.36e-06  6.41e-05 -6.57e-05  9.32e-08  0.000167 -4.14e-05 -1.04e-05 -3.58e-05  -8.4e-06  -0.00013 -0.000365  4.65e-05  3.63e-05 -2.11e-06  1.77e-07 -1.82e-07 -3.48e-08 -2.65e-09  8.24e-05 -0.000115  5.92e-06 -6.93e-06 -0.000178 -8.26e-05 -5.02e-05 -1.59e-05 -0.000101  2.11e-06 -8.46e-05  9.14e-05  -1.3e-05  2.86e-05   8.8e-05 -0.000415 -7.88e-05 -0.000297  0.000136  9.06e-05  1.29e-05  -0.00179 -0.000213 -0.000638 -4.45e-05 -4.67e-06 -0.000111 -1.73e-05 -4.08e-07 -0.000132 -0.000215 -5.79e-06 -0.000149
   0.0516  -0.00321  -0.00493   0.00123   0.00549   0.00177  2.25e-15  2.25e-15 -0.000229  0.000219  6.22e-17  0.000218   0.00247   0.00026  0.000666  8.65e-05  0.000113   0.00164   0.00341 -0.000592 -0.000406  -0.00763  -0.00457  -0.00211   -0.0171  -0.00223  -0.00421  -0.00176  -0.00166  -0.00254  -0.00114  -0.00144  -0.00215  -0.00109  -0.00101  -0.00668 -2.19e-06  0.000521   0.00042   -0.0028  2.06e-05 -0.000828  -0.00647   -0.0141   -0.0139   -0.0275 -2.63e-06         1   -0.0446   -0.0797   -0.0365    -0.016  -0.00427   -0.0157   -0.0107   -0.0111   -0.0122  -0.00714  -0.00608   -0.0069   0.00295   -0.0197   0.00279   0.00171 -0.000291 -0.000159    0.0265    0.0166   0.00849 -0.000208 -0.000113  1.04e-05  2.41e-06 -1.39e-07 -7.52e-08  -0.00555  0.000678 -0.000377 -0.000161  -0.00367  -0.00226  -0.00233 -0.000577  -0.00528  0.000913  -0.00375   -0.0313   0.00419   -0.0303 -0.000159 -0.000122    0.0232   -0.0261    0.0272   -0.0167 -0.000434    -0.036  -0.00274   -0.0154  -0.00114  4.31e-05  -0.00161  -0.00026 -8.92e-05   0.00217    -0.006 -0.000559   0.00893
    0.122  -0.00386   -0.0134 -0.000503  0.000755  0.000154  4.23e-15  4.23e-15  -5.6e-05  0.000897 -2.29e-16 -0.000878  0.000554  4.16e-06 -0.000679 -0.000162 -0.000189  0.000195  0.000393  0.000422 -0.000203  -0.00887  -0.00226  -0.00305   -0.0235  -0.00521  -0.00716  -0.00185  -0.00152  -0.00523  -0.00112  -0.00228  -0.00296 -0.000951  -0.00368  -0.00554 -1.01e-06   0.00136  0.000809   -0.0067  7.21e-05 -0.000458  -0.00943   -0.0211   -0.0168   -0.0746  0.000132   -0.0446         1    -0.159   -0.0714   -0.0324    -0.028   -0.0472   -0.0217   -0.0185   -0.0346   -0.0149    -0.014   -0.0205  -0.00737   -0.0232   0.00482  0.000962  0.000341 -1.81e-05    -0.059    0.0073  -0.00724  -0.00136 -0.000826  4.71e-05  5.93e-06  1.33e-06 -4.86e-08   0.00269   0.00424 -0.000301 -6.35e-05    0.0128  -0.00143  -0.00234 -0.000513  -0.00503   0.00516 -0.000671     0.106    0.0104   -0.0333     0.023  -0.00745    0.0453   -0.0326  0.000477   -0.0263 -0.000692    0.0121    0.0158     0.014   0.00257  0.000123   0.00877   0.00155 -8.33e-05    0.0174    0.0027   0.00176   0.00148
    0.223  -0.00755   -0.0166   0.00239   0.00738    0.0021  9.31e-15  9.31e-15 -0.000153    0.0018  2.35e-15 -0.000264   0.00303  0.000261  0.000814  -6.9e-05 -8.61e-05   0.00183   0.00371   0.00057 -0.000373   -0.0108  -0.00183  -0.00489   -0.0409  -0.00698    -0.012  -0.00282  -0.00185   -0.0092 -0.000598  -0.00339  -0.00514  -0.00159   -0.0124   -0.0108 -2.37e-06   0.00189   0.00139    -0.014  9.68e-05  3.19e-05   -0.0197   -0.0484   -0.0327    -0.137  0.000419   -0.0797    -0.159         1    -0.125   -0.0528    -0.039   -0.0718   -0.0352   -0.0326   -0.0501   -0.0262   -0.0257   -0.0252  -0.00871   -0.0559   0.00814    0.0021   0.00103  0.000391   -0.0504    0.0371  -0.00461  -0.00411 -0.000844  5.03e-05  2.33e-05  4.13e-06  6.47e-08   -0.0155    0.0104  -0.00145  0.000166    0.0166   0.00141  -0.00124  4.48e-05 -0.000106   0.00496  -0.00146     0.118     0.014   -0.0708    0.0188    0.0148    0.0776   -0.0362    0.0134   -0.0635  -0.00302    0.0731    0.0201    0.0242   0.00428  0.000559    0.0117   0.00218 -0.000158    0.0204   0.00591   0.00106    0.0117
    0.106  -0.00325  -0.00804  0.000316   0.00308  0.000965  4.17e-15  4.17e-15 -0.000143  0.000377  1.11e-15 -0.000396    0.0014   0.00012 -8.76e-05 -4.86e-05 -5.98e-05  0.000857   0.00176  0.000522 -0.000176  -0.00732  -0.00106  -0.00191   -0.0147  -0.00343  -0.00527  -0.00135  -0.00113  -0.00364 -0.000464  -0.00145  -0.00219  -0.00072  -0.00384  -0.00458 -1.94e-06  0.000907   0.00061  -0.00509  4.38e-05 -0.000525  -0.00786   -0.0177   -0.0145   -0.0484  0.000146   -0.0365   -0.0714    -0.125         1   -0.0233   -0.0175   -0.0312    -0.017   -0.0161   -0.0226   -0.0119   -0.0109   -0.0124  -0.00299   -0.0238   0.00307  0.000422  -7.6e-05 -0.000211   -0.0185    0.0134  -0.00117  -0.00175 -0.000505 -1.71e-05  1.97e-06  5.42e-07 -7.72e-08  -0.00467   0.00317  -0.00102 -8.42e-05   0.00304  -0.00184  -0.00263 -0.000713  -0.00839   0.00275  -0.00135    0.0624    0.0052   -0.0338    0.0136   -0.0124    0.0379   -0.0202   0.00477   -0.0311  -0.00126   0.00403   0.00591   0.00128 -0.000149 -5.25e-05   0.00331  0.000522 -8.38e-05   0.00858  -0.00115  0.000599   0.00489
  0.00556  -0.00283  -0.00261 -0.000672  0.000299  0.000812  1.35e-15  1.35e-15 -0.000203 -0.000474 -5.24e-16  -0.00043  -0.00194 -8.33e-05 -0.000446 -5.93e-05 -6.73e-05 -0.000447 -0.000905  0.000841 -7.75e-05  -0.00357 -0.000386 -0.000364   0.00864  -0.00363    -0.003 -0.000723 -0.000615  -0.00201 -0.000886  -0.00154  -0.00118 -0.000284   0.00195  -0.00257  2.22e-06  0.000336  0.000223  -0.00255  2.69e-05 -0.000212 -0.000722   0.00646  -0.00402   0.00558  4.67e-05    -0.016   -0.0324   -0.0528   -0.0233         1   -0.0135   -0.0223  -0.00557   -0.0074   -0.0152   -0.0017  -0.00797     -0.01   -0.0055  -0.00809   0.00252  0.000345   0.00149  6.03e-06    -0.044   0.00294  -0.00282  -0.00377 -0.000271  5.11e-05  4.59e-06  9.47e-07  -2.6e-08    0.0062 -0.000486   0.00083 -6.09e-05    0.0039 -0.000694 -0.000453 -7.65e-05 -2.93e-05   0.00111  -0.00187   0.00111  -0.00109   -0.0122    -0.036   -0.0205   -0.0143   -0.0288   -0.0186    -0.024  -0.00375   -0.0209   0.00383   0.00288  0.000773  8.46e-05    0.0015  0.000142 -1.99e-05   0.00472  -0.00255 -0.000213  -0.00132
 -0.00132  4.36e-05  -0.00534  -0.00286  -0.00652  -0.00182  1.08e-15  1.08e-15  4.29e-05  0.000226 -5.93e-16  -0.00135  -0.00342 -0.000358  -0.00189 -0.000282 -0.000345  -0.00209  -0.00436  0.000916  0.000126 -0.000774    0.0024 -9.33e-05   0.00355  -0.00267  -0.00172   7.9e-05  2.39e-05  -0.00141 -0.000298  -0.00068  3.45e-05  0.000205  -0.00122   0.00183  1.82e-06  0.000332  0.000131  -0.00225  2.37e-05  0.000139  0.000745   0.00521   0.00269   -0.0208  3.96e-05  -0.00427    -0.028    -0.039   -0.0175   -0.0135         1   -0.0244  -0.00589  -0.00322   -0.0172  -0.00388  -0.00481  -0.00996   -0.0108   0.00484  0.000508 -0.000778  0.000739 -1.24e-05   -0.0921   -0.0175   -0.0154  -0.00166 -0.000621   3.4e-05   2.4e-07  8.38e-07 -1.66e-08    0.0126  0.000681  0.000432 -4.06e-06    0.0122 -0.000302 -0.000411 -0.000109  -0.00113    0.0035    0.0016     0.126   0.00195   0.00499    0.0194   -0.0171    0.0131  -0.00462   -0.0337  -0.00437  -0.00114   0.00561    0.0135    0.0199   0.00223   4.5e-05   0.00753   0.00121  2.84e-05    0.0113   0.00563    0.0019   -0.0114
   0.0278  -0.00136  -0.00808   -0.0028    -0.006  -0.00166  1.51e-15  1.51e-15  1.25e-05  0.000397 -1.16e-15  -0.00146  -0.00325 -0.000345   -0.0019 -0.000312 -0.000377  -0.00198  -0.00414  0.000496 -1.44e-05  -0.00301  0.000355  -0.00121  -0.00718  -0.00393  -0.00357 -0.000628 -0.000571  -0.00294 -0.000907  -0.00147 -0.000949 -0.000206  -0.00393  -0.00128   1.9e-06   0.00056  0.000297  -0.00424  3.64e-05  3.68e-06  -0.00269  -0.00274   -0.0025   -0.0436  3.06e-05   -0.0157   -0.0472   -0.0718   -0.0312   -0.0223   -0.0244         1  -0.00991  -0.00694   -0.0243   -0.0065  -0.00842   -0.0148   -0.0118  -0.00114   0.00176 -0.000183    0.0007  7.32e-05   -0.0975    -0.015   -0.0147  -0.00182 -0.000683  6.98e-05   4.7e-06  1.46e-06  5.86e-09    0.0106  0.000881   0.00072  -8.2e-06    0.0133 -0.000164 -0.000303  2.69e-05   0.00138   0.00371  0.000215      0.12   0.00426   -0.0038   0.00945   -0.0084    0.0119   -0.0186   -0.0271   -0.0121   -0.0015   -0.0011    0.0138    0.0176   0.00298  0.000192   0.00759    0.0013  7.36e-07    0.0116    0.0041   0.00175    -0.011
   0.0179 -0.000671  -0.00356  -0.00087 -0.000602 -0.000185  1.09e-15  1.09e-15  3.34e-05  0.000342  1.78e-16 -0.000543 -5.88e-05 -3.41e-05 -0.000624  -9.7e-05 -0.000122 -0.000139 -0.000311  4.79e-05 -0.000144  -0.00294  -0.00065 -0.000661  -0.00682  -0.00112  -0.00164 -0.000511 -0.000556   -0.0011 -0.000344 -0.000458 -0.000542  -0.00017  -0.00261  -0.00127 -1.98e-07  0.000184  0.000164  -0.00101  5.79e-06 -0.000396  -0.00274  -0.00609  -0.00409   -0.0188 -3.54e-05   -0.0107   -0.0217   -0.0352    -0.017  -0.00557  -0.00589  -0.00991         1  -0.00596  -0.00867  -0.00433  -0.00262  -0.00508  -0.00149  -0.00478 -0.000161   -0.0006 -0.000744 -0.000163   -0.0104  -0.00241 -0.000569 -8.43e-05 -0.000196 -9.28e-06 -1.58e-06 -1.08e-07 -5.01e-08  -0.00202 -0.000646 -0.000412 -0.000108  -0.00166   -0.0015  -0.00132 -0.000399   -0.0033  0.000749  -0.00142    0.0472   0.00104  -0.00975   0.00627   -0.0118    0.0108  -0.00664 -0.000197   -0.0121 -0.000393   -0.0159  -0.00161   -0.0091 -0.000467 -0.000107  -0.00051 -1.81e-05 -2.83e-05 -0.000222  -0.00347  0.000143  -0.00171
  0.00282  -0.00118  -0.00158 -0.000271   0.00129  0.000624   1.4e-15   1.4e-15 -4.33e-05  6.64e-05  7.18e-16 -0.000258  0.000115   3.3e-05 -0.000219 -2.59e-05 -3.74e-05  0.000258  0.000521  0.000274 -0.000164    -0.003 -0.000386 -0.000249  -0.00063  -0.00108  -0.00155 -0.000481 -0.000495 -0.000915 -0.000203 -0.000469 -0.000562 -0.000151  -0.00169  -0.00158  1.37e-08   6.6e-05  0.000137 -0.000835  3.46e-07 -0.000429  -0.00232  -0.00334  -0.00466  -0.00436 -1.34e-05   -0.0111   -0.0185   -0.0326   -0.0161   -0.0074  -0.00322  -0.00694  -0.00596         1  -0.00619  -0.00313  -0.00289  -0.00329 -0.000187  -0.00823 -0.000115 -0.000662 -0.000453 -0.000192   0.00249   0.00366   0.00261  -0.00121 -7.23e-05 -2.34e-05 -1.45e-06 -1.82e-07 -6.28e-08   -0.0042    -0.001 -0.000525 -0.000121  -0.00502  -0.00165  -0.00138 -0.000447  -0.00407 -0.000203  -0.00209    0.0131  -0.00151   -0.0136  -0.00892   -0.0196   0.00357  -0.00787  -0.00109   -0.0195  -0.00158   -0.0199  -0.00509   -0.0139  -0.00131 -0.000152  -0.00254 -0.000414 -3.41e-05  -0.00285  -0.00566 -0.000571  0.000894
   0.0213 -0.000891  -0.00703  -0.00221  -0.00404  -0.00108  8.63e-16  8.63e-16  7.78e-05  0.000585 -1.15e-15  -0.00114  -0.00212 -0.000228  -0.00147 -0.000226 -0.000271  -0.00129  -0.00269  0.000386 -0.000102  -0.00323  -0.00048 -0.000996   -0.0043  -0.00298  -0.00276 -0.000653 -0.000665  -0.00198 -0.000909  -0.00116 -0.000756 -0.000162 -6.35e-05 -0.000589  1.77e-06  0.000444  0.000245  -0.00176  2.68e-05 -0.000232  -0.00129   0.00028  -0.00213   -0.0245 -5.12e-05   -0.0122   -0.0346   -0.0501   -0.0226   -0.0152   -0.0172   -0.0243  -0.00867  -0.00619         1  -0.00493  -0.00488   -0.0119  -0.00742  0.000614   0.00114 -0.000304   0.00025     2e-05   -0.0653   -0.0123  -0.00865  -0.00071 -0.000519  5.64e-05  1.51e-06  6.53e-07 -3.01e-08   0.00975  -0.00036  0.000589 -9.22e-05   0.00885  -0.00112 -0.000845 -0.000184  2.72e-05   0.00313 -0.000464    0.0949   0.00367  -0.00296    0.0103   -0.0163    0.0109   -0.0166   -0.0167  -0.00604 -0.000798    -0.014   0.00898   0.00632   0.00216  5.13e-05   0.00521  0.000974 -3.47e-06   0.00897  0.000926   0.00131  -0.00741
   0.0372  -0.00024  -0.00215 -0.000537 -0.000862 -0.000423  9.68e-16  9.68e-16  7.63e-06  0.000298  3.58e-16 -0.000369  0.000117 -3.39e-05 -0.000414 -8.28e-05 -0.000106  -0.00016 -0.000377  -0.00026 -8.98e-05   -0.0013 -0.000276  -0.00063  -0.00987 -0.000354  -0.00104 -0.000301 -0.000321 -0.000871 -8.91e-05 -0.000161 -0.000291 -0.000176  -0.00479  -0.00126 -8.56e-07  6.27e-05  9.82e-05  -0.00161 -1.32e-06 -0.000137  -0.00297  -0.00871  -0.00295   -0.0264  4.36e-06  -0.00714   -0.0149   -0.0262   -0.0119   -0.0017  -0.00388   -0.0065  -0.00433  -0.00313  -0.00493         1  -0.00189  -0.00204  -0.00138  -0.00394 -0.000358 -0.000185 -0.000686 -7.51e-05  -0.00728  -0.00184   -0.0015  0.000294 -0.000111  -1.1e-05  5.35e-07  1.98e-07 -5.93e-09   -0.0041  0.000314 -0.000469 -1.87e-05 -0.000813 -0.000359 -0.000527 -0.000128  -0.00124  0.000298 -0.000719    0.0403   0.00125  -0.00676    0.0129   0.00427    0.0138   0.00101   0.00293  -0.00679  0.000192  -0.00354 -0.000779  -0.00353 -0.000276  2.22e-05  -9.8e-05  2.44e-05 -1.93e-05 -0.000835 -0.000755  0.000188  -0.00176
   0.0144  -0.00101 -0.000708 -0.000666  -0.00128 -0.000416  4.27e-16  4.27e-16 -2.92e-05 -0.000491  1.19e-16  -0.00045 -0.000562  -8.1e-05 -0.000492  -0.00011  -0.00014 -0.000445  -0.00096  0.000156  0.000104 -0.000171  0.000685 -0.000294  -0.00503 -0.000965 -0.000675 -1.57e-05 -2.51e-06 -0.000914  -6.2e-05  -0.00024 -0.000395  5.42e-05  -0.00625  -0.00148  7.21e-08  0.000142  8.51e-05  -0.00234  8.89e-06  1.24e-05  -0.00318  -0.00775  -0.00205   -0.0185  6.41e-05  -0.00608    -0.014   -0.0257   -0.0109  -0.00797  -0.00481  -0.00842  -0.00262  -0.00289  -0.00488  -0.00189         1  -0.00467  -0.00241  -0.00395 -8.57e-05 -0.000724 -0.000474 -0.000105  -0.00974  -0.00182  -0.00258  -0.00104 -5.75e-05 -4.31e-06  2.13e-06  7.66e-07  3.99e-08  -0.00757 -0.000141 -0.000109  6.09e-05  -0.00246  0.000657  0.000414  0.000139     0.001  -0.00107 -0.000837    0.0306 -0.000809  -0.00605   -0.0248    0.0131   -0.0175  -0.00904  -0.00538   -0.0221  -0.00121   0.00476  -0.00349  -0.00219 -0.000442  1.71e-05  -0.00228  -0.00042 -2.15e-05  -0.00568  -0.00266 -0.000291  -0.00335
   0.0172 -0.000686  -0.00586  -0.00224  -0.00402  -0.00136 -1.12e-15 -1.12e-15  7.41e-05 -0.000514 -1.97e-15   -0.0011  -0.00101 -0.000172  -0.00147 -0.000213 -0.000249 -0.000973  -0.00199   0.00025  0.000133  -0.00335  -0.00128 -0.000877   -0.0071  -0.00231  -0.00111  -0.00038 -0.000569 -0.000888  -0.00102 -0.000658 -0.000698 -9.53e-08  -0.00051 -0.000864  4.38e-07   0.00064  0.000174 -0.000313  3.75e-05 -0.000543   -0.0015  -0.00224  -0.00117   -0.0128 -6.57e-05   -0.0069   -0.0205   -0.0252   -0.0124     -0.01  -0.00996   -0.0148  -0.00508  -0.00329   -0.0119  -0.00204  -0.00467         1  -0.00323   0.00535  0.000652  -0.00086 -0.000886 -0.000329   -0.0295   -0.0148  -0.00558   0.00083 -0.000416  2.66e-05 -5.71e-06 -3.84e-07 -4.35e-08   0.00447   -0.0018  0.000595 -0.000107   0.00169   -0.0017   -0.0013 -0.000413  -0.00362    0.0016 -0.000534      0.07   0.00364   0.00102   -0.0147  0.000817   -0.0197   -0.0266  -0.00623  -0.00951  0.000609   -0.0221   0.00157   -0.0024  0.000152 -0.000215  0.000146     1e-05 -2.28e-05   0.00109  -0.00374   0.00104  -0.00685
   0.0704  0.000501  -0.00283  -0.00309  -0.00839  -0.00244  2.71e-16  2.71e-16  2.43e-05  -1.6e-05 -2.24e-16  -0.00121   -0.0044 -0.000455    -0.002 -0.000291 -0.000368  -0.00267  -0.00565 -0.000564 -3.61e-05 -0.000509  0.000175 -7.29e-05   -0.0141  -0.00109 -0.000964  0.000122    0.0002  -0.00219  5.95e-05 -0.000467  0.000176 -1.38e-05   -0.0152  -0.00171  1.27e-06 -0.000242 -0.000153  -0.00462 -5.41e-06  0.000216  -0.00393  -0.00905   0.00038   -0.0558  9.32e-08   0.00295  -0.00737  -0.00871  -0.00299   -0.0055   -0.0108   -0.0118  -0.00149 -0.000187  -0.00742  -0.00138  -0.00241  -0.00323         1   0.00247  -0.00157  -0.00163 -0.000286 -1.53e-05   -0.0889   -0.0202   -0.0151  -0.00195 -0.000344  1.94e-06 -4.26e-07  4.98e-07  1.41e-09   0.00386 -0.000697 -3.55e-05  9.87e-06   0.00394  0.000264  0.000437  0.000127   0.00148  0.000491  0.000728    0.0215   -0.0022   0.00658    0.0015   -0.0196  -0.00311   0.00466   -0.0341   -0.0084  -0.00151   0.00413   0.00345   0.00765  0.000787   4.3e-05   0.00204  0.000315  2.94e-05 -0.000298   0.00205  0.000445   -0.0157
    0.126  -0.00263    0.0015   0.00337   0.00758   0.00255  3.25e-15  3.25e-15 -0.000179  0.000418  2.54e-15   0.00129   0.00208  0.000301   0.00199  0.000255    0.0003   0.00184   0.00377 -0.000655 -0.000335   -0.0023  -0.00191 -0.000763   -0.0134  0.000173  -0.00276 -0.000787 -0.000183  -0.00272  0.000708  -0.00067  -0.00151 -0.000722   -0.0087  -0.00593 -1.35e-06  -9.9e-05  0.000193  -0.00494 -5.91e-06  0.000245  -0.00798   -0.0203   -0.0137    -0.036  0.000167   -0.0197   -0.0232   -0.0559   -0.0238  -0.00809   0.00484  -0.00114  -0.00478  -0.00823  0.000614  -0.00394  -0.00395   0.00535   0.00247         1   0.00177   0.00088  0.000618  0.000293    0.0338    0.0308   0.00871  -0.00286  0.000322 -3.26e-05  9.74e-06  9.38e-07  2.93e-08    -0.015    0.0034  -0.00117   8.9e-05  -0.00482   0.00135  0.000564   0.00027    0.0021  -0.00216  -0.00136    -0.137  -0.00197   -0.0289   -0.0176  -0.00844    0.0166   0.00361    0.0137   -0.0232  -0.00244    0.0332  -0.00447  -0.00487 -0.000523  0.000199  -0.00211 -0.000298 -5.33e-05  -0.00299  -0.00117  -0.00209    0.0117
  0.00134  0.000427  0.000665  -0.00139  -0.00267 -0.000828 -3.68e-17 -3.68e-17 -4.21e-06 -0.000241  3.81e-16 -0.000577  -0.00102 -0.000131 -0.000865 -0.000125 -0.000164 -0.000756  -0.00163 -0.000258 -3.84e-05 -3.71e-05  0.000395  0.000221  -0.00439  0.000296  0.000462   0.00013 -3.78e-05  6.38e-05  4.78e-05  0.000233  0.000406  0.000103  -0.00696 -0.000491  -2.4e-07   -0.0003 -0.000121  -0.00065 -1.94e-05 -0.000202  -0.00151  -0.00416  0.000987   -0.0121 -4.14e-05   0.00279   0.00482   0.00814   0.00307   0.00252  0.000508   0.00176 -0.000161 -0.000115   0.00114 -0.000358 -8.57e-05  0.000652  -0.00157   0.00177         1  -0.00119  -0.00111  -0.00023  -0.00643  -0.00848  -0.00165 -0.000186  1.46e-05 -3.31e-05 -3.01e-06 -2.45e-07 -1.86e-08  -0.00577  -0.00196 -0.000458 -5.19e-05  -0.00659 -0.000692  -0.00039 -0.000173  -0.00171  -0.00135  -0.00136    0.0253  -0.00305  4.56e-05  -0.00502  -0.00234  -0.00723    0.0039  -0.00556   -0.0111 -0.000603   -0.0192   -0.0077   -0.0126   -0.0017 -0.000108  -0.00406 -0.000706 -4.59e-06  -0.00831  -0.00443  -0.00044   -0.0058
 -0.00371  0.000203 -6.14e-05 -0.000945  -0.00198 -0.000606    -8e-17    -8e-17   3.6e-05 -0.000204  2.01e-16 -0.000404 -0.000836 -0.000102 -0.000608 -8.89e-05 -0.000115 -0.000588  -0.00125  1.95e-05   3.2e-05  2.05e-05  0.000534  0.000208  -0.00215 -1.41e-05  0.000251  0.000174  0.000116 -0.000141  0.000124   0.00012  0.000186  0.000159  -0.00453 -2.99e-05   1.9e-07 -9.29e-05 -5.43e-05 -0.000555 -4.93e-06 -7.66e-05  -0.00117  -0.00302  0.000406  -0.00848 -1.04e-05   0.00171  0.000962    0.0021  0.000422  0.000345 -0.000778 -0.000183   -0.0006 -0.000662 -0.000304 -0.000185 -0.000724  -0.00086  -0.00163   0.00088  -0.00119         1 -0.000661 -0.000143  -0.00918  -0.00572  -0.00215 -0.000378 -3.24e-05 -2.18e-05 -2.37e-06 -1.18e-07 -1.05e-08  -0.00323  -0.00107 -0.000275 -2.11e-05  -0.00334 -0.000325 -0.000164 -0.000102   -0.0011 -0.000752 -0.000373    0.0163  -0.00188  0.000517   -0.0087  -0.00547  -0.00933  0.000887  -0.00768  -0.00971 -0.000546  -0.00355  -0.00394  -0.00576 -0.000812 -0.000116  -0.00214 -0.000367 -1.49e-06  -0.00477  -0.00259 -0.000208  -0.00416
  0.00845  0.000106 -0.000516 -0.000884  -0.00163 -0.000612 -2.79e-16 -2.79e-16 -3.93e-06 -0.000253 -7.92e-17 -0.000384 -0.000234 -6.32e-05 -0.000563  -8.2e-05 -0.000104 -0.000353 -0.000765 -0.000367  -2.4e-05 -0.000953  -0.00064 -0.000199  -0.00764  8.39e-05  9.64e-05 -7.66e-05 -0.000194  -0.00016 -0.000141   7.4e-05  9.47e-06 -4.53e-05  -0.00514  -0.00115 -7.03e-07 -6.08e-05 -4.09e-05 -0.000579 -5.95e-06 -0.000261  -0.00199  -0.00591 -0.000805   -0.0139 -3.58e-05 -0.000291  0.000341   0.00103  -7.6e-05   0.00149  0.000739    0.0007 -0.000744 -0.000453   0.00025 -0.000686 -0.000474 -0.000886 -0.000286  0.000618  -0.00111 -0.000661         1 -0.000212   0.00139  -0.00555 -0.000486  0.000456 -1.74e-05 -2.16e-05 -3.16e-06 -3.85e-07 -2.04e-08  -0.00442  -0.00129 -0.000299 -5.01e-05  -0.00487 -0.000749  -0.00056   -0.0002  -0.00211  -0.00077    -0.001    0.0104 -0.000736  -0.00131  -0.00392   0.00267  -0.00594  -0.00186   0.00151  -0.00688  0.000201   -0.0152  -0.00544  -0.00966   -0.0013 -0.000106  -0.00305  -0.00053 -1.42e-05  -0.00561  -0.00361 -0.000209  -0.00329
   0.0014  8.54e-06 -0.000101 -0.000265 -0.000341 -0.000103 -4.85e-17 -4.85e-17 -2.17e-05 -0.000142 -1.93e-17 -0.000106  -7.1e-05 -1.26e-05 -0.000163 -1.69e-05 -2.11e-05 -6.92e-05 -0.000147 -2.33e-05 -2.13e-07   -0.0005 -0.000127  1.13e-05 -0.000643 -6.04e-05  2.47e-05 -2.32e-05 -7.62e-05  3.79e-05 -6.18e-05  1.25e-05  1.72e-05 -1.53e-05 -0.000671 -0.000211 -2.65e-07 -1.66e-06 -1.11e-05 -3.77e-06 -7.85e-07 -0.000116 -0.000172  -0.00028 -5.45e-05 -0.000384  -8.4e-06 -0.000159 -1.81e-05  0.000391 -0.000211  6.03e-06 -1.24e-05  7.32e-05 -0.000163 -0.000192     2e-05 -7.51e-05 -0.000105 -0.000329 -1.53e-05  0.000293  -0.00023 -0.000143 -0.000212         1  0.000102  -0.00141 -9.48e-05  3.66e-05 -2.28e-05 -8.73e-06 -1.66e-06 -2.34e-07 -1.75e-08  -0.00033 -0.000405  -8.4e-05  -2.8e-05  -0.00136 -0.000448 -0.000373 -0.000132  -0.00155  -5.7e-05 -0.000264   0.00254 -0.000309 -0.000477 -0.000331  -0.00158 -0.000874  -0.00116 -0.000133  -0.00161  1.31e-05  -0.00694  -0.00125  -0.00258 -0.000527 -5.42e-05 -0.000765  -0.00016 -4.09e-06 -0.000976  -0.00106 -1.31e-05 -0.000667
    0.557   0.00521   -0.0295   -0.0233   -0.0637   -0.0182  5.95e-16  5.95e-16  0.000192  0.000835 -5.01e-15  -0.00868   -0.0341  -0.00342   -0.0149  -0.00201   -0.0025   -0.0201   -0.0424  -0.00358 -0.000332   -0.0093  -0.00208 -0.000687   -0.0883   -0.0104  -0.00869  0.000314  0.000966   -0.0163 -0.000674  -0.00458   0.00104 -0.000566   -0.0869  -0.00876  1.08e-05 -0.000919  -0.00104   -0.0298  2.17e-05   0.00134   -0.0186   -0.0345   0.00682    -0.373  -0.00013    0.0265    -0.059   -0.0504   -0.0185    -0.044   -0.0921   -0.0975   -0.0104   0.00249   -0.0653  -0.00728  -0.00974   -0.0295   -0.0889    0.0338  -0.00643  -0.00918   0.00139  0.000102         1    -0.158    -0.121    -0.013  -0.00339  0.000112 -1.46e-05  1.18e-06 -2.08e-07     0.081  -0.00268   0.00165 -0.000199    0.0588  -0.00186  9.88e-05 -1.65e-05   0.00131    0.0138    0.0114     0.115   -0.0056    0.0718    0.0941    -0.217    0.0346    0.0244     -0.27    0.0129  -0.00751    0.0218    0.0627     0.101    0.0109  0.000161    0.0352   0.00559  0.000296    0.0413     0.032   0.00727    -0.114
    0.089   0.00315   -0.0091   -0.0119   -0.0262  -0.00839 -3.73e-15 -3.73e-15   6.8e-05  -0.00167 -3.36e-15  -0.00475   -0.0095  -0.00121  -0.00744  -0.00101  -0.00126  -0.00708   -0.0149  -0.00213 -5.56e-06  -0.00598  -0.00273 -0.000601   -0.0448  -0.00206  0.000684  5.61e-05  -0.00098  -0.00184   -0.0017 -0.000163   0.00133  9.13e-05   -0.0365  -0.00393 -6.01e-07 -0.000496  -0.00057  -0.00489 -2.78e-05   -0.0015  -0.00764   -0.0198   0.00733    -0.111 -0.000365    0.0166    0.0073    0.0371    0.0134   0.00294   -0.0175    -0.015  -0.00241   0.00366   -0.0123  -0.00184  -0.00182   -0.0148   -0.0202    0.0308  -0.00848  -0.00572  -0.00555  -0.00141    -0.158         1    -0.031   0.00169 -0.000972 -6.62e-05 -2.73e-05 -2.64e-06 -1.91e-07   0.00367   -0.0108 -0.000283 -0.000423    -0.013  -0.00599   -0.0038   -0.0014   -0.0136  1.28e-05  -0.00325     0.178  -0.00451    0.0261   0.00559   -0.0235   -0.0393   -0.0126   -0.0532   -0.0197  0.000864    -0.121   -0.0157   -0.0338  -0.00509 -0.000684  -0.00922  -0.00179  1.43e-05   -0.0209   -0.0144   0.00161    -0.048
   0.0702   0.00156  -0.00489  -0.00421   -0.0125  -0.00401 -4.73e-16 -4.73e-16  9.97e-05 -0.000266 -8.54e-16  -0.00164  -0.00539  -0.00062  -0.00276 -0.000402   -0.0005  -0.00366  -0.00771 -0.000564  0.000211  0.000206  0.000958 -6.48e-05   -0.0201   -0.0011 -0.000397  0.000567  0.000632  -0.00236  0.000292 -0.000192  0.000452  0.000179   -0.0183 -0.000498  7.18e-07  1.47e-05 -0.000186   -0.0055  1.24e-05  0.000419  -0.00419   -0.0122   0.00271   -0.0755  4.65e-05   0.00849  -0.00724  -0.00461  -0.00117  -0.00282   -0.0154   -0.0147 -0.000569   0.00261  -0.00865   -0.0015  -0.00258  -0.00558   -0.0151   0.00871  -0.00165  -0.00215 -0.000486 -9.48e-05    -0.121    -0.031         1  -0.00115 -0.000609 -4.93e-06 -4.44e-06  2.64e-07   6.4e-09   0.00881  0.000484  -1.1e-05  7.28e-05   0.00978  0.000666   0.00049  0.000106 -0.000274    0.0019    0.0035    0.0533   0.00027    0.0167    0.0164   -0.0148  -0.00194   0.00852    -0.045  0.000297     4e-05    0.0277    0.0107    0.0233   0.00159 -3.26e-05   0.00563  0.000844  5.05e-05   0.00434   0.00721   0.00171   -0.0214
   0.0125 -0.000335   0.00115 -7.77e-05 -3.67e-05  0.000257  7.03e-16  7.03e-16 -4.91e-05 -8.32e-05   6.4e-16 -1.67e-05 -0.000917 -4.36e-05 -4.67e-05 -2.68e-06 -9.18e-06 -0.000255 -0.000545  0.000292 -1.83e-05  0.000353  0.000982  0.000442   0.00527 -0.000303 -0.000246  0.000115  0.000183 -0.000312  0.000234 -0.000118  8.59e-05  7.77e-05  -0.00146  1.35e-05  7.97e-07 -0.000161 -3.31e-05 -0.000858 -6.12e-06  0.000125  5.14e-05   0.00211  9.31e-05   0.00277  3.63e-05 -0.000208  -0.00136  -0.00411  -0.00175  -0.00377  -0.00166  -0.00182 -8.43e-05  -0.00121  -0.00071  0.000294  -0.00104   0.00083  -0.00195  -0.00286 -0.000186 -0.000378  0.000456  3.66e-05    -0.013   0.00169  -0.00115         1  1.56e-05 -7.52e-06  1.51e-06  3.28e-07 -6.55e-10 -0.000379 -4.08e-05 -0.000102  1.13e-05  -0.00046  0.000224  0.000241  5.62e-05  0.000439 -0.000456 -0.000194   -0.0101  -0.00272  -0.00215  -0.00962   -0.0122  -0.00297   0.00216   -0.0109  -0.00863  -0.00165   0.00296 -0.000599  0.000473  -0.00013  1.34e-05 -0.000252    -8e-05  6.59e-06 -0.000852 -0.000291  -0.00041 -0.000973
  -0.0035  2.86e-05 -0.000319 -0.000147 -0.000314 -9.77e-05 -1.59e-17 -1.59e-17 -2.45e-06 -2.08e-05  -6.8e-17 -5.82e-05 -0.000115  -1.4e-05  -9.5e-05 -1.05e-05 -1.24e-05  -8.1e-05 -0.000168  1.36e-06  3.42e-06  -0.00024 -5.98e-05 -1.97e-05   -0.0004 -9.64e-05 -6.03e-05 -1.27e-05 -2.29e-05 -5.61e-05 -3.16e-05 -2.57e-05 -8.81e-06 -9.39e-06 -0.000119  -1.9e-05 -4.32e-08  2.35e-05  1.68e-06 -6.06e-05  1.45e-06 -2.82e-05 -2.11e-05  3.55e-05 -1.37e-06  -0.00122 -2.11e-06 -0.000113 -0.000826 -0.000844 -0.000505 -0.000271 -0.000621 -0.000683 -0.000196 -7.23e-05 -0.000519 -0.000111 -5.75e-05 -0.000416 -0.000344  0.000322  1.46e-05 -3.24e-05 -1.74e-05 -2.28e-05  -0.00339 -0.000972 -0.000609  1.56e-05         1 -6.85e-07 -6.22e-07 -7.85e-08 -7.32e-09  0.000769 -2.94e-05  2.08e-06 -9.46e-06  0.000314 -0.000159 -0.000142 -4.76e-05 -0.000559  0.000193  7.86e-05   0.00235  0.000162  0.000287    0.0015  -0.00151  0.000783 -0.000499 -0.000981  0.000435  6.12e-05  -0.00118   0.00048  0.000455 -1.76e-05 -1.64e-05  0.000235  2.94e-05  3.08e-07  0.000527  0.000105  9.73e-05 -0.000478
 0.000411  4.87e-06  1.81e-05 -1.74e-05  -2.1e-05 -6.41e-06  7.17e-18  7.17e-18 -2.03e-06 -1.31e-05  1.66e-17 -6.74e-06 -3.87e-06 -7.96e-07 -1.12e-05 -1.05e-06 -1.47e-06 -4.18e-06 -9.34e-06 -5.63e-07  4.42e-07 -2.95e-05  7.93e-06  8.23e-06  -4.7e-05  6.83e-06  8.73e-06  2.79e-06 -9.39e-07  4.48e-06  4.51e-06  7.03e-06  5.75e-06  7.44e-07 -0.000111 -1.31e-05 -3.15e-08 -2.83e-06 -1.76e-06 -1.05e-05 -2.33e-07 -7.89e-06 -2.94e-05 -7.73e-05 -1.09e-05 -9.87e-05  1.77e-07  1.04e-05  4.71e-05  5.03e-05 -1.71e-05  5.11e-05   3.4e-05  6.98e-05 -9.28e-06 -2.34e-05  5.64e-05  -1.1e-05 -4.31e-06  2.66e-05  1.94e-06 -3.26e-05 -3.31e-05 -2.18e-05 -2.16e-05 -8.73e-06  0.000112 -6.62e-05 -4.93e-06 -7.52e-06 -6.85e-07         1 -1.55e-07  -2.1e-08 -1.55e-09 -0.000108 -2.58e-05 -1.79e-05  -1.9e-06 -0.000164 -3.43e-05 -3.16e-05  -1.2e-05 -0.000156 -1.94e-05 -1.66e-05  5.87e-05 -6.21e-05 -8.23e-05 -1.34e-05 -0.000219 -1.86e-05  6.63e-05 -6.06e-05 -0.000242  -6.8e-06 -0.000384 -0.000149 -0.000243 -5.96e-05 -5.73e-06 -8.59e-05 -1.78e-05 -3.53e-07 -0.000132 -9.18e-05 -7.51e-06 -4.81e-05
-1.12e-05  1.13e-06 -4.09e-06  -4.6e-06  -6.6e-06 -2.01e-06 -1.75e-18 -1.75e-18 -3.13e-07 -2.34e-06 -1.15e-18 -1.62e-06 -1.41e-06 -2.25e-07 -2.82e-06 -2.23e-07  -2.7e-07 -1.26e-06 -2.59e-06 -3.78e-07  3.83e-08 -1.05e-05 -3.51e-06  3.84e-07 -9.98e-06  -9.6e-07  6.51e-07 -3.48e-07  -1.2e-06  7.53e-07 -1.04e-06  2.19e-07  3.26e-07 -3.02e-07 -6.34e-06  -2.4e-06 -4.76e-09   2.5e-07 -2.25e-07  1.48e-06  6.78e-09 -2.12e-06  -7.7e-07  8.51e-07 -3.99e-07  7.72e-07 -1.82e-07  2.41e-06  5.93e-06  2.33e-05  1.97e-06  4.59e-06   2.4e-07   4.7e-06 -1.58e-06 -1.45e-06  1.51e-06  5.35e-07  2.13e-06 -5.71e-06 -4.26e-07  9.74e-06 -3.01e-06 -2.37e-06 -3.16e-06 -1.66e-06 -1.46e-05 -2.73e-05 -4.44e-06  1.51e-06 -6.22e-07 -1.55e-07         1 -5.53e-09 -3.97e-10  8.35e-06 -6.34e-06 -1.29e-06 -5.82e-07 -1.73e-05 -9.27e-06 -7.75e-06 -2.75e-06 -3.23e-05  1.61e-06 -1.88e-06 -1.43e-06  -2.7e-06  5.63e-07  1.71e-05 -5.75e-05 -2.59e-06 -1.91e-05 -7.94e-06 -4.68e-06  1.97e-06 -0.000112 -1.25e-05 -3.35e-05 -8.37e-06 -1.18e-06 -8.47e-06 -2.02e-06  -4.8e-08 -5.91e-06  -1.4e-05  8.23e-07 -1.07e-05
 8.29e-06  1.16e-07 -6.18e-07 -4.74e-07 -4.51e-07 -1.23e-07 -2.65e-19 -2.65e-19  -6.1e-08 -3.03e-07 -2.14e-19 -1.34e-07 -3.79e-09 -6.03e-09 -2.78e-07 -7.26e-09 -7.02e-09 -2.63e-08 -4.54e-08 -1.39e-07 -2.86e-08  -1.9e-06 -9.44e-07  -7.3e-09 -1.77e-06 -1.02e-07  2.78e-09 -1.41e-07 -2.57e-07  1.04e-07 -2.07e-07 -1.46e-08 -1.92e-08  -1.2e-07 -1.94e-07 -6.08e-07 -8.31e-10   3.8e-08 -3.06e-08  3.65e-07  8.43e-10  -3.5e-07 -2.28e-08  4.59e-07  -5.2e-07   1.5e-06 -3.48e-08 -1.39e-07  1.33e-06  4.13e-06  5.42e-07  9.47e-07  8.38e-07  1.46e-06 -1.08e-07 -1.82e-07  6.53e-07  1.98e-07  7.66e-07 -3.84e-07  4.98e-07  9.38e-07 -2.45e-07 -1.18e-07 -3.85e-07 -2.34e-07  1.18e-06 -2.64e-06  2.64e-07  3.28e-07 -7.85e-08  -2.1e-08 -5.53e-09         1 -6.64e-11     2e-06 -8.82e-07 -1.67e-07 -9.97e-08 -2.47e-06 -1.53e-06 -1.27e-06 -4.38e-07 -5.04e-06   3.6e-07 -3.51e-07 -1.17e-05  -1.4e-07 -4.87e-07   4.6e-06 -9.87e-06  2.12e-06 -3.22e-06  1.18e-06  1.74e-06  4.24e-07  -1.9e-05  -1.6e-06 -5.33e-06 -1.24e-06 -1.69e-07 -1.11e-06 -2.74e-07 -8.51e-09    -1e-07 -2.01e-06  9.13e-08 -5.46e-07
-5.16e-07  1.37e-09 -4.98e-08 -4.25e-08 -3.25e-08 -3.25e-09 -2.98e-22 -2.98e-22 -5.58e-09 -1.92e-08 -6.95e-21 -1.37e-08 -1.48e-08 -1.09e-09 -2.52e-08 -9.83e-10 -1.13e-09 -5.44e-09 -1.08e-08 -2.86e-09    -4e-09 -1.56e-07 -5.64e-08  3.55e-09 -6.69e-09 -2.19e-08 -1.45e-08 -1.31e-08 -2.22e-08   2.8e-09 -1.69e-08 -6.58e-09 -1.09e-09 -9.22e-09  1.03e-08 -4.01e-08 -4.78e-11     1e-09  -1.7e-09  2.31e-08  -4.4e-11 -2.76e-08  1.41e-08  1.27e-07 -3.86e-08  2.37e-07 -2.65e-09 -7.52e-08 -4.86e-08  6.47e-08 -7.72e-08  -2.6e-08 -1.66e-08  5.86e-09 -5.01e-08 -6.28e-08 -3.01e-08 -5.93e-09  3.99e-08 -4.35e-08  1.41e-09  2.93e-08 -1.86e-08 -1.05e-08 -2.04e-08 -1.75e-08 -2.08e-07 -1.91e-07   6.4e-09 -6.55e-10 -7.32e-09 -1.55e-09 -3.97e-10 -6.64e-11         1  1.95e-07 -7.27e-08 -1.35e-08 -8.47e-09 -1.74e-07 -1.26e-07 -1.04e-07 -3.55e-08 -3.98e-07  3.67e-08 -4.09e-08 -4.77e-07 -3.99e-08  -1.1e-07  4.02e-07 -1.04e-06  3.16e-07 -2.42e-07 -6.95e-08   2.2e-08   4.7e-09 -1.65e-06 -1.06e-07 -4.29e-07 -9.41e-08 -1.25e-08 -6.97e-08 -1.86e-08 -5.99e-10  2.72e-08 -1.62e-07   5.7e-09 -5.36e-08
    0.119  -0.00119   0.00649 -0.000235  3.43e-05 -0.000578  1.01e-15  1.01e-15  4.37e-05 -0.000859  2.97e-15 -0.000536   0.00152  3.49e-06 -0.000278 -0.000205 -0.000294   0.00011    -4e-06  -0.00118  5.54e-06   0.00409   0.00188 -0.000376   -0.0282   0.00242   0.00134  0.000384  0.000284 -0.000463  0.000953    0.0011  8.13e-05  0.000309   -0.0299  -0.00518 -2.21e-06 -0.000813 -0.000102  -0.00502 -6.02e-05  4.48e-05   -0.0129   -0.0404  -0.00597   -0.0624  8.24e-05  -0.00555   0.00269   -0.0155  -0.00467    0.0062    0.0126    0.0106  -0.00202   -0.0042   0.00975   -0.0041  -0.00757   0.00447   0.00386    -0.015  -0.00577  -0.00323  -0.00442  -0.00033     0.081   0.00367   0.00881 -0.000379  0.000769 -0.000108  8.35e-06     2e-06  1.95e-07         1  -0.00299  -0.00214  0.000221   -0.0311    0.0031   0.00256  0.000777   0.00797   -0.0101  -0.00621     0.043  -0.00926    -0.023   -0.0755    0.0714   -0.0549   0.00928    0.0214   -0.0731  -0.00257   0.00283   -0.0387   -0.0491  -0.00541  7.05e-05   -0.0209  -0.00335 -8.85e-05    -0.045   -0.0182  -0.00381  -0.00515
   0.0151 -1.42e-05 -0.000125  -0.00189  -0.00258 -0.000649 -5.67e-16 -5.67e-16 -6.66e-05 -0.000524 -3.29e-16 -0.000751  -0.00111 -0.000125  -0.00112 -0.000135  -0.00017 -0.000711  -0.00151 -0.000301 -0.000118  -0.00221  -0.00104   5.9e-05  -0.00303 -0.000399  0.000142 -0.000223  -0.00053   0.00017 -0.000559 -8.89e-05  0.000181 -5.25e-05   -0.0046   -0.0014 -1.55e-07  -0.00024 -0.000115  0.000262 -1.66e-05 -0.000637 -0.000849 -0.000265   0.00052 -0.000708 -0.000115  0.000678   0.00424    0.0104   0.00317 -0.000486  0.000681  0.000881 -0.000646    -0.001  -0.00036  0.000314 -0.000141   -0.0018 -0.000697    0.0034  -0.00196  -0.00107  -0.00129 -0.000405  -0.00268   -0.0108  0.000484 -4.08e-05 -2.94e-05 -2.58e-05 -6.34e-06 -8.82e-07 -7.27e-08  -0.00299         1 -0.000168 -0.000172  -0.00922  -0.00224  -0.00143 -0.000507  -0.00454  -0.00114  -0.00278    0.0164  -0.00321  -0.00135    -0.013   -0.0101   -0.0142   -0.0079  -0.00279   -0.0121 -0.000753   -0.0505   -0.0105   -0.0216  -0.00256 -0.000217  -0.00585  -0.00105 -1.74e-05  -0.00915  -0.00836 -0.000569  -0.00591
  0.00901  5.03e-05  0.000196 -0.000151 -0.000183 -7.25e-05   2.3e-16   2.3e-16 -1.74e-05 -7.94e-05  3.19e-16 -6.83e-05  7.16e-07  -7.2e-06 -0.000106 -1.31e-05 -1.93e-05 -3.34e-05 -8.42e-05 -5.51e-05 -1.01e-05  -0.00028  0.000111  5.28e-05  -0.00166  0.000149  2.64e-05  2.02e-05 -5.33e-06 -4.78e-05  0.000101  8.88e-05  5.11e-05 -4.39e-06  -0.00201 -0.000279 -4.22e-07 -5.27e-05 -1.57e-05  -0.00034 -4.23e-06 -6.72e-05 -0.000734  -0.00216 -0.000501  -0.00442  5.92e-06 -0.000377 -0.000301  -0.00145  -0.00102   0.00083  0.000432   0.00072 -0.000412 -0.000525  0.000589 -0.000469 -0.000109  0.000595 -3.55e-05  -0.00117 -0.000458 -0.000275 -0.000299  -8.4e-05   0.00165 -0.000283  -1.1e-05 -0.000102  2.08e-06 -1.79e-05 -1.29e-06 -1.67e-07 -1.35e-08  -0.00214 -0.000168         1 -1.51e-05  -0.00205 -0.000289 -0.000298 -0.000112   -0.0015 -0.000313 -0.000229   0.00129  -0.00074  -0.00175  0.000996  -0.00198   0.00147   0.00205 -0.000265  -0.00351 -0.000104   -0.0025  -0.00194  -0.00307 -0.000664 -5.15e-05  -0.00103 -0.000198 -5.18e-06  -0.00182 -0.000994 -0.000133 -0.000516
 0.000582  -4.8e-06 -9.09e-05 -8.59e-05 -7.12e-05 -1.03e-05 -1.09e-17 -1.09e-17 -7.93e-06 -2.49e-05 -2.38e-17 -3.06e-05  -3.1e-05 -2.79e-06 -5.04e-05 -3.45e-06 -4.15e-06 -1.45e-05 -3.01e-05 -1.55e-05 -1.08e-05 -0.000263 -0.000121 -5.34e-06 -0.000125 -4.08e-05 -3.03e-05 -3.01e-05 -4.74e-05   1.6e-06 -4.11e-05 -1.69e-05 -4.45e-06 -1.75e-05 -3.16e-05 -9.52e-05 -5.84e-08 -3.09e-06 -3.13e-06   4.4e-05 -4.05e-07 -5.03e-05  -1.4e-06  0.000158 -7.11e-05  0.000268 -6.93e-06 -0.000161 -6.35e-05  0.000166 -8.42e-05 -6.09e-05 -4.06e-06  -8.2e-06 -0.000108 -0.000121 -9.22e-05 -1.87e-05  6.09e-05 -0.000107  9.87e-06   8.9e-05 -5.19e-05 -2.11e-05 -5.01e-05  -2.8e-05 -0.000199 -0.000423  7.28e-05  1.13e-05 -9.46e-06  -1.9e-06 -5.82e-07 -9.97e-08 -8.47e-09  0.000221 -0.000172 -1.51e-05         1 -0.000384 -0.000211 -0.000162 -5.44e-05 -0.000558   3.4e-05 -0.000126 -0.000334 -8.03e-05 -0.000217  0.000379  -0.00151  0.000277 -0.000545  2.76e-05 -0.000102 -2.33e-06  -0.00334 -0.000332  -0.00105 -0.000157 -1.82e-05 -0.000192 -4.01e-05 -1.25e-06  -0.00011 -0.000384 -4.43e-06 -0.000148
   0.0604 -0.000809   0.00413   -0.0033  -0.00251 -0.000635 -2.04e-16 -2.04e-16  -0.00033  -0.00212  1.42e-15   -0.0014 -0.000346 -0.000103  -0.00198 -0.000246 -0.000332 -0.000498  -0.00119  -0.00118 -0.000286  -0.00553  -0.00219  0.000262   -0.0169  0.000673  0.000984 -0.000459  -0.00125  0.000618 -0.000637  0.000492  0.000341 -0.000223   -0.0218  -0.00641 -3.63e-06 -0.000868 -0.000314  -0.00121 -6.56e-05  -0.00179  -0.00749   -0.0177  -0.00401   -0.0157 -0.000178  -0.00367    0.0128    0.0166   0.00304    0.0039    0.0122    0.0133  -0.00166  -0.00502   0.00885 -0.000813  -0.00246   0.00169   0.00394  -0.00482  -0.00659  -0.00334  -0.00487  -0.00136    0.0588    -0.013   0.00978  -0.00046  0.000314 -0.000164 -1.73e-05 -2.47e-06 -1.74e-07   -0.0311  -0.00922  -0.00205 -0.000384         1  -0.00546  -0.00397  -0.00145   -0.0157  -0.00702   -0.0091 -0.000781   -0.0124   -0.0208   -0.0542  -0.00435   -0.0433   -0.0121    0.0123   -0.0587  -0.00252    -0.125   -0.0432   -0.0755   -0.0107 -0.000687   -0.0242  -0.00435   -0.0001   -0.0398   -0.0284  -0.00329  -0.00929
 0.000197 -2.35e-05   -0.0013  -0.00122  -0.00102 -0.000185 -1.41e-16 -1.41e-16 -0.000125 -0.000475 -2.94e-16 -0.000443 -0.000317 -3.42e-05 -0.000728 -4.87e-05 -5.83e-05 -0.000174 -0.000356 -0.000137 -0.000109  -0.00377  -0.00149 -2.87e-05  -0.00139 -0.000568 -0.000331 -0.000368 -0.000633  0.000119 -0.000533 -0.000167  -3.8e-05 -0.000223 -0.000299  -0.00117 -1.14e-06  8.33e-06 -3.73e-05  0.000638 -3.11e-06  -0.00073  6.26e-05   0.00223 -0.000869    0.0046 -8.26e-05  -0.00226  -0.00143   0.00141  -0.00184 -0.000694 -0.000302 -0.000164   -0.0015  -0.00165  -0.00112 -0.000359  0.000657   -0.0017  0.000264   0.00135 -0.000692 -0.000325 -0.000749 -0.000448  -0.00186  -0.00599  0.000666  0.000224 -0.000159 -3.43e-05 -9.27e-06 -1.53e-06 -1.26e-07    0.0031  -0.00224 -0.000289 -0.000211  -0.00546         1  -0.00248 -0.000838  -0.00907  0.000594  -0.00153 -0.000475 -0.000966  -0.00306   0.00675   -0.0203   0.00445  -0.00765  0.000393  -0.00166  0.000135   -0.0457  -0.00435   -0.0137  -0.00243 -0.000291  -0.00264  -0.00059 -1.92e-05  -0.00124  -0.00517   5.5e-05  -0.00193
 -0.00189 -1.88e-05  -0.00109 -0.000844  -0.00055 -9.56e-05 -2.28e-18 -2.28e-18 -0.000111 -0.000411 -1.57e-16 -0.000307 -4.54e-05  -9.9e-06 -0.000508 -2.77e-05 -3.23e-05 -3.55e-05 -6.57e-05 -6.17e-05 -6.53e-05  -0.00307  -0.00108  -2.9e-05  -0.00101 -0.000431 -0.000279 -0.000278 -0.000487  0.000122 -0.000377 -9.65e-05  -4.8e-05 -0.000185  0.000122 -0.000844 -1.19e-06  5.34e-05 -1.37e-05  0.000475 -2.57e-07 -0.000577  6.72e-05   0.00159  -0.00087   0.00378 -5.02e-05  -0.00233  -0.00234  -0.00124  -0.00263 -0.000453 -0.000411 -0.000303  -0.00132  -0.00138 -0.000845 -0.000527  0.000414   -0.0013  0.000437  0.000564  -0.00039 -0.000164  -0.00056 -0.000373  9.88e-05   -0.0038   0.00049  0.000241 -0.000142 -3.16e-05 -7.75e-06 -1.27e-06 -1.04e-07   0.00256  -0.00143 -0.000298 -0.000162  -0.00397  -0.00248         1 -0.000706  -0.00797  0.000648 -0.000977  0.000871 -0.000416  -0.00296   0.00826   -0.0153   0.00618  -0.00559   0.00122 -0.000673  0.000279   -0.0338  -0.00271  -0.00941  -0.00199 -0.000242  -0.00174 -0.000429 -1.67e-05 -0.000163  -0.00355  0.000146 -0.000871
 -0.00142  1.13e-05  -0.00031 -0.000303 -0.000226 -4.28e-05 -8.27e-18 -8.27e-18 -3.62e-05 -0.000154 -3.45e-17  -0.00011 -3.69e-05 -5.52e-06 -0.000183 -1.06e-05 -1.27e-05 -2.51e-05 -4.94e-05 -1.99e-06  -1.6e-05 -0.000991 -0.000294  2.02e-05 -9.94e-05 -0.000132 -5.49e-05 -7.35e-05 -0.000146  6.39e-05  -0.00011 -1.63e-05  2.22e-06 -4.76e-05 -3.66e-06 -0.000224 -3.89e-07  1.51e-05  -7.7e-06  0.000178 -1.85e-07 -0.000193  5.39e-05  0.000619 -0.000201   0.00165 -1.59e-05 -0.000577 -0.000513  4.48e-05 -0.000713 -7.65e-05 -0.000109  2.69e-05 -0.000399 -0.000447 -0.000184 -0.000128  0.000139 -0.000413  0.000127   0.00027 -0.000173 -0.000102   -0.0002 -0.000132 -1.65e-05   -0.0014  0.000106  5.62e-05 -4.76e-05  -1.2e-05 -2.75e-06 -4.38e-07 -3.55e-08  0.000777 -0.000507 -0.000112 -5.44e-05  -0.00145 -0.000838 -0.000706         1  -0.00277  0.000187 -0.000309  0.000755 -0.000245  -0.00088   0.00234  -0.00545   0.00159  -0.00173  1.58e-05  -0.00055  6.96e-05   -0.0111  -0.00103  -0.00324 -0.000708 -8.84e-05 -0.000655 -0.000158 -5.32e-06 -0.000204  -0.00125  4.27e-05 -0.000379
  -0.0124  0.000258  -0.00267   -0.0031  -0.00235 -0.000509  6.07e-17  6.07e-17 -0.000463  -0.00211 -3.65e-17   -0.0011 -0.000149 -4.33e-05  -0.00189  -9.4e-05 -0.000112  -0.00018 -0.000339  0.000151 -3.63e-05   -0.0106  -0.00243  0.000472 -0.000161  -0.00122 -0.000221 -0.000554  -0.00135  0.000895   -0.0009  7.57e-05  0.000137 -0.000463 -0.000718  -0.00213 -5.26e-06  0.000256 -9.47e-05    0.0015  3.46e-06  -0.00204  0.000604   0.00603  -0.00188    0.0182 -0.000101  -0.00528  -0.00503 -0.000106  -0.00839 -2.93e-05  -0.00113   0.00138   -0.0033  -0.00407  2.72e-05  -0.00124     0.001  -0.00362   0.00148    0.0021  -0.00171   -0.0011  -0.00211  -0.00155   0.00131   -0.0136 -0.000274  0.000439 -0.000559 -0.000156 -3.23e-05 -5.04e-06 -3.98e-07   0.00797  -0.00454   -0.0015 -0.000558   -0.0157  -0.00907  -0.00797  -0.00277         1   0.00214   -0.0023   0.00325  -0.00274  -0.00943    0.0286   -0.0564    0.0191    -0.016  -0.00125   -0.0064   0.00106     -0.11  -0.00981   -0.0296  -0.00836  -0.00103  -0.00676  -0.00179 -5.84e-05  -0.00132   -0.0119  0.000686  -0.00339
   0.0215 -0.000229   0.00201 -0.000151 -0.000217 -7.76e-05 -2.01e-17 -2.01e-17 -5.68e-06 -0.000266  5.36e-16 -9.54e-05 -0.000115 -2.14e-05 -9.07e-05 -3.77e-05 -5.54e-05 -0.000116 -0.000288 -0.000264 -1.63e-05  0.000976  0.000281  0.000115  -0.00379   0.00051  0.000455  0.000115  9.49e-05 -1.46e-05  0.000173  0.000194  0.000108  8.21e-05  -0.00615  -0.00111  -2.1e-08 -0.000266  -7.5e-05 -0.000883 -1.62e-05  1.37e-05  -0.00215  -0.00621 -0.000534  -0.00813  2.11e-06  0.000913   0.00516   0.00496   0.00275   0.00111    0.0035   0.00371  0.000749 -0.000203   0.00313  0.000298  -0.00107    0.0016  0.000491  -0.00216  -0.00135 -0.000752  -0.00077  -5.7e-05    0.0138  1.28e-05    0.0019 -0.000456  0.000193 -1.94e-05  1.61e-06   3.6e-07  3.67e-08   -0.0101  -0.00114 -0.000313   3.4e-05  -0.00702  0.000594  0.000648  0.000187   0.00214         1  -0.00147  -0.00675  -0.00303  -0.00317   -0.0216   0.00997   -0.0166   0.00143   0.00132   -0.0151 -0.000953  -0.00381  -0.00887   -0.0114   -0.0012  1.02e-05  -0.00483 -0.000789 -1.24e-05   -0.0101  -0.00437 -0.000994  -0.00173
   0.0118 -0.000561  0.000501 -0.000916 -0.000336  3.98e-05  1.28e-16  1.28e-16 -0.000103 -0.000278  9.61e-17 -0.000415 -0.000232 -2.39e-05 -0.000528    -7e-05 -9.15e-05 -0.000109 -0.000267  -0.00038  -0.00019  -0.00195  -0.00116 -0.000204  -0.00365   -0.0003 -0.000354 -0.000416 -0.000634 -3.59e-05 -0.000521 -0.000193 -7.58e-05 -0.000201  -0.00393  -0.00212 -3.93e-07 -0.000262 -4.57e-05 -0.000196 -1.98e-05 -0.000527  -0.00154  -0.00231  -0.00136  -0.00194 -8.46e-05  -0.00375 -0.000671  -0.00146  -0.00135  -0.00187    0.0016  0.000215  -0.00142  -0.00209 -0.000464 -0.000719 -0.000837 -0.000534  0.000728  -0.00136  -0.00136 -0.000373    -0.001 -0.000264    0.0114  -0.00325    0.0035 -0.000194  7.86e-05 -1.66e-05 -1.88e-06 -3.51e-07 -4.09e-08  -0.00621  -0.00278 -0.000229 -0.000126   -0.0091  -0.00153 -0.000977 -0.000309   -0.0023  -0.00147         1   0.00759  -0.00274  -0.00696   -0.0122 -0.000929   -0.0073  -0.00684   0.00523   -0.0137 -0.000987   -0.0449   -0.0106   -0.0214  -0.00224 -7.04e-05  -0.00574 -0.000987 -2.74e-05  -0.00901  -0.00777 -0.000877  -0.00217
    0.468   -0.0125   0.00485    0.0261    0.0401    0.0147 -6.72e-15 -6.72e-15  -0.00195  -0.00208  -4.4e-15    0.0153    0.0056   0.00172    0.0169   0.00312   0.00391    0.0101    0.0211   -0.0194  -0.00335   -0.0433   -0.0686  -0.00787    -0.213   0.00659   -0.0138  -0.00877  -0.00278   -0.0242  -0.00014  -0.00859   -0.0141   -0.0105   -0.0666    -0.073 -1.17e-05  -0.00065  -0.00124    -0.032   8.3e-05  0.000211   -0.0544    -0.136    -0.108    -0.312  9.14e-05   -0.0313     0.106     0.118    0.0624   0.00111     0.126      0.12    0.0472    0.0131    0.0949    0.0403    0.0306      0.07    0.0215    -0.137    0.0253    0.0163    0.0104   0.00254     0.115     0.178    0.0533   -0.0101   0.00235  5.87e-05 -1.43e-06 -1.17e-05 -4.77e-07     0.043    0.0164   0.00129 -0.000334 -0.000781 -0.000475  0.000871  0.000755   0.00325  -0.00675   0.00759         1   0.00151   -0.0619    -0.173    -0.275   -0.0197   -0.0619     0.108      0.16   0.00201     0.131     0.015    0.0301   0.00146  0.000373  0.000805 -0.000319 -0.000122    0.0388    0.0142   -0.0146    0.0774
 -0.00366 -8.51e-05   0.00417  -0.00139  -0.00169 -5.35e-05  7.95e-16  7.95e-16 -0.000128 -0.000652  1.55e-15  -0.00052  -0.00196 -0.000142  -0.00081  -9.9e-05 -0.000142 -0.000822  -0.00179   0.00023 -8.33e-05  0.000475   0.00191   0.00119   0.00761  0.000226  0.000697  0.000343  0.000158  0.000332  0.000363  0.000258  0.000738  0.000265  -0.00805 -0.000387  6.68e-07 -0.000687 -0.000228 -0.000867 -3.91e-05 -0.000211 -0.000567   0.00173   0.00196   0.00732  -1.3e-05   0.00419    0.0104     0.014    0.0052  -0.00109   0.00195   0.00426   0.00104  -0.00151   0.00367   0.00125 -0.000809   0.00364   -0.0022  -0.00197  -0.00305  -0.00188 -0.000736 -0.000309   -0.0056  -0.00451   0.00027  -0.00272  0.000162 -6.21e-05  -2.7e-06  -1.4e-07 -3.99e-08  -0.00926  -0.00321  -0.00074 -8.03e-05   -0.0124 -0.000966 -0.000416 -0.000245  -0.00274  -0.00303  -0.00274   0.00151         1  -0.00442   -0.0275   -0.0207   -0.0183   0.00648   -0.0173   -0.0277  -0.00336   -0.0313   -0.0141   -0.0213  -0.00324 -0.000171  -0.00756  -0.00139 -2.58e-06   -0.0141  -0.00827  -0.00157   -0.0059
   0.0428  -0.00363    0.0011   0.00177    0.0085   0.00297   3.7e-15   3.7e-15 -0.000403 -0.000355   2.6e-15  0.000446   0.00312  0.000371   0.00105  0.000149  0.000167   0.00233   0.00477 -0.000515 -0.000535  -0.00716  -0.00302  -0.00108   -0.0112 -0.000869  -0.00332  -0.00154  -0.00156  -0.00173 -0.000443 -0.000827  -0.00163 -0.000975   -0.0075  -0.00774  -3.3e-06 -0.000161  0.000262  -0.00309 -2.45e-05  -0.00109  -0.00809   -0.0173   -0.0151   -0.0142  2.86e-05   -0.0303   -0.0333   -0.0708   -0.0338   -0.0122   0.00499   -0.0038  -0.00975   -0.0136  -0.00296  -0.00676  -0.00605   0.00102   0.00658   -0.0289  4.56e-05  0.000517  -0.00131 -0.000477    0.0718    0.0261    0.0167  -0.00215  0.000287 -8.23e-05  5.63e-07 -4.87e-07  -1.1e-07    -0.023  -0.00135  -0.00175 -0.000217   -0.0208  -0.00306  -0.00296  -0.00088  -0.00943  -0.00317  -0.00696   -0.0619  -0.00442         1   -0.0236  -0.00859    0.0148   -0.0146    0.0305   -0.0455  -0.00307   -0.0599   -0.0212    -0.043   -0.0055 -0.000133   -0.0114  -0.00202 -0.000119   -0.0147   -0.0154  -0.00276    0.0115
   0.0688  -0.00744    0.0141    -0.001 -2.31e-06   0.00104 -4.51e-15 -4.51e-15  0.000139  -0.00492  4.47e-17 -0.000809  -0.00361 -0.000244 -0.000572  -0.00029 -0.000398  -0.00135  -0.00293  0.000721  0.000592    0.0068   0.00178    0.0015   0.00116  -0.00206   0.00264   0.00111   0.00145  -0.00185  9.27e-05 -0.000599  -0.00162    0.0016    -0.037     -0.01  8.87e-06 -0.000678 -0.000264  -0.00627 -8.05e-06  0.000205    -0.016   -0.0324  -0.00688    0.0102   8.8e-05 -0.000159     0.023    0.0188    0.0136    -0.036    0.0194   0.00945   0.00627  -0.00892    0.0103    0.0129   -0.0248   -0.0147    0.0015   -0.0176  -0.00502   -0.0087  -0.00392 -0.000331    0.0941   0.00559    0.0164  -0.00962    0.0015 -1.34e-05  1.71e-05   4.6e-06  4.02e-07   -0.0755    -0.013  0.000996  0.000379   -0.0542   0.00675   0.00826   0.00234    0.0286   -0.0216   -0.0122    -0.173   -0.0275   -0.0236         1    0.0592    -0.304   -0.0809   -0.0304    -0.184   -0.0143   0.00172   -0.0739    -0.087  -0.00638 -0.000286   -0.0437  -0.00714 -0.000124   -0.0883   -0.0481  -0.00977    -0.014
   -0.088  0.000692  -0.00851  -0.00689  -0.00718   0.00128  4.22e-15  4.22e-15 -0.000524 -0.000139  2.21e-15  -0.00157   -0.0118 -0.000625  -0.00404  4.15e-06 -1.07e-05  -0.00355  -0.00727   0.00178  -0.00123   -0.0245  -0.00512   0.00425    0.0439  -0.00553  -0.00548  -0.00138  -0.00153  -0.00362 -0.000398  -0.00273  0.000404 -0.000757    0.0063 -0.000905  4.42e-06 -0.000817 -0.000542    0.0018 -2.07e-05  -0.00297   0.00816    0.0522  -0.00614    0.0615 -0.000415 -0.000122  -0.00745    0.0148   -0.0124   -0.0205   -0.0171   -0.0084   -0.0118   -0.0196   -0.0163   0.00427    0.0131  0.000817   -0.0196  -0.00844  -0.00234  -0.00547   0.00267  -0.00158    -0.217   -0.0235   -0.0148   -0.0122  -0.00151 -0.000219 -5.75e-05 -9.87e-06 -1.04e-06    0.0714   -0.0101  -0.00198  -0.00151  -0.00435   -0.0203   -0.0153  -0.00545   -0.0564   0.00997 -0.000929    -0.275   -0.0207  -0.00859    0.0592         1    0.0793  -0.00171    -0.128   0.00637   -0.0096    -0.179   0.00898   -0.0353  -0.00784  -0.00216   0.00596  0.000275  6.73e-05    0.0333   -0.0138 -9.95e-05   -0.0154
   0.0834  -0.00265   0.00756  -0.00562   -0.0127  -0.00396  -8.6e-15  -8.6e-15  0.000383  -0.00519 -3.35e-15  -0.00252  -0.00536 -0.000677  -0.00345 -0.000656 -0.000827  -0.00397  -0.00834  9.87e-06   0.00102   0.00711   0.00149    0.0012   -0.0145  -0.00109   0.00565   0.00189   0.00156  0.000206 -0.000492  0.000572 -9.79e-06   0.00196   -0.0368  -0.00504  6.26e-06 -0.000236 -0.000499  -0.00309  1.25e-05 -0.000158   -0.0116   -0.0288    0.0055    -0.014 -7.88e-05    0.0232    0.0453    0.0776    0.0379   -0.0143    0.0131    0.0119    0.0108   0.00357    0.0109    0.0138   -0.0175   -0.0197  -0.00311    0.0166  -0.00723  -0.00933  -0.00594 -0.000874    0.0346   -0.0393  -0.00194  -0.00297  0.000783 -1.86e-05 -2.59e-06  2.12e-06  3.16e-07   -0.0549   -0.0142   0.00147  0.000277   -0.0433   0.00445   0.00618   0.00159    0.0191   -0.0166   -0.0073   -0.0197   -0.0183    0.0148    -0.304    0.0793         1    -0.071   -0.0361    -0.131  -0.00678   -0.0149     -0.06    -0.067  -0.00585 -0.000621   -0.0366  -0.00608 -6.51e-05    -0.077   -0.0392  -0.00557   -0.0312
  -0.0264  -0.00443  -0.00998  -0.00265 -0.000213  0.000183 -4.21e-15 -4.21e-15 -0.000338  -0.00269 -5.94e-15  -0.00118  0.000828  5.31e-05  -0.00155 -0.000125 -0.000107  0.000419   0.00104 -0.000648 -0.000103   -0.0151   -0.0107  -0.00276   -0.0169  -0.00572   -0.0033  -0.00244  -0.00303  -0.00151  -0.00404  -0.00247  -0.00305  -0.00119   0.00667  -0.00951 -1.33e-06   0.00144  0.000355   0.00153  8.22e-05  -0.00256  -0.00342  0.000597   -0.0106    0.0187 -0.000297   -0.0261   -0.0326   -0.0362   -0.0202   -0.0288  -0.00462   -0.0186  -0.00664  -0.00787   -0.0166   0.00101  -0.00904   -0.0266   0.00466   0.00361    0.0039  0.000887  -0.00186  -0.00116    0.0244   -0.0126   0.00852   0.00216 -0.000499  6.63e-05 -1.91e-05 -3.22e-06 -2.42e-07   0.00928   -0.0079   0.00205 -0.000545   -0.0121  -0.00765  -0.00559  -0.00173    -0.016   0.00143  -0.00684   -0.0619   0.00648   -0.0146   -0.0809  -0.00171    -0.071         1     0.028   -0.0204   0.00107    -0.145   -0.0124   -0.0403  -0.00415 -0.000658     -0.01  -0.00198 -0.000128  -0.00513   -0.0223 -4.24e-05 -0.000628
   0.0663   0.00243  -0.00108  -0.00867   -0.0222   -0.0054  1.64e-15  1.64e-15  0.000167 -0.000741  1.73e-15  -0.00326   -0.0148  -0.00133  -0.00552 -0.000727 -0.000935  -0.00787   -0.0165   0.00223  0.000412   0.00415   0.00998   0.00396    0.0234  -0.00324  0.000234   0.00238   0.00255  -0.00303    0.0019 -0.000296   0.00246   0.00167   -0.0254   0.00604   8.4e-06 -0.000912 -0.000594  -0.00759 -1.52e-05   0.00114   0.00126    0.0144    0.0141   -0.0459  0.000136    0.0272  0.000477    0.0134   0.00477   -0.0186   -0.0337   -0.0271 -0.000197  -0.00109   -0.0167   0.00293  -0.00538  -0.00623   -0.0341    0.0137  -0.00556  -0.00768   0.00151 -0.000133     -0.27   -0.0532    -0.045   -0.0109 -0.000981 -6.06e-05 -7.94e-06  1.18e-06 -6.95e-08    0.0214  -0.00279 -0.000265  2.76e-05    0.0123  0.000393   0.00122  1.58e-05  -0.00125   0.00132   0.00523     0.108   -0.0173    0.0305   -0.0304    -0.128   -0.0361     0.028         1   -0.0426  -0.00928    0.0459    0.0126    0.0325   0.00173 -0.000407   0.00737  0.000955  0.000157   0.00248   0.00662   0.00103   -0.0433
 -0.00801  -0.00401   0.00749  -0.00647  -0.00809  -0.00181   3.3e-15   3.3e-15 -0.000234  -0.00347  5.08e-15  -0.00342  -0.00492 -0.000563  -0.00423 -0.000746 -0.000997  -0.00308  -0.00676  0.000761  7.47e-05 -0.000767   0.00652   0.00146    -0.013  -0.00189 -0.000129  0.000641 -1.36e-05  -0.00212  0.000686  0.000334  0.000259   0.00105    -0.051   -0.0078  5.97e-07  -0.00129 -0.000206  -0.00966  -8.3e-05  -0.00119   -0.0182   -0.0409  -0.00686   -0.0633  9.06e-05   -0.0167   -0.0263   -0.0635   -0.0311    -0.024  -0.00437   -0.0121   -0.0121   -0.0195  -0.00604  -0.00679   -0.0221  -0.00951   -0.0084   -0.0232   -0.0111  -0.00971  -0.00688  -0.00161    0.0129   -0.0197  0.000297  -0.00863  0.000435 -0.000242 -4.68e-06  1.74e-06   2.2e-08   -0.0731   -0.0121  -0.00351 -0.000102   -0.0587  -0.00166 -0.000673  -0.00055   -0.0064   -0.0151   -0.0137      0.16   -0.0277   -0.0455    -0.184   0.00637    -0.131   -0.0204   -0.0426         1   -0.0124   -0.0871   -0.0698    -0.101   -0.0133 -0.000737   -0.0387  -0.00674 -0.000149   -0.0767   -0.0447  -0.00644   -0.0274
 -0.00929 -0.000406   0.00145 -0.000245 -2.66e-05  0.000274  6.66e-16  6.66e-16 -3.84e-05 -6.71e-05  6.64e-16 -0.000117 -0.000889 -4.49e-05  -0.00014 -2.29e-05 -3.56e-05 -0.000257 -0.000559  0.000296  -4.7e-05  0.000487   0.00106  0.000438   0.00581 -0.000295 -0.000168  8.38e-05  9.75e-05 -0.000151  0.000143 -0.000102  0.000134  0.000112  -0.00168 -2.63e-06  9.87e-07  -0.00023 -3.76e-05 -0.000571 -1.15e-05  5.39e-05  3.04e-05   0.00224   0.00037   0.00526  1.29e-05 -0.000434 -0.000692  -0.00302  -0.00126  -0.00375  -0.00114   -0.0015 -0.000393  -0.00158 -0.000798  0.000192  -0.00121  0.000609  -0.00151  -0.00244 -0.000603 -0.000546  0.000201  1.31e-05  -0.00751  0.000864     4e-05  -0.00165  6.12e-05  -6.8e-06  1.97e-06  4.24e-07   4.7e-09  -0.00257 -0.000753 -0.000104 -2.33e-06  -0.00252  0.000135  0.000279  6.96e-05   0.00106 -0.000953 -0.000987   0.00201  -0.00336  -0.00307   -0.0143   -0.0096  -0.00678   0.00107  -0.00928   -0.0124         1  -0.00497  -0.00339  -0.00477 -0.000429  1.62e-05  -0.00168 -0.000292  2.06e-06  -0.00355  -0.00218 -0.000633   -0.0014
   0.0038  -0.00313  -0.00779   -0.0239   -0.0215  -0.00391 -3.75e-15 -3.75e-15  -0.00248  -0.00799 -5.94e-15  -0.00919  -0.00866 -0.000908   -0.0139  -0.00132  -0.00163  -0.00492   -0.0105  -0.00554  -0.00277   -0.0542   -0.0267  -0.00203   -0.0369  -0.00914  -0.00464  -0.00746   -0.0128   0.00336   -0.0119  -0.00356  0.000416  -0.00432   -0.0288   -0.0288 -1.46e-05  -0.00263  -0.00117   0.00765 -0.000227   -0.0123  -0.00293     0.031  -0.00507    0.0619  -0.00179    -0.036    0.0121    0.0731   0.00403   -0.0209   0.00561   -0.0011   -0.0159   -0.0199    -0.014  -0.00354   0.00476   -0.0221   0.00413    0.0332   -0.0192  -0.00355   -0.0152  -0.00694    0.0218    -0.121    0.0277   0.00296  -0.00118 -0.000384 -0.000112  -1.9e-05 -1.65e-06   0.00283   -0.0505   -0.0025  -0.00334    -0.125   -0.0457   -0.0338   -0.0111     -0.11  -0.00381   -0.0449     0.131   -0.0313   -0.0599   0.00172    -0.179   -0.0149    -0.145    0.0459   -0.0871  -0.00497         1    -0.127    -0.314   -0.0434  -0.00316   -0.0725   -0.0142 -0.000362   -0.0822    -0.115  -0.00499   -0.0512
   0.0742 -0.000986   0.00506  -0.00368  -0.00343 -0.000935 -4.44e-16 -4.44e-16 -0.000251  -0.00197  1.45e-15  -0.00163 -0.000811 -0.000164  -0.00221  -0.00032 -0.000428 -0.000851  -0.00196  -0.00144  -0.00034  -0.00397    -0.002  0.000141   -0.0205  0.000868   0.00119 -0.000427  -0.00121  0.000465 -0.000681  0.000498  0.000407 -0.000111   -0.0263  -0.00702  -2.6e-06  -0.00111 -0.000355  -0.00177 -7.95e-05  -0.00166  -0.00906   -0.0223   -0.0037   -0.0249 -0.000213  -0.00274    0.0158    0.0201   0.00591   0.00383    0.0135    0.0138  -0.00161  -0.00509   0.00898 -0.000779  -0.00349   0.00157   0.00345  -0.00447   -0.0077  -0.00394  -0.00544  -0.00125    0.0627   -0.0157    0.0107 -0.000599   0.00048 -0.000149 -1.25e-05  -1.6e-06 -1.06e-07   -0.0387   -0.0105  -0.00194 -0.000332   -0.0432  -0.00435  -0.00271  -0.00103  -0.00981  -0.00887   -0.0106     0.015   -0.0141   -0.0212   -0.0739   0.00898     -0.06   -0.0124    0.0126   -0.0698  -0.00339    -0.127         1   -0.0843   -0.0105  -0.00056   -0.0274  -0.00475 -0.000104    -0.048   -0.0317  -0.00403   -0.0122
    0.107  -0.00201   0.00286  -0.00776  -0.00534  -0.00107 -7.11e-16 -7.11e-16  -0.00055  -0.00284  1.03e-15   -0.0033  -0.00124 -0.000233  -0.00458 -0.000553 -0.000725  -0.00112   -0.0026  -0.00281   -0.0011   -0.0155  -0.00832 -0.000648   -0.0352 -0.000339 -0.000208  -0.00221  -0.00393  0.000631  -0.00288 -0.000201  7.89e-05 -0.000959    -0.035   -0.0138 -5.08e-06  -0.00173 -0.000503  0.000144 -0.000135  -0.00428    -0.013   -0.0262  -0.00963   -0.0231 -0.000638   -0.0154     0.014    0.0242   0.00128   0.00288    0.0199    0.0176   -0.0091   -0.0139   0.00632  -0.00353  -0.00219   -0.0024   0.00765  -0.00487   -0.0126  -0.00576  -0.00966  -0.00258     0.101   -0.0338    0.0233  0.000473  0.000455 -0.000243 -3.35e-05 -5.33e-06 -4.29e-07   -0.0491   -0.0216  -0.00307  -0.00105   -0.0755   -0.0137  -0.00941  -0.00324   -0.0296   -0.0114   -0.0214    0.0301   -0.0213    -0.043    -0.087   -0.0353    -0.067   -0.0403    0.0325    -0.101  -0.00477    -0.314   -0.0843         1   -0.0196  -0.00129   -0.0462  -0.00803 -0.000206   -0.0725   -0.0609  -0.00616   -0.0195
   0.0103 -0.000103  0.000752  -0.00121  -0.00106 -0.000258  6.42e-18  6.42e-18 -0.000161 -0.000827  3.43e-16 -0.000475   -0.0002 -3.77e-05  -0.00073 -7.05e-05 -9.27e-05 -0.000191 -0.000429 -0.000234 -5.61e-05   -0.0026 -0.000674  0.000172  -0.00334 -1.97e-05  0.000234 -0.000148 -0.000446  0.000302 -0.000251   0.00014   0.00015 -0.000119  -0.00507  -0.00168 -1.65e-06 -0.000173 -9.46e-05 -0.000188 -1.49e-05 -0.000662   -0.0014   -0.0026 -0.000784 -0.000868 -4.45e-05  -0.00114   0.00257   0.00428 -0.000149  0.000773   0.00223   0.00298 -0.000467  -0.00131   0.00216 -0.000276 -0.000442  0.000152  0.000787 -0.000523   -0.0017 -0.000812   -0.0013 -0.000527    0.0109  -0.00509   0.00159  -0.00013 -1.76e-05 -5.96e-05 -8.37e-06 -1.24e-06 -9.41e-08  -0.00541  -0.00256 -0.000664 -0.000157   -0.0107  -0.00243  -0.00199 -0.000708  -0.00836   -0.0012  -0.00224   0.00146  -0.00324   -0.0055  -0.00638  -0.00784  -0.00585  -0.00415   0.00173   -0.0133 -0.000429   -0.0434   -0.0105   -0.0196         1 -0.000284   -0.0061  -0.00121 -2.84e-05  -0.00868  -0.00748 -0.000578  -0.00279
-0.000226  2.14e-05 -9.01e-05  -0.00013 -0.000146 -3.99e-05 -4.21e-17 -4.21e-17 -6.83e-06  -7.8e-05 -9.07e-18 -4.83e-05 -2.88e-05 -4.84e-06 -8.04e-05 -6.07e-06 -7.51e-06 -2.58e-05 -5.21e-05  1.69e-05  4.52e-06 -0.000303    -5e-05  3.26e-05  1.72e-05 -3.15e-05  3.22e-05 -3.99e-07 -2.61e-05  3.67e-05 -1.86e-05  1.37e-05  1.13e-05  4.12e-06 -0.000132 -2.48e-05 -1.17e-07  9.72e-06 -5.06e-06  8.05e-05  3.32e-07 -6.65e-05 -1.16e-05  9.44e-05 -2.01e-05  0.000671 -4.67e-06  4.31e-05  0.000123  0.000559 -5.25e-05  8.46e-05   4.5e-05  0.000192 -0.000107 -0.000152  5.13e-05  2.22e-05  1.71e-05 -0.000215   4.3e-05  0.000199 -0.000108 -0.000116 -0.000106 -5.42e-05  0.000161 -0.000684 -3.26e-05  1.34e-05 -1.64e-05 -5.73e-06 -1.18e-06 -1.69e-07 -1.25e-08  7.05e-05 -0.000217 -5.15e-05 -1.82e-05 -0.000687 -0.000291 -0.000242 -8.84e-05  -0.00103  1.02e-05 -7.04e-05  0.000373 -0.000171 -0.000133 -0.000286  -0.00216 -0.000621 -0.000658 -0.000407 -0.000737  1.62e-05  -0.00316  -0.00056  -0.00129 -0.000284         1 -0.000355 -7.68e-05 -1.85e-06 -0.000347 -0.000567  4.21e-06 -0.000262
   0.0445 -0.000633   0.00263  -0.00211  -0.00204 -0.000579 -4.93e-16 -4.93e-16 -0.000169  -0.00134  5.88e-16 -0.000913  -0.00041 -9.07e-05  -0.00126 -0.000176 -0.000234 -0.000472  -0.00108 -0.000815 -0.000147  -0.00267   -0.0014  4.44e-05   -0.0121   0.00035  0.000699 -0.000248 -0.000703  0.000257 -0.000455  0.000256  0.000148 -9.23e-05   -0.0146   -0.0042 -1.76e-06 -0.000533 -0.000197  -0.00105 -3.89e-05 -0.000993  -0.00512   -0.0125  -0.00224   -0.0134 -0.000111  -0.00161   0.00877    0.0117   0.00331    0.0015   0.00753   0.00759  -0.00051  -0.00254   0.00521  -9.8e-05  -0.00228  0.000146   0.00204  -0.00211  -0.00406  -0.00214  -0.00305 -0.000765    0.0352  -0.00922   0.00563 -0.000252  0.000235 -8.59e-05 -8.47e-06 -1.11e-06 -6.97e-08   -0.0209  -0.00585  -0.00103 -0.000192   -0.0242  -0.00264  -0.00174 -0.000655  -0.00676  -0.00483  -0.00574  0.000805  -0.00756   -0.0114   -0.0437   0.00596   -0.0366     -0.01   0.00737   -0.0387  -0.00168   -0.0725   -0.0274   -0.0462   -0.0061 -0.000355         1  -0.00272 -6.08e-05   -0.0265   -0.0178  -0.00215  -0.00683
  0.00716 -0.000108  0.000482 -0.000414 -0.000406 -0.000108 -8.04e-17 -8.04e-17 -4.37e-05 -0.000295  1.06e-16 -0.000172 -9.71e-05 -1.75e-05 -0.000248 -3.12e-05 -4.12e-05 -9.25e-05 -0.000208 -0.000127 -1.96e-05 -0.000609 -0.000237  3.49e-05  -0.00184  3.13e-05  0.000132 -4.05e-05 -0.000134  7.07e-05 -8.74e-05  4.86e-05  3.71e-05 -2.26e-05  -0.00252 -0.000749 -4.11e-07 -8.78e-05  -3.8e-05 -0.000187 -6.51e-06 -0.000199 -0.000814  -0.00186 -0.000329  -0.00166 -1.73e-05  -0.00026   0.00155   0.00218  0.000522  0.000142   0.00121    0.0013 -1.81e-05 -0.000414  0.000974  2.44e-05  -0.00042     1e-05  0.000315 -0.000298 -0.000706 -0.000367  -0.00053  -0.00016   0.00559  -0.00179  0.000844    -8e-05  2.94e-05 -1.78e-05 -2.02e-06 -2.74e-07 -1.86e-08  -0.00335  -0.00105 -0.000198 -4.01e-05  -0.00435  -0.00059 -0.000429 -0.000158  -0.00179 -0.000789 -0.000987 -0.000319  -0.00139  -0.00202  -0.00714  0.000275  -0.00608  -0.00198  0.000955  -0.00674 -0.000292   -0.0142  -0.00475  -0.00803  -0.00121 -7.68e-05  -0.00272         1  -1.1e-05  -0.00449  -0.00314 -0.000351  -0.00125
 0.000189 -9.91e-06 -8.67e-06 -2.73e-06  1.08e-05  2.28e-06  5.35e-19  5.35e-19 -1.26e-06  -5.9e-06 -4.23e-19 -2.02e-06  1.17e-05  7.92e-07 -1.86e-06  -2.1e-07 -2.66e-07   5.2e-06  1.06e-05 -5.35e-06 -1.12e-06 -3.57e-05 -2.25e-05  -7.1e-06 -0.000113 -3.25e-06  -6.9e-06  -5.9e-06 -7.63e-06 -3.94e-06 -5.35e-06 -1.92e-06 -6.15e-06  -3.7e-06 -4.68e-05 -3.42e-05 -2.01e-08   9.5e-07  6.35e-07 -7.21e-06 -1.39e-08 -6.93e-06 -3.69e-05 -9.57e-05 -4.98e-05 -0.000119 -4.08e-07 -8.92e-05 -8.33e-05 -0.000158 -8.38e-05 -1.99e-05  2.84e-05  7.36e-07 -2.83e-05 -3.41e-05 -3.47e-06 -1.93e-05 -2.15e-05 -2.28e-05  2.94e-05 -5.33e-05 -4.59e-06 -1.49e-06 -1.42e-05 -4.09e-06  0.000296  1.43e-05  5.05e-05  6.59e-06  3.08e-07 -3.53e-07  -4.8e-08 -8.51e-09 -5.99e-10 -8.85e-05 -1.74e-05 -5.18e-06 -1.25e-06   -0.0001 -1.92e-05 -1.67e-05 -5.32e-06 -5.84e-05 -1.24e-05 -2.74e-05 -0.000122 -2.58e-06 -0.000119 -0.000124  6.73e-05 -6.51e-05 -0.000128  0.000157 -0.000149  2.06e-06 -0.000362 -0.000104 -0.000206 -2.84e-05 -1.85e-06 -6.08e-05  -1.1e-05         1 -8.36e-05    -8e-05 -7.06e-06  1.17e-05
    0.093 -0.000593   0.00543  -0.00403  -0.00648  -0.00214 -7.92e-16 -7.92e-16 -9.37e-05  -0.00189   1.5e-15  -0.00184  -0.00189  -0.00032   -0.0025  -0.00043  -0.00057  -0.00179  -0.00397  -0.00161 -0.000142  -0.00016 -0.000334  0.000104   -0.0283    0.0013   0.00177  0.000139 -0.000452 -0.000174  -0.00012  0.000757  0.000599  0.000218   -0.0343  -0.00661 -1.64e-06  -0.00116 -0.000396  -0.00408 -7.72e-05 -0.000963   -0.0115   -0.0318  -0.00228   -0.0548 -0.000132   0.00217    0.0174    0.0204   0.00858   0.00472    0.0113    0.0116 -0.000222  -0.00285   0.00897 -0.000835  -0.00568   0.00109 -0.000298  -0.00299  -0.00831  -0.00477  -0.00561 -0.000976    0.0413   -0.0209   0.00434 -0.000852  0.000527 -0.000132 -5.91e-06    -1e-07  2.72e-08    -0.045  -0.00915  -0.00182  -0.00011   -0.0398  -0.00124 -0.000163 -0.000204  -0.00132   -0.0101  -0.00901    0.0388   -0.0141   -0.0147   -0.0883    0.0333    -0.077  -0.00513   0.00248   -0.0767  -0.00355   -0.0822    -0.048   -0.0725  -0.00868 -0.000347   -0.0265  -0.00449 -8.36e-05         1    -0.028  -0.00397   -0.0179
   0.0332  -0.00108  0.000724  -0.00323  -0.00265 -0.000561 -6.14e-16 -6.14e-16 -0.000209   -0.0015  7.93e-17  -0.00139 -0.000838 -0.000124  -0.00193 -0.000237 -0.000306 -0.000635  -0.00141 -0.000748 -0.000289  -0.00598  -0.00277  -0.00013   -0.0112 -0.000684 -2.95e-05  -0.00071  -0.00136  0.000139  -0.00113 -0.000155 -9.11e-05 -0.000236   -0.0132   -0.0051 -1.58e-06  -0.00048 -0.000166 -0.000149 -3.82e-05  -0.00163  -0.00496  -0.00915  -0.00341  -0.00535 -0.000215    -0.006    0.0027   0.00591  -0.00115  -0.00255   0.00563    0.0041  -0.00347  -0.00566  0.000926 -0.000755  -0.00266  -0.00374   0.00205  -0.00117  -0.00443  -0.00259  -0.00361  -0.00106     0.032   -0.0144   0.00721 -0.000291  0.000105 -9.18e-05  -1.4e-05 -2.01e-06 -1.62e-07   -0.0182  -0.00836 -0.000994 -0.000384   -0.0284  -0.00517  -0.00355  -0.00125   -0.0119  -0.00437  -0.00777    0.0142  -0.00827   -0.0154   -0.0481   -0.0138   -0.0392   -0.0223   0.00662   -0.0447  -0.00218    -0.115   -0.0317   -0.0609  -0.00748 -0.000567   -0.0178  -0.00314    -8e-05    -0.028         1  -0.00226  -0.00858
   0.0123 -0.000256  0.000937  8.99e-05  0.000443  0.000202  1.29e-16  1.29e-16 -2.15e-05 -7.03e-05  2.95e-16  3.83e-05  -1.2e-05  1.01e-05  6.71e-05  5.45e-06  2.82e-06  6.63e-05   0.00012 -0.000135 -5.42e-05  3.74e-06 -0.000178  4.42e-05  -0.00102  0.000151 -1.17e-06 -4.59e-05 -3.58e-05 -9.81e-05  3.46e-05 -9.73e-06 -3.07e-05 -2.79e-05  -0.00216 -0.000779  6.29e-08 -0.000139 -2.92e-05 -0.000358 -8.21e-06 -3.39e-05 -0.000902  -0.00203 -0.000833  -0.00156 -5.79e-06 -0.000559   0.00176   0.00106  0.000599 -0.000213    0.0019   0.00175  0.000143 -0.000571   0.00131  0.000188 -0.000291   0.00104  0.000445  -0.00209  -0.00044 -0.000208 -0.000209 -1.31e-05   0.00727   0.00161   0.00171  -0.00041  9.73e-05 -7.51e-06  8.23e-07  9.13e-08   5.7e-09  -0.00381 -0.000569 -0.000133 -4.43e-06  -0.00329   5.5e-05  0.000146  4.27e-05  0.000686 -0.000994 -0.000877   -0.0146  -0.00157  -0.00276  -0.00977 -9.95e-05  -0.00557 -4.24e-05   0.00103  -0.00644 -0.000633  -0.00499  -0.00403  -0.00616 -0.000578  4.21e-06  -0.00215 -0.000351 -7.06e-06  -0.00397  -0.00226         1  7.68e-05
    0.119   0.00143   -0.0042  -0.00717   -0.0168  -0.00524 -1.31e-15 -1.31e-15   3.4e-05 -0.000936 -1.03e-15  -0.00288  -0.00698 -0.000829  -0.00453 -0.000652 -0.000822  -0.00484   -0.0103   -0.0016 -5.92e-05  -0.00236  -0.00105 -0.000285   -0.0338  -0.00112  -9.8e-05  0.000153 -0.000232  -0.00243 -0.000506 -0.000234    0.0007  4.69e-05   -0.0319  -0.00417  3.41e-07 -0.000596 -0.000403  -0.00622 -2.93e-05 -0.000502  -0.00833   -0.0216   0.00208   -0.0955 -0.000149   0.00893   0.00148    0.0117   0.00489  -0.00132   -0.0114    -0.011  -0.00171  0.000894  -0.00741  -0.00176  -0.00335  -0.00685   -0.0157    0.0117   -0.0058  -0.00416  -0.00329 -0.000667    -0.114    -0.048   -0.0214 -0.000973 -0.000478 -4.81e-05 -1.07e-05 -5.46e-07 -5.36e-08  -0.00515  -0.00591 -0.000516 -0.000148  -0.00929  -0.00193 -0.000871 -0.000379  -0.00339  -0.00173  -0.00217    0.0774   -0.0059    0.0115    -0.014   -0.0154   -0.0312 -0.000628   -0.0433   -0.0274   -0.0014   -0.0512   -0.0122   -0.0195  -0.00279 -0.000262  -0.00683  -0.00125  1.17e-05   -0.0179  -0.00858  7.68e-05         1

  Chi^2                                0.447092  +/- 1.3373
  Chi^2/ndf                            0.0496769
  Chi^2 for each template              307.466 +/- 5.36455	143.435 +/- 3.40071	45.1804 +/- 2.95276	5.94529 +/- 1.21289	5.83058 +/- 0.692687	33.277 +/- 1.9328	85.1369 +/- 1.78229	141.683 +/- 4.27151	192.799 +/- 2.70587	
  Chi^2 for each template w.r.t. fit   307.142 +/- 5.36455	142.972 +/- 3.40071	44.4988 +/- 2.95276	5.40382 +/- 1.21289	5.3032 +/- 0.692687	32.9697 +/- 1.9328	84.8818 +/- 1.78229	141.318 +/- 4.27151	192.092 +/- 2.70587	  Partial chi^2                        0.00 (EG_RESOLUTION_ALL)    0.00 (EG_SCALE_ALL)    0.00 (EL_EFF_ID_TOTAL_1NPCOR_PLUS_UNCOR)    0.00 (EL_EFF_Iso_TOTAL_1NPCOR_PLUS_UNCOR)
  Partial chi^2                        0.00 (EL_EFF_Reco_TOTAL_1NPCOR_PLUS_UNCOR)    0.00 (EL_EFF_TriggerEff_TOTAL_1NPCOR_PLUS_UNCOR)    0.00 (EL_EFF_Trigger_TOTAL_1NPCOR_PLUS_UNCOR)    0.00 (FAKES_Electron)
  Partial chi^2                        0.00 (FAKES_Muon)    0.01 (FT_EFF_Eigen_B_0)    0.00 (FT_EFF_Eigen_B_1)    0.00 (FT_EFF_Eigen_B_2)
  Partial chi^2                        0.00 (FT_EFF_Eigen_B_3)    0.00 (FT_EFF_Eigen_B_4)    0.00 (FT_EFF_Eigen_B_5)    0.00 (FT_EFF_Eigen_B_6)
  Partial chi^2                        0.00 (FT_EFF_Eigen_B_7)    0.00 (FT_EFF_Eigen_B_8)    0.00 (FT_EFF_Eigen_C_0)    0.00 (FT_EFF_Eigen_C_1)
  Partial chi^2                        0.00 (FT_EFF_Eigen_C_2)    0.00 (FT_EFF_Eigen_C_3)    0.00 (FT_EFF_Eigen_Light_0)    0.00 (FT_EFF_Eigen_Light_1)
  Partial chi^2                        0.00 (FT_EFF_Eigen_Light_2)    0.00 (FT_EFF_Eigen_Light_3)    0.00 (FT_EFF_extrapolation)    0.00 (FT_EFF_extrapolation_from_charm)
  Partial chi^2                        0.04 (FULL_SYS_SUM)    0.00 (FULL_SYS_SUM_DETECTOR)    0.06 (FULL_SYS_SUM_THEORY)    0.04 (FULL_SYS_TOYS)
  Partial chi^2                        0.00 (JET_EffectiveNP_Detector1)    0.00 (JET_EffectiveNP_Detector2)    0.00 (JET_EffectiveNP_Mixed1)    0.00 (JET_EffectiveNP_Mixed2)
  Partial chi^2                        0.00 (JET_EffectiveNP_Mixed3)    0.01 (JET_EffectiveNP_Modelling1)    0.00 (JET_EffectiveNP_Modelling2)    0.00 (JET_EffectiveNP_Modelling3)
  Partial chi^2                        0.00 (JET_EffectiveNP_Modelling4)    0.00 (JET_EffectiveNP_Statistical1)    0.00 (JET_EffectiveNP_Statistical2)    0.00 (JET_EffectiveNP_Statistical3)
  Partial chi^2                        0.00 (JET_EffectiveNP_Statistical4)    0.00 (JET_EffectiveNP_Statistical5)    0.00 (JET_EffectiveNP_Statistical6)    0.00 (JET_EtaIntercalibration_Modelling)
  Partial chi^2                        0.00 (JET_EtaIntercalibration_NonClosure_2018data)    0.00 (JET_EtaIntercalibration_NonClosure_highE)    0.00 (JET_EtaIntercalibration_NonClosure_negEta)    0.00 (JET_EtaIntercalibration_NonClosure_posEta)
  Partial chi^2                        0.00 (JET_EtaIntercalibration_TotalStat)    0.00 (JET_Flavor_Composition_prop)    0.00 (JET_Flavor_Response_prop)    0.00 (JET_JER_DataVsMC_MC16_PseudoData)
  Partial chi^2                        0.00 (JET_JER_EffectiveNP_10_PseudoData)    0.00 (JET_JER_EffectiveNP_11_PseudoData)    0.00 (JET_JER_EffectiveNP_12restTerm_PseudoData)    0.00 (JET_JER_EffectiveNP_1_PseudoData)
  Partial chi^2                        0.00 (JET_JER_EffectiveNP_2_PseudoData)    0.00 (JET_JER_EffectiveNP_3_PseudoData)    0.00 (JET_JER_EffectiveNP_4_PseudoData)    0.00 (JET_JER_EffectiveNP_5_PseudoData)
  Partial chi^2                        0.00 (JET_JER_EffectiveNP_6_PseudoData)    0.00 (JET_JER_EffectiveNP_7_PseudoData)    0.00 (JET_JER_EffectiveNP_8_PseudoData)    0.00 (JET_JER_EffectiveNP_9_PseudoData)
  Partial chi^2                        0.00 (JET_JvtEfficiency)    0.00 (JET_Pileup_OffsetMu)    0.01 (JET_Pileup_OffsetNPV)    0.00 (JET_Pileup_PtTerm)
  Partial chi^2                        0.01 (JET_Pileup_RhoTopology)    0.00 (JET_PunchThrough_MC16)    0.00 (LUMINOSITY)    0.00 (MET_SoftTrk_ResoPara)
  Partial chi^2                        0.00 (MET_SoftTrk_ResoPerp)    0.00 (MET_SoftTrk_Scale)    0.00 (MUON_EFF_BADMUON_SYS)    0.00 (MUON_EFF_ISO_STAT)
  Partial chi^2                        0.00 (MUON_EFF_ISO_SYS)    0.00 (MUON_EFF_RECO_STAT)    0.00 (MUON_EFF_RECO_SYS)    0.00 (MUON_EFF_TTVA_STAT)
  Partial chi^2                        0.00 (MUON_EFF_TTVA_SYS)    0.00 (MUON_EFF_TrigStatUncertainty)    0.00 (MUON_EFF_TrigSystUncertainty)    0.00 (MUON_SAGITTA_DATASTAT)
  Partial chi^2                        0.00 (MUON_SAGITTA_RESBIAS)    0.00 (PRW_DATASF)    0.16 (STAT_DATA)    0.00 (STAT_MC)  
  Partial chi^2                        0.00 (THEORY_CROSS_SECTION_Wjets)    0.00 (THEORY_CROSS_SECTION_other_top_noWt)    0.00 (THEORY_CROSS_SECTION_signal)    0.06 (THEORY_DR_DS_signal)
  Partial chi^2                        0.00 (THEORY_EWK_Wjets)    0.00 (THEORY_EWK_multiboson_noW)    0.07 (THEORY_FSR_signal)    0.04 (THEORY_HDAMP_signal)
  Partial chi^2                        0.03 (THEORY_ISR_signal)    0.00 (THEORY_PDF4LHC_VARIATION_Wjets)    0.00 (THEORY_PDF4LHC_VARIATION_multiboson_noW)    0.00 (THEORY_PDF4LHC_VARIATION_signal)
  Partial chi^2                        0.00 (THEORY_PTHARD_signal)    0.00 (THEORY_SCALE_COMBINED_Wjets)    0.00 (THEORY_SCALE_COMBINED_multiboson_noW)    0.00 (THEORY_SCALE_FACTORISATION_signal)
  Partial chi^2                        0.00 (THEORY_SCALE_RENORMALISATION_signal)    0.00 (THEORY_SHOWERING_HERWIG7_signal)    0.00 (THEORY_TOPRECOIL_signal)    0.00 (THEORY_TOP_MASS_signal)
  Partial chi^2                        0.05 (TOTAL)        0.01 (TOTAL_NO_DR_DS)    0.04 (TOTAL_SYSONLY)    0.00 (WMASS_VAR_signal)
  Partial chi^2                        0.03 (pseudoDataStat)

  Uncertainties from HESSE matrix
     LTF: Result[0]:                   171.142  +/- 0.599352 (fit [from HESSE])

  Alternative result from pol2-fit to chi^2 values of the templates
     Result(pol2-chi2)[0]              172.984   +/- 0.638233 (fit)
     Chi^2(min)                        3.88516

  Result from linearized second-order model approximation
     EDM (Taylor) [0]                  -3.83384e-08

  Expected distance to minimum
     EDM (Newton) [0]                  -3.83376e-08
     EDM Delta-chi^2                   -4.17317e-15


  'Uncertainties' on M from second-order model approximation
     sigma_m[0]                       -3.83358e-08
     sigma_m[EG_RESOLUTION_ALL]       -0.00
     sigma_m[EG_SCALE_ALL]            0.00
     sigma_m[EL_EFF_ID_TOTAL_1NPCOR_PLUS_UNCOR] 0.00
     sigma_m[EL_EFF_Iso_TOTAL_1NPCOR_PLUS_UNCOR] -0.00
     sigma_m[EL_EFF_Reco_TOTAL_1NPCOR_PLUS_UNCOR] -0.00
     sigma_m[EL_EFF_TriggerEff_TOTAL_1NPCOR_PLUS_UNCOR] -0.00
     sigma_m[EL_EFF_Trigger_TOTAL_1NPCOR_PLUS_UNCOR] -0.00
     sigma_m[MUON_SAGITTA_DATASTAT]   -0.00
     sigma_m[MUON_SAGITTA_RESBIAS]    -0.00
     sigma_m[MUON_EFF_BADMUON_SYS]    -0.00
     sigma_m[MUON_EFF_ISO_STAT]       0.00
     sigma_m[MUON_EFF_ISO_SYS]        -0.00
     sigma_m[MUON_EFF_RECO_STAT]      -0.00
     sigma_m[MUON_EFF_RECO_SYS]       0.00
     sigma_m[MUON_EFF_TTVA_STAT]      0.00
     sigma_m[MUON_EFF_TTVA_SYS]       0.00
     sigma_m[MUON_EFF_TrigStatUncertainty] -0.00
     sigma_m[MUON_EFF_TrigSystUncertainty] -0.00
     sigma_m[JET_EffectiveNP_Detector1] 0.00
     sigma_m[JET_EffectiveNP_Detector2] 0.00
     sigma_m[JET_EffectiveNP_Mixed1]  0.00
     sigma_m[JET_EffectiveNP_Mixed2]  0.00
     sigma_m[JET_EffectiveNP_Mixed3]  0.00
     sigma_m[JET_EffectiveNP_Modelling1] 0.00
     sigma_m[JET_EffectiveNP_Modelling2] -0.00
     sigma_m[JET_EffectiveNP_Modelling3] -0.00
     sigma_m[JET_EffectiveNP_Modelling4] 0.00
     sigma_m[JET_EffectiveNP_Statistical1] 0.00
     sigma_m[JET_EffectiveNP_Statistical2] 0.00
     sigma_m[JET_EffectiveNP_Statistical3] -0.00
     sigma_m[JET_EffectiveNP_Statistical4] 0.00
     sigma_m[JET_EffectiveNP_Statistical5] 0.00
     sigma_m[JET_EffectiveNP_Statistical6] 0.00
     sigma_m[JET_EtaIntercalibration_Modelling] 0.00
     sigma_m[JET_EtaIntercalibration_NonClosure_2018data] 0.00
     sigma_m[JET_EtaIntercalibration_NonClosure_highE] -0.00
     sigma_m[JET_EtaIntercalibration_NonClosure_negEta] 0.00
     sigma_m[JET_EtaIntercalibration_NonClosure_posEta] 0.00
     sigma_m[JET_EtaIntercalibration_TotalStat] 0.00
     sigma_m[JET_Flavor_Composition_prop] -0.00
     sigma_m[JET_Flavor_Response_prop] -0.00
     sigma_m[JET_Pileup_OffsetMu]     0.00
     sigma_m[JET_Pileup_OffsetNPV]    0.00
     sigma_m[JET_Pileup_PtTerm]       0.00
     sigma_m[JET_Pileup_RhoTopology]  0.00
     sigma_m[JET_PunchThrough_MC16]   -0.00
     sigma_m[JET_JER_DataVsMC_MC16_PseudoData] -0.00
     sigma_m[JET_JER_EffectiveNP_1_PseudoData] -0.00
     sigma_m[JET_JER_EffectiveNP_2_PseudoData] -0.00
     sigma_m[JET_JER_EffectiveNP_3_PseudoData] -0.00
     sigma_m[JET_JER_EffectiveNP_4_PseudoData] -0.00
     sigma_m[JET_JER_EffectiveNP_5_PseudoData] 0.00
     sigma_m[JET_JER_EffectiveNP_6_PseudoData] -0.00
     sigma_m[JET_JER_EffectiveNP_7_PseudoData] -0.00
     sigma_m[JET_JER_EffectiveNP_8_PseudoData] -0.00
     sigma_m[JET_JER_EffectiveNP_9_PseudoData] -0.00
     sigma_m[JET_JER_EffectiveNP_10_PseudoData] -0.00
     sigma_m[JET_JER_EffectiveNP_11_PseudoData] -0.00
     sigma_m[JET_JER_EffectiveNP_12restTerm_PseudoData] -0.00
     sigma_m[JET_JvtEfficiency]       -0.00
     sigma_m[PRW_DATASF]              -0.00
     sigma_m[MET_SoftTrk_ResoPara]    -0.00
     sigma_m[MET_SoftTrk_ResoPerp]    0.00
     sigma_m[MET_SoftTrk_Scale]       -0.00
     sigma_m[WMASS_VAR_signal]        -0.00
     sigma_m[FT_EFF_Eigen_B_0]        -0.00
     sigma_m[FT_EFF_Eigen_B_1]        -0.00
     sigma_m[FT_EFF_Eigen_B_2]        -0.00
     sigma_m[FT_EFF_Eigen_B_3]        -0.00
     sigma_m[FT_EFF_Eigen_B_4]        0.00
     sigma_m[FT_EFF_Eigen_B_5]        -0.00
     sigma_m[FT_EFF_Eigen_B_6]        0.00
     sigma_m[FT_EFF_Eigen_B_7]        -0.00
     sigma_m[FT_EFF_Eigen_B_8]        0.00
     sigma_m[FT_EFF_Eigen_C_0]        -0.00
     sigma_m[FT_EFF_Eigen_C_1]        -0.00
     sigma_m[FT_EFF_Eigen_C_2]        -0.00
     sigma_m[FT_EFF_Eigen_C_3]        -0.00
     sigma_m[FT_EFF_Eigen_Light_0]    -0.00
     sigma_m[FT_EFF_Eigen_Light_1]    -0.00
     sigma_m[FT_EFF_Eigen_Light_2]    0.00
     sigma_m[FT_EFF_Eigen_Light_3]    0.00
     sigma_m[FT_EFF_extrapolation]    0.00
     sigma_m[FT_EFF_extrapolation_from_charm] -0.00
     sigma_m[THEORY_CROSS_SECTION_signal] -0.00
     sigma_m[THEORY_SHOWERING_HERWIG7_signal] -0.00
     sigma_m[THEORY_SCALE_FACTORISATION_signal] 0.00
     sigma_m[THEORY_SCALE_RENORMALISATION_signal] -0.00
     sigma_m[THEORY_ISR_signal]       -0.00
     sigma_m[THEORY_FSR_signal]       0.00
     sigma_m[THEORY_HDAMP_signal]     -0.00
     sigma_m[THEORY_PTHARD_signal]    0.00
     sigma_m[THEORY_TOPRECOIL_signal] -0.00
     sigma_m[THEORY_TOP_MASS_signal]  0.00
     sigma_m[THEORY_PDF4LHC_VARIATION_signal] 0.00
     sigma_m[THEORY_DR_DS_signal]     -0.00
     sigma_m[THEORY_CROSS_SECTION_Wjets] -0.00
     sigma_m[THEORY_SCALE_COMBINED_Wjets] -0.00
     sigma_m[THEORY_PDF4LHC_VARIATION_Wjets] -0.00
     sigma_m[THEORY_EWK_Wjets]        0.00
     sigma_m[THEORY_SCALE_COMBINED_multiboson_noW] -0.00
     sigma_m[THEORY_PDF4LHC_VARIATION_multiboson_noW] -0.00
     sigma_m[THEORY_EWK_multiboson_noW] -0.00
     sigma_m[THEORY_CROSS_SECTION_other_top_noWt] -0.00
     sigma_m[FAKES_Electron]          -0.00
     sigma_m[FAKES_Muon]              -0.00
     sigma_m[LUMINOSITY]              -0.00

  Settings
     Number of data points             10
     Number of templates               9
     Number of fit parameters          1
     Template reference values [0]     162.5   165 167.5   170 172.5   175 177.5   180 182.5
     Number of nuisance param.         107
     Gamma[0]                          1.000
     LogNormal                         false
     Response matrix                   false

  please cite: D. Britzger, The Linear Template Fit, Eur.Phys.J.C 82 (2022) 731, arXiv:2112.01548.
------------------------------------------------------------------------

Warning in <TFile::Append>: Replacing existing TH1: hist (Potential memory leak).
Warning in <TFile::Append>: Replacing existing TH1: hist (Potential memory leak).
Warning in <TFile::Append>: Replacing existing TH1: hist (Potential memory leak).
Warning in <TFile::Append>: Replacing existing TH1: hist (Potential memory leak).
Warning in <TFile::Append>: Replacing existing TH1: hist (Potential memory leak).
Warning in <TFile::Append>: Replacing existing TH1: hist (Potential memory leak).
Warning in <TFile::Append>: Replacing existing TH1: hist (Potential memory leak).
Warning in <TFile::Append>: Replacing existing TH1: hist (Potential memory leak).
Warning in <TFile::Append>: Replacing existing TH1: hist (Potential memory leak).
Warning in <TFile::Append>: Replacing existing TH1: hist (Potential memory leak).
Info in <TCanvas::Print>: ps file plots/fit_mbl.ps has been created
Info in <TCanvas::Print>: Current canvas added to ps file plots/fit_mbl.ps
Info in <TCanvas::Print>: Current canvas added to ps file plots/fit_mbl.ps
Info in <TCanvas::Print>: Current canvas added to ps file plots/fit_mbl.ps
Info in <TCanvas::Print>: Current canvas added to ps file plots/fit_mbl.ps
Info in <TCanvas::Print>: Current canvas added to ps file plots/fit_mbl.ps
Info in <TCanvas::Print>: Current canvas added to ps file plots/fit_mbl.ps
Info in <TCanvas::Print>: Current canvas added to ps file plots/fit_mbl.ps
Info in <TCanvas::Print>: Current canvas added to ps file plots/fit_mbl.ps
Info in <TCanvas::Print>: Current canvas added to ps file plots/fit_mbl.ps
Info in <TCanvas::Print>: Current canvas added to ps file plots/fit_mbl.ps
Info in <TCanvas::Print>: Current canvas added to ps file plots/fit_mbl.ps
Info in <TCanvas::Print>: Current canvas added to ps file plots/fit_mbl.ps
Info in <TCanvas::Print>: Current canvas added to ps file plots/fit_mbl.ps
Info in <TCanvas::Print>: Current canvas added to ps file plots/fit_mbl.ps
Info in <TCanvas::Print>: Current canvas added to ps file plots/fit_mbl.ps
Info in <TCanvas::Print>: Current canvas added to ps file plots/fit_mbl.ps
Info in <TCanvas::Print>: Current canvas added to ps file plots/fit_mbl.ps
Info in <TCanvas::Print>: Current canvas added to ps file plots/fit_mbl.ps
Info in <TCanvas::Print>: Current canvas added to ps file plots/fit_mbl.ps
Info in <TCanvas::Print>: Current canvas added to ps file plots/fit_mbl.ps
Info in <TCanvas::Print>: Current canvas added to ps file plots/fit_mbl.ps
Info in <TCanvas::Print>: Current canvas added to ps file plots/fit_mbl.ps
Info in <TCanvas::Print>: Current canvas added to ps file plots/fit_mbl.ps
Info in <TCanvas::Print>: Current canvas added to ps file plots/fit_mbl.ps
Info in <TCanvas::Print>: Current canvas added to ps file plots/fit_mbl.ps
Info in <TCanvas::Print>: Current canvas added to ps file plots/fit_mbl.ps
Info in <TCanvas::Print>: Current canvas added to ps file plots/fit_mbl.ps
Info in <TCanvas::Print>: Current canvas added to ps file plots/fit_mbl.ps
Info in <TCanvas::Print>: Current canvas added to ps file plots/fit_mbl.ps
Info in <TCanvas::Print>: Current canvas added to ps file plots/fit_mbl.ps
Info in <TCanvas::Print>: Current canvas added to ps file plots/fit_mbl.ps
Info in <TCanvas::Print>: ps file plots/fit_mbl.ps has been closed
Found covarinace matrix unfolding_covariance_matrix_mbwhad_selected_covariance_STAT_DATA
Determinant of covariance matrix 2.92341e-37
Johannes print final correltaion matrix
1	-0.367114	0.124104	-0.0102883	0.0301477	0.0249596	-0.0199066	-0.0498203	
-0.367114	1	-0.597727	0.0853252	-0.00318656	0.0472456	-0.0123551	0.0105914	
0.124104	-0.597727	1	-0.278414	0.0386791	-0.0551904	0.00681515	0.0508684	
-0.0102883	0.0853252	-0.278414	1	-0.277573	0.0986475	-0.0363062	-0.0135197	
0.0301477	-0.00318656	0.0386791	-0.277573	1	-0.351092	0.111181	-0.0635855	
0.0249596	0.0472456	-0.0551904	0.0986475	-0.351092	1	-0.364353	0.0580908	
-0.0199066	-0.0123551	0.00681515	-0.0363062	0.111181	-0.364353	1	-0.280819	
-0.0498203	0.0105914	0.0508684	-0.0135197	-0.0635855	0.0580908	-0.280819	1	
TH1.Print Name  = total_error, Entries= 856, Total sum= 0.812715
 fSumw[0]=0, x=-0.5, error=0
 fSumw[1]=0.106435, x=0.5, error=0
 fSumw[2]=0.140581, x=1.5, error=0
 fSumw[3]=0.102963, x=2.5, error=0
 fSumw[4]=0.148362, x=3.5, error=0
 fSumw[5]=0.0626302, x=4.5, error=0
 fSumw[6]=0.0720239, x=5.5, error=0
 fSumw[7]=0.0643816, x=6.5, error=0
 fSumw[8]=0.115339, x=7.5, error=0
 fSumw[9]=0, x=8.5, error=0
STAT_MC 0.00293556
STAT_MC 0.00171278
STAT_MC 0.000708049
STAT_MC 0.00225478
STAT_MC 0.00358833
STAT_MC 0.004986
STAT_MC 0.00516222
STAT_MC 0.00778
TH1.Print Name  = total_error, Entries= 864, Total sum= 0.813529
 fSumw[0]=0, x=-0.5, error=0
 fSumw[1]=0.106476, x=0.5, error=0
 fSumw[2]=0.140591, x=1.5, error=0
 fSumw[3]=0.102965, x=2.5, error=0
 fSumw[4]=0.148379, x=3.5, error=0
 fSumw[5]=0.0627329, x=4.5, error=0
 fSumw[6]=0.0721963, x=5.5, error=0
 fSumw[7]=0.0645883, x=6.5, error=0
 fSumw[8]=0.115601, x=7.5, error=0
 fSumw[9]=0, x=8.5, error=0
TH1.Print Name  = total_error, Entries= 872, Total sum= 0.828371
 fSumw[0]=0, x=-0.5, error=0
 fSumw[1]=0.106693, x=0.5, error=0
 fSumw[2]=0.140619, x=1.5, error=0
 fSumw[3]=0.102989, x=2.5, error=0
 fSumw[4]=0.148442, x=3.5, error=0
 fSumw[5]=0.0633481, x=4.5, error=0
 fSumw[6]=0.0738846, x=5.5, error=0
 fSumw[7]=0.0685644, x=6.5, error=0
 fSumw[8]=0.123831, x=7.5, error=0
 fSumw[9]=0, x=8.5, error=0

        Data        Stat Tmpl_162.50 Stat_162.50 Tmpl_165.00 Stat_165.00 Tmpl_167.50 Stat_167.50 Tmpl_170.00 Stat_170.00 Tmpl_172.50 Stat_172.50 Tmpl_175.00 Stat_175.00 Tmpl_177.50 Stat_177.50 Tmpl_180.00 Stat_180.00 Tmpl_182.50 Stat_182.50
    0.404269    0.002752    0.501124    0.001928    0.470297    0.001785    0.441942    0.002848    0.412722    0.002746    0.389897    0.001798    0.370175    0.002357    0.346553    0.001262    0.325103    0.002376    0.303533    0.001348
    2.315667    0.006534    3.665329    0.005259    3.203530    0.004653    2.790967    0.007088    2.422203    0.006628    2.146594    0.004203    1.890956    0.005292    1.685302    0.002801    1.516108    0.005141    1.368620    0.002892
    3.824265    0.008340    3.229664    0.004935    3.467408    0.004813    3.677169    0.008063    3.810714    0.008303    3.866342    0.005538    3.887513    0.007676    3.867677    0.004233    3.824024    0.008143    3.727112    0.004773
    0.983416    0.004263    0.971584    0.002816    0.969262    0.002595    0.973582    0.004253    0.990226    0.004271    0.990163    0.002842    1.009264    0.003991    1.022159    0.002218    1.042926    0.004375    1.069729    0.002607
    0.241103    0.002123    0.258220    0.001561    0.251744    0.001403    0.247901    0.002157    0.244515    0.002157    0.242145    0.001386    0.238404    0.002050    0.237219    0.001089    0.237243    0.002102    0.231427    0.001260
    0.079321    0.001246    0.085147    0.000854    0.082934    0.000787    0.081958    0.001258    0.081389    0.001287    0.080102    0.000776    0.078609    0.001156    0.076169    0.000630    0.076751    0.001226    0.074774    0.000725
    0.035479    0.000816    0.038144    0.000602    0.036930    0.000501    0.037709    0.000915    0.036247    0.000813    0.035263    0.000489    0.034790    0.000766    0.034451    0.000430    0.033690    0.000770    0.033085    0.000497
    0.010915    0.000485    0.011053    0.000330    0.010426    0.000252    0.010632    0.000448    0.009234    0.000377    0.010206    0.000249    0.009725    0.000383    0.009530    0.000218    0.010023    0.000401    0.009409    0.000246

LTF::DoLiTeFit(). Fit done. Result:  171.076  +/- 0.84278 (fit)  +/- 0.598758 (ext)  +/- 0.0549392 (tmpl)  +/- 0 (MatA)   [chi^2=0.804637]

------------------------------------------------------------------------
        Result of the 1-dimensional linear template fit
        ```````````````````````````````````````````````
  LTF. Result[0]:   171.076  +/- 0.84278 (fit)  +/- 0.598758 (ext)

  LTF. Result[0]:   171.075826
                             +/-  0.309128 (STAT_DATA)
                             +/-  0.050778 (STAT_MC)
                             +/-  0.128067 (pseudoDataStat)
                             +/- -0.001515 (EG_RESOLUTION_ALL)
                             +/-  0.000212 (EG_SCALE_ALL)
                             +/- -0.002148 (EL_EFF_ID_TOTAL_1NPCOR_PLUS_UNCOR)
                             +/- -0.013632 (EL_EFF_Iso_TOTAL_1NPCOR_PLUS_UNCOR)
                             +/- -0.005126 (EL_EFF_Reco_TOTAL_1NPCOR_PLUS_UNCOR)
                             +/- -0.000000 (EL_EFF_TriggerEff_TOTAL_1NPCOR_PLUS_UNCOR)
                             +/- -0.000000 (EL_EFF_Trigger_TOTAL_1NPCOR_PLUS_UNCOR)
                             +/- -0.036683 (FAKES_Electron)
                             +/- -0.007917 (FAKES_Muon)
                             +/- -0.371895 (FT_EFF_Eigen_B_0)
                             +/-  0.097891 (FT_EFF_Eigen_B_1)
                             +/-  0.019487 (FT_EFF_Eigen_B_2)
                             +/- -0.038065 (FT_EFF_Eigen_B_3)
                             +/-  0.000150 (FT_EFF_Eigen_B_4)
                             +/- -0.000437 (FT_EFF_Eigen_B_5)
                             +/-  0.000016 (FT_EFF_Eigen_B_6)
                             +/- -0.000006 (FT_EFF_Eigen_B_7)
                             +/- -0.000001 (FT_EFF_Eigen_B_8)
                             +/- -0.015897 (FT_EFF_Eigen_C_0)
                             +/-  0.000557 (FT_EFF_Eigen_C_1)
                             +/-  0.000441 (FT_EFF_Eigen_C_2)
                             +/- -0.000363 (FT_EFF_Eigen_C_3)
                             +/- -0.043903 (FT_EFF_Eigen_Light_0)
                             +/- -0.004258 (FT_EFF_Eigen_Light_1)
                             +/-  0.000799 (FT_EFF_Eigen_Light_2)
                             +/-  0.000258 (FT_EFF_Eigen_Light_3)
                             +/-  0.002816 (FT_EFF_extrapolation)
                             +/- -0.015220 (FT_EFF_extrapolation_from_charm)
                             +/- -0.009013 (JET_EffectiveNP_Detector1)
                             +/- -0.002100 (JET_EffectiveNP_Detector2)
                             +/- -0.041938 (JET_EffectiveNP_Mixed1)
                             +/- -0.030778 (JET_EffectiveNP_Mixed2)
                             +/-  0.000630 (JET_EffectiveNP_Mixed3)
                             +/- -0.103592 (JET_EffectiveNP_Modelling1)
                             +/- -0.030517 (JET_EffectiveNP_Modelling2)
                             +/- -0.046613 (JET_EffectiveNP_Modelling3)
                             +/- -0.008042 (JET_EffectiveNP_Modelling4)
                             +/-  0.003101 (JET_EffectiveNP_Statistical1)
                             +/-  0.010287 (JET_EffectiveNP_Statistical2)
                             +/- -0.001092 (JET_EffectiveNP_Statistical3)
                             +/- -0.018032 (JET_EffectiveNP_Statistical4)
                             +/- -0.017536 (JET_EffectiveNP_Statistical5)
                             +/- -0.008685 (JET_EffectiveNP_Statistical6)
                             +/- -0.019041 (JET_EtaIntercalibration_Modelling)
                             +/- -0.048713 (JET_EtaIntercalibration_NonClosure_2018data)
                             +/- -0.000008 (JET_EtaIntercalibration_NonClosure_highE)
                             +/- -0.002157 (JET_EtaIntercalibration_NonClosure_negEta)
                             +/- -0.003061 (JET_EtaIntercalibration_NonClosure_posEta)
                             +/-  0.014526 (JET_EtaIntercalibration_TotalStat)
                             +/-  0.000064 (JET_Flavor_Composition_prop)
                             +/-  0.006237 (JET_Flavor_Response_prop)
                             +/-  0.079046 (JET_JER_DataVsMC_MC16_PseudoData)
                             +/-  0.002871 (JET_JER_EffectiveNP_10_PseudoData)
                             +/- -0.007445 (JET_JER_EffectiveNP_11_PseudoData)
                             +/-  0.042606 (JET_JER_EffectiveNP_12restTerm_PseudoData)
                             +/-  0.152743 (JET_JER_EffectiveNP_1_PseudoData)
                             +/-  0.349314 (JET_JER_EffectiveNP_2_PseudoData)
                             +/-  0.021685 (JET_JER_EffectiveNP_3_PseudoData)
                             +/- -0.108446 (JET_JER_EffectiveNP_4_PseudoData)
                             +/-  0.057303 (JET_JER_EffectiveNP_5_PseudoData)
                             +/-  0.066714 (JET_JER_EffectiveNP_6_PseudoData)
                             +/-  0.034731 (JET_JER_EffectiveNP_7_PseudoData)
                             +/- -0.031989 (JET_JER_EffectiveNP_8_PseudoData)
                             +/-  0.047242 (JET_JER_EffectiveNP_9_PseudoData)
                             +/- -0.059887 (JET_JvtEfficiency)
                             +/-  0.024228 (JET_Pileup_OffsetMu)
                             +/-  0.055816 (JET_Pileup_OffsetNPV)
                             +/- -0.091855 (JET_Pileup_PtTerm)
                             +/-  0.135610 (JET_Pileup_RhoTopology)
                             +/-  0.000453 (JET_PunchThrough_MC16)
                             +/- -0.029081 (LUMINOSITY)
                             +/-  0.006542 (MET_SoftTrk_ResoPara)
                             +/-  0.002075 (MET_SoftTrk_ResoPerp)
                             +/-  0.005172 (MET_SoftTrk_Scale)
                             +/- -0.000000 (MUON_EFF_BADMUON_SYS)
                             +/- -0.001054 (MUON_EFF_ISO_STAT)
                             +/- -0.004987 (MUON_EFF_ISO_SYS)
                             +/- -0.000631 (MUON_EFF_RECO_STAT)
                             +/- -0.000958 (MUON_EFF_RECO_SYS)
                             +/- -0.000275 (MUON_EFF_TTVA_STAT)
                             +/- -0.000369 (MUON_EFF_TTVA_SYS)
                             +/- -0.003791 (MUON_EFF_TrigStatUncertainty)
                             +/- -0.007849 (MUON_EFF_TrigSystUncertainty)
                             +/- -0.000181 (MUON_SAGITTA_DATASTAT)
                             +/- -0.000541 (MUON_SAGITTA_RESBIAS)
                             +/- -0.116751 (PRW_DATASF)
                             +/- -0.035059 (THEORY_CROSS_SECTION_Wjets)
                             +/- -0.068753 (THEORY_CROSS_SECTION_other_top_noWt)
                             +/- -0.008159 (THEORY_CROSS_SECTION_signal)
                             +/- -0.085454 (THEORY_DR_DS_signal)
                             +/-  0.000189 (THEORY_EWK_Wjets)
                             +/- -0.000139 (THEORY_EWK_multiboson_noW)
                             +/- -0.203655 (THEORY_FSR_signal)
                             +/-  0.031233 (THEORY_HDAMP_signal)
                             +/-  0.057084 (THEORY_ISR_signal)
                             +/- -0.010120 (THEORY_PDF4LHC_VARIATION_Wjets)
                             +/- -0.003152 (THEORY_PDF4LHC_VARIATION_multiboson_noW)
                             +/- -0.006043 (THEORY_PDF4LHC_VARIATION_signal)
                             +/- -0.009133 (THEORY_PTHARD_signal)
                             +/- -0.045547 (THEORY_SCALE_COMBINED_Wjets)
                             +/- -0.020245 (THEORY_SCALE_COMBINED_multiboson_noW)
                             +/- -0.014550 (THEORY_SCALE_FACTORISATION_signal)
                             +/-  0.020611 (THEORY_SCALE_RENORMALISATION_signal)
                             +/-  0.033587 (THEORY_SHOWERING_HERWIG7_signal)
                             +/- -0.137260 (THEORY_TOPRECOIL_signal)
                             +/- -0.335273 (THEORY_TOP_MASS_signal)
                             +/-  0.000151 (WMASS_VAR_signal)

                             +/- -0.218684 (FULL_SYS_SUM)
                             +/- -0.181693 (FULL_SYS_SUM_DETECTOR)
                             +/- -0.299574 (FULL_SYS_SUM_THEORY)
                             +/- -0.218684 (FULL_SYS_TOYS)
                             +/- -0.216974 (TOTAL)
                             +/- -0.212078 (TOTAL_NO_DR_DS)
                             +/- -0.219213 (TOTAL_SYSONLY)
                             +/-  0.054939 (statY)

  Nuisance parameters                  0.000  +/-  1.000  (EG_RESOLUTION_ALL)
                                       0.001  +/-  1.000  (EG_SCALE_ALL)
                                      -0.003  +/-  0.999  (EL_EFF_ID_TOTAL_1NPCOR_PLUS_UNCOR)
                                      -0.013  +/-  0.995  (EL_EFF_Iso_TOTAL_1NPCOR_PLUS_UNCOR)
                                      -0.004  +/-  1.000  (EL_EFF_Reco_TOTAL_1NPCOR_PLUS_UNCOR)
                                       0.000  +/-  1.000  (EL_EFF_TriggerEff_TOTAL_1NPCOR_PLUS_UNCOR)
                                       0.000  +/-  1.000  (EL_EFF_Trigger_TOTAL_1NPCOR_PLUS_UNCOR)
                                       0.000  +/-  1.000  (MUON_SAGITTA_DATASTAT)
                                       0.001  +/-  1.000  (MUON_SAGITTA_RESBIAS)
                                      -0.000  +/-  1.000  (MUON_EFF_BADMUON_SYS)
                                      -0.001  +/-  1.000  (MUON_EFF_ISO_STAT)
                                      -0.006  +/-  0.999  (MUON_EFF_ISO_SYS)
                                      -0.001  +/-  1.000  (MUON_EFF_RECO_STAT)
                                      -0.002  +/-  1.000  (MUON_EFF_RECO_SYS)
                                      -0.000  +/-  1.000  (MUON_EFF_TTVA_STAT)
                                      -0.001  +/-  1.000  (MUON_EFF_TTVA_SYS)
                                      -0.004  +/-  1.000  (MUON_EFF_TrigStatUncertainty)
                                      -0.008  +/-  0.998  (MUON_EFF_TrigSystUncertainty)
                                      -0.001  +/-  0.998  (JET_EffectiveNP_Detector1)
                                      -0.001  +/-  1.000  (JET_EffectiveNP_Detector2)
                                       0.056  +/-  0.980  (JET_EffectiveNP_Mixed1)
                                      -0.001  +/-  0.993  (JET_EffectiveNP_Mixed2)
                                       0.005  +/-  1.000  (JET_EffectiveNP_Mixed3)
                                       0.019  +/-  0.879  (JET_EffectiveNP_Modelling1)
                                       0.021  +/-  0.998  (JET_EffectiveNP_Modelling2)
                                      -0.009  +/-  0.994  (JET_EffectiveNP_Modelling3)
                                       0.001  +/-  1.000  (JET_EffectiveNP_Modelling4)
                                       0.013  +/-  0.999  (JET_EffectiveNP_Statistical1)
                                      -0.000  +/-  0.999  (JET_EffectiveNP_Statistical2)
                                       0.001  +/-  1.000  (JET_EffectiveNP_Statistical3)
                                      -0.004  +/-  0.999  (JET_EffectiveNP_Statistical4)
                                       0.003  +/-  0.999  (JET_EffectiveNP_Statistical5)
                                       0.004  +/-  1.000  (JET_EffectiveNP_Statistical6)
                                       0.035  +/-  0.960  (JET_EtaIntercalibration_Modelling)
                                       0.011  +/-  0.985  (JET_EtaIntercalibration_NonClosure_2018data)
                                       0.000  +/-  1.000  (JET_EtaIntercalibration_NonClosure_highE)
                                      -0.004  +/-  1.000  (JET_EtaIntercalibration_NonClosure_negEta)
                                       0.002  +/-  1.000  (JET_EtaIntercalibration_NonClosure_posEta)
                                       0.005  +/-  0.998  (JET_EtaIntercalibration_TotalStat)
                                       0.000  +/-  1.000  (JET_Flavor_Composition_prop)
                                       0.022  +/-  0.998  (JET_Flavor_Response_prop)
                                      -0.012  +/-  0.994  (JET_Pileup_OffsetMu)
                                      -0.046  +/-  0.949  (JET_Pileup_OffsetNPV)
                                      -0.022  +/-  0.973  (JET_Pileup_PtTerm)
                                       0.019  +/-  0.672  (JET_Pileup_RhoTopology)
                                       0.002  +/-  1.000  (JET_PunchThrough_MC16)
                                      -0.004  +/-  0.995  (JET_JER_DataVsMC_MC16_PseudoData)
                                      -0.062  +/-  0.925  (JET_JER_EffectiveNP_1_PseudoData)
                                      -0.086  +/-  0.843  (JET_JER_EffectiveNP_2_PseudoData)
                                      -0.038  +/-  0.975  (JET_JER_EffectiveNP_3_PseudoData)
                                       0.014  +/-  0.997  (JET_JER_EffectiveNP_4_PseudoData)
                                       0.007  +/-  0.984  (JET_JER_EffectiveNP_5_PseudoData)
                                      -0.011  +/-  0.960  (JET_JER_EffectiveNP_6_PseudoData)
                                      -0.020  +/-  0.998  (JET_JER_EffectiveNP_7_PseudoData)
                                       0.043  +/-  0.995  (JET_JER_EffectiveNP_8_PseudoData)
                                      -0.001  +/-  0.983  (JET_JER_EffectiveNP_9_PseudoData)
                                       0.011  +/-  0.999  (JET_JER_EffectiveNP_10_PseudoData)
                                       0.012  +/-  0.997  (JET_JER_EffectiveNP_11_PseudoData)
                                       0.001  +/-  0.995  (JET_JER_EffectiveNP_12restTerm_PseudoData)
                                       0.003  +/-  0.997  (JET_JvtEfficiency)
                                      -0.046  +/-  0.984  (PRW_DATASF)
                                      -0.012  +/-  0.999  (MET_SoftTrk_ResoPara)
                                      -0.008  +/-  1.000  (MET_SoftTrk_ResoPerp)
                                      -0.014  +/-  1.000  (MET_SoftTrk_Scale)
                                      -0.001  +/-  1.000  (WMASS_VAR_signal)
                                       0.041  +/-  0.881  (FT_EFF_Eigen_B_0)
                                      -0.015  +/-  0.942  (FT_EFF_Eigen_B_1)
                                      -0.036  +/-  0.994  (FT_EFF_Eigen_B_2)
                                      -0.006  +/-  1.000  (FT_EFF_Eigen_B_3)
                                      -0.000  +/-  1.000  (FT_EFF_Eigen_B_4)
                                      -0.000  +/-  1.000  (FT_EFF_Eigen_B_5)
                                       0.000  +/-  1.000  (FT_EFF_Eigen_B_6)
                                       0.000  +/-  1.000  (FT_EFF_Eigen_B_7)
                                       0.000  +/-  1.000  (FT_EFF_Eigen_B_8)
                                      -0.036  +/-  0.991  (FT_EFF_Eigen_C_0)
                                       0.004  +/-  0.999  (FT_EFF_Eigen_C_1)
                                      -0.002  +/-  1.000  (FT_EFF_Eigen_C_2)
                                       0.001  +/-  1.000  (FT_EFF_Eigen_C_3)
                                      -0.044  +/-  0.988  (FT_EFF_Eigen_Light_0)
                                       0.007  +/-  1.000  (FT_EFF_Eigen_Light_1)
                                       0.006  +/-  1.000  (FT_EFF_Eigen_Light_2)
                                       0.001  +/-  1.000  (FT_EFF_Eigen_Light_3)
                                       0.029  +/-  0.998  (FT_EFF_extrapolation)
                                      -0.021  +/-  0.999  (FT_EFF_extrapolation_from_charm)
                                      -0.008  +/-  1.000  (THEORY_CROSS_SECTION_signal)
                                       0.080  +/-  0.562  (THEORY_SHOWERING_HERWIG7_signal)
                                       0.032  +/-  0.998  (THEORY_SCALE_FACTORISATION_signal)
                                       0.009  +/-  0.997  (THEORY_SCALE_RENORMALISATION_signal)
                                      -0.029  +/-  0.917  (THEORY_ISR_signal)
                                      -0.020  +/-  0.933  (THEORY_FSR_signal)
                                      -0.060  +/-  0.912  (THEORY_HDAMP_signal)
                                      -0.010  +/-  0.981  (THEORY_PTHARD_signal)
                                       0.020  +/-  0.939  (THEORY_TOPRECOIL_signal)
                                      -0.116  +/-  0.944  (THEORY_TOP_MASS_signal)
                                      -0.000  +/-  1.000  (THEORY_PDF4LHC_VARIATION_signal)
                                      -0.054  +/-  0.917  (THEORY_DR_DS_signal)
                                      -0.051  +/-  0.988  (THEORY_CROSS_SECTION_Wjets)
                                      -0.097  +/-  0.949  (THEORY_SCALE_COMBINED_Wjets)
                                      -0.006  +/-  0.999  (THEORY_PDF4LHC_VARIATION_Wjets)
                                       0.000  +/-  1.000  (THEORY_EWK_Wjets)
                                      -0.028  +/-  0.994  (THEORY_SCALE_COMBINED_multiboson_noW)
                                      -0.001  +/-  1.000  (THEORY_PDF4LHC_VARIATION_multiboson_noW)
                                      -0.000  +/-  1.000  (THEORY_EWK_multiboson_noW)
                                      -0.106  +/-  0.920  (THEORY_CROSS_SECTION_other_top_noWt)
                                      -0.039  +/-  0.995  (FAKES_Electron)
                                      -0.008  +/-  1.000  (FAKES_Muon)
                                      -0.032  +/-  0.983  (LUMINOSITY)

  Correlation matrix 
        1    0.0018 -0.000252   0.00255    0.0162   0.00608  1.88e-14  1.88e-14  0.000215  0.000641  1.44e-14   0.00125   0.00592  0.000749   0.00114  0.000326  0.000438    0.0045   0.00933    0.0107   0.00249    0.0508    0.0368 -0.000748      0.14    0.0363    0.0556   0.00955  -0.00368   -0.0122    0.0013    0.0214    0.0208    0.0103    0.0235    0.0587     1e-05   0.00256   0.00363   -0.0173  -7.6e-05  -0.00741   -0.0289   -0.0698     0.112    -0.239 -0.000537   -0.0943    -0.196    -0.492   -0.0264     0.129   -0.0691   -0.0825   -0.0413    0.0381    -0.057  -0.00341   0.00886   -0.0508    0.0713     0.141  -0.00777  -0.00246  -0.00614 -0.000179     0.501    -0.123   -0.0233    0.0452 -0.000178  0.000518 -1.92e-05  6.65e-06  6.43e-07     0.019 -0.000661 -0.000523   0.00043    0.0527   0.00505 -0.000948 -0.000307  -0.00335    0.0181   0.00968   -0.0709    0.0173   -0.0245   -0.0738     0.259   -0.0406     0.011     0.173     0.421   0.00717     0.111    0.0421    0.0569     0.012 -0.000224    0.0242   0.00374  0.000165    0.0887    0.0438    0.0094    0.0351
   0.0018         1 -4.01e-05 -9.47e-05 -0.000246 -7.71e-05 -5.91e-17 -5.91e-17 -2.11e-06 -5.41e-06  2.46e-17 -3.53e-05 -0.000111 -1.26e-05 -6.16e-05 -8.61e-06 -1.11e-05 -7.17e-05 -0.000155  0.000134  1.71e-05  0.000264  0.000272  4.67e-05   0.00117  4.52e-05  0.000255   4.8e-05  1.58e-06  4.57e-05  1.39e-05  9.22e-05  9.58e-05  5.72e-05  0.000274   0.00039 -8.79e-08  -1.4e-05 -1.07e-05  8.97e-05  5.79e-08 -1.03e-05  5.98e-05  0.000247  0.000446  0.000367  2.18e-06 -0.000253  -0.00129   -0.0017 -0.000533 -0.000122 -0.000351 -0.000828 -0.000215 -0.000266 -0.000522 -6.64e-05  -0.00016 -0.000132 -0.000118 -3.01e-06 -9.45e-05 -5.35e-05 -6.24e-05 -1.84e-05 -0.000833 -0.000673 -0.000214 -5.96e-05 -8.57e-06 -2.02e-06 -1.82e-07 -7.63e-09 -2.27e-09 -0.000451 -8.69e-05 -2.28e-05 -3.24e-06 -0.000506 -4.48e-05 -8.58e-06 -4.39e-06  -5.2e-05 -0.000155 -7.29e-05 -0.000128 -0.000102 -0.000153  -0.00056   0.00082 -0.000842 -0.000401  0.000744 -0.000949 -1.15e-05  -0.00103 -0.000461 -0.000774 -0.000127 -4.01e-06 -0.000287 -5.11e-05 -1.62e-06  -0.00116 -0.000302 -7.02e-05   -0.0005
-0.000252 -4.01e-05         1 -0.000469  -0.00103 -0.000305 -1.58e-16 -1.58e-16 -3.56e-06  -1.1e-05  5.08e-18 -0.000176 -0.000459 -5.26e-05 -0.000295 -3.85e-05 -4.91e-05 -0.000303 -0.000642 -4.62e-05  6.76e-06  -0.00086 -0.000104 -8.02e-05  0.000732 -0.000274  0.000129 -6.47e-05 -0.000285 -4.51e-06 -0.000169  1.45e-05 -5.47e-06 -4.99e-05 -0.000952 -7.95e-05  -2.6e-07 -5.73e-05 -3.25e-05 -3.43e-05 -2.09e-06 -0.000362   0.00025   0.00126  0.000466  0.000879 -2.59e-05  -0.00035  -0.00301  -0.00439  -0.00151 -0.000263  -0.00147  -0.00228 -0.000279 -0.000845  -0.00127 -0.000151 -0.000494 -0.000715 -0.000413   0.00058 -0.000247 -0.000283 -0.000235 -0.000178   -0.0028  -0.00382  -0.00101 -0.000238 -1.95e-05 -8.86e-06 -1.34e-07 -3.67e-08 -7.83e-09 -0.000961 -0.000462 -8.86e-05  1.83e-06  -0.00116 -9.56e-05 -5.91e-05 -1.98e-05 -0.000344 -0.000476 -0.000254  0.000142 -0.000365  3.88e-05   0.00194  0.000335   0.00113  0.000254  0.000668 -0.000233 -4.99e-05  -0.00437  -0.00137  -0.00315 -0.000464 -3.55e-05    -0.001 -0.000186  -2.6e-06  -0.00395 -0.000888 -0.000163  -0.00203
  0.00255 -9.47e-05 -0.000469         1  -0.00415  -0.00123 -4.15e-16 -4.15e-16 -4.43e-05 -4.16e-05 -5.78e-17 -0.000722  -0.00181 -0.000207  -0.00122 -0.000156 -0.000198   -0.0012  -0.00253  -0.00025 -2.33e-05  -0.00465 -0.000875 -0.000451 -0.000357  -0.00143  0.000532   -0.0004   -0.0015 -8.03e-05  -0.00096  0.000179  0.000104 -0.000218  -0.00626  -0.00175 -1.03e-06 -0.000145 -0.000214 -0.000447 -1.71e-05  -0.00191  0.000277   0.00244   0.00186  -0.00436 -0.000203 -0.000247  -0.00602  -0.00901  -0.00278 -0.000909  -0.00382  -0.00549 -0.000387  -0.00234  -0.00264 -0.000665   -0.0016  -0.00169  -0.00158   0.00324  -0.00115  -0.00116  -0.00103 -0.000918   -0.0122   -0.0155  -0.00337  -0.00116 -3.77e-05 -4.49e-05 -2.35e-06 -2.14e-07 -3.17e-08  -0.00382  -0.00204 -0.000226  -5.2e-06  -0.00459 -0.000672 -0.000379  -9.4e-05  -0.00163  -0.00169  -0.00108  -0.00246  -0.00156 -0.000397   0.00467 -0.000347   0.00133 -0.000297    0.0023 -0.000325 -0.000241   -0.0179   -0.0054   -0.0125  -0.00179 -0.000138  -0.00401 -0.000708 -1.34e-05   -0.0159  -0.00341 -0.000572  -0.00809
   0.0162 -0.000246  -0.00103  -0.00415         1  -0.00279 -1.09e-15 -1.09e-15 -8.76e-05 -8.01e-05 -1.28e-16  -0.00153  -0.00409 -0.000466   -0.0026 -0.000341 -0.000433  -0.00269  -0.00572 -0.000309 -1.99e-05   -0.0072  -0.00129  -0.00079  -0.00344  -0.00214   0.00151 -0.000634  -0.00254 -0.000531  -0.00164  0.000498  0.000372 -0.000256   -0.0139  -0.00281 -2.15e-06 -0.000369 -0.000434   -0.0015 -2.75e-05  -0.00317 -0.000661   0.00133   0.00394   -0.0231  -0.00034  -0.00161   -0.0197   -0.0296  -0.00908  -0.00306  -0.00989   -0.0156  -0.00215  -0.00556  -0.00822  -0.00196  -0.00437  -0.00449  -0.00444   0.00565  -0.00266  -0.00248  -0.00231  -0.00174   -0.0323   -0.0321  -0.00867  -0.00246 -0.000149 -9.23e-05 -4.15e-06 -2.79e-07 -5.78e-08  -0.00928    -0.004 -0.000559 -1.55e-05   -0.0104   -0.0013 -0.000661 -0.000167  -0.00275  -0.00377  -0.00227  0.000393  -0.00281 -0.000944   0.00721 -0.000394  2.69e-06  -0.00165    0.0057  -0.00612 -0.000549   -0.0363   -0.0117   -0.0258  -0.00371  -0.00025  -0.00838  -0.00144 -3.02e-05   -0.0335  -0.00747  -0.00134   -0.0181
  0.00608 -7.71e-05 -0.000305  -0.00123  -0.00279         1 -3.38e-16 -3.38e-16 -2.69e-05 -2.58e-05 -3.07e-17 -0.000451  -0.00123  -0.00014  -0.00077 -0.000102 -0.000129 -0.000807  -0.00172  -3.3e-05  2.82e-06  -0.00186 -0.000255  -0.00021  -0.00106 -0.000558  0.000573 -0.000154 -0.000707  -0.00018 -0.000451  0.000195  0.000162  -4.1e-05  -0.00411 -0.000668 -6.45e-07  -0.00011 -0.000129 -0.000482  -7.7e-06 -0.000885 -0.000317 -2.01e-06   0.00135  -0.00837 -9.57e-05 -0.000561   -0.0062  -0.00924  -0.00279  -0.00102  -0.00298  -0.00482 -0.000725  -0.00171  -0.00257  -0.00065  -0.00137  -0.00133  -0.00142   0.00166 -0.000807 -0.000724 -0.000691 -0.000497   -0.0103  -0.00937  -0.00263 -0.000735 -4.89e-05 -2.76e-05 -1.28e-06 -7.68e-08  -1.7e-08  -0.00289  -0.00117 -0.000167 -7.57e-06  -0.00318 -0.000404 -0.000194 -4.82e-05 -0.000779  -0.00112 -0.000673  0.000667 -0.000808 -0.000324   0.00166  0.000205 -0.000425 -0.000725   0.00203  -0.00229 -0.000165   -0.0106   -0.0035  -0.00754  -0.00109 -7.06e-05  -0.00247 -0.000424 -9.47e-06  -0.00988  -0.00222 -0.000412  -0.00543
 1.88e-14 -5.91e-17 -1.58e-16 -4.15e-16 -1.09e-15 -3.38e-16         1 -2.61e-28 -4.65e-18 -4.68e-18  7.19e-29 -1.56e-16 -4.93e-16 -5.58e-17 -2.69e-16 -3.76e-17 -4.81e-17 -3.22e-16 -6.89e-16  2.59e-16  3.93e-17  4.08e-16   4.9e-16  3.44e-17  1.36e-15  1.07e-16  5.45e-16  6.62e-17 -3.46e-17 -3.24e-18  3.49e-17  1.97e-16  1.19e-16   9.1e-17  -4.5e-16  6.65e-16 -2.37e-19 -3.48e-17 -4.97e-17 -2.28e-17 -6.13e-19 -6.98e-17  2.61e-16   1.1e-15  1.28e-15  -2.3e-15  1.67e-18 -3.74e-16 -5.49e-15 -8.02e-15 -2.61e-15 -8.88e-16  -2.4e-15 -4.13e-15 -6.83e-16 -1.41e-15 -2.57e-15 -4.74e-16 -1.11e-15 -1.12e-15  -8.5e-16  7.38e-16 -2.93e-16 -2.37e-16 -1.61e-16 -8.63e-17 -5.65e-15  -3.1e-15 -1.33e-15 -1.97e-16 -3.95e-17 -8.23e-18 -2.94e-19 -2.39e-20  -7.2e-21  -1.2e-15 -3.25e-16  -9.8e-17 -4.71e-18 -1.14e-15 -8.37e-17 -3.73e-17 -1.07e-17 -1.92e-16 -3.84e-16  -1.9e-16  7.87e-15 -3.81e-16 -6.91e-17  9.35e-16  8.01e-16 -1.12e-16 -1.37e-16  1.21e-15  -1.8e-15 -7.87e-17 -3.15e-15 -1.04e-15 -1.96e-15 -3.59e-16 -9.53e-18 -6.71e-16 -1.17e-16 -3.82e-18 -2.84e-15 -6.78e-16 -1.48e-16 -2.09e-15
 1.88e-14 -5.91e-17 -1.58e-16 -4.15e-16 -1.09e-15 -3.38e-16 -2.61e-28         1 -4.65e-18 -4.68e-18  7.19e-29 -1.56e-16 -4.93e-16 -5.58e-17 -2.69e-16 -3.76e-17 -4.81e-17 -3.22e-16 -6.89e-16  2.59e-16  3.93e-17  4.08e-16   4.9e-16  3.44e-17  1.36e-15  1.07e-16  5.45e-16  6.62e-17 -3.46e-17 -3.24e-18  3.49e-17  1.97e-16  1.19e-16   9.1e-17  -4.5e-16  6.65e-16 -2.37e-19 -3.48e-17 -4.97e-17 -2.28e-17 -6.13e-19 -6.98e-17  2.61e-16   1.1e-15  1.28e-15  -2.3e-15  1.67e-18 -3.74e-16 -5.49e-15 -8.02e-15 -2.61e-15 -8.88e-16  -2.4e-15 -4.13e-15 -6.83e-16 -1.41e-15 -2.57e-15 -4.74e-16 -1.11e-15 -1.12e-15  -8.5e-16  7.38e-16 -2.93e-16 -2.37e-16 -1.61e-16 -8.63e-17 -5.65e-15  -3.1e-15 -1.33e-15 -1.97e-16 -3.95e-17 -8.23e-18 -2.94e-19 -2.39e-20  -7.2e-21  -1.2e-15 -3.25e-16  -9.8e-17 -4.71e-18 -1.14e-15 -8.37e-17 -3.73e-17 -1.07e-17 -1.92e-16 -3.84e-16  -1.9e-16  7.87e-15 -3.81e-16 -6.91e-17  9.35e-16  8.01e-16 -1.12e-16 -1.37e-16  1.21e-15  -1.8e-15 -7.87e-17 -3.15e-15 -1.04e-15 -1.96e-15 -3.59e-16 -9.53e-18 -6.71e-16 -1.17e-16 -3.82e-18 -2.84e-15 -6.78e-16 -1.48e-16 -2.09e-15
 0.000215 -2.11e-06 -3.56e-06 -4.43e-05 -8.76e-05 -2.69e-05 -4.65e-18 -4.65e-18         1 -3.94e-06  6.38e-18 -1.53e-05 -3.62e-05  -4.1e-06 -2.66e-05  -3.4e-06 -4.27e-06 -2.38e-05 -5.14e-05  4.94e-05  6.71e-06 -2.58e-05  8.72e-05  5.78e-06  0.000276 -2.65e-05  0.000132  1.09e-05 -4.31e-05  1.33e-05 -2.29e-05   5.4e-05  5.71e-05  2.08e-05 -7.01e-05  7.64e-05 -3.79e-08  1.96e-06  -8.5e-06  1.11e-05 -7.65e-07 -6.49e-05 -1.23e-05  -4.1e-05  0.000281 -0.000471 -8.49e-06   1.9e-05  0.000176  0.000357  0.000175 -3.34e-05  6.89e-05  9.08e-05  1.96e-05 -3.84e-05  7.42e-05 -3.93e-05 -1.47e-05  7.14e-05 -4.41e-05  0.000185 -3.75e-05 -1.59e-05 -2.85e-05 -2.46e-05 -0.000474 -0.000265  5.89e-06 -4.11e-05  1.12e-06 -1.76e-06 -2.09e-07 -1.24e-08 -1.29e-09 -0.000166 -6.06e-05  2.97e-06  -3.2e-06  -0.00018 -5.29e-05 -2.04e-05 -3.77e-06 -5.99e-05 -3.65e-05 -3.18e-05  0.000103 -4.85e-05 -6.13e-05 -0.000278  0.000358 -0.000301 -0.000222  0.000416 -8.62e-05  -5.8e-06 -0.000467  -0.00016 -0.000278 -4.86e-05 -3.06e-06 -0.000108 -2.11e-05 -8.59e-07 -0.000424 -8.35e-05 -2.11e-05  -0.00017
 0.000641 -5.41e-06  -1.1e-05 -4.16e-05 -8.01e-05 -2.58e-05 -4.68e-18 -4.68e-18 -3.94e-06         1  1.19e-17  -1.4e-05 -3.23e-05 -3.78e-06 -2.49e-05 -3.28e-06 -4.09e-06 -2.12e-05 -4.71e-05  8.28e-05  1.83e-05  4.85e-05  0.000191  1.97e-05  0.000483 -3.19e-05  0.000264  3.87e-05 -5.01e-05  3.43e-06 -2.11e-05  9.38e-05  0.000115  4.11e-05 -1.22e-05  0.000247 -6.22e-08 -2.27e-06  -2.7e-06 -1.47e-06 -5.61e-07 -8.48e-05 -0.000104 -0.000298  0.000497  -0.00115 -7.99e-06 -0.000101  0.000403  0.000847    0.0004 -2.61e-05  0.000259  0.000356  3.21e-05 -3.95e-05  0.000246 -5.79e-05  5.37e-05  0.000196 -5.86e-05  0.000221 -3.12e-05  2.55e-06 -4.08e-05 -1.67e-05 -0.000664 -0.000159  8.29e-05 -5.15e-05  7.62e-07  -2.1e-06 -2.61e-07 -1.89e-08 -2.12e-09 -0.000287 -7.44e-05  4.77e-06 -7.15e-06 -0.000301 -9.31e-05 -2.88e-05 -5.81e-06 -7.98e-05 -5.75e-05 -4.19e-05 -0.000862 -3.67e-05 -7.77e-05 -0.000574   0.00102 -0.000371 -0.000437  0.000965 -0.000146   1.6e-06 -0.000562 -0.000251 -0.000371 -7.18e-05 -6.57e-06 -0.000163 -4.04e-05  -1.3e-06 -0.000578 -0.000116 -4.49e-05 -0.000166
 1.44e-14  2.46e-17  5.08e-18 -5.78e-17 -1.28e-16 -3.07e-17  7.19e-29  7.19e-29  6.38e-18  1.19e-17         1 -2.35e-17 -5.88e-17 -6.84e-18 -3.89e-17 -4.45e-18 -5.54e-18 -3.94e-17 -7.74e-17 -5.36e-16 -7.15e-17 -1.06e-15 -1.08e-15  -1.8e-16 -4.31e-15 -1.82e-16 -8.77e-16 -1.94e-16 -7.21e-17 -2.52e-16 -1.32e-16 -3.58e-16 -3.12e-16 -2.05e-16  -1.9e-15 -1.44e-15  7.96e-20 -4.38e-17  2.16e-17 -4.56e-16  1.15e-18  4.76e-18 -6.27e-16 -1.66e-15 -1.99e-15 -3.06e-15 -3.81e-18 -1.05e-16  3.83e-16 -1.75e-16 -1.79e-16   2.9e-16  1.43e-16  5.22e-16  3.65e-17   5.9e-16  4.77e-16  2.04e-16  2.63e-16 -1.11e-16  7.13e-17 -7.99e-16  3.87e-19 -9.63e-17 -1.04e-16 -4.79e-17     1e-15 -7.81e-16 -4.32e-16 -1.77e-17  -2.8e-18  1.57e-18  7.62e-19  7.11e-20  5.89e-21  2.77e-16  1.54e-17 -1.84e-17   1.6e-17  2.24e-16  1.36e-16  4.65e-17   7.6e-18  1.58e-16 -6.67e-17 -2.28e-17 -6.63e-15  2.66e-16  2.37e-16  1.24e-15 -2.69e-15  1.28e-15  7.92e-16 -2.17e-15  4.08e-16  6.24e-18 -1.54e-16 -9.34e-17 -7.22e-16  1.42e-17 -8.89e-18 -1.23e-16  7.27e-19  2.74e-18 -4.11e-16 -1.37e-16  1.38e-17 -2.79e-16
  0.00125 -3.53e-05 -0.000176 -0.000722  -0.00153 -0.000451 -1.56e-16 -1.56e-16 -1.53e-05  -1.4e-05 -2.35e-17         1 -0.000668 -7.62e-05 -0.000448 -5.76e-05  -7.3e-05 -0.000441 -0.000935 -9.99e-05 -8.93e-06  -0.00167 -0.000329 -0.000163 -6.24e-05 -0.000508  0.000171 -0.000148 -0.000539 -2.73e-05 -0.000348  5.35e-05  2.82e-05 -8.17e-05  -0.00222 -0.000622 -3.74e-07 -5.72e-05 -7.49e-05 -0.000152 -5.95e-06  -0.00068  0.000136     0.001  0.000662  -0.00126 -7.16e-05 -8.43e-05  -0.00235  -0.00353  -0.00112 -0.000325  -0.00147   -0.0021 -0.000155 -0.000858  -0.00102 -0.000234  -0.00059  -0.00066 -0.000578   0.00118 -0.000424 -0.000431 -0.000384 -0.000335   -0.0044  -0.00571  -0.00128 -0.000423 -1.43e-05 -1.63e-05 -7.55e-07 -6.85e-08 -1.11e-08   -0.0014 -0.000744 -8.69e-05 -5.23e-07  -0.00169 -0.000231 -0.000132 -3.32e-05 -0.000576 -0.000634 -0.000396 -0.000361 -0.000548 -9.97e-05   0.00193 -0.000171  0.000679 -1.58e-05   0.00082 -9.44e-05  -8.8e-05  -0.00661    -0.002  -0.00463 -0.000661 -5.05e-05  -0.00148  -0.00026 -4.75e-06  -0.00587  -0.00127 -0.000212  -0.00298
  0.00592 -0.000111 -0.000459  -0.00181  -0.00409  -0.00123 -4.93e-16 -4.93e-16 -3.62e-05 -3.23e-05 -5.88e-17 -0.000668         1 -0.000205  -0.00114  -0.00015  -0.00019  -0.00119  -0.00252 -0.000152 -1.12e-05  -0.00303 -0.000591 -0.000343  -0.00176 -0.000883  0.000608 -0.000276  -0.00106 -0.000257 -0.000689  0.000193  0.000135 -0.000115  -0.00609  -0.00123 -9.29e-07 -0.000168 -0.000186  -0.00069 -1.12e-05  -0.00132 -0.000327  0.000488   0.00157   -0.0105  -0.00014 -0.000787  -0.00927    -0.014  -0.00435   -0.0014  -0.00455  -0.00725  -0.00104  -0.00249  -0.00387  -0.00087  -0.00199   -0.0021  -0.00199   0.00232  -0.00117  -0.00109  -0.00101 -0.000743   -0.0143    -0.014  -0.00393  -0.00106 -7.06e-05 -3.96e-05 -1.66e-06 -1.07e-07 -2.44e-08  -0.00407  -0.00172 -0.000255 -4.86e-06  -0.00454 -0.000533 -0.000272 -6.99e-05  -0.00115  -0.00166 -0.000986  0.000484   -0.0012 -0.000386   0.00326 -0.000383  5.46e-05  -0.00063   0.00229  -0.00295 -0.000242   -0.0157   -0.0051   -0.0112  -0.00161 -0.000107  -0.00364  -0.00062 -1.29e-05   -0.0146  -0.00327 -0.000588  -0.00798
 0.000749 -1.26e-05 -5.26e-05 -0.000207 -0.000466  -0.00014 -5.58e-17 -5.58e-17  -4.1e-06 -3.78e-06 -6.84e-18 -7.62e-05 -0.000205         1  -0.00013  -1.7e-05 -2.16e-05 -0.000135 -0.000287 -1.84e-05 -1.19e-06  -0.00035 -6.84e-05 -3.95e-05 -0.000195 -0.000102   6.9e-05 -3.17e-05 -0.000123  -2.9e-05 -7.94e-05  2.15e-05  1.53e-05 -1.36e-05 -0.000692  -0.00014 -1.06e-07 -1.93e-05 -2.09e-05 -7.79e-05 -1.28e-06 -0.000152 -3.53e-05  6.23e-05  0.000181  -0.00117 -1.61e-05 -8.85e-05  -0.00104  -0.00157 -0.000487 -0.000156 -0.000514 -0.000815 -0.000115 -0.000282 -0.000433 -9.78e-05 -0.000223 -0.000237 -0.000225  0.000268 -0.000132 -0.000124 -0.000115 -8.49e-05  -0.00162   -0.0016 -0.000445 -0.000121 -7.91e-06 -4.52e-06 -1.86e-07 -1.23e-08 -2.79e-09 -0.000462 -0.000196  -2.9e-05 -5.47e-07 -0.000517 -6.11e-05 -3.12e-05 -8.02e-06 -0.000132 -0.000189 -0.000113   5.2e-05 -0.000136 -4.09e-05  0.000387 -3.65e-05  2.64e-05 -6.74e-05  0.000267 -0.000319 -2.73e-05   -0.0018 -0.000582  -0.00128 -0.000184 -1.23e-05 -0.000416 -7.12e-05 -1.46e-06  -0.00166 -0.000373 -6.72e-05 -0.000909
  0.00114 -6.16e-05 -0.000295  -0.00122   -0.0026  -0.00077 -2.69e-16 -2.69e-16 -2.66e-05 -2.49e-05 -3.89e-17 -0.000448  -0.00114  -0.00013         1 -9.75e-05 -0.000124 -0.000751  -0.00159 -0.000147 -1.32e-05  -0.00271 -0.000514 -0.000267 -0.000304 -0.000825  0.000339 -0.000236 -0.000888 -6.74e-05 -0.000572   0.00011  7.08e-05 -0.000123  -0.00385  -0.00102 -6.36e-07 -9.68e-05 -0.000129 -0.000297 -9.89e-06  -0.00112  0.000111   0.00132   0.00113  -0.00323 -0.000119 -0.000227  -0.00417  -0.00625  -0.00194 -0.000606  -0.00247  -0.00363 -0.000325  -0.00146  -0.00178 -0.000428  -0.00103   -0.0011  -0.00103    0.0019  -0.00073 -0.000723 -0.000654 -0.000556  -0.00779  -0.00957  -0.00219 -0.000719 -2.73e-05 -2.75e-05 -1.35e-06 -1.16e-07 -1.87e-08  -0.00245  -0.00124 -0.000147 -2.68e-06  -0.00291 -0.000402 -0.000222 -5.57e-05 -0.000956  -0.00107  -0.00067   -0.0012  -0.00092 -0.000235   0.00279 -0.000188  0.000707 -0.000218   0.00148 -0.000538  -0.00015   -0.0111  -0.00339  -0.00776  -0.00111 -8.32e-05   -0.0025 -0.000437 -8.36e-06  -0.00992  -0.00215 -0.000367  -0.00508
 0.000326 -8.61e-06 -3.85e-05 -0.000156 -0.000341 -0.000102 -3.76e-17 -3.76e-17  -3.4e-06 -3.28e-06 -4.45e-18 -5.76e-05  -0.00015  -1.7e-05 -9.75e-05         1 -1.61e-05 -9.85e-05 -0.000209  -1.3e-05 -6.87e-07 -0.000307 -5.17e-05 -3.11e-05 -4.96e-05 -9.37e-05  5.57e-05 -2.61e-05 -0.000106 -1.24e-05  -6.8e-05  1.83e-05  1.39e-05 -1.17e-05 -0.000494 -0.000109 -8.22e-08 -1.32e-05 -1.62e-05 -4.36e-05 -1.16e-06 -0.000133  4.15e-07  0.000126  0.000163 -0.000599 -1.42e-05 -4.14e-05 -0.000618  -0.00092 -0.000283 -9.43e-05 -0.000338 -0.000514 -5.74e-05 -0.000198  -0.00026 -6.39e-05 -0.000145 -0.000151 -0.000148  0.000239 -9.66e-05 -9.27e-05 -8.57e-05 -6.87e-05   -0.0011  -0.00122 -0.000299  -9.3e-05 -4.35e-06 -3.54e-06 -1.64e-07 -1.27e-08 -2.31e-09 -0.000334 -0.000156 -1.97e-05 -5.41e-07 -0.000386 -5.16e-05 -2.71e-05 -6.79e-06 -0.000114 -0.000141 -8.63e-05 -1.28e-05 -0.000112    -3e-05  0.000325  5.99e-06  6.01e-05 -4.55e-05  0.000226 -0.000135 -1.98e-05   -0.0014 -0.000441  -0.00099 -0.000142 -1.02e-05  -0.00032 -5.58e-05 -1.12e-06  -0.00127  -0.00028 -4.94e-05 -0.000665
 0.000438 -1.11e-05 -4.91e-05 -0.000198 -0.000433 -0.000129 -4.81e-17 -4.81e-17 -4.27e-06 -4.09e-06 -5.54e-18  -7.3e-05  -0.00019 -2.16e-05 -0.000124 -1.61e-05         1 -0.000125 -0.000266 -1.57e-05 -8.33e-07 -0.000384 -6.39e-05 -3.88e-05 -5.08e-05 -0.000117  7.07e-05 -3.27e-05 -0.000133 -1.51e-05 -8.55e-05  2.32e-05  1.76e-05 -1.45e-05 -0.000618 -0.000134 -1.04e-07 -1.69e-05 -2.05e-05 -5.36e-05 -1.45e-06 -0.000167  2.42e-06  0.000165  0.000206 -0.000735 -1.77e-05 -5.47e-05 -0.000801  -0.00119 -0.000368  -0.00012 -0.000433 -0.000662 -7.56e-05 -0.000252 -0.000337 -8.06e-05 -0.000185 -0.000194 -0.000187  0.000299 -0.000123 -0.000118 -0.000109 -8.68e-05  -0.00139  -0.00155 -0.000382 -0.000118 -5.61e-06 -4.47e-06 -2.05e-07 -1.57e-08 -2.91e-09 -0.000425 -0.000198 -2.53e-05  -6.3e-07 -0.000492 -6.46e-05 -3.39e-05 -8.55e-06 -0.000144  -0.00018  -0.00011 -7.09e-06 -0.000141 -3.82e-05  0.000411   8.8e-06  7.14e-05 -5.75e-05  0.000287 -0.000181 -2.51e-05  -0.00178 -0.000562  -0.00126 -0.000181 -1.29e-05 -0.000407 -7.08e-05 -1.42e-06  -0.00162 -0.000357 -6.31e-05 -0.000846
   0.0045 -7.17e-05 -0.000303   -0.0012  -0.00269 -0.000807 -3.22e-16 -3.22e-16 -2.38e-05 -2.12e-05 -3.94e-17 -0.000441  -0.00119 -0.000135 -0.000751 -9.85e-05 -0.000125         1  -0.00166 -0.000115 -8.32e-06  -0.00208  -0.00042 -0.000235  -0.00121 -0.000604   0.00038  -0.00019 -0.000717 -0.000169 -0.000463  0.000119  7.76e-05 -8.51e-05  -0.00405 -0.000854  -6.1e-07 -0.000109 -0.000123 -0.000458 -7.59e-06 -0.000889 -0.000188  0.000409   0.00103  -0.00676 -9.43e-05 -0.000476  -0.00598  -0.00903  -0.00281 -0.000912    -0.003  -0.00472  -0.00065  -0.00165  -0.00251 -0.000571   -0.0013  -0.00139  -0.00131   0.00159 -0.000759 -0.000719 -0.000659 -0.000494  -0.00939  -0.00929  -0.00258 -0.000698 -4.53e-05 -2.62e-05 -1.09e-06  -7.4e-08 -1.62e-08  -0.00264  -0.00114 -0.000167 -2.92e-06  -0.00295 -0.000352 -0.000183 -4.66e-05 -0.000772  -0.00108 -0.000647  0.000542 -0.000797 -0.000225   0.00235 -0.000316  0.000255 -0.000336   0.00146  -0.00174 -0.000159   -0.0104  -0.00333  -0.00738  -0.00106 -7.12e-05  -0.00239 -0.000408 -8.38e-06  -0.00954  -0.00213 -0.000381  -0.00525
  0.00933 -0.000155 -0.000642  -0.00253  -0.00572  -0.00172 -6.89e-16 -6.89e-16 -5.14e-05 -4.71e-05 -7.74e-17 -0.000935  -0.00252 -0.000287  -0.00159 -0.000209 -0.000266  -0.00166         1 -0.000192 -1.12e-05  -0.00423 -0.000781 -0.000476  -0.00231  -0.00124  0.000905 -0.000378   -0.0015 -0.000353 -0.000966  0.000291   0.00021 -0.000153  -0.00848  -0.00167 -1.31e-06 -0.000233 -0.000261 -0.000955 -1.59e-05  -0.00186 -0.000446  0.000705   0.00233   -0.0147 -0.000198  -0.00108   -0.0128   -0.0193  -0.00596  -0.00196  -0.00631     -0.01  -0.00143   -0.0035  -0.00534  -0.00123  -0.00277   -0.0029  -0.00279   0.00333  -0.00163  -0.00152  -0.00141  -0.00104   -0.0201   -0.0196  -0.00545  -0.00149 -9.77e-05 -5.57e-05 -2.38e-06 -1.56e-07 -3.46e-08  -0.00571  -0.00241 -0.000354 -8.26e-06  -0.00637 -0.000764 -0.000387 -9.89e-05  -0.00162  -0.00231  -0.00138  0.000911  -0.00169  -0.00054   0.00453 -0.000336  9.66e-05 -0.000932   0.00339  -0.00404 -0.000338    -0.022  -0.00714   -0.0157  -0.00226  -0.00015  -0.00509 -0.000871 -1.82e-05   -0.0204  -0.00457 -0.000825   -0.0112
   0.0107  0.000134 -4.62e-05  -0.00025 -0.000309  -3.3e-05  2.59e-16  2.59e-16  4.94e-05  8.28e-05 -5.36e-16 -9.99e-05 -0.000152 -1.84e-05 -0.000147  -1.3e-05 -1.57e-05 -0.000115 -0.000192         1 -0.000408  -0.00826  -0.00655  -0.00128   -0.0247  -0.00167  -0.00547  -0.00129 -0.000774  -0.00128  -0.00072  -0.00217  -0.00233  -0.00146   -0.0113  -0.00904  6.07e-07 -8.54e-05   4.8e-05  -0.00251 -2.55e-06 -0.000587  -0.00173   -0.0035   -0.0112  -0.00924 -5.68e-05   0.00041   0.00103  -0.00347  -0.00227   0.00086  -0.00199 -5.15e-05  0.000823   0.00101  0.000495  0.000775  0.000221  -0.00216  0.000252  -0.00248  0.000523 -0.000379  9.68e-05 -0.000237   0.00471  -0.00473  -0.00195  0.000274 -1.35e-05  1.38e-05  3.33e-06   2.9e-08  1.24e-08   0.00393  3.08e-05  -0.00011  9.17e-05   0.00399  0.000888  0.000123  1.57e-05 -3.71e-05  0.000548  0.000277   -0.0271  0.000231   0.00169    0.0136   -0.0183    0.0136   0.00759   -0.0164   0.00865 -9.03e-06   0.00194   0.00223  0.000501  0.000437 -4.79e-05  0.000852  0.000177  2.06e-05   0.00353   0.00105  0.000539 -0.000438
  0.00249  1.71e-05  6.76e-06 -2.33e-05 -1.99e-05  2.82e-06  3.93e-17  3.93e-17  6.71e-06  1.83e-05 -7.15e-17 -8.93e-06 -1.12e-05 -1.19e-06 -1.32e-05 -6.87e-07 -8.33e-07 -8.32e-06 -1.12e-05 -0.000408         1  -0.00109 -0.000906 -0.000158  -0.00296 -0.000204  -0.00084 -0.000187 -8.13e-05 -0.000115 -8.83e-05 -0.000314 -0.000348 -0.000198  -0.00131  -0.00131  9.27e-08 -7.11e-06 -5.02e-06 -0.000237 -6.26e-07 -3.96e-05 -0.000141  -0.00022  -0.00184  0.000543 -6.62e-06  1.03e-05 -0.000282  -0.00118 -0.000619   0.00019 -0.000335 -0.000319  8.03e-06    0.0002 -0.000162  0.000183  2.01e-05 -0.000352  0.000155   -0.0007  3.99e-05 -6.96e-05  2.12e-05 -3.62e-05   0.00156 -0.000676  -0.00025   5.2e-05 -1.64e-06   2.8e-06  3.23e-07  8.31e-10  1.91e-09  0.000583  2.87e-05 -1.62e-05  1.59e-05  0.000516   0.00016  2.94e-05  2.75e-06  6.02e-06  6.17e-05  3.41e-05  -0.00549 -3.39e-05  3.47e-05   0.00117  -0.00297  0.000769  0.000896  -0.00279  0.000551 -5.18e-06  0.000273   0.00027  2.28e-05  6.74e-05 -1.39e-06  0.000102  3.48e-05  2.73e-06  0.000333  6.79e-05  8.15e-05 -2.88e-05
   0.0508  0.000264  -0.00086  -0.00465   -0.0072  -0.00186  4.08e-16  4.08e-16 -2.58e-05  4.85e-05 -1.06e-15  -0.00167  -0.00303  -0.00035  -0.00271 -0.000307 -0.000384  -0.00208  -0.00423  -0.00826  -0.00109         1   -0.0188  -0.00471   -0.0517   -0.0108   -0.0123  -0.00463  -0.00778  -0.00187  -0.00505  -0.00466  -0.00575  -0.00467   -0.0407   -0.0289 -8.51e-07  1.26e-05 -0.000624  -0.00527 -9.21e-05  -0.00944  0.000722      0.01   -0.0218    0.0086  -0.00099   0.00419    0.0155    0.0115   0.00129   0.00274  -0.00688    0.0013   0.00611  -0.00275   0.00363   0.00146 -0.000676  -0.00542  0.000699    0.0065 -0.000148  -0.00287 -0.000804  -0.00319   0.00326   -0.0451  -0.00447  -0.00154  0.000127 -7.32e-05 -5.44e-06  -1.7e-06  -1.1e-07   0.00668  -0.00553 -0.000327  0.000161   0.00393 -0.000234  -0.00136 -0.000343  -0.00758 -0.000369  -0.00125    -0.104  -0.00661   0.00137    0.0449   -0.0453    0.0386    0.0185    -0.039    0.0395 -0.000468   -0.0351   -0.0025   -0.0207  -0.00261 -0.000523   -0.0052  -0.00114  2.11e-05     -0.02  -0.00197  0.000964   -0.0132
   0.0368  0.000272 -0.000104 -0.000875  -0.00129 -0.000255   4.9e-16   4.9e-16  8.72e-05  0.000191 -1.08e-15 -0.000329 -0.000591 -6.84e-05 -0.000514 -5.17e-05 -6.39e-05  -0.00042 -0.000781  -0.00655 -0.000906   -0.0188         1  -0.00278   -0.0509   -0.0039   -0.0116  -0.00286  -0.00201  -0.00246  -0.00171   -0.0045    -0.005  -0.00313   -0.0248   -0.0199  1.13e-06 -0.000122 -2.64e-05  -0.00502 -1.45e-05  -0.00174    -0.003  -0.00532   -0.0238   -0.0149 -0.000192   0.00125  0.000975   -0.0095  -0.00562   0.00164   -0.0052  -0.00196   0.00163   0.00154 -0.000132   0.00159 -0.000132  -0.00503  0.000556  -0.00487  0.000827  -0.00103   0.00017 -0.000733   0.00954    -0.013  -0.00433  0.000418 -2.32e-05  2.11e-05  5.16e-06 -1.07e-07  1.47e-08   0.00811 -0.000325 -0.000239  0.000195   0.00794   0.00177  0.000142  5.04e-06 -0.000669   0.00107  0.000437   -0.0604 -0.000397   0.00269    0.0273   -0.0407    0.0254    0.0155   -0.0364    0.0174 -0.000105   0.00117   0.00417 -0.000283  0.000693 -0.000106   0.00134  0.000319  3.99e-05   0.00519   0.00176   0.00117  -0.00211
-0.000748  4.67e-05 -8.02e-05 -0.000451  -0.00079  -0.00021  3.44e-17  3.44e-17  5.78e-06  1.97e-05  -1.8e-16 -0.000163 -0.000343 -3.95e-05 -0.000267 -3.11e-05 -3.88e-05 -0.000235 -0.000476  -0.00128 -0.000158  -0.00471  -0.00278         1   -0.0108  -0.00111  -0.00195  -0.00061 -0.000736 -0.000552 -0.000496 -0.000753 -0.000912 -0.000652  -0.00644  -0.00417  7.09e-08 -2.18e-06 -5.07e-05  -0.00122 -7.96e-06 -0.000832 -0.000578 -0.000792  -0.00365  -0.00701 -8.94e-05  0.000534  0.000692  -0.00105 -0.000615 -9.87e-05  -0.00149 -0.000614  0.000583 -0.000398 -6.47e-05 -2.74e-05 -0.000416  -0.00111 -0.000348  0.000523  9.03e-05  -0.00029 -1.81e-05  -0.00028  -0.00194  -0.00453  -0.00107 -7.82e-05 -5.02e-06 -4.58e-06  1.52e-07 -1.36e-07 -6.63e-09   0.00124 -0.000421 -5.03e-05  2.53e-05   0.00129  0.000123 -0.000101 -2.19e-05 -0.000595   0.00019 -2.48e-06  -0.00882 -0.000471  0.000579   0.00667   -0.0075   0.00643   0.00308  -0.00626   0.00494 -6.34e-05  -0.00178  0.000552 -0.000792 -5.62e-05 -4.36e-05  -1.2e-05 -2.07e-05   5.5e-06 -1.72e-05  0.000302  0.000214  -0.00137
     0.14   0.00117  0.000732 -0.000357  -0.00344  -0.00106  1.36e-15  1.36e-15  0.000276  0.000483 -4.31e-15 -6.24e-05  -0.00176 -0.000195 -0.000304 -4.96e-05 -5.08e-05  -0.00121  -0.00231   -0.0247  -0.00296   -0.0517   -0.0509   -0.0108         1  -0.00817   -0.0375  -0.00875  -0.00254   -0.0183  -0.00259   -0.0147   -0.0166   -0.0105    -0.135   -0.0762  6.44e-06 -1.86e-05  9.32e-05   -0.0358 -5.33e-06 -0.000367   -0.0406    -0.111    -0.087    -0.401 -0.000247  -0.00121  -0.00556   -0.0543   -0.0166   -0.0111   -0.0188  -0.00832   0.00147   0.00164  -0.00232  -0.00523   -0.0089   -0.0174   -0.0146    -0.017   0.00451 -0.000472   0.00206  0.000401   -0.0792   -0.0112   -0.0218   0.00263 -0.000673  0.000106  1.69e-05 -5.98e-08  1.16e-07    0.0269   0.00389  -0.00037  0.000336    0.0385   0.00496  0.000587  0.000278   0.00274    0.0104   0.00475    -0.185   0.00476    0.0107    0.0641    -0.148    0.0836    0.0426    -0.125    0.0407 -0.000572    0.0681    0.0326     0.049   0.00845  0.000133    0.0191   0.00335  0.000141    0.0761      0.02   0.00534  -0.00322
   0.0363  4.52e-05 -0.000274  -0.00143  -0.00214 -0.000558  1.07e-16  1.07e-16 -2.65e-05 -3.19e-05 -1.82e-16 -0.000508 -0.000883 -0.000102 -0.000825 -9.37e-05 -0.000117 -0.000604  -0.00124  -0.00167 -0.000204   -0.0108   -0.0039  -0.00111  -0.00817         1  -0.00202  -0.00106   -0.0024 -0.000188  -0.00149 -0.000767 -0.000993  -0.00104   -0.0094  -0.00628  -5.4e-07  1.55e-05 -0.000195 -0.000878 -2.93e-05  -0.00305  0.000626   0.00394  -0.00309   0.00604 -0.000315   0.00104   0.00679   0.00837   0.00243  0.000946 -0.000542    0.0022   0.00198 -0.000897   0.00219  0.000336  0.000209 -0.000472  0.000348   0.00303 -0.000177 -0.000771 -0.000352  -0.00098  0.000554    -0.013 -0.000386 -0.000633  5.78e-05 -2.95e-05 -2.92e-06 -5.78e-07 -4.16e-08  0.000716  -0.00189 -5.32e-05  1.52e-05 -0.000315 -0.000479 -0.000514 -0.000125  -0.00256 -0.000379 -0.000545   -0.0299  -0.00216  -8.2e-05   0.00981  -0.00716   0.00844   0.00315  -0.00601    0.0107 -0.000115   -0.0127  -0.00188  -0.00759  -0.00108 -0.000173  -0.00223 -0.000502 -4.75e-07  -0.00843  -0.00113  7.46e-05  -0.00401
   0.0556  0.000255  0.000129  0.000532   0.00151  0.000573  5.45e-16  5.45e-16  0.000132  0.000264 -8.77e-16  0.000171  0.000608   6.9e-05  0.000339  5.57e-05  7.07e-05   0.00038  0.000905  -0.00547  -0.00084   -0.0123   -0.0116  -0.00195   -0.0375  -0.00202         1   -0.0023 -0.000349  -0.00152 -0.000672   -0.0044  -0.00487  -0.00261   -0.0133   -0.0157  1.74e-06 -7.73e-05  0.000122  -0.00285  4.52e-06  0.000384 -0.000652  0.000272   -0.0238    0.0149  4.87e-05   0.00104  -0.00282   -0.0142  -0.00818   0.00259  -0.00484  -0.00349  0.000657   0.00263  -0.00197   0.00253  0.000491  -0.00503   0.00233   -0.0086   0.00133 -0.000407  0.000851 -6.88e-06    0.0239  -0.00257  -0.00253   0.00131 -1.07e-05  5.84e-05  7.75e-06  2.11e-07  4.28e-08      0.01   0.00127 -0.000194  0.000229    0.0098   0.00262  0.000611  9.39e-05  0.000941    0.0016   0.00103   -0.0464  0.000576   0.00255    0.0231   -0.0386    0.0202    0.0156   -0.0371    0.0128  4.81e-05    0.0116   0.00663   0.00616   0.00167  2.29e-05   0.00346  0.000789  4.76e-05    0.0131   0.00295   0.00139   0.00317
  0.00955   4.8e-05 -6.47e-05   -0.0004 -0.000634 -0.000154  6.62e-17  6.62e-17  1.09e-05  3.87e-05 -1.94e-16 -0.000148 -0.000276 -3.17e-05 -0.000236 -2.61e-05 -3.27e-05  -0.00019 -0.000378  -0.00129 -0.000187  -0.00463  -0.00286  -0.00061  -0.00875  -0.00106   -0.0023         1 -0.000669 -0.000346 -0.000496 -0.000869  -0.00102 -0.000667  -0.00511   -0.0042  1.08e-07 -1.49e-05 -4.71e-05 -0.000797 -7.04e-06 -0.000707 -2.22e-05  0.000813  -0.00437   0.00129 -7.75e-05  0.000568   0.00022  -0.00184  -0.00121  0.000368  -0.00149 -0.000876  0.000479 -2.01e-05 -0.000263  0.000331 -0.000188   -0.0012  0.000152 -0.000278  5.92e-05 -0.000343 -2.36e-05 -0.000291   0.00185  -0.00456 -0.000975 -3.13e-05   4.4e-06 -1.32e-06  4.88e-07 -9.01e-08 -3.12e-09   0.00148 -0.000354 -6.06e-05  4.11e-05   0.00126  0.000279 -4.02e-05 -1.55e-05 -0.000476  8.04e-05 -2.49e-05   -0.0109 -0.000454  0.000453   0.00658  -0.00844   0.00546   0.00335  -0.00739   0.00436 -5.29e-05   -0.0021  0.000362  -0.00139 -7.03e-05 -3.87e-05 -0.000143 -9.64e-06  6.63e-06 -0.000658   4.6e-05  0.000216  -0.00114
 -0.00368  1.58e-06 -0.000285   -0.0015  -0.00254 -0.000707 -3.46e-17 -3.46e-17 -4.31e-05 -5.01e-05 -7.21e-17 -0.000539  -0.00106 -0.000123 -0.000888 -0.000106 -0.000133 -0.000717   -0.0015 -0.000774 -8.13e-05  -0.00778  -0.00201 -0.000736  -0.00254   -0.0024 -0.000349 -0.000669         1   1.6e-05  -0.00125 -0.000118 -0.000263 -0.000564  -0.00692   -0.0036 -7.45e-07 -5.45e-07 -0.000203 -0.000427 -2.61e-05  -0.00268  0.000737   0.00373  0.000479   0.00271 -0.000286   0.00101   0.00473   0.00662   0.00228  0.000288 -0.000664   0.00113   0.00146  -0.00126   0.00148 -0.000121 -0.000216 -0.000184  -0.00027   0.00405 -0.000501 -0.000778 -0.000552 -0.000934  -0.00432   -0.0125 -0.000719 -0.000842   4.4e-05 -3.74e-05  -3.3e-06 -4.69e-07 -3.93e-08  -0.00108  -0.00194 -5.32e-05  -8.6e-06  -0.00195  -0.00073 -0.000517 -0.000117  -0.00227 -0.000739 -0.000714   -0.0144  -0.00191 -0.000246   0.00661  -0.00217   0.00508   0.00105 -0.000592   0.00718 -0.000147   -0.0141  -0.00301  -0.00862   -0.0013 -0.000155  -0.00272 -0.000566 -7.28e-06   -0.0105  -0.00173 -0.000166  -0.00484
  -0.0122  4.57e-05 -4.51e-06 -8.03e-05 -0.000531  -0.00018 -3.24e-18 -3.24e-18  1.33e-05  3.43e-06 -2.52e-16 -2.73e-05 -0.000257  -2.9e-05 -6.74e-05 -1.24e-05 -1.51e-05 -0.000169 -0.000353  -0.00128 -0.000115  -0.00187  -0.00246 -0.000552   -0.0183 -0.000188  -0.00152 -0.000346   1.6e-05         1  -4.2e-05 -0.000658 -0.000679 -0.000466  -0.00846   -0.0036  2.83e-07 -4.52e-05  3.47e-05  -0.00248  3.42e-06  0.000173  -0.00325   -0.0091  -0.00396   -0.0335  1.13e-05  -0.00064  -0.00166   -0.0047  -0.00107  -0.00117  -0.00114 -0.000821 -0.000243 -0.000147 -0.000294 -0.000684 -0.000713 -0.000915  -0.00152 -0.000737  0.000175  -4.8e-06 -2.23e-05  9.22e-05  -0.00923  -0.00044  -0.00177  5.02e-05 -6.51e-05  3.11e-06  1.24e-06  6.27e-08  8.32e-09  0.000551  0.000229 -4.38e-05  2.76e-06    0.0015  0.000147  3.93e-05  2.14e-05  0.000361  0.000437  0.000214  -0.00796    0.0006  0.000781   0.00267  -0.00614   0.00476   0.00157  -0.00456  0.000794 -3.34e-05    0.0038   0.00139   0.00246  0.000406  6.27e-06  0.000897  0.000139  5.82e-06   0.00375  0.000954  0.000164  -0.00085
   0.0013  1.39e-05 -0.000169  -0.00096  -0.00164 -0.000451  3.49e-17  3.49e-17 -2.29e-05 -2.11e-05 -1.32e-16 -0.000348 -0.000689 -7.94e-05 -0.000572  -6.8e-05 -8.55e-05 -0.000463 -0.000966  -0.00072 -8.83e-05  -0.00505  -0.00171 -0.000496  -0.00259  -0.00149 -0.000672 -0.000496  -0.00125  -4.2e-05         1 -0.000262 -0.000281 -0.000418  -0.00453  -0.00275 -4.33e-07 -4.57e-05 -0.000101 -0.000315 -1.42e-05  -0.00157  0.000264   0.00176  -0.00071   0.00277 -0.000171  0.000578   0.00319   0.00424   0.00132  0.000562 -8.94e-05   0.00123  0.000881 -0.000152   0.00136  0.000179  0.000206 -4.83e-05  4.15e-05   0.00185 -0.000368 -0.000568 -0.000471 -0.000614 -0.000901  -0.00814  -0.00069 -0.000561  3.08e-05 -2.23e-05 -1.34e-06 -1.93e-07 -1.79e-08 -0.000703  -0.00118 -4.63e-05  8.16e-06   -0.0014 -0.000349 -0.000264 -6.37e-05  -0.00119 -0.000638 -0.000509    -0.012 -0.000888  4.48e-06   0.00454  -0.00245   0.00339  0.000973  -0.00112   0.00416 -7.94e-05  -0.00939  -0.00228  -0.00648 -0.000855 -0.000101  -0.00197  -0.00037 -3.21e-06  -0.00757  -0.00141 -0.000148  -0.00319
   0.0214  9.22e-05  1.45e-05  0.000179  0.000498  0.000195  1.97e-16  1.97e-16   5.4e-05  9.38e-05 -3.58e-16  5.35e-05  0.000193  2.15e-05   0.00011  1.83e-05  2.32e-05  0.000119  0.000291  -0.00217 -0.000314  -0.00466   -0.0045 -0.000753   -0.0147 -0.000767   -0.0044 -0.000869 -0.000118 -0.000658 -0.000262         1  -0.00186  -0.00101  -0.00521  -0.00592  6.42e-07 -6.19e-05  7.25e-05   -0.0012  3.56e-06   0.00018 -0.000442 -0.000366  -0.00913   0.00448  2.95e-05  0.000161  -0.00134  -0.00572   -0.0032   0.00103  -0.00183  -0.00124  0.000211   0.00104 -0.000638  0.000976  0.000287  -0.00192  0.000821  -0.00337  0.000515 -0.000168  0.000265  9.72e-06   0.00882  -0.00114  -0.00114  0.000479 -9.66e-06  2.24e-05   3.4e-06  1.16e-07  1.76e-08   0.00365  0.000474 -9.29e-05  8.79e-05   0.00356     0.001  0.000251   3.8e-05  0.000432  0.000508  0.000365   -0.0185  0.000372   0.00118   0.00943   -0.0142   0.00868   0.00609   -0.0137   0.00494  3.14e-05   0.00407    0.0023   0.00184  0.000583  1.34e-07   0.00117  0.000266  1.85e-05    0.0045  0.000994  0.000478   0.00102
   0.0208  9.58e-05 -5.47e-06  0.000104  0.000372  0.000162  1.19e-16  1.19e-16  5.71e-05  0.000115 -3.12e-16  2.82e-05  0.000135  1.53e-05  7.08e-05  1.39e-05  1.76e-05  7.76e-05   0.00021  -0.00233 -0.000348  -0.00575    -0.005 -0.000912   -0.0166 -0.000993  -0.00487  -0.00102 -0.000263 -0.000679 -0.000281  -0.00186         1  -0.00117  -0.00642  -0.00686  7.24e-07 -6.01e-07  1.91e-05  -0.00134 -6.37e-07 -2.25e-05  0.000132   0.00153  -0.00967   0.00542  8.37e-06  0.000746  -0.00285  -0.00874  -0.00442  0.000529  -0.00352  -0.00335  0.000299  0.000106  -0.00205  0.000762 -0.000506  -0.00288  0.000561  -0.00265   0.00061 -0.000205  0.000477 -2.78e-05   0.00724  -0.00215  -0.00146  0.000573 -1.62e-05  2.27e-05  3.05e-06  5.47e-10  1.17e-08   0.00451  0.000421 -0.000109  9.56e-05   0.00461   0.00111  0.000207  3.16e-05  0.000131  0.000834  0.000493   -0.0125 -0.000123    0.0013    0.0123   -0.0172    0.0109   0.00755   -0.0165   0.00688 -2.11e-05   0.00481    0.0033   0.00334  0.000716  7.93e-06   0.00173  0.000356  2.06e-05   0.00644    0.0016  0.000674  0.000936
   0.0103  5.72e-05 -4.99e-05 -0.000218 -0.000256  -4.1e-05   9.1e-17   9.1e-17  2.08e-05  4.11e-05 -2.05e-16 -8.17e-05 -0.000115 -1.36e-05 -0.000123 -1.17e-05 -1.45e-05 -8.51e-05 -0.000153  -0.00146 -0.000198  -0.00467  -0.00313 -0.000652   -0.0105  -0.00104  -0.00261 -0.000667 -0.000564 -0.000466 -0.000418  -0.00101  -0.00117         1  -0.00532  -0.00446  2.36e-07 -8.82e-06 -1.58e-05 -0.000992 -5.05e-06 -0.000565 -0.000226  0.000249  -0.00513 -2.11e-05 -5.42e-05  0.000425  0.000377  -0.00185  -0.00126  0.000382  -0.00145 -0.000653  0.000526  1.81e-05 -0.000189  0.000362 -0.000111  -0.00127  0.000207 -0.000682  0.000251 -0.000225  0.000115 -0.000186   0.00261  -0.00327 -0.000803  0.000124  2.09e-07  4.52e-06  9.67e-07  -8.9e-08 -1.11e-09   0.00209 -0.000148 -5.64e-05  4.38e-05   0.00201  0.000388 -9.57e-07 -7.21e-06  -0.00036  0.000307  0.000121   -0.0126 -0.000326  0.000654   0.00728  -0.00909   0.00678   0.00392   -0.0084    0.0051 -2.53e-05  5.63e-07   0.00113  0.000106  0.000136 -3.11e-05  0.000363  6.28e-05  9.35e-06   0.00142  0.000533  0.000304 -0.000377
   0.0235  0.000274 -0.000952  -0.00626   -0.0139  -0.00411  -4.5e-16  -4.5e-16 -7.01e-05 -1.22e-05  -1.9e-15  -0.00222  -0.00609 -0.000692  -0.00385 -0.000494 -0.000618  -0.00405  -0.00848   -0.0113  -0.00131   -0.0407   -0.0248  -0.00644    -0.135   -0.0094   -0.0133  -0.00511  -0.00692  -0.00846  -0.00453  -0.00521  -0.00642  -0.00532         1   -0.0401 -5.59e-07 -0.000175 -0.000798    -0.018 -7.94e-05  -0.00787   -0.0184   -0.0455   -0.0299     -0.21 -0.000953 -0.000658  -0.00874   -0.0327  -0.00816  -0.00828   -0.0162   -0.0136   0.00128   -0.0072  -0.00484   -0.0052  -0.00854   -0.0104   -0.0116   0.00599  -0.00129  -0.00335   -0.0019  -0.00286   -0.0784   -0.0519    -0.017  -0.00255 -0.000356 -0.000108 -5.95e-06  -1.4e-06 -8.75e-08  0.000515  -0.00521 -0.000602  4.01e-05   0.00364  -0.00097  -0.00147 -0.000264  -0.00575  0.000463  -0.00106     -0.11  -0.00436   0.00181     0.036   -0.0625     0.037    0.0141    -0.045    0.0216  -0.00101   -0.0243 -0.000743   -0.0129  -0.00166 -0.000403  -0.00315 -0.000769  1.18e-05   -0.0121 -0.000133  0.000849   -0.0252
   0.0587   0.00039 -7.95e-05  -0.00175  -0.00281 -0.000668  6.65e-16  6.65e-16  7.64e-05  0.000247 -1.44e-15 -0.000622  -0.00123  -0.00014  -0.00102 -0.000109 -0.000134 -0.000854  -0.00167  -0.00904  -0.00131   -0.0289   -0.0199  -0.00417   -0.0762  -0.00628   -0.0157   -0.0042   -0.0036   -0.0036  -0.00275  -0.00592  -0.00686  -0.00446   -0.0401         1  1.33e-06 -9.88e-06 -0.000268  -0.00775 -3.91e-05  -0.00356  -0.00517   -0.0102   -0.0328   -0.0363 -0.000433   0.00215   0.00318   -0.0112  -0.00643   0.00123  -0.00741  -0.00309   0.00252   0.00104 -0.000372   0.00145  -0.00121  -0.00686 -3.11e-05   -0.0052  0.000825   -0.0016  0.000241  -0.00136   0.00568   -0.0218  -0.00594  0.000263 -3.33e-05  1.12e-05  2.63e-06 -5.77e-07 -5.62e-09    0.0108  -0.00112 -0.000255  0.000233    0.0107   0.00189 -0.000151  -5.6e-05  -0.00219    0.0018  0.000486   -0.0963  -0.00203   0.00204     0.033   -0.0589    0.0292    0.0192   -0.0521    0.0236 -0.000289 -0.000877   0.00576 -0.000176  0.000803 -0.000157   0.00168  0.000383  4.72e-05   0.00609   0.00256   0.00174  -0.00466
    1e-05 -8.79e-08  -2.6e-07 -1.03e-06 -2.15e-06 -6.45e-07 -2.37e-19 -2.37e-19 -3.79e-08 -6.22e-08  7.96e-20 -3.74e-07 -9.29e-07 -1.06e-07 -6.36e-07 -8.22e-08 -1.04e-07  -6.1e-07 -1.31e-06  6.07e-07  9.27e-08 -8.51e-07  1.13e-06  7.09e-08  6.44e-06  -5.4e-07  1.74e-06  1.08e-07 -7.45e-07  2.83e-07 -4.33e-07  6.42e-07  7.24e-07  2.36e-07 -5.59e-07  1.33e-06         1 -8.29e-08 -1.13e-07  4.04e-07 -8.91e-09 -1.05e-06  2.96e-07  1.49e-06  3.66e-06  6.63e-07 -1.07e-07 -7.19e-07 -2.18e-06  -1.7e-06 -9.95e-08 -3.03e-07 -5.99e-07  -1.6e-06 -3.25e-07 -1.16e-06 -6.36e-07 -3.72e-07 -4.13e-07  1.41e-07 -6.47e-07  1.94e-06 -7.65e-07 -5.32e-07 -6.74e-07 -4.68e-07 -6.15e-06 -7.43e-06 -9.94e-07 -7.48e-07 -1.03e-08 -2.84e-08 -2.31e-09 -1.48e-10 -2.28e-11 -3.33e-06 -1.21e-06 -9.03e-08  -3.1e-08 -3.98e-06 -6.78e-07 -2.58e-07 -6.52e-08 -9.93e-07 -1.21e-06 -7.33e-07 -4.15e-06 -9.15e-07 -8.62e-07  -2.1e-06  5.65e-06 -3.56e-06 -2.73e-06  6.18e-06  -2.6e-06 -9.64e-08 -1.12e-05 -4.05e-06 -7.98e-06 -1.21e-06 -8.22e-08 -2.79e-06 -5.19e-07 -1.34e-08 -1.09e-05 -2.46e-06  -5.3e-07 -4.31e-06
  0.00256  -1.4e-05 -5.73e-05 -0.000145 -0.000369  -0.00011 -3.48e-17 -3.48e-17  1.96e-06 -2.27e-06 -4.38e-17 -5.72e-05 -0.000168 -1.93e-05 -9.68e-05 -1.32e-05 -1.69e-05 -0.000109 -0.000233 -8.54e-05 -7.11e-06  1.26e-05 -0.000122 -2.18e-06 -1.86e-05  1.55e-05 -7.73e-05 -1.49e-05 -5.45e-07 -4.52e-05 -4.57e-05 -6.19e-05 -6.01e-07 -8.82e-06 -0.000175 -9.88e-06 -8.29e-08         1  1.39e-05 -3.93e-05  1.88e-06     4e-05 -0.000179 -0.000363 -0.000294  4.08e-05  8.57e-06 -0.000399  -0.00137    -0.002 -0.000713  0.000102 -0.000242 -0.000581 -0.000254  9.27e-05 -0.000267  7.84e-05  5.38e-05 -0.000152 -5.72e-05 -0.000436 -0.000129 -0.000124 -0.000173 -4.31e-05 -0.000106  -0.00119 -0.000507 -9.83e-05 -1.05e-05 -1.68e-06  4.49e-07  6.36e-08  1.91e-09 -0.000548 -9.77e-05 -4.35e-05  5.75e-06 -0.000687   2.3e-05  3.06e-05  1.31e-06  9.33e-05 -0.000313  -0.00013  -0.00261  0.000126  4.63e-05  0.000171  0.000158 -8.76e-05 -6.46e-05  0.000331  -0.00102 -1.85e-06  -0.00167 -0.000825  -0.00175 -0.000191 -1.25e-05 -0.000543 -8.19e-05 -5.75e-07  -0.00209 -0.000576 -0.000118 -0.000791
  0.00363 -1.07e-05 -3.25e-05 -0.000214 -0.000434 -0.000129 -4.97e-17 -4.97e-17  -8.5e-06  -2.7e-06  2.16e-17 -7.49e-05 -0.000186 -2.09e-05 -0.000129 -1.62e-05 -2.05e-05 -0.000123 -0.000261   4.8e-05 -5.02e-06 -0.000624 -2.64e-05 -5.07e-05  9.32e-05 -0.000195  0.000122 -4.71e-05 -0.000203  3.47e-05 -0.000101  7.25e-05  1.91e-05 -1.58e-05 -0.000798 -0.000268 -1.13e-07  1.39e-05         1 -1.34e-05 -3.85e-06 -0.000278  0.000103  0.000452  0.000273 -0.000451  -3.4e-05  5.02e-05 -0.000649  -0.00103 -0.000289 -0.000206 -0.000503 -0.000831 -4.36e-05 -0.000421 -0.000487  -0.00013 -0.000318 -0.000208 -0.000178  0.000432 -0.000134 -0.000113 -5.67e-05 -0.000111  -0.00155  -0.00169 -0.000233 -0.000114 -2.99e-06 -5.37e-06 -8.02e-07 -7.89e-08  -6.4e-09 -0.000322 -0.000238 -1.19e-05 -4.05e-06 -0.000394 -0.000106    -7e-05 -1.56e-05 -0.000303 -9.17e-05 -9.46e-05 -0.000981 -0.000374 -0.000294 -0.000256 -0.000301 -0.000868  -0.00029 -9.05e-05 -0.000218 -3.95e-05  -0.00174 -0.000406 -0.000897 -0.000162  -9.7e-06  -0.00032 -5.82e-05 -2.15e-06  -0.00137 -0.000258 -2.31e-05 -0.000813
  -0.0173  8.97e-05 -3.43e-05 -0.000447   -0.0015 -0.000482 -2.28e-17 -2.28e-17  1.11e-05 -1.47e-06 -4.56e-16 -0.000152  -0.00069 -7.79e-05 -0.000297 -4.36e-05 -5.36e-05 -0.000458 -0.000955  -0.00251 -0.000237  -0.00527  -0.00502  -0.00122   -0.0358 -0.000878  -0.00285 -0.000797 -0.000427  -0.00248 -0.000315   -0.0012  -0.00134 -0.000992    -0.018  -0.00775  4.04e-07 -3.93e-05 -1.34e-05         1  -1.5e-06 -0.000298  -0.00605   -0.0167  -0.00729   -0.0651 -5.28e-05 -0.000845  -0.00214  -0.00766   -0.0015  -0.00245  -0.00249  -0.00166  -0.00015 -0.000822 -0.000541  -0.00149  -0.00168  -0.00184  -0.00307 -0.000324  0.000237 -0.000132  -6.1e-05 -1.67e-05   -0.0196  -0.00321  -0.00338  -5.3e-05 -0.000116 -2.46e-06  9.42e-07 -5.26e-08  4.09e-09  0.000993  4.09e-05 -7.24e-05 -3.16e-06   0.00273  7.82e-05 -7.38e-05   1.1e-05  7.02e-05  0.000867  0.000318   -0.0177  0.000502   0.00115    0.0055   -0.0126   0.00899   0.00289  -0.00927   0.00287 -0.000116   0.00503   0.00245   0.00392  0.000595 -9.46e-06   0.00143  0.000194  8.78e-06   0.00595   0.00175   0.00035  -0.00248
 -7.6e-05  5.79e-08 -2.09e-06 -1.71e-05 -2.75e-05  -7.7e-06 -6.13e-19 -6.13e-19 -7.65e-07 -5.61e-07  1.15e-18 -5.95e-06 -1.12e-05 -1.28e-06 -9.89e-06 -1.16e-06 -1.45e-06 -7.59e-06 -1.59e-05 -2.55e-06 -6.26e-07 -9.21e-05 -1.45e-05 -7.96e-06 -5.33e-06 -2.93e-05  4.52e-06 -7.04e-06 -2.61e-05  3.42e-06 -1.42e-05  3.56e-06 -6.37e-07 -5.05e-06 -7.94e-05 -3.91e-05 -8.91e-09  1.88e-06 -3.85e-06  -1.5e-06         1 -3.57e-05  1.58e-05  6.08e-05  2.48e-05  3.09e-05 -4.07e-06  2.17e-05  7.09e-05  0.000102  3.79e-05    -4e-06 -9.37e-06  8.73e-06  2.01e-05 -2.47e-05  1.16e-05  -6.2e-06 -1.06e-05 -5.26e-07 -4.67e-06  6.34e-05 -5.97e-06 -7.68e-06 -3.06e-06 -1.14e-05 -7.59e-05 -0.000139   1.8e-06 -9.45e-06  7.05e-07 -4.91e-07 -6.96e-08 -8.49e-09 -6.21e-10 -8.16e-06 -2.37e-05  4.17e-07 -3.85e-07 -1.64e-05 -1.14e-05 -7.99e-06 -1.66e-06 -3.36e-05 -2.68e-06 -6.89e-06 -0.000112 -3.27e-05 -1.38e-05  4.18e-05 -2.41e-05   1.5e-05 -2.11e-06 -7.89e-06  8.56e-05 -2.46e-06 -0.000151 -2.31e-05 -7.03e-05 -1.31e-05  -1.5e-06 -2.39e-05 -5.41e-06 -1.32e-07  -9.6e-05 -1.15e-05  2.84e-07 -5.01e-05
 -0.00741 -1.03e-05 -0.000362  -0.00191  -0.00317 -0.000885 -6.98e-17 -6.98e-17 -6.49e-05 -8.48e-05  4.76e-18  -0.00068  -0.00132 -0.000152  -0.00112 -0.000133 -0.000167 -0.000889  -0.00186 -0.000587 -3.96e-05  -0.00944  -0.00174 -0.000832 -0.000367  -0.00305  0.000384 -0.000707  -0.00268  0.000173  -0.00157   0.00018 -2.25e-05 -0.000565  -0.00787  -0.00356 -1.05e-06     4e-05 -0.000278 -0.000298 -3.57e-05         1   0.00124   0.00549   0.00249   0.00363 -0.000382   0.00145   0.00718    0.0109   0.00395  0.000163 -0.000454   0.00202   0.00206  -0.00199   0.00219 -0.000366  -0.00034  0.000162  -0.00044    0.0062 -0.000632 -0.000903 -0.000651  -0.00119  -0.00695   -0.0154 -0.000394  -0.00111  6.51e-05 -5.14e-05 -5.09e-06 -6.84e-07 -5.68e-08  -0.00169  -0.00257 -3.41e-05 -3.07e-05  -0.00275  -0.00115 -0.000741 -0.000163  -0.00315 -0.000875 -0.000916   -0.0143  -0.00266 -0.000488   0.00733 -7.49e-05   0.00577  0.000482    0.0016   0.00949 -0.000189   -0.0183  -0.00384   -0.0106   -0.0017   -0.0002  -0.00345 -0.000752 -1.22e-05   -0.0132  -0.00208 -0.000235  -0.00601
  -0.0289  5.98e-05   0.00025  0.000277 -0.000661 -0.000317  2.61e-16  2.61e-16 -1.23e-05 -0.000104 -6.27e-16  0.000136 -0.000327 -3.53e-05  0.000111  4.15e-07  2.42e-06 -0.000188 -0.000446  -0.00173 -0.000141  0.000722    -0.003 -0.000578   -0.0406  0.000626 -0.000652 -2.22e-05  0.000737  -0.00325  0.000264 -0.000442  0.000132 -0.000226   -0.0184  -0.00517  2.96e-07 -0.000179  0.000103  -0.00605  1.58e-05   0.00124         1   -0.0366  -0.00795    -0.105  7.55e-05  -0.00575 -0.000294  -0.00289   0.00204  -0.00209   0.00473   0.00483  -0.00209   0.00255   0.00338  -0.00152  0.000545   0.00218  -0.00317  -0.00697 -0.000157  0.000403 -0.000623  0.000522    -0.021   0.00516  -0.00211 -0.000167 -0.000179   7.7e-06  -5.9e-07  2.04e-07  2.24e-08  -0.00286  0.000968   5.4e-05 -8.33e-05 -0.000983 -0.000462  0.000106  4.27e-05   0.00151  0.000329  0.000163   -0.0745   0.00219  -0.00186   -0.0204   -0.0023   -0.0134   -0.0079 -0.000775   -0.0146  6.89e-05    0.0102  8.99e-05     0.004  0.000786   4.6e-05  0.000673  8.09e-05 -4.01e-06   0.00362  0.000319 -0.000294  -0.00136
  -0.0698  0.000247   0.00126   0.00244   0.00133 -2.01e-06   1.1e-15   1.1e-15  -4.1e-05 -0.000298 -1.66e-15     0.001  0.000488  6.23e-05   0.00132  0.000126  0.000165  0.000409  0.000705   -0.0035  -0.00022      0.01  -0.00532 -0.000792    -0.111   0.00394  0.000272  0.000813   0.00373   -0.0091   0.00176 -0.000366   0.00153  0.000249   -0.0455   -0.0102  1.49e-06 -0.000363  0.000452   -0.0167  6.08e-05   0.00549   -0.0366         1   -0.0189    -0.311  0.000376   -0.0155   0.00717   0.00551    0.0113  -0.00602    0.0189     0.021  -0.00572   0.00986    0.0136  -0.00452   0.00289   0.00939  -0.00863   -0.0205   5.7e-05   0.00223  -0.00125   0.00227   -0.0579      0.03  -0.00293  9.69e-05 -0.000469  4.38e-05 -1.07e-06  9.28e-07  9.81e-08   -0.0075   0.00444  0.000464 -0.000284  -0.00107  -0.00135   0.00054  0.000211   0.00612    0.0021   0.00116     -0.19   0.00826  -0.00531   -0.0692  0.000927   -0.0454   -0.0264   0.00455   -0.0456  0.000361    0.0433   0.00353    0.0214   0.00362   0.00028   0.00485  0.000791 -1.13e-05    0.0219    0.0033 -0.000656   0.00237
    0.112  0.000446  0.000466   0.00186   0.00394   0.00135  1.28e-15  1.28e-15  0.000281  0.000497 -1.99e-15  0.000662   0.00157  0.000181   0.00113  0.000163  0.000206   0.00103   0.00233   -0.0112  -0.00184   -0.0218   -0.0238  -0.00365    -0.087  -0.00309   -0.0238  -0.00437  0.000479  -0.00396  -0.00071  -0.00913  -0.00967  -0.00513   -0.0299   -0.0328  3.66e-06 -0.000294  0.000273  -0.00729  2.48e-05   0.00249  -0.00795   -0.0189         1  0.000381   0.00027  -0.00519   -0.0134   -0.0407   -0.0197   0.00589   -0.0058  -0.00737  -0.00215   0.00782  -0.00473    0.0058   0.00245  -0.00853   0.00542   -0.0298   0.00242  -0.00046   0.00153  0.000613    0.0553   0.00114  -0.00466   0.00301  -0.00015  0.000151  1.36e-05  4.35e-07  9.47e-08    0.0184   0.00383 -0.000418  0.000432    0.0175   0.00549   0.00157  0.000214   0.00304   0.00292   0.00215    -0.194   0.00161  0.000309    0.0183   -0.0777    0.0127    0.0219   -0.0786    0.0038  0.000265    0.0309    0.0121    0.0139   0.00384  0.000125   0.00674    0.0016  9.05e-05    0.0254   0.00452   0.00245   0.00757
   -0.239  0.000367  0.000879  -0.00436   -0.0231  -0.00837  -2.3e-15  -2.3e-15 -0.000471  -0.00115 -3.06e-15  -0.00126   -0.0105  -0.00117  -0.00323 -0.000599 -0.000735  -0.00676   -0.0147  -0.00924  0.000543    0.0086   -0.0149  -0.00701    -0.401   0.00604    0.0149   0.00129   0.00271   -0.0335   0.00277   0.00448   0.00542 -2.11e-05     -0.21   -0.0363  6.63e-07  4.08e-05 -0.000451   -0.0651  3.09e-05   0.00363    -0.105    -0.311  0.000381         1 -0.000274   -0.0207   -0.0242   -0.0582    0.0179   -0.0554  -0.00513  -0.00358   -0.0114    -0.017   0.00216   -0.0378   -0.0286   0.00125   -0.0621    0.0223  -0.00248   0.00284    -0.004    0.0029    -0.439    0.0116   -0.0386  -0.00528  -0.00195  -0.00023 -1.98e-05 -4.24e-08  2.22e-08   -0.0341   0.00168  0.000521  -0.00127 -0.000529   -0.0105  -0.00265  0.000156   0.00568   0.00928   0.00232   -0.0169    0.0132    0.0022    -0.084  -0.00554   -0.0083   -0.0486    0.0415   -0.0612  -0.00181    0.0798    0.0166    0.0675   0.00669  0.000472    0.0161   0.00163 -9.46e-05    0.0693    0.0195 -0.000756   -0.0392
-0.000537  2.18e-06 -2.59e-05 -0.000203  -0.00034 -9.57e-05  1.67e-18  1.67e-18 -8.49e-06 -7.99e-06 -3.81e-18 -7.16e-05  -0.00014 -1.61e-05 -0.000119 -1.42e-05 -1.77e-05 -9.43e-05 -0.000198 -5.68e-05 -6.62e-06  -0.00099 -0.000192 -8.94e-05 -0.000247 -0.000315  4.87e-05 -7.75e-05 -0.000286  1.13e-05 -0.000171  2.95e-05  8.37e-06 -5.42e-05 -0.000953 -0.000433 -1.07e-07  8.57e-06  -3.4e-05 -5.28e-05 -4.07e-06 -0.000382  7.55e-05  0.000376   0.00027 -0.000274         1  0.000215  0.000966   0.00143  0.000538  2.16e-06  3.25e-05  0.000336  0.000232 -0.000155  0.000313  -5.2e-05 -3.65e-05  6.48e-05 -6.15e-05  0.000686 -8.13e-05 -9.67e-05 -7.49e-05 -0.000132   -0.0009   -0.0016  -3.3e-05 -0.000128  8.06e-06 -5.87e-06  -6.2e-07 -7.06e-08 -5.65e-09 -0.000194 -0.000272  2.88e-06 -3.84e-06 -0.000294 -0.000132 -8.23e-05  -1.7e-05 -0.000326 -8.08e-05 -9.84e-05  -0.00133 -0.000272 -8.34e-05  0.000539 -0.000121  0.000349 -4.02e-05  0.000153  0.000918 -2.35e-05  -0.00189 -0.000396  -0.00107  -0.00017 -1.93e-05 -0.000353 -7.33e-05 -1.48e-06  -0.00137 -0.000211 -2.12e-05 -0.000639
  -0.0943 -0.000253  -0.00035 -0.000247  -0.00161 -0.000561 -3.74e-16 -3.74e-16   1.9e-05 -0.000101 -1.05e-16 -8.43e-05 -0.000787 -8.85e-05 -0.000227 -4.14e-05 -5.47e-05 -0.000476  -0.00108   0.00041  1.03e-05   0.00419   0.00125  0.000534  -0.00121   0.00104   0.00104  0.000568   0.00101  -0.00064  0.000578  0.000161  0.000746  0.000425 -0.000658   0.00215 -7.19e-07 -0.000399  5.02e-05 -0.000845  2.17e-05   0.00145  -0.00575   -0.0155  -0.00519   -0.0207  0.000215         1   -0.0193   -0.0273   -0.0083   0.00021  0.000444  -0.00721  -0.00507  0.000224  -0.00482  0.000424  0.000591  8.16e-05 -0.000195   -0.0121  -0.00095 -0.000254 -0.000934  0.000411   0.00145  -0.00166  -0.00207 -0.000202 -0.000205  1.53e-05 -1.18e-06  6.74e-08 -8.44e-09  -0.00589  0.000284 -0.000329  -3.8e-05  -0.00696 -4.64e-05  0.000326 -1.17e-05  0.000752  -0.00213 -0.000708    -0.101 -8.31e-06   -0.0048   -0.0262   0.00824   -0.0274   -0.0107   0.00349   -0.0267  0.000123  -0.00442  -0.00627  -0.00836 -0.000992 -1.56e-05  -0.00354 -0.000619 -1.53e-05   -0.0136  -0.00464  -0.00112  -0.00398
   -0.196  -0.00129  -0.00301  -0.00602   -0.0197   -0.0062 -5.49e-15 -5.49e-15  0.000176  0.000403  3.83e-16  -0.00235  -0.00927  -0.00104  -0.00417 -0.000618 -0.000801  -0.00598   -0.0128   0.00103 -0.000282    0.0155  0.000975  0.000692  -0.00556   0.00679  -0.00282   0.00022   0.00473  -0.00166   0.00319  -0.00134  -0.00285  0.000377  -0.00874   0.00318 -2.18e-06  -0.00137 -0.000649  -0.00214  7.09e-05   0.00718 -0.000294   0.00717   -0.0134   -0.0242  0.000966   -0.0193         1    -0.259   -0.0902   -0.0156    -0.061    -0.115   -0.0251   -0.0238   -0.0734  -0.00516   -0.0237   -0.0332    -0.014   -0.0215   -0.0059  -0.00531  -0.00278  0.000151   -0.0713   -0.0528   -0.0357   -0.0013  -0.00121 -9.08e-06  9.32e-06  1.15e-06 -7.74e-09   -0.0185  -0.00111  -0.00281  0.000269   -0.0181   0.00389   0.00175  0.000161   0.00341  -0.00836  -0.00264    0.0331  -0.00406  -0.00499   0.00271   -0.0292   -0.0317   0.00296   -0.0248    -0.079  -0.00141   -0.0358   -0.0178   -0.0326  -0.00454  0.000207   -0.0102 -0.000979 -2.65e-05   -0.0473   -0.0155  -0.00247   -0.0387
   -0.492   -0.0017  -0.00439  -0.00901   -0.0296  -0.00924 -8.02e-15 -8.02e-15  0.000357  0.000847 -1.75e-16  -0.00353    -0.014  -0.00157  -0.00625  -0.00092  -0.00119  -0.00903   -0.0193  -0.00347  -0.00118    0.0115   -0.0095  -0.00105   -0.0543   0.00837   -0.0142  -0.00184   0.00662   -0.0047   0.00424  -0.00572  -0.00874  -0.00185   -0.0327   -0.0112  -1.7e-06    -0.002  -0.00103  -0.00766  0.000102    0.0109  -0.00289   0.00551   -0.0407   -0.0582   0.00143   -0.0273    -0.259         1    -0.144    -0.024   -0.0993     -0.18   -0.0375   -0.0357    -0.115  -0.00721   -0.0377   -0.0558   -0.0215   -0.0372  -0.00786  -0.00844  -0.00331  0.000144    -0.104   -0.0839   -0.0578  -0.00098  -0.00189   2.4e-05  1.89e-05  1.73e-06  1.61e-08   -0.0192 -0.000751  -0.00439  0.000576   -0.0175   0.00788   0.00297  0.000314   0.00556   -0.0105  -0.00289    0.0264  -0.00616  -0.00525    0.0254   -0.0826   -0.0286    0.0184   -0.0721    -0.107  -0.00227   -0.0417   -0.0194   -0.0399  -0.00507  0.000366   -0.0112 -0.000598 -9.94e-07   -0.0558   -0.0194  -0.00224   -0.0575
  -0.0264 -0.000533  -0.00151  -0.00278  -0.00908  -0.00279 -2.61e-15 -2.61e-15  0.000175    0.0004 -1.79e-16  -0.00112  -0.00435 -0.000487  -0.00194 -0.000283 -0.000368  -0.00281  -0.00596  -0.00227 -0.000619   0.00129  -0.00562 -0.000615   -0.0166   0.00243  -0.00818  -0.00121   0.00228  -0.00107   0.00132   -0.0032  -0.00442  -0.00126  -0.00816  -0.00643 -9.95e-08 -0.000713 -0.000289   -0.0015  3.79e-05   0.00395   0.00204    0.0113   -0.0197    0.0179  0.000538   -0.0083   -0.0902    -0.144         1  -0.00629   -0.0359   -0.0636   -0.0125   -0.0114   -0.0406 -0.000887   -0.0123   -0.0209  -0.00526   -0.0153  -0.00225  -0.00306 -0.000758  3.17e-05   -0.0185   -0.0293   -0.0197  0.000198 -0.000606  3.12e-05  9.68e-06  7.12e-07  1.97e-08  -0.00298  0.000135  -0.00159  0.000296  -0.00323   0.00376   0.00129   0.00014    0.0022   -0.0034 -0.000736   0.00679  -0.00216 -0.000805    0.0185   -0.0381  -0.00284    0.0123   -0.0352   -0.0316 -0.000723   -0.0128   -0.0051   -0.0134  -0.00142   0.00013  -0.00314   4.5e-06  1.56e-05   -0.0168  -0.00623  -0.00037   -0.0177
    0.129 -0.000122 -0.000263 -0.000909  -0.00306  -0.00102 -8.88e-16 -8.88e-16 -3.34e-05 -2.61e-05   2.9e-16 -0.000325   -0.0014 -0.000156 -0.000606 -9.43e-05  -0.00012 -0.000912  -0.00196   0.00086   0.00019   0.00274   0.00164 -9.87e-05   -0.0111  0.000946   0.00259  0.000368  0.000288  -0.00117  0.000562   0.00103  0.000529  0.000382  -0.00828   0.00123 -3.03e-07  0.000102 -0.000206  -0.00245    -4e-06  0.000163  -0.00209  -0.00602   0.00589   -0.0554  2.16e-06   0.00021   -0.0156    -0.024  -0.00629         1  -0.00843   -0.0131  -0.00183  -0.00594  -0.00835  -0.00353   -0.0055  -0.00374  -0.00539   0.00567 -0.000536 -0.000196  2.79e-05  7.18e-05   -0.0374  -0.00451  -0.00459 -0.000413 -0.000175 -2.79e-05 -2.21e-06 -1.82e-07 -2.08e-08  -0.00294 -0.000435 -0.000156 -7.46e-05 -0.000573 -0.000589  -0.00026 -7.74e-06 -0.000348   0.00039  5.59e-05    0.0536 -0.000824  0.000486   0.00229  0.000829   0.00268 -0.000696   0.00414  -0.00366 -0.000347  0.000512  0.000959   0.00396 -2.56e-05  5.88e-05  0.000969  0.000108 -1.17e-05   0.00305   0.00111 -5.95e-07  -0.00528
  -0.0691 -0.000351  -0.00147  -0.00382  -0.00989  -0.00298  -2.4e-15  -2.4e-15  6.89e-05  0.000259  1.43e-16  -0.00147  -0.00455 -0.000514  -0.00247 -0.000338 -0.000433    -0.003  -0.00631  -0.00199 -0.000335  -0.00688   -0.0052  -0.00149   -0.0188 -0.000542  -0.00484  -0.00149 -0.000664  -0.00114 -8.94e-05  -0.00183  -0.00352  -0.00145   -0.0162  -0.00741 -5.99e-07 -0.000242 -0.000503  -0.00249 -9.37e-06 -0.000454   0.00473    0.0189   -0.0058  -0.00513  3.25e-05  0.000444    -0.061   -0.0993   -0.0359  -0.00843         1   -0.0501   -0.0058   -0.0144   -0.0312  -0.00343   -0.0132   -0.0182  -0.00762   0.00428  -0.00164  -0.00281 -0.000366 -0.000935   -0.0434   -0.0346   -0.0167 -0.000676 -0.000404 -3.66e-05  3.98e-06  -1.3e-07 -3.73e-08  -0.00147  -0.00218  -0.00116  0.000174 -0.000187   0.00169  9.13e-05 -1.16e-05  -0.00135  -0.00163 -0.000671    0.0901  -0.00395   0.00298      0.04   -0.0313    0.0252    0.0168   -0.0238 -0.000612  -0.00092   -0.0193  -0.00191  -0.00981  -0.00173  -2.5e-05  -0.00198 -0.000147  7.59e-06   -0.0111  -0.00239  0.000214   -0.0182
  -0.0825 -0.000828  -0.00228  -0.00549   -0.0156  -0.00482 -4.13e-15 -4.13e-15  9.08e-05  0.000356  5.22e-16   -0.0021  -0.00725 -0.000815  -0.00363 -0.000514 -0.000662  -0.00472     -0.01 -5.15e-05 -0.000319    0.0013  -0.00196 -0.000614  -0.00832    0.0022  -0.00349 -0.000876   0.00113 -0.000821   0.00123  -0.00124  -0.00335 -0.000653   -0.0136  -0.00309  -1.6e-06 -0.000581 -0.000831  -0.00166  8.73e-06   0.00202   0.00483     0.021  -0.00737  -0.00358  0.000336  -0.00721    -0.115     -0.18   -0.0636   -0.0131   -0.0501         1   -0.0147   -0.0216   -0.0547  -0.00489   -0.0203    -0.027   -0.0112  -0.00469  -0.00392  -0.00431  -0.00124 -0.000801   -0.0615   -0.0486    -0.026  -0.00114 -0.000777 -4.02e-05  2.85e-06  2.45e-08 -5.41e-08  -0.00913  -0.00245  -0.00195  0.000212  -0.00834   0.00249   0.00057  9.66e-06 -0.000573  -0.00453  -0.00167    0.0786  -0.00611  -0.00172    0.0248   -0.0335  -0.00273     0.011    -0.027   -0.0353  -0.00135   -0.0313  -0.00904   -0.0205  -0.00333  8.16e-05  -0.00585  -0.00055  -1.4e-05   -0.0291  -0.00833 -0.000807   -0.0298
  -0.0413 -0.000215 -0.000279 -0.000387  -0.00215 -0.000725 -6.83e-16 -6.83e-16  1.96e-05  3.21e-05  3.65e-17 -0.000155  -0.00104 -0.000115 -0.000325 -5.74e-05 -7.56e-05  -0.00065  -0.00143  0.000823  8.03e-06   0.00611   0.00163  0.000583   0.00147   0.00198  0.000657  0.000479   0.00146 -0.000243  0.000881  0.000211  0.000299  0.000526   0.00128   0.00252 -3.25e-07 -0.000254 -4.36e-05  -0.00015  2.01e-05   0.00206  -0.00209  -0.00572  -0.00215   -0.0114  0.000232  -0.00507   -0.0251   -0.0375   -0.0125  -0.00183   -0.0058   -0.0147         1  -0.00181  -0.00968 -0.000488  -0.00239  -0.00312   -0.0016  -0.00698  -0.00107 -0.000506 -0.000582  0.000334  -0.00733  -0.00289  -0.00435 -0.000133 -0.000199  8.31e-06  7.64e-07  3.23e-07  1.01e-08   -0.0043  0.000444 -0.000355  1.28e-05  -0.00439  0.000475  0.000413  4.79e-05   0.00134  -0.00151 -0.000428   -0.0195  0.000137  -0.00242   -0.0128  0.000677   -0.0172  -0.00472 -4.19e-05   -0.0211 -0.000111  -0.00233  -0.00367  -0.00449 -0.000521  7.69e-05  -0.00175 -0.000146 -9.59e-06  -0.00789  -0.00304 -0.000647  -0.00454
   0.0381 -0.000266 -0.000845  -0.00234  -0.00556  -0.00171 -1.41e-15 -1.41e-15 -3.84e-05 -3.95e-05   5.9e-16 -0.000858  -0.00249 -0.000282  -0.00146 -0.000198 -0.000252  -0.00165   -0.0035   0.00101    0.0002  -0.00275   0.00154 -0.000398   0.00164 -0.000897   0.00263 -2.01e-05  -0.00126 -0.000147 -0.000152   0.00104  0.000106  1.81e-05   -0.0072   0.00104 -1.16e-06  9.27e-05 -0.000421 -0.000822 -2.47e-05  -0.00199   0.00255   0.00986   0.00782    -0.017 -0.000155  0.000224   -0.0238   -0.0357   -0.0114  -0.00594   -0.0144   -0.0216  -0.00181         1   -0.0136  -0.00341  -0.00724  -0.00671  -0.00515   0.00872 -0.000947  -0.00104 -9.64e-05 -0.000642   -0.0362   -0.0179  -0.00587 -0.000847 -0.000176 -5.15e-05 -4.66e-06 -7.54e-07 -7.33e-08  -0.00362  -0.00222 -0.000416 -5.42e-05   -0.0026 -0.000788 -0.000613 -0.000123  -0.00279 -0.000621 -0.000569    0.0528  -0.00384  1.49e-06    0.0125  0.000578   0.00808   0.00224   0.00258   0.00141 -0.000509   -0.0144    -0.002   -0.0046  -0.00151 -7.54e-05   -0.0017 -0.000462 -1.74e-05  -0.00781 -0.000961  -0.00016   -0.0101
   -0.057 -0.000522  -0.00127  -0.00264  -0.00822  -0.00257 -2.57e-15 -2.57e-15  7.42e-05  0.000246  4.77e-16  -0.00102  -0.00387 -0.000433  -0.00178  -0.00026 -0.000337  -0.00251  -0.00534  0.000495 -0.000162   0.00363 -0.000132 -6.47e-05  -0.00232   0.00219  -0.00197 -0.000263   0.00148 -0.000294   0.00136 -0.000638  -0.00205 -0.000189  -0.00484 -0.000372 -6.36e-07 -0.000267 -0.000487 -0.000541  1.16e-05   0.00219   0.00338    0.0136  -0.00473   0.00216  0.000313  -0.00482   -0.0734    -0.115   -0.0406  -0.00835   -0.0312   -0.0547  -0.00968   -0.0136         1  -0.00301   -0.0128   -0.0169  -0.00654  -0.00457  -0.00206  -0.00222 -0.000222 -6.28e-05   -0.0348   -0.0242   -0.0151 -0.000171 -0.000494 -5.55e-06  1.88e-06  1.12e-08 -2.78e-08  -0.00438 -0.000659  -0.00116  0.000129  -0.00354   0.00185  0.000508  3.94e-05  0.000176  -0.00211 -0.000575    0.0516  -0.00368  -0.00156    0.0116   -0.0203  -0.00534    0.0063   -0.0179   -0.0243 -0.000783   -0.0119  -0.00334  -0.00693  -0.00135  0.000129  -0.00187 -2.79e-05 -5.57e-06   -0.0115  -0.00382 -0.000258   -0.0155
 -0.00341 -6.64e-05 -0.000151 -0.000665  -0.00196  -0.00065 -4.74e-16 -4.74e-16 -3.93e-05 -5.79e-05  2.04e-16 -0.000234  -0.00087 -9.78e-05 -0.000428 -6.39e-05 -8.06e-05 -0.000571  -0.00123  0.000775  0.000183   0.00146   0.00159 -2.74e-05  -0.00523  0.000336   0.00253  0.000331 -0.000121 -0.000684  0.000179  0.000976  0.000762  0.000362   -0.0052   0.00145 -3.72e-07  7.84e-05  -0.00013  -0.00149  -6.2e-06 -0.000366  -0.00152  -0.00452    0.0058   -0.0378  -5.2e-05  0.000424  -0.00516  -0.00721 -0.000887  -0.00353  -0.00343  -0.00489 -0.000488  -0.00341  -0.00301         1  -0.00288  -0.00114  -0.00338   0.00508 -0.000372 -6.61e-05  -0.00011 -5.78e-05   -0.0248   -0.0029   -0.0021 -0.000457  -8.1e-05 -2.65e-05 -2.32e-06 -1.79e-07 -1.91e-08  -0.00252 -0.000569 -3.24e-05  -7.3e-05  -0.00109  -0.00076   -0.0003  -2.7e-05 -0.000553  0.000159 -9.11e-05    0.0336 -0.000534  0.000302   0.00036   0.00421   0.00179  -0.00167   0.00636 -0.000829 -0.000198  -0.00151 -3.09e-05   0.00143 -0.000219  7.84e-06  0.000151  -5.8e-05 -1.12e-05  0.000445  0.000524 -0.000112   -0.0034
  0.00886  -0.00016 -0.000494   -0.0016  -0.00437  -0.00137 -1.11e-15 -1.11e-15 -1.47e-05  5.37e-05  2.63e-16  -0.00059  -0.00199 -0.000223  -0.00103 -0.000145 -0.000185   -0.0013  -0.00277  0.000221  2.01e-05 -0.000676 -0.000132 -0.000416   -0.0089  0.000209  0.000491 -0.000188 -0.000216 -0.000713  0.000206  0.000287 -0.000506 -0.000111  -0.00854  -0.00121 -4.13e-07  5.38e-05 -0.000318  -0.00168 -1.06e-05  -0.00034  0.000545   0.00289   0.00245   -0.0286 -3.65e-05  0.000591   -0.0237   -0.0377   -0.0123   -0.0055   -0.0132   -0.0203  -0.00239  -0.00724   -0.0128  -0.00288         1  -0.00663  -0.00482   0.00477 -0.000834 -0.000878 -4.62e-05  -0.00031   -0.0318   -0.0122  -0.00648 -0.000476 -0.000187 -2.96e-05 -1.63e-06 -2.59e-07  -2.9e-08  -0.00209 -0.000997 -0.000355 -4.09e-06 -0.000597 -3.36e-05 -0.000213 -2.62e-05 -0.000929 -0.000163 -0.000196    0.0521    -0.002  0.000429    0.0099  -0.00758   0.00541   0.00318  -0.00384  -0.00244 -0.000465  -0.00586 -0.000102 -0.000533 -0.000544  2.69e-05 -0.000104  2.87e-06 -7.41e-06  -0.00191 -9.36e-05  8.31e-05  -0.00783
  -0.0508 -0.000132 -0.000715  -0.00169  -0.00449  -0.00133 -1.12e-15 -1.12e-15  7.14e-05  0.000196 -1.11e-16  -0.00066   -0.0021 -0.000237   -0.0011 -0.000151 -0.000194  -0.00139   -0.0029  -0.00216 -0.000352  -0.00542  -0.00503  -0.00111   -0.0174 -0.000472  -0.00503   -0.0012 -0.000184 -0.000915 -4.83e-05  -0.00192  -0.00288  -0.00127   -0.0104  -0.00686  1.41e-07 -0.000152 -0.000208  -0.00184 -5.26e-07  0.000162   0.00218   0.00939  -0.00853   0.00125  6.48e-05  8.16e-05   -0.0332   -0.0558   -0.0209  -0.00374   -0.0182    -0.027  -0.00312  -0.00671   -0.0169  -0.00114  -0.00663         1  -0.00331 -0.000503 -0.000503  -0.00146  5.25e-05 -0.000372    -0.016   -0.0171  -0.00909  4.36e-05 -0.000219 -8.51e-07  4.13e-06  2.35e-08 -6.24e-09   0.00152 -0.000627 -0.000647  0.000142   0.00216   0.00155  0.000249  2.63e-05  -0.00025 -0.000455 -5.28e-05    0.0346  -0.00174   0.00201    0.0246   -0.0243    0.0164    0.0119   -0.0205   0.00122 -0.000441  -0.00602  0.000672  -0.00299 -0.000407  7.08e-06 -4.42e-05  0.000143  1.51e-05  -0.00204 -0.000507  0.000414  -0.00822
   0.0713 -0.000118 -0.000413  -0.00158  -0.00444  -0.00142  -8.5e-16  -8.5e-16 -4.41e-05 -5.86e-05  7.13e-17 -0.000578  -0.00199 -0.000225  -0.00103 -0.000148 -0.000187  -0.00131  -0.00279  0.000252  0.000155  0.000699  0.000556 -0.000348   -0.0146  0.000348   0.00233  0.000152  -0.00027  -0.00152  4.15e-05  0.000821  0.000561  0.000207   -0.0116 -3.11e-05 -6.47e-07 -5.72e-05 -0.000178  -0.00307 -4.67e-06  -0.00044  -0.00317  -0.00863   0.00542   -0.0621 -6.15e-05 -0.000195    -0.014   -0.0215  -0.00526  -0.00539  -0.00762   -0.0112   -0.0016  -0.00515  -0.00654  -0.00338  -0.00482  -0.00331         1   0.00611 -0.000925 -0.000626 -0.000644 -0.000275   -0.0396  -0.00963  -0.00577  -0.00094 -0.000174 -4.34e-05 -1.48e-06 -5.86e-08 -1.94e-08  -0.00464  -0.00113 -0.000225 -6.91e-05  -0.00268 -0.000826 -0.000325 -2.71e-05 -0.000496 -0.000521 -0.000446    0.0443 -0.000454     0.001   0.00463   0.00131   0.00537 -0.000704   0.00608  -0.00304 -0.000358  -0.00661   -0.0018  -0.00249 -0.000759 -1.91e-05  -0.00102 -0.000236 -1.43e-05  -0.00431 -0.000591 -0.000359  -0.00813
    0.141 -3.01e-06   0.00058   0.00324   0.00565   0.00166  7.38e-16  7.38e-16  0.000185  0.000221 -7.99e-16   0.00118   0.00232  0.000268    0.0019  0.000239  0.000299   0.00159   0.00333  -0.00248   -0.0007    0.0065  -0.00487  0.000523    -0.017   0.00303   -0.0086 -0.000278   0.00405 -0.000737   0.00185  -0.00337  -0.00265 -0.000682   0.00599   -0.0052  1.94e-06 -0.000436  0.000432 -0.000324  6.34e-05    0.0062  -0.00697   -0.0205   -0.0298    0.0223  0.000686   -0.0121   -0.0215   -0.0372   -0.0153   0.00567   0.00428  -0.00469  -0.00698   0.00872  -0.00457   0.00508   0.00477 -0.000503   0.00611         1  0.000736  0.000767  0.000569   0.00184    0.0545    0.0199  0.000731   0.00239 -0.000184   0.00014  7.93e-06  9.37e-07  9.45e-08   0.00463   0.00481 -0.000231  0.000187   0.00277   0.00342   0.00178  0.000239   0.00523 -3.15e-05   0.00109    -0.178    0.0032  -0.00586   -0.0348   -0.0199    -0.039  -0.00491    -0.029   -0.0358   0.00057    0.0273   0.00225   0.00778   0.00244   0.00027   0.00258  0.000869  3.23e-05   0.00929  -0.00114  0.000176    0.0096
 -0.00777 -9.45e-05 -0.000247  -0.00115  -0.00266 -0.000807 -2.93e-16 -2.93e-16 -3.75e-05 -3.12e-05  3.87e-19 -0.000424  -0.00117 -0.000132  -0.00073 -9.66e-05 -0.000123 -0.000759  -0.00163  0.000523  3.99e-05 -0.000148  0.000827  9.03e-05   0.00451 -0.000177   0.00133  5.92e-05 -0.000501  0.000175 -0.000368  0.000515   0.00061  0.000251  -0.00129  0.000825 -7.65e-07 -0.000129 -0.000134  0.000237 -5.97e-06 -0.000632 -0.000157   5.7e-05   0.00242  -0.00248 -8.13e-05  -0.00095   -0.0059  -0.00786  -0.00225 -0.000536  -0.00164  -0.00392  -0.00107 -0.000947  -0.00206 -0.000372 -0.000834 -0.000503 -0.000925  0.000736         1 -0.000728 -0.000858 -0.000489   -0.0073  -0.00849  -0.00213 -0.000831 -3.65e-05 -2.85e-05 -1.82e-06 -3.87e-09 -1.37e-08  -0.00388  -0.00112  -0.00014 -1.41e-05  -0.00454   -0.0005 -0.000157 -4.56e-05 -0.000568  -0.00148 -0.000834  -0.00366 -0.000668  -0.00109  -0.00344   0.00314  -0.00626  -0.00296   0.00459  -0.00603 -0.000144   -0.0118  -0.00466  -0.00908  -0.00126 -5.97e-05  -0.00309  -0.00049 -1.38e-05   -0.0124  -0.00303 -0.000598  -0.00534
 -0.00246 -5.35e-05 -0.000283  -0.00116  -0.00248 -0.000724 -2.37e-16 -2.37e-16 -1.59e-05  2.55e-06 -9.63e-17 -0.000431  -0.00109 -0.000124 -0.000723 -9.27e-05 -0.000118 -0.000719  -0.00152 -0.000379 -6.96e-05  -0.00287  -0.00103  -0.00029 -0.000472 -0.000771 -0.000407 -0.000343 -0.000778  -4.8e-06 -0.000568 -0.000168 -0.000205 -0.000225  -0.00335   -0.0016 -5.32e-07 -0.000124 -0.000113 -0.000132 -7.68e-06 -0.000903  0.000403   0.00223  -0.00046   0.00284 -9.67e-05 -0.000254  -0.00531  -0.00844  -0.00306 -0.000196  -0.00281  -0.00431 -0.000506  -0.00104  -0.00222 -6.61e-05 -0.000878  -0.00146 -0.000626  0.000767 -0.000728         1 -0.000655 -0.000549  -0.00427  -0.00968  -0.00241 -0.000636 -2.65e-05 -2.23e-05  -5.4e-07 -3.58e-08 -1.23e-08  -0.00198  -0.00111 -0.000173  2.05e-05  -0.00264 -0.000147 -0.000126 -4.21e-05 -0.000717  -0.00114 -0.000656  -0.00392 -0.000779 -0.000181    0.0036  -0.00251  0.000686   0.00061 -0.000815 -0.000974 -0.000141   -0.0108  -0.00337  -0.00811  -0.00106 -7.55e-05  -0.00249 -0.000395  -5.5e-06     -0.01  -0.00231 -0.000332  -0.00489
 -0.00614 -6.24e-05 -0.000235  -0.00103  -0.00231 -0.000691 -1.61e-16 -1.61e-16 -2.85e-05 -4.08e-05 -1.04e-16 -0.000384  -0.00101 -0.000115 -0.000654 -8.57e-05 -0.000109 -0.000659  -0.00141  9.68e-05  2.12e-05 -0.000804   0.00017 -1.81e-05   0.00206 -0.000352  0.000851 -2.36e-05 -0.000552 -2.23e-05 -0.000471  0.000265  0.000477  0.000115   -0.0019  0.000241 -6.74e-07 -0.000173 -5.67e-05  -6.1e-05 -3.06e-06 -0.000651 -0.000623  -0.00125   0.00153    -0.004 -7.49e-05 -0.000934  -0.00278  -0.00331 -0.000758  2.79e-05 -0.000366  -0.00124 -0.000582 -9.64e-05 -0.000222  -0.00011 -4.62e-05  5.25e-05 -0.000644  0.000569 -0.000858 -0.000655         1 -0.000463  -0.00521  -0.00763  -0.00182 -0.000791 -2.11e-05 -2.54e-05  -6.8e-07  7.77e-08 -7.26e-09  -0.00344  -0.00104 -0.000122 -7.78e-06  -0.00411 -0.000447 -0.000121 -3.73e-05 -0.000382  -0.00145 -0.000794   -0.0075 -0.000161 -0.000435  -0.00141   0.00306  -0.00289   -0.0021   0.00454   -0.0038 -8.31e-05   -0.0111  -0.00449  -0.00919  -0.00119 -7.82e-05  -0.00304   -0.0005 -1.04e-05   -0.0118  -0.00287 -0.000595  -0.00471
-0.000179 -1.84e-05 -0.000178 -0.000918  -0.00174 -0.000497 -8.63e-17 -8.63e-17 -2.46e-05 -1.67e-05 -4.79e-17 -0.000335 -0.000743 -8.49e-05 -0.000556 -6.87e-05 -8.68e-05 -0.000494  -0.00104 -0.000237 -3.62e-05  -0.00319 -0.000733  -0.00028  0.000401  -0.00098 -6.88e-06 -0.000291 -0.000934  9.22e-05 -0.000614  9.72e-06 -2.78e-05 -0.000186  -0.00286  -0.00136 -4.68e-07 -4.31e-05 -0.000111 -1.67e-05 -1.14e-05  -0.00119  0.000522   0.00227  0.000613    0.0029 -0.000132  0.000411  0.000151  0.000144  3.17e-05  7.18e-05 -0.000935 -0.000801  0.000334 -0.000642 -6.28e-05 -5.78e-05  -0.00031 -0.000372 -0.000275   0.00184 -0.000489 -0.000549 -0.000463         1  -0.00293  -0.00747  -0.00101 -0.000555  1.18e-05 -2.21e-05  -1.4e-06 -1.44e-07 -1.63e-08  -0.00131  -0.00106 -6.64e-05  2.05e-06  -0.00188 -0.000344 -0.000221 -5.31e-05  -0.00097 -0.000722 -0.000513  -0.00352 -0.000851 -0.000183   0.00288 -0.000839   0.00122  0.000198  0.000429   0.00168 -0.000102  -0.00896  -0.00244   -0.0061  -0.00085 -7.63e-05  -0.00192  -0.00034 -5.53e-06  -0.00758  -0.00154 -0.000211  -0.00339
    0.501 -0.000833   -0.0028   -0.0122   -0.0323   -0.0103 -5.65e-15 -5.65e-15 -0.000474 -0.000664     1e-15   -0.0044   -0.0143  -0.00162  -0.00779   -0.0011  -0.00139  -0.00939   -0.0201   0.00471   0.00156   0.00326   0.00954  -0.00194   -0.0792  0.000554    0.0239   0.00185  -0.00432  -0.00923 -0.000901   0.00882   0.00724   0.00261   -0.0784   0.00568 -6.15e-06 -0.000106  -0.00155   -0.0196 -7.59e-05  -0.00695    -0.021   -0.0579    0.0553    -0.439   -0.0009   0.00145   -0.0713    -0.104   -0.0185   -0.0374   -0.0434   -0.0615  -0.00733   -0.0362   -0.0348   -0.0248   -0.0318    -0.016   -0.0396    0.0545   -0.0073  -0.00427  -0.00521  -0.00293         1   -0.0719   -0.0348  -0.00813  -0.00101  -0.00038 -2.16e-05 -1.27e-06 -2.07e-07   -0.0379   -0.0106  -0.00112  -0.00068    -0.025  -0.00876  -0.00345 -0.000398  -0.00699  -0.00428  -0.00419     0.317  -0.00549   0.00461    0.0193    0.0343    0.0276   -0.0159    0.0678   -0.0153  -0.00256   -0.0634   -0.0176   -0.0254  -0.00708 -0.000302   -0.0108  -0.00255 -0.000139   -0.0434  -0.00594  -0.00322   -0.0591
   -0.123 -0.000673  -0.00382   -0.0155   -0.0321  -0.00937  -3.1e-15  -3.1e-15 -0.000265 -0.000159 -7.81e-16  -0.00571    -0.014   -0.0016  -0.00957  -0.00122  -0.00155  -0.00929   -0.0196  -0.00473 -0.000676   -0.0451    -0.013  -0.00453   -0.0112    -0.013  -0.00257  -0.00456   -0.0125  -0.00044  -0.00814  -0.00114  -0.00215  -0.00327   -0.0519   -0.0218 -7.43e-06  -0.00119  -0.00169  -0.00321 -0.000139   -0.0154   0.00516      0.03   0.00114    0.0116   -0.0016  -0.00166   -0.0528   -0.0839   -0.0293  -0.00451   -0.0346   -0.0486  -0.00289   -0.0179   -0.0242   -0.0029   -0.0122   -0.0171  -0.00963    0.0199  -0.00849  -0.00968  -0.00763  -0.00747   -0.0719         1   -0.0275  -0.00839 -0.000276  -0.00032 -1.49e-05 -1.77e-06 -2.44e-07   -0.0242   -0.0159    -0.002  0.000119   -0.0316  -0.00363  -0.00266 -0.000728   -0.0132    -0.013  -0.00815   -0.0548   -0.0133  -0.00253    0.0518   -0.0244    0.0203   0.00738   -0.0046   0.00495  -0.00188    -0.141   -0.0403   -0.0988   -0.0138  -0.00111   -0.0309  -0.00536 -8.01e-05    -0.123   -0.0265   -0.0038   -0.0626
  -0.0233 -0.000214  -0.00101  -0.00337  -0.00867  -0.00263 -1.33e-15 -1.33e-15  5.89e-06  8.29e-05 -4.32e-16  -0.00128  -0.00393 -0.000445  -0.00219 -0.000299 -0.000382  -0.00258  -0.00545  -0.00195  -0.00025  -0.00447  -0.00433  -0.00107   -0.0218 -0.000386  -0.00253 -0.000975 -0.000719  -0.00177  -0.00069  -0.00114  -0.00146 -0.000803    -0.017  -0.00594 -9.94e-07 -0.000507 -0.000233  -0.00338   1.8e-06 -0.000394  -0.00211  -0.00293  -0.00466   -0.0386  -3.3e-05  -0.00207   -0.0357   -0.0578   -0.0197  -0.00459   -0.0167    -0.026  -0.00435  -0.00587   -0.0151   -0.0021  -0.00648  -0.00909  -0.00577  0.000731  -0.00213  -0.00241  -0.00182  -0.00101   -0.0348   -0.0275         1  -0.00154 -0.000288 -5.01e-05   3.4e-06  3.91e-07 -3.63e-09  -0.00613  -0.00216 -0.000794  8.98e-05  -0.00581  0.000436  6.25e-05 -9.38e-06 -0.000109  -0.00298  -0.00145    0.0248 -0.000729   0.00158    0.0174   -0.0157   0.00965   0.00563  -0.00787  -0.00857 -0.000569   -0.0227   -0.0074   -0.0179  -0.00228 -0.000107  -0.00518 -0.000696 -6.67e-06   -0.0216  -0.00535 -0.000818   -0.0167
   0.0452 -5.96e-05 -0.000238  -0.00116  -0.00246 -0.000735 -1.97e-16 -1.97e-16 -4.11e-05 -5.15e-05 -1.77e-17 -0.000423  -0.00106 -0.000121 -0.000719  -9.3e-05 -0.000118 -0.000698  -0.00149  0.000274   5.2e-05  -0.00154  0.000418 -7.82e-05   0.00263 -0.000633   0.00131 -3.13e-05 -0.000842  5.02e-05 -0.000561  0.000479  0.000573  0.000124  -0.00255  0.000263 -7.48e-07 -9.83e-05 -0.000114  -5.3e-05 -9.45e-06  -0.00111 -0.000167  9.69e-05   0.00301  -0.00528 -0.000128 -0.000202   -0.0013  -0.00098  0.000198 -0.000413 -0.000676  -0.00114 -0.000133 -0.000847 -0.000171 -0.000457 -0.000476  4.36e-05  -0.00094   0.00239 -0.000831 -0.000636 -0.000791 -0.000555  -0.00813  -0.00839  -0.00154         1 -8.97e-06  -3.2e-05 -1.87e-06 -7.68e-08 -1.75e-08  -0.00331  -0.00128 -8.75e-05 -2.32e-05  -0.00382 -0.000661 -0.000261 -5.87e-05 -0.000882  -0.00122 -0.000771 -0.000285  -0.00066 -0.000442 -0.000324   0.00357  -0.00169  -0.00201   0.00524   -0.0016 -0.000124   -0.0117  -0.00407  -0.00844  -0.00121 -8.57e-05  -0.00284 -0.000503 -1.23e-05   -0.0111  -0.00245  -0.00051  -0.00487
-0.000178 -8.57e-06 -1.95e-05 -3.77e-05 -0.000149 -4.89e-05 -3.95e-17 -3.95e-17  1.12e-06  7.62e-07  -2.8e-18 -1.43e-05 -7.06e-05 -7.91e-06 -2.73e-05 -4.35e-06 -5.61e-06 -4.53e-05 -9.77e-05 -1.35e-05 -1.64e-06  0.000127 -2.32e-05 -5.02e-06 -0.000673  5.78e-05 -1.07e-05   4.4e-06   4.4e-05 -6.51e-05  3.08e-05 -9.66e-06 -1.62e-05  2.09e-07 -0.000356 -3.33e-05 -1.03e-08 -1.05e-05 -2.99e-06 -0.000116  7.05e-07  6.51e-05 -0.000179 -0.000469  -0.00015  -0.00195  8.06e-06 -0.000205  -0.00121  -0.00189 -0.000606 -0.000175 -0.000404 -0.000777 -0.000199 -0.000176 -0.000494  -8.1e-05 -0.000187 -0.000219 -0.000174 -0.000184 -3.65e-05 -2.65e-05 -2.11e-05  1.18e-05  -0.00101 -0.000276 -0.000288 -8.97e-06         1 -1.32e-08  5.55e-08  7.98e-09  4.84e-11 -0.000162  6.22e-06  -1.9e-05  5.12e-08 -0.000112  1.68e-05  1.13e-05  1.63e-06  3.92e-05 -4.07e-05 -1.02e-05 -0.000335 -1.89e-06 -3.93e-05 -0.000168 -0.000197 -0.000265 -6.19e-05 -0.000143 -0.000676 -9.73e-06 -4.54e-05  -8.5e-05 -8.79e-05 -1.51e-05  2.24e-06 -3.61e-05 -3.48e-06 -2.28e-07 -0.000176 -7.16e-05 -1.78e-05 -0.000288
 0.000518 -2.02e-06 -8.86e-06 -4.49e-05 -9.23e-05 -2.76e-05 -8.23e-18 -8.23e-18 -1.76e-06  -2.1e-06  1.57e-18 -1.63e-05 -3.96e-05 -4.52e-06 -2.75e-05 -3.54e-06 -4.47e-06 -2.62e-05 -5.57e-05  1.38e-05   2.8e-06 -7.32e-05  2.11e-05 -4.58e-06  0.000106 -2.95e-05  5.84e-05 -1.32e-06 -3.74e-05  3.11e-06 -2.23e-05  2.24e-05  2.27e-05  4.52e-06 -0.000108  1.12e-05 -2.84e-08 -1.68e-06 -5.37e-06 -2.46e-06 -4.91e-07 -5.14e-05   7.7e-06  4.38e-05  0.000151  -0.00023 -5.87e-06  1.53e-05 -9.08e-06   2.4e-05  3.12e-05 -2.79e-05 -3.66e-05 -4.02e-05  8.31e-06 -5.15e-05 -5.55e-06 -2.65e-05 -2.96e-05 -8.51e-07 -4.34e-05   0.00014 -2.85e-05 -2.23e-05 -2.54e-05 -2.21e-05  -0.00038  -0.00032 -5.01e-05  -3.2e-05 -1.32e-08         1 -9.17e-08  -6.3e-09 -8.68e-10 -0.000114 -5.23e-05 -2.33e-06  -1.2e-06 -0.000127 -2.89e-05 -1.29e-05 -2.59e-06 -4.37e-05 -3.74e-05 -2.67e-05   0.00026 -3.48e-05 -1.04e-05  4.09e-05  0.000141 -1.85e-06 -6.06e-05  0.000209  1.37e-05 -5.52e-06 -0.000432 -0.000133 -0.000281 -4.38e-05 -3.28e-06 -9.54e-05 -1.79e-05 -4.77e-07 -0.000373 -7.52e-05 -1.59e-05 -0.000179
-1.92e-05 -1.82e-07 -1.34e-07 -2.35e-06 -4.15e-06 -1.28e-06 -2.94e-19 -2.94e-19 -2.09e-07 -2.61e-07  7.62e-19 -7.55e-07 -1.66e-06 -1.86e-07 -1.35e-06 -1.64e-07 -2.05e-07 -1.09e-06 -2.38e-06  3.33e-06  3.23e-07 -5.44e-06  5.16e-06  1.52e-07  1.69e-05 -2.92e-06  7.75e-06  4.88e-07  -3.3e-06  1.24e-06 -1.34e-06   3.4e-06  3.05e-06  9.67e-07 -5.95e-06  2.63e-06 -2.31e-09  4.49e-07 -8.02e-07  9.42e-07 -6.96e-08 -5.09e-06  -5.9e-07 -1.07e-06  1.36e-05 -1.98e-05  -6.2e-07 -1.18e-06  9.32e-06  1.89e-05  9.68e-06 -2.21e-06  3.98e-06  2.85e-06  7.64e-07 -4.66e-06  1.88e-06 -2.32e-06 -1.63e-06  4.13e-06 -1.48e-06  7.93e-06 -1.82e-06  -5.4e-07  -6.8e-07  -1.4e-06 -2.16e-05 -1.49e-05   3.4e-06 -1.87e-06  5.55e-08 -9.17e-08         1 -1.78e-09 -1.34e-10 -7.62e-06 -3.66e-06  2.69e-07  -2.4e-07 -8.91e-06 -3.42e-06 -1.57e-06  -3.3e-07 -5.81e-06 -9.01e-07 -1.45e-06  -5.5e-05 -6.32e-06 -8.12e-06 -2.97e-05   1.9e-05 -3.31e-05 -1.72e-05  1.73e-05 -8.39e-06  -3.6e-07 -2.35e-05 -6.98e-06 -1.02e-05 -2.47e-06 -1.63e-07 -5.02e-06 -1.17e-06  -5.6e-08 -2.03e-05 -3.54e-06 -7.41e-07 -7.82e-06
 6.65e-06 -7.63e-09 -3.67e-08 -2.14e-07 -2.79e-07 -7.68e-08 -2.39e-20 -2.39e-20 -1.24e-08 -1.89e-08  7.11e-20 -6.85e-08 -1.07e-07 -1.23e-08 -1.16e-07 -1.27e-08 -1.57e-08  -7.4e-08 -1.56e-07   2.9e-08  8.31e-10  -1.7e-06 -1.07e-07 -1.36e-07 -5.98e-08 -5.78e-07  2.11e-07 -9.01e-08 -4.69e-07  6.27e-08 -1.93e-07  1.16e-07  5.47e-10  -8.9e-08  -1.4e-06 -5.77e-07 -1.48e-10  6.36e-08 -7.89e-08 -5.26e-08 -8.49e-09 -6.84e-07  2.04e-07  9.28e-07  4.35e-07 -4.24e-08 -7.06e-08  6.74e-08  1.15e-06  1.73e-06  7.12e-07 -1.82e-07  -1.3e-07  2.45e-08  3.23e-07 -7.54e-07  1.12e-08 -1.79e-07 -2.59e-07  2.35e-08 -5.86e-08  9.37e-07 -3.87e-09 -3.58e-08  7.77e-08 -1.44e-07 -1.27e-06 -1.77e-06  3.91e-07 -7.68e-08  7.98e-09  -6.3e-09 -1.78e-09         1 -1.63e-11  7.88e-08 -3.65e-07  1.72e-08 -1.57e-08 -1.25e-08 -2.39e-07 -1.68e-07  -3.7e-08 -7.61e-07  1.26e-07 -3.91e-08 -6.51e-06 -8.25e-07 -5.43e-07  -3.6e-07  8.48e-08 -5.69e-07 -4.14e-07 -2.85e-07  1.39e-06 -3.29e-08 -1.63e-06  1.35e-08 -1.52e-07 -1.45e-07 -2.33e-08 -1.45e-07 -7.74e-08 -2.54e-09 -5.97e-07  8.66e-08  5.44e-08 -4.54e-07
 6.43e-07 -2.27e-09 -7.83e-09 -3.17e-08 -5.78e-08  -1.7e-08  -7.2e-21  -7.2e-21 -1.29e-09 -2.12e-09  5.89e-21 -1.11e-08 -2.44e-08 -2.79e-09 -1.87e-08 -2.31e-09 -2.91e-09 -1.62e-08 -3.46e-08  1.24e-08  1.91e-09  -1.1e-07  1.47e-08 -6.63e-09  1.16e-07 -4.16e-08  4.28e-08 -3.12e-09 -3.93e-08  8.32e-09 -1.79e-08  1.76e-08  1.17e-08 -1.11e-09 -8.75e-08 -5.62e-09 -2.28e-11  1.91e-09  -6.4e-09  4.09e-09 -6.21e-10 -5.68e-08  2.24e-08  9.81e-08  9.47e-08  2.22e-08 -5.65e-09 -8.44e-09 -7.74e-09  1.61e-08  1.97e-08 -2.08e-08 -3.73e-08 -5.41e-08  1.01e-08 -7.33e-08 -2.78e-08 -1.91e-08  -2.9e-08 -6.24e-09 -1.94e-08  9.45e-08 -1.37e-08 -1.23e-08 -7.26e-09 -1.63e-08 -2.07e-07 -2.44e-07 -3.63e-09 -1.75e-08  4.84e-11 -8.68e-10 -1.34e-10 -1.63e-11         1 -5.51e-08 -4.28e-08 -1.34e-09 -1.37e-09 -7.02e-08 -2.46e-08 -1.39e-08 -3.22e-09 -6.08e-08  -1.5e-08 -1.52e-08 -3.37e-07 -6.38e-08 -4.05e-08  -2.2e-08  1.03e-07  -6.2e-08 -5.87e-08  9.26e-08  4.15e-08 -3.87e-09 -2.98e-07 -7.04e-08 -1.52e-07 -3.06e-08 -2.82e-09 -5.76e-08 -1.37e-08 -3.71e-10 -2.27e-07 -3.83e-08 -6.32e-09 -1.09e-07
    0.019 -0.000451 -0.000961  -0.00382  -0.00928  -0.00289  -1.2e-15  -1.2e-15 -0.000166 -0.000287  2.77e-16   -0.0014  -0.00407 -0.000462  -0.00245 -0.000334 -0.000425  -0.00264  -0.00571   0.00393  0.000583   0.00668   0.00811   0.00124    0.0269  0.000716      0.01   0.00148  -0.00108  0.000551 -0.000703   0.00365   0.00451   0.00209  0.000515    0.0108 -3.33e-06 -0.000548 -0.000322  0.000993 -8.16e-06  -0.00169  -0.00286   -0.0075    0.0184   -0.0341 -0.000194  -0.00589   -0.0185   -0.0192  -0.00298  -0.00294  -0.00147  -0.00913   -0.0043  -0.00362  -0.00438  -0.00252  -0.00209   0.00152  -0.00464   0.00463  -0.00388  -0.00198  -0.00344  -0.00131   -0.0379   -0.0242  -0.00613  -0.00331 -0.000162 -0.000114 -7.62e-06  7.88e-08 -5.51e-08         1  -0.00395 -0.000417 -0.000174   -0.0203  -0.00292 -0.000674 -0.000172  -0.00162  -0.00588  -0.00321  -0.00622  -0.00131  -0.00423   -0.0241    0.0328   -0.0285   -0.0182     0.036   -0.0281 -0.000372   -0.0422    -0.019   -0.0331  -0.00489 -0.000228    -0.012  -0.00209 -6.66e-05    -0.047   -0.0116  -0.00289   -0.0189
-0.000661 -8.69e-05 -0.000462  -0.00204    -0.004  -0.00117 -3.25e-16 -3.25e-16 -6.06e-05 -7.44e-05  1.54e-17 -0.000744  -0.00172 -0.000196  -0.00124 -0.000156 -0.000198  -0.00114  -0.00241  3.08e-05  2.87e-05  -0.00553 -0.000325 -0.000421   0.00389  -0.00189   0.00127 -0.000354  -0.00194  0.000229  -0.00118  0.000474  0.000421 -0.000148  -0.00521  -0.00112 -1.21e-06 -9.77e-05 -0.000238  4.09e-05 -2.37e-05  -0.00257  0.000968   0.00444   0.00383   0.00168 -0.000272  0.000284  -0.00111 -0.000751  0.000135 -0.000435  -0.00218  -0.00245  0.000444  -0.00222 -0.000659 -0.000569 -0.000997 -0.000627  -0.00113   0.00481  -0.00112  -0.00111  -0.00104  -0.00106   -0.0106   -0.0159  -0.00216  -0.00128  6.22e-06 -5.23e-05 -3.66e-06 -3.65e-07 -4.28e-08  -0.00395         1 -0.000157 -2.48e-05    -0.005  -0.00101 -0.000538 -0.000126  -0.00223   -0.0017  -0.00117  -0.00381  -0.00197 -0.000576   0.00434   0.00279   0.00151  -0.00105   0.00499   0.00221 -0.000221   -0.0201  -0.00581   -0.0134  -0.00201 -0.000171   -0.0044  -0.00083 -1.66e-05   -0.0172   -0.0035 -0.000609   -0.0078
-0.000523 -2.28e-05 -8.86e-05 -0.000226 -0.000559 -0.000167  -9.8e-17  -9.8e-17  2.97e-06  4.77e-06 -1.84e-17 -8.69e-05 -0.000255  -2.9e-05 -0.000147 -1.97e-05 -2.53e-05 -0.000167 -0.000354  -0.00011 -1.62e-05 -0.000327 -0.000239 -5.03e-05  -0.00037 -5.32e-05 -0.000194 -6.06e-05 -5.32e-05 -4.38e-05 -4.63e-05 -9.29e-05 -0.000109 -5.64e-05 -0.000602 -0.000255 -9.03e-08 -4.35e-05 -1.19e-05 -7.24e-05  4.17e-07 -3.41e-05   5.4e-05  0.000464 -0.000418  0.000521  2.88e-06 -0.000329  -0.00281  -0.00439  -0.00159 -0.000156  -0.00116  -0.00195 -0.000355 -0.000416  -0.00116 -3.24e-05 -0.000355 -0.000647 -0.000225 -0.000231  -0.00014 -0.000173 -0.000122 -6.64e-05  -0.00112    -0.002 -0.000794 -8.75e-05  -1.9e-05 -2.33e-06  2.69e-07  1.72e-08 -1.34e-09 -0.000417 -0.000157         1   8.4e-06 -0.000512  5.54e-05  1.41e-05 -2.82e-06 -4.09e-05 -0.000268 -0.000116 -0.000702 -0.000117  2.33e-05   0.00109 -0.000794  0.000393  0.000369 -0.000571 -0.000778  -2.9e-05   -0.0019 -0.000661  -0.00157 -0.000202 -1.14e-05 -0.000469  -7.1e-05 -3.94e-07  -0.00192 -0.000497  -7.5e-05  -0.00111
  0.00043 -3.24e-06  1.83e-06  -5.2e-06 -1.55e-05 -7.57e-06 -4.71e-18 -4.71e-18  -3.2e-06 -7.15e-06   1.6e-17 -5.23e-07 -4.86e-06 -5.47e-07 -2.68e-06 -5.41e-07  -6.3e-07 -2.92e-06 -8.26e-06  9.17e-05  1.59e-05  0.000161  0.000195  2.53e-05  0.000336  1.52e-05  0.000229  4.11e-05  -8.6e-06  2.76e-06  8.16e-06  8.79e-05  9.56e-05  4.38e-05  4.01e-05  0.000233  -3.1e-08  5.75e-06 -4.05e-06 -3.16e-06 -3.85e-07 -3.07e-05 -8.33e-05 -0.000284  0.000432  -0.00127 -3.84e-06  -3.8e-05  0.000269  0.000576  0.000296 -7.46e-05  0.000174  0.000212  1.28e-05 -5.42e-05  0.000129  -7.3e-05 -4.09e-06  0.000142 -6.91e-05  0.000187 -1.41e-05  2.05e-05 -7.78e-06  2.05e-06  -0.00068  0.000119  8.98e-05 -2.32e-05  5.12e-08  -1.2e-06  -2.4e-07 -1.57e-08 -1.37e-09 -0.000174 -2.48e-05   8.4e-06         1 -0.000146 -6.75e-05 -2.01e-05 -3.03e-06 -4.17e-05 -7.93e-07 -1.08e-05   0.00015 -2.54e-05 -7.49e-05   -0.0006  0.000748 -0.000436 -0.000368  0.000705 -0.000186 -3.29e-07 -8.26e-05 -6.82e-05  2.65e-05 -1.82e-05 -7.05e-07 -2.99e-05 -1.31e-05 -9.74e-07 -9.26e-05 -6.78e-06 -1.95e-05  -2.7e-05
   0.0527 -0.000506  -0.00116  -0.00459   -0.0104  -0.00318 -1.14e-15 -1.14e-15  -0.00018 -0.000301  2.24e-16  -0.00169  -0.00454 -0.000517  -0.00291 -0.000386 -0.000492  -0.00295  -0.00637   0.00399  0.000516   0.00393   0.00794   0.00129    0.0385 -0.000315    0.0098   0.00126  -0.00195    0.0015   -0.0014   0.00356   0.00461   0.00201   0.00364    0.0107 -3.98e-06 -0.000687 -0.000394   0.00273 -1.64e-05  -0.00275 -0.000983  -0.00107    0.0175 -0.000529 -0.000294  -0.00696   -0.0181   -0.0175  -0.00323 -0.000573 -0.000187  -0.00834  -0.00439   -0.0026  -0.00354  -0.00109 -0.000597   0.00216  -0.00268   0.00277  -0.00454  -0.00264  -0.00411  -0.00188    -0.025   -0.0316  -0.00581  -0.00382 -0.000112 -0.000127 -8.91e-06 -1.25e-08 -7.02e-08   -0.0203    -0.005 -0.000512 -0.000146         1  -0.00306 -0.000757 -0.000233  -0.00252   -0.0074  -0.00401   -0.0389  -0.00229  -0.00573   -0.0266    0.0345   -0.0348   -0.0198    0.0367   -0.0306 -0.000358   -0.0548   -0.0237   -0.0437  -0.00617 -0.000328   -0.0154  -0.00265 -7.34e-05   -0.0604   -0.0149  -0.00337   -0.0216
  0.00505 -4.48e-05 -9.56e-05 -0.000672   -0.0013 -0.000404 -8.37e-17 -8.37e-17 -5.29e-05 -9.31e-05  1.36e-16 -0.000231 -0.000533 -6.11e-05 -0.000402 -5.16e-05 -6.46e-05 -0.000352 -0.000764  0.000888   0.00016 -0.000234   0.00177  0.000123   0.00496 -0.000479   0.00262  0.000279  -0.00073  0.000147 -0.000349     0.001   0.00111  0.000388  -0.00097   0.00189 -6.78e-07   2.3e-05 -0.000106  7.82e-05 -1.14e-05  -0.00115 -0.000462  -0.00135   0.00549   -0.0105 -0.000132 -4.64e-05   0.00389   0.00788   0.00376 -0.000589   0.00169   0.00249  0.000475 -0.000788   0.00185  -0.00076 -3.36e-05   0.00155 -0.000826   0.00342   -0.0005 -0.000147 -0.000447 -0.000344  -0.00876  -0.00363  0.000436 -0.000661  1.68e-05 -2.89e-05 -3.42e-06 -2.39e-07 -2.46e-08  -0.00292  -0.00101  5.54e-05 -6.75e-05  -0.00306         1 -0.000367 -6.83e-05  -0.00107 -0.000573 -0.000501  0.000239 -0.000739 -0.000849  -0.00457   0.00834  -0.00378  -0.00399   0.00877 -0.000698  -6.1e-05   -0.0074  -0.00262  -0.00431 -0.000822 -6.39e-05  -0.00177 -0.000396 -1.47e-05  -0.00665  -0.00124 -0.000394  -0.00253
-0.000948 -8.58e-06 -5.91e-05 -0.000379 -0.000661 -0.000194 -3.73e-17 -3.73e-17 -2.04e-05 -2.88e-05  4.65e-17 -0.000132 -0.000272 -3.12e-05 -0.000222 -2.71e-05 -3.39e-05 -0.000183 -0.000387  0.000123  2.94e-05  -0.00136  0.000142 -0.000101  0.000587 -0.000514  0.000611 -4.02e-05 -0.000517  3.93e-05 -0.000264  0.000251  0.000207 -9.57e-07  -0.00147 -0.000151 -2.58e-07  3.06e-05    -7e-05 -7.38e-05 -7.99e-06 -0.000741  0.000106   0.00054   0.00157  -0.00265 -8.23e-05  0.000326   0.00175   0.00297   0.00129  -0.00026  9.13e-05   0.00057  0.000413 -0.000613  0.000508   -0.0003 -0.000213  0.000249 -0.000325   0.00178 -0.000157 -0.000126 -0.000121 -0.000221  -0.00345  -0.00266  6.25e-05 -0.000261  1.13e-05 -1.29e-05 -1.57e-06 -1.68e-07 -1.39e-08 -0.000674 -0.000538  1.41e-05 -2.01e-05 -0.000757 -0.000367         1 -3.68e-05 -0.000693 -0.000126 -0.000183 -3.88e-05 -0.000589 -0.000238  0.000224   0.00144  0.000206 -0.000651   0.00178   0.00145  -4.7e-05  -0.00348 -0.000757  -0.00169 -0.000339 -3.53e-05 -0.000634 -0.000153 -4.55e-06  -0.00242 -0.000326 -6.84e-05  -0.00122
-0.000307 -4.39e-06 -1.98e-05  -9.4e-05 -0.000167 -4.82e-05 -1.07e-17 -1.07e-17 -3.77e-06 -5.81e-06   7.6e-18 -3.32e-05 -6.99e-05 -8.02e-06 -5.57e-05 -6.79e-06 -8.55e-06 -4.66e-05 -9.89e-05  1.57e-05  2.75e-06 -0.000343  5.04e-06 -2.19e-05  0.000278 -0.000125  9.39e-05 -1.55e-05 -0.000117  2.14e-05 -6.37e-05   3.8e-05  3.16e-05 -7.21e-06 -0.000264  -5.6e-05 -6.52e-08  1.31e-06 -1.56e-05   1.1e-05 -1.66e-06 -0.000163  4.27e-05  0.000211  0.000214  0.000156  -1.7e-05 -1.17e-05  0.000161  0.000314   0.00014 -7.74e-06 -1.16e-05  9.66e-06  4.79e-05 -0.000123  3.94e-05  -2.7e-05 -2.62e-05  2.63e-05 -2.71e-05  0.000239 -4.56e-05 -4.21e-05 -3.73e-05 -5.31e-05 -0.000398 -0.000728 -9.38e-06 -5.87e-05  1.63e-06 -2.59e-06  -3.3e-07  -3.7e-08 -3.22e-09 -0.000172 -0.000126 -2.82e-06 -3.03e-06 -0.000233 -6.83e-05 -3.68e-05         1 -0.000157 -6.24e-05  -5.3e-05  -0.00124 -0.000148 -9.74e-05 -4.29e-05  0.000258  -0.00015 -0.000161  0.000273  0.000137 -9.11e-06 -0.000954 -0.000257 -0.000574  -9.6e-05 -9.17e-06 -0.000203 -4.33e-05    -1e-06  -0.00079 -0.000147 -2.47e-05 -0.000323
 -0.00335  -5.2e-05 -0.000344  -0.00163  -0.00275 -0.000779 -1.92e-16 -1.92e-16 -5.99e-05 -7.98e-05  1.58e-16 -0.000576  -0.00115 -0.000132 -0.000956 -0.000114 -0.000144 -0.000772  -0.00162 -3.71e-05  6.02e-06  -0.00758 -0.000669 -0.000595   0.00274  -0.00256  0.000941 -0.000476  -0.00227  0.000361  -0.00119  0.000432  0.000131  -0.00036  -0.00575  -0.00219 -9.93e-07  9.33e-05 -0.000303  7.02e-05 -3.36e-05  -0.00315   0.00151   0.00612   0.00304   0.00568 -0.000326  0.000752   0.00341   0.00556    0.0022 -0.000348  -0.00135 -0.000573   0.00134  -0.00279  0.000176 -0.000553 -0.000929  -0.00025 -0.000496   0.00523 -0.000568 -0.000717 -0.000382  -0.00097  -0.00699   -0.0132 -0.000109 -0.000882  3.92e-05 -4.37e-05 -5.81e-06 -7.61e-07 -6.08e-08  -0.00162  -0.00223 -4.09e-05 -4.17e-05  -0.00252  -0.00107 -0.000693 -0.000157         1 -0.000637 -0.000741   -0.0148  -0.00298  -0.00125   0.00362   0.00123   0.00155 -0.000686   0.00168   0.00629 -0.000189   -0.0154   -0.0031  -0.00808  -0.00147 -0.000159   -0.0028 -0.000644 -1.35e-05    -0.011  -0.00168 -0.000175  -0.00517
   0.0181 -0.000155 -0.000476  -0.00169  -0.00377  -0.00112 -3.84e-16 -3.84e-16 -3.65e-05 -5.75e-05 -6.67e-17 -0.000634  -0.00166 -0.000189  -0.00107 -0.000141  -0.00018  -0.00108  -0.00231  0.000548  6.17e-05 -0.000369   0.00107   0.00019    0.0104 -0.000379    0.0016  8.04e-05 -0.000739  0.000437 -0.000638  0.000508  0.000834  0.000307  0.000463    0.0018 -1.21e-06 -0.000313 -9.17e-05  0.000867 -2.68e-06 -0.000875  0.000329    0.0021   0.00292   0.00928 -8.08e-05  -0.00213  -0.00836   -0.0105   -0.0034   0.00039  -0.00163  -0.00453  -0.00151 -0.000621  -0.00211  0.000159 -0.000163 -0.000455 -0.000521 -3.15e-05  -0.00148  -0.00114  -0.00145 -0.000722  -0.00428    -0.013  -0.00298  -0.00122 -4.07e-05 -3.74e-05 -9.01e-07  1.26e-07  -1.5e-08  -0.00588   -0.0017 -0.000268 -7.93e-07   -0.0074 -0.000573 -0.000126 -6.24e-05 -0.000637         1  -0.00138   -0.0135 -0.000574  -0.00108  -0.00278   0.00647  -0.00664  -0.00354   0.00775  -0.00815 -0.000123   -0.0197  -0.00807   -0.0164  -0.00214 -0.000128  -0.00542 -0.000885 -1.78e-05   -0.0213  -0.00532  -0.00107  -0.00781
  0.00968 -7.29e-05 -0.000254  -0.00108  -0.00227 -0.000673  -1.9e-16  -1.9e-16 -3.18e-05 -4.19e-05 -2.28e-17 -0.000396 -0.000986 -0.000113  -0.00067 -8.63e-05  -0.00011 -0.000647  -0.00138  0.000277  3.41e-05  -0.00125  0.000437 -2.48e-06   0.00475 -0.000545   0.00103 -2.49e-05 -0.000714  0.000214 -0.000509  0.000365  0.000493  0.000121  -0.00106  0.000486 -7.33e-07  -0.00013 -9.46e-05  0.000318 -6.89e-06 -0.000916  0.000163   0.00116   0.00215   0.00232 -9.84e-05 -0.000708  -0.00264  -0.00289 -0.000736  5.59e-05 -0.000671  -0.00167 -0.000428 -0.000569 -0.000575 -9.11e-05 -0.000196 -5.28e-05 -0.000446   0.00109 -0.000834 -0.000656 -0.000794 -0.000513  -0.00419  -0.00815  -0.00145 -0.000771 -1.02e-05 -2.67e-05 -1.45e-06 -3.91e-08 -1.52e-08  -0.00321  -0.00117 -0.000116 -1.08e-05  -0.00401 -0.000501 -0.000183  -5.3e-05 -0.000741  -0.00138         1  -0.00685 -0.000636 -0.000678  -0.00114   0.00343  -0.00313  -0.00205   0.00446  -0.00293 -9.52e-05   -0.0118  -0.00438  -0.00908  -0.00124 -8.37e-05  -0.00303 -0.000517 -1.13e-05   -0.0119  -0.00279 -0.000548  -0.00461
  -0.0709 -0.000128  0.000142  -0.00246  0.000393  0.000667  7.87e-15  7.87e-15  0.000103 -0.000862 -6.63e-15 -0.000361  0.000484   5.2e-05   -0.0012 -1.28e-05 -7.09e-06  0.000542  0.000911   -0.0271  -0.00549    -0.104   -0.0604  -0.00882    -0.185   -0.0299   -0.0464   -0.0109   -0.0144  -0.00796    -0.012   -0.0185   -0.0125   -0.0126     -0.11   -0.0963 -4.15e-06  -0.00261 -0.000981   -0.0177 -0.000112   -0.0143   -0.0745     -0.19    -0.194   -0.0169  -0.00133    -0.101    0.0331    0.0264   0.00679    0.0536    0.0901    0.0786   -0.0195    0.0528    0.0516    0.0336    0.0521    0.0346    0.0443    -0.178  -0.00366  -0.00392   -0.0075  -0.00352     0.317   -0.0548    0.0248 -0.000285 -0.000335   0.00026  -5.5e-05 -6.51e-06 -3.37e-07  -0.00622  -0.00381 -0.000702   0.00015   -0.0389  0.000239 -3.88e-05  -0.00124   -0.0148   -0.0135  -0.00685         1   -0.0185   -0.0768    -0.306     -0.08    -0.327   -0.0996    -0.148    -0.177   0.00287   -0.0654   -0.0536    -0.106  -0.00847  -0.00144   -0.0404  -0.00755 -3.55e-05    -0.151   -0.0452  -0.00501  -0.00937
   0.0173 -0.000102 -0.000365  -0.00156  -0.00281 -0.000808 -3.81e-16 -3.81e-16 -4.85e-05 -3.67e-05  2.66e-16 -0.000548   -0.0012 -0.000136  -0.00092 -0.000112 -0.000141 -0.000797  -0.00169  0.000231 -3.39e-05  -0.00661 -0.000397 -0.000471   0.00476  -0.00216  0.000576 -0.000454  -0.00191    0.0006 -0.000888  0.000372 -0.000123 -0.000326  -0.00436  -0.00203 -9.15e-07  0.000126 -0.000374  0.000502 -3.27e-05  -0.00266   0.00219   0.00826   0.00161    0.0132 -0.000272 -8.31e-06  -0.00406  -0.00616  -0.00216 -0.000824  -0.00395  -0.00611  0.000137  -0.00384  -0.00368 -0.000534    -0.002  -0.00174 -0.000454    0.0032 -0.000668 -0.000779 -0.000161 -0.000851  -0.00549   -0.0133 -0.000729  -0.00066 -1.89e-06 -3.48e-05 -6.32e-06 -8.25e-07 -6.38e-08  -0.00131  -0.00197 -0.000117 -2.54e-05  -0.00229 -0.000739 -0.000589 -0.000148  -0.00298 -0.000574 -0.000636   -0.0185         1  -0.00227   0.00101  -0.00152  -0.00353 -0.000893  -0.00193   0.00192  -0.00024   -0.0139  -0.00267  -0.00679  -0.00132 -0.000113  -0.00241 -0.000526 -1.33e-05   -0.0101  -0.00173 -7.88e-05  -0.00526
  -0.0245 -0.000153  3.88e-05 -0.000397 -0.000944 -0.000324 -6.91e-17 -6.91e-17 -6.13e-05 -7.77e-05  2.37e-16 -9.97e-05 -0.000386 -4.09e-05 -0.000235    -3e-05 -3.82e-05 -0.000225  -0.00054   0.00169  3.47e-05   0.00137   0.00269  0.000579    0.0107  -8.2e-05   0.00255  0.000453 -0.000246  0.000781  4.48e-06   0.00118    0.0013  0.000654   0.00181   0.00204 -8.62e-07  4.63e-05 -0.000294   0.00115 -1.38e-05 -0.000488  -0.00186  -0.00531  0.000309    0.0022 -8.34e-05   -0.0048  -0.00499  -0.00525 -0.000805  0.000486   0.00298  -0.00172  -0.00242  1.49e-06  -0.00156  0.000302  0.000429   0.00201     0.001  -0.00586  -0.00109 -0.000181 -0.000435 -0.000183   0.00461  -0.00253   0.00158 -0.000442 -3.93e-05 -1.04e-05 -8.12e-06 -5.43e-07 -4.05e-08  -0.00423 -0.000576  2.33e-05 -7.49e-05  -0.00573 -0.000849 -0.000238 -9.74e-05  -0.00125  -0.00108 -0.000678   -0.0768  -0.00227         1   -0.0289   0.00775    -0.033   -0.0122   0.00401   -0.0192 -3.19e-05  -0.00699  -0.00467  -0.00566  -0.00092 -3.01e-07   -0.0028  -0.00048 -2.51e-05   -0.0117  -0.00333 -0.000614  -0.00227
  -0.0738  -0.00056   0.00194   0.00467   0.00721   0.00166  9.35e-16  9.35e-16 -0.000278 -0.000574  1.24e-15   0.00193   0.00326  0.000387   0.00279  0.000325  0.000411   0.00235   0.00453    0.0136   0.00117    0.0449    0.0273   0.00667    0.0641   0.00981    0.0231   0.00658   0.00661   0.00267   0.00454   0.00943    0.0123   0.00728     0.036     0.033  -2.1e-06  0.000171 -0.000256    0.0055  4.18e-05   0.00733   -0.0204   -0.0692    0.0183    -0.084  0.000539   -0.0262   0.00271    0.0254    0.0185   0.00229      0.04    0.0248   -0.0128    0.0125    0.0116   0.00036    0.0099    0.0246   0.00463   -0.0348  -0.00344    0.0036  -0.00141   0.00288    0.0193    0.0518    0.0174 -0.000324 -0.000168  4.09e-05 -2.97e-05  -3.6e-07  -2.2e-08   -0.0241   0.00434   0.00109   -0.0006   -0.0266  -0.00457  0.000224 -4.29e-05   0.00362  -0.00278  -0.00114    -0.306   0.00101   -0.0289         1    0.0854    -0.185   -0.0789    0.0635    -0.119  0.000812    0.0208   -0.0151   0.00395  0.000178  0.000497  -0.00494 -0.000748 -0.000125   -0.0198   -0.0097   -0.0036    0.0111
    0.259   0.00082  0.000335 -0.000347 -0.000394  0.000205  8.01e-16  8.01e-16  0.000358   0.00102 -2.69e-15 -0.000171 -0.000383 -3.65e-05 -0.000188  5.99e-06   8.8e-06 -0.000316 -0.000336   -0.0183  -0.00297   -0.0453   -0.0407   -0.0075    -0.148  -0.00716   -0.0386  -0.00844  -0.00217  -0.00614  -0.00245   -0.0142   -0.0172  -0.00909   -0.0625   -0.0589  5.65e-06  0.000158 -0.000301   -0.0126 -2.41e-05 -7.49e-05   -0.0023  0.000927   -0.0777  -0.00554 -0.000121   0.00824   -0.0292   -0.0826   -0.0381  0.000829   -0.0313   -0.0335  0.000677  0.000578   -0.0203   0.00421  -0.00758   -0.0243   0.00131   -0.0199   0.00314  -0.00251   0.00306 -0.000839    0.0343   -0.0244   -0.0157   0.00357 -0.000197  0.000141   1.9e-05  8.48e-08  1.03e-07    0.0328   0.00279 -0.000794  0.000748    0.0345   0.00834   0.00144  0.000258   0.00123   0.00647   0.00343     -0.08  -0.00152   0.00775    0.0854         1     0.068    0.0552    -0.136    0.0423 -0.000636    0.0344    0.0248    0.0251   0.00561  0.000182    0.0131   0.00306  0.000147    0.0468    0.0116   0.00537   0.00133
  -0.0406 -0.000842   0.00113   0.00133  2.69e-06 -0.000425 -1.12e-16 -1.12e-16 -0.000301 -0.000371  1.28e-15  0.000679  5.46e-05  2.64e-05  0.000707  6.01e-05  7.14e-05  0.000255  9.66e-05    0.0136  0.000769    0.0386    0.0254   0.00643    0.0836   0.00844    0.0202   0.00546   0.00508   0.00476   0.00339   0.00868    0.0109   0.00678     0.037    0.0292 -3.56e-06 -8.76e-05 -0.000868   0.00899   1.5e-05   0.00577   -0.0134   -0.0454    0.0127   -0.0083  0.000349   -0.0274   -0.0317   -0.0286  -0.00284   0.00268    0.0252  -0.00273   -0.0172   0.00808  -0.00534   0.00179   0.00541    0.0164   0.00537    -0.039  -0.00626  0.000686  -0.00289   0.00122    0.0276    0.0203   0.00965  -0.00169 -0.000265 -1.85e-06 -3.31e-05 -5.69e-07  -6.2e-08   -0.0285   0.00151  0.000393 -0.000436   -0.0348  -0.00378  0.000206  -0.00015   0.00155  -0.00664  -0.00313    -0.327  -0.00353    -0.033    -0.185     0.068         1   -0.0771    0.0487    -0.134  0.000241   -0.0129   -0.0256   -0.0213    -0.003  0.000397   -0.0126  -0.00167 -0.000141    -0.053   -0.0182  -0.00435  -0.00329
    0.011 -0.000401  0.000254 -0.000297  -0.00165 -0.000725 -1.37e-16 -1.37e-16 -0.000222 -0.000437  7.92e-16 -1.58e-05  -0.00063 -6.74e-05 -0.000218 -4.55e-05 -5.75e-05 -0.000336 -0.000932   0.00759  0.000896    0.0185    0.0155   0.00308    0.0426   0.00315    0.0156   0.00335   0.00105   0.00157  0.000973   0.00609   0.00755   0.00392    0.0141    0.0192 -2.73e-06 -6.46e-05  -0.00029   0.00289 -2.11e-06  0.000482   -0.0079   -0.0264    0.0219   -0.0486 -4.02e-05   -0.0107   0.00296    0.0184    0.0123 -0.000696    0.0168     0.011  -0.00472   0.00224    0.0063  -0.00167   0.00318    0.0119 -0.000704  -0.00491  -0.00296   0.00061   -0.0021  0.000198   -0.0159   0.00738   0.00563  -0.00201 -6.19e-05 -6.06e-05 -1.72e-05 -4.14e-07 -5.87e-08   -0.0182  -0.00105  0.000369 -0.000368   -0.0198  -0.00399 -0.000651 -0.000161 -0.000686  -0.00354  -0.00205   -0.0996 -0.000893   -0.0122   -0.0789    0.0552   -0.0771         1    0.0486   -0.0497   0.00013   -0.0156   -0.0147   -0.0143  -0.00258  1.13e-05  -0.00777  -0.00147 -8.51e-05   -0.0299  -0.00847  -0.00273  -0.00452
    0.173  0.000744  0.000668    0.0023    0.0057   0.00203  1.21e-15  1.21e-15  0.000416  0.000965 -2.17e-15   0.00082   0.00229  0.000267   0.00148  0.000226  0.000287   0.00146   0.00339   -0.0164  -0.00279    -0.039   -0.0364  -0.00626    -0.125  -0.00601   -0.0371  -0.00739 -0.000592  -0.00456  -0.00112   -0.0137   -0.0165   -0.0084    -0.045   -0.0521  6.18e-06  0.000331 -9.05e-05  -0.00927 -7.89e-06    0.0016 -0.000775   0.00455   -0.0786    0.0415  0.000153   0.00349   -0.0248   -0.0721   -0.0352   0.00414   -0.0238    -0.027 -4.19e-05   0.00258   -0.0179   0.00636  -0.00384   -0.0205   0.00608    -0.029   0.00459 -0.000815   0.00454  0.000429    0.0678   -0.0046  -0.00787   0.00524 -0.000143  0.000209  1.73e-05 -2.85e-07  9.26e-08     0.036   0.00499 -0.000571  0.000705    0.0367   0.00877   0.00178  0.000273   0.00168   0.00775   0.00446    -0.148  -0.00193   0.00401    0.0635    -0.136    0.0487    0.0486         1     0.034  -0.00014    0.0516    0.0284    0.0365   0.00699  0.000285     0.016   0.00339  0.000151    0.0587    0.0136   0.00562    0.0127
    0.421 -0.000949 -0.000233 -0.000325  -0.00612  -0.00229  -1.8e-15  -1.8e-15 -8.62e-05 -0.000146  4.08e-16 -9.44e-05  -0.00295 -0.000319 -0.000538 -0.000135 -0.000181  -0.00174  -0.00404   0.00865  0.000551    0.0395    0.0174   0.00494    0.0407    0.0107    0.0128   0.00436   0.00718  0.000794   0.00416   0.00494   0.00688    0.0051    0.0216    0.0236  -2.6e-06  -0.00102 -0.000218   0.00287  8.56e-05   0.00949   -0.0146   -0.0456    0.0038   -0.0612  0.000918   -0.0267    -0.079    -0.107   -0.0316  -0.00366 -0.000612   -0.0353   -0.0211   0.00141   -0.0243 -0.000829  -0.00244   0.00122  -0.00304   -0.0358  -0.00603 -0.000974   -0.0038   0.00168   -0.0153   0.00495  -0.00857   -0.0016 -0.000676  1.37e-05 -8.39e-06  1.39e-06  4.15e-08   -0.0281   0.00221 -0.000778 -0.000186   -0.0306 -0.000698   0.00145  0.000137   0.00629  -0.00815  -0.00293    -0.177   0.00192   -0.0192    -0.119    0.0423    -0.134   -0.0497     0.034         1  -7.2e-05    -0.013   -0.0243   -0.0258  -0.00304  0.000377   -0.0117  -0.00133 -9.32e-05   -0.0493   -0.0178  -0.00441   -0.0147
  0.00717 -1.15e-05 -4.99e-05 -0.000241 -0.000549 -0.000165 -7.87e-17 -7.87e-17  -5.8e-06   1.6e-06  6.24e-18  -8.8e-05 -0.000242 -2.73e-05  -0.00015 -1.98e-05 -2.51e-05 -0.000159 -0.000338 -9.03e-06 -5.18e-06 -0.000468 -0.000105 -6.34e-05 -0.000572 -0.000115  4.81e-05 -5.29e-05 -0.000147 -3.34e-05 -7.94e-05  3.14e-05 -2.11e-05 -2.53e-05  -0.00101 -0.000289 -9.64e-08 -1.85e-06 -3.95e-05 -0.000116 -2.46e-06 -0.000189  6.89e-05  0.000361  0.000265  -0.00181 -2.35e-05  0.000123  -0.00141  -0.00227 -0.000723 -0.000347  -0.00092  -0.00135 -0.000111 -0.000509 -0.000783 -0.000198 -0.000465 -0.000441 -0.000358   0.00057 -0.000144 -0.000141 -8.31e-05 -0.000102  -0.00256  -0.00188 -0.000569 -0.000124 -9.73e-06 -5.52e-06  -3.6e-07 -3.29e-08 -3.87e-09 -0.000372 -0.000221  -2.9e-05 -3.29e-07 -0.000358  -6.1e-05  -4.7e-05 -9.11e-06 -0.000189 -0.000123 -9.52e-05   0.00287  -0.00024 -3.19e-05  0.000812 -0.000636  0.000241   0.00013  -0.00014  -7.2e-05         1  -0.00172   -0.0004 -0.000969  -0.00016 -8.19e-06 -0.000304 -4.84e-05 -1.52e-06  -0.00131 -0.000254 -2.97e-05  -0.00103
    0.111  -0.00103  -0.00437   -0.0179   -0.0363   -0.0106 -3.15e-15 -3.15e-15 -0.000467 -0.000562 -1.54e-16  -0.00661   -0.0157   -0.0018   -0.0111   -0.0014  -0.00178   -0.0104    -0.022   0.00194  0.000273   -0.0351   0.00117  -0.00178    0.0681   -0.0127    0.0116   -0.0021   -0.0141    0.0038  -0.00939   0.00407   0.00481  5.63e-07   -0.0243 -0.000877 -1.12e-05  -0.00167  -0.00174   0.00503 -0.000151   -0.0183    0.0102    0.0433    0.0309    0.0798  -0.00189  -0.00442   -0.0358   -0.0417   -0.0128  0.000512   -0.0193   -0.0313  -0.00233   -0.0144   -0.0119  -0.00151  -0.00586  -0.00602  -0.00661    0.0273   -0.0118   -0.0108   -0.0111  -0.00896   -0.0634    -0.141   -0.0227   -0.0117 -4.54e-05 -0.000432 -2.35e-05 -1.63e-06 -2.98e-07   -0.0422   -0.0201   -0.0019 -8.26e-05   -0.0548   -0.0074  -0.00348 -0.000954   -0.0154   -0.0197   -0.0118   -0.0654   -0.0139  -0.00699    0.0208    0.0344   -0.0129   -0.0156    0.0516    -0.013  -0.00172         1   -0.0627    -0.139   -0.0194  -0.00146   -0.0453  -0.00795 -0.000154    -0.178   -0.0398  -0.00719   -0.0725
   0.0421 -0.000461  -0.00137   -0.0054   -0.0117   -0.0035 -1.04e-15 -1.04e-15  -0.00016 -0.000251 -9.34e-17    -0.002   -0.0051 -0.000582  -0.00339 -0.000441 -0.000562  -0.00333  -0.00714   0.00223   0.00027   -0.0025   0.00417  0.000552    0.0326  -0.00188   0.00663  0.000362  -0.00301   0.00139  -0.00228    0.0023    0.0033   0.00113 -0.000743   0.00576 -4.05e-06 -0.000825 -0.000406   0.00245 -2.31e-05  -0.00384  8.99e-05   0.00353    0.0121    0.0166 -0.000396  -0.00627   -0.0178   -0.0194   -0.0051  0.000959  -0.00191  -0.00904  -0.00367    -0.002  -0.00334 -3.09e-05 -0.000102  0.000672   -0.0018   0.00225  -0.00466  -0.00337  -0.00449  -0.00244   -0.0176   -0.0403   -0.0074  -0.00407  -8.5e-05 -0.000133 -6.98e-06  1.35e-08 -7.04e-08    -0.019  -0.00581 -0.000661 -6.82e-05   -0.0237  -0.00262 -0.000757 -0.000257   -0.0031  -0.00807  -0.00438   -0.0536  -0.00267  -0.00467   -0.0151    0.0248   -0.0256   -0.0147    0.0284   -0.0243   -0.0004   -0.0627         1   -0.0504   -0.0068 -0.000425    -0.017  -0.00288 -6.48e-05   -0.0667   -0.0163  -0.00334   -0.0242
   0.0569 -0.000774  -0.00315   -0.0125   -0.0258  -0.00754 -1.96e-15 -1.96e-15 -0.000278 -0.000371 -7.22e-16  -0.00463   -0.0112  -0.00128  -0.00776  -0.00099  -0.00126  -0.00738   -0.0157  0.000501  2.28e-05   -0.0207 -0.000283 -0.000792     0.049  -0.00759   0.00616  -0.00139  -0.00862   0.00246  -0.00648   0.00184   0.00334  0.000106   -0.0129 -0.000176 -7.98e-06  -0.00175 -0.000897   0.00392 -7.03e-05   -0.0106     0.004    0.0214    0.0139    0.0675  -0.00107  -0.00836   -0.0326   -0.0399   -0.0134   0.00396  -0.00981   -0.0205  -0.00449   -0.0046  -0.00693   0.00143 -0.000533  -0.00299  -0.00249   0.00778  -0.00908  -0.00811  -0.00919   -0.0061   -0.0254   -0.0988   -0.0179  -0.00844 -8.79e-05 -0.000281 -1.02e-05 -1.52e-07 -1.52e-07   -0.0331   -0.0134  -0.00157  2.65e-05   -0.0437  -0.00431  -0.00169 -0.000574  -0.00808   -0.0164  -0.00908    -0.106  -0.00679  -0.00566   0.00395    0.0251   -0.0213   -0.0143    0.0365   -0.0258 -0.000969    -0.139   -0.0504         1   -0.0144  -0.00104   -0.0356  -0.00599 -0.000106    -0.139   -0.0329  -0.00607   -0.0526
    0.012 -0.000127 -0.000464  -0.00179  -0.00371  -0.00109 -3.59e-16 -3.59e-16 -4.86e-05 -7.18e-05  1.42e-17 -0.000661  -0.00161 -0.000184  -0.00111 -0.000142 -0.000181  -0.00106  -0.00226  0.000437  6.74e-05  -0.00261  0.000693 -5.62e-05   0.00845  -0.00108   0.00167 -7.03e-05   -0.0013  0.000406 -0.000855  0.000583  0.000716  0.000136  -0.00166  0.000803 -1.21e-06 -0.000191 -0.000162  0.000595 -1.31e-05   -0.0017  0.000786   0.00362   0.00384   0.00669  -0.00017 -0.000992  -0.00454  -0.00507  -0.00142 -2.56e-05  -0.00173  -0.00333 -0.000521  -0.00151  -0.00135 -0.000219 -0.000544 -0.000407 -0.000759   0.00244  -0.00126  -0.00106  -0.00119  -0.00085  -0.00708   -0.0138  -0.00228  -0.00121 -1.51e-05 -4.38e-05 -2.47e-06 -1.45e-07 -3.06e-08  -0.00489  -0.00201 -0.000202 -1.82e-05  -0.00617 -0.000822 -0.000339  -9.6e-05  -0.00147  -0.00214  -0.00124  -0.00847  -0.00132  -0.00092  0.000178   0.00561    -0.003  -0.00258   0.00699  -0.00304  -0.00016   -0.0194   -0.0068   -0.0144         1 -0.000146   -0.0048 -0.000851 -1.76e-05   -0.0188   -0.0043 -0.000834  -0.00747
-0.000224 -4.01e-06 -3.55e-05 -0.000138  -0.00025 -7.06e-05 -9.53e-18 -9.53e-18 -3.06e-06 -6.57e-06 -8.89e-18 -5.05e-05 -0.000107 -1.23e-05 -8.32e-05 -1.02e-05 -1.29e-05 -7.12e-05  -0.00015 -4.79e-05 -1.39e-06 -0.000523 -0.000106 -4.36e-05  0.000133 -0.000173  2.29e-05 -3.87e-05 -0.000155  6.27e-06 -0.000101  1.34e-07  7.93e-06 -3.11e-05 -0.000403 -0.000157 -8.22e-08 -1.25e-05  -9.7e-06 -9.46e-06  -1.5e-06   -0.0002   4.6e-05   0.00028  0.000125  0.000472 -1.93e-05 -1.56e-05  0.000207  0.000366   0.00013  5.88e-05  -2.5e-05  8.16e-05  7.69e-05 -7.54e-05  0.000129  7.84e-06  2.69e-05  7.08e-06 -1.91e-05   0.00027 -5.97e-05 -7.55e-05 -7.82e-05 -7.63e-05 -0.000302  -0.00111 -0.000107 -8.57e-05  2.24e-06 -3.28e-06 -1.63e-07 -2.33e-08 -2.82e-09 -0.000228 -0.000171 -1.14e-05 -7.05e-07 -0.000328 -6.39e-05 -3.53e-05 -9.17e-06 -0.000159 -0.000128 -8.37e-05  -0.00144 -0.000113 -3.01e-07  0.000497  0.000182  0.000397  1.13e-05  0.000285  0.000377 -8.19e-06  -0.00146 -0.000425  -0.00104 -0.000146         1 -0.000334 -6.57e-05 -8.19e-07  -0.00127 -0.000257 -4.49e-05 -0.000497
   0.0242 -0.000287    -0.001  -0.00401  -0.00838  -0.00247 -6.71e-16 -6.71e-16 -0.000108 -0.000163 -1.23e-16  -0.00148  -0.00364 -0.000416   -0.0025  -0.00032 -0.000407  -0.00239  -0.00509  0.000852  0.000102   -0.0052   0.00134  -1.2e-05    0.0191  -0.00223   0.00346 -0.000143  -0.00272  0.000897  -0.00197   0.00117   0.00173  0.000363  -0.00315   0.00168 -2.79e-06 -0.000543  -0.00032   0.00143 -2.39e-05  -0.00345  0.000673   0.00485   0.00674    0.0161 -0.000353  -0.00354   -0.0102   -0.0112  -0.00314  0.000969  -0.00198  -0.00585  -0.00175   -0.0017  -0.00187  0.000151 -0.000104 -4.42e-05  -0.00102   0.00258  -0.00309  -0.00249  -0.00304  -0.00192   -0.0108   -0.0309  -0.00518  -0.00284 -3.61e-05 -9.54e-05 -5.02e-06 -1.45e-07 -5.76e-08    -0.012   -0.0044 -0.000469 -2.99e-05   -0.0154  -0.00177 -0.000634 -0.000203   -0.0028  -0.00542  -0.00303   -0.0404  -0.00241   -0.0028  -0.00494    0.0131   -0.0126  -0.00777     0.016   -0.0117 -0.000304   -0.0453    -0.017   -0.0356   -0.0048 -0.000334         1  -0.00203 -4.12e-05   -0.0463    -0.011  -0.00213   -0.0171
  0.00374 -5.11e-05 -0.000186 -0.000708  -0.00144 -0.000424 -1.17e-16 -1.17e-16 -2.11e-05 -4.04e-05  7.27e-19  -0.00026  -0.00062 -7.12e-05 -0.000437 -5.58e-05 -7.08e-05 -0.000408 -0.000871  0.000177  3.48e-05  -0.00114  0.000319 -2.07e-05   0.00335 -0.000502  0.000789 -9.64e-06 -0.000566  0.000139  -0.00037  0.000266  0.000356  6.28e-05 -0.000769  0.000383 -5.19e-07 -8.19e-05 -5.82e-05  0.000194 -5.41e-06 -0.000752  8.09e-05  0.000791    0.0016   0.00163 -7.33e-05 -0.000619 -0.000979 -0.000598   4.5e-06  0.000108 -0.000147  -0.00055 -0.000146 -0.000462 -2.79e-05  -5.8e-05  2.87e-06  0.000143 -0.000236  0.000869  -0.00049 -0.000395   -0.0005  -0.00034  -0.00255  -0.00536 -0.000696 -0.000503 -3.48e-06 -1.79e-05 -1.17e-06 -7.74e-08 -1.37e-08  -0.00209  -0.00083  -7.1e-05 -1.31e-05  -0.00265 -0.000396 -0.000153 -4.33e-05 -0.000644 -0.000885 -0.000517  -0.00755 -0.000526  -0.00048 -0.000748   0.00306  -0.00167  -0.00147   0.00339  -0.00133 -4.84e-05  -0.00795  -0.00288  -0.00599 -0.000851 -6.57e-05  -0.00203         1 -7.68e-06  -0.00785  -0.00179 -0.000366  -0.00292
 0.000165 -1.62e-06  -2.6e-06 -1.34e-05 -3.02e-05 -9.47e-06 -3.82e-18 -3.82e-18 -8.59e-07  -1.3e-06  2.74e-18 -4.75e-06 -1.29e-05 -1.46e-06 -8.36e-06 -1.12e-06 -1.42e-06 -8.38e-06 -1.82e-05  2.06e-05  2.73e-06  2.11e-05  3.99e-05   5.5e-06  0.000141 -4.75e-07  4.76e-05  6.63e-06 -7.28e-06  5.82e-06 -3.21e-06  1.85e-05  2.06e-05  9.35e-06  1.18e-05  4.72e-05 -1.34e-08 -5.75e-07 -2.15e-06  8.78e-06 -1.32e-07 -1.22e-05 -4.01e-06 -1.13e-05  9.05e-05 -9.46e-05 -1.48e-06 -1.53e-05 -2.65e-05 -9.94e-07  1.56e-05 -1.17e-05  7.59e-06  -1.4e-05 -9.59e-06 -1.74e-05 -5.57e-06 -1.12e-05 -7.41e-06  1.51e-05 -1.43e-05  3.23e-05 -1.38e-05  -5.5e-06 -1.04e-05 -5.53e-06 -0.000139 -8.01e-05 -6.67e-06 -1.23e-05 -2.28e-07 -4.77e-07  -5.6e-08 -2.54e-09 -3.71e-10 -6.66e-05 -1.66e-05 -3.94e-07 -9.74e-07 -7.34e-05 -1.47e-05 -4.55e-06    -1e-06 -1.35e-05 -1.78e-05 -1.13e-05 -3.55e-05 -1.33e-05 -2.51e-05 -0.000125  0.000147 -0.000141 -8.51e-05  0.000151 -9.32e-05 -1.52e-06 -0.000154 -6.48e-05 -0.000106 -1.76e-05 -8.19e-07 -4.12e-05 -7.68e-06         1 -0.000162 -3.76e-05  -9.6e-06 -6.08e-05
   0.0887  -0.00116  -0.00395   -0.0159   -0.0335  -0.00988 -2.84e-15 -2.84e-15 -0.000424 -0.000578 -4.11e-16  -0.00587   -0.0146  -0.00166  -0.00992  -0.00127  -0.00162  -0.00954   -0.0204   0.00353  0.000333     -0.02   0.00519 -1.72e-05    0.0761  -0.00843    0.0131 -0.000658   -0.0105   0.00375  -0.00757    0.0045   0.00644   0.00142   -0.0121   0.00609 -1.09e-05  -0.00209  -0.00137   0.00595  -9.6e-05   -0.0132   0.00362    0.0219    0.0254    0.0693  -0.00137   -0.0136   -0.0473   -0.0558   -0.0168   0.00305   -0.0111   -0.0291  -0.00789  -0.00781   -0.0115  0.000445  -0.00191  -0.00204  -0.00431   0.00929   -0.0124     -0.01   -0.0118  -0.00758   -0.0434    -0.123   -0.0216   -0.0111 -0.000176 -0.000373 -2.03e-05 -5.97e-07 -2.27e-07    -0.047   -0.0172  -0.00192 -9.26e-05   -0.0604  -0.00665  -0.00242  -0.00079    -0.011   -0.0213   -0.0119    -0.151   -0.0101   -0.0117   -0.0198    0.0468    -0.053   -0.0299    0.0587   -0.0493  -0.00131    -0.178   -0.0667    -0.139   -0.0188  -0.00127   -0.0463  -0.00785 -0.000162         1   -0.0433  -0.00826   -0.0683
   0.0438 -0.000302 -0.000888  -0.00341  -0.00747  -0.00222 -6.78e-16 -6.78e-16 -8.35e-05 -0.000116 -1.37e-16  -0.00127  -0.00327 -0.000373  -0.00215  -0.00028 -0.000357  -0.00213  -0.00457   0.00105  6.79e-05  -0.00197   0.00176  0.000302      0.02  -0.00113   0.00295   4.6e-05  -0.00173  0.000954  -0.00141  0.000994    0.0016  0.000533 -0.000133   0.00256 -2.46e-06 -0.000576 -0.000258   0.00175 -1.15e-05  -0.00208  0.000319    0.0033   0.00452    0.0195 -0.000211  -0.00464   -0.0155   -0.0194  -0.00623   0.00111  -0.00239  -0.00833  -0.00304 -0.000961  -0.00382  0.000524 -9.36e-05 -0.000507 -0.000591  -0.00114  -0.00303  -0.00231  -0.00287  -0.00154  -0.00594   -0.0265  -0.00535  -0.00245 -7.16e-05 -7.52e-05 -3.54e-06  8.66e-08 -3.83e-08   -0.0116   -0.0035 -0.000497 -6.78e-06   -0.0149  -0.00124 -0.000326 -0.000147  -0.00168  -0.00532  -0.00279   -0.0452  -0.00173  -0.00333   -0.0097    0.0116   -0.0182  -0.00847    0.0136   -0.0178 -0.000254   -0.0398   -0.0163   -0.0329   -0.0043 -0.000257    -0.011  -0.00179 -3.76e-05   -0.0433         1  -0.00209   -0.0155
   0.0094 -7.02e-05 -0.000163 -0.000572  -0.00134 -0.000412 -1.48e-16 -1.48e-16 -2.11e-05 -4.49e-05  1.38e-17 -0.000212 -0.000588 -6.72e-05 -0.000367 -4.94e-05 -6.31e-05 -0.000381 -0.000825  0.000539  8.15e-05  0.000964   0.00117  0.000214   0.00534  7.46e-05   0.00139  0.000216 -0.000166  0.000164 -0.000148  0.000478  0.000674  0.000304  0.000849   0.00174  -5.3e-07 -0.000118 -2.31e-05   0.00035  2.84e-07 -0.000235 -0.000294 -0.000656   0.00245 -0.000756 -2.12e-05  -0.00112  -0.00247  -0.00224  -0.00037 -5.95e-07  0.000214 -0.000807 -0.000647  -0.00016 -0.000258 -0.000112  8.31e-05  0.000414 -0.000359  0.000176 -0.000598 -0.000332 -0.000595 -0.000211  -0.00322   -0.0038 -0.000818  -0.00051 -1.78e-05 -1.59e-05 -7.41e-07  5.44e-08 -6.32e-09  -0.00289 -0.000609  -7.5e-05 -1.95e-05  -0.00337 -0.000394 -6.84e-05 -2.47e-05 -0.000175  -0.00107 -0.000548  -0.00501 -7.88e-05 -0.000614   -0.0036   0.00537  -0.00435  -0.00273   0.00562  -0.00441 -2.97e-05  -0.00719  -0.00334  -0.00607 -0.000834 -4.49e-05  -0.00213 -0.000366  -9.6e-06  -0.00826  -0.00209         1  -0.00282
   0.0351   -0.0005  -0.00203  -0.00809   -0.0181  -0.00543 -2.09e-15 -2.09e-15  -0.00017 -0.000166 -2.79e-16  -0.00298  -0.00798 -0.000909  -0.00508 -0.000665 -0.000846  -0.00525   -0.0112 -0.000438 -2.88e-05   -0.0132  -0.00211  -0.00137  -0.00322  -0.00401   0.00317  -0.00114  -0.00484  -0.00085  -0.00319   0.00102  0.000936 -0.000377   -0.0252  -0.00466 -4.31e-06 -0.000791 -0.000813  -0.00248 -5.01e-05  -0.00601  -0.00136   0.00237   0.00757   -0.0392 -0.000639  -0.00398   -0.0387   -0.0575   -0.0177  -0.00528   -0.0182   -0.0298  -0.00454   -0.0101   -0.0155   -0.0034  -0.00783  -0.00822  -0.00813    0.0096  -0.00534  -0.00489  -0.00471  -0.00339   -0.0591   -0.0626   -0.0167  -0.00487 -0.000288 -0.000179 -7.82e-06 -4.54e-07 -1.09e-07   -0.0189   -0.0078  -0.00111  -2.7e-05   -0.0216  -0.00253  -0.00122 -0.000323  -0.00517  -0.00781  -0.00461  -0.00937  -0.00526  -0.00227    0.0111   0.00133  -0.00329  -0.00452    0.0127   -0.0147  -0.00103   -0.0725   -0.0242   -0.0526  -0.00747 -0.000497   -0.0171  -0.00292 -6.08e-05   -0.0683   -0.0155  -0.00282         1

  Chi^2                                0.804637  +/- 1.79403
  Chi^2/ndf                            0.114948
  Chi^2 for each template              181.688 +/- 3.29064	77.1285 +/- 1.91369	19.8991 +/- 1.33867	3.15518 +/- 0.996714	2.54712 +/- 0.379663	14.4719 +/- 1.09174	29.4316 +/- 0.752952	45.1709 +/- 1.60544	66.6066 +/- 1.21735	
  Chi^2 for each template w.r.t. fit   180.406 +/- 3.29064	76.0968 +/- 1.91369	19.603 +/- 1.33867	1.26135 +/- 0.996714	2.13519 +/- 0.379663	13.5334 +/- 1.09174	28.3398 +/- 0.752952	44.037 +/- 1.60544	64.5559 +/- 1.21735	  Partial chi^2                        0.00 (EG_RESOLUTION_ALL)    0.00 (EG_SCALE_ALL)    0.00 (EL_EFF_ID_TOTAL_1NPCOR_PLUS_UNCOR)    0.00 (EL_EFF_Iso_TOTAL_1NPCOR_PLUS_UNCOR)
  Partial chi^2                        0.00 (EL_EFF_Reco_TOTAL_1NPCOR_PLUS_UNCOR)    0.00 (EL_EFF_TriggerEff_TOTAL_1NPCOR_PLUS_UNCOR)    0.00 (EL_EFF_Trigger_TOTAL_1NPCOR_PLUS_UNCOR)    0.00 (FAKES_Electron)
  Partial chi^2                        0.00 (FAKES_Muon)    0.00 (FT_EFF_Eigen_B_0)    0.00 (FT_EFF_Eigen_B_1)    0.00 (FT_EFF_Eigen_B_2)
  Partial chi^2                        0.00 (FT_EFF_Eigen_B_3)    0.00 (FT_EFF_Eigen_B_4)    0.00 (FT_EFF_Eigen_B_5)    0.00 (FT_EFF_Eigen_B_6)
  Partial chi^2                        0.00 (FT_EFF_Eigen_B_7)    0.00 (FT_EFF_Eigen_B_8)    0.00 (FT_EFF_Eigen_C_0)    0.00 (FT_EFF_Eigen_C_1)
  Partial chi^2                        0.00 (FT_EFF_Eigen_C_2)    0.00 (FT_EFF_Eigen_C_3)    0.00 (FT_EFF_Eigen_Light_0)    0.00 (FT_EFF_Eigen_Light_1)
  Partial chi^2                        0.00 (FT_EFF_Eigen_Light_2)    0.00 (FT_EFF_Eigen_Light_3)    0.00 (FT_EFF_extrapolation)    0.00 (FT_EFF_extrapolation_from_charm)
  Partial chi^2                        0.01 (FULL_SYS_SUM)    0.00 (FULL_SYS_SUM_DETECTOR)    0.00 (FULL_SYS_SUM_THEORY)    0.01 (FULL_SYS_TOYS)
  Partial chi^2                        0.00 (JET_EffectiveNP_Detector1)    0.00 (JET_EffectiveNP_Detector2)    0.00 (JET_EffectiveNP_Mixed1)    0.00 (JET_EffectiveNP_Mixed2)
  Partial chi^2                        0.00 (JET_EffectiveNP_Mixed3)    0.00 (JET_EffectiveNP_Modelling1)    0.00 (JET_EffectiveNP_Modelling2)    0.00 (JET_EffectiveNP_Modelling3)
  Partial chi^2                        0.00 (JET_EffectiveNP_Modelling4)    0.00 (JET_EffectiveNP_Statistical1)    0.00 (JET_EffectiveNP_Statistical2)    0.00 (JET_EffectiveNP_Statistical3)
  Partial chi^2                        0.00 (JET_EffectiveNP_Statistical4)    0.00 (JET_EffectiveNP_Statistical5)    0.00 (JET_EffectiveNP_Statistical6)    0.00 (JET_EtaIntercalibration_Modelling)
  Partial chi^2                        0.00 (JET_EtaIntercalibration_NonClosure_2018data)    0.00 (JET_EtaIntercalibration_NonClosure_highE)    0.00 (JET_EtaIntercalibration_NonClosure_negEta)    0.00 (JET_EtaIntercalibration_NonClosure_posEta)
  Partial chi^2                        0.00 (JET_EtaIntercalibration_TotalStat)    0.00 (JET_Flavor_Composition_prop)    0.00 (JET_Flavor_Response_prop)    0.00 (JET_JER_DataVsMC_MC16_PseudoData)
  Partial chi^2                        0.00 (JET_JER_EffectiveNP_10_PseudoData)    0.00 (JET_JER_EffectiveNP_11_PseudoData)    0.00 (JET_JER_EffectiveNP_12restTerm_PseudoData)    0.00 (JET_JER_EffectiveNP_1_PseudoData)
  Partial chi^2                        0.01 (JET_JER_EffectiveNP_2_PseudoData)    0.00 (JET_JER_EffectiveNP_3_PseudoData)    0.00 (JET_JER_EffectiveNP_4_PseudoData)    0.00 (JET_JER_EffectiveNP_5_PseudoData)
  Partial chi^2                        0.00 (JET_JER_EffectiveNP_6_PseudoData)    0.00 (JET_JER_EffectiveNP_7_PseudoData)    0.00 (JET_JER_EffectiveNP_8_PseudoData)    0.00 (JET_JER_EffectiveNP_9_PseudoData)
  Partial chi^2                        0.00 (JET_JvtEfficiency)    0.00 (JET_Pileup_OffsetMu)    0.00 (JET_Pileup_OffsetNPV)    0.00 (JET_Pileup_PtTerm)
  Partial chi^2                        0.00 (JET_Pileup_RhoTopology)    0.00 (JET_PunchThrough_MC16)    0.00 (LUMINOSITY)    0.00 (MET_SoftTrk_ResoPara)
  Partial chi^2                        0.00 (MET_SoftTrk_ResoPerp)    0.00 (MET_SoftTrk_Scale)    0.00 (MUON_EFF_BADMUON_SYS)    0.00 (MUON_EFF_ISO_STAT)
  Partial chi^2                        0.00 (MUON_EFF_ISO_SYS)    0.00 (MUON_EFF_RECO_STAT)    0.00 (MUON_EFF_RECO_SYS)    0.00 (MUON_EFF_TTVA_STAT)
  Partial chi^2                        0.00 (MUON_EFF_TTVA_SYS)    0.00 (MUON_EFF_TrigStatUncertainty)    0.00 (MUON_EFF_TrigSystUncertainty)    0.00 (MUON_SAGITTA_DATASTAT)
  Partial chi^2                        0.00 (MUON_SAGITTA_RESBIAS)    0.00 (PRW_DATASF)    0.60 (STAT_DATA)    0.00 (STAT_MC)  
  Partial chi^2                        0.00 (THEORY_CROSS_SECTION_Wjets)    0.01 (THEORY_CROSS_SECTION_other_top_noWt)    0.00 (THEORY_CROSS_SECTION_signal)    0.00 (THEORY_DR_DS_signal)
  Partial chi^2                        0.00 (THEORY_EWK_Wjets)    0.00 (THEORY_EWK_multiboson_noW)    0.00 (THEORY_FSR_signal)    0.00 (THEORY_HDAMP_signal)
  Partial chi^2                        0.00 (THEORY_ISR_signal)    0.00 (THEORY_PDF4LHC_VARIATION_Wjets)    0.00 (THEORY_PDF4LHC_VARIATION_multiboson_noW)    0.00 (THEORY_PDF4LHC_VARIATION_signal)
  Partial chi^2                        0.00 (THEORY_PTHARD_signal)    0.01 (THEORY_SCALE_COMBINED_Wjets)    0.00 (THEORY_SCALE_COMBINED_multiboson_noW)    0.00 (THEORY_SCALE_FACTORISATION_signal)
  Partial chi^2                        0.00 (THEORY_SCALE_RENORMALISATION_signal)    0.01 (THEORY_SHOWERING_HERWIG7_signal)    0.00 (THEORY_TOPRECOIL_signal)    0.01 (THEORY_TOP_MASS_signal)
  Partial chi^2                        0.02 (TOTAL)        0.02 (TOTAL_NO_DR_DS)    0.01 (TOTAL_SYSONLY)    0.00 (WMASS_VAR_signal)
  Partial chi^2                        0.11 (pseudoDataStat)

  Uncertainties from HESSE matrix
     LTF: Result[0]:                   171.076  +/- 0.84278 (fit [from HESSE])

  Alternative result from pol2-fit to chi^2 values of the templates
     Result(pol2-chi2)[0]              173.933   +/- 0.90423 (fit)
     Chi^2(min)                        -4.57216

  Result from linearized second-order model approximation
     EDM (Taylor) [0]                  0.00591328

  Expected distance to minimum
     EDM (Newton) [0]                  0.00581481
     EDM Delta-chi^2                   -0.00155001


  'Uncertainties' on M from second-order model approximation
     sigma_m[0]                       0.00585505
     sigma_m[EG_RESOLUTION_ALL]       -0.00
     sigma_m[EG_SCALE_ALL]            0.00
     sigma_m[EL_EFF_ID_TOTAL_1NPCOR_PLUS_UNCOR] 0.00
     sigma_m[EL_EFF_Iso_TOTAL_1NPCOR_PLUS_UNCOR] 0.00
     sigma_m[EL_EFF_Reco_TOTAL_1NPCOR_PLUS_UNCOR] 0.00
     sigma_m[EL_EFF_TriggerEff_TOTAL_1NPCOR_PLUS_UNCOR] -0.00
     sigma_m[EL_EFF_Trigger_TOTAL_1NPCOR_PLUS_UNCOR] -0.00
     sigma_m[MUON_SAGITTA_DATASTAT]   0.00
     sigma_m[MUON_SAGITTA_RESBIAS]    -0.00
     sigma_m[MUON_EFF_BADMUON_SYS]    -0.00
     sigma_m[MUON_EFF_ISO_STAT]       0.00
     sigma_m[MUON_EFF_ISO_SYS]        0.00
     sigma_m[MUON_EFF_RECO_STAT]      0.00
     sigma_m[MUON_EFF_RECO_SYS]       0.00
     sigma_m[MUON_EFF_TTVA_STAT]      0.00
     sigma_m[MUON_EFF_TTVA_SYS]       0.00
     sigma_m[MUON_EFF_TrigStatUncertainty] 0.00
     sigma_m[MUON_EFF_TrigSystUncertainty] 0.00
     sigma_m[JET_EffectiveNP_Detector1] 0.00
     sigma_m[JET_EffectiveNP_Detector2] -0.00
     sigma_m[JET_EffectiveNP_Mixed1]  0.00
     sigma_m[JET_EffectiveNP_Mixed2]  0.00
     sigma_m[JET_EffectiveNP_Mixed3]  0.00
     sigma_m[JET_EffectiveNP_Modelling1] 0.00
     sigma_m[JET_EffectiveNP_Modelling2] 0.00
     sigma_m[JET_EffectiveNP_Modelling3] -0.00
     sigma_m[JET_EffectiveNP_Modelling4] 0.00
     sigma_m[JET_EffectiveNP_Statistical1] 0.00
     sigma_m[JET_EffectiveNP_Statistical2] 0.00
     sigma_m[JET_EffectiveNP_Statistical3] 0.00
     sigma_m[JET_EffectiveNP_Statistical4] -0.00
     sigma_m[JET_EffectiveNP_Statistical5] -0.00
     sigma_m[JET_EffectiveNP_Statistical6] 0.00
     sigma_m[JET_EtaIntercalibration_Modelling] 0.00
     sigma_m[JET_EtaIntercalibration_NonClosure_2018data] 0.00
     sigma_m[JET_EtaIntercalibration_NonClosure_highE] -0.00
     sigma_m[JET_EtaIntercalibration_NonClosure_negEta] -0.00
     sigma_m[JET_EtaIntercalibration_NonClosure_posEta] 0.00
     sigma_m[JET_EtaIntercalibration_TotalStat] 0.00
     sigma_m[JET_Flavor_Composition_prop] 0.00
     sigma_m[JET_Flavor_Response_prop] 0.00
     sigma_m[JET_Pileup_OffsetMu]     0.00
     sigma_m[JET_Pileup_OffsetNPV]    -0.00
     sigma_m[JET_Pileup_PtTerm]       -0.00
     sigma_m[JET_Pileup_RhoTopology]  0.00
     sigma_m[JET_PunchThrough_MC16]   0.00
     sigma_m[JET_JER_DataVsMC_MC16_PseudoData] -0.00
     sigma_m[JET_JER_EffectiveNP_1_PseudoData] 0.00
     sigma_m[JET_JER_EffectiveNP_2_PseudoData] 0.00
     sigma_m[JET_JER_EffectiveNP_3_PseudoData] -0.00
     sigma_m[JET_JER_EffectiveNP_4_PseudoData] -0.00
     sigma_m[JET_JER_EffectiveNP_5_PseudoData] 0.00
     sigma_m[JET_JER_EffectiveNP_6_PseudoData] 0.00
     sigma_m[JET_JER_EffectiveNP_7_PseudoData] -0.00
     sigma_m[JET_JER_EffectiveNP_8_PseudoData] 0.00
     sigma_m[JET_JER_EffectiveNP_9_PseudoData] 0.00
     sigma_m[JET_JER_EffectiveNP_10_PseudoData] 0.00
     sigma_m[JET_JER_EffectiveNP_11_PseudoData] 0.00
     sigma_m[JET_JER_EffectiveNP_12restTerm_PseudoData] 0.00
     sigma_m[JET_JvtEfficiency]       0.00
     sigma_m[PRW_DATASF]              -0.00
     sigma_m[MET_SoftTrk_ResoPara]    0.00
     sigma_m[MET_SoftTrk_ResoPerp]    0.00
     sigma_m[MET_SoftTrk_Scale]       0.00
     sigma_m[WMASS_VAR_signal]        0.00
     sigma_m[FT_EFF_Eigen_B_0]        0.00
     sigma_m[FT_EFF_Eigen_B_1]        0.00
     sigma_m[FT_EFF_Eigen_B_2]        0.00
     sigma_m[FT_EFF_Eigen_B_3]        -0.00
     sigma_m[FT_EFF_Eigen_B_4]        0.00
     sigma_m[FT_EFF_Eigen_B_5]        0.00
     sigma_m[FT_EFF_Eigen_B_6]        0.00
     sigma_m[FT_EFF_Eigen_B_7]        -0.00
     sigma_m[FT_EFF_Eigen_B_8]        -0.00
     sigma_m[FT_EFF_Eigen_C_0]        -0.00
     sigma_m[FT_EFF_Eigen_C_1]        0.00
     sigma_m[FT_EFF_Eigen_C_2]        0.00
     sigma_m[FT_EFF_Eigen_C_3]        -0.00
     sigma_m[FT_EFF_Eigen_Light_0]    -0.00
     sigma_m[FT_EFF_Eigen_Light_1]    0.00
     sigma_m[FT_EFF_Eigen_Light_2]    0.00
     sigma_m[FT_EFF_Eigen_Light_3]    0.00
     sigma_m[FT_EFF_extrapolation]    0.00
     sigma_m[FT_EFF_extrapolation_from_charm] -0.00
     sigma_m[THEORY_CROSS_SECTION_signal] -0.00
     sigma_m[THEORY_SHOWERING_HERWIG7_signal] -0.00
     sigma_m[THEORY_SCALE_FACTORISATION_signal] 0.00
     sigma_m[THEORY_SCALE_RENORMALISATION_signal] -0.00
     sigma_m[THEORY_ISR_signal]       -0.00
     sigma_m[THEORY_FSR_signal]       -0.00
     sigma_m[THEORY_HDAMP_signal]     -0.00
     sigma_m[THEORY_PTHARD_signal]    -0.00
     sigma_m[THEORY_TOPRECOIL_signal] -0.00
     sigma_m[THEORY_TOP_MASS_signal]  -0.00
     sigma_m[THEORY_PDF4LHC_VARIATION_signal] -0.00
     sigma_m[THEORY_DR_DS_signal]     0.00
     sigma_m[THEORY_CROSS_SECTION_Wjets] -0.00
     sigma_m[THEORY_SCALE_COMBINED_Wjets] 0.00
     sigma_m[THEORY_PDF4LHC_VARIATION_Wjets] 0.00
     sigma_m[THEORY_EWK_Wjets]        0.00
     sigma_m[THEORY_SCALE_COMBINED_multiboson_noW] -0.00
     sigma_m[THEORY_PDF4LHC_VARIATION_multiboson_noW] 0.00
     sigma_m[THEORY_EWK_multiboson_noW] -0.00
     sigma_m[THEORY_CROSS_SECTION_other_top_noWt] -0.00
     sigma_m[FAKES_Electron]          -0.00
     sigma_m[FAKES_Muon]              -0.00
     sigma_m[LUMINOSITY]              0.00

  Settings
     Number of data points             8
     Number of templates               9
     Number of fit parameters          1
     Template reference values [0]     162.5   165 167.5   170 172.5   175 177.5   180 182.5
     Number of nuisance param.         107
     Gamma[0]                          1.000
     LogNormal                         false
     Response matrix                   false

  please cite: D. Britzger, The Linear Template Fit, Eur.Phys.J.C 82 (2022) 731, arXiv:2112.01548.
------------------------------------------------------------------------

Warning in <TFile::Append>: Replacing existing TH1: hist (Potential memory leak).
Warning in <TFile::Append>: Replacing existing TH1: hist (Potential memory leak).
Warning in <TFile::Append>: Replacing existing TH1: hist (Potential memory leak).
Warning in <TFile::Append>: Replacing existing TH1: hist (Potential memory leak).
Warning in <TFile::Append>: Replacing existing TH1: hist (Potential memory leak).
Warning in <TFile::Append>: Replacing existing TH1: hist (Potential memory leak).
Warning in <TFile::Append>: Replacing existing TH1: hist (Potential memory leak).
Warning in <TFile::Append>: Replacing existing TH1: hist (Potential memory leak).
Warning in <TFile::Append>: Replacing existing TH1: hist (Potential memory leak).
Warning in <TFile::Append>: Replacing existing TH1: hist (Potential memory leak).
Info in <TCanvas::Print>: ps file plots/fit_mbw.ps has been created
Info in <TCanvas::Print>: Current canvas added to ps file plots/fit_mbw.ps
Info in <TCanvas::Print>: Current canvas added to ps file plots/fit_mbw.ps
Info in <TCanvas::Print>: Current canvas added to ps file plots/fit_mbw.ps
Info in <TCanvas::Print>: Current canvas added to ps file plots/fit_mbw.ps
Info in <TCanvas::Print>: Current canvas added to ps file plots/fit_mbw.ps
Info in <TCanvas::Print>: Current canvas added to ps file plots/fit_mbw.ps
Info in <TCanvas::Print>: Current canvas added to ps file plots/fit_mbw.ps
Info in <TCanvas::Print>: Current canvas added to ps file plots/fit_mbw.ps
Info in <TCanvas::Print>: Current canvas added to ps file plots/fit_mbw.ps
Info in <TCanvas::Print>: Current canvas added to ps file plots/fit_mbw.ps
Info in <TCanvas::Print>: Current canvas added to ps file plots/fit_mbw.ps
Info in <TCanvas::Print>: Current canvas added to ps file plots/fit_mbw.ps
Info in <TCanvas::Print>: Current canvas added to ps file plots/fit_mbw.ps
Info in <TCanvas::Print>: Current canvas added to ps file plots/fit_mbw.ps
Info in <TCanvas::Print>: Current canvas added to ps file plots/fit_mbw.ps
Info in <TCanvas::Print>: Current canvas added to ps file plots/fit_mbw.ps
Info in <TCanvas::Print>: Current canvas added to ps file plots/fit_mbw.ps
Info in <TCanvas::Print>: Current canvas added to ps file plots/fit_mbw.ps
Info in <TCanvas::Print>: Current canvas added to ps file plots/fit_mbw.ps
Info in <TCanvas::Print>: Current canvas added to ps file plots/fit_mbw.ps
Info in <TCanvas::Print>: Current canvas added to ps file plots/fit_mbw.ps
Info in <TCanvas::Print>: Current canvas added to ps file plots/fit_mbw.ps
Info in <TCanvas::Print>: Current canvas added to ps file plots/fit_mbw.ps
Info in <TCanvas::Print>: Current canvas added to ps file plots/fit_mbw.ps
Info in <TCanvas::Print>: Current canvas added to ps file plots/fit_mbw.ps
Info in <TCanvas::Print>: Current canvas added to ps file plots/fit_mbw.ps
Info in <TCanvas::Print>: Current canvas added to ps file plots/fit_mbw.ps
Info in <TCanvas::Print>: Current canvas added to ps file plots/fit_mbw.ps
Info in <TCanvas::Print>: Current canvas added to ps file plots/fit_mbw.ps
Info in <TCanvas::Print>: ps file plots/fit_mbw.ps has been closed
Found covarinace matrix unfolding_covariance_matrix_ptl1_covariance_STAT_DATA
Determinant of covariance matrix 7.30092e-48
Johannes print final correltaion matrix
1	-0.0509994	0.0349283	0.00673874	0.0340427	-0.0471103	-0.00367179	0.0559221	-0.0437202	
-0.0509994	1	-0.0551201	-0.0303896	0.0267942	-0.0231794	-0.048765	-0.0259275	0.0773502	
0.0349283	-0.0551201	1	-0.0760601	0.0353302	0.00929579	-0.00517705	0.0298068	0.00664158	
0.00673874	-0.0303896	-0.0760601	1	-0.148549	0.0565016	-0.0140824	-0.0279562	0.0469472	
0.0340427	0.0267942	0.0353302	-0.148549	1	-0.176666	0.0520321	0.0128308	-0.0174702	
-0.0471103	-0.0231794	0.00929579	0.0565016	-0.176666	1	-0.206406	0.0167337	-0.0116885	
-0.00367179	-0.048765	-0.00517705	-0.0140824	0.0520321	-0.206406	1	-0.155779	-0.00534543	
0.0559221	-0.0259275	0.0298068	-0.0279562	0.0128308	0.0167337	-0.155779	1	-0.207147	
-0.0437202	0.0773502	0.00664158	0.0469472	-0.0174702	-0.0116885	-0.00534543	-0.207147	1	
TH1.Print Name  = total_error, Entries= 963, Total sum= 0.558417
 fSumw[0]=0, x=-0.5, error=0
 fSumw[1]=0.0622839, x=0.5, error=0
 fSumw[2]=0.0585707, x=1.5, error=0
 fSumw[3]=0.0540701, x=2.5, error=0
 fSumw[4]=0.0483797, x=3.5, error=0
 fSumw[5]=0.0469105, x=4.5, error=0
 fSumw[6]=0.0474662, x=5.5, error=0
 fSumw[7]=0.0470775, x=6.5, error=0
 fSumw[8]=0.0670667, x=7.5, error=0
 fSumw[9]=0.126592, x=8.5, error=0
 fSumw[10]=0, x=9.5, error=0
STAT_MC 0.000540388
STAT_MC 0.0007528
STAT_MC 0.00125813
STAT_MC 0.00196867
STAT_MC 0.00285077
STAT_MC 0.00332167
STAT_MC 0.00588833
STAT_MC 0.00880857
STAT_MC 0.01913
TH1.Print Name  = total_error, Entries= 972, Total sum= 0.561062
 fSumw[0]=0, x=-0.5, error=0
 fSumw[1]=0.0622863, x=0.5, error=0
 fSumw[2]=0.0585755, x=1.5, error=0
 fSumw[3]=0.0540847, x=2.5, error=0
 fSumw[4]=0.0484197, x=3.5, error=0
 fSumw[5]=0.0469971, x=4.5, error=0
 fSumw[6]=0.0475823, x=5.5, error=0
 fSumw[7]=0.0474443, x=6.5, error=0
 fSumw[8]=0.0676427, x=7.5, error=0
 fSumw[9]=0.128029, x=8.5, error=0
 fSumw[10]=0, x=9.5, error=0
TH1.Print Name  = total_error, Entries= 981, Total sum= 0.596077
 fSumw[0]=0, x=-0.5, error=0
 fSumw[1]=0.062317, x=0.5, error=0
 fSumw[2]=0.0586579, x=1.5, error=0
 fSumw[3]=0.0543166, x=2.5, error=0
 fSumw[4]=0.0491213, x=3.5, error=0
 fSumw[5]=0.0487869, x=4.5, error=0
 fSumw[6]=0.0505888, x=5.5, error=0
 fSumw[7]=0.0553994, x=6.5, error=0
 fSumw[8]=0.0766321, x=7.5, error=0
 fSumw[9]=0.140257, x=8.5, error=0
 fSumw[10]=0, x=9.5, error=0

        Data        Stat Tmpl_162.50 Stat_162.50 Tmpl_165.00 Stat_165.00 Tmpl_167.50 Stat_167.50 Tmpl_170.00 Stat_170.00 Tmpl_172.50 Stat_172.50 Tmpl_175.00 Stat_175.00 Tmpl_177.50 Stat_177.50 Tmpl_180.00 Stat_180.00 Tmpl_182.50 Stat_182.50
    4.878516    0.009544    5.478960    0.006524    5.291268    0.006061    5.134744    0.009751    4.955616    0.009594    4.775316    0.006353    4.615292    0.008409    4.443212    0.004601    4.293340    0.008768    4.123004    0.005083
    1.895634    0.005890    2.090821    0.003972    2.034511    0.003700    1.973672    0.005910    1.921350    0.005895    1.868814    0.003838    1.802498    0.005217    1.757872    0.002861    1.713038    0.005499    1.653532    0.003193
    0.687582    0.003448    0.739803    0.002359    0.726283    0.002159    0.712910    0.003446    0.697893    0.003481    0.684886    0.002210    0.670262    0.003241    0.655471    0.001721    0.641612    0.003270    0.628159    0.001946
    0.253145    0.002094    0.269424    0.001477    0.261957    0.001265    0.262658    0.002061    0.257165    0.002082    0.254746    0.001279    0.253339    0.001944    0.246042    0.001029    0.242731    0.001962    0.239351    0.001181
    0.101569    0.001330    0.104274    0.000856    0.102673    0.000767    0.099691    0.001213    0.101310    0.001255    0.099477    0.000740    0.100326    0.001201    0.098534    0.000636    0.096254    0.001204    0.097149    0.000750
    0.055433    0.000952    0.055411    0.000601    0.054247    0.000533    0.055208    0.000887    0.052590    0.000865    0.054862    0.000511    0.054421    0.000876    0.054603    0.000473    0.054891    0.000896    0.052824    0.000550
    0.017134    0.000490    0.017551    0.000348    0.017363    0.000286    0.017480    0.000483    0.016805    0.000463    0.017495    0.000257    0.017437    0.000494    0.017426    0.000248    0.018210    0.000500    0.017262    0.000287
    0.008105    0.000292    0.007882    0.000209    0.007608    0.000165    0.008061    0.000316    0.008202    0.000319    0.007951    0.000140    0.008158    0.000299    0.008275    0.000162    0.008296    0.000304    0.008395    0.000194
    0.002363    0.000135    0.002057    0.000072    0.001996    0.000067    0.002215    0.000137    0.001985    0.000117    0.002155    0.000054    0.002407    0.000137    0.002194    0.000093    0.002312    0.000144    0.002181    0.000075

LTF::DoLiTeFit(). Fit done. Result:  170.373  +/- 2.44845 (fit)  +/- 2.41496 (ext)  +/- 0.30908 (tmpl)  +/- 0 (MatA)   [chi^2=1.66379]

------------------------------------------------------------------------
        Result of the 1-dimensional linear template fit
        ```````````````````````````````````````````````
  LTF. Result[0]:   170.373  +/- 2.44845 (fit)  +/- 2.41496 (ext)

  LTF. Result[0]:   170.372801
                             +/-  1.031183 (STAT_DATA)
                             +/-  0.156216 (STAT_MC)
                             +/-  0.628417 (pseudoDataStat)
                             +/-  0.020834 (EG_RESOLUTION_ALL)
                             +/-  0.737775 (EG_SCALE_ALL)
                             +/-  0.318342 (EL_EFF_ID_TOTAL_1NPCOR_PLUS_UNCOR)
                             +/- -0.097971 (EL_EFF_Iso_TOTAL_1NPCOR_PLUS_UNCOR)
                             +/- -0.103564 (EL_EFF_Reco_TOTAL_1NPCOR_PLUS_UNCOR)
                             +/- -0.000000 (EL_EFF_TriggerEff_TOTAL_1NPCOR_PLUS_UNCOR)
                             +/- -0.000000 (EL_EFF_Trigger_TOTAL_1NPCOR_PLUS_UNCOR)
                             +/-  0.283712 (FAKES_Electron)
                             +/- -0.033149 (FAKES_Muon)
                             +/- -0.131378 (FT_EFF_Eigen_B_0)
                             +/-  0.248315 (FT_EFF_Eigen_B_1)
                             +/- -0.060731 (FT_EFF_Eigen_B_2)
                             +/- -0.060146 (FT_EFF_Eigen_B_3)
                             +/- -0.010522 (FT_EFF_Eigen_B_4)
                             +/-  0.001871 (FT_EFF_Eigen_B_5)
                             +/-  0.000039 (FT_EFF_Eigen_B_6)
                             +/- -0.000004 (FT_EFF_Eigen_B_7)
                             +/-  0.000001 (FT_EFF_Eigen_B_8)
                             +/- -0.061004 (FT_EFF_Eigen_C_0)
                             +/-  0.037888 (FT_EFF_Eigen_C_1)
                             +/- -0.014074 (FT_EFF_Eigen_C_2)
                             +/-  0.001699 (FT_EFF_Eigen_C_3)
                             +/-  0.080386 (FT_EFF_Eigen_Light_0)
                             +/-  0.009607 (FT_EFF_Eigen_Light_1)
                             +/-  0.002757 (FT_EFF_Eigen_Light_2)
                             +/-  0.002797 (FT_EFF_Eigen_Light_3)
                             +/-  0.007375 (FT_EFF_extrapolation)
                             +/-  0.002574 (FT_EFF_extrapolation_from_charm)
                             +/- -0.047139 (JET_EffectiveNP_Detector1)
                             +/- -0.005514 (JET_EffectiveNP_Detector2)
                             +/- -0.039388 (JET_EffectiveNP_Mixed1)
                             +/- -0.095723 (JET_EffectiveNP_Mixed2)
                             +/- -0.031138 (JET_EffectiveNP_Mixed3)
                             +/- -0.746090 (JET_EffectiveNP_Modelling1)
                             +/- -0.006399 (JET_EffectiveNP_Modelling2)
                             +/-  0.041032 (JET_EffectiveNP_Modelling3)
                             +/- -0.012143 (JET_EffectiveNP_Modelling4)
                             +/-  0.002263 (JET_EffectiveNP_Statistical1)
                             +/- -0.075764 (JET_EffectiveNP_Statistical2)
                             +/-  0.002725 (JET_EffectiveNP_Statistical3)
                             +/-  0.013487 (JET_EffectiveNP_Statistical4)
                             +/- -0.012325 (JET_EffectiveNP_Statistical5)
                             +/- -0.017429 (JET_EffectiveNP_Statistical6)
                             +/- -0.448648 (JET_EtaIntercalibration_Modelling)
                             +/- -0.141273 (JET_EtaIntercalibration_NonClosure_2018data)
                             +/-  0.000091 (JET_EtaIntercalibration_NonClosure_highE)
                             +/- -0.004847 (JET_EtaIntercalibration_NonClosure_negEta)
                             +/- -0.005234 (JET_EtaIntercalibration_NonClosure_posEta)
                             +/- -0.141686 (JET_EtaIntercalibration_TotalStat)
                             +/-  0.000351 (JET_Flavor_Composition_prop)
                             +/-  0.011296 (JET_Flavor_Response_prop)
                             +/- -0.106064 (JET_JER_DataVsMC_MC16_PseudoData)
                             +/- -0.060181 (JET_JER_EffectiveNP_10_PseudoData)
                             +/-  0.018450 (JET_JER_EffectiveNP_11_PseudoData)
                             +/- -0.081110 (JET_JER_EffectiveNP_12restTerm_PseudoData)
                             +/- -0.279951 (JET_JER_EffectiveNP_1_PseudoData)
                             +/- -0.329778 (JET_JER_EffectiveNP_2_PseudoData)
                             +/- -0.244360 (JET_JER_EffectiveNP_3_PseudoData)
                             +/-  0.004691 (JET_JER_EffectiveNP_4_PseudoData)
                             +/- -0.139869 (JET_JER_EffectiveNP_5_PseudoData)
                             +/- -0.195050 (JET_JER_EffectiveNP_6_PseudoData)
                             +/- -0.012318 (JET_JER_EffectiveNP_7_PseudoData)
                             +/-  0.033975 (JET_JER_EffectiveNP_8_PseudoData)
                             +/- -0.114005 (JET_JER_EffectiveNP_9_PseudoData)
                             +/- -0.117000 (JET_JvtEfficiency)
                             +/- -0.152592 (JET_Pileup_OffsetMu)
                             +/- -0.406662 (JET_Pileup_OffsetNPV)
                             +/- -0.120743 (JET_Pileup_PtTerm)
                             +/- -1.300400 (JET_Pileup_RhoTopology)
                             +/-  0.001327 (JET_PunchThrough_MC16)
                             +/-  0.093840 (LUMINOSITY)
                             +/-  0.146918 (MET_SoftTrk_ResoPara)
                             +/-  0.092569 (MET_SoftTrk_ResoPerp)
                             +/-  0.131634 (MET_SoftTrk_Scale)
                             +/-  0.000000 (MUON_EFF_BADMUON_SYS)
                             +/-  0.203389 (MUON_EFF_ISO_STAT)
                             +/- -0.026274 (MUON_EFF_ISO_SYS)
                             +/- -0.002737 (MUON_EFF_RECO_STAT)
                             +/-  0.178361 (MUON_EFF_RECO_SYS)
                             +/-  0.033257 (MUON_EFF_TTVA_STAT)
                             +/-  0.042215 (MUON_EFF_TTVA_SYS)
                             +/- -0.013204 (MUON_EFF_TrigStatUncertainty)
                             +/- -0.028739 (MUON_EFF_TrigSystUncertainty)
                             +/-  0.007835 (MUON_SAGITTA_DATASTAT)
                             +/-  0.014577 (MUON_SAGITTA_RESBIAS)
                             +/- -0.276911 (PRW_DATASF)
                             +/-  0.092827 (THEORY_CROSS_SECTION_Wjets)
                             +/-  0.032146 (THEORY_CROSS_SECTION_other_top_noWt)
                             +/-  0.011658 (THEORY_CROSS_SECTION_signal)
                             +/-  0.028742 (THEORY_DR_DS_signal)
                             +/-  0.005752 (THEORY_EWK_Wjets)
                             +/-  0.000568 (THEORY_EWK_multiboson_noW)
                             +/- -0.098414 (THEORY_FSR_signal)
                             +/- -0.172692 (THEORY_HDAMP_signal)
                             +/-  0.229163 (THEORY_ISR_signal)
                             +/-  0.036294 (THEORY_PDF4LHC_VARIATION_Wjets)
                             +/-  0.016372 (THEORY_PDF4LHC_VARIATION_multiboson_noW)
                             +/-  0.004529 (THEORY_PDF4LHC_VARIATION_signal)
                             +/- -0.151516 (THEORY_PTHARD_signal)
                             +/-  0.109649 (THEORY_SCALE_COMBINED_Wjets)
                             +/-  0.063898 (THEORY_SCALE_COMBINED_multiboson_noW)
                             +/-  0.033161 (THEORY_SCALE_FACTORISATION_signal)
                             +/-  0.047872 (THEORY_SCALE_RENORMALISATION_signal)
                             +/-  0.416318 (THEORY_SHOWERING_HERWIG7_signal)
                             +/-  0.146685 (THEORY_TOPRECOIL_signal)
                             +/-  0.209139 (THEORY_TOP_MASS_signal)
                             +/-  0.026957 (WMASS_VAR_signal)

                             +/- -0.981772 (FULL_SYS_SUM)
                             +/- -1.153928 (FULL_SYS_SUM_DETECTOR)
                             +/-  0.384625 (FULL_SYS_SUM_THEORY)
                             +/- -0.981772 (FULL_SYS_TOYS)
                             +/- -0.857282 (TOTAL)
                             +/- -0.859365 (TOTAL_NO_DR_DS)
                             +/- -0.975376 (TOTAL_SYSONLY)
                             +/-  0.309080 (statY)

  Nuisance parameters                  0.027  +/-  0.999  (EG_RESOLUTION_ALL)
                                       0.126  +/-  0.910  (EG_SCALE_ALL)
                                       0.031  +/-  0.985  (EL_EFF_ID_TOTAL_1NPCOR_PLUS_UNCOR)
                                       0.067  +/-  0.984  (EL_EFF_Iso_TOTAL_1NPCOR_PLUS_UNCOR)
                                       0.015  +/-  0.999  (EL_EFF_Reco_TOTAL_1NPCOR_PLUS_UNCOR)
                                       0.000  +/-  1.000  (EL_EFF_TriggerEff_TOTAL_1NPCOR_PLUS_UNCOR)
                                       0.000  +/-  1.000  (EL_EFF_Trigger_TOTAL_1NPCOR_PLUS_UNCOR)
                                       0.008  +/-  1.000  (MUON_SAGITTA_DATASTAT)
                                       0.033  +/-  0.999  (MUON_SAGITTA_RESBIAS)
                                      -0.000  +/-  1.000  (MUON_EFF_BADMUON_SYS)
                                      -0.035  +/-  0.997  (MUON_EFF_ISO_STAT)
                                      -0.006  +/-  0.999  (MUON_EFF_ISO_SYS)
                                      -0.000  +/-  1.000  (MUON_EFF_RECO_STAT)
                                       0.010  +/-  0.997  (MUON_EFF_RECO_SYS)
                                      -0.004  +/-  1.000  (MUON_EFF_TTVA_STAT)
                                      -0.005  +/-  1.000  (MUON_EFF_TTVA_SYS)
                                      -0.002  +/-  1.000  (MUON_EFF_TrigStatUncertainty)
                                      -0.005  +/-  0.998  (MUON_EFF_TrigSystUncertainty)
                                       0.000  +/-  1.000  (JET_EffectiveNP_Detector1)
                                       0.002  +/-  1.000  (JET_EffectiveNP_Detector2)
                                       0.014  +/-  1.000  (JET_EffectiveNP_Mixed1)
                                       0.011  +/-  1.000  (JET_EffectiveNP_Mixed2)
                                      -0.000  +/-  1.000  (JET_EffectiveNP_Mixed3)
                                      -0.021  +/-  0.992  (JET_EffectiveNP_Modelling1)
                                      -0.007  +/-  1.000  (JET_EffectiveNP_Modelling2)
                                      -0.008  +/-  1.000  (JET_EffectiveNP_Modelling3)
                                       0.008  +/-  1.000  (JET_EffectiveNP_Modelling4)
                                       0.007  +/-  1.000  (JET_EffectiveNP_Statistical1)
                                       0.000  +/-  1.000  (JET_EffectiveNP_Statistical2)
                                       0.004  +/-  1.000  (JET_EffectiveNP_Statistical3)
                                      -0.000  +/-  1.000  (JET_EffectiveNP_Statistical4)
                                       0.001  +/-  1.000  (JET_EffectiveNP_Statistical5)
                                       0.004  +/-  1.000  (JET_EffectiveNP_Statistical6)
                                      -0.034  +/-  0.993  (JET_EtaIntercalibration_Modelling)
                                       0.000  +/-  1.000  (JET_EtaIntercalibration_NonClosure_2018data)
                                       0.000  +/-  1.000  (JET_EtaIntercalibration_NonClosure_highE)
                                       0.003  +/-  1.000  (JET_EtaIntercalibration_NonClosure_negEta)
                                       0.001  +/-  1.000  (JET_EtaIntercalibration_NonClosure_posEta)
                                      -0.011  +/-  0.999  (JET_EtaIntercalibration_TotalStat)
                                       0.000  +/-  1.000  (JET_Flavor_Composition_prop)
                                       0.007  +/-  1.000  (JET_Flavor_Response_prop)
                                      -0.009  +/-  0.998  (JET_Pileup_OffsetMu)
                                      -0.024  +/-  0.989  (JET_Pileup_OffsetNPV)
                                       0.038  +/-  0.999  (JET_Pileup_PtTerm)
                                      -0.125  +/-  0.927  (JET_Pileup_RhoTopology)
                                       0.001  +/-  1.000  (JET_PunchThrough_MC16)
                                       0.016  +/-  0.998  (JET_JER_DataVsMC_MC16_PseudoData)
                                      -0.020  +/-  0.996  (JET_JER_EffectiveNP_1_PseudoData)
                                       0.004  +/-  0.995  (JET_JER_EffectiveNP_2_PseudoData)
                                       0.029  +/-  0.999  (JET_JER_EffectiveNP_3_PseudoData)
                                       0.012  +/-  0.997  (JET_JER_EffectiveNP_4_PseudoData)
                                       0.004  +/-  0.997  (JET_JER_EffectiveNP_5_PseudoData)
                                      -0.021  +/-  0.998  (JET_JER_EffectiveNP_6_PseudoData)
                                       0.057  +/-  0.997  (JET_JER_EffectiveNP_7_PseudoData)
                                       0.014  +/-  0.999  (JET_JER_EffectiveNP_8_PseudoData)
                                      -0.024  +/-  0.998  (JET_JER_EffectiveNP_9_PseudoData)
                                      -0.011  +/-  0.999  (JET_JER_EffectiveNP_10_PseudoData)
                                      -0.035  +/-  0.998  (JET_JER_EffectiveNP_11_PseudoData)
                                       0.022  +/-  0.999  (JET_JER_EffectiveNP_12restTerm_PseudoData)
                                      -0.025  +/-  0.996  (JET_JvtEfficiency)
                                       0.023  +/-  0.987  (PRW_DATASF)
                                      -0.031  +/-  0.998  (MET_SoftTrk_ResoPara)
                                      -0.030  +/-  0.998  (MET_SoftTrk_ResoPerp)
                                      -0.023  +/-  0.998  (MET_SoftTrk_Scale)
                                       0.009  +/-  1.000  (WMASS_VAR_signal)
                                      -0.199  +/-  0.773  (FT_EFF_Eigen_B_0)
                                      -0.019  +/-  0.965  (FT_EFF_Eigen_B_1)
                                      -0.038  +/-  0.992  (FT_EFF_Eigen_B_2)
                                       0.022  +/-  1.000  (FT_EFF_Eigen_B_3)
                                      -0.000  +/-  1.000  (FT_EFF_Eigen_B_4)
                                      -0.000  +/-  1.000  (FT_EFF_Eigen_B_5)
                                       0.000  +/-  1.000  (FT_EFF_Eigen_B_6)
                                       0.000  +/-  1.000  (FT_EFF_Eigen_B_7)
                                      -0.000  +/-  1.000  (FT_EFF_Eigen_B_8)
                                       0.028  +/-  0.999  (FT_EFF_Eigen_C_0)
                                      -0.003  +/-  1.000  (FT_EFF_Eigen_C_1)
                                      -0.000  +/-  1.000  (FT_EFF_Eigen_C_2)
                                      -0.001  +/-  1.000  (FT_EFF_Eigen_C_3)
                                      -0.001  +/-  0.999  (FT_EFF_Eigen_Light_0)
                                      -0.003  +/-  1.000  (FT_EFF_Eigen_Light_1)
                                       0.000  +/-  1.000  (FT_EFF_Eigen_Light_2)
                                      -0.000  +/-  1.000  (FT_EFF_Eigen_Light_3)
                                       0.005  +/-  1.000  (FT_EFF_extrapolation)
                                       0.005  +/-  1.000  (FT_EFF_extrapolation_from_charm)
                                       0.013  +/-  1.000  (THEORY_CROSS_SECTION_signal)
                                       0.030  +/-  0.934  (THEORY_SHOWERING_HERWIG7_signal)
                                      -0.010  +/-  0.999  (THEORY_SCALE_FACTORISATION_signal)
                                       0.017  +/-  0.997  (THEORY_SCALE_RENORMALISATION_signal)
                                       0.024  +/-  0.937  (THEORY_ISR_signal)
                                       0.118  +/-  0.964  (THEORY_FSR_signal)
                                       0.131  +/-  0.958  (THEORY_HDAMP_signal)
                                       0.098  +/-  0.980  (THEORY_PTHARD_signal)
                                      -0.003  +/-  0.877  (THEORY_TOPRECOIL_signal)
                                       0.287  +/-  0.951  (THEORY_TOP_MASS_signal)
                                       0.030  +/-  0.999  (THEORY_PDF4LHC_VARIATION_signal)
                                       0.122  +/-  0.950  (THEORY_DR_DS_signal)
                                       0.035  +/-  0.997  (THEORY_CROSS_SECTION_Wjets)
                                       0.043  +/-  0.993  (THEORY_SCALE_COMBINED_Wjets)
                                       0.026  +/-  0.999  (THEORY_PDF4LHC_VARIATION_Wjets)
                                       0.009  +/-  1.000  (THEORY_EWK_Wjets)
                                       0.025  +/-  0.998  (THEORY_SCALE_COMBINED_multiboson_noW)
                                       0.005  +/-  1.000  (THEORY_PDF4LHC_VARIATION_multiboson_noW)
                                       0.000  +/-  1.000  (THEORY_EWK_multiboson_noW)
                                       0.038  +/-  0.995  (THEORY_CROSS_SECTION_other_top_noWt)
                                       0.152  +/-  0.943  (FAKES_Electron)
                                       0.007  +/-  1.000  (FAKES_Muon)
                                      -0.033  +/-  0.981  (LUMINOSITY)

  Correlation matrix 
        1  -0.00851    -0.331    -0.132    0.0407    0.0423  8.28e-15  8.28e-15   -0.0032  -0.00596  -1.1e-14   -0.0834    0.0107   0.00112   -0.0731   -0.0136   -0.0172   0.00539    0.0118    0.0193   0.00225    0.0161    0.0391    0.0127     0.307   0.00261   -0.0168   0.00496 -0.000924     0.031  -0.00111  -0.00551   0.00503   0.00712     0.184    0.0577  -3.7e-05   0.00198   0.00214    0.0579 -0.000143  -0.00461    0.0624     0.168    0.0493     0.573 -0.000542    0.0434     0.115     0.135    0.0999  -0.00192    0.0573    0.0798   0.00505   -0.0139    0.0466    0.0246  -0.00755    0.0331     0.048     0.115   -0.0602   -0.0379   -0.0539    -0.011    0.0694    -0.105     0.025    0.0246    0.0043 -0.000764 -1.58e-05  1.66e-06 -5.01e-07    0.0249   -0.0155   0.00575 -0.000694   -0.0329  -0.00392  -0.00113  -0.00114  -0.00301  -0.00105  -0.00476    -0.182   -0.0136   -0.0196   -0.0999    0.0417    0.0736    0.0632   -0.0683   -0.0898  -0.00185   -0.0124    -0.038   -0.0451   -0.0148  -0.00235   -0.0261  -0.00669 -0.000232   -0.0132    -0.123    0.0135   -0.0391
 -0.00851         1  -0.00917 -0.000799  -0.00391 -0.000635    -6e-16    -6e-16 -0.000195 -0.000885 -2.52e-16  0.000163 -0.000609 -5.74e-05  -0.00123  7.24e-05   9.1e-05 -0.000339 -0.000699 -6.42e-05 -8.25e-05 -0.000279 -0.000397 -9.13e-05 -0.000667  0.000282  0.000176 -0.000174  -0.00019 -0.000287 -0.000162  3.66e-06    -9e-05 -0.000108 -2.65e-05  2.33e-06 -6.94e-07 -8.11e-05  7.83e-06 -6.37e-05 -1.56e-06 -0.000121  9.15e-05 -0.000446 -0.000726  -0.00102 -2.41e-05  -8.1e-05 -0.000359  -0.00016 -0.000836  -0.00175  -0.00162 -0.000427  -0.00175 -0.000754 -0.000112  2.87e-05 -1.71e-05 -0.000754 -0.000425 -0.000913  0.000338  0.000441  0.000164 -0.000308  -0.00358  -0.00341 -0.000928 -0.000224 -3.06e-06 -3.21e-06 -8.47e-09  3.41e-08  1.56e-09 -0.000407 -0.000168  5.18e-05  1.94e-05 -0.000353  4.24e-07  -2.5e-06 -2.84e-06  -9.2e-06 -0.000184 -8.84e-05 -0.000644  0.000577 -0.000693   0.00213  -0.00357 -0.000839 -3.63e-05 -0.000859  -0.00606 -0.000409 -0.000119  -0.00108  -0.00207 -0.000653 -7.05e-05 -0.000695 -0.000112  -4.2e-06  -0.00128 -0.000239 -0.000138  -0.00183
   -0.331  -0.00917         1    -0.046   -0.0797    -0.016 -9.07e-15 -9.07e-15 -0.000765  -0.00725 -7.59e-15   0.00386   -0.0207  -0.00175   -0.0282   0.00312   0.00395   -0.0103   -0.0217 -0.000807 -0.000888  -0.00326  -0.00247  -0.00165   -0.0307   0.00312   0.00233  -0.00203  -0.00195  -0.00479  -0.00172  0.000514  -0.00301  -0.00211  -0.00809  0.000958 -3.19e-05 -0.000643 -0.000465   -0.0045 -4.06e-05  -0.00222  -0.00285  -0.00988  -0.00671   -0.0777 -0.000292  -0.00997   -0.0206  -0.00752   -0.0129   -0.0164   -0.0231   -0.0176  -0.00918  -0.00551   -0.0197   -0.0103  -0.00997   -0.0119    -0.018    -0.038   0.00484   0.00564   0.00513  -0.00611     -0.14   -0.0911   -0.0308  9.63e-05 -0.000503 -0.000246  -1.9e-06 -4.86e-07 -9.62e-08  -0.00888  -0.00405     2e-05  0.000342   -0.0113 -0.000601 -0.000767 -0.000126  -0.00116  -0.00362  -0.00455    -0.029   0.00389   -0.0252    0.0335   -0.0464   -0.0702   -0.0183   -0.0895   -0.0585  -0.00774   -0.0227   -0.0258   -0.0402   -0.0114  -0.00162   -0.0167  -0.00373 -7.06e-06   -0.0357  -0.00984  -0.00476    -0.054
   -0.132 -0.000799    -0.046         1   -0.0171  -0.00287 -9.64e-16 -9.64e-16   7.9e-05 -0.000184 -5.22e-16  -0.00396   -0.0045 -0.000523  -0.00884 -0.000864  -0.00109  -0.00315  -0.00664  0.000106 -9.41e-06  -0.00112   0.00101  4.02e-05   -0.0142  5.76e-05  -0.00119 -0.000116 -0.000391 -0.000332 -0.000234 -0.000607  7.66e-05 -7.28e-05  -0.00987  -0.00166 -1.54e-05  3.49e-05 -0.000241  -0.00216 -1.81e-05 -0.000814  -0.00558   -0.0105  -0.00165   -0.0389 -0.000193  -0.00669   -0.0119   -0.0114  -0.00427   0.00042   0.00222  -0.00531  -0.00563  0.000669  -0.00663  0.000423 -0.000543  -0.00452  -0.00893   0.00296  -0.00159  -0.00172  -0.00282  -0.00244   -0.0793   -0.0332   -0.0124  -0.00183 -1.95e-05 -2.36e-05 -2.65e-06 -3.68e-07 -6.22e-08   -0.0031  -0.00186 -0.000404 -8.22e-06  -0.00553 -0.000371 -0.000414  -8.6e-05  -0.00076  -0.00131  -0.00195   -0.0293  -0.00151  -0.00565    -0.027   -0.0195   -0.0403  -0.00535   0.00524   -0.0228  -0.00375   -0.0124   -0.0107   -0.0147  -0.00439 -0.000798  -0.00702  -0.00209 -6.11e-05   -0.0138   -0.0269 -6.52e-05   -0.0229
   0.0407  -0.00391   -0.0797   -0.0171         1  -0.00628  -4.5e-15  -4.5e-15 -0.000365  -0.00335 -3.75e-15   0.00158  -0.00728  -0.00061   -0.0117   0.00118   0.00149   -0.0036  -0.00755  2.92e-05 -0.000302 -0.000898 -0.000333 -0.000583  -0.00866   0.00184   0.00144 -0.000749 -0.000626  -0.00145 -0.000676  0.000439  -0.00108 -0.000794 -0.000307   0.00076 -1.03e-05 -0.000254 -0.000141   -0.0011 -8.26e-06 -0.000774  0.000167 -0.000366  -0.00326   -0.0203 -0.000115  -0.00549  -0.00812  1.22e-05  -0.00488  -0.00532  -0.00924  -0.00731  -0.00591   -0.0013  -0.00778  -0.00234  -0.00226   -0.0054  -0.00551   -0.0129   0.00231   0.00244   0.00238  -0.00225   -0.0425   -0.0325   -0.0103  0.000108 -0.000151 -7.82e-05 -4.93e-08  2.23e-08 -1.97e-08  -0.00337  -0.00138  0.000119  0.000153  -0.00392 -0.000156 -0.000235 -3.37e-05 -0.000343  -0.00139  -0.00166  -0.00401    0.0021   -0.0103   0.00803   -0.0103   -0.0293  -0.00675   -0.0239   -0.0169  -0.00278  -0.00852  -0.00937   -0.0158  -0.00432 -0.000587  -0.00578  -0.00127  2.12e-06   -0.0128  -0.00187  -0.00175   -0.0185
   0.0423 -0.000635    -0.016  -0.00287  -0.00628         1 -7.89e-16 -7.89e-16 -4.24e-05 -0.000592 -5.27e-16   0.00167  -0.00145 -0.000101  -0.00155  0.000554  0.000703 -0.000591  -0.00124  -6.8e-05 -8.38e-05 -0.000395 -0.000255  -0.00013  -0.00103  0.000416  0.000509 -0.000226 -0.000165 -0.000149 -0.000135  0.000115 -0.000354 -0.000257   0.00106   0.00027 -3.05e-06 -5.62e-05 -6.82e-05  9.23e-05 -2.69e-06 -0.000194  0.000691   0.00156 -0.000836  -0.00076 -1.87e-05 -0.000855  -0.00151  0.000457  -0.00112 -0.000838  -0.00165  -0.00103 -5.83e-05 -0.000163  -0.00156  -0.00107 -0.000606 -0.000944 -0.000194  -0.00494   0.00148   0.00133   0.00146 -0.000485   0.00135  -0.00412 -0.000638 -1.93e-05 -5.54e-05 -1.56e-05 -5.22e-08 -7.38e-08 -2.75e-09  -0.00111 -0.000104 -1.11e-05  5.12e-05 -0.000514     4e-05 -4.29e-05 -4.04e-07 -0.000132 -0.000237 -0.000501  -0.00155   0.00043  -0.00171   0.00658  -0.00277  -0.00676  -0.00319  -0.00617  -0.00433 -0.000802  -0.00348  -0.00197   -0.0031  -0.00101 -0.000204  -0.00132 -0.000327  1.63e-06  -0.00268  -0.00108 -0.000622  -0.00169
 8.28e-15    -6e-16 -9.07e-15 -9.64e-16  -4.5e-15 -7.89e-16         1 -8.66e-28 -8.29e-17  -5.8e-16 -7.42e-28  4.27e-16 -6.36e-16 -4.61e-17 -1.44e-15  1.96e-16  2.49e-16 -2.69e-16 -5.56e-16  7.13e-17 -3.03e-17  -6.3e-17  3.66e-17 -9.64e-17  1.07e-16  4.17e-16  4.08e-16 -9.06e-17 -6.12e-17 -5.11e-17 -8.29e-17  1.41e-16 -1.45e-16 -1.19e-16  1.02e-15   2.1e-16 -4.68e-19 -3.56e-17 -3.08e-18  1.09e-16  1.46e-18 -6.63e-17  6.18e-16  1.34e-15  -5.7e-16  1.22e-15 -1.59e-17 -8.98e-16 -9.74e-16  1.27e-15 -6.33e-16 -6.13e-16 -1.48e-15 -1.02e-15 -1.18e-15  2.29e-17 -9.49e-16  1.12e-16  5.67e-17 -7.83e-16 -9.13e-18 -1.51e-15  5.45e-16  4.95e-16  5.83e-16 -2.11e-16  4.11e-16 -2.37e-15 -4.54e-16  1.26e-16 -1.32e-17 -5.92e-18   2.2e-19  6.11e-20  3.77e-21 -3.64e-16 -6.57e-17  4.89e-17  2.35e-17 -2.13e-16  1.76e-17 -1.63e-18  1.51e-18 -1.81e-17 -1.38e-16  -1.7e-16  9.93e-16  4.74e-16 -1.07e-15  1.55e-15   1.6e-15 -2.77e-15 -9.46e-16 -3.38e-17  3.33e-16 -1.91e-16 -1.46e-15 -8.33e-16 -1.88e-15 -5.05e-16 -5.75e-17 -4.53e-16 -7.88e-17  1.87e-18 -1.03e-15   4.9e-16 -2.21e-16 -9.84e-16
 8.28e-15    -6e-16 -9.07e-15 -9.64e-16  -4.5e-15 -7.89e-16 -8.66e-28         1 -8.29e-17  -5.8e-16 -7.42e-28  4.27e-16 -6.36e-16 -4.61e-17 -1.44e-15  1.96e-16  2.49e-16 -2.69e-16 -5.56e-16  7.13e-17 -3.03e-17  -6.3e-17  3.66e-17 -9.64e-17  1.07e-16  4.17e-16  4.08e-16 -9.06e-17 -6.12e-17 -5.11e-17 -8.29e-17  1.41e-16 -1.45e-16 -1.19e-16  1.02e-15   2.1e-16 -4.68e-19 -3.56e-17 -3.08e-18  1.09e-16  1.46e-18 -6.63e-17  6.18e-16  1.34e-15  -5.7e-16  1.22e-15 -1.59e-17 -8.98e-16 -9.74e-16  1.27e-15 -6.33e-16 -6.13e-16 -1.48e-15 -1.02e-15 -1.18e-15  2.29e-17 -9.49e-16  1.12e-16  5.67e-17 -7.83e-16 -9.13e-18 -1.51e-15  5.45e-16  4.95e-16  5.83e-16 -2.11e-16  4.11e-16 -2.37e-15 -4.54e-16  1.26e-16 -1.32e-17 -5.92e-18   2.2e-19  6.11e-20  3.77e-21 -3.64e-16 -6.57e-17  4.89e-17  2.35e-17 -2.13e-16  1.76e-17 -1.63e-18  1.51e-18 -1.81e-17 -1.38e-16  -1.7e-16  9.93e-16  4.74e-16 -1.07e-15  1.55e-15   1.6e-15 -2.77e-15 -9.46e-16 -3.38e-17  3.33e-16 -1.91e-16 -1.46e-15 -8.33e-16 -1.88e-15 -5.05e-16 -5.75e-17 -4.53e-16 -7.88e-17  1.87e-18 -1.03e-15   4.9e-16 -2.21e-16 -9.84e-16
  -0.0032 -0.000195 -0.000765   7.9e-05 -0.000365 -4.24e-05 -8.29e-17 -8.29e-17         1 -0.000329  6.51e-18 -4.32e-05 -4.98e-05 -7.76e-06 -0.000305 -1.82e-05 -2.29e-05 -4.46e-05 -9.37e-05 -4.83e-05 -1.58e-05 -0.000165 -0.000166 -5.75e-05 -0.000137 -5.25e-05  1.75e-05 -6.31e-05 -0.000105 -7.02e-05  -2.6e-05 -1.58e-05 -1.73e-05 -3.43e-05 -0.000164 -0.000127  2.25e-07 -2.26e-05  -2.6e-06 -8.37e-05 -1.17e-07 -7.85e-05 -7.11e-06 -0.000309 -0.000156 -0.000391 -4.56e-06  5.17e-05 -9.03e-05 -0.000171 -0.000241 -0.000403 -0.000371  -6.1e-05 -0.000404  -0.00024  6.21e-05  8.85e-06 -5.75e-05 -7.08e-05 -0.000127 -0.000109 -7.06e-05  2.25e-05 -8.14e-05 -6.22e-05  -0.00116 -0.000483 -0.000191 -5.54e-05  -3.1e-06  2.59e-07 -9.74e-08 -3.46e-09 -4.96e-10 -0.000114 -8.14e-06  9.39e-07 -1.15e-06 -5.27e-05  2.76e-06 -9.22e-06 -3.64e-06 -7.61e-05 -2.31e-05 -0.000122  -0.00134 -0.000141  4.71e-05  0.000167  -0.00105  0.000738  -0.00121  -0.00251  -0.00215 -0.000151  -0.00191  -0.00039 -0.000632 -0.000257  -9.7e-05 -0.000303 -6.98e-05 -3.79e-06 -0.000395  -0.00226 -8.29e-06 -0.000373
 -0.00596 -0.000885  -0.00725 -0.000184  -0.00335 -0.000592  -5.8e-16  -5.8e-16 -0.000329         1 -1.99e-16  0.000422  -0.00046 -4.12e-05  -0.00136  0.000117  0.000149 -0.000237 -0.000495 -8.41e-05 -7.22e-05  -0.00041 -0.000441  -0.00015 -0.000161  9.75e-05  0.000256 -0.000242 -0.000282 -0.000258 -0.000131  4.18e-05 -0.000126 -0.000148  0.000372 -9.15e-05 -1.02e-08 -8.91e-05 -7.93e-06 -9.55e-05 -4.87e-07 -0.000233  0.000289 -3.18e-05 -0.000791  0.000251 -1.46e-05 -0.000254 -8.39e-05   0.00013 -0.000842  -0.00126  -0.00164 -0.000346  -0.00156 -0.000707 -4.34e-05 -8.67e-05  3.68e-05 -0.000575 -0.000166  -0.00148  0.000296  0.000509  0.000283 -0.000264 -0.000777  -0.00218 -0.000462  -0.00019 -1.28e-05 -9.51e-07 -1.01e-07  1.48e-08  1.73e-09 -0.000562 -3.18e-05  4.01e-05  2.09e-05 -0.000188   2.7e-05 -2.11e-05 -5.07e-06 -0.000173 -0.000142  -0.00038  -0.00119   3.7e-05 -0.000808   0.00137  -0.00296 -0.000425   -0.0034  -0.00754  -0.00695 -0.000583  -0.00465  -0.00131  -0.00219 -0.000831  -0.00027 -0.000921  -0.00018 -6.57e-06   -0.0015  -0.00441 -0.000199  -0.00111
 -1.1e-14 -2.52e-16 -7.59e-15 -5.22e-16 -3.75e-15 -5.27e-16 -7.42e-28 -7.42e-28  6.51e-18 -1.99e-16         1 -4.39e-16  -7.9e-16 -6.27e-17 -1.62e-15  5.82e-17  7.45e-17 -3.67e-16 -7.72e-16  9.98e-17  9.54e-18  2.09e-16  2.31e-16 -1.07e-16 -6.56e-16  2.45e-16  2.22e-16  2.96e-17   4.2e-17 -1.65e-16 -1.79e-17  1.52e-16 -1.02e-16 -4.42e-17  9.94e-17  2.01e-16  3.52e-19  1.43e-18  2.17e-17 -1.98e-16  2.29e-18  1.75e-17  1.46e-16  2.54e-16  3.02e-17 -2.34e-15 -5.24e-18 -7.69e-16 -9.12e-16  1.26e-15  -2.2e-16 -4.61e-16 -1.56e-15  -1.4e-15 -6.13e-16  1.24e-16 -1.21e-15  2.74e-17 -3.55e-16 -4.42e-16 -7.19e-16  -7.3e-16 -2.98e-16 -2.23e-16 -3.51e-18 -5.32e-17 -6.69e-15 -3.54e-15 -1.53e-15  4.65e-16 -1.44e-17 -1.41e-17  2.85e-19  8.59e-20  2.45e-22  1.68e-16 -1.49e-16  5.54e-17  1.71e-18 -3.09e-16  -4.9e-17 -9.49e-18 -2.73e-18   3.9e-17 -9.68e-17 -1.35e-17  1.49e-15  2.92e-16 -1.27e-15 -6.13e-17  3.75e-15 -9.28e-16  4.13e-16 -2.36e-15  4.55e-15  2.71e-16  -1.6e-18 -3.26e-16 -1.04e-15 -9.68e-17  6.56e-17 -6.94e-17  4.42e-17  6.45e-18 -5.52e-16  2.54e-15  -7.9e-17 -2.19e-15
  -0.0834  0.000163   0.00386  -0.00396   0.00158   0.00167  4.27e-16  4.27e-16 -4.32e-05  0.000422 -4.39e-16         1 -0.000355 -0.000138  -0.00306  -0.00162  -0.00206 -0.000833  -0.00179  0.000135  0.000137  0.000813  0.000708  3.38e-05  -0.00586 -0.000893  -0.00158  0.000432   0.00014 -0.000792  9.81e-05 -0.000336  0.000653  0.000505  -0.00789  -0.00103  3.51e-06  7.84e-05  0.000145  -0.00207   6.4e-07  0.000129   -0.0043   -0.0105   0.00173    -0.024 -1.27e-05 -0.000278  -0.00108  -0.00466   0.00085 -0.000834  0.000191  -0.00188  -0.00305 -0.000582 -0.000232   0.00178  -0.00052  0.000166  -0.00561    0.0108  -0.00562  -0.00463  -0.00535  0.000154   -0.0577   -0.0129  -0.00808   0.00025  8.88e-05 -1.18e-05 -4.34e-07  1.94e-07 -2.23e-08   0.00215 -0.000931  3.44e-05 -0.000132  -0.00167 -0.000414 -8.58e-05 -4.63e-05   0.00015 -0.000141  0.000643  -0.00349  -0.00109 -0.000909   -0.0229 -0.000519   0.00548   0.00759  -0.00128   0.00319    0.0011   0.00642  3.03e-05  6.43e-05  0.000699  0.000343  0.000289  0.000152 -1.14e-05  -0.00013 -0.000665   0.00135   -0.0115
   0.0107 -0.000609   -0.0207   -0.0045  -0.00728  -0.00145 -6.36e-16 -6.36e-16 -4.98e-05  -0.00046  -7.9e-16 -0.000355         1 -0.000221  -0.00312  0.000233  0.000294   -0.0013  -0.00275 -0.000186 -7.69e-05 -0.000247 -0.000327 -0.000216  -0.00439  4.07e-07 -2.48e-05 -0.000147 -0.000205  -0.00073 -0.000137  -1.8e-05 -0.000317 -0.000175  -0.00222 -3.66e-05 -2.25e-06 -4.56e-05 -5.02e-05 -0.000945 -4.56e-06 -0.000201  -0.00083  -0.00275 -2.32e-05   -0.0134 -3.17e-06 -0.000412  -0.00225  -0.00173 -0.000872  -0.00197   -0.0027  -0.00212  0.000101 -0.000791  -0.00234  -0.00172  -0.00205 -0.000759  -0.00292  -0.00408 -0.000317  -1.9e-05 -0.000132 -0.000541   -0.0241   -0.0115  -0.00471  0.000311  -6.5e-05 -3.84e-05 -2.49e-07  -6.9e-08 -1.74e-08  -0.00053 -0.000541 -1.02e-05  1.39e-05  -0.00139 -0.000141 -0.000104 -2.19e-05 -0.000105 -0.000331 -0.000344  -0.00309  -6.5e-05  -0.00267    0.0042  -0.00619  -0.00412  -0.00124   -0.0165  -0.00503 -0.000498  -0.00107  -0.00256  -0.00391 -0.000899 -0.000109  -0.00167 -0.000387  4.38e-06  -0.00374  4.37e-05 -0.000415   -0.0075
  0.00112 -5.74e-05  -0.00175 -0.000523  -0.00061 -0.000101 -4.61e-17 -4.61e-17 -7.76e-06 -4.12e-05 -6.27e-17 -0.000138 -0.000221         1 -0.000319 -8.73e-06 -1.11e-05 -0.000125 -0.000265 -1.42e-05 -5.04e-06 -1.88e-05 -1.96e-05  -1.7e-05 -0.000485  -1.4e-05 -2.97e-05 -8.47e-06 -1.89e-05 -7.18e-05 -1.16e-05 -9.81e-06 -1.52e-05 -7.77e-06 -0.000329 -2.79e-05 -1.95e-07 -3.32e-06 -2.78e-06 -0.000112 -4.59e-07 -1.95e-05  -0.00015 -0.000418  7.98e-06  -0.00154 -1.54e-06 -5.45e-05 -0.000228 -0.000258 -8.25e-05  -0.00018 -0.000204 -0.000203 -7.18e-05 -7.89e-05 -0.000197 -0.000106 -0.000165 -7.61e-05  -0.00034 -0.000153 -0.000108 -6.92e-05  -9.7e-05  -5.2e-05  -0.00299  -0.00121 -0.000526  1.39e-05 -3.86e-06 -3.14e-06  -4.1e-08 -4.75e-09 -1.92e-09 -2.87e-05 -6.24e-05 -1.98e-06 -7.38e-07 -0.000154 -1.78e-05  -1.1e-05 -2.75e-06 -1.11e-05 -3.38e-05 -2.88e-05  -0.00046 -2.64e-05 -0.000237 -9.07e-05 -0.000632 -0.000386 -3.78e-05  -0.00132 -0.000554 -4.55e-05 -8.62e-05 -0.000251 -0.000372 -8.55e-05 -9.59e-06 -0.000163 -3.78e-05 -2.42e-07 -0.000357  -0.00018 -1.39e-05 -0.000834
  -0.0731  -0.00123   -0.0282  -0.00884   -0.0117  -0.00155 -1.44e-15 -1.44e-15 -0.000305  -0.00136 -1.62e-15  -0.00306  -0.00312 -0.000319         1 -0.000391 -0.000493  -0.00189  -0.00399  1.48e-05 -3.75e-05  -0.00011  0.000144 -0.000289  -0.00667 -2.77e-05 -0.000291 -0.000131 -0.000297  -0.00103 -0.000183 -1.64e-05 -0.000121  -8.4e-05  -0.00453  -0.00045 -1.62e-06 -6.36e-05 -4.16e-06  -0.00173 -2.55e-06 -0.000368  -0.00226  -0.00603 -0.000312   -0.0217 -4.04e-05  -0.00237  -0.00386   -0.0028   -0.0015  -0.00223  -0.00359  -0.00395  -0.00358 -0.000869  -0.00332 -0.000293  -0.00145  -0.00183  -0.00535  3.16e-05  -0.00231  -0.00157  -0.00201 -0.000809   -0.0487   -0.0196   -0.0085  0.000223 -2.72e-05 -3.86e-05 -4.47e-07  7.09e-08 -2.31e-08 -0.000351 -0.000973  3.57e-05 -1.46e-05  -0.00245 -0.000281 -0.000172 -4.48e-05 -0.000242 -0.000598 -0.000621  -0.00515 -0.000464  -0.00463  -0.00959  -0.00504    -0.008  -0.00205   -0.0185  -0.00666 -0.000721  -0.00458  -0.00419  -0.00669  -0.00158 -0.000263  -0.00256 -0.000558 -8.45e-06  -0.00569  -0.00593 -2.51e-05   -0.0136
  -0.0136  7.24e-05   0.00312 -0.000864   0.00118  0.000554  1.96e-16  1.96e-16 -1.82e-05  0.000117  5.82e-17  -0.00162  0.000233 -8.73e-06 -0.000391         1 -0.000549 -5.75e-05 -0.000126  4.85e-05  3.82e-05  0.000164  0.000189   3.8e-05  -0.00103  -0.00022 -0.000398  0.000106  3.69e-05  -9.2e-05  3.21e-05 -9.75e-05  0.000202  0.000137  -0.00175 -0.000293   7.6e-07  2.09e-05  3.59e-05 -0.000385  1.71e-07  2.97e-05  -0.00101  -0.00234  0.000331  -0.00438 -8.47e-06 -8.77e-05 -9.97e-05  -0.00115  0.000189  3.29e-05  0.000501 -0.000157 -0.000894 -6.53e-05  0.000246  0.000679  0.000197  5.93e-05  -0.00104   0.00319  -0.00128  -0.00108  -0.00128  5.39e-05   -0.0113   -0.0019  -0.00139 -6.77e-05  3.01e-05  3.22e-06 -1.53e-07  4.19e-08 -3.94e-09  0.000482 -0.000172 -8.98e-07 -3.26e-05 -0.000294 -7.98e-05 -1.37e-05 -9.58e-06  2.31e-05 -1.39e-05  0.000142  -0.00132  -0.00028  0.000124  -0.00643 -1.45e-06   0.00114   0.00169   0.00213  0.000348  0.000209   0.00115   0.00012  0.000259  0.000165  6.38e-05  0.000124  4.05e-05 -5.66e-06  0.000197  -0.00112  0.000372  -0.00198
  -0.0172   9.1e-05   0.00395  -0.00109   0.00149  0.000703  2.49e-16  2.49e-16 -2.29e-05  0.000149  7.45e-17  -0.00206  0.000294 -1.11e-05 -0.000493 -0.000549         1 -7.28e-05  -0.00016   6.1e-05  4.82e-05  0.000208  0.000238  4.79e-05  -0.00131  -0.00028 -0.000505  0.000135  4.67e-05 -0.000117  4.06e-05 -0.000124  0.000256  0.000174  -0.00222 -0.000371  9.62e-07  2.64e-05  4.56e-05 -0.000488  2.06e-07  3.78e-05  -0.00129  -0.00297   0.00042  -0.00555 -1.08e-05 -0.000106 -0.000123  -0.00146  0.000238   3.7e-05  0.000633 -0.000197  -0.00113 -8.51e-05  0.000314  0.000858  0.000248  7.67e-05  -0.00132   0.00404  -0.00162  -0.00137  -0.00162  6.85e-05   -0.0143  -0.00241  -0.00176 -8.55e-05   3.8e-05  4.06e-06 -1.94e-07   5.3e-08    -5e-09  0.000612 -0.000217 -1.12e-06 -4.14e-05 -0.000372 -0.000101 -1.73e-05 -1.21e-05  2.96e-05 -1.75e-05   0.00018  -0.00168 -0.000353   0.00016  -0.00813 -6.92e-06   0.00145   0.00214   0.00269  0.000438  0.000266   0.00147  0.000154  0.000333  0.000209  8.13e-05  0.000158  5.19e-05 -7.17e-06  0.000252  -0.00141  0.000472  -0.00251
  0.00539 -0.000339   -0.0103  -0.00315   -0.0036 -0.000591 -2.69e-16 -2.69e-16 -4.46e-05 -0.000237 -3.67e-16 -0.000833   -0.0013 -0.000125  -0.00189 -5.75e-05 -7.28e-05         1  -0.00157 -8.35e-05 -2.93e-05 -0.000113 -0.000112 -9.96e-05  -0.00289 -8.34e-05 -0.000181 -4.85e-05 -0.000112 -0.000422 -6.81e-05 -6.07e-05 -8.68e-05 -4.45e-05  -0.00197 -0.000171 -1.18e-06 -1.91e-05 -1.65e-05 -0.000663 -2.75e-06 -0.000116 -0.000905   -0.0025  4.63e-05  -0.00914 -9.89e-06 -0.000331  -0.00137  -0.00155 -0.000497  -0.00106  -0.00118   -0.0012  -0.00044 -0.000463  -0.00117 -0.000616  -0.00097 -0.000456  -0.00202 -0.000858 -0.000647 -0.000419 -0.000587 -0.000311   -0.0178  -0.00718  -0.00312  7.56e-05 -2.24e-05 -1.84e-05  -2.5e-07 -2.88e-08 -1.14e-08 -0.000171 -0.000373  -1.3e-05 -4.76e-06 -0.000918 -0.000106 -6.56e-05 -1.64e-05 -6.62e-05 -0.000201 -0.000171  -0.00283 -0.000158  -0.00139 -0.000627  -0.00376  -0.00234 -0.000201  -0.00763  -0.00329 -0.000273 -0.000512   -0.0015  -0.00221 -0.000511 -5.65e-05  -0.00097 -0.000226 -1.68e-06  -0.00212  -0.00112 -7.76e-05  -0.00496
   0.0118 -0.000699   -0.0217  -0.00664  -0.00755  -0.00124 -5.56e-16 -5.56e-16 -9.37e-05 -0.000495 -7.72e-16  -0.00179  -0.00275 -0.000265  -0.00399 -0.000126  -0.00016  -0.00157         1 -0.000177 -6.07e-05  -0.00023 -0.000233  -0.00021  -0.00613  -0.00019 -0.000392   -0.0001 -0.000234 -0.000897 -0.000141 -0.000129 -0.000182 -9.13e-05   -0.0042 -0.000364 -2.47e-06 -3.94e-05 -3.44e-05  -0.00141 -5.81e-06 -0.000244  -0.00193  -0.00534  0.000118   -0.0195    -2e-05 -0.000694  -0.00287   -0.0033  -0.00103  -0.00222  -0.00249  -0.00254 -0.000903 -0.000978  -0.00247  -0.00131  -0.00206 -0.000946   -0.0043  -0.00179   -0.0014 -0.000911  -0.00126  -0.00065   -0.0379   -0.0152  -0.00663  0.000167 -4.75e-05 -3.91e-05  -5.3e-07 -6.11e-08 -2.43e-08 -0.000347 -0.000788 -2.75e-05 -1.07e-05  -0.00194 -0.000226  -0.00014  -3.5e-05 -0.000141 -0.000424 -0.000361  -0.00593 -0.000353  -0.00295  -0.00144  -0.00793  -0.00489 -0.000441   -0.0164  -0.00692 -0.000569  -0.00109  -0.00315  -0.00464  -0.00107  -0.00012  -0.00204 -0.000475 -3.41e-06  -0.00448  -0.00238  -0.00016   -0.0105
   0.0193 -6.42e-05 -0.000807  0.000106  2.92e-05  -6.8e-05  7.13e-17  7.13e-17 -4.83e-05 -8.41e-05  9.98e-17  0.000135 -0.000186 -1.42e-05  1.48e-05  4.85e-05   6.1e-05 -8.35e-05 -0.000177         1 -2.04e-05  -0.00016 -0.000219 -4.52e-05 -0.000357 -7.82e-05 -2.01e-05 -4.49e-05 -8.14e-05 -8.33e-05 -1.94e-05 -4.27e-05 -4.76e-05 -3.67e-05 -0.000286 -9.22e-05 -4.02e-08 -1.33e-05 -1.33e-05 -9.29e-05 -9.39e-07 -4.32e-05 -6.53e-06 -0.000353  8.15e-06  -0.00109  3.03e-06  0.000363 -0.000138 -0.000423 -0.000112  -0.00046 -0.000279  2.51e-05  0.000281 -0.000253 -1.88e-05 -0.000348 -0.000395  7.51e-05 -0.000171 -0.000726  6.64e-05  0.000114  2.76e-05 -5.38e-05  -0.00116 -0.000504 -0.000226 -7.31e-06 -1.13e-05 -3.53e-06  -9.9e-08 -3.21e-08 -2.31e-09 -0.000102 -2.08e-05 -1.33e-05 -5.13e-07 -6.28e-05  -2.8e-06 -8.73e-06 -2.95e-06  -3.9e-05 -3.82e-06 -4.59e-05   -0.0013 -0.000118  0.000198   0.00214  -0.00192   0.00107 -0.000562  -0.00279  -0.00187  -9.6e-05 -0.000605 -0.000282 -0.000419 -0.000143 -4.48e-05 -0.000248 -7.24e-05 -9.82e-07  -0.00034 -0.000845 -5.53e-05 -0.000362
  0.00225 -8.25e-05 -0.000888 -9.41e-06 -0.000302 -8.38e-05 -3.03e-17 -3.03e-17 -1.58e-05 -7.22e-05  9.54e-18  0.000137 -7.69e-05 -5.04e-06 -3.75e-05  3.82e-05  4.82e-05 -2.93e-05 -6.07e-05 -2.04e-05         1 -4.87e-05 -6.85e-05 -1.05e-05 -3.16e-05  2.03e-05  2.82e-05 -2.46e-05 -2.44e-05 -2.52e-05  -1.6e-05 -1.93e-06 -2.32e-05 -1.92e-05  6.31e-05  8.13e-06 -1.24e-07 -8.63e-06 -3.88e-06  8.78e-06 -3.16e-07 -1.49e-05  5.84e-05  5.21e-05 -6.89e-05  5.13e-05 -3.49e-07  5.66e-05 -1.44e-05 -3.03e-05 -7.35e-05  -0.00017 -0.000151  7.07e-06 -1.39e-05 -8.34e-05 -8.93e-06 -9.43e-05 -6.06e-05 -4.16e-05  1.44e-05 -0.000353  0.000117  0.000117  9.45e-05 -3.18e-05  0.000335 -0.000169  2.03e-06 -2.17e-05 -3.22e-06 -7.45e-07 -6.52e-09 -5.89e-09  1.73e-12 -7.46e-05 -3.79e-06  1.34e-06  3.59e-06 -1.46e-05  4.67e-06 -4.93e-07  1.06e-07  -5.2e-06 -1.22e-05 -1.75e-05 -7.86e-05  4.28e-05 -3.27e-05  0.000806 -0.000603 -3.68e-05 -0.000148 -0.000538 -0.000785 -5.95e-05 -7.45e-05 -0.000113 -0.000191 -6.72e-05 -1.34e-05 -8.44e-05 -1.98e-05 -1.47e-08 -0.000143 -1.69e-05 -4.01e-05 -3.96e-05
   0.0161 -0.000279  -0.00326  -0.00112 -0.000898 -0.000395  -6.3e-17  -6.3e-17 -0.000165  -0.00041  2.09e-16  0.000813 -0.000247 -1.88e-05  -0.00011  0.000164  0.000208 -0.000113  -0.00023  -0.00016 -4.87e-05         1 -0.000445 -0.000122 -0.000616 -3.55e-05  0.000128 -0.000166 -0.000246  2.19e-05 -5.56e-05 -6.51e-05 -0.000132  -0.00015 -0.000113 -0.000295 -1.69e-06 -3.71e-05 -4.92e-05  3.26e-05 -2.63e-06 -0.000208  0.000184  0.000152 -0.000521 -0.000189 -2.83e-05  6.13e-05 -0.000964 -0.000613 -0.000964 -0.000706 -0.000219  8.64e-06 -7.39e-05 -0.000316 -0.000208 -0.000351 -0.000258 -0.000255  9.21e-05  -0.00173  0.000693  0.000637  0.000522 -0.000296   0.00205 -0.000414  0.000282 -0.000264 -2.86e-05  7.07e-08 -4.38e-07 -1.08e-07 -3.81e-09 -0.000732  1.57e-05  -6.7e-05  9.04e-06 -0.000176  4.82e-05 -3.14e-05 -6.46e-06 -0.000232 -7.67e-05 -0.000456  -0.00665 -0.000252  0.000542   0.00363  -0.00339  -0.00134  -0.00359  -0.00245  -0.00552 -0.000663  -0.00564  -0.00137   -0.0019 -0.000878 -0.000268  -0.00111 -0.000308 -1.23e-05   -0.0015  -0.00643 -0.000213 -9.34e-05
   0.0391 -0.000397  -0.00247   0.00101 -0.000333 -0.000255  3.66e-17  3.66e-17 -0.000166 -0.000441  2.31e-16  0.000708 -0.000327 -1.96e-05  0.000144  0.000189  0.000238 -0.000112 -0.000233 -0.000219 -6.85e-05 -0.000445         1 -0.000123 -0.000358 -8.45e-05  8.28e-05  -0.00016 -0.000225 -0.000196 -7.68e-05  -6.2e-05  -0.00014 -0.000124  -9.8e-05 -0.000147 -2.08e-07 -5.37e-05 -2.33e-05 -6.32e-05 -2.22e-06 -0.000124  0.000259 -0.000247 -0.000237 -0.000492 -7.87e-07  0.000907  6.49e-05 -0.000464 -0.000463  -0.00136 -0.000943  0.000247  0.000331 -0.000731  0.000231 -0.000725 -0.000677  8.75e-05   3.8e-05  -0.00209  0.000471  0.000563  0.000381 -0.000139   0.00142  -0.00028  5.46e-05 -8.32e-05 -2.68e-05 -5.39e-06 -1.88e-07 -6.56e-08 -1.97e-09 -0.000348  1.25e-05 -1.22e-05  8.07e-06  5.49e-06  2.58e-05 -6.77e-06 -3.25e-06 -9.68e-05 -1.76e-05 -0.000145  -0.00283  -4.4e-05  0.000496   0.00618   -0.0043   0.00269  -0.00169  -0.00594  -0.00535 -0.000299  -0.00198  -0.00062 -0.000957 -0.000429  -0.00013  -0.00057 -0.000134 -3.39e-06 -0.000687  -0.00198 -0.000191 -2.49e-05
   0.0127 -9.13e-05  -0.00165  4.02e-05 -0.000583  -0.00013 -9.64e-17 -9.64e-17 -5.75e-05  -0.00015 -1.07e-16  3.38e-05 -0.000216  -1.7e-05 -0.000289   3.8e-05  4.79e-05 -9.96e-05  -0.00021 -4.52e-05 -1.05e-05 -0.000122 -0.000123         1  -0.00041  -3.6e-05  3.85e-05  -3.7e-05 -6.78e-05  -7.5e-05  -1.1e-05  6.92e-06 -5.43e-05 -4.43e-05   -0.0002 -7.02e-05 -1.31e-07    -1e-05 -3.94e-06 -9.81e-05 -3.26e-07 -5.46e-05  -2.6e-06 -0.000198 -3.64e-05  -0.00108 -6.11e-06  4.71e-05 -0.000247  3.87e-05  -0.00025  -0.00038  -0.00045 -0.000229  8.79e-06 -0.000151 -0.000195 -0.000167 -0.000249 -2.43e-05 -0.000202  -0.00059 -2.66e-05  2.74e-05  4.28e-05 -5.37e-05  -0.00159 -0.000762 -0.000334  6.61e-05 -1.26e-05 -3.98e-06 -8.09e-08  -1.5e-08 -1.62e-09 -7.66e-05 -2.24e-05 -6.16e-06 -1.54e-06 -8.29e-05 -4.34e-06 -1.17e-05 -3.37e-06 -6.23e-05 -2.33e-05 -0.000117  -0.00171 -8.45e-05  -4.3e-05   0.00114 -0.000208  0.000445 -0.000959  -0.00267 -0.000543 -6.33e-05  -0.00168 -0.000336 -0.000508 -0.000203 -5.91e-05 -0.000267 -5.16e-05 -1.96e-06 -0.000404  -0.00131 -5.34e-05 -0.000526
    0.307 -0.000667   -0.0307   -0.0142  -0.00866  -0.00103  1.07e-16  1.07e-16 -0.000137 -0.000161 -6.56e-16  -0.00586  -0.00439 -0.000485  -0.00667  -0.00103  -0.00131  -0.00289  -0.00613 -0.000357 -3.16e-05 -0.000616 -0.000358  -0.00041         1  -0.00128  -0.00175  -1.1e-05 -0.000425   -0.0018 -0.000103 -0.000473 -6.43e-06  1.72e-05   -0.0129  -0.00167 -7.99e-06  1.65e-07   4.5e-07  -0.00345 -1.79e-05 -0.000586  -0.00669    -0.016  0.000923   -0.0487  -0.00014  -0.00109  -0.00497  -0.00891  -0.00283  -0.00386  -0.00213  -0.00418  -0.00186  -0.00205  -0.00351  -0.00145  -0.00321  -0.00103  -0.00996   0.00222  -0.00505  -0.00388  -0.00438  -0.00119   -0.0903   -0.0299   -0.0142 -6.65e-05 -7.66e-05 -6.46e-05 -2.32e-06 -2.87e-07 -6.36e-08 -6.39e-05   -0.0017 -0.000218 -0.000104  -0.00419  -0.00054 -0.000343 -9.21e-05 -0.000567 -0.000837  -0.00111   -0.0288  -0.00158  -0.00425   -0.0148   -0.0136  -0.00966  -0.00159   -0.0279   -0.0134  -0.00111  -0.00908  -0.00613  -0.00684  -0.00221 -0.000327  -0.00433  -0.00087 -4.22e-05  -0.00861   -0.0156  0.000327   -0.0224
  0.00261  0.000282   0.00312  5.76e-05   0.00184  0.000416  4.17e-16  4.17e-16 -5.25e-05  9.75e-05  2.45e-16 -0.000893  4.07e-07  -1.4e-05 -2.77e-05  -0.00022  -0.00028 -8.34e-05  -0.00019 -7.82e-05  2.03e-05 -3.55e-05 -8.45e-05  -3.6e-05  -0.00128         1 -0.000347  2.97e-05 -4.88e-05 -0.000178  4.89e-05    -9e-05  7.01e-05  5.67e-05  -0.00165 -0.000312  4.16e-07  1.32e-05  8.58e-06 -0.000451 -1.26e-06 -5.25e-05 -0.000865  -0.00218   0.00044  -0.00488  1.92e-06  0.000406  0.000275  -0.00117  0.000131 -3.85e-05  0.000276  7.71e-05  0.000396 -0.000261  0.000243 -0.000171 -0.000374  0.000448 -0.000901   0.00103  -0.00099 -0.000745  -0.00082   6.7e-05   -0.0086  -0.00113  -0.00108  3.79e-05  -2.3e-06 -3.25e-06 -3.08e-07 -4.11e-08 -7.16e-09  0.000281 -7.48e-05 -3.36e-05 -2.68e-05 -0.000176 -5.94e-05 -3.35e-05 -1.09e-05 -9.53e-05  2.62e-05 -7.95e-05  -0.00301 -0.000616  0.000153  -0.00256   -0.0012   0.00213 -0.000761  -0.00605  -0.00101  6.74e-05  -0.00173  -6.8e-05  0.000417  5.99e-05  -5.9e-05 -0.000137 -1.97e-05 -4.95e-06 -0.000129  -0.00295  0.000168  -0.00143
  -0.0168  0.000176   0.00233  -0.00119   0.00144  0.000509  4.08e-16  4.08e-16  1.75e-05  0.000256  2.22e-16  -0.00158 -2.48e-05 -2.97e-05 -0.000291 -0.000398 -0.000505 -0.000181 -0.000392 -2.01e-05  2.82e-05  0.000128  8.28e-05  3.85e-05  -0.00175 -0.000347         1  9.83e-05  2.48e-05 -0.000199  3.23e-05 -0.000142  0.000171  0.000133   -0.0023 -0.000322     3e-07  2.26e-05  2.36e-05 -0.000536  -1.5e-06  1.82e-05  -0.00128  -0.00305  0.000495  -0.00668 -2.21e-06  0.000223 -3.03e-05  -0.00182  0.000252 -9.53e-05  0.000541 -7.32e-05 -0.000262 -0.000224  0.000197  0.000202 -0.000207  0.000221   -0.0014   0.00254  -0.00134   -0.0011  -0.00132   2.9e-05   -0.0141  -0.00279  -0.00184 -6.73e-05  1.92e-05 -1.83e-06 -2.64e-07 -3.49e-09    -8e-09  0.000452 -0.000221 -2.13e-05 -3.33e-05 -0.000419   -0.0001 -2.93e-05 -1.23e-05  1.51e-05  -2.1e-05  0.000133  -0.00198 -0.000398  4.53e-06  -0.00529  -0.00189   0.00115   0.00171  -0.00107 -0.000909  0.000155   0.00159 -1.37e-05  0.000324   0.00019  6.48e-05  -5.7e-06  3.48e-06 -4.62e-06 -9.74e-05 -0.000904  0.000323  -0.00264
  0.00496 -0.000174  -0.00203 -0.000116 -0.000749 -0.000226 -9.06e-17 -9.06e-17 -6.31e-05 -0.000242  2.96e-17  0.000432 -0.000147 -8.47e-06 -0.000131  0.000106  0.000135 -4.85e-05   -0.0001 -4.49e-05 -2.46e-05 -0.000166  -0.00016  -3.7e-05  -1.1e-05  2.97e-05  9.83e-05         1 -7.88e-05 -3.25e-05  -3.3e-05  6.91e-06 -6.57e-05 -6.07e-05   0.00026 -5.45e-06 -4.35e-07 -2.19e-05 -1.42e-05  3.95e-05 -7.11e-07 -6.87e-05  0.000177  0.000284 -0.000234  0.000501 -4.06e-06  4.03e-06 -5.96e-05  1.37e-05 -0.000268 -0.000268 -0.000301  2.14e-05 -6.43e-05 -0.000155 -3.85e-05 -0.000202 -5.98e-05 -0.000116  0.000121 -0.000968   0.00033  0.000329  0.000304 -8.98e-05   0.00173 -0.000145  0.000161  -7.4e-05 -1.03e-05 -6.07e-07 -6.44e-08 -2.38e-08  2.53e-11 -0.000266     2e-05 -4.51e-06     1e-05 -1.73e-05  2.14e-05 -6.84e-06 -1.94e-07 -5.96e-05 -3.19e-05  -0.00014 -0.000811  1.01e-05 -0.000111    0.0016  -0.00118 -0.000573  -0.00123  -0.00205  -0.00214 -0.000228  -0.00152 -0.000402 -0.000572 -0.000258 -8.65e-05 -0.000311 -7.54e-05 -1.72e-06 -0.000481  -0.00132 -0.000119  8.68e-05
-0.000924  -0.00019  -0.00195 -0.000391 -0.000626 -0.000165 -6.12e-17 -6.12e-17 -0.000105 -0.000282   4.2e-17   0.00014 -0.000205 -1.89e-05 -0.000297  3.69e-05  4.67e-05 -0.000112 -0.000234 -8.14e-05 -2.44e-05 -0.000246 -0.000225 -6.78e-05 -0.000425 -4.88e-05  2.48e-05 -7.88e-05         1  -7.2e-05 -3.38e-05 -3.37e-05 -5.33e-05 -5.93e-05 -0.000257 -0.000148 -3.06e-07 -2.31e-05 -1.64e-05 -9.08e-05 -9.32e-07 -9.71e-05 -4.93e-06 -0.000313 -0.000184 -0.000969  -7.1e-06   8.7e-05 -0.000373 -0.000397 -0.000363   -0.0005 -0.000368 -0.000103 -0.000178  -0.00026 -0.000104  -0.00019 -0.000232 -0.000108 -0.000199 -0.000657  0.000101  0.000156   4.9e-05 -0.000124  -0.00142 -0.000889 -0.000273 -7.86e-05 -1.12e-05 -1.81e-06 -1.67e-07 -3.19e-08 -2.17e-09 -0.000247 -2.81e-05 -1.64e-05  1.57e-06 -0.000134  4.64e-06 -1.68e-05 -4.63e-06 -9.55e-05 -4.08e-05 -0.000172  -0.00234 -0.000154  7.64e-05   0.00131  -0.00191  0.000123  -0.00146  -0.00282  -0.00282 -0.000252   -0.0022 -0.000634 -0.000954 -0.000369 -0.000116 -0.000491  -0.00013 -4.45e-06 -0.000718  -0.00262 -6.92e-05 -0.000584
    0.031 -0.000287  -0.00479 -0.000332  -0.00145 -0.000149 -5.11e-17 -5.11e-17 -7.02e-05 -0.000258 -1.65e-16 -0.000792  -0.00073 -7.18e-05  -0.00103  -9.2e-05 -0.000117 -0.000422 -0.000897 -8.33e-05 -2.52e-05  2.19e-05 -0.000196  -7.5e-05   -0.0018 -0.000178 -0.000199 -3.25e-05  -7.2e-05         1 -4.53e-05 -3.34e-05 -2.92e-05  1.34e-06  -0.00149 -8.44e-05  2.45e-07 -2.48e-05  1.82e-05 -0.000542 -1.64e-06 -4.85e-05  -0.00073  -0.00225  0.000216  -0.00638  4.04e-06  0.000322  0.000119 -0.000897 -6.01e-05  -0.00105  -0.00112 -0.000502 -0.000211 -0.000626  -0.00022 -0.000476 -0.000703  1.14e-05  -0.00137 -0.000254 -0.000806 -0.000498 -0.000628 -6.56e-05   -0.0124  -0.00422  -0.00213  0.000133 -1.02e-05  -1.3e-05 -8.46e-08  7.24e-09 -6.26e-09  0.000201 -0.000223  2.55e-05 -9.39e-06 -0.000437 -8.45e-05 -3.08e-05 -1.01e-05  5.28e-07 -8.71e-05  2.05e-05 -0.000327 -7.12e-05 -0.000908 -0.000251  -0.00249   0.00143  0.000523  -0.00812  -0.00229   5.1e-05  0.000757 -0.000433 -0.000535 -5.58e-05  1.37e-05 -0.000277 -5.02e-06  1.45e-06 -0.000754  0.000735     2e-05  -0.00309
 -0.00111 -0.000162  -0.00172 -0.000234 -0.000676 -0.000135 -8.29e-17 -8.29e-17  -2.6e-05 -0.000131 -1.79e-17  9.81e-05 -0.000137 -1.16e-05 -0.000183  3.21e-05  4.06e-05 -6.81e-05 -0.000141 -1.94e-05  -1.6e-05 -5.56e-05 -7.68e-05  -1.1e-05 -0.000103  4.89e-05  3.23e-05  -3.3e-05 -3.38e-05 -4.53e-05         1 -5.26e-06 -2.35e-05 -2.19e-05  2.94e-05  8.84e-06 -1.55e-07 -1.37e-05 -3.88e-06 -4.93e-06 -3.73e-07 -2.02e-05  4.45e-05  -2.2e-05 -0.000121 -0.000157 -1.24e-06  8.36e-06 -0.000101 -0.000104 -0.000115 -0.000274 -0.000252 -5.72e-05 -0.000194 -0.000123 -5.26e-05 -7.19e-05 -5.81e-05 -0.000125 -6.51e-05 -0.000332  0.000119  0.000126  6.83e-05 -6.06e-05 -0.000416 -0.000603 -0.000142 -4.45e-05 -1.86e-06 -9.63e-07  7.98e-10  1.84e-10 -4.72e-13 -0.000102  -2.8e-05  6.03e-06  4.97e-06  -6.7e-05  1.28e-06 -1.31e-06 -3.03e-07  7.18e-07 -3.01e-05 -1.21e-05  6.98e-05  8.53e-05 -0.000125  0.000701 -0.000954 -0.000264 -2.33e-05 -0.000376  -0.00124 -9.13e-05  0.000138 -0.000213   -0.0004 -0.000111 -1.33e-05 -0.000138 -3.34e-05 -9.08e-08 -0.000267   7.5e-05 -4.19e-05   -0.0003
 -0.00551  3.66e-06  0.000514 -0.000607  0.000439  0.000115  1.41e-16  1.41e-16 -1.58e-05  4.18e-05  1.52e-16 -0.000336  -1.8e-05 -9.81e-06 -1.64e-05 -9.75e-05 -0.000124 -6.07e-05 -0.000129 -4.27e-05 -1.93e-06 -6.51e-05  -6.2e-05  6.92e-06 -0.000473    -9e-05 -0.000142  6.91e-06 -3.37e-05 -3.34e-05 -5.26e-06         1  4.02e-05  2.28e-05 -0.000667  -0.00015 -1.13e-09  5.07e-07 -5.61e-06 -0.000129 -7.51e-07 -1.23e-05 -0.000292 -0.000826   6.8e-05  -0.00172 -9.96e-08  0.000161 -0.000266  -0.00081 -2.64e-07 -0.000171  0.000197  3.21e-05 -8.11e-05 -0.000118   4.6e-05  5.52e-08 -0.000149  1.53e-05 -0.000367  0.000558 -0.000225 -0.000185 -0.000337 -4.38e-05  -0.00361 -0.000809 -0.000449 -9.23e-05  4.51e-06  1.58e-07 -1.22e-07 -1.52e-08 -2.77e-09  1.21e-05 -6.79e-05  -1.7e-05 -8.11e-06 -0.000149  -2.1e-05  -9.1e-06 -4.19e-06 -8.46e-06 -9.68e-06  2.76e-05  -0.00116  -0.00015  0.000245 -0.000629  -0.00175  0.000404  0.000336  0.000243  -0.00148 -5.69e-05  0.000377 -0.000198 -0.000289 -5.66e-05 -5.57e-06 -0.000152 -6.35e-05 -2.54e-06 -0.000214  -0.00086   7.5e-05 -0.000731
  0.00503    -9e-05  -0.00301  7.66e-05  -0.00108 -0.000354 -1.45e-16 -1.45e-16 -1.73e-05 -0.000126 -1.02e-16  0.000653 -0.000317 -1.52e-05 -0.000121  0.000202  0.000256 -8.68e-05 -0.000182 -4.76e-05 -2.32e-05 -0.000132  -0.00014 -5.43e-05 -6.43e-06  7.01e-05  0.000171 -6.57e-05 -5.33e-05 -2.92e-05 -2.35e-05  4.02e-05         1 -8.28e-05  0.000491  8.34e-05 -5.29e-07 -1.43e-05 -1.94e-05  6.41e-05 -5.02e-07  -4.7e-05  0.000351  0.000705 -0.000151  0.000568  1.84e-07  2.08e-05 -0.000189  0.000369 -0.000232 -0.000252 -0.000501 -0.000139  0.000379 -6.98e-05 -0.000306 -0.000433 -0.000284  -7.4e-05  0.000177  -0.00174  0.000487  0.000445  0.000529 -7.49e-05   0.00261 -0.000156  0.000175  6.55e-05 -2.09e-05 -4.87e-06  5.51e-09  -2.9e-08 -1.32e-10 -0.000261  3.14e-05 -4.63e-06  1.32e-05  6.11e-06   2.3e-05 -5.71e-06  1.21e-06  -4.4e-05 -2.24e-05 -0.000131 -0.000443  6.56e-05 -0.000211   0.00321  -0.00042 -0.000594  -0.00119  -0.00282 -0.000655 -0.000146  -0.00129 -0.000336 -0.000521 -0.000204 -5.89e-05 -0.000259 -6.14e-05   1.5e-06 -0.000461 -0.000192 -0.000195  0.000181
  0.00712 -0.000108  -0.00211 -7.28e-05 -0.000794 -0.000257 -1.19e-16 -1.19e-16 -3.43e-05 -0.000148 -4.42e-17  0.000505 -0.000175 -7.77e-06  -8.4e-05  0.000137  0.000174 -4.45e-05 -9.13e-05 -3.67e-05 -1.92e-05  -0.00015 -0.000124 -4.43e-05  1.72e-05  5.67e-05  0.000133 -6.07e-05 -5.93e-05  1.34e-06 -2.19e-05  2.28e-05 -8.28e-05         1  0.000365  2.11e-05 -5.36e-07 -1.39e-05 -1.58e-05  7.08e-05 -4.95e-07 -5.39e-05   0.00026   0.00054 -0.000192  0.000685 -5.21e-06 -3.35e-05 -0.000206  0.000233 -0.000278 -0.000205 -0.000304 -6.82e-05  0.000117 -5.97e-05 -0.000179  -0.00023 -0.000114 -0.000104  0.000184  -0.00116    0.0004  0.000359    0.0004 -8.05e-05   0.00236   1.5e-05  0.000233 -8.09e-06 -1.42e-05 -1.86e-06 -4.21e-08 -2.61e-08  6.94e-11 -0.000254  2.95e-05 -8.69e-06  9.74e-06  1.27e-06   2.4e-05 -5.24e-06  4.81e-07  -5.5e-05 -2.42e-05  -0.00014  -0.00102  3.54e-05 -5.87e-05   0.00213 -0.000437 -0.000667  -0.00117  -0.00146  -0.00101 -0.000175  -0.00156 -0.000353 -0.000532 -0.000238 -7.04e-05 -0.000277 -6.84e-05 -9.83e-07 -0.000426 -0.000981 -0.000138  0.000223
    0.184 -2.65e-05  -0.00809  -0.00987 -0.000307   0.00106  1.02e-15  1.02e-15 -0.000164  0.000372  9.94e-17  -0.00789  -0.00222 -0.000329  -0.00453  -0.00175  -0.00222  -0.00197   -0.0042 -0.000286  6.31e-05 -0.000113  -9.8e-05   -0.0002   -0.0129  -0.00165   -0.0023   0.00026 -0.000257  -0.00149  2.94e-05 -0.000667  0.000491  0.000365         1  -0.00198    -2e-06  5.21e-05  7.54e-05  -0.00336 -1.17e-05 -0.000283  -0.00687   -0.0169   0.00185   -0.0437 -8.26e-05  0.000251  -0.00321  -0.00952  -0.00094  -0.00291  -0.00014  -0.00267  -0.00228  -0.00185  -0.00129  0.000135  -0.00242  6.18e-05  -0.00916   0.00894  -0.00662  -0.00528  -0.00629 -0.000536   -0.0877   -0.0233   -0.0127 -0.000124  1.68e-05 -3.82e-05 -1.94e-06 -1.21e-07 -5.43e-08   0.00136  -0.00151 -0.000163 -0.000162  -0.00332 -0.000563 -0.000252 -8.65e-05 -0.000296 -0.000468 -0.000199   -0.0222   -0.0021  -0.00146   -0.0219   -0.0118   0.00144   0.00353    -0.017  -0.00918 -2.62e-05  -0.00172  -0.00335  -0.00336 -0.000795 -2.88e-05  -0.00238 -0.000482 -3.87e-05  -0.00465   -0.0125   0.00118   -0.0192
   0.0577  2.33e-06  0.000958  -0.00166   0.00076   0.00027   2.1e-16   2.1e-16 -0.000127 -9.15e-05  2.01e-16  -0.00103 -3.66e-05 -2.79e-05  -0.00045 -0.000293 -0.000371 -0.000171 -0.000364 -9.22e-05  8.13e-06 -0.000295 -0.000147 -7.02e-05  -0.00167 -0.000312 -0.000322 -5.45e-06 -0.000148 -8.44e-05  8.84e-06  -0.00015  8.34e-05  2.11e-05  -0.00198         1 -4.28e-07  1.88e-06 -7.33e-06 -0.000424 -1.79e-06 -0.000127   -0.0009  -0.00232  7.68e-05  -0.00525 -2.49e-05  3.55e-05 -0.000941  -0.00167 -0.000471 -0.000431  0.000335 -0.000229 -0.000561 -0.000268 -5.37e-05  0.000236 -0.000223 -1.55e-05  -0.00108   0.00161 -0.000823 -0.000659 -0.000908  -0.00015   -0.0106  -0.00232  -0.00132  -0.00018  1.69e-06  4.51e-07 -5.06e-07 -5.33e-08 -8.39e-09 -3.47e-05 -0.000159 -6.23e-05 -2.92e-05 -0.000441 -5.15e-05 -4.39e-05 -1.59e-05 -0.000168 -5.45e-05 -0.000219  -0.00672 -0.000608   0.00057  -0.00318  -0.00243   0.00052  -0.00129  -0.00131  -0.00315 -0.000244  -0.00344 -0.000913  -0.00113 -0.000466 -0.000143 -0.000728 -0.000205  -1.4e-05 -0.000966  -0.00613  0.000199   -0.0022
 -3.7e-05 -6.94e-07 -3.19e-05 -1.54e-05 -1.03e-05 -3.05e-06 -4.68e-19 -4.68e-19  2.25e-07 -1.02e-08  3.52e-19  3.51e-06 -2.25e-06 -1.95e-07 -1.62e-06   7.6e-07  9.62e-07 -1.18e-06 -2.47e-06 -4.02e-08 -1.24e-07 -1.69e-06 -2.08e-07 -1.31e-07 -7.99e-06  4.16e-07     3e-07 -4.35e-07 -3.06e-07  2.45e-07 -1.55e-07 -1.13e-09 -5.29e-07 -5.36e-07    -2e-06 -4.28e-07         1 -2.26e-08 -1.81e-07  2.57e-07 -2.21e-08 -7.81e-07 -1.85e-06 -5.21e-07 -2.58e-06 -1.07e-05  -2.7e-07 -3.75e-06 -4.64e-06 -2.51e-06 -5.49e-06  2.79e-07  2.15e-06 -9.52e-07 -5.29e-07  4.48e-07 -2.78e-06 -8.83e-07  1.19e-06 -2.51e-06 -1.11e-06  -6.7e-06  3.24e-06  2.27e-06  3.16e-06 -1.72e-06 -2.22e-06 -9.02e-06 -7.01e-07 -1.58e-06 -1.32e-07 -4.01e-09 -2.44e-09  -6.2e-10 -2.88e-11 -3.72e-06 -3.89e-07 -4.03e-07  7.78e-08 -2.12e-06  1.26e-07 -2.33e-07 -2.16e-08 -9.01e-07 -8.49e-07 -2.52e-06 -3.44e-05  5.61e-07 -2.54e-06 -9.42e-08 -5.94e-06  -3.4e-05 -1.18e-05  7.23e-06 -1.57e-05 -3.48e-06 -2.26e-05 -6.74e-06  -6.5e-06 -3.84e-06 -8.69e-07  -5.1e-06 -1.16e-06 -6.18e-08  -8.8e-06 -2.32e-05 -1.19e-06 -4.44e-06
  0.00198 -8.11e-05 -0.000643  3.49e-05 -0.000254 -5.62e-05 -3.56e-17 -3.56e-17 -2.26e-05 -8.91e-05  1.43e-18  7.84e-05 -4.56e-05 -3.32e-06 -6.36e-05  2.09e-05  2.64e-05 -1.91e-05 -3.94e-05 -1.33e-05 -8.63e-06 -3.71e-05 -5.37e-05    -1e-05  1.65e-07  1.32e-05  2.26e-05 -2.19e-05 -2.31e-05 -2.48e-05 -1.37e-05  5.07e-07 -1.43e-05 -1.39e-05  5.21e-05  1.88e-06 -2.26e-08         1 -1.38e-06  1.65e-06  -1.5e-07 -1.53e-05  4.14e-05  1.86e-05 -6.52e-05  8.25e-05 -3.57e-07  3.02e-05  2.03e-05 -6.73e-06 -5.97e-05 -0.000141 -0.000143  3.53e-06 -8.14e-05  -7.7e-05  1.61e-05 -4.32e-05 -2.06e-05 -3.87e-05  8.17e-06 -0.000207   6.3e-05  7.47e-05  5.07e-05 -2.24e-05  0.000184 -0.000136 -7.06e-06 -2.01e-05 -1.52e-06 -2.51e-07 -2.51e-09 -7.53e-10  1.94e-10 -5.16e-05 -1.76e-06  3.65e-06  2.57e-06 -7.63e-06  3.47e-06    -3e-07 -4.05e-08 -7.05e-06 -1.02e-05 -1.76e-05  2.82e-06  2.67e-05 -4.39e-05  0.000432 -0.000429  4.19e-05 -0.000175 -0.000562 -0.000693 -4.75e-05  -0.00016 -8.94e-05 -0.000157 -5.77e-05 -1.56e-05  -6.5e-05 -1.28e-05 -1.95e-07 -0.000106 -0.000132 -2.44e-05 -4.23e-05
  0.00214  7.83e-06 -0.000465 -0.000241 -0.000141 -6.82e-05 -3.08e-18 -3.08e-18  -2.6e-06 -7.93e-06  2.17e-17  0.000145 -5.02e-05 -2.78e-06 -4.16e-06  3.59e-05  4.56e-05 -1.65e-05 -3.44e-05 -1.33e-05 -3.88e-06 -4.92e-05 -2.33e-05 -3.94e-06   4.5e-07  8.58e-06  2.36e-05 -1.42e-05 -1.64e-05  1.82e-05 -3.88e-06 -5.61e-06 -1.94e-05 -1.58e-05  7.54e-05 -7.33e-06 -1.81e-07 -1.38e-06         1  1.95e-05 -1.89e-07 -1.52e-05  6.53e-05  0.000147  -4.5e-05  0.000133  4.81e-07 -2.65e-05 -0.000154 -7.23e-05 -4.95e-05  2.01e-05  2.15e-05  -9.7e-06  8.64e-05  1.64e-05 -8.52e-05 -8.52e-05 -5.42e-05 -3.28e-05  3.43e-05 -0.000314  0.000131  0.000108   9.9e-05 -3.18e-05  0.000537 -2.68e-05  6.18e-05 -2.15e-05 -3.51e-06  -2.8e-07 -2.44e-08 -1.25e-08 -4.18e-10 -9.74e-05  5.15e-06 -8.15e-06  2.82e-06 -1.93e-05  6.28e-06 -3.42e-06 -1.42e-07 -1.71e-05 -5.43e-06 -3.94e-05 -0.000282 -3.34e-05  1.33e-05  0.000518  -0.00042 -0.000398 -0.000348 -0.000261  -0.00045 -7.46e-05 -0.000362 -0.000143 -0.000217 -7.26e-05  -2.4e-05 -0.000106 -4.02e-05 -2.52e-07 -0.000172 -0.000416 -3.81e-05  3.27e-05
   0.0579 -6.37e-05   -0.0045  -0.00216   -0.0011  9.23e-05  1.09e-16  1.09e-16 -8.37e-05 -9.55e-05 -1.98e-16  -0.00207 -0.000945 -0.000112  -0.00173 -0.000385 -0.000488 -0.000663  -0.00141 -9.29e-05  8.78e-06  3.26e-05 -6.32e-05 -9.81e-05  -0.00345 -0.000451 -0.000536  3.95e-05 -9.08e-05 -0.000542 -4.93e-06 -0.000129  6.41e-05  7.08e-05  -0.00336 -0.000424  2.57e-07  1.65e-06  1.95e-05         1 -2.26e-06 -8.82e-05  -0.00168  -0.00446  0.000569   -0.0124 -3.41e-06     9e-05 -0.000727  -0.00224 -8.74e-05 -0.000972 -0.000813  -0.00103 -0.000443 -0.000621 -0.000624 -0.000327  -0.00102  4.22e-05  -0.00268   0.00141  -0.00186  -0.00138  -0.00163 -0.000118   -0.0251  -0.00724   -0.0039  0.000163 -5.62e-06 -1.72e-05 -3.71e-07 -7.92e-09 -1.46e-08  0.000411 -0.000416 -1.32e-05 -3.78e-05 -0.000912 -0.000166 -7.32e-05 -2.38e-05 -7.38e-05 -0.000129 -5.21e-05  -0.00369 -0.000616  -0.00101   -0.0047  -0.00317   0.00124  0.000468   -0.0101  -0.00222  6.98e-05  -0.00039 -0.000945  -0.00111 -0.000164 -1.91e-05 -0.000627 -0.000114 -4.44e-06  -0.00141   -0.0022  0.000231  -0.00575
-0.000143 -1.56e-06 -4.06e-05 -1.81e-05 -8.26e-06 -2.69e-06  1.46e-18  1.46e-18 -1.17e-07 -4.87e-07  2.29e-18   6.4e-07 -4.56e-06 -4.59e-07 -2.55e-06  1.71e-07  2.06e-07 -2.75e-06 -5.81e-06 -9.39e-07 -3.16e-07 -2.63e-06 -2.22e-06 -3.26e-07 -1.79e-05 -1.26e-06  -1.5e-06 -7.11e-07 -9.32e-07 -1.64e-06 -3.73e-07 -7.51e-07 -5.02e-07 -4.95e-07 -1.17e-05 -1.79e-06 -2.21e-08  -1.5e-07 -1.89e-07 -2.26e-06         1 -1.17e-06 -6.57e-06 -1.44e-05 -1.53e-06 -4.33e-05 -2.72e-07  4.36e-07 -3.36e-06 -1.22e-05 -6.09e-06 -5.02e-06  5.95e-07 -1.12e-07  6.72e-07 -3.44e-06 -1.34e-06 -4.02e-06 -2.43e-06  -1.4e-06  -7.2e-06 -7.13e-06  9.23e-08  4.03e-07 -8.25e-08 -2.24e-06  -5.6e-05 -2.44e-05 -8.79e-06 -2.28e-06 -1.79e-07 -4.36e-08  -4.2e-09 -9.55e-10 -7.32e-11 -3.53e-06 -1.36e-06 -5.24e-07  1.24e-08 -4.13e-06 -2.08e-07 -4.08e-07 -7.86e-08 -1.11e-06 -1.14e-06 -2.57e-06 -4.92e-05 -7.07e-07 -2.95e-06  3.07e-06 -3.32e-05 -2.52e-05 -1.04e-05 -2.69e-05 -4.29e-05 -4.31e-06 -2.03e-05 -9.37e-06 -8.19e-06 -4.51e-06 -1.03e-06 -7.37e-06  -1.6e-06 -8.27e-08 -1.28e-05 -2.94e-05 -9.67e-07 -1.67e-05
 -0.00461 -0.000121  -0.00222 -0.000814 -0.000774 -0.000194 -6.63e-17 -6.63e-17 -7.85e-05 -0.000233  1.75e-17  0.000129 -0.000201 -1.95e-05 -0.000368  2.97e-05  3.78e-05 -0.000116 -0.000244 -4.32e-05 -1.49e-05 -0.000208 -0.000124 -5.46e-05 -0.000586 -5.25e-05  1.82e-05 -6.87e-05 -9.71e-05 -4.85e-05 -2.02e-05 -1.23e-05  -4.7e-05 -5.39e-05 -0.000283 -0.000127 -7.81e-07 -1.53e-05 -1.52e-05 -8.82e-05 -1.17e-06         1 -0.000124 -0.000317 -0.000202  -0.00121 -1.39e-05 -0.000173 -0.000349 -0.000319 -0.000422 -0.000207 -0.000165 -0.000141 -0.000201 -0.000136 -0.000172 -0.000118 -6.31e-05 -0.000147 -0.000227 -0.000546  6.66e-05  0.000103  7.89e-05 -0.000131  -0.00157 -0.000975 -0.000279 -9.44e-05 -1.16e-05 -1.08e-06 -2.09e-07 -3.94e-08 -2.62e-09 -0.000278  -2.7e-05 -2.39e-05  2.47e-06 -0.000168  4.16e-06  -2.4e-05  -4.7e-06 -0.000117 -5.74e-05 -0.000244  -0.00275 -0.000166 -0.000165  4.57e-05  -0.00113  -0.00122  -0.00178  -0.00266  -0.00233 -0.000296  -0.00288 -0.000681 -0.000839 -0.000388 -0.000131  -0.00052 -0.000126 -5.55e-06  -0.00082  -0.00314 -7.58e-05 -0.000642
   0.0624  9.15e-05  -0.00285  -0.00558  0.000167  0.000691  6.18e-16  6.18e-16 -7.11e-06  0.000289  1.46e-16   -0.0043  -0.00083  -0.00015  -0.00226  -0.00101  -0.00129 -0.000905  -0.00193 -6.53e-06  5.84e-05  0.000184  0.000259  -2.6e-06  -0.00669 -0.000865  -0.00128  0.000177 -4.93e-06  -0.00073  4.45e-05 -0.000292  0.000351   0.00026  -0.00687   -0.0009 -1.85e-06  4.14e-05  6.53e-05  -0.00168 -6.57e-06 -0.000124         1    -0.009  0.000906   -0.0223 -5.66e-05 -0.000427 -0.000769  -0.00474 -0.000392  -0.00063  0.000698  -0.00107  -0.00159 -0.000713 -0.000278  0.000526 -0.000412 -1.87e-07  -0.00464   0.00589  -0.00368    -0.003  -0.00336 -0.000205   -0.0447   -0.0115  -0.00632 -0.000214  2.64e-05 -1.24e-05 -1.03e-06 -4.99e-08 -2.65e-08  0.000799 -0.000756 -7.59e-05 -8.12e-05  -0.00167 -0.000293 -0.000133 -4.15e-05 -0.000136 -0.000266 -0.000143   -0.0104 -0.000948  -0.00144   -0.0164  -0.00413  -0.00225   0.00216  -0.00672  -0.00394 -3.35e-05 -0.000783  -0.00137 -0.000612 -0.000207  8.74e-06 -0.000937  -0.00012 -2.17e-05  -0.00208  -0.00632  0.000692   -0.0096
    0.168 -0.000446  -0.00988   -0.0105 -0.000366   0.00156  1.34e-15  1.34e-15 -0.000309 -3.18e-05  2.54e-16   -0.0105  -0.00275 -0.000418  -0.00603  -0.00234  -0.00297   -0.0025  -0.00534 -0.000353  5.21e-05  0.000152 -0.000247 -0.000198    -0.016  -0.00218  -0.00305  0.000284 -0.000313  -0.00225  -2.2e-05 -0.000826  0.000705   0.00054   -0.0169  -0.00232 -5.21e-07  1.86e-05  0.000147  -0.00446 -1.44e-05 -0.000317    -0.009         1    0.0024   -0.0558 -7.32e-05  0.000858  -0.00202   -0.0122 -0.000552   -0.0042 -0.000976   -0.0029  -0.00362    -0.003 -0.000645   0.00015  -0.00287  0.000262   -0.0119    0.0121  -0.00904    -0.007   -0.0085 -0.000506    -0.114   -0.0301   -0.0167 -0.000195  4.67e-05 -4.75e-05 -2.17e-06 -5.97e-08 -6.47e-08   0.00215  -0.00194 -0.000104   -0.0002  -0.00406  -0.00075 -0.000299 -0.000107 -0.000234 -0.000584  4.96e-05   -0.0213  -0.00242  -0.00282   -0.0298   -0.0169   0.00491   0.00624   -0.0276   -0.0146  0.000189   0.00179  -0.00349  -0.00308 -0.000514  5.54e-05   -0.0024  -0.00037 -4.07e-05  -0.00512   -0.0118   0.00161   -0.0248
   0.0493 -0.000726  -0.00671  -0.00165  -0.00326 -0.000836  -5.7e-16  -5.7e-16 -0.000156 -0.000791  3.02e-17   0.00173 -2.32e-05  7.98e-06 -0.000312  0.000331   0.00042  4.63e-05  0.000118  8.15e-06 -6.89e-05 -0.000521 -0.000237 -3.64e-05  0.000923   0.00044  0.000495 -0.000234 -0.000184  0.000216 -0.000121   6.8e-05 -0.000151 -0.000192   0.00185  7.68e-05 -2.58e-06 -6.52e-05  -4.5e-05  0.000569 -1.53e-06 -0.000202  0.000906    0.0024         1   0.00598 -4.23e-05  -0.00088 -0.000648  0.000718  -0.00122 -0.000244  -0.00022  0.000147  -0.00132 -1.01e-05 -0.000111  0.000235  0.000863 -0.000924   0.00118  -0.00207   0.00167   0.00139   0.00137 -0.000385    0.0123   0.00101   0.00169 -0.000522 -1.19e-05  1.12e-05 -1.58e-07 -4.86e-08  6.03e-09  -0.00114  0.000124 -1.67e-05  4.53e-05  2.35e-05  0.000125 -1.03e-06  6.56e-06 -0.000171 -0.000151 -0.000504  -0.00278  0.000457 -0.000217   0.00256  -0.00169  -0.00595   -0.0036   0.00414  -0.00614 -0.000947  -0.00509  -0.00138  -0.00216  -0.00103 -0.000278 -0.000998 -0.000259 -1.08e-05  -0.00149  -0.00488 -0.000366   0.00163
    0.573  -0.00102   -0.0777   -0.0389   -0.0203  -0.00076  1.22e-15  1.22e-15 -0.000391  0.000251 -2.34e-15    -0.024   -0.0134  -0.00154   -0.0217  -0.00438  -0.00555  -0.00914   -0.0195  -0.00109  5.13e-05 -0.000189 -0.000492  -0.00108   -0.0487  -0.00488  -0.00668  0.000501 -0.000969  -0.00638 -0.000157  -0.00172  0.000568  0.000685   -0.0437  -0.00525 -1.07e-05  8.25e-05  0.000133   -0.0124 -4.33e-05  -0.00121   -0.0223   -0.0558   0.00598         1 -0.000213  -0.00102   -0.0135   -0.0303    -0.004    -0.012  -0.00774   -0.0137  -0.00516  -0.00687   -0.0102  -0.00448   -0.0123  -0.00132   -0.0343    0.0146   -0.0207   -0.0159   -0.0185  -0.00258    -0.318   -0.0976   -0.0496   0.00108 -0.000129 -0.000222 -5.81e-06  -4.6e-07 -2.01e-07    0.0032   -0.0057 -0.000429 -0.000427    -0.013  -0.00205  -0.00101 -0.000301  -0.00103  -0.00216   -0.0014   -0.0648  -0.00623   -0.0135   -0.0564   -0.0434  -0.00805   0.00736    -0.102   -0.0312 -0.000729   -0.0063   -0.0151   -0.0173  -0.00371 -0.000216   -0.0102  -0.00202 -8.22e-05   -0.0222   -0.0303   0.00228   -0.0753
-0.000542 -2.41e-05 -0.000292 -0.000193 -0.000115 -1.87e-05 -1.59e-17 -1.59e-17 -4.56e-06 -1.46e-05 -5.24e-18 -1.27e-05 -3.17e-06 -1.54e-06 -4.04e-05 -8.47e-06 -1.08e-05 -9.89e-06    -2e-05  3.03e-06 -3.49e-07 -2.83e-05 -7.87e-07 -6.11e-06  -0.00014  1.92e-06 -2.21e-06 -4.06e-06  -7.1e-06  4.04e-06 -1.24e-06 -9.96e-08  1.84e-07 -5.21e-06 -8.26e-05 -2.49e-05  -2.7e-07 -3.57e-07  4.81e-07 -3.41e-06 -2.72e-07 -1.39e-05 -5.66e-05 -7.32e-05 -4.23e-05 -0.000213         1 -6.77e-05 -7.17e-05 -1.83e-05 -0.000111 -2.14e-05  3.05e-05 -2.48e-05 -9.55e-05  3.84e-08 -1.62e-05  5.17e-05  5.48e-05  -4.2e-05 -3.09e-05  6.55e-05 -2.43e-06 -9.44e-06  3.23e-06 -2.35e-05 -0.000279  -0.00013  -2.9e-05 -2.56e-05 -7.69e-07   3.9e-07 -4.74e-08 -6.27e-09 -3.49e-10 -3.58e-05 -8.13e-06  -5.6e-06  -5.9e-07 -3.24e-05  8.03e-07 -3.24e-06 -7.02e-07 -1.79e-05 -1.36e-05  -4.2e-05 -0.000782   6.3e-06  1.32e-07 -0.000273  9.15e-05 -0.000394 -0.000179  0.000373 -0.000156 -4.25e-05 -0.000502 -9.71e-05 -9.38e-05 -6.81e-05 -1.47e-05 -7.62e-05 -1.27e-05 -1.68e-06  -0.00011 -0.000558  1.69e-07 -9.17e-05
   0.0434  -8.1e-05  -0.00997  -0.00669  -0.00549 -0.000855 -8.98e-16 -8.98e-16  5.17e-05 -0.000254 -7.69e-16 -0.000278 -0.000412 -5.45e-05  -0.00237 -8.77e-05 -0.000106 -0.000331 -0.000694  0.000363  5.66e-05  6.13e-05  0.000907  4.71e-05  -0.00109  0.000406  0.000223  4.03e-06   8.7e-05  0.000322  8.36e-06  0.000161  2.08e-05 -3.35e-05  0.000251  3.55e-05 -3.75e-06  3.02e-05 -2.65e-05     9e-05  4.36e-07 -0.000173 -0.000427  0.000858  -0.00088  -0.00102 -6.77e-05         1  -0.00231   0.00049  -0.00115   0.00186   0.00082  -0.00151  -0.00233   0.00117  -0.00174   0.00123   0.00149  -0.00147 -0.000576   0.00114  0.000146 -0.000105  0.000213 -0.000425    -0.005  -0.00411  -0.00089 -0.000295  8.38e-06  7.75e-06 -2.56e-07  1.15e-08 -1.88e-09  -0.00081 -0.000156 -4.54e-05  1.99e-05 -0.000785  2.34e-06 -6.97e-05  -5.9e-06 -0.000221 -0.000296 -0.000721  -0.00363  2.05e-06  -0.00227   -0.0113   0.00493   -0.0143  -0.00339   0.00678   0.00159 -0.000806  -0.00679  -0.00195  -0.00261 -0.000984 -0.000249  -0.00114 -0.000294 -1.34e-05  -0.00247  -0.00694 -9.16e-05  -0.00239
    0.115 -0.000359   -0.0206   -0.0119  -0.00812  -0.00151 -9.74e-16 -9.74e-16 -9.03e-05 -8.39e-05 -9.12e-16  -0.00108  -0.00225 -0.000228  -0.00386 -9.97e-05 -0.000123  -0.00137  -0.00287 -0.000138 -1.44e-05 -0.000964  6.49e-05 -0.000247  -0.00497  0.000275 -3.03e-05 -5.96e-05 -0.000373  0.000119 -0.000101 -0.000266 -0.000189 -0.000206  -0.00321 -0.000941 -4.64e-06  2.03e-05 -0.000154 -0.000727 -3.36e-06 -0.000349 -0.000769  -0.00202 -0.000648   -0.0135 -7.17e-05  -0.00231         1  -0.00359  -0.00225  -0.00115 -0.000553  -0.00342  -0.00168  0.000436   -0.0042 -0.000142  -0.00166  -0.00201  -0.00326  -0.00103  0.000173 -8.07e-05 -0.000603  -0.00114    -0.029   -0.0133  -0.00485 -0.000219  -4.8e-05 -2.23e-05  -9.4e-07 -1.46e-07 -2.51e-08  -0.00148 -0.000722 -0.000199 -1.51e-05  -0.00221 -0.000113 -0.000151 -3.95e-05 -0.000385 -0.000455 -0.000815   -0.0165  -0.00085 -0.000278 -0.000585  -0.00674   -0.0112  -0.00353   0.00498  -0.00514  -0.00132  -0.00771  -0.00512  -0.00879  -0.00238 -0.000377  -0.00344  -0.00114 -2.42e-05  -0.00609   -0.0125 -0.000177  -0.00898
    0.135  -0.00016  -0.00752   -0.0114  1.22e-05  0.000457  1.27e-15  1.27e-15 -0.000171   0.00013  1.26e-15  -0.00466  -0.00173 -0.000258   -0.0028  -0.00115  -0.00146  -0.00155   -0.0033 -0.000423 -3.03e-05 -0.000613 -0.000464  3.87e-05  -0.00891  -0.00117  -0.00182  1.37e-05 -0.000397 -0.000897 -0.000104  -0.00081  0.000369  0.000233  -0.00952  -0.00167 -2.51e-06 -6.73e-06 -7.23e-05  -0.00224 -1.22e-05 -0.000319  -0.00474   -0.0122  0.000718   -0.0303 -1.83e-05   0.00049  -0.00359         1 -0.000502   -0.0019   0.00135 -0.000957  -0.00154  -0.00156 -0.000811 -0.000641  -0.00208 -0.000425  -0.00653   0.00529  -0.00347  -0.00271  -0.00432 -0.000812    -0.061   -0.0176  -0.00866  -0.00102   2.7e-05 -1.66e-05 -1.69e-06  -2.1e-07 -4.44e-08 -0.000156  -0.00115 -0.000199 -8.26e-05  -0.00278 -0.000361 -0.000205 -6.41e-05 -0.000235 -0.000399 -0.000142   -0.0144  -0.00193 -0.000446   -0.0132   -0.0219  -0.00306   0.00194   -0.0103   -0.0201  -0.00115   0.00162  -0.00396  -0.00497  -0.00114 -0.000208  -0.00278 -0.000897 -2.99e-05  -0.00514    -0.012  0.000681    -0.014
   0.0999 -0.000836   -0.0129  -0.00427  -0.00488  -0.00112 -6.33e-16 -6.33e-16 -0.000241 -0.000842  -2.2e-16   0.00085 -0.000872 -8.25e-05   -0.0015  0.000189  0.000238 -0.000497  -0.00103 -0.000112 -7.35e-05 -0.000964 -0.000463  -0.00025  -0.00283  0.000131  0.000252 -0.000268 -0.000363 -6.01e-05 -0.000115 -2.64e-07 -0.000232 -0.000278  -0.00094 -0.000471 -5.49e-06 -5.97e-05 -4.95e-05 -8.74e-05 -6.09e-06 -0.000422 -0.000392 -0.000552  -0.00122    -0.004 -0.000111  -0.00115  -0.00225 -0.000502         1  -0.00134 -0.000732 -0.000886  -0.00152 -0.000399  -0.00102  1.56e-05  0.000183  -0.00111  -0.00063  -0.00221  0.000836  0.000722  0.000822 -0.000707  -0.00381  -0.00424 -0.000798 -0.000473 -5.26e-05 -2.82e-06 -9.43e-07 -1.72e-07 -8.77e-09  -0.00136 -0.000164 -0.000115   1.5e-05 -0.000799  4.68e-05 -8.52e-05 -1.62e-05 -0.000463 -0.000332  -0.00108   -0.0156  7.55e-06 -0.000377   0.00138  -0.00232  -0.00792  -0.00632 -0.000994   -0.0078   -0.0013   -0.0123  -0.00309    -0.004  -0.00194 -0.000476  -0.00235 -0.000516 -3.02e-05  -0.00364   -0.0126 -0.000369  -0.00243
 -0.00192  -0.00175   -0.0164   0.00042  -0.00532 -0.000838 -6.13e-16 -6.13e-16 -0.000403  -0.00126 -4.61e-16 -0.000834  -0.00197  -0.00018  -0.00223  3.29e-05   3.7e-05  -0.00106  -0.00222  -0.00046  -0.00017 -0.000706  -0.00136  -0.00038  -0.00386 -3.85e-05 -9.53e-05 -0.000268   -0.0005  -0.00105 -0.000274 -0.000171 -0.000252 -0.000205  -0.00291 -0.000431  2.79e-07 -0.000141  2.01e-05 -0.000972 -5.02e-06 -0.000207  -0.00063   -0.0042 -0.000244    -0.012 -2.14e-05   0.00186  -0.00115   -0.0019  -0.00134         1  -0.00437  -0.00128  -0.00135  -0.00235 -0.000511  -0.00126  -0.00232 -0.000476  -0.00259  -0.00262 -0.000611  -3.6e-05 -0.000721 -0.000488   -0.0233  -0.00989  -0.00436   0.00015 -4.63e-05 -3.29e-05 -2.69e-07 -3.63e-09  -1.1e-08 -8.45e-05 -0.000552  6.22e-05 -1.17e-05 -0.000999 -0.000125 -3.38e-05 -2.36e-05 -2.08e-05 -0.000262   6.7e-05  -0.00623  0.000472 -0.000221    0.0107   -0.0103   0.00779   0.00131   -0.0131   -0.0108 -0.000182   0.00113  -0.00198   -0.0039  -0.00101 -2.23e-05  -0.00145 -0.000233 -5.08e-06  -0.00248  0.000728 -0.000145  -0.00666
   0.0573  -0.00162   -0.0231   0.00222  -0.00924  -0.00165 -1.48e-15 -1.48e-15 -0.000371  -0.00164 -1.56e-15  0.000191   -0.0027 -0.000204  -0.00359  0.000501  0.000633  -0.00118  -0.00249 -0.000279 -0.000151 -0.000219 -0.000943  -0.00045  -0.00213  0.000276  0.000541 -0.000301 -0.000368  -0.00112 -0.000252  0.000197 -0.000501 -0.000304  -0.00014  0.000335  2.15e-06 -0.000143  2.15e-05 -0.000813  5.95e-07 -0.000165  0.000698 -0.000976  -0.00022  -0.00774  3.05e-05   0.00082 -0.000553   0.00135 -0.000732  -0.00437         1  -0.00236  -0.00067   -0.0018  -0.00173  -0.00193  -0.00256  -0.00059  -0.00198  -0.00623  -0.00011  0.000521  0.000401 -0.000288    -0.016  -0.00983  -0.00412  0.000919 -7.67e-05 -4.78e-05   5.3e-07  1.15e-07 -2.61e-09 -3.36e-05 -0.000371  0.000175  2.78e-05 -0.000659 -0.000101 -2.48e-05 -1.13e-05  3.12e-05 -0.000238 -1.63e-05   0.00402  0.000671  -0.00268    0.0131  -0.00366   0.00634 -0.000811   -0.0249  -0.00364  0.000178   0.00044  -0.00151  -0.00364 -0.000647 -2.17e-05 -0.000901    -4e-05  1.89e-05  -0.00226   0.00614 -0.000554  -0.00586
   0.0798 -0.000427   -0.0176  -0.00531  -0.00731  -0.00103 -1.02e-15 -1.02e-15  -6.1e-05 -0.000346  -1.4e-15  -0.00188  -0.00212 -0.000203  -0.00395 -0.000157 -0.000197   -0.0012  -0.00254  2.51e-05  7.07e-06  8.64e-06  0.000247 -0.000229  -0.00418  7.71e-05 -7.32e-05  2.14e-05 -0.000103 -0.000502 -5.72e-05  3.21e-05 -0.000139 -6.82e-05  -0.00267 -0.000229 -9.52e-07  3.53e-06  -9.7e-06  -0.00103 -1.12e-07 -0.000141  -0.00107   -0.0029  0.000147   -0.0137 -2.48e-05  -0.00151  -0.00342 -0.000957 -0.000886  -0.00128  -0.00236         1  -0.00136 -0.000125  -0.00284 -0.000312  -0.00141  -0.00104  -0.00328 -0.000563  -0.00132  -0.00102  -0.00105 -0.000451     -0.03    -0.012  -0.00535  0.000518 -3.38e-05 -3.21e-05 -1.58e-07  4.46e-08 -1.54e-08  -4.3e-05 -0.000607  2.41e-06 -1.86e-05  -0.00151 -0.000182 -9.98e-05 -2.72e-05  -0.00011 -0.000324 -0.000303  -0.00432 -0.000259  -0.00241  -0.00327  5.23e-05   -0.0042 -0.000481  -0.00864   0.00163 -9.52e-05  -0.00236  -0.00238  -0.00417 -0.000853 -5.76e-05  -0.00142  -0.00033 -1.11e-06  -0.00325  -0.00179 -4.39e-05  -0.00835
  0.00505  -0.00175  -0.00918  -0.00563  -0.00591 -5.83e-05 -1.18e-15 -1.18e-15 -0.000404  -0.00156 -6.13e-16  -0.00305  0.000101 -7.18e-05  -0.00358 -0.000894  -0.00113  -0.00044 -0.000903  0.000281 -1.39e-05 -7.39e-05  0.000331  8.79e-06  -0.00186  0.000396 -0.000262 -6.43e-05 -0.000178 -0.000211 -0.000194 -8.11e-05  0.000379  0.000117  -0.00228 -0.000561 -5.29e-07 -8.14e-05  8.64e-05 -0.000443  6.72e-07 -0.000201  -0.00159  -0.00362  -0.00132  -0.00516 -9.55e-05  -0.00233  -0.00168  -0.00154  -0.00152  -0.00135  -0.00067  -0.00136         1 -0.000491  2.45e-05   0.00298    0.0021  -0.00203  -0.00204   0.00714  -0.00169  -0.00137  -0.00214 -0.000534   -0.0228  -0.00833  -0.00323 -0.000854  9.06e-05  2.15e-05 -2.98e-07  2.12e-07  2.22e-09 -0.000112  -0.00054  8.57e-05 -2.09e-05  -0.00119 -9.85e-05 -2.99e-05 -1.97e-05 -6.24e-05 -0.000423 -0.000168  -0.00384  0.000508  -0.00137   -0.0177  -0.00134  -0.00604   0.00156    0.0136  -0.00793 -0.000659  -0.00165  -0.00207   -0.0039  -0.00121 -0.000134  -0.00113 -0.000192 -2.84e-05  -0.00211   -0.0072  0.000611  -0.00596
  -0.0139 -0.000754  -0.00551  0.000669   -0.0013 -0.000163  2.29e-17  2.29e-17  -0.00024 -0.000707  1.24e-16 -0.000582 -0.000791 -7.89e-05 -0.000869 -6.53e-05 -8.51e-05 -0.000463 -0.000978 -0.000253 -8.34e-05 -0.000316 -0.000731 -0.000151  -0.00205 -0.000261 -0.000224 -0.000155  -0.00026 -0.000626 -0.000123 -0.000118 -6.98e-05 -5.97e-05  -0.00185 -0.000268  4.48e-07  -7.7e-05  1.64e-05 -0.000621 -3.44e-06 -0.000136 -0.000713    -0.003 -1.01e-05  -0.00687  3.84e-08   0.00117  0.000436  -0.00156 -0.000399  -0.00235   -0.0018 -0.000125 -0.000491         1  0.000339 -0.000756  -0.00103  6.05e-05  -0.00142 -0.000871 -0.000671 -0.000235  -0.00064 -0.000161   -0.0126  -0.00446  -0.00218 -4.69e-05 -1.66e-05 -1.33e-05 -2.43e-07 -2.12e-08 -6.84e-09  4.14e-05 -0.000241  3.01e-05 -8.58e-06  -0.00043 -7.26e-05 -2.78e-05 -1.32e-05 -4.57e-05 -0.000104 -2.12e-06  -0.00236 -3.87e-05 -0.000329   0.00325  -0.00656   0.00445 -7.13e-07   -0.0111  -0.00765 -0.000157  0.000126 -0.000793  -0.00115 -0.000351  -6.3e-05 -0.000631 -7.51e-05 -3.34e-06  -0.00107 -0.000766 -1.65e-05  -0.00323
   0.0466 -0.000112   -0.0197  -0.00663  -0.00778  -0.00156 -9.49e-16 -9.49e-16  6.21e-05 -4.34e-05 -1.21e-15 -0.000232  -0.00234 -0.000197  -0.00332  0.000246  0.000314  -0.00117  -0.00247 -1.88e-05 -8.93e-06 -0.000208  0.000231 -0.000195  -0.00351  0.000243  0.000197 -3.85e-05 -0.000104  -0.00022 -5.26e-05   4.6e-05 -0.000306 -0.000179  -0.00129 -5.37e-05 -2.78e-06  1.61e-05 -8.52e-05 -0.000624 -1.34e-06 -0.000172 -0.000278 -0.000645 -0.000111   -0.0102 -1.62e-05  -0.00174   -0.0042 -0.000811  -0.00102 -0.000511  -0.00173  -0.00284  2.45e-05  0.000339         1  -0.00105  -0.00163  -0.00115  -0.00239  -0.00349  0.000106  6.62e-05  0.000184 -0.000595   -0.0197   -0.0103  -0.00394  0.000419 -6.28e-05 -3.29e-05 -1.99e-07 -5.87e-08 -1.59e-08 -0.000755 -0.000466 -6.14e-05  1.22e-05  -0.00141 -0.000105 -0.000107 -2.02e-05 -0.000168 -0.000315 -0.000517  -0.00468 -0.000283  -0.00229   0.00178  -0.00127  -0.00827  -0.00239  -0.00783   0.00093 -0.000527  -0.00366  -0.00288  -0.00481  -0.00111 -0.000153  -0.00181 -0.000532  1.96e-06  -0.00393  -0.00239 -0.000408  -0.00659
   0.0246  2.87e-05   -0.0103  0.000423  -0.00234  -0.00107  1.12e-16  1.12e-16  8.85e-06 -8.67e-05  2.74e-17   0.00178  -0.00172 -0.000106 -0.000293  0.000679  0.000858 -0.000616  -0.00131 -0.000348 -9.43e-05 -0.000351 -0.000725 -0.000167  -0.00145 -0.000171  0.000202 -0.000202  -0.00019 -0.000476 -7.19e-05  5.52e-08 -0.000433  -0.00023  0.000135  0.000236 -8.83e-07 -4.32e-05 -8.52e-05 -0.000327 -4.02e-06 -0.000118  0.000526   0.00015  0.000235  -0.00448  5.17e-05   0.00123 -0.000142 -0.000641  1.56e-05  -0.00126  -0.00193 -0.000312   0.00298 -0.000756  -0.00105         1  -0.00233  0.000387 -0.000603  -0.00699   0.00101   0.00113    0.0012 -0.000176   -0.0013   -0.0031  -0.00107  0.000392 -8.63e-05 -3.21e-05 -2.74e-08 -1.53e-07    -1e-08 -0.000587 -4.31e-05 -2.62e-05  3.49e-05 -0.000237 -9.89e-06  -4.7e-05 -3.25e-06 -7.36e-05 -3.03e-05 -0.000201  0.000833 -0.000227  -0.00107    0.0135  -0.00676    0.0012  -0.00264   -0.0205  -0.00462 -0.000312 -0.000468 -0.000984  -0.00123 -0.000243 -0.000111 -0.000796 -0.000224  1.55e-05  -0.00173   0.00246  -0.00067  -0.00151
 -0.00755 -1.71e-05  -0.00997 -0.000543  -0.00226 -0.000606  5.67e-17  5.67e-17 -5.75e-05  3.68e-05 -3.55e-16  -0.00052  -0.00205 -0.000165  -0.00145  0.000197  0.000248  -0.00097  -0.00206 -0.000395 -6.06e-05 -0.000258 -0.000677 -0.000249  -0.00321 -0.000374 -0.000207 -5.98e-05 -0.000232 -0.000703 -5.81e-05 -0.000149 -0.000284 -0.000114  -0.00242 -0.000223  1.19e-06 -2.06e-05 -5.42e-05  -0.00102 -2.43e-06 -6.31e-05 -0.000412  -0.00287  0.000863   -0.0123  5.48e-05   0.00149  -0.00166  -0.00208  0.000183  -0.00232  -0.00256  -0.00141    0.0021  -0.00103  -0.00163  -0.00233         1  0.000378   -0.0025  -0.00403  -0.00065 -0.000245 -0.000542 -0.000182   -0.0211  -0.00784  -0.00397  0.000664 -6.79e-05 -4.19e-05 -8.99e-08 -7.55e-08 -1.77e-08  0.000118 -0.000385 -1.81e-05 -1.56e-05 -0.000831 -0.000148 -6.51e-05 -2.11e-05 -1.21e-05 -5.17e-05  0.000106  -0.00145 -0.000623 -0.000549    0.0101  -0.00747   0.00584  0.000183   -0.0197  -0.00263  0.000181   0.00198  -0.00122  -0.00233 -0.000179   2.3e-05 -0.000878 -0.000275   1.3e-05   -0.0019   0.00258 -0.000243  -0.00559
   0.0331 -0.000754   -0.0119  -0.00452   -0.0054 -0.000944 -7.83e-16 -7.83e-16 -7.08e-05 -0.000575 -4.42e-16  0.000166 -0.000759 -7.61e-05  -0.00183  5.93e-05  7.67e-05 -0.000456 -0.000946  7.51e-05 -4.16e-05 -0.000255  8.75e-05 -2.43e-05  -0.00103  0.000448  0.000221 -0.000116 -0.000108  1.14e-05 -0.000125  1.53e-05  -7.4e-05 -0.000104  6.18e-05 -1.55e-05 -2.51e-06 -3.87e-05 -3.28e-05  4.22e-05  -1.4e-06 -0.000147 -1.87e-07  0.000262 -0.000924  -0.00132  -4.2e-05  -0.00147  -0.00201 -0.000425  -0.00111 -0.000476  -0.00059  -0.00104  -0.00203  6.05e-05  -0.00115  0.000387  0.000378         1 -0.000602 -0.000534  0.000617  0.000471  0.000305 -0.000498  -0.00494  -0.00471   -0.0011 -0.000354 -1.03e-06 -1.01e-07 -1.39e-07  5.89e-09 -1.38e-09 -0.000815 -0.000231 -6.34e-06  2.59e-05 -0.000719  3.26e-06 -3.39e-05    -5e-06 -7.91e-05 -0.000271 -0.000328  -0.00238  0.000412   -0.0012  -0.00185   -0.0021  -0.00759 -0.000991   0.00468  -0.00434 -0.000748  -0.00191   -0.0019  -0.00325 -0.000988 -0.000141  -0.00118 -0.000319  -8.1e-06  -0.00232  -0.00282 -0.000179  -0.00257
    0.048 -0.000425    -0.018  -0.00893  -0.00551 -0.000194 -9.13e-18 -9.13e-18 -0.000127 -0.000166 -7.19e-16  -0.00561  -0.00292  -0.00034  -0.00535  -0.00104  -0.00132  -0.00202   -0.0043 -0.000171  1.44e-05  9.21e-05   3.8e-05 -0.000202  -0.00996 -0.000901   -0.0014  0.000121 -0.000199  -0.00137 -6.51e-05 -0.000367  0.000177  0.000184  -0.00916  -0.00108 -1.11e-06  8.17e-06  3.43e-05  -0.00268  -7.2e-06 -0.000227  -0.00464   -0.0119   0.00118   -0.0343 -3.09e-05 -0.000576  -0.00326  -0.00653  -0.00063  -0.00259  -0.00198  -0.00328  -0.00204  -0.00142  -0.00239 -0.000603   -0.0025 -0.000602         1   0.00401  -0.00463  -0.00355   -0.0043 -0.000573   -0.0709   -0.0221   -0.0111  0.000225 -7.54e-06 -4.59e-05 -1.02e-06 -1.83e-08 -4.06e-08  0.000769  -0.00129 -4.85e-05 -8.95e-05   -0.0029 -0.000459 -0.000207 -6.43e-05 -0.000143 -0.000489 -0.000141   -0.0104  -0.00125  -0.00324   -0.0141  -0.00955  -0.00176   0.00265   -0.0201  -0.00677  -9.6e-05  0.000729  -0.00329  -0.00437 -0.000753 -3.98e-06  -0.00209 -0.000444 -1.38e-05  -0.00477  -0.00506  0.000576   -0.0169
    0.115 -0.000913    -0.038   0.00296   -0.0129  -0.00494 -1.51e-15 -1.51e-15 -0.000109  -0.00148  -7.3e-16    0.0108  -0.00408 -0.000153  3.16e-05   0.00319   0.00404 -0.000858  -0.00179 -0.000726 -0.000353  -0.00173  -0.00209  -0.00059   0.00222   0.00103   0.00254 -0.000968 -0.000657 -0.000254 -0.000332  0.000558  -0.00174  -0.00116   0.00894   0.00161  -6.7e-06 -0.000207 -0.000314   0.00141 -7.13e-06 -0.000546   0.00589    0.0121  -0.00207    0.0146  6.55e-05   0.00114  -0.00103   0.00529  -0.00221  -0.00262  -0.00623 -0.000563   0.00714 -0.000871  -0.00349  -0.00699  -0.00403 -0.000534   0.00401         1   0.00808    0.0073   0.00843 -0.000861    0.0522   0.00248   0.00481  0.000777 -0.000292 -6.28e-05  4.37e-07 -4.43e-07  4.28e-09  -0.00387  0.000719 -4.89e-05  0.000222   0.00074  0.000407 -3.72e-05   3.5e-05 -0.000462 -0.000156  -0.00156   0.00192   0.00107  -0.00276    0.0505  -0.00902  -0.00769   -0.0159   -0.0413   -0.0111  -0.00208   -0.0134  -0.00364   -0.0056  -0.00221  -0.00075  -0.00291 -0.000767  3.69e-05  -0.00531   0.00253  -0.00298   0.00624
  -0.0602  0.000338   0.00484  -0.00159   0.00231   0.00148  5.45e-16  5.45e-16 -7.06e-05  0.000296 -2.98e-16  -0.00562 -0.000317 -0.000108  -0.00231  -0.00128  -0.00162 -0.000647   -0.0014  6.64e-05  0.000117  0.000693  0.000471 -2.66e-05  -0.00505  -0.00099  -0.00134   0.00033  0.000101 -0.000806  0.000119 -0.000225  0.000487    0.0004  -0.00662 -0.000823  3.24e-06   6.3e-05  0.000131  -0.00186  9.23e-08  6.66e-05  -0.00368  -0.00904   0.00167   -0.0207 -2.43e-06  0.000146  0.000173  -0.00347  0.000836 -0.000611  -0.00011  -0.00132  -0.00169 -0.000671  0.000106   0.00101  -0.00065  0.000617  -0.00463   0.00808         1  -0.00394  -0.00434  0.000268    -0.047  -0.00981  -0.00661  0.000391  5.58e-05 -1.42e-05 -4.19e-07  1.31e-07 -1.97e-08   0.00193  -0.00068  3.03e-05 -0.000112  -0.00119 -0.000345 -8.27e-05 -3.91e-05  4.84e-05  -6.4e-05    0.0004  -0.00317  -0.00116  -0.00104   -0.0182  0.000539   0.00633   0.00465  -0.00911   0.00312   0.00102   0.00309  0.000343   0.00107  0.000735  0.000223   0.00037  0.000223 -7.98e-06  0.000156  -0.00135   0.00105  -0.00906
  -0.0379  0.000441   0.00564  -0.00172   0.00244   0.00133  4.95e-16  4.95e-16  2.25e-05  0.000509 -2.23e-16  -0.00463  -1.9e-05 -6.92e-05  -0.00157  -0.00108  -0.00137 -0.000419 -0.000911  0.000114  0.000117  0.000637  0.000563  2.74e-05  -0.00388 -0.000745   -0.0011  0.000329  0.000156 -0.000498  0.000126 -0.000185  0.000445  0.000359  -0.00528 -0.000659  2.27e-06  7.47e-05  0.000108  -0.00138  4.03e-07  0.000103    -0.003    -0.007   0.00139   -0.0159 -9.44e-06 -0.000105 -8.07e-05  -0.00271  0.000722  -3.6e-05  0.000521  -0.00102  -0.00137 -0.000235  6.62e-05   0.00113 -0.000245  0.000471  -0.00355    0.0073  -0.00394         1  -0.00353  0.000242   -0.0366  -0.00714  -0.00499   0.00028  5.38e-05 -7.53e-06 -3.37e-07  1.08e-07 -1.52e-08   0.00161 -0.000534  9.46e-06 -9.45e-05 -0.000928 -0.000272 -5.93e-05 -2.96e-05  6.86e-05 -3.55e-05  0.000372  -0.00293 -0.000878 -0.000558    -0.016   0.00178   0.00408   0.00448  -0.00258   0.00436  0.000888    0.0031  0.000485   0.00118  0.000688   0.00023  0.000458  0.000202 -7.58e-06  0.000423  -0.00081  0.000915  -0.00683
  -0.0539  0.000164   0.00513  -0.00282   0.00238   0.00146  5.83e-16  5.83e-16 -8.14e-05  0.000283 -3.51e-18  -0.00535 -0.000132  -9.7e-05  -0.00201  -0.00128  -0.00162 -0.000587  -0.00126  2.76e-05  9.45e-05  0.000522  0.000381  4.28e-05  -0.00438  -0.00082  -0.00132  0.000304   4.9e-05 -0.000628  6.83e-05 -0.000337  0.000529    0.0004  -0.00629 -0.000908  3.16e-06  5.07e-05   9.9e-05  -0.00163 -8.25e-08  7.89e-05  -0.00336   -0.0085   0.00137   -0.0185  3.23e-06  0.000213 -0.000603  -0.00432  0.000822 -0.000721  0.000401  -0.00105  -0.00214  -0.00064  0.000184    0.0012 -0.000542  0.000305   -0.0043   0.00843  -0.00434  -0.00353         1  0.000127   -0.0442  -0.00939  -0.00606  6.16e-05  7.22e-05 -6.67e-06 -4.15e-07  1.26e-07 -1.83e-08   0.00161 -0.000696  1.45e-05 -0.000104  -0.00124 -0.000316 -6.72e-05  -3.7e-05  9.96e-05 -7.34e-05  0.000527  -0.00261  -0.00106 -0.000297   -0.0171   -0.0029   0.00558    0.0056  -0.00257 -0.000106  0.000755    0.0052  1.16e-05   8.4e-05  0.000553  0.000226  0.000168  6.63e-05 -9.59e-06 -6.18e-05  -0.00142   0.00107  -0.00858
   -0.011 -0.000308  -0.00611  -0.00244  -0.00225 -0.000485 -2.11e-16 -2.11e-16 -6.22e-05 -0.000264 -5.32e-17  0.000154 -0.000541  -5.2e-05 -0.000809  5.39e-05  6.85e-05 -0.000311  -0.00065 -5.38e-05 -3.18e-05 -0.000296 -0.000139 -5.37e-05  -0.00119   6.7e-05   2.9e-05 -8.98e-05 -0.000124 -6.56e-05 -6.06e-05 -4.38e-05 -7.49e-05 -8.05e-05 -0.000536  -0.00015 -1.72e-06 -2.24e-05 -3.18e-05 -0.000118 -2.24e-06 -0.000131 -0.000205 -0.000506 -0.000385  -0.00258 -2.35e-05 -0.000425  -0.00114 -0.000812 -0.000707 -0.000488 -0.000288 -0.000451 -0.000534 -0.000161 -0.000595 -0.000176 -0.000182 -0.000498 -0.000573 -0.000861  0.000268  0.000242  0.000127         1  -0.00446  -0.00285 -0.000831 -0.000199 -1.45e-05 -3.48e-06 -2.75e-07 -5.34e-08 -4.77e-09 -0.000514 -0.000137 -3.62e-05  8.51e-06 -0.000459 -6.12e-06 -3.58e-05 -7.07e-06 -0.000114 -0.000139  -0.00028  -0.00374 -3.11e-05 -0.000395  0.000423  -0.00275  -0.00331  -0.00145 -0.000887  -0.00386 -0.000503  -0.00241  -0.00128  -0.00187  -0.00065 -0.000137 -0.000897 -0.000243 -7.07e-06  -0.00158  -0.00324 -0.000133  -0.00174
   0.0694  -0.00358     -0.14   -0.0793   -0.0425   0.00135  4.11e-16  4.11e-16  -0.00116 -0.000777 -6.69e-15   -0.0577   -0.0241  -0.00299   -0.0487   -0.0113   -0.0143   -0.0178   -0.0379  -0.00116  0.000335   0.00205   0.00142  -0.00159   -0.0903   -0.0086   -0.0141   0.00173  -0.00142   -0.0124 -0.000416  -0.00361   0.00261   0.00236   -0.0877   -0.0106 -2.22e-06  0.000184  0.000537   -0.0251  -5.6e-05  -0.00157   -0.0447    -0.114    0.0123    -0.318 -0.000279    -0.005    -0.029    -0.061  -0.00381   -0.0233    -0.016     -0.03   -0.0228   -0.0126   -0.0197   -0.0013   -0.0211  -0.00494   -0.0709    0.0522    -0.047   -0.0366   -0.0442  -0.00446         1    -0.202    -0.104   0.00215   0.00011 -0.000388 -8.89e-06  2.45e-07 -3.64e-07   0.00996   -0.0121 -0.000309 -0.000957   -0.0264  -0.00443  -0.00179   -0.0006  -0.00081  -0.00422   0.00019   -0.0905   -0.0117    -0.027    -0.152   -0.0792  -0.00308    0.0365    -0.158     -0.05   0.00119    0.0193   -0.0267   -0.0362  -0.00503  0.000638   -0.0164  -0.00337 -0.000134   -0.0387    -0.041    0.0071    -0.157
   -0.105  -0.00341   -0.0911   -0.0332   -0.0325  -0.00412 -2.37e-15 -2.37e-15 -0.000483  -0.00218 -3.54e-15   -0.0129   -0.0115  -0.00121   -0.0196   -0.0019  -0.00241  -0.00718   -0.0152 -0.000504 -0.000169 -0.000414  -0.00028 -0.000762   -0.0299  -0.00113  -0.00279 -0.000145 -0.000889  -0.00422 -0.000603 -0.000809 -0.000156   1.5e-05   -0.0233  -0.00232 -9.02e-06 -0.000136 -2.68e-05  -0.00724 -2.44e-05 -0.000975   -0.0115   -0.0301   0.00101   -0.0976  -0.00013  -0.00411   -0.0133   -0.0176  -0.00424  -0.00989  -0.00983    -0.012  -0.00833  -0.00446   -0.0103   -0.0031  -0.00784  -0.00471   -0.0221   0.00248  -0.00981  -0.00714  -0.00939  -0.00285    -0.202         1   -0.0336  0.000346 -9.69e-05 -0.000158 -2.61e-06 -6.42e-08 -1.14e-07 -0.000227  -0.00409  -7.3e-05 -0.000129  -0.00963  -0.00123 -0.000643 -0.000179 -0.000464  -0.00203   -0.0011   -0.0277  -0.00182   -0.0134   -0.0282   -0.0346   -0.0213   0.00451   -0.0601   -0.0304  -0.00202  0.000545   -0.0138   -0.0206  -0.00439 -0.000286  -0.00868  -0.00197 -3.21e-05   -0.0195   -0.0122  0.000426    -0.053
    0.025 -0.000928   -0.0308   -0.0124   -0.0103 -0.000638 -4.54e-16 -4.54e-16 -0.000191 -0.000462 -1.53e-15  -0.00808  -0.00471 -0.000526   -0.0085  -0.00139  -0.00176  -0.00312  -0.00663 -0.000226  2.03e-06  0.000282  5.46e-05 -0.000334   -0.0142  -0.00108  -0.00184  0.000161 -0.000273  -0.00213 -0.000142 -0.000449  0.000175  0.000233   -0.0127  -0.00132 -7.01e-07 -7.06e-06  6.18e-05   -0.0039 -8.79e-06 -0.000279  -0.00632   -0.0167   0.00169   -0.0496  -2.9e-05  -0.00089  -0.00485  -0.00866 -0.000798  -0.00436  -0.00412  -0.00535  -0.00323  -0.00218  -0.00394  -0.00107  -0.00397   -0.0011   -0.0111   0.00481  -0.00661  -0.00499  -0.00606 -0.000831    -0.104   -0.0336         1  0.000587 -1.62e-05 -7.51e-05 -1.13e-06  4.64e-08  -5.6e-08   0.00122  -0.00193 -6.17e-06 -0.000119  -0.00425 -0.000681 -0.000285 -9.04e-05 -9.94e-05 -0.000741 -3.86e-05   -0.0113  -0.00144  -0.00541   -0.0181   -0.0131  -0.00166   0.00502   -0.0309  -0.00832  7.37e-05   0.00345   -0.0047  -0.00681 -0.000996  8.85e-05  -0.00286 -0.000575 -1.07e-05  -0.00693   -0.0033   0.00074   -0.0253
   0.0246 -0.000224  9.63e-05  -0.00183  0.000108 -1.93e-05  1.26e-16  1.26e-16 -5.54e-05  -0.00019  4.65e-16   0.00025  0.000311  1.39e-05  0.000223 -6.77e-05 -8.55e-05  7.56e-05  0.000167 -7.31e-06 -2.17e-05 -0.000264 -8.32e-05  6.61e-05 -6.65e-05  3.79e-05 -6.73e-05  -7.4e-05 -7.86e-05  0.000133 -4.45e-05 -9.23e-05  6.55e-05 -8.09e-06 -0.000124  -0.00018 -1.58e-06 -2.01e-05 -2.15e-05  0.000163 -2.28e-06 -9.44e-05 -0.000214 -0.000195 -0.000522   0.00108 -2.56e-05 -0.000295 -0.000219  -0.00102 -0.000473   0.00015  0.000919  0.000518 -0.000854 -4.69e-05  0.000419  0.000392  0.000664 -0.000354  0.000225  0.000777  0.000391   0.00028  6.16e-05 -0.000199   0.00215  0.000346  0.000587         1  1.47e-05  1.24e-05 -3.08e-07 -5.11e-08 -3.16e-10 -0.000487 -3.75e-06  -4.1e-05  8.59e-06 -0.000125   3.7e-05    -1e-05 -9.08e-07 -8.27e-05 -7.21e-05 -0.000185  -0.00282  6.14e-06  0.000313  -0.00217  -0.00305   -0.0033 -0.000897   0.00482  -0.00527 -0.000566  -0.00153 -0.000677 -0.000741 -0.000442 -0.000128 -0.000517 -0.000166  -1.1e-05 -0.000687   -0.0039   1.4e-05  0.000336
   0.0043 -3.06e-06 -0.000503 -1.95e-05 -0.000151 -5.54e-05 -1.32e-17 -1.32e-17  -3.1e-06 -1.28e-05 -1.44e-17  8.88e-05  -6.5e-05 -3.86e-06 -2.72e-05  3.01e-05   3.8e-05 -2.24e-05 -4.75e-05 -1.13e-05 -3.22e-06 -2.86e-05 -2.68e-05 -1.26e-05 -7.66e-05  -2.3e-06  1.92e-05 -1.03e-05 -1.12e-05 -1.02e-05 -1.86e-06  4.51e-06 -2.09e-05 -1.42e-05  1.68e-05  1.69e-06 -1.32e-07 -1.52e-06 -3.51e-06 -5.62e-06 -1.79e-07 -1.16e-05  2.64e-05  4.67e-05 -1.19e-05 -0.000129 -7.69e-07  8.38e-06  -4.8e-05   2.7e-05 -5.26e-05 -4.63e-05 -7.67e-05 -3.38e-05  9.06e-05 -1.66e-05 -6.28e-05 -8.63e-05 -6.79e-05 -1.03e-06 -7.54e-06 -0.000292  5.58e-05  5.38e-05  7.22e-05 -1.45e-05   0.00011 -9.69e-05 -1.62e-05  1.47e-05         1 -1.12e-06 -1.66e-08 -8.37e-09 -3.96e-10 -4.23e-05  1.44e-06 -3.45e-06  1.32e-06 -1.14e-05  1.92e-06 -2.89e-06 -2.82e-07 -1.38e-05 -4.77e-06 -3.29e-05 -0.000321 -1.02e-05 -3.26e-05    0.0005 -8.09e-05 -9.96e-05 -0.000265 -0.000685 -0.000112 -2.73e-05 -0.000366 -7.75e-05 -9.33e-05 -4.31e-05 -1.38e-05 -6.32e-05 -1.42e-05  -6.9e-08 -0.000107 -0.000195 -3.13e-05 -3.71e-05
-0.000764 -3.21e-06 -0.000246 -2.36e-05 -7.82e-05 -1.56e-05 -5.92e-18 -5.92e-18  2.59e-07 -9.51e-07 -1.41e-17 -1.18e-05 -3.84e-05 -3.14e-06 -3.86e-05  3.22e-06  4.06e-06 -1.84e-05 -3.91e-05 -3.53e-06 -7.45e-07  7.07e-08 -5.39e-06 -3.98e-06 -6.46e-05 -3.25e-06 -1.83e-06 -6.07e-07 -1.81e-06  -1.3e-05 -9.63e-07  1.58e-07 -4.87e-06 -1.86e-06 -3.82e-05  4.51e-07 -4.01e-09 -2.51e-07  -2.8e-07 -1.72e-05 -4.36e-08 -1.08e-06 -1.24e-05 -4.75e-05  1.12e-05 -0.000222   3.9e-07  7.75e-06 -2.23e-05 -1.66e-05 -2.82e-06 -3.29e-05 -4.78e-05 -3.21e-05  2.15e-05 -1.33e-05 -3.29e-05 -3.21e-05 -4.19e-05 -1.01e-07 -4.59e-05 -6.28e-05 -1.42e-05 -7.53e-06 -6.67e-06 -3.48e-06 -0.000388 -0.000158 -7.51e-05  1.24e-05 -1.12e-06         1 -4.43e-10 -5.96e-10  -2.7e-10  2.68e-06  -7.5e-06  2.42e-07 -1.16e-07 -1.66e-05 -2.73e-06 -1.27e-06  -3.2e-07 -9.64e-08 -2.79e-06 -7.26e-07 -1.83e-05    -3e-06 -3.37e-05  0.000101 -5.64e-05  2.54e-05  4.63e-06 -0.000314  1.86e-06  3.31e-06  1.77e-05 -2.11e-05 -3.39e-05 -3.49e-06  9.08e-07 -1.36e-05 -2.34e-06  2.08e-07 -3.62e-05  5.96e-05 -4.77e-06 -0.000108
-1.58e-05 -8.47e-09  -1.9e-06 -2.65e-06 -4.93e-08 -5.22e-08   2.2e-19   2.2e-19 -9.74e-08 -1.01e-07  2.85e-19 -4.34e-07 -2.49e-07  -4.1e-08 -4.47e-07 -1.53e-07 -1.94e-07  -2.5e-07  -5.3e-07  -9.9e-08 -6.52e-09 -4.38e-07 -1.88e-07 -8.09e-08 -2.32e-06 -3.08e-07 -2.64e-07 -6.44e-08 -1.67e-07 -8.46e-08  7.98e-10 -1.22e-07  5.51e-09 -4.21e-08 -1.94e-06 -5.06e-07 -2.44e-09 -2.51e-09 -2.44e-08 -3.71e-07  -4.2e-09 -2.09e-07 -1.03e-06 -2.17e-06 -1.58e-07 -5.81e-06 -4.74e-08 -2.56e-07  -9.4e-07 -1.69e-06 -9.43e-07 -2.69e-07   5.3e-07 -1.58e-07 -2.98e-07 -2.43e-07 -1.99e-07 -2.74e-08 -8.99e-08 -1.39e-07 -1.02e-06  4.37e-07 -4.19e-07 -3.37e-07 -4.15e-07 -2.75e-07 -8.89e-06 -2.61e-06 -1.13e-06 -3.08e-07 -1.66e-08 -4.43e-10         1 -1.25e-10 -1.07e-11 -4.11e-07 -1.47e-07 -9.86e-08 -1.68e-08 -5.46e-07  -2.9e-08 -6.68e-08 -1.61e-08 -2.66e-07 -1.22e-07 -5.03e-07  -9.5e-06 -5.55e-07   1.4e-07 -2.69e-06 -2.75e-06 -2.83e-06 -2.91e-06 -2.71e-06 -4.67e-06 -5.87e-07 -6.04e-06 -1.43e-06 -1.35e-06  -7.7e-07 -2.42e-07 -1.15e-06  -2.8e-07 -1.86e-08 -1.71e-06 -8.17e-06  2.48e-08 -2.17e-06
 1.66e-06  3.41e-08 -4.86e-07 -3.68e-07  2.23e-08 -7.38e-08  6.11e-20  6.11e-20 -3.46e-09  1.48e-08  8.59e-20  1.94e-07  -6.9e-08 -4.75e-09  7.09e-08  4.19e-08   5.3e-08 -2.88e-08 -6.11e-08 -3.21e-08 -5.89e-09 -1.08e-07 -6.56e-08  -1.5e-08 -2.87e-07 -4.11e-08 -3.49e-09 -2.38e-08 -3.19e-08  7.24e-09  1.84e-10 -1.52e-08  -2.9e-08 -2.61e-08 -1.21e-07 -5.33e-08  -6.2e-10 -7.53e-10 -1.25e-08 -7.92e-09 -9.55e-10 -3.94e-08 -4.99e-08 -5.97e-08 -4.86e-08  -4.6e-07 -6.27e-09  1.15e-08 -1.46e-07  -2.1e-07 -1.72e-07 -3.63e-09  1.15e-07  4.46e-08  2.12e-07 -2.12e-08 -5.87e-08 -1.53e-07 -7.55e-08  5.89e-09 -1.83e-08 -4.43e-07  1.31e-07  1.08e-07  1.26e-07 -5.34e-08  2.45e-07 -6.42e-08  4.64e-08 -5.11e-08 -8.37e-09 -5.96e-10 -1.25e-10         1 -1.74e-12  -1.5e-07  3.68e-09 -2.33e-08  1.49e-09 -4.86e-08  7.16e-09 -1.08e-08 -1.45e-09 -5.24e-08 -1.35e-08 -1.11e-07 -1.64e-06  -8.5e-08  6.18e-08  6.18e-07 -6.47e-07 -6.88e-07 -7.75e-07 -8.37e-07 -9.11e-07  -1.4e-07 -1.21e-06 -2.56e-07 -2.12e-07 -1.46e-07 -5.19e-08 -2.21e-07 -6.06e-08 -2.46e-09 -3.22e-07 -1.32e-06 -5.37e-08 -2.81e-08
-5.01e-07  1.56e-09 -9.62e-08 -6.22e-08 -1.97e-08 -2.75e-09  3.77e-21  3.77e-21 -4.96e-10  1.73e-09  2.45e-22 -2.23e-08 -1.74e-08 -1.92e-09 -2.31e-08 -3.94e-09    -5e-09 -1.14e-08 -2.43e-08 -2.31e-09  1.73e-12 -3.81e-09 -1.97e-09 -1.62e-09 -6.36e-08 -7.16e-09    -8e-09  2.53e-11 -2.17e-09 -6.26e-09 -4.72e-13 -2.77e-09 -1.32e-10  6.94e-11 -5.43e-08 -8.39e-09 -2.88e-11  1.94e-10 -4.18e-10 -1.46e-08 -7.32e-11 -2.62e-09 -2.65e-08 -6.47e-08  6.03e-09 -2.01e-07 -3.49e-10 -1.88e-09 -2.51e-08 -4.44e-08 -8.77e-09  -1.1e-08 -2.61e-09 -1.54e-08  2.22e-09 -6.84e-09 -1.59e-08    -1e-08 -1.77e-08 -1.38e-09 -4.06e-08  4.28e-09 -1.97e-08 -1.52e-08 -1.83e-08 -4.77e-09 -3.64e-07 -1.14e-07  -5.6e-08 -3.16e-10 -3.96e-10  -2.7e-10 -1.07e-11 -1.74e-12         1 -1.47e-09 -6.45e-09 -1.39e-09 -4.74e-10  -1.7e-08 -2.16e-09 -1.55e-09 -4.07e-10 -2.97e-09 -2.72e-09 -5.09e-09 -1.26e-07 -1.21e-08 -1.16e-08 -4.86e-08 -7.38e-08 -3.25e-08 -1.85e-08 -1.39e-07 -6.19e-08 -5.51e-09 -4.66e-08 -2.68e-08    -3e-08 -9.08e-09 -2.09e-09 -1.95e-08 -4.99e-09 -1.68e-10 -3.68e-08 -8.39e-08  1.15e-09 -8.84e-08
   0.0249 -0.000407  -0.00888   -0.0031  -0.00337  -0.00111 -3.64e-16 -3.64e-16 -0.000114 -0.000562  1.68e-16   0.00215  -0.00053 -2.87e-05 -0.000351  0.000482  0.000612 -0.000171 -0.000347 -0.000102 -7.46e-05 -0.000732 -0.000348 -7.66e-05 -6.39e-05  0.000281  0.000452 -0.000266 -0.000247  0.000201 -0.000102  1.21e-05 -0.000261 -0.000254   0.00136 -3.47e-05 -3.72e-06 -5.16e-05 -9.74e-05  0.000411 -3.53e-06 -0.000278  0.000799   0.00215  -0.00114    0.0032 -3.58e-05  -0.00081  -0.00148 -0.000156  -0.00136 -8.45e-05 -3.36e-05  -4.3e-05 -0.000112  4.14e-05 -0.000755 -0.000587  0.000118 -0.000815  0.000769  -0.00387   0.00193   0.00161   0.00161 -0.000514   0.00996 -0.000227   0.00122 -0.000487 -4.23e-05  2.68e-06 -4.11e-07  -1.5e-07 -1.47e-09         1  8.73e-05 -8.41e-05  4.81e-05 -0.000226  0.000117 -4.07e-05  6.68e-07 -0.000283 -0.000169 -0.000729  -0.00564  2.15e-05 -0.000281   0.00513  -0.00404  -0.00751  -0.00542  -0.00102  -0.00752  -0.00122  -0.00717  -0.00212  -0.00296  -0.00129 -0.000386  -0.00158 -0.000468 -1.13e-05  -0.00252  -0.00715 -0.000545  0.000786
  -0.0155 -0.000168  -0.00405  -0.00186  -0.00138 -0.000104 -6.57e-17 -6.57e-17 -8.14e-06 -3.18e-05 -1.49e-16 -0.000931 -0.000541 -6.24e-05 -0.000973 -0.000172 -0.000217 -0.000373 -0.000788 -2.08e-05 -3.79e-06  1.57e-05  1.25e-05 -2.24e-05   -0.0017 -7.48e-05 -0.000221     2e-05 -2.81e-05 -0.000223  -2.8e-05 -6.79e-05  3.14e-05  2.95e-05  -0.00151 -0.000159 -3.89e-07 -1.76e-06  5.15e-06 -0.000416 -1.36e-06  -2.7e-05 -0.000756  -0.00194  0.000124   -0.0057 -8.13e-06 -0.000156 -0.000722  -0.00115 -0.000164 -0.000552 -0.000371 -0.000607  -0.00054 -0.000241 -0.000466 -4.31e-05 -0.000385 -0.000231  -0.00129  0.000719  -0.00068 -0.000534 -0.000696 -0.000137   -0.0121  -0.00409  -0.00193 -3.75e-06  1.44e-06  -7.5e-06 -1.47e-07  3.68e-09 -6.45e-09  8.73e-05         1 -4.29e-06 -1.23e-05 -0.000542 -7.72e-05 -3.12e-05 -1.02e-05  3.37e-06 -0.000104  1.47e-05  -0.00155 -7.83e-05 -0.000569  -0.00221  -0.00195 -0.000803  0.000972  -0.00168  -0.00141 -4.33e-05  0.000888 -0.000627 -0.000955 -0.000162  2.35e-05 -0.000379 -8.62e-05 -2.21e-06  -0.00089 -0.000246  9.25e-05  -0.00301
  0.00575  5.18e-05     2e-05 -0.000404  0.000119 -1.11e-05  4.89e-17  4.89e-17  9.39e-07  4.01e-05  5.54e-17  3.44e-05 -1.02e-05 -1.98e-06  3.57e-05 -8.98e-07 -1.12e-06  -1.3e-05 -2.75e-05 -1.33e-05  1.34e-06  -6.7e-05 -1.22e-05 -6.16e-06 -0.000218 -3.36e-05 -2.13e-05 -4.51e-06 -1.64e-05  2.55e-05  6.03e-06  -1.7e-05 -4.63e-06 -8.69e-06 -0.000163 -6.23e-05 -4.03e-07  3.65e-06 -8.15e-06 -1.32e-05 -5.24e-07 -2.39e-05 -7.59e-05 -0.000104 -1.67e-05 -0.000429  -5.6e-06 -4.54e-05 -0.000199 -0.000199 -0.000115  6.22e-05  0.000175  2.41e-06  8.57e-05  3.01e-05 -6.14e-05 -2.62e-05 -1.81e-05 -6.34e-06 -4.85e-05 -4.89e-05  3.03e-05  9.46e-06  1.45e-05 -3.62e-05 -0.000309  -7.3e-05 -6.17e-06  -4.1e-05 -3.45e-06  2.42e-07 -9.86e-08 -2.33e-08 -1.39e-09 -8.41e-05 -4.29e-06         1  -1.4e-06 -5.09e-05  1.95e-06 -8.22e-06 -1.56e-06 -3.77e-05 -8.23e-06 -7.31e-05  -0.00135 -8.96e-05  9.92e-05 -8.28e-05 -0.000278 -0.000551 -0.000467  7.16e-05  -0.00039 -8.69e-05  -0.00087 -0.000182 -0.000169 -0.000101 -3.39e-05 -0.000152 -4.74e-05 -2.33e-06 -0.000211  -0.00114  -9.8e-06 -8.39e-05
-0.000694  1.94e-05  0.000342 -8.22e-06  0.000153  5.12e-05  2.35e-17  2.35e-17 -1.15e-06  2.09e-05  1.71e-18 -0.000132  1.39e-05 -7.38e-07 -1.46e-05 -3.26e-05 -4.14e-05 -4.76e-06 -1.07e-05 -5.13e-07  3.59e-06  9.04e-06  8.07e-06 -1.54e-06 -0.000104 -2.68e-05 -3.33e-05     1e-05  1.57e-06 -9.39e-06  4.97e-06 -8.11e-06  1.32e-05  9.74e-06 -0.000162 -2.92e-05  7.78e-08  2.57e-06  2.82e-06 -3.78e-05  1.24e-08  2.47e-06 -8.12e-05   -0.0002  4.53e-05 -0.000427  -5.9e-07  1.99e-05 -1.51e-05 -8.26e-05   1.5e-05 -1.17e-05  2.78e-05 -1.86e-05 -2.09e-05 -8.58e-06  1.22e-05  3.49e-05 -1.56e-05  2.59e-05 -8.95e-05  0.000222 -0.000112 -9.45e-05 -0.000104  8.51e-06 -0.000957 -0.000129 -0.000119  8.59e-06  1.32e-06 -1.16e-07 -1.68e-08  1.49e-09 -4.74e-10  4.81e-05 -1.23e-05  -1.4e-06         1 -1.95e-05 -6.99e-06  -1.4e-06 -9.47e-07 -6.88e-07  2.25e-06  9.71e-06 -0.000241 -3.57e-05  3.99e-05 -0.000374  5.21e-05  0.000238  0.000105  4.88e-06  0.000142  2.84e-05  1.89e-05   1.8e-05  3.74e-05  1.63e-05  5.16e-06  1.08e-05  3.97e-06 -4.57e-07  2.68e-05  -0.00012  2.93e-05 -0.000156
  -0.0329 -0.000353   -0.0113  -0.00553  -0.00392 -0.000514 -2.13e-16 -2.13e-16 -5.27e-05 -0.000188 -3.09e-16  -0.00167  -0.00139 -0.000154  -0.00245 -0.000294 -0.000372 -0.000918  -0.00194 -6.28e-05 -1.46e-05 -0.000176  5.49e-06 -8.29e-05  -0.00419 -0.000176 -0.000419 -1.73e-05 -0.000134 -0.000437  -6.7e-05 -0.000149  6.11e-06  1.27e-06  -0.00332 -0.000441 -2.12e-06 -7.63e-06 -1.93e-05 -0.000912 -4.13e-06 -0.000168  -0.00167  -0.00406  2.35e-05    -0.013 -3.24e-05 -0.000785  -0.00221  -0.00278 -0.000799 -0.000999 -0.000659  -0.00151  -0.00119  -0.00043  -0.00141 -0.000237 -0.000831 -0.000719   -0.0029   0.00074  -0.00119 -0.000928  -0.00124 -0.000459   -0.0264  -0.00963  -0.00425 -0.000125 -1.14e-05 -1.66e-05 -5.46e-07 -4.86e-08  -1.7e-08 -0.000226 -0.000542 -5.09e-05 -1.95e-05         1 -0.000152 -9.73e-05 -2.58e-05 -0.000128 -0.000288 -0.000279   -0.0063 -0.000381  -0.00148  -0.00496    -0.005  -0.00461 -0.000114  -0.00535  -0.00488 -0.000481  -0.00146  -0.00217  -0.00305  -0.00079 -0.000102  -0.00143  -0.00036 -1.03e-05  -0.00293  -0.00413  7.52e-05  -0.00694
 -0.00392  4.24e-07 -0.000601 -0.000371 -0.000156     4e-05  1.76e-17  1.76e-17  2.76e-06   2.7e-05  -4.9e-17 -0.000414 -0.000141 -1.78e-05 -0.000281 -7.98e-05 -0.000101 -0.000106 -0.000226  -2.8e-06  4.67e-06  4.82e-05  2.58e-05 -4.34e-06  -0.00054 -5.94e-05   -0.0001  2.14e-05  4.64e-06 -8.45e-05  1.28e-06  -2.1e-05   2.3e-05   2.4e-05 -0.000563 -5.15e-05  1.26e-07  3.47e-06  6.28e-06 -0.000166 -2.08e-07  4.16e-06 -0.000293  -0.00075  0.000125  -0.00205  8.03e-07  2.34e-06 -0.000113 -0.000361  4.68e-05 -0.000125 -0.000101 -0.000182 -9.85e-05 -7.26e-05 -0.000105 -9.89e-06 -0.000148  3.26e-06 -0.000459  0.000407 -0.000345 -0.000272 -0.000316 -6.12e-06  -0.00443  -0.00123 -0.000681   3.7e-05  1.92e-06 -2.73e-06  -2.9e-08  7.16e-09 -2.16e-09  0.000117 -7.72e-05  1.95e-06 -6.99e-06 -0.000152         1 -9.18e-06 -3.46e-06  1.03e-05 -1.88e-05  3.51e-05 -0.000168 -6.52e-05  -0.00018  -0.00103 -0.000352  0.000223  0.000472    -0.001  2.61e-05  5.75e-05  0.000517 -7.11e-05 -9.36e-05   3.1e-05  2.26e-05 -2.94e-05 -1.12e-06  6.99e-08 -0.000137  0.000192  5.78e-05 -0.000983
 -0.00113  -2.5e-06 -0.000767 -0.000414 -0.000235 -4.29e-05 -1.63e-18 -1.63e-18 -9.22e-06 -2.11e-05 -9.49e-18 -8.58e-05 -0.000104  -1.1e-05 -0.000172 -1.37e-05 -1.73e-05 -6.56e-05  -0.00014 -8.73e-06 -4.93e-07 -3.14e-05 -6.77e-06 -1.17e-05 -0.000343 -3.35e-05 -2.93e-05 -6.84e-06 -1.68e-05 -3.08e-05 -1.31e-06  -9.1e-06 -5.71e-06 -5.24e-06 -0.000252 -4.39e-05 -2.33e-07    -3e-07 -3.42e-06 -7.32e-05 -4.08e-07  -2.4e-05 -0.000133 -0.000299 -1.03e-06  -0.00101 -3.24e-06 -6.97e-05 -0.000151 -0.000205 -8.52e-05 -3.38e-05 -2.48e-05 -9.98e-05 -2.99e-05 -2.78e-05 -0.000107  -4.7e-05 -6.51e-05 -3.39e-05 -0.000207 -3.72e-05 -8.27e-05 -5.93e-05 -6.72e-05 -3.58e-05  -0.00179 -0.000643 -0.000285    -1e-05 -2.89e-06 -1.27e-06 -6.68e-08 -1.08e-08 -1.55e-09 -4.07e-05 -3.12e-05 -8.22e-06  -1.4e-06 -9.73e-05 -9.18e-06         1 -2.26e-06 -2.73e-05 -2.06e-05 -5.61e-05 -0.000784 -7.17e-05 -0.000118 -0.000372 -0.000339  -0.00044 -0.000319 -0.000946 -0.000453 -6.05e-05  -0.00058   -0.0002 -0.000228 -8.39e-05 -2.55e-05 -0.000144 -3.52e-05 -1.29e-06 -0.000267 -0.000735 -5.26e-06 -0.000476
 -0.00114 -2.84e-06 -0.000126  -8.6e-05 -3.37e-05 -4.04e-07  1.51e-18  1.51e-18 -3.64e-06 -5.07e-06 -2.73e-18 -4.63e-05 -2.19e-05 -2.75e-06 -4.48e-05 -9.58e-06 -1.21e-05 -1.64e-05  -3.5e-05 -2.95e-06  1.06e-07 -6.46e-06 -3.25e-06 -3.37e-06 -9.21e-05 -1.09e-05 -1.23e-05 -1.94e-07 -4.63e-06 -1.01e-05 -3.03e-07 -4.19e-06  1.21e-06  4.81e-07 -8.65e-05 -1.59e-05 -2.16e-08 -4.05e-08 -1.42e-07 -2.38e-05 -7.86e-08  -4.7e-06 -4.15e-05 -0.000107  6.56e-06 -0.000301 -7.02e-07  -5.9e-06 -3.95e-05 -6.41e-05 -1.62e-05 -2.36e-05 -1.13e-05 -2.72e-05 -1.97e-05 -1.32e-05 -2.02e-05 -3.25e-06 -2.11e-05    -5e-06 -6.43e-05   3.5e-05 -3.91e-05 -2.96e-05  -3.7e-05 -7.07e-06   -0.0006 -0.000179 -9.04e-05 -9.08e-07 -2.82e-07  -3.2e-07 -1.61e-08 -1.45e-09 -4.07e-10  6.68e-07 -1.02e-05 -1.56e-06 -9.47e-07 -2.58e-05 -3.46e-06 -2.26e-06         1 -5.18e-06 -4.33e-06 -7.94e-06   -0.0002 -1.98e-05 -1.42e-05 -0.000123 -9.56e-05 -1.61e-05 -3.38e-05 -0.000196 -0.000102 -7.34e-06 -9.54e-05 -4.23e-05 -5.42e-05 -1.65e-05 -4.06e-06 -3.03e-05 -7.35e-06 -3.47e-07 -5.41e-05 -0.000164   4.9e-06 -0.000142
 -0.00301  -9.2e-06  -0.00116  -0.00076 -0.000343 -0.000132 -1.81e-17 -1.81e-17 -7.61e-05 -0.000173   3.9e-17   0.00015 -0.000105 -1.11e-05 -0.000242  2.31e-05  2.96e-05 -6.62e-05 -0.000141  -3.9e-05  -5.2e-06 -0.000232 -9.68e-05 -6.23e-05 -0.000567 -9.53e-05  1.51e-05 -5.96e-05 -9.55e-05  5.28e-07  7.18e-07 -8.46e-06  -4.4e-05  -5.5e-05 -0.000296 -0.000168 -9.01e-07 -7.05e-06 -1.71e-05 -7.38e-05 -1.11e-06 -0.000117 -0.000136 -0.000234 -0.000171  -0.00103 -1.79e-05 -0.000221 -0.000385 -0.000235 -0.000463 -2.08e-05  3.12e-05  -0.00011 -6.24e-05 -4.57e-05 -0.000168 -7.36e-05 -1.21e-05 -7.91e-05 -0.000143 -0.000462  4.84e-05  6.86e-05  9.96e-05 -0.000114  -0.00081 -0.000464 -9.94e-05 -8.27e-05 -1.38e-05 -9.64e-08 -2.66e-07 -5.24e-08 -2.97e-09 -0.000283  3.37e-06 -3.77e-05 -6.88e-07 -0.000128  1.03e-05 -2.73e-05 -5.18e-06         1 -4.23e-05 -0.000305  -0.00375  -0.00027 -1.43e-05 -0.000265 -0.000457   -0.0013  -0.00231  -0.00258  -0.00175   -0.0003  -0.00391  -0.00067 -0.000719 -0.000409 -0.000157  -0.00054 -0.000132 -7.25e-06 -0.000779  -0.00413 -6.75e-05 -0.000364
 -0.00105 -0.000184  -0.00362  -0.00131  -0.00139 -0.000237 -1.38e-16 -1.38e-16 -2.31e-05 -0.000142 -9.68e-17 -0.000141 -0.000331 -3.38e-05 -0.000598 -1.39e-05 -1.75e-05 -0.000201 -0.000424 -3.82e-06 -1.22e-05 -7.67e-05 -1.76e-05 -2.33e-05 -0.000837  2.62e-05  -2.1e-05 -3.19e-05 -4.08e-05 -8.71e-05 -3.01e-05 -9.68e-06 -2.24e-05 -2.42e-05 -0.000468 -5.45e-05 -8.49e-07 -1.02e-05 -5.43e-06 -0.000129 -1.14e-06 -5.74e-05 -0.000266 -0.000584 -0.000151  -0.00216 -1.36e-05 -0.000296 -0.000455 -0.000399 -0.000332 -0.000262 -0.000238 -0.000324 -0.000423 -0.000104 -0.000315 -3.03e-05 -5.17e-05 -0.000271 -0.000489 -0.000156  -6.4e-05 -3.55e-05 -7.34e-05 -0.000139  -0.00422  -0.00203 -0.000741 -7.21e-05 -4.77e-06 -2.79e-06 -1.22e-07 -1.35e-08 -2.72e-09 -0.000169 -0.000104 -8.23e-06  2.25e-06 -0.000288 -1.88e-05 -2.06e-05 -4.33e-06 -4.23e-05         1 -0.000121  -0.00154  2.59e-05 -0.000459 -0.000788 -0.000997  -0.00184 -0.000387 -0.000859  -0.00157   -0.0002 -0.000863 -0.000597 -0.000825 -0.000276 -4.66e-05 -0.000397 -8.74e-05 -3.11e-06  -0.00079  -0.00116 -3.75e-05  -0.00132
 -0.00476 -8.84e-05  -0.00455  -0.00195  -0.00166 -0.000501  -1.7e-16  -1.7e-16 -0.000122  -0.00038 -1.35e-17  0.000643 -0.000344 -2.88e-05 -0.000621  0.000142   0.00018 -0.000171 -0.000361 -4.59e-05 -1.75e-05 -0.000456 -0.000145 -0.000117  -0.00111 -7.95e-05  0.000133  -0.00014 -0.000172  2.05e-05 -1.21e-05  2.76e-05 -0.000131  -0.00014 -0.000199 -0.000219 -2.52e-06 -1.76e-05 -3.94e-05 -5.21e-05 -2.57e-06 -0.000244 -0.000143  4.96e-05 -0.000504   -0.0014  -4.2e-05 -0.000721 -0.000815 -0.000142  -0.00108   6.7e-05 -1.63e-05 -0.000303 -0.000168 -2.12e-06 -0.000517 -0.000201  0.000106 -0.000328 -0.000141  -0.00156    0.0004  0.000372  0.000527  -0.00028   0.00019   -0.0011 -3.86e-05 -0.000185 -3.29e-05 -7.26e-07 -5.03e-07 -1.11e-07 -5.09e-09 -0.000729  1.47e-05 -7.31e-05  9.71e-06 -0.000279  3.51e-05 -5.61e-05 -7.94e-06 -0.000305 -0.000121         1  -0.00719 -0.000365 -0.000413 -0.000164 -0.000474  -0.00447  -0.00489  -0.00473  -0.00344 -0.000706   -0.0081  -0.00149   -0.0016 -0.000905 -0.000324  -0.00116 -0.000272 -1.38e-05   -0.0018  -0.00788 -0.000234 -0.000605
   -0.182 -0.000644    -0.029   -0.0293  -0.00401  -0.00155  9.93e-16  9.93e-16  -0.00134  -0.00119  1.49e-15  -0.00349  -0.00309  -0.00046  -0.00515  -0.00132  -0.00168  -0.00283  -0.00593   -0.0013 -7.86e-05  -0.00665  -0.00283  -0.00171   -0.0288  -0.00301  -0.00198 -0.000811  -0.00234 -0.000327  6.98e-05  -0.00116 -0.000443  -0.00102   -0.0222  -0.00672 -3.44e-05  2.82e-06 -0.000282  -0.00369 -4.92e-05  -0.00275   -0.0104   -0.0213  -0.00278   -0.0648 -0.000782  -0.00363   -0.0165   -0.0144   -0.0156  -0.00623   0.00402  -0.00432  -0.00384  -0.00236  -0.00468  0.000833  -0.00145  -0.00238   -0.0104   0.00192  -0.00317  -0.00293  -0.00261  -0.00374   -0.0905   -0.0277   -0.0113  -0.00282 -0.000321 -1.83e-05  -9.5e-06 -1.64e-06 -1.26e-07  -0.00564  -0.00155  -0.00135 -0.000241   -0.0063 -0.000168 -0.000784   -0.0002  -0.00375  -0.00154  -0.00719         1  -0.00591   0.00599    -0.016   -0.0162   -0.0316   -0.0416   -0.0126   -0.0412  -0.00694   -0.0929   -0.0189   -0.0199   -0.0115  -0.00318   -0.0155  -0.00361 -0.000265   -0.0216    -0.111 -7.83e-05   -0.0231
  -0.0136  0.000577   0.00389  -0.00151    0.0021   0.00043  4.74e-16  4.74e-16 -0.000141   3.7e-05  2.92e-16  -0.00109  -6.5e-05 -2.64e-05 -0.000464  -0.00028 -0.000353 -0.000158 -0.000353 -0.000118  4.28e-05 -0.000252  -4.4e-05 -8.45e-05  -0.00158 -0.000616 -0.000398  1.01e-05 -0.000154 -7.12e-05  8.53e-05  -0.00015  6.56e-05  3.54e-05   -0.0021 -0.000608  5.61e-07  2.67e-05 -3.34e-05 -0.000616 -7.07e-07 -0.000166 -0.000948  -0.00242  0.000457  -0.00623   6.3e-06  2.05e-06  -0.00085  -0.00193  7.55e-06  0.000472  0.000671 -0.000259  0.000508 -3.87e-05 -0.000283 -0.000227 -0.000623  0.000412  -0.00125   0.00107  -0.00116 -0.000878  -0.00106 -3.11e-05   -0.0117  -0.00182  -0.00144  6.14e-06 -1.02e-05    -3e-06 -5.55e-07  -8.5e-08 -1.21e-08  2.15e-05 -7.83e-05 -8.96e-05 -3.57e-05 -0.000381 -6.52e-05 -7.17e-05 -1.98e-05  -0.00027  2.59e-05 -0.000365  -0.00591         1  0.000351  -0.00416  -0.00211   0.00117  -0.00354   -0.0094  -0.00213 -0.000215   -0.0058 -0.000895 -0.000809 -0.000322 -0.000253 -0.000748 -0.000263 -1.05e-05  -0.00103  -0.00834  0.000177  -0.00217
  -0.0196 -0.000693   -0.0252  -0.00565   -0.0103  -0.00171 -1.07e-15 -1.07e-15  4.71e-05 -0.000808 -1.27e-15 -0.000909  -0.00267 -0.000237  -0.00463  0.000124   0.00016  -0.00139  -0.00295  0.000198 -3.27e-05  0.000542  0.000496  -4.3e-05  -0.00425  0.000153  4.53e-06 -0.000111  7.64e-05 -0.000908 -0.000125  0.000245 -0.000211 -5.87e-05  -0.00146   0.00057 -2.54e-06 -4.39e-05  1.33e-05  -0.00101 -2.95e-06 -0.000165  -0.00144  -0.00282 -0.000217   -0.0135  1.32e-07  -0.00227 -0.000278 -0.000446 -0.000377 -0.000221  -0.00268  -0.00241  -0.00137 -0.000329  -0.00229  -0.00107 -0.000549   -0.0012  -0.00324  -0.00276  -0.00104 -0.000558 -0.000297 -0.000395    -0.027   -0.0134  -0.00541  0.000313 -3.26e-05 -3.37e-05   1.4e-07  6.18e-08 -1.16e-08 -0.000281 -0.000569  9.92e-05  3.99e-05  -0.00148  -0.00018 -0.000118 -1.42e-05 -1.43e-05 -0.000459 -0.000413   0.00599  0.000351         1  -0.00723  -0.00103   -0.0114 -0.000937   -0.0207  -0.00251 -0.000454  0.000177  -0.00203  -0.00236  -0.00041 -6.09e-05  -0.00102 -7.07e-05  1.38e-05   -0.0036    0.0035 -0.000399  -0.00851
  -0.0999   0.00213    0.0335    -0.027   0.00803   0.00658  1.55e-15  1.55e-15  0.000167   0.00137 -6.13e-17   -0.0229    0.0042 -9.07e-05  -0.00959  -0.00643  -0.00813 -0.000627  -0.00144   0.00214  0.000806   0.00363   0.00618   0.00114   -0.0148  -0.00256  -0.00529    0.0016   0.00131 -0.000251  0.000701 -0.000629   0.00321   0.00213   -0.0219  -0.00318 -9.42e-08  0.000432  0.000518   -0.0047  3.07e-06  4.57e-05   -0.0164   -0.0298   0.00256   -0.0564 -0.000273   -0.0113 -0.000585   -0.0132   0.00138    0.0107    0.0131  -0.00327   -0.0177   0.00325   0.00178    0.0135    0.0101  -0.00185   -0.0141    0.0505   -0.0182    -0.016   -0.0171  0.000423    -0.152   -0.0282   -0.0181  -0.00217    0.0005  0.000101 -2.69e-06  6.18e-07 -4.86e-08   0.00513  -0.00221 -8.28e-05 -0.000374  -0.00496  -0.00103 -0.000372 -0.000123 -0.000265 -0.000788 -0.000164    -0.016  -0.00416  -0.00723         1    0.0214     -0.03    0.0121    0.0396     0.012  0.000843  -0.00338 -0.000418   0.00462   0.00138  0.000182  0.000831  0.000536 -0.000107 -0.000724   -0.0334   0.00509    -0.028
   0.0417  -0.00357   -0.0464   -0.0195   -0.0103  -0.00277   1.6e-15   1.6e-15  -0.00105  -0.00296  3.75e-15 -0.000519  -0.00619 -0.000632  -0.00504 -1.45e-06 -6.92e-06  -0.00376  -0.00793  -0.00192 -0.000603  -0.00339   -0.0043 -0.000208   -0.0136   -0.0012  -0.00189  -0.00118  -0.00191  -0.00249 -0.000954  -0.00175  -0.00042 -0.000437   -0.0118  -0.00243 -5.94e-06 -0.000429  -0.00042  -0.00317 -3.32e-05  -0.00113  -0.00413   -0.0169  -0.00169   -0.0434  9.15e-05   0.00493  -0.00674   -0.0219  -0.00232   -0.0103  -0.00366  5.23e-05  -0.00134  -0.00656  -0.00127  -0.00676  -0.00747   -0.0021  -0.00955  -0.00902  0.000539   0.00178   -0.0029  -0.00275   -0.0792   -0.0346   -0.0131  -0.00305 -8.09e-05 -5.64e-05 -2.75e-06 -6.47e-07 -7.38e-08  -0.00404  -0.00195 -0.000278  5.21e-05    -0.005 -0.000352 -0.000339 -9.56e-05 -0.000457 -0.000997 -0.000474   -0.0162  -0.00211  -0.00103    0.0214         1  -0.00224  -0.00259   -0.0473   -0.0781  -0.00491   0.00722   -0.0116   -0.0177  -0.00446 -0.000973   -0.0083  -0.00271 -2.98e-05   -0.0147   -0.0174 -0.000783   -0.0234
   0.0736 -0.000839   -0.0702   -0.0403   -0.0293  -0.00676 -2.77e-15 -2.77e-15  0.000738 -0.000425 -9.28e-16   0.00548  -0.00412 -0.000386    -0.008   0.00114   0.00145  -0.00234  -0.00489   0.00107 -3.68e-05  -0.00134   0.00269  0.000445  -0.00966   0.00213   0.00115 -0.000573  0.000123   0.00143 -0.000264  0.000404 -0.000594 -0.000667   0.00144   0.00052  -3.4e-05  4.19e-05 -0.000398   0.00124 -2.52e-05  -0.00122  -0.00225   0.00491  -0.00595  -0.00805 -0.000394   -0.0143   -0.0112  -0.00306  -0.00792   0.00779   0.00634   -0.0042  -0.00604   0.00445  -0.00827    0.0012   0.00584  -0.00759  -0.00176  -0.00769   0.00633   0.00408   0.00558  -0.00331  -0.00308   -0.0213  -0.00166   -0.0033 -9.96e-05  2.54e-05 -2.83e-06 -6.88e-07 -3.25e-08  -0.00751 -0.000803 -0.000551  0.000238  -0.00461  0.000223  -0.00044 -1.61e-05   -0.0013  -0.00184  -0.00447   -0.0316   0.00117   -0.0114     -0.03  -0.00224         1   -0.0203    0.0289   -0.0209    -0.007   -0.0333   -0.0131   -0.0149  -0.00656  -0.00157  -0.00866  -0.00232 -7.85e-05   -0.0175   -0.0361   -0.0021  -0.00997
   0.0632 -3.63e-05   -0.0183  -0.00535  -0.00675  -0.00319 -9.46e-16 -9.46e-16  -0.00121   -0.0034  4.13e-16   0.00759  -0.00124 -3.78e-05  -0.00205   0.00169   0.00214 -0.000201 -0.000441 -0.000562 -0.000148  -0.00359  -0.00169 -0.000959  -0.00159 -0.000761   0.00171  -0.00123  -0.00146  0.000523 -2.33e-05  0.000336  -0.00119  -0.00117   0.00353  -0.00129 -1.18e-05 -0.000175 -0.000348  0.000468 -1.04e-05  -0.00178   0.00216   0.00624   -0.0036   0.00736 -0.000179  -0.00339  -0.00353   0.00194  -0.00632   0.00131 -0.000811 -0.000481   0.00156 -7.13e-07  -0.00239  -0.00264  0.000183 -0.000991   0.00265   -0.0159   0.00465   0.00448    0.0056  -0.00145    0.0365   0.00451   0.00502 -0.000897 -0.000265  4.63e-06 -2.91e-06 -7.75e-07 -1.85e-08  -0.00542  0.000972 -0.000467  0.000105 -0.000114  0.000472 -0.000319 -3.38e-05  -0.00231 -0.000387  -0.00489   -0.0416  -0.00354 -0.000937    0.0121  -0.00259   -0.0203         1   -0.0494   -0.0245  -0.00483   -0.0626    -0.009  -0.00977  -0.00597  -0.00261  -0.00739  -0.00187  -7.9e-05   -0.0104   -0.0575  -0.00208   0.00447
  -0.0683 -0.000859   -0.0895   0.00524   -0.0239  -0.00617 -3.38e-17 -3.38e-17  -0.00251  -0.00754 -2.36e-15  -0.00128   -0.0165  -0.00132   -0.0185   0.00213   0.00269  -0.00763   -0.0164  -0.00279 -0.000538  -0.00245  -0.00594  -0.00267   -0.0279  -0.00605  -0.00107  -0.00205  -0.00282  -0.00812 -0.000376  0.000243  -0.00282  -0.00146    -0.017  -0.00131  7.23e-06 -0.000562 -0.000261   -0.0101 -2.69e-05  -0.00266  -0.00672   -0.0276   0.00414    -0.102  0.000373   0.00678   0.00498   -0.0103 -0.000994   -0.0131   -0.0249  -0.00864    0.0136   -0.0111  -0.00783   -0.0205   -0.0197   0.00468   -0.0201   -0.0413  -0.00911  -0.00258  -0.00257 -0.000887    -0.158   -0.0601   -0.0309   0.00482 -0.000685 -0.000314 -2.71e-06 -8.37e-07 -1.39e-07  -0.00102  -0.00168  7.16e-05  4.88e-06  -0.00535    -0.001 -0.000946 -0.000196  -0.00258 -0.000859  -0.00473   -0.0126   -0.0094   -0.0207    0.0396   -0.0473    0.0289   -0.0494         1   -0.0536   -0.0023   -0.0553   -0.0131   -0.0128  -0.00384  -0.00285   -0.0101  -0.00168  5.72e-05   -0.0211    -0.034  -0.00339   -0.0435
  -0.0898  -0.00606   -0.0585   -0.0228   -0.0169  -0.00433  3.33e-16  3.33e-16  -0.00215  -0.00695  4.55e-15   0.00319  -0.00503 -0.000554  -0.00666  0.000348  0.000438  -0.00329  -0.00692  -0.00187 -0.000785  -0.00552  -0.00535 -0.000543   -0.0134  -0.00101 -0.000909  -0.00214  -0.00282  -0.00229  -0.00124  -0.00148 -0.000655  -0.00101  -0.00918  -0.00315 -1.57e-05 -0.000693  -0.00045  -0.00222 -4.29e-05  -0.00233  -0.00394   -0.0146  -0.00614   -0.0312 -0.000156   0.00159  -0.00514   -0.0201   -0.0078   -0.0108  -0.00364   0.00163  -0.00793  -0.00765   0.00093  -0.00462  -0.00263  -0.00434  -0.00677   -0.0111   0.00312   0.00436 -0.000106  -0.00386     -0.05   -0.0304  -0.00832  -0.00527 -0.000112  1.86e-06 -4.67e-06 -9.11e-07 -6.19e-08  -0.00752  -0.00141  -0.00039  0.000142  -0.00488  2.61e-05 -0.000453 -0.000102  -0.00175  -0.00157  -0.00344   -0.0412  -0.00213  -0.00251     0.012   -0.0781   -0.0209   -0.0245   -0.0536         1  -0.00865   -0.0296   -0.0168   -0.0227  -0.00867  -0.00258   -0.0125  -0.00342 -0.000111   -0.0203   -0.0549  -0.00153   -0.0191
 -0.00185 -0.000409  -0.00774  -0.00375  -0.00278 -0.000802 -1.91e-16 -1.91e-16 -0.000151 -0.000583  2.71e-16    0.0011 -0.000498 -4.55e-05 -0.000721  0.000209  0.000266 -0.000273 -0.000569  -9.6e-05 -5.95e-05 -0.000663 -0.000299 -6.33e-05  -0.00111  6.74e-05  0.000155 -0.000228 -0.000252   5.1e-05 -9.13e-05 -5.69e-05 -0.000146 -0.000175 -2.62e-05 -0.000244 -3.48e-06 -4.75e-05 -7.46e-05  6.98e-05 -4.31e-06 -0.000296 -3.35e-05  0.000189 -0.000947 -0.000729 -4.25e-05 -0.000806  -0.00132  -0.00115   -0.0013 -0.000182  0.000178 -9.52e-05 -0.000659 -0.000157 -0.000527 -0.000312  0.000181 -0.000748  -9.6e-05  -0.00208   0.00102  0.000888  0.000755 -0.000503   0.00119  -0.00202  7.37e-05 -0.000566 -2.73e-05  3.31e-06 -5.87e-07  -1.4e-07 -5.51e-09  -0.00122 -4.33e-05 -8.69e-05  2.84e-05 -0.000481  5.75e-05 -6.05e-05 -7.34e-06   -0.0003   -0.0002 -0.000706  -0.00694 -0.000215 -0.000454  0.000843  -0.00491    -0.007  -0.00483   -0.0023  -0.00865         1  -0.00704   -0.0022  -0.00282  -0.00125 -0.000381  -0.00163 -0.000456 -1.59e-05  -0.00265  -0.00851 -0.000334 -0.000899
  -0.0124 -0.000119   -0.0227   -0.0124  -0.00852  -0.00348 -1.46e-15 -1.46e-15  -0.00191  -0.00465  -1.6e-18   0.00642  -0.00107 -8.62e-05  -0.00458   0.00115   0.00147 -0.000512  -0.00109 -0.000605 -7.45e-05  -0.00564  -0.00198  -0.00168  -0.00908  -0.00173   0.00159  -0.00152   -0.0022  0.000757  0.000138  0.000377  -0.00129  -0.00156  -0.00172  -0.00344 -2.26e-05  -0.00016 -0.000362  -0.00039 -2.03e-05  -0.00288 -0.000783   0.00179  -0.00509   -0.0063 -0.000502  -0.00679  -0.00771   0.00162   -0.0123   0.00113   0.00044  -0.00236  -0.00165  0.000126  -0.00366 -0.000468   0.00198  -0.00191  0.000729   -0.0134   0.00309    0.0031    0.0052  -0.00241    0.0193  0.000545   0.00345  -0.00153 -0.000366  1.77e-05 -6.04e-06 -1.21e-06 -4.66e-08  -0.00717  0.000888  -0.00087  1.89e-05  -0.00146  0.000517  -0.00058 -9.54e-05  -0.00391 -0.000863   -0.0081   -0.0929   -0.0058  0.000177  -0.00338   0.00722   -0.0333   -0.0626   -0.0553   -0.0296  -0.00704         1   -0.0148   -0.0151   -0.0101  -0.00402   -0.0123  -0.00279 -0.000182   -0.0167    -0.104  -0.00203   0.00018
   -0.038  -0.00108   -0.0258   -0.0107  -0.00937  -0.00197 -8.33e-16 -8.33e-16  -0.00039  -0.00131 -3.26e-16  3.03e-05  -0.00256 -0.000251  -0.00419   0.00012  0.000154   -0.0015  -0.00315 -0.000282 -0.000113  -0.00137  -0.00062 -0.000336  -0.00613  -6.8e-05 -1.37e-05 -0.000402 -0.000634 -0.000433 -0.000213 -0.000198 -0.000336 -0.000353  -0.00335 -0.000913 -6.74e-06 -8.94e-05 -0.000143 -0.000945 -9.37e-06 -0.000681  -0.00137  -0.00349  -0.00138   -0.0151 -9.71e-05  -0.00195  -0.00512  -0.00396  -0.00309  -0.00198  -0.00151  -0.00238  -0.00207 -0.000793  -0.00288 -0.000984  -0.00122   -0.0019  -0.00329  -0.00364  0.000343  0.000485  1.16e-05  -0.00128   -0.0267   -0.0138   -0.0047 -0.000677 -7.75e-05 -2.11e-05 -1.43e-06 -2.56e-07 -2.68e-08  -0.00212 -0.000627 -0.000182   1.8e-05  -0.00217 -7.11e-05   -0.0002 -4.23e-05  -0.00067 -0.000597  -0.00149   -0.0189 -0.000895  -0.00203 -0.000418   -0.0116   -0.0131    -0.009   -0.0131   -0.0168   -0.0022   -0.0148         1   -0.0085  -0.00299 -0.000758  -0.00427  -0.00114 -3.45e-05  -0.00746   -0.0186 -0.000524  -0.00907
  -0.0451  -0.00207   -0.0402   -0.0147   -0.0158   -0.0031 -1.88e-15 -1.88e-15 -0.000632  -0.00219 -1.04e-15  6.43e-05  -0.00391 -0.000372  -0.00669  0.000259  0.000333  -0.00221  -0.00464 -0.000419 -0.000191   -0.0019 -0.000957 -0.000508  -0.00684  0.000417  0.000324 -0.000572 -0.000954 -0.000535   -0.0004 -0.000289 -0.000521 -0.000532  -0.00336  -0.00113  -6.5e-06 -0.000157 -0.000217  -0.00111 -8.19e-06 -0.000839 -0.000612  -0.00308  -0.00216   -0.0173 -9.38e-05  -0.00261  -0.00879  -0.00497    -0.004   -0.0039  -0.00364  -0.00417   -0.0039  -0.00115  -0.00481  -0.00123  -0.00233  -0.00325  -0.00437   -0.0056   0.00107   0.00118   8.4e-05  -0.00187   -0.0362   -0.0206  -0.00681 -0.000741 -9.33e-05 -3.39e-05 -1.35e-06 -2.12e-07    -3e-08  -0.00296 -0.000955 -0.000169  3.74e-05  -0.00305 -9.36e-05 -0.000228 -5.42e-05 -0.000719 -0.000825   -0.0016   -0.0199 -0.000809  -0.00236   0.00462   -0.0177   -0.0149  -0.00977   -0.0128   -0.0227  -0.00282   -0.0151   -0.0085         1   -0.0042 -0.000907  -0.00582  -0.00168 -3.53e-05   -0.0103   -0.0205 -0.000748    -0.013
  -0.0148 -0.000653   -0.0114  -0.00439  -0.00432  -0.00101 -5.05e-16 -5.05e-16 -0.000257 -0.000831 -9.68e-17  0.000699 -0.000899 -8.55e-05  -0.00158  0.000165  0.000209 -0.000511  -0.00107 -0.000143 -6.72e-05 -0.000878 -0.000429 -0.000203  -0.00221  5.99e-05   0.00019 -0.000258 -0.000369 -5.58e-05 -0.000111 -5.66e-05 -0.000204 -0.000238 -0.000795 -0.000466 -3.84e-06 -5.77e-05 -7.26e-05 -0.000164 -4.51e-06 -0.000388 -0.000207 -0.000514  -0.00103  -0.00371 -6.81e-05 -0.000984  -0.00238  -0.00114  -0.00194  -0.00101 -0.000647 -0.000853  -0.00121 -0.000351  -0.00111 -0.000243 -0.000179 -0.000988 -0.000753  -0.00221  0.000735  0.000688  0.000553  -0.00065  -0.00503  -0.00439 -0.000996 -0.000442 -4.31e-05 -3.49e-06  -7.7e-07 -1.46e-07 -9.08e-09  -0.00129 -0.000162 -0.000101  1.63e-05  -0.00079   3.1e-05 -8.39e-05 -1.65e-05 -0.000409 -0.000276 -0.000905   -0.0115 -0.000322  -0.00041   0.00138  -0.00446  -0.00656  -0.00597  -0.00384  -0.00867  -0.00125   -0.0101  -0.00299   -0.0042         1 -0.000465  -0.00221 -0.000572 -2.27e-05  -0.00353   -0.0114 -0.000335  -0.00262
 -0.00235 -7.05e-05  -0.00162 -0.000798 -0.000587 -0.000204 -5.75e-17 -5.75e-17  -9.7e-05  -0.00027  6.56e-17  0.000343 -0.000109 -9.59e-06 -0.000263  6.38e-05  8.13e-05 -5.65e-05  -0.00012 -4.48e-05 -1.34e-05 -0.000268  -0.00013 -5.91e-05 -0.000327  -5.9e-05  6.48e-05 -8.65e-05 -0.000116  1.37e-05 -1.33e-05 -5.57e-06 -5.89e-05 -7.04e-05 -2.88e-05 -0.000143 -8.69e-07 -1.56e-05  -2.4e-05 -1.91e-05 -1.03e-06 -0.000131  8.74e-06  5.54e-05 -0.000278 -0.000216 -1.47e-05 -0.000249 -0.000377 -0.000208 -0.000476 -2.23e-05 -2.17e-05 -5.76e-05 -0.000134  -6.3e-05 -0.000153 -0.000111   2.3e-05 -0.000141 -3.98e-06  -0.00075  0.000223   0.00023  0.000226 -0.000137  0.000638 -0.000286  8.85e-05 -0.000128 -1.38e-05  9.08e-07 -2.42e-07 -5.19e-08 -2.09e-09 -0.000386  2.35e-05 -3.39e-05  5.16e-06 -0.000102  2.26e-05 -2.55e-05 -4.06e-06 -0.000157 -4.66e-05 -0.000324  -0.00318 -0.000253 -6.09e-05  0.000182 -0.000973  -0.00157  -0.00261  -0.00285  -0.00258 -0.000381  -0.00402 -0.000758 -0.000907 -0.000465         1 -0.000595 -0.000157  -6.8e-06 -0.000871  -0.00427 -0.000107 -0.000142
  -0.0261 -0.000695   -0.0167  -0.00702  -0.00578  -0.00132 -4.53e-16 -4.53e-16 -0.000303 -0.000921 -6.94e-17  0.000289  -0.00167 -0.000163  -0.00256  0.000124  0.000158  -0.00097  -0.00204 -0.000248 -8.44e-05  -0.00111  -0.00057 -0.000267  -0.00433 -0.000137  -5.7e-06 -0.000311 -0.000491 -0.000277 -0.000138 -0.000152 -0.000259 -0.000277  -0.00238 -0.000728  -5.1e-06  -6.5e-05 -0.000106 -0.000627 -7.37e-06  -0.00052 -0.000937   -0.0024 -0.000998   -0.0102 -7.62e-05  -0.00114  -0.00344  -0.00278  -0.00235  -0.00145 -0.000901  -0.00142  -0.00113 -0.000631  -0.00181 -0.000796 -0.000878  -0.00118  -0.00209  -0.00291   0.00037  0.000458  0.000168 -0.000897   -0.0164  -0.00868  -0.00286 -0.000517 -6.32e-05 -1.36e-05 -1.15e-06 -2.21e-07 -1.95e-08  -0.00158 -0.000379 -0.000152  1.08e-05  -0.00143 -2.94e-05 -0.000144 -3.03e-05  -0.00054 -0.000397  -0.00116   -0.0155 -0.000748  -0.00102  0.000831   -0.0083  -0.00866  -0.00739   -0.0101   -0.0125  -0.00163   -0.0123  -0.00427  -0.00582  -0.00221 -0.000595         1 -0.000826  -2.8e-05  -0.00525   -0.0148 -0.000401  -0.00572
 -0.00669 -0.000112  -0.00373  -0.00209  -0.00127 -0.000327 -7.88e-17 -7.88e-17 -6.98e-05  -0.00018  4.42e-17  0.000152 -0.000387 -3.78e-05 -0.000558  4.05e-05  5.19e-05 -0.000226 -0.000475 -7.24e-05 -1.98e-05 -0.000308 -0.000134 -5.16e-05  -0.00087 -1.97e-05  3.48e-06 -7.54e-05  -0.00013 -5.02e-06 -3.34e-05 -6.35e-05 -6.14e-05 -6.84e-05 -0.000482 -0.000205 -1.16e-06 -1.28e-05 -4.02e-05 -0.000114  -1.6e-06 -0.000126  -0.00012  -0.00037 -0.000259  -0.00202 -1.27e-05 -0.000294  -0.00114 -0.000897 -0.000516 -0.000233    -4e-05  -0.00033 -0.000192 -7.51e-05 -0.000532 -0.000224 -0.000275 -0.000319 -0.000444 -0.000767  0.000223  0.000202  6.63e-05 -0.000243  -0.00337  -0.00197 -0.000575 -0.000166 -1.42e-05 -2.34e-06  -2.8e-07 -6.06e-08 -4.99e-09 -0.000468 -8.62e-05 -4.74e-05  3.97e-06  -0.00036 -1.12e-06 -3.52e-05 -7.35e-06 -0.000132 -8.74e-05 -0.000272  -0.00361 -0.000263 -7.07e-05  0.000536  -0.00271  -0.00232  -0.00187  -0.00168  -0.00342 -0.000456  -0.00279  -0.00114  -0.00168 -0.000572 -0.000157 -0.000826         1 -6.51e-06  -0.00137  -0.00389 -0.000104  -0.00127
-0.000232  -4.2e-06 -7.06e-06 -6.11e-05  2.12e-06  1.63e-06  1.87e-18  1.87e-18 -3.79e-06 -6.57e-06  6.45e-18 -1.14e-05  4.38e-06 -2.42e-07 -8.45e-06 -5.66e-06 -7.17e-06 -1.68e-06 -3.41e-06 -9.82e-07 -1.47e-08 -1.23e-05 -3.39e-06 -1.96e-06 -4.22e-05 -4.95e-06 -4.62e-06 -1.72e-06 -4.45e-06  1.45e-06 -9.08e-08 -2.54e-06   1.5e-06 -9.83e-07 -3.87e-05  -1.4e-05 -6.18e-08 -1.95e-07 -2.52e-07 -4.44e-06 -8.27e-08 -5.55e-06 -2.17e-05 -4.07e-05 -1.08e-05 -8.22e-05 -1.68e-06 -1.34e-05 -2.42e-05 -2.99e-05 -3.02e-05 -5.08e-06  1.89e-05 -1.11e-06 -2.84e-05 -3.34e-06  1.96e-06  1.55e-05   1.3e-05  -8.1e-06 -1.38e-05  3.69e-05 -7.98e-06 -7.58e-06 -9.59e-06 -7.07e-06 -0.000134 -3.21e-05 -1.07e-05  -1.1e-05  -6.9e-08  2.08e-07 -1.86e-08 -2.46e-09 -1.68e-10 -1.13e-05 -2.21e-06 -2.33e-06 -4.57e-07 -1.03e-05  6.99e-08 -1.29e-06 -3.47e-07 -7.25e-06 -3.11e-06 -1.38e-05 -0.000265 -1.05e-05  1.38e-05 -0.000107 -2.98e-05 -7.85e-05  -7.9e-05  5.72e-05 -0.000111 -1.59e-05 -0.000182 -3.45e-05 -3.53e-05 -2.27e-05  -6.8e-06  -2.8e-05 -6.51e-06         1 -3.64e-05 -0.000243   2.6e-06 -3.12e-05
  -0.0132  -0.00128   -0.0357   -0.0138   -0.0128  -0.00268 -1.03e-15 -1.03e-15 -0.000395   -0.0015 -5.52e-16  -0.00013  -0.00374 -0.000357  -0.00569  0.000197  0.000252  -0.00212  -0.00448  -0.00034 -0.000143   -0.0015 -0.000687 -0.000404  -0.00861 -0.000129 -9.74e-05 -0.000481 -0.000718 -0.000754 -0.000267 -0.000214 -0.000461 -0.000426  -0.00465 -0.000966  -8.8e-06 -0.000106 -0.000172  -0.00141 -1.28e-05  -0.00082  -0.00208  -0.00512  -0.00149   -0.0222  -0.00011  -0.00247  -0.00609  -0.00514  -0.00364  -0.00248  -0.00226  -0.00325  -0.00211  -0.00107  -0.00393  -0.00173   -0.0019  -0.00232  -0.00477  -0.00531  0.000156  0.000423 -6.18e-05  -0.00158   -0.0387   -0.0195  -0.00693 -0.000687 -0.000107 -3.62e-05 -1.71e-06 -3.22e-07 -3.68e-08  -0.00252  -0.00089 -0.000211  2.68e-05  -0.00293 -0.000137 -0.000267 -5.41e-05 -0.000779  -0.00079   -0.0018   -0.0216  -0.00103   -0.0036 -0.000724   -0.0147   -0.0175   -0.0104   -0.0211   -0.0203  -0.00265   -0.0167  -0.00746   -0.0103  -0.00353 -0.000871  -0.00525  -0.00137 -3.64e-05         1   -0.0204 -0.000726   -0.0128
   -0.123 -0.000239  -0.00984   -0.0269  -0.00187  -0.00108   4.9e-16   4.9e-16  -0.00226  -0.00441  2.54e-15 -0.000665  4.37e-05  -0.00018  -0.00593  -0.00112  -0.00141  -0.00112  -0.00238 -0.000845 -1.69e-05  -0.00643  -0.00198  -0.00131   -0.0156  -0.00295 -0.000904  -0.00132  -0.00262  0.000735   7.5e-05  -0.00086 -0.000192 -0.000981   -0.0125  -0.00613 -2.32e-05 -0.000132 -0.000416   -0.0022 -2.94e-05  -0.00314  -0.00632   -0.0118  -0.00488   -0.0303 -0.000558  -0.00694   -0.0125    -0.012   -0.0126  0.000728   0.00614  -0.00179   -0.0072 -0.000766  -0.00239   0.00246   0.00258  -0.00282  -0.00506   0.00253  -0.00135  -0.00081  -0.00142  -0.00324    -0.041   -0.0122   -0.0033   -0.0039 -0.000195  5.96e-05 -8.17e-06 -1.32e-06 -8.39e-08  -0.00715 -0.000246  -0.00114  -0.00012  -0.00413  0.000192 -0.000735 -0.000164  -0.00413  -0.00116  -0.00788    -0.111  -0.00834    0.0035   -0.0334   -0.0174   -0.0361   -0.0575    -0.034   -0.0549  -0.00851    -0.104   -0.0186   -0.0205   -0.0114  -0.00427   -0.0148  -0.00389 -0.000243   -0.0204         1 -0.000271   -0.0117
   0.0135 -0.000138  -0.00476 -6.52e-05  -0.00175 -0.000622 -2.21e-16 -2.21e-16 -8.29e-06 -0.000199  -7.9e-17   0.00135 -0.000415 -1.39e-05 -2.51e-05  0.000372  0.000472 -7.76e-05  -0.00016 -5.53e-05 -4.01e-05 -0.000213 -0.000191 -5.34e-05  0.000327  0.000168  0.000323 -0.000119 -6.92e-05     2e-05 -4.19e-05   7.5e-05 -0.000195 -0.000138   0.00118  0.000199 -1.19e-06 -2.44e-05 -3.81e-05  0.000231 -9.67e-07 -7.58e-05  0.000692   0.00161 -0.000366   0.00228  1.69e-07 -9.16e-05 -0.000177  0.000681 -0.000369 -0.000145 -0.000554 -4.39e-05  0.000611 -1.65e-05 -0.000408  -0.00067 -0.000243 -0.000179  0.000576  -0.00298   0.00105  0.000915   0.00107 -0.000133    0.0071  0.000426   0.00074   1.4e-05 -3.13e-05 -4.77e-06  2.48e-08 -5.37e-08  1.15e-09 -0.000545  9.25e-05  -9.8e-06  2.93e-05  7.52e-05  5.78e-05 -5.26e-06   4.9e-06 -6.75e-05 -3.75e-05 -0.000234 -7.83e-05  0.000177 -0.000399   0.00509 -0.000783   -0.0021  -0.00208  -0.00339  -0.00153 -0.000334  -0.00203 -0.000524 -0.000748 -0.000335 -0.000107 -0.000401 -0.000104   2.6e-06 -0.000726 -0.000271         1  0.000888
  -0.0391  -0.00183    -0.054   -0.0229   -0.0185  -0.00169 -9.84e-16 -9.84e-16 -0.000373  -0.00111 -2.19e-15   -0.0115   -0.0075 -0.000834   -0.0136  -0.00198  -0.00251  -0.00496   -0.0105 -0.000362 -3.96e-05 -9.34e-05 -2.49e-05 -0.000526   -0.0224  -0.00143  -0.00264  8.68e-05 -0.000584  -0.00309   -0.0003 -0.000731  0.000181  0.000223   -0.0192   -0.0022 -4.44e-06 -4.23e-05  3.27e-05  -0.00575 -1.67e-05 -0.000642   -0.0096   -0.0248   0.00163   -0.0753 -9.17e-05  -0.00239  -0.00898    -0.014  -0.00243  -0.00666  -0.00586  -0.00835  -0.00596  -0.00323  -0.00659  -0.00151  -0.00559  -0.00257   -0.0169   0.00624  -0.00906  -0.00683  -0.00858  -0.00174    -0.157    -0.053   -0.0253  0.000336 -3.71e-05 -0.000108 -2.17e-06 -2.81e-08 -8.84e-08  0.000786  -0.00301 -8.39e-05 -0.000156  -0.00694 -0.000983 -0.000476 -0.000142 -0.000364  -0.00132 -0.000605   -0.0231  -0.00217  -0.00851    -0.028   -0.0234  -0.00997   0.00447   -0.0435   -0.0191 -0.000899   0.00018  -0.00907    -0.013  -0.00262 -0.000142  -0.00572  -0.00127 -3.12e-05   -0.0128   -0.0117  0.000888         1

  Chi^2                                1.66379  +/- 2.57976
  Chi^2/ndf                            0.207973
  Chi^2 for each template              11.5856 +/- 1.1303	7.14088 +/- 0.778889	4.63287 +/- 1.57143	3.69211 +/- 1.58822	2.9352 +/- 0.865704	5.9683 +/- 1.66452	8.92233 +/- 0.935991	15.5687 +/- 2.33316	22.7907 +/- 1.60208	
  Chi^2 for each template w.r.t. fit   10.667 +/- 1.1303	6.05938 +/- 0.778889	2.3922 +/- 1.57143	1.3293 +/- 1.58822	1.33444 +/- 0.865704	4.63751 +/- 1.66452	8.4414 +/- 0.935991	15.0661 +/- 2.33316	21.5236 +/- 1.60208	  Partial chi^2                        0.00 (EG_RESOLUTION_ALL)    0.02 (EG_SCALE_ALL)    0.00 (EL_EFF_ID_TOTAL_1NPCOR_PLUS_UNCOR)    0.00 (EL_EFF_Iso_TOTAL_1NPCOR_PLUS_UNCOR)
  Partial chi^2                        0.00 (EL_EFF_Reco_TOTAL_1NPCOR_PLUS_UNCOR)    0.00 (EL_EFF_TriggerEff_TOTAL_1NPCOR_PLUS_UNCOR)    0.00 (EL_EFF_Trigger_TOTAL_1NPCOR_PLUS_UNCOR)    0.02 (FAKES_Electron)
  Partial chi^2                        0.00 (FAKES_Muon)    0.04 (FT_EFF_Eigen_B_0)    0.00 (FT_EFF_Eigen_B_1)    0.00 (FT_EFF_Eigen_B_2)
  Partial chi^2                        0.00 (FT_EFF_Eigen_B_3)    0.00 (FT_EFF_Eigen_B_4)    0.00 (FT_EFF_Eigen_B_5)    0.00 (FT_EFF_Eigen_B_6)
  Partial chi^2                        0.00 (FT_EFF_Eigen_B_7)    0.00 (FT_EFF_Eigen_B_8)    0.00 (FT_EFF_Eigen_C_0)    0.00 (FT_EFF_Eigen_C_1)
  Partial chi^2                        0.00 (FT_EFF_Eigen_C_2)    0.00 (FT_EFF_Eigen_C_3)    0.00 (FT_EFF_Eigen_Light_0)    0.00 (FT_EFF_Eigen_Light_1)
  Partial chi^2                        0.00 (FT_EFF_Eigen_Light_2)    0.00 (FT_EFF_Eigen_Light_3)    0.00 (FT_EFF_extrapolation)    0.00 (FT_EFF_extrapolation_from_charm)
  Partial chi^2                        0.02 (FULL_SYS_SUM)    0.00 (FULL_SYS_SUM_DETECTOR)    0.07 (FULL_SYS_SUM_THEORY)    0.02 (FULL_SYS_TOYS)
  Partial chi^2                        0.00 (JET_EffectiveNP_Detector1)    0.00 (JET_EffectiveNP_Detector2)    0.00 (JET_EffectiveNP_Mixed1)    0.00 (JET_EffectiveNP_Mixed2)
  Partial chi^2                        0.00 (JET_EffectiveNP_Mixed3)    0.00 (JET_EffectiveNP_Modelling1)    0.00 (JET_EffectiveNP_Modelling2)    0.00 (JET_EffectiveNP_Modelling3)
  Partial chi^2                        0.00 (JET_EffectiveNP_Modelling4)    0.00 (JET_EffectiveNP_Statistical1)    0.00 (JET_EffectiveNP_Statistical2)    0.00 (JET_EffectiveNP_Statistical3)
  Partial chi^2                        0.00 (JET_EffectiveNP_Statistical4)    0.00 (JET_EffectiveNP_Statistical5)    0.00 (JET_EffectiveNP_Statistical6)    0.00 (JET_EtaIntercalibration_Modelling)
  Partial chi^2                        0.00 (JET_EtaIntercalibration_NonClosure_2018data)    0.00 (JET_EtaIntercalibration_NonClosure_highE)    0.00 (JET_EtaIntercalibration_NonClosure_negEta)    0.00 (JET_EtaIntercalibration_NonClosure_posEta)
  Partial chi^2                        0.00 (JET_EtaIntercalibration_TotalStat)    0.00 (JET_Flavor_Composition_prop)    0.00 (JET_Flavor_Response_prop)    0.00 (JET_JER_DataVsMC_MC16_PseudoData)
  Partial chi^2                        0.00 (JET_JER_EffectiveNP_10_PseudoData)    0.00 (JET_JER_EffectiveNP_11_PseudoData)    0.00 (JET_JER_EffectiveNP_12restTerm_PseudoData)    0.00 (JET_JER_EffectiveNP_1_PseudoData)
  Partial chi^2                        0.00 (JET_JER_EffectiveNP_2_PseudoData)    0.00 (JET_JER_EffectiveNP_3_PseudoData)    0.00 (JET_JER_EffectiveNP_4_PseudoData)    0.00 (JET_JER_EffectiveNP_5_PseudoData)
  Partial chi^2                        0.00 (JET_JER_EffectiveNP_6_PseudoData)    0.00 (JET_JER_EffectiveNP_7_PseudoData)    0.00 (JET_JER_EffectiveNP_8_PseudoData)    0.00 (JET_JER_EffectiveNP_9_PseudoData)
  Partial chi^2                        0.00 (JET_JvtEfficiency)    0.00 (JET_Pileup_OffsetMu)    0.00 (JET_Pileup_OffsetNPV)    0.00 (JET_Pileup_PtTerm)
  Partial chi^2                        0.02 (JET_Pileup_RhoTopology)    0.00 (JET_PunchThrough_MC16)    0.00 (LUMINOSITY)    0.00 (MET_SoftTrk_ResoPara)
  Partial chi^2                        0.00 (MET_SoftTrk_ResoPerp)    0.00 (MET_SoftTrk_Scale)    0.00 (MUON_EFF_BADMUON_SYS)    0.00 (MUON_EFF_ISO_STAT)
  Partial chi^2                        0.00 (MUON_EFF_ISO_SYS)    0.00 (MUON_EFF_RECO_STAT)    0.00 (MUON_EFF_RECO_SYS)    0.00 (MUON_EFF_TTVA_STAT)
  Partial chi^2                        0.00 (MUON_EFF_TTVA_SYS)    0.00 (MUON_EFF_TrigStatUncertainty)    0.00 (MUON_EFF_TrigSystUncertainty)    0.00 (MUON_SAGITTA_DATASTAT)
  Partial chi^2                        0.00 (MUON_SAGITTA_RESBIAS)    0.00 (PRW_DATASF)    1.02 (STAT_DATA)    0.02 (STAT_MC)  
  Partial chi^2                        0.00 (THEORY_CROSS_SECTION_Wjets)    0.00 (THEORY_CROSS_SECTION_other_top_noWt)    0.00 (THEORY_CROSS_SECTION_signal)    0.01 (THEORY_DR_DS_signal)
  Partial chi^2                        0.00 (THEORY_EWK_Wjets)    0.00 (THEORY_EWK_multiboson_noW)    0.01 (THEORY_FSR_signal)    0.02 (THEORY_HDAMP_signal)
  Partial chi^2                        0.00 (THEORY_ISR_signal)    0.00 (THEORY_PDF4LHC_VARIATION_Wjets)    0.00 (THEORY_PDF4LHC_VARIATION_multiboson_noW)    0.00 (THEORY_PDF4LHC_VARIATION_signal)
  Partial chi^2                        0.01 (THEORY_PTHARD_signal)    0.00 (THEORY_SCALE_COMBINED_Wjets)    0.00 (THEORY_SCALE_COMBINED_multiboson_noW)    0.00 (THEORY_SCALE_FACTORISATION_signal)
  Partial chi^2                        0.00 (THEORY_SCALE_RENORMALISATION_signal)    0.00 (THEORY_SHOWERING_HERWIG7_signal)    0.00 (THEORY_TOPRECOIL_signal)    0.08 (THEORY_TOP_MASS_signal)
  Partial chi^2                        0.07 (TOTAL)        0.06 (TOTAL_NO_DR_DS)    0.02 (TOTAL_SYSONLY)    0.00 (WMASS_VAR_signal)
  Partial chi^2                        0.36 (pseudoDataStat)

  Uncertainties from HESSE matrix
     LTF: Result[0]:                   170.373  +/- 2.44845 (fit [from HESSE])

  Alternative result from pol2-fit to chi^2 values of the templates
     Result(pol2-chi2)[0]              170.528   +/- 2.7035 (fit)
     Chi^2(min)                        3.01544

  Result from linearized second-order model approximation
     EDM (Taylor) [0]                  -5.25802e-12

  Expected distance to minimum
     EDM (Newton) [0]                  2.84217e-14
     EDM Delta-chi^2                   -1.01771e-21


  'Uncertainties' on M from second-order model approximation
     sigma_m[0]                       1.2597e-12
     sigma_m[EG_RESOLUTION_ALL]       0.00
     sigma_m[EG_SCALE_ALL]            0.00
     sigma_m[EL_EFF_ID_TOTAL_1NPCOR_PLUS_UNCOR] 0.00
     sigma_m[EL_EFF_Iso_TOTAL_1NPCOR_PLUS_UNCOR] 0.00
     sigma_m[EL_EFF_Reco_TOTAL_1NPCOR_PLUS_UNCOR] 0.00
     sigma_m[EL_EFF_TriggerEff_TOTAL_1NPCOR_PLUS_UNCOR] 0.00
     sigma_m[EL_EFF_Trigger_TOTAL_1NPCOR_PLUS_UNCOR] 0.00
     sigma_m[MUON_SAGITTA_DATASTAT]   -0.00
     sigma_m[MUON_SAGITTA_RESBIAS]    0.00
     sigma_m[MUON_EFF_BADMUON_SYS]    0.00
     sigma_m[MUON_EFF_ISO_STAT]       0.00
     sigma_m[MUON_EFF_ISO_SYS]        0.00
     sigma_m[MUON_EFF_RECO_STAT]      0.00
     sigma_m[MUON_EFF_RECO_SYS]       0.00
     sigma_m[MUON_EFF_TTVA_STAT]      0.00
     sigma_m[MUON_EFF_TTVA_SYS]       0.00
     sigma_m[MUON_EFF_TrigStatUncertainty] 0.00
     sigma_m[MUON_EFF_TrigSystUncertainty] 0.00
     sigma_m[JET_EffectiveNP_Detector1] 0.00
     sigma_m[JET_EffectiveNP_Detector2] 0.00
     sigma_m[JET_EffectiveNP_Mixed1]  0.00
     sigma_m[JET_EffectiveNP_Mixed2]  0.00
     sigma_m[JET_EffectiveNP_Mixed3]  0.00
     sigma_m[JET_EffectiveNP_Modelling1] 0.00
     sigma_m[JET_EffectiveNP_Modelling2] 0.00
     sigma_m[JET_EffectiveNP_Modelling3] 0.00
     sigma_m[JET_EffectiveNP_Modelling4] 0.00
     sigma_m[JET_EffectiveNP_Statistical1] 0.00
     sigma_m[JET_EffectiveNP_Statistical2] 0.00
     sigma_m[JET_EffectiveNP_Statistical3] 0.00
     sigma_m[JET_EffectiveNP_Statistical4] 0.00
     sigma_m[JET_EffectiveNP_Statistical5] 0.00
     sigma_m[JET_EffectiveNP_Statistical6] 0.00
     sigma_m[JET_EtaIntercalibration_Modelling] 0.00
     sigma_m[JET_EtaIntercalibration_NonClosure_2018data] 0.00
     sigma_m[JET_EtaIntercalibration_NonClosure_highE] -0.00
     sigma_m[JET_EtaIntercalibration_NonClosure_negEta] 0.00
     sigma_m[JET_EtaIntercalibration_NonClosure_posEta] 0.00
     sigma_m[JET_EtaIntercalibration_TotalStat] 0.00
     sigma_m[JET_Flavor_Composition_prop] 0.00
     sigma_m[JET_Flavor_Response_prop] 0.00
     sigma_m[JET_Pileup_OffsetMu]     0.00
     sigma_m[JET_Pileup_OffsetNPV]    0.00
     sigma_m[JET_Pileup_PtTerm]       0.00
     sigma_m[JET_Pileup_RhoTopology]  0.00
     sigma_m[JET_PunchThrough_MC16]   0.00
     sigma_m[JET_JER_DataVsMC_MC16_PseudoData] 0.00
     sigma_m[JET_JER_EffectiveNP_1_PseudoData] 0.00
     sigma_m[JET_JER_EffectiveNP_2_PseudoData] 0.00
     sigma_m[JET_JER_EffectiveNP_3_PseudoData] 0.00
     sigma_m[JET_JER_EffectiveNP_4_PseudoData] 0.00
     sigma_m[JET_JER_EffectiveNP_5_PseudoData] 0.00
     sigma_m[JET_JER_EffectiveNP_6_PseudoData] 0.00
     sigma_m[JET_JER_EffectiveNP_7_PseudoData] 0.00
     sigma_m[JET_JER_EffectiveNP_8_PseudoData] 0.00
     sigma_m[JET_JER_EffectiveNP_9_PseudoData] 0.00
     sigma_m[JET_JER_EffectiveNP_10_PseudoData] 0.00
     sigma_m[JET_JER_EffectiveNP_11_PseudoData] 0.00
     sigma_m[JET_JER_EffectiveNP_12restTerm_PseudoData] 0.00
     sigma_m[JET_JvtEfficiency]       0.00
     sigma_m[PRW_DATASF]              0.00
     sigma_m[MET_SoftTrk_ResoPara]    0.00
     sigma_m[MET_SoftTrk_ResoPerp]    0.00
     sigma_m[MET_SoftTrk_Scale]       0.00
     sigma_m[WMASS_VAR_signal]        0.00
     sigma_m[FT_EFF_Eigen_B_0]        0.00
     sigma_m[FT_EFF_Eigen_B_1]        0.00
     sigma_m[FT_EFF_Eigen_B_2]        0.00
     sigma_m[FT_EFF_Eigen_B_3]        0.00
     sigma_m[FT_EFF_Eigen_B_4]        0.00
     sigma_m[FT_EFF_Eigen_B_5]        0.00
     sigma_m[FT_EFF_Eigen_B_6]        0.00
     sigma_m[FT_EFF_Eigen_B_7]        0.00
     sigma_m[FT_EFF_Eigen_B_8]        0.00
     sigma_m[FT_EFF_Eigen_C_0]        0.00
     sigma_m[FT_EFF_Eigen_C_1]        0.00
     sigma_m[FT_EFF_Eigen_C_2]        0.00
     sigma_m[FT_EFF_Eigen_C_3]        0.00
     sigma_m[FT_EFF_Eigen_Light_0]    0.00
     sigma_m[FT_EFF_Eigen_Light_1]    0.00
     sigma_m[FT_EFF_Eigen_Light_2]    0.00
     sigma_m[FT_EFF_Eigen_Light_3]    0.00
     sigma_m[FT_EFF_extrapolation]    -0.00
     sigma_m[FT_EFF_extrapolation_from_charm] 0.00
     sigma_m[THEORY_CROSS_SECTION_signal] -0.00
     sigma_m[THEORY_SHOWERING_HERWIG7_signal] 0.00
     sigma_m[THEORY_SCALE_FACTORISATION_signal] 0.00
     sigma_m[THEORY_SCALE_RENORMALISATION_signal] 0.00
     sigma_m[THEORY_ISR_signal]       0.00
     sigma_m[THEORY_FSR_signal]       0.00
     sigma_m[THEORY_HDAMP_signal]     0.00
     sigma_m[THEORY_PTHARD_signal]    -0.00
     sigma_m[THEORY_TOPRECOIL_signal] 0.00
     sigma_m[THEORY_TOP_MASS_signal]  0.00
     sigma_m[THEORY_PDF4LHC_VARIATION_signal] 0.00
     sigma_m[THEORY_DR_DS_signal]     -0.00
     sigma_m[THEORY_CROSS_SECTION_Wjets] 0.00
     sigma_m[THEORY_SCALE_COMBINED_Wjets] 0.00
     sigma_m[THEORY_PDF4LHC_VARIATION_Wjets] 0.00
     sigma_m[THEORY_EWK_Wjets]        -0.00
     sigma_m[THEORY_SCALE_COMBINED_multiboson_noW] 0.00
     sigma_m[THEORY_PDF4LHC_VARIATION_multiboson_noW] 0.00
     sigma_m[THEORY_EWK_multiboson_noW] -0.00
     sigma_m[THEORY_CROSS_SECTION_other_top_noWt] 0.00
     sigma_m[FAKES_Electron]          -0.00
     sigma_m[FAKES_Muon]              0.00
     sigma_m[LUMINOSITY]              0.00

  Settings
     Number of data points             9
     Number of templates               9
     Number of fit parameters          1
     Template reference values [0]     162.5   165 167.5   170 172.5   175 177.5   180 182.5
     Number of nuisance param.         107
     Gamma[0]                          1.000
     LogNormal                         false
     Response matrix                   false

  please cite: D. Britzger, The Linear Template Fit, Eur.Phys.J.C 82 (2022) 731, arXiv:2112.01548.
------------------------------------------------------------------------

Warning in <TFile::Append>: Replacing existing TH1: hist (Potential memory leak).
Warning in <TFile::Append>: Replacing existing TH1: hist (Potential memory leak).
Warning in <TFile::Append>: Replacing existing TH1: hist (Potential memory leak).
Warning in <TFile::Append>: Replacing existing TH1: hist (Potential memory leak).
Warning in <TFile::Append>: Replacing existing TH1: hist (Potential memory leak).
Warning in <TFile::Append>: Replacing existing TH1: hist (Potential memory leak).
Warning in <TFile::Append>: Replacing existing TH1: hist (Potential memory leak).
Warning in <TFile::Append>: Replacing existing TH1: hist (Potential memory leak).
Warning in <TFile::Append>: Replacing existing TH1: hist (Potential memory leak).
Warning in <TFile::Append>: Replacing existing TH1: hist (Potential memory leak).
Info in <TCanvas::Print>: ps file plots/fit_ptl1.ps has been created
Info in <TCanvas::Print>: Current canvas added to ps file plots/fit_ptl1.ps
Info in <TCanvas::Print>: Current canvas added to ps file plots/fit_ptl1.ps
Info in <TCanvas::Print>: Current canvas added to ps file plots/fit_ptl1.ps
Info in <TCanvas::Print>: Current canvas added to ps file plots/fit_ptl1.ps
Info in <TCanvas::Print>: Current canvas added to ps file plots/fit_ptl1.ps
Info in <TCanvas::Print>: Current canvas added to ps file plots/fit_ptl1.ps
Info in <TCanvas::Print>: Current canvas added to ps file plots/fit_ptl1.ps
Info in <TCanvas::Print>: Current canvas added to ps file plots/fit_ptl1.ps
Info in <TCanvas::Print>: Current canvas added to ps file plots/fit_ptl1.ps
Info in <TCanvas::Print>: Current canvas added to ps file plots/fit_ptl1.ps
Info in <TCanvas::Print>: Current canvas added to ps file plots/fit_ptl1.ps
Info in <TCanvas::Print>: Current canvas added to ps file plots/fit_ptl1.ps
Info in <TCanvas::Print>: Current canvas added to ps file plots/fit_ptl1.ps
Info in <TCanvas::Print>: Current canvas added to ps file plots/fit_ptl1.ps
Info in <TCanvas::Print>: Current canvas added to ps file plots/fit_ptl1.ps
Info in <TCanvas::Print>: Current canvas added to ps file plots/fit_ptl1.ps
Info in <TCanvas::Print>: Current canvas added to ps file plots/fit_ptl1.ps
Info in <TCanvas::Print>: Current canvas added to ps file plots/fit_ptl1.ps
Info in <TCanvas::Print>: Current canvas added to ps file plots/fit_ptl1.ps
Info in <TCanvas::Print>: Current canvas added to ps file plots/fit_ptl1.ps
Info in <TCanvas::Print>: Current canvas added to ps file plots/fit_ptl1.ps
Info in <TCanvas::Print>: Current canvas added to ps file plots/fit_ptl1.ps
Info in <TCanvas::Print>: Current canvas added to ps file plots/fit_ptl1.ps
Info in <TCanvas::Print>: Current canvas added to ps file plots/fit_ptl1.ps
Info in <TCanvas::Print>: Current canvas added to ps file plots/fit_ptl1.ps
Info in <TCanvas::Print>: Current canvas added to ps file plots/fit_ptl1.ps
Info in <TCanvas::Print>: Current canvas added to ps file plots/fit_ptl1.ps
Info in <TCanvas::Print>: Current canvas added to ps file plots/fit_ptl1.ps
Info in <TCanvas::Print>: Current canvas added to ps file plots/fit_ptl1.ps
Info in <TCanvas::Print>: Current canvas added to ps file plots/fit_ptl1.ps
Info in <TCanvas::Print>: ps file plots/fit_ptl1.ps has been closed
Found covarinace matrix unfolding_covariance_matrix_mbl_selected_covariance_STAT_DATA
Found covarinace matrix unfolding_covariance_matrix_mbwhad_selected_covariance_STAT_DATA
Found covarinace matrix m_bl_m_bw
Determinant of covariance matrix -9.54449e-85
Johannes print final correltaion matrix
1	-0.171216	0.042791	-0.0429097	0.0161005	-0.0538661	0.0437464	0.0282042	0.0315326	-0.0203532	0.0791783	0.140641	0.143515	0.0506448	0.0183109	0.00836916	0.00375166	0.00146844	
-0.171216	1	-0.244777	0.0962108	-0.0672655	0.0644223	-0.0378528	0.0251747	-0.0199427	-0.0150316	0.130335	0.281453	0.34432	0.108648	0.0404985	0.0186613	0.00876475	0.00384367	
0.042791	-0.244777	1	-0.325778	-0.0189909	-0.00959499	0.0293048	-0.0597377	0.0335049	-0.0180598	0.136536	0.358145	0.48555	0.147971	0.0544403	0.0246458	0.0119339	0.00457406	
-0.0429097	0.0962108	-0.325778	1	-0.193572	0.0531917	-0.0288656	0.00112081	-0.0372923	0.00264709	0.105543	0.270812	0.383748	0.13582	0.0559282	0.0268949	0.0130683	0.00569462	
0.0161005	-0.0672655	-0.0189909	-0.193572	1	-0.351162	0.0657606	-0.0119022	-0.0156455	0.0592804	0.06034	0.112625	0.136988	0.104326	0.0588843	0.0342055	0.016948	0.00764507	
-0.0538661	0.0644223	-0.00959499	0.0531917	-0.351162	1	-0.244908	0.0174519	0.00522223	0.0175439	0.0256389	0.0462813	0.0643526	0.0867188	0.0683766	0.0424849	0.0234826	0.0111647	
0.0437464	-0.0378528	0.0293048	-0.0288656	0.0657606	-0.244908	1	-0.261395	0.0115955	-0.00733745	0.0109689	0.0199947	0.0295652	0.0461422	0.061369	0.0454544	0.0280454	0.0139519	
0.0282042	0.0251747	-0.0597377	0.00112081	-0.0119022	0.0174519	-0.261395	1	-0.246645	-0.00947862	0.00485799	0.00910136	0.0147628	0.0222825	0.03767	0.0402635	0.0300336	0.0140744	
0.0315326	-0.0199427	0.0335049	-0.0372923	-0.0156455	0.00522223	0.0115955	-0.246645	1	-0.130948	0.00164305	0.003864	0.0066503	0.0103144	0.0168973	0.0241385	0.0245083	0.0172843	
-0.0203532	-0.0150316	-0.0180598	0.00264709	0.0592804	0.0175439	-0.00733745	-0.00947862	-0.130948	1	0.000590152	0.00134677	0.00233921	0.00344152	0.00756271	0.010976	0.0133667	0.0136552	
0.0791783	0.130335	0.136536	0.105543	0.06034	0.0256389	0.0109689	0.00485799	0.00164305	0.000590152	1	-0.367114	0.124104	-0.0102883	0.0301477	0.0249596	-0.0199066	-0.0498203	
0.140641	0.281453	0.358145	0.270812	0.112625	0.0462813	0.0199947	0.00910136	0.003864	0.00134677	-0.367114	1	-0.597727	0.0853252	-0.00318656	0.0472456	-0.0123551	0.0105914	
0.143515	0.34432	0.48555	0.383748	0.136988	0.0643526	0.0295652	0.0147628	0.0066503	0.00233921	0.124104	-0.597727	1	-0.278414	0.0386791	-0.0551904	0.00681515	0.0508684	
0.0506448	0.108648	0.147971	0.13582	0.104326	0.0867188	0.0461422	0.0222825	0.0103144	0.00344152	-0.0102883	0.0853252	-0.278414	1	-0.277573	0.0986475	-0.0363062	-0.0135197	
0.0183109	0.0404985	0.0544403	0.0559282	0.0588843	0.0683766	0.061369	0.03767	0.0168973	0.00756271	0.0301477	-0.00318656	0.0386791	-0.277573	1	-0.351092	0.111181	-0.0635855	
0.00836916	0.0186613	0.0246458	0.0268949	0.0342055	0.0424849	0.0454544	0.0402635	0.0241385	0.010976	0.0249596	0.0472456	-0.0551904	0.0986475	-0.351092	1	-0.364353	0.0580908	
0.00375166	0.00876475	0.0119339	0.0130683	0.016948	0.0234826	0.0280454	0.0300336	0.0245083	0.0133667	-0.0199066	-0.0123551	0.00681515	-0.0363062	0.111181	-0.364353	1	-0.280819	
0.00146844	0.00384367	0.00457406	0.00569462	0.00764507	0.0111647	0.0139519	0.0140744	0.0172843	0.0136552	-0.0498203	0.0105914	0.0508684	-0.0135197	-0.0635855	0.0580908	-0.280819	1	
TH1.Print Name  = total_error, Entries= 1926, Total sum= 1.3188
 fSumw[0]=0, x=-0.5, error=0
 fSumw[1]=0.13438, x=0.5, error=0
 fSumw[2]=0.150884, x=1.5, error=0
 fSumw[3]=0.116627, x=2.5, error=0
 fSumw[4]=0.170196, x=3.5, error=0
 fSumw[5]=0.141473, x=4.5, error=0
 fSumw[6]=0.100378, x=5.5, error=0
 fSumw[7]=0.109021, x=6.5, error=0
 fSumw[8]=0.143758, x=7.5, error=0
 fSumw[9]=0.106113, x=8.5, error=0
 fSumw[10]=0.145968, x=9.5, error=0
 fSumw[11]=0, x=10.5, error=0
 fSumw[12]=0, x=11.5, error=0
 fSumw[13]=0, x=12.5, error=0
 fSumw[14]=0, x=13.5, error=0
 fSumw[15]=0, x=14.5, error=0
 fSumw[16]=0, x=15.5, error=0
 fSumw[17]=0, x=16.5, error=0
 fSumw[18]=0, x=17.5, error=0
 fSumw[19]=0, x=18.5, error=0
STAT_MC 0.0040325
STAT_MC 0.00100146
STAT_MC 0.000786761
STAT_MC 0.000984255
STAT_MC 0.00415091
STAT_MC 0.00383538
STAT_MC 0.006492
STAT_MC 0.007666
STAT_MC 0.011005
STAT_MC 0.0177533
STAT_MC 0.00293556
STAT_MC 0.00171278
STAT_MC 0.000708049
STAT_MC 0.00225478
STAT_MC 0.00358833
STAT_MC 0.004986
STAT_MC 0.00516222
STAT_MC 0.00778
TH1.Print Name  = total_error, Entries= 1944, Total sum= 1.3216
 fSumw[0]=0, x=-0.5, error=0
 fSumw[1]=0.134472, x=0.5, error=0
 fSumw[2]=0.150897, x=1.5, error=0
 fSumw[3]=0.116632, x=2.5, error=0
 fSumw[4]=0.170214, x=3.5, error=0
 fSumw[5]=0.141579, x=4.5, error=0
 fSumw[6]=0.100575, x=5.5, error=0
 fSumw[7]=0.109336, x=6.5, error=0
 fSumw[8]=0.144172, x=7.5, error=0
 fSumw[9]=0.106682, x=8.5, error=0
 fSumw[10]=0.147044, x=9.5, error=0
 fSumw[11]=0, x=10.5, error=0
 fSumw[12]=0, x=11.5, error=0
 fSumw[13]=0, x=12.5, error=0
 fSumw[14]=0, x=13.5, error=0
 fSumw[15]=0, x=14.5, error=0
 fSumw[16]=0, x=15.5, error=0
 fSumw[17]=0, x=16.5, error=0
 fSumw[18]=0, x=17.5, error=0
 fSumw[19]=0, x=18.5, error=0
TH1.Print Name  = total_error, Entries= 1962, Total sum= 1.4568
 fSumw[0]=0, x=-0.5, error=0
 fSumw[1]=0.134656, x=0.5, error=0
 fSumw[2]=0.150931, x=1.5, error=0
 fSumw[3]=0.116657, x=2.5, error=0
 fSumw[4]=0.170243, x=3.5, error=0
 fSumw[5]=0.141754, x=4.5, error=0
 fSumw[6]=0.100991, x=5.5, error=0
 fSumw[7]=0.110636, x=6.5, error=0
 fSumw[8]=0.146473, x=7.5, error=0
 fSumw[9]=0.115235, x=8.5, error=0
 fSumw[10]=0.161172, x=9.5, error=0
 fSumw[11]=0.0068078, x=10.5, error=0
 fSumw[12]=0.00282184, x=11.5, error=0
 fSumw[13]=0.0021808, x=12.5, error=0
 fSumw[14]=0.00433511, x=13.5, error=0
 fSumw[15]=0.00880707, x=14.5, error=0
 fSumw[16]=0.0157043, x=15.5, error=0
 fSumw[17]=0.0230093, x=16.5, error=0
 fSumw[18]=0.0443897, x=17.5, error=0
 fSumw[19]=0, x=18.5, error=0

        Data        Stat Tmpl_162.50 Stat_162.50 Tmpl_165.00 Stat_165.00 Tmpl_167.50 Stat_167.50 Tmpl_170.00 Stat_170.00 Tmpl_172.50 Stat_172.50 Tmpl_175.00 Stat_175.00 Tmpl_177.50 Stat_177.50 Tmpl_180.00 Stat_180.00 Tmpl_182.50 Stat_182.50
    0.378558    0.002660    0.525981    0.001993    0.472921    0.001775    0.431539    0.002765    0.389397    0.002621    0.352429    0.001659    0.320919    0.002178    0.295833    0.001174    0.271634    0.002147    0.244235    0.001214
    1.762184    0.005661    2.322255    0.004182    2.142520    0.003775    1.983247    0.005926    1.819464    0.005685    1.681540    0.003624    1.557875    0.004862    1.434078    0.002561    1.323642    0.004757    1.222285    0.002710
    3.137102    0.007557    3.643039    0.005234    3.497765    0.004858    3.358758    0.007745    3.212939    0.007646    3.048755    0.004953    2.877055    0.006560    2.721801    0.003555    2.580305    0.006704    2.422138    0.003848
    1.887315    0.005875    1.542181    0.003434    1.654428    0.003353    1.762269    0.005659    1.847968    0.005818    1.937830    0.003975    2.011560    0.005538    2.068891    0.003121    2.111057    0.006112    2.126323    0.003599
    0.371151    0.002615    0.356184    0.001668    0.357653    0.001582    0.364369    0.002588    0.376920    0.002656    0.381512    0.001795    0.395512    0.002484    0.406236    0.001388    0.429078    0.002825    0.457564    0.001692
    0.242881    0.002224    0.248844    0.001459    0.248844    0.001398    0.244262    0.002170    0.246155    0.002202    0.243232    0.001438    0.244617    0.002051    0.240765    0.001103    0.238058    0.002113    0.235834    0.001273
    0.071781    0.001214    0.076472    0.000965    0.074255    0.000766    0.074917    0.001272    0.072937    0.001220    0.073341    0.000802    0.069807    0.001141    0.069951    0.000606    0.070773    0.001173    0.067937    0.000728
    0.033613    0.000869    0.035341    0.000849    0.034732    0.000523    0.032818    0.000826    0.032738    0.000826    0.032516    0.000519    0.032267    0.000885    0.031861    0.000448    0.032378    0.000825    0.031358    0.000625
    0.011073    0.000482    0.011685    0.000313    0.010848    0.000274    0.010808    0.000500    0.010841    0.000533    0.010623    0.000250    0.010866    0.000439    0.010649    0.000241    0.010206    0.000433    0.010598    0.000402
    0.003841    0.000253    0.004009    0.000199    0.003792    0.000168    0.003808    0.000277    0.003530    0.000222    0.003719    0.000131    0.003636    0.000211    0.003453    0.000117    0.003505    0.000226    0.003541    0.000252
    0.404269    0.002752    0.501124    0.001928    0.470297    0.001785    0.441942    0.002848    0.412722    0.002746    0.389897    0.001798    0.370175    0.002357    0.346553    0.001262    0.325103    0.002376    0.303533    0.001348
    2.315667    0.006534    3.665329    0.005259    3.203530    0.004653    2.790967    0.007088    2.422203    0.006628    2.146594    0.004203    1.890956    0.005292    1.685302    0.002801    1.516108    0.005141    1.368620    0.002892
    3.824265    0.008340    3.229664    0.004935    3.467408    0.004813    3.677169    0.008063    3.810714    0.008303    3.866342    0.005538    3.887513    0.007676    3.867677    0.004233    3.824024    0.008143    3.727112    0.004773
    0.983416    0.004263    0.971584    0.002816    0.969262    0.002595    0.973582    0.004253    0.990226    0.004271    0.990163    0.002842    1.009264    0.003991    1.022159    0.002218    1.042926    0.004375    1.069729    0.002607
    0.241103    0.002123    0.258220    0.001561    0.251744    0.001403    0.247901    0.002157    0.244515    0.002157    0.242145    0.001386    0.238404    0.002050    0.237219    0.001089    0.237243    0.002102    0.231427    0.001260
    0.079321    0.001246    0.085147    0.000854    0.082934    0.000787    0.081958    0.001258    0.081389    0.001287    0.080102    0.000776    0.078609    0.001156    0.076169    0.000630    0.076751    0.001226    0.074774    0.000725
    0.035479    0.000816    0.038144    0.000602    0.036930    0.000501    0.037709    0.000915    0.036247    0.000813    0.035263    0.000489    0.034790    0.000766    0.034451    0.000430    0.033690    0.000770    0.033085    0.000497
    0.010915    0.000485    0.011053    0.000330    0.010426    0.000252    0.010632    0.000448    0.009234    0.000377    0.010206    0.000249    0.009725    0.000383    0.009530    0.000218    0.010023    0.000401    0.009409    0.000246

Warning! Determinant of Hesse matrix D is very small! (-2.56267e+12)
Printing Hesse matrix D
     58.9805  -0.00378654     0.475876    -0.728685     -3.48267     -1.14142 -5.98155e-13 -5.98155e-13   -0.0231612   -0.0113307  -6.7101e-13    -0.151087     -1.71675    -0.177768    -0.453453    -0.064003   -0.0798253     -1.05047     -2.20968    -0.439322   -0.0700516     -2.73176     -1.12347    -0.242533     -8.47063      -2.0569     -2.63856    -0.388113    -0.107967    -0.565866    -0.239688    -0.944178     -0.80596    -0.445761     -5.03034      -1.7997 -0.000730327   -0.0145452   -0.0890265     -1.23711 -0.000653291    -0.061959     -1.01397     -2.96551     -4.20861     -13.1279   -0.0308841     0.560896    -0.408348       1.3928      -2.7405     -5.52315     -1.17496      -1.2009   -0.0231293     -1.29858    -0.692401     -1.51777     -1.33154    -0.417445     -6.02136     -5.40336     0.136636    -0.125632    0.0125996   -0.0730942     -37.3701     -3.05782     -4.42329     -1.76992   -0.0501223   -0.0207878 -6.89063e-05  -0.00034075 -1.35244e-05    -0.450966    -0.356896    -0.137174   -0.0409733    -0.112721    -0.341764    -0.105971  -0.00262657    -0.100478   -0.0739772    -0.123939     -8.02122    -0.395988     0.645102      1.84757     -13.8733      1.90165     0.485788     -14.1376      -8.6433    -0.341038    -0.545191  -0.00325758     0.290176   -0.0305365  -0.00497723   -0.0616017   -0.0297357  0.000329003    -0.571589    -0.391879     -0.16581     -6.17934
 -0.00378654      1.00313  0.000440345    0.0127636    0.0346457    0.0111277  6.56906e-15  6.56906e-15  0.000358915   0.00188539  6.70699e-15   0.00472356    0.0152366   0.00177735   0.00839322   0.00122236   0.00155402    0.0101461    0.0217723    0.0325419   0.00409124    0.0663259    0.0725047    0.0159127     0.477216   0.00788937    0.0315977    0.0112981   0.00554088    0.0351907   0.00423295    0.0138059    0.0164327    0.0123871     0.280835         0.12  2.24626e-06   0.00254241   0.00236003    0.0704334  4.06797e-05   0.00233359     0.111381     0.289328     0.125719      0.68849  0.000672489    0.0467079     0.116897      0.19823    0.0665641    0.0544458    0.0294421     0.070861    0.0239541    0.0314231    0.0370851     0.020271    0.0398443    0.0277296    0.0415516    0.0596235   0.00845942   0.00763481   0.00961412   0.00240128     0.214126    0.0662306    0.0415072     0.008466   0.00213771   0.00025545  1.67276e-05   2.7543e-06   2.0182e-07    0.0540817   0.00879913   0.00308892   0.00041741    0.0421803   0.00386147   0.00213395  0.000540469   0.00399736   0.00958546    0.0101618     0.380216   0.00936265    0.0344241     0.110497     0.142499    0.0815291    0.0478271    0.0654502     0.174688   0.00490194    0.0655507     0.043761     0.066109    0.0083396  0.000368108    0.0262122    0.0045297   0.00015647    0.0572886    0.0313933   0.00542477    0.0686717
    0.475876  0.000440345     0.936739       0.1651     0.448345     0.146437   1.0485e-13   1.0485e-13  0.000468283   0.00181859   1.1905e-13    0.0652961     0.188132    0.0226337     0.109252    0.0162749    0.0205474     0.130088     0.277808     0.586117    0.0716446      1.15274       1.2775     0.271158      8.28239     0.131692     0.576466     0.196344    0.0809577     0.569611    0.0632855     0.249639     0.291627       0.2237      4.68008      2.10617 -3.98845e-05    0.0392074    0.0410841      1.15458  0.000322816    0.0241053      1.75177      4.60812      2.12706       11.256     0.011076     0.510554      1.80388      3.01105      0.93905     0.861492     0.636176      1.20493     0.343226     0.470731     0.621223     0.328697     0.611294     0.426398     0.599791     0.702733    0.0851829    0.0862803    0.0913723    0.0311304      3.31993     0.831298     0.636411     0.114911    0.0432209    0.0033864  0.000158319  2.56159e-05  2.47406e-06     0.472408    0.0397413     0.029208   0.00317331     0.248872     0.022041    0.0144258   0.00218891    0.0077053     0.039593    0.0533867       4.7669    0.0347669     0.155704     0.628721      2.62479     0.417713     0.328866      1.20125      2.39469     0.043406     0.261234     0.193495     0.254667    0.0325876   0.00184937     0.115354    0.0199128  0.000823225     0.355083     0.160004    0.0228655     0.846433
   -0.728685    0.0127636       0.1651      1.20889     0.612815     0.197063  4.44937e-14  4.44937e-14   0.00224845    0.0121087  6.62254e-14    0.0754392     0.274329    0.0312956     0.137542    0.0198471    0.0250712     0.180621      0.38523     0.247603    0.0305559     0.527286     0.522737      0.13405      3.99605     0.103555     0.270584    0.0819069    0.0459426     0.346431    0.0365607     0.112688       0.1158    0.0910816      2.53275     0.889036  5.01342e-05    0.0213621    0.0198188      0.68001  0.000324192    0.0207165      1.02611      2.66458     0.990368      6.87485   0.00565949     0.470878      1.42046      2.23843     0.826948     0.491227     0.547919     0.966669     0.317279     0.242967     0.576103     0.257755     0.358484     0.346042     0.717782     0.555935     0.118988     0.112245     0.115476    0.0233737      4.02579      1.30871     0.892304     0.101085    0.0276685   0.00216826  0.000230161  2.30367e-05  1.92976e-06     0.387038    0.0893287    0.0394092   0.00411824      0.25468    0.0387222    0.0193471   0.00464754    0.0369855    0.0665042    0.0582638      3.41973    0.0733736     0.207305     0.698165      1.44571     0.677768     0.310843      1.35366      1.42669    0.0425068     0.429939     0.280355     0.421969    0.0547802   0.00309922     0.175132    0.0301413  0.000917813     0.573924     0.211429    0.0327288      1.14832
    -3.48267    0.0346457     0.448345     0.612815      2.87138     0.603156  1.42462e-13  1.42462e-13   0.00638144    0.0294201  2.06429e-13     0.215856      0.84643     0.095702     0.403962    0.0582744    0.0735696     0.553193      1.17913      0.72586    0.0896616      1.55818      1.53201     0.395913      11.8239     0.336874     0.845629     0.243043     0.128024      1.03452     0.105253     0.347759     0.353996      0.27298      7.47703      2.59924  0.000161144    0.0610579    0.0585843       2.0273   0.00078626      0.05129      3.03417      7.89838      2.98952      20.5185    0.0159988      1.42651      4.38841      6.91306      2.57452      1.53712      1.70014      2.97139     0.962252     0.725983      1.77441     0.798271      1.08408      1.04639      2.23754      1.77806     0.332696     0.322527     0.327104    0.0651222      12.6723      3.89207      2.76655      0.32623    0.0831177   0.00638588  0.000634837  6.86762e-05  5.17644e-06      1.10144     0.240455     0.118368    0.0118622     0.655146       0.1017    0.0468067   0.00960761    0.0693866     0.180616     0.145309      10.5123     0.191444     0.577044      1.97618       4.5255      1.91816     0.842231      4.29744      4.19189     0.123506     0.937346     0.715071       1.0349     0.132305   0.00725059     0.452267    0.0775941   0.00237601      1.58757     0.545627    0.0936173      3.48486
    -1.14142    0.0111277     0.146437     0.197063     0.603156       1.1946  4.58425e-14  4.58425e-14   0.00202265   0.00942346  6.67701e-14    0.0694247     0.272451    0.0308336     0.129949    0.0187717    0.0236977     0.178235     0.379914     0.233893     0.028818     0.501016     0.493377     0.127705      3.81477     0.108769     0.272996    0.0782077    0.0408434     0.333623    0.0336264     0.112154     0.114227    0.0879437      2.40939     0.837122  5.22336e-05     0.019519    0.0188092     0.653777  0.000246659    0.0160291      0.97837      2.54903     0.963809      6.62204   0.00510034     0.456999      1.40429      2.21165     0.826134     0.495808     0.544067     0.951131     0.308186     0.232771     0.567695     0.257798     0.348594      0.33484     0.723717     0.575162     0.106525     0.103523     0.105209    0.0206363      4.09885      1.24881     0.892232      0.10523    0.0267222   0.00205025  0.000202531  2.19682e-05  1.64229e-06     0.354801     0.076212     0.038058   0.00379084     0.208209    0.0321915    0.0145793   0.00288761    0.0202611    0.0576999     0.045962      3.38315    0.0602104     0.184544     0.632524      1.45333     0.613225     0.269241      1.38721      1.35028    0.0393334     0.287824     0.227418      0.32588    0.0415926   0.00223316      0.14377    0.0246469  0.000765673      0.50663     0.173222    0.0299372      1.12267
-5.98155e-13  6.56906e-15   1.0485e-13  4.44937e-14  1.42462e-13  4.58425e-14            1 -5.63416e-27  8.67393e-16  5.48543e-15 -2.87864e-28    1.479e-14  6.56467e-14  7.29863e-15  2.91702e-14  4.15101e-15  5.24543e-15  4.23119e-14  9.00382e-14 -4.68995e-14 -6.13994e-15 -7.54498e-14 -1.06927e-13 -1.30481e-14 -4.41192e-13  1.28685e-14 -3.08655e-14 -1.56196e-14 -3.16135e-15 -2.20353e-15 -2.09355e-15 -1.54119e-14 -2.33346e-14 -1.86355e-14 -1.53054e-13 -1.69732e-13  3.31601e-17 -2.02682e-15 -2.31161e-15 -1.48563e-14  2.50682e-17  7.73735e-16 -3.58247e-14 -1.01532e-13 -1.43309e-13  -1.9355e-14 -6.79338e-16  1.54764e-14  1.00061e-14  -4.7322e-14  5.87883e-14  4.62684e-15  3.48079e-14  3.47581e-14  1.49767e-14 -1.55068e-14  4.27332e-14  2.25578e-14 -9.39035e-15  1.71785e-14  1.72187e-13  4.65249e-14  2.22686e-14   2.2916e-14  2.24992e-14  2.64322e-16  9.83873e-13  2.91055e-13   2.0697e-13  1.85285e-14  -3.6145e-16  9.42048e-17  4.16727e-17  4.23093e-18  2.38678e-19  2.99657e-14   2.4773e-14  7.97363e-15  9.50579e-16  3.23031e-14  1.07986e-14  3.73228e-15  7.46881e-16  7.54971e-15  1.60317e-14  8.88093e-15    6.621e-14  1.92519e-14  2.59168e-14  5.88063e-14 -5.11104e-14  9.34838e-14  2.78347e-14  2.73937e-13 -3.15374e-14  6.59345e-15  8.75331e-14   5.7564e-14  8.68569e-14  1.24744e-14  4.84451e-16  3.69414e-14  6.36082e-15  2.03936e-16  1.16577e-13   4.0338e-14  7.75435e-15  2.63007e-13
-5.98155e-13  6.56906e-15   1.0485e-13  4.44937e-14  1.42462e-13  4.58425e-14 -5.63416e-27            1  8.67393e-16  5.48543e-15 -2.87864e-28    1.479e-14  6.56467e-14  7.29863e-15  2.91702e-14  4.15101e-15  5.24543e-15  4.23119e-14  9.00382e-14 -4.68995e-14 -6.13994e-15 -7.54498e-14 -1.06927e-13 -1.30481e-14 -4.41192e-13  1.28685e-14 -3.08655e-14 -1.56196e-14 -3.16135e-15 -2.20353e-15 -2.09355e-15 -1.54119e-14 -2.33346e-14 -1.86355e-14 -1.53054e-13 -1.69732e-13  3.31601e-17 -2.02682e-15 -2.31161e-15 -1.48563e-14  2.50682e-17  7.73735e-16 -3.58247e-14 -1.01532e-13 -1.43309e-13  -1.9355e-14 -6.79338e-16  1.54764e-14  1.00061e-14  -4.7322e-14  5.87883e-14  4.62684e-15  3.48079e-14  3.47581e-14  1.49767e-14 -1.55068e-14  4.27332e-14  2.25578e-14 -9.39035e-15  1.71785e-14  1.72187e-13  4.65249e-14  2.22686e-14   2.2916e-14  2.24992e-14  2.64322e-16  9.83873e-13  2.91055e-13   2.0697e-13  1.85285e-14  -3.6145e-16  9.42048e-17  4.16727e-17  4.23093e-18  2.38678e-19  2.99657e-14   2.4773e-14  7.97363e-15  9.50579e-16  3.23031e-14  1.07986e-14  3.73228e-15  7.46881e-16  7.54971e-15  1.60317e-14  8.88093e-15    6.621e-14  1.92519e-14  2.59168e-14  5.88063e-14 -5.11104e-14  9.34838e-14  2.78347e-14  2.73937e-13 -3.15374e-14  6.59345e-15  8.75331e-14   5.7564e-14  8.68569e-14  1.24744e-14  4.84451e-16  3.69414e-14  6.36082e-15  2.03936e-16  1.16577e-13   4.0338e-14  7.75435e-15  2.63007e-13
  -0.0231612  0.000358915  0.000468283   0.00224845   0.00638144   0.00202265  8.67393e-16  8.67393e-16      1.00009  0.000345422  9.45386e-16  0.000765791   0.00290843  0.000324739   0.00144849   0.00019957  0.000252734   0.00186938   0.00399397   0.00328926  0.000434361   0.00797656   0.00745081   0.00166086    0.0514125   0.00168219   0.00372794     0.001239  0.000783212   0.00398017  0.000646913   0.00157344   0.00165588   0.00133055    0.0318449    0.0124586  9.96458e-07  0.000312678   0.00030345   0.00800494  8.55156e-06  0.000495541    0.0126413    0.0326197    0.0136683    0.0806528  0.000107359   0.00558478    0.0127221    0.0201224   0.00798766   0.00754428   0.00344885   0.00801338   0.00294772   0.00362333    0.0043269   0.00287586   0.00443158   0.00298036   0.00770897   0.00836191   0.00137373   0.00110645   0.00142671  0.000402096     0.043089     0.012087   0.00743241   0.00171199  0.000267589  4.39736e-05  4.08737e-06   6.7467e-07  4.76386e-08   0.00656222    0.0017691  0.000485987  0.000105555   0.00652679   0.00117386  0.000667437  0.000190705   0.00188863   0.00131745   0.00159441    0.0487032   0.00174657   0.00442812    0.0132376     0.020723    0.0106653   0.00684209    0.0128362    0.0228784  0.000730711    0.0145743   0.00665433     0.010697   0.00156297  8.86084e-05   0.00404161  0.000737919  2.23538e-05   0.00912034   0.00495257  0.000810603    0.0123121
  -0.0113307   0.00188539   0.00181859    0.0121087    0.0294201   0.00942346  5.48543e-15  5.48543e-15  0.000345422      1.00253  5.76743e-15   0.00470868    0.0122522   0.00147889   0.00783167   0.00113275   0.00143778   0.00844804    0.0181018    0.0262368   0.00321459    0.0545859    0.0577357    0.0121889     0.383495   0.00714484    0.0249178   0.00885731   0.00451789    0.0269244   0.00367416    0.0109642    0.0125786   0.00976469     0.227803     0.096638  1.77124e-06    0.0021441    0.0019623    0.0551333  5.02838e-05    0.0023252    0.0881348     0.229198    0.0970195     0.543223   0.00061877    0.0266614    0.0605515     0.102263    0.0358016    0.0425445    0.0152764    0.0397168    0.0146234    0.0224805    0.0192203    0.0147471    0.0295627    0.0192461    0.0351997    0.0402413   0.00870915   0.00712406   0.00881972   0.00213379     0.179243    0.0575693    0.0309689   0.00689733   0.00165827  0.000242586  2.17332e-05  3.23641e-06  2.38516e-07    0.0445781    0.0103125   0.00244825  0.000505125    0.0415499   0.00554024   0.00326827   0.00100008   0.00918389   0.00800749    0.0101001     0.258713    0.0111126     0.023223    0.0950342     0.116024    0.0755726    0.0421173    0.0623137     0.154492   0.00450671    0.0825821    0.0437977     0.066349   0.00923148  0.000555457    0.0257266   0.00462264  0.000135094     0.049267    0.0318368   0.00423366    0.0588217
 -6.7101e-13  6.70699e-15   1.1905e-13  6.62254e-14  2.06429e-13  6.67701e-14 -2.87864e-28 -2.87864e-28  9.45386e-16  5.76743e-15            1  2.30068e-14  9.33326e-14  1.05414e-14  4.36135e-14  6.29605e-15   7.9414e-15   6.0964e-14  1.29881e-13   1.5215e-14  2.00014e-15  5.51382e-14  2.71007e-14  1.56958e-14  4.31695e-13  3.64785e-14   4.1296e-14  5.23382e-15  5.82198e-15  6.19351e-14  5.96984e-15  1.45961e-14   7.2299e-15  5.30218e-15   3.4302e-13  5.21402e-14  3.21559e-17  1.89298e-15  1.47584e-15  1.12793e-13  4.68566e-17  3.16935e-15  1.67504e-13  4.35212e-13  1.13821e-13  1.21878e-12  4.51232e-16  9.10836e-14  1.63608e-13  2.08614e-13  1.53156e-13  8.96023e-14  7.53346e-14  1.27228e-13  5.56601e-14  9.76839e-15  8.99457e-14  5.43767e-14  3.43878e-14  4.61938e-14  2.59302e-13  1.80285e-13  3.16648e-14  3.33194e-14  3.44724e-14  2.54251e-15  1.47533e-12  4.02787e-13   3.0157e-13  3.43706e-14  4.44416e-15  3.12287e-16  7.15727e-17  7.96939e-18  5.48506e-19  6.51723e-14  2.60821e-14  1.12278e-14  1.38744e-15  4.90778e-14  1.37667e-14  4.98992e-15  1.00225e-15  7.53705e-15  1.85509e-14  1.24751e-14  8.58094e-13  2.17108e-14    5.841e-14  1.79024e-13   2.5775e-13  1.95269e-13  8.54978e-14  5.04231e-13  2.53848e-13  1.08451e-14  8.45495e-14  7.17621e-14   1.0064e-13  1.25796e-14  6.03712e-16  4.63157e-14  8.01195e-15  2.77187e-16  1.60835e-13  5.67763e-14  9.82726e-15  3.83234e-13
   -0.151087   0.00472356    0.0652961    0.0754392     0.215856    0.0694247    1.479e-14    1.479e-14  0.000765791   0.00470868  2.30068e-14      1.02781    0.0956856    0.0110112    0.0496953   0.00720225   0.00910113    0.0634863     0.135458      0.08988    0.0109974      0.18841     0.189205    0.0484912      1.44512    0.0345201    0.0941009     0.029305    0.0166238     0.124534    0.0129555    0.0394925    0.0409591    0.0324757     0.914806     0.322684  1.63841e-05   0.00773279   0.00705772     0.244668  0.000121943   0.00756834     0.369885     0.960423     0.350937      2.47375   0.00201515     0.163122     0.490575     0.772498     0.285656     0.171379     0.191154       0.3371     0.110953    0.0866874     0.200613    0.0906962     0.127448      0.12203     0.252082     0.187882    0.0437857    0.0410007    0.0423137   0.00834343      1.40375     0.465384     0.312962    0.0341427   0.00988408   0.00076719   8.3043e-05  7.71142e-06  7.05318e-07     0.140669     0.032551    0.0138949   0.00144552    0.0944056    0.0140713    0.0071753   0.00176502    0.0139947    0.0242033    0.0219506      1.17297    0.0269906    0.0743476     0.248153     0.497249     0.240379     0.113236     0.467972     0.513262     0.015348     0.165449     0.104811     0.158218    0.0206267   0.00114169    0.0648999    0.0111541  0.000348371     0.207643    0.0785577    0.0114489     0.405765
    -1.71675    0.0152366     0.188132     0.274329      0.84643     0.272451  6.56467e-14  6.56467e-14   0.00290843    0.0122522  9.33326e-14    0.0956856      1.38538    0.0433492     0.180802    0.0260145    0.0328389     0.250691     0.534233     0.324269    0.0402672      0.70007     0.685064     0.176966      5.28966     0.154832      0.38455     0.109269    0.0569951     0.464856    0.0472718     0.157813     0.160013     0.122924      3.34968      1.16147  7.30182e-05    0.0274426    0.0264207      0.91039  0.000341456    0.0224516      1.35898       3.5349       1.3483      9.20381   0.00717531     0.653025      2.02517      3.19281      1.18419      0.70193     0.784878      1.36734     0.440509     0.330206     0.817795     0.362222     0.492205     0.478766      1.01319     0.812728     0.147583     0.143832     0.144487    0.0293156      5.75638      1.75793      1.25693     0.150283    0.0376112   0.00287291  0.000281639  3.11273e-05  2.29188e-06     0.487429     0.106949    0.0535078   0.00535047     0.285109    0.0448911    0.0204763   0.00413486    0.0294584    0.0795116    0.0629684       4.7892    0.0856714     0.257528     0.887117      2.08149     0.860082     0.371238      1.96412      1.87623    0.0564891     0.399908     0.309334     0.447599    0.0569076   0.00317837     0.196698    0.0337555   0.00100921     0.704501     0.237903    0.0421241      1.57437
   -0.177768   0.00177735    0.0226337    0.0312956     0.095702    0.0308336  7.29863e-15  7.29863e-15  0.000324739   0.00147889  1.05414e-14    0.0110112    0.0433492       1.0049    0.0206324   0.00297578   0.00375696    0.0283056    0.0603327    0.0371942   0.00459703    0.0797335    0.0784974    0.0202764     0.605683    0.0171973    0.0433503    0.0124521   0.00652782    0.0530334   0.00536471    0.0178315    0.0181628    0.0139931     0.383025     0.133176  8.16286e-06   0.00313129   0.00299961     0.103912  3.98709e-05   0.00258682     0.155424     0.404501     0.153242      1.05107  0.000815264    0.0733545     0.226163     0.356585      0.13246     0.078853    0.0876148     0.153026    0.0494731    0.0373234    0.0913922    0.0409148    0.0557032    0.0538319     0.114454    0.0910952    0.0169848    0.0164866    0.0166738   0.00332263     0.648288     0.199114     0.141723    0.0167064   0.00426205  0.000325771  3.22228e-05  3.47903e-06   2.6221e-07    0.0562685    0.0122355    0.0060611  0.000603022    0.0332519   0.00512684   0.00235083  0.000478155   0.00339762   0.00920012   0.00737316     0.539129   0.00979117    0.0295552     0.101331     0.232438    0.0980882    0.0428382     0.220168     0.214272   0.00636515    0.0470418    0.0362729    0.0524257    0.0066795  0.000365281    0.0229502   0.00393483  0.000120086    0.0808488    0.0276905   0.00478537     0.178209
   -0.453453   0.00839322     0.109252     0.137542     0.403962     0.129949  2.91702e-14  2.91702e-14   0.00144849   0.00783167  4.36135e-14    0.0496953     0.180802    0.0206324      1.09062    0.0130854    0.0165297     0.119071     0.253973     0.164399    0.0202603     0.347978     0.346865    0.0889887      2.65297    0.0673642     0.178728    0.0541819    0.0301093     0.230102    0.0238894    0.0744815    0.0767145    0.0603309      1.67953     0.589831  3.25822e-05    0.0141113    0.0130724     0.451494  0.000207721    0.0132556      0.68147      1.77021     0.656823        4.564   0.00369176     0.313486     0.945881       1.4928     0.549073     0.323485     0.363991     0.642419       0.2109       0.1605     0.382791     0.170666      0.23757     0.229556     0.473192     0.367381     0.078393    0.0740068    0.0761646    0.0152508      2.65285     0.863096     0.590204    0.0659717    0.0183678   0.00141633  0.000150707   1.4867e-05   1.2499e-06     0.255266    0.0578746    0.0260214   0.00267212     0.165688    0.0248586    0.0123756   0.00293994    0.0230179    0.0434268     0.037684       2.2693    0.0472689      0.13718     0.461495     0.953043     0.447155      0.20435     0.891357       0.9396    0.0277921      0.27301     0.182243     0.272913    0.0352981    0.0019786     0.113849    0.0195614  0.000600906     0.375514     0.137266    0.0213664     0.756757
   -0.064003   0.00122236    0.0162749    0.0198471    0.0582744    0.0187717  4.15101e-15  4.15101e-15   0.00019957   0.00113275  6.29605e-15   0.00720225    0.0260145   0.00297578    0.0130854       1.0019   0.00239569    0.0171724    0.0366302     0.023819   0.00291837    0.0500259    0.0501434    0.0128997     0.384928   0.00966264    0.0258322   0.00781015   0.00426877    0.0333476   0.00338333    0.0107611    0.0111106   0.00871056     0.243298    0.0853949  4.60214e-06   0.00202337   0.00187645    0.0654583  2.93253e-05   0.00181334    0.0986929     0.256665    0.0948015     0.662115  0.000521559    0.0445635      0.13469     0.212548    0.0785412     0.046912    0.0521073    0.0918167    0.0300977    0.0231249    0.0546614    0.0247406    0.0343648    0.0328708    0.0687483    0.0528615     0.011279    0.0106872    0.0109897   0.00213671     0.384889     0.123745    0.0852535   0.00951366   0.00264409  0.000202614   2.1187e-05  2.05038e-06  1.74323e-07    0.0370496   0.00818837   0.00373424  0.000376448    0.0235187   0.00344781   0.00167003  0.000379738   0.00282769   0.00621803   0.00536125     0.323334   0.00670595    0.0195217    0.0661737     0.136253    0.0637719    0.0290464     0.129009     0.136176   0.00402649    0.0372707    0.0260003    0.0383447   0.00493034    0.0002649    0.0161826   0.00277409  8.69273e-05    0.0534301    0.0194968   0.00303929     0.109172
  -0.0798253   0.00155402    0.0205474    0.0250712    0.0735696    0.0236977  5.24543e-15  5.24543e-15  0.000252734   0.00143778   7.9414e-15   0.00910113    0.0328389   0.00375696    0.0165297   0.00239569      1.00303    0.0216795    0.0462453     0.030126    0.0036911     0.063232    0.0634226     0.016308     0.486699    0.0121715    0.0326193   0.00987502   0.00539816    0.0421481   0.00427308    0.0135925    0.0140448    0.0110123     0.307631     0.108016  5.80772e-06   0.00256288   0.00237356    0.0827423     3.73e-05   0.00229464     0.124777      0.32449     0.119836     0.836853   0.00065915    0.0562974     0.170109     0.268509     0.099179    0.0592298    0.0657524     0.115943    0.0380089    0.0292568    0.0690009    0.0312351     0.043446    0.0415041    0.0867594    0.0667702    0.0142736    0.0135156     0.013902   0.00270359     0.485534      0.15626     0.107581    0.0120102   0.00333814  0.000256472  2.67634e-05  2.58802e-06  2.20323e-07    0.0469844    0.0103669   0.00472317  0.000475219    0.0298833   0.00435459   0.00210886  0.000480105   0.00357433   0.00790264   0.00680933     0.408643   0.00852343    0.0247587    0.0838765     0.172014    0.0807468    0.0367263     0.162686     0.172277   0.00510013    0.0473154    0.0330392    0.0487323   0.00626772  0.000335778    0.0205535    0.0035227  0.000110323    0.0677032    0.0247414   0.00386032     0.137858
    -1.05047    0.0101461     0.130088     0.180621     0.553193     0.178235  4.23119e-14  4.23119e-14   0.00186938   0.00844804   6.0964e-14    0.0634863     0.250691    0.0283056     0.119071    0.0171724    0.0216795      1.16364     0.348775     0.214178    0.0264634      0.45976     0.451972     0.116823      3.48966    0.0998638     0.250636     0.071789    0.0375639     0.305671    0.0309308     0.103021      0.10487    0.0807003       2.2071     0.766776  4.72624e-05    0.0180105    0.0173019     0.598936  0.000228786     0.014865     0.894897      2.32915     0.883124      6.05873   0.00470079     0.421962      1.30521      2.05703     0.765136     0.456543     0.507033     0.884005     0.285171     0.215622     0.528079     0.236581     0.321699     0.310949     0.662456     0.525812    0.0976946    0.0950083    0.0958921    0.0191467      3.75458      1.14953     0.819612    0.0969402    0.0245914   0.00188247  0.000185094  2.00989e-05   1.5089e-06     0.323263    0.0704442    0.0349664   0.00347834     0.190071    0.0294963    0.0134884   0.00271811    0.0192844    0.0527231    0.0421621      3.10309    0.0562831     0.168791      0.57945      1.34502     0.561487     0.244789      1.27559      1.23436    0.0367614     0.268246     0.207326     0.299257    0.0381553   0.00208848     0.131285    0.0225131  0.000685841     0.464286     0.158487    0.0274696      1.02974
    -2.20968    0.0217723     0.277808      0.38523      1.17913     0.379914  9.00382e-14  9.00382e-14   0.00399397    0.0181018  1.29881e-13     0.135458     0.534233    0.0603327     0.253973    0.0366302    0.0462453     0.348775      1.74339     0.457518    0.0565445     0.981006     0.965494     0.249473      7.45326     0.212136     0.533975     0.153203    0.0802246     0.652768    0.0659808     0.219578     0.223577     0.172206      4.71368      1.63813  0.000100682    0.0385177    0.0369333      1.27903   0.00048952    0.0317208      1.91264      4.97807      1.88611      12.9386    0.0100296     0.902967      2.78647      4.39303        1.632     0.971814      1.07994      1.88551     0.609262     0.459491      1.12614     0.504207      0.68603     0.662915      1.41073      1.12258     0.208883     0.202818     0.205023    0.0408567      7.99275      2.45192      1.74664     0.206113    0.0524796    0.0040114   0.00039606   4.2814e-05  3.21861e-06     0.692074     0.150349    0.0746259   0.00741963     0.407923     0.062936    0.0287633   0.00581669    0.0411677     0.113039    0.0903564      6.63849     0.120269     0.362784      1.24565      2.86393      1.20629     0.525793      2.71446      2.63697    0.0783408     0.574486      0.44485     0.642117    0.0818011   0.00446551     0.281546    0.0482702   0.00147215     0.993931     0.339609     0.058856      2.19535
   -0.439322    0.0325419     0.586117     0.247603      0.72586     0.233893 -4.68995e-14 -4.68995e-14   0.00328926    0.0262368   1.5215e-14      0.08988     0.324269    0.0371942     0.164399     0.023819     0.030126     0.214178     0.457518     0.964892  -0.00489832   -0.0450943    -0.116244    0.0226278     0.405412    0.0498821   -0.0140392   -0.0223895   0.00853192      0.17935   0.00393998   -0.0129735   -0.0431285   -0.0282683     0.683266    -0.151773  0.000120735   0.00207033  -0.00369985      0.30178  0.000195467    0.0072106     0.460408      1.17221  0.000570948      3.41454   -0.0013329      0.34626     0.453195     0.579024     0.452927    0.0408104     0.214332     0.355082     0.194533   -0.0632431     0.290691     0.143098    0.0235296     0.134398     0.848155     0.461394     0.139925     0.137368     0.145145   0.00290501      4.66403      1.57845      1.10108    0.0612728    0.0109874  0.000103909  0.000279162  1.59953e-05  1.45577e-06     0.226229    0.0976834    0.0439152   0.00381366     0.179217    0.0412096    0.0154252   0.00368091    0.0266774    0.0758915    0.0446353      2.64687    0.0856166     0.280843     0.733399     0.182752     0.807045     0.298362      1.51452     0.380091    0.0327855     0.288695     0.302295     0.432194    0.0522874   0.00199853     0.191011    0.0321913   0.00117946     0.627227     0.212863    0.0342369       1.3596
  -0.0700516   0.00409124    0.0716446    0.0305559    0.0896616     0.028818 -6.13994e-15 -6.13994e-15  0.000434361   0.00321459  2.00014e-15    0.0109974    0.0402672   0.00459703    0.0202603   0.00291837    0.0036911    0.0264634    0.0565445  -0.00489832     0.999512   -0.0045176   -0.0150902   0.00235148    0.0365214   0.00717094 -0.000865805  -0.00273612   0.00132358    0.0211297  0.000852736  -0.00134696  -0.00555692  -0.00355798    0.0775757   -0.0200167  1.55083e-05  0.000353963 -0.000443377    0.0351588  2.74784e-05   0.00114332    0.0563008     0.142407   0.00420993     0.397252 -0.000136993    0.0479661    0.0578444    0.0736722    0.0575748    0.0026995    0.0229097    0.0420685    0.0258677   -0.0102766    0.0352294    0.0160727 -1.08295e-05    0.0148842     0.102494    0.0656607    0.0176207    0.0170098    0.0182018  0.000512068     0.563771     0.196809     0.134623    0.0079153   0.00133065  3.28493e-06   3.7521e-05  2.32129e-06  2.01955e-07    0.0280586    0.0124838   0.00548782  0.000498434    0.0253037   0.00548432   0.00212285  0.000590959   0.00449776    0.0102167    0.0062025     0.373923    0.0115104    0.0392944     0.104415    0.0257921     0.115585    0.0428318     0.191502    0.0555737   0.00403893    0.0440567    0.0407797    0.0605541   0.00716121  0.000305326    0.0258968   0.00434917  0.000150545    0.0854778    0.0294574   0.00467948     0.168487
    -2.73176    0.0663259      1.15274     0.527286      1.55818     0.501016 -7.54498e-14 -7.54498e-14   0.00797656    0.0545859  5.51382e-14      0.18841      0.70007    0.0797335     0.347978    0.0500259     0.063232      0.45976     0.981006   -0.0450943   -0.0045176      1.08313    -0.161763      0.05663      1.08021     0.190116    0.0719512   -0.0234144    0.0387997     0.366708    0.0292637    0.0109589   -0.0559672   -0.0350488      1.55254    -0.189461  0.000271381   0.00657273  -0.00224908     0.627359  0.000596198    0.0378493     0.950657      2.40904     0.200209      7.00137    0.0006328     0.697862     0.858786     0.998276     0.968818     0.247589     0.415727     0.697266     0.387972    -0.088239     0.566815     0.312422    0.0657399     0.260917      1.84184      1.13555     0.282052     0.284277     0.296866      0.01732      10.2649      3.30529      2.28899     0.188246    0.0234725   0.00116903  0.000621542  5.09892e-05   4.1508e-06     0.477926     0.226804      0.09201   0.00947415     0.432244     0.107711    0.0443303    0.0112552      0.10142     0.170038     0.110838      5.93175     0.207987     0.584926      1.48158     0.872984      1.65818     0.659739      3.46159      1.15539    0.0777739      0.86468     0.679962       1.0258     0.129947   0.00649686     0.437567    0.0752282   0.00253892      1.43461     0.501995    0.0798012      2.91758
    -1.12347    0.0725047       1.2775     0.522737      1.53201     0.493377 -1.06927e-13 -1.06927e-13   0.00745081    0.0577357  2.71007e-14     0.189205     0.685064    0.0784974     0.346865    0.0501434    0.0634226     0.451972     0.965494    -0.116244   -0.0150902    -0.161763     0.667433    0.0299348     0.283926     0.105664   -0.0647799   -0.0599041    0.0152799     0.343587   0.00638339   -0.0431012    -0.111152   -0.0750978      1.13169    -0.466781  0.000267955   0.00167529   -0.0104185     0.562306  0.000414014    0.0165899     0.862913      2.18393    -0.133587      6.49979  -0.00333448     0.699737     0.773075     0.897931      0.88384    0.0390009     0.377616     0.629923     0.381245    -0.169352     0.550762     0.278528  -0.00186919     0.241139      1.78991     0.972072     0.293723     0.289343     0.307235   0.00498125      9.84815      3.32179      2.31098     0.130505    0.0200108  8.09518e-05  0.000602803  3.64963e-05  3.25583e-06     0.454379     0.211726    0.0922264   0.00836328     0.388956    0.0928242     0.035301   0.00868871     0.066727     0.165167    0.0977746      5.48427     0.187005     0.607404       1.5524     0.247776      1.71907     0.649402      3.18136     0.690033    0.0682331     0.670716     0.658434     0.954277     0.116502   0.00455825     0.417096    0.0704116   0.00259007      1.35295     0.466197    0.0753924      2.87112
   -0.242533    0.0159127     0.271158      0.13405     0.395913     0.127705 -1.30481e-14 -1.30481e-14   0.00166086    0.0121889  1.56958e-14    0.0484912     0.176966    0.0202764    0.0889887    0.0128997     0.016308     0.116823     0.249473    0.0226278   0.00235148      0.05663    0.0299348      1.03086     0.787319    0.0336036    0.0324411   0.00277234    0.0102162     0.130223   0.00644477    0.0105599 -0.000506908   0.00174894     0.674309    0.0693059  5.78991e-05   0.00364802   0.00124804     0.233498  0.000115159   0.00569424     0.351041     0.903042     0.144078      2.51831   0.00021974     0.222714     0.435922     0.638107     0.328847    0.0911595     0.186103     0.313981     0.132815    0.0144337      0.22092     0.103216    0.0696423     0.115868     0.464111     0.268333    0.0749493    0.0735645    0.0774464   0.00434341      2.56528     0.858836     0.601507    0.0383723   0.00890664  0.000336994  0.000145021  9.22453e-06  8.13965e-07     0.151408    0.0516633    0.0243928   0.00209953     0.102195     0.021208   0.00848868   0.00180456    0.0125184    0.0393572     0.024974       1.6042    0.0419822     0.148659     0.392526     0.280482     0.415267     0.164305     0.820944     0.339236    0.0190074      0.15273     0.156499     0.223649    0.0270995   0.00105004    0.0990221    0.0166969  0.000622284     0.331669     0.110888    0.0182761     0.739829
    -8.47063     0.477216      8.28239      3.99605      11.8239      3.81477 -4.41192e-13 -4.41192e-13    0.0514125     0.383495  4.31695e-13      1.44512      5.28966     0.605683      2.65297     0.384928     0.486699      3.48966      7.45326     0.405412    0.0365214      1.08021     0.283926     0.787319      21.4052     0.953662     0.697576   -0.0241725     0.234035       3.7021     0.144727     0.198499    -0.176284   -0.0642982      18.4661       1.1292   0.00176834    0.0973091    0.0211462      6.59187   0.00320908     0.118038      9.98948      25.7265      3.42368      72.0371  -0.00152743      6.38001      11.7378      16.7842      9.19557      2.49017      5.04889      8.54792      3.81259      0.16428       6.1536      2.97529      1.77981      3.13169      13.9583      7.97853      2.25873      2.19147      2.31664    0.0999128      77.1788      25.3881      17.9216      1.16101     0.251109   0.00924949   0.00445128  0.000278662  2.45146e-05      4.46567      1.55254     0.723046    0.0666547      3.14083     0.673508     0.259027    0.0571878     0.390286      1.18719      0.74976      46.5878      1.30435      4.42758      12.2527      7.44915      12.9522      5.05593      24.5975      10.0555      0.58071      4.55951      4.77714      6.68624     0.820996    0.0311013      2.99112     0.506326    0.0188685      9.88874      3.37733     0.560501      22.1113
     -2.0569   0.00788937     0.131692     0.103555     0.336874     0.108769  1.28685e-14  1.28685e-14   0.00168219   0.00714484  3.64785e-14    0.0345201     0.154832    0.0171973    0.0673642   0.00966264    0.0121715    0.0998638     0.212136    0.0498821   0.00717094     0.190116     0.105664    0.0336036     0.953662      1.10275     0.132877    0.0234907    0.0176065     0.101451    0.0185529    0.0488252    0.0368425    0.0254012     0.675964     0.185335  5.32706e-05   0.00440545    0.0055278       0.1946    0.0001442     0.012785     0.277239     0.722181     0.319068        2.015   0.00223564     0.120756     0.237356     0.273161     0.266188     0.249813     0.121983     0.198214    0.0782723    0.0494007     0.129583     0.101607    0.0792145    0.0684972     0.449484     0.374925    0.0395088    0.0478038    0.0453035   0.00817041      2.62234     0.594095       0.4668    0.0872367   0.00779714  0.000976665  0.000105338  1.86874e-05  1.19556e-06     0.101979    0.0438216    0.0172264    0.0025994    0.0801343    0.0263916    0.0100712   0.00197009    0.0202914    0.0287523    0.0224598      1.46788    0.0438635    0.0732955     0.212866     0.710692     0.235079     0.113928     0.976185     0.609219    0.0231651     0.169535     0.106489     0.157196    0.0214607   0.00144837    0.0718101    0.0130244  0.000367292     0.262835    0.0944583    0.0168115     0.622999
    -2.63856    0.0315977     0.576466     0.270584     0.845629     0.272996 -3.08655e-14 -3.08655e-14   0.00372794    0.0249178   4.1296e-14    0.0941009      0.38455    0.0433503     0.178728    0.0258322    0.0326193     0.250636     0.533975   -0.0140392 -0.000865805    0.0719512   -0.0647799    0.0324411     0.697576     0.132877      1.10716  -0.00535119    0.0116331     0.198643    0.0132624    0.0303399  -0.00622416  -0.00849165      0.83915   -0.0737943  0.000142864   0.00193372  -0.00127806     0.342372  0.000173237   0.00702411     0.488428      1.25317     0.204076      3.76456 -0.000587008     0.336395     0.464734     0.529472     0.571513     0.232189     0.257341     0.393797     0.198985   -0.0342168      0.31716     0.189545    0.0558588     0.149652      1.06309      0.70372     0.128583     0.140299     0.139674   0.00400306      5.99859      1.67825      1.26879     0.123623     0.013019  0.000576494  0.000270427  2.77862e-05  1.88355e-06     0.195579     0.101173      0.04833   0.00480879     0.141803    0.0474401     0.017442   0.00352632    0.0275589    0.0694135    0.0418798      3.08084    0.0949605     0.258122     0.630195     0.766178     0.716029      0.25896       2.1443      0.67304    0.0441021     0.238815     0.264161     0.368788    0.0439531   0.00185578     0.171511    0.0291653   0.00101894     0.601799     0.208506    0.0350239       1.5696
   -0.388113    0.0112981     0.196344    0.0819069     0.243043    0.0782077 -1.56196e-14 -1.56196e-14     0.001239   0.00885731  5.23382e-15     0.029305     0.109269    0.0124521    0.0541819   0.00781015   0.00987502     0.071789     0.153203   -0.0223895  -0.00273612   -0.0234144   -0.0599041   0.00277234   -0.0241725    0.0234907  -0.00535119     0.990628   0.00283562    0.0475317   0.00184434  -0.00545108    -0.016692   -0.0119693     0.137394   -0.0868649  4.43866e-05 -0.000115234  -0.00168923    0.0762439  7.31925e-05   0.00363533     0.112453     0.281744   -0.0287441       0.8942 -0.000421815    0.0983861    0.0997838    0.0975583     0.137703    0.0171101     0.057622    0.0896224    0.0543525   -0.0246416    0.0816103    0.0443984   -0.0018988    0.0353973      0.28876     0.158501    0.0438009    0.0443918    0.0462544   0.00120418      1.60286     0.516871       0.3626     0.025413   0.00274488  6.24403e-05  9.09043e-05   6.7127e-06  5.55739e-07     0.064832    0.0345468    0.0144082   0.00138412    0.0583383    0.0156393   0.00622178    0.0015032    0.0127523    0.0254497    0.0158641     0.793629    0.0307948    0.0899044     0.210511    0.0636161     0.240664    0.0919438     0.527697     0.107841    0.0114771     0.118329     0.100941     0.150485    0.0186981  0.000781347    0.0645586    0.0109571  0.000392137     0.210191     0.073447    0.0117878     0.454484
   -0.107967   0.00554088    0.0809577    0.0459426     0.128024    0.0408434 -3.16135e-15 -3.16135e-15  0.000783212   0.00451789  5.82198e-15    0.0166238    0.0569951   0.00652782    0.0301093   0.00426877   0.00539816    0.0375639    0.0802246   0.00853192   0.00132358    0.0387997    0.0152799    0.0102162     0.234035    0.0176065    0.0116331   0.00283562      1.00872    0.0374952   0.00618983   0.00404959 -0.000251678   0.00185282     0.217761    0.0319664  2.19422e-05   0.00194494   0.00114608    0.0682341  0.000102171   0.00848135     0.109343     0.274928    0.0559084     0.726023  0.000811558    0.0785847     0.128032     0.180337    0.0984676    0.0266332    0.0456737    0.0886497    0.0424316   0.00515612    0.0612105    0.0278918    0.0174079    0.0313512     0.135701    0.0945652    0.0271474     0.025396    0.0277437   0.00444563     0.751265     0.295777     0.177135    0.0158761   0.00265063  0.000237606  6.31652e-05  5.16475e-06  4.62321e-07    0.0623119    0.0244357   0.00799063  0.000869202     0.061389    0.0113225   0.00537756   0.00155297    0.0154263    0.0198771    0.0148331     0.611887    0.0215373    0.0607878       0.1575    0.0921299     0.173214    0.0769724     0.242811     0.147412   0.00669896     0.140082    0.0808946     0.134508    0.0174442    0.0010343     0.052578   0.00912651  0.000272355     0.167338    0.0584158   0.00892881     0.242547
   -0.565866    0.0351907     0.569611     0.346431      1.03452     0.333623 -2.20353e-15 -2.20353e-15   0.00398017    0.0269244  6.19351e-14     0.124534     0.464856    0.0530334     0.230102    0.0333476    0.0421481     0.305671     0.652768      0.17935    0.0211297     0.366708     0.343587     0.130223       3.7021     0.101451     0.198643    0.0475317    0.0374952      1.43776    0.0264054    0.0781568    0.0603424    0.0519476      2.64432     0.618047  0.000125306    0.0180922    0.0124368     0.816076   0.00029231    0.0134451      1.23715      3.20496     0.818247      8.54849   0.00267161     0.700743      1.65896      2.56022      1.07172     0.417365     0.650912      1.13345     0.432685     0.151194     0.737109     0.330284      0.32495     0.404188       1.2163     0.799189      0.19682     0.189586      0.19952     0.016745      6.75078      2.22825      1.57903     0.114765    0.0320772   0.00155095  0.000379142  2.59378e-05  2.20591e-06     0.476054     0.127631    0.0651479   0.00579094      0.29332    0.0527219    0.0214637   0.00444854    0.0264286    0.0992703    0.0661615      4.99051     0.102486     0.390347      1.15809      1.27913      1.16158     0.470335      2.18571      1.35027    0.0550612     0.360332     0.396549     0.550479     0.066222    0.0027204     0.248678    0.0420232   0.00153408     0.849318     0.283901    0.0488455      1.93225
   -0.239688   0.00423295    0.0632855    0.0365607     0.105253    0.0336264 -2.09355e-15 -2.09355e-15  0.000646913   0.00367416  5.96984e-15    0.0129555    0.0472718   0.00536471    0.0238894   0.00338333   0.00427308    0.0309308    0.0659808   0.00393998  0.000852736    0.0292637   0.00638339   0.00644477     0.144727    0.0185529    0.0132624   0.00184434   0.00618983    0.0264054      1.00516   0.00443505 -0.000188593   0.00101998     0.147373    0.0154851  1.88849e-05   0.00135824  0.000745775     0.047564  7.11677e-05   0.00600458    0.0774088     0.194546    0.0450918     0.511784  0.000587751     0.058958    0.0829525     0.106026    0.0746997    0.0269094    0.0291886     0.058474     0.031706   -0.0002941    0.0424315     0.021371   0.00945272     0.021034     0.115638    0.0892883    0.0205027    0.0195625    0.0213115   0.00324943     0.648948     0.232323     0.144099    0.0158151   0.00192834  0.000183578  5.01786e-05  4.74301e-06  3.78552e-07    0.0449143    0.0196757   0.00618819  0.000776528    0.0476831    0.0096881   0.00436626   0.00128336    0.0123089    0.0155635    0.0118959      0.49457    0.0173116    0.0461032     0.129484    0.0897543     0.145399    0.0641198     0.225249     0.131873    0.0056834     0.113157    0.0635498     0.105312    0.0134186  0.000826201    0.0413608   0.00718445  0.000204058     0.132189    0.0478616   0.00722239     0.198864
   -0.944178    0.0138059     0.249639     0.112688     0.347759     0.112154 -1.54119e-14 -1.54119e-14   0.00157344    0.0109642  1.45961e-14    0.0394925     0.157813    0.0178315    0.0744815    0.0107611    0.0135925     0.103021     0.219578   -0.0129735  -0.00134696    0.0109589   -0.0431012    0.0105599     0.198499    0.0488252    0.0303399  -0.00545108   0.00404959    0.0781568   0.00443505      1.00716  -0.00840649   -0.0073102     0.303162   -0.0567875  5.95414e-05   0.00053912  -0.00112526     0.132318  7.18495e-05    0.0028555     0.190479     0.486263    0.0506506      1.47568 -0.000414329     0.138322     0.173952     0.189488     0.222391    0.0762138    0.0979857     0.150314    0.0802516   -0.0215905     0.125376    0.0731998    0.0148612    0.0578748     0.431788     0.274091    0.0552831    0.0591744    0.0595947    0.0013447      2.42611     0.701707     0.522033    0.0469387   0.00497755  0.000176688  0.000115496  1.08091e-05  7.68222e-07    0.0816358    0.0432464    0.0199404   0.00197332    0.0634143    0.0200024   0.00734516   0.00156848    0.0121116    0.0303442    0.0182401      1.23978    0.0401195     0.110691     0.275492     0.256098     0.312292     0.114197     0.853603     0.244604    0.0177778     0.111626     0.116704     0.164953    0.0197584  0.000829476    0.0753504     0.012805  0.000448342     0.258683    0.0901261    0.0149717     0.646778
    -0.80596    0.0164327     0.291627       0.1158     0.353996     0.114227 -2.33346e-14 -2.33346e-14   0.00165588    0.0125786   7.2299e-15    0.0409591     0.160013    0.0181628    0.0767145    0.0111106    0.0140448      0.10487     0.223577   -0.0431285  -0.00555692   -0.0559672    -0.111152 -0.000506908    -0.176284    0.0368425  -0.00622416    -0.016692 -0.000251678    0.0603424 -0.000188593  -0.00840649     0.975196   -0.0202942     0.109734    -0.168373  6.54141e-05  -0.00179476  -0.00359798    0.0923251   6.3501e-05   0.00138426     0.121492     0.303184   -0.0768782      1.11152  -0.00121262     0.112389    0.0914921    0.0511695     0.189728    0.0308557    0.0824433     0.107462    0.0642267   -0.0397963     0.108106    0.0648845  -0.00750396    0.0479194     0.439257     0.226251    0.0571749    0.0619336    0.0619295 -0.000601833      2.44873     0.725183     0.538085    0.0392028   0.00306441  5.22962e-06  0.000110921  9.15234e-06  6.69419e-07    0.0697097    0.0452035    0.0206337   0.00182657     0.053648    0.0192077   0.00708504   0.00136529    0.0108847    0.0305725    0.0171369     0.965966    0.0410892       0.1107     0.232704     0.100353     0.273943    0.0933877     0.823856    0.0931169     0.016973     0.100817     0.117287     0.164677    0.0201031  0.000654394    0.0753483    0.0126862  0.000484918     0.248388    0.0866743    0.0143811     0.657876
   -0.445761    0.0123871       0.2237    0.0910816      0.27298    0.0879437 -1.86355e-14 -1.86355e-14   0.00133055   0.00976469  5.30218e-15    0.0324757     0.122924    0.0139931    0.0603309   0.00871056    0.0110123    0.0807003     0.172206   -0.0282683  -0.00355798   -0.0350488   -0.0750978   0.00174894   -0.0642982    0.0254012  -0.00849165   -0.0119693   0.00185282    0.0519476   0.00101998   -0.0073102   -0.0202942     0.985237     0.132351    -0.110411  4.97987e-05 -0.000508059  -0.00226204    0.0822469  6.81656e-05   0.00290463     0.119643     0.300547   -0.0432969     0.973881 -0.000663622     0.106831     0.101546    0.0933139     0.149813    0.0143075    0.0631439     0.094449    0.0588979   -0.0323812    0.0886761    0.0491109  -0.00599461    0.0370139     0.327327     0.176501    0.0480357    0.0492011    0.0509271  0.000536702      1.81939     0.576565     0.411751    0.0277835   0.00294594  2.05078e-05  9.89148e-05  7.06783e-06  5.70845e-07    0.0654064     0.036433    0.0160389   0.00148245    0.0557314    0.0162948   0.00612439   0.00139456    0.0114965    0.0265943    0.0152046     0.876981    0.0326482    0.0965213     0.226353    0.0607646     0.260801    0.0948975     0.601725    0.0984085      0.01236     0.103747     0.103467     0.149562    0.0184481  0.000717455     0.066408    0.0112694   0.00041179      0.22173    0.0748938    0.0123532     0.509283
    -5.03034     0.280835      4.68008      2.53275      7.47703      2.40939 -1.53054e-13 -1.53054e-13    0.0318449     0.227803   3.4302e-13     0.914806      3.34968     0.383025      1.67953     0.243298     0.307631       2.2071      4.71368     0.683266    0.0775757      1.55254      1.13169     0.674309      18.4661     0.675964      0.83915     0.137394     0.217761      2.64432     0.147373     0.303162     0.109734     0.132351      15.7511      2.28823   0.00103826    0.0961496    0.0501544      4.83318   0.00245401     0.110162       7.3521      18.9571      3.69869       51.704    0.0105669      4.45398      9.36062      13.9189      6.60877      2.18295      3.82043      6.59751      2.71889     0.555183      4.49629      2.07491      1.65884      2.38445      8.72518      5.30319      1.45639      1.39503      1.47095     0.103815        48.28      16.1881      11.2665     0.792292     0.187918   0.00906968   0.00285208  0.000186965  1.63369e-05      3.22894      1.01207     0.465649    0.0428658      2.24439     0.427154     0.170951    0.0391249     0.276916     0.787338     0.521523      31.9655     0.855825      2.84171        8.235      6.52274      8.56864      3.36813      15.4934      8.10995     0.392663      3.31043      3.17195      4.51198     0.558651     0.023493      1.98692     0.337127    0.0119339      6.56214      2.24918     0.372301      13.9994
     -1.7997         0.12      2.10617     0.889036      2.59924     0.837122 -1.69732e-13 -1.69732e-13    0.0124586     0.096638  5.21402e-14     0.322684      1.16147     0.133176     0.589831    0.0853949     0.108016     0.766776      1.63813    -0.151773   -0.0200167    -0.189461    -0.466781    0.0693059       1.1292     0.185335   -0.0737943   -0.0868649    0.0319664     0.618047    0.0154851   -0.0567875    -0.168373    -0.110411      2.28823     0.382904  0.000442729   0.00681561    -0.013333       1.0342  0.000761602    0.0306136      1.59532      4.05314   -0.0646526      11.8069  -0.00446181      1.23461      1.52134      1.87699      1.58015      0.14279     0.707639      1.19859     0.686426    -0.236031     0.999657     0.500204    0.0618067     0.448966      3.02978      1.67286     0.505465     0.493203     0.523412    0.0123367      16.6657       5.6418      3.91105     0.229347    0.0375842  0.000532721   0.00103218  6.05721e-05  5.52604e-06     0.837735     0.361391     0.156982    0.0143044     0.697265     0.157668    0.0593391    0.0146338     0.111506      0.28527     0.171888      9.47271     0.323372      1.03963      2.74356     0.564447      3.01217      1.13697      5.38272      1.44551     0.120779      1.16413       1.1404       1.6427     0.201653   0.00791458     0.719795     0.121702    0.0044337      2.34063     0.805522     0.129785      4.87557
-0.000730327  2.24626e-06 -3.98845e-05  5.01342e-05  0.000161144  5.22336e-05  3.31601e-17  3.31601e-17  9.96458e-07  1.77124e-06  3.21559e-17  1.63841e-05  7.30182e-05  8.16286e-06  3.25822e-05  4.60214e-06  5.80772e-06  4.72624e-05  0.000100682  0.000120735  1.55083e-05  0.000271381  0.000267955  5.78991e-05   0.00176834  5.32706e-05  0.000142864  4.43866e-05  2.19422e-05  0.000125306  1.88849e-05  5.95414e-05  6.54141e-05  4.97987e-05   0.00103826  0.000442729            1  9.64523e-06  1.03221e-05  0.000255594  1.29235e-07  1.05453e-05   0.00039339   0.00103014   0.00049674   0.00252385  3.14461e-06  0.000169028  0.000540032  0.000870029  0.000301756  0.000237435  0.000173163  0.000340693  0.000105772   0.00012101  0.000184138  9.34002e-05  0.000154279  0.000115169   0.00019415  0.000249923  2.65216e-05  2.43693e-05  2.80989e-05  1.12592e-05   0.00112278  0.000300654  0.000209848  4.72692e-05   9.9602e-06  1.15356e-06  6.52782e-08  1.26788e-08  7.88752e-10  0.000158901   2.5702e-05   1.1612e-05   1.5888e-06  0.000111603  1.43459e-05  7.59655e-06  1.81743e-06  1.77352e-05  2.48061e-05  2.34373e-05   0.00141942   2.1795e-05  7.11418e-05  0.000243858   0.00068944  0.000208701  0.000115509  0.000384818  0.000659002  1.31104e-05  0.000173955  0.000100277   0.00015542  2.17785e-05  1.32813e-06  6.36073e-05  1.12804e-05  3.16095e-07  0.000193283  7.71084e-05  1.46416e-05  0.000301959
  -0.0145452   0.00254241    0.0392074    0.0213621    0.0610579     0.019519 -2.02682e-15 -2.02682e-15  0.000312678    0.0021441  1.89298e-15   0.00773279    0.0274426   0.00313129    0.0141113   0.00202337   0.00256288    0.0180105    0.0385177   0.00207033  0.000353963   0.00657273   0.00167529   0.00364802    0.0973091   0.00440545   0.00193372 -0.000115234   0.00194494    0.0180922   0.00135824   0.00053912  -0.00179476 -0.000508059    0.0961496   0.00681561  9.64523e-06      1.00103  0.000310818    0.0325134  3.04349e-05   0.00142618    0.0534954     0.135702    0.0202969     0.353569  8.24004e-05    0.0401386    0.0729946     0.105689    0.0503985   0.00812936    0.0247225    0.0486382    0.0233252  0.000165194      0.03406    0.0130788   0.00815406    0.0160047    0.0649895    0.0451333     0.013905    0.0123085     0.013433    0.0012284     0.354733     0.139914    0.0885114   0.00602175   0.00131355  6.97098e-05  2.75735e-05   1.5754e-06  1.53275e-07     0.031524    0.0103408   0.00401173  0.000370203    0.0285906   0.00418458   0.00161735  0.000512232     0.003931   0.00959227   0.00630912     0.287256   0.00966254    0.0289678    0.0894515    0.0308543    0.0966851    0.0355443     0.114478     0.071068   0.00333263    0.0512077     0.037805    0.0581573   0.00724281  0.000337318    0.0236597   0.00399276  0.000118456     0.075564    0.0264213   0.00432852     0.115933
  -0.0890265   0.00236003    0.0410841    0.0198188    0.0585843    0.0188092 -2.31161e-15 -2.31161e-15   0.00030345    0.0019623  1.47584e-15   0.00705772    0.0264207   0.00299961    0.0130724   0.00187645   0.00237356    0.0173019    0.0369333  -0.00369985 -0.000443377  -0.00224908   -0.0104185   0.00124804    0.0211462    0.0055278  -0.00127806  -0.00168923   0.00114608    0.0124368  0.000745775  -0.00112526  -0.00359798  -0.00226204    0.0501544    -0.013333  1.03221e-05  0.000310818     0.999996    0.0211631  2.38269e-05      0.00131    0.0322958    0.0814127   -0.0016636     0.246626  1.07832e-05    0.0259245    0.0423773    0.0516698    0.0382759    0.0080659     0.019638      0.03338    0.0158526  -0.00184166    0.0257079    0.0119091   0.00387851    0.0110219    0.0671296    0.0365954    0.0113509     0.010821    0.0112542  0.000805354      0.37527     0.126831    0.0855956   0.00692446  0.000888057  5.88888e-05  2.37882e-05  1.63637e-06  1.44104e-07    0.0210616   0.00894953   0.00347757  0.000350706    0.0189181    0.0040326   0.00147618  0.000371545     0.003329   0.00729391   0.00429615     0.199722   0.00821394    0.0207603    0.0578792    0.0204521    0.0674945    0.0249767     0.116731     0.042593   0.00290865    0.0358422    0.0275034    0.0411395   0.00545149  0.000237128    0.0175776   0.00299572   9.8754e-05    0.0597031    0.0194663   0.00334824     0.109772
    -1.23711    0.0704334      1.15458      0.68001       2.0273     0.653777 -1.48563e-14 -1.48563e-14   0.00800494    0.0551333  1.12793e-13     0.244668      0.91039     0.103912     0.451494    0.0654583    0.0827423     0.598936      1.27903      0.30178    0.0351588     0.627359     0.562306     0.233498      6.59187       0.1946     0.342372    0.0762439    0.0682341     0.816076     0.047564     0.132318    0.0923251    0.0822469      4.83318       1.0342  0.000255594    0.0325134    0.0211631      2.51487  0.000596049    0.0264354      2.29536      5.94138      1.42335      15.9538   0.00444668      1.32235      3.05229      4.67208      2.01477     0.756577      1.21376      2.10279     0.815973     0.254955      1.38296     0.625695     0.586173     0.752079      2.38164      1.52523     0.387397     0.372536     0.391776     0.031066      13.2105      4.36839      3.08632     0.222521    0.0594064   0.00287324  0.000746394  5.00272e-05  4.26896e-06     0.916075     0.255424     0.127228     0.011353     0.577284     0.105508    0.0423743   0.00891462    0.0556254     0.198291     0.131209      9.40013     0.208856     0.760957      2.24829      2.28708      2.27899     0.908005      4.26776      2.51189     0.107697     0.736116      0.79275      1.10177     0.133983    0.0054509     0.496807    0.0841099   0.00304191       1.6843     0.564591    0.0963367      3.78804
-0.000653291  4.06797e-05  0.000322816  0.000324192   0.00078626  0.000246659  2.50682e-17  2.50682e-17  8.55156e-06  5.02838e-05  4.68566e-17  0.000121943  0.000341456  3.98709e-05  0.000207721  2.93253e-05     3.73e-05  0.000228786   0.00048952  0.000195467  2.74784e-05  0.000596198  0.000414014  0.000115159   0.00320908    0.0001442  0.000173237  7.31925e-05  0.000102171   0.00029231  7.11677e-05  7.18495e-05   6.3501e-05  6.81656e-05   0.00245401  0.000761602  1.29235e-07  3.04349e-05  2.38269e-05  0.000596049            1  0.000102157  0.000971019   0.00243444  0.000736153   0.00607248  1.35959e-05  0.000410146  0.000553278  0.000840313  0.000453553  0.000341041  0.000172451  0.000445523  0.000224151  0.000211068   0.00026292  0.000202673  0.000266984  0.000211285  0.000778862  0.000544142  0.000242148  0.000190706  0.000216042  5.43944e-05   0.00405013   0.00189346  0.000841726  0.000131844   1.5088e-05  4.13701e-06  5.49433e-07  6.16358e-08   5.0344e-09   0.00081397  0.000292001  6.05919e-05  1.01441e-05  0.000881564   0.00013308  7.27432e-05  2.24757e-05  0.000223578  0.000212127  0.000229331   0.00374275  0.000323821  0.000526568   0.00158541   0.00103984    0.0015135  0.000638555   0.00133579   0.00193776  9.26096e-05   0.00217987   0.00104589    0.0017371  0.000233613  1.33446e-05  0.000634427  0.000112416  2.84118e-06   0.00150758  0.000723002  9.75961e-05   0.00155571
   -0.061959   0.00233359    0.0241053    0.0207165      0.05129    0.0160291  7.73735e-16  7.73735e-16  0.000495541    0.0023252  3.16935e-15   0.00756834    0.0224516   0.00258682    0.0132556   0.00181334   0.00229464     0.014865    0.0317208    0.0072106   0.00114332    0.0378493    0.0165899   0.00569424     0.118038     0.012785   0.00702411   0.00363533   0.00848135    0.0134451   0.00600458    0.0028555   0.00138426   0.00290463     0.110162    0.0306136  1.05453e-05   0.00142618      0.00131    0.0264354  0.000102157      1.00949    0.0448747      0.10842    0.0330172     0.268468   0.00104515    0.0314627    0.0429771    0.0570728    0.0328613    0.0144895    0.0122234     0.030051    0.0149467   0.00812441    0.0180143   0.00930988   0.00869672    0.0109997    0.0444716    0.0351918    0.0130252    0.0116141     0.012987   0.00453569     0.247896     0.132418    0.0565201   0.00954891  0.000984114  0.000244282  3.70966e-05  3.88203e-06   3.4766e-07    0.0381648     0.016542   0.00327448  0.000502354    0.0466524   0.00818187   0.00439888   0.00136592    0.0155838    0.0131722    0.0112365     0.280602    0.0154669    0.0299245    0.0754106    0.0475788    0.0853069    0.0440858    0.0754938    0.0892499   0.00347522     0.127153    0.0554271     0.100883      0.01399   0.00100866    0.0367292   0.00658394  0.000164233     0.110164    0.0398263   0.00570231    0.0994111
    -1.01397     0.111381      1.75177      1.02611      3.03417      0.97837 -3.58247e-14 -3.58247e-14    0.0126413    0.0881348  1.67504e-13     0.369885      1.35898     0.155424      0.68147    0.0986929     0.124777     0.894897      1.91264     0.460408    0.0563008     0.950657     0.862913     0.351041      9.98948     0.277239     0.488428     0.112453     0.109343      1.23715    0.0774088     0.190479     0.121492     0.119643       7.3521      1.59532   0.00039339    0.0534954    0.0322958      2.29536  0.000971019    0.0448747      4.59074      9.29327      2.25922      24.1912   0.00722171       2.1748      4.63691      7.13105      3.00772      1.01219      1.67544      3.07712      1.28735     0.306207      2.02713     0.897171     0.815657      1.07923      3.47567      2.46357     0.610839      0.57009      0.61773    0.0493367      19.1708      6.62617      4.57493     0.315396    0.0895931   0.00402979   0.00123797  7.89678e-05  6.71101e-06      1.49321     0.398418     0.193337    0.0178002      1.02754     0.169016    0.0665198    0.0161968     0.102667     0.337443     0.224231      15.6425     0.334625      1.31228      4.06134      3.20469      4.10815       1.6412      6.25248      4.09059     0.156972       1.3162      1.36385      1.92531     0.230164   0.00999267     0.852232     0.144215   0.00505902      2.82738     0.968313     0.163416      5.69505
    -2.96551     0.289328      4.60812      2.66458      7.89838      2.54903 -1.01532e-13 -1.01532e-13    0.0326197     0.229198  4.35212e-13     0.960423       3.5349     0.404501      1.77021     0.256665      0.32449      2.32915      4.97807      1.17221     0.142407      2.40904      2.18393     0.903042      25.7265     0.722181      1.25317     0.281744     0.274928      3.20496     0.194546     0.486263     0.303184     0.300547      18.9571      4.05314   0.00103014     0.135702    0.0814127      5.94138   0.00243444      0.10842      9.29327      25.0793      5.79271      62.7361    0.0175979      5.59234      11.8047      18.1191      7.71718      2.61267      4.26896      7.84394      3.30506     0.752227      5.17835      2.32921       2.0779      2.74446      9.09124      6.42494       1.5796      1.47721      1.60298     0.121602      50.1683        17.16       11.919      0.82419     0.230808    0.0102541   0.00319879  0.000203108  1.71459e-05      3.85259      1.01909     0.500816    0.0460865      2.62101     0.434539     0.166526    0.0394131     0.239109      0.86859      0.56873       40.535     0.853695       3.3863         10.5      8.21075      10.6162      4.23312      16.3267      10.5545     0.403514      3.21798       3.4974      4.88667     0.582584    0.0245179      2.18388     0.369381    0.0131221      7.27411      2.47707     0.421822      14.8177
    -4.20861     0.125719      2.12706     0.990368      2.98952     0.963809 -1.43309e-13 -1.43309e-13    0.0136683    0.0970195  1.13821e-13     0.350937       1.3483     0.153242     0.656823    0.0948015     0.119836     0.883124      1.88611  0.000570948   0.00420993     0.200209    -0.133587     0.144078      3.42368     0.319068     0.204076   -0.0287441    0.0559084     0.818247    0.0450918    0.0506506   -0.0768782   -0.0432969      3.69869   -0.0646526   0.00049674    0.0202969   -0.0016636      1.42335  0.000736153    0.0330172      2.25922      5.79271       1.8635      15.5981   -0.0017299      1.72381      2.51753      3.45091      2.21638      0.45609     0.926749      1.73426     0.944788    -0.188132      1.32286     0.630746     0.196254      0.59666      3.48549      2.51116     0.553478     0.543596     0.580575    0.0221371      19.3291      6.36446      4.48785     0.326063    0.0545872    0.0012594   0.00119573   8.4544e-05  6.46777e-06      1.02742     0.382157     0.182104    0.0166674     0.820485     0.168969    0.0596969    0.0154007     0.108897      0.32871     0.189863       13.808     0.354023      1.27459      3.61974      1.82389      3.90515      1.45072      6.69564      2.66109     0.138811      1.13519      1.26892      1.81235     0.212021   0.00906775     0.810341     0.136477   0.00471551      2.75441     0.928522     0.157404       5.6012
    -13.1279      0.68849       11.256      6.87485      20.5185      6.62204  -1.9355e-14  -1.9355e-14    0.0806528     0.543223  1.21878e-12      2.47375      9.20381      1.05107        4.564     0.662115     0.836853      6.05873      12.9386      3.41454     0.397252      7.00137      6.49979      2.51831      72.0371        2.015      3.76456       0.8942     0.726023      8.54849     0.511784      1.47568      1.11152     0.973881       51.704      11.8069   0.00252385     0.353569     0.246626      15.9538   0.00607248     0.268468      24.1912      62.7361      15.5981      168.956     0.053729      13.5474      32.1372       49.321      20.8398      8.35466      12.7059      22.0791      8.44264      3.02238       14.377      6.58402      6.42121      7.86464      24.1886       15.532       3.9209      3.74647      3.95856     0.333162      134.392      43.9867      31.1606      2.32099     0.627769    0.0324845   0.00757406  0.000519838  4.42203e-05      9.60909      2.58022      1.28543     0.118855      6.00303      1.09751     0.441408    0.0910358     0.556342      1.99472      1.34912      96.0046      2.06148      7.60011      22.7961      24.6467      22.9384      9.35101      42.8952      27.0091       1.0962      7.58021      8.02422      11.0929      1.35814     0.054844      5.00787     0.849334    0.0310815      16.9746      5.71368     0.982392      38.3244
  -0.0308841  0.000672489     0.011076   0.00565949    0.0159988   0.00510034 -6.79338e-16 -6.79338e-16  0.000107359   0.00061877  4.51232e-16   0.00201515   0.00717531  0.000815264   0.00369176  0.000521559   0.00065915   0.00470079    0.0100296   -0.0013329 -0.000136993    0.0006328  -0.00333448   0.00021974  -0.00152743   0.00223564 -0.000587008 -0.000421815  0.000811558   0.00267161  0.000587751 -0.000414329  -0.00121262 -0.000663622    0.0105669  -0.00446181  3.14461e-06  8.24004e-05  1.07832e-05   0.00444668  1.35959e-05   0.00104515   0.00722171    0.0175979   -0.0017299     0.053729      1.00008   0.00676234   0.00641012    0.0055941   0.00787513   0.00152497   0.00313049   0.00558172   0.00367069 -0.000978998   0.00484484   0.00277767  1.09457e-05    0.0021014    0.0173984   0.00941136   0.00327651   0.00304045   0.00328927  0.000458919     0.097782    0.0361254       0.0217   0.00210317  0.000176366  2.52471e-05  8.07141e-06  6.81572e-07  5.70446e-08   0.00624038   0.00329995  0.000915983  0.000126858   0.00713857   0.00166513  0.000739276  0.000207944   0.00208869   0.00236025   0.00179801    0.0552358   0.00288432   0.00642639    0.0172145   0.00429906    0.0201479   0.00870226    0.0303449    0.0115773  0.000835121    0.0182648    0.0098665    0.0163997   0.00216438  0.000132053   0.00638006   0.00111989  3.27154e-05    0.0200472   0.00711498   0.00108482    0.0301949
    0.560896    0.0467079     0.510554     0.470878      1.42651     0.456999  1.54764e-14  1.54764e-14   0.00558478    0.0266614  9.10836e-14     0.163122     0.653025    0.0733545     0.313486    0.0445635    0.0562974     0.421962     0.902967      0.34626    0.0479661     0.697862     0.699737     0.222714      6.38001     0.120756     0.336395    0.0983861    0.0785847     0.700743     0.058958     0.138322     0.112389     0.106831      4.45398      1.23461  0.000169028    0.0401386    0.0259245      1.32235  0.000410146    0.0314627       2.1748      5.59234      1.72381      13.5474   0.00676234      2.68851      4.02757      6.49299      2.19246     0.523836      1.23752      2.40808     0.976634     0.265166      1.52494      0.49608      0.57852     0.804972      1.41287      1.45829      0.31682     0.271377     0.308032    0.0422654      7.77474      3.44557      2.19366     0.115444    0.0583909   0.00201399  0.000680484  3.58273e-05  2.67259e-06     0.907821     0.189135      0.10288    0.0080054     0.616993    0.0673983    0.0316773    0.0108091     0.072004     0.185114     0.121082       10.315     0.136728     0.864119       2.7393      1.94375      2.79116      1.07703      2.70612      2.50721    0.0634253     0.749822     0.723915      1.11148     0.121449   0.00678627     0.463507    0.0772222   0.00232592      1.65891     0.523118    0.0901637       2.6873
   -0.408348     0.116897      1.80388      1.42046      4.38841      1.40429  1.00061e-14  1.00061e-14    0.0127221    0.0605515  1.63608e-13     0.490575      2.02517     0.226163     0.945881      0.13469     0.170109      1.30521      2.78647     0.453195    0.0578444     0.858786     0.773075     0.435922      11.7378     0.237356     0.464734    0.0997838     0.128032      1.65896    0.0829525     0.173952    0.0914921     0.101546      9.36062      1.52134  0.000540032    0.0729946    0.0423773      3.05229  0.000553278    0.0429771      4.63691      11.8047      2.51753      32.1372   0.00641012      4.02757      12.4622      18.0591      6.39153      1.31265      4.36209      7.40568      2.62096     0.800862      4.84264      1.51122      1.63956      2.55326      4.54079      2.84787     0.884197     0.802445     0.819558    0.0996141      25.4361      10.6009      7.02222     0.314634     0.151698   0.00473739   0.00155684  5.21366e-05  4.64103e-06      2.02517       0.5347     0.301831    0.0181565      1.08178     0.144902     0.069844    0.0189633     0.121818     0.410702     0.213776      20.0265     0.312968      1.74173      4.88887      4.18646      5.53334      1.84122      8.05629      4.20598     0.180077      1.37838      1.43426      2.22928     0.252307     0.012168     0.942908     0.152499    0.0046669      3.93904      1.01813     0.181367      8.14378
      1.3928      0.19823      3.01105      2.23843      6.91306      2.21165  -4.7322e-14  -4.7322e-14    0.0201224     0.102263  2.08614e-13     0.772498      3.19281     0.356585       1.4928     0.212548     0.268509      2.05703      4.39303     0.579024    0.0736722     0.998276     0.897931     0.638107      16.7842     0.273161     0.529472    0.0975583     0.180337      2.56022     0.106026     0.189488    0.0511695    0.0933139      13.9189      1.87699  0.000870029     0.105689    0.0516698      4.67208  0.000840313    0.0570728      7.13105      18.1191      3.45091       49.321    0.0055941      6.49299      18.0591      29.6014      10.0345      1.66106      6.81292      11.5812      4.16201      1.08716      7.62446      2.31835      2.44088      4.01096      7.05714       4.3564       1.4188      1.28073      1.31695     0.144697      39.3183      16.9201      11.1498     0.404663     0.231032   0.00563514   0.00247568  6.66596e-05  5.85203e-06       3.1808     0.840646     0.482978    0.0269285      1.66658     0.206941     0.100447    0.0279668     0.168552     0.652298     0.326959      31.7687     0.490081      2.89312      8.07102      5.61936      9.05882       2.9183      12.4371      5.77326     0.271458      1.93962      2.28679       3.5322     0.389112    0.0181719      1.50127     0.241757   0.00743295      6.20674      1.58841     0.285176      12.8363
     -2.7405    0.0665641      0.93905     0.826948      2.57452     0.826134  5.87883e-14  5.87883e-14   0.00798766    0.0358016  1.53156e-13     0.285656      1.18419      0.13246     0.549073    0.0785412     0.099179     0.765136        1.632     0.452927    0.0575748     0.968818      0.88384     0.328847      9.19557     0.266188     0.571513     0.137703    0.0984676      1.07172    0.0746997     0.222391     0.189728     0.149813      6.60877      1.58015  0.000301756    0.0503985    0.0382759      2.01477  0.000453553    0.0328613      3.00772      7.71718      2.21638      20.8398   0.00787513      2.19246      6.39153      10.0345      4.72032      1.22314      2.47619      4.19918      1.44348     0.631534        2.693     0.954738      1.10366      1.46665      2.84175      1.97864     0.478074     0.454146     0.456374    0.0640612      16.0085      5.86712      4.03614     0.283284    0.0934304   0.00449622  0.000845803  5.21234e-05  4.02254e-06      1.22545     0.309051     0.174101     0.012156     0.654246    0.0980754    0.0486807    0.0115318    0.0805816     0.230749     0.142215      12.1245     0.203726     0.952267      2.59462      3.69877      2.82302      1.01536      5.29444      3.38192     0.128598     0.870312     0.830282      1.26824     0.148698   0.00728769     0.541572    0.0888471   0.00280023      2.16417     0.619025     0.108775      4.77553
    -5.52315    0.0544458     0.861492     0.491227      1.53712     0.495808  4.62684e-15  4.62684e-15   0.00754428    0.0425445  8.96023e-14     0.171379      0.70193     0.078853     0.323485     0.046912    0.0592298     0.456543     0.971814    0.0408104    0.0026995     0.247589    0.0390009    0.0911595      2.49017     0.249813     0.232189    0.0171101    0.0266332     0.417365    0.0269094    0.0762138    0.0308557    0.0143075      2.18295      0.14279  0.000237435   0.00812936    0.0080659     0.756577  0.000341041    0.0144895      1.01219      2.61267      0.45609      8.35466   0.00152497     0.523836      1.31265      1.66106      1.22314      1.79543     0.760208      1.11523     0.386649     0.203854     0.789355     0.470211     0.358699     0.424827      2.00863      1.05127     0.225783      0.24441     0.236031     0.016252      11.4646      2.93673       2.2737     0.271181    0.0305886   0.00295156  0.000430092  5.03284e-05  3.77639e-06     0.485671     0.203888    0.0860116    0.0107272     0.310308     0.106128    0.0419239   0.00703568    0.0590553     0.118442    0.0918897      3.95604     0.171412     0.345102     0.814577      1.80712     0.868646      0.42103      3.62929      1.60663     0.100964     0.622667     0.467896     0.638595    0.0905475    0.0033404     0.293701    0.0516643   0.00199204     0.988607     0.366751    0.0659742      2.84422
    -1.17496    0.0294421     0.636176     0.547919      1.70014     0.544067  3.48079e-14  3.48079e-14   0.00344885    0.0152764  7.53346e-14     0.191154     0.784878    0.0876148     0.363991    0.0521073    0.0657524     0.507033      1.07994     0.214332    0.0229097     0.415727     0.377616     0.186103      5.04889     0.121983     0.257341     0.057622    0.0456737     0.650912    0.0291886    0.0979857    0.0824433    0.0631439      3.82043     0.707639  0.000173163    0.0247225     0.019638      1.21376  0.000172451    0.0122234      1.67544      4.26896     0.926749      12.7059   0.00313049      1.23752      4.36209      6.81292      2.47619     0.760208      2.94183      3.02361     0.924682     0.463051      1.96045     0.662503     0.773808      1.08677       1.8964     0.789415     0.304666     0.296792     0.273068    0.0378309      10.7775      3.98656      2.76825     0.152509     0.061591   0.00259606  0.000444683   1.5175e-05  1.67716e-06     0.617722     0.191979     0.110355   0.00635519     0.196578    0.0473156    0.0276058   0.00484089    0.0331547     0.093105    0.0483791       5.1848    0.0947909     0.371385     0.825946      2.13645      1.09183      0.30845      3.35888      1.37533    0.0803416     0.333827     0.302429     0.473853      0.05803   0.00274053     0.206134    0.0326667    0.0010254      1.06441     0.226189    0.0367505      3.11985
     -1.2009     0.070861      1.20493     0.966669      2.97139     0.951131  3.47581e-14  3.47581e-14   0.00801338    0.0397168  1.27228e-13       0.3371      1.36734     0.153026     0.642419    0.0918167     0.115943     0.884005      1.88551     0.355082    0.0420685     0.697266     0.629923     0.313981      8.54792     0.198214     0.393797    0.0896224    0.0886497      1.13345     0.058474     0.150314     0.107462     0.094449      6.59751      1.19859  0.000340693    0.0486382      0.03338      2.10279  0.000445523     0.030051      3.07712      7.84394      1.73426      22.0791   0.00558172      2.40808      7.40568      11.5812      4.19918      1.11523      3.02361      5.96243      1.65249     0.656019      3.22826      1.06365      1.20077      1.74281      3.20062       1.7353     0.573379     0.536121     0.527075    0.0680397      18.0164      7.02387      4.74232     0.253285     0.103439   0.00407527  0.000951059  3.67464e-05  3.55198e-06      1.28086     0.362066     0.197655     0.012314     0.630101    0.0998728    0.0497349    0.0114407    0.0758645     0.245071     0.134938      11.7333     0.215158     0.956381      2.58674      3.27815      3.01543     0.993827      5.66358      2.86977     0.135849     0.926274     0.854038       1.3212      0.15638   0.00722448     0.561745      0.09097   0.00282764      2.39903     0.616134     0.105712      5.49804
  -0.0231293    0.0239541     0.343226     0.317279     0.962252     0.308186  1.49767e-14  1.49767e-14   0.00294772    0.0146234  5.56601e-14     0.110953     0.440509    0.0494731       0.2109    0.0300977    0.0380089     0.285171     0.609262     0.194533    0.0258677     0.387972     0.381245     0.132815      3.81259    0.0782723     0.198985    0.0543525    0.0424316     0.432685     0.031706    0.0802516    0.0642267    0.0588979      2.71889     0.686426  0.000105772    0.0233252    0.0158526     0.815973  0.000224151    0.0149467      1.28735      3.30506     0.944788      8.44264   0.00367069     0.976634      2.62096      4.16201      1.44348     0.386649     0.924682      1.65249      1.61687     0.209921       1.0573     0.349639      0.40693     0.565975     0.992276     0.793228     0.204081     0.179563     0.190683     0.026502      5.53017      2.30054      1.50057    0.0831306    0.0383207   0.00148338  0.000398514  1.88912e-05  1.60471e-06     0.529764     0.124504    0.0667279   0.00502735     0.327652    0.0424971     0.020923   0.00645528    0.0435926     0.101498    0.0661986      5.43804    0.0827603     0.445999      1.38435      1.28722      1.47923     0.545788      1.85879       1.4598    0.0448796     0.443393     0.393086     0.607139    0.0682502   0.00383008     0.251424      0.04148   0.00123548      0.96126     0.288193    0.0469537      1.79869
    -1.29858    0.0314231     0.470731     0.242967     0.725983     0.232771 -1.55068e-14 -1.55068e-14   0.00362333    0.0224805  9.76839e-15    0.0866874     0.330206    0.0373234       0.1605    0.0231249    0.0292568     0.215622     0.459491   -0.0632431   -0.0102766    -0.088239    -0.169352    0.0144337      0.16428    0.0494007   -0.0342168   -0.0246416   0.00515612     0.151194   -0.0002941   -0.0215905   -0.0397963   -0.0323812     0.555183    -0.236031   0.00012101  0.000165194  -0.00184166     0.254955  0.000211068   0.00812441     0.306207     0.752227    -0.188132      3.02238 -0.000978998     0.265166     0.800862      1.08716     0.631534     0.203854     0.463051     0.656019     0.209921      1.09713     0.480085     0.212825     0.159183      0.26118     0.874785     0.240162     0.130263     0.130453     0.125998   0.00853258      4.90708      1.56583      1.09899     0.080347    0.0115199   0.00107114  0.000208661  1.50545e-05  1.45653e-06     0.255759     0.116989    0.0462596   0.00451934     0.173192    0.0493718    0.0239072   0.00498903    0.0467894     0.066264    0.0512475     0.870399    0.0885061      0.18975     0.286568     0.293192     0.352937     0.149345       1.3485     0.274475    0.0438739     0.435751       0.2708     0.418155    0.0596833   0.00226887     0.167758    0.0287359    0.0010996     0.527301     0.190808    0.0311619      1.34758
   -0.692401    0.0370851     0.621223     0.576103      1.77441     0.567695  4.27332e-14  4.27332e-14    0.0043269    0.0192203  8.99457e-14     0.200613     0.817795    0.0913922     0.382791    0.0546614    0.0690009     0.528079      1.12614     0.290691    0.0352294     0.566815     0.550762      0.22092       6.1536     0.129583      0.31716    0.0816103    0.0612105     0.737109    0.0424315     0.125376     0.108106    0.0886761      4.49629     0.999657  0.000184138      0.03406    0.0257079      1.38296   0.00026292    0.0180143      2.02713      5.17835      1.32286       14.377   0.00484484      1.52494      4.84264      7.62446        2.693     0.789355      1.96045      3.22826       1.0573     0.480085      3.07613     0.682272     0.822434       1.1385       1.9068      1.07662     0.342339     0.318542     0.311095    0.0450614      10.7558      4.21227      2.84114      0.15585    0.0681016   0.00282414   0.00056487  2.34189e-05  2.21093e-06     0.800586     0.214746     0.119253   0.00757838     0.379832      0.05864    0.0320534    0.0076096    0.0500951     0.137597    0.0823819      7.32654     0.121126     0.566384      1.55521      2.34743      1.79357     0.605236      3.42399      1.98021    0.0839799     0.571641     0.489313     0.768475    0.0893326   0.00447249     0.321125    0.0517856   0.00157301      1.39583     0.361778    0.0597867      3.28056
    -1.51777     0.020271     0.328697     0.257755     0.798271     0.257798  2.25578e-14  2.25578e-14   0.00287586    0.0147471  5.43767e-14    0.0906962     0.362222    0.0409148     0.170666    0.0247406    0.0312351     0.236581     0.504207     0.143098    0.0160727     0.312422     0.278528     0.103216      2.97529     0.101607     0.189545    0.0443984    0.0278918     0.330284     0.021371    0.0731998    0.0648845    0.0491109      2.07491     0.500204  9.34002e-05    0.0130788    0.0119091     0.625695  0.000202673   0.00930988     0.897171      2.32921     0.630746      6.58402   0.00277767      0.49608      1.51122      2.31835     0.954738     0.470211     0.662503      1.06365     0.349639     0.212825     0.682272      1.31274     0.340718     0.387069     0.975617     0.546019     0.135545     0.133561     0.133526    0.0156985      5.52807      1.66658      1.22305     0.110774    0.0265698     0.001824  0.000236585  2.03514e-05  1.57736e-06     0.358388    0.0977403    0.0499888   0.00487691     0.178789    0.0426957    0.0196693   0.00337408    0.0240078    0.0568478    0.0452174      2.90364    0.0654673     0.217728     0.556161      1.22244     0.565963     0.244518      1.71787      1.06748     0.046281     0.260344     0.230882     0.319224    0.0417144   0.00166358      0.14382    0.0246681  0.000939146     0.526356     0.171331    0.0299437      1.47555
    -1.33154    0.0398443     0.611294     0.358484      1.08408     0.348594 -9.39035e-15 -9.39035e-15   0.00443158    0.0295627  3.43878e-14     0.127448     0.492205    0.0557032      0.23757    0.0343648     0.043446     0.321699      0.68603    0.0235296 -1.08295e-05    0.0657399  -0.00186919    0.0696423      1.77981    0.0792145    0.0558588   -0.0018988    0.0174079      0.32495   0.00945272    0.0148612  -0.00750396  -0.00599461      1.65884    0.0618067  0.000154279   0.00815406   0.00387851     0.586173  0.000266984   0.00869672     0.815657       2.0779     0.196254      6.42121  1.09457e-05      0.57852      1.63956      2.44088      1.10366     0.358699     0.773808      1.20077      0.40693     0.159183     0.822434     0.340718      1.31262     0.456855      1.27203     0.533863     0.200879     0.195807     0.194381    0.0149898      7.10035      2.37784      1.66795     0.111208    0.0252012   0.00150601  0.000329614   1.9484e-05  1.68726e-06     0.446161     0.154498    0.0692184   0.00585073     0.261465    0.0562126    0.0249514    0.0048651      0.03737    0.0983771    0.0680159      2.86959     0.114275     0.322849     0.804267     0.777144     0.882209     0.321174      2.11569     0.808323    0.0609364     0.459934      0.38921     0.562488    0.0737383   0.00270071       0.2429    0.0409651   0.00147435     0.813701     0.272016     0.045391      2.01395
   -0.417445    0.0277296     0.426398     0.346042      1.04639      0.33484  1.71785e-14  1.71785e-14   0.00298036    0.0192461  4.61938e-14      0.12203     0.478766    0.0538319     0.229556    0.0328708    0.0415041     0.310949     0.662915     0.134398    0.0148842     0.260917     0.241139     0.115868      3.13169    0.0684972     0.149652    0.0353973    0.0313512     0.404188     0.021034    0.0578748    0.0479194    0.0370139      2.38445     0.448966  0.000115169    0.0160047    0.0110219     0.752079  0.000211285    0.0109997      1.07923      2.74446      0.59666      7.86464    0.0021014     0.804972      2.55326      4.01096      1.46665     0.424827      1.08677      1.74281     0.565975      0.26118       1.1385     0.387069     0.456855      1.65626      1.14083     0.533406     0.204538     0.193196     0.188553    0.0240692      6.36929      2.48239      1.66047    0.0818608    0.0357018   0.00156855  0.000330659   1.5798e-05  1.35466e-06      0.46969     0.146817    0.0707101   0.00494985     0.241211    0.0423174    0.0251985   0.00623022     0.047296    0.0820345    0.0614992      3.58408    0.0881086     0.325539      0.87656      1.19667     0.987975     0.341303      2.01512     0.990185    0.0542271      0.46018     0.334206     0.526868    0.0631893   0.00341079     0.213057    0.0350834   0.00107355      0.78194     0.244507    0.0346278      1.93864
    -6.02136    0.0415516     0.599791     0.717782      2.23754     0.723717  1.72187e-13  1.72187e-13   0.00770897    0.0351997  2.59302e-13     0.252082      1.01319     0.114454     0.473192    0.0687483    0.0867594     0.662456      1.41073     0.848155     0.102494      1.84184      1.78991     0.464111      13.9583     0.449484      1.06309      0.28876     0.135701       1.2163     0.115638     0.431788     0.439257     0.327327      8.72518      3.02978   0.00019415    0.0649895    0.0671296      2.38164  0.000778862    0.0444716      3.47567      9.09124      3.48549      24.1886    0.0173984      1.41287      4.54079      7.05714      2.84175      2.00863       1.8964      3.20062     0.992276     0.874785       1.9068     0.975617      1.27203      1.14083      3.87276      2.12895     0.349401     0.362007      0.35591    0.0637047      16.3804      4.33071       3.3205     0.439335    0.0947618   0.00777898    0.0006494  8.60482e-05  6.28027e-06      1.16554      0.25659     0.134336    0.0148071     0.614386     0.122255    0.0529384   0.00783898    0.0493732     0.169701     0.145656      11.3514     0.209276     0.541728      1.80299      5.70192      1.64137     0.799617      5.51802      4.89393     0.156683     0.777055     0.675216     0.891257     0.118751   0.00567562     0.422729    0.0736687   0.00255769      1.50345     0.535411    0.0975476      4.14399
    -5.40336    0.0596235     0.702733     0.555935      1.77806     0.575162  4.65249e-14  4.65249e-14   0.00836191    0.0402413  1.80285e-13     0.187882     0.812728    0.0910952     0.367381    0.0528615    0.0667702     0.525812      1.12258     0.461394    0.0656607      1.13555     0.972072     0.268333      7.97853     0.374925      0.70372     0.158501    0.0945652     0.799189    0.0892883     0.274091     0.226251     0.176501      5.30319      1.67286  0.000249923    0.0451333    0.0365954      1.52523  0.000544142    0.0351918      2.46357      6.42494      2.51116       15.532   0.00941136      1.45829      2.84787       4.3564      1.97864      1.05127     0.789415       1.7353     0.793228     0.240162      1.07662     0.546019     0.533863     0.533406      2.12895      3.40628     0.298943      0.29452     0.325552    0.0397155      12.0078      3.48067        2.566     0.335462    0.0583005   0.00379817  0.000727381  8.11662e-05  5.09527e-06     0.946612     0.200844     0.111882    0.0117718     0.695517     0.100524    0.0313638   0.00786782    0.0460502     0.226179     0.141583      13.0094     0.215838     0.883412      2.92866      3.53573      2.88446      1.15838      4.56916      3.93144     0.104094     0.674913     0.832132      1.15968     0.131965   0.00646546     0.534434    0.0907541    0.0028414      1.85287      0.64245     0.124218      3.33928
    0.136636   0.00845942    0.0851829     0.118988     0.332696     0.106525  2.22686e-14  2.22686e-14   0.00137373   0.00870915  3.16648e-14    0.0437857     0.147583    0.0169848     0.078393     0.011279    0.0142736    0.0976946     0.208883     0.139925    0.0176207     0.282052     0.293723    0.0749493      2.25873    0.0395088     0.128583    0.0438009    0.0271474      0.19682    0.0205027    0.0552831    0.0571749    0.0480357      1.45639     0.505465  2.65216e-05     0.013905    0.0113509     0.387397  0.000242148    0.0130252     0.610839       1.5796     0.553478       3.9209   0.00327651      0.31682     0.884197       1.4188     0.478074     0.225783     0.304666     0.573379     0.204081     0.130263     0.342339     0.135545     0.200879     0.204538     0.349401     0.298943      1.08094    0.0687848    0.0749748    0.0149209      1.90309     0.774298     0.474039    0.0422424    0.0157111    0.0011859   0.00015774  1.18177e-05  1.06575e-06     0.270829    0.0602041    0.0237609   0.00238759     0.202819    0.0237642    0.0123364   0.00373401    0.0293492    0.0510695    0.0443993      2.10564    0.0521747     0.161031     0.573019     0.689061     0.562354     0.234397     0.631661     0.851067    0.0238617     0.347416     0.223016     0.344658    0.0435666   0.00244032      0.13669    0.0232888  0.000660426     0.413233     0.159634    0.0235647     0.633111
   -0.125632   0.00763481    0.0862803     0.112245     0.322527     0.103523   2.2916e-14   2.2916e-14   0.00110645   0.00712406  3.33194e-14    0.0410007     0.143832    0.0164866    0.0740068    0.0106872    0.0135156    0.0950083     0.202818     0.137368    0.0170098     0.284277     0.289343    0.0735645      2.19147    0.0478038     0.140299    0.0443918     0.025396     0.189586    0.0195625    0.0591744    0.0619336    0.0492011      1.39503     0.493203  2.43693e-05    0.0123085     0.010821     0.372536  0.000190706    0.0116141      0.57009      1.47721     0.543596      3.74647   0.00304045     0.271377     0.802445      1.28073     0.454146      0.24441     0.296792     0.536121     0.179563     0.130453     0.318542     0.133561     0.195807     0.193196     0.362007      0.29452    0.0687848      1.06347    0.0656754    0.0133131      1.99981     0.715768     0.468584    0.0481217    0.0149519   0.00113983  0.000128163  1.11537e-05  9.73671e-07     0.229528    0.0504132    0.0219133   0.00201223     0.156161    0.0189428    0.0095897   0.00253242    0.0195029    0.0415609    0.0345845      1.92453    0.0439032     0.127411     0.444403     0.740032     0.430509     0.181753     0.683177     0.784975    0.0232104     0.249123     0.173732     0.263376    0.0333548   0.00190751     0.107975    0.0183467  0.000535343     0.341836     0.127264    0.0193931     0.608481
   0.0125996   0.00961412    0.0913723     0.115476     0.327104     0.105209  2.24992e-14  2.24992e-14   0.00142671   0.00881972  3.44724e-14    0.0423137     0.144487    0.0166738    0.0761646    0.0109897     0.013902    0.0958921     0.205023     0.145145    0.0182018     0.296866     0.307235    0.0774464      2.31664    0.0453035     0.139674    0.0462544    0.0277437      0.19952    0.0213115    0.0595947    0.0619295    0.0509271      1.47095     0.523412  2.80989e-05     0.013433    0.0112542     0.391776  0.000216042     0.012987      0.61773      1.60298     0.580575      3.95856   0.00328927     0.308032     0.819558      1.31695     0.456374     0.236031     0.273068     0.527075     0.190683     0.125998     0.311095     0.133526     0.194381     0.188553      0.35591     0.325552    0.0749748    0.0656754      1.07309    0.0140686      1.94435     0.733034     0.463807    0.0456095    0.0152723   0.00117635  0.000150553  1.28525e-05  1.08394e-06      0.26391    0.0555567    0.0229642   0.00236588     0.194235    0.0231573    0.0116118   0.00329433    0.0253404    0.0495223    0.0425095      2.20474    0.0471917     0.162685     0.562345     0.714564     0.535836     0.237548     0.645389     0.857438    0.0226247     0.311572     0.213762     0.325458    0.0408113     0.002242     0.131706    0.0224924  0.000680556     0.394785     0.153968    0.0237573     0.621512
  -0.0730942   0.00240128    0.0311304    0.0233737    0.0651222    0.0206363  2.64322e-16  2.64322e-16  0.000402096   0.00213379  2.54251e-15   0.00834343    0.0293156   0.00332263    0.0152508   0.00213671   0.00270359    0.0191467    0.0408567   0.00290501  0.000512068      0.01732   0.00498125   0.00434341    0.0999128   0.00817041   0.00400306   0.00120418   0.00444563     0.016745   0.00324943    0.0013447 -0.000601833  0.000536702     0.103815    0.0123367  1.12592e-05    0.0012284  0.000805354     0.031066  5.43944e-05   0.00453569    0.0493367     0.121602    0.0221371     0.333162  0.000458919    0.0422654    0.0996141     0.144697    0.0640612     0.016252    0.0378309    0.0680397     0.026502   0.00853258    0.0450614    0.0156985    0.0149898    0.0240692    0.0637047    0.0397155    0.0149209    0.0133131    0.0140686      1.00306     0.354849     0.158446     0.088949   0.00840134   0.00148149  0.000173952  3.21495e-05  2.48762e-06  2.27689e-07    0.0376486    0.0142978   0.00436117  0.000441184    0.0374065   0.00603468   0.00307321   0.00096557   0.00995799    0.0116418   0.00860407     0.260224    0.0120757    0.0286151    0.0779066    0.0467867     0.092176    0.0374523     0.109276    0.0814922   0.00371627     0.089785    0.0461742     0.079421     0.010755  0.000665572     0.029959   0.00515686  0.000135208    0.0961338    0.0331468   0.00497519     0.123508
    -37.3701     0.214126      3.31993      4.02579      12.6723      4.09885  9.83873e-13  9.83873e-13     0.043089     0.179243  1.47533e-12      1.40375      5.75638     0.648288      2.65285     0.384889     0.485534      3.75458      7.99275      4.66403     0.563771      10.2649      9.84815      2.56528      77.1788      2.62234      5.99859      1.60286     0.751265      6.75078     0.648948      2.42611      2.44873      1.81939        48.28      16.6657   0.00112278     0.354733      0.37527      13.2105   0.00405013     0.247896      19.1708      50.1683      19.3291      134.392     0.097782      7.77474      25.4361      39.3183      16.0085      11.4646      10.7775      18.0164      5.53017      4.90708      10.7558      5.52807      7.10035      6.36929      16.3804      12.0078      1.90309      1.99981      1.94435     0.354849      94.8699      24.3193      18.8559      2.55275     0.532591    0.0439657   0.00358151  0.000490748  3.54362e-05      6.23957      1.39843     0.746934    0.0838681      3.15815     0.690607     0.293903    0.0405638      0.25856     0.887945     0.747626      62.9196      1.11085      2.79687      9.25934      32.4879      8.51349      4.23041       31.568        27.11     0.870446      3.91048      3.43819      4.46728     0.605969    0.0295043       2.1749     0.380939    0.0133722      8.14479       2.7879     0.525339      23.4097
    -3.05782    0.0662306     0.831298      1.30871      3.89207      1.24881  2.91055e-13  2.91055e-13     0.012087    0.0575693  4.02787e-13     0.465384      1.75793     0.199114     0.863096     0.123745      0.15626      1.14953      2.45192      1.57845     0.196809      3.30529      3.32179     0.858836      25.3881     0.594095      1.67825     0.516871     0.295777      2.22825     0.232323     0.701707     0.725183     0.576565      16.1881       5.6418  0.000300654     0.139914     0.126831      4.36839   0.00189346     0.132418      6.62617        17.16      6.36446      43.9867    0.0361254      3.44557      10.6009      16.9201      5.86712      2.93673      3.98656      7.02387      2.30054      1.56583      4.21227      1.66658      2.37784      2.48239      4.33071      3.48067     0.774298     0.715768     0.733034     0.158446      24.3193        9.734      5.79986     0.566466     0.185293    0.0128476   0.00146431  0.000127888  1.03744e-05      2.47292      0.54684     0.258361    0.0229437      1.53509      0.20217     0.105313    0.0265044     0.204763     0.415312      0.33399      23.0234     0.413456      1.37162      4.69314      9.03999      4.72246      1.95977      8.29863      8.65448     0.243992      2.44453      1.67246      2.57345     0.320844    0.0194098      1.06401     0.180704   0.00505503       3.7393      1.25167     0.197553      7.27505
    -4.42329    0.0415072     0.636411     0.892304      2.76655     0.892232   2.0697e-13   2.0697e-13   0.00743241    0.0309689   3.0157e-13     0.312962      1.25693     0.141723     0.590204    0.0852535     0.107581     0.819612      1.74664      1.10108     0.134623      2.28899      2.31098     0.601507      17.9216       0.4668      1.26879       0.3626     0.177135      1.57903     0.144099     0.522033     0.538085     0.411751      11.2665      3.91105  0.000209848    0.0885114    0.0855956      3.08632  0.000841726    0.0565201      4.57493       11.919      4.48785      31.1606       0.0217      2.19366      7.02222      11.1498      4.03614       2.2737      2.76825      4.74232      1.50057      1.09899      2.84114      1.22305      1.66795      1.66047       3.3205        2.566     0.474039     0.468584     0.463807     0.088949      18.8559      5.79986      5.22145     0.453631     0.129108   0.00871344  0.000854425  8.59638e-05  6.47767e-06      1.50882     0.302406     0.174669    0.0152385     0.752054      0.11533     0.052995   0.00871186     0.047463     0.217014     0.160273      15.5216     0.219233     0.774563      2.62009      6.82361      2.55382      1.07239      6.43157      5.86639     0.171043     0.825593     0.812225      1.11998     0.138444   0.00742096     0.521501    0.0883044   0.00280022      2.04968     0.630402     0.113543       5.1244
    -1.76992     0.008466     0.114911     0.101085      0.32623      0.10523  1.85285e-14  1.85285e-14   0.00171199   0.00689733  3.43706e-14    0.0341427     0.150283    0.0167064    0.0659717   0.00951366    0.0120102    0.0969402     0.206113    0.0612728    0.0079153     0.188246     0.130505    0.0383723      1.16101    0.0872367     0.123623     0.025413    0.0158761     0.114765    0.0158151    0.0469387    0.0392028    0.0277835     0.792292     0.229347  4.72692e-05   0.00602175   0.00692446     0.222521  0.000131844   0.00954891     0.315396      0.82419     0.326063      2.32099   0.00210317     0.115444     0.314634     0.404663     0.283284     0.271181     0.152509     0.253285    0.0831306     0.080347      0.15585     0.110774     0.111208    0.0818608     0.439335     0.335462    0.0422424    0.0481217    0.0456095   0.00840134      2.55275     0.566466     0.453631      1.08636   0.00867356   0.00116377  9.21766e-05  1.59755e-05  1.11839e-06      0.13474    0.0424509    0.0175065   0.00250934    0.0973213     0.024772   0.00843194   0.00127751    0.0123512    0.0329975    0.0236399      1.34872    0.0436595    0.0668761      0.21202     0.708291     0.211272     0.106048       0.8661     0.647441    0.0253491     0.163239     0.115431     0.160434    0.0236591   0.00116157    0.0747691    0.0133417  0.000419104     0.265649    0.0938045    0.0193391     0.605151
  -0.0501223   0.00213771    0.0432209    0.0276685    0.0831177    0.0267222  -3.6145e-16  -3.6145e-16  0.000267589   0.00165827  4.44416e-15   0.00988408    0.0376112   0.00426205    0.0183678   0.00264409   0.00333814    0.0245914    0.0524796    0.0109874   0.00133065    0.0234725    0.0200108   0.00890664     0.251109   0.00779714     0.013019   0.00274488   0.00265063    0.0320772   0.00192834   0.00497755   0.00306441   0.00294594     0.187918    0.0375842   9.9602e-06   0.00131355  0.000888057    0.0594064   1.5088e-05  0.000984114    0.0895931     0.230808    0.0545872     0.627769  0.000176366    0.0583909     0.151698     0.231032    0.0934304    0.0305886     0.061591     0.103439    0.0383207    0.0115199    0.0681016    0.0265698    0.0252012    0.0357018    0.0947618    0.0583005    0.0157111    0.0149519    0.0152723   0.00148149     0.532591     0.185293     0.129108   0.00867356       1.0027  0.000108139  3.08893e-05  1.74927e-06  1.67474e-07    0.0323243   0.00970535   0.00512125  0.000435046    0.0190301   0.00408549   0.00178085     0.000428     0.003078   0.00684124   0.00405816     0.365002   0.00679155    0.0274865    0.0794468    0.0954905    0.0887916     0.034546     0.173383    0.0960191   0.00384882    0.0274429    0.0260019    0.0376618   0.00461742  0.000228489    0.0167878   0.00281586  9.84801e-05    0.0672046    0.0194613   0.00315013     0.154416
  -0.0207878   0.00025545    0.0033864   0.00216826   0.00638588   0.00205025  9.42048e-17  9.42048e-17  4.39736e-05  0.000242586  3.12287e-16   0.00076719   0.00287291  0.000325771   0.00141633  0.000202614  0.000256472   0.00188247    0.0040114  0.000103909  3.28493e-06   0.00116903  8.09518e-05  0.000336994   0.00924949  0.000976665  0.000576494  6.24403e-05  0.000237606   0.00155095  0.000183578  0.000176688  5.22962e-06  2.05078e-05   0.00906968  0.000532721  1.15356e-06  6.97098e-05  5.88888e-05   0.00287324  4.13701e-06  0.000244282   0.00402979    0.0102541    0.0012594    0.0324845  2.52471e-05   0.00201399   0.00473739   0.00563514   0.00449622   0.00295156   0.00259606   0.00407527   0.00148338   0.00107114   0.00282414     0.001824   0.00150601   0.00156855   0.00777898   0.00379817    0.0011859   0.00113983   0.00117635  0.000173952    0.0439657    0.0128476   0.00871344   0.00116377  0.000108139      1.00002  2.45585e-06  2.86549e-07  2.28239e-08   0.00324643   0.00124383   0.00040071   5.5266e-05   0.00296427  0.000653922  0.000301029  7.42431e-05  0.000764419  0.000885597  0.000728945    0.0155351   0.00112052      0.00191   0.00466489    0.0061737   0.00499009   0.00240761    0.0126225   0.00797295   0.00045841    0.0066591   0.00370843   0.00576149  0.000854624  4.43475e-05   0.00230379  0.000407753  1.29268e-05   0.00661684   0.00265219  0.000442962     0.011983
-6.89063e-05  1.67276e-05  0.000158319  0.000230161  0.000634837  0.000202531  4.16727e-17  4.16727e-17  4.08737e-06  2.17332e-05  7.15727e-17   8.3043e-05  0.000281639  3.22228e-05  0.000150707   2.1187e-05  2.67634e-05  0.000185094   0.00039606  0.000279162   3.7521e-05  0.000621542  0.000602803  0.000145021   0.00445128  0.000105338  0.000270427  9.09043e-05  6.31652e-05  0.000379142  5.01786e-05  0.000115496  0.000110921  9.89148e-05   0.00285208   0.00103218  6.52782e-08  2.75735e-05  2.37882e-05  0.000746394  5.49433e-07  3.70966e-05   0.00123797   0.00319879   0.00119573   0.00757406  8.07141e-06  0.000680484   0.00155684   0.00247568  0.000845803  0.000430092  0.000444683  0.000951059  0.000398514  0.000208661   0.00056487  0.000236585  0.000329614  0.000330659    0.0006494  0.000727381   0.00015774  0.000128163  0.000150553  3.21495e-05   0.00358151   0.00146431  0.000854425  9.21766e-05  3.08893e-05  2.45585e-06            1  4.13726e-08  3.29331e-09  0.000510289  0.000129026  4.44667e-05  6.85084e-06  0.000469254  7.51419e-05  4.14418e-05  1.36601e-05  0.000125184  0.000102594  9.94338e-05   0.00511301  0.000117866  0.000390694   0.00140845   0.00149175   0.00138906  0.000648224   0.00127657   0.00187219  4.28713e-05  0.000901064  0.000494158  0.000786538  0.000103835  7.27957e-06  0.000306234  5.40716e-05  1.53169e-06  0.000890643  0.000372871   5.2367e-05   0.00121422
 -0.00034075   2.7543e-06  2.56159e-05  2.30367e-05  6.86762e-05  2.19682e-05  4.23093e-18  4.23093e-18   6.7467e-07  3.23641e-06  7.96939e-18  7.71142e-06  3.11273e-05  3.47903e-06   1.4867e-05  2.05038e-06  2.58802e-06  2.00989e-05   4.2814e-05  1.59953e-05  2.32129e-06  5.09892e-05  3.64963e-05  9.22453e-06  0.000278662  1.86874e-05  2.77862e-05   6.7127e-06  5.16475e-06  2.59378e-05  4.74301e-06  1.08091e-05  9.15234e-06  7.06783e-06  0.000186965  6.05721e-05  1.26788e-08   1.5754e-06  1.63637e-06  5.00272e-05  6.16358e-08  3.88203e-06  7.89678e-05  0.000203108   8.4544e-05  0.000519838  6.81572e-07  3.58273e-05  5.21366e-05  6.66596e-05  5.21234e-05  5.03284e-05   1.5175e-05  3.67464e-05  1.88912e-05  1.50545e-05  2.34189e-05  2.03514e-05   1.9484e-05   1.5798e-05  8.60482e-05  8.11662e-05  1.18177e-05  1.11537e-05  1.28525e-05  2.48762e-06  0.000490748  0.000127888  8.59638e-05  1.59755e-05  1.74927e-06  2.86549e-07  4.13726e-08            1  4.53701e-10  3.65562e-05  1.54757e-05   4.4393e-06  9.64587e-07  4.40311e-05  1.08581e-05  5.99448e-06  1.76552e-06  1.77242e-05  9.38772e-06  1.10491e-05  0.000407215  1.54034e-05  3.22696e-05  9.47406e-05  0.000167687  8.90087e-05  5.13763e-05  0.000175172  0.000157798  5.39984e-06  0.000109014  4.94276e-05  8.06309e-05  1.16043e-05  8.25178e-07  3.06262e-05  5.62817e-06  1.63839e-07  7.33035e-05  3.95014e-05  5.82632e-06  0.000129624
-1.35244e-05   2.0182e-07  2.47406e-06  1.92976e-06  5.17644e-06  1.64229e-06  2.38678e-19  2.38678e-19  4.76386e-08  2.38516e-07  5.48506e-19  7.05318e-07  2.29188e-06   2.6221e-07   1.2499e-06  1.74323e-07  2.20323e-07   1.5089e-06  3.21861e-06  1.45577e-06  2.01955e-07   4.1508e-06  3.25583e-06  8.13965e-07  2.45146e-05  1.19556e-06  1.88355e-06  5.55739e-07  4.62321e-07  2.20591e-06  3.78552e-07  7.68222e-07  6.69419e-07  5.70845e-07  1.63369e-05  5.52604e-06  7.88752e-10  1.53275e-07  1.44104e-07  4.26896e-06   5.0344e-09   3.4766e-07  6.71101e-06  1.71459e-05  6.46777e-06  4.42203e-05  5.70446e-08  2.67259e-06  4.64103e-06  5.85203e-06  4.02254e-06  3.77639e-06  1.67716e-06  3.55198e-06  1.60471e-06  1.45653e-06  2.21093e-06  1.57736e-06  1.68726e-06  1.35466e-06  6.28027e-06  5.09527e-06  1.06575e-06  9.73671e-07  1.08394e-06  2.27689e-07  3.54362e-05  1.03744e-05  6.47767e-06  1.11839e-06  1.67474e-07  2.28239e-08  3.29331e-09  4.53701e-10            1  2.86267e-06  1.20809e-06  3.27505e-07  7.03106e-08  3.57326e-06  8.63868e-07  4.90104e-07  1.47258e-07  1.46567e-06  7.51579e-07  8.98105e-07  2.74082e-05   1.1865e-06  2.39514e-06  6.18504e-06  1.19989e-05  6.02503e-06  4.06519e-06  1.17756e-05  1.27047e-05  4.37003e-07  9.63918e-06  3.94028e-06  6.67486e-06  9.82081e-07  6.69292e-08  2.43253e-06  4.43118e-07  1.37518e-08  6.28496e-06  3.15297e-06  4.17115e-07  9.86859e-06
   -0.450966    0.0540817     0.472408     0.387038      1.10144     0.354801  2.99657e-14  2.99657e-14   0.00656222    0.0445781  6.51723e-14     0.140669     0.487429    0.0562685     0.255266    0.0370496    0.0469844     0.323263     0.692074     0.226229    0.0280586     0.477926     0.454379     0.151408      4.46567     0.101979     0.195579     0.064832    0.0623119     0.476054    0.0449143    0.0816358    0.0697097    0.0654064      3.22894     0.837735  0.000158901     0.031524    0.0210616     0.916075   0.00081397    0.0381648      1.49321      3.85259      1.02742      9.60909   0.00624038     0.907821      2.02517       3.1808      1.22545     0.485671     0.617722      1.28086     0.529764     0.255759     0.800586     0.358388     0.446161      0.46969      1.16554     0.946612     0.270829     0.229528      0.26391    0.0376486      6.23957      2.47292      1.50882      0.13474    0.0323243   0.00324643  0.000510289  3.65562e-05  2.86267e-06      1.96546     0.225402    0.0811474   0.00827366     0.774836    0.0861647    0.0356619    0.0102578    0.0774649     0.218949      0.17228      5.98257     0.208093     0.648884      2.17551      1.11173      2.09431     0.842736      1.84625      2.29601    0.0799255      1.22065     0.916191      1.37165     0.173664   0.00786423     0.558096    0.0951332   0.00292294      1.55649     0.623982     0.103613      2.11311
   -0.356896   0.00879913    0.0397413    0.0893287     0.240455     0.076212   2.4773e-14   2.4773e-14    0.0017691    0.0103125  2.60821e-14     0.032551     0.106949    0.0122355    0.0578746   0.00818837    0.0103669    0.0704442     0.150349    0.0976834    0.0124838     0.226804     0.211726    0.0516633      1.55254    0.0438216     0.101173    0.0345468    0.0244357     0.127631    0.0196757    0.0432464    0.0452035     0.036433      1.01207     0.361391   2.5702e-05    0.0103408   0.00894953     0.255424  0.000292001     0.016542     0.398418      1.01909     0.382157      2.58022   0.00329995     0.189135       0.5347     0.840646     0.309051     0.203888     0.191979     0.362066     0.124504     0.116989     0.214746    0.0977403     0.154498     0.146817      0.25659     0.200844    0.0602041    0.0504132    0.0555567    0.0142978      1.39843      0.54684     0.302406    0.0424509   0.00970535   0.00124383  0.000129026  1.54757e-05  1.20809e-06     0.225402      1.06689    0.0176343    0.0027568     0.206942    0.0311777    0.0177863   0.00540142     0.049302    0.0464535    0.0517984      1.26536    0.0602918     0.120912     0.425704      0.56232     0.399007     0.195008     0.453581     0.690806    0.0241679     0.477672     0.228017     0.375665    0.0501136   0.00312777     0.138208     0.024287  0.000636289     0.343264     0.167566    0.0227319     0.463197
   -0.137174   0.00308892     0.029208    0.0394092     0.118368     0.038058  7.97363e-15  7.97363e-15  0.000485987   0.00244825  1.12278e-14    0.0138949    0.0535078    0.0060611    0.0260214   0.00373424   0.00472317    0.0349664    0.0746259    0.0439152   0.00548782      0.09201    0.0922264    0.0243928     0.723046    0.0172264      0.04833    0.0144082   0.00799063    0.0651479   0.00618819    0.0199404    0.0206337    0.0160389     0.465649     0.156982   1.1612e-05   0.00401173   0.00347757     0.127228  6.05919e-05   0.00327448     0.193337     0.500816     0.182104      1.28543  0.000915983      0.10288     0.301831     0.482978     0.174101    0.0860116     0.110355     0.197655    0.0667279    0.0462596     0.119253    0.0499888    0.0692184    0.0707101     0.134336     0.111882    0.0237609    0.0219133    0.0229642   0.00436117     0.746934     0.258361     0.174669    0.0175065   0.00512125   0.00040071  4.44667e-05   4.4393e-06  3.27505e-07    0.0811474    0.0176343      1.00851  0.000773266    0.0532087   0.00687965   0.00371732  0.000961952   0.00792851    0.0142301    0.0118058     0.690716    0.0148948    0.0496894      0.15169     0.263095     0.144849    0.0592019     0.251852     0.260195   0.00802063    0.0805831    0.0592709     0.089684    0.0114936  0.000626453    0.0368108   0.00627522  0.000186776     0.115394    0.0431154   0.00712341     0.222078
  -0.0409733   0.00041741   0.00317331   0.00411824    0.0118622   0.00379084  9.50579e-16  9.50579e-16  0.000105555  0.000505125  1.38744e-15   0.00144552   0.00535047  0.000603022   0.00267212  0.000376448  0.000475219   0.00347834   0.00741963   0.00381366  0.000498434   0.00947415   0.00836328   0.00209953    0.0666547    0.0025994   0.00480879   0.00138412  0.000869202   0.00579094  0.000776528   0.00197332   0.00182657   0.00148245    0.0428658    0.0143044   1.5888e-06  0.000370203  0.000350706     0.011353  1.01441e-05  0.000502354    0.0178002    0.0460865    0.0166674     0.118855  0.000126858    0.0080054    0.0181565    0.0269285     0.012156    0.0107272   0.00635519     0.012314   0.00502735   0.00451934   0.00757838   0.00487691   0.00585073   0.00494985    0.0148071    0.0117718   0.00238759   0.00201223   0.00236588  0.000441184    0.0838681    0.0229437    0.0152385   0.00250934  0.000435046   5.5266e-05  6.85084e-06  9.64587e-07  7.03106e-08   0.00827366    0.0027568  0.000773266      1.00018   0.00816576   0.00190761   0.00104097  0.000297432   0.00271268   0.00149266   0.00209643     0.061774   0.00239422   0.00554554    0.0181446    0.0296295    0.0159559   0.00982802    0.0264799    0.0318219   0.00109598    0.0194795   0.00866787    0.0137789   0.00192972  0.000126716   0.00512863  0.000941432  2.93382e-05    0.0119158   0.00678675  0.000955646    0.0224963
   -0.112721    0.0421803     0.248872      0.25468     0.655146     0.208209  3.23031e-14  3.23031e-14   0.00652679    0.0415499  4.90778e-14    0.0944056     0.285109    0.0332519     0.165688    0.0235187    0.0298833     0.190071     0.407923     0.179217    0.0253037     0.432244     0.388956     0.102195      3.14083    0.0801343     0.141803    0.0583383     0.061389      0.29332    0.0476831    0.0634143     0.053648    0.0557314      2.24439     0.697265  0.000111603    0.0285906    0.0189181     0.577284  0.000881564    0.0466524      1.02754      2.62101     0.820485      6.00303   0.00713857     0.616993      1.08178      1.66658     0.654246     0.310308     0.196578     0.630101     0.327652     0.173192     0.379832     0.178789     0.261465     0.241211     0.614386     0.695517     0.202819     0.156161     0.194235    0.0374065      3.15815      1.53509     0.752054    0.0973213    0.0190301   0.00296427  0.000469254  4.40311e-05  3.57326e-06     0.774836     0.206942    0.0532087   0.00816576      1.79395    0.0990752    0.0493466    0.0168295     0.149778     0.197572     0.180908      4.55507     0.207619     0.551646      1.91335     0.790978      1.83393     0.822733     0.940968       2.0254    0.0628869      1.58171     0.895142      1.42874     0.187346    0.0102797     0.542818    0.0940626   0.00265775      1.37046     0.630939    0.0948834      1.29945
   -0.341764   0.00386147     0.022041    0.0387222       0.1017    0.0321915  1.07986e-14  1.07986e-14   0.00117386   0.00554024  1.37667e-14    0.0140713    0.0448911   0.00512684    0.0248586   0.00344781   0.00435459    0.0294963     0.062936    0.0412096   0.00548432     0.107711    0.0928242     0.021208     0.673508    0.0263916    0.0474401    0.0156393    0.0113225    0.0527219    0.0096881    0.0200024    0.0192077    0.0162948     0.427154     0.157668  1.43459e-05   0.00418458    0.0040326     0.105508   0.00013308   0.00818187     0.169016     0.434539     0.168969      1.09751   0.00166513    0.0673983     0.144902     0.206941    0.0980754     0.106128    0.0473156    0.0998728    0.0424971    0.0493718      0.05864    0.0426957    0.0562126    0.0423174     0.122255     0.100524    0.0237642    0.0189428    0.0231573   0.00603468     0.690607      0.20217      0.11533     0.024772   0.00408549  0.000653922  7.51419e-05  1.08581e-05  8.63868e-07    0.0861647    0.0311777   0.00687965   0.00190761    0.0990752       1.0226    0.0130695   0.00392953    0.0378413    0.0171496    0.0253719     0.540695    0.0274455    0.0550755     0.170247     0.292263     0.150258     0.107404     0.208643     0.339056    0.0109467     0.263719     0.102363      0.17274    0.0251051   0.00174755     0.061061    0.0112691  0.000336149     0.136961     0.080325    0.0102756     0.195951
   -0.105971   0.00213395    0.0144258    0.0193471    0.0468067    0.0145793  3.73228e-15  3.73228e-15  0.000667437   0.00326827  4.98992e-15    0.0071753    0.0204763   0.00235083    0.0123756   0.00167003   0.00210886    0.0134884    0.0287633    0.0154252   0.00212285    0.0443303     0.035301   0.00848868     0.259027    0.0100712     0.017442   0.00622178   0.00537756    0.0214637   0.00436626   0.00734516   0.00708504   0.00612439     0.170951    0.0593391  7.59655e-06   0.00161735   0.00147618    0.0423743  7.27432e-05   0.00439888    0.0665198     0.166526    0.0596969     0.441408  0.000739276    0.0316773     0.069844     0.100447    0.0486807    0.0419239    0.0276058    0.0497349     0.020923    0.0239072    0.0320534    0.0196693    0.0249514    0.0251985    0.0529384    0.0313638    0.0123364    0.0095897    0.0116118   0.00307321     0.293903     0.105313     0.052995   0.00843194   0.00178085  0.000301029  4.14418e-05  5.99448e-06  4.90104e-07    0.0356619    0.0177863   0.00371732   0.00104097    0.0493466    0.0130695      1.00875   0.00273781    0.0273231   0.00677029      0.01388     0.171181    0.0146676    0.0292474     0.061477     0.127891    0.0539987    0.0494383    0.0885752     0.129037    0.0052046     0.161472    0.0522206     0.095554    0.0143146   0.00108691    0.0309093   0.00578932  0.000170562    0.0587567     0.042136   0.00408525    0.0904714
 -0.00262657  0.000540469   0.00218891   0.00464754   0.00960761   0.00288761  7.46881e-16  7.46881e-16  0.000190705   0.00100008  1.00225e-15   0.00176502   0.00413486  0.000478155   0.00293994  0.000379738  0.000480105   0.00271811   0.00581669   0.00368091  0.000590959    0.0112552   0.00868871   0.00180456    0.0571878   0.00197009   0.00352632    0.0015032   0.00155297   0.00444854   0.00128336   0.00156848   0.00136529   0.00139456    0.0391249    0.0146338  1.81743e-06  0.000512232  0.000371545   0.00891462  2.24757e-05   0.00136592    0.0161968    0.0394131    0.0154007    0.0910358  0.000207944    0.0108091    0.0189633    0.0279668    0.0115318   0.00703568   0.00484089    0.0114407   0.00645528   0.00498903    0.0076096   0.00337408    0.0048651   0.00623022   0.00783898   0.00786782   0.00373401   0.00253242   0.00329433   0.00096557    0.0405638    0.0265044   0.00871186   0.00127751     0.000428  7.42431e-05  1.36601e-05  1.76552e-06  1.47258e-07    0.0102578   0.00540142  0.000961952  0.000297432    0.0168295   0.00392953   0.00273781      1.00093   0.00928961   0.00236194   0.00449323    0.0545281   0.00474708    0.0103515    0.0261382    0.0285812    0.0253077    0.0175844     0.015131    0.0367391   0.00128981     0.054281    0.0177191    0.0331073   0.00481207  0.000384625    0.0105408   0.00194853   5.0733e-05    0.0203786    0.0142344   0.00127692    0.0194255
   -0.100478   0.00399736    0.0077053    0.0369855    0.0693866    0.0202611  7.54971e-15  7.54971e-15   0.00188863   0.00918389  7.53705e-15    0.0139947    0.0294584   0.00339762    0.0230179   0.00282769   0.00357433    0.0192844    0.0411677    0.0266774   0.00449776      0.10142     0.066727    0.0125184     0.390286    0.0202914    0.0275589    0.0127523    0.0154263    0.0264286    0.0123089    0.0121116    0.0108847    0.0114965     0.276916     0.111506  1.77352e-05     0.003931     0.003329    0.0556254  0.000223578    0.0155838     0.102667     0.239109     0.108897     0.556342   0.00208869     0.072004     0.121818     0.168552    0.0805816    0.0590553    0.0331547    0.0758645    0.0435926    0.0467894    0.0500951    0.0240078      0.03737     0.047296    0.0493732    0.0460502    0.0293492    0.0195029    0.0253404   0.00995799      0.25856     0.204763     0.047463    0.0123512     0.003078  0.000764419  0.000125184  1.77242e-05  1.46567e-06    0.0774649     0.049302   0.00792851   0.00271268     0.149778    0.0378413    0.0273231   0.00928961      1.09698    0.0192634    0.0398978     0.327067    0.0445662    0.0821815      0.16667     0.251382     0.166863     0.139851      0.09891     0.288503    0.0106328     0.520329     0.154207     0.298864    0.0463865   0.00387964    0.0931565    0.0176363  0.000440832      0.17373     0.125401    0.0103454     0.141765
  -0.0739772   0.00958546     0.039593    0.0665042     0.180616    0.0576999  1.60317e-14  1.60317e-14   0.00131745   0.00800749  1.85509e-14    0.0242033    0.0795116   0.00920012    0.0434268   0.00621803   0.00790264    0.0527231     0.113039    0.0758915    0.0102167     0.170038     0.165167    0.0393572      1.18719    0.0287523    0.0694135    0.0254497    0.0198771    0.0992703    0.0155635    0.0303442    0.0305725    0.0265943     0.787338      0.28527  2.48061e-05   0.00959227   0.00729391     0.198291  0.000212127    0.0131722     0.337443      0.86859      0.32871      1.99472   0.00236025     0.185114     0.410702     0.652298     0.230749     0.118442     0.093105     0.245071     0.101498     0.066264     0.137597    0.0568478    0.0983771    0.0820345     0.169701     0.226179    0.0510695    0.0415609    0.0495223    0.0116418     0.887945     0.415312     0.217014    0.0329975   0.00684124  0.000885597  0.000102594  9.38772e-06  7.51579e-07     0.218949    0.0464535    0.0142301   0.00149266     0.197572    0.0171496   0.00677029   0.00236194    0.0192634      1.05483    0.0418552        1.494    0.0487641     0.135827     0.503437     0.324601      0.48479     0.199381     0.285281     0.620517    0.0161942     0.329344     0.218568     0.342094    0.0436699   0.00222097      0.13535    0.0230182  0.000624632     0.379733     0.151506    0.0256757     0.355278
   -0.123939    0.0101618    0.0533867    0.0582638     0.145309     0.045962  8.88093e-15  8.88093e-15   0.00159441    0.0101001  1.24751e-14    0.0219506    0.0629684   0.00737316     0.037684   0.00536125   0.00680933    0.0421621    0.0903564    0.0446353    0.0062025     0.110838    0.0977746     0.024974      0.74976    0.0224598    0.0418798    0.0158641    0.0148331    0.0661615    0.0118959    0.0182401    0.0171369    0.0152046     0.521523     0.171888  2.34373e-05   0.00630912   0.00429615     0.131209  0.000229331    0.0112365     0.224231      0.56873     0.189863      1.34912   0.00179801     0.121082     0.213776     0.326959     0.142215    0.0918897    0.0483791     0.134938    0.0661986    0.0512475    0.0823819    0.0452174    0.0680159    0.0614992     0.145656     0.141583    0.0443993    0.0345845    0.0425095   0.00860407     0.747626      0.33399     0.160273    0.0236399   0.00405816  0.000728945  9.94338e-05  1.10491e-05  8.98105e-07      0.17228    0.0517984    0.0118058   0.00209643     0.180908    0.0253719      0.01388   0.00449323    0.0398978    0.0418552      1.04576     0.838636    0.0506183     0.119388     0.386745     0.221667     0.356447     0.176567     0.230301     0.463299    0.0169308     0.411869     0.206353     0.337233     0.044037   0.00242501     0.123484    0.0215366  0.000610092     0.284433     0.148604    0.0203961     0.289272
    -8.02122     0.380216       4.7669      3.41973      10.5123      3.38315    6.621e-14    6.621e-14    0.0487032     0.258713  8.58094e-13      1.17297       4.7892     0.539129       2.2693     0.323334     0.408643      3.10309      6.63849      2.64687     0.373923      5.93175      5.48427       1.6042      46.5878      1.46788      3.08084     0.793629     0.611887      4.99051      0.49457      1.23978     0.965966     0.876981      31.9655      9.47271   0.00141942     0.287256     0.199722      9.40013   0.00374275     0.280602      15.6425       40.535       13.808      96.0046    0.0552358       10.315      20.0265      31.7687      12.1245      3.95604       5.1848      11.7333      5.43804     0.870399      7.32654      2.90364      2.86959      3.58408      11.3514      13.0094      2.10564      1.92453      2.20474     0.260224      62.9196      23.0234      15.5216      1.34872     0.365002    0.0155351   0.00511301  0.000407215  2.74082e-05      5.98257      1.26536     0.690716     0.061774      4.55507     0.540695     0.171181    0.0545281     0.327067        1.494     0.838636      86.2138      1.24478      6.06691      20.6956      16.4269      20.7129      8.02288      23.2948      20.1778     0.486718      4.43279      5.50239      7.94344     0.883524    0.0472307      3.56674      0.60146    0.0183308      12.4701      4.00438     0.770425      19.8381
   -0.395988   0.00936265    0.0347669    0.0733736     0.191444    0.0602104  1.92519e-14  1.92519e-14   0.00174657    0.0111126  2.17108e-14    0.0269906    0.0856714   0.00979117    0.0472689   0.00670595   0.00852343    0.0562831     0.120269    0.0856166    0.0115104     0.207987     0.187005    0.0419822      1.30435    0.0438635    0.0949605    0.0307948    0.0215373     0.102486    0.0173116    0.0401195    0.0410892    0.0326482     0.855825     0.323372   2.1795e-05   0.00966254   0.00821394     0.208856  0.000323821    0.0154669     0.334625     0.853695     0.354023      2.06148   0.00288432     0.136728     0.312968     0.490081     0.203726     0.171412    0.0947909     0.215158    0.0827603    0.0885061     0.121126    0.0654673     0.114275    0.0881086     0.209276     0.215838    0.0521747    0.0439032    0.0471917    0.0120757      1.11085     0.413456     0.219233    0.0436595   0.00679155   0.00112052  0.000117866  1.54034e-05   1.1865e-06     0.208093    0.0602918    0.0148948   0.00239422     0.207619    0.0274455    0.0146676   0.00474708    0.0445662    0.0487641    0.0506183      1.24478      1.07167      0.12275     0.461436      0.50483     0.419997     0.180089     0.424139     0.688377    0.0258197     0.441467     0.231792     0.368457    0.0496945   0.00296796     0.139724    0.0246213  0.000613468     0.331119     0.168326    0.0240059     0.377216
    0.645102    0.0344241     0.155704     0.207305     0.577044     0.184544  2.59168e-14  2.59168e-14   0.00442812     0.023223    5.841e-14    0.0743476     0.257528    0.0295552      0.13718    0.0195217    0.0247587     0.168791     0.362784     0.280843    0.0392944     0.584926     0.607404     0.148659      4.42758    0.0732955     0.258122    0.0899044    0.0607878     0.390347    0.0461032     0.110691       0.1107    0.0965213      2.84171      1.03963  7.11418e-05    0.0289678    0.0207603     0.760957  0.000526568    0.0299245      1.31228       3.3863      1.27459      7.60011   0.00642639     0.864119      1.74173      2.89312     0.952267     0.345102     0.371385     0.956381     0.445999      0.18975     0.566384     0.217728     0.322849     0.325539     0.541728     0.883412     0.161031     0.127411     0.162685    0.0286151      2.79687      1.37162     0.774563    0.0668761    0.0274865      0.00191  0.000390694  3.22696e-05  2.39514e-06     0.648884     0.120912    0.0496894   0.00554554     0.551646    0.0550755    0.0292474    0.0103515    0.0821815     0.135827     0.119388      6.06691      0.12275       1.5854      1.87134      1.20196      1.72272     0.756898      1.03807      1.93799    0.0445022     0.831759      0.60454     0.940165     0.111577   0.00600419     0.370563    0.0632427   0.00194311      1.01714     0.432718    0.0698192      1.12952
     1.84757     0.110497     0.628721     0.698165      1.97618     0.632524  5.88063e-14  5.88063e-14    0.0132376    0.0950342  1.79024e-13     0.248153     0.887117     0.101331     0.461495    0.0661737    0.0838765      0.57945      1.24565     0.733399     0.104415      1.48158       1.5524     0.392526      12.2527     0.212866     0.630195     0.210511       0.1575      1.15809     0.129484     0.275492     0.232704     0.226353        8.235      2.74356  0.000243858    0.0894515    0.0578792      2.24829   0.00158541    0.0754106      4.06134         10.5      3.61974      22.7961    0.0172145       2.7393      4.88887      8.07102      2.59462     0.814577     0.825946      2.58674      1.38435     0.286568      1.55521     0.556161     0.804267      0.87656      1.80299      2.92866     0.573019     0.444403     0.562345    0.0779066      9.25934      4.69314      2.62009      0.21202    0.0794468   0.00466489   0.00140845  9.47406e-05  6.18504e-06      2.17551     0.425704      0.15169    0.0181446      1.91335     0.170247     0.061477    0.0261382      0.16667     0.503437     0.386745      20.6956     0.461436      1.87134      8.49904       2.9045      7.14566      2.82368      3.65349      6.41022     0.151158      2.50079      2.15829      3.17303     0.363319    0.0201023      1.32077     0.225181   0.00630077        3.681       1.5194     0.251407      3.88294
    -13.8733     0.142499      2.62479      1.44571       4.5255      1.45333 -5.11104e-14 -5.11104e-14     0.020723     0.116024   2.5775e-13     0.497249      2.08149     0.232438     0.953043     0.136253     0.172014      1.34502      2.86393     0.182752    0.0257921     0.872984     0.247776     0.280482      7.44915     0.710692     0.766178    0.0636161    0.0921299      1.27913    0.0897543     0.256098     0.100353    0.0607646      6.52274     0.564447   0.00068944    0.0308543    0.0204521      2.28708   0.00103984    0.0475788      3.20469      8.21075      1.82389      24.6467   0.00429906      1.94375      4.18646      5.61936      3.69877      1.80712      2.13645      3.27815      1.28722     0.293192      2.34743      1.22244     0.777144      1.19667      5.70192      3.53573     0.689061     0.740032     0.714564    0.0467867      32.4879      9.03999      6.82361     0.708291    0.0954905    0.0061737   0.00149175  0.000167687  1.19989e-05      1.11173      0.56232     0.263095    0.0296295     0.790978     0.292263     0.127891    0.0285812     0.251382     0.324601     0.221667      16.4269      0.50483      1.20196       2.9045      6.88806      3.25905        1.281      11.2481      4.22934     0.260657      1.60564      1.28229      1.85975     0.243046    0.0133831     0.830945     0.143918   0.00488976      2.97501      1.04456     0.180018        8.373
     1.90165    0.0815291     0.417713     0.677768      1.91816     0.613225  9.34838e-14  9.34838e-14    0.0106653    0.0755726  1.95269e-13     0.240379     0.860082    0.0980882     0.447155    0.0637719    0.0807468     0.561487      1.20629     0.807045     0.115585      1.65818      1.71907     0.415267      12.9522     0.235079     0.716029     0.240664     0.173214      1.16158     0.145399     0.312292     0.273943     0.260801      8.56864      3.01217  0.000208701    0.0966851    0.0674945      2.27899    0.0015135    0.0853069      4.10815      10.6162      3.90515      22.9384    0.0201479      2.79116      5.53334      9.05882      2.82302     0.868646      1.09183      3.01543      1.47923     0.352937      1.79357     0.565963     0.882209     0.987975      1.64137      2.88446     0.562354     0.430509     0.535836     0.092176      8.51349      4.72246      2.55382     0.211272    0.0887916   0.00499009   0.00138906  8.90087e-05  6.02503e-06      2.09431     0.399007     0.144849    0.0159559      1.83393     0.150258    0.0539987    0.0253077     0.166863      0.48479     0.356447      20.7129     0.419997      1.72272      7.14566      3.25905      8.03541      2.71962      3.56414      6.59361     0.131214      2.45782      2.02025      3.02528     0.346183    0.0204169      1.25102     0.211974   0.00554911      3.71883      1.43977      0.23249      3.75643
    0.485788    0.0478271     0.328866     0.310843     0.842231     0.269241  2.78347e-14  2.78347e-14   0.00684209    0.0421173  8.54978e-14     0.113236     0.371238    0.0428382      0.20435    0.0290464    0.0367263     0.244789     0.525793     0.298362    0.0428318     0.659739     0.649402     0.164305      5.05593     0.113928      0.25896    0.0919438    0.0769724     0.470335    0.0641198     0.114197    0.0933877    0.0948975      3.36813      1.13697  0.000115509    0.0355443    0.0249767     0.908005  0.000638555    0.0440858       1.6412      4.23312      1.45072      9.35101   0.00870226      1.07703      1.84122       2.9183      1.01536      0.42103      0.30845     0.993827     0.545788     0.149345     0.605236     0.244518     0.321174     0.341303     0.799617      1.15838     0.234397     0.181753     0.237548    0.0374523      4.23041      1.95977      1.07239     0.106048     0.034546   0.00240761  0.000648224  5.13763e-05  4.06519e-06     0.842736     0.195008    0.0592019   0.00982802     0.822733     0.107404    0.0494383    0.0175844     0.139851     0.199381     0.176567      8.02288     0.180089     0.756898      2.82368        1.281      2.71962      2.26798      1.46036      2.71614    0.0593438         1.42     0.906412      1.40317      0.17077    0.0100595     0.557268    0.0965054   0.00294806      1.54731     0.667342     0.101764      1.64909
    -14.1376    0.0654502      1.20125      1.35366      4.29744      1.38721  2.73937e-13  2.73937e-13    0.0128362    0.0623137  5.04231e-13     0.467972      1.96412     0.220168     0.891357     0.129009     0.162686      1.27559      2.71446      1.51452     0.191502      3.46159      3.18136     0.820944      24.5975     0.976185       2.1443     0.527697     0.242811      2.18571     0.225249     0.853603     0.823856     0.601725      15.4934      5.38272  0.000384818     0.114478     0.116731      4.26776   0.00133579    0.0754938      6.25248      16.3267      6.69564      42.8952    0.0303449      2.70612      8.05629      12.4371      5.29444      3.62929      3.35888      5.66358      1.85879       1.3485      3.42399      1.71787      2.11569      2.01512      5.51802      4.56916     0.631661     0.683177     0.645389     0.109276       31.568      8.29863      6.43157       0.8661     0.173383    0.0126225   0.00127657  0.000175172  1.17756e-05      1.84625     0.453581     0.251852    0.0264799     0.940968     0.208643    0.0885752     0.015131      0.09891     0.285281     0.230301      23.2948     0.424139      1.03807      3.65349      11.2481      3.56414      1.46036      12.8062      9.19851     0.296909      1.07476      1.11119      1.44453     0.175454    0.0111892     0.716918     0.124317   0.00365805       2.7607     0.960575     0.163626      7.94886
     -8.6433     0.174688      2.39469      1.42669      4.19189      1.35028 -3.15374e-14 -3.15374e-14    0.0228784     0.154492  2.53848e-13     0.513262      1.87623     0.214272       0.9396     0.136176     0.172277      1.23436      2.63697     0.380091    0.0555737      1.15539     0.690033     0.339236      10.0555     0.609219      0.67304     0.107841     0.147412      1.35027     0.131873     0.244604    0.0931169    0.0984085      8.10995      1.44551  0.000659002     0.071068     0.042593      2.51189   0.00193776    0.0892499      4.09059      10.5545      2.66109      27.0091    0.0115773      2.50721      4.20598      5.77326      3.38192      1.60663      1.37533      2.86977       1.4598     0.274475      1.98021      1.06748     0.808323     0.990185      4.89393      3.93144     0.851067     0.784975     0.857438    0.0814922        27.11      8.65448      5.86639     0.647441    0.0960191   0.00797295   0.00187219  0.000157798  1.27047e-05      2.29601     0.690806     0.260195    0.0318219       2.0254     0.339056     0.129037    0.0367391     0.288503     0.620517     0.463299      20.1778     0.688377      1.93799      6.41022      4.22934      6.59361      2.71614      9.19851      8.27025     0.276973      3.39106      2.56125      3.75223     0.477143    0.0227448      1.58224      0.27164   0.00862232      4.82724       1.8809     0.302786      7.94773
   -0.341038   0.00490194     0.043406    0.0425068     0.123506    0.0393334  6.59345e-15  6.59345e-15  0.000730711   0.00450671  1.08451e-14     0.015348    0.0564891   0.00636515    0.0277921   0.00402649   0.00510013    0.0367614    0.0783408    0.0327855   0.00403893    0.0777739    0.0682331    0.0190074      0.58071    0.0231651    0.0441021    0.0114771   0.00669896    0.0550612    0.0056834    0.0177778     0.016973      0.01236     0.392663     0.120779  1.31104e-05   0.00333263   0.00290865     0.107697  9.26096e-05   0.00347522     0.156972     0.403514     0.138811       1.0962  0.000835121    0.0634253     0.180077     0.271458     0.128598     0.100964    0.0803416     0.135849    0.0448796    0.0438739    0.0839799     0.046281    0.0609364    0.0542271     0.156683     0.104094    0.0238617    0.0232104    0.0226247   0.00371627     0.870446     0.243992     0.171043    0.0253491   0.00384882   0.00045841  4.28713e-05  5.39984e-06  4.37003e-07    0.0799255    0.0241679   0.00802063   0.00109598    0.0628869    0.0109467    0.0052046   0.00128981    0.0106328    0.0161942    0.0169308     0.486718    0.0258197    0.0445022     0.151158     0.260657     0.131214    0.0593438     0.296909     0.276973       1.0133     0.126524    0.0750518     0.111646    0.0149429  0.000767345    0.0448291   0.00787527  0.000229116     0.114891    0.0561083   0.00861531     0.234393
   -0.545191    0.0655507     0.261234     0.429939     0.937346     0.287824  8.75331e-14  8.75331e-14    0.0145743    0.0825821  8.45495e-14     0.165449     0.399908    0.0470418      0.27301    0.0372707    0.0473154     0.268246     0.574486     0.288695    0.0440567      0.86468     0.670716      0.15273      4.55951     0.169535     0.238815     0.118329     0.140082     0.360332     0.113157     0.111626     0.100817     0.103747      3.31043      1.16413  0.000173955    0.0512077    0.0358422     0.736116   0.00217987     0.127153       1.3162      3.21798      1.13519      7.58021    0.0182648     0.749822      1.37838      1.93962     0.870312     0.622667     0.333827     0.926274     0.443393     0.435751     0.571641     0.260344     0.459934      0.46018     0.777055     0.674913     0.347416     0.249123     0.311572     0.089785      3.91048      2.44453     0.825593     0.163239    0.0274429    0.0066591  0.000901064  0.000109014  9.63918e-06      1.22065     0.477672    0.0805831    0.0194795      1.58171     0.263719     0.161472     0.054281     0.520329     0.329344     0.411869      4.43279     0.441467     0.831759      2.50079      1.60564      2.45782         1.42      1.07476      3.39106     0.126524      5.43774      1.75023      3.08697     0.423984    0.0267007      1.05481     0.186838   0.00486185      2.36814      1.30156     0.155326       1.9071
 -0.00325758     0.043761     0.193495     0.280355     0.715071     0.227418   5.7564e-14   5.7564e-14   0.00665433    0.0437977  7.17621e-14     0.104811     0.309334    0.0362729     0.182243    0.0260003    0.0330392     0.207326      0.44485     0.302295    0.0407797     0.679962     0.658434     0.156499      4.77714     0.106489     0.264161     0.100941    0.0808946     0.396549    0.0635498     0.116704     0.117287     0.103467      3.17195       1.1404  0.000100277     0.037805    0.0275034      0.79275   0.00104589    0.0554271      1.36385       3.4974      1.26892      8.02422    0.0098665     0.723915      1.43426      2.28679     0.830282     0.467896     0.302429     0.854038     0.393086       0.2708     0.489313     0.230882      0.38921     0.334206     0.675216     0.832132     0.223016     0.173732     0.213762    0.0461742      3.43819      1.67246     0.812225     0.115431    0.0260019   0.00370843  0.000494158  4.94276e-05  3.94028e-06     0.916191     0.228017    0.0592709   0.00866787     0.895142     0.102363    0.0522206    0.0177191     0.154207     0.218568     0.206353      5.50239     0.231792      0.60454      2.15829      1.28229      2.02025     0.906412      1.11119      2.56125    0.0750518      1.75023      1.99758      1.58972     0.205555    0.0113812     0.603711     0.104363   0.00288648      1.50015     0.705018     0.104397      1.42254
    0.290176     0.066109     0.254667     0.421969       1.0349      0.32588  8.68569e-14  8.68569e-14     0.010697     0.066349   1.0064e-13     0.158218     0.447599    0.0524257     0.272913    0.0383447    0.0487323     0.299257     0.642117     0.432194    0.0605541       1.0258     0.954277     0.223649      6.68624     0.157196     0.368788     0.150485     0.134508     0.550479     0.105312     0.164953     0.164677     0.149562      4.51198       1.6427   0.00015542    0.0581573    0.0411395      1.10177    0.0017371     0.100883      1.92531      4.88667      1.81235      11.0929    0.0163997      1.11148      2.22928       3.5322      1.26824     0.638595     0.473853       1.3212     0.607139     0.418155     0.768475     0.319224     0.562488     0.526868     0.891257      1.15968     0.344658     0.263376     0.325458     0.079421      4.46728      2.57345      1.11998     0.160434    0.0376618   0.00576149  0.000786538  8.06309e-05  6.67486e-06      1.37165     0.375665     0.089684    0.0137789      1.42874      0.17274     0.095554    0.0331073     0.298864     0.342094     0.337233      7.94344     0.368457     0.940165      3.17303      1.85975      3.02528      1.40317      1.44453      3.75223     0.111646      3.08697      1.58972      3.63635      0.34216    0.0200822     0.966968     0.167239   0.00447466      2.39572      1.13752     0.160903      2.07462
  -0.0305365    0.0083396    0.0325876    0.0547802     0.132305    0.0415926  1.24744e-14  1.24744e-14   0.00156297   0.00923148  1.25796e-14    0.0206267    0.0569076    0.0066795    0.0352981   0.00493034   0.00626772    0.0381553    0.0818011    0.0522874   0.00716121     0.129947     0.116502    0.0270995     0.820996    0.0214607    0.0439531    0.0186981    0.0174442     0.066222    0.0134186    0.0197584    0.0201031    0.0184481     0.558651     0.201653  2.17785e-05   0.00724281   0.00545149     0.133983  0.000233613      0.01399     0.230164     0.582584     0.212021      1.35814   0.00216438     0.121449     0.252307     0.389112     0.148698    0.0905475      0.05803      0.15638    0.0682502    0.0596833    0.0893326    0.0417144    0.0737383    0.0631893     0.118751     0.131965    0.0435666    0.0333548    0.0408113     0.010755     0.605969     0.320844     0.138444    0.0236591   0.00461742  0.000854624  0.000103835  1.16043e-05  9.82081e-07     0.173664    0.0501136    0.0114936   0.00192972     0.187346    0.0251051    0.0143146   0.00481207    0.0463865    0.0436699     0.044037     0.883524    0.0496945     0.111577     0.363319     0.243046     0.346183      0.17077     0.175454     0.477143    0.0149429     0.423984     0.205555      0.34216      1.04692   0.00279265     0.125127    0.0219278  0.000592608     0.304435     0.147171    0.0206235     0.264632
 -0.00497723  0.000368108   0.00184937   0.00309922   0.00725059   0.00223316  4.84451e-16  4.84451e-16  8.86084e-05  0.000555457  6.03712e-16   0.00114169   0.00317837  0.000365281    0.0019786    0.0002649  0.000335778   0.00208848   0.00446551   0.00199853  0.000305326   0.00649686   0.00455825   0.00105004    0.0311013   0.00144837   0.00185578  0.000781347    0.0010343    0.0027204  0.000826201  0.000829476  0.000654394  0.000717455     0.023493   0.00791458  1.32813e-06  0.000337318  0.000237128    0.0054509  1.33446e-05   0.00100866   0.00999267    0.0245179   0.00906775     0.054844  0.000132053   0.00678627     0.012168    0.0181719   0.00728769    0.0033404   0.00274053   0.00722448   0.00383008   0.00226887   0.00447249   0.00166358   0.00270071   0.00341079   0.00567562   0.00646546   0.00244032   0.00190751     0.002242  0.000665572    0.0295043    0.0194098   0.00742096   0.00116157  0.000228489  4.43475e-05  7.27957e-06  8.25178e-07  6.69292e-08   0.00786423   0.00312777  0.000626453  0.000126716    0.0102797   0.00174755   0.00108691  0.000384625   0.00387964   0.00222097   0.00242501    0.0472307   0.00296796   0.00600419    0.0201023    0.0133831    0.0204169    0.0100595    0.0111892    0.0227448  0.000767345    0.0267007    0.0113812    0.0200822   0.00279265      1.00022   0.00705254   0.00126193  2.98074e-05    0.0171251   0.00853574   0.00103423    0.0144672
  -0.0616017    0.0262122     0.115354     0.175132     0.452267      0.14377  3.69414e-14  3.69414e-14   0.00404161    0.0257266  4.63157e-14    0.0648999     0.196698    0.0229502     0.113849    0.0161826    0.0205535     0.131285     0.281546     0.191011    0.0258968     0.437567     0.417096    0.0990221      2.99112    0.0718101     0.171511    0.0645586     0.052578     0.248678    0.0413608    0.0753504    0.0753483     0.066408      1.98692     0.719795  6.36073e-05    0.0236597    0.0175776     0.496807  0.000634427    0.0367292     0.852232      2.18388     0.810341      5.00787   0.00638006     0.463507     0.942908      1.50127     0.541572     0.293701     0.206134     0.561745     0.251424     0.167758     0.321125      0.14382       0.2429     0.213057     0.422729     0.534434      0.13669     0.107975     0.131706     0.029959       2.1749      1.06401     0.521501    0.0747691    0.0167878   0.00230379  0.000306234  3.06262e-05  2.43253e-06     0.558096     0.138208    0.0368108   0.00512863     0.542818     0.061061    0.0309093    0.0105408    0.0931565      0.13535     0.123484      3.56674     0.139724     0.370563      1.32077     0.830945      1.25102     0.557268     0.716918      1.58224    0.0448291      1.05481     0.603711     0.966968     0.125127   0.00705254       1.3686    0.0636717   0.00173826     0.944512     0.427678    0.0642706     0.895987
  -0.0297357    0.0045297    0.0199128    0.0301413    0.0775941    0.0246469  6.36082e-15  6.36082e-15  0.000737919   0.00462264  8.01195e-15    0.0111541    0.0337555   0.00393483    0.0195614   0.00277409    0.0035227    0.0225131    0.0482702    0.0321913   0.00434917    0.0752282    0.0704116    0.0166969     0.506326    0.0130244    0.0291653    0.0109571   0.00912651    0.0420232   0.00718445     0.012805    0.0126862    0.0112694     0.337127     0.121702  1.12804e-05   0.00399276   0.00299572    0.0841099  0.000112416   0.00658394     0.144215     0.369381     0.136477     0.849334   0.00111989    0.0772222     0.152499     0.241757    0.0888471    0.0516643    0.0326667      0.09097      0.04148    0.0287359    0.0517856    0.0246681    0.0409651    0.0350834    0.0736687    0.0907541    0.0232888    0.0183467    0.0224924   0.00515686     0.380939     0.180704    0.0883044    0.0133417   0.00281586  0.000407753  5.40716e-05  5.62817e-06  4.43118e-07    0.0951332     0.024287   0.00627522  0.000941432    0.0940626    0.0112691   0.00578932   0.00194853    0.0176363    0.0230182    0.0215366      0.60146    0.0246213    0.0632427     0.225181     0.143918     0.211974    0.0965054     0.124317      0.27164   0.00787527     0.186838     0.104363     0.167239    0.0219278   0.00126193    0.0636717      1.01108  0.000302373     0.160783    0.0741247     0.011058     0.153713
 0.000329003   0.00015647  0.000823225  0.000917813   0.00237601  0.000765673  2.03936e-16  2.03936e-16  2.23538e-05  0.000135094  2.77187e-16  0.000348371   0.00100921  0.000120086  0.000600906  8.69273e-05  0.000110323  0.000685841   0.00147215   0.00117946  0.000150545   0.00253892   0.00259007  0.000622284    0.0188685  0.000367292   0.00101894  0.000392137  0.000272355   0.00153408  0.000204058  0.000448342  0.000484918   0.00041179    0.0119339    0.0044337  3.16095e-07  0.000118456   9.8754e-05   0.00304191  2.84118e-06  0.000164233   0.00505902    0.0131221   0.00471551    0.0310815  3.27154e-05   0.00232592    0.0046669   0.00743295   0.00280023   0.00199204    0.0010254   0.00282764   0.00123548    0.0010996   0.00157301  0.000939146   0.00147435   0.00107355   0.00255769    0.0028414  0.000660426  0.000535343  0.000680556  0.000135208    0.0133722   0.00505503   0.00280022  0.000419104  9.84801e-05  1.29268e-05  1.53169e-06  1.63839e-07  1.37518e-08   0.00292294  0.000636289  0.000186776  2.93382e-05   0.00265775  0.000336149  0.000170562   5.0733e-05  0.000440832  0.000624632  0.000610092    0.0183308  0.000613468   0.00194311   0.00630077   0.00488976   0.00554911   0.00294806   0.00365805   0.00862232  0.000229116   0.00486185   0.00288648   0.00447466  0.000592608  2.98074e-05   0.00173826  0.000302373      1.00001   0.00428386   0.00204512  0.000316502   0.00467312
   -0.571589    0.0572886     0.355083     0.573924      1.58757      0.50663  1.16577e-13  1.16577e-13   0.00912034     0.049267  1.60835e-13     0.207643     0.704501    0.0808488     0.375514    0.0534301    0.0677032     0.464286     0.993931     0.627227    0.0854778      1.43461      1.35295     0.331669      9.88874     0.262835     0.601799     0.210191     0.167338     0.849318     0.132189     0.258683     0.248388      0.22173      6.56214      2.34063  0.000193283     0.075564    0.0597031       1.6843   0.00150758     0.110164      2.82738      7.27411      2.75441      16.9746    0.0200472      1.65891      3.93904      6.20674      2.16417     0.988607      1.06441      2.39903      0.96126     0.527301      1.39583     0.526356     0.813701      0.78194      1.50345      1.85287     0.413233     0.341836     0.394785    0.0961338      8.14479       3.7393      2.04968     0.265649    0.0672046   0.00661684  0.000890643  7.33035e-05  6.28496e-06      1.55649     0.343264     0.115394    0.0119158      1.37046     0.136961    0.0587567    0.0203786      0.17373     0.379733     0.284433      12.4701     0.331119      1.01714        3.681      2.97501      3.71883      1.54731       2.7607      4.82724     0.114891      2.36814      1.50015      2.39572     0.304435    0.0171251     0.944512     0.160783   0.00428386      3.90739      1.06856     0.174779      3.07211
   -0.391879    0.0313933     0.160004     0.211429     0.545627     0.173222   4.0338e-14   4.0338e-14   0.00495257    0.0318368  5.67763e-14    0.0785577     0.237903    0.0276905     0.137266    0.0194968    0.0247414     0.158487     0.339609     0.212863    0.0294574     0.501995     0.466197     0.110888      3.37733    0.0944583     0.208506     0.073447    0.0584158     0.283901    0.0478616    0.0901261    0.0866743    0.0748938      2.24918     0.805522  7.71084e-05    0.0264213    0.0194663     0.564591  0.000723002    0.0398263     0.968313      2.47707     0.928522      5.71368   0.00711498     0.523118      1.01813      1.58841     0.619025     0.366751     0.226189     0.616134     0.288193     0.190808     0.361778     0.171331     0.272016     0.244507     0.535411      0.64245     0.159634     0.127264     0.153968    0.0331468       2.7879      1.25167     0.630402    0.0938045    0.0194613   0.00265219  0.000372871  3.95014e-05  3.15297e-06     0.623982     0.167566    0.0431154   0.00678675     0.630939     0.080325     0.042136    0.0142344     0.125401     0.151506     0.148604      4.00438     0.168326     0.432718       1.5194      1.04456      1.43977     0.667342     0.960575       1.8809    0.0561083      1.30156     0.705018      1.13752     0.147171   0.00853574     0.427678    0.0741247   0.00204512      1.06856      1.51131    0.0731339      1.07879
    -0.16581   0.00542477    0.0228655    0.0327288    0.0936173    0.0299372  7.75435e-15  7.75435e-15  0.000810603   0.00423366  9.82726e-15    0.0114489    0.0421241   0.00478537    0.0213664   0.00303929   0.00386032    0.0274696     0.058856    0.0342369   0.00467948    0.0798012    0.0753924    0.0182761     0.560501    0.0168115    0.0350239    0.0117878   0.00892881    0.0488455   0.00722239    0.0149717    0.0143811    0.0123532     0.372301     0.129785  1.46416e-05   0.00432852   0.00334824    0.0963367  9.75961e-05   0.00570231     0.163416     0.421822     0.157404     0.982392   0.00108482    0.0901637     0.181367     0.285176     0.108775    0.0659742    0.0367505     0.105712    0.0469537    0.0311619    0.0597867    0.0299437     0.045391    0.0346278    0.0975476     0.124218    0.0235647    0.0193931    0.0237573   0.00497519     0.525339     0.197553     0.113543    0.0193391   0.00315013  0.000442962   5.2367e-05  5.82632e-06  4.17115e-07     0.103613    0.0227319   0.00712341  0.000955646    0.0948834    0.0102756   0.00408525   0.00127692    0.0103454    0.0256757    0.0203961     0.770425    0.0240059    0.0698192     0.251407     0.180018      0.23249     0.101764     0.163626     0.302786   0.00861531     0.155326     0.104397     0.160903    0.0206235   0.00103423    0.0642706     0.011058  0.000316502     0.174779    0.0731339      1.01318     0.182759
    -6.17934    0.0686717     0.846433      1.14832      3.48486      1.12267  2.63007e-13  2.63007e-13    0.0123121    0.0588217  3.83234e-13     0.405765      1.57437     0.178209     0.756757     0.109172     0.137858      1.02974      2.19535       1.3596     0.168487      2.91758      2.87112     0.739829      22.1113     0.622999       1.5696     0.454484     0.242547      1.93225     0.198864     0.646778     0.657876     0.509283      13.9994      4.87557  0.000301959     0.115933     0.109772      3.78804   0.00155571    0.0994111      5.69505      14.8177       5.6012      38.3244    0.0301949       2.6873      8.14378      12.8363      4.77553      2.84422      3.11985      5.49804      1.79869      1.34758      3.28056      1.47555      2.01395      1.93864      4.14399      3.33928     0.633111     0.608481     0.621512     0.123508      23.4097      7.27505       5.1244     0.605151     0.154416     0.011983   0.00121422  0.000129624  9.86859e-06      2.11311     0.463197     0.222078    0.0224963      1.29945     0.195951    0.0904714    0.0194255     0.141765     0.355278     0.289272      19.8381     0.377216      1.12952      3.88294        8.373      3.75643      1.64909      7.94886      7.94773     0.234393       1.9071      1.42254      2.07462     0.264632    0.0144672     0.895987     0.153713   0.00467312      3.07211      1.07879     0.182759      7.50272

Printing matrix M^T    
    6.94842     4.12044     1.77188  -0.0972559    -1.48697    -2.39726    -2.82812    -2.77956    -2.25158
  -0.040868  -0.0235503 -0.00927581  0.00195557   0.0101438   0.0152889   0.0173909   0.0164497   0.0124653

LTF::DoLiTeFit(). Fit done. Result:  171.036  +/- 0.324393 (fit)  +/- 0.174381 (ext)  +/- 0.041625 (tmpl)  +/- 0 (MatA)   [chi^2=1.63517]

------------------------------------------------------------------------
        Result of the 1-dimensional linear template fit
        ```````````````````````````````````````````````
  LTF. Result[0]:   171.036  +/- 0.324393 (fit)  +/- 0.174381 (ext)

  LTF. Result[0]:   171.035626
                             +/-  0.196975 (STAT_DATA)
                             +/-  0.034651 (STAT_MC)
                             +/-  0.100444 (pseudoDataStat)
                             +/-  0.002231 (EG_RESOLUTION_ALL)
                             +/-  0.079755 (EG_SCALE_ALL)
                             +/-  0.012657 (EL_EFF_ID_TOTAL_1NPCOR_PLUS_UNCOR)
                             +/-  0.003688 (EL_EFF_Iso_TOTAL_1NPCOR_PLUS_UNCOR)
                             +/- -0.000238 (EL_EFF_Reco_TOTAL_1NPCOR_PLUS_UNCOR)
                             +/- -0.000000 (EL_EFF_TriggerEff_TOTAL_1NPCOR_PLUS_UNCOR)
                             +/- -0.000000 (EL_EFF_Trigger_TOTAL_1NPCOR_PLUS_UNCOR)
                             +/-  0.000308 (FAKES_Electron)
                             +/- -0.003496 (FAKES_Muon)
                             +/- -0.104185 (FT_EFF_Eigen_B_0)
                             +/-  0.067232 (FT_EFF_Eigen_B_1)
                             +/-  0.029032 (FT_EFF_Eigen_B_2)
                             +/- -0.015261 (FT_EFF_Eigen_B_3)
                             +/-  0.001168 (FT_EFF_Eigen_B_4)
                             +/- -0.000354 (FT_EFF_Eigen_B_5)
                             +/-  0.000015 (FT_EFF_Eigen_B_6)
                             +/- -0.000005 (FT_EFF_Eigen_B_7)
                             +/-  0.000000 (FT_EFF_Eigen_B_8)
                             +/- -0.035844 (FT_EFF_Eigen_C_0)
                             +/- -0.003134 (FT_EFF_Eigen_C_1)
                             +/-  0.000345 (FT_EFF_Eigen_C_2)
                             +/- -0.000542 (FT_EFF_Eigen_C_3)
                             +/- -0.013900 (FT_EFF_Eigen_Light_0)
                             +/- -0.002626 (FT_EFF_Eigen_Light_1)
                             +/-  0.000327 (FT_EFF_Eigen_Light_2)
                             +/-  0.000668 (FT_EFF_Eigen_Light_3)
                             +/-  0.005493 (FT_EFF_extrapolation)
                             +/- -0.001365 (FT_EFF_extrapolation_from_charm)
                             +/- -0.000773 (JET_EffectiveNP_Detector1)
                             +/-  0.000103 (JET_EffectiveNP_Detector2)
                             +/- -0.022732 (JET_EffectiveNP_Mixed1)
                             +/- -0.005745 (JET_EffectiveNP_Mixed2)
                             +/-  0.000154 (JET_EffectiveNP_Mixed3)
                             +/- -0.024562 (JET_EffectiveNP_Modelling1)
                             +/- -0.023230 (JET_EffectiveNP_Modelling2)
                             +/- -0.025617 (JET_EffectiveNP_Modelling3)
                             +/- -0.004027 (JET_EffectiveNP_Modelling4)
                             +/- -0.001248 (JET_EffectiveNP_Statistical1)
                             +/-  0.009901 (JET_EffectiveNP_Statistical2)
                             +/- -0.003622 (JET_EffectiveNP_Statistical3)
                             +/- -0.008757 (JET_EffectiveNP_Statistical4)
                             +/- -0.008971 (JET_EffectiveNP_Statistical5)
                             +/- -0.005146 (JET_EffectiveNP_Statistical6)
                             +/-  0.011614 (JET_EtaIntercalibration_Modelling)
                             +/- -0.005445 (JET_EtaIntercalibration_NonClosure_2018data)
                             +/- -0.000010 (JET_EtaIntercalibration_NonClosure_highE)
                             +/-  0.000398 (JET_EtaIntercalibration_NonClosure_negEta)
                             +/- -0.001053 (JET_EtaIntercalibration_NonClosure_posEta)
                             +/-  0.012032 (JET_EtaIntercalibration_TotalStat)
                             +/- -0.000028 (JET_Flavor_Composition_prop)
                             +/- -0.002026 (JET_Flavor_Response_prop)
                             +/-  0.004436 (JET_JER_DataVsMC_MC16_PseudoData)
                             +/- -0.018095 (JET_JER_EffectiveNP_10_PseudoData)
                             +/- -0.019925 (JET_JER_EffectiveNP_11_PseudoData)
                             +/-  0.000058 (JET_JER_EffectiveNP_12restTerm_PseudoData)
                             +/- -0.009018 (JET_JER_EffectiveNP_1_PseudoData)
                             +/- -0.021782 (JET_JER_EffectiveNP_2_PseudoData)
                             +/- -0.007747 (JET_JER_EffectiveNP_3_PseudoData)
                             +/- -0.056844 (JET_JER_EffectiveNP_4_PseudoData)
                             +/-  0.010953 (JET_JER_EffectiveNP_5_PseudoData)
                             +/-  0.012063 (JET_JER_EffectiveNP_6_PseudoData)
                             +/-  0.006542 (JET_JER_EffectiveNP_7_PseudoData)
                             +/- -0.016460 (JET_JER_EffectiveNP_8_PseudoData)
                             +/-  0.015281 (JET_JER_EffectiveNP_9_PseudoData)
                             +/- -0.008639 (JET_JvtEfficiency)
                             +/-  0.018409 (JET_Pileup_OffsetMu)
                             +/-  0.030814 (JET_Pileup_OffsetNPV)
                             +/- -0.034490 (JET_Pileup_PtTerm)
                             +/-  0.079682 (JET_Pileup_RhoTopology)
                             +/- -0.000837 (JET_PunchThrough_MC16)
                             +/-  0.013225 (LUMINOSITY)
                             +/-  0.010768 (MET_SoftTrk_ResoPara)
                             +/-  0.011744 (MET_SoftTrk_ResoPerp)
                             +/-  0.007590 (MET_SoftTrk_Scale)
                             +/- -0.000000 (MUON_EFF_BADMUON_SYS)
                             +/-  0.007733 (MUON_EFF_ISO_STAT)
                             +/-  0.000422 (MUON_EFF_ISO_SYS)
                             +/-  0.000304 (MUON_EFF_RECO_STAT)
                             +/-  0.008866 (MUON_EFF_RECO_SYS)
                             +/-  0.001288 (MUON_EFF_TTVA_STAT)
                             +/-  0.001654 (MUON_EFF_TTVA_SYS)
                             +/-  0.001290 (MUON_EFF_TrigStatUncertainty)
                             +/-  0.003100 (MUON_EFF_TrigSystUncertainty)
                             +/- -0.000301 (MUON_SAGITTA_DATASTAT)
                             +/-  0.001090 (MUON_SAGITTA_RESBIAS)
                             +/- -0.042876 (PRW_DATASF)
                             +/- -0.005365 (THEORY_CROSS_SECTION_Wjets)
                             +/-  0.012041 (THEORY_CROSS_SECTION_other_top_noWt)
                             +/- -0.002992 (THEORY_CROSS_SECTION_signal)
                             +/-  0.008499 (THEORY_DR_DS_signal)
                             +/-  0.000031 (THEORY_EWK_Wjets)
                             +/-  0.000018 (THEORY_EWK_multiboson_noW)
                             +/- -0.073264 (THEORY_FSR_signal)
                             +/-  0.007198 (THEORY_HDAMP_signal)
                             +/- -0.010402 (THEORY_ISR_signal)
                             +/-  0.000411 (THEORY_PDF4LHC_VARIATION_Wjets)
                             +/- -0.001035 (THEORY_PDF4LHC_VARIATION_multiboson_noW)
                             +/-  0.001881 (THEORY_PDF4LHC_VARIATION_signal)
                             +/-  0.006097 (THEORY_PTHARD_signal)
                             +/-  0.002334 (THEORY_SCALE_COMBINED_Wjets)
                             +/- -0.003011 (THEORY_SCALE_COMBINED_multiboson_noW)
                             +/-  0.005034 (THEORY_SCALE_FACTORISATION_signal)
                             +/-  0.014158 (THEORY_SCALE_RENORMALISATION_signal)
                             +/- -0.006151 (THEORY_SHOWERING_HERWIG7_signal)
                             +/- -0.004388 (THEORY_TOPRECOIL_signal)
                             +/- -0.068728 (THEORY_TOP_MASS_signal)
                             +/- -0.001313 (WMASS_VAR_signal)

                             +/- -0.070281 (FULL_SYS_SUM)
                             +/- -0.041274 (FULL_SYS_SUM_DETECTOR)
                             +/- -0.062364 (FULL_SYS_SUM_THEORY)
                             +/- -0.070281 (FULL_SYS_TOYS)
                             +/- -0.069188 (TOTAL)
                             +/- -0.072334 (TOTAL_NO_DR_DS)
                             +/- -0.070128 (TOTAL_SYSONLY)
                             +/-  0.041625 (statY)

  Nuisance parameters                 -0.011  +/-  0.999  (EG_RESOLUTION_ALL)
                                      -0.054  +/-  0.978  (EG_SCALE_ALL)
                                      -0.003  +/-  0.998  (EL_EFF_ID_TOTAL_1NPCOR_PLUS_UNCOR)
                                      -0.041  +/-  0.990  (EL_EFF_Iso_TOTAL_1NPCOR_PLUS_UNCOR)
                                      -0.017  +/-  0.999  (EL_EFF_Reco_TOTAL_1NPCOR_PLUS_UNCOR)
                                      -0.000  +/-  1.000  (EL_EFF_TriggerEff_TOTAL_1NPCOR_PLUS_UNCOR)
                                      -0.000  +/-  1.000  (EL_EFF_Trigger_TOTAL_1NPCOR_PLUS_UNCOR)
                                       0.001  +/-  1.000  (MUON_SAGITTA_DATASTAT)
                                      -0.001  +/-  1.000  (MUON_SAGITTA_RESBIAS)
                                      -0.000  +/-  1.000  (MUON_EFF_BADMUON_SYS)
                                      -0.002  +/-  1.000  (MUON_EFF_ISO_STAT)
                                      -0.009  +/-  0.998  (MUON_EFF_ISO_SYS)
                                      -0.002  +/-  1.000  (MUON_EFF_RECO_STAT)
                                      -0.004  +/-  0.999  (MUON_EFF_RECO_SYS)
                                      -0.001  +/-  1.000  (MUON_EFF_TTVA_STAT)
                                      -0.001  +/-  1.000  (MUON_EFF_TTVA_SYS)
                                      -0.011  +/-  0.999  (MUON_EFF_TrigStatUncertainty)
                                      -0.023  +/-  0.996  (MUON_EFF_TrigSystUncertainty)
                                      -0.010  +/-  0.998  (JET_EffectiveNP_Detector1)
                                       0.001  +/-  1.000  (JET_EffectiveNP_Detector2)
                                       0.062  +/-  0.972  (JET_EffectiveNP_Mixed1)
                                      -0.029  +/-  0.987  (JET_EffectiveNP_Mixed2)
                                      -0.006  +/-  0.999  (JET_EffectiveNP_Mixed3)
                                      -0.069  +/-  0.768  (JET_EffectiveNP_Modelling1)
                                       0.029  +/-  0.997  (JET_EffectiveNP_Modelling2)
                                      -0.011  +/-  0.992  (JET_EffectiveNP_Modelling3)
                                      -0.002  +/-  0.999  (JET_EffectiveNP_Modelling4)
                                       0.014  +/-  0.999  (JET_EffectiveNP_Statistical1)
                                      -0.004  +/-  0.999  (JET_EffectiveNP_Statistical2)
                                       0.004  +/-  0.999  (JET_EffectiveNP_Statistical3)
                                      -0.006  +/-  0.999  (JET_EffectiveNP_Statistical4)
                                      -0.016  +/-  0.998  (JET_EffectiveNP_Statistical5)
                                       0.001  +/-  0.999  (JET_EffectiveNP_Statistical6)
                                       0.001  +/-  0.934  (JET_EtaIntercalibration_Modelling)
                                      -0.014  +/-  0.970  (JET_EtaIntercalibration_NonClosure_2018data)
                                      -0.000  +/-  1.000  (JET_EtaIntercalibration_NonClosure_highE)
                                      -0.002  +/-  1.000  (JET_EtaIntercalibration_NonClosure_negEta)
                                       0.001  +/-  1.000  (JET_EtaIntercalibration_NonClosure_posEta)
                                      -0.000  +/-  0.997  (JET_EtaIntercalibration_TotalStat)
                                       0.000  +/-  1.000  (JET_Flavor_Composition_prop)
                                       0.024  +/-  0.998  (JET_Flavor_Response_prop)
                                       0.012  +/-  0.992  (JET_Pileup_OffsetMu)
                                      -0.005  +/-  0.934  (JET_Pileup_OffsetNPV)
                                      -0.022  +/-  0.959  (JET_Pileup_PtTerm)
                                       0.003  +/-  0.649  (JET_Pileup_RhoTopology)
                                       0.003  +/-  1.000  (JET_PunchThrough_MC16)
                                       0.097  +/-  0.972  (JET_JER_DataVsMC_MC16_PseudoData)
                                      -0.000  +/-  0.889  (JET_JER_EffectiveNP_1_PseudoData)
                                       0.020  +/-  0.679  (JET_JER_EffectiveNP_2_PseudoData)
                                      -0.036  +/-  0.960  (JET_JER_EffectiveNP_3_PseudoData)
                                       0.014  +/-  0.976  (JET_JER_EffectiveNP_4_PseudoData)
                                       0.021  +/-  0.977  (JET_JER_EffectiveNP_5_PseudoData)
                                      -0.016  +/-  0.949  (JET_JER_EffectiveNP_6_PseudoData)
                                       0.048  +/-  0.991  (JET_JER_EffectiveNP_7_PseudoData)
                                       0.025  +/-  0.986  (JET_JER_EffectiveNP_8_PseudoData)
                                       0.019  +/-  0.979  (JET_JER_EffectiveNP_9_PseudoData)
                                       0.035  +/-  0.997  (JET_JER_EffectiveNP_10_PseudoData)
                                      -0.031  +/-  0.991  (JET_JER_EffectiveNP_11_PseudoData)
                                      -0.020  +/-  0.986  (JET_JER_EffectiveNP_12restTerm_PseudoData)
                                      -0.023  +/-  0.988  (JET_JvtEfficiency)
                                      -0.042  +/-  0.961  (PRW_DATASF)
                                      -0.001  +/-  0.999  (MET_SoftTrk_ResoPara)
                                      -0.018  +/-  0.999  (MET_SoftTrk_ResoPerp)
                                      -0.020  +/-  0.999  (MET_SoftTrk_Scale)
                                      -0.002  +/-  1.000  (WMASS_VAR_signal)
                                      -0.019  +/-  0.578  (FT_EFF_Eigen_B_0)
                                      -0.032  +/-  0.894  (FT_EFF_Eigen_B_1)
                                      -0.076  +/-  0.976  (FT_EFF_Eigen_B_2)
                                      -0.008  +/-  0.997  (FT_EFF_Eigen_B_3)
                                       0.003  +/-  1.000  (FT_EFF_Eigen_B_4)
                                      -0.000  +/-  1.000  (FT_EFF_Eigen_B_5)
                                       0.000  +/-  1.000  (FT_EFF_Eigen_B_6)
                                       0.000  +/-  1.000  (FT_EFF_Eigen_B_7)
                                       0.000  +/-  1.000  (FT_EFF_Eigen_B_8)
                                      -0.124  +/-  0.963  (FT_EFF_Eigen_C_0)
                                       0.019  +/-  0.997  (FT_EFF_Eigen_C_1)
                                      -0.001  +/-  1.000  (FT_EFF_Eigen_C_2)
                                       0.004  +/-  1.000  (FT_EFF_Eigen_C_3)
                                      -0.036  +/-  0.975  (FT_EFF_Eigen_Light_0)
                                       0.049  +/-  0.998  (FT_EFF_Eigen_Light_1)
                                       0.037  +/-  0.999  (FT_EFF_Eigen_Light_2)
                                       0.012  +/-  1.000  (FT_EFF_Eigen_Light_3)
                                       0.128  +/-  0.981  (FT_EFF_extrapolation)
                                      -0.059  +/-  0.997  (FT_EFF_extrapolation_from_charm)
                                       0.006  +/-  0.998  (THEORY_CROSS_SECTION_signal)
                                       0.010  +/-  0.341  (THEORY_SHOWERING_HERWIG7_signal)
                                       0.050  +/-  0.993  (THEORY_SCALE_FACTORISATION_signal)
                                       0.066  +/-  0.963  (THEORY_SCALE_RENORMALISATION_signal)
                                      -0.029  +/-  0.799  (THEORY_ISR_signal)
                                       0.236  +/-  0.782  (THEORY_FSR_signal)
                                      -0.089  +/-  0.832  (THEORY_HDAMP_signal)
                                       0.041  +/-  0.936  (THEORY_PTHARD_signal)
                                       0.115  +/-  0.793  (THEORY_TOPRECOIL_signal)
                                      -0.037  +/-  0.779  (THEORY_TOP_MASS_signal)
                                       0.011  +/-  0.999  (THEORY_PDF4LHC_VARIATION_signal)
                                       0.259  +/-  0.715  (THEORY_DR_DS_signal)
                                      -0.075  +/-  0.966  (THEORY_CROSS_SECTION_Wjets)
                                      -0.073  +/-  0.899  (THEORY_SCALE_COMBINED_Wjets)
                                      -0.000  +/-  0.998  (THEORY_PDF4LHC_VARIATION_Wjets)
                                       0.002  +/-  1.000  (THEORY_EWK_Wjets)
                                      -0.056  +/-  0.988  (THEORY_SCALE_COMBINED_multiboson_noW)
                                      -0.003  +/-  1.000  (THEORY_PDF4LHC_VARIATION_multiboson_noW)
                                      -0.000  +/-  1.000  (THEORY_EWK_multiboson_noW)
                                      -0.231  +/-  0.882  (THEORY_CROSS_SECTION_other_top_noWt)
                                      -0.030  +/-  0.985  (FAKES_Electron)
                                      -0.018  +/-  0.999  (FAKES_Muon)
                                      -0.078  +/-  0.966  (LUMINOSITY)

  Correlation matrix 
        1  -0.00688    -0.251   -0.0391   -0.0115  0.000733   5.1e-14   5.1e-14  0.000928  -0.00336   2.6e-14   -0.0238   -0.0013 -0.000936   -0.0273  -0.00397   -0.0051  -0.00398  -0.00959   0.00239 -0.000317    0.0721    0.0179 -0.000474    0.0986    0.0719    0.0796    0.0124   0.00385   -0.0306    0.0112     0.027    0.0277    0.0159   -0.0383    0.0173  3.19e-05  -0.00123   0.00325   -0.0372  8.55e-05   0.00626   -0.0572    -0.102     0.111    -0.378   0.00258   -0.0141    0.0313    0.0989    0.0249      0.18   -0.0346   -0.0392   -0.0203    0.0514   -0.0481    0.0559     0.062 -0.000181    0.0269     0.138   -0.0332   -0.0362   -0.0234   0.00405     0.555    -0.232   -0.0917    0.0472   -0.0036   0.00109 -4.77e-05  1.39e-05 -5.83e-07     0.115   0.00969  -0.00106   0.00167    0.0439   0.00811  -0.00101  -0.00206   -0.0173   0.00422   0.00924    0.0556   -0.0156   -0.0453    0.0401     0.289   -0.0267   -0.0201    0.0171     0.272  -0.00581   -0.0367    0.0171    -0.008  -0.00127 -9.67e-05   0.00939   0.00319 -5.47e-05   -0.0421 -0.000962    0.0108   -0.0422
 -0.00688         1  -0.00419  0.000171  0.000251  9.36e-05  1.51e-16  1.51e-16 -8.87e-05 -0.000537  2.98e-16  7.07e-05 -6.82e-05 -6.24e-06  6.26e-05 -1.11e-06 -5.85e-06 -3.43e-06 -2.71e-05  0.000254  6.83e-05  0.000859 -0.000306 -0.000432   0.00248  0.000546 -0.000442 -0.000192  0.000118 -0.000868  0.000257 -0.000172 -0.000959 -5.67e-05   0.00178  0.000539 -8.99e-07  0.000207   0.00019 -0.000892  3.47e-06  0.000253  0.000576   0.00298  0.000795  -0.00216    0.0001  -0.00128   0.00282  0.000753  -0.00438  -0.00375   0.00218   0.00201   0.00194  -0.00327   0.00101 -0.000327  -0.00273  -0.00162  -0.00251  -0.00371  0.000691 -0.000228 -0.000331  0.000217  -0.00964   0.00542  0.000395 -0.000133  0.000281  3.92e-06  4.17e-06 -2.24e-08  8.46e-09  -0.00493 -0.000572 -0.000318  1.57e-05  -0.00277  0.000343     4e-05   8.1e-05  0.000877  -0.00118  -0.00141  -0.00399  -0.00109   -0.0076  -0.00907   0.00338   0.00442  -0.00289    0.0035   0.00473 -0.000872   -0.0031  -0.00491  -0.00775 -0.000734  4.71e-05  -0.00282 -0.000437 -3.14e-05   0.00118  -0.00323 -0.000828 -0.000305
   -0.251  -0.00419         1  -0.00543   -0.0133  -0.00506  4.41e-15  4.41e-15  3.19e-05  -0.00115 -7.28e-16  -0.00278   -0.0029 -0.000608  -0.00391  -0.00067 -0.000846  -0.00332  -0.00719   0.00257  0.000178   0.00328   0.00399  -0.00166    0.0342  -0.00149  -0.00559 -5.44e-05  0.000709  -0.00217   0.00052  -0.00127  -0.00212  0.000766    0.0259    0.0114 -6.43e-06   0.00129   0.00121  0.000648  4.87e-05   0.00184  0.000499   0.00037  -0.00611   0.00512  0.000538  -0.00968    0.0299    0.0775   -0.0205    0.0031    0.0155      0.02  0.000224   0.00247   0.00486   -0.0022    0.0059  -0.00126   -0.0228   -0.0337   0.00018   -0.0033  -0.00489   0.00131    -0.171   -0.0175   -0.0213   0.00248  0.000396  0.000121  3.37e-06 -4.57e-07 -5.28e-08  -0.00253  0.000819  -0.00156  8.48e-05   0.00033  0.000504 -0.000793 -0.000139 -0.000337   -0.0013  -0.00264   -0.0426    0.0043   -0.0272    0.0189    0.0353    0.0211   -0.0154   -0.0478   0.00168   0.00153  -0.00221  -0.00904     -0.02 -0.000815  0.000169  -0.00525 -0.000435 -0.000121  -0.00361   -0.0105 -1.35e-07    -0.026
  -0.0391  0.000171  -0.00543         1  -0.00728  -0.00231  3.68e-16  3.68e-16  8.19e-06 -0.000204    -3e-16  -0.00139  -0.00268 -0.000348  -0.00214 -0.000305 -0.000384  -0.00201  -0.00427  1.86e-05 -1.23e-05   -0.0041  0.000482 -0.000305   0.00542  -0.00204  -0.00049 -0.000168  -0.00122  3.46e-05 -0.000922 -8.35e-05  0.000287  3.43e-06  -0.00408  0.000174 -1.22e-06 -7.53e-05 -7.38e-05 -0.000162 -1.36e-05  -0.00154 -0.000176  0.000758  0.000574 -0.000995  -0.00014 -0.000446  -0.00043   0.00492  -0.00259   0.00184  -0.00302  -0.00295   -0.0013  0.000836  -0.00228 -0.000475  0.000702  -0.00194  -0.00489  0.000372  -0.00197  -0.00194   -0.0018 -0.000735   -0.0459   -0.0253  -0.00861 -0.000541 -0.000122 -2.02e-05 -4.62e-06  -2.6e-07 -3.84e-08  -0.00194   -0.0022 -0.000356 -5.35e-06  -0.00365 -0.000746 -0.000547   -0.0002  -0.00257  -0.00127  -0.00102   0.00552   -0.0015 -0.000139   0.00477   0.00276  -0.00553   -0.0014   -0.0171   -0.0064  2.64e-05   -0.0246  -0.00568   -0.0133  -0.00169 -0.000161  -0.00401 -0.000689 -1.05e-05    -0.017  -0.00438 -2.29e-05   -0.0141
  -0.0115  0.000251   -0.0133  -0.00728         1  -0.00636  8.56e-17  8.56e-17   5.8e-05  -0.00049 -3.33e-16  -0.00279  -0.00753 -0.000942  -0.00473 -0.000686 -0.000868  -0.00546   -0.0116   0.00137   0.00028 -0.000375   0.00465 -0.000244    0.0247  -0.00158   0.00133  0.000563   -0.0013 -0.000477 -0.000935  0.000799   0.00123  0.000845    -0.004    0.0076 -3.57e-06 -0.000142 -3.51e-05 -0.000912 -1.92e-05  -0.00185   0.00017   0.00134   0.00807   -0.0203 -0.000116   0.00121  -0.00802  -0.00832   -0.0077   0.00931  -0.00921   -0.0113  -0.00202   0.00354  -0.00757 -0.000842   0.00058  -0.00574   -0.0145   0.00167  -0.00474   -0.0047   -0.0044  -0.00114    -0.131   -0.0616   -0.0272 -0.000174 -0.000114 -2.56e-05 -5.18e-06 -4.62e-08  2.24e-09  -0.00784  -0.00398  -0.00117  0.000108  -0.00638  0.000362  0.000247  4.18e-05 -0.000419   -0.0039  -0.00107    -0.025  -0.00229   0.00278    0.0074    0.0206   -0.0159   0.00532    -0.037   0.00712  0.000583   -0.0245   -0.0121   -0.0234  -0.00279 -0.000189  -0.00843  -0.00129 -1.46e-05   -0.0362  -0.00704 -0.000492   -0.0369
 0.000733  9.36e-05  -0.00506  -0.00231  -0.00636         1  3.67e-17  3.67e-17  3.37e-05 -0.000155 -1.49e-16 -0.000907  -0.00224   -0.0003  -0.00152 -0.000228 -0.000287  -0.00173   -0.0037  0.000475  0.000106  0.000342   0.00163 -0.000136   0.00722 -0.000354  0.000412  0.000222 -0.000318 -0.000128 -0.000226  0.000295  0.000374  0.000309 -0.000777   0.00275 -1.39e-06  1.87e-06  1.45e-05 -0.000228 -3.88e-06 -0.000454 -0.000173 -0.000855   0.00227  -0.00834 -1.66e-05  0.000211  -0.00223   -0.0017  -0.00279    0.0039  -0.00234  -0.00303 -0.000722   0.00151  -0.00218 -0.000412  0.000375   -0.0018   -0.0047 -0.000161  -0.00152   -0.0015  -0.00155 -0.000306   -0.0409   -0.0196  -0.00897  0.000289 -3.03e-05 -4.54e-06  -1.6e-06  6.56e-10  7.12e-09  -0.00308  -0.00102 -0.000414  4.76e-05  -0.00187  0.000281  0.000156  3.93e-05  0.000116  -0.00125 -0.000222  -0.00674 -0.000216  0.000652   0.00328    0.0111  -0.00538   0.00172   -0.0109   0.00238  0.000498  -0.00464  -0.00378  -0.00689 -0.000799 -4.41e-05  -0.00263 -0.000383  -7.3e-06   -0.0115   -0.0021 -8.33e-05   -0.0119
  5.1e-14  1.51e-16  4.41e-15  3.68e-16  8.56e-17  3.67e-17         1 -3.13e-27  1.81e-17 -1.13e-16 -6.78e-28  3.13e-16 -3.72e-17  1.31e-17  2.96e-16  6.52e-17   8.3e-17   4.1e-17  1.24e-16 -8.61e-16  3.95e-17 -3.87e-17 -3.18e-15 -1.99e-16  -1.6e-14  1.39e-15  1.57e-15 -2.36e-16  1.31e-16  1.68e-16  1.01e-16  2.01e-16 -6.14e-16 -3.17e-16 -6.22e-15 -3.39e-15  2.27e-19 -1.86e-16 -3.91e-16  1.72e-16  7.06e-18  7.88e-17  1.77e-15  5.12e-15  2.16e-15 -4.95e-15 -3.18e-17   8.4e-15 -5.13e-15 -4.72e-15  3.45e-15 -2.57e-15 -3.71e-15 -7.73e-15  3.14e-15 -3.87e-15 -3.01e-15  1.77e-15 -3.97e-15 -2.65e-15  1.95e-15  9.16e-15  2.21e-16  4.22e-17  4.18e-16 -3.08e-16  1.28e-14  6.33e-18  1.93e-15 -3.71e-16 -1.96e-17 -3.31e-17  1.05e-18 -2.93e-19 -2.26e-21 -1.66e-15 -7.24e-16  2.86e-16   3.7e-17 -2.99e-15  4.65e-16  5.95e-16  1.92e-16  1.73e-15 -1.59e-15  3.55e-16  8.51e-15 -2.67e-16  9.27e-15  9.97e-16 -3.86e-15 -4.41e-15  4.67e-17  1.98e-14  2.82e-15   4.3e-16 -4.75e-15 -1.84e-15 -2.12e-15 -6.74e-16 -2.97e-17 -1.61e-15 -2.36e-16  2.06e-18 -6.22e-15 -5.86e-16  -6.7e-16  7.39e-16
  5.1e-14  1.51e-16  4.41e-15  3.68e-16  8.56e-17  3.67e-17 -3.13e-27         1  1.81e-17 -1.13e-16 -6.78e-28  3.13e-16 -3.72e-17  1.31e-17  2.96e-16  6.52e-17   8.3e-17   4.1e-17  1.24e-16 -8.61e-16  3.95e-17 -3.87e-17 -3.18e-15 -1.99e-16  -1.6e-14  1.39e-15  1.57e-15 -2.36e-16  1.31e-16  1.68e-16  1.01e-16  2.01e-16 -6.14e-16 -3.17e-16 -6.22e-15 -3.39e-15  2.27e-19 -1.86e-16 -3.91e-16  1.72e-16  7.06e-18  7.88e-17  1.77e-15  5.12e-15  2.16e-15 -4.95e-15 -3.18e-17   8.4e-15 -5.13e-15 -4.72e-15  3.45e-15 -2.57e-15 -3.71e-15 -7.73e-15  3.14e-15 -3.87e-15 -3.01e-15  1.77e-15 -3.97e-15 -2.65e-15  1.95e-15  9.16e-15  2.21e-16  4.22e-17  4.18e-16 -3.08e-16  1.28e-14  6.33e-18  1.93e-15 -3.71e-16 -1.96e-17 -3.31e-17  1.05e-18 -2.93e-19 -2.26e-21 -1.66e-15 -7.24e-16  2.86e-16   3.7e-17 -2.99e-15  4.65e-16  5.95e-16  1.92e-16  1.73e-15 -1.59e-15  3.55e-16  8.51e-15 -2.67e-16  9.27e-15  9.97e-16 -3.86e-15 -4.41e-15  4.67e-17  1.98e-14  2.82e-15   4.3e-16 -4.75e-15 -1.84e-15 -2.12e-15 -6.74e-16 -2.97e-17 -1.61e-15 -2.36e-16  2.06e-18 -6.22e-15 -5.86e-16  -6.7e-16  7.39e-16
 0.000928 -8.87e-05  3.19e-05  8.19e-06   5.8e-05  3.37e-05  1.81e-17  1.81e-17         1 -7.39e-05  5.25e-17  1.84e-05 -1.79e-05  1.96e-06  8.42e-06  4.84e-06  5.88e-06  1.27e-05  2.44e-05     9e-05  1.16e-05  9.72e-05  0.000109  2.14e-05  0.000633  8.06e-05  0.000181  1.25e-05 -1.51e-05 -2.91e-05  9.76e-06  7.15e-05  4.32e-05  2.03e-05  0.000128   0.00017 -1.58e-07  8.72e-06  8.55e-07 -6.64e-05 -9.66e-07 -2.63e-05  2.61e-05   0.00022  0.000502 -0.000811  3.39e-07 -0.000165  0.000248   5.5e-05  7.08e-06 -0.000289   0.00018  0.000235  0.000154 -0.000196  0.000206 -7.07e-05 -0.000158  7.79e-05 -0.000101  9.87e-05  7.52e-06  5.17e-05 -9.16e-06 -1.05e-05 -0.000803  0.000411  0.000157 -3.74e-05   1.2e-05 -3.34e-06 -3.79e-07 -8.85e-08 -6.06e-09 -0.000185 -0.000119 -2.91e-05 -1.39e-05 -0.000486 -0.000179 -0.000144 -4.07e-05  -0.00052 -8.66e-06 -0.000145  -0.00129 -0.000187 -0.000657 -0.000416 -0.000314  0.000578 -0.000469   0.00108  0.000703 -6.98e-05  -0.00256 -0.000404   -0.0007 -0.000192 -6.31e-06 -0.000233 -5.71e-05 -2.67e-06  0.000307 -0.000251 -5.87e-05  8.39e-05
 -0.00336 -0.000537  -0.00115 -0.000204  -0.00049 -0.000155 -1.13e-16 -1.13e-16 -7.39e-05         1  1.25e-16 -3.91e-05 -0.000187 -2.42e-05 -0.000137 -1.26e-05 -1.71e-05 -0.000131  -0.00028  0.000139  9.35e-05  0.000794   0.00023  -3.8e-06  0.000861  0.000548  5.19e-05  9.13e-05  0.000262 -0.000317   0.00023  1.26e-05 -0.000302  5.01e-05 -5.66e-05  0.000851 -6.87e-07  0.000115  0.000111  -0.00059  8.77e-07  0.000219 -4.17e-05  0.000495   0.00128  -0.00301   6.7e-05  0.000363   0.00372   0.00411 -7.15e-05 -0.000222   0.00101   0.00215   0.00123 -0.000478   0.00129  0.000122  -0.00124   -0.0016  -0.00123  0.000365 -0.000117 -0.000292 -0.000399   9.4e-05  -0.00325 -0.000473 -0.000815  0.000497  0.000107 -5.69e-06 -1.19e-06 -4.48e-07 -1.24e-08  -0.00218 -0.000929 -0.000286 -3.66e-05  -0.00267 -0.000404 -0.000522 -0.000174  -0.00223 -0.000295 -0.000739   0.00555  -0.00123  -0.00245   -0.0085  9.71e-05   -0.0033  -0.00189  -0.00258   0.00331 -0.000329  -0.00811  -0.00359  -0.00493 -0.000981 -7.15e-05  -0.00204 -0.000416 -1.24e-05   0.00251  -0.00237 -0.000207  -0.00112
  2.6e-14  2.98e-16 -7.28e-16    -3e-16 -3.33e-16 -1.49e-16 -6.78e-28 -6.78e-28  5.25e-17  1.25e-16         1 -1.77e-16  1.87e-16  1.31e-18 -1.73e-16 -2.33e-17 -2.18e-17 -4.47e-19  3.39e-17 -1.06e-15 -1.34e-16 -2.83e-15 -2.86e-15 -4.75e-16 -1.21e-14  -9.3e-16 -1.49e-15 -4.67e-16 -2.88e-16 -5.95e-17 -5.75e-16  -7.5e-16 -5.57e-16 -4.35e-16 -2.02e-15 -3.52e-15  5.24e-19  1.58e-17 -4.56e-17  1.29e-16  1.23e-17 -8.16e-17 -5.28e-16 -1.62e-15 -4.11e-15 -1.41e-16 -4.77e-17  6.65e-16 -5.44e-17  6.01e-15  1.36e-15 -1.19e-15 -6.67e-16 -1.35e-15 -2.14e-17   1.5e-15 -9.13e-16  9.24e-16  7.33e-16 -1.42e-15  8.14e-16  1.28e-15  4.93e-16  2.32e-16   6.7e-17 -1.22e-16  1.09e-15 -2.85e-15 -1.44e-16  2.47e-16 -1.54e-16   1.9e-17 -2.08e-19  3.01e-20 -3.05e-21  4.55e-15  1.66e-16  4.89e-16  1.35e-17  2.38e-15 -1.08e-17  6.56e-17  1.11e-17  5.48e-16  5.46e-16   3.8e-16 -7.18e-15  2.24e-15  4.62e-15  4.24e-15 -1.33e-15 -2.94e-15 -5.78e-15 -8.15e-16 -1.63e-15  7.81e-16 -5.09e-15  2.71e-15  2.45e-15  5.82e-16 -4.08e-18  1.16e-15  2.37e-16  7.32e-18 -5.51e-16   4.9e-16  4.68e-16 -1.26e-16
  -0.0238  7.07e-05  -0.00278  -0.00139  -0.00279 -0.000907  3.13e-16  3.13e-16  1.84e-05 -3.91e-05 -1.77e-16         1 -0.000909 -0.000131 -0.000897 -0.000135  -0.00017 -0.000751   -0.0016 -0.000126 -3.38e-05  -0.00212 -3.74e-05 -0.000184  0.000751   -0.0011 -0.000637 -0.000135 -0.000514  4.91e-05 -0.000418 -0.000188  1.21e-05  -5.9e-05  -0.00186 -0.000521 -3.99e-07 -2.62e-05 -1.96e-05 -3.33e-05 -4.09e-06 -0.000602 -0.000281 -0.000405 -0.000982  0.000873  -5.1e-05 -0.000493  0.000461   0.00431  -0.00145  0.000349 -0.000847 -0.000727 -0.000742  0.000447 -0.000741 -0.000248  0.000479 -0.000557  -0.00196 -0.000968 -0.000749 -0.000793 -0.000736  -0.00028   -0.0178  -0.00951  -0.00319 -0.000286 -6.74e-05 -4.74e-06 -1.57e-06 -7.68e-09 -1.44e-08 -0.000723 -0.000685 -0.000111  7.94e-06  -0.00121 -0.000217 -0.000166 -6.68e-05 -0.000837 -0.000473 -0.000411   0.00885 -0.000397 -0.000392    0.0025   0.00228  -0.00225   -0.0011  -0.00832  -0.00655  3.02e-05  -0.00909  -0.00208  -0.00503 -0.000586 -5.49e-05  -0.00148 -0.000245 -5.11e-06  -0.00733  -0.00182  6.96e-05  -0.00549
  -0.0013 -6.82e-05   -0.0029  -0.00268  -0.00753  -0.00224 -3.72e-17 -3.72e-17 -1.79e-05 -0.000187  1.87e-16 -0.000909         1 -0.000394  -0.00172 -0.000233 -0.000298   -0.0023  -0.00489  0.000851  0.000139  0.000876    0.0025  0.000221    0.0154  -0.00033   0.00126  0.000353  -0.00043 -0.000443 -0.000253   0.00048  0.000731  0.000453  -0.00163   0.00393 -7.47e-07 -0.000186  -4.9e-05 -0.000752 -1.23e-05 -0.000721  0.000773   0.00405   0.00594  -0.00766  -5.5e-05   0.00116  -0.00549   -0.0106   -0.0025   0.00151  -0.00563  -0.00682 -0.000389  0.000297  -0.00407  -9.2e-06 -0.000695  -0.00236  -0.00646   0.00248  -0.00185  -0.00185  -0.00128 -0.000445   -0.0609   -0.0236   -0.0111 -0.000983 -7.36e-06 -1.56e-05 -5.74e-07   1.2e-07  4.23e-09  -0.00254  -0.00201 -0.000415  2.63e-05  -0.00259  0.000132   0.00025  7.36e-05  0.000627  -0.00175 -0.000567   -0.0207  -0.00238   0.00169  -0.00233  -0.00203  -0.00593   0.00385   -0.0163   0.00642  -0.00076   -0.0106  -0.00477  -0.00917  -0.00105 -6.65e-05  -0.00327 -0.000526  3.03e-06   -0.0133  -0.00251 -0.000582   -0.0146
-0.000936 -6.24e-06 -0.000608 -0.000348 -0.000942   -0.0003  1.31e-17  1.31e-17  1.96e-06 -2.42e-05  1.31e-18 -0.000131 -0.000394         1 -0.000226 -3.28e-05 -4.16e-05 -0.000272  -0.00058  7.31e-05  1.41e-05   2.1e-05  0.000248 -4.81e-06    0.0014 -7.02e-05   6.7e-05  2.96e-05 -5.75e-05 -4.07e-05 -3.78e-05  3.61e-05  5.62e-05  4.31e-05 -0.000212  0.000392 -1.46e-07 -1.18e-05 -6.46e-07 -7.18e-05  -1.1e-06 -8.44e-05  2.97e-05  0.000189  0.000453 -0.000955 -4.53e-06  7.46e-05 -0.000427 -0.000619 -0.000409  0.000345   -0.0005 -0.000607 -7.49e-05  0.000112 -0.000393 -3.27e-05  -2.2e-05 -0.000282 -0.000766  6.05e-05 -0.000228 -0.000237 -0.000201 -5.14e-05  -0.00681  -0.00292  -0.00134 -4.97e-05 -1.56e-06 -1.22e-06 -1.05e-07  1.35e-08  8.78e-10 -0.000431 -0.000205 -5.88e-05   6.1e-06 -0.000321  3.72e-05  3.08e-05  8.59e-06  6.11e-05 -0.000215 -6.76e-05  -0.00136 -0.000181  8.95e-05  8.57e-05  0.000709 -0.000728   0.00037  -0.00199  0.000354 -2.19e-05  -0.00107  -0.00063  -0.00119 -0.000131 -7.45e-06  -0.00043 -6.58e-05 -5.36e-07  -0.00176 -0.000356 -4.49e-05  -0.00181
  -0.0273  6.26e-05  -0.00391  -0.00214  -0.00473  -0.00152  2.96e-16  2.96e-16  8.42e-06 -0.000137 -1.73e-16 -0.000897  -0.00172 -0.000226         1 -0.000199  -0.00025   -0.0013  -0.00277  6.71e-05  1.14e-06  -0.00229  0.000455  -0.00019   0.00392  -0.00122 -0.000344 -7.81e-05 -0.000701 -1.57e-05 -0.000532 -5.14e-05  0.000172  3.37e-05   -0.0022  0.000382 -8.51e-07 -3.58e-05 -2.57e-05 -0.000124 -7.22e-06 -0.000882 -0.000179  0.000185  0.000294  -0.00114 -7.28e-05 -0.000474 -0.000394    0.0029  -0.00213   0.00127  -0.00179  -0.00178 -0.000899  0.000582  -0.00145 -0.000358   0.00047  -0.00123  -0.00336 -0.000356  -0.00125  -0.00127   -0.0012 -0.000431   -0.0308   -0.0159  -0.00579 -0.000309 -7.25e-05 -1.13e-05 -2.68e-06 -1.32e-07 -2.18e-08  -0.00147  -0.00129 -0.000259  2.27e-06  -0.00228 -0.000399  -0.00031 -0.000115  -0.00149 -0.000847 -0.000627   0.00342 -0.000831 -0.000427   0.00304   0.00259  -0.00336 -0.000813   -0.0113  -0.00436  3.96e-05   -0.0142  -0.00366  -0.00836  -0.00105 -9.58e-05  -0.00255 -0.000429 -7.81e-06   -0.0108  -0.00281 -2.39e-05  -0.00919
 -0.00397 -1.11e-06  -0.00067 -0.000305 -0.000686 -0.000228  6.52e-17  6.52e-17  4.84e-06 -1.26e-05 -2.33e-17 -0.000135 -0.000233 -3.28e-05 -0.000199         1 -3.88e-05 -0.000188 -0.000401  2.29e-07 -7.74e-07 -0.000279  7.59e-05 -3.84e-05  0.000445 -0.000181 -9.82e-05 -1.14e-05 -8.72e-05 -8.56e-06 -6.79e-05 -2.17e-05  7.61e-06  4.32e-06 -0.000331  4.11e-05 -1.11e-07  -3.9e-06  8.36e-07 -3.49e-05 -9.03e-07 -0.000103 -6.34e-05 -0.000133 -7.06e-05 -0.000294 -7.01e-06 -8.96e-05  4.36e-05  0.000595 -0.000378  0.000194 -0.000194 -0.000194 -0.000132  0.000119 -0.000181 -6.49e-05  6.39e-05 -0.000158 -0.000529 -0.000241 -0.000178  -0.00019 -0.000181 -4.88e-05  -0.00447   -0.0022 -0.000862  -3.5e-05 -6.84e-06 -4.58e-07 -1.73e-07  1.63e-08 -5.53e-10 -0.000357 -0.000145 -3.74e-05  5.06e-06 -0.000269  8.86e-06  3.48e-06 -6.09e-07 -2.72e-05 -0.000146  -8.9e-05   0.00139 -9.42e-05 -0.000128  0.000276   0.00105 -0.000623 -3.67e-05  -0.00183 -0.000993  5.12e-06  -0.00133 -0.000536  -0.00111 -0.000112 -7.11e-06 -0.000363  -5.6e-05 -1.24e-06  -0.00162 -0.000387 -2.53e-06  -0.00135
  -0.0051 -5.85e-06 -0.000846 -0.000384 -0.000868 -0.000287   8.3e-17   8.3e-17  5.88e-06 -1.71e-05 -2.18e-17  -0.00017 -0.000298 -4.16e-05  -0.00025 -3.88e-05         1 -0.000239  -0.00051  1.14e-06  -8.2e-07 -0.000336  0.000101  -4.7e-05  0.000581 -0.000219 -0.000121 -1.35e-05 -0.000107 -1.25e-05 -8.06e-05 -2.58e-05  7.27e-06  6.05e-06 -0.000434  5.62e-05 -1.44e-07 -6.53e-06  8.07e-07 -4.91e-05 -1.22e-06 -0.000127 -7.54e-05 -0.000151 -7.96e-05 -0.000378 -8.12e-06 -9.25e-05  7.22e-05  0.000748 -0.000489  0.000247 -0.000236 -0.000237 -0.000154  0.000131 -0.000218 -8.14e-05   6.7e-05 -0.000187 -0.000679 -0.000328  -0.00023 -0.000246  -0.00023 -6.09e-05  -0.00565  -0.00276  -0.00109 -5.04e-05 -6.84e-06 -7.67e-07 -1.87e-07  2.24e-08 -5.39e-10 -0.000507 -0.000185 -5.19e-05  6.85e-06 -0.000375  1.81e-05  8.96e-06  7.01e-07 -2.05e-05   -0.0002 -0.000119   0.00177 -0.000142 -0.000189  0.000324   0.00131 -0.000755  2.32e-05  -0.00231  -0.00129 -1.95e-06  -0.00164 -0.000722  -0.00145 -0.000149 -8.63e-06 -0.000482 -7.42e-05 -1.65e-06  -0.00208 -0.000506 -1.11e-05  -0.00171
 -0.00398 -3.43e-06  -0.00332  -0.00201  -0.00546  -0.00173   4.1e-17   4.1e-17  1.27e-05 -0.000131 -4.47e-19 -0.000751   -0.0023 -0.000272   -0.0013 -0.000188 -0.000239         1  -0.00337  0.000407  8.11e-05  9.95e-05   0.00141 -2.24e-05   0.00797 -0.000408  0.000409  0.000172 -0.000339 -0.000222 -0.000225  0.000212  0.000333  0.000245  -0.00136   0.00222 -8.04e-07 -7.37e-05 -1.23e-05 -0.000416 -6.65e-06 -0.000502  0.000215   0.00121   0.00269  -0.00547 -2.98e-05  0.000603  -0.00255  -0.00377  -0.00219   0.00203  -0.00305  -0.00368 -0.000391  0.000691  -0.00234  -0.00015 -0.000147  -0.00165  -0.00438  0.000618  -0.00132  -0.00136  -0.00113 -0.000306   -0.0392   -0.0171   -0.0078 -0.000295 -1.19e-05 -7.15e-06 -6.03e-07  8.58e-08  6.08e-09  -0.00238  -0.00119 -0.000326  3.71e-05  -0.00174   0.00024  0.000202   5.7e-05  0.000419  -0.00123 -0.000348  -0.00776  -0.00106  0.000829  0.000581   0.00396  -0.00436   0.00232   -0.0116   0.00235 -0.000124  -0.00587   -0.0035  -0.00657 -0.000729 -4.21e-05  -0.00241 -0.000369 -1.96e-06   -0.0101  -0.00193 -0.000247   -0.0105
 -0.00959 -2.71e-05  -0.00719  -0.00427   -0.0116   -0.0037  1.24e-16  1.24e-16  2.44e-05  -0.00028  3.39e-17   -0.0016  -0.00489  -0.00058  -0.00277 -0.000401  -0.00051  -0.00337         1   0.00093  0.000177  0.000458   0.00316 -2.62e-05    0.0174 -0.000799  0.000957  0.000394 -0.000689 -0.000471 -0.000446  0.000496  0.000754  0.000553   -0.0027   0.00494 -1.77e-06 -0.000159 -2.23e-05 -0.000879 -1.43e-05  -0.00103  0.000392   0.00234   0.00585   -0.0122 -5.79e-05   0.00114   -0.0054  -0.00796  -0.00474    0.0044  -0.00629  -0.00768 -0.000885   0.00146  -0.00491  -0.00038 -0.000276  -0.00337   -0.0094   0.00103  -0.00285   -0.0029  -0.00244 -0.000632   -0.0839   -0.0361   -0.0166  -0.00062 -2.03e-05 -1.53e-05 -1.28e-06  1.85e-07   1.3e-08  -0.00534  -0.00251 -0.000714  7.72e-05  -0.00389  0.000502  0.000429  0.000122  0.000917  -0.00265 -0.000782   -0.0172  -0.00229   0.00143  0.000981   0.00909  -0.00935   0.00494   -0.0242   0.00458 -0.000267   -0.0125  -0.00764   -0.0142  -0.00158 -8.44e-05  -0.00522 -0.000797 -5.28e-06   -0.0217  -0.00419 -0.000555   -0.0224
  0.00239  0.000254   0.00257  1.86e-05   0.00137  0.000475 -8.61e-16 -8.61e-16     9e-05  0.000139 -1.06e-15 -0.000126  0.000851  7.31e-05  6.71e-05  2.29e-07  1.14e-06  0.000407   0.00093         1 -0.000599   -0.0118   -0.0105  -0.00181   -0.0499  -0.00223  -0.00685  -0.00194  -0.00109  -0.00105  -0.00106  -0.00289  -0.00333  -0.00217   -0.0202    -0.016  1.44e-06 -0.000281 -0.000198  -0.00284 -4.75e-06 -0.000792  -0.00221  -0.00501   -0.0163  -0.00978  -0.00011   0.00436   0.00378   0.00499  0.000474  -0.00241  -0.00176  -0.00105   0.00245 -0.000674  0.000989   0.00169  -0.00168  -0.00223   0.00287 -0.000823  0.000655 -0.000223  0.000403 -0.000443    0.0337  -0.00084   0.00274 -0.000266 -3.26e-05  4.26e-06  5.65e-06  3.11e-07  2.42e-08    0.0016 -0.000127  0.000237   0.00015   0.00203   0.00151  0.000725  0.000204   0.00201 -0.000438 -0.000172   -0.0105 -0.000233   0.00512    0.0139   -0.0186    0.0102   0.00669   -0.0123  -0.00596 -7.95e-05  -0.00361  0.000244  -0.00221  0.000169 -8.96e-06 -0.000481 -1.89e-05  1.97e-05  -0.00249 -0.000252  0.000348   0.00236
-0.000317  6.83e-05  0.000178 -1.23e-05   0.00028  0.000106  3.95e-17  3.95e-17  1.16e-05  9.35e-05 -1.34e-16 -3.38e-05  0.000139  1.41e-05  1.14e-06 -7.74e-07  -8.2e-07  8.11e-05  0.000177 -0.000599         1  -0.00161  -0.00136 -0.000206  -0.00583 -0.000357  -0.00109 -0.000284 -0.000143 -6.63e-05 -0.000157 -0.000425 -0.000408 -0.000284  -0.00209  -0.00217  2.58e-07 -4.96e-05 -3.44e-05 -0.000194 -1.75e-06 -5.42e-05   -0.0003 -0.000636  -0.00275  0.000756 -1.81e-05  1.73e-05  2.68e-05  0.000277 -0.000354 -0.000274 -0.000146 -0.000306 -0.000122  6.67e-05 -0.000194  0.000181  0.000148 -1.64e-05  0.000473 -0.000986  2.48e-05   1.6e-05  8.04e-05 -4.14e-05   0.00475  7.47e-05  0.000565 -4.71e-05    -2e-05  3.79e-06  4.35e-07  3.59e-08 -1.47e-09  0.000792  2.99e-05  4.64e-05  1.11e-05  0.000374  0.000104  3.01e-05  3.13e-06  0.000162  7.59e-05 -0.000104  -0.00483 -4.19e-05  9.17e-05   0.00229  -0.00414   0.00118  0.000525  -0.00273  -0.00247  -2.9e-05  -0.00228  0.000226  -0.00046  8.43e-05  1.09e-05  0.000131  4.66e-05  2.82e-06 -0.000199 -0.000113  9.09e-05  0.000442
   0.0721  0.000859   0.00328   -0.0041 -0.000375  0.000342 -3.87e-17 -3.87e-17  9.72e-05  0.000794 -2.83e-15  -0.00212  0.000876   2.1e-05  -0.00229 -0.000279 -0.000336  9.95e-05  0.000458   -0.0118  -0.00161         1   -0.0282  -0.00609    -0.107   -0.0168   -0.0169  -0.00659   -0.0102 -0.000948  -0.00723  -0.00676  -0.00741  -0.00651   -0.0588   -0.0483  1.75e-06 -4.06e-05  -0.00114  -0.00501 -7.29e-05   -0.0119  -0.00233   0.00219     -0.04    0.0235  -0.00131   0.00181    0.0103    0.0225  -0.00116   -0.0137  -0.00793  -0.00266   0.00367  -0.00748   0.00288    0.0013  -0.00282  -0.00456   0.00965   0.00458   0.00204  -0.00179  0.000699  -0.00434    0.0675   -0.0317    0.0101  -0.00497 -0.000471  -0.00011 -7.72e-06 -1.03e-06 -1.77e-07    0.0114  -0.00354   0.00118  0.000209   0.00589  -0.00105  -0.00156 -0.000432   -0.0095  0.000481 -0.000557   -0.0799  -0.00328    0.0049    0.0588   -0.0565    0.0385 -0.000799   -0.0312   -0.0166 -0.000122   -0.0549   0.00402    -0.015  -0.00232 -0.000649  -0.00281 -0.000853   1.3e-05   -0.0352   -0.0015   0.00195 -0.000788
   0.0179 -0.000306   0.00399  0.000482   0.00465   0.00163 -3.18e-15 -3.18e-15  0.000109   0.00023 -2.86e-15 -3.74e-05    0.0025  0.000248  0.000455  7.59e-05  0.000101   0.00141   0.00316   -0.0105  -0.00136   -0.0282         1  -0.00439    -0.115  -0.00483   -0.0144   -0.0048  -0.00289  -0.00234  -0.00259  -0.00623  -0.00796  -0.00502    -0.043   -0.0378  2.56e-06 -0.000399 -0.000657  -0.00534 -2.16e-06  -0.00219  -0.00295  -0.00453   -0.0356    -0.016 -0.000314    0.0111   0.00653    0.0139 -0.000581   -0.0114  -0.00321  -0.00463   0.00695  -0.00632  0.000737   0.00411  -0.00593  -0.00575   0.00719 -0.000607   0.00269   4.4e-05   0.00135  -0.00125     0.074   0.00564    0.0104  -0.00139 -6.76e-05 -1.38e-05  1.02e-05 -8.01e-08  -1.5e-08   0.00573 -0.000491  0.000822  0.000263   0.00278   0.00224  0.000876  0.000288    0.0025  -0.00112 -0.000745    -0.045  0.000143   0.00947    0.0346    -0.053    0.0281    0.0051  -0.00831   -0.0114  4.36e-05   -0.0224  0.000572  -0.00799 -0.000301 -5.12e-05  -0.00152 -7.71e-05  1.53e-05  -0.00606  -0.00201  0.000304   0.00863
-0.000474 -0.000432  -0.00166 -0.000305 -0.000244 -0.000136 -1.99e-16 -1.99e-16  2.14e-05  -3.8e-06 -4.75e-16 -0.000184  0.000221 -4.81e-06  -0.00019 -3.84e-05  -4.7e-05 -2.24e-05 -2.62e-05  -0.00181 -0.000206  -0.00609  -0.00439         1   -0.0197  -0.00141  -0.00283 -0.000973  -0.00098 -0.000757 -0.000699  -0.00111  -0.00163 -0.000942  -0.00797  -0.00637 -1.09e-07  9.68e-05 -2.59e-05  -0.00145 -4.58e-06 -0.000953 -0.000802  -0.00166   -0.0059  -0.00875 -9.23e-05  5.65e-05   0.00133 -0.000107  -0.00217  -0.00163 -0.000491 -0.000328   0.00122  -0.00143  0.000139 -0.000168  -0.00153  -0.00207  7.93e-05 -0.000621  0.000584 -0.000197 -0.000148 -0.000286   0.00582  -0.00252  0.000478  0.000155  6.98e-05  4.11e-06   2.7e-06  6.34e-08  1.18e-08 -0.000862  -0.00033  4.09e-05  7.01e-05   0.00106  0.000651  0.000234  0.000123   0.00106 -0.000278  -0.00043  -0.00527  0.000294  -0.00102   0.00683  -0.00023    0.0077  0.000572   -0.0018   0.00463  0.000137  -0.00166 -0.000571   -0.0029  2.92e-05   1.2e-05 -0.000815 -9.81e-05 -7.09e-06  -0.00162  -0.00056  9.22e-05 -0.000477
   0.0986   0.00248    0.0342   0.00542    0.0247   0.00722  -1.6e-14  -1.6e-14  0.000633  0.000861 -1.21e-14  0.000751    0.0154    0.0014   0.00392  0.000445  0.000581   0.00797    0.0174   -0.0499  -0.00583    -0.107    -0.115   -0.0197         1    -0.013   -0.0572    -0.019  -0.00705   -0.0177  -0.00687   -0.0249   -0.0324   -0.0215    -0.268     -0.18  1.36e-05  -0.00213  -0.00338   -0.0428 -1.78e-06  -0.00309   -0.0525     -0.15    -0.165    -0.495 -0.000979    0.0498    0.0209    0.0406    0.0123   -0.0558    -0.011   -0.0184    0.0229   -0.0305   0.00589    0.0042   -0.0362   -0.0197    0.0255   0.00476   0.00861   0.00314   0.00599  -0.00273     0.268    0.0655    0.0504  -0.00243  -0.00118 -0.000134  3.28e-05 -1.93e-07  2.53e-08   0.00108   0.00261   0.00336   0.00077   0.00736   0.00826   0.00394   0.00133    0.0128 -2.48e-05  -0.00047    0.0539   0.00389    0.0502     0.104    -0.193    0.0817    0.0225  -0.00563    -0.145    0.0019   -0.0204   0.00855   0.00935   0.00195  0.000165   0.00263  0.000833  7.02e-05    0.0164   0.00163   0.00299     0.048
   0.0719  0.000546  -0.00149  -0.00204  -0.00158 -0.000354  1.39e-15  1.39e-15  8.06e-05  0.000548  -9.3e-16   -0.0011  -0.00033 -7.02e-05  -0.00122 -0.000181 -0.000219 -0.000408 -0.000799  -0.00223 -0.000357   -0.0168  -0.00483  -0.00141    -0.013         1  -0.00429   -0.0015  -0.00346  0.000228   -0.0026  -0.00163 -0.000894  -0.00138   -0.0112   -0.0105   9.9e-07  9.46e-05 -0.000218 -0.000497 -1.93e-05  -0.00416 -0.000841  0.000155  -0.00979    0.0187 -0.000447  -0.00395   0.00323    0.0116 -0.000373  -0.00457  -0.00235  0.000241  -0.00135  0.000735  0.000638 -0.000231   0.00185  5.36e-05   0.00135 -0.000642  0.000558  -0.00059  0.000143  -0.00132  -0.00232   -0.0148  0.000431   -0.0021 -0.000291 -8.16e-06  -3.7e-06  2.69e-07 -4.38e-08   0.00643 -0.000429  0.000714  6.23e-05   0.00539 -0.000471 -0.000283 -6.94e-05  -0.00198   0.00102  0.000431   -0.0198  0.000231   0.00102    0.0128  -0.00378   0.00361  -0.00601   -0.0188   -0.0129 -3.08e-05  -0.00917   0.00504   0.00181  0.000364  -0.00017   0.00118  3.86e-05  1.09e-05   -0.0133   0.00133   0.00113  -0.00309
   0.0796 -0.000442  -0.00559  -0.00049   0.00133  0.000412  1.57e-15  1.57e-15  0.000181  5.19e-05 -1.49e-15 -0.000637   0.00126   6.7e-05 -0.000344 -9.82e-05 -0.000121  0.000409  0.000957  -0.00685  -0.00109   -0.0169   -0.0144  -0.00283   -0.0572  -0.00429         1  -0.00308 -0.000778  -0.00178  -0.00127  -0.00593   -0.0063  -0.00328    -0.018   -0.0215  2.29e-06  1.24e-05  0.000269  -0.00356  5.31e-06  0.000313  -0.00257  -0.00451   -0.0331    0.0195  7.08e-05  -0.00166   0.00545   0.00329    -0.011  -0.00171  -0.00204  0.000269  0.000108   0.00287 -0.000836   0.00219  0.000254  -0.00631  0.000831   -0.0158   0.00132 -0.000849  0.000247  0.000136    0.0361  -0.00271  -0.00116   0.00139   8.4e-08  9.66e-05  1.03e-05  7.16e-07  5.37e-08   0.00811  0.000823 -1.79e-05  0.000269   0.00902   0.00301  0.000765  0.000143   0.00225   0.00135 -0.000719   -0.0182  0.000278  -0.00269    0.0174   -0.0347    0.0142   0.00799   -0.0594   -0.0112 -0.000482   0.00147   0.00309 -0.000515   0.00162  9.36e-05   0.00152  0.000512  2.83e-05    0.0102  -0.00121   0.00169   0.00163
   0.0124 -0.000192 -5.44e-05 -0.000168  0.000563  0.000222 -2.36e-16 -2.36e-16  1.25e-05  9.13e-05 -4.67e-16 -0.000135  0.000353  2.96e-05 -7.81e-05 -1.14e-05 -1.35e-05  0.000172  0.000394  -0.00194 -0.000284  -0.00659   -0.0048 -0.000973    -0.019   -0.0015  -0.00308         1 -0.000927 -0.000393 -0.000726  -0.00125  -0.00157  -0.00101  -0.00779  -0.00735  3.41e-07 -3.13e-05 -0.000115 -0.000917 -5.24e-06 -0.000859 -0.000226  0.000465  -0.00698   0.00156 -0.000101  0.000886  0.000845   0.00107  -0.00148  -0.00242 -0.000857  -0.00104  0.000996  -0.00143 -0.000115  0.000436  -0.00109  -0.00121   0.00116 -0.000844  0.000494 -0.000101  0.000163 -0.000361    0.0126 -0.000759   0.00179 -0.000389  5.04e-06 -2.32e-06   1.9e-06  2.24e-08 -5.55e-09  0.000908 -0.000264  0.000131  5.53e-05  0.000702  0.000384  8.94e-05  4.59e-05  0.000288 -0.000208 -0.000385  -0.00682 -0.000184  5.53e-05   0.00807  -0.00897    0.0072   0.00076  -0.00321  -0.00154 -0.000102  -0.00669 -0.000132   -0.0029 -0.000127 -8.98e-06 -0.000536 -5.41e-05 -6.17e-07  -0.00253 -0.000661  9.29e-05  0.000904
  0.00385  0.000118  0.000709  -0.00122   -0.0013 -0.000318  1.31e-16  1.31e-16 -1.51e-05  0.000262 -2.88e-16 -0.000514  -0.00043 -5.75e-05 -0.000701 -8.72e-05 -0.000107 -0.000339 -0.000689  -0.00109 -0.000143   -0.0102  -0.00289  -0.00098  -0.00705  -0.00346 -0.000778 -0.000927         1  0.000152  -0.00169 -0.000299 -0.000301 -0.000771  -0.00834  -0.00577 -3.25e-07  2.34e-05 -0.000255 -0.000317 -2.37e-05  -0.00323   0.00026   0.00231  -0.00161   0.00478 -0.000359  -0.00104  0.000978   0.00191  0.000884  -0.00188  -0.00139 -0.000454  0.000449  -0.00165  0.000759 -0.000559 -0.000291  9.39e-05   0.00151   0.00371  4.22e-05 -0.000395 -0.000207  -0.00113   0.00473   -0.0107   0.00143  -0.00133 -4.72e-05 -3.71e-05 -2.74e-06  -1.5e-07 -3.44e-08  -0.00014  -0.00126  0.000247  1.47e-05 -0.000227 -0.000635 -0.000351 -4.64e-05  -0.00163 -0.000391 -0.000361   -0.0171 -0.000667 -0.000145    0.0104   0.00108   0.00695  -0.00165   0.00424   0.00292  4.75e-05   -0.0143 -0.000499  -0.00565 -0.000777 -0.000134  -0.00151 -0.000362 -6.06e-06   -0.0127 -0.000418  5.78e-05  -0.00247
  -0.0306 -0.000868  -0.00217  3.46e-05 -0.000477 -0.000128  1.68e-16  1.68e-16 -2.91e-05 -0.000317 -5.95e-17  4.91e-05 -0.000443 -4.07e-05 -1.57e-05 -8.56e-06 -1.25e-05 -0.000222 -0.000471  -0.00105 -6.63e-05 -0.000948  -0.00234 -0.000757   -0.0177  0.000228  -0.00178 -0.000393  0.000152         1  0.000132 -0.000761  -0.00118 -0.000437  -0.00705  -0.00264  4.07e-09  9.52e-05  0.000195  -0.00305  4.16e-06   0.00037  -0.00294  -0.00741  -0.00293   -0.0364  6.58e-05  -0.00162  0.000271  -0.00641  -0.00306  -0.00268 -0.000105  0.000639  0.000705  -0.00158  0.000176 -0.000873  -0.00208  -0.00242   -0.0031  -0.00208  0.000514 -0.000181 -0.000213  0.000286   -0.0202   0.00164    -0.002  0.000257  0.000118  1.25e-05  3.66e-06  4.16e-08  1.94e-08  -0.00173 -0.000361 -0.000224 -5.54e-07  0.000449  0.000313  3.57e-05  5.79e-05   0.00101  1.62e-05 -0.000648   -0.0152 -0.000162   -0.0034  -0.00478  -0.00727   0.00641  0.000257  -0.00605   0.00765 -0.000645    0.0035  -0.00125  -0.00179  0.000194   2.7e-05 -0.000512 -7.39e-05 -8.14e-06   0.00684 -0.000831 -0.000244  -0.00121
   0.0112  0.000257   0.00052 -0.000922 -0.000935 -0.000226  1.01e-16  1.01e-16  9.76e-06   0.00023 -5.75e-16 -0.000418 -0.000253 -3.78e-05 -0.000532 -6.79e-05 -8.06e-05 -0.000225 -0.000446  -0.00106 -0.000157  -0.00723  -0.00259 -0.000699  -0.00687   -0.0026  -0.00127 -0.000726  -0.00169  0.000132         1  -0.00054 -0.000281 -0.000605  -0.00532  -0.00464  1.38e-07 -1.76e-05 -0.000136 -7.63e-05 -1.04e-05  -0.00198 -0.000201  0.000456  -0.00284   0.00568  -0.00024  -0.00125  0.000201   0.00193  0.000877  -0.00124  -0.00113 -0.000518 -0.000256  0.000341  0.000225  6.63e-06  0.000575 -0.000381   0.00146   0.00227  5.76e-05 -0.000192 -0.000175  -0.00075    0.0057  -0.00843  0.000629 -0.000741 -9.67e-05 -1.25e-05 -1.63e-06  3.12e-08 -1.73e-08   0.00178 -0.000774  0.000335  1.23e-05  0.000738 -0.000437 -0.000222  -4.5e-05 -0.000859  1.92e-05 -0.000205   -0.0111  0.000472   0.00133   0.00677 -0.000161   0.00207  -0.00325  8.82e-05 -9.39e-05  0.000214   -0.0124  0.000534  -0.00323 -0.000249 -8.87e-05  -0.00055 -0.000138  1.85e-06   -0.0084 -0.000289  0.000253  -0.00172
    0.027 -0.000172  -0.00127 -8.35e-05  0.000799  0.000295  2.01e-16  2.01e-16  7.15e-05  1.26e-05  -7.5e-16 -0.000188   0.00048  3.61e-05 -5.14e-05 -2.17e-05 -2.58e-05  0.000212  0.000496  -0.00289 -0.000425  -0.00676  -0.00623  -0.00111   -0.0249  -0.00163  -0.00593  -0.00125 -0.000299 -0.000761  -0.00054         1  -0.00252  -0.00135  -0.00794  -0.00901  1.17e-06 -6.23e-05   7.4e-05  -0.00147  5.16e-06  0.000142 -0.000919  -0.00116   -0.0127   0.00689  2.47e-05  0.000264   0.00183   0.00194  -0.00324  -0.00184   -0.0012 -0.000622  0.000517  0.000664 -0.000475   0.00125 -0.000275  -0.00268  0.000635  -0.00477  0.000688  -0.00023  0.000253  3.22e-05    0.0151 -0.000215  0.000156  0.000276 -1.74e-05  3.56e-05  4.74e-06  3.12e-07  2.03e-08   0.00356  0.000202  0.000115  0.000102   0.00329   0.00116  0.000393  8.48e-05    0.0013  0.000348 -0.000275  -0.00761  0.000185  0.000683   0.00625   -0.0153   0.00543   0.00228   -0.0203  -0.00467 -0.000268  -0.00137   0.00121 -0.000363  0.000607  2.72e-05  0.000504  0.000171  1.36e-05   0.00333 -0.000547  0.000528   0.00114
   0.0277 -0.000959  -0.00212  0.000287   0.00123  0.000374 -6.14e-16 -6.14e-16  4.32e-05 -0.000302 -5.57e-16  1.21e-05  0.000731  5.62e-05  0.000172  7.61e-06  7.27e-06  0.000333  0.000754  -0.00333 -0.000408  -0.00741  -0.00796  -0.00163   -0.0324 -0.000894   -0.0063  -0.00157 -0.000301  -0.00118 -0.000281  -0.00252         1  -0.00168   -0.0109   -0.0109  5.44e-07  7.57e-05  2.31e-05  -0.00216  2.87e-06  0.000104  0.000214   0.00234   -0.0127   0.00346  5.69e-05   0.00323    0.0027 -0.000367  -0.00526  -0.00328  -0.00138   -0.0016   0.00303  -0.00287 -0.000556   0.00131  -0.00353  -0.00459  0.000213  -0.00401   0.00115 -0.000454   0.00027  2.11e-05    0.0204   0.00304   0.00115  0.000473  0.000184  2.21e-05  7.26e-06   9.8e-08  2.89e-08 -0.000434 -0.000131 -0.000146  0.000154   0.00161   0.00187   0.00065  0.000211   0.00207 -0.000627 -0.000665  0.000335 -0.000975  -0.00121   0.00618   -0.0155    0.0105   0.00518   -0.0145   0.00273 -0.000478   0.00246  -0.00157  -0.00375  6.66e-05  4.85e-05  -0.00124 -8.22e-05 -2.45e-06   0.00408  -0.00166  5.32e-05   0.00192
   0.0159 -5.67e-05  0.000766  3.43e-06  0.000845  0.000309 -3.17e-16 -3.17e-16  2.03e-05  5.01e-05 -4.35e-16  -5.9e-05  0.000453  4.31e-05  3.37e-05  4.32e-06  6.05e-06  0.000245  0.000553  -0.00217 -0.000284  -0.00651  -0.00502 -0.000942   -0.0215  -0.00138  -0.00328  -0.00101 -0.000771 -0.000437 -0.000605  -0.00135  -0.00168         1  -0.00881  -0.00771  5.01e-07 -6.21e-05 -0.000111  -0.00118 -4.61e-06 -0.000702 -0.000415 -0.000134  -0.00752  0.000106 -7.67e-05   0.00148   0.00116  0.000956 -0.000844    -0.002  -0.00114  -0.00103   0.00125  -0.00116  7.77e-05   0.00063  -0.00113  -0.00124   0.00138 -0.000558  0.000541 -3.09e-05  0.000318 -0.000282    0.0155 -4.38e-05   0.00177 -0.000248 -4.41e-06 -4.02e-07  2.13e-06   1.6e-08 -1.17e-09   0.00126  -0.00011  0.000114  6.35e-05   0.00121  0.000556   0.00017  5.66e-05   0.00028 -6.51e-05 -0.000149  -0.00795 -0.000358   0.00114   0.00824  -0.00974    0.0073   0.00242  -0.00512  -0.00105 -9.97e-05  -0.00357  0.000473  -0.00103 -1.85e-05 -1.03e-05 -0.000144 -1.72e-05   5.2e-06 -0.000761  -5.5e-05  0.000186   0.00151
  -0.0383   0.00178    0.0259  -0.00408    -0.004 -0.000777 -6.22e-15 -6.22e-15  0.000128 -5.66e-05 -2.02e-15  -0.00186  -0.00163 -0.000212   -0.0022 -0.000331 -0.000434  -0.00136   -0.0027   -0.0202  -0.00209   -0.0588    -0.043  -0.00797    -0.268   -0.0112    -0.018  -0.00779  -0.00834  -0.00705  -0.00532  -0.00794   -0.0109  -0.00881         1   -0.0775  4.67e-06  -0.00175  -0.00245   -0.0222 -0.000124  -0.00982   -0.0214   -0.0546   -0.0512    -0.226  -0.00126    0.0282   0.00385    -0.012   0.00958   -0.0238   -0.0188   -0.0196    0.0119   -0.0197    0.0016 -0.000127   -0.0229  -0.00765   0.00409    0.0197  -0.00258  -0.00436  0.000147  -0.00462    0.0479    -0.031   0.00785  -0.00843 -0.000298  -0.00028  6.17e-06  4.71e-07  1.21e-08    -0.025   -0.0064  0.000156  0.000468   -0.0135   0.00354   0.00255  0.000878   0.00356  -0.00749  -0.00217    0.0194   -0.0147    0.0222    0.0158    -0.077   0.00942    0.0336   -0.0252   -0.0748  -0.00407   -0.0292   -0.0173   -0.0285  -0.00504 -0.000449   -0.0137  -0.00259  3.55e-05    -0.056   -0.0061  -0.00133  -0.00991
   0.0173  0.000539    0.0114  0.000174    0.0076   0.00275 -3.39e-15 -3.39e-15   0.00017  0.000851 -3.52e-15 -0.000521   0.00393  0.000392  0.000382  4.11e-05  5.62e-05   0.00222   0.00494    -0.016  -0.00217   -0.0483   -0.0378  -0.00637     -0.18   -0.0105   -0.0215  -0.00735  -0.00577  -0.00264  -0.00464  -0.00901   -0.0109  -0.00771   -0.0775         1  5.01e-06 -0.000791  -0.00148  -0.00898 -3.61e-05  -0.00539  -0.00692   -0.0142   -0.0564   -0.0307 -0.000737    0.0161   0.00942    0.0213  0.000857   -0.0217  -0.00652  -0.00849   0.00863     -0.01   0.00204   0.00473   -0.0097  -0.00373    0.0123   -0.0023   0.00308 -0.000175   0.00271  -0.00268     0.116   0.00791    0.0185  -0.00509  -0.00033  -7.1e-05   1.1e-05   6.2e-07 -2.72e-08    0.0054  0.000141   0.00155  0.000452    0.0043   0.00347   0.00177  0.000573   0.00354  -0.00173 -0.000367   -0.0351  -0.00283    0.0134    0.0437   -0.0738    0.0287   0.00924   -0.0215   -0.0562  -0.00108   -0.0223   0.00316  -0.00417 -0.000393  -6.1e-05  -0.00131 -9.78e-05   3.3e-05    -0.022 -0.000451   0.00084    0.0134
 3.19e-05 -8.99e-07 -6.43e-06 -1.22e-06 -3.57e-06 -1.39e-06  2.27e-19  2.27e-19 -1.58e-07 -6.87e-07  5.24e-19 -3.99e-07 -7.47e-07 -1.46e-07 -8.51e-07 -1.11e-07 -1.44e-07 -8.04e-07 -1.77e-06  1.44e-06  2.58e-07  1.75e-06  2.56e-06 -1.09e-07  1.36e-05   9.9e-07  2.29e-06  3.41e-07 -3.25e-07  4.07e-09  1.38e-07  1.17e-06  5.44e-07  5.01e-07  4.67e-06  5.01e-06         1  2.31e-07  1.03e-07  2.57e-07 -2.73e-09 -5.15e-07  4.09e-07  2.89e-07  5.28e-06 -6.95e-06  5.09e-08 -2.75e-06   4.9e-07  7.85e-08 -4.95e-06  4.01e-06  3.33e-06  3.04e-06  6.96e-07  -1.1e-06  2.01e-06 -1.41e-06 -2.55e-07     6e-07 -2.97e-06 -3.23e-06 -7.72e-07 -6.57e-07 -1.79e-06 -2.94e-07 -1.93e-05 -7.34e-06 -3.94e-06  7.18e-07  1.58e-07 -4.12e-08 -4.35e-09 -9.44e-10 -4.88e-11 -7.38e-06 -8.01e-07 -9.19e-07 -4.28e-08  -6.9e-06 -1.04e-06 -1.13e-06 -3.15e-07 -4.83e-06 -1.62e-06 -1.08e-06 -3.35e-05 -4.59e-08 -8.46e-06  8.35e-06  1.92e-05  8.45e-06 -1.29e-06   1.4e-05  1.03e-05  9.57e-07 -1.59e-05 -7.51e-06 -1.31e-05 -2.65e-06 -1.02e-07 -4.81e-06 -8.69e-07 -4.86e-08 -9.24e-06 -4.02e-06  -7.2e-07 -6.53e-06
 -0.00123  0.000207   0.00129 -7.53e-05 -0.000142  1.87e-06 -1.86e-16 -1.86e-16  8.72e-06  0.000115  1.58e-17 -2.62e-05 -0.000186 -1.18e-05 -3.58e-05  -3.9e-06 -6.53e-06 -7.37e-05 -0.000159 -0.000281 -4.96e-05 -4.06e-05 -0.000399  9.68e-05  -0.00213  9.46e-05  1.24e-05 -3.13e-05  2.34e-05  9.52e-05 -1.76e-05 -6.23e-05  7.57e-05 -6.21e-05  -0.00175 -0.000791  2.31e-07         1 -7.41e-05 -2.37e-05 -1.92e-06  7.12e-05 -0.000117 -0.000192 -0.000491  0.000253 -3.99e-06  0.000978   -0.0009 -0.000552  0.000727  4.85e-05 -0.000455 -0.000998 -4.63e-06  1.61e-05 -0.000187  0.000355  0.000128  0.000761  0.000337  0.000107 -0.000324 -8.23e-05  1.68e-06 -7.12e-05   0.00214 -0.000658  0.000126 -0.000443  -2.7e-05  -6.7e-06  8.44e-07   1.6e-07   3.2e-09 -0.000634 -6.31e-05  5.69e-06  1.31e-05  -0.00103  0.000143  0.000216  5.25e-05  0.000692 -0.000522 -8.69e-05  -0.00276 -0.000372   0.00148   0.00144  -0.00192 -8.86e-05   0.00192  0.000805  -0.00452  -0.00015  -0.00266 -0.000895  -0.00164 -0.000193  6.45e-06 -0.000509 -7.06e-05  4.98e-06   -0.0037 -0.000337 -0.000205 -0.000482
  0.00325   0.00019   0.00121 -7.38e-05 -3.51e-05  1.45e-05 -3.91e-16 -3.91e-16  8.55e-07  0.000111 -4.56e-17 -1.96e-05  -4.9e-05 -6.46e-07 -2.57e-05  8.36e-07  8.07e-07 -1.23e-05 -2.23e-05 -0.000198 -3.44e-05  -0.00114 -0.000657 -2.59e-05  -0.00338 -0.000218  0.000269 -0.000115 -0.000255  0.000195 -0.000136   7.4e-05  2.31e-05 -0.000111  -0.00245  -0.00148  1.03e-07 -7.41e-05         1  8.64e-05 -3.99e-06 -0.000343  0.000259  0.000777 -0.000125  6.58e-05 -5.41e-05   0.00159 -0.000847  0.000262  0.000887 -0.000798 -0.000799  -0.00161   0.00035 -0.000796 -0.000475  0.000212 -0.000473    0.0005  0.000546    0.0013 -9.73e-05 -1.24e-05  0.000163 -0.000203   0.00147 -0.000561  0.000691 -0.000524 -4.09e-05 -1.39e-05 -6.56e-07 -2.41e-08 -8.81e-09 -6.11e-05 -1.77e-05  9.31e-05   9.6e-06 -0.000471 -2.46e-06   9.9e-05  3.37e-05  9.61e-05 -0.000284  0.000168  -0.00184 -0.000381   0.00162    0.0022  -0.00196 -0.000468  0.000565   0.00285  -0.00343  7.85e-06  -0.00127  0.000141    0.0002 -0.000158 -4.34e-06 -9.99e-05 -1.85e-05  1.56e-06  -0.00337  0.000257 -8.09e-05 -5.94e-06
  -0.0372 -0.000892  0.000648 -0.000162 -0.000912 -0.000228  1.72e-16  1.72e-16 -6.64e-05  -0.00059  1.29e-16 -3.33e-05 -0.000752 -7.18e-05 -0.000124 -3.49e-05 -4.91e-05 -0.000416 -0.000879  -0.00284 -0.000194  -0.00501  -0.00534  -0.00145   -0.0428 -0.000497  -0.00356 -0.000917 -0.000317  -0.00305 -7.63e-05  -0.00147  -0.00216  -0.00118   -0.0222  -0.00898  2.57e-07 -2.37e-05  8.64e-05         1 -1.02e-05 -0.000224  -0.00612    -0.016  -0.00708   -0.0702   1.4e-05 -0.000354   0.00108   -0.0126  -0.00291  -0.00474  -0.00201 -0.000318   0.00204  -0.00254    0.0012  -0.00148  -0.00488  -0.00322  -0.00398  -0.00132  0.000277 -0.000472 -0.000164  7.23e-05   -0.0219 -0.000176  -0.00283 -0.000272  0.000152 -7.17e-06  5.34e-06  2.44e-07   4.5e-08  -0.00561 -0.000716 -0.000392  5.63e-05 -0.000105  0.000994  0.000369  0.000179    0.0014 -0.000423 -0.000858   -0.0113  -0.00213  -0.00336  -0.00843  -0.00919   0.00713   0.00564   -0.0138   0.00358  -0.00141   0.00774  -0.00267  -0.00135 -0.000145  3.18e-05  -0.00149 -0.000332 -2.89e-06   0.00637 -0.000484 -0.000286  -0.00235
 8.55e-05  3.47e-06  4.87e-05 -1.36e-05 -1.92e-05 -3.88e-06  7.06e-18  7.06e-18 -9.66e-07  8.77e-07  1.23e-17 -4.09e-06 -1.23e-05  -1.1e-06 -7.22e-06 -9.03e-07 -1.22e-06 -6.65e-06 -1.43e-05 -4.75e-06 -1.75e-06 -7.29e-05 -2.16e-06 -4.58e-06 -1.78e-06 -1.93e-05  5.31e-06 -5.24e-06 -2.37e-05  4.16e-06 -1.04e-05  5.16e-06  2.87e-06 -4.61e-06 -0.000124 -3.61e-05 -2.73e-09 -1.92e-06 -3.99e-06 -1.02e-05         1 -3.32e-05  5.27e-06  3.34e-05  3.36e-05  -3.1e-05 -4.11e-06  1.77e-05  8.05e-05  3.51e-05  5.74e-05  3.39e-05 -8.96e-06  1.82e-05  1.36e-05 -2.03e-05  1.96e-05 -1.39e-05 -1.08e-05  1.78e-05  7.03e-06  6.52e-05 -2.08e-05 -8.58e-06 -3.64e-06 -9.59e-06  0.000106 -0.000145  1.99e-05 -6.17e-06  2.49e-06 -5.19e-07 -4.46e-08 -4.61e-09 -2.15e-10 -6.86e-05 -3.39e-05 -3.75e-06 -4.55e-07 -5.01e-05  -6.9e-06 -4.44e-06 -6.53e-07 -1.76e-05 -9.56e-06 -2.05e-05  2.78e-05 -6.79e-05 -4.26e-05 -2.18e-05 -1.65e-05  3.89e-06  0.000107  -4.7e-05  8.05e-05 -1.42e-05 -0.000251 -7.32e-05 -0.000141 -1.67e-05 -6.29e-07 -4.26e-05 -8.54e-06 -1.23e-08 -0.000102 -2.43e-05 -3.86e-06 -4.61e-05
  0.00626  0.000253   0.00184  -0.00154  -0.00185 -0.000454  7.88e-17  7.88e-17 -2.63e-05  0.000219 -8.16e-17 -0.000602 -0.000721 -8.44e-05 -0.000882 -0.000103 -0.000127 -0.000502  -0.00103 -0.000792 -5.42e-05   -0.0119  -0.00219 -0.000953  -0.00309  -0.00416  0.000313 -0.000859  -0.00323   0.00037  -0.00198  0.000142  0.000104 -0.000702  -0.00982  -0.00539 -5.15e-07  7.12e-05 -0.000343 -0.000224 -3.32e-05         1  0.000744   0.00403   0.00114   0.00617 -0.000469 -0.000466   0.00203   0.00287   0.00258  -0.00172  -0.00194 -8.88e-05  0.000835  -0.00244   0.00139 -0.000835  -0.00066  0.000216    0.0018   0.00691 -0.000139 -0.000648 -0.000249  -0.00147     0.004   -0.0143   0.00158  -0.00174 -4.31e-05 -5.98e-05 -5.16e-06 -3.56e-07 -4.92e-08  -0.00105  -0.00185  0.000233 -1.22e-06 -0.000882  -0.00104 -0.000565 -0.000102   -0.0029 -0.000503 -0.000216   -0.0159   -0.0016  0.000345   0.00936   0.00232   0.00604  -0.00128   0.00636   0.00601  -5.2e-05   -0.0149 -0.000912  -0.00644  -0.00119 -0.000222  -0.00209 -0.000547 -6.94e-06   -0.0159 -0.000267  2.14e-05  -0.00341
  -0.0572  0.000576  0.000499 -0.000176   0.00017 -0.000173  1.77e-15  1.77e-15  2.61e-05 -4.17e-05 -5.28e-16 -0.000281  0.000773  2.97e-05 -0.000179 -6.34e-05 -7.54e-05  0.000215  0.000392  -0.00221   -0.0003  -0.00233  -0.00295 -0.000802   -0.0525 -0.000841  -0.00257 -0.000226   0.00026  -0.00294 -0.000201 -0.000919  0.000214 -0.000415   -0.0214  -0.00692  4.09e-07 -0.000117  0.000259  -0.00612  5.27e-06  0.000744         1   -0.0464   -0.0134     -0.11   1.1e-05   -0.0131  -0.00254   -0.0105  -0.00115  0.000195   0.00562   0.00718  -0.00642   0.00429   0.00333  -0.00364   0.00218   0.00153 -0.000818   -0.0103  -0.00102  0.000341  -0.00128  0.000471  -0.00403   0.00268  0.000207   0.00113 -0.000302  1.76e-05 -4.94e-06  8.71e-08  6.45e-09  -0.00441  0.000395 -0.000118 -0.000162   -0.0022  -0.00154 -0.000923 -0.000332   -0.0021    0.0016 -0.000876   -0.0701   0.00236  -0.00736   -0.0265   0.00402   -0.0199   -0.0119  -0.00886   -0.0335  0.000324  -0.00107  -0.00159 -0.000749  0.000476  -4.3e-05   0.00026 -6.22e-05 -8.47e-06   0.00501  -0.00179  0.000546 -0.000216
   -0.102   0.00298   0.00037  0.000758   0.00134 -0.000855  5.12e-15  5.12e-15   0.00022  0.000495 -1.62e-15 -0.000405   0.00405  0.000189  0.000185 -0.000133 -0.000151   0.00121   0.00234  -0.00501 -0.000636   0.00219  -0.00453  -0.00166     -0.15  0.000155  -0.00451  0.000465   0.00231  -0.00741  0.000456  -0.00116   0.00234 -0.000134   -0.0546   -0.0142  2.89e-07 -0.000192  0.000777    -0.016  3.34e-05   0.00403   -0.0464         1    -0.036    -0.337  0.000175   -0.0353  -0.00148   -0.0136   0.00248   0.00998    0.0226    0.0279   -0.0192    0.0185     0.014   -0.0112    0.0103      0.01 -0.000576   -0.0315  -0.00323   0.00186  -0.00404   0.00194   0.00132    0.0158  0.000464   0.00522 -0.000931  6.74e-05 -1.45e-05  8.68e-07  9.37e-08   -0.0145    0.0047  -0.00023 -0.000377  -0.00275  -0.00315  -0.00152 -0.000593  -0.00201   0.00531  2.28e-05     -0.18    0.0122   -0.0166   -0.0671    0.0475   -0.0629   -0.0301   -0.0086   -0.0986   0.00368    0.0389   0.00126    0.0143   0.00335  9.96e-05   0.00478  0.000703 -1.97e-05    0.0172   0.00065    0.0023   0.00262
    0.111  0.000795  -0.00611  0.000574   0.00807   0.00227  2.16e-15  2.16e-15  0.000502   0.00128 -4.11e-15 -0.000982   0.00594  0.000453  0.000294 -7.06e-05 -7.96e-05   0.00269   0.00585   -0.0163  -0.00275     -0.04   -0.0356   -0.0059    -0.165  -0.00979   -0.0331  -0.00698  -0.00161  -0.00293  -0.00284   -0.0127   -0.0127  -0.00752   -0.0512   -0.0564  5.28e-06 -0.000491 -0.000125  -0.00708  3.36e-05   0.00114   -0.0134    -0.036         1    0.0118  9.38e-05  -0.00779  -0.00245   0.00126   -0.0237   -0.0065  0.000885  -0.00231  -0.00502   0.00551  -0.00212   0.00507   0.00337   -0.0049    0.0105   -0.0457   0.00293 -0.000294   0.00125  -1.1e-05     0.134    0.0132   0.00884  0.000999  -0.00065   0.00016  1.41e-05   1.4e-06  3.45e-08    0.0175    0.0056  0.000622  0.000537    0.0154   0.00549   0.00171  0.000209   0.00362    0.0025  0.000415    -0.179   0.00438  -0.00322     0.037   -0.0757   0.00994   0.00425   -0.0967   -0.0907   0.00111    0.0106    0.0106   0.00684   0.00348  0.000196   0.00541   0.00148  5.32e-05   0.00376  -0.00114   0.00356    0.0138
   -0.378  -0.00216   0.00512 -0.000995   -0.0203  -0.00834 -4.95e-15 -4.95e-15 -0.000811  -0.00301 -1.41e-16  0.000873  -0.00766 -0.000955  -0.00114 -0.000294 -0.000378  -0.00547   -0.0122  -0.00978  0.000756    0.0235    -0.016  -0.00875    -0.495    0.0187    0.0195   0.00156   0.00478   -0.0364   0.00568   0.00689   0.00346  0.000106    -0.226   -0.0307 -6.95e-06  0.000253  6.58e-05   -0.0702  -3.1e-05   0.00617     -0.11    -0.337    0.0118         1  3.34e-05   -0.0236   -0.0259    -0.128    0.0143   -0.0315   0.00635   0.00725  -0.00663   -0.0249   0.00833   -0.0438   -0.0376  -0.00487   -0.0578    0.0298  -0.00536    0.0033  -0.00792    0.0041    -0.545    0.0229   -0.0306   0.00524 -0.000459 -0.000285 -1.52e-05  -2.7e-06  1.15e-07   -0.0749  -0.00415  -0.00287  -0.00146   -0.0264   -0.0106  -0.00431 -0.000146    0.0033   0.00492  -0.00488   -0.0287   0.00876    -0.023    -0.106    0.0383     0.017   -0.0248     0.128     0.012 -8.01e-05    0.0643    -0.017    0.0185    0.0011  0.000582 -9.97e-05 -0.000929 -0.000201    0.0907   0.00613  -0.00388   -0.0346
  0.00258    0.0001  0.000538  -0.00014 -0.000116 -1.66e-05 -3.18e-17 -3.18e-17  3.39e-07   6.7e-05 -4.77e-17  -5.1e-05  -5.5e-05 -4.53e-06 -7.28e-05 -7.01e-06 -8.12e-06 -2.98e-05 -5.79e-05  -0.00011 -1.81e-05  -0.00131 -0.000314 -9.23e-05 -0.000979 -0.000447  7.08e-05 -0.000101 -0.000359  6.58e-05  -0.00024  2.47e-05  5.69e-05 -7.67e-05  -0.00126 -0.000737  5.09e-08 -3.99e-06 -5.41e-05   1.4e-05 -4.11e-06 -0.000469   1.1e-05  0.000175  9.38e-05  3.34e-05         1  5.43e-05  0.000105  0.000301  0.000674  -0.00017 -0.000276  -0.00014  -3.5e-06 -0.000148  5.77e-05  -7.7e-05   2.1e-05  9.44e-05  0.000395    0.0011 -3.86e-05 -2.35e-05  1.27e-05 -0.000169   0.00131  -0.00153  0.000376 -0.000189  -1.6e-05 -6.19e-06 -7.18e-07  -3.1e-08 -5.27e-09  0.000187 -0.000207  6.94e-05 -4.39e-06  2.61e-05 -0.000153 -6.02e-05 -1.05e-05 -0.000229  2.16e-05 -3.75e-07  -0.00114 -9.72e-05  0.000427  0.000984 -0.000383   0.00014 -0.000311   0.00107  0.000445  1.73e-05  -0.00204  0.000143  -0.00042 -5.45e-05 -2.06e-05 -6.18e-05 -2.56e-05  6.95e-07  -0.00161  9.76e-05  3.02e-05 -0.000182
  -0.0141  -0.00128  -0.00968 -0.000446   0.00121  0.000211   8.4e-15   8.4e-15 -0.000165  0.000363  6.65e-16 -0.000493   0.00116  7.46e-05 -0.000474 -8.96e-05 -9.25e-05  0.000603   0.00114   0.00436  1.73e-05   0.00181    0.0111  5.65e-05    0.0498  -0.00395  -0.00166  0.000886  -0.00104  -0.00162  -0.00125  0.000264   0.00323   0.00148    0.0282    0.0161 -2.75e-06  0.000978   0.00159 -0.000354  1.77e-05 -0.000466   -0.0131   -0.0353  -0.00779   -0.0236  5.43e-05         1   -0.0527    -0.122   -0.0376   0.00378  0.000711   -0.0039   -0.0249    0.0077   -0.0113   -0.0109   0.00918  -0.00512   0.00158   -0.0303  0.000411   0.00217  -0.00223  0.000965    0.0162  -0.00637  -0.00232   0.00506 -0.000477  0.000145 -1.38e-05 -4.39e-07 -7.33e-08   0.00463  0.000463 -0.000646 -0.000498   0.00406  -0.00561  -0.00481  -0.00153   -0.0132   0.00713  -0.00343    -0.157   0.00806    -0.042   -0.0327     0.036   -0.0123   -0.0416   -0.0106   -0.0065   0.00121   -0.0388   0.00419  -0.00641   0.00126 -0.000113   0.00399  0.000342 -5.43e-05    0.0216   -0.0035    0.0022    0.0015
   0.0313   0.00282    0.0299  -0.00043  -0.00802  -0.00223 -5.13e-15 -5.13e-15  0.000248   0.00372 -5.44e-17  0.000461  -0.00549 -0.000427 -0.000394  4.36e-05  7.22e-05  -0.00255   -0.0054   0.00378  2.68e-05    0.0103   0.00653   0.00133    0.0209   0.00323   0.00545  0.000845  0.000978  0.000271  0.000201   0.00183    0.0027   0.00116   0.00385   0.00942   4.9e-07   -0.0009 -0.000847   0.00108  8.05e-05   0.00203  -0.00254  -0.00148  -0.00245   -0.0259  0.000105   -0.0527         1    -0.522    -0.106   -0.0145   -0.0858    -0.152   -0.0441   -0.0207   -0.0938   -0.0126   -0.0216   -0.0383    0.0114   0.00208  -0.00163  0.000757   0.00161  -0.00171    0.0375   -0.0527   -0.0241 -0.000232  -0.00229 -3.14e-05 -2.81e-06  1.93e-06  3.24e-08   0.00305   0.00373 -0.000516  7.64e-05   0.00593   0.00091  0.000299 -0.000172  -0.00115   0.00109   0.00452   -0.0285    0.0113   0.00586    0.0316   -0.0217   -0.0197   -0.0111    0.0497   -0.0339   0.00298 -0.000266    0.0207    0.0197   0.00185  3.32e-05    0.0104   0.00206  7.12e-05   -0.0297   0.00993   0.00098   -0.0116
   0.0989  0.000753    0.0775   0.00492  -0.00832   -0.0017 -4.72e-15 -4.72e-15   5.5e-05   0.00411  6.01e-15   0.00431   -0.0106 -0.000619    0.0029  0.000595  0.000748  -0.00377  -0.00796   0.00499  0.000277    0.0225    0.0139 -0.000107    0.0406    0.0116   0.00329   0.00107   0.00191  -0.00641   0.00193   0.00194 -0.000367  0.000956    -0.012    0.0213  7.85e-08 -0.000552  0.000262   -0.0126  3.51e-05   0.00287   -0.0105   -0.0136   0.00126    -0.128  0.000301    -0.122    -0.522         1    -0.222  -0.00836    -0.171    -0.283   -0.0806   -0.0403    -0.173   -0.0315   -0.0577   -0.0959    0.0256    0.0102  -0.00286  0.000416   0.00238  -0.00217     0.228    -0.101   -0.0486   0.00936  -0.00205  1.69e-06  1.94e-05  4.31e-06  5.02e-07   -0.0301  0.000172  -0.00471  0.000355     0.012   0.00744   0.00122  0.000144   0.00117   0.00281   0.00269   -0.0769   0.00768   -0.0293   -0.0288   -0.0365   -0.0236    0.0309     0.054    0.0947 -0.000786    0.0606      0.02    0.0173   0.00383  0.000143     0.011   0.00226   0.00015    0.0112    0.0177  0.000931   -0.0114
   0.0249  -0.00438   -0.0205  -0.00259   -0.0077  -0.00279  3.45e-15  3.45e-15  7.08e-06 -7.15e-05  1.36e-15  -0.00145   -0.0025 -0.000409  -0.00213 -0.000378 -0.000489  -0.00219  -0.00474  0.000474 -0.000354  -0.00116 -0.000581  -0.00217    0.0123 -0.000373    -0.011  -0.00148  0.000884  -0.00306  0.000877  -0.00324  -0.00526 -0.000844   0.00958  0.000857 -4.95e-06  0.000727  0.000887  -0.00291  5.74e-05   0.00258  -0.00115   0.00248   -0.0237    0.0143  0.000674   -0.0376    -0.106    -0.222         1   -0.0101   -0.0287   -0.0547   -0.0194   -0.0149   -0.0386  -0.00883   -0.0129   -0.0234  -0.00974   -0.0416   0.00045  -0.00308  -0.00273  0.000275   -0.0421   -0.0193   -0.0214   0.00156 -0.000223  6.33e-05  1.22e-05  9.12e-07  1.87e-08   -0.0123   0.00246  -0.00291  0.000295 -0.000794   0.00303 -0.000577 -0.000245   -0.0031  -0.00192  -0.00258  -0.00241    0.0027   -0.0392    0.0229  -0.00774    0.0297  -0.00179   -0.0387   -0.0263 -0.000552   0.00498  -0.00624     -0.02  -0.00163   0.00014    -0.004  -0.00014 -8.92e-05    -0.008   -0.0088  -0.00012   -0.0161
     0.18  -0.00375    0.0031   0.00184   0.00931    0.0039 -2.57e-15 -2.57e-15 -0.000289 -0.000222 -1.19e-15  0.000349   0.00151  0.000345   0.00127  0.000194  0.000247   0.00203    0.0044  -0.00241 -0.000274   -0.0137   -0.0114  -0.00163   -0.0558  -0.00457  -0.00171  -0.00242  -0.00188  -0.00268  -0.00124  -0.00184  -0.00328    -0.002   -0.0238   -0.0217  4.01e-06  4.85e-05 -0.000798  -0.00474  3.39e-05  -0.00172  0.000195   0.00998   -0.0065   -0.0315  -0.00017   0.00378   -0.0145  -0.00836   -0.0101         1  -0.00929   -0.0194    0.0053   -0.0233  -0.00797 -0.000552    -0.017  -0.00318  -0.00239   0.00238   0.00597   0.00207   0.00445 -0.000757   -0.0502    0.0437    0.0168     -0.01   -0.0003    -8e-05  1.03e-05  9.28e-07  -1.2e-07   0.00382   0.00112    0.0021 -3.28e-05 -6.46e-05  -0.00104  0.000294   0.00035   0.00277  -0.00107  -0.00125     0.123  -0.00223   -0.0029   -0.0148   -0.0448    0.0183   -0.0327    0.0332   -0.0637  -0.00507   -0.0193   0.00605   0.00937 -0.000231   0.00013   0.00181   8.3e-05 -5.38e-05  -0.00292 -0.000717  -0.00187    0.0154
  -0.0346   0.00218    0.0155  -0.00302  -0.00921  -0.00234 -3.71e-15 -3.71e-15   0.00018   0.00101 -6.67e-16 -0.000847  -0.00563   -0.0005  -0.00179 -0.000194 -0.000236  -0.00305  -0.00629  -0.00176 -0.000146  -0.00793  -0.00321 -0.000491    -0.011  -0.00235  -0.00204 -0.000857  -0.00139 -0.000105  -0.00113   -0.0012  -0.00138  -0.00114   -0.0188  -0.00652  3.33e-06 -0.000455 -0.000799  -0.00201 -8.96e-06  -0.00194   0.00562    0.0226  0.000885   0.00635 -0.000276  0.000711   -0.0858    -0.171   -0.0287  -0.00929         1   -0.0668  -0.00865  -0.00901   -0.0389  -0.00185   -0.0133   -0.0222  -0.00127    0.0232  -0.00112  -0.00171   0.00192  -0.00163   -0.0423   -0.0492   -0.0191  -0.00153 -0.000892 -2.51e-05  1.32e-06  8.39e-07   3.7e-08    0.0109  -0.00171  0.000327  0.000213    0.0113   0.00221   0.00116  0.000263   0.00112   0.00118   0.00306     0.141  -0.00202    0.0235    0.0327   -0.0417   0.00248    0.0164   -0.0323    0.0152 -0.000794  -0.00036    0.0135    0.0173   0.00142  -9.9e-05   0.00584   0.00094    0.0001  -0.00697   0.00829   0.00171   -0.0154
  -0.0392   0.00201      0.02  -0.00295   -0.0113  -0.00303 -7.73e-15 -7.73e-15  0.000235   0.00215 -1.35e-15 -0.000727  -0.00682 -0.000607  -0.00178 -0.000194 -0.000237  -0.00368  -0.00768  -0.00105 -0.000306  -0.00266  -0.00463 -0.000328   -0.0184  0.000241  0.000269  -0.00104 -0.000454  0.000639 -0.000518 -0.000622   -0.0016  -0.00103   -0.0196  -0.00849  3.04e-06 -0.000998  -0.00161 -0.000318  1.82e-05 -8.88e-05   0.00718    0.0279  -0.00231   0.00725  -0.00014   -0.0039    -0.152    -0.283   -0.0547   -0.0194   -0.0668         1   -0.0159   -0.0194   -0.0652  -0.00237    -0.022   -0.0292  0.000653     0.019  -0.00143  -0.00132   0.00265  -0.00192   -0.0398   -0.0529   -0.0213  -0.00335  -0.00139 -3.91e-05  5.63e-06  1.61e-06  4.07e-08    0.0063 -4.38e-05  0.000595  0.000348   0.00657   0.00404   0.00297  0.000817   0.00773   -0.0022   0.00335    0.0903 -0.000282    0.0268     0.036    -0.038   -0.0152   0.00796    0.0023   -0.0233  3.64e-05  -0.00838     0.013    0.0157   0.00119  0.000223   0.00504   0.00118  8.52e-05   -0.0321   0.00724  0.000363   -0.0191
  -0.0203   0.00194  0.000224   -0.0013  -0.00202 -0.000722  3.14e-15  3.14e-15  0.000154   0.00123 -2.14e-17 -0.000742 -0.000389 -7.49e-05 -0.000899 -0.000132 -0.000154 -0.000391 -0.000885   0.00245 -0.000122   0.00367   0.00695   0.00122    0.0229  -0.00135  0.000108  0.000996  0.000449  0.000705 -0.000256  0.000517   0.00303   0.00125    0.0119   0.00863  6.96e-07 -4.63e-06   0.00035   0.00204  1.36e-05  0.000835  -0.00642   -0.0192  -0.00502  -0.00663  -3.5e-06   -0.0249   -0.0441   -0.0806   -0.0194    0.0053  -0.00865   -0.0159         1   0.00533    -0.015  -0.00518   0.00633  -0.00305   0.00207   -0.0106   -0.0021  0.000207 -0.000986  0.000274  0.000264   -0.0153  -0.00525   0.00207 -0.000803  5.69e-05 -1.28e-05  3.72e-08 -5.62e-08   0.00773  0.000832  -9.4e-05 -0.000259   0.00325  -0.00303  -0.00213 -0.000847  -0.00651   0.00421  0.000232  -0.00775   0.00464  -0.00774  -0.00523  -0.00235   -0.0217   -0.0152    -0.018   -0.0316   0.00138   -0.0161   0.00671    0.0035   0.00148 -0.000118    0.0052  0.000885  1.87e-05   0.00292  0.000344   0.00198  -0.00353
   0.0514  -0.00327   0.00247  0.000836   0.00354   0.00151 -3.87e-15 -3.87e-15 -0.000196 -0.000478   1.5e-15  0.000447  0.000297  0.000112  0.000582  0.000119  0.000131  0.000691   0.00146 -0.000674  6.67e-05  -0.00748  -0.00632  -0.00143   -0.0305  0.000735   0.00287  -0.00143  -0.00165  -0.00158  0.000341  0.000664  -0.00287  -0.00116   -0.0197     -0.01  -1.1e-06  1.61e-05 -0.000796  -0.00254 -2.03e-05  -0.00244   0.00429    0.0185   0.00551   -0.0249 -0.000148    0.0077   -0.0207   -0.0403   -0.0149   -0.0233  -0.00901   -0.0194   0.00533         1  -0.00938  -0.00279   -0.0175  -0.00582  -0.00125   0.00769   0.00172  -0.00075   0.00121 -0.000992  -0.00584    0.0195    0.0118  -0.00482  0.000341 -0.000159  4.65e-06 -1.13e-06 -1.28e-07    -0.017  -0.00282 -0.000666 -4.24e-05   -0.0144 -0.000761 -0.000439  7.15e-05  -0.00145  -0.00485  -0.00286    0.0971  -0.00802  -0.00968   0.00509    -0.031    0.0327  0.000913    0.0511   -0.0132  -0.00321   -0.0237   -0.0131   -0.0237  -0.00427 -0.000149  -0.00835   -0.0015 -8.51e-05    -0.015  -0.00773  -0.00328   0.00499
  -0.0481   0.00101   0.00486  -0.00228  -0.00757  -0.00218 -3.01e-15 -3.01e-15  0.000206   0.00129 -9.13e-16 -0.000741  -0.00407 -0.000393  -0.00145 -0.000181 -0.000218  -0.00234  -0.00491  0.000989 -0.000194   0.00288  0.000737  0.000139   0.00589  0.000638 -0.000836 -0.000115  0.000759  0.000176  0.000225 -0.000475 -0.000556  7.77e-05    0.0016   0.00204  2.01e-06 -0.000187 -0.000475    0.0012  1.96e-05   0.00139   0.00333     0.014  -0.00212   0.00833  5.77e-05   -0.0113   -0.0938    -0.173   -0.0386  -0.00797   -0.0389   -0.0652    -0.015  -0.00938         1  -0.00326  -0.00972   -0.0208  -0.00228    0.0057  -0.00124 -0.000768  0.000971 -0.000176   -0.0431   -0.0345   -0.0153  0.000983 -0.000899  5.42e-05 -1.54e-06  2.93e-07 -1.31e-08    0.0096 -0.000708  0.000164  1.75e-05    0.0065  0.000824  0.000342  -5.1e-06   0.00166   0.00158  0.000983    0.0703     0.001   0.00851    0.0128   -0.0287   -0.0165  -0.00447   -0.0182   -0.0103  0.000404   -0.0173   0.00907   0.00767   0.00183  0.000132   0.00519   0.00114  4.41e-05  -0.00187   0.00221   0.00126    -0.013
   0.0559 -0.000327   -0.0022 -0.000475 -0.000842 -0.000412  1.77e-15  1.77e-15 -7.07e-05  0.000122  9.24e-16 -0.000248  -9.2e-06 -3.27e-05 -0.000358 -6.49e-05 -8.14e-05  -0.00015  -0.00038   0.00169  0.000181    0.0013   0.00411 -0.000168    0.0042 -0.000231   0.00219  0.000436 -0.000559 -0.000873  6.63e-06   0.00125   0.00131   0.00063 -0.000127   0.00473 -1.41e-06  0.000355  0.000212  -0.00148 -1.39e-05 -0.000835  -0.00364   -0.0112   0.00507   -0.0438  -7.7e-05   -0.0109   -0.0126   -0.0315  -0.00883 -0.000552  -0.00185  -0.00237  -0.00518  -0.00279  -0.00326         1   -0.0011  -0.00108   -0.0023 -0.000691 -0.000471  0.000245 -0.000741  4.15e-05   -0.0226  -0.00195 -0.000979  0.000901 -5.35e-05  -1.5e-05 -4.85e-06 -3.16e-07 -2.99e-08  -0.00445 -0.000399 -0.000485 -0.000161 -0.000813  -0.00185  -0.00144  -0.00036  -0.00386   0.00161 -0.000923    0.0616  0.000709   -0.0109   0.00292    0.0137    0.0105  -0.00377    0.0091   0.00332  0.000107  -0.00518 -0.000122  -0.00159   -0.0002 -2.19e-05  0.000645  -1.2e-05 -2.91e-05   0.00604  5.62e-05  0.000356  -0.00149
    0.062  -0.00273    0.0059  0.000702   0.00058  0.000375 -3.97e-15 -3.97e-15 -0.000158  -0.00124  7.33e-16  0.000479 -0.000695  -2.2e-05   0.00047  6.39e-05   6.7e-05 -0.000147 -0.000276  -0.00168  0.000148  -0.00282  -0.00593  -0.00153   -0.0362   0.00185  0.000254  -0.00109 -0.000291  -0.00208  0.000575 -0.000275  -0.00353  -0.00113   -0.0229   -0.0097 -2.55e-07  0.000128 -0.000473  -0.00488 -1.08e-05  -0.00066   0.00218    0.0103   0.00337   -0.0376   2.1e-05   0.00918   -0.0216   -0.0577   -0.0129    -0.017   -0.0133    -0.022   0.00633   -0.0175  -0.00972   -0.0011         1    -0.012  -0.00207     0.011   0.00107   -0.0011  0.000722 -0.000586   0.00426   0.00603   0.00217  -0.00203  0.000438 -8.78e-05  1.02e-05  7.72e-08  5.01e-08   -0.0179  -0.00253 -0.000528  0.000172  -0.00874   0.00232   0.00129  0.000556   0.00367  -0.00438  -0.00192     0.117  -0.00652  -0.00235   -0.0213  -0.00621   0.00164   0.00461    0.0222   0.00159  -0.00284    0.0022   -0.0111   -0.0122  -0.00248  3.06e-05  -0.00727  -0.00123 -4.31e-05  -0.00571  -0.00477  -0.00217  6.87e-05
-0.000181  -0.00162  -0.00126  -0.00194  -0.00574   -0.0018 -2.65e-15 -2.65e-15  7.79e-05   -0.0016 -1.42e-15 -0.000557  -0.00236 -0.000282  -0.00123 -0.000158 -0.000187  -0.00165  -0.00337  -0.00223 -1.64e-05  -0.00456  -0.00575  -0.00207   -0.0197  5.36e-05  -0.00631  -0.00121  9.39e-05  -0.00242 -0.000381  -0.00268  -0.00459  -0.00124  -0.00765  -0.00373     6e-07  0.000761    0.0005  -0.00322  1.78e-05  0.000216   0.00153      0.01   -0.0049  -0.00487  9.44e-05  -0.00512   -0.0383   -0.0959   -0.0234  -0.00318   -0.0222   -0.0292  -0.00305  -0.00582   -0.0208  -0.00108    -0.012         1  -0.00292     0.012  0.000247  -0.00221  -0.00111  4.08e-06   0.00339   -0.0317   -0.0121   0.00515  9.15e-05     7e-05  2.29e-06 -9.24e-07  5.53e-08 -0.000249  -0.00531 -0.000585  2.74e-05   0.00182  0.000944 -0.000858 -0.000326  -0.00284   0.00104  -0.00216     0.112  -0.00143  0.000495   -0.0254   -0.0191   -0.0188   -0.0073   -0.0354    0.0407 -0.000491   -0.0247  -0.00552   -0.0142 -0.000404 -0.000263  -0.00366 -0.000572  3.37e-06    0.0188  -0.00672   0.00106   -0.0103
   0.0269  -0.00251   -0.0228  -0.00489   -0.0145   -0.0047  1.95e-15  1.95e-15 -0.000101  -0.00123  8.14e-16  -0.00196  -0.00646 -0.000766  -0.00336 -0.000529 -0.000679  -0.00438   -0.0094   0.00287  0.000473   0.00965   0.00719  7.93e-05    0.0255   0.00135  0.000831   0.00116   0.00151   -0.0031   0.00146  0.000635  0.000213   0.00138   0.00409    0.0123 -2.97e-06  0.000337  0.000546  -0.00398  7.03e-06    0.0018 -0.000818 -0.000576    0.0105   -0.0578  0.000395   0.00158    0.0114    0.0256  -0.00974  -0.00239  -0.00127  0.000653   0.00207  -0.00125  -0.00228   -0.0023  -0.00207  -0.00292         1  -0.00968  -0.00197  -0.00336  -0.00285  0.000941      -0.2   -0.0249   -0.0252 -0.000775  0.000275  3.32e-05  4.43e-06  1.97e-07  8.79e-09  -0.00642  -0.00154  -0.00139   3.1e-05  -0.00204  0.000804  0.000362  0.000208   0.00255  -0.00218  -0.00166    0.0233  -0.00348  -0.00999  -0.00523   0.00725   0.00627    0.0036   -0.0478   0.00824  -0.00198   0.00458  -0.00838  -0.00966 -0.000959  0.000159  -0.00435 -0.000598 -4.55e-05  -0.00161  -0.00522  -0.00102   -0.0287
    0.138  -0.00371   -0.0337  0.000372   0.00167 -0.000161  9.16e-15  9.16e-15  9.87e-05  0.000365  1.28e-15 -0.000968   0.00248  6.05e-05 -0.000356 -0.000241 -0.000328  0.000618   0.00103 -0.000823 -0.000986   0.00458 -0.000607 -0.000621   0.00476 -0.000642   -0.0158 -0.000844   0.00371  -0.00208   0.00227  -0.00477  -0.00401 -0.000558    0.0197   -0.0023 -3.23e-06  0.000107    0.0013  -0.00132  6.52e-05   0.00691   -0.0103   -0.0315   -0.0457    0.0298    0.0011   -0.0303   0.00208    0.0102   -0.0416   0.00238    0.0232     0.019   -0.0106   0.00769    0.0057 -0.000691     0.011     0.012  -0.00968         1  0.000686  -0.00105  -0.00249   0.00275    -0.023    0.0334  -0.00607  0.000128  0.000181  0.000187  1.64e-05  2.18e-06  5.22e-08  -0.00705   0.00908   -0.0021  0.000346  0.000454   0.00444   0.00154  0.000296   0.00571  -0.00196  -0.00209    -0.303   0.00352   -0.0475  -0.00917   0.00933   0.00316  -0.00416   -0.0725   -0.0971 -0.000596    0.0476  -0.00584  -0.00717   0.00129  0.000657  -0.00124  0.000541 -8.59e-05  -0.00399  -0.00825 -0.000431  -0.00126
  -0.0332  0.000691   0.00018  -0.00197  -0.00474  -0.00152  2.21e-16  2.21e-16  7.52e-06 -0.000117  4.93e-16 -0.000749  -0.00185 -0.000228  -0.00125 -0.000178  -0.00023  -0.00132  -0.00285  0.000655  2.48e-05   0.00204   0.00269  0.000584   0.00861  0.000558   0.00132  0.000494  4.22e-05  0.000514  5.76e-05  0.000688   0.00115  0.000541  -0.00258   0.00308 -7.72e-07 -0.000324 -9.73e-05  0.000277 -2.08e-05 -0.000139  -0.00102  -0.00323   0.00293  -0.00536 -3.86e-05  0.000411  -0.00163  -0.00286   0.00045   0.00597  -0.00112  -0.00143   -0.0021   0.00172  -0.00124 -0.000471   0.00107  0.000247  -0.00197  0.000686         1  -0.00154  -0.00161 -0.000311   -0.0133    -0.017  -0.00511  0.000192 -2.77e-05 -2.72e-05 -4.47e-06  -1.8e-07 -9.74e-09  -0.00616  -0.00206 -0.000613 -4.28e-05  -0.00695 -0.000627 -0.000342 -0.000182  -0.00173  -0.00159  -0.00124    0.0123  -0.00275 -0.000418  -0.00672    0.0029   -0.0142   0.00423  -0.00931   -0.0111 -0.000236   -0.0199   -0.0083   -0.0144  -0.00176 -0.000106  -0.00444 -0.000718 -1.82e-06   -0.0136  -0.00464 -0.000408  -0.00966
  -0.0362 -0.000228   -0.0033  -0.00194   -0.0047   -0.0015  4.22e-17  4.22e-17  5.17e-05 -0.000292  2.32e-16 -0.000793  -0.00185 -0.000237  -0.00127  -0.00019 -0.000246  -0.00136   -0.0029 -0.000223   1.6e-05  -0.00179   4.4e-05 -0.000197   0.00314  -0.00059 -0.000849 -0.000101 -0.000395 -0.000181 -0.000192  -0.00023 -0.000454 -3.09e-05  -0.00436 -0.000175 -6.57e-07 -8.23e-05 -1.24e-05 -0.000472 -8.58e-06 -0.000648  0.000341   0.00186 -0.000294    0.0033 -2.35e-05   0.00217  0.000757  0.000416  -0.00308   0.00207  -0.00171  -0.00132  0.000207  -0.00075 -0.000768  0.000245   -0.0011  -0.00221  -0.00336  -0.00105  -0.00154         1  -0.00142  -0.00044   -0.0209   -0.0153  -0.00603 -0.000501  8.72e-05 -2.33e-05  1.99e-07  7.36e-08  8.93e-09  -0.00596   -0.0016 -0.000592  7.64e-05  -0.00428  0.000567  0.000273   4.6e-05  8.63e-05  -0.00214 -0.000758   0.00755  -0.00242 -0.000901  -0.00442  -0.00184  -0.00655   0.00473   -0.0153  -0.00531 -0.000574  -0.00393  -0.00714   -0.0126  -0.00139 -0.000127  -0.00453 -0.000684 -8.68e-06   -0.0136   -0.0043 -0.000527  -0.00961
  -0.0234 -0.000331  -0.00489   -0.0018   -0.0044  -0.00155  4.18e-16  4.18e-16 -9.16e-06 -0.000399   6.7e-17 -0.000736  -0.00128 -0.000201   -0.0012 -0.000181  -0.00023  -0.00113  -0.00244  0.000403  8.04e-05  0.000699   0.00135 -0.000148   0.00599  0.000143  0.000247  0.000163 -0.000207 -0.000213 -0.000175  0.000253   0.00027  0.000318  0.000147   0.00271 -1.79e-06  1.68e-06  0.000163 -0.000164 -3.64e-06 -0.000249  -0.00128  -0.00404   0.00125  -0.00792  1.27e-05  -0.00223   0.00161   0.00238  -0.00273   0.00445   0.00192   0.00265 -0.000986   0.00121  0.000971 -0.000741  0.000722  -0.00111  -0.00285  -0.00249  -0.00161  -0.00142         1 -0.000232   -0.0159   -0.0135  -0.00506  0.000704  9.18e-05 -1.28e-05 -1.79e-06 -2.02e-07 -2.05e-09   -0.0068  -0.00162 -0.000646 -1.17e-05  -0.00596 -0.000425 -0.000432 -0.000154  -0.00154  -0.00167  -0.00145  -0.00297 -0.000405  -0.00444  -0.00417    0.0119  -0.00572  -0.00113  -0.00327  -0.00149  0.000289   -0.0156  -0.00845   -0.0157  -0.00172  -0.00011  -0.00496  -0.00078 -2.47e-05   -0.0115  -0.00537 -0.000494  -0.00884
  0.00405  0.000217   0.00131 -0.000735  -0.00114 -0.000306 -3.08e-16 -3.08e-16 -1.05e-05   9.4e-05 -1.22e-16  -0.00028 -0.000445 -5.14e-05 -0.000431 -4.88e-05 -6.09e-05 -0.000306 -0.000632 -0.000443 -4.14e-05  -0.00434  -0.00125 -0.000286  -0.00273  -0.00132  0.000136 -0.000361  -0.00113  0.000286  -0.00075  3.22e-05  2.11e-05 -0.000282  -0.00462  -0.00268 -2.94e-07 -7.12e-05 -0.000203  7.23e-05 -9.59e-06  -0.00147  0.000471   0.00194  -1.1e-05    0.0041 -0.000169  0.000965  -0.00171  -0.00217  0.000275 -0.000757  -0.00163  -0.00192  0.000274 -0.000992 -0.000176  4.15e-05 -0.000586  4.08e-06  0.000941   0.00275 -0.000311  -0.00044 -0.000232         1   0.00293   -0.0067  9.68e-06 -0.000989 -5.65e-05 -3.39e-05 -1.86e-06 -7.57e-08 -1.89e-08 -0.000994 -0.000657  5.49e-05  2.01e-05  -0.00148 -0.000297 -0.000131 -3.17e-05  -0.00112 -0.000723 -1.67e-05  -0.00355  -0.00047   0.00148   0.00545  -0.00117   0.00132  0.000131    0.0039  -0.00173  5.41e-05  -0.00775  -0.00117  -0.00397 -0.000801 -9.86e-05  -0.00141 -0.000273 -2.15e-06   -0.0099 -0.000616 -0.000139  -0.00212
    0.555  -0.00964    -0.171   -0.0459    -0.131   -0.0409  1.28e-14  1.28e-14 -0.000803  -0.00325  1.09e-15   -0.0178   -0.0609  -0.00681   -0.0308  -0.00447  -0.00565   -0.0392   -0.0839    0.0337   0.00475    0.0675     0.074   0.00582     0.268  -0.00232    0.0361    0.0126   0.00473   -0.0202    0.0057    0.0151    0.0204    0.0155    0.0479     0.116 -1.93e-05   0.00214   0.00147   -0.0219  0.000106     0.004  -0.00403   0.00132     0.134    -0.545   0.00131    0.0162    0.0375     0.228   -0.0421   -0.0502   -0.0423   -0.0398  0.000264  -0.00584   -0.0431   -0.0226   0.00426   0.00339      -0.2    -0.023   -0.0133   -0.0209   -0.0159   0.00293         1    -0.246    -0.219   -0.0242  -0.00179  4.06e-05 -2.42e-05  1.57e-07 -5.49e-07    0.0355  -0.00399  -0.00399 -0.000651    0.0242   -0.0089  -0.00187  0.000381   0.00433  -0.00291   0.00451    0.0504  -0.00512  -0.00833     0.107   -0.0132      0.09   -0.0293    -0.308    0.0479  -0.00902    0.0218     0.016     0.037  0.000325  0.000779   0.00716   0.00132 -0.000207   -0.0463   0.00326  -0.00316    -0.246
   -0.232   0.00542   -0.0175   -0.0253   -0.0616   -0.0196  6.33e-18  6.33e-18  0.000411 -0.000473 -2.85e-15  -0.00951   -0.0236  -0.00292   -0.0159   -0.0022  -0.00276   -0.0171   -0.0361  -0.00084  7.47e-05   -0.0317   0.00564  -0.00252    0.0655   -0.0148  -0.00271 -0.000759   -0.0107   0.00164  -0.00843 -0.000215   0.00304 -4.38e-05    -0.031   0.00791 -7.34e-06 -0.000658 -0.000561 -0.000176 -0.000145   -0.0143   0.00268    0.0158    0.0132    0.0229  -0.00153  -0.00637   -0.0527    -0.101   -0.0193    0.0437   -0.0492   -0.0529   -0.0153    0.0195   -0.0345  -0.00195   0.00603   -0.0317   -0.0249    0.0334    -0.017   -0.0153   -0.0135   -0.0067    -0.246         1   -0.0804    0.0031 -0.000951 -8.31e-05 -3.46e-05 -1.31e-06 -3.12e-08  -0.00841   -0.0194  -0.00254  0.000234   -0.0124  -0.00155  -0.00176 -0.000864   -0.0129  -0.00731  -0.00359   -0.0718  -0.00888    0.0256    0.0353    0.0389   -0.0715    0.0186    -0.145    0.0605   0.00349    -0.145   -0.0318   -0.0839  -0.00882  -0.00133   -0.0253  -0.00431  6.69e-05    -0.122   -0.0206   0.00224    -0.115
  -0.0917  0.000395   -0.0213  -0.00861   -0.0272  -0.00897  1.93e-15  1.93e-15  0.000157 -0.000815 -1.44e-16  -0.00319   -0.0111  -0.00134  -0.00579 -0.000862  -0.00109   -0.0078   -0.0166   0.00274  0.000565    0.0101    0.0104  0.000478    0.0504  0.000431  -0.00116   0.00179   0.00143    -0.002  0.000629  0.000156   0.00115   0.00177   0.00785    0.0185 -3.94e-06  0.000126  0.000691  -0.00283  1.99e-05   0.00158  0.000207  0.000464   0.00884   -0.0306  0.000376  -0.00232   -0.0241   -0.0486   -0.0214    0.0168   -0.0191   -0.0213  -0.00525    0.0118   -0.0153 -0.000979   0.00217   -0.0121   -0.0252  -0.00607  -0.00511  -0.00603  -0.00506  9.68e-06    -0.219   -0.0804         1   0.00203 -0.000228  6.91e-05  1.07e-06   9.6e-07  1.19e-07 -0.000279  -0.00138  -0.00196  0.000304   0.00597   0.00328   0.00144  0.000313   0.00259  -0.00202   0.00183   -0.0431  0.000682   0.00591    0.0147    0.0188   -0.0138     0.019   -0.0922     0.035  0.000945    0.0259  -0.00246  -0.00197 -2.03e-05 -2.01e-05  -0.00261 -0.000147  3.22e-05   -0.0176 -0.000489  0.000934   -0.0503
   0.0472 -0.000133   0.00248 -0.000541 -0.000174  0.000289 -3.71e-16 -3.71e-16 -3.74e-05  0.000497  2.47e-16 -0.000286 -0.000983 -4.97e-05 -0.000309  -3.5e-05 -5.04e-05 -0.000295  -0.00062 -0.000266 -4.71e-05  -0.00497  -0.00139  0.000155  -0.00243   -0.0021   0.00139 -0.000389  -0.00133  0.000257 -0.000741  0.000276  0.000473 -0.000248  -0.00843  -0.00509  7.18e-07 -0.000443 -0.000524 -0.000272 -6.17e-06  -0.00174   0.00113   0.00522  0.000999   0.00524 -0.000189   0.00506 -0.000232   0.00936   0.00156     -0.01  -0.00153  -0.00335   0.00207  -0.00482  0.000983  0.000901  -0.00203   0.00515 -0.000775  0.000128  0.000192 -0.000501  0.000704 -0.000989   -0.0242    0.0031   0.00203         1 -0.000129 -7.58e-05  2.59e-06  8.19e-07 -2.85e-08  -0.00216  0.000657   0.00041  9.25e-05   -0.0026  0.000259   0.00093  0.000334   0.00237  -0.00256  0.000532   -0.0112  -0.00186   0.00312   0.00627   -0.0108   0.00645  0.000965      0.01   -0.0271  -0.00153   0.00251 -0.000262 -0.000632 -0.000891  -2.2e-05  -0.00135 -0.000247 -3.48e-06   -0.0224  0.000377  -0.00123  -0.00129
  -0.0036  0.000281  0.000396 -0.000122 -0.000114 -3.03e-05 -1.96e-17 -1.96e-17   1.2e-05  0.000107 -1.54e-16 -6.74e-05 -7.36e-06 -1.56e-06 -7.25e-05 -6.84e-06 -6.84e-06 -1.19e-05 -2.03e-05 -3.26e-05    -2e-05 -0.000471 -6.76e-05  6.98e-05  -0.00118 -0.000291   8.4e-08  5.04e-06 -4.72e-05  0.000118 -9.67e-05 -1.74e-05  0.000184 -4.41e-06 -0.000298  -0.00033  1.58e-07  -2.7e-05 -4.09e-05  0.000152  2.49e-06 -4.31e-05 -0.000302 -0.000931  -0.00065 -0.000459  -1.6e-05 -0.000477  -0.00229  -0.00205 -0.000223   -0.0003 -0.000892  -0.00139 -0.000803  0.000341 -0.000899 -5.35e-05  0.000438  9.15e-05  0.000275  0.000181 -2.77e-05  8.72e-05  9.18e-05 -5.65e-05  -0.00179 -0.000951 -0.000228 -0.000129         1 -7.91e-07  -1.3e-06 -3.21e-08 -1.14e-08   0.00169  0.000211  0.000102 -1.38e-05   0.00068 -0.000252 -0.000136 -5.87e-05 -0.000635  0.000361  0.000307 -8.68e-05  0.000488   0.00126   0.00237  -0.00187 -0.000724   -0.0012 -0.000748  -0.00343  0.000196  -0.00109   0.00144   0.00193  0.000122 -1.78e-05  0.000774  0.000113   4.4e-06 -0.000356  0.000583  0.000208 -3.59e-05
  0.00109  3.92e-06  0.000121 -2.02e-05 -2.56e-05 -4.54e-06 -3.31e-17 -3.31e-17 -3.34e-06 -5.69e-06   1.9e-17 -4.74e-06 -1.56e-05 -1.22e-06 -1.13e-05 -4.58e-07 -7.67e-07 -7.15e-06 -1.53e-05  4.26e-06  3.79e-06  -0.00011 -1.38e-05  4.11e-06 -0.000134 -8.16e-06  9.66e-05 -2.32e-06 -3.71e-05  1.25e-05 -1.25e-05  3.56e-05  2.21e-05 -4.02e-07  -0.00028  -7.1e-05 -4.12e-08  -6.7e-06 -1.39e-05 -7.17e-06 -5.19e-07 -5.98e-05  1.76e-05  6.74e-05   0.00016 -0.000285 -6.19e-06  0.000145 -3.14e-05  1.69e-06  6.33e-05    -8e-05 -2.51e-05 -3.91e-05  5.69e-05 -0.000159  5.42e-05  -1.5e-05 -8.78e-05     7e-05  3.32e-05  0.000187 -2.72e-05 -2.33e-05 -1.28e-05 -3.39e-05  4.06e-05 -8.31e-05  6.91e-05 -7.58e-05 -7.91e-07         1 -1.57e-07 -1.92e-08 -2.11e-09 -0.000209  -3.8e-05 -1.04e-05  -1.2e-06 -0.000247 -4.12e-05 -2.22e-05 -6.54e-06 -0.000131  -6.8e-05 -7.52e-06  0.000402 -7.85e-05   2.6e-05  0.000213 -0.000191   0.00019  8.56e-05  0.000649  -0.00026  -1.2e-05 -0.000444 -0.000179 -0.000317 -8.62e-05 -7.33e-06  -0.00013 -2.63e-05 -6.45e-07  -0.00054 -7.53e-05 -3.32e-05  -5.3e-05
-4.77e-05  4.17e-06  3.37e-06 -4.62e-06 -5.18e-06  -1.6e-06  1.05e-18  1.05e-18 -3.79e-07 -1.19e-06 -2.08e-19 -1.57e-06 -5.74e-07 -1.05e-07 -2.68e-06 -1.73e-07 -1.87e-07 -6.03e-07 -1.28e-06  5.65e-06  4.35e-07 -7.72e-06  1.02e-05   2.7e-06  3.28e-05  -3.7e-06  1.03e-05   1.9e-06 -2.74e-06  3.66e-06 -1.63e-06  4.74e-06  7.26e-06  2.13e-06  6.17e-06   1.1e-05 -4.35e-09  8.44e-07 -6.56e-07  5.34e-06 -4.46e-08 -5.16e-06 -4.94e-06 -1.45e-05  1.41e-05 -1.52e-05 -7.18e-07 -1.38e-05 -2.81e-06  1.94e-05  1.22e-05  1.03e-05  1.32e-06  5.63e-06 -1.28e-05  4.65e-06 -1.54e-06 -4.85e-06  1.02e-05  2.29e-06  4.43e-06  1.64e-05 -4.47e-06  1.99e-07 -1.79e-06 -1.86e-06 -2.42e-05 -3.46e-05  1.07e-06  2.59e-06  -1.3e-06 -1.57e-07         1 -7.11e-09 -5.42e-10  2.03e-05 -5.76e-06 -1.77e-07 -1.06e-06  -1.1e-05 -1.49e-05 -1.07e-05 -3.66e-06 -4.28e-05  8.76e-06  4.24e-07 -6.56e-05  -2.5e-06 -3.75e-06 -8.57e-06 -3.92e-05 -4.62e-05 -4.24e-05 -1.13e-06    -2e-05  3.65e-06 -0.000116  2.81e-06 -6.96e-06 -6.04e-06 -1.25e-06  1.43e-06 -8.62e-07 -3.07e-08  5.96e-06 -4.83e-06  3.47e-06  -6.1e-06
 1.39e-05 -2.24e-08 -4.57e-07  -2.6e-07 -4.62e-08  6.56e-10 -2.93e-19 -2.93e-19 -8.85e-08 -4.48e-07  3.01e-20 -7.68e-09   1.2e-07  1.35e-08 -1.32e-07  1.63e-08  2.24e-08  8.58e-08  1.85e-07  3.11e-07  3.59e-08 -1.03e-06 -8.01e-08  6.34e-08 -1.93e-07  2.69e-07  7.16e-07  2.24e-08  -1.5e-07  4.16e-08  3.12e-08  3.12e-07   9.8e-08   1.6e-08  4.71e-07   6.2e-07 -9.44e-10   1.6e-07 -2.41e-08  2.44e-07 -4.61e-09 -3.56e-07  8.71e-08  8.68e-07   1.4e-06  -2.7e-06  -3.1e-08 -4.39e-07  1.93e-06  4.31e-06  9.12e-07  9.28e-07  8.39e-07  1.61e-06  3.72e-08 -1.13e-06  2.93e-07 -3.16e-07  7.72e-08 -9.24e-07  1.97e-07  2.18e-06  -1.8e-07  7.36e-08 -2.02e-07 -7.57e-08  1.57e-07 -1.31e-06   9.6e-07  8.19e-07 -3.21e-08 -1.92e-08 -7.11e-09         1 -7.74e-11   1.8e-06  -1.2e-06 -2.29e-07 -1.45e-07 -2.55e-06 -1.86e-06 -1.56e-06 -5.13e-07 -5.96e-06  8.56e-07 -4.99e-07 -1.27e-05 -9.99e-07 -1.99e-06  6.81e-07 -1.03e-05  8.71e-07 -3.88e-06  2.06e-06  6.25e-06  3.02e-07 -1.95e-05  -1.6e-06  -4.5e-06 -1.23e-06 -1.66e-07 -8.52e-07 -2.84e-07 -1.22e-08  4.82e-06 -1.85e-06  1.63e-07  3.09e-07
-5.83e-07  8.46e-09 -5.28e-08 -3.84e-08  2.24e-09  7.12e-09 -2.26e-21 -2.26e-21 -6.06e-09 -1.24e-08 -3.05e-21 -1.44e-08  4.23e-09  8.78e-10 -2.18e-08 -5.53e-10 -5.39e-10  6.08e-09   1.3e-08  2.42e-08 -1.47e-09 -1.77e-07  -1.5e-08  1.18e-08  2.53e-08 -4.38e-08  5.37e-08 -5.55e-09 -3.44e-08  1.94e-08 -1.73e-08  2.03e-08  2.89e-08 -1.17e-09  1.21e-08 -2.72e-08 -4.88e-11   3.2e-09 -8.81e-09   4.5e-08 -2.15e-10 -4.92e-08  6.45e-09  9.37e-08  3.45e-08  1.15e-07 -5.27e-09 -7.33e-08  3.24e-08  5.02e-07  1.87e-08  -1.2e-07   3.7e-08  4.07e-08 -5.62e-08 -1.28e-07 -1.31e-08 -2.99e-08  5.01e-08  5.53e-08  8.79e-09  5.22e-08 -9.74e-09  8.93e-09 -2.05e-09 -1.89e-08 -5.49e-07 -3.12e-08  1.19e-07 -2.85e-08 -1.14e-08 -2.11e-09 -5.42e-10 -7.74e-11         1  2.34e-07  -5.6e-08 -3.62e-09 -1.09e-08 -1.78e-07 -1.58e-07 -1.16e-07 -3.82e-08 -4.42e-07   5.6e-08 -2.65e-08 -6.81e-07  -5.1e-08 -1.22e-07  4.41e-07 -9.75e-07  2.79e-07 -4.12e-07  2.27e-07  -3.6e-07  1.03e-08 -1.66e-06 -3.11e-08 -2.81e-07 -9.19e-08 -1.23e-08 -2.57e-08  -1.5e-08 -8.98e-10 -3.92e-09 -1.19e-07  8.75e-09   1.8e-08
    0.115  -0.00493  -0.00253  -0.00194  -0.00784  -0.00308 -1.66e-15 -1.66e-15 -0.000185  -0.00218  4.55e-15 -0.000723  -0.00254 -0.000431  -0.00147 -0.000357 -0.000507  -0.00238  -0.00534    0.0016  0.000792    0.0114   0.00573 -0.000862   0.00108   0.00643   0.00811  0.000908  -0.00014  -0.00173   0.00178   0.00356 -0.000434   0.00126    -0.025    0.0054 -7.38e-06 -0.000634 -6.11e-05  -0.00561 -6.86e-05  -0.00105  -0.00441   -0.0145    0.0175   -0.0749  0.000187   0.00463   0.00305   -0.0301   -0.0123   0.00382    0.0109    0.0063   0.00773    -0.017    0.0096  -0.00445   -0.0179 -0.000249  -0.00642  -0.00705  -0.00616  -0.00596   -0.0068 -0.000994    0.0355  -0.00841 -0.000279  -0.00216   0.00169 -0.000209  2.03e-05   1.8e-06  2.34e-07         1  -0.00666  -0.00374  0.000386   -0.0457   0.00483   0.00374   0.00139    0.0127   -0.0179  -0.00897    0.0845   -0.0139   -0.0309   -0.0756     0.101   -0.0304    0.0217    0.0644   -0.0366  -0.00405  -0.00298   -0.0594   -0.0832  -0.00991  4.07e-05   -0.0341   -0.0054 -0.000173   -0.0749    -0.027   -0.0078   -0.0212
  0.00969 -0.000572  0.000819   -0.0022  -0.00398  -0.00102 -7.24e-16 -7.24e-16 -0.000119 -0.000929  1.66e-16 -0.000685  -0.00201 -0.000205  -0.00129 -0.000145 -0.000185  -0.00119  -0.00251 -0.000127  2.99e-05  -0.00354 -0.000491  -0.00033   0.00261 -0.000429  0.000823 -0.000264  -0.00126 -0.000361 -0.000774  0.000202 -0.000131  -0.00011   -0.0064  0.000141 -8.01e-07 -6.31e-05 -1.77e-05 -0.000716 -3.39e-05  -0.00185  0.000395    0.0047    0.0056  -0.00415 -0.000207  0.000463   0.00373  0.000172   0.00246   0.00112  -0.00171 -4.38e-05  0.000832  -0.00282 -0.000708 -0.000399  -0.00253  -0.00531  -0.00154   0.00908  -0.00206   -0.0016  -0.00162 -0.000657  -0.00399   -0.0194  -0.00138  0.000657  0.000211  -3.8e-05 -5.76e-06  -1.2e-06  -5.6e-08  -0.00666         1 -0.000531 -0.000174   -0.0102  -0.00216  -0.00161 -0.000509  -0.00521  -0.00154  -0.00349    0.0267  -0.00525  -0.00344   -0.0182  -0.00873   -0.0109  -0.00371    -0.003     0.011  -0.00127   -0.0532   -0.0138   -0.0281  -0.00319   -0.0003    -0.008  -0.00149 -2.18e-05  -0.00826  -0.00928 -0.000856  -0.00865
 -0.00106 -0.000318  -0.00156 -0.000356  -0.00117 -0.000414  2.86e-16  2.86e-16 -2.91e-05 -0.000286  4.89e-16 -0.000111 -0.000415 -5.88e-05 -0.000259 -3.74e-05 -5.19e-05 -0.000326 -0.000714  0.000237  4.64e-05   0.00118  0.000822  4.09e-05   0.00336  0.000714 -1.79e-05  0.000131  0.000247 -0.000224  0.000335  0.000115 -0.000146  0.000114  0.000156   0.00155 -9.19e-07  5.69e-06  9.31e-05 -0.000392 -3.75e-06  0.000233 -0.000118  -0.00023  0.000622  -0.00287  6.94e-05 -0.000646 -0.000516  -0.00471  -0.00291    0.0021  0.000327  0.000595  -9.4e-05 -0.000666  0.000164 -0.000485 -0.000528 -0.000585  -0.00139   -0.0021 -0.000613 -0.000592 -0.000646  5.49e-05  -0.00399  -0.00254  -0.00196   0.00041  0.000102 -1.04e-05 -1.77e-07 -2.29e-07 -3.62e-09  -0.00374 -0.000531         1 -2.47e-06  -0.00282 -1.71e-05 -0.000259  -9.7e-05   -0.0013   -0.0007 -0.000601  -0.00115  -0.00121  -0.00355 -0.000635   1.7e-05   0.00212   0.00357  -0.00317   0.00207   -0.0002  -0.00275  -0.00391  -0.00617 -0.000914 -4.28e-05  -0.00208 -0.000347 -1.07e-05  -0.00123  -0.00206 -0.000309  -0.00251
  0.00167  1.57e-05  8.48e-05 -5.35e-06  0.000108  4.76e-05   3.7e-17   3.7e-17 -1.39e-05 -3.66e-05  1.35e-17  7.94e-06  2.63e-05   6.1e-06  2.27e-06  5.06e-06  6.85e-06  3.71e-05  7.72e-05   0.00015  1.11e-05  0.000209  0.000263  7.01e-05   0.00077  6.23e-05  0.000269  5.53e-05  1.47e-05 -5.54e-07  1.23e-05  0.000102  0.000154  6.35e-05  0.000468  0.000452 -4.28e-08  1.31e-05   9.6e-06  5.63e-05 -4.55e-07 -1.22e-06 -0.000162 -0.000377  0.000537  -0.00146 -4.39e-06 -0.000498  7.64e-05  0.000355  0.000295 -3.28e-05  0.000213  0.000348 -0.000259 -4.24e-05  1.75e-05 -0.000161  0.000172  2.74e-05   3.1e-05  0.000346 -4.28e-05  7.64e-05 -1.17e-05  2.01e-05 -0.000651  0.000234  0.000304  9.25e-05 -1.38e-05  -1.2e-06 -1.06e-06 -1.45e-07 -1.09e-08  0.000386 -0.000174 -2.47e-06         1 -0.000348 -0.000367 -0.000253 -8.16e-05 -0.000804  0.000216  -0.00012   0.00058 -5.47e-05 -0.000414 -0.000783  -0.00124   -0.0003  -0.00114  0.000742  0.000199  -1.8e-06  -0.00342 -0.000111 -0.000518 -0.000109 -1.93e-05  1.74e-05    -2e-05 -1.35e-06   0.00106 -0.000246  2.51e-05  0.000219
   0.0439  -0.00277   0.00033  -0.00365  -0.00638  -0.00187 -2.99e-15 -2.99e-15 -0.000486  -0.00267  2.38e-15  -0.00121  -0.00259 -0.000321  -0.00228 -0.000269 -0.000375  -0.00174  -0.00389   0.00203  0.000374   0.00589   0.00278   0.00106   0.00736   0.00539   0.00902  0.000702 -0.000227  0.000449  0.000738   0.00329   0.00161   0.00121   -0.0135    0.0043  -6.9e-06  -0.00103 -0.000471 -0.000105 -5.01e-05 -0.000882   -0.0022  -0.00275    0.0154   -0.0264  2.61e-05   0.00406   0.00593     0.012 -0.000794 -6.46e-05    0.0113   0.00657   0.00325   -0.0144    0.0065 -0.000813  -0.00874   0.00182  -0.00204  0.000454  -0.00695  -0.00428  -0.00596  -0.00148    0.0242   -0.0124   0.00597   -0.0026   0.00068 -0.000247  -1.1e-05 -2.55e-06 -1.78e-07   -0.0457   -0.0102  -0.00282 -0.000348         1  -0.00503  -0.00314  -0.00106   -0.0123   -0.0125   -0.0102    0.0146   -0.0138   -0.0222   -0.0539    0.0125   -0.0325  -0.00926    0.0602   -0.0556  -0.00302     -0.13   -0.0554   -0.0948   -0.0136 -0.000645   -0.0316  -0.00545 -0.000157   -0.0638   -0.0334  -0.00637   -0.0172
  0.00811  0.000343  0.000504 -0.000746  0.000362  0.000281  4.65e-16  4.65e-16 -0.000179 -0.000404 -1.08e-17 -0.000217  0.000132  3.72e-05 -0.000399  8.86e-06  1.81e-05   0.00024  0.000502   0.00151  0.000104  -0.00105   0.00224  0.000651   0.00826 -0.000471   0.00301  0.000384 -0.000635  0.000313 -0.000437   0.00116   0.00187  0.000556   0.00354   0.00347 -1.04e-06  0.000143 -2.46e-06  0.000994  -6.9e-06  -0.00104  -0.00154  -0.00315   0.00549   -0.0106 -0.000153  -0.00561   0.00091   0.00744   0.00303  -0.00104   0.00221   0.00404  -0.00303 -0.000761  0.000824  -0.00185   0.00232  0.000944  0.000804   0.00444 -0.000627  0.000567 -0.000425 -0.000297   -0.0089  -0.00155   0.00328  0.000259 -0.000252 -4.12e-05 -1.49e-05 -1.86e-06 -1.58e-07   0.00483  -0.00216 -1.71e-05 -0.000367  -0.00503         1  -0.00333  -0.00108   -0.0115   0.00218  -0.00126   0.00469 -0.000361  -0.00436   -0.0013   -0.0157 -0.000236   -0.0146    0.0106  -0.00184  0.000245   -0.0468   -0.0016  -0.00849  -0.00204 -0.000327 -0.000607 -0.000409 -2.12e-05   0.00483   -0.0034  0.000321  0.000991
 -0.00101     4e-05 -0.000793 -0.000547  0.000247  0.000156  5.95e-16  5.95e-16 -0.000144 -0.000522  6.56e-17 -0.000166   0.00025  3.08e-05  -0.00031  3.48e-06  8.96e-06  0.000202  0.000429  0.000725  3.01e-05  -0.00156  0.000876  0.000234   0.00394 -0.000283  0.000765  8.94e-05 -0.000351  3.57e-05 -0.000222  0.000393   0.00065   0.00017   0.00255   0.00177 -1.13e-06  0.000216   9.9e-05  0.000369 -4.44e-06 -0.000565 -0.000923  -0.00152   0.00171  -0.00431 -6.02e-05  -0.00481  0.000299   0.00122 -0.000577  0.000294   0.00116   0.00297  -0.00213 -0.000439  0.000342  -0.00144   0.00129 -0.000858  0.000362   0.00154 -0.000342  0.000273 -0.000432 -0.000131  -0.00187  -0.00176   0.00144   0.00093 -0.000136 -2.22e-05 -1.07e-05 -1.56e-06 -1.16e-07   0.00374  -0.00161 -0.000259 -0.000253  -0.00314  -0.00333         1 -0.000879  -0.00965   0.00191  -0.00105   0.00563 -0.000487  -0.00516    0.0015   -0.0143   0.00323  -0.00875  0.000937   0.00345  0.000237   -0.0342  -0.00144  -0.00678  -0.00165 -0.000255 -0.000572 -0.000322 -1.73e-05    0.0076  -0.00283  0.000473  0.000771
 -0.00206   8.1e-05 -0.000139   -0.0002  4.18e-05  3.93e-05  1.92e-16  1.92e-16 -4.07e-05 -0.000174  1.11e-17 -6.68e-05  7.36e-05  8.59e-06 -0.000115 -6.09e-07  7.01e-07   5.7e-05  0.000122  0.000204  3.13e-06 -0.000432  0.000288  0.000123   0.00133 -6.94e-05  0.000143  4.59e-05 -4.64e-05  5.79e-05  -4.5e-05  8.48e-05  0.000211  5.66e-05  0.000878  0.000573 -3.15e-07  5.25e-05  3.37e-05  0.000179 -6.53e-07 -0.000102 -0.000332 -0.000593  0.000209 -0.000146 -1.05e-05  -0.00153 -0.000172  0.000144 -0.000245   0.00035  0.000263  0.000817 -0.000847  7.15e-05  -5.1e-06  -0.00036  0.000556 -0.000326  0.000208  0.000296 -0.000182   4.6e-05 -0.000154 -3.17e-05  0.000381 -0.000864  0.000313  0.000334 -5.87e-05 -6.54e-06 -3.66e-06 -5.13e-07 -3.82e-08   0.00139 -0.000509  -9.7e-05 -8.16e-05  -0.00106  -0.00108 -0.000879         1  -0.00328  0.000631 -0.000299   0.00122 -0.000188  -0.00139  0.000211  -0.00547  0.000129  -0.00269 -0.000963 -2.18e-05  8.92e-05   -0.0112 -0.000482  -0.00219 -0.000553 -9.06e-05 -0.000177 -0.000103    -4e-06   0.00238 -0.000988  0.000185  0.000173
  -0.0173  0.000877 -0.000337  -0.00257 -0.000419  0.000116  1.73e-15  1.73e-15  -0.00052  -0.00223  5.48e-16 -0.000837  0.000627  6.11e-05  -0.00149 -2.72e-05 -2.05e-05  0.000419  0.000917   0.00201  0.000162   -0.0095    0.0025   0.00106    0.0128  -0.00198   0.00225  0.000288  -0.00163   0.00101 -0.000859    0.0013   0.00207   0.00028   0.00356   0.00354 -4.83e-06  0.000692  9.61e-05    0.0014 -1.76e-05   -0.0029   -0.0021  -0.00201   0.00362    0.0033 -0.000229   -0.0132  -0.00115   0.00117   -0.0031   0.00277   0.00112   0.00773  -0.00651  -0.00145   0.00166  -0.00386   0.00367  -0.00284   0.00255   0.00571  -0.00173  8.63e-05  -0.00154  -0.00112   0.00433   -0.0129   0.00259   0.00237 -0.000635 -0.000131 -4.28e-05 -5.96e-06 -4.42e-07    0.0127  -0.00521   -0.0013 -0.000804   -0.0123   -0.0115  -0.00965  -0.00328         1   0.00604  -0.00217   0.00214  -0.00354   -0.0144     0.012    -0.055    0.0081   -0.0243  -0.00677   0.00238   0.00113    -0.113  -0.00482   -0.0207  -0.00728  -0.00111  -0.00292  -0.00146 -5.11e-05     0.018  -0.00904   0.00196  0.000803
  0.00422  -0.00118   -0.0013  -0.00127   -0.0039  -0.00125 -1.59e-15 -1.59e-15 -8.66e-06 -0.000295  5.46e-16 -0.000473  -0.00175 -0.000215 -0.000847 -0.000146   -0.0002  -0.00123  -0.00265 -0.000438  7.59e-05  0.000481  -0.00112 -0.000278 -2.48e-05   0.00102   0.00135 -0.000208 -0.000391  1.62e-05  1.92e-05  0.000348 -0.000627 -6.51e-05  -0.00749  -0.00173 -1.62e-06 -0.000522 -0.000284 -0.000423 -9.56e-06 -0.000503    0.0016   0.00531    0.0025   0.00492  2.16e-05   0.00713   0.00109   0.00281  -0.00192  -0.00107   0.00118   -0.0022   0.00421  -0.00485   0.00158   0.00161  -0.00438   0.00104  -0.00218  -0.00196  -0.00159  -0.00214  -0.00167 -0.000723  -0.00291  -0.00731  -0.00202  -0.00256  0.000361  -6.8e-05  8.76e-06  8.56e-07   5.6e-08   -0.0179  -0.00154   -0.0007  0.000216   -0.0125   0.00218   0.00191  0.000631   0.00604         1  -0.00187    -0.018  -0.00358   -0.0013  -0.00809    0.0168  -0.00507   0.00793    0.0163   -0.0159  -0.00111  -0.00502   -0.0159   -0.0245  -0.00298  1.64e-05   -0.0101  -0.00149 -3.57e-05   -0.0341  -0.00762  -0.00264  -0.00919
  0.00924  -0.00141  -0.00264  -0.00102  -0.00107 -0.000222  3.55e-16  3.55e-16 -0.000145 -0.000739   3.8e-16 -0.000411 -0.000567 -6.76e-05 -0.000627  -8.9e-05 -0.000119 -0.000348 -0.000782 -0.000172 -0.000104 -0.000557 -0.000745  -0.00043  -0.00047  0.000431 -0.000719 -0.000385 -0.000361 -0.000648 -0.000205 -0.000275 -0.000665 -0.000149  -0.00217 -0.000367 -1.08e-06 -8.69e-05  0.000168 -0.000858 -2.05e-05 -0.000216 -0.000876  2.28e-05  0.000415  -0.00488 -3.75e-07  -0.00343   0.00452   0.00269  -0.00258  -0.00125   0.00306   0.00335  0.000232  -0.00286  0.000983 -0.000923  -0.00192  -0.00216  -0.00166  -0.00209  -0.00124 -0.000758  -0.00145 -1.67e-05   0.00451  -0.00359   0.00183  0.000532  0.000307 -7.52e-06  4.24e-07 -4.99e-07 -2.65e-08  -0.00897  -0.00349 -0.000601  -0.00012   -0.0102  -0.00126  -0.00105 -0.000299  -0.00217  -0.00187         1    0.0212  -0.00363   -0.0109   -0.0165  0.000864  -0.00322  -0.00513   0.00244  -0.00373  -0.00139   -0.0452   -0.0139   -0.0268  -0.00262 -6.22e-05  -0.00742  -0.00125 -4.07e-05  -0.00556  -0.00954  -0.00118  -0.00387
   0.0556  -0.00399   -0.0426   0.00552    -0.025  -0.00674  8.51e-15  8.51e-15  -0.00129   0.00555 -7.18e-15   0.00885   -0.0207  -0.00136   0.00342   0.00139   0.00177  -0.00776   -0.0172   -0.0105  -0.00483   -0.0799    -0.045  -0.00527    0.0539   -0.0198   -0.0182  -0.00682   -0.0171   -0.0152   -0.0111  -0.00761  0.000335  -0.00795    0.0194   -0.0351 -3.35e-05  -0.00276  -0.00184   -0.0113  2.78e-05   -0.0159   -0.0701     -0.18    -0.179   -0.0287  -0.00114    -0.157   -0.0285   -0.0769  -0.00241     0.123     0.141    0.0903  -0.00775    0.0971    0.0703    0.0616     0.117     0.112    0.0233    -0.303    0.0123   0.00755  -0.00297  -0.00355    0.0504   -0.0718   -0.0431   -0.0112 -8.68e-05  0.000402 -6.56e-05 -1.27e-05 -6.81e-07    0.0845    0.0267  -0.00115   0.00058    0.0146   0.00469   0.00563   0.00122   0.00214    -0.018    0.0212         1     0.015      -0.1    -0.204     -0.19    -0.241   -0.0932   -0.0477     0.188    0.0205      0.18    0.0278   0.00954     0.002 -5.81e-05   -0.0071   -0.0012 -7.62e-06    -0.205    0.0203   -0.0146    -0.041
  -0.0156  -0.00109    0.0043   -0.0015  -0.00229 -0.000216 -2.67e-16 -2.67e-16 -0.000187  -0.00123  2.24e-15 -0.000397  -0.00238 -0.000181 -0.000831 -9.42e-05 -0.000142  -0.00106  -0.00229 -0.000233 -4.19e-05  -0.00328  0.000143  0.000294   0.00389  0.000231  0.000278 -0.000184 -0.000667 -0.000162  0.000472  0.000185 -0.000975 -0.000358   -0.0147  -0.00283 -4.59e-08 -0.000372 -0.000381  -0.00213 -6.79e-05   -0.0016   0.00236    0.0122   0.00438   0.00876 -9.72e-05   0.00806    0.0113   0.00768    0.0027  -0.00223  -0.00202 -0.000282   0.00464  -0.00802     0.001  0.000709  -0.00652  -0.00143  -0.00348   0.00352  -0.00275  -0.00242 -0.000405  -0.00047  -0.00512  -0.00888  0.000682  -0.00186  0.000488 -7.85e-05  -2.5e-06 -9.99e-07  -5.1e-08   -0.0139  -0.00525  -0.00121 -5.47e-05   -0.0138 -0.000361 -0.000487 -0.000188  -0.00354  -0.00358  -0.00363     0.015         1  -0.00776   -0.0317   -0.0261   -0.0137    0.0135   -0.0225   -0.0103  -0.00416   -0.0334   -0.0181   -0.0271  -0.00411 -0.000194     -0.01   -0.0019 -1.71e-05   -0.0105  -0.00949  -0.00186  -0.00713
  -0.0453   -0.0076   -0.0272 -0.000139   0.00278  0.000652  9.27e-15  9.27e-15 -0.000657  -0.00245  4.62e-15 -0.000392   0.00169  8.95e-05 -0.000427 -0.000128 -0.000189  0.000829   0.00143   0.00512  9.17e-05    0.0049   0.00947  -0.00102    0.0502   0.00102  -0.00269  5.53e-05 -0.000145   -0.0034   0.00133  0.000683  -0.00121   0.00114    0.0222    0.0134 -8.46e-06   0.00148   0.00162  -0.00336 -4.26e-05  0.000345  -0.00736   -0.0166  -0.00322    -0.023  0.000427    -0.042   0.00586   -0.0293   -0.0392   -0.0029    0.0235    0.0268  -0.00774  -0.00968   0.00851   -0.0109  -0.00235  0.000495  -0.00999   -0.0475 -0.000418 -0.000901  -0.00444   0.00148  -0.00833    0.0256   0.00591   0.00312   0.00126   2.6e-05 -3.75e-06 -1.99e-06 -1.22e-07   -0.0309  -0.00344  -0.00355 -0.000414   -0.0222  -0.00436  -0.00516  -0.00139   -0.0144   -0.0013   -0.0109      -0.1  -0.00776         1   -0.0598    0.0275     0.014   -0.0236  -0.00467   -0.0108  -0.00399   -0.0594   -0.0321    -0.058  -0.00605  2.06e-05   -0.0156   -0.0027 -0.000217    0.0147    -0.023  -0.00259 -0.000269
   0.0401  -0.00907    0.0189   0.00477    0.0074   0.00328  9.97e-16  9.97e-16 -0.000416   -0.0085  4.24e-15    0.0025  -0.00233  8.57e-05   0.00304  0.000276  0.000324  0.000581  0.000981    0.0139   0.00229    0.0588    0.0346   0.00683     0.104    0.0128    0.0174   0.00807    0.0104  -0.00478   0.00677   0.00625   0.00618   0.00824    0.0158    0.0437  8.35e-06   0.00144    0.0022  -0.00843 -2.18e-05   0.00936   -0.0265   -0.0671     0.037    -0.106  0.000984   -0.0327    0.0316   -0.0288    0.0229   -0.0148    0.0327     0.036  -0.00523   0.00509    0.0128   0.00292   -0.0213   -0.0254  -0.00523  -0.00917  -0.00672  -0.00442  -0.00417   0.00545     0.107    0.0353    0.0147   0.00627   0.00237  0.000213 -8.57e-06  6.81e-07  4.41e-07   -0.0756   -0.0182 -0.000635 -0.000783   -0.0539   -0.0013    0.0015  0.000211     0.012  -0.00809   -0.0165    -0.204   -0.0317   -0.0598         1     0.085    -0.403    -0.112   -0.0594    -0.119   -0.0164   -0.0023   -0.0762   -0.0732  -0.00296 -0.000205    -0.036  -0.00647 -0.000138    0.0323   -0.0489  -0.00748  0.000534
    0.289   0.00338    0.0353   0.00276    0.0206    0.0111 -3.86e-15 -3.86e-15 -0.000314  9.71e-05 -1.33e-15   0.00228  -0.00203  0.000709   0.00259   0.00105   0.00131   0.00396   0.00909   -0.0186  -0.00414   -0.0565    -0.053  -0.00023    -0.193  -0.00378   -0.0347  -0.00897   0.00108  -0.00727 -0.000161   -0.0153   -0.0155  -0.00974    -0.077   -0.0738  1.92e-05  -0.00192  -0.00196  -0.00919 -1.65e-05   0.00232   0.00402    0.0475   -0.0757    0.0383 -0.000383     0.036   -0.0217   -0.0365  -0.00774   -0.0448   -0.0417    -0.038  -0.00235    -0.031   -0.0287    0.0137  -0.00621   -0.0191   0.00725   0.00933    0.0029  -0.00184    0.0119  -0.00117   -0.0132    0.0389    0.0188   -0.0108  -0.00187 -0.000191 -3.92e-05 -1.03e-05 -9.75e-07     0.101  -0.00873   1.7e-05  -0.00124    0.0125   -0.0157   -0.0143  -0.00547    -0.055    0.0168  0.000864     -0.19   -0.0261    0.0275     0.085         1     0.107    0.0326    -0.205   -0.0192   -0.0132    -0.181    0.0294  -0.00343  -0.00331  -0.00203    0.0198   0.00304  0.000249     0.114  -0.00513   0.00335    0.0377
  -0.0267   0.00442    0.0211  -0.00553   -0.0159  -0.00538 -4.41e-15 -4.41e-15  0.000578   -0.0033 -2.94e-15  -0.00225  -0.00593 -0.000728  -0.00336 -0.000623 -0.000755  -0.00436  -0.00935    0.0102   0.00118    0.0385    0.0281    0.0077    0.0817   0.00361    0.0142    0.0072   0.00695   0.00641   0.00207   0.00543    0.0105    0.0073   0.00942    0.0287  8.45e-06 -8.86e-05 -0.000468   0.00713  3.89e-06   0.00604   -0.0199   -0.0629   0.00994     0.017   0.00014   -0.0123   -0.0197   -0.0236    0.0297    0.0183   0.00248   -0.0152   -0.0217    0.0327   -0.0165    0.0105   0.00164   -0.0188   0.00627   0.00316   -0.0142  -0.00655  -0.00572   0.00132      0.09   -0.0715   -0.0138   0.00645 -0.000724   0.00019 -4.62e-05  8.71e-07  2.79e-07   -0.0304   -0.0109   0.00212   -0.0003   -0.0325 -0.000236   0.00323  0.000129    0.0081  -0.00507  -0.00322    -0.241   -0.0137     0.014    -0.403     0.107         1    -0.103   -0.0985    -0.207  -0.00204    -0.014   -0.0386   -0.0259  0.000148 -0.000361   -0.0194   -0.0031  4.59e-05   -0.0535   -0.0293   3.7e-05   -0.0344
  -0.0201  -0.00289   -0.0154   -0.0014   0.00532   0.00172  4.67e-17  4.67e-17 -0.000469  -0.00189 -5.78e-15   -0.0011   0.00385   0.00037 -0.000813 -3.67e-05  2.32e-05   0.00232   0.00494   0.00669  0.000525 -0.000799    0.0051  0.000572    0.0225  -0.00601   0.00799   0.00076  -0.00165  0.000257  -0.00325   0.00228   0.00518   0.00242    0.0336   0.00924 -1.29e-06   0.00192  0.000565   0.00564  0.000107  -0.00128   -0.0119   -0.0301   0.00425   -0.0248 -0.000311   -0.0416   -0.0111    0.0309  -0.00179   -0.0327    0.0164   0.00796   -0.0152  0.000913  -0.00447  -0.00377   0.00461   -0.0073    0.0036  -0.00416   0.00423   0.00473  -0.00113  0.000131   -0.0293    0.0186     0.019  0.000965   -0.0012  8.56e-05 -4.24e-05 -3.88e-06 -4.12e-07    0.0217  -0.00371   0.00357  -0.00114  -0.00926   -0.0146  -0.00875  -0.00269   -0.0243   0.00793  -0.00513   -0.0932    0.0135   -0.0236    -0.112    0.0326    -0.103         1    0.0627   -0.0781   0.00268    -0.146   0.00186   -0.0132  -0.00171 -0.000585   0.00046 -0.000588  -0.00016    0.0111   -0.0164   0.00144    0.0107
   0.0171    0.0035   -0.0478   -0.0171    -0.037   -0.0109  1.98e-14  1.98e-14   0.00108  -0.00258 -8.15e-16  -0.00832   -0.0163  -0.00199   -0.0113  -0.00183  -0.00231   -0.0116   -0.0242   -0.0123  -0.00273   -0.0312  -0.00831   -0.0018  -0.00563   -0.0188   -0.0594  -0.00321   0.00424  -0.00605  8.82e-05   -0.0203   -0.0145  -0.00512   -0.0252   -0.0215   1.4e-05  0.000805   0.00285   -0.0138  -4.7e-05   0.00636  -0.00886   -0.0086   -0.0967     0.128   0.00107   -0.0106    0.0497     0.054   -0.0387    0.0332   -0.0323    0.0023    -0.018    0.0511   -0.0182    0.0091    0.0222   -0.0354   -0.0478   -0.0725  -0.00931   -0.0153  -0.00327    0.0039    -0.308    -0.145   -0.0922      0.01 -0.000748  0.000649 -1.13e-06  2.06e-06  2.27e-07    0.0644    -0.003  -0.00317  0.000742    0.0602    0.0106  0.000937 -0.000963  -0.00677    0.0163   0.00244   -0.0477   -0.0225  -0.00467   -0.0594    -0.205   -0.0985    0.0627         1   -0.0458   -0.0094    0.0782    0.0241    0.0417    0.0114 -0.000178    0.0174   0.00335  0.000335    0.0927  0.000337    0.0136   -0.0748
    0.272   0.00473   0.00168   -0.0064   0.00712   0.00238  2.82e-15  2.82e-15  0.000703   0.00331 -1.63e-15  -0.00655   0.00642  0.000354  -0.00436 -0.000993  -0.00129   0.00235   0.00458  -0.00596  -0.00247   -0.0166   -0.0114   0.00463    -0.145   -0.0129   -0.0112  -0.00154   0.00292   0.00765 -9.39e-05  -0.00467   0.00273  -0.00105   -0.0748   -0.0562  1.03e-05  -0.00452  -0.00343   0.00358  8.05e-05   0.00601   -0.0335   -0.0986   -0.0907     0.012  0.000445   -0.0065   -0.0339    0.0947   -0.0263   -0.0637    0.0152   -0.0233   -0.0316   -0.0132   -0.0103   0.00332   0.00159    0.0407   0.00824   -0.0971   -0.0111  -0.00531  -0.00149  -0.00173    0.0479    0.0605     0.035   -0.0271  -0.00343  -0.00026    -2e-05  6.25e-06  -3.6e-07   -0.0366     0.011   0.00207  0.000199   -0.0556  -0.00184   0.00345 -2.18e-05   0.00238   -0.0159  -0.00373     0.188   -0.0103   -0.0108    -0.119   -0.0192    -0.207   -0.0781   -0.0458         1  -0.00679   -0.0732    -0.034   -0.0404  -0.00874  3.55e-05   -0.0179  -0.00243 -0.000107    -0.183   -0.0365   -0.0037 -0.000819
 -0.00581 -0.000872   0.00153  2.64e-05  0.000583  0.000498   4.3e-16   4.3e-16 -6.98e-05 -0.000329  7.81e-16  3.02e-05  -0.00076 -2.19e-05  3.96e-05  5.12e-06 -1.95e-06 -0.000124 -0.000267 -7.95e-05  -2.9e-05 -0.000122  4.36e-05  0.000137    0.0019 -3.08e-05 -0.000482 -0.000102  4.75e-05 -0.000645  0.000214 -0.000268 -0.000478 -9.97e-05  -0.00407  -0.00108  9.57e-07  -0.00015  7.85e-06  -0.00141 -1.42e-05  -5.2e-05  0.000324   0.00368   0.00111 -8.01e-05  1.73e-05   0.00121   0.00298 -0.000786 -0.000552  -0.00507 -0.000794  3.64e-05   0.00138  -0.00321  0.000404  0.000107  -0.00284 -0.000491  -0.00198 -0.000596 -0.000236 -0.000574  0.000289  5.41e-05  -0.00902   0.00349  0.000945  -0.00153  0.000196  -1.2e-05  3.65e-06  3.02e-07  1.03e-08  -0.00405  -0.00127   -0.0002  -1.8e-06  -0.00302  0.000245  0.000237  8.92e-05   0.00113  -0.00111  -0.00139    0.0205  -0.00416  -0.00399   -0.0164   -0.0132  -0.00204   0.00268   -0.0094  -0.00679         1  -0.00521  -0.00476  -0.00675 -0.000647  5.85e-06  -0.00243 -0.000437 -3.28e-06 -0.000254  -0.00273 -0.000835 -0.000394
  -0.0367   -0.0031  -0.00221   -0.0246   -0.0245  -0.00464 -4.75e-15 -4.75e-15  -0.00256  -0.00811 -5.09e-15  -0.00909   -0.0106  -0.00107   -0.0142  -0.00133  -0.00164  -0.00587   -0.0125  -0.00361  -0.00228   -0.0549   -0.0224  -0.00166   -0.0204  -0.00917   0.00147  -0.00669   -0.0143    0.0035   -0.0124  -0.00137   0.00246  -0.00357   -0.0292   -0.0223 -1.59e-05  -0.00266  -0.00127   0.00774 -0.000251   -0.0149  -0.00107    0.0389    0.0106    0.0643  -0.00204   -0.0388 -0.000266    0.0606   0.00498   -0.0193  -0.00036  -0.00838   -0.0161   -0.0237   -0.0173  -0.00518    0.0022   -0.0247   0.00458    0.0476   -0.0199  -0.00393   -0.0156  -0.00775    0.0218    -0.145    0.0259   0.00251  -0.00109 -0.000444 -0.000116 -1.95e-05 -1.66e-06  -0.00298   -0.0532  -0.00275  -0.00342     -0.13   -0.0468   -0.0342   -0.0112    -0.113  -0.00502   -0.0452      0.18   -0.0334   -0.0594   -0.0023    -0.181    -0.014    -0.146    0.0782   -0.0732  -0.00521         1    -0.132    -0.331   -0.0449  -0.00337   -0.0759    -0.015 -0.000365    -0.101    -0.115   -0.0059   -0.0572
   0.0171  -0.00491  -0.00904  -0.00568   -0.0121  -0.00378 -1.84e-15 -1.84e-15 -0.000404  -0.00359  2.71e-15  -0.00208  -0.00477  -0.00063  -0.00366 -0.000536 -0.000722   -0.0035  -0.00764  0.000244  0.000226   0.00402  0.000572 -0.000571   0.00855   0.00504   0.00309 -0.000132 -0.000499  -0.00125  0.000534   0.00121  -0.00157  0.000473   -0.0173   0.00316 -7.51e-06 -0.000895  0.000141  -0.00267 -7.32e-05 -0.000912  -0.00159   0.00126    0.0106    -0.017  0.000143   0.00419    0.0207      0.02  -0.00624   0.00605    0.0135     0.013   0.00671   -0.0131   0.00907 -0.000122   -0.0111  -0.00552  -0.00838  -0.00584   -0.0083  -0.00714  -0.00845  -0.00117     0.016   -0.0318  -0.00246 -0.000262   0.00144 -0.000179  2.81e-06  -1.6e-06 -3.11e-08   -0.0594   -0.0138  -0.00391 -0.000111   -0.0554   -0.0016  -0.00144 -0.000482  -0.00482   -0.0159   -0.0139    0.0278   -0.0181   -0.0321   -0.0762    0.0294   -0.0386   0.00186    0.0241    -0.034  -0.00476    -0.132         1    -0.121   -0.0144 -0.000539   -0.0404  -0.00665 -0.000177   -0.0693   -0.0423  -0.00732   -0.0302
   -0.008  -0.00775     -0.02   -0.0133   -0.0234  -0.00689 -2.12e-15 -2.12e-15   -0.0007  -0.00493  2.45e-15  -0.00503  -0.00917  -0.00119  -0.00836  -0.00111  -0.00145  -0.00657   -0.0142  -0.00221  -0.00046    -0.015  -0.00799   -0.0029   0.00935   0.00181 -0.000515   -0.0029  -0.00565  -0.00179  -0.00323 -0.000363  -0.00375  -0.00103   -0.0285  -0.00417 -1.31e-05  -0.00164    0.0002  -0.00135 -0.000141  -0.00644 -0.000749    0.0143   0.00684    0.0185  -0.00042  -0.00641    0.0197    0.0173     -0.02   0.00937    0.0173    0.0157    0.0035   -0.0237   0.00767  -0.00159   -0.0122   -0.0142  -0.00966  -0.00717   -0.0144   -0.0126   -0.0157  -0.00397     0.037   -0.0839  -0.00197 -0.000632   0.00193 -0.000317 -6.96e-06  -4.5e-06 -2.81e-07   -0.0832   -0.0281  -0.00617 -0.000518   -0.0948  -0.00849  -0.00678  -0.00219   -0.0207   -0.0245   -0.0268   0.00954   -0.0271    -0.058   -0.0732  -0.00343   -0.0259   -0.0132    0.0417   -0.0404  -0.00675    -0.331    -0.121         1   -0.0266  -0.00144   -0.0703   -0.0116 -0.000311    -0.132   -0.0794   -0.0114   -0.0568
 -0.00127 -0.000734 -0.000815  -0.00169  -0.00279 -0.000799 -6.74e-16 -6.74e-16 -0.000192 -0.000981  5.82e-16 -0.000586  -0.00105 -0.000131  -0.00105 -0.000112 -0.000149 -0.000729  -0.00158  0.000169  8.43e-05  -0.00232 -0.000301  2.92e-05   0.00195  0.000364   0.00162 -0.000127 -0.000777  0.000194 -0.000249  0.000607  6.66e-05 -1.85e-05  -0.00504 -0.000393 -2.65e-06 -0.000193 -0.000158 -0.000145 -1.67e-05  -0.00119  0.000476   0.00335   0.00348    0.0011 -5.45e-05   0.00126   0.00185   0.00383  -0.00163 -0.000231   0.00142   0.00119   0.00148  -0.00427   0.00183   -0.0002  -0.00248 -0.000404 -0.000959   0.00129  -0.00176  -0.00139  -0.00172 -0.000801  0.000325  -0.00882 -2.03e-05 -0.000891  0.000122 -8.62e-05 -6.04e-06 -1.23e-06 -9.19e-08  -0.00991  -0.00319 -0.000914 -0.000109   -0.0136  -0.00204  -0.00165 -0.000553  -0.00728  -0.00298  -0.00262     0.002  -0.00411  -0.00605  -0.00296  -0.00331  0.000148  -0.00171    0.0114  -0.00874 -0.000647   -0.0449   -0.0144   -0.0266         1 -0.000301  -0.00879  -0.00163 -4.42e-05   -0.0179  -0.00906  -0.00141   -0.0063
-9.67e-05  4.71e-05  0.000169 -0.000161 -0.000189 -4.41e-05 -2.97e-17 -2.97e-17 -6.31e-06 -7.15e-05 -4.08e-18 -5.49e-05 -6.65e-05 -7.45e-06 -9.58e-05 -7.11e-06 -8.63e-06 -4.21e-05 -8.44e-05 -8.96e-06  1.09e-05 -0.000649 -5.12e-05   1.2e-05  0.000165  -0.00017  9.36e-05 -8.98e-06 -0.000134   2.7e-05 -8.87e-05  2.72e-05  4.85e-05 -1.03e-05 -0.000449  -6.1e-05 -1.02e-07  6.45e-06 -4.34e-06  3.18e-05 -6.29e-07 -0.000222  -4.3e-05  9.96e-05  0.000196  0.000582 -2.06e-05 -0.000113  3.32e-05  0.000143   0.00014   0.00013  -9.9e-05  0.000223 -0.000118 -0.000149  0.000132 -2.19e-05  3.06e-05 -0.000263  0.000159  0.000657 -0.000106 -0.000127  -0.00011 -9.86e-05  0.000779  -0.00133 -2.01e-05  -2.2e-05 -1.78e-05 -7.33e-06 -1.25e-06 -1.66e-07 -1.23e-08  4.07e-05   -0.0003 -4.28e-05 -1.93e-05 -0.000645 -0.000327 -0.000255 -9.06e-05  -0.00111  1.64e-05 -6.22e-05 -5.81e-05 -0.000194  2.06e-05 -0.000205  -0.00203 -0.000361 -0.000585 -0.000178  3.55e-05  5.85e-06  -0.00337 -0.000539  -0.00144 -0.000301         1 -0.000392 -9.68e-05 -1.03e-06 -0.000724   -0.0005  7.32e-06 -0.000341
  0.00939  -0.00282  -0.00525  -0.00401  -0.00843  -0.00263 -1.61e-15 -1.61e-15 -0.000233  -0.00204  1.16e-15  -0.00148  -0.00327  -0.00043  -0.00255 -0.000363 -0.000482  -0.00241  -0.00522 -0.000481  0.000131  -0.00281  -0.00152 -0.000815   0.00263   0.00118   0.00152 -0.000536  -0.00151 -0.000512  -0.00055  0.000504  -0.00124 -0.000144   -0.0137  -0.00131 -4.81e-06 -0.000509 -9.99e-05  -0.00149 -4.26e-05  -0.00209   0.00026   0.00478   0.00541 -9.97e-05 -6.18e-05   0.00399    0.0104     0.011    -0.004   0.00181   0.00584   0.00504    0.0052  -0.00835   0.00519  0.000645  -0.00727  -0.00366  -0.00435  -0.00124  -0.00444  -0.00453  -0.00496  -0.00141   0.00716   -0.0253  -0.00261  -0.00135  0.000774  -0.00013  1.43e-06 -8.52e-07 -2.57e-08   -0.0341    -0.008  -0.00208  1.74e-05   -0.0316 -0.000607 -0.000572 -0.000177  -0.00292   -0.0101  -0.00742   -0.0071     -0.01   -0.0156    -0.036    0.0198   -0.0194   0.00046    0.0174   -0.0179  -0.00243   -0.0759   -0.0404   -0.0703  -0.00879 -0.000392         1  -0.00402 -0.000104   -0.0508   -0.0239  -0.00432   -0.0199
  0.00319 -0.000437 -0.000435 -0.000689  -0.00129 -0.000383 -2.36e-16 -2.36e-16 -5.71e-05 -0.000416  2.37e-16 -0.000245 -0.000526 -6.58e-05 -0.000429  -5.6e-05 -7.42e-05 -0.000369 -0.000797 -1.89e-05  4.66e-05 -0.000853 -7.71e-05 -9.81e-05  0.000833  3.86e-05  0.000512 -5.41e-05 -0.000362 -7.39e-05 -0.000138  0.000171 -8.22e-05 -1.72e-05  -0.00259 -9.78e-05 -8.69e-07 -7.06e-05 -1.85e-05 -0.000332 -8.54e-06 -0.000547 -6.22e-05  0.000703   0.00148 -0.000929 -2.56e-05  0.000342   0.00206   0.00226  -0.00014   8.3e-05   0.00094   0.00118  0.000885   -0.0015   0.00114  -1.2e-05  -0.00123 -0.000572 -0.000598  0.000541 -0.000718 -0.000684  -0.00078 -0.000273   0.00132  -0.00431 -0.000147 -0.000247  0.000113 -2.63e-05 -8.62e-07 -2.84e-07  -1.5e-08   -0.0054  -0.00149 -0.000347    -2e-05  -0.00545 -0.000409 -0.000322 -0.000103  -0.00146  -0.00149  -0.00125   -0.0012   -0.0019   -0.0027  -0.00647   0.00304   -0.0031 -0.000588   0.00335  -0.00243 -0.000437    -0.015  -0.00665   -0.0116  -0.00163 -9.68e-05  -0.00402         1 -1.75e-05   -0.0078  -0.00395 -0.000673  -0.00306
-5.47e-05 -3.14e-05 -0.000121 -1.05e-05 -1.46e-05  -7.3e-06  2.06e-18  2.06e-18 -2.67e-06 -1.24e-05  7.32e-18 -5.11e-06  3.03e-06 -5.36e-07 -7.81e-06 -1.24e-06 -1.65e-06 -1.96e-06 -5.28e-06  1.97e-05  2.82e-06   1.3e-05  1.53e-05 -7.09e-06  7.02e-05  1.09e-05  2.83e-05 -6.17e-07 -6.06e-06 -8.14e-06  1.85e-06  1.36e-05 -2.45e-06   5.2e-06  3.55e-05   3.3e-05 -4.86e-08  4.98e-06  1.56e-06 -2.89e-06 -1.23e-08 -6.94e-06 -8.47e-06 -1.97e-05  5.32e-05 -0.000201  6.95e-07 -5.43e-05  7.12e-05   0.00015 -8.92e-05 -5.38e-05    0.0001  8.52e-05  1.87e-05 -8.51e-05  4.41e-05 -2.91e-05 -4.31e-05  3.37e-06 -4.55e-05 -8.59e-05 -1.82e-06 -8.68e-06 -2.47e-05 -2.15e-06 -0.000207  6.69e-05  3.22e-05 -3.48e-06   4.4e-06 -6.45e-07 -3.07e-08 -1.22e-08 -8.98e-10 -0.000173 -2.18e-05 -1.07e-05 -1.35e-06 -0.000157 -2.12e-05 -1.73e-05    -4e-06 -5.11e-05 -3.57e-05 -4.07e-05 -7.62e-06 -1.71e-05 -0.000217 -0.000138  0.000249  4.59e-05  -0.00016  0.000335 -0.000107 -3.28e-06 -0.000365 -0.000177 -0.000311 -4.42e-05 -1.03e-06 -0.000104 -1.75e-05         1 -0.000148 -0.000119 -2.18e-05  -4.2e-05
  -0.0421   0.00118  -0.00361    -0.017   -0.0362   -0.0115 -6.22e-15 -6.22e-15  0.000307   0.00251 -5.51e-16  -0.00733   -0.0133  -0.00176   -0.0108  -0.00162  -0.00208   -0.0101   -0.0217  -0.00249 -0.000199   -0.0352  -0.00606  -0.00162    0.0164   -0.0133    0.0102  -0.00253   -0.0127   0.00684   -0.0084   0.00333   0.00408 -0.000761    -0.056    -0.022 -9.24e-06   -0.0037  -0.00337   0.00637 -0.000102   -0.0159   0.00501    0.0172   0.00376    0.0907  -0.00161    0.0216   -0.0297    0.0112    -0.008  -0.00292  -0.00697   -0.0321   0.00292    -0.015  -0.00187   0.00604  -0.00571    0.0188  -0.00161  -0.00399   -0.0136   -0.0136   -0.0115   -0.0099   -0.0463    -0.122   -0.0176   -0.0224 -0.000356  -0.00054  5.96e-06  4.82e-06 -3.92e-09   -0.0749  -0.00826  -0.00123   0.00106   -0.0638   0.00483    0.0076   0.00238     0.018   -0.0341  -0.00556    -0.205   -0.0105    0.0147    0.0323     0.114   -0.0535    0.0111    0.0927    -0.183 -0.000254    -0.101   -0.0693    -0.132   -0.0179 -0.000724   -0.0508   -0.0078 -0.000148         1   -0.0362   -0.0108   -0.0757
-0.000962  -0.00323   -0.0105  -0.00438  -0.00704   -0.0021 -5.86e-16 -5.86e-16 -0.000251  -0.00237   4.9e-16  -0.00182  -0.00251 -0.000356  -0.00281 -0.000387 -0.000506  -0.00193  -0.00419 -0.000252 -0.000113   -0.0015  -0.00201  -0.00056   0.00163   0.00133  -0.00121 -0.000661 -0.000418 -0.000831 -0.000289 -0.000547  -0.00166  -5.5e-05   -0.0061 -0.000451 -4.02e-06 -0.000337  0.000257 -0.000484 -2.43e-05 -0.000267  -0.00179   0.00065  -0.00114   0.00613  9.76e-05   -0.0035   0.00993    0.0177   -0.0088 -0.000717   0.00829   0.00724  0.000344  -0.00773   0.00221  5.62e-05  -0.00477  -0.00672  -0.00522  -0.00825  -0.00464   -0.0043  -0.00537 -0.000616   0.00326   -0.0206 -0.000489  0.000377  0.000583 -7.53e-05 -4.83e-06 -1.85e-06 -1.19e-07    -0.027  -0.00928  -0.00206 -0.000246   -0.0334   -0.0034  -0.00283 -0.000988  -0.00904  -0.00762  -0.00954    0.0203  -0.00949    -0.023   -0.0489  -0.00513   -0.0293   -0.0164  0.000337   -0.0365  -0.00273    -0.115   -0.0423   -0.0794  -0.00906   -0.0005   -0.0239  -0.00395 -0.000119   -0.0362         1  -0.00363    -0.018
   0.0108 -0.000828 -1.35e-07 -2.29e-05 -0.000492 -8.33e-05  -6.7e-16  -6.7e-16 -5.87e-05 -0.000207  4.68e-16  6.96e-05 -0.000582 -4.49e-05 -2.39e-05 -2.53e-06 -1.11e-05 -0.000247 -0.000555  0.000348  9.09e-05   0.00195  0.000304  9.22e-05   0.00299   0.00113   0.00169  9.29e-05  5.78e-05 -0.000244  0.000253  0.000528  5.32e-05  0.000186  -0.00133   0.00084  -7.2e-07 -0.000205 -8.09e-05 -0.000286 -3.86e-06  2.14e-05  0.000546    0.0023   0.00356  -0.00388  3.02e-05    0.0022   0.00098  0.000931  -0.00012  -0.00187   0.00171  0.000363   0.00198  -0.00328   0.00126  0.000356  -0.00217   0.00106  -0.00102 -0.000431 -0.000408 -0.000527 -0.000494 -0.000139  -0.00316   0.00224  0.000934  -0.00123  0.000208 -3.32e-05  3.47e-06  1.63e-07  8.75e-09   -0.0078 -0.000856 -0.000309  2.51e-05  -0.00637  0.000321  0.000473  0.000185   0.00196  -0.00264  -0.00118   -0.0146  -0.00186  -0.00259  -0.00748   0.00335   3.7e-05   0.00144    0.0136   -0.0037 -0.000835   -0.0059  -0.00732   -0.0114  -0.00141  7.32e-06  -0.00432 -0.000673 -2.18e-05   -0.0108  -0.00363         1  -0.00186
  -0.0422 -0.000305    -0.026   -0.0141   -0.0369   -0.0119  7.39e-16  7.39e-16  8.39e-05  -0.00112 -1.26e-16  -0.00549   -0.0146  -0.00181  -0.00919  -0.00135  -0.00171   -0.0105   -0.0224   0.00236  0.000442 -0.000788   0.00863 -0.000477     0.048  -0.00309   0.00163  0.000904  -0.00247  -0.00121  -0.00172   0.00114   0.00192   0.00151  -0.00991    0.0134 -6.53e-06 -0.000482 -5.94e-06  -0.00235 -4.61e-05  -0.00341 -0.000216   0.00262    0.0138   -0.0346 -0.000182    0.0015   -0.0116   -0.0114   -0.0161    0.0154   -0.0154   -0.0191  -0.00353   0.00499    -0.013  -0.00149  6.87e-05   -0.0103   -0.0287  -0.00126  -0.00966  -0.00961  -0.00884  -0.00212    -0.246    -0.115   -0.0503  -0.00129 -3.59e-05  -5.3e-05  -6.1e-06  3.09e-07   1.8e-08   -0.0212  -0.00865  -0.00251  0.000219   -0.0172  0.000991  0.000771  0.000173  0.000803  -0.00919  -0.00387    -0.041  -0.00713 -0.000269  0.000534    0.0377   -0.0344    0.0107   -0.0748 -0.000819 -0.000394   -0.0572   -0.0302   -0.0568   -0.0063 -0.000341   -0.0199  -0.00306  -4.2e-05   -0.0757    -0.018  -0.00186         1

  Chi^2                                1.63517  +/- 2.55748
  Chi^2/ndf                            0.0961866
  Chi^2 for each template              970.244 +/- 12.2307	449.615 +/- 7.90219	142.129 +/- 7.44982	14.4989 +/- 2.42302	21.2726 +/- 1.93736	125.787 +/- 6.45484	309.066 +/- 5.68102	532.054 +/- 14.4849	762.329 +/- 10.4636	
  Chi^2 for each template w.r.t. fit   966.298 +/- 12.2307	446.977 +/- 7.90219	140.353 +/- 7.44982	11.8503 +/- 2.42302	19.8336 +/- 1.93736	123.795 +/- 6.45484	306.334 +/- 5.68102	528.034 +/- 14.4849	756.231 +/- 10.4636	  Partial chi^2                        0.00 (EG_RESOLUTION_ALL)    0.00 (EG_SCALE_ALL)    0.00 (EL_EFF_ID_TOTAL_1NPCOR_PLUS_UNCOR)    0.00 (EL_EFF_Iso_TOTAL_1NPCOR_PLUS_UNCOR)
  Partial chi^2                        0.00 (EL_EFF_Reco_TOTAL_1NPCOR_PLUS_UNCOR)    0.00 (EL_EFF_TriggerEff_TOTAL_1NPCOR_PLUS_UNCOR)    0.00 (EL_EFF_Trigger_TOTAL_1NPCOR_PLUS_UNCOR)    0.00 (FAKES_Electron)
  Partial chi^2                        0.00 (FAKES_Muon)    0.00 (FT_EFF_Eigen_B_0)    0.00 (FT_EFF_Eigen_B_1)    0.01 (FT_EFF_Eigen_B_2)
  Partial chi^2                        0.00 (FT_EFF_Eigen_B_3)    0.00 (FT_EFF_Eigen_B_4)    0.00 (FT_EFF_Eigen_B_5)    0.00 (FT_EFF_Eigen_B_6)
  Partial chi^2                        0.00 (FT_EFF_Eigen_B_7)    0.00 (FT_EFF_Eigen_B_8)    0.02 (FT_EFF_Eigen_C_0)    0.00 (FT_EFF_Eigen_C_1)
  Partial chi^2                        0.00 (FT_EFF_Eigen_C_2)    0.00 (FT_EFF_Eigen_C_3)    0.00 (FT_EFF_Eigen_Light_0)    0.00 (FT_EFF_Eigen_Light_1)
  Partial chi^2                        0.00 (FT_EFF_Eigen_Light_2)    0.00 (FT_EFF_Eigen_Light_3)    0.02 (FT_EFF_extrapolation)    0.00 (FT_EFF_extrapolation_from_charm)
  Partial chi^2                        0.22 (FULL_SYS_SUM)    0.00 (FULL_SYS_SUM_DETECTOR)    0.16 (FULL_SYS_SUM_THEORY)    0.22 (FULL_SYS_TOYS)
  Partial chi^2                        0.00 (JET_EffectiveNP_Detector1)    0.00 (JET_EffectiveNP_Detector2)    0.00 (JET_EffectiveNP_Mixed1)    0.00 (JET_EffectiveNP_Mixed2)
  Partial chi^2                        0.00 (JET_EffectiveNP_Mixed3)    0.00 (JET_EffectiveNP_Modelling1)    0.00 (JET_EffectiveNP_Modelling2)    0.00 (JET_EffectiveNP_Modelling3)
  Partial chi^2                        0.00 (JET_EffectiveNP_Modelling4)    0.00 (JET_EffectiveNP_Statistical1)    0.00 (JET_EffectiveNP_Statistical2)    0.00 (JET_EffectiveNP_Statistical3)
  Partial chi^2                        0.00 (JET_EffectiveNP_Statistical4)    0.00 (JET_EffectiveNP_Statistical5)    0.00 (JET_EffectiveNP_Statistical6)    0.00 (JET_EtaIntercalibration_Modelling)
  Partial chi^2                        0.00 (JET_EtaIntercalibration_NonClosure_2018data)    0.00 (JET_EtaIntercalibration_NonClosure_highE)    0.00 (JET_EtaIntercalibration_NonClosure_negEta)    0.00 (JET_EtaIntercalibration_NonClosure_posEta)
  Partial chi^2                        0.00 (JET_EtaIntercalibration_TotalStat)    0.00 (JET_Flavor_Composition_prop)    0.00 (JET_Flavor_Response_prop)    0.01 (JET_JER_DataVsMC_MC16_PseudoData)
  Partial chi^2                        0.00 (JET_JER_EffectiveNP_10_PseudoData)    0.00 (JET_JER_EffectiveNP_11_PseudoData)    0.00 (JET_JER_EffectiveNP_12restTerm_PseudoData)    0.00 (JET_JER_EffectiveNP_1_PseudoData)
  Partial chi^2                        0.00 (JET_JER_EffectiveNP_2_PseudoData)    0.00 (JET_JER_EffectiveNP_3_PseudoData)    0.00 (JET_JER_EffectiveNP_4_PseudoData)    0.00 (JET_JER_EffectiveNP_5_PseudoData)
  Partial chi^2                        0.00 (JET_JER_EffectiveNP_6_PseudoData)    0.00 (JET_JER_EffectiveNP_7_PseudoData)    0.00 (JET_JER_EffectiveNP_8_PseudoData)    0.00 (JET_JER_EffectiveNP_9_PseudoData)
  Partial chi^2                        0.00 (JET_JvtEfficiency)    0.00 (JET_Pileup_OffsetMu)    0.00 (JET_Pileup_OffsetNPV)    0.00 (JET_Pileup_PtTerm)
  Partial chi^2                        0.00 (JET_Pileup_RhoTopology)    0.00 (JET_PunchThrough_MC16)    0.01 (LUMINOSITY)    0.00 (MET_SoftTrk_ResoPara)
  Partial chi^2                        0.00 (MET_SoftTrk_ResoPerp)    0.00 (MET_SoftTrk_Scale)    0.00 (MUON_EFF_BADMUON_SYS)    0.00 (MUON_EFF_ISO_STAT)
  Partial chi^2                        0.00 (MUON_EFF_ISO_SYS)    0.00 (MUON_EFF_RECO_STAT)    0.00 (MUON_EFF_RECO_SYS)    0.00 (MUON_EFF_TTVA_STAT)
  Partial chi^2                        0.00 (MUON_EFF_TTVA_SYS)    0.00 (MUON_EFF_TrigStatUncertainty)    0.00 (MUON_EFF_TrigSystUncertainty)    0.00 (MUON_SAGITTA_DATASTAT)
  Partial chi^2                        0.00 (MUON_SAGITTA_RESBIAS)    0.00 (PRW_DATASF)    1.06 (STAT_DATA)    0.02 (STAT_MC)  
  Partial chi^2                        0.01 (THEORY_CROSS_SECTION_Wjets)    0.05 (THEORY_CROSS_SECTION_other_top_noWt)    0.00 (THEORY_CROSS_SECTION_signal)    0.07 (THEORY_DR_DS_signal)
  Partial chi^2                        0.00 (THEORY_EWK_Wjets)    0.00 (THEORY_EWK_multiboson_noW)    0.06 (THEORY_FSR_signal)    0.01 (THEORY_HDAMP_signal)
  Partial chi^2                        0.00 (THEORY_ISR_signal)    0.00 (THEORY_PDF4LHC_VARIATION_Wjets)    0.00 (THEORY_PDF4LHC_VARIATION_multiboson_noW)    0.00 (THEORY_PDF4LHC_VARIATION_signal)
  Partial chi^2                        0.00 (THEORY_PTHARD_signal)    0.01 (THEORY_SCALE_COMBINED_Wjets)    0.00 (THEORY_SCALE_COMBINED_multiboson_noW)    0.00 (THEORY_SCALE_FACTORISATION_signal)
  Partial chi^2                        0.00 (THEORY_SCALE_RENORMALISATION_signal)    0.00 (THEORY_SHOWERING_HERWIG7_signal)    0.01 (THEORY_TOPRECOIL_signal)    0.00 (THEORY_TOP_MASS_signal)
  Partial chi^2                        0.27 (TOTAL)        0.11 (TOTAL_NO_DR_DS)    0.22 (TOTAL_SYSONLY)    0.00 (WMASS_VAR_signal)
  Partial chi^2                        0.24 (pseudoDataStat)

  Uncertainties from HESSE matrix
     LTF: Result[0]:                   171.036  +/- 0.324393 (fit [from HESSE])

  Alternative result from pol2-fit to chi^2 values of the templates
     Result(pol2-chi2)[0]              172.555   +/- 0.34343 (fit)
     Chi^2(min)                        16.3661

  Result from linearized second-order model approximation
     EDM (Taylor) [0]                  -4.63605e-07

  Expected distance to minimum
     EDM (Newton) [0]                  -4.62056e-07
     EDM Delta-chi^2                   -2.03563e-12


  'Uncertainties' on M from second-order model approximation
     sigma_m[0]                       -4.63598e-07
     sigma_m[EG_RESOLUTION_ALL]       0.00
     sigma_m[EG_SCALE_ALL]            0.00
     sigma_m[EL_EFF_ID_TOTAL_1NPCOR_PLUS_UNCOR] 0.00
     sigma_m[EL_EFF_Iso_TOTAL_1NPCOR_PLUS_UNCOR] 0.00
     sigma_m[EL_EFF_Reco_TOTAL_1NPCOR_PLUS_UNCOR] -0.00
     sigma_m[EL_EFF_TriggerEff_TOTAL_1NPCOR_PLUS_UNCOR] -0.00
     sigma_m[EL_EFF_Trigger_TOTAL_1NPCOR_PLUS_UNCOR] -0.00
     sigma_m[MUON_SAGITTA_DATASTAT]   -0.00
     sigma_m[MUON_SAGITTA_RESBIAS]    0.00
     sigma_m[MUON_EFF_BADMUON_SYS]    -0.00
     sigma_m[MUON_EFF_ISO_STAT]       0.00
     sigma_m[MUON_EFF_ISO_SYS]        0.00
     sigma_m[MUON_EFF_RECO_STAT]      0.00
     sigma_m[MUON_EFF_RECO_SYS]       0.00
     sigma_m[MUON_EFF_TTVA_STAT]      0.00
     sigma_m[MUON_EFF_TTVA_SYS]       0.00
     sigma_m[MUON_EFF_TrigStatUncertainty] 0.00
     sigma_m[MUON_EFF_TrigSystUncertainty] 0.00
     sigma_m[JET_EffectiveNP_Detector1] -0.00
     sigma_m[JET_EffectiveNP_Detector2] 0.00
     sigma_m[JET_EffectiveNP_Mixed1]  -0.00
     sigma_m[JET_EffectiveNP_Mixed2]  -0.00
     sigma_m[JET_EffectiveNP_Mixed3]  0.00
     sigma_m[JET_EffectiveNP_Modelling1] -0.00
     sigma_m[JET_EffectiveNP_Modelling2] -0.00
     sigma_m[JET_EffectiveNP_Modelling3] -0.00
     sigma_m[JET_EffectiveNP_Modelling4] -0.00
     sigma_m[JET_EffectiveNP_Statistical1] -0.00
     sigma_m[JET_EffectiveNP_Statistical2] 0.00
     sigma_m[JET_EffectiveNP_Statistical3] -0.00
     sigma_m[JET_EffectiveNP_Statistical4] -0.00
     sigma_m[JET_EffectiveNP_Statistical5] -0.00
     sigma_m[JET_EffectiveNP_Statistical6] -0.00
     sigma_m[JET_EtaIntercalibration_Modelling] 0.00
     sigma_m[JET_EtaIntercalibration_NonClosure_2018data] -0.00
     sigma_m[JET_EtaIntercalibration_NonClosure_highE] -0.00
     sigma_m[JET_EtaIntercalibration_NonClosure_negEta] 0.00
     sigma_m[JET_EtaIntercalibration_NonClosure_posEta] -0.00
     sigma_m[JET_EtaIntercalibration_TotalStat] 0.00
     sigma_m[JET_Flavor_Composition_prop] -0.00
     sigma_m[JET_Flavor_Response_prop] -0.00
     sigma_m[JET_Pileup_OffsetMu]     0.00
     sigma_m[JET_Pileup_OffsetNPV]    0.00
     sigma_m[JET_Pileup_PtTerm]       -0.00
     sigma_m[JET_Pileup_RhoTopology]  0.00
     sigma_m[JET_PunchThrough_MC16]   -0.00
     sigma_m[JET_JER_DataVsMC_MC16_PseudoData] 0.00
     sigma_m[JET_JER_EffectiveNP_1_PseudoData] -0.00
     sigma_m[JET_JER_EffectiveNP_2_PseudoData] -0.00
     sigma_m[JET_JER_EffectiveNP_3_PseudoData] -0.00
     sigma_m[JET_JER_EffectiveNP_4_PseudoData] -0.00
     sigma_m[JET_JER_EffectiveNP_5_PseudoData] 0.00
     sigma_m[JET_JER_EffectiveNP_6_PseudoData] 0.00
     sigma_m[JET_JER_EffectiveNP_7_PseudoData] 0.00
     sigma_m[JET_JER_EffectiveNP_8_PseudoData] -0.00
     sigma_m[JET_JER_EffectiveNP_9_PseudoData] 0.00
     sigma_m[JET_JER_EffectiveNP_10_PseudoData] -0.00
     sigma_m[JET_JER_EffectiveNP_11_PseudoData] -0.00
     sigma_m[JET_JER_EffectiveNP_12restTerm_PseudoData] 0.00
     sigma_m[JET_JvtEfficiency]       -0.00
     sigma_m[PRW_DATASF]              -0.00
     sigma_m[MET_SoftTrk_ResoPara]    0.00
     sigma_m[MET_SoftTrk_ResoPerp]    0.00
     sigma_m[MET_SoftTrk_Scale]       0.00
     sigma_m[WMASS_VAR_signal]        -0.00
     sigma_m[FT_EFF_Eigen_B_0]        -0.00
     sigma_m[FT_EFF_Eigen_B_1]        0.00
     sigma_m[FT_EFF_Eigen_B_2]        0.00
     sigma_m[FT_EFF_Eigen_B_3]        -0.00
     sigma_m[FT_EFF_Eigen_B_4]        0.00
     sigma_m[FT_EFF_Eigen_B_5]        -0.00
     sigma_m[FT_EFF_Eigen_B_6]        0.00
     sigma_m[FT_EFF_Eigen_B_7]        -0.00
     sigma_m[FT_EFF_Eigen_B_8]        0.00
     sigma_m[FT_EFF_Eigen_C_0]        -0.00
     sigma_m[FT_EFF_Eigen_C_1]        -0.00
     sigma_m[FT_EFF_Eigen_C_2]        0.00
     sigma_m[FT_EFF_Eigen_C_3]        -0.00
     sigma_m[FT_EFF_Eigen_Light_0]    -0.00
     sigma_m[FT_EFF_Eigen_Light_1]    -0.00
     sigma_m[FT_EFF_Eigen_Light_2]    0.00
     sigma_m[FT_EFF_Eigen_Light_3]    0.00
     sigma_m[FT_EFF_extrapolation]    0.00
     sigma_m[FT_EFF_extrapolation_from_charm] -0.00
     sigma_m[THEORY_CROSS_SECTION_signal] -0.00
     sigma_m[THEORY_SHOWERING_HERWIG7_signal] -0.00
     sigma_m[THEORY_SCALE_FACTORISATION_signal] 0.00
     sigma_m[THEORY_SCALE_RENORMALISATION_signal] 0.00
     sigma_m[THEORY_ISR_signal]       -0.00
     sigma_m[THEORY_FSR_signal]       -0.00
     sigma_m[THEORY_HDAMP_signal]     0.00
     sigma_m[THEORY_PTHARD_signal]    0.00
     sigma_m[THEORY_TOPRECOIL_signal] -0.00
     sigma_m[THEORY_TOP_MASS_signal]  -0.00
     sigma_m[THEORY_PDF4LHC_VARIATION_signal] 0.00
     sigma_m[THEORY_DR_DS_signal]     0.00
     sigma_m[THEORY_CROSS_SECTION_Wjets] -0.00
     sigma_m[THEORY_SCALE_COMBINED_Wjets] 0.00
     sigma_m[THEORY_PDF4LHC_VARIATION_Wjets] 0.00
     sigma_m[THEORY_EWK_Wjets]        0.00
     sigma_m[THEORY_SCALE_COMBINED_multiboson_noW] -0.00
     sigma_m[THEORY_PDF4LHC_VARIATION_multiboson_noW] -0.00
     sigma_m[THEORY_EWK_multiboson_noW] 0.00
     sigma_m[THEORY_CROSS_SECTION_other_top_noWt] 0.00
     sigma_m[FAKES_Electron]          0.00
     sigma_m[FAKES_Muon]              -0.00
     sigma_m[LUMINOSITY]              0.00

  Settings
     Number of data points             18
     Number of templates               9
     Number of fit parameters          1
     Template reference values [0]     162.5   165 167.5   170 172.5   175 177.5   180 182.5
     Number of nuisance param.         107
     Gamma[0]                          1.000
     LogNormal                         false
     Response matrix                   false

  please cite: D. Britzger, The Linear Template Fit, Eur.Phys.J.C 82 (2022) 731, arXiv:2112.01548.
------------------------------------------------------------------------

Warning in <TFile::Append>: Replacing existing TH1: hist (Potential memory leak).
Warning in <TFile::Append>: Replacing existing TH1: hist (Potential memory leak).
Warning in <TFile::Append>: Replacing existing TH1: hist (Potential memory leak).
Warning in <TFile::Append>: Replacing existing TH1: hist (Potential memory leak).
Warning in <TFile::Append>: Replacing existing TH1: hist (Potential memory leak).
Warning in <TFile::Append>: Replacing existing TH1: hist (Potential memory leak).
Warning in <TFile::Append>: Replacing existing TH1: hist (Potential memory leak).
Warning in <TFile::Append>: Replacing existing TH1: hist (Potential memory leak).
Warning in <TFile::Append>: Replacing existing TH1: hist (Potential memory leak).
Warning in <TFile::Append>: Replacing existing TH1: hist (Potential memory leak).
Info in <TCanvas::Print>: ps file plots/fit_mbl_mbw.ps has been created
Info in <TCanvas::Print>: Current canvas added to ps file plots/fit_mbl_mbw.ps
Info in <TCanvas::Print>: Current canvas added to ps file plots/fit_mbl_mbw.ps
Info in <TCanvas::Print>: Current canvas added to ps file plots/fit_mbl_mbw.ps
Info in <TCanvas::Print>: Current canvas added to ps file plots/fit_mbl_mbw.ps
Info in <TCanvas::Print>: Current canvas added to ps file plots/fit_mbl_mbw.ps
Info in <TCanvas::Print>: Current canvas added to ps file plots/fit_mbl_mbw.ps
Info in <TCanvas::Print>: Current canvas added to ps file plots/fit_mbl_mbw.ps
Info in <TCanvas::Print>: Current canvas added to ps file plots/fit_mbl_mbw.ps
Info in <TCanvas::Print>: Current canvas added to ps file plots/fit_mbl_mbw.ps
Info in <TCanvas::Print>: Current canvas added to ps file plots/fit_mbl_mbw.ps
Info in <TCanvas::Print>: Current canvas added to ps file plots/fit_mbl_mbw.ps
Info in <TCanvas::Print>: Current canvas added to ps file plots/fit_mbl_mbw.ps
Info in <TCanvas::Print>: Current canvas added to ps file plots/fit_mbl_mbw.ps
Info in <TCanvas::Print>: Current canvas added to ps file plots/fit_mbl_mbw.ps
Info in <TCanvas::Print>: Current canvas added to ps file plots/fit_mbl_mbw.ps
Info in <TCanvas::Print>: Current canvas added to ps file plots/fit_mbl_mbw.ps
Info in <TCanvas::Print>: Current canvas added to ps file plots/fit_mbl_mbw.ps
Info in <TCanvas::Print>: Current canvas added to ps file plots/fit_mbl_mbw.ps
Info in <TCanvas::Print>: Current canvas added to ps file plots/fit_mbl_mbw.ps
Info in <TCanvas::Print>: Current canvas added to ps file plots/fit_mbl_mbw.ps
Info in <TCanvas::Print>: Current canvas added to ps file plots/fit_mbl_mbw.ps
Info in <TCanvas::Print>: Current canvas added to ps file plots/fit_mbl_mbw.ps
Info in <TCanvas::Print>: Current canvas added to ps file plots/fit_mbl_mbw.ps
Info in <TCanvas::Print>: Current canvas added to ps file plots/fit_mbl_mbw.ps
Info in <TCanvas::Print>: Current canvas added to ps file plots/fit_mbl_mbw.ps
Info in <TCanvas::Print>: Current canvas added to ps file plots/fit_mbl_mbw.ps
Info in <TCanvas::Print>: Current canvas added to ps file plots/fit_mbl_mbw.ps
Info in <TCanvas::Print>: Current canvas added to ps file plots/fit_mbl_mbw.ps
Info in <TCanvas::Print>: Current canvas added to ps file plots/fit_mbl_mbw.ps
Info in <TCanvas::Print>: Current canvas added to ps file plots/fit_mbl_mbw.ps
Info in <TCanvas::Print>: Current canvas added to ps file plots/fit_mbl_mbw.ps
Info in <TCanvas::Print>: Current canvas added to ps file plots/fit_mbl_mbw.ps
Info in <TCanvas::Print>: Current canvas added to ps file plots/fit_mbl_mbw.ps
Info in <TCanvas::Print>: Current canvas added to ps file plots/fit_mbl_mbw.ps
Info in <TCanvas::Print>: Current canvas added to ps file plots/fit_mbl_mbw.ps
Info in <TCanvas::Print>: Current canvas added to ps file plots/fit_mbl_mbw.ps
Info in <TCanvas::Print>: Current canvas added to ps file plots/fit_mbl_mbw.ps
Info in <TCanvas::Print>: Current canvas added to ps file plots/fit_mbl_mbw.ps
Info in <TCanvas::Print>: Current canvas added to ps file plots/fit_mbl_mbw.ps
Info in <TCanvas::Print>: ps file plots/fit_mbl_mbw.ps has been closed
Could not find data histogram unfolding_deltaRbl_selected_NOSYS in file /home/iwsatlas1/jhessler/LTF/LinearTemplateFit/LTF_Eigen/examples/data/unfolding_SR_Whad_Final_l_Whad_particle_TUnfoldStandalone_OptionA_data_nonClosureAlternative.root
