Found covarinace matrix unfolding_covariance_matrix_mbl_selected_covariance_STAT_DATA
Determinant of covariance matrix 8.51566e-49
Johannes print final correltaion matrix
1	-0.171216	0.042791	-0.0429097	0.0161005	-0.0538661	0.0437464	0.0282042	0.0315326	-0.0203532	
-0.171216	1	-0.244777	0.0962108	-0.0672655	0.0644223	-0.0378528	0.0251747	-0.0199427	-0.0150316	
0.042791	-0.244777	1	-0.325778	-0.0189909	-0.00959499	0.0293048	-0.0597377	0.0335049	-0.0180598	
-0.0429097	0.0962108	-0.325778	1	-0.193572	0.0531917	-0.0288656	0.00112081	-0.0372923	0.00264709	
0.0161005	-0.0672655	-0.0189909	-0.193572	1	-0.351162	0.0657606	-0.0119022	-0.0156455	0.0592804	
-0.0538661	0.0644223	-0.00959499	0.0531917	-0.351162	1	-0.244908	0.0174519	0.00522223	0.0175439	
0.0437464	-0.0378528	0.0293048	-0.0288656	0.0657606	-0.244908	1	-0.261395	0.0115955	-0.00733745	
0.0282042	0.0251747	-0.0597377	0.00112081	-0.0119022	0.0174519	-0.261395	1	-0.246645	-0.00947862	
0.0315326	-0.0199427	0.0335049	-0.0372923	-0.0156455	0.00522223	0.0115955	-0.246645	1	-0.130948	
-0.0203532	-0.0150316	-0.0180598	0.00264709	0.0592804	0.0175439	-0.00733745	-0.00947862	-0.130948	1	
TH1.Print Name  = total_error, Entries= 1070, Total sum= 0.897654
 fSumw[0]=0, x=-0.5, error=0
 fSumw[1]=0.0820337, x=0.5, error=0
 fSumw[2]=0.0547998, x=1.5, error=0
 fSumw[3]=0.0547774, x=2.5, error=0
 fSumw[4]=0.0834004, x=3.5, error=0
 fSumw[5]=0.126854, x=4.5, error=0
 fSumw[6]=0.0699165, x=5.5, error=0
 fSumw[7]=0.0879809, x=6.5, error=0
 fSumw[8]=0.0858091, x=7.5, error=0
 fSumw[9]=0.106113, x=8.5, error=0
 fSumw[10]=0.145968, x=9.5, error=0
 fSumw[11]=0, x=10.5, error=0
STAT_MC 0.0040325
STAT_MC 0.00100146
STAT_MC 0.000786761
STAT_MC 0.000984255
STAT_MC 0.00415091
STAT_MC 0.00383538
STAT_MC 0.006492
STAT_MC 0.007666
STAT_MC 0.011005
STAT_MC 0.0177533
TH1.Print Name  = total_error, Entries= 1080, Total sum= 0.900172
 fSumw[0]=0, x=-0.5, error=0
 fSumw[1]=0.0821327, x=0.5, error=0
 fSumw[2]=0.054809, x=1.5, error=0
 fSumw[3]=0.054783, x=2.5, error=0
 fSumw[4]=0.0834062, x=3.5, error=0
 fSumw[5]=0.126922, x=4.5, error=0
 fSumw[6]=0.0700216, x=5.5, error=0
 fSumw[7]=0.0882201, x=6.5, error=0
 fSumw[8]=0.0861508, x=7.5, error=0
 fSumw[9]=0.106682, x=8.5, error=0
 fSumw[10]=0.147044, x=9.5, error=0
 fSumw[11]=0, x=10.5, error=0
TH1.Print Name  = total_error, Entries= 1090, Total sum= 0.933159
 fSumw[0]=0, x=-0.5, error=0
 fSumw[1]=0.0823822, x=0.5, error=0
 fSumw[2]=0.0548903, x=1.5, error=0
 fSumw[3]=0.0548315, x=2.5, error=0
 fSumw[4]=0.083468, x=3.5, error=0
 fSumw[5]=0.127121, x=4.5, error=0
 fSumw[6]=0.0705827, x=5.5, error=0
 fSumw[7]=0.0898381, x=6.5, error=0
 fSumw[8]=0.0897511, x=7.5, error=0
 fSumw[9]=0.116276, x=8.5, error=0
 fSumw[10]=0.164018, x=9.5, error=0
 fSumw[11]=0, x=10.5, error=0

        Data        Stat Tmpl_162.50 Stat_162.50 Tmpl_165.00 Stat_165.00 Tmpl_170.00 Stat_170.00 Tmpl_172.50 Stat_172.50 Tmpl_175.00 Stat_175.00 Tmpl_177.50 Stat_177.50 Tmpl_180.00 Stat_180.00 Tmpl_182.50 Stat_182.50
    0.431539    0.002765    0.525981    0.001993    0.472921    0.001775    0.389397    0.002621    0.352429    0.001659    0.320919    0.002178    0.295833    0.001174    0.271634    0.002147    0.244235    0.001214
    1.983247    0.005926    2.322255    0.004182    2.142520    0.003775    1.819464    0.005685    1.681540    0.003624    1.557875    0.004862    1.434078    0.002561    1.323642    0.004757    1.222285    0.002710
    3.358758    0.007745    3.643039    0.005234    3.497765    0.004858    3.212939    0.007646    3.048755    0.004953    2.877055    0.006560    2.721801    0.003555    2.580305    0.006704    2.422138    0.003848
    1.762269    0.005659    1.542181    0.003434    1.654428    0.003353    1.847968    0.005818    1.937830    0.003975    2.011560    0.005538    2.068891    0.003121    2.111057    0.006112    2.126323    0.003599
    0.364369    0.002588    0.356184    0.001668    0.357653    0.001582    0.376920    0.002656    0.381512    0.001795    0.395512    0.002484    0.406236    0.001388    0.429078    0.002825    0.457564    0.001692
    0.244262    0.002170    0.248844    0.001459    0.248844    0.001398    0.246155    0.002202    0.243232    0.001438    0.244617    0.002051    0.240765    0.001103    0.238058    0.002113    0.235834    0.001273
    0.074917    0.001272    0.076472    0.000965    0.074255    0.000766    0.072937    0.001220    0.073341    0.000802    0.069807    0.001141    0.069951    0.000606    0.070773    0.001173    0.067937    0.000728
    0.032818    0.000826    0.035341    0.000849    0.034732    0.000523    0.032738    0.000826    0.032516    0.000519    0.032267    0.000885    0.031861    0.000448    0.032378    0.000825    0.031358    0.000625
    0.010808    0.000500    0.011685    0.000313    0.010848    0.000274    0.010841    0.000533    0.010623    0.000250    0.010866    0.000439    0.010649    0.000241    0.010206    0.000433    0.010598    0.000402
    0.003808    0.000277    0.004009    0.000199    0.003792    0.000168    0.003530    0.000222    0.003719    0.000131    0.003636    0.000211    0.003453    0.000117    0.003505    0.000226    0.003541    0.000252

LTF::DoLiTeFit(). Fit done. Result:  168.055  +/- 0.663934 (fit)  +/- 0.242889 (ext)  +/- 0.0470772 (tmpl)  +/- 0 (MatA)   [chi^2=0.82976]

------------------------------------------------------------------------
        Result of the 1-dimensional linear template fit
        ```````````````````````````````````````````````
  LTF. Result[0]:   168.055  +/- 0.663934 (fit)  +/- 0.242889 (ext)

  LTF. Result[0]:   168.055364
                             +/-  0.324369 (STAT_DATA)
                             +/-  0.054666 (STAT_MC)
                             +/-  0.141119 (pseudoDataStat)
                             +/- -0.000693 (EG_RESOLUTION_ALL)
                             +/-  0.036794 (EG_SCALE_ALL)
                             +/- -0.001208 (EL_EFF_ID_TOTAL_1NPCOR_PLUS_UNCOR)
                             +/- -0.048491 (EL_EFF_Iso_TOTAL_1NPCOR_PLUS_UNCOR)
                             +/- -0.018592 (EL_EFF_Reco_TOTAL_1NPCOR_PLUS_UNCOR)
                             +/- -0.000000 (EL_EFF_TriggerEff_TOTAL_1NPCOR_PLUS_UNCOR)
                             +/- -0.000000 (EL_EFF_Trigger_TOTAL_1NPCOR_PLUS_UNCOR)
                             +/- -0.022661 (FAKES_Electron)
                             +/- -0.007843 (FAKES_Muon)
                             +/- -0.283722 (FT_EFF_Eigen_B_0)
                             +/- -0.064967 (FT_EFF_Eigen_B_1)
                             +/- -0.049125 (FT_EFF_Eigen_B_2)
                             +/- -0.007373 (FT_EFF_Eigen_B_3)
                             +/-  0.002289 (FT_EFF_Eigen_B_4)
                             +/- -0.000289 (FT_EFF_Eigen_B_5)
                             +/-  0.000006 (FT_EFF_Eigen_B_6)
                             +/- -0.000005 (FT_EFF_Eigen_B_7)
                             +/-  0.000000 (FT_EFF_Eigen_B_8)
                             +/- -0.081772 (FT_EFF_Eigen_C_0)
                             +/- -0.010530 (FT_EFF_Eigen_C_1)
                             +/- -0.006236 (FT_EFF_Eigen_C_2)
                             +/- -0.000360 (FT_EFF_Eigen_C_3)
                             +/- -0.041257 (FT_EFF_Eigen_Light_0)
                             +/-  0.000051 (FT_EFF_Eigen_Light_1)
                             +/-  0.001318 (FT_EFF_Eigen_Light_2)
                             +/-  0.000942 (FT_EFF_Eigen_Light_3)
                             +/-  0.007676 (FT_EFF_extrapolation)
                             +/- -0.014710 (FT_EFF_extrapolation_from_charm)
                             +/-  0.022474 (JET_EffectiveNP_Detector1)
                             +/-  0.002931 (JET_EffectiveNP_Detector2)
                             +/-  0.029172 (JET_EffectiveNP_Mixed1)
                             +/-  0.048844 (JET_EffectiveNP_Mixed2)
                             +/-  0.005907 (JET_EffectiveNP_Mixed3)
                             +/-  0.229396 (JET_EffectiveNP_Modelling1)
                             +/- -0.016026 (JET_EffectiveNP_Modelling2)
                             +/- -0.006447 (JET_EffectiveNP_Modelling3)
                             +/-  0.004293 (JET_EffectiveNP_Modelling4)
                             +/-  0.001750 (JET_EffectiveNP_Statistical1)
                             +/-  0.016431 (JET_EffectiveNP_Statistical2)
                             +/- -0.000482 (JET_EffectiveNP_Statistical3)
                             +/-  0.001510 (JET_EffectiveNP_Statistical4)
                             +/-  0.001886 (JET_EffectiveNP_Statistical5)
                             +/-  0.004637 (JET_EffectiveNP_Statistical6)
                             +/-  0.121624 (JET_EtaIntercalibration_Modelling)
                             +/-  0.087042 (JET_EtaIntercalibration_NonClosure_2018data)
                             +/- -0.000032 (JET_EtaIntercalibration_NonClosure_highE)
                             +/-  0.001434 (JET_EtaIntercalibration_NonClosure_negEta)
                             +/-  0.000726 (JET_EtaIntercalibration_NonClosure_posEta)
                             +/-  0.029451 (JET_EtaIntercalibration_TotalStat)
                             +/- -0.000046 (JET_Flavor_Composition_prop)
                             +/- -0.000008 (JET_Flavor_Response_prop)
                             +/- -0.031496 (JET_JER_DataVsMC_MC16_PseudoData)
                             +/- -0.025927 (JET_JER_EffectiveNP_10_PseudoData)
                             +/- -0.010346 (JET_JER_EffectiveNP_11_PseudoData)
                             +/- -0.013182 (JET_JER_EffectiveNP_12restTerm_PseudoData)
                             +/- -0.077555 (JET_JER_EffectiveNP_1_PseudoData)
                             +/- -0.130337 (JET_JER_EffectiveNP_2_PseudoData)
                             +/- -0.068297 (JET_JER_EffectiveNP_3_PseudoData)
                             +/- -0.000502 (JET_JER_EffectiveNP_4_PseudoData)
                             +/- -0.000746 (JET_JER_EffectiveNP_5_PseudoData)
                             +/- -0.019137 (JET_JER_EffectiveNP_6_PseudoData)
                             +/- -0.012379 (JET_JER_EffectiveNP_7_PseudoData)
                             +/- -0.000933 (JET_JER_EffectiveNP_8_PseudoData)
                             +/- -0.014636 (JET_JER_EffectiveNP_9_PseudoData)
                             +/- -0.047486 (JET_JvtEfficiency)
                             +/-  0.040019 (JET_Pileup_OffsetMu)
                             +/-  0.082679 (JET_Pileup_OffsetNPV)
                             +/-  0.026993 (JET_Pileup_PtTerm)
                             +/-  0.190370 (JET_Pileup_RhoTopology)
                             +/- -0.000027 (JET_PunchThrough_MC16)
                             +/- -0.082521 (LUMINOSITY)
                             +/- -0.002032 (MET_SoftTrk_ResoPara)
                             +/-  0.001791 (MET_SoftTrk_ResoPerp)
                             +/- -0.006577 (MET_SoftTrk_Scale)
                             +/- -0.000000 (MUON_EFF_BADMUON_SYS)
                             +/-  0.003581 (MUON_EFF_ISO_STAT)
                             +/- -0.019764 (MUON_EFF_ISO_SYS)
                             +/- -0.002229 (MUON_EFF_RECO_STAT)
                             +/- -0.000613 (MUON_EFF_RECO_SYS)
                             +/- -0.000129 (MUON_EFF_TTVA_STAT)
                             +/- -0.000159 (MUON_EFF_TTVA_SYS)
                             +/- -0.013274 (MUON_EFF_TrigStatUncertainty)
                             +/- -0.028187 (MUON_EFF_TrigSystUncertainty)
                             +/- -0.000390 (MUON_SAGITTA_DATASTAT)
                             +/- -0.000388 (MUON_SAGITTA_RESBIAS)
                             +/- -0.078548 (PRW_DATASF)
                             +/- -0.050593 (THEORY_CROSS_SECTION_Wjets)
                             +/- -0.064516 (THEORY_CROSS_SECTION_other_top_noWt)
                             +/- -0.007789 (THEORY_CROSS_SECTION_signal)
                             +/- -0.001182 (THEORY_DR_DS_signal)
                             +/-  0.000102 (THEORY_EWK_Wjets)
                             +/- -0.000128 (THEORY_EWK_multiboson_noW)
                             +/-  0.064241 (THEORY_FSR_signal)
                             +/- -0.053240 (THEORY_HDAMP_signal)
                             +/- -0.035883 (THEORY_ISR_signal)
                             +/- -0.007359 (THEORY_PDF4LHC_VARIATION_Wjets)
                             +/- -0.004991 (THEORY_PDF4LHC_VARIATION_multiboson_noW)
                             +/-  0.007038 (THEORY_PDF4LHC_VARIATION_signal)
                             +/-  0.019253 (THEORY_PTHARD_signal)
                             +/- -0.067625 (THEORY_SCALE_COMBINED_Wjets)
                             +/- -0.030724 (THEORY_SCALE_COMBINED_multiboson_noW)
                             +/-  0.003007 (THEORY_SCALE_FACTORISATION_signal)
                             +/- -0.024716 (THEORY_SCALE_RENORMALISATION_signal)
                             +/- -0.126411 (THEORY_SHOWERING_HERWIG7_signal)
                             +/- -0.041463 (THEORY_TOPRECOIL_signal)
                             +/-  0.001383 (THEORY_TOP_MASS_signal)
                             +/- -0.001091 (WMASS_VAR_signal)

                             +/- -0.072452 (FULL_SYS_SUM)
                             +/- -0.045473 (FULL_SYS_SUM_DETECTOR)
                             +/- -0.175908 (FULL_SYS_SUM_THEORY)
                             +/- -0.072452 (FULL_SYS_TOYS)
                             +/- -0.070066 (TOTAL)
                             +/- -0.073033 (TOTAL_NO_DR_DS)
                             +/- -0.072402 (TOTAL_SYSONLY)
                             +/-  0.047077 (statY)

  Nuisance parameters                  0.001  +/-  1.000  (EG_RESOLUTION_ALL)
                                       0.031  +/-  0.997  (EG_SCALE_ALL)
                                       0.011  +/-  0.999  (EL_EFF_ID_TOTAL_1NPCOR_PLUS_UNCOR)
                                       0.027  +/-  0.995  (EL_EFF_Iso_TOTAL_1NPCOR_PLUS_UNCOR)
                                       0.008  +/-  0.999  (EL_EFF_Reco_TOTAL_1NPCOR_PLUS_UNCOR)
                                       0.000  +/-  1.000  (EL_EFF_TriggerEff_TOTAL_1NPCOR_PLUS_UNCOR)
                                       0.000  +/-  1.000  (EL_EFF_Trigger_TOTAL_1NPCOR_PLUS_UNCOR)
                                      -0.000  +/-  1.000  (MUON_SAGITTA_DATASTAT)
                                       0.004  +/-  1.000  (MUON_SAGITTA_RESBIAS)
                                       0.000  +/-  1.000  (MUON_EFF_BADMUON_SYS)
                                       0.005  +/-  1.000  (MUON_EFF_ISO_STAT)
                                       0.012  +/-  0.999  (MUON_EFF_ISO_SYS)
                                       0.001  +/-  1.000  (MUON_EFF_RECO_STAT)
                                       0.007  +/-  1.000  (MUON_EFF_RECO_SYS)
                                       0.001  +/-  1.000  (MUON_EFF_TTVA_STAT)
                                       0.001  +/-  1.000  (MUON_EFF_TTVA_SYS)
                                       0.008  +/-  1.000  (MUON_EFF_TrigStatUncertainty)
                                       0.016  +/-  0.998  (MUON_EFF_TrigSystUncertainty)
                                      -0.008  +/-  1.000  (JET_EffectiveNP_Detector1)
                                      -0.003  +/-  1.000  (JET_EffectiveNP_Detector2)
                                       0.001  +/-  0.997  (JET_EffectiveNP_Mixed1)
                                      -0.009  +/-  0.998  (JET_EffectiveNP_Mixed2)
                                       0.000  +/-  1.000  (JET_EffectiveNP_Mixed3)
                                      -0.060  +/-  0.931  (JET_EffectiveNP_Modelling1)
                                       0.017  +/-  1.000  (JET_EffectiveNP_Modelling2)
                                       0.003  +/-  1.000  (JET_EffectiveNP_Modelling3)
                                      -0.002  +/-  1.000  (JET_EffectiveNP_Modelling4)
                                      -0.002  +/-  1.000  (JET_EffectiveNP_Statistical1)
                                       0.002  +/-  0.999  (JET_EffectiveNP_Statistical2)
                                       0.004  +/-  1.000  (JET_EffectiveNP_Statistical3)
                                       0.003  +/-  1.000  (JET_EffectiveNP_Statistical4)
                                       0.001  +/-  1.000  (JET_EffectiveNP_Statistical5)
                                      -0.002  +/-  1.000  (JET_EffectiveNP_Statistical6)
                                      -0.048  +/-  0.972  (JET_EtaIntercalibration_Modelling)
                                      -0.017  +/-  0.997  (JET_EtaIntercalibration_NonClosure_2018data)
                                      -0.000  +/-  1.000  (JET_EtaIntercalibration_NonClosure_highE)
                                      -0.005  +/-  1.000  (JET_EtaIntercalibration_NonClosure_negEta)
                                      -0.001  +/-  1.000  (JET_EtaIntercalibration_NonClosure_posEta)
                                      -0.002  +/-  0.998  (JET_EtaIntercalibration_TotalStat)
                                      -0.000  +/-  1.000  (JET_Flavor_Composition_prop)
                                      -0.001  +/-  1.000  (JET_Flavor_Response_prop)
                                      -0.023  +/-  0.995  (JET_Pileup_OffsetMu)
                                      -0.075  +/-  0.957  (JET_Pileup_OffsetNPV)
                                      -0.029  +/-  0.994  (JET_Pileup_PtTerm)
                                      -0.061  +/-  0.750  (JET_Pileup_RhoTopology)
                                      -0.000  +/-  1.000  (JET_PunchThrough_MC16)
                                      -0.004  +/-  0.985  (JET_JER_DataVsMC_MC16_PseudoData)
                                       0.097  +/-  0.956  (JET_JER_EffectiveNP_1_PseudoData)
                                       0.086  +/-  0.883  (JET_JER_EffectiveNP_2_PseudoData)
                                       0.042  +/-  0.973  (JET_JER_EffectiveNP_3_PseudoData)
                                       0.081  +/-  0.987  (JET_JER_EffectiveNP_4_PseudoData)
                                       0.096  +/-  0.990  (JET_JER_EffectiveNP_5_PseudoData)
                                       0.113  +/-  0.983  (JET_JER_EffectiveNP_6_PseudoData)
                                       0.007  +/-  0.997  (JET_JER_EffectiveNP_7_PseudoData)
                                      -0.004  +/-  0.997  (JET_JER_EffectiveNP_8_PseudoData)
                                       0.078  +/-  0.990  (JET_JER_EffectiveNP_9_PseudoData)
                                      -0.004  +/-  0.998  (JET_JER_EffectiveNP_10_PseudoData)
                                       0.028  +/-  0.997  (JET_JER_EffectiveNP_11_PseudoData)
                                       0.079  +/-  0.993  (JET_JER_EffectiveNP_12restTerm_PseudoData)
                                       0.038  +/-  0.994  (JET_JvtEfficiency)
                                      -0.069  +/-  0.986  (PRW_DATASF)
                                      -0.016  +/-  0.999  (MET_SoftTrk_ResoPara)
                                       0.000  +/-  0.999  (MET_SoftTrk_ResoPerp)
                                      -0.008  +/-  0.999  (MET_SoftTrk_Scale)
                                       0.000  +/-  1.000  (WMASS_VAR_signal)
                                       0.290  +/-  0.759  (FT_EFF_Eigen_B_0)
                                       0.082  +/-  0.960  (FT_EFF_Eigen_B_1)
                                       0.073  +/-  0.988  (FT_EFF_Eigen_B_2)
                                       0.002  +/-  0.999  (FT_EFF_Eigen_B_3)
                                       0.003  +/-  1.000  (FT_EFF_Eigen_B_4)
                                      -0.000  +/-  1.000  (FT_EFF_Eigen_B_5)
                                       0.000  +/-  1.000  (FT_EFF_Eigen_B_6)
                                      -0.000  +/-  1.000  (FT_EFF_Eigen_B_7)
                                      -0.000  +/-  1.000  (FT_EFF_Eigen_B_8)
                                      -0.106  +/-  0.975  (FT_EFF_Eigen_C_0)
                                      -0.006  +/-  0.998  (FT_EFF_Eigen_C_1)
                                      -0.009  +/-  1.000  (FT_EFF_Eigen_C_2)
                                      -0.000  +/-  1.000  (FT_EFF_Eigen_C_3)
                                      -0.091  +/-  0.981  (FT_EFF_Eigen_Light_0)
                                      -0.001  +/-  0.998  (FT_EFF_Eigen_Light_1)
                                      -0.001  +/-  0.999  (FT_EFF_Eigen_Light_2)
                                      -0.000  +/-  1.000  (FT_EFF_Eigen_Light_3)
                                       0.003  +/-  0.984  (FT_EFF_extrapolation)
                                      -0.023  +/-  0.999  (FT_EFF_extrapolation_from_charm)
                                      -0.020  +/-  0.998  (THEORY_CROSS_SECTION_signal)
                                      -0.264  +/-  0.478  (THEORY_SHOWERING_HERWIG7_signal)
                                      -0.031  +/-  0.995  (THEORY_SCALE_FACTORISATION_signal)
                                      -0.082  +/-  0.978  (THEORY_SCALE_RENORMALISATION_signal)
                                       0.035  +/-  0.847  (THEORY_ISR_signal)
                                       0.001  +/-  0.846  (THEORY_FSR_signal)
                                       0.093  +/-  0.882  (THEORY_HDAMP_signal)
                                       0.128  +/-  0.953  (THEORY_PTHARD_signal)
                                       0.138  +/-  0.931  (THEORY_TOPRECOIL_signal)
                                      -0.035  +/-  0.918  (THEORY_TOP_MASS_signal)
                                      -0.003  +/-  0.999  (THEORY_PDF4LHC_VARIATION_signal)
                                      -0.080  +/-  0.719  (THEORY_DR_DS_signal)
                                      -0.100  +/-  0.976  (THEORY_CROSS_SECTION_Wjets)
                                      -0.163  +/-  0.927  (THEORY_SCALE_COMBINED_Wjets)
                                      -0.018  +/-  0.998  (THEORY_PDF4LHC_VARIATION_Wjets)
                                       0.000  +/-  1.000  (THEORY_EWK_Wjets)
                                      -0.049  +/-  0.992  (THEORY_SCALE_COMBINED_multiboson_noW)
                                      -0.008  +/-  1.000  (THEORY_PDF4LHC_VARIATION_multiboson_noW)
                                      -0.000  +/-  1.000  (THEORY_EWK_multiboson_noW)
                                      -0.085  +/-  0.976  (THEORY_CROSS_SECTION_other_top_noWt)
                                      -0.040  +/-  0.988  (FAKES_Electron)
                                      -0.014  +/-  1.000  (FAKES_Muon)
                                       0.037  +/-  0.985  (LUMINOSITY)

  Correlation matrix 
        1   0.00104   -0.0556   0.00182    0.0734     0.028  1.98e-14  1.98e-14  0.000588  0.000585  6.48e-15   -0.0054    0.0298   0.00336  0.000924  0.000195  0.000239      0.02    0.0425   -0.0339  -0.00442   -0.0441   -0.0737   -0.0089    -0.371    0.0241   0.00971  -0.00647  -0.00264   -0.0248  0.000727  -0.00227  -0.00284  -0.00698    -0.189    -0.131  4.87e-05  -0.00216  -0.00109   -0.0445  6.92e-05  1.16e-05   -0.0606     -0.13   -0.0409    -0.382  4.02e-05    0.0482     0.122     0.222     0.106  0.000767   0.00114    0.0293    0.0187   0.00141    0.0223    0.0391    0.0156      0.02    0.0719      0.12   0.00306   -0.0027   0.00991   0.00164     0.563     0.102    0.0749    0.0111  -0.00345  0.000436 -8.74e-06  8.24e-06 -5.55e-07     0.126    0.0159   0.00939  0.000542    0.0633 -7.66e-05  -0.00199  -0.00142   -0.0117    0.0222    0.0118     0.398  -0.00455     0.038    0.0638    -0.114    0.0909   -0.0304    0.0671  -0.00227   -0.0106   0.00248     0.078      0.11    0.0111 -0.000154    0.0466   0.00752  0.000193    0.0996    0.0345    0.0118     0.126
  0.00104         1  1.61e-05  0.000304   0.00103    0.0004  2.24e-16  2.24e-16  -3.8e-05 -6.05e-05  3.07e-17  9.86e-05  0.000215   3.9e-05   0.00019  2.48e-05  3.11e-05  0.000239  0.000501     6e-06 -3.86e-05 -0.000604 -0.000419 -0.000141   4.6e-05  -0.00032 -0.000438 -0.000176 -0.000139 -0.000275 -0.000119 -0.000206 -0.000272 -9.94e-05  0.000212 -0.000845  8.62e-08  3.46e-05  4.12e-05 -0.000329  2.24e-06 -5.06e-05 -0.000557 -0.000564   -0.0015   0.00115  7.25e-06  -0.00328  -0.00399  -0.00781  -0.00337  -0.00305 -3.89e-05  -0.00148 -0.000701  -0.00126 -0.000975 -0.000222  -0.00104  -0.00068  0.000461  -0.00275   0.00044  0.000199  0.000138  1.29e-05   0.00489   0.00333    0.0016 -0.000405  2.88e-05  5.26e-06  1.23e-06  1.33e-07  1.04e-09   -0.0011 -1.67e-05  5.59e-05 -5.19e-06 -0.000774 -2.18e-05  -1.2e-05  1.33e-05  0.000299 -0.000228 -0.000579   -0.0138 -0.000177  -0.00376  -0.00786  1.56e-05  -0.00268  -0.00448   0.00207  -0.00431 -0.000481  -0.00316 -0.000957  -0.00199 -8.85e-05  2.28e-05 -0.000609 -0.000104 -9.65e-06 -0.000534  -0.00109 -0.000271   0.00148
  -0.0556  1.61e-05         1  -0.00128  -0.00317  -0.00119 -5.82e-16 -5.82e-16  6.72e-05  0.000171 -1.34e-15 -0.000548 -0.000637 -0.000123 -0.000863 -0.000114 -0.000132 -0.000698  -0.00145 -0.000544 -5.19e-05  -0.00322  -0.00244  -0.00104   -0.0152  -0.00106  -0.00127 -0.000496 -0.000501  -0.00131 -0.000613 -0.000528  -0.00062 -0.000307  -0.00304  -0.00169 -5.32e-07  0.000384  9.38e-05  -0.00114  2.21e-05 -0.000312  -0.00261  -0.00744  -0.00306   -0.0318 -6.29e-05  -0.00499   -0.0138   -0.0173  -0.00831  -0.00252  -0.00557   -0.0084  -0.00367  -0.00152  -0.00724  -0.00233 -0.000883  -0.00617   -0.0029   0.00177  0.000608 -8.33e-05 -0.000602 -0.000112   -0.0296  -0.00981  -0.00512   0.00126 -0.000321   1.8e-05 -4.06e-06 -5.91e-07 -4.54e-08   0.00595 -0.000163  0.000189 -8.69e-05   0.00401  -0.00125  -0.00106 -0.000301  -0.00258   0.00197   0.00047    0.0121   0.00433   0.00124    0.0142  -0.00598   0.00696   -0.0102 -0.000689   0.00713   0.00155  -0.00785   0.00485   0.00267  0.000732 -8.74e-05    0.0025  0.000462 -9.65e-06   0.00503  0.000634  0.000971  -0.00458
  0.00182  0.000304  -0.00128         1  -0.00372  -0.00114 -3.28e-16 -3.28e-16 -2.04e-05 -0.000326 -3.37e-16 -0.000758  -0.00144 -0.000177  -0.00116 -0.000155 -0.000194  -0.00103  -0.00217 -0.000312 -2.74e-05  -0.00137 -0.000466 -6.91e-05  -0.00661 -0.000414 -4.29e-05 -5.17e-05 -0.000227 -0.000354 -0.000281    -7e-05  0.000165 -2.07e-05  -0.00612 -0.000982 -1.73e-07 -0.000102 -8.35e-05 -0.000923  -6.2e-06 -0.000307  -0.00143  -0.00317  0.000599   -0.0164 -5.44e-05   0.00126  -0.00041   0.00259  0.000423  -0.00057  -0.00281  -0.00274 -0.000854 -0.000228  -0.00217 -0.000526 -0.000651  -0.00227    -0.003   0.00353  -0.00139 -0.000939 -0.000897 -0.000264   -0.0225   -0.0119  -0.00416 -1.77e-05 -0.000149 -1.69e-05 -4.62e-06  -4.7e-07  -4.2e-08  -0.00021  -0.00187 -0.000142 -8.46e-05  -0.00325  -0.00121  -0.00084 -0.000301  -0.00307 -0.000135   -0.0009    0.0286   -0.0013   0.00187 -0.000844  -0.00639  -0.00564  -0.00275  -0.00831  -0.00632 -0.000201   -0.0237  -0.00362  -0.00767   -0.0012 -0.000129  -0.00208 -0.000408 -2.86e-06  -0.00399   -0.0032  0.000108  -0.00709
   0.0734   0.00103  -0.00317  -0.00372         1  -0.00297 -1.09e-15 -1.09e-15  3.65e-05 -0.000477 -9.73e-16  -0.00146  -0.00345 -0.000431  -0.00236 -0.000332 -0.000414  -0.00253  -0.00534 -0.000988  6.03e-06  -0.00156  -0.00113 -0.000327   -0.0205 -0.000509  2.56e-05  6.73e-05 -0.000121  -0.00129  -0.00032 -0.000103  0.000311 -3.24e-05   -0.0158  -0.00213    -2e-07 -0.000176 -0.000203  -0.00309 -6.98e-06 -0.000259  -0.00419   -0.0118   0.00113   -0.0536 -8.06e-05   0.00571   0.00155   0.00906   0.00381  0.000949  -0.00601  -0.00539 -0.000387   0.00161  -0.00367 -0.000725 -0.000987  -0.00401   -0.0081   0.00798  -0.00259   -0.0019  -0.00167 -0.000345   -0.0622   -0.0264   -0.0124  0.000214  -0.00032 -1.97e-05 -7.08e-06  -5.6e-07 -3.57e-08  0.000545  -0.00255 -0.000153 -7.57e-05  -0.00233   -0.0011 -0.000611 -0.000243  -0.00255 -0.000115 -0.000233     0.037  -0.00126   0.00905   0.00131  -0.00656   -0.0124 -0.000745   -0.0207  -0.00604  0.000254   -0.0218  -0.00313  -0.00508  -0.00103 -0.000153  -0.00192 -0.000386  1.03e-05  -0.00609   -0.0025    0.0005   -0.0166
    0.028    0.0004  -0.00119  -0.00114  -0.00297         1 -4.59e-16 -4.59e-16  2.68e-05 -0.000141 -3.84e-16 -0.000453 -0.000916 -0.000132 -0.000729 -0.000107 -0.000133 -0.000772  -0.00163 -0.000382  1.92e-05 -0.000389 -0.000453 -0.000197  -0.00823 -5.59e-05  7.48e-05  3.14e-05 -2.54e-05 -0.000403 -9.21e-05  1.47e-05  7.78e-05 -1.26e-05  -0.00533 -0.000703 -2.58e-07 -2.01e-05 -5.71e-05  -0.00101 -6.17e-07 -6.67e-05  -0.00161   -0.0051  0.000231   -0.0199 -2.34e-05   0.00189  0.000511   0.00287    0.0013   0.00115  -0.00161   -0.0014 -9.28e-05  0.000782 -0.000923 -0.000376 -0.000287  -0.00138  -0.00232   0.00278 -0.000803 -0.000576 -0.000641 -0.000107   -0.0176  -0.00857  -0.00399  0.000383 -0.000101 -6.03e-06 -2.25e-06 -1.73e-07  -4.5e-09 -0.000388 -0.000643 -6.15e-05 -1.22e-05  -0.00057 -0.000217 -0.000124 -5.13e-05 -0.000607 -3.37e-05  8.77e-05    0.0138  0.000151   0.00326   0.00171   0.00176  -0.00386 -2.97e-05  -0.00471 -0.000888  0.000414  -0.00407 -0.000825 -0.000978 -0.000253 -4.38e-05 -0.000539 -0.000101  2.04e-06    -0.002   -0.0005  0.000232   -0.0052
 1.98e-14  2.24e-16 -5.82e-16 -3.28e-16 -1.09e-15 -4.59e-16         1 -1.01e-27  3.08e-17 -1.93e-16 -7.67e-28 -8.34e-17 -6.18e-17 -3.11e-17 -1.88e-16 -2.19e-17 -2.22e-17 -1.92e-16 -3.86e-16 -2.06e-16  4.97e-17 -2.28e-16 -8.22e-16 -1.68e-16 -3.27e-15  2.34e-17  3.52e-16 -1.54e-18 -5.11e-17  1.54e-16  -2.2e-16  2.43e-17 -3.33e-17 -3.87e-18 -1.65e-17 -1.15e-16 -1.91e-19  9.22e-17 -2.84e-17  4.64e-16  5.95e-18 -9.22e-17 -8.77e-18 -7.82e-16  5.36e-16 -1.53e-15 -3.53e-17  2.35e-15  4.49e-15  9.96e-15  4.44e-15   1.7e-15  1.29e-15  1.74e-15  1.17e-15  1.59e-15  9.91e-16  9.78e-16  5.38e-16 -1.22e-15  3.02e-16  3.43e-15 -1.49e-17 -4.49e-17 -3.32e-16 -5.72e-17  4.54e-16 -4.17e-15 -5.69e-16  8.42e-16 -1.57e-17  7.22e-18 -2.04e-18 -3.34e-19 -9.16e-22  1.07e-15 -5.99e-16  2.35e-16  -1.4e-17 -2.22e-16 -1.82e-16  -3.4e-17 -1.66e-17  -3.9e-17  1.26e-18   1.6e-16 -9.41e-15  1.05e-15  4.04e-15 -3.97e-15  5.08e-15 -8.81e-15 -4.55e-15  2.34e-15  4.34e-15  8.45e-16 -4.14e-15 -4.41e-16 -7.85e-16 -5.54e-18 -4.69e-17 -5.24e-16 -8.54e-17 -3.08e-20 -7.99e-16 -6.18e-16  1.53e-16 -1.48e-15
 1.98e-14  2.24e-16 -5.82e-16 -3.28e-16 -1.09e-15 -4.59e-16 -1.01e-27         1  3.08e-17 -1.93e-16 -7.67e-28 -8.34e-17 -6.18e-17 -3.11e-17 -1.88e-16 -2.19e-17 -2.22e-17 -1.92e-16 -3.86e-16 -2.06e-16  4.97e-17 -2.28e-16 -8.22e-16 -1.68e-16 -3.27e-15  2.34e-17  3.52e-16 -1.54e-18 -5.11e-17  1.54e-16  -2.2e-16  2.43e-17 -3.33e-17 -3.87e-18 -1.65e-17 -1.15e-16 -1.91e-19  9.22e-17 -2.84e-17  4.64e-16  5.95e-18 -9.22e-17 -8.77e-18 -7.82e-16  5.36e-16 -1.53e-15 -3.53e-17  2.35e-15  4.49e-15  9.96e-15  4.44e-15   1.7e-15  1.29e-15  1.74e-15  1.17e-15  1.59e-15  9.91e-16  9.78e-16  5.38e-16 -1.22e-15  3.02e-16  3.43e-15 -1.49e-17 -4.49e-17 -3.32e-16 -5.72e-17  4.54e-16 -4.17e-15 -5.69e-16  8.42e-16 -1.57e-17  7.22e-18 -2.04e-18 -3.34e-19 -9.16e-22  1.07e-15 -5.99e-16  2.35e-16  -1.4e-17 -2.22e-16 -1.82e-16  -3.4e-17 -1.66e-17  -3.9e-17  1.26e-18   1.6e-16 -9.41e-15  1.05e-15  4.04e-15 -3.97e-15  5.08e-15 -8.81e-15 -4.55e-15  2.34e-15  4.34e-15  8.45e-16 -4.14e-15 -4.41e-16 -7.85e-16 -5.54e-18 -4.69e-17 -5.24e-16 -8.54e-17 -3.08e-20 -7.99e-16 -6.18e-16  1.53e-16 -1.48e-15
 0.000588  -3.8e-05  6.72e-05 -2.04e-05  3.65e-05  2.68e-05  3.08e-17  3.08e-17         1 -4.44e-05  1.59e-17 -2.86e-06 -1.08e-05  1.32e-06 -9.49e-06  1.47e-06  1.77e-06  8.62e-06  1.72e-05 -1.24e-05 -6.99e-06 -0.000181 -6.92e-05  4.92e-06  4.82e-05 -2.92e-05 -3.11e-05  -2.3e-05  -3.4e-05  -3.3e-07 -2.32e-05 -1.42e-05 -6.37e-06 -2.33e-05 -7.21e-05 -0.000132 -9.73e-08  -8.3e-06 -3.65e-06 -3.92e-05 -6.21e-07 -3.08e-05 -7.91e-06  0.000142 -8.77e-05  0.000361 -2.73e-07 -0.000233 -6.16e-05 -0.000169 -0.000149 -0.000213  4.45e-05  1.17e-05  2.94e-05 -5.13e-05  7.34e-05  8.23e-06 -2.73e-05  7.93e-05  1.91e-05 -0.000199 -3.55e-06  3.52e-05 -1.45e-06 -2.08e-05  0.000148   8.6e-05  0.000104 -5.53e-05 -1.92e-06 -1.99e-06 -2.97e-07 -5.95e-08 -5.52e-09   4.4e-05 -6.73e-05 -1.75e-05 -7.96e-06 -0.000328 -0.000123 -0.000109 -3.54e-05 -0.000448 -7.61e-06 -0.000104  -0.00223 -0.000136 -0.000414  0.000102 -0.000604   0.00038 -0.000326  0.000135 -0.000246 -4.43e-05  -0.00244 -0.000252 -0.000558 -0.000157 -6.59e-06 -0.000168  -4.3e-05 -1.22e-06 -9.33e-05 -0.000211 -2.44e-05  3.57e-05
 0.000585 -6.05e-05  0.000171 -0.000326 -0.000477 -0.000141 -1.93e-16 -1.93e-16 -4.44e-05         1 -7.19e-17 -0.000122 -0.000126 -1.84e-05 -0.000199 -2.01e-05 -2.48e-05 -0.000105 -0.000219 -1.28e-05  3.41e-05 -0.000533 -0.000114  6.29e-05 -0.000584 -9.51e-05  0.000149  1.71e-05 -5.15e-05  7.99e-05 -6.87e-05   3.3e-05  1.63e-05 -3.55e-06  -0.00119 -0.000382  -3.9e-07  1.14e-05  -2.4e-05 -0.000121  5.05e-07 -0.000137 -0.000268 -0.000432  5.65e-05  0.000387  3.91e-07  0.000241  0.000946    0.0019  0.000436 -0.000425  0.000253  0.000423  0.000341  7.95e-05  0.000585    0.0003 -0.000473 -0.000521 -4.92e-06  0.000456 -0.000244 -0.000204 -0.000258 -0.000139   0.00091  -0.00171 -0.000251 -6.53e-05 -1.98e-05 -1.27e-05 -2.31e-06 -2.99e-07 -1.86e-08  -0.00087  -0.00053 -7.51e-05 -2.46e-05  -0.00211 -0.000466 -0.000399  -0.00015  -0.00204 -0.000269  -0.00028  -0.00219 -0.000627 -0.000306  -0.00495 -1.79e-05  -0.00525   -0.0027 -0.000653  -0.00339 -5.47e-05  -0.00791  -0.00198  -0.00286  -0.00081 -7.67e-05  -0.00134 -0.000292 -5.85e-06   -0.0019   -0.0015 -7.04e-05 -0.000945
 6.48e-15  3.07e-17 -1.34e-15 -3.37e-16 -9.73e-16 -3.84e-16 -7.67e-28 -7.67e-28  1.59e-17 -7.19e-17         1 -1.06e-16 -1.21e-16 -3.02e-17 -2.01e-16 -2.26e-17 -2.15e-17 -1.82e-16 -3.63e-16 -2.01e-16  1.06e-17 -7.98e-16 -1.09e-15 -3.36e-16 -3.55e-15 -3.21e-16 -1.16e-16 -1.52e-16 -1.85e-16  -1.1e-16  -3.5e-16 -1.63e-16 -1.81e-16 -9.51e-17  7.38e-16 -3.79e-16 -1.06e-19  1.45e-16  1.04e-17  2.46e-16  8.91e-18 -1.16e-16 -2.38e-17 -2.53e-16 -9.63e-17 -3.26e-15 -3.72e-17  8.58e-17 -1.89e-16  2.61e-15   1.2e-15 -3.18e-16 -4.95e-16 -1.08e-15  2.02e-16   8.3e-16 -1.12e-15  3.39e-16  1.62e-16  -2.1e-15 -2.24e-16  2.66e-15  3.95e-16   2.2e-16 -1.24e-16 -2.69e-17 -5.24e-15 -3.75e-15 -9.49e-16  7.39e-16 -6.81e-17  1.66e-17 -1.35e-18 -2.61e-19 -7.06e-21  2.95e-15 -3.63e-16  3.22e-16 -2.61e-17  1.39e-15 -3.23e-16  -1.8e-16 -4.03e-17 -1.01e-16  5.47e-16   1.1e-16 -5.52e-15  1.74e-15  2.81e-15  3.17e-16  2.96e-15 -3.62e-15 -6.26e-15   2.2e-15  5.71e-15  7.92e-16 -6.25e-15  1.43e-15  9.25e-16  3.33e-16 -1.29e-17  5.47e-16  9.94e-17 -9.93e-19  1.45e-15  4.55e-17  3.12e-16  -1.2e-15
  -0.0054  9.86e-05 -0.000548 -0.000758  -0.00146 -0.000453 -8.34e-17 -8.34e-17 -2.86e-06 -0.000122 -1.06e-16         1 -0.000534 -6.94e-05 -0.000478 -6.75e-05 -8.46e-05   -0.0004 -0.000849  -9.8e-05 -5.96e-06 -0.000468 -7.57e-05 -3.86e-05  -0.00258 -0.000181 -2.11e-05  -1.4e-05 -8.83e-05 -0.000134 -0.000109 -1.96e-05  6.62e-05  7.59e-06   -0.0025 -0.000354 -3.65e-08 -3.44e-05  -2.5e-05 -0.000381 -2.38e-06 -0.000119 -0.000624  -0.00144  0.000263  -0.00667 -1.96e-05  0.000229 -0.000879 -0.000255 -0.000383 -0.000415  -0.00137  -0.00148 -0.000552 -0.000259  -0.00115 -0.000372 -0.000466  -0.00112  -0.00117   0.00139 -0.000582  -0.00041 -0.000389 -0.000106  -0.00826  -0.00475  -0.00161  4.16e-06 -6.02e-05  -6.5e-06 -1.61e-06 -1.23e-07 -1.33e-08 -0.000549 -0.000742 -6.46e-05 -2.94e-05  -0.00138 -0.000433 -0.000302 -0.000109  -0.00108 -8.94e-05 -0.000411    0.0176 -0.000502  0.000467  -0.00078  -0.00131  -0.00253  -0.00121  -0.00316  -0.00351 -0.000113   -0.0091  -0.00161  -0.00325 -0.000469 -4.78e-05 -0.000902  -0.00017 -2.06e-06  -0.00184  -0.00138  4.86e-05  -0.00283
   0.0298  0.000215 -0.000637  -0.00144  -0.00345 -0.000916 -6.18e-17 -6.18e-17 -1.08e-05 -0.000126 -1.21e-16 -0.000534         1 -0.000192 -0.000899 -0.000119 -0.000151  -0.00113  -0.00238 -0.000232 -4.22e-05 -0.000471 -8.96e-05  0.000129  -0.00386  -0.00043 -0.000212     4e-05  1.99e-05 -0.000686 -5.51e-05 -0.000186  0.000164  3.97e-06  -0.00594 -0.000765  6.78e-07 -0.000183 -0.000104  -0.00147 -6.84e-06 -2.07e-05  -0.00112  -0.00169  0.000674   -0.0165 -2.49e-05    0.0024  0.000661   0.00317   0.00146  -0.00203   -0.0033  -0.00313 -1.31e-05  9.34e-05  -0.00204  0.000191 -0.000502 -0.000913  -0.00435   0.00192 -0.000964 -0.000806 -0.000195 -6.56e-05   -0.0338  -0.00914  -0.00525 -0.000952 -0.000114 -3.37e-06  -1.4e-06 -1.84e-08 -1.65e-08   0.00176  -0.00109  1.04e-05 -3.29e-05 -0.000275 -0.000336 -5.64e-05    -4e-05 -0.000172 -9.44e-05 -0.000224   0.00228  -0.00198   0.00301  -0.00375   -0.0127  -0.00518  0.000703   -0.0148  -0.00466 -0.000914  -0.00869 -0.000701  -0.00115 -0.000185 -2.87e-05 -0.000353 -8.82e-05  1.18e-05  -0.00169 -0.000802 -2.71e-05  -0.00677
  0.00336   3.9e-05 -0.000123 -0.000177 -0.000431 -0.000132 -3.11e-17 -3.11e-17  1.32e-06 -1.84e-05 -3.02e-17 -6.94e-05 -0.000192         1 -0.000112 -1.58e-05 -1.99e-05 -0.000127 -0.000269 -4.05e-05 -1.52e-06 -5.59e-05 -3.03e-05 -5.44e-06 -0.000828  -3.3e-05 -9.11e-06  4.83e-06 -1.15e-06 -7.28e-05 -9.97e-06 -1.06e-05  1.64e-05  4.07e-07 -0.000782 -0.000101  2.85e-08  -1.4e-05 -1.04e-05 -0.000169 -5.52e-07 -6.83e-06 -0.000195 -0.000489  5.76e-05  -0.00248 -3.25e-06  0.000264  3.25e-05  0.000316  0.000144 -6.92e-05 -0.000339 -0.000323 -2.61e-05  4.07e-05 -0.000215 -2.64e-05 -7.01e-05 -0.000168 -0.000443  0.000308 -0.000126 -9.85e-05 -6.25e-05 -1.25e-05  -0.00335   -0.0012 -0.000609 -3.78e-05 -1.42e-05 -7.38e-07 -2.39e-07 -9.54e-09 -1.27e-09  3.03e-05 -0.000123 -5.82e-06 -2.98e-06 -9.37e-05 -3.71e-05 -1.23e-05 -6.23e-06 -5.09e-05 -1.71e-05 -2.04e-05   0.00154 -0.000131  0.000382 -0.000211 -0.000647 -0.000658  3.25e-05  -0.00129 -0.000496 -3.83e-05 -0.000917 -0.000149 -0.000219 -3.64e-05 -5.07e-06 -8.41e-05 -1.65e-05  7.85e-07 -0.000299 -0.000118  1.14e-05 -0.000812
 0.000924   0.00019 -0.000863  -0.00116  -0.00236 -0.000729 -1.88e-16 -1.88e-16 -9.49e-06 -0.000199 -2.01e-16 -0.000478 -0.000899 -0.000112         1 -9.89e-05 -0.000124 -0.000649  -0.00137 -0.000199 -1.38e-05 -0.000843 -0.000276 -5.62e-05  -0.00446 -0.000258 -4.06e-05  -2.8e-05 -0.000132 -0.000254 -0.000162 -4.21e-05   9.4e-05  -1.1e-05  -0.00401 -0.000632 -1.18e-07 -5.67e-05 -4.92e-05 -0.000646 -3.45e-06 -0.000183    -0.001  -0.00234  0.000297   -0.0113 -3.15e-05  0.000691 -0.000616  0.000948 -1.62e-05 -0.000379  -0.00187  -0.00187 -0.000613 -0.000191  -0.00145 -0.000406 -0.000483  -0.00149  -0.00194    0.0021 -0.000862 -0.000605 -0.000571 -0.000163   -0.0144  -0.00745  -0.00272 -7.48e-06 -9.67e-05 -1.08e-05 -2.83e-06 -2.75e-07 -2.49e-08 -0.000261  -0.00111 -9.95e-05 -4.95e-05  -0.00194 -0.000721 -0.000505 -0.000181  -0.00187 -7.97e-05 -0.000517    0.0186 -0.000757   0.00111 -0.000457  -0.00371  -0.00345  -0.00161  -0.00529  -0.00415 -0.000113   -0.0138  -0.00217  -0.00452  -0.00072    -8e-05  -0.00125 -0.000244 -1.93e-06  -0.00247  -0.00191  7.97e-05  -0.00448
 0.000195  2.48e-05 -0.000114 -0.000155 -0.000332 -0.000107 -2.19e-17 -2.19e-17  1.47e-06 -2.01e-05 -2.26e-17 -6.75e-05 -0.000119 -1.58e-05 -9.89e-05         1 -1.86e-05 -9.18e-05 -0.000195 -3.02e-05 -4.91e-07 -5.72e-05 -1.52e-05  -1.4e-05 -0.000731 -2.75e-05 -1.89e-06  5.97e-07 -1.11e-05 -4.22e-05 -1.64e-05 -2.62e-06  1.29e-05  2.37e-06 -0.000641 -8.73e-05  5.52e-10 -8.56e-06  -5.8e-06 -0.000115 -5.15e-07 -1.56e-05  -0.00018 -0.000479  4.35e-05  -0.00192 -3.38e-06  9.23e-05 -0.000149 -4.15e-05 -3.57e-05 -4.86e-05  -0.00028 -0.000307 -9.56e-05 -2.23e-05 -0.000223 -8.06e-05 -0.000109 -0.000216 -0.000279  0.000278 -0.000125 -8.91e-05 -8.33e-05  -1.7e-05  -0.00191  -0.00102 -0.000394  3.92e-06 -1.11e-05    -1e-06 -2.31e-07 -7.07e-09 -1.01e-09 -0.000196 -0.000133 -1.21e-05 -3.35e-06  -0.00024 -4.88e-05 -2.84e-05 -1.09e-05 -9.75e-05 -3.46e-05 -6.76e-05   0.00346 -9.13e-05   0.00016 -0.000265   4.5e-05  -0.00065 -0.000137 -0.000692 -0.000736 -1.89e-05  -0.00131 -0.000311  -0.00054 -6.96e-05  -6.2e-06 -0.000172 -3.05e-05  -2.2e-07 -0.000421 -0.000233  8.22e-06  -0.00064
 0.000239  3.11e-05 -0.000132 -0.000194 -0.000414 -0.000133 -2.22e-17 -2.22e-17  1.77e-06 -2.48e-05 -2.15e-17 -8.46e-05 -0.000151 -1.99e-05 -0.000124 -1.86e-05         1 -0.000115 -0.000245 -3.78e-05 -9.24e-07 -6.53e-05 -1.24e-05 -1.51e-05  -0.00091 -3.13e-05 -1.21e-06  1.88e-06 -1.25e-05 -5.34e-05 -1.79e-05 -2.08e-06  1.78e-05  3.61e-06  -0.00083 -0.000111  2.21e-09 -1.26e-05 -7.64e-06  -0.00015 -7.54e-07 -1.87e-05 -0.000231 -0.000617  5.35e-05  -0.00244 -4.05e-06   0.00012 -0.000173 -5.29e-05 -4.41e-05 -5.54e-05 -0.000343 -0.000371  -0.00012 -3.38e-05 -0.000267 -0.000103 -0.000138 -0.000252 -0.000353  0.000328 -0.000164 -0.000116 -0.000105 -2.12e-05  -0.00238  -0.00126  -0.00049 -1.66e-06 -1.31e-05 -1.41e-06 -2.78e-07 -6.49e-09 -1.18e-09 -0.000282 -0.000167  -1.8e-05 -4.01e-06 -0.000323 -5.82e-05 -3.32e-05 -1.31e-05 -0.000116 -5.15e-05 -8.86e-05   0.00434 -0.000134  0.000179 -0.000368  3.38e-05 -0.000818 -0.000119 -0.000895 -0.000989 -3.16e-05  -0.00162 -0.000417 -0.000708 -9.15e-05 -7.65e-06 -0.000228 -4.02e-05 -2.73e-07 -0.000558 -0.000301  6.16e-06 -0.000805
     0.02  0.000239 -0.000698  -0.00103  -0.00253 -0.000772 -1.92e-16 -1.92e-16  8.62e-06 -0.000105 -1.82e-16   -0.0004  -0.00113 -0.000127 -0.000649 -9.18e-05 -0.000115         1  -0.00158 -0.000232 -6.74e-06  -0.00028 -0.000156 -2.43e-05  -0.00471 -0.000186 -3.86e-05  3.54e-05  1.75e-06 -0.000414 -5.39e-05 -5.82e-05  0.000103   6.2e-06   -0.0045 -0.000555  1.82e-07 -8.21e-05 -6.18e-05 -0.000972 -3.18e-06 -3.23e-05  -0.00109  -0.00274  0.000403   -0.0143 -1.85e-05   0.00167  0.000363   0.00216  0.000999 -0.000361  -0.00198  -0.00184 -9.08e-05  0.000304  -0.00121 -0.000115  -0.00038 -0.000946   -0.0026   0.00188  -0.00073 -0.000568  -0.00035 -6.88e-05   -0.0198  -0.00701   -0.0036  -0.00022  -8.2e-05 -3.85e-06 -1.34e-06 -4.79e-08 -6.52e-09  0.000267 -0.000699 -2.55e-05 -1.57e-05 -0.000445 -0.000192 -5.01e-05 -2.95e-05 -0.000227 -9.09e-05  -8.8e-05   0.00891 -0.000756   0.00239  -0.00116  -0.00368  -0.00386  0.000296   -0.0076  -0.00268 -0.000218  -0.00498 -0.000768  -0.00104 -0.000184 -2.72e-05 -0.000434 -8.64e-05  5.15e-06  -0.00167 -0.000599  7.36e-05  -0.00474
   0.0425  0.000501  -0.00145  -0.00217  -0.00534  -0.00163 -3.86e-16 -3.86e-16  1.72e-05 -0.000219 -3.63e-16 -0.000849  -0.00238 -0.000269  -0.00137 -0.000195 -0.000245  -0.00158         1 -0.000506 -1.77e-05 -0.000589 -0.000339 -5.74e-05   -0.0102 -0.000378 -8.74e-05  7.16e-05  1.12e-06  -0.00089 -0.000109 -0.000121  0.000218  9.09e-06  -0.00971  -0.00123  3.68e-07 -0.000181 -0.000132   -0.0021 -7.25e-06 -6.78e-05  -0.00239  -0.00604  0.000794   -0.0308 -3.89e-05   0.00346  0.000753   0.00441   0.00206 -0.000722  -0.00412  -0.00386  -0.00021  0.000618  -0.00252 -0.000282 -0.000821  -0.00193   -0.0055   0.00385  -0.00157  -0.00121 -0.000757 -0.000146   -0.0416   -0.0148  -0.00757 -0.000473  -0.00017 -8.66e-06 -2.77e-06 -9.11e-08 -1.31e-08  0.000334  -0.00148 -6.76e-05 -3.26e-05  -0.00107 -0.000393 -9.69e-05 -5.89e-05  -0.00044 -0.000234 -0.000222    0.0187  -0.00165   0.00491  -0.00251  -0.00758   -0.0081  0.000791    -0.016  -0.00592 -0.000476   -0.0106  -0.00179  -0.00244 -0.000414 -5.52e-05 -0.000999 -0.000195  1.05e-05  -0.00371  -0.00133  0.000136   -0.0101
  -0.0339     6e-06 -0.000544 -0.000312 -0.000988 -0.000382 -2.06e-16 -2.06e-16 -1.24e-05 -1.28e-05 -2.01e-16  -9.8e-05 -0.000232 -4.05e-05 -0.000199 -3.02e-05 -3.78e-05 -0.000232 -0.000506         1 -6.46e-05 -0.000716  -0.00111 -0.000335  -0.00809  8.15e-05 -0.000225 -0.000169 -0.000162 -0.000467 -0.000127 -9.34e-05  -0.00014  -0.00017  -0.00395   -0.0014 -4.77e-07 -5.42e-05 -3.17e-05 -0.000916 -3.46e-06 -7.53e-05   -0.0018   -0.0054   -0.0014   -0.0162 -2.23e-05 -0.000607  0.000187  0.000155  0.000327  0.000883  0.000805  0.000369 -2.89e-05  0.000248  0.000302 -0.000356  6.78e-05  0.000155 -0.000628 -0.000634 -0.000308 -1.43e-05 -0.000408 -2.99e-05  -0.00382  -0.00241 -0.000684  0.000304  2.14e-06 -1.57e-06 -3.79e-07 -1.27e-07 -1.21e-09  -0.00153 -0.000326 -7.41e-05 -1.39e-05  -0.00132 -0.000122 -5.37e-05  2.96e-08  0.000155 -0.000303 -0.000399   -0.0175  0.000221 -0.000537  0.000634   0.00254 -0.000252 -0.000522   0.00214  0.000303  0.000305  -0.00541  -0.00162    -0.003 -0.000264  1.56e-05 -0.000912 -0.000142 -5.73e-06  -0.00187 -0.000828 -0.000134  -0.00181
 -0.00442 -3.86e-05 -5.19e-05 -2.74e-05  6.03e-06  1.92e-05  4.97e-17  4.97e-17 -6.99e-06  3.41e-05  1.06e-17 -5.96e-06 -4.22e-05 -1.52e-06 -1.38e-05 -4.91e-07 -9.24e-07 -6.74e-06 -1.77e-05 -6.46e-05         1 -0.000216 -0.000197 -4.13e-05 -0.000655 -2.06e-05 -0.000104 -5.69e-05 -5.71e-05 -7.57e-05 -3.73e-05 -4.31e-05  -2.7e-05 -3.97e-05  -0.00031 -0.000233 -1.13e-08 -2.55e-05 -3.19e-06  -8.2e-05 -1.66e-06 -2.79e-05 -0.000171 -0.000303  -0.00029  -0.00126 -7.68e-06 -0.000425 -0.000261 -0.000494 -0.000231 -0.000116  9.78e-05 -5.05e-05 -0.000156 -0.000183 -0.000122   -0.0001  8.34e-05   0.00013 -5.46e-05 -0.000369 -4.19e-05  2.79e-05 -2.23e-05 -3.98e-07 -0.000431  4.11e-06  0.000199 -3.34e-05  3.84e-06  2.93e-07  5.95e-08 -2.37e-08 -3.82e-09 -3.35e-05 -0.000119 -1.29e-05 -1.05e-05 -0.000302 -0.000106 -6.28e-05 -1.53e-05 -3.26e-05 -2.33e-05 -0.000195   -0.0033 -0.000106 -0.000573   0.00051  -0.00125  0.000996  -7.7e-05  0.000325 -4.84e-05 -6.14e-05  -0.00272 -0.000359  -0.00111 -5.99e-05  4.71e-06 -0.000157 -2.15e-05 -1.13e-06 -0.000168 -0.000299 -5.78e-05 -7.44e-05
  -0.0441 -0.000604  -0.00322  -0.00137  -0.00156 -0.000389 -2.28e-16 -2.28e-16 -0.000181 -0.000533 -7.98e-16 -0.000468 -0.000471 -5.59e-05 -0.000843 -5.72e-05 -6.53e-05  -0.00028 -0.000589 -0.000716 -0.000216         1  -0.00371 -0.000735   -0.0124  -0.00114  -0.00143 -0.000849  -0.00105 -0.000999 -0.000899 -0.000631  -0.00066 -0.000608  -0.00388  -0.00373 -1.91e-06  0.000134  2.33e-06 -0.000896  4.45e-06 -0.000932  -0.00272  -0.00489  -0.00488   -0.0172 -0.000101  -0.00775  -0.00937   -0.0117  -0.00766   -0.0037 -0.000967  -0.00334  -0.00303  -0.00302  -0.00346  -0.00145 -0.000329  -0.00352  -0.00072  -0.00244 -7.18e-05     9e-06 -0.000982 -0.000496   -0.0106  -0.00636 -1.38e-05  0.000329 -0.000231 -2.91e-05 -1.01e-05 -1.85e-06  -1.5e-07   0.00354  -0.00225 -0.000287 -0.000258  -0.00563  -0.00369    -0.003 -0.000963   -0.0102  0.000889  -0.00201    -0.043  0.000479   -0.0072   0.00619   -0.0232   0.00645    -0.015   0.00392  -0.00129  0.000477   -0.0536   -0.0042   -0.0157  -0.00257 -0.000293   -0.0028 -0.000623  -3.6e-05 -0.000569  -0.00606    -2e-05  -0.00276
  -0.0737 -0.000419  -0.00244 -0.000466  -0.00113 -0.000453 -8.22e-16 -8.22e-16 -6.92e-05 -0.000114 -1.09e-15 -7.57e-05 -8.96e-05 -3.03e-05 -0.000276 -1.52e-05 -1.24e-05 -0.000156 -0.000339  -0.00111 -0.000197  -0.00371         1  -0.00101    -0.017 -0.000406  -0.00105  -0.00073 -0.000736   -0.0011 -0.000712 -0.000533  -0.00071  -0.00058  -0.00462  -0.00368 -1.33e-06   8.1e-05 -1.17e-05  -0.00117  3.69e-06 -0.000463  -0.00336  -0.00903  -0.00471   -0.0266 -8.94e-05  -0.00468  -0.00294  -0.00296  -0.00157 -0.000365   0.00215 -1.07e-05 -0.000814 -0.000404 -0.000731 -0.000515   0.00047  -0.00157 -8.28e-05  -0.00199  0.000308  0.000484 -0.000734 -0.000142  -0.00365  -0.00355  0.000576     0.001 -5.28e-05  6.14e-06 -3.46e-06 -9.29e-07 -5.15e-08   0.00104  -0.00112  7.38e-05 -0.000119  -0.00252  -0.00146  -0.00105 -0.000283  -0.00233  0.000172  -0.00122   -0.0675   0.00195  -0.00304   0.00132  -0.00313  0.000572   -0.0107   0.00977   0.00575   0.00111   -0.0266  -0.00245  -0.00883  -0.00073    -5e-05  -0.00166 -0.000278 -2.35e-05    -0.001  -0.00298 -0.000189   -0.0017
  -0.0089 -0.000141  -0.00104 -6.91e-05 -0.000327 -0.000197 -1.68e-16 -1.68e-16  4.92e-06  6.29e-05 -3.36e-16 -3.86e-05  0.000129 -5.44e-06 -5.62e-05  -1.4e-05 -1.51e-05 -2.43e-05 -5.74e-05 -0.000335 -4.13e-05 -0.000735  -0.00101         1  -0.00633 -0.000119 -0.000373 -0.000208 -0.000188 -0.000412  -0.00019  -0.00015 -0.000253 -0.000157  -0.00161  -0.00104 -3.52e-07  6.74e-05  2.58e-05 -0.000542  3.21e-06 -6.25e-05  -0.00131  -0.00402   -0.0015   -0.0116 -1.57e-05   -0.0021  -0.00311  -0.00492  -0.00193 -0.000282 -0.000121  -0.00124  -0.00068 -0.000219  -0.00103 -0.000666 -0.000311 -0.000966 -8.89e-05 -0.000667  0.000207  0.000201 -0.000228   5.8e-06 -0.000812 -0.000847 -0.000145  0.000484 -2.13e-05  7.94e-06  2.95e-07 -1.85e-08  3.84e-09 -0.000461  4.21e-05  4.92e-05 -5.57e-06  0.000225 -3.65e-05 -3.78e-05  1.74e-05  0.000432  0.000115   -0.0002  -0.00718   0.00126 -0.000984   0.00163   0.00476   0.00105  -0.00284   0.00408   0.00151  0.000486  -0.00211  9.73e-05 -0.000708  0.000159  3.03e-05  1.24e-05  2.95e-05 -7.37e-06  2.63e-05 -0.000158  5.73e-05 -0.000404
   -0.371   4.6e-05   -0.0152  -0.00661   -0.0205  -0.00823 -3.27e-15 -3.27e-15  4.82e-05 -0.000584 -3.55e-15  -0.00258  -0.00386 -0.000828  -0.00446 -0.000731  -0.00091  -0.00471   -0.0102  -0.00809 -0.000655   -0.0124    -0.017  -0.00633         1   0.00043   -0.0043  -0.00241  -0.00217  -0.00947  -0.00164  -0.00141  -0.00294  -0.00245    -0.076   -0.0236 -8.61e-06 -6.04e-05 -0.000274   -0.0185    -8e-06  -0.00111   -0.0361     -0.11    -0.027    -0.323 -0.000235   -0.0167   -0.0254   -0.0436   -0.0159    0.0102    0.0025  -0.00826  -0.00751 -0.000381  -0.00502    -0.011  -0.00584  -0.00849   -0.0145   -0.0118    -0.005   -0.0025  -0.00827 -0.000738   -0.0889   -0.0494   -0.0216    0.0059  -0.00041 -5.69e-05 -1.06e-05 -1.69e-06  1.36e-08    -0.032  -0.00331  -0.00184 -0.000105   -0.0183  -0.00123 -0.000957 -8.54e-05 -0.000245  -0.00412  -0.00374    -0.185    0.0082   -0.0102   0.00269    0.0568   -0.0175   -0.0159    0.0246   -0.0162   0.00639   -0.0359   -0.0224   -0.0371  -0.00366 -2.26e-06   -0.0132  -0.00201 -0.000118   -0.0312    -0.012  -0.00084   -0.0363
   0.0241  -0.00032  -0.00106 -0.000414 -0.000509 -5.59e-05  2.34e-17  2.34e-17 -2.92e-05 -9.51e-05 -3.21e-16 -0.000181  -0.00043  -3.3e-05 -0.000258 -2.75e-05 -3.13e-05 -0.000186 -0.000378  8.15e-05 -2.06e-05  -0.00114 -0.000406 -0.000119   0.00043         1 -0.000502 -0.000168 -0.000193 -0.000309 -0.000264 -0.000276 -0.000184 -7.25e-05  0.000533 -0.000434  2.57e-07  8.88e-05  3.09e-05 -0.000195  6.03e-06 -0.000137  3.32e-05   0.00151 -0.000485   0.00031 -1.39e-05  -0.00228  -0.00518  -0.00688  -0.00338  -0.00375  -0.00263  -0.00391   -0.0011  -0.00108  -0.00299 -0.000293 -0.000926   -0.0023  -0.00107  0.000114  0.000346  1.29e-05  0.000117 -5.49e-05   -0.0104  -0.00187  -0.00102 -0.000322 -9.65e-05   7.9e-06 -9.32e-07 -1.09e-07 -2.29e-08   0.00268 -0.000393  0.000167 -4.24e-05  0.000784 -0.000582 -0.000434 -0.000133   -0.0012  0.000538 -0.000297   0.00446  0.000244 -0.000884  -0.00223  -0.00615  -0.00106  -0.00597  -0.00323  -0.00161 -0.000309  -0.00928  0.000996 -0.000233  1.19e-05 -3.03e-05  0.000416  4.31e-05 -3.08e-06   0.00149 -0.000652  0.000145    -0.001
  0.00971 -0.000438  -0.00127 -4.29e-05  2.56e-05  7.48e-05  3.52e-16  3.52e-16 -3.11e-05  0.000149 -1.16e-16 -2.11e-05 -0.000212 -9.11e-06 -4.06e-05 -1.89e-06 -1.21e-06 -3.86e-05 -8.74e-05 -0.000225 -0.000104  -0.00143  -0.00105 -0.000373   -0.0043 -0.000502         1 -0.000326 -0.000262 -0.000764 -0.000205 -0.000368 -0.000366 -0.000228  -0.00124  -0.00134 -2.34e-08  4.44e-05  4.33e-05 -0.000926  2.98e-06 -8.23e-05  -0.00126  -0.00247  -0.00235   -0.0106 -9.74e-06  -0.00428  -0.00727   -0.0122  -0.00537  -0.00318  -0.00176  -0.00365  -0.00165  -0.00159  -0.00281  -0.00103 -0.000688   -0.0011  -0.00101  -0.00291  0.000489  0.000262  0.000126   2.8e-05  -0.00913  0.000831  -0.00039 -0.000302 -5.93e-05  9.02e-06  7.12e-07  5.23e-09  -1.5e-08   0.00144  0.000144  3.11e-05 -3.12e-05   0.00103 -0.000336 -0.000278 -5.43e-05 -0.000206   0.00046 -0.000362   -0.0162  0.000649  -0.00342   0.00239  -0.00608   0.00566  -0.00337 -1.87e-05 -0.000178 -0.000214  -0.00467   0.00124 -0.000156  0.000245  3.34e-05  0.000727  0.000136 -6.73e-06   0.00185 -2.32e-05 -1.46e-05 -6.62e-05
 -0.00647 -0.000176 -0.000496 -5.17e-05  6.73e-05  3.14e-05 -1.54e-18 -1.54e-18  -2.3e-05  1.71e-05 -1.52e-16  -1.4e-05     4e-05  4.83e-06  -2.8e-05  5.97e-07  1.88e-06  3.54e-05  7.16e-05 -0.000169 -5.69e-05 -0.000849  -0.00073 -0.000208  -0.00241 -0.000168 -0.000326         1 -0.000195 -0.000215 -0.000173 -0.000145  -0.00016 -0.000129 -0.000356 -0.000727 -2.03e-07  1.23e-05  1.15e-05 -0.000173  8.08e-08 -0.000111  -0.00051  -0.00106  -0.00102  -0.00337 -1.85e-05  -0.00179  -0.00195  -0.00299  -0.00142 -0.000763  3.76e-05  -0.00069 -0.000532 -0.000494 -0.000696 -0.000323 -4.42e-05 -0.000416  8.37e-05 -0.000817  0.000127   0.00017 -8.06e-05 -2.42e-05  4.46e-05    -7e-06  0.000524  0.000106 -1.21e-05  2.66e-06 -3.33e-07 -1.39e-07 -1.27e-08  0.000321 -0.000232  1.76e-05    -3e-05 -0.000481 -0.000365 -0.000275 -7.23e-05 -0.000542  0.000106 -0.000423  -0.00895  0.000338  -0.00156     0.001  -0.00129   0.00178  -0.00246   0.00229   0.00054  7.96e-05  -0.00743 -0.000461  -0.00224 -0.000151 -3.48e-07 -0.000267 -4.38e-05 -5.97e-06  8.69e-05 -0.000731 -4.88e-05  8.87e-05
 -0.00264 -0.000139 -0.000501 -0.000227 -0.000121 -2.54e-05 -5.11e-17 -5.11e-17  -3.4e-05 -5.15e-05 -1.85e-16 -8.83e-05  1.99e-05 -1.15e-06 -0.000132 -1.11e-05 -1.25e-05  1.75e-06  1.12e-06 -0.000162 -5.71e-05  -0.00105 -0.000736 -0.000188  -0.00217 -0.000193 -0.000262 -0.000195         1 -0.000104  -0.00023 -0.000124 -0.000116 -0.000126  -0.00034 -0.000712 -3.18e-07  4.09e-06  4.26e-06 -1.86e-05 -1.06e-06 -0.000183 -0.000372 -0.000577 -0.000753  -0.00194 -2.74e-05  -0.00166  -0.00156   -0.0019  -0.00115 -0.000611  9.58e-06 -0.000598 -0.000564 -0.000487 -0.000688 -0.000332 -1.26e-05 -0.000607  0.000182 -0.000173 -3.71e-05  0.000115 -0.000201 -7.68e-05  0.000813  -0.00106  0.000598  0.000191 -2.27e-05 -8.89e-07 -1.21e-06 -2.59e-07 -2.18e-08  0.000256 -0.000535 -4.83e-06 -4.74e-05  -0.00125 -0.000631 -0.000485 -0.000145  -0.00134  9.27e-05 -0.000633  -0.00276  0.000181  -0.00153   0.00142  -0.00138   0.00146  -0.00308   0.00256  8.89e-06   0.00011   -0.0127  -0.00122  -0.00393 -0.000443 -2.62e-05 -0.000711 -0.000134 -7.69e-06 -0.000476  -0.00137  -3.4e-05  -0.00028
  -0.0248 -0.000275  -0.00131 -0.000354  -0.00129 -0.000403  1.54e-16  1.54e-16  -3.3e-07  7.99e-05  -1.1e-16 -0.000134 -0.000686 -7.28e-05 -0.000254 -4.22e-05 -5.34e-05 -0.000414  -0.00089 -0.000467 -7.57e-05 -0.000999   -0.0011 -0.000412  -0.00947 -0.000309 -0.000764 -0.000215 -0.000104         1 -5.99e-05 -0.000306 -0.000339 -0.000196  -0.00543  -0.00185 -2.18e-08 -4.34e-06  5.16e-07  -0.00188  1.79e-06  2.26e-05  -0.00272  -0.00716  -0.00263   -0.0245  6.38e-07  -0.00264  -0.00554  -0.00982  -0.00391  -0.00219  -0.00157  -0.00315  -0.00118  -0.00101  -0.00211 -0.000933  -0.00102 -0.000929  -0.00227  -0.00284  3.82e-05 -0.000166 -0.000159  3.72e-05   -0.0166  -0.00184  -0.00241 -0.000371 -5.48e-05     4e-06  8.76e-07  1.35e-07  3.96e-09 -0.000677  0.000159  -5.9e-05  3.01e-06  0.000538  0.000139  0.000137  6.83e-05  0.000939 -4.83e-05 -7.01e-05   -0.0237  0.000232  -0.00191  -0.00224  -0.00357  6.07e-05  -0.00141  -0.00339  -0.00277 -0.000219   0.00342   0.00035  0.000515  0.000288  3.83e-05  0.000203  6.14e-05 -4.03e-06 -0.000327   7.6e-05 -0.000112  -0.00251
 0.000727 -0.000119 -0.000613 -0.000281  -0.00032 -9.21e-05  -2.2e-16  -2.2e-16 -2.32e-05 -6.87e-05  -3.5e-16 -0.000109 -5.51e-05 -9.97e-06 -0.000162 -1.64e-05 -1.79e-05 -5.39e-05 -0.000109 -0.000127 -3.73e-05 -0.000899 -0.000712  -0.00019  -0.00164 -0.000264 -0.000205 -0.000173  -0.00023 -5.99e-05         1 -0.000136 -0.000111 -0.000101  0.000179 -0.000538  -1.6e-07  3.16e-05   5.4e-06  0.000116  1.07e-06 -0.000165 -0.000106  0.000154 -0.000362 -0.000559 -3.03e-05  -0.00114  -0.00115 -0.000584 -0.000463 -0.000859 -0.000289 -0.000913 -0.000346 -0.000181 -0.000925 -9.54e-05 -5.99e-05  -0.00108  5.33e-05  0.000742  5.51e-05  0.000128 -0.000152 -6.36e-05 -0.000794  -0.00181  0.000261  0.000258 -3.19e-05  4.64e-06 -1.08e-06 -2.18e-07 -1.69e-08  0.000955 -0.000569  0.000104 -4.17e-05 -0.000636 -0.000541 -0.000382 -0.000111 -0.000908  0.000177 -0.000517 -0.000283  0.000417 -0.000385  9.15e-05 -0.000212 -0.000626  -0.00417   0.00201  0.000829  0.000174    -0.012 -0.000681   -0.0029 -0.000249 -1.97e-05 -0.000463 -8.83e-05 -5.51e-06 -0.000129  -0.00114  3.97e-05 -0.000557
 -0.00227 -0.000206 -0.000528    -7e-05 -0.000103  1.47e-05  2.43e-17  2.43e-17 -1.42e-05   3.3e-05 -1.63e-16 -1.96e-05 -0.000186 -1.06e-05 -4.21e-05 -2.62e-06 -2.08e-06 -5.82e-05 -0.000121 -9.34e-05 -4.31e-05 -0.000631 -0.000533  -0.00015  -0.00141 -0.000276 -0.000368 -0.000145 -0.000124 -0.000306 -0.000136         1  -0.00016 -9.56e-05 -0.000264 -0.000572  1.06e-07  1.91e-05  1.22e-05 -0.000305  1.74e-06 -4.48e-05 -0.000374 -0.000416 -0.000818  -0.00314 -1.05e-05   -0.0015  -0.00241  -0.00361  -0.00155  -0.00165 -0.000723  -0.00154  -0.00048 -0.000508  -0.00122 -0.000169 -0.000269 -0.000678 -0.000504 -0.000756   0.00024  0.000119  8.32e-05  1.31e-05  -0.00486 -0.000126 -0.000202 -0.000149 -2.47e-05  7.05e-06   2.6e-07 -1.03e-08 -6.52e-09   0.00109 -9.56e-05  8.84e-05 -1.72e-05  0.000482 -0.000167 -9.45e-05 -1.55e-05  8.94e-05  0.000188 -0.000206  -0.00938  0.000227 -0.000901 -0.000825  -0.00292  0.000491  -0.00252 -0.000451  0.000193 -0.000128  -0.00358  0.000481 -0.000233   0.00014  1.42e-05  0.000246  4.69e-05 -1.95e-06  0.000744 -0.000178 -1.89e-05 -0.000251
 -0.00284 -0.000272  -0.00062  0.000165  0.000311  7.78e-05 -3.33e-17 -3.33e-17 -6.37e-06  1.63e-05 -1.81e-16  6.62e-05  0.000164  1.64e-05   9.4e-05  1.29e-05  1.78e-05  0.000103  0.000218  -0.00014  -2.7e-05  -0.00066  -0.00071 -0.000253  -0.00294 -0.000184 -0.000366  -0.00016 -0.000116 -0.000339 -0.000111  -0.00016         1 -0.000115 -0.000343 -0.000754 -1.44e-07  7.56e-05   3.2e-05 -0.000351  4.59e-06 -3.68e-05 -0.000793  -0.00206  -0.00146  -0.00494  -1.7e-06  -0.00218  -0.00304  -0.00526  -0.00224  -0.00122  1.58e-06    -0.001 -0.000555 -0.000567 -0.000797 -0.000306 -0.000413 -0.000736  0.000136  -0.00153  0.000407  0.000186  7.08e-06  1.64e-05   0.00071   0.00126  0.000409   7.9e-05  -8.2e-06  5.77e-06  3.35e-07 -2.02e-08 -8.32e-10   5.4e-05  0.000168   5.1e-05 -4.79e-06  0.000328 -3.91e-05  -4.7e-05  2.96e-06  0.000148  0.000103 -8.39e-05    -0.015  0.000742  -0.00163  -0.00172  0.000456 -0.000114   -0.0031   0.00239  0.000234  0.000134  0.000335  0.000384  4.04e-05  0.000149  1.15e-05  0.000133  3.47e-05  -6.2e-06  0.000565 -0.000111 -3.34e-05  0.000631
 -0.00698 -9.94e-05 -0.000307 -2.07e-05 -3.24e-05 -1.26e-05 -3.87e-18 -3.87e-18 -2.33e-05 -3.55e-06 -9.51e-17  7.59e-06  3.97e-06  4.07e-07  -1.1e-05  2.37e-06  3.61e-06   6.2e-06  9.09e-06  -0.00017 -3.97e-05 -0.000608  -0.00058 -0.000157  -0.00245 -7.25e-05 -0.000228 -0.000129 -0.000126 -0.000196 -0.000101 -9.56e-05 -0.000115         1 -0.000688 -0.000629 -2.56e-07  2.03e-06  8.65e-07 -0.000273 -1.81e-07 -6.55e-05 -0.000514  -0.00129  -0.00083   -0.0042 -9.06e-06  -0.00111  -0.00104  -0.00174 -0.000789 -0.000294  0.000177 -0.000248 -0.000193 -0.000163 -0.000194 -0.000202  3.28e-05 -2.71e-05 -4.99e-05 -0.000755  9.48e-05  0.000153 -5.28e-05 -1.63e-05 -0.000807  1.88e-05  0.000138  7.21e-05 -8.27e-06  5.23e-07  -2.9e-07 -1.18e-07 -8.74e-09  0.000223 -6.25e-05 -9.29e-06 -1.74e-05 -0.000258 -0.000219 -0.000181 -4.63e-05 -0.000448  6.93e-05 -0.000208   -0.0108   0.00026  -0.00099   0.00153 -0.000655   0.00187  -0.00117    0.0016  0.000956  0.000111  -0.00427  -0.00016  -0.00102 -0.000123  4.02e-06 -0.000119 -2.66e-05 -3.78e-06  0.000149 -0.000261 -3.18e-05 -2.41e-05
   -0.189  0.000212  -0.00304  -0.00612   -0.0158  -0.00533 -1.65e-17 -1.65e-17 -7.21e-05  -0.00119  7.38e-16   -0.0025  -0.00594 -0.000782  -0.00401 -0.000641  -0.00083   -0.0045  -0.00971  -0.00395  -0.00031  -0.00388  -0.00462  -0.00161    -0.076  0.000533  -0.00124 -0.000356  -0.00034  -0.00543  0.000179 -0.000264 -0.000343 -0.000688         1    -0.013 -2.78e-06 -0.000977 -0.000468   -0.0136 -5.31e-05  -0.00037    -0.022   -0.0625   -0.0106    -0.188 -4.43e-05  -0.00097   -0.0046   -0.0144   -0.0047   0.00192  -0.00198  -0.00465  -0.00304  -0.00204 -0.000473  -0.00519  -0.00677 -0.000691   -0.0152  -0.00833  -0.00727  -0.00477  -0.00526 -0.000684    -0.085    -0.037   -0.0184   -0.0015 -0.000127 -0.000115 -5.92e-06  1.41e-08  1.91e-08   -0.0315   -0.0046  -0.00209 -1.44e-05   -0.0223 -0.000127  0.000224  2.07e-05  -0.00052  -0.00632  -0.00403   -0.0485  -0.00845  -0.00793   -0.0377   0.00928   -0.0373   0.00802   -0.0263    -0.055  -0.00189   -0.0272    -0.027   -0.0355  -0.00517  -0.00013   -0.0149  -0.00256 -4.73e-05   -0.0354   -0.0135  -0.00213   -0.0322
   -0.131 -0.000845  -0.00169 -0.000982  -0.00213 -0.000703 -1.15e-16 -1.15e-16 -0.000132 -0.000382 -3.79e-16 -0.000354 -0.000765 -0.000101 -0.000632 -8.73e-05 -0.000111 -0.000555  -0.00123   -0.0014 -0.000233  -0.00373  -0.00368  -0.00104   -0.0236 -0.000434  -0.00134 -0.000727 -0.000712  -0.00185 -0.000538 -0.000572 -0.000754 -0.000629    -0.013         1 -1.51e-06 -0.000122 -5.27e-05  -0.00351 -7.67e-06 -0.000435  -0.00645   -0.0169  -0.00637   -0.0474 -5.06e-05   -0.0069  -0.00668   -0.0129  -0.00554  -0.00295   0.00121  -0.00204  -0.00163  -0.00188  -0.00109  -0.00158  -0.00191  -0.00114  -0.00199  -0.00608 -0.000657 -0.000168  -0.00121 -0.000219  -0.00978  -0.00441 -0.000788  -0.00011 -1.44e-05 -1.53e-05 -1.98e-06 -4.84e-07 -3.31e-08  -0.00634  -0.00148 -0.000332 -8.72e-05  -0.00681  -0.00106 -0.000765   -0.0002  -0.00188  -0.00127  -0.00224   -0.0654 -0.000668  -0.00816   -0.0113  0.000656  -0.00598  -0.00899   0.00495   -0.0104 -0.000174   -0.0281  -0.00762   -0.0144  -0.00173 -2.07e-05  -0.00448 -0.000792 -3.48e-05  -0.00747  -0.00539 -0.000809   -0.0047
 4.87e-05  8.62e-08 -5.32e-07 -1.73e-07    -2e-07 -2.58e-07 -1.91e-19 -1.91e-19 -9.73e-08  -3.9e-07 -1.06e-19 -3.65e-08  6.78e-07  2.85e-08 -1.18e-07  5.52e-10  2.21e-09  1.82e-07  3.68e-07 -4.77e-07 -1.13e-08 -1.91e-06 -1.33e-06 -3.52e-07 -8.61e-06  2.57e-07 -2.34e-08 -2.03e-07 -3.18e-07 -2.18e-08  -1.6e-07  1.06e-07 -1.44e-07 -2.56e-07 -2.78e-06 -1.51e-06         1   7.6e-08 -1.27e-08 -4.38e-07  2.52e-10 -3.38e-07 -1.63e-06 -5.65e-06  -1.9e-06 -1.15e-05 -5.82e-09 -1.93e-06 -3.76e-07 -1.04e-06 -1.35e-06  2.81e-06  2.18e-06  2.36e-06 -4.26e-08  2.89e-07  2.03e-06 -7.91e-07   3.2e-07  4.63e-07  1.34e-06 -1.09e-06 -2.11e-07  2.38e-07 -7.46e-07 -2.65e-07  1.07e-05 -9.97e-07  6.55e-07  9.74e-07 -4.21e-08 -3.08e-08 -5.04e-09 -9.08e-10 -4.85e-11 -1.95e-06 -1.61e-07 -4.08e-07 -6.13e-08 -3.51e-06 -1.17e-06 -1.21e-06 -3.92e-07 -5.27e-06  2.55e-08 -3.19e-07 -1.67e-05  9.71e-07 -2.77e-06  9.98e-06  4.98e-06  6.42e-06 -1.43e-06  9.26e-06  2.26e-06   1.2e-06 -1.46e-05 -2.46e-06 -4.97e-06 -1.62e-06  -1.2e-07  -1.7e-06 -3.97e-07    -2e-08 -1.49e-06 -1.47e-06  9.36e-08  2.42e-07
 -0.00216  3.46e-05  0.000384 -0.000102 -0.000176 -2.01e-05  9.22e-17  9.22e-17  -8.3e-06  1.14e-05  1.45e-16 -3.44e-05 -0.000183  -1.4e-05 -5.67e-05 -8.56e-06 -1.26e-05 -8.21e-05 -0.000181 -5.42e-05 -2.55e-05  0.000134   8.1e-05  6.74e-05 -6.04e-05  8.88e-05  4.44e-05  1.23e-05  4.09e-06 -4.34e-06  3.16e-05  1.91e-05  7.56e-05  2.03e-06 -0.000977 -0.000122   7.6e-08         1 -2.58e-05 -0.000148 -5.16e-06  3.76e-06 -0.000131 -0.000203   0.00016  -0.00104 -4.68e-06  0.000509   0.00134   0.00181  0.000868  0.000293  0.000317  0.000548  0.000176  3.77e-05  0.000442   6.4e-05   0.00013  0.000666 -0.000245 -0.000145 -0.000303 -9.87e-05 -5.32e-05 -1.13e-06 -0.000889 -0.000415  3.01e-05 -0.000184  2.37e-05 -3.03e-06  2.71e-07  4.38e-08  8.62e-10 -0.000824 -0.000234  -5.6e-05 -2.84e-06 -0.000878  1.06e-05  5.42e-05  1.49e-05  0.000249 -0.000271 -0.000264 -0.000646 -0.000729  -0.00022 -0.000763  -0.00101   -0.0002    0.0015  -0.00102  -0.00144 -0.000256  -0.00255  -0.00112  -0.00172 -0.000177   9.6e-06 -0.000534 -8.84e-05  1.01e-06  -0.00116 -0.000482 -0.000144 -0.000567
 -0.00109  4.12e-05  9.38e-05 -8.35e-05 -0.000203 -5.71e-05 -2.84e-17 -2.84e-17 -3.65e-06  -2.4e-05  1.04e-17  -2.5e-05 -0.000104 -1.04e-05 -4.92e-05  -5.8e-06 -7.64e-06 -6.18e-05 -0.000132 -3.17e-05 -3.19e-06  2.33e-06 -1.17e-05  2.58e-05 -0.000274  3.09e-05  4.33e-05  1.15e-05  4.26e-06  5.16e-07   5.4e-06  1.22e-05   3.2e-05  8.65e-07 -0.000468 -5.27e-05 -1.27e-08 -2.58e-05         1 -5.77e-05 -1.38e-06 -6.82e-06    -6e-05 -0.000147  0.000105 -0.000762 -2.62e-06   0.00042  0.000806   0.00138  0.000603  0.000229  0.000134  0.000301  0.000162  0.000136  0.000248  9.48e-05  8.39e-05  0.000177 -0.000155  0.000183 -0.000123 -5.55e-05 -4.22e-05 -1.12e-05  -0.00104 -0.000571 -0.000188 -3.42e-05  2.07e-06 -1.83e-06 -2.23e-07 -3.04e-08 -1.63e-09 -0.000123 -0.000115 -1.72e-05 -3.06e-06 -0.000324 -3.62e-05 -1.29e-05 -7.47e-06  -9.3e-05 -7.84e-05 -4.66e-05  -0.00131 -0.000231  0.000255 -0.000274  -0.00053 -0.000505  0.000373 -0.000598 -0.000225 -3.79e-05  -0.00115 -0.000367 -0.000516 -9.63e-05  -5.1e-06 -0.000203  -3.9e-05  6.19e-07  -0.00041  -0.00017 -3.06e-05 -0.000409
  -0.0445 -0.000329  -0.00114 -0.000923  -0.00309  -0.00101  4.64e-16  4.64e-16 -3.92e-05 -0.000121  2.46e-16 -0.000381  -0.00147 -0.000169 -0.000646 -0.000115  -0.00015 -0.000972   -0.0021 -0.000916  -8.2e-05 -0.000896  -0.00117 -0.000542   -0.0185 -0.000195 -0.000926 -0.000173 -1.86e-05  -0.00188  0.000116 -0.000305 -0.000351 -0.000273   -0.0136  -0.00351 -4.38e-07 -0.000148 -5.77e-05         1 -5.35e-06  0.000118  -0.00563   -0.0155  -0.00385   -0.0503  3.56e-05   -0.0029  -0.00711   -0.0148  -0.00549  -0.00278  -0.00251  -0.00452  -0.00117  -0.00104  -0.00195   -0.0017  -0.00249 -0.000333  -0.00467  -0.00505 -0.000718 -0.000623 -0.000579 -2.64e-06   -0.0296  -0.00478  -0.00549  -0.00095 -6.07e-05 -1.14e-05  1.69e-06   4.3e-07  2.47e-08  -0.00537  0.000256 -0.000362  4.71e-05  -0.00133  0.000675  0.000502  0.000185   0.00158 -0.000933 -0.000244   -0.0294  -0.00107  -0.00339  -0.00682   0.00163  -0.00316   0.00189  -0.00821    -0.011 -0.000706   0.00801  -0.00195 -5.63e-05 -0.000203  8.17e-05  -0.00111 -0.000196 -7.16e-06  -0.00431 -0.000247 -0.000375  -0.00624
 6.92e-05  2.24e-06  2.21e-05  -6.2e-06 -6.98e-06 -6.17e-07  5.95e-18  5.95e-18 -6.21e-07  5.05e-07  8.91e-18 -2.38e-06 -6.84e-06 -5.52e-07 -3.45e-06 -5.15e-07 -7.54e-07 -3.18e-06 -7.25e-06 -3.46e-06 -1.66e-06  4.45e-06  3.69e-06  3.21e-06    -8e-06  6.03e-06  2.98e-06  8.08e-08 -1.06e-06  1.79e-06  1.07e-06  1.74e-06  4.59e-06 -1.81e-07 -5.31e-05 -7.67e-06  2.52e-10 -5.16e-06 -1.38e-06 -5.35e-06         1 -9.76e-07 -7.38e-06 -1.37e-05  8.39e-06 -4.36e-05 -3.93e-07  2.09e-05  7.32e-05   9.7e-05  4.37e-05  2.59e-05  2.39e-05  3.72e-05  5.96e-06  -4.5e-07  2.76e-05 -7.85e-07  8.99e-06  3.91e-05 -4.99e-06  -7.3e-06 -1.94e-05 -5.09e-06 -5.54e-06 -7.56e-07  2.58e-05 -2.35e-05  1.34e-05 -6.92e-06  1.43e-06 -2.41e-07  6.89e-09  9.46e-10 -6.08e-11  -5.9e-05 -1.62e-05 -4.33e-06 -3.99e-07 -6.54e-05 -3.12e-06 -3.32e-07 -2.37e-07  2.61e-06 -1.61e-05 -1.96e-05  7.84e-05 -4.06e-05 -2.62e-05 -9.13e-06 -3.15e-05  1.58e-05  8.51e-05  -1.9e-05 -8.67e-05 -1.24e-05 -0.000223 -7.88e-05 -0.000133  -1.5e-05  3.11e-07 -3.84e-05 -6.46e-06  -9.4e-09 -7.59e-05 -3.77e-05 -8.33e-06 -2.71e-05
 1.16e-05 -5.06e-05 -0.000312 -0.000307 -0.000259 -6.67e-05 -9.22e-17 -9.22e-17 -3.08e-05 -0.000137 -1.16e-16 -0.000119 -2.07e-05 -6.83e-06 -0.000183 -1.56e-05 -1.87e-05 -3.23e-05 -6.78e-05 -7.53e-05 -2.79e-05 -0.000932 -0.000463 -6.25e-05  -0.00111 -0.000137 -8.23e-05 -0.000111 -0.000183  2.26e-05 -0.000165 -4.48e-05 -3.68e-05 -6.55e-05  -0.00037 -0.000435 -3.38e-07  3.76e-06 -6.82e-06  0.000118 -9.76e-07         1 -0.000189 -0.000111 -0.000353  0.000146  -2.3e-05 -0.000815 -0.000444  7.66e-05 -0.000495 -0.000182  0.000149  6.79e-06 -0.000387 -0.000404 -0.000232  -0.00014   1.6e-05 -0.000561  0.000211  0.000273   -0.0002 -7.18e-05 -0.000265 -0.000115   0.00129  -0.00156  0.000401   0.00014 -2.75e-05 -7.64e-06 -2.11e-06  -3.5e-07 -2.71e-08  2.91e-05 -0.000639 -6.42e-05 -4.99e-05  -0.00177 -0.000722  -0.00057  -0.00019  -0.00201  1.21e-05 -0.000525   0.00025 -0.000179  -0.00104  0.000222  -0.00275 -0.000224  -0.00259   0.00122   -0.0011  7.17e-05   -0.0122  -0.00166  -0.00426 -0.000654 -6.54e-05 -0.000992 -0.000198 -6.94e-06 -0.000974  -0.00162 -3.16e-05 -0.000533
  -0.0606 -0.000557  -0.00261  -0.00143  -0.00419  -0.00161 -8.77e-18 -8.77e-18 -7.91e-06 -0.000268 -2.38e-17 -0.000624  -0.00112 -0.000195    -0.001  -0.00018 -0.000231  -0.00109  -0.00239   -0.0018 -0.000171  -0.00272  -0.00336  -0.00131   -0.0361  3.32e-05  -0.00126  -0.00051 -0.000372  -0.00272 -0.000106 -0.000374 -0.000793 -0.000514    -0.022  -0.00645 -1.63e-06 -0.000131    -6e-05  -0.00563 -7.38e-06 -0.000189         1   -0.0297  -0.00801   -0.0816 -1.19e-05  -0.00642  -0.00973   -0.0202   -0.0081  -0.00068  0.000469  -0.00296  -0.00286  -0.00236  -0.00145  -0.00311  -0.00335  -0.00163  -0.00399  -0.00776  -0.00161  -0.00124  -0.00205 -0.000181   -0.0185  -0.00808  -0.00436  7.12e-05 -2.46e-05 -3.06e-05 -7.11e-07  2.82e-08  1.71e-08   -0.0134 -0.000868 -0.000757  3.47e-06  -0.00764  0.000109  9.25e-05  6.01e-05   0.00064   -0.0022  -0.00157   -0.0505 -0.000623  -0.00807    -0.016   0.00956   -0.0119   -0.0031   0.00104   -0.0193  1.34e-05  -0.00264  -0.00928   -0.0132  -0.00144 -1.14e-05  -0.00523 -0.000832 -3.72e-05   -0.0119  -0.00504 -0.000882  -0.00859
    -0.13 -0.000564  -0.00744  -0.00317   -0.0118   -0.0051 -7.82e-16 -7.82e-16  0.000142 -0.000432 -2.53e-16  -0.00144  -0.00169 -0.000489  -0.00234 -0.000479 -0.000617  -0.00274  -0.00604   -0.0054 -0.000303  -0.00489  -0.00903  -0.00402     -0.11   0.00151  -0.00247  -0.00106 -0.000577  -0.00716  0.000154 -0.000416  -0.00206  -0.00129   -0.0625   -0.0169 -5.65e-06 -0.000203 -0.000147   -0.0155 -1.37e-05 -0.000111   -0.0297         1   -0.0216    -0.244  1.06e-05   -0.0135   -0.0211    -0.048   -0.0175   0.00763   0.00488  -0.00286  -0.00623  -0.00303   0.00024  -0.00908  -0.00793   -0.0027  -0.00905    -0.019  -0.00447  -0.00319   -0.0062 -0.000326   -0.0334   -0.0219   -0.0128   0.00251  1.67e-05 -8.16e-05  2.72e-07  4.66e-07  1.33e-07   -0.0417 -0.000332  -0.00223  0.000167   -0.0182   0.00228   0.00157  0.000611   0.00578  -0.00627  -0.00226    -0.126   0.00207   -0.0164   -0.0304    0.0581   -0.0294   0.00132    0.0153   -0.0417   0.00258    0.0312   -0.0228   -0.0266  -0.00275  8.13e-05   -0.0128  -0.00192 -9.71e-05   -0.0328  -0.00926  -0.00189   -0.0225
  -0.0409   -0.0015  -0.00306  0.000599   0.00113  0.000231  5.36e-16  5.36e-16 -8.77e-05  5.65e-05 -9.63e-17  0.000263  0.000674  5.76e-05  0.000297  4.35e-05  5.35e-05  0.000403  0.000794   -0.0014  -0.00029  -0.00488  -0.00471   -0.0015    -0.027 -0.000485  -0.00235  -0.00102 -0.000753  -0.00263 -0.000362 -0.000818  -0.00146  -0.00083   -0.0106  -0.00637  -1.9e-06   0.00016  0.000105  -0.00385  8.39e-06 -0.000353  -0.00801   -0.0216         1   -0.0531  -8.6e-06    -0.014   -0.0173   -0.0337   -0.0149  -0.00431   0.00239  -0.00291  -0.00419  -0.00474  -0.00237  -0.00307  -0.00222  -0.00127  7.84e-05    -0.014   0.00094   0.00038 -0.000808 -5.48e-05   0.00478   0.00701   0.00242 -1.92e-05  5.61e-06 -1.16e-05  -1.3e-07 -4.75e-07 -3.49e-08  -0.00639  0.000474  -0.00052 -6.86e-05  -0.00413 -0.000817 -0.000821 -0.000184   -0.0017 -0.000614  -0.00142    -0.112   0.00182   -0.0152  -0.00753   -0.0057   0.00507   -0.0104    0.0133   -0.0077  0.000283  -0.00495  -0.00392   -0.0098 -0.000797 -1.34e-05  -0.00235 -0.000348 -4.96e-05  -0.00263  -0.00349 -0.000865   0.00165
   -0.382   0.00115   -0.0318   -0.0164   -0.0536   -0.0199 -1.53e-15 -1.53e-15  0.000361  0.000387 -3.26e-15  -0.00667   -0.0165  -0.00248   -0.0113  -0.00192  -0.00244   -0.0143   -0.0308   -0.0162  -0.00126   -0.0172   -0.0266   -0.0116    -0.323   0.00031   -0.0106  -0.00337  -0.00194   -0.0245 -0.000559  -0.00314  -0.00494   -0.0042    -0.188   -0.0474 -1.15e-05  -0.00104 -0.000762   -0.0503 -4.36e-05  0.000146   -0.0816    -0.244   -0.0531         1 -0.000129   -0.0269   -0.0763     -0.14   -0.0496    0.0081   -0.0219   -0.0444   -0.0196  -0.00408    -0.025   -0.0277   -0.0193   -0.0142    -0.056   -0.0337   -0.0129  -0.00897   -0.0147 -0.000513    -0.371    -0.116   -0.0772   0.00365  -0.00126 -0.000114 -5.86e-07  1.54e-06  2.53e-07   -0.0666 -0.000885  -0.00468  0.000291   -0.0173   0.00471   0.00373   0.00162    0.0175   -0.0084  -0.00191    -0.281   0.00806   -0.0131    0.0144     0.076   -0.0156    0.0206   -0.0439   -0.0672   0.00602    0.0634   -0.0268   -0.0249  -0.00134   0.00063   -0.0145  -0.00184 -0.000125   -0.0579    -0.006  -0.00126   -0.0981
 4.02e-05  7.25e-06 -6.29e-05 -5.44e-05 -8.06e-05 -2.34e-05 -3.53e-17 -3.53e-17 -2.73e-07  3.91e-07 -3.72e-17 -1.96e-05 -2.49e-05 -3.25e-06 -3.15e-05 -3.38e-06 -4.05e-06 -1.85e-05 -3.89e-05 -2.23e-05 -7.68e-06 -0.000101 -8.94e-05 -1.57e-05 -0.000235 -1.39e-05 -9.74e-06 -1.85e-05 -2.74e-05  6.38e-07 -3.03e-05 -1.05e-05  -1.7e-06 -9.06e-06 -4.43e-05 -5.06e-05 -5.82e-09 -4.68e-06 -2.62e-06  3.56e-05 -3.93e-07  -2.3e-05 -1.19e-05  1.06e-05  -8.6e-06 -0.000129         1 -1.93e-06  0.000132  0.000424  0.000148  5.34e-05  4.26e-05  3.27e-05  -3.3e-05 -7.55e-06 -4.91e-05   3.5e-06  6.42e-05 -7.11e-05 -1.05e-06   0.00017 -4.05e-05 -9.22e-06 -3.75e-05 -8.81e-06 -0.000146 -0.000381  4.01e-05  3.98e-05 -2.09e-06  1.63e-07  -1.9e-07 -3.67e-08 -2.64e-09  7.93e-05 -0.000116  5.93e-06 -6.96e-06  -0.00018 -8.33e-05  -5.1e-05  -1.6e-05 -0.000105  2.18e-06 -8.36e-05  6.31e-05 -5.46e-06   3.7e-05  9.62e-05 -0.000372 -9.36e-05 -0.000311  0.000154  0.000114  1.81e-05  -0.00179 -0.000214 -0.000637 -4.56e-05 -4.79e-06 -0.000113 -1.78e-05 -4.35e-07 -0.000135 -0.000215 -5.04e-06 -0.000157
   0.0482  -0.00328  -0.00499   0.00126   0.00571   0.00189  2.35e-15  2.35e-15 -0.000233  0.000241  8.58e-17  0.000229    0.0024  0.000264  0.000691  9.23e-05   0.00012   0.00167   0.00346 -0.000607 -0.000425  -0.00775  -0.00468   -0.0021   -0.0167  -0.00228  -0.00428  -0.00179  -0.00166  -0.00264  -0.00114   -0.0015  -0.00218  -0.00111  -0.00097   -0.0069 -1.93e-06  0.000509   0.00042   -0.0029  2.09e-05 -0.000815  -0.00642   -0.0135    -0.014   -0.0269 -1.93e-06         1   -0.0448     -0.08   -0.0365   -0.0168  -0.00457   -0.0161   -0.0107   -0.0113   -0.0125  -0.00697  -0.00611  -0.00688   0.00285   -0.0198    0.0029   0.00174 -0.000141 -0.000136    0.0252    0.0173   0.00858 -0.000402 -0.000121  1.39e-05  2.74e-06 -8.52e-08 -7.72e-08  -0.00469  0.000715 -0.000318 -0.000163   -0.0032  -0.00225  -0.00231 -0.000569   -0.0051   0.00101  -0.00374   -0.0367   0.00401   -0.0305 -0.000979  -0.00267    0.0234   -0.0265    0.0261   -0.0169 -0.000649    -0.036  -0.00223   -0.0148  -0.00101  5.15e-05  -0.00132 -0.000209 -8.75e-05   0.00281  -0.00583 -0.000569   0.00924
    0.122  -0.00399   -0.0138  -0.00041   0.00155  0.000511  4.49e-15  4.49e-15 -6.16e-05  0.000946 -1.89e-16 -0.000879  0.000661  3.25e-05 -0.000616 -0.000149 -0.000173  0.000363  0.000753  0.000187 -0.000261  -0.00937  -0.00294  -0.00311   -0.0254  -0.00518  -0.00727  -0.00195  -0.00156  -0.00554  -0.00115  -0.00241  -0.00304  -0.00104   -0.0046  -0.00668 -3.76e-07   0.00134  0.000806  -0.00711  7.32e-05 -0.000444  -0.00973   -0.0211   -0.0173   -0.0763  0.000132   -0.0448         1    -0.158   -0.0712   -0.0337   -0.0285   -0.0477   -0.0216   -0.0188    -0.035   -0.0145    -0.014   -0.0204  -0.00707   -0.0228   0.00506   0.00105  0.000629  3.04e-05   -0.0573   0.00896  -0.00659  -0.00155 -0.000856  5.61e-05  6.48e-06  1.45e-06 -5.47e-08   0.00477   0.00441 -0.000149 -6.33e-05     0.014  -0.00143  -0.00232 -0.000506  -0.00478   0.00546 -0.000621      0.11    0.0103   -0.0335    0.0225   -0.0116    0.0466   -0.0337 -0.000219   -0.0261  -0.00103    0.0117    0.0171    0.0156   0.00286  0.000141   0.00953   0.00168 -8.03e-05     0.019   0.00318   0.00181   0.00277
    0.222  -0.00781   -0.0173   0.00259   0.00906   0.00287  9.96e-15  9.96e-15 -0.000169    0.0019  2.61e-15 -0.000255   0.00317  0.000316  0.000948 -4.15e-05 -5.29e-05   0.00216   0.00441  0.000155 -0.000494   -0.0117  -0.00296  -0.00492   -0.0436  -0.00688   -0.0122  -0.00299   -0.0019  -0.00982 -0.000584  -0.00361  -0.00526  -0.00174   -0.0144   -0.0129 -1.04e-06   0.00181   0.00138   -0.0148   9.7e-05  7.66e-05   -0.0202    -0.048   -0.0337     -0.14  0.000424     -0.08    -0.158         1    -0.125   -0.0553   -0.0398   -0.0727   -0.0352   -0.0333   -0.0507   -0.0254   -0.0256   -0.0246  -0.00824   -0.0557   0.00852   0.00218   0.00164  0.000488   -0.0477    0.0409  -0.00328  -0.00472 -0.000896  6.43e-05  2.45e-05  4.39e-06  5.03e-08   -0.0116    0.0108  -0.00122  0.000166    0.0186    0.0014  -0.00121  5.01e-05  0.000258   0.00547  -0.00138     0.118    0.0132   -0.0715    0.0175   0.00424    0.0807   -0.0371    0.0106   -0.0645  -0.00392    0.0728    0.0225     0.027   0.00475  0.000588    0.0131   0.00241 -0.000151    0.0235   0.00679    0.0011    0.0143
    0.106  -0.00337  -0.00831  0.000423   0.00381    0.0013  4.44e-15  4.44e-15 -0.000149  0.000436   1.2e-15 -0.000383   0.00146  0.000144 -1.62e-05 -3.57e-05 -4.41e-05  0.000999   0.00206  0.000327 -0.000231  -0.00766  -0.00157  -0.00193   -0.0159  -0.00338  -0.00537  -0.00142  -0.00115  -0.00391 -0.000463  -0.00155  -0.00224 -0.000789   -0.0047  -0.00554 -1.35e-06  0.000868  0.000603  -0.00549  4.37e-05 -0.000495   -0.0081   -0.0175   -0.0149   -0.0496  0.000148   -0.0365   -0.0712    -0.125         1   -0.0244   -0.0178   -0.0315   -0.0169   -0.0164   -0.0229   -0.0115   -0.0108   -0.0121  -0.00279   -0.0237   0.00326  0.000491  0.000207 -0.000158   -0.0175    0.0151 -0.000581    -0.002 -0.000523 -9.54e-06  2.69e-06  6.84e-07 -8.09e-08  -0.00297   0.00334 -0.000901 -8.13e-05   0.00404  -0.00178  -0.00256 -0.000691    -0.008   0.00296  -0.00131    0.0624    0.0049    -0.034    0.0131   -0.0165    0.0393   -0.0206   0.00376   -0.0312  -0.00164   0.00421     0.007   0.00272  0.000112 -3.01e-05   0.00397  0.000636 -8.03e-05   0.00997 -0.000677  0.000612   0.00603
 0.000767  -0.00305  -0.00252  -0.00057  0.000949   0.00115   1.7e-15   1.7e-15 -0.000213 -0.000425 -3.18e-16 -0.000415  -0.00203 -6.92e-05 -0.000379 -4.86e-05 -5.54e-05 -0.000361 -0.000722  0.000883 -0.000116   -0.0037 -0.000365 -0.000282    0.0102  -0.00375  -0.00318 -0.000763 -0.000611  -0.00219 -0.000859  -0.00165  -0.00122 -0.000294   0.00192  -0.00295  2.81e-06  0.000293  0.000229  -0.00278  2.59e-05 -0.000182  -0.00068   0.00763  -0.00431    0.0081  5.34e-05   -0.0168   -0.0337   -0.0553   -0.0244         1   -0.0142   -0.0233  -0.00589   -0.0082   -0.0159  -0.00157  -0.00831  -0.00998  -0.00563    -0.009   0.00265   0.00031   0.00177  4.89e-05   -0.0446   0.00484  -0.00227  -0.00433 -0.000271  5.53e-05  5.62e-06  1.14e-06 -2.79e-08   0.00686 -0.000457  0.000887  -6.1e-05   0.00424 -0.000648 -0.000379 -5.44e-05  0.000403   0.00112  -0.00204 -0.000392  -0.00184   -0.0135   -0.0396   -0.0258   -0.0145   -0.0293   -0.0212   -0.0269  -0.00442   -0.0209    0.0041   0.00305  0.000918  0.000101   0.00173  0.000185 -1.83e-05   0.00526  -0.00266  -0.00033 -0.000532
  0.00114 -3.89e-05  -0.00557  -0.00281  -0.00601  -0.00161  1.29e-15  1.29e-15  4.45e-05  0.000253 -4.95e-16  -0.00137   -0.0033 -0.000339  -0.00187  -0.00028 -0.000343  -0.00198  -0.00412  0.000805  9.78e-05 -0.000967   0.00215 -0.000121    0.0025  -0.00263  -0.00176  3.76e-05  9.58e-06  -0.00157 -0.000289 -0.000723  1.58e-06  0.000177  -0.00198   0.00121  2.18e-06  0.000317  0.000134  -0.00251  2.39e-05  0.000149  0.000469   0.00488   0.00239   -0.0219  4.26e-05  -0.00457   -0.0285   -0.0398   -0.0178   -0.0142         1   -0.0249  -0.00606  -0.00356   -0.0175   -0.0038  -0.00495  -0.00998   -0.0105   0.00491  0.000559 -0.000801  0.000844   8.2e-06   -0.0896   -0.0165   -0.0149  -0.00177 -0.000634  3.72e-05  6.56e-07  9.56e-07 -1.77e-08     0.013  0.000769  0.000479 -2.42e-07    0.0126 -0.000266 -0.000385 -0.000102 -0.000974   0.00358   0.00157     0.139   0.00176   0.00451    0.0186   -0.0186    0.0135  -0.00496    -0.034   -0.0056  -0.00138   0.00581    0.0138    0.0203   0.00233  5.25e-05   0.00776   0.00125  2.89e-05    0.0117   0.00569   0.00192   -0.0106
   0.0293  -0.00148   -0.0084  -0.00274  -0.00539   -0.0014  1.74e-15  1.74e-15  1.17e-05  0.000423 -1.08e-15  -0.00148  -0.00313 -0.000323  -0.00187 -0.000307 -0.000371  -0.00184  -0.00386  0.000369 -5.05e-05  -0.00334 -1.07e-05  -0.00124  -0.00826  -0.00391  -0.00365  -0.00069 -0.000598  -0.00315 -0.000913  -0.00154    -0.001 -0.000248  -0.00465  -0.00204  2.36e-06  0.000548  0.000301  -0.00452  3.72e-05  6.79e-06  -0.00296  -0.00286  -0.00291   -0.0444  3.27e-05   -0.0161   -0.0477   -0.0727   -0.0315   -0.0233   -0.0249         1   -0.0101  -0.00736   -0.0248  -0.00634  -0.00856   -0.0149   -0.0115  -0.00104   0.00188 -0.000194  0.000859  9.69e-05   -0.0952   -0.0138   -0.0142  -0.00198 -0.000704  7.43e-05  5.06e-06  1.57e-06  1.78e-09    0.0115   0.00097  0.000796 -7.87e-06    0.0138 -0.000174 -0.000307  2.29e-05   0.00146   0.00386   0.00019      0.13   0.00406  -0.00431   0.00833   -0.0111    0.0123   -0.0195   -0.0277   -0.0133   -0.0018  -0.00132    0.0143    0.0182   0.00311  0.000197   0.00795   0.00136  1.58e-06    0.0124   0.00418   0.00177     -0.01
   0.0187 -0.000701  -0.00367 -0.000854 -0.000387 -9.28e-05  1.17e-15  1.17e-15  2.94e-05  0.000341  2.02e-16 -0.000552 -1.31e-05 -2.61e-05 -0.000613 -9.56e-05  -0.00012 -9.08e-05  -0.00021 -2.89e-05 -0.000156  -0.00303 -0.000814  -0.00068  -0.00751   -0.0011  -0.00165 -0.000532 -0.000564  -0.00118 -0.000346  -0.00048 -0.000555 -0.000193  -0.00304  -0.00163 -4.26e-08  0.000176  0.000162  -0.00117  5.96e-06 -0.000387  -0.00286  -0.00623  -0.00419   -0.0196  -3.3e-05   -0.0107   -0.0216   -0.0352   -0.0169  -0.00589  -0.00606   -0.0101         1  -0.00598  -0.00873  -0.00423  -0.00266  -0.00504  -0.00139  -0.00459 -0.000109 -0.000572  -0.00067 -0.000152  -0.00962  -0.00199 -0.000434 -0.000125 -0.000205 -7.07e-06 -1.39e-06 -5.38e-08 -5.04e-08  -0.00157  -0.00057 -0.000373 -0.000104  -0.00134  -0.00147   -0.0013 -0.000392  -0.00323   0.00082   -0.0014    0.0513  0.000998  -0.00975   0.00628   -0.0121    0.0112  -0.00682 -0.000299   -0.0122  -0.00048   -0.0158  -0.00125  -0.00847 -0.000405 -9.85e-05 -0.000307  1.23e-05 -2.75e-05   0.00018  -0.00328   0.00017  -0.00136
  0.00141  -0.00126  -0.00152 -0.000228   0.00161  0.000782  1.59e-15  1.59e-15 -5.13e-05  7.95e-05   8.3e-16 -0.000259  9.34e-05  4.07e-05 -0.000191 -2.23e-05 -3.38e-05  0.000304  0.000618  0.000248 -0.000183  -0.00302 -0.000404 -0.000219 -0.000381  -0.00108  -0.00159 -0.000494 -0.000487  -0.00101 -0.000181 -0.000508 -0.000567 -0.000163  -0.00204  -0.00188  2.89e-07  3.77e-05  0.000136  -0.00104  -4.5e-07 -0.000404  -0.00236  -0.00303  -0.00474  -0.00408 -7.55e-06   -0.0113   -0.0188   -0.0333   -0.0164   -0.0082  -0.00356  -0.00736  -0.00598         1   -0.0064  -0.00304  -0.00305  -0.00313 -0.000229  -0.00846 -6.96e-05 -0.000656 -0.000312  -0.00017   0.00246   0.00454    0.0028  -0.00145 -7.47e-05 -2.12e-05 -8.81e-07 -6.43e-08  -6.2e-08  -0.00387 -0.000925 -0.000493 -0.000116  -0.00474  -0.00157  -0.00132 -0.000426  -0.00381 -0.000188  -0.00213    0.0147  -0.00185   -0.0141  -0.00998   -0.0212   0.00388  -0.00777  -0.00213   -0.0207  -0.00188   -0.0195  -0.00482   -0.0133  -0.00124 -0.000136  -0.00236 -0.000386 -3.27e-05  -0.00252  -0.00552 -0.000601    0.0013
   0.0223 -0.000975  -0.00724  -0.00217  -0.00367 -0.000923  9.91e-16  9.91e-16  7.34e-05  0.000585 -1.12e-15  -0.00115  -0.00204 -0.000215  -0.00145 -0.000223 -0.000267  -0.00121  -0.00252  0.000302 -0.000122  -0.00346 -0.000731  -0.00103  -0.00502  -0.00299  -0.00281 -0.000696 -0.000688  -0.00211 -0.000925  -0.00122 -0.000797 -0.000194 -0.000473  -0.00109  2.03e-06  0.000442  0.000248  -0.00195  2.76e-05 -0.000232  -0.00145   0.00024  -0.00237    -0.025 -4.91e-05   -0.0125    -0.035   -0.0507   -0.0229   -0.0159   -0.0175   -0.0248  -0.00873   -0.0064         1  -0.00481    -0.005    -0.012  -0.00725  0.000721   0.00125 -0.000279   0.00036  3.29e-05    -0.064   -0.0115  -0.00834 -0.000799 -0.000534  5.97e-05  1.73e-06  7.19e-07 -3.24e-08    0.0104  -0.00029   0.00065 -9.13e-05   0.00924  -0.00112  -0.00085 -0.000186  4.85e-05   0.00324 -0.000473     0.102   0.00361  -0.00324   0.00956   -0.0175    0.0111   -0.0174    -0.017   -0.0066 -0.000963   -0.0143   0.00943   0.00688   0.00225  5.65e-05   0.00546   0.00101 -3.08e-06   0.00956   0.00103   0.00133  -0.00682
   0.0391 -0.000222  -0.00233 -0.000526 -0.000725 -0.000376  9.78e-16  9.78e-16  8.23e-06    0.0003  3.39e-16 -0.000372  0.000191 -2.64e-05 -0.000406 -8.06e-05 -0.000103 -0.000115 -0.000282 -0.000356   -0.0001  -0.00145 -0.000515 -0.000666    -0.011 -0.000293  -0.00103 -0.000323 -0.000332 -0.000933 -9.54e-05 -0.000169 -0.000306 -0.000202  -0.00519  -0.00158 -7.91e-07   6.4e-05  9.48e-05   -0.0017 -7.85e-07  -0.00014  -0.00311  -0.00908  -0.00307   -0.0277   3.5e-06  -0.00697   -0.0145   -0.0254   -0.0115  -0.00157   -0.0038  -0.00634  -0.00423  -0.00304  -0.00481         1  -0.00177  -0.00198  -0.00121  -0.00361  -0.00032 -0.000161 -0.000661 -7.14e-05  -0.00623  -0.00168  -0.00138  0.000365 -0.000122 -9.69e-06  4.03e-07  1.87e-07 -8.19e-09  -0.00359  0.000376 -0.000442 -1.85e-05 -0.000546 -0.000376 -0.000549 -0.000136  -0.00133  0.000391 -0.000647    0.0421   0.00135  -0.00652    0.0136     0.004    0.0143  0.000904   0.00331  -0.00613  0.000238  -0.00347 -0.000429  -0.00304 -0.000235  2.13e-05  9.04e-05  5.42e-05 -1.87e-05 -0.000416 -0.000568  0.000234  -0.00147
   0.0156  -0.00104 -0.000883 -0.000651 -0.000987 -0.000287  5.38e-16  5.38e-16 -2.73e-05 -0.000473  1.62e-16 -0.000466 -0.000502 -7.01e-05 -0.000483 -0.000109 -0.000138  -0.00038 -0.000821  6.78e-05  8.34e-05 -0.000329   0.00047 -0.000311  -0.00584 -0.000926 -0.000688 -4.42e-05 -1.26e-05  -0.00102 -5.99e-05 -0.000269 -0.000413  3.28e-05  -0.00677  -0.00191   3.2e-07   0.00013  8.39e-05  -0.00249  8.99e-06   1.6e-05  -0.00335  -0.00793  -0.00222   -0.0193  6.42e-05  -0.00611    -0.014   -0.0256   -0.0108  -0.00831  -0.00495  -0.00856  -0.00266  -0.00305    -0.005  -0.00177         1  -0.00465  -0.00225  -0.00376 -5.59e-05 -0.000742 -0.000403 -9.15e-05  -0.00848  -0.00128  -0.00229   -0.0011 -6.83e-05 -2.04e-06  2.28e-06   8.2e-07  3.79e-08  -0.00706 -0.000103 -7.06e-05  6.15e-05   -0.0022  0.000657  0.000419  0.000138   0.00107 -0.000999 -0.000838    0.0337 -0.000927  -0.00615   -0.0252    0.0118   -0.0173  -0.00928  -0.00565   -0.0226  -0.00134   0.00468  -0.00321   -0.0019 -0.000371  1.91e-05   -0.0021 -0.000386 -2.06e-05  -0.00528   -0.0026 -0.000275   -0.0029
     0.02  -0.00068  -0.00617  -0.00227  -0.00401  -0.00138 -1.22e-15 -1.22e-15  7.93e-05 -0.000521  -2.1e-15  -0.00112 -0.000913 -0.000168  -0.00149 -0.000216 -0.000252 -0.000946  -0.00193  0.000155   0.00013  -0.00352  -0.00157 -0.000966  -0.00849   -0.0023   -0.0011 -0.000416 -0.000607 -0.000929  -0.00108 -0.000678 -0.000736 -2.71e-05 -0.000691  -0.00114  4.63e-07  0.000666  0.000177 -0.000333  3.91e-05 -0.000561  -0.00163   -0.0027  -0.00127   -0.0142 -7.11e-05  -0.00688   -0.0204   -0.0246   -0.0121  -0.00998  -0.00998   -0.0149  -0.00504  -0.00313    -0.012  -0.00198  -0.00465         1  -0.00303     0.006  0.000724  -0.00081 -0.000913  -0.00033   -0.0283   -0.0151  -0.00551   0.00103 -0.000429  3.03e-05 -5.84e-06 -3.96e-07 -4.34e-08   0.00491  -0.00181  0.000661 -0.000107   0.00198  -0.00171  -0.00131 -0.000414  -0.00357   0.00171 -0.000507    0.0764   0.00401   0.00147   -0.0144   0.00233   -0.0201   -0.0277  -0.00514  -0.00861  0.000772   -0.0228   0.00186  -0.00211  0.000227 -0.000213  0.000276  3.48e-05 -2.32e-05   0.00139  -0.00367   0.00111  -0.00673
   0.0719  0.000461   -0.0029    -0.003   -0.0081  -0.00232  3.02e-16  3.02e-16  1.91e-05 -4.92e-06 -2.24e-16  -0.00117  -0.00435 -0.000443  -0.00194 -0.000279 -0.000353   -0.0026   -0.0055 -0.000628 -5.46e-05  -0.00072 -8.28e-05 -8.89e-05   -0.0145  -0.00107  -0.00101  8.37e-05  0.000182  -0.00227  5.33e-05 -0.000504  0.000136 -4.99e-05   -0.0152  -0.00199  1.34e-06 -0.000245 -0.000155  -0.00467 -4.99e-06  0.000211  -0.00399  -0.00905  7.84e-05    -0.056 -1.05e-06   0.00285  -0.00707  -0.00824  -0.00279  -0.00563   -0.0105   -0.0115  -0.00139 -0.000229  -0.00725  -0.00121  -0.00225  -0.00303         1   0.00224  -0.00146  -0.00157 -0.000205 -4.01e-06   -0.0879   -0.0194   -0.0147    -0.002 -0.000345  3.19e-06  -4.7e-07  4.63e-07 -2.99e-09   0.00448  -0.00064 -1.08e-05  5.54e-06   0.00414  0.000213  0.000401  0.000116   0.00138  0.000564  0.000759    0.0155  -0.00221   0.00641   0.00152   -0.0216  -0.00251   0.00439   -0.0339  -0.00772  -0.00154   0.00398   0.00375    0.0079  0.000826  4.17e-05    0.0022  0.000342  2.97e-05  0.000222   0.00215  0.000429   -0.0152
     0.12  -0.00275   0.00177   0.00353   0.00798   0.00278  3.43e-15  3.43e-15 -0.000199  0.000456  2.66e-15   0.00139   0.00192  0.000308    0.0021  0.000278  0.000328   0.00188   0.00385 -0.000634 -0.000369  -0.00244  -0.00199 -0.000667   -0.0118  0.000114  -0.00291 -0.000817 -0.000173  -0.00284  0.000742 -0.000756  -0.00153 -0.000755  -0.00833  -0.00608 -1.09e-06 -0.000145  0.000183  -0.00505  -7.3e-06  0.000273  -0.00776    -0.019    -0.014   -0.0337   0.00017   -0.0198   -0.0228   -0.0557   -0.0237    -0.009   0.00491  -0.00104  -0.00459  -0.00846  0.000721  -0.00361  -0.00376     0.006   0.00224         1   0.00193  0.000962  0.000893  0.000331    0.0313    0.0324   0.00896  -0.00331  0.000333 -3.09e-05  1.02e-05  9.52e-07  2.31e-08   -0.0138   0.00348  -0.00115  8.28e-05   -0.0044   0.00133   0.00058  0.000275   0.00222  -0.00211  -0.00136    -0.162  -0.00253   -0.0294   -0.0186   -0.0144    0.0178   0.00408    0.0117    -0.023  -0.00284    0.0332  -0.00393  -0.00421 -0.000425   0.00021  -0.00178 -0.000248 -5.02e-05  -0.00211  -0.00091   -0.0022    0.0122
  0.00306   0.00044  0.000608  -0.00139  -0.00259 -0.000803 -1.49e-17 -1.49e-17 -3.55e-06 -0.000244  3.95e-16 -0.000582 -0.000964 -0.000126 -0.000862 -0.000125 -0.000164  -0.00073  -0.00157 -0.000308 -4.19e-05 -7.18e-05  0.000308  0.000207    -0.005  0.000346  0.000489  0.000127 -3.71e-05  3.82e-05  5.51e-05   0.00024  0.000407  9.48e-05  -0.00727 -0.000657 -2.11e-07 -0.000303 -0.000123 -0.000718 -1.94e-05   -0.0002  -0.00161  -0.00447   0.00094   -0.0129 -4.05e-05    0.0029   0.00506   0.00852   0.00326   0.00265  0.000559   0.00188 -0.000109 -6.96e-05   0.00125  -0.00032 -5.59e-05  0.000724  -0.00146   0.00193         1  -0.00119  -0.00111 -0.000229  -0.00549  -0.00837  -0.00157  -0.00015  1.12e-05 -3.31e-05 -3.04e-06 -2.37e-07 -1.88e-08   -0.0057  -0.00192 -0.000455 -4.98e-05  -0.00654 -0.000679 -0.000389 -0.000174  -0.00174  -0.00133  -0.00133    0.0278  -0.00304  0.000122  -0.00473  -0.00211  -0.00703   0.00403  -0.00534   -0.0111  -0.00059   -0.0189  -0.00762   -0.0124   -0.0017 -0.000108  -0.00401 -0.000699 -4.41e-06  -0.00822  -0.00435 -0.000422  -0.00564
  -0.0027  0.000199 -8.33e-05 -0.000939   -0.0019 -0.000576 -4.49e-17 -4.49e-17  3.52e-05 -0.000204   2.2e-16  -0.00041 -0.000806 -9.85e-05 -0.000605 -8.91e-05 -0.000116 -0.000568  -0.00121 -1.43e-05  2.79e-05     9e-06  0.000484  0.000201   -0.0025  1.29e-05  0.000262   0.00017  0.000115 -0.000166  0.000128  0.000119  0.000186  0.000153  -0.00477 -0.000168  2.38e-07 -9.87e-05 -5.55e-05 -0.000623 -5.09e-06 -7.18e-05  -0.00124  -0.00319   0.00038  -0.00897 -9.22e-06   0.00174   0.00105   0.00218  0.000491   0.00031 -0.000801 -0.000194 -0.000572 -0.000656 -0.000279 -0.000161 -0.000742  -0.00081  -0.00157  0.000962  -0.00119         1 -0.000648 -0.000139  -0.00857  -0.00558  -0.00208  -0.00038 -3.41e-05 -2.13e-05 -2.28e-06 -9.11e-08 -9.89e-09  -0.00321  -0.00104 -0.000268 -1.87e-05  -0.00329   -0.0003 -0.000148 -9.65e-05  -0.00105 -0.000747 -0.000372    0.0185  -0.00191  0.000503  -0.00871  -0.00525  -0.00922  0.000949  -0.00761  -0.00989 -0.000574  -0.00345  -0.00389  -0.00561 -0.000801 -0.000112  -0.00211 -0.000362 -1.29e-06  -0.00472  -0.00253 -0.000201  -0.00404
  0.00991  0.000138 -0.000602 -0.000897  -0.00167 -0.000641 -3.32e-16 -3.32e-16 -1.45e-06 -0.000258 -1.24e-16 -0.000389 -0.000195 -6.25e-05 -0.000571 -8.33e-05 -0.000105  -0.00035 -0.000757 -0.000408 -2.23e-05 -0.000982 -0.000734 -0.000228  -0.00827  0.000117  0.000126 -8.06e-05 -0.000201 -0.000159 -0.000152  8.32e-05  7.08e-06 -5.28e-05  -0.00526  -0.00121 -7.46e-07 -5.32e-05 -4.22e-05 -0.000579 -5.54e-06 -0.000265  -0.00205   -0.0062 -0.000808   -0.0147 -3.75e-05 -0.000141  0.000629   0.00164  0.000207   0.00177  0.000844  0.000859  -0.00067 -0.000312   0.00036 -0.000661 -0.000403 -0.000913 -0.000205  0.000893  -0.00111 -0.000648         1 -0.000215    0.0019  -0.00578  -0.00051  0.000563 -2.08e-05 -2.12e-05 -3.31e-06 -4.07e-07 -2.03e-08  -0.00433  -0.00128  -0.00029 -4.97e-05  -0.00481 -0.000753 -0.000568 -0.000202  -0.00215 -0.000741 -0.000961    0.0113 -0.000583  -0.00103  -0.00338   0.00345  -0.00591  -0.00195   0.00202  -0.00632  0.000307   -0.0152  -0.00536  -0.00952  -0.00129 -0.000107  -0.00302 -0.000525 -1.43e-05  -0.00555  -0.00355 -0.000177   -0.0033
  0.00164  1.29e-05 -0.000112 -0.000264 -0.000345 -0.000107 -5.72e-17 -5.72e-17 -2.08e-05 -0.000139 -2.69e-17 -0.000106 -6.56e-05 -1.25e-05 -0.000163  -1.7e-05 -2.12e-05 -6.88e-05 -0.000146 -2.99e-05 -3.98e-07 -0.000496 -0.000142   5.8e-06 -0.000738 -5.49e-05   2.8e-05 -2.42e-05 -7.68e-05  3.72e-05 -6.36e-05  1.31e-05  1.64e-05 -1.63e-05 -0.000684 -0.000219 -2.65e-07 -1.13e-06 -1.12e-05 -2.64e-06 -7.56e-07 -0.000115 -0.000181 -0.000326 -5.48e-05 -0.000513 -8.81e-06 -0.000136  3.04e-05  0.000488 -0.000158  4.89e-05   8.2e-06  9.69e-05 -0.000152  -0.00017  3.29e-05 -7.14e-05 -9.15e-05  -0.00033 -4.01e-06  0.000331 -0.000229 -0.000139 -0.000215         1  0.000176  -0.00143 -9.21e-05  5.31e-05 -2.26e-05 -8.47e-06 -1.65e-06 -2.32e-07 -1.72e-08 -0.000326 -0.000403 -8.08e-05 -2.76e-05  -0.00134 -0.000441 -0.000367 -0.000129  -0.00152 -5.54e-05  -0.00026   0.00272 -0.000283  -0.00043 -0.000275  -0.00142 -0.000885  -0.00116 -4.38e-05  -0.00152  2.78e-05  -0.00687  -0.00124  -0.00256 -0.000518 -5.33e-05 -0.000758 -0.000158 -4.05e-06 -0.000972  -0.00104    -1e-05 -0.000668
    0.563   0.00489   -0.0296   -0.0225   -0.0622   -0.0176  4.54e-16  4.54e-16  0.000148   0.00091 -5.24e-15  -0.00826   -0.0338  -0.00335   -0.0144  -0.00191  -0.00238   -0.0198   -0.0416  -0.00382 -0.000431   -0.0106  -0.00365 -0.000812   -0.0889   -0.0104  -0.00913  4.46e-05  0.000813   -0.0166 -0.000794  -0.00486   0.00071 -0.000807    -0.085  -0.00978  1.07e-05 -0.000889  -0.00104   -0.0296  2.58e-05   0.00129   -0.0185   -0.0334   0.00478    -0.371 -0.000146    0.0252   -0.0573   -0.0477   -0.0175   -0.0446   -0.0896   -0.0952  -0.00962   0.00246    -0.064  -0.00623  -0.00848   -0.0283   -0.0879    0.0313  -0.00549  -0.00857    0.0019  0.000176         1    -0.153    -0.119   -0.0132  -0.00336  0.000121  -1.5e-05  7.77e-07 -2.35e-07    0.0848   -0.0024   0.00181 -0.000239    0.0599  -0.00226 -0.000161 -8.37e-05  0.000821    0.0142    0.0116     0.057  -0.00514    0.0705    0.0942    -0.229    0.0379    0.0215    -0.267    0.0202  -0.00743    0.0199    0.0645     0.102    0.0111  0.000157     0.036   0.00574  0.000295    0.0446    0.0325   0.00707    -0.111
    0.102   0.00333  -0.00981   -0.0119   -0.0264  -0.00857 -4.17e-15 -4.17e-15   8.6e-05  -0.00171 -3.75e-15  -0.00475  -0.00914   -0.0012  -0.00745  -0.00102  -0.00126  -0.00701   -0.0148  -0.00241  4.11e-06  -0.00636  -0.00355 -0.000847   -0.0494  -0.00187  0.000831    -7e-06  -0.00106  -0.00184  -0.00181 -0.000126   0.00126  1.88e-05    -0.037  -0.00441 -9.97e-07 -0.000415 -0.000571  -0.00478 -2.35e-05  -0.00156  -0.00808   -0.0219   0.00701    -0.116 -0.000381    0.0173   0.00896    0.0409    0.0151   0.00484   -0.0165   -0.0138  -0.00199   0.00454   -0.0115  -0.00168  -0.00128   -0.0151   -0.0194    0.0324  -0.00837  -0.00558  -0.00578  -0.00143    -0.153         1   -0.0308   0.00251 -0.000993 -6.32e-05 -2.85e-05 -2.87e-06 -1.94e-07   0.00428   -0.0108 -0.000211 -0.000427   -0.0127  -0.00611  -0.00392  -0.00143    -0.014  0.000233    -0.003     0.187  -0.00321    0.0278   0.00903   -0.0185   -0.0395   -0.0142   -0.0487   -0.0152   0.00171    -0.122   -0.0152   -0.0332  -0.00505 -0.000702  -0.00907  -0.00176   1.2e-05   -0.0204   -0.0141   0.00181   -0.0478
   0.0749    0.0016  -0.00512  -0.00416   -0.0124  -0.00399 -5.69e-16 -5.69e-16  0.000104 -0.000251 -9.49e-16  -0.00161  -0.00525 -0.000609  -0.00272 -0.000394  -0.00049   -0.0036  -0.00757 -0.000684  0.000199 -1.38e-05  0.000576 -0.000145   -0.0216  -0.00102  -0.00039  0.000524  0.000598  -0.00241  0.000261 -0.000202  0.000409  0.000138   -0.0184 -0.000788  6.55e-07  3.01e-05 -0.000188  -0.00549  1.34e-05  0.000401  -0.00436   -0.0128   0.00242   -0.0772  4.01e-05   0.00858  -0.00659  -0.00328 -0.000581  -0.00227   -0.0149   -0.0142 -0.000434    0.0028  -0.00834  -0.00138  -0.00229  -0.00551   -0.0147   0.00896  -0.00157  -0.00208  -0.00051 -9.21e-05    -0.119   -0.0308         1 -0.000936 -0.000612 -3.38e-06 -4.75e-06  1.84e-07  3.32e-09   0.00926  0.000523   1.6e-05  6.85e-05   0.00995  0.000607  0.000441  9.28e-05  -0.00038   0.00199   0.00356    0.0514  0.000616     0.017    0.0176   -0.0147  -0.00136   0.00814   -0.0435   0.00202  0.000252    0.0274     0.011    0.0234   0.00163 -3.69e-05   0.00576  0.000869     5e-05   0.00473   0.00732   0.00175   -0.0211
   0.0111 -0.000405   0.00126 -1.77e-05  0.000214  0.000383  8.42e-16  8.42e-16 -5.53e-05 -6.53e-05  7.39e-16  4.16e-06 -0.000952 -3.78e-05 -7.48e-06  3.92e-06 -1.66e-06  -0.00022 -0.000473  0.000304 -3.34e-05  0.000329     0.001  0.000484    0.0059 -0.000322 -0.000302  0.000106  0.000191 -0.000371  0.000258 -0.000149   7.9e-05  7.21e-05   -0.0015  -0.00011  9.74e-07 -0.000184 -3.42e-05  -0.00095 -6.92e-06   0.00014  7.12e-05   0.00251 -1.92e-05   0.00365  3.98e-05 -0.000402  -0.00155  -0.00472    -0.002  -0.00433  -0.00177  -0.00198 -0.000125  -0.00145 -0.000799  0.000365   -0.0011   0.00103    -0.002  -0.00331  -0.00015  -0.00038  0.000563  5.31e-05   -0.0132   0.00251 -0.000936         1     2e-05 -6.92e-06  1.87e-06  3.85e-07  -1.6e-09 -0.000182  -6.4e-06 -9.66e-05  1.17e-05 -0.000382  0.000247  0.000269  6.43e-05  0.000564  -0.00047 -0.000238   -0.0133  -0.00304  -0.00264   -0.0106   -0.0144  -0.00269   0.00236   -0.0118  -0.00947  -0.00189   0.00318 -0.000522  0.000569 -9.77e-05  1.97e-05 -0.000177  -6.8e-05  7.42e-06 -0.000667  -0.00028 -0.000467 -0.000653
 -0.00345  2.88e-05 -0.000321 -0.000149  -0.00032 -0.000101 -1.57e-17 -1.57e-17 -1.92e-06 -1.98e-05 -6.81e-17 -6.02e-05 -0.000114 -1.42e-05 -9.67e-05 -1.11e-05 -1.31e-05  -8.2e-05  -0.00017  2.14e-06  3.84e-06 -0.000231 -5.28e-05 -2.13e-05  -0.00041 -9.65e-05 -5.93e-05 -1.21e-05 -2.27e-05 -5.48e-05 -3.19e-05 -2.47e-05  -8.2e-06 -8.27e-06 -0.000127 -1.44e-05 -4.21e-08  2.37e-05  2.07e-06 -6.07e-05  1.43e-06 -2.75e-05 -2.46e-05  1.67e-05  5.61e-06  -0.00126 -2.09e-06 -0.000121 -0.000856 -0.000896 -0.000523 -0.000271 -0.000634 -0.000704 -0.000205 -7.47e-05 -0.000534 -0.000122 -6.83e-05 -0.000429 -0.000345  0.000333  1.12e-05 -3.41e-05 -2.08e-05 -2.26e-05  -0.00336 -0.000993 -0.000612     2e-05         1 -6.14e-07 -6.01e-07 -7.35e-08 -6.93e-09  0.000733 -3.02e-05  2.18e-06 -9.04e-06  0.000311 -0.000153 -0.000138 -4.59e-05 -0.000538  0.000189  7.51e-05   0.00296  0.000167  0.000286   0.00149  -0.00138  0.000755 -0.000499  -0.00096  0.000394  6.25e-05  -0.00115  0.000467  0.000443 -1.52e-05 -1.58e-05   0.00023   2.9e-05   2.7e-07  0.000504  0.000101  9.81e-05 -0.000489
 0.000436  5.26e-06   1.8e-05 -1.69e-05 -1.97e-05 -6.03e-06  7.22e-18  7.22e-18 -1.99e-06 -1.27e-05  1.66e-17  -6.5e-06 -3.37e-06 -7.38e-07 -1.08e-05    -1e-06 -1.41e-06 -3.85e-06 -8.66e-06 -1.57e-06  2.93e-07 -2.91e-05  6.14e-06  7.94e-06 -5.69e-05   7.9e-06  9.02e-06  2.66e-06 -8.89e-07     4e-06  4.64e-06  7.05e-06  5.77e-06  5.23e-07 -0.000115 -1.53e-05 -3.08e-08 -3.03e-06 -1.83e-06 -1.14e-05 -2.41e-07 -7.64e-06 -3.06e-05 -8.16e-05 -1.16e-05 -0.000114  1.63e-07  1.39e-05  5.61e-05  6.43e-05 -9.54e-06  5.53e-05  3.72e-05  7.43e-05 -7.07e-06 -2.12e-05  5.97e-05 -9.69e-06 -2.04e-06  3.03e-05  3.19e-06 -3.09e-05 -3.31e-05 -2.13e-05 -2.12e-05 -8.47e-06  0.000121 -6.32e-05 -3.38e-06 -6.92e-06 -6.14e-07         1 -1.52e-07 -2.06e-08 -1.52e-09 -0.000106 -2.49e-05 -1.76e-05 -1.84e-06 -0.000162 -3.33e-05 -3.07e-05 -1.16e-05 -0.000152 -1.93e-05 -1.61e-05  3.32e-05 -6.16e-05  -7.9e-05 -5.14e-06 -0.000216 -1.17e-05  7.29e-05 -5.55e-05 -0.000232 -6.43e-06 -0.000373 -0.000147 -0.000238 -5.85e-05 -5.57e-06 -8.43e-05 -1.74e-05 -3.38e-07 -0.000129 -8.89e-05  -7.5e-06 -4.57e-05
-8.74e-06  1.23e-06 -4.06e-06 -4.62e-06 -7.08e-06 -2.25e-06 -2.04e-18 -2.04e-18 -2.97e-07 -2.31e-06 -1.35e-18 -1.61e-06  -1.4e-06 -2.39e-07 -2.83e-06 -2.31e-07 -2.78e-07 -1.34e-06 -2.77e-06 -3.79e-07  5.95e-08 -1.01e-05 -3.46e-06  2.95e-07 -1.06e-05 -9.32e-07  7.12e-07 -3.33e-07 -1.21e-06  8.76e-07 -1.08e-06   2.6e-07  3.35e-07  -2.9e-07 -5.92e-06 -1.98e-06 -5.04e-09  2.71e-07 -2.23e-07  1.69e-06  6.89e-09 -2.11e-06 -7.11e-07  2.72e-07  -1.3e-07 -5.86e-07  -1.9e-07  2.74e-06  6.48e-06  2.45e-05  2.69e-06  5.62e-06  6.56e-07  5.06e-06 -1.39e-06 -8.81e-07  1.73e-06  4.03e-07  2.28e-06 -5.84e-06  -4.7e-07  1.02e-05 -3.04e-06 -2.28e-06 -3.31e-06 -1.65e-06  -1.5e-05 -2.85e-05 -4.75e-06  1.87e-06 -6.01e-07 -1.52e-07         1 -5.52e-09 -3.84e-10  7.59e-06 -6.37e-06 -1.26e-06 -5.73e-07 -1.73e-05  -9.1e-06 -7.59e-06 -2.68e-06 -3.15e-05  1.51e-06 -1.86e-06 -4.47e-07 -2.09e-06  1.48e-06  1.83e-05 -5.23e-05 -3.36e-06  -1.9e-05 -5.96e-06 -2.68e-06  2.38e-06 -0.000111 -1.27e-05 -3.36e-05 -8.25e-06 -1.15e-06 -8.59e-06 -2.02e-06 -4.85e-08 -6.45e-06 -1.39e-05  8.51e-07 -1.14e-05
 8.24e-06  1.33e-07 -5.91e-07  -4.7e-07  -5.6e-07 -1.73e-07 -3.34e-19 -3.34e-19 -5.95e-08 -2.99e-07 -2.61e-19 -1.23e-07 -1.84e-08 -9.54e-09 -2.75e-07 -7.07e-09 -6.49e-09 -4.79e-08 -9.11e-08 -1.27e-07 -2.37e-08 -1.85e-06 -9.29e-07 -1.85e-08 -1.69e-06 -1.09e-07  5.23e-09 -1.39e-07 -2.59e-07  1.35e-07 -2.18e-07 -1.03e-08 -2.02e-08 -1.18e-07  1.41e-08 -4.84e-07 -9.08e-10  4.38e-08 -3.04e-08   4.3e-07  9.46e-10  -3.5e-07  2.82e-08  4.66e-07 -4.75e-07  1.54e-06 -3.67e-08 -8.52e-08  1.45e-06  4.39e-06  6.84e-07  1.14e-06  9.56e-07  1.57e-06 -5.38e-08 -6.43e-08  7.19e-07  1.87e-07   8.2e-07 -3.96e-07  4.63e-07  9.52e-07 -2.37e-07 -9.11e-08 -4.07e-07 -2.32e-07  7.77e-07 -2.87e-06  1.84e-07  3.85e-07 -7.35e-08 -2.06e-08 -5.52e-09         1 -6.48e-11  1.92e-06 -8.94e-07 -1.64e-07 -9.95e-08 -2.47e-06 -1.51e-06 -1.25e-06  -4.3e-07 -4.94e-06  3.46e-07 -3.43e-07 -1.38e-05 -2.07e-08 -3.14e-07  4.83e-06  -9.2e-06  1.99e-06 -3.25e-06   1.5e-06   2.3e-06  5.08e-07 -1.89e-05 -1.62e-06 -5.34e-06 -1.23e-06 -1.66e-07 -1.13e-06 -2.75e-07 -8.61e-09 -1.68e-07 -1.99e-06  9.06e-08 -6.93e-07
-5.55e-07  1.04e-09 -4.54e-08  -4.2e-08 -3.57e-08  -4.5e-09 -9.16e-22 -9.16e-22 -5.52e-09 -1.86e-08 -7.06e-21 -1.33e-08 -1.65e-08 -1.27e-09 -2.49e-08 -1.01e-09 -1.18e-09 -6.52e-09 -1.31e-08 -1.21e-09 -3.82e-09  -1.5e-07 -5.15e-08  3.84e-09  1.36e-08 -2.29e-08  -1.5e-08 -1.27e-08 -2.18e-08  3.96e-09 -1.69e-08 -6.52e-09 -8.32e-10 -8.74e-09  1.91e-08 -3.31e-08 -4.85e-11  8.62e-10 -1.63e-09  2.47e-08 -6.08e-11 -2.71e-08  1.71e-08  1.33e-07 -3.49e-08  2.53e-07 -2.64e-09 -7.72e-08 -5.47e-08  5.03e-08 -8.09e-08 -2.79e-08 -1.77e-08  1.78e-09 -5.04e-08  -6.2e-08 -3.24e-08 -8.19e-09  3.79e-08 -4.34e-08 -2.99e-09  2.31e-08 -1.88e-08 -9.89e-09 -2.03e-08 -1.72e-08 -2.35e-07 -1.94e-07  3.32e-09  -1.6e-09 -6.93e-09 -1.52e-09 -3.84e-10 -6.48e-11         1  1.83e-07 -7.29e-08 -1.34e-08 -8.33e-09 -1.75e-07 -1.23e-07 -1.01e-07 -3.45e-08 -3.86e-07  3.44e-08 -4.21e-08 -4.95e-07    -4e-08 -1.12e-07   3.9e-07 -1.01e-06  3.06e-07 -2.36e-07 -7.16e-08  1.82e-08  4.23e-09 -1.62e-06  -1.1e-07 -4.31e-07 -9.26e-08 -1.21e-08 -7.14e-08 -1.87e-08 -5.95e-10  1.96e-08 -1.62e-07   4.7e-09    -6e-08
    0.126   -0.0011   0.00595  -0.00021  0.000545 -0.000388  1.07e-15  1.07e-15   4.4e-05  -0.00087  2.95e-15 -0.000549   0.00176  3.03e-05 -0.000261 -0.000196 -0.000282  0.000267  0.000334  -0.00153 -3.35e-05   0.00354   0.00104 -0.000461    -0.032   0.00268   0.00144  0.000321  0.000256 -0.000677  0.000955   0.00109   5.4e-05  0.000223   -0.0315  -0.00634 -1.95e-06 -0.000824 -0.000123  -0.00537  -5.9e-05  2.91e-05   -0.0134   -0.0417  -0.00639   -0.0666  7.93e-05  -0.00469   0.00477   -0.0116  -0.00297   0.00686     0.013    0.0115  -0.00157  -0.00387    0.0104  -0.00359  -0.00706   0.00491   0.00448   -0.0138   -0.0057  -0.00321  -0.00433 -0.000326    0.0848   0.00428   0.00926 -0.000182  0.000733 -0.000106  7.59e-06  1.92e-06  1.83e-07         1  -0.00282  -0.00207  0.000218   -0.0304   0.00298   0.00244   0.00073   0.00741  -0.00977  -0.00595    0.0409  -0.00912   -0.0221   -0.0733    0.0692   -0.0532   0.00931    0.0222   -0.0712  -0.00246   0.00266   -0.0377   -0.0476  -0.00535  5.49e-05   -0.0203  -0.00326 -8.59e-05   -0.0436   -0.0176  -0.00366   -0.0041
   0.0159 -1.67e-05 -0.000163  -0.00187  -0.00255 -0.000643 -5.99e-16 -5.99e-16 -6.73e-05  -0.00053 -3.63e-16 -0.000742  -0.00109 -0.000123  -0.00111 -0.000133 -0.000167 -0.000699  -0.00148 -0.000326 -0.000119  -0.00225  -0.00112  4.21e-05  -0.00331 -0.000393  0.000144 -0.000232 -0.000535  0.000159 -0.000569 -9.56e-05  0.000168 -6.25e-05   -0.0046  -0.00148 -1.61e-07 -0.000234 -0.000115  0.000256 -1.62e-05 -0.000639 -0.000868 -0.000332  0.000474 -0.000885 -0.000116  0.000715   0.00441    0.0108   0.00334 -0.000457  0.000769   0.00097  -0.00057 -0.000925  -0.00029  0.000376 -0.000103  -0.00181  -0.00064   0.00348  -0.00192  -0.00104  -0.00128 -0.000403   -0.0024   -0.0108  0.000523  -6.4e-06 -3.02e-05 -2.49e-05 -6.37e-06 -8.94e-07 -7.29e-08  -0.00282         1  -0.00015 -0.000172  -0.00913  -0.00224  -0.00143 -0.000506  -0.00452  -0.00112  -0.00276    0.0158  -0.00313  -0.00123   -0.0131  -0.00999   -0.0143  -0.00814  -0.00252   -0.0117 -0.000713   -0.0504   -0.0104   -0.0214  -0.00254 -0.000216   -0.0058  -0.00104 -1.74e-05  -0.00902   -0.0083 -0.000559  -0.00583
  0.00939  5.59e-05  0.000189 -0.000142 -0.000153 -6.15e-05  2.35e-16  2.35e-16 -1.75e-05 -7.51e-05  3.22e-16 -6.46e-05  1.04e-05 -5.82e-06 -9.95e-05 -1.21e-05  -1.8e-05 -2.55e-05 -6.76e-05 -7.41e-05 -1.29e-05 -0.000287  7.38e-05  4.92e-05  -0.00184  0.000167  3.11e-05  1.76e-05 -4.83e-06  -5.9e-05  0.000104  8.84e-05   5.1e-05 -9.29e-06  -0.00209 -0.000332 -4.08e-07  -5.6e-05 -1.72e-05 -0.000362 -4.33e-06 -6.42e-05 -0.000757  -0.00223  -0.00052  -0.00468  5.93e-06 -0.000318 -0.000149  -0.00122 -0.000901  0.000887  0.000479  0.000796 -0.000373 -0.000493   0.00065 -0.000442 -7.06e-05  0.000661 -1.08e-05  -0.00115 -0.000455 -0.000268  -0.00029 -8.08e-05   0.00181 -0.000211   1.6e-05 -9.66e-05  2.18e-06 -1.76e-05 -1.26e-06 -1.64e-07 -1.34e-08  -0.00207  -0.00015         1 -1.44e-05  -0.00199  -0.00028 -0.000291  -0.00011  -0.00148 -0.000305 -0.000216  0.000774 -0.000739   -0.0017   0.00117  -0.00205   0.00163   0.00216 -0.000212  -0.00336 -0.000102  -0.00237  -0.00188  -0.00296 -0.000651 -4.99e-05 -0.000995 -0.000191 -4.92e-06  -0.00176  -0.00094 -0.000131 -0.000457
 0.000542 -5.19e-06 -8.69e-05 -8.46e-05 -7.57e-05 -1.22e-05  -1.4e-17  -1.4e-17 -7.96e-06 -2.46e-05 -2.61e-17 -2.94e-05 -3.29e-05 -2.98e-06 -4.95e-05 -3.35e-06 -4.01e-06 -1.57e-05 -3.26e-05 -1.39e-05 -1.05e-05 -0.000258 -0.000119 -5.57e-06 -0.000105 -4.24e-05 -3.12e-05    -3e-05 -4.74e-05  3.01e-06 -4.17e-05 -1.72e-05 -4.79e-06 -1.74e-05 -1.44e-05 -8.72e-05 -6.13e-08 -2.84e-06 -3.06e-06  4.71e-05 -3.99e-07 -4.99e-05  3.47e-06  0.000167 -6.86e-05  0.000291 -6.96e-06 -0.000163 -6.33e-05  0.000166 -8.13e-05  -6.1e-05 -2.42e-07 -7.87e-06 -0.000104 -0.000116 -9.13e-05 -1.85e-05  6.15e-05 -0.000107  5.54e-06  8.28e-05 -4.98e-05 -1.87e-05 -4.97e-05 -2.76e-05 -0.000239 -0.000427  6.85e-05  1.17e-05 -9.04e-06 -1.84e-06 -5.73e-07 -9.95e-08 -8.33e-09  0.000218 -0.000172 -1.44e-05         1  -0.00038 -0.000209  -0.00016 -5.35e-05 -0.000547  3.28e-05 -0.000126 -0.000478 -7.57e-05 -0.000212   0.00037  -0.00148  0.000263 -0.000551   3.6e-05 -7.75e-05 -8.48e-08  -0.00332  -0.00033  -0.00104 -0.000154 -1.78e-05 -0.000192    -4e-05 -1.25e-06 -0.000111 -0.000381 -5.21e-06 -0.000154
   0.0633 -0.000774   0.00401  -0.00325  -0.00233  -0.00057 -2.22e-16 -2.22e-16 -0.000328  -0.00211  1.39e-15  -0.00138 -0.000275 -9.37e-05  -0.00194  -0.00024 -0.000323 -0.000445  -0.00107  -0.00132 -0.000302  -0.00563  -0.00252  0.000225   -0.0183  0.000784   0.00103 -0.000481  -0.00125  0.000538 -0.000636  0.000482  0.000328 -0.000258   -0.0223  -0.00681 -3.51e-06 -0.000878 -0.000324  -0.00133 -6.54e-05  -0.00177  -0.00764   -0.0182  -0.00413   -0.0173  -0.00018   -0.0032     0.014    0.0186   0.00404   0.00424    0.0126    0.0138  -0.00134  -0.00474   0.00924 -0.000546   -0.0022   0.00198   0.00414   -0.0044  -0.00654  -0.00329  -0.00481  -0.00134    0.0599   -0.0127   0.00995 -0.000382  0.000311 -0.000162 -1.73e-05 -2.47e-06 -1.75e-07   -0.0304  -0.00913  -0.00199  -0.00038         1  -0.00541  -0.00393  -0.00144   -0.0156  -0.00693  -0.00898   -0.0056   -0.0123   -0.0202   -0.0536  -0.00466   -0.0429    -0.012    0.0128   -0.0575  -0.00247    -0.124   -0.0427   -0.0746   -0.0106  -0.00068   -0.0239   -0.0043 -9.86e-05   -0.0393    -0.028  -0.00325   -0.0089
-7.66e-05 -2.18e-05  -0.00125  -0.00121   -0.0011 -0.000217 -1.82e-16 -1.82e-16 -0.000123 -0.000466 -3.23e-16 -0.000433 -0.000336 -3.71e-05 -0.000721 -4.88e-05 -5.82e-05 -0.000192 -0.000393 -0.000122 -0.000106  -0.00369  -0.00146 -3.65e-05  -0.00123 -0.000582 -0.000336 -0.000365 -0.000631  0.000139 -0.000541 -0.000167 -3.91e-05 -0.000219 -0.000127  -0.00106 -1.17e-06  1.06e-05 -3.62e-05  0.000675 -3.12e-06 -0.000722  0.000109   0.00228 -0.000817   0.00471 -8.33e-05  -0.00225  -0.00143    0.0014  -0.00178 -0.000648 -0.000266 -0.000174  -0.00147  -0.00157  -0.00112 -0.000376  0.000657  -0.00171  0.000213   0.00133 -0.000679   -0.0003 -0.000753 -0.000441  -0.00226  -0.00611  0.000607  0.000247 -0.000153 -3.33e-05  -9.1e-06 -1.51e-06 -1.23e-07   0.00298  -0.00224  -0.00028 -0.000209  -0.00541         1  -0.00243 -0.000821  -0.00886   0.00057  -0.00154 -0.000973 -0.000892  -0.00296   0.00669   -0.0196   0.00424  -0.00767   0.00057   -0.0014  0.000172   -0.0453  -0.00435   -0.0137  -0.00239 -0.000284  -0.00265 -0.000586 -1.91e-05  -0.00131  -0.00513  4.83e-05  -0.00204
 -0.00199  -1.2e-05  -0.00106  -0.00084 -0.000611 -0.000124  -3.4e-17  -3.4e-17 -0.000109 -0.000399  -1.8e-16 -0.000302 -5.64e-05 -1.23e-05 -0.000505 -2.84e-05 -3.32e-05 -5.01e-05 -9.69e-05 -5.37e-05 -6.28e-05    -0.003  -0.00105 -3.78e-05 -0.000957 -0.000434 -0.000278 -0.000275 -0.000485  0.000137 -0.000382 -9.45e-05  -4.7e-05 -0.000181  0.000224 -0.000765 -1.21e-06  5.42e-05 -1.29e-05  0.000502 -3.32e-07  -0.00057  9.25e-05   0.00157 -0.000821   0.00373  -5.1e-05  -0.00231  -0.00232  -0.00121  -0.00256 -0.000379 -0.000385 -0.000307   -0.0013  -0.00132  -0.00085 -0.000549  0.000419  -0.00131  0.000401   0.00058 -0.000389 -0.000148 -0.000568 -0.000367 -0.000161  -0.00392  0.000441  0.000269 -0.000138 -3.07e-05 -7.59e-06 -1.25e-06 -1.01e-07   0.00244  -0.00143 -0.000291  -0.00016  -0.00393  -0.00243         1 -0.000691  -0.00777  0.000627  -0.00098   0.00107  -0.00035  -0.00286   0.00829   -0.0146   0.00604  -0.00555   0.00139  -0.00046  0.000312   -0.0334  -0.00272  -0.00936  -0.00196 -0.000235  -0.00174 -0.000425 -1.66e-05 -0.000236  -0.00351  0.000143 -0.000967
 -0.00142  1.33e-05 -0.000301 -0.000301 -0.000243 -5.13e-05 -1.66e-17 -1.66e-17 -3.54e-05  -0.00015 -4.03e-17 -0.000109    -4e-05 -6.23e-06 -0.000181 -1.09e-05 -1.31e-05 -2.95e-05 -5.89e-05  2.96e-08 -1.53e-05 -0.000963 -0.000283  1.74e-05 -8.54e-05 -0.000133 -5.43e-05 -7.23e-05 -0.000145  6.83e-05 -0.000111 -1.55e-05  2.96e-06 -4.63e-05  2.07e-05   -0.0002 -3.92e-07  1.49e-05 -7.47e-06  0.000185 -2.37e-07  -0.00019  6.01e-05  0.000611 -0.000184   0.00162  -1.6e-05 -0.000569 -0.000506  5.01e-05 -0.000691 -5.44e-05 -0.000102  2.29e-05 -0.000392 -0.000426 -0.000186 -0.000136  0.000138 -0.000414  0.000116  0.000275 -0.000174 -9.65e-05 -0.000202 -0.000129 -8.37e-05  -0.00143  9.28e-05  6.43e-05 -4.59e-05 -1.16e-05 -2.68e-06  -4.3e-07 -3.45e-08   0.00073 -0.000506  -0.00011 -5.35e-05  -0.00144 -0.000821 -0.000691         1  -0.00269  0.000179 -0.000311  0.000936 -0.000226 -0.000849   0.00234   -0.0052   0.00155  -0.00171  7.05e-05 -0.000498  7.82e-05    -0.011  -0.00103  -0.00322 -0.000695 -8.58e-05 -0.000656 -0.000157 -5.28e-06 -0.000232  -0.00124  4.13e-05 -0.000408
  -0.0117  0.000299  -0.00258  -0.00307  -0.00255 -0.000607  -3.9e-17  -3.9e-17 -0.000448  -0.00204 -1.01e-16  -0.00108 -0.000172 -5.09e-05  -0.00187 -9.75e-05 -0.000116 -0.000227  -0.00044  0.000155 -3.26e-05   -0.0102  -0.00233  0.000432 -0.000245   -0.0012 -0.000206 -0.000542  -0.00134  0.000939 -0.000908  8.94e-05  0.000148 -0.000448  -0.00052  -0.00188 -5.27e-06  0.000249  -9.3e-05   0.00158  2.61e-06  -0.00201   0.00064   0.00578   -0.0017    0.0175 -0.000105   -0.0051  -0.00478  0.000258    -0.008  0.000403 -0.000974   0.00146  -0.00323  -0.00381  4.85e-05  -0.00133   0.00107  -0.00357   0.00138   0.00222  -0.00174  -0.00105  -0.00215  -0.00152  0.000821    -0.014  -0.00038  0.000564 -0.000538 -0.000152 -3.15e-05 -4.94e-06 -3.86e-07   0.00741  -0.00452  -0.00148 -0.000547   -0.0156  -0.00886  -0.00777  -0.00269         1   0.00204  -0.00232   0.00505  -0.00251    -0.009    0.0289   -0.0536    0.0187   -0.0156  -0.00048  -0.00564   0.00118    -0.109  -0.00988   -0.0295  -0.00818    -0.001  -0.00676  -0.00177 -5.77e-05  -0.00167   -0.0118  0.000669  -0.00372
   0.0222 -0.000228   0.00197 -0.000135 -0.000115 -3.37e-05  1.26e-18  1.26e-18 -7.61e-06 -0.000269  5.47e-16 -8.94e-05 -9.44e-05 -1.71e-05 -7.97e-05 -3.46e-05 -5.15e-05 -9.09e-05 -0.000234 -0.000303 -2.33e-05  0.000889  0.000172  0.000115  -0.00412  0.000538   0.00046  0.000106  9.27e-05 -4.83e-05  0.000177  0.000188  0.000103  6.93e-05  -0.00632  -0.00127  2.55e-08 -0.000271 -7.84e-05 -0.000933 -1.61e-05  1.21e-05   -0.0022  -0.00627 -0.000614   -0.0084  2.18e-06   0.00101   0.00546   0.00547   0.00296   0.00112   0.00358   0.00386   0.00082 -0.000188   0.00324  0.000391 -0.000999   0.00171  0.000564  -0.00211  -0.00133 -0.000747 -0.000741 -5.54e-05    0.0142  0.000233   0.00199  -0.00047  0.000189 -1.93e-05  1.51e-06  3.46e-07  3.44e-08  -0.00977  -0.00112 -0.000305  3.28e-05  -0.00693   0.00057  0.000627  0.000179   0.00204         1  -0.00144  -0.00922  -0.00307  -0.00313   -0.0215   0.00917   -0.0163   0.00145   0.00126   -0.0149 -0.000973  -0.00386  -0.00873   -0.0112   -0.0012   7.4e-06  -0.00476 -0.000779 -1.19e-05  -0.00989   -0.0043 -0.000989  -0.00154
   0.0118 -0.000579   0.00047   -0.0009 -0.000233  8.77e-05   1.6e-16   1.6e-16 -0.000104  -0.00028   1.1e-16 -0.000411 -0.000224 -2.04e-05 -0.000517 -6.76e-05 -8.86e-05  -8.8e-05 -0.000222 -0.000399 -0.000195  -0.00201  -0.00122   -0.0002  -0.00374 -0.000297 -0.000362 -0.000423 -0.000633 -7.01e-05 -0.000517 -0.000206 -8.39e-05 -0.000208  -0.00403  -0.00224 -3.19e-07 -0.000264 -4.66e-05 -0.000244 -1.96e-05 -0.000525  -0.00157  -0.00226  -0.00142  -0.00191 -8.36e-05  -0.00374 -0.000621  -0.00138  -0.00131  -0.00204   0.00157   0.00019   -0.0014  -0.00213 -0.000473 -0.000647 -0.000838 -0.000507  0.000759  -0.00136  -0.00133 -0.000372 -0.000961  -0.00026    0.0116    -0.003   0.00356 -0.000238  7.51e-05 -1.61e-05 -1.86e-06 -3.43e-07 -4.21e-08  -0.00595  -0.00276 -0.000216 -0.000126  -0.00898  -0.00154  -0.00098 -0.000311  -0.00232  -0.00144         1   0.00707  -0.00279  -0.00699   -0.0125  -0.00168  -0.00729  -0.00696     0.005   -0.0138  -0.00104   -0.0447   -0.0104   -0.0212  -0.00222 -7.11e-05  -0.00565 -0.000975  -2.7e-05  -0.00881  -0.00771 -0.000876    -0.002
    0.398   -0.0138    0.0121    0.0286     0.037    0.0138 -9.41e-15 -9.41e-15  -0.00223  -0.00219 -5.52e-15    0.0176   0.00228   0.00154    0.0186   0.00346   0.00434   0.00891    0.0187   -0.0175   -0.0033    -0.043   -0.0675  -0.00718    -0.185   0.00446   -0.0162  -0.00895  -0.00276   -0.0237 -0.000283  -0.00938    -0.015   -0.0108   -0.0485   -0.0654 -1.67e-05 -0.000646  -0.00131   -0.0294  7.84e-05   0.00025   -0.0505    -0.126    -0.112    -0.281  6.31e-05   -0.0367      0.11     0.118    0.0624 -0.000392     0.139      0.13    0.0513    0.0147     0.102    0.0421    0.0337    0.0764    0.0155    -0.162    0.0278    0.0185    0.0113   0.00272     0.057     0.187    0.0514   -0.0133   0.00296  3.32e-05 -4.47e-07 -1.38e-05 -4.95e-07    0.0409    0.0158  0.000774 -0.000478   -0.0056 -0.000973   0.00107  0.000936   0.00505  -0.00922   0.00707         1  0.000442   -0.0694    -0.198    -0.312   -0.0293   -0.0642     0.104     0.183   0.00232     0.135    0.0104    0.0226  0.000883   0.00043  -0.00268 -0.000923 -0.000135    0.0357    0.0125   -0.0174    0.0726
 -0.00455 -0.000177   0.00433   -0.0013  -0.00126  0.000151  1.05e-15  1.05e-15 -0.000136 -0.000627  1.74e-15 -0.000502  -0.00198 -0.000131 -0.000757 -9.13e-05 -0.000134 -0.000756  -0.00165  0.000221 -0.000106  0.000479   0.00195   0.00126    0.0082  0.000244  0.000649  0.000338  0.000181  0.000232  0.000417  0.000227  0.000742   0.00026  -0.00845 -0.000668  9.71e-07 -0.000729 -0.000231  -0.00107 -4.06e-05 -0.000179 -0.000623   0.00207   0.00182   0.00806 -5.46e-06   0.00401    0.0103    0.0132    0.0049  -0.00184   0.00176   0.00406  0.000998  -0.00185   0.00361   0.00135 -0.000927   0.00401  -0.00221  -0.00253  -0.00304  -0.00191 -0.000583 -0.000283  -0.00514  -0.00321  0.000616  -0.00304  0.000167 -6.16e-05 -2.09e-06 -2.07e-08    -4e-08  -0.00912  -0.00313 -0.000739 -7.57e-05   -0.0123 -0.000892  -0.00035 -0.000226  -0.00251  -0.00307  -0.00279  0.000442         1  -0.00514    -0.029   -0.0233   -0.0179   0.00708   -0.0187   -0.0294  -0.00374   -0.0304   -0.0141   -0.0211   -0.0032 -0.000159  -0.00746  -0.00138 -1.13e-06   -0.0139  -0.00821  -0.00165  -0.00535
    0.038  -0.00376   0.00124   0.00187   0.00905   0.00326  4.04e-15  4.04e-15 -0.000414 -0.000306  2.81e-15  0.000467   0.00301  0.000382   0.00111   0.00016  0.000179   0.00239   0.00491 -0.000537 -0.000573   -0.0072  -0.00304 -0.000984   -0.0102 -0.000884  -0.00342  -0.00156  -0.00153  -0.00191 -0.000385 -0.000901  -0.00163  -0.00099  -0.00793  -0.00816 -2.77e-06  -0.00022  0.000255  -0.00339 -2.62e-05  -0.00104  -0.00807   -0.0164   -0.0152   -0.0131   3.7e-05   -0.0305   -0.0335   -0.0715    -0.034   -0.0135   0.00451  -0.00431  -0.00975   -0.0141  -0.00324  -0.00652  -0.00615   0.00147   0.00641   -0.0294  0.000122  0.000503  -0.00103  -0.00043    0.0705    0.0278     0.017  -0.00264  0.000286  -7.9e-05  1.48e-06 -3.14e-07 -1.12e-07   -0.0221  -0.00123   -0.0017 -0.000212   -0.0202  -0.00296  -0.00286 -0.000849    -0.009  -0.00313  -0.00699   -0.0694  -0.00514         1   -0.0254   -0.0134    0.0157    -0.014    0.0281   -0.0472  -0.00363   -0.0588   -0.0206    -0.042  -0.00533 -0.000112    -0.011  -0.00196 -0.000115   -0.0139   -0.0151  -0.00284    0.0122
   0.0638  -0.00786    0.0142 -0.000844   0.00131   0.00171 -3.97e-15 -3.97e-15  0.000102  -0.00495  3.17e-16  -0.00078  -0.00375 -0.000211 -0.000457 -0.000265 -0.000368  -0.00116  -0.00251  0.000634   0.00051   0.00619   0.00132   0.00163   0.00269  -0.00223   0.00239     0.001   0.00142  -0.00224  9.15e-05 -0.000825  -0.00172   0.00153   -0.0377   -0.0113  9.98e-06 -0.000763 -0.000274  -0.00682 -9.13e-06  0.000222    -0.016   -0.0304  -0.00753    0.0144  9.62e-05 -0.000979    0.0225    0.0175    0.0131   -0.0396    0.0186   0.00833   0.00628  -0.00998   0.00956    0.0136   -0.0252   -0.0144   0.00152   -0.0186  -0.00473  -0.00871  -0.00338 -0.000275    0.0942   0.00903    0.0176   -0.0106   0.00149 -5.14e-06  1.83e-05  4.83e-06   3.9e-07   -0.0733   -0.0131   0.00117   0.00037   -0.0536   0.00669   0.00829   0.00234    0.0289   -0.0215   -0.0125    -0.198    -0.029   -0.0254         1    0.0489    -0.306   -0.0832   -0.0347    -0.189   -0.0155   -0.0013   -0.0734   -0.0866  -0.00625 -0.000272   -0.0434   -0.0071 -0.000121    -0.087   -0.0484  -0.00997   -0.0123
   -0.114  1.56e-05  -0.00598  -0.00639  -0.00656   0.00176  5.08e-15  5.08e-15 -0.000604 -1.79e-05  2.96e-15  -0.00131   -0.0127 -0.000647  -0.00371   4.5e-05  3.38e-05  -0.00368  -0.00758   0.00254  -0.00125   -0.0232  -0.00313   0.00476    0.0568  -0.00615  -0.00608  -0.00129  -0.00138  -0.00357 -0.000212  -0.00292  0.000456 -0.000655   0.00928  0.000656  4.98e-06  -0.00101  -0.00053   0.00163 -3.15e-05  -0.00275   0.00956    0.0581   -0.0057     0.076 -0.000372  -0.00267   -0.0116   0.00424   -0.0165   -0.0258   -0.0186   -0.0111   -0.0121   -0.0212   -0.0175     0.004    0.0118   0.00233   -0.0216   -0.0144  -0.00211  -0.00525   0.00345  -0.00142    -0.229   -0.0185   -0.0147   -0.0144  -0.00138 -0.000216 -5.23e-05  -9.2e-06 -1.01e-06    0.0692  -0.00999  -0.00205  -0.00148  -0.00466   -0.0196   -0.0146   -0.0052   -0.0536   0.00917  -0.00168    -0.312   -0.0233   -0.0134    0.0489         1    0.0791   0.00117    -0.136  -0.00164   -0.0115    -0.176   0.00801   -0.0354  -0.00763  -0.00202   0.00563  0.000218  7.17e-05    0.0322   -0.0139 -0.000832   -0.0155
   0.0909  -0.00268   0.00696  -0.00564   -0.0124  -0.00386 -8.81e-15 -8.81e-15   0.00038  -0.00525 -3.62e-15  -0.00253  -0.00518 -0.000658  -0.00345  -0.00065 -0.000818  -0.00386   -0.0081 -0.000252  0.000996   0.00645  0.000572   0.00105   -0.0175  -0.00106   0.00566   0.00178   0.00146  6.07e-05 -0.000626  0.000491 -0.000114   0.00187   -0.0373  -0.00598  6.42e-06   -0.0002 -0.000505  -0.00316  1.58e-05 -0.000224   -0.0119   -0.0294   0.00507   -0.0156 -9.36e-05    0.0234    0.0466    0.0807    0.0393   -0.0145    0.0135    0.0123    0.0112   0.00388    0.0111    0.0143   -0.0173   -0.0201  -0.00251    0.0178  -0.00703  -0.00922  -0.00591 -0.000885    0.0379   -0.0395  -0.00136  -0.00269  0.000755 -1.17e-05 -3.36e-06  1.99e-06  3.06e-07   -0.0532   -0.0143   0.00163  0.000263   -0.0429   0.00424   0.00604   0.00155    0.0187   -0.0163  -0.00729   -0.0293   -0.0179    0.0157    -0.306    0.0791         1    -0.074   -0.0343    -0.129  -0.00658   -0.0186   -0.0594   -0.0668   -0.0058 -0.000636   -0.0364  -0.00605 -6.58e-05   -0.0761   -0.0393  -0.00548   -0.0305
  -0.0304  -0.00448   -0.0102  -0.00275 -0.000745 -2.97e-05 -4.55e-15 -4.55e-15 -0.000326   -0.0027 -6.26e-15  -0.00121  0.000703  3.25e-05  -0.00161 -0.000137 -0.000119  0.000296  0.000791 -0.000522  -7.7e-05    -0.015   -0.0107  -0.00284   -0.0159  -0.00597  -0.00337  -0.00246  -0.00308  -0.00141  -0.00417  -0.00252   -0.0031  -0.00117   0.00802  -0.00899 -1.43e-06    0.0015  0.000373   0.00189  8.51e-05  -0.00259   -0.0031   0.00132   -0.0104    0.0206 -0.000311   -0.0265   -0.0337   -0.0371   -0.0206   -0.0293  -0.00496   -0.0195  -0.00682  -0.00777   -0.0174  0.000904  -0.00928   -0.0277   0.00439   0.00408   0.00403  0.000949  -0.00195  -0.00116    0.0215   -0.0142   0.00814   0.00236 -0.000499  7.29e-05  -1.9e-05 -3.25e-06 -2.36e-07   0.00931  -0.00814   0.00216 -0.000551    -0.012  -0.00767  -0.00555  -0.00171   -0.0156   0.00145  -0.00696   -0.0642   0.00708    -0.014   -0.0832   0.00117    -0.074         1    0.0288   -0.0197   0.00131    -0.147   -0.0125   -0.0409  -0.00401 -0.000652   -0.0102  -0.00199  -0.00013  -0.00539   -0.0227 -1.02e-05  -0.00147
   0.0671   0.00207 -0.000689  -0.00831   -0.0207  -0.00471  2.34e-15  2.34e-15  0.000135 -0.000653   2.2e-15  -0.00316   -0.0148  -0.00129  -0.00529 -0.000692 -0.000895   -0.0076    -0.016   0.00214  0.000325   0.00392   0.00977   0.00408    0.0246  -0.00323 -1.87e-05   0.00229   0.00256  -0.00339   0.00201 -0.000451   0.00239    0.0016   -0.0263   0.00495  9.26e-06  -0.00102 -0.000598  -0.00821  -1.9e-05   0.00122   0.00104    0.0153    0.0133   -0.0439  0.000154    0.0261 -0.000219    0.0106   0.00376   -0.0212    -0.034   -0.0277 -0.000299  -0.00213    -0.017   0.00331  -0.00565  -0.00514   -0.0339    0.0117  -0.00534  -0.00761   0.00202 -4.38e-05    -0.267   -0.0487   -0.0435   -0.0118  -0.00096 -5.55e-05 -5.96e-06   1.5e-06 -7.16e-08    0.0222  -0.00252 -0.000212   3.6e-05    0.0128   0.00057   0.00139  7.05e-05  -0.00048   0.00126     0.005     0.104   -0.0187    0.0281   -0.0347    -0.136   -0.0343    0.0288         1   -0.0464   -0.0104     0.047     0.013    0.0331   0.00191 -0.000362   0.00778   0.00102   0.00016   0.00346   0.00679  0.000781   -0.0412
 -0.00227  -0.00431   0.00713  -0.00632  -0.00604 -0.000888  4.34e-15  4.34e-15 -0.000246  -0.00339  5.71e-15  -0.00351  -0.00466 -0.000496  -0.00415 -0.000736 -0.000989  -0.00268  -0.00592  0.000303 -4.84e-05  -0.00129   0.00575   0.00151   -0.0162  -0.00161 -0.000178   0.00054  8.89e-06  -0.00277  0.000829  0.000193  0.000234  0.000956    -0.055   -0.0104  2.26e-06  -0.00144 -0.000225    -0.011 -8.67e-05   -0.0011   -0.0193   -0.0417   -0.0077   -0.0672  0.000114   -0.0169   -0.0261   -0.0645   -0.0312   -0.0269   -0.0056   -0.0133   -0.0122   -0.0207   -0.0066  -0.00613   -0.0226  -0.00861  -0.00772    -0.023   -0.0111  -0.00989  -0.00632  -0.00152    0.0202   -0.0152   0.00202  -0.00947  0.000394 -0.000232 -2.68e-06   2.3e-06  1.82e-08   -0.0712   -0.0117  -0.00336 -7.75e-05   -0.0575   -0.0014  -0.00046 -0.000498  -0.00564   -0.0149   -0.0138     0.183   -0.0294   -0.0472    -0.189  -0.00164    -0.129   -0.0197   -0.0464         1   -0.0138   -0.0853   -0.0686   -0.0989    -0.013 -0.000696   -0.0378  -0.00659 -0.000143   -0.0751   -0.0442  -0.00649   -0.0245
  -0.0106 -0.000481   0.00155 -0.000201  0.000254  0.000414  8.45e-16  8.45e-16 -4.43e-05 -5.47e-05  7.92e-16 -0.000113 -0.000914 -3.83e-05 -0.000113 -1.89e-05 -3.16e-05 -0.000218 -0.000476  0.000305 -6.14e-05  0.000477   0.00111  0.000486   0.00639 -0.000309 -0.000214  7.96e-05   0.00011 -0.000219  0.000174 -0.000128  0.000134  0.000111  -0.00189 -0.000174   1.2e-06 -0.000256 -3.79e-05 -0.000706 -1.24e-05  7.17e-05  1.34e-05   0.00258  0.000283   0.00602  1.81e-05 -0.000649  -0.00103  -0.00392  -0.00164  -0.00442  -0.00138   -0.0018  -0.00048  -0.00188 -0.000963  0.000238  -0.00134  0.000772  -0.00154  -0.00284  -0.00059 -0.000574  0.000307  2.78e-05  -0.00743   0.00171  0.000252  -0.00189  6.25e-05 -6.43e-06  2.38e-06  5.08e-07  4.23e-09  -0.00246 -0.000713 -0.000102 -8.48e-08  -0.00247  0.000172  0.000312  7.82e-05   0.00118 -0.000973  -0.00104   0.00232  -0.00374  -0.00363   -0.0155   -0.0115  -0.00658   0.00131   -0.0104   -0.0138         1  -0.00467  -0.00335  -0.00466 -0.000408  2.25e-05  -0.00162 -0.000283  2.86e-06  -0.00343  -0.00219 -0.000684  -0.00106
  0.00248  -0.00316  -0.00785   -0.0237   -0.0218  -0.00407 -4.14e-15 -4.14e-15  -0.00244  -0.00791 -6.25e-15   -0.0091  -0.00869 -0.000917   -0.0138  -0.00131  -0.00162  -0.00498   -0.0106  -0.00541  -0.00272   -0.0536   -0.0266  -0.00211   -0.0359  -0.00928  -0.00467  -0.00743   -0.0127   0.00342    -0.012  -0.00358  0.000335  -0.00427   -0.0272   -0.0281 -1.46e-05  -0.00255  -0.00115   0.00801 -0.000223   -0.0122  -0.00264    0.0312  -0.00495    0.0634  -0.00179    -0.036    0.0117    0.0728   0.00421   -0.0209   0.00581  -0.00132   -0.0158   -0.0195   -0.0143  -0.00347   0.00468   -0.0228   0.00398    0.0332   -0.0189  -0.00345   -0.0152  -0.00687    0.0199    -0.122    0.0274   0.00318  -0.00115 -0.000373 -0.000111 -1.89e-05 -1.62e-06   0.00266   -0.0504  -0.00237  -0.00332    -0.124   -0.0453   -0.0334    -0.011    -0.109  -0.00386   -0.0447     0.135   -0.0304   -0.0588   -0.0013    -0.176   -0.0186    -0.147     0.047   -0.0853  -0.00467         1    -0.126    -0.312   -0.0429  -0.00312   -0.0722   -0.0141 -0.000361    -0.082    -0.114  -0.00498   -0.0514
    0.078 -0.000957   0.00485  -0.00362  -0.00313 -0.000825 -4.41e-16 -4.41e-16 -0.000252  -0.00198  1.43e-15  -0.00161 -0.000701 -0.000149  -0.00217 -0.000311 -0.000417 -0.000768  -0.00179  -0.00162 -0.000359   -0.0042  -0.00245  9.73e-05   -0.0224  0.000996   0.00124 -0.000461  -0.00122   0.00035 -0.000681  0.000481  0.000384  -0.00016    -0.027  -0.00762 -2.46e-06  -0.00112 -0.000367  -0.00195 -7.88e-05  -0.00166  -0.00928   -0.0228  -0.00392   -0.0268 -0.000214  -0.00223    0.0171    0.0225     0.007    0.0041    0.0138    0.0143  -0.00125  -0.00482   0.00943 -0.000429  -0.00321   0.00186   0.00375  -0.00393  -0.00762  -0.00389  -0.00536  -0.00124    0.0645   -0.0152     0.011 -0.000522  0.000467 -0.000147 -1.27e-05 -1.62e-06  -1.1e-07   -0.0377   -0.0104  -0.00188  -0.00033   -0.0427  -0.00435  -0.00272  -0.00103  -0.00988  -0.00873   -0.0104    0.0104   -0.0141   -0.0206   -0.0734   0.00801   -0.0594   -0.0125     0.013   -0.0686  -0.00335    -0.126         1   -0.0832   -0.0104  -0.00056    -0.027   -0.0047 -0.000102   -0.0472   -0.0313  -0.00397   -0.0116
     0.11  -0.00199   0.00267  -0.00767  -0.00508 -0.000978 -7.85e-16 -7.85e-16 -0.000558  -0.00286  9.25e-16  -0.00325  -0.00115 -0.000219  -0.00452  -0.00054 -0.000708  -0.00104  -0.00244    -0.003  -0.00111   -0.0157  -0.00883 -0.000708   -0.0371 -0.000233 -0.000156  -0.00224  -0.00393  0.000515   -0.0029 -0.000233  4.04e-05  -0.00102   -0.0355   -0.0144 -4.97e-06  -0.00172 -0.000516 -5.63e-05 -0.000133  -0.00426   -0.0132   -0.0266   -0.0098   -0.0249 -0.000637   -0.0148    0.0156     0.027   0.00272   0.00305    0.0203    0.0182  -0.00847   -0.0133   0.00688  -0.00304   -0.0019  -0.00211    0.0079  -0.00421   -0.0124  -0.00561  -0.00952  -0.00256     0.102   -0.0332    0.0234  0.000569  0.000443 -0.000238 -3.36e-05 -5.34e-06 -4.31e-07   -0.0476   -0.0214  -0.00296  -0.00104   -0.0746   -0.0137  -0.00936  -0.00322   -0.0295   -0.0112   -0.0212    0.0226   -0.0211    -0.042   -0.0866   -0.0354   -0.0668   -0.0409    0.0331   -0.0989  -0.00466    -0.312   -0.0832         1   -0.0194  -0.00128   -0.0456  -0.00795 -0.000203   -0.0714   -0.0602  -0.00608   -0.0189
   0.0111 -8.85e-05  0.000732   -0.0012  -0.00103 -0.000253 -5.54e-18 -5.54e-18 -0.000157  -0.00081  3.33e-16 -0.000469 -0.000185 -3.64e-05  -0.00072 -6.96e-05 -9.15e-05 -0.000184 -0.000414 -0.000264 -5.99e-05  -0.00257  -0.00073  0.000159  -0.00366  1.19e-05  0.000245 -0.000151 -0.000443  0.000288 -0.000249   0.00014  0.000149 -0.000123  -0.00517  -0.00173 -1.62e-06 -0.000177 -9.63e-05 -0.000203  -1.5e-05 -0.000654  -0.00144  -0.00275 -0.000797  -0.00134 -4.56e-05  -0.00101   0.00286   0.00475  0.000112  0.000918   0.00233   0.00311 -0.000405  -0.00124   0.00225 -0.000235 -0.000371  0.000227  0.000826 -0.000425   -0.0017 -0.000801  -0.00129 -0.000518    0.0111  -0.00505   0.00163 -9.77e-05 -1.52e-05 -5.85e-05 -8.25e-06 -1.23e-06 -9.26e-08  -0.00535  -0.00254 -0.000651 -0.000154   -0.0106  -0.00239  -0.00196 -0.000695  -0.00818   -0.0012  -0.00222  0.000883   -0.0032  -0.00533  -0.00625  -0.00763   -0.0058  -0.00401   0.00191    -0.013 -0.000408   -0.0429   -0.0104   -0.0194         1 -0.000279  -0.00605  -0.00119 -2.79e-05  -0.00862   -0.0074 -0.000575  -0.00273
-0.000154  2.28e-05 -8.74e-05 -0.000129 -0.000153 -4.38e-05 -4.69e-17 -4.69e-17 -6.59e-06 -7.67e-05 -1.29e-17 -4.78e-05 -2.87e-05 -5.07e-06    -8e-05  -6.2e-06 -7.65e-06 -2.72e-05 -5.52e-05  1.56e-05  4.71e-06 -0.000293    -5e-05  3.03e-05 -2.26e-06 -3.03e-05  3.34e-05 -3.48e-07 -2.62e-05  3.83e-05 -1.97e-05  1.42e-05  1.15e-05  4.02e-06  -0.00013 -2.07e-05  -1.2e-07   9.6e-06  -5.1e-06  8.17e-05  3.11e-07 -6.54e-05 -1.14e-05  8.13e-05 -1.34e-05   0.00063 -4.79e-06  5.15e-05  0.000141  0.000588 -3.01e-05  0.000101  5.25e-05  0.000197 -9.85e-05 -0.000136  5.65e-05  2.13e-05  1.91e-05 -0.000213  4.17e-05   0.00021 -0.000108 -0.000112 -0.000107 -5.33e-05  0.000157 -0.000702 -3.69e-05  1.97e-05 -1.58e-05 -5.57e-06 -1.15e-06 -1.66e-07 -1.21e-08  5.49e-05 -0.000216 -4.99e-05 -1.78e-05  -0.00068 -0.000284 -0.000235 -8.58e-05    -0.001   7.4e-06 -7.11e-05   0.00043 -0.000159 -0.000112 -0.000272  -0.00202 -0.000636 -0.000652 -0.000362 -0.000696  2.25e-05  -0.00312  -0.00056  -0.00128 -0.000279         1 -0.000354 -7.63e-05 -1.83e-06 -0.000357 -0.000559  4.41e-06 -0.000273
   0.0466 -0.000609    0.0025  -0.00208  -0.00192 -0.000539 -5.24e-16 -5.24e-16 -0.000168  -0.00134  5.47e-16 -0.000902 -0.000353 -8.41e-05  -0.00125 -0.000172 -0.000228 -0.000434 -0.000999 -0.000912 -0.000157   -0.0028  -0.00166  1.24e-05   -0.0132  0.000416  0.000727 -0.000267 -0.000711  0.000203 -0.000463  0.000246  0.000133 -0.000119   -0.0149  -0.00448  -1.7e-06 -0.000534 -0.000203  -0.00111 -3.84e-05 -0.000992  -0.00523   -0.0128  -0.00235   -0.0145 -0.000113  -0.00132   0.00953    0.0131   0.00397   0.00173   0.00776   0.00795 -0.000307  -0.00236   0.00546  9.04e-05   -0.0021  0.000276    0.0022  -0.00178  -0.00401  -0.00211  -0.00302 -0.000758     0.036  -0.00907   0.00576 -0.000177   0.00023 -8.43e-05 -8.59e-06 -1.13e-06 -7.14e-08   -0.0203   -0.0058 -0.000995 -0.000192   -0.0239  -0.00265  -0.00174 -0.000656  -0.00676  -0.00476  -0.00565  -0.00268  -0.00746    -0.011   -0.0434   0.00563   -0.0364   -0.0102   0.00778   -0.0378  -0.00162   -0.0722    -0.027   -0.0456  -0.00605 -0.000354         1  -0.00269 -5.99e-05    -0.026   -0.0176  -0.00212  -0.00656
  0.00752 -0.000104  0.000462 -0.000408 -0.000386 -0.000101 -8.54e-17 -8.54e-17  -4.3e-05 -0.000292  9.94e-17  -0.00017 -8.82e-05 -1.65e-05 -0.000244 -3.05e-05 -4.02e-05 -8.64e-05 -0.000195 -0.000142 -2.15e-05 -0.000623 -0.000278  2.95e-05  -0.00201  4.31e-05  0.000136 -4.38e-05 -0.000134  6.14e-05 -8.83e-05  4.69e-05  3.47e-05 -2.66e-05  -0.00256 -0.000792 -3.97e-07 -8.84e-05  -3.9e-05 -0.000196 -6.46e-06 -0.000198 -0.000832  -0.00192 -0.000348  -0.00184 -1.78e-05 -0.000209   0.00168   0.00241  0.000636  0.000185   0.00125   0.00136  1.23e-05 -0.000386   0.00101  5.42e-05 -0.000386  3.48e-05  0.000342 -0.000248 -0.000699 -0.000362 -0.000525 -0.000158   0.00574  -0.00176  0.000869  -6.8e-05   2.9e-05 -1.74e-05 -2.02e-06 -2.75e-07 -1.87e-08  -0.00326  -0.00104 -0.000191    -4e-05   -0.0043 -0.000586 -0.000425 -0.000157  -0.00177 -0.000779 -0.000975 -0.000923  -0.00138  -0.00196   -0.0071  0.000218  -0.00605  -0.00199   0.00102  -0.00659 -0.000283   -0.0141   -0.0047  -0.00795  -0.00119 -7.63e-05  -0.00269         1 -1.08e-05  -0.00443  -0.00311 -0.000347   -0.0012
 0.000193 -9.65e-06 -9.65e-06 -2.86e-06  1.03e-05  2.04e-06 -3.08e-20 -3.08e-20 -1.22e-06 -5.85e-06 -9.93e-19 -2.06e-06  1.18e-05  7.85e-07 -1.93e-06  -2.2e-07 -2.73e-07  5.15e-06  1.05e-05 -5.73e-06 -1.13e-06  -3.6e-05 -2.35e-05 -7.37e-06 -0.000118 -3.08e-06 -6.73e-06 -5.97e-06 -7.69e-06 -4.03e-06 -5.51e-06 -1.95e-06  -6.2e-06 -3.78e-06 -4.73e-05 -3.48e-05    -2e-08  1.01e-06  6.19e-07 -7.16e-06  -9.4e-09 -6.94e-06 -3.72e-05 -9.71e-05 -4.96e-05 -0.000125 -4.35e-07 -8.75e-05 -8.03e-05 -0.000151 -8.03e-05 -1.83e-05  2.89e-05  1.58e-06 -2.75e-05 -3.27e-05 -3.08e-06 -1.87e-05 -2.06e-05 -2.32e-05  2.97e-05 -5.02e-05 -4.41e-06 -1.29e-06 -1.43e-05 -4.05e-06  0.000295   1.2e-05     5e-05  7.42e-06   2.7e-07 -3.38e-07 -4.85e-08 -8.61e-09 -5.95e-10 -8.59e-05 -1.74e-05 -4.92e-06 -1.25e-06 -9.86e-05 -1.91e-05 -1.66e-05 -5.28e-06 -5.77e-05 -1.19e-05  -2.7e-05 -0.000135 -1.13e-06 -0.000115 -0.000121  7.17e-05 -6.58e-05  -0.00013   0.00016 -0.000143  2.86e-06 -0.000361 -0.000102 -0.000203 -2.79e-05 -1.83e-06 -5.99e-05 -1.08e-05         1  -8.2e-05  -7.9e-05 -6.75e-06  1.14e-05
   0.0996 -0.000534   0.00503  -0.00399  -0.00609    -0.002 -7.99e-16 -7.99e-16 -9.33e-05   -0.0019  1.45e-15  -0.00184  -0.00169 -0.000299  -0.00247 -0.000421 -0.000558  -0.00167  -0.00371  -0.00187 -0.000168 -0.000569    -0.001  2.63e-05   -0.0312   0.00149   0.00185  8.69e-05 -0.000476 -0.000327 -0.000129  0.000744  0.000565  0.000149   -0.0354  -0.00747 -1.49e-06  -0.00116  -0.00041  -0.00431 -7.59e-05 -0.000974   -0.0119   -0.0328  -0.00263   -0.0579 -0.000135   0.00281     0.019    0.0235   0.00997   0.00526    0.0117    0.0124   0.00018  -0.00252   0.00956 -0.000416  -0.00528   0.00139  0.000222  -0.00211  -0.00822  -0.00472  -0.00555 -0.000972    0.0446   -0.0204   0.00473 -0.000667  0.000504 -0.000129 -6.45e-06 -1.68e-07  1.96e-08   -0.0436  -0.00902  -0.00176 -0.000111   -0.0393  -0.00131 -0.000236 -0.000232  -0.00167  -0.00989  -0.00881    0.0357   -0.0139   -0.0139    -0.087    0.0322   -0.0761  -0.00539   0.00346   -0.0751  -0.00343    -0.082   -0.0472   -0.0714  -0.00862 -0.000357    -0.026  -0.00443  -8.2e-05         1   -0.0276  -0.00387    -0.017
   0.0345  -0.00109  0.000634   -0.0032   -0.0025   -0.0005 -6.18e-16 -6.18e-16 -0.000211   -0.0015  4.55e-17  -0.00138 -0.000802 -0.000118  -0.00191 -0.000233 -0.000301 -0.000599  -0.00133 -0.000828 -0.000299  -0.00606  -0.00298 -0.000158    -0.012 -0.000652 -2.32e-05 -0.000731  -0.00137   7.6e-05  -0.00114 -0.000178 -0.000111 -0.000261   -0.0135  -0.00539 -1.47e-06 -0.000482  -0.00017 -0.000247 -3.77e-05  -0.00162  -0.00504  -0.00926  -0.00349    -0.006 -0.000215  -0.00583   0.00318   0.00679 -0.000677  -0.00266   0.00569   0.00418  -0.00328  -0.00552   0.00103 -0.000568   -0.0026  -0.00367   0.00215  -0.00091  -0.00435  -0.00253  -0.00355  -0.00104    0.0325   -0.0141   0.00732  -0.00028  0.000101 -8.89e-05 -1.39e-05 -1.99e-06 -1.62e-07   -0.0176   -0.0083  -0.00094 -0.000381    -0.028  -0.00513  -0.00351  -0.00124   -0.0118   -0.0043  -0.00771    0.0125  -0.00821   -0.0151   -0.0484   -0.0139   -0.0393   -0.0227   0.00679   -0.0442  -0.00219    -0.114   -0.0313   -0.0602   -0.0074 -0.000559   -0.0176  -0.00311  -7.9e-05   -0.0276         1  -0.00224  -0.00829
   0.0118 -0.000271  0.000971  0.000108    0.0005  0.000232  1.53e-16  1.53e-16 -2.44e-05 -7.04e-05  3.12e-16  4.86e-05 -2.71e-05  1.14e-05  7.97e-05  8.22e-06  6.16e-06  7.36e-05  0.000136 -0.000134 -5.78e-05    -2e-05 -0.000189  5.73e-05  -0.00084  0.000145 -1.46e-05 -4.88e-05  -3.4e-05 -0.000112  3.97e-05 -1.89e-05 -3.34e-05 -3.18e-05  -0.00213 -0.000809  9.36e-08 -0.000144 -3.06e-05 -0.000375 -8.33e-06 -3.16e-05 -0.000882  -0.00189 -0.000865  -0.00126 -5.04e-06 -0.000569   0.00181    0.0011  0.000612  -0.00033   0.00192   0.00177   0.00017 -0.000601   0.00133  0.000234 -0.000275   0.00111  0.000429   -0.0022 -0.000422 -0.000201 -0.000177    -1e-05   0.00707   0.00181   0.00175 -0.000467  9.81e-05  -7.5e-06  8.51e-07  9.06e-08   4.7e-09  -0.00366 -0.000559 -0.000131 -5.21e-06  -0.00325  4.83e-05  0.000143  4.13e-05  0.000669 -0.000989 -0.000876   -0.0174  -0.00165  -0.00284  -0.00997 -0.000832  -0.00548 -1.02e-05  0.000781  -0.00649 -0.000684  -0.00498  -0.00397  -0.00608 -0.000575  4.41e-06  -0.00212 -0.000347 -6.75e-06  -0.00387  -0.00224         1  0.000159
    0.126   0.00148  -0.00458  -0.00709   -0.0166   -0.0052 -1.48e-15 -1.48e-15  3.57e-05 -0.000945  -1.2e-15  -0.00283  -0.00677 -0.000812  -0.00448  -0.00064 -0.000805  -0.00474   -0.0101  -0.00181 -7.44e-05  -0.00276   -0.0017 -0.000404   -0.0363    -0.001 -6.62e-05  8.87e-05  -0.00028  -0.00251 -0.000557 -0.000251  0.000631 -2.41e-05   -0.0322   -0.0047  2.42e-07 -0.000567 -0.000409  -0.00624 -2.71e-05 -0.000533  -0.00859   -0.0225   0.00165   -0.0981 -0.000157   0.00924   0.00277    0.0143   0.00603 -0.000532   -0.0106     -0.01  -0.00136    0.0013  -0.00682  -0.00147   -0.0029  -0.00673   -0.0152    0.0122  -0.00564  -0.00404   -0.0033 -0.000668    -0.111   -0.0478   -0.0211 -0.000653 -0.000489 -4.57e-05 -1.14e-05 -6.93e-07    -6e-08   -0.0041  -0.00583 -0.000457 -0.000154   -0.0089  -0.00204 -0.000967 -0.000408  -0.00372  -0.00154    -0.002    0.0726  -0.00535    0.0122   -0.0123   -0.0155   -0.0305  -0.00147   -0.0412   -0.0245  -0.00106   -0.0514   -0.0116   -0.0189  -0.00273 -0.000273  -0.00656   -0.0012  1.14e-05    -0.017  -0.00829  0.000159         1

  Chi^2                                0.82976  +/- 1.82182
  Chi^2/ndf                            0.0921955
  Chi^2 for each template              113.409 +/- 3.43307	27.8449 +/- 1.64431	19.1932 +/- 1.78638	74.3471 +/- 2.47028	142.258 +/- 4.44932	232.667 +/- 3.16806	312.642 +/- 6.88874	370.783 +/- 4.13704	
  Chi^2 for each template w.r.t. fit   110.961 +/- 3.43307	26.424 +/- 1.64431	19.3056 +/- 1.78638	75.7115 +/- 2.47028	142.073 +/- 4.44932	232.638 +/- 3.16806	311.873 +/- 6.88874	367.519 +/- 4.13704	  Partial chi^2                        0.00 (EG_RESOLUTION_ALL)    0.00 (EG_SCALE_ALL)    0.00 (EL_EFF_ID_TOTAL_1NPCOR_PLUS_UNCOR)    0.00 (EL_EFF_Iso_TOTAL_1NPCOR_PLUS_UNCOR)
  Partial chi^2                        0.00 (EL_EFF_Reco_TOTAL_1NPCOR_PLUS_UNCOR)    0.00 (EL_EFF_TriggerEff_TOTAL_1NPCOR_PLUS_UNCOR)    0.00 (EL_EFF_Trigger_TOTAL_1NPCOR_PLUS_UNCOR)    0.00 (FAKES_Electron)
  Partial chi^2                        0.00 (FAKES_Muon)    0.08 (FT_EFF_Eigen_B_0)    0.01 (FT_EFF_Eigen_B_1)    0.01 (FT_EFF_Eigen_B_2)
  Partial chi^2                        0.00 (FT_EFF_Eigen_B_3)    0.00 (FT_EFF_Eigen_B_4)    0.00 (FT_EFF_Eigen_B_5)    0.00 (FT_EFF_Eigen_B_6)
  Partial chi^2                        0.00 (FT_EFF_Eigen_B_7)    0.00 (FT_EFF_Eigen_B_8)    0.01 (FT_EFF_Eigen_C_0)    0.00 (FT_EFF_Eigen_C_1)
  Partial chi^2                        0.00 (FT_EFF_Eigen_C_2)    0.00 (FT_EFF_Eigen_C_3)    0.01 (FT_EFF_Eigen_Light_0)    0.00 (FT_EFF_Eigen_Light_1)
  Partial chi^2                        0.00 (FT_EFF_Eigen_Light_2)    0.00 (FT_EFF_Eigen_Light_3)    0.00 (FT_EFF_extrapolation)    0.00 (FT_EFF_extrapolation_from_charm)
  Partial chi^2                        0.00 (FULL_SYS_SUM)    0.01 (FULL_SYS_SUM_DETECTOR)    0.05 (FULL_SYS_SUM_THEORY)    0.00 (FULL_SYS_TOYS)
  Partial chi^2                        0.00 (JET_EffectiveNP_Detector1)    0.00 (JET_EffectiveNP_Detector2)    0.00 (JET_EffectiveNP_Mixed1)    0.00 (JET_EffectiveNP_Mixed2)
  Partial chi^2                        0.00 (JET_EffectiveNP_Mixed3)    0.00 (JET_EffectiveNP_Modelling1)    0.00 (JET_EffectiveNP_Modelling2)    0.00 (JET_EffectiveNP_Modelling3)
  Partial chi^2                        0.00 (JET_EffectiveNP_Modelling4)    0.00 (JET_EffectiveNP_Statistical1)    0.00 (JET_EffectiveNP_Statistical2)    0.00 (JET_EffectiveNP_Statistical3)
  Partial chi^2                        0.00 (JET_EffectiveNP_Statistical4)    0.00 (JET_EffectiveNP_Statistical5)    0.00 (JET_EffectiveNP_Statistical6)    0.00 (JET_EtaIntercalibration_Modelling)
  Partial chi^2                        0.00 (JET_EtaIntercalibration_NonClosure_2018data)    0.00 (JET_EtaIntercalibration_NonClosure_highE)    0.00 (JET_EtaIntercalibration_NonClosure_negEta)    0.00 (JET_EtaIntercalibration_NonClosure_posEta)
  Partial chi^2                        0.00 (JET_EtaIntercalibration_TotalStat)    0.00 (JET_Flavor_Composition_prop)    0.00 (JET_Flavor_Response_prop)    0.00 (JET_JER_DataVsMC_MC16_PseudoData)
  Partial chi^2                        0.00 (JET_JER_EffectiveNP_10_PseudoData)    0.00 (JET_JER_EffectiveNP_11_PseudoData)    0.01 (JET_JER_EffectiveNP_12restTerm_PseudoData)    0.01 (JET_JER_EffectiveNP_1_PseudoData)
  Partial chi^2                        0.01 (JET_JER_EffectiveNP_2_PseudoData)    0.00 (JET_JER_EffectiveNP_3_PseudoData)    0.01 (JET_JER_EffectiveNP_4_PseudoData)    0.01 (JET_JER_EffectiveNP_5_PseudoData)
  Partial chi^2                        0.01 (JET_JER_EffectiveNP_6_PseudoData)    0.00 (JET_JER_EffectiveNP_7_PseudoData)    0.00 (JET_JER_EffectiveNP_8_PseudoData)    0.01 (JET_JER_EffectiveNP_9_PseudoData)
  Partial chi^2                        0.00 (JET_JvtEfficiency)    0.00 (JET_Pileup_OffsetMu)    0.01 (JET_Pileup_OffsetNPV)    0.00 (JET_Pileup_PtTerm)
  Partial chi^2                        0.00 (JET_Pileup_RhoTopology)    0.00 (JET_PunchThrough_MC16)    0.00 (LUMINOSITY)    0.00 (MET_SoftTrk_ResoPara)
  Partial chi^2                        0.00 (MET_SoftTrk_ResoPerp)    0.00 (MET_SoftTrk_Scale)    0.00 (MUON_EFF_BADMUON_SYS)    0.00 (MUON_EFF_ISO_STAT)
  Partial chi^2                        0.00 (MUON_EFF_ISO_SYS)    0.00 (MUON_EFF_RECO_STAT)    0.00 (MUON_EFF_RECO_SYS)    0.00 (MUON_EFF_TTVA_STAT)
  Partial chi^2                        0.00 (MUON_EFF_TTVA_SYS)    0.00 (MUON_EFF_TrigStatUncertainty)    0.00 (MUON_EFF_TrigSystUncertainty)    0.00 (MUON_SAGITTA_DATASTAT)
  Partial chi^2                        0.00 (MUON_SAGITTA_RESBIAS)    0.00 (PRW_DATASF)    0.35 (STAT_DATA)    0.01 (STAT_MC)  
  Partial chi^2                        0.01 (THEORY_CROSS_SECTION_Wjets)    0.01 (THEORY_CROSS_SECTION_other_top_noWt)    0.00 (THEORY_CROSS_SECTION_signal)    0.01 (THEORY_DR_DS_signal)
  Partial chi^2                        0.00 (THEORY_EWK_Wjets)    0.00 (THEORY_EWK_multiboson_noW)    0.00 (THEORY_FSR_signal)    0.01 (THEORY_HDAMP_signal)
  Partial chi^2                        0.00 (THEORY_ISR_signal)    0.00 (THEORY_PDF4LHC_VARIATION_Wjets)    0.00 (THEORY_PDF4LHC_VARIATION_multiboson_noW)    0.00 (THEORY_PDF4LHC_VARIATION_signal)
  Partial chi^2                        0.02 (THEORY_PTHARD_signal)    0.03 (THEORY_SCALE_COMBINED_Wjets)    0.00 (THEORY_SCALE_COMBINED_multiboson_noW)    0.00 (THEORY_SCALE_FACTORISATION_signal)
  Partial chi^2                        0.01 (THEORY_SCALE_RENORMALISATION_signal)    0.07 (THEORY_SHOWERING_HERWIG7_signal)    0.02 (THEORY_TOPRECOIL_signal)    0.00 (THEORY_TOP_MASS_signal)
  Partial chi^2                        0.00 (TOTAL)        0.00 (TOTAL_NO_DR_DS)    0.00 (TOTAL_SYSONLY)    0.00 (WMASS_VAR_signal)
  Partial chi^2                        0.09 (pseudoDataStat)

  Uncertainties from HESSE matrix
     LTF: Result[0]:                   168.055  +/- 0.663934 (fit [from HESSE])

  Alternative result from pol2-fit to chi^2 values of the templates
     Result(pol2-chi2)[0]              167.667   +/- 0.778899 (fit)
     Chi^2(min)                        41.0642

  Result from linearized second-order model approximation
     EDM (Taylor) [0]                  -0.563094

  Expected distance to minimum
     EDM (Newton) [0]                  -0.677914
     EDM Delta-chi^2                   -7.72681


  'Uncertainties' on M from second-order model approximation
     sigma_m[0]                       -0.629964
     sigma_m[EG_RESOLUTION_ALL]       0.01
     sigma_m[EG_SCALE_ALL]            -0.01
     sigma_m[EL_EFF_ID_TOTAL_1NPCOR_PLUS_UNCOR] -0.02
     sigma_m[EL_EFF_Iso_TOTAL_1NPCOR_PLUS_UNCOR] -0.04
     sigma_m[EL_EFF_Reco_TOTAL_1NPCOR_PLUS_UNCOR] -0.01
     sigma_m[EL_EFF_TriggerEff_TOTAL_1NPCOR_PLUS_UNCOR] -0.00
     sigma_m[EL_EFF_Trigger_TOTAL_1NPCOR_PLUS_UNCOR] -0.00
     sigma_m[MUON_SAGITTA_DATASTAT]   0.00
     sigma_m[MUON_SAGITTA_RESBIAS]    -0.00
     sigma_m[MUON_EFF_BADMUON_SYS]    -0.00
     sigma_m[MUON_EFF_ISO_STAT]       -0.01
     sigma_m[MUON_EFF_ISO_SYS]        -0.02
     sigma_m[MUON_EFF_RECO_STAT]      -0.00
     sigma_m[MUON_EFF_RECO_SYS]       -0.01
     sigma_m[MUON_EFF_TTVA_STAT]      -0.00
     sigma_m[MUON_EFF_TTVA_SYS]       -0.00
     sigma_m[MUON_EFF_TrigStatUncertainty] -0.01
     sigma_m[MUON_EFF_TrigSystUncertainty] -0.02
     sigma_m[JET_EffectiveNP_Detector1] 0.00
     sigma_m[JET_EffectiveNP_Detector2] 0.00
     sigma_m[JET_EffectiveNP_Mixed1]  0.01
     sigma_m[JET_EffectiveNP_Mixed2]  0.02
     sigma_m[JET_EffectiveNP_Mixed3]  0.01
     sigma_m[JET_EffectiveNP_Modelling1] 0.04
     sigma_m[JET_EffectiveNP_Modelling2] -0.00
     sigma_m[JET_EffectiveNP_Modelling3] 0.01
     sigma_m[JET_EffectiveNP_Modelling4] 0.00
     sigma_m[JET_EffectiveNP_Statistical1] 0.00
     sigma_m[JET_EffectiveNP_Statistical2] -0.00
     sigma_m[JET_EffectiveNP_Statistical3] 0.00
     sigma_m[JET_EffectiveNP_Statistical4] 0.00
     sigma_m[JET_EffectiveNP_Statistical5] 0.01
     sigma_m[JET_EffectiveNP_Statistical6] 0.00
     sigma_m[JET_EtaIntercalibration_Modelling] -0.03
     sigma_m[JET_EtaIntercalibration_NonClosure_2018data] 0.01
     sigma_m[JET_EtaIntercalibration_NonClosure_highE] 0.00
     sigma_m[JET_EtaIntercalibration_NonClosure_negEta] -0.00
     sigma_m[JET_EtaIntercalibration_NonClosure_posEta] -0.00
     sigma_m[JET_EtaIntercalibration_TotalStat] -0.01
     sigma_m[JET_Flavor_Composition_prop] 0.00
     sigma_m[JET_Flavor_Response_prop] 0.00
     sigma_m[JET_Pileup_OffsetMu]     0.02
     sigma_m[JET_Pileup_OffsetNPV]    0.06
     sigma_m[JET_Pileup_PtTerm]       0.05
     sigma_m[JET_Pileup_RhoTopology]  -0.00
     sigma_m[JET_PunchThrough_MC16]   0.00
     sigma_m[JET_JER_DataVsMC_MC16_PseudoData] 0.07
     sigma_m[JET_JER_EffectiveNP_1_PseudoData] 0.03
     sigma_m[JET_JER_EffectiveNP_2_PseudoData] 0.10
     sigma_m[JET_JER_EffectiveNP_3_PseudoData] 0.05
     sigma_m[JET_JER_EffectiveNP_4_PseudoData] -0.02
     sigma_m[JET_JER_EffectiveNP_5_PseudoData] -0.07
     sigma_m[JET_JER_EffectiveNP_6_PseudoData] -0.05
     sigma_m[JET_JER_EffectiveNP_7_PseudoData] 0.01
     sigma_m[JET_JER_EffectiveNP_8_PseudoData] 0.02
     sigma_m[JET_JER_EffectiveNP_9_PseudoData] -0.03
     sigma_m[JET_JER_EffectiveNP_10_PseudoData] 0.01
     sigma_m[JET_JER_EffectiveNP_11_PseudoData] -0.01
     sigma_m[JET_JER_EffectiveNP_12restTerm_PseudoData] -0.02
     sigma_m[JET_JvtEfficiency]       -0.04
     sigma_m[PRW_DATASF]              0.09
     sigma_m[MET_SoftTrk_ResoPara]    -0.01
     sigma_m[MET_SoftTrk_ResoPerp]    -0.01
     sigma_m[MET_SoftTrk_Scale]       0.00
     sigma_m[WMASS_VAR_signal]        -0.00
     sigma_m[FT_EFF_Eigen_B_0]        -0.28
     sigma_m[FT_EFF_Eigen_B_1]        -0.12
     sigma_m[FT_EFF_Eigen_B_2]        -0.07
     sigma_m[FT_EFF_Eigen_B_3]        -0.01
     sigma_m[FT_EFF_Eigen_B_4]        -0.00
     sigma_m[FT_EFF_Eigen_B_5]        0.00
     sigma_m[FT_EFF_Eigen_B_6]        -0.00
     sigma_m[FT_EFF_Eigen_B_7]        0.00
     sigma_m[FT_EFF_Eigen_B_8]        0.00
     sigma_m[FT_EFF_Eigen_C_0]        0.07
     sigma_m[FT_EFF_Eigen_C_1]        -0.01
     sigma_m[FT_EFF_Eigen_C_2]        0.00
     sigma_m[FT_EFF_Eigen_C_3]        0.00
     sigma_m[FT_EFF_Eigen_Light_0]    0.05
     sigma_m[FT_EFF_Eigen_Light_1]    0.00
     sigma_m[FT_EFF_Eigen_Light_2]    0.00
     sigma_m[FT_EFF_Eigen_Light_3]    0.00
     sigma_m[FT_EFF_extrapolation]    0.01
     sigma_m[FT_EFF_extrapolation_from_charm] 0.01
     sigma_m[THEORY_CROSS_SECTION_signal] 0.01
     sigma_m[THEORY_SHOWERING_HERWIG7_signal] 0.37
     sigma_m[THEORY_SCALE_FACTORISATION_signal] -0.02
     sigma_m[THEORY_SCALE_RENORMALISATION_signal] 0.10
     sigma_m[THEORY_ISR_signal]       -0.00
     sigma_m[THEORY_FSR_signal]       -0.07
     sigma_m[THEORY_HDAMP_signal]     -0.07
     sigma_m[THEORY_PTHARD_signal]    0.02
     sigma_m[THEORY_TOPRECOIL_signal] -0.21
     sigma_m[THEORY_TOP_MASS_signal]  -0.03
     sigma_m[THEORY_PDF4LHC_VARIATION_signal] -0.01
     sigma_m[THEORY_DR_DS_signal]     0.02
     sigma_m[THEORY_CROSS_SECTION_Wjets] 0.04
     sigma_m[THEORY_SCALE_COMBINED_Wjets] 0.09
     sigma_m[THEORY_PDF4LHC_VARIATION_Wjets] 0.01
     sigma_m[THEORY_EWK_Wjets]        -0.00
     sigma_m[THEORY_SCALE_COMBINED_multiboson_noW] 0.03
     sigma_m[THEORY_PDF4LHC_VARIATION_multiboson_noW] 0.00
     sigma_m[THEORY_EWK_multiboson_noW] 0.00
     sigma_m[THEORY_CROSS_SECTION_other_top_noWt] 0.02
     sigma_m[FAKES_Electron]          0.02
     sigma_m[FAKES_Muon]              0.01
     sigma_m[LUMINOSITY]              -0.07

  Settings
     Number of data points             10
     Number of templates               8
     Number of fit parameters          1
     Template reference values [0]     162.5   165   170 172.5   175 177.5   180 182.5
     Number of nuisance param.         107
     Gamma[0]                          1.000
     LogNormal                         false
     Response matrix                   false

  please cite: D. Britzger, The Linear Template Fit, Eur.Phys.J.C 82 (2022) 731, arXiv:2112.01548.
------------------------------------------------------------------------

Warning in <TROOT::Append>: Replacing existing TH1: hist (Potential memory leak).
Warning in <TROOT::Append>: Replacing existing TH1: hist (Potential memory leak).
Warning in <TROOT::Append>: Replacing existing TH1: hist (Potential memory leak).
Warning in <TROOT::Append>: Replacing existing TH1: hist (Potential memory leak).
Warning in <TROOT::Append>: Replacing existing TH1: hist (Potential memory leak).
Warning in <TROOT::Append>: Replacing existing TH1: hist (Potential memory leak).
Warning in <TROOT::Append>: Replacing existing TH1: hist (Potential memory leak).
Warning in <TROOT::Append>: Replacing existing TH1: hist (Potential memory leak).
Warning in <TROOT::Append>: Replacing existing TH1: hist (Potential memory leak).
Info in <TCanvas::Print>: ps file plots/fit_mbl.ps has been created
Info in <TCanvas::Print>: Current canvas added to ps file plots/fit_mbl.ps
Info in <TCanvas::Print>: Current canvas added to ps file plots/fit_mbl.ps
Info in <TCanvas::Print>: Current canvas added to ps file plots/fit_mbl.ps
Info in <TCanvas::Print>: Current canvas added to ps file plots/fit_mbl.ps
Info in <TCanvas::Print>: Current canvas added to ps file plots/fit_mbl.ps
Info in <TCanvas::Print>: Current canvas added to ps file plots/fit_mbl.ps
Info in <TCanvas::Print>: Current canvas added to ps file plots/fit_mbl.ps
Info in <TCanvas::Print>: Current canvas added to ps file plots/fit_mbl.ps
Info in <TCanvas::Print>: Current canvas added to ps file plots/fit_mbl.ps
Info in <TCanvas::Print>: Current canvas added to ps file plots/fit_mbl.ps
Info in <TCanvas::Print>: Current canvas added to ps file plots/fit_mbl.ps
Info in <TCanvas::Print>: Current canvas added to ps file plots/fit_mbl.ps
Info in <TCanvas::Print>: Current canvas added to ps file plots/fit_mbl.ps
Info in <TCanvas::Print>: Current canvas added to ps file plots/fit_mbl.ps
Info in <TCanvas::Print>: Current canvas added to ps file plots/fit_mbl.ps
Info in <TCanvas::Print>: Current canvas added to ps file plots/fit_mbl.ps
Info in <TCanvas::Print>: Current canvas added to ps file plots/fit_mbl.ps
Info in <TCanvas::Print>: Current canvas added to ps file plots/fit_mbl.ps
Info in <TCanvas::Print>: Current canvas added to ps file plots/fit_mbl.ps
Info in <TCanvas::Print>: Current canvas added to ps file plots/fit_mbl.ps
Info in <TCanvas::Print>: Current canvas added to ps file plots/fit_mbl.ps
Info in <TCanvas::Print>: Current canvas added to ps file plots/fit_mbl.ps
Info in <TCanvas::Print>: Current canvas added to ps file plots/fit_mbl.ps
Info in <TCanvas::Print>: Current canvas added to ps file plots/fit_mbl.ps
Info in <TCanvas::Print>: Current canvas added to ps file plots/fit_mbl.ps
Info in <TCanvas::Print>: Current canvas added to ps file plots/fit_mbl.ps
Info in <TCanvas::Print>: Current canvas added to ps file plots/fit_mbl.ps
Info in <TCanvas::Print>: Current canvas added to ps file plots/fit_mbl.ps
Info in <TCanvas::Print>: Current canvas added to ps file plots/fit_mbl.ps
Info in <TCanvas::Print>: Current canvas added to ps file plots/fit_mbl.ps
Info in <TCanvas::Print>: Current canvas added to ps file plots/fit_mbl.ps
Info in <TCanvas::Print>: ps file plots/fit_mbl.ps has been closed
Found covarinace matrix unfolding_covariance_matrix_mbwhad_selected_covariance_STAT_DATA
Determinant of covariance matrix 2.92341e-37
Johannes print final correltaion matrix
1	-0.367114	0.124104	-0.0102883	0.0301477	0.0249596	-0.0199066	-0.0498203	
-0.367114	1	-0.597727	0.0853252	-0.00318656	0.0472456	-0.0123551	0.0105914	
0.124104	-0.597727	1	-0.278414	0.0386791	-0.0551904	0.00681515	0.0508684	
-0.0102883	0.0853252	-0.278414	1	-0.277573	0.0986475	-0.0363062	-0.0135197	
0.0301477	-0.00318656	0.0386791	-0.277573	1	-0.351092	0.111181	-0.0635855	
0.0249596	0.0472456	-0.0551904	0.0986475	-0.351092	1	-0.364353	0.0580908	
-0.0199066	-0.0123551	0.00681515	-0.0363062	0.111181	-0.364353	1	-0.280819	
-0.0498203	0.0105914	0.0508684	-0.0135197	-0.0635855	0.0580908	-0.280819	1	
Warning in <TROOT::Append>: Replacing existing TH1: total_error (Potential memory leak).
TH1.Print Name  = total_error, Entries= 856, Total sum= 0.812715
 fSumw[0]=0, x=-0.5, error=0
 fSumw[1]=0.106435, x=0.5, error=0
 fSumw[2]=0.140581, x=1.5, error=0
 fSumw[3]=0.102963, x=2.5, error=0
 fSumw[4]=0.148362, x=3.5, error=0
 fSumw[5]=0.0626302, x=4.5, error=0
 fSumw[6]=0.0720239, x=5.5, error=0
 fSumw[7]=0.0643816, x=6.5, error=0
 fSumw[8]=0.115339, x=7.5, error=0
 fSumw[9]=0, x=8.5, error=0
STAT_MC 0.00293556
STAT_MC 0.00171278
STAT_MC 0.000708049
STAT_MC 0.00225478
STAT_MC 0.00358833
STAT_MC 0.004986
STAT_MC 0.00516222
STAT_MC 0.00778
TH1.Print Name  = total_error, Entries= 864, Total sum= 0.813529
 fSumw[0]=0, x=-0.5, error=0
 fSumw[1]=0.106476, x=0.5, error=0
 fSumw[2]=0.140591, x=1.5, error=0
 fSumw[3]=0.102965, x=2.5, error=0
 fSumw[4]=0.148379, x=3.5, error=0
 fSumw[5]=0.0627329, x=4.5, error=0
 fSumw[6]=0.0721963, x=5.5, error=0
 fSumw[7]=0.0645883, x=6.5, error=0
 fSumw[8]=0.115601, x=7.5, error=0
 fSumw[9]=0, x=8.5, error=0
TH1.Print Name  = total_error, Entries= 872, Total sum= 0.82791
 fSumw[0]=0, x=-0.5, error=0
 fSumw[1]=0.10667, x=0.5, error=0
 fSumw[2]=0.140614, x=1.5, error=0
 fSumw[3]=0.102989, x=2.5, error=0
 fSumw[4]=0.148443, x=3.5, error=0
 fSumw[5]=0.0633334, x=4.5, error=0
 fSumw[6]=0.0738112, x=5.5, error=0
 fSumw[7]=0.0689938, x=6.5, error=0
 fSumw[8]=0.123056, x=7.5, error=0
 fSumw[9]=0, x=8.5, error=0

        Data        Stat Tmpl_162.50 Stat_162.50 Tmpl_165.00 Stat_165.00 Tmpl_170.00 Stat_170.00 Tmpl_172.50 Stat_172.50 Tmpl_175.00 Stat_175.00 Tmpl_177.50 Stat_177.50 Tmpl_180.00 Stat_180.00 Tmpl_182.50 Stat_182.50
    0.441942    0.002848    0.501124    0.001928    0.470297    0.001785    0.412722    0.002746    0.389897    0.001798    0.370175    0.002357    0.346553    0.001262    0.325103    0.002376    0.303533    0.001348
    2.790967    0.007088    3.665329    0.005259    3.203530    0.004653    2.422203    0.006628    2.146594    0.004203    1.890956    0.005292    1.685302    0.002801    1.516108    0.005141    1.368620    0.002892
    3.677169    0.008063    3.229664    0.004935    3.467408    0.004813    3.810714    0.008303    3.866342    0.005538    3.887513    0.007676    3.867677    0.004233    3.824024    0.008143    3.727112    0.004773
    0.973582    0.004253    0.971584    0.002816    0.969262    0.002595    0.990226    0.004271    0.990163    0.002842    1.009264    0.003991    1.022159    0.002218    1.042926    0.004375    1.069729    0.002607
    0.247901    0.002157    0.258220    0.001561    0.251744    0.001403    0.244515    0.002157    0.242145    0.001386    0.238404    0.002050    0.237219    0.001089    0.237243    0.002102    0.231427    0.001260
    0.081958    0.001258    0.085147    0.000854    0.082934    0.000787    0.081389    0.001287    0.080102    0.000776    0.078609    0.001156    0.076169    0.000630    0.076751    0.001226    0.074774    0.000725
    0.037709    0.000915    0.038144    0.000602    0.036930    0.000501    0.036247    0.000813    0.035263    0.000489    0.034790    0.000766    0.034451    0.000430    0.033690    0.000770    0.033085    0.000497
    0.010632    0.000448    0.011053    0.000330    0.010426    0.000252    0.009234    0.000377    0.010206    0.000249    0.009725    0.000383    0.009530    0.000218    0.010023    0.000401    0.009409    0.000246

LTF::DoLiTeFit(). Fit done. Result:  168.749  +/- 1.09658 (fit)  +/- 0.80365 (ext)  +/- 0.0566178 (tmpl)  +/- 0 (MatA)   [chi^2=1.16237]

------------------------------------------------------------------------
        Result of the 1-dimensional linear template fit
        ```````````````````````````````````````````````
  LTF. Result[0]:   168.749  +/- 1.09658 (fit)  +/- 0.80365 (ext)

  LTF. Result[0]:   168.748953
                             +/-  0.374790 (STAT_DATA)
                             +/-  0.066345 (STAT_MC)
                             +/-  0.164192 (pseudoDataStat)
                             +/- -0.002155 (EG_RESOLUTION_ALL)
                             +/- -0.000298 (EG_SCALE_ALL)
                             +/- -0.005087 (EL_EFF_ID_TOTAL_1NPCOR_PLUS_UNCOR)
                             +/- -0.022883 (EL_EFF_Iso_TOTAL_1NPCOR_PLUS_UNCOR)
                             +/- -0.008282 (EL_EFF_Reco_TOTAL_1NPCOR_PLUS_UNCOR)
                             +/- -0.000000 (EL_EFF_TriggerEff_TOTAL_1NPCOR_PLUS_UNCOR)
                             +/- -0.000000 (EL_EFF_Trigger_TOTAL_1NPCOR_PLUS_UNCOR)
                             +/- -0.051196 (FAKES_Electron)
                             +/- -0.011569 (FAKES_Muon)
                             +/- -0.519504 (FT_EFF_Eigen_B_0)
                             +/-  0.115752 (FT_EFF_Eigen_B_1)
                             +/-  0.022852 (FT_EFF_Eigen_B_2)
                             +/- -0.051665 (FT_EFF_Eigen_B_3)
                             +/-  0.000174 (FT_EFF_Eigen_B_4)
                             +/- -0.000659 (FT_EFF_Eigen_B_5)
                             +/-  0.000017 (FT_EFF_Eigen_B_6)
                             +/- -0.000007 (FT_EFF_Eigen_B_7)
                             +/- -0.000001 (FT_EFF_Eigen_B_8)
                             +/- -0.029901 (FT_EFF_Eigen_C_0)
                             +/- -0.002098 (FT_EFF_Eigen_C_1)
                             +/-  0.000514 (FT_EFF_Eigen_C_2)
                             +/- -0.000632 (FT_EFF_Eigen_C_3)
                             +/- -0.065735 (FT_EFF_Eigen_Light_0)
                             +/- -0.007984 (FT_EFF_Eigen_Light_1)
                             +/-  0.000217 (FT_EFF_Eigen_Light_2)
                             +/-  0.000213 (FT_EFF_Eigen_Light_3)
                             +/-  0.001785 (FT_EFF_extrapolation)
                             +/- -0.021910 (FT_EFF_extrapolation_from_charm)
                             +/- -0.009172 (JET_EffectiveNP_Detector1)
                             +/- -0.002158 (JET_EffectiveNP_Detector2)
                             +/- -0.052114 (JET_EffectiveNP_Mixed1)
                             +/- -0.034472 (JET_EffectiveNP_Mixed2)
                             +/-  0.001271 (JET_EffectiveNP_Mixed3)
                             +/- -0.122398 (JET_EffectiveNP_Modelling1)
                             +/- -0.039985 (JET_EffectiveNP_Modelling2)
                             +/- -0.053025 (JET_EffectiveNP_Modelling3)
                             +/- -0.009503 (JET_EffectiveNP_Modelling4)
                             +/-  0.002683 (JET_EffectiveNP_Statistical1)
                             +/-  0.013490 (JET_EffectiveNP_Statistical2)
                             +/- -0.002014 (JET_EffectiveNP_Statistical3)
                             +/- -0.020685 (JET_EffectiveNP_Statistical4)
                             +/- -0.019823 (JET_EffectiveNP_Statistical5)
                             +/- -0.010065 (JET_EffectiveNP_Statistical6)
                             +/- -0.026399 (JET_EtaIntercalibration_Modelling)
                             +/- -0.055989 (JET_EtaIntercalibration_NonClosure_2018data)
                             +/- -0.000013 (JET_EtaIntercalibration_NonClosure_highE)
                             +/- -0.002906 (JET_EtaIntercalibration_NonClosure_negEta)
                             +/- -0.004156 (JET_EtaIntercalibration_NonClosure_posEta)
                             +/-  0.018859 (JET_EtaIntercalibration_TotalStat)
                             +/-  0.000067 (JET_Flavor_Composition_prop)
                             +/-  0.005866 (JET_Flavor_Response_prop)
                             +/-  0.104624 (JET_JER_DataVsMC_MC16_PseudoData)
                             +/-  0.000469 (JET_JER_EffectiveNP_10_PseudoData)
                             +/- -0.012122 (JET_JER_EffectiveNP_11_PseudoData)
                             +/-  0.056848 (JET_JER_EffectiveNP_12restTerm_PseudoData)
                             +/-  0.200027 (JET_JER_EffectiveNP_1_PseudoData)
                             +/-  0.461602 (JET_JER_EffectiveNP_2_PseudoData)
                             +/-  0.033422 (JET_JER_EffectiveNP_3_PseudoData)
                             +/- -0.145232 (JET_JER_EffectiveNP_4_PseudoData)
                             +/-  0.073403 (JET_JER_EffectiveNP_5_PseudoData)
                             +/-  0.086445 (JET_JER_EffectiveNP_6_PseudoData)
                             +/-  0.046038 (JET_JER_EffectiveNP_7_PseudoData)
                             +/- -0.046223 (JET_JER_EffectiveNP_8_PseudoData)
                             +/-  0.062285 (JET_JER_EffectiveNP_9_PseudoData)
                             +/- -0.082821 (JET_JvtEfficiency)
                             +/-  0.031742 (JET_Pileup_OffsetMu)
                             +/-  0.073204 (JET_Pileup_OffsetNPV)
                             +/- -0.100977 (JET_Pileup_PtTerm)
                             +/-  0.152820 (JET_Pileup_RhoTopology)
                             +/-  0.000351 (JET_PunchThrough_MC16)
                             +/- -0.047557 (LUMINOSITY)
                             +/-  0.007014 (MET_SoftTrk_ResoPara)
                             +/-  0.001994 (MET_SoftTrk_ResoPerp)
                             +/-  0.005268 (MET_SoftTrk_Scale)
                             +/- -0.000000 (MUON_EFF_BADMUON_SYS)
                             +/- -0.002212 (MUON_EFF_ISO_STAT)
                             +/- -0.008708 (MUON_EFF_ISO_SYS)
                             +/- -0.001076 (MUON_EFF_RECO_STAT)
                             +/- -0.002676 (MUON_EFF_RECO_SYS)
                             +/- -0.000552 (MUON_EFF_TTVA_STAT)
                             +/- -0.000725 (MUON_EFF_TTVA_SYS)
                             +/- -0.006402 (MUON_EFF_TrigStatUncertainty)
                             +/- -0.013362 (MUON_EFF_TrigSystUncertainty)
                             +/- -0.000357 (MUON_SAGITTA_DATASTAT)
                             +/- -0.000931 (MUON_SAGITTA_RESBIAS)
                             +/- -0.138689 (PRW_DATASF)
                             +/- -0.053083 (THEORY_CROSS_SECTION_Wjets)
                             +/- -0.106495 (THEORY_CROSS_SECTION_other_top_noWt)
                             +/- -0.012091 (THEORY_CROSS_SECTION_signal)
                             +/- -0.131819 (THEORY_DR_DS_signal)
                             +/-  0.000079 (THEORY_EWK_Wjets)
                             +/- -0.000217 (THEORY_EWK_multiboson_noW)
                             +/- -0.243324 (THEORY_FSR_signal)
                             +/-  0.045760 (THEORY_HDAMP_signal)
                             +/-  0.077062 (THEORY_ISR_signal)
                             +/- -0.015681 (THEORY_PDF4LHC_VARIATION_Wjets)
                             +/- -0.005160 (THEORY_PDF4LHC_VARIATION_multiboson_noW)
                             +/- -0.008166 (THEORY_PDF4LHC_VARIATION_signal)
                             +/- -0.017584 (THEORY_PTHARD_signal)
                             +/- -0.071844 (THEORY_SCALE_COMBINED_Wjets)
                             +/- -0.031247 (THEORY_SCALE_COMBINED_multiboson_noW)
                             +/- -0.019729 (THEORY_SCALE_FACTORISATION_signal)
                             +/-  0.028162 (THEORY_SCALE_RENORMALISATION_signal)
                             +/-  0.083308 (THEORY_SHOWERING_HERWIG7_signal)
                             +/- -0.152538 (THEORY_TOPRECOIL_signal)
                             +/- -0.435694 (THEORY_TOP_MASS_signal)
                             +/- -0.000659 (WMASS_VAR_signal)

                             +/- -0.300400 (FULL_SYS_SUM)
                             +/- -0.259748 (FULL_SYS_SUM_DETECTOR)
                             +/- -0.360249 (FULL_SYS_SUM_THEORY)
                             +/- -0.300400 (FULL_SYS_TOYS)
                             +/- -0.301901 (TOTAL)
                             +/- -0.293567 (TOTAL_NO_DR_DS)
                             +/- -0.301330 (TOTAL_SYSONLY)
                             +/-  0.056618 (statY)

  Nuisance parameters                 -0.001  +/-  1.000  (EG_RESOLUTION_ALL)
                                       0.004  +/-  1.000  (EG_SCALE_ALL)
                                       0.026  +/-  0.999  (EL_EFF_ID_TOTAL_1NPCOR_PLUS_UNCOR)
                                       0.044  +/-  0.995  (EL_EFF_Iso_TOTAL_1NPCOR_PLUS_UNCOR)
                                       0.013  +/-  1.000  (EL_EFF_Reco_TOTAL_1NPCOR_PLUS_UNCOR)
                                       0.000  +/-  1.000  (EL_EFF_TriggerEff_TOTAL_1NPCOR_PLUS_UNCOR)
                                       0.000  +/-  1.000  (EL_EFF_Trigger_TOTAL_1NPCOR_PLUS_UNCOR)
                                       0.001  +/-  1.000  (MUON_SAGITTA_DATASTAT)
                                       0.000  +/-  1.000  (MUON_SAGITTA_RESBIAS)
                                      -0.000  +/-  1.000  (MUON_EFF_BADMUON_SYS)
                                       0.009  +/-  1.000  (MUON_EFF_ISO_STAT)
                                       0.019  +/-  0.999  (MUON_EFF_ISO_SYS)
                                       0.002  +/-  1.000  (MUON_EFF_RECO_STAT)
                                       0.015  +/-  1.000  (MUON_EFF_RECO_SYS)
                                       0.002  +/-  1.000  (MUON_EFF_TTVA_STAT)
                                       0.002  +/-  1.000  (MUON_EFF_TTVA_SYS)
                                       0.013  +/-  1.000  (MUON_EFF_TrigStatUncertainty)
                                       0.026  +/-  0.998  (MUON_EFF_TrigSystUncertainty)
                                       0.012  +/-  0.998  (JET_EffectiveNP_Detector1)
                                       0.000  +/-  1.000  (JET_EffectiveNP_Detector2)
                                       0.138  +/-  0.980  (JET_EffectiveNP_Mixed1)
                                       0.033  +/-  0.993  (JET_EffectiveNP_Mixed2)
                                       0.017  +/-  1.000  (JET_EffectiveNP_Mixed3)
                                       0.117  +/-  0.876  (JET_EffectiveNP_Modelling1)
                                       0.040  +/-  0.998  (JET_EffectiveNP_Modelling2)
                                      -0.003  +/-  0.994  (JET_EffectiveNP_Modelling3)
                                       0.012  +/-  1.000  (JET_EffectiveNP_Modelling4)
                                       0.038  +/-  0.999  (JET_EffectiveNP_Statistical1)
                                       0.006  +/-  0.999  (JET_EffectiveNP_Statistical2)
                                       0.020  +/-  1.000  (JET_EffectiveNP_Statistical3)
                                      -0.003  +/-  0.999  (JET_EffectiveNP_Statistical4)
                                       0.006  +/-  0.999  (JET_EffectiveNP_Statistical5)
                                       0.010  +/-  1.000  (JET_EffectiveNP_Statistical6)
                                       0.167  +/-  0.960  (JET_EtaIntercalibration_Modelling)
                                       0.070  +/-  0.985  (JET_EtaIntercalibration_NonClosure_2018data)
                                       0.000  +/-  1.000  (JET_EtaIntercalibration_NonClosure_highE)
                                      -0.003  +/-  1.000  (JET_EtaIntercalibration_NonClosure_negEta)
                                       0.005  +/-  1.000  (JET_EtaIntercalibration_NonClosure_posEta)
                                       0.022  +/-  0.998  (JET_EtaIntercalibration_TotalStat)
                                       0.001  +/-  1.000  (JET_Flavor_Composition_prop)
                                       0.052  +/-  0.998  (JET_Flavor_Response_prop)
                                      -0.022  +/-  0.994  (JET_Pileup_OffsetMu)
                                      -0.081  +/-  0.949  (JET_Pileup_OffsetNPV)
                                      -0.059  +/-  0.970  (JET_Pileup_PtTerm)
                                       0.157  +/-  0.663  (JET_Pileup_RhoTopology)
                                       0.006  +/-  1.000  (JET_PunchThrough_MC16)
                                      -0.062  +/-  0.995  (JET_JER_DataVsMC_MC16_PseudoData)
                                      -0.086  +/-  0.925  (JET_JER_EffectiveNP_1_PseudoData)
                                      -0.087  +/-  0.844  (JET_JER_EffectiveNP_2_PseudoData)
                                      -0.048  +/-  0.974  (JET_JER_EffectiveNP_3_PseudoData)
                                       0.025  +/-  0.997  (JET_JER_EffectiveNP_4_PseudoData)
                                       0.060  +/-  0.984  (JET_JER_EffectiveNP_5_PseudoData)
                                       0.015  +/-  0.959  (JET_JER_EffectiveNP_6_PseudoData)
                                      -0.040  +/-  0.998  (JET_JER_EffectiveNP_7_PseudoData)
                                       0.055  +/-  0.995  (JET_JER_EffectiveNP_8_PseudoData)
                                      -0.002  +/-  0.983  (JET_JER_EffectiveNP_9_PseudoData)
                                       0.025  +/-  0.999  (JET_JER_EffectiveNP_10_PseudoData)
                                       0.038  +/-  0.997  (JET_JER_EffectiveNP_11_PseudoData)
                                       0.026  +/-  0.995  (JET_JER_EffectiveNP_12restTerm_PseudoData)
                                       0.030  +/-  0.997  (JET_JvtEfficiency)
                                      -0.161  +/-  0.982  (PRW_DATASF)
                                       0.004  +/-  0.999  (MET_SoftTrk_ResoPara)
                                       0.011  +/-  1.000  (MET_SoftTrk_ResoPerp)
                                       0.002  +/-  1.000  (MET_SoftTrk_Scale)
                                       0.016  +/-  1.000  (WMASS_VAR_signal)
                                       0.232  +/-  0.896  (FT_EFF_Eigen_B_0)
                                       0.199  +/-  0.939  (FT_EFF_Eigen_B_1)
                                       0.022  +/-  0.994  (FT_EFF_Eigen_B_2)
                                       0.011  +/-  1.000  (FT_EFF_Eigen_B_3)
                                      -0.001  +/-  1.000  (FT_EFF_Eigen_B_4)
                                       0.001  +/-  1.000  (FT_EFF_Eigen_B_5)
                                       0.000  +/-  1.000  (FT_EFF_Eigen_B_6)
                                       0.000  +/-  1.000  (FT_EFF_Eigen_B_7)
                                       0.000  +/-  1.000  (FT_EFF_Eigen_B_8)
                                      -0.007  +/-  0.991  (FT_EFF_Eigen_C_0)
                                       0.034  +/-  0.999  (FT_EFF_Eigen_C_1)
                                      -0.000  +/-  1.000  (FT_EFF_Eigen_C_2)
                                       0.000  +/-  1.000  (FT_EFF_Eigen_C_3)
                                      -0.016  +/-  0.988  (FT_EFF_Eigen_Light_0)
                                       0.015  +/-  0.999  (FT_EFF_Eigen_Light_1)
                                       0.012  +/-  1.000  (FT_EFF_Eigen_Light_2)
                                       0.002  +/-  1.000  (FT_EFF_Eigen_Light_3)
                                       0.045  +/-  0.998  (FT_EFF_extrapolation)
                                      -0.008  +/-  0.999  (FT_EFF_extrapolation_from_charm)
                                       0.005  +/-  1.000  (THEORY_CROSS_SECTION_signal)
                                      -0.273  +/-  0.565  (THEORY_SHOWERING_HERWIG7_signal)
                                       0.038  +/-  0.998  (THEORY_SCALE_FACTORISATION_signal)
                                      -0.019  +/-  0.997  (THEORY_SCALE_RENORMALISATION_signal)
                                      -0.221  +/-  0.916  (THEORY_ISR_signal)
                                       0.071  +/-  0.924  (THEORY_FSR_signal)
                                      -0.213  +/-  0.911  (THEORY_HDAMP_signal)
                                      -0.067  +/-  0.981  (THEORY_PTHARD_signal)
                                       0.017  +/-  0.932  (THEORY_TOPRECOIL_signal)
                                      -0.251  +/-  0.942  (THEORY_TOP_MASS_signal)
                                       0.004  +/-  1.000  (THEORY_PDF4LHC_VARIATION_signal)
                                       0.153  +/-  0.918  (THEORY_DR_DS_signal)
                                      -0.005  +/-  0.988  (THEORY_CROSS_SECTION_Wjets)
                                       0.040  +/-  0.949  (THEORY_SCALE_COMBINED_Wjets)
                                       0.012  +/-  0.999  (THEORY_PDF4LHC_VARIATION_Wjets)
                                       0.002  +/-  1.000  (THEORY_EWK_Wjets)
                                       0.010  +/-  0.994  (THEORY_SCALE_COMBINED_multiboson_noW)
                                       0.004  +/-  1.000  (THEORY_PDF4LHC_VARIATION_multiboson_noW)
                                       0.000  +/-  1.000  (THEORY_EWK_multiboson_noW)
                                       0.040  +/-  0.920  (THEORY_CROSS_SECTION_other_top_noWt)
                                      -0.014  +/-  0.995  (FAKES_Electron)
                                      -0.006  +/-  1.000  (FAKES_Muon)
                                       0.074  +/-  0.983  (LUMINOSITY)

  Correlation matrix 
        1   0.00197  0.000272   0.00464     0.021   0.00756  1.96e-14  1.96e-14  0.000326  0.000849   1.4e-14   0.00202   0.00795  0.000981   0.00244  0.000503  0.000662   0.00584    0.0122   0.00838   0.00197    0.0485    0.0317  -0.00116     0.127    0.0365    0.0487   0.00867  -0.00245   -0.0123   0.00184    0.0189    0.0181   0.00918    0.0251    0.0519  1.18e-05   0.00265   0.00379   -0.0172 -6.13e-05  -0.00536   -0.0291   -0.0704    0.0949     -0.21  -0.00032   -0.0959    -0.197    -0.499   -0.0313     0.133   -0.0681   -0.0822   -0.0421    0.0424   -0.0578 -0.000428    0.0111   -0.0521    0.0757     0.129   -0.0064  -0.00182  -0.00481  0.000601     0.529    -0.112    -0.021    0.0471 -0.000158  0.000601 -1.52e-05  6.81e-06  6.87e-07    0.0275   0.00192 -0.000469  0.000577    0.0606   0.00728 -0.000198 -0.000194  -0.00163      0.02     0.011    -0.134     0.018   -0.0258   -0.0767      0.24   -0.0458    0.0164     0.149     0.422   0.00745     0.131     0.049     0.069    0.0143 -7.17e-05    0.0287   0.00471  0.000198     0.106    0.0469    0.0106    0.0441
  0.00197         1 -3.93e-05 -8.86e-05 -0.000233 -7.31e-05 -5.61e-17 -5.61e-17 -1.81e-06 -5.05e-06  2.63e-17  -3.3e-05 -0.000106  -1.2e-05 -5.79e-05 -8.13e-06 -1.05e-05  -6.8e-05 -0.000148  0.000135   1.7e-05  0.000286  0.000276  4.81e-05   0.00119  5.56e-05  0.000255     5e-05  7.61e-06  4.41e-05  1.78e-05   9.2e-05  9.59e-05  5.85e-05  0.000298    0.0004 -8.34e-08 -1.38e-05 -9.45e-06   8.9e-05  1.39e-07 -2.23e-06  5.34e-05  0.000229  0.000437  0.000386  3.17e-06 -0.000274  -0.00133   -0.0018 -0.000553 -0.000101 -0.000358 -0.000846 -0.000227 -0.000254 -0.000537 -6.23e-05 -0.000155  -0.00014 -0.000103 -1.55e-05 -9.28e-05 -5.13e-05 -6.06e-05 -1.51e-05   -0.0007  -0.00065 -0.000213 -4.96e-05 -8.77e-06 -1.76e-06 -1.72e-07 -5.65e-09 -2.07e-09 -0.000438 -7.95e-05 -2.29e-05    -3e-06 -0.000488 -3.97e-05 -6.45e-06 -4.05e-06 -4.53e-05  -0.00015 -6.88e-05 -0.000232 -9.55e-05 -0.000158 -0.000596  0.000846 -0.000873 -0.000399  0.000744 -0.000925 -9.81e-06 -0.000965 -0.000444 -0.000738  -0.00012 -3.56e-06 -0.000274 -4.87e-05 -1.54e-06  -0.00111 -0.000291 -6.79e-05 -0.000476
 0.000272 -3.93e-05         1 -0.000466  -0.00102 -0.000302 -1.49e-16 -1.49e-16 -3.11e-06 -1.06e-05  1.01e-17 -0.000175 -0.000456 -5.22e-05 -0.000293 -3.83e-05 -4.89e-05 -0.000301 -0.000637 -4.59e-05  7.74e-06 -0.000819 -9.12e-05 -7.96e-05  0.000796 -0.000251  0.000148 -5.97e-05 -0.000281 -1.29e-05 -0.000167     2e-05  2.81e-06 -4.52e-05 -0.000924 -4.62e-05 -2.54e-07 -5.82e-05 -2.89e-05 -4.36e-05 -1.96e-06 -0.000356   0.00023   0.00121  0.000502  0.000803 -2.49e-05 -0.000408  -0.00313  -0.00467  -0.00154 -0.000191   -0.0015  -0.00232 -0.000305 -0.000813  -0.00129 -0.000147 -0.000481 -0.000742 -0.000375  0.000626 -0.000251 -0.000285 -0.000241 -0.000176  -0.00247  -0.00388  -0.00103 -0.000215 -1.98e-05 -8.49e-06 -1.04e-07 -2.91e-08 -7.26e-09 -0.000957 -0.000458    -9e-05  2.42e-06  -0.00114 -8.85e-05 -5.65e-05 -1.94e-05 -0.000333 -0.000474  -0.00025  8.64e-05 -0.000342  3.86e-05   0.00193  0.000468   0.00115  0.000273  0.000762 -4.43e-05 -4.54e-05  -0.00431  -0.00136  -0.00315 -0.000459 -3.57e-05 -0.000997 -0.000185 -2.47e-06  -0.00392 -0.000876 -0.000161  -0.00201
  0.00464 -8.86e-05 -0.000466         1  -0.00414  -0.00122 -3.65e-16 -3.65e-16 -4.45e-05 -3.88e-05 -3.09e-17 -0.000724  -0.00181 -0.000206  -0.00122 -0.000156 -0.000198  -0.00119  -0.00252 -0.000241 -2.22e-05  -0.00461 -0.000836  -0.00046 -9.96e-05  -0.00136  0.000627 -0.000391  -0.00153 -0.000104 -0.000974  0.000219  0.000144 -0.000201  -0.00628  -0.00169 -1.01e-06 -0.000139 -0.000208 -0.000484 -1.76e-05  -0.00194  0.000214   0.00228   0.00206  -0.00482 -0.000208 -0.000426  -0.00637  -0.00999  -0.00281  -0.00058  -0.00395  -0.00562 -0.000468   -0.0022  -0.00272 -0.000656  -0.00156  -0.00179  -0.00139   0.00357  -0.00119  -0.00118  -0.00106 -0.000932   -0.0107    -0.016  -0.00343  -0.00107 -3.67e-05  -4.4e-05 -2.41e-06 -1.97e-07 -3.01e-08  -0.00378  -0.00206 -0.000226 -3.26e-06   -0.0045 -0.000661 -0.000382 -9.51e-05  -0.00165  -0.00166  -0.00106  -0.00282  -0.00152 -0.000467    0.0045  9.07e-05   0.00116 -0.000268   0.00263  0.000658 -0.000227   -0.0178  -0.00535   -0.0125  -0.00178 -0.000139  -0.00399 -0.000702 -1.31e-05   -0.0158  -0.00335 -0.000551  -0.00805
    0.021 -0.000233  -0.00102  -0.00414         1  -0.00275 -9.79e-16 -9.79e-16 -8.63e-05 -7.29e-05 -7.03e-17  -0.00152  -0.00406 -0.000461  -0.00259 -0.000339  -0.00043  -0.00267  -0.00566 -0.000301    -2e-05  -0.00708  -0.00123 -0.000806  -0.00296  -0.00198   0.00166 -0.000614  -0.00257 -0.000584  -0.00165  0.000562  0.000435 -0.000226   -0.0138   -0.0027 -2.09e-06 -0.000357 -0.000418  -0.00157 -2.81e-05  -0.00321 -0.000802  0.000983   0.00421    -0.024 -0.000345  -0.00205   -0.0205   -0.0318  -0.00923  -0.00234   -0.0102    -0.016  -0.00235  -0.00525  -0.00845  -0.00191  -0.00427  -0.00474  -0.00401   0.00618  -0.00271   -0.0025  -0.00234  -0.00175   -0.0287   -0.0329  -0.00878  -0.00223 -0.000148 -8.93e-05 -4.23e-06  -2.4e-07 -5.39e-08  -0.00912  -0.00399  -0.00056 -1.04e-05   -0.0101  -0.00125 -0.000659 -0.000168  -0.00276  -0.00368  -0.00223  -0.00111  -0.00272  -0.00111   0.00677  0.000434 -0.000435  -0.00156   0.00619  -0.00413 -0.000513   -0.0357   -0.0115   -0.0256  -0.00364  -0.00025  -0.00827  -0.00141 -2.91e-05   -0.0331  -0.00729  -0.00129   -0.0179
  0.00756 -7.31e-05 -0.000302  -0.00122  -0.00275         1 -3.04e-16 -3.04e-16 -2.64e-05 -2.35e-05 -1.27e-17 -0.000448  -0.00121 -0.000138 -0.000766 -0.000101 -0.000128 -0.000797  -0.00169 -2.98e-05  2.76e-06  -0.00181 -0.000233 -0.000214 -0.000914 -0.000506  0.000618 -0.000147 -0.000712 -0.000196 -0.000452  0.000214   0.00018 -3.13e-05  -0.00409 -0.000632 -6.24e-07 -0.000106 -0.000124 -0.000504 -7.82e-06 -0.000892 -0.000362 -0.000114   0.00143  -0.00864 -9.67e-05 -0.000702  -0.00647  -0.00996  -0.00284 -0.000798  -0.00306  -0.00492  -0.00079  -0.00161  -0.00264 -0.000635  -0.00134  -0.00141  -0.00128   0.00181  -0.00082  -0.00073   -0.0007 -0.000498  -0.00916  -0.00957  -0.00266 -0.000663 -4.86e-05 -2.65e-05  -1.3e-06  -6.5e-08 -1.57e-08  -0.00284  -0.00116 -0.000167 -5.99e-06  -0.00309 -0.000387 -0.000192 -4.82e-05 -0.000777  -0.00109 -0.000658  0.000146 -0.000779 -0.000376    0.0015  0.000462 -0.000578 -0.000698   0.00217  -0.00169 -0.000154   -0.0104  -0.00342  -0.00745  -0.00107 -7.04e-05  -0.00243 -0.000415 -9.11e-06  -0.00974  -0.00216 -0.000395  -0.00536
 1.96e-14 -5.61e-17 -1.49e-16 -3.65e-16 -9.79e-16 -3.04e-16         1 -2.42e-28 -1.87e-18 -1.06e-19  7.26e-29 -1.38e-16 -4.47e-16 -5.05e-17 -2.38e-16 -3.35e-17 -4.29e-17 -2.91e-16 -6.23e-16  2.24e-16  3.09e-17  4.46e-16  4.24e-16  3.24e-17  1.21e-15  1.45e-16  4.35e-16  5.87e-17  4.67e-18 -9.35e-18   5.7e-17  1.56e-16  7.51e-17  7.73e-17 -3.48e-16  5.92e-16 -1.96e-19 -3.31e-17 -4.36e-17 -2.34e-17 -1.15e-19  -1.1e-17  2.45e-16  1.06e-15  9.83e-16 -1.74e-15  8.49e-18  -4.7e-16 -5.72e-15 -8.53e-15 -2.78e-15 -7.69e-16 -2.43e-15 -4.22e-15 -7.38e-16 -1.32e-15 -2.66e-15 -4.17e-16 -1.07e-15 -1.18e-15 -7.35e-16   5.1e-16 -2.67e-16 -2.22e-16 -1.34e-16 -6.36e-17 -4.64e-15 -2.87e-15  -1.3e-15 -1.34e-16 -4.01e-17 -6.11e-18 -1.93e-19  -1.5e-20 -5.89e-21 -1.03e-15 -2.62e-16 -9.86e-17 -1.54e-18 -9.58e-16  -3.1e-17 -1.84e-17 -7.84e-18 -1.44e-16 -3.39e-16 -1.56e-16  6.58e-15 -3.51e-16 -1.04e-16  8.11e-16  5.24e-16  -2.7e-16  -3.5e-17  7.98e-16 -1.74e-15 -6.95e-17 -2.63e-15 -8.83e-16 -1.66e-15 -3.04e-16  -5.7e-18 -5.61e-16 -9.42e-17 -3.06e-18 -2.43e-15 -5.96e-16 -1.22e-16 -1.88e-15
 1.96e-14 -5.61e-17 -1.49e-16 -3.65e-16 -9.79e-16 -3.04e-16 -2.42e-28         1 -1.87e-18 -1.06e-19  7.26e-29 -1.38e-16 -4.47e-16 -5.05e-17 -2.38e-16 -3.35e-17 -4.29e-17 -2.91e-16 -6.23e-16  2.24e-16  3.09e-17  4.46e-16  4.24e-16  3.24e-17  1.21e-15  1.45e-16  4.35e-16  5.87e-17  4.67e-18 -9.35e-18   5.7e-17  1.56e-16  7.51e-17  7.73e-17 -3.48e-16  5.92e-16 -1.96e-19 -3.31e-17 -4.36e-17 -2.34e-17 -1.15e-19  -1.1e-17  2.45e-16  1.06e-15  9.83e-16 -1.74e-15  8.49e-18  -4.7e-16 -5.72e-15 -8.53e-15 -2.78e-15 -7.69e-16 -2.43e-15 -4.22e-15 -7.38e-16 -1.32e-15 -2.66e-15 -4.17e-16 -1.07e-15 -1.18e-15 -7.35e-16   5.1e-16 -2.67e-16 -2.22e-16 -1.34e-16 -6.36e-17 -4.64e-15 -2.87e-15  -1.3e-15 -1.34e-16 -4.01e-17 -6.11e-18 -1.93e-19  -1.5e-20 -5.89e-21 -1.03e-15 -2.62e-16 -9.86e-17 -1.54e-18 -9.58e-16  -3.1e-17 -1.84e-17 -7.84e-18 -1.44e-16 -3.39e-16 -1.56e-16  6.58e-15 -3.51e-16 -1.04e-16  8.11e-16  5.24e-16  -2.7e-16  -3.5e-17  7.98e-16 -1.74e-15 -6.95e-17 -2.63e-15 -8.83e-16 -1.66e-15 -3.04e-16  -5.7e-18 -5.61e-16 -9.42e-17 -3.06e-18 -2.43e-15 -5.96e-16 -1.22e-16 -1.88e-15
 0.000326 -1.81e-06 -3.11e-06 -4.45e-05 -8.63e-05 -2.64e-05 -1.87e-18 -1.87e-18         1  -3.9e-06  8.46e-18 -1.53e-05 -3.57e-05 -4.03e-06 -2.67e-05 -3.39e-06 -4.25e-06 -2.33e-05 -5.05e-05  5.27e-05  7.13e-06 -1.85e-05  9.49e-05  6.03e-06  0.000302 -2.19e-05  0.000143  1.24e-05 -4.44e-05  1.24e-05 -2.33e-05  5.86e-05  6.16e-05   2.3e-05 -6.84e-05  8.52e-05 -3.72e-08  2.62e-06 -8.41e-06  9.54e-06 -8.05e-07 -6.73e-05 -1.68e-05 -5.41e-05  0.000304 -0.000526 -8.86e-06  9.33e-06  0.000163  0.000311   0.00018  -1.7e-05  6.49e-05  8.66e-05  1.52e-05 -3.23e-05  7.09e-05 -4.06e-05 -1.35e-05  6.84e-05  -3.5e-05  0.000208 -3.96e-05 -1.63e-05 -2.97e-05 -2.52e-05  -0.00041 -0.000284  5.14e-06  -3.6e-05  1.19e-06 -1.74e-06 -2.21e-07  -1.2e-08 -1.22e-09 -0.000166 -6.17e-05  3.27e-06 -3.24e-06 -0.000176 -5.37e-05 -2.11e-05 -3.89e-06 -6.17e-05  -3.4e-05  -3.1e-05  9.68e-05 -4.76e-05 -6.81e-05 -0.000306    0.0004 -0.000328  -0.00023   0.00045 -3.63e-05 -5.06e-06 -0.000458 -0.000157 -0.000272 -4.74e-05 -3.06e-06 -0.000106 -2.07e-05 -8.63e-07 -0.000418 -7.86e-05    -2e-05 -0.000167
 0.000849 -5.05e-06 -1.06e-05 -3.88e-05 -7.29e-05 -2.35e-05 -1.06e-19 -1.06e-19  -3.9e-06         1   1.5e-17  -1.3e-05 -2.94e-05 -3.44e-06 -2.34e-05 -3.06e-06 -3.81e-06 -1.92e-05 -4.29e-05  8.77e-05  1.93e-05  7.63e-05  0.000206  2.14e-05  0.000527 -1.98e-05  0.000282  4.28e-05 -4.78e-05  4.75e-07 -1.91e-05    0.0001  0.000123  4.53e-05  5.73e-06  0.000271 -5.98e-08 -1.95e-06  -1.4e-06  -4.8e-06 -5.28e-07 -8.25e-05 -0.000116 -0.000334   0.00053  -0.00125  -7.7e-06 -0.000126  0.000367  0.000754  0.000402  3.25e-06  0.000256  0.000351  2.12e-05 -2.53e-05  0.000241 -5.85e-05  5.99e-05  0.000192 -4.25e-05  0.000247 -3.28e-05  3.47e-06 -4.26e-05 -1.53e-05 -0.000543 -0.000164  8.13e-05 -4.13e-05  6.99e-07 -1.96e-06 -2.62e-07 -1.65e-08 -1.91e-09 -0.000288 -7.22e-05  4.92e-06 -7.17e-06 -0.000293 -9.25e-05 -2.85e-05 -5.74e-06 -7.66e-05 -5.41e-05 -3.96e-05 -0.000882  -2.8e-05 -8.38e-05  -0.00062   0.00112 -0.000401 -0.000448   0.00103 -7.29e-05  3.62e-06 -0.000523 -0.000243 -0.000354 -6.83e-05 -6.48e-06 -0.000157 -3.94e-05 -1.28e-06 -0.000554 -0.000106 -4.38e-05 -0.000152
  1.4e-14  2.63e-17  1.01e-17 -3.09e-17 -7.03e-17 -1.27e-17  7.26e-29  7.26e-29  8.46e-18   1.5e-17         1  -1.4e-17  -3.4e-17 -4.04e-18 -2.19e-17 -2.18e-18  -2.7e-18 -2.34e-17 -4.24e-17 -5.94e-16 -8.23e-17 -1.16e-15 -1.21e-15 -1.92e-16 -4.66e-15 -2.07e-16 -1.04e-15 -2.19e-16  -5.6e-17  -2.5e-16 -1.29e-16  -4.2e-16 -3.78e-16 -2.36e-16 -1.91e-15 -1.61e-15  1.02e-19 -4.54e-17  2.32e-17 -4.52e-16  1.45e-18  3.59e-17 -6.06e-16 -1.59e-15 -2.37e-15 -2.36e-15 -3.28e-20 -8.48e-17  4.28e-16  -1.1e-16 -2.77e-16  2.88e-16  1.65e-16  5.42e-16  4.84e-17  6.28e-16  4.81e-16  2.58e-16  2.93e-16 -1.26e-16  1.06e-16 -1.07e-15  2.86e-17 -8.89e-17 -8.07e-17 -3.74e-17  1.33e-15 -5.97e-16 -4.02e-16 -1.02e-17 -2.59e-18  2.64e-18  8.69e-19  7.07e-20  6.24e-21  4.14e-16  5.25e-17 -1.94e-17  1.87e-17  3.31e-16  1.74e-16  5.97e-17  9.49e-18  1.85e-16 -4.97e-17 -7.49e-18 -7.61e-15  2.68e-16  2.49e-16  1.37e-15 -3.24e-15  1.36e-15  9.29e-16 -2.73e-15  2.46e-16  6.98e-18  7.29e-17 -1.03e-17 -5.97e-16  4.04e-17 -7.19e-18 -7.16e-17  1.24e-17   3.3e-18 -2.14e-16 -1.14e-16  2.75e-17 -1.71e-16
  0.00202  -3.3e-05 -0.000175 -0.000724  -0.00152 -0.000448 -1.38e-16 -1.38e-16 -1.53e-05  -1.3e-05  -1.4e-17         1 -0.000666 -7.59e-05 -0.000449 -5.76e-05  -7.3e-05 -0.000439  -0.00093 -9.84e-05 -8.75e-06  -0.00166 -0.000319 -0.000167  2.36e-05 -0.000484  0.000201 -0.000145 -0.000547 -3.65e-05 -0.000353  6.62e-05  4.09e-05 -7.63e-05  -0.00223 -0.000606 -3.66e-07 -5.54e-05 -7.26e-05 -0.000166 -6.09e-06 -0.000691  0.000113  0.000946  0.000726   -0.0014 -7.31e-05 -0.000151  -0.00248  -0.00389  -0.00113 -0.000204  -0.00151  -0.00215 -0.000185 -0.000806  -0.00105 -0.000228 -0.000575 -0.000699 -0.000509   0.00129 -0.000434 -0.000438 -0.000393 -0.000339  -0.00386  -0.00587   -0.0013 -0.000389  -1.4e-05 -1.59e-05 -7.73e-07 -6.19e-08 -1.05e-08  -0.00138 -0.000749 -8.71e-05  2.74e-07  -0.00165 -0.000226 -0.000133 -3.35e-05 -0.000579 -0.000623 -0.000391 -0.000525 -0.000533 -0.000124   0.00187  -2.2e-05  0.000624  5.09e-07  0.000925  0.000264 -8.26e-05  -0.00655  -0.00197  -0.00462 -0.000654 -5.09e-05  -0.00147 -0.000257  -4.6e-06  -0.00584  -0.00124 -0.000205  -0.00297
  0.00795 -0.000106 -0.000456  -0.00181  -0.00406  -0.00121 -4.47e-16 -4.47e-16 -3.57e-05 -2.94e-05  -3.4e-17 -0.000666         1 -0.000204  -0.00114 -0.000149 -0.000189  -0.00118   -0.0025 -0.000147 -1.07e-05  -0.00297 -0.000559  -0.00035  -0.00154 -0.000815  0.000678 -0.000266  -0.00108  -0.00028 -0.000694  0.000222  0.000163 -0.000102  -0.00606  -0.00118 -9.03e-07 -0.000163 -0.000179 -0.000722 -1.15e-05  -0.00133 -0.000387  0.000343    0.0017   -0.0109 -0.000142 -0.000976  -0.00965    -0.015  -0.00441  -0.00109  -0.00468   -0.0074  -0.00113  -0.00236  -0.00397 -0.000852  -0.00195  -0.00221  -0.00181   0.00256  -0.00119   -0.0011  -0.00102 -0.000748   -0.0128   -0.0144  -0.00398 -0.000965 -7.02e-05 -3.84e-05 -1.69e-06 -9.09e-08 -2.28e-08    -0.004  -0.00172 -0.000256 -2.78e-06  -0.00442 -0.000514 -0.000271 -7.03e-05  -0.00115  -0.00162 -0.000968 -0.000108  -0.00116 -0.000452   0.00308 -7.71e-06 -0.000119 -0.000592   0.00252  -0.00209 -0.000227   -0.0155  -0.00502   -0.0112  -0.00158 -0.000107   -0.0036 -0.000611 -1.25e-05   -0.0144   -0.0032 -0.000566  -0.00791
 0.000981  -1.2e-05 -5.22e-05 -0.000206 -0.000461 -0.000138 -5.05e-17 -5.05e-17 -4.03e-06 -3.44e-06 -4.04e-18 -7.59e-05 -0.000204         1 -0.000129 -1.69e-05 -2.15e-05 -0.000134 -0.000284  -1.8e-05 -1.17e-06 -0.000344 -6.52e-05 -4.02e-05 -0.000171 -9.46e-05  7.64e-05 -3.07e-05 -0.000124 -3.17e-05 -7.99e-05  2.46e-05  1.83e-05 -1.21e-05 -0.000689 -0.000135 -1.03e-07 -1.88e-05 -2.01e-05 -8.16e-05  -1.3e-06 -0.000153 -4.23e-05  4.55e-05  0.000195  -0.00121 -1.63e-05  -0.00011  -0.00108  -0.00168 -0.000495 -0.000121 -0.000528 -0.000831 -0.000125 -0.000267 -0.000444 -9.56e-05 -0.000218 -0.000249 -0.000204  0.000294 -0.000134 -0.000125 -0.000117 -8.54e-05  -0.00144  -0.00164 -0.000451  -0.00011 -7.87e-06 -4.37e-06 -1.89e-07 -1.03e-08 -2.59e-09 -0.000454 -0.000196 -2.91e-05 -2.95e-07 -0.000503 -5.86e-05  -3.1e-05 -8.04e-06 -0.000132 -0.000185  -0.00011 -2.06e-05 -0.000131 -4.84e-05  0.000367  5.06e-06  6.97e-06 -6.23e-05  0.000292 -0.000222 -2.56e-05  -0.00177 -0.000573  -0.00128 -0.000181 -1.24e-05 -0.000411 -7.01e-05 -1.41e-06  -0.00164 -0.000364 -6.46e-05 -0.000899
  0.00244 -5.79e-05 -0.000293  -0.00122  -0.00259 -0.000766 -2.38e-16 -2.38e-16 -2.67e-05 -2.34e-05 -2.19e-17 -0.000449  -0.00114 -0.000129         1 -9.76e-05 -0.000124 -0.000748  -0.00159  -0.00014 -1.21e-05  -0.00268 -0.000486 -0.000272 -0.000135 -0.000784  0.000402 -0.000229 -0.000903 -8.26e-05  -0.00058  0.000136  9.71e-05 -0.000112  -0.00386 -0.000977 -6.24e-07 -9.36e-05 -0.000125  -0.00032 -1.01e-05  -0.00114  7.11e-05   0.00123   0.00126  -0.00355 -0.000122 -0.000341  -0.00439  -0.00686  -0.00195 -0.000404  -0.00255  -0.00372 -0.000375  -0.00138  -0.00184 -0.000423    -0.001  -0.00117 -0.000914   0.00211  -0.00075 -0.000735 -0.000671 -0.000565   -0.0069  -0.00985  -0.00223 -0.000662 -2.68e-05  -2.7e-05 -1.39e-06 -1.05e-07 -1.77e-08  -0.00243  -0.00126 -0.000147 -1.58e-06  -0.00285 -0.000396 -0.000224 -5.64e-05 -0.000965  -0.00106 -0.000663  -0.00141 -0.000897 -0.000277   0.00269  0.000103  0.000607 -0.000202    0.0017  7.12e-05 -0.000141    -0.011  -0.00336  -0.00776   -0.0011  -8.4e-05  -0.00249 -0.000434 -8.16e-06  -0.00988  -0.00211 -0.000355  -0.00506
 0.000503 -8.13e-06 -3.83e-05 -0.000156 -0.000339 -0.000101 -3.35e-17 -3.35e-17 -3.39e-06 -3.06e-06 -2.18e-18 -5.76e-05 -0.000149 -1.69e-05 -9.76e-05         1  -1.6e-05 -9.79e-05 -0.000208 -1.22e-05 -5.61e-07 -0.000302 -4.81e-05 -3.17e-05 -2.79e-05 -8.78e-05  6.34e-05 -2.52e-05 -0.000107 -1.45e-05 -6.88e-05  2.15e-05  1.71e-05 -1.03e-05 -0.000493 -0.000103 -8.03e-08 -1.27e-05 -1.57e-05 -4.66e-05 -1.18e-06 -0.000136 -5.08e-06  0.000113  0.000178 -0.000639 -1.44e-05 -5.75e-05 -0.000649    -0.001 -0.000286 -6.71e-05 -0.000349 -0.000525 -6.46e-05 -0.000187 -0.000268  -6.3e-05 -0.000142 -0.000159 -0.000132  0.000264 -9.89e-05  -9.4e-05 -8.76e-05 -6.95e-05 -0.000978  -0.00125 -0.000304 -8.49e-05  -4.3e-06 -3.45e-06 -1.69e-07 -1.12e-08 -2.17e-09  -0.00033 -0.000157 -1.98e-05 -3.82e-07 -0.000377 -5.04e-05 -2.73e-05 -6.85e-06 -0.000115 -0.000138 -8.51e-05 -5.12e-05 -0.000108 -3.57e-05  0.000309  4.39e-05  4.56e-05 -4.32e-05  0.000253 -5.56e-05 -1.85e-05  -0.00139 -0.000436 -0.000987 -0.000141 -1.03e-05 -0.000318 -5.52e-05 -1.08e-06  -0.00126 -0.000274 -4.77e-05 -0.000661
 0.000662 -1.05e-05 -4.89e-05 -0.000198  -0.00043 -0.000128 -4.29e-17 -4.29e-17 -4.25e-06 -3.81e-06  -2.7e-18  -7.3e-05 -0.000189 -2.15e-05 -0.000124  -1.6e-05         1 -0.000124 -0.000264 -1.48e-05 -6.89e-07 -0.000378 -5.95e-05 -3.96e-05 -2.37e-05  -0.00011  8.01e-05 -3.15e-05 -0.000135 -1.77e-05 -8.65e-05  2.71e-05  2.15e-05 -1.27e-05 -0.000617 -0.000127 -1.02e-07 -1.64e-05 -1.98e-05 -5.74e-05 -1.48e-06  -0.00017 -4.49e-06  0.000149  0.000225 -0.000784 -1.81e-05 -7.52e-05 -0.000841   -0.0013 -0.000373 -8.53e-05 -0.000447 -0.000677 -8.47e-05 -0.000238 -0.000347 -7.92e-05 -0.000181 -0.000205 -0.000168   0.00033 -0.000126  -0.00012 -0.000111 -8.78e-05  -0.00123  -0.00159 -0.000388 -0.000108 -5.54e-06 -4.36e-06  -2.1e-07 -1.38e-08 -2.73e-09  -0.00042 -0.000199 -2.54e-05 -4.25e-07  -0.00048  -6.3e-05 -3.41e-05 -8.62e-06 -0.000145 -0.000176 -0.000108 -5.75e-05 -0.000137 -4.54e-05  0.000392  5.59e-05  5.32e-05 -5.42e-05   0.00032 -8.14e-05 -2.34e-05  -0.00176 -0.000555  -0.00126 -0.000179  -1.3e-05 -0.000404    -7e-05 -1.37e-06  -0.00161 -0.000349 -6.08e-05 -0.000839
  0.00584  -6.8e-05 -0.000301  -0.00119  -0.00267 -0.000797 -2.91e-16 -2.91e-16 -2.33e-05 -1.92e-05 -2.34e-17 -0.000439  -0.00118 -0.000134 -0.000748 -9.79e-05 -0.000124         1  -0.00164 -0.000114 -8.42e-06  -0.00204 -0.000403  -0.00024  -0.00108 -0.000559  0.000421 -0.000184 -0.000724 -0.000185 -0.000466  0.000136  9.44e-05 -7.69e-05  -0.00404 -0.000825 -5.92e-07 -0.000106 -0.000118 -0.000479 -7.73e-06 -0.000898 -0.000228  0.000313   0.00111  -0.00699 -9.55e-05 -0.000602  -0.00622  -0.00968  -0.00286 -0.000707  -0.00308  -0.00482 -0.000708  -0.00156  -0.00257 -0.000557  -0.00128  -0.00146  -0.00119   0.00174 -0.000772 -0.000726  -0.00067 -0.000497  -0.00838   -0.0095  -0.00261 -0.000634  -4.5e-05 -2.53e-05  -1.1e-06 -6.29e-08 -1.51e-08  -0.00259  -0.00114 -0.000168 -1.42e-06  -0.00287 -0.000337 -0.000182 -4.67e-05 -0.000771  -0.00106 -0.000634  0.000109  -0.00077 -0.000269   0.00223 -8.68e-05  0.000141 -0.000305   0.00159  -0.00117 -0.000149   -0.0102  -0.00327  -0.00732  -0.00104 -7.13e-05  -0.00236 -0.000402 -8.06e-06  -0.00943  -0.00208 -0.000366  -0.00519
   0.0122 -0.000148 -0.000637  -0.00252  -0.00566  -0.00169 -6.23e-16 -6.23e-16 -5.05e-05 -4.29e-05 -4.24e-17  -0.00093   -0.0025 -0.000284  -0.00159 -0.000208 -0.000264  -0.00164         1 -0.000187 -1.09e-05  -0.00415 -0.000738 -0.000485  -0.00201  -0.00114  0.000999 -0.000364  -0.00151 -0.000385 -0.000972   0.00033  0.000249 -0.000134  -0.00844  -0.00159 -1.27e-06 -0.000226 -0.000251    -0.001 -1.62e-05  -0.00188 -0.000533  0.000496    0.0025   -0.0152   -0.0002  -0.00135   -0.0133   -0.0207  -0.00606  -0.00152  -0.00648   -0.0102  -0.00155  -0.00331  -0.00548   -0.0012  -0.00271  -0.00305  -0.00253   0.00366  -0.00166  -0.00153  -0.00143  -0.00105    -0.018   -0.0201  -0.00552  -0.00135 -9.71e-05 -5.39e-05 -2.42e-06 -1.32e-07 -3.22e-08  -0.00561  -0.00241 -0.000355  -5.2e-06  -0.00619 -0.000734 -0.000386 -9.92e-05  -0.00162  -0.00226  -0.00135   1.9e-05  -0.00163 -0.000635   0.00427  0.000183 -0.000157 -0.000875    0.0037  -0.00283 -0.000316   -0.0217  -0.00702   -0.0156  -0.00222  -0.00015  -0.00503 -0.000857 -1.76e-05   -0.0201  -0.00446 -0.000793    -0.011
  0.00838  0.000135 -4.59e-05 -0.000241 -0.000301 -2.98e-05  2.24e-16  2.24e-16  5.27e-05  8.77e-05 -5.94e-16 -9.84e-05 -0.000147  -1.8e-05  -0.00014 -1.22e-05 -1.48e-05 -0.000114 -0.000187         1 -0.000435  -0.00868  -0.00692  -0.00132   -0.0257  -0.00181   -0.0059  -0.00137  -0.00077  -0.00127  -0.00074  -0.00234  -0.00251  -0.00155   -0.0115  -0.00953  6.21e-07 -9.71e-05  4.45e-05  -0.00249 -2.06e-06 -0.000554  -0.00161  -0.00314   -0.0121  -0.00754 -5.25e-05  0.000658   0.00144  -0.00255  -0.00243  0.000641  -0.00192  8.34e-05  0.000942     0.001  0.000598  0.000877  0.000245  -0.00214  0.000171   -0.0031  0.000576 -0.000385   0.00013 -0.000237   0.00427  -0.00449  -0.00193  0.000192 -1.24e-05  1.42e-05  3.61e-06  2.09e-08  1.19e-08   0.00412  6.35e-05 -0.000116   9.7e-05   0.00406  0.000948  0.000145  1.89e-05  -3.2e-07  0.000522  0.000272   -0.0281  0.000205   0.00183    0.0144     -0.02    0.0143   0.00797   -0.0179    0.0079 -2.33e-05   0.00185   0.00224  0.000402  0.000436 -4.77e-05  0.000845  0.000181  2.14e-05   0.00351  0.000973  0.000543 -0.000435
  0.00197   1.7e-05  7.74e-06 -2.22e-05    -2e-05  2.76e-06  3.09e-17  3.09e-17  7.13e-06  1.93e-05 -8.23e-17 -8.75e-06 -1.07e-05 -1.17e-06 -1.21e-05 -5.61e-07 -6.89e-07 -8.42e-06 -1.09e-05 -0.000435         1  -0.00118 -0.000974 -0.000165  -0.00315 -0.000234 -0.000922 -0.000203 -8.18e-05 -0.000109 -9.21e-05 -0.000344 -0.000381 -0.000214  -0.00135  -0.00141  9.42e-08 -8.23e-06  -7.3e-06  -0.00023 -6.17e-07 -3.55e-05 -0.000112 -0.000134  -0.00201  0.000926 -6.34e-06  7.08e-05 -0.000189 -0.000971 -0.000646  0.000133  -0.00032 -0.000298  3.38e-05  0.000187 -0.000147    0.0002  1.69e-05 -0.000346  0.000133 -0.000824  4.95e-05 -7.04e-05     3e-05 -3.69e-05   0.00141 -0.000623  -0.00024  3.28e-05 -1.35e-06  2.78e-06  3.55e-07 -3.43e-09  1.65e-09   0.00062  3.39e-05 -1.66e-05  1.67e-05  0.000529  0.000169  3.23e-05  3.17e-06  8.17e-06  5.85e-05   3.3e-05  -0.00566 -4.88e-05  5.08e-05    0.0013  -0.00332  0.000843  0.000954  -0.00309  0.000361 -9.19e-06  0.000251  0.000274  1.56e-05  6.73e-05 -1.07e-06  0.000102  3.62e-05  2.83e-06  0.000332   5.4e-05   8.3e-05 -3.02e-05
   0.0485  0.000286 -0.000819  -0.00461  -0.00708  -0.00181  4.46e-16  4.46e-16 -1.85e-05  7.63e-05 -1.16e-15  -0.00166  -0.00297 -0.000344  -0.00268 -0.000302 -0.000378  -0.00204  -0.00415  -0.00868  -0.00118         1   -0.0198  -0.00483   -0.0543    -0.011   -0.0134  -0.00485  -0.00781  -0.00186  -0.00513  -0.00505  -0.00618  -0.00489   -0.0414   -0.0304  -7.3e-07  7.84e-06 -0.000635  -0.00527 -9.24e-05   -0.0094  0.000927    0.0107   -0.0241    0.0133 -0.000993   0.00464    0.0161     0.012  0.000824   0.00287  -0.00689   0.00144   0.00626  -0.00237   0.00374    0.0018 -0.000538   -0.0056  0.000952   0.00537 -8.13e-05  -0.00293 -0.000745  -0.00322   0.00543   -0.0452   -0.0045  -0.00154  0.000136 -6.99e-05 -4.94e-06 -1.69e-06 -1.07e-07   0.00746  -0.00543  -0.00033  0.000183    0.0045 -2.03e-05  -0.00131 -0.000335  -0.00749 -0.000318  -0.00121    -0.108  -0.00663   0.00146    0.0463   -0.0498    0.0392    0.0196   -0.0429    0.0394 -0.000483   -0.0347   -0.0022   -0.0207  -0.00252 -0.000518  -0.00506  -0.00109  2.42e-05   -0.0196  -0.00196   0.00106    -0.013
   0.0317  0.000276 -9.12e-05 -0.000836  -0.00123 -0.000233  4.24e-16  4.24e-16  9.49e-05  0.000206 -1.21e-15 -0.000319 -0.000559 -6.52e-05 -0.000486 -4.81e-05 -5.95e-05 -0.000403 -0.000738  -0.00692 -0.000974   -0.0198         1  -0.00287   -0.0534  -0.00422   -0.0127  -0.00306    -0.002  -0.00242  -0.00176  -0.00489  -0.00542  -0.00334   -0.0253   -0.0211  1.18e-06  -0.00014 -3.99e-05  -0.00496 -1.37e-05  -0.00166  -0.00272  -0.00445   -0.0261   -0.0105 -0.000184   0.00183   0.00189  -0.00756  -0.00604   0.00118  -0.00505  -0.00172   0.00189   0.00154  4.64e-05   0.00184 -8.68e-05  -0.00503  0.000432  -0.00637  0.000952  -0.00104  0.000266 -0.000731   0.00899   -0.0124  -0.00426  0.000258 -1.99e-05  2.25e-05  5.73e-06 -1.33e-07  1.38e-08   0.00866  -0.00023 -0.000247  0.000209   0.00822   0.00192  0.000193  1.25e-05 -0.000592   0.00104  0.000443   -0.0633 -0.000487   0.00291     0.029   -0.0449    0.0265    0.0164   -0.0401    0.0157 -0.000138    0.0012    0.0043 -0.000309  0.000723 -0.000102   0.00139  0.000346   4.2e-05   0.00537   0.00165    0.0012  -0.00201
 -0.00116  4.81e-05 -7.96e-05  -0.00046 -0.000806 -0.000214  3.24e-17  3.24e-17  6.03e-06  2.14e-05 -1.92e-16 -0.000167  -0.00035 -4.02e-05 -0.000272 -3.17e-05 -3.96e-05  -0.00024 -0.000485  -0.00132 -0.000165  -0.00483  -0.00287         1    -0.011  -0.00115  -0.00204 -0.000631 -0.000749  -0.00055  -0.00051 -0.000787 -0.000948 -0.000673  -0.00654  -0.00431  7.29e-08 -3.92e-06 -5.27e-05  -0.00122 -8.07e-06 -0.000841  -0.00055 -0.000702  -0.00383  -0.00675  -9.1e-05  0.000602  0.000797 -0.000888 -0.000634 -0.000117  -0.00149 -0.000586  0.000613 -0.000384 -3.64e-05 -5.36e-06 -0.000413  -0.00112 -0.000353  0.000456  9.21e-05 -0.000301 -1.88e-05 -0.000289  -0.00192  -0.00461  -0.00108 -9.51e-05 -4.13e-06 -4.75e-06  1.94e-07 -1.36e-07 -6.62e-09   0.00128 -0.000427 -5.12e-05  2.69e-05    0.0013  0.000134 -9.92e-05 -2.16e-05 -0.000596  0.000182 -7.75e-06  -0.00888 -0.000478  0.000605    0.0069  -0.00792   0.00659   0.00318  -0.00659   0.00491 -6.71e-05  -0.00188   0.00054 -0.000871 -6.14e-05 -4.41e-05 -2.77e-05 -2.08e-05  5.66e-06 -8.35e-05   0.00028  0.000216   -0.0014
    0.127   0.00119  0.000796 -9.96e-05  -0.00296 -0.000914  1.21e-15  1.21e-15  0.000302  0.000527 -4.66e-15  2.36e-05  -0.00154 -0.000171 -0.000135 -2.79e-05 -2.37e-05  -0.00108  -0.00201   -0.0257  -0.00315   -0.0543   -0.0534    -0.011         1  -0.00895   -0.0405  -0.00926   -0.0024   -0.0182  -0.00264   -0.0159   -0.0178   -0.0111    -0.137   -0.0797  6.67e-06 -5.83e-05  7.33e-05   -0.0358 -2.04e-06 -8.74e-06   -0.0401    -0.109   -0.0936    -0.395 -0.000208  0.000124  -0.00314   -0.0494   -0.0178   -0.0123   -0.0183   -0.0075    0.0021    0.0018  -0.00182   -0.0045  -0.00869   -0.0174   -0.0148   -0.0215   0.00495 -0.000413   0.00241  0.000487   -0.0778  -0.00853   -0.0214   0.00233 -0.000667  0.000114  1.86e-05 -1.25e-07  1.15e-07    0.0287   0.00432 -0.000384  0.000374    0.0397   0.00545  0.000757  0.000304   0.00306    0.0105   0.00487    -0.196   0.00461    0.0112     0.068     -0.16    0.0864    0.0449    -0.135    0.0361 -0.000638    0.0697    0.0334      0.05    0.0087  0.000153    0.0196   0.00348  0.000148    0.0779      0.02   0.00549  -0.00233
   0.0365  5.56e-05 -0.000251  -0.00136  -0.00198 -0.000506  1.45e-16  1.45e-16 -2.19e-05 -1.98e-05 -2.07e-16 -0.000484 -0.000815 -9.46e-05 -0.000784 -8.78e-05  -0.00011 -0.000559  -0.00114  -0.00181 -0.000234    -0.011  -0.00422  -0.00115  -0.00895         1  -0.00241  -0.00112  -0.00236 -0.000194  -0.00149 -0.000905  -0.00114   -0.0011  -0.00947  -0.00672 -4.61e-07  1.72e-05  -0.00019 -0.000884 -2.89e-05  -0.00298  0.000642     0.004  -0.00398    0.0078 -0.000309   0.00104   0.00676   0.00796   0.00218   0.00114 -0.000547   0.00219   0.00197 -0.000666   0.00217  0.000487  0.000304 -0.000569  0.000556   0.00252 -0.000136 -0.000769 -0.000311 -0.000965   0.00224   -0.0128 -0.000355  -0.00056  5.99e-05 -2.63e-05 -2.69e-06 -5.63e-07 -3.91e-08    0.0011   -0.0018 -5.26e-05  2.41e-05  3.21e-05 -0.000369  -0.00048  -0.00012  -0.00248 -0.000313 -0.000498   -0.0322  -0.00212 -0.000106   0.00997  -0.00851   0.00837   0.00351  -0.00739    0.0108 -0.000107    -0.012  -0.00162  -0.00724 -0.000996 -0.000168  -0.00207 -0.000461  1.16e-06  -0.00786  -0.00103  0.000127  -0.00371
   0.0487  0.000255  0.000148  0.000627   0.00166  0.000618  4.35e-16  4.35e-16  0.000143  0.000282 -1.04e-15  0.000201  0.000678  7.64e-05  0.000402  6.34e-05  8.01e-05  0.000421  0.000999   -0.0059 -0.000922   -0.0134   -0.0127  -0.00204   -0.0405  -0.00241         1  -0.00252 -0.000277  -0.00144 -0.000683   -0.0049  -0.00541  -0.00287   -0.0137   -0.0172  1.81e-06   -0.0001  0.000104  -0.00275  6.12e-06  0.000556 -0.000275    0.0014   -0.0267    0.0211  6.83e-05   0.00177  -0.00175   -0.0116   -0.0088   0.00184  -0.00461  -0.00324  0.000965   0.00254  -0.00181   0.00285  0.000519  -0.00499    0.0021   -0.0108   0.00152 -0.000385   0.00101     3e-05    0.0226  -0.00128  -0.00236   0.00109 -8.97e-06   6.1e-05  8.51e-06  1.69e-07  4.09e-08    0.0108   0.00144 -0.000204  0.000245    0.0102   0.00282  0.000686  0.000105   0.00107   0.00159   0.00106   -0.0504  0.000446   0.00282     0.025   -0.0439    0.0214    0.0166   -0.0418   0.00989  4.27e-06    0.0119   0.00687   0.00642   0.00174  3.17e-05    0.0036  0.000834  5.01e-05    0.0136   0.00284   0.00142   0.00343
  0.00867     5e-05 -5.97e-05 -0.000391 -0.000614 -0.000147  5.87e-17  5.87e-17  1.24e-05  4.28e-05 -2.19e-16 -0.000145 -0.000266 -3.07e-05 -0.000229 -2.52e-05 -3.15e-05 -0.000184 -0.000364  -0.00137 -0.000203  -0.00485  -0.00306 -0.000631  -0.00926  -0.00112  -0.00252         1 -0.000669 -0.000337 -0.000507 -0.000951  -0.00111 -0.000712  -0.00522  -0.00447  1.24e-07  -1.7e-05 -5.05e-05 -0.000787    -7e-06 -0.000693   3.7e-05  0.000996  -0.00485   0.00231 -7.66e-05  0.000682  0.000382  -0.00155   -0.0013  0.000307  -0.00147 -0.000845  0.000526 -1.11e-07  -0.00024   0.00039 -0.000176  -0.00121  0.000152 -0.000576  8.24e-05 -0.000348 -3.01e-06 -0.000293   0.00192  -0.00447 -0.000962 -5.35e-05  5.43e-06 -8.57e-07  5.89e-07 -9.47e-08 -3.14e-09   0.00162 -0.000333 -6.17e-05  4.44e-05   0.00134  0.000315 -2.95e-05  -1.4e-05 -0.000462   8.4e-05 -2.04e-05   -0.0116 -0.000475  0.000483   0.00689  -0.00936   0.00563   0.00354   -0.0082   0.00409  -5.9e-05  -0.00205   0.00041  -0.00137  -5.8e-05 -3.76e-05 -0.000122 -9.38e-07  7.13e-06 -0.000586  3.47e-05  0.000228   -0.0011
 -0.00245  7.61e-06 -0.000281  -0.00153  -0.00257 -0.000712  4.67e-18  4.67e-18 -4.44e-05 -4.78e-05  -5.6e-17 -0.000547  -0.00108 -0.000124 -0.000903 -0.000107 -0.000135 -0.000724  -0.00151  -0.00077 -8.18e-05  -0.00781    -0.002 -0.000749   -0.0024  -0.00236 -0.000277 -0.000669         1 -1.06e-07  -0.00128  -8.4e-05  -0.00023 -0.000552  -0.00702  -0.00361 -7.36e-07  4.23e-06 -0.000202 -0.000457 -2.67e-05  -0.00273  0.000696   0.00363  0.000665   0.00232 -0.000294  0.000944   0.00463   0.00608   0.00234  0.000523 -0.000738    0.0011   0.00143  -0.00114   0.00147  -0.00012 -0.000191 -0.000244 -0.000148   0.00437 -0.000539 -0.000805 -0.000584 -0.000959  -0.00348   -0.0129 -0.000784 -0.000792  4.61e-05 -3.75e-05 -3.38e-06 -4.56e-07 -3.81e-08  -0.00108  -0.00197 -5.14e-05 -7.19e-06  -0.00192 -0.000733 -0.000525 -0.000119   -0.0023 -0.000728 -0.000717   -0.0142  -0.00188  -0.00029   0.00654  -0.00193   0.00498   0.00107 -0.000349   0.00797  -0.00014   -0.0142  -0.00301  -0.00874   -0.0013 -0.000157  -0.00274 -0.000565 -7.19e-06   -0.0106  -0.00171 -0.000154  -0.00488
  -0.0123  4.41e-05 -1.29e-05 -0.000104 -0.000584 -0.000196 -9.35e-18 -9.35e-18  1.24e-05  4.75e-07  -2.5e-16 -3.65e-05  -0.00028 -3.17e-05 -8.26e-05 -1.45e-05 -1.77e-05 -0.000185 -0.000385  -0.00127 -0.000109  -0.00186  -0.00242  -0.00055   -0.0182 -0.000194  -0.00144 -0.000337 -1.06e-07         1 -5.14e-05 -0.000636  -0.00065 -0.000456  -0.00849  -0.00353  2.63e-07 -4.88e-05   3.6e-05  -0.00248  3.39e-06  0.000148  -0.00326  -0.00912  -0.00378   -0.0344  9.33e-06 -0.000635   -0.0016  -0.00455 -0.000995   -0.0012  -0.00114 -0.000774 -0.000227 -0.000178 -0.000247 -0.000712 -0.000718 -0.000894  -0.00156 -0.000593  0.000163 -1.24e-05 -4.22e-05  8.36e-05  -0.00944  -0.00058   -0.0018   2.9e-05 -6.53e-05  2.22e-06  1.24e-06  6.44e-08     8e-09  0.000453  0.000198 -4.54e-05   1.3e-06   0.00141  0.000123  3.21e-05  2.03e-05  0.000347   0.00041  0.000198  -0.00726  0.000609  0.000821    0.0028  -0.00591   0.00496   0.00154  -0.00426  0.000883 -3.44e-05   0.00354    0.0013   0.00228  0.000376  3.48e-06  0.000836  0.000126  5.53e-06   0.00353  0.000913  0.000149 -0.000953
  0.00184  1.78e-05 -0.000167 -0.000974  -0.00165 -0.000452   5.7e-17   5.7e-17 -2.33e-05 -1.91e-05 -1.29e-16 -0.000353 -0.000694 -7.99e-05  -0.00058 -6.88e-05 -8.65e-05 -0.000466 -0.000972  -0.00074 -9.21e-05  -0.00513  -0.00176  -0.00051  -0.00264  -0.00149 -0.000683 -0.000507  -0.00128 -5.14e-05         1 -0.000263 -0.000283 -0.000423  -0.00463  -0.00282 -4.25e-07  -4.4e-05 -0.000101 -0.000334 -1.46e-05   -0.0016  0.000251   0.00174 -0.000714    0.0028 -0.000176  0.000555   0.00318     0.004   0.00134  0.000696 -0.000127   0.00123  0.000875  -7.8e-05   0.00137  0.000195  0.000229 -8.76e-05  0.000117   0.00197 -0.000384 -0.000585 -0.000486  -0.00063 -0.000377  -0.00842 -0.000724 -0.000536  3.22e-05 -2.22e-05 -1.36e-06 -1.87e-07 -1.72e-08  -0.00067   -0.0012  -4.6e-05  9.78e-06  -0.00136 -0.000343 -0.000267 -6.44e-05  -0.00121 -0.000632  -0.00051   -0.0121 -0.000879 -1.08e-05    0.0046   -0.0025   0.00341   0.00104  -0.00115   0.00461  -7.6e-05  -0.00944  -0.00228  -0.00655 -0.000854 -0.000103  -0.00198 -0.000369 -3.01e-06  -0.00762   -0.0014 -0.000138  -0.00321
   0.0189   9.2e-05     2e-05  0.000219  0.000562  0.000214  1.56e-16  1.56e-16  5.86e-05    0.0001  -4.2e-16  6.62e-05  0.000222  2.46e-05  0.000136  2.15e-05  2.71e-05  0.000136   0.00033  -0.00234 -0.000344  -0.00505  -0.00489 -0.000787   -0.0159 -0.000905   -0.0049 -0.000951  -8.4e-05 -0.000636 -0.000263         1  -0.00206  -0.00111  -0.00535  -0.00645  6.71e-07 -7.24e-05  6.89e-05  -0.00116  4.36e-06  0.000254  -0.00031  3.33e-05   -0.0102   0.00681  3.85e-05  0.000411 -0.000969   -0.0048  -0.00345   0.00076  -0.00174  -0.00114   0.00032   0.00102 -0.000578    0.0011  0.000309  -0.00191  0.000743  -0.00421  0.000591 -0.000158  0.000324  2.75e-05    0.0084 -0.000632  -0.00108  0.000404 -9.39e-06  2.36e-05  3.73e-06  1.04e-07  1.71e-08   0.00392  0.000545  -9.8e-05  9.41e-05    0.0037   0.00109  0.000282  4.28e-05  0.000492  0.000502  0.000376     -0.02  0.000339   0.00129    0.0102   -0.0162   0.00919   0.00648   -0.0154   0.00388   1.7e-05   0.00425   0.00239   0.00193  0.000609  3.25e-06   0.00122  0.000282  1.95e-05    0.0047   0.00095  0.000491   0.00113
   0.0181  9.59e-05  2.81e-06  0.000144  0.000435   0.00018  7.51e-17  7.51e-17  6.16e-05  0.000123 -3.78e-16  4.09e-05  0.000163  1.83e-05  9.71e-05  1.71e-05  2.15e-05  9.44e-05  0.000249  -0.00251 -0.000381  -0.00618  -0.00542 -0.000948   -0.0178  -0.00114  -0.00541  -0.00111  -0.00023  -0.00065 -0.000283  -0.00206         1  -0.00128  -0.00658  -0.00744  7.54e-07 -9.67e-06  1.24e-05  -0.00129  4.74e-08  5.32e-05  0.000286   0.00199   -0.0108   0.00796  1.68e-05   0.00104  -0.00246  -0.00777  -0.00469  0.000232  -0.00345  -0.00328  0.000416  7.65e-05  -0.00201   0.00089 -0.000498  -0.00287  0.000473  -0.00353  0.000686 -0.000197  0.000542 -1.19e-05   0.00679  -0.00162   -0.0014   0.00049 -1.57e-05  2.38e-05  3.36e-06 -1.46e-08  1.11e-08   0.00481  0.000495 -0.000113  0.000102   0.00477   0.00119  0.000239  3.65e-05  0.000189  0.000832  0.000504   -0.0141 -0.000171   0.00141     0.013   -0.0194    0.0113   0.00795   -0.0184   0.00573 -3.88e-05   0.00498    0.0034   0.00346  0.000745  1.19e-05   0.00179  0.000376  2.16e-05   0.00667   0.00156   0.00069   0.00104
  0.00918  5.85e-05 -4.52e-05 -0.000201 -0.000226 -3.13e-05  7.73e-17  7.73e-17   2.3e-05  4.53e-05 -2.36e-16 -7.63e-05 -0.000102 -1.21e-05 -0.000112 -1.03e-05 -1.27e-05 -7.69e-05 -0.000134  -0.00155 -0.000214  -0.00489  -0.00334 -0.000673   -0.0111   -0.0011  -0.00287 -0.000712 -0.000552 -0.000456 -0.000423  -0.00111  -0.00128         1  -0.00542  -0.00475  2.53e-07 -1.32e-05  -1.8e-05 -0.000978 -4.76e-06 -0.000533 -0.000162  0.000443  -0.00569   0.00112  -5.1e-05  0.000552  0.000556  -0.00147  -0.00139  0.000285  -0.00142 -0.000608  0.000578  3.34e-05 -0.000159  0.000429  -9.5e-05  -0.00128  0.000189  -0.00107  0.000284 -0.000225   0.00014 -0.000182   0.00258  -0.00308 -0.000784  9.31e-05  8.39e-07  5.15e-06  1.12e-06 -9.24e-08 -1.09e-09   0.00224 -0.000115 -5.85e-05  4.74e-05    0.0021  0.000432  1.45e-05 -4.82e-06  -0.00033  0.000307  0.000127   -0.0134 -0.000339  0.000705   0.00765   -0.0101   0.00702   0.00413  -0.00931   0.00468 -3.19e-05   8.5e-05   0.00118  0.000141  0.000151 -2.95e-05   0.00039  7.26e-05  9.93e-06   0.00151  0.000515  0.000314 -0.000324
   0.0251  0.000298 -0.000924  -0.00628   -0.0138  -0.00409 -3.48e-16 -3.48e-16 -6.84e-05  5.73e-06 -1.91e-15  -0.00223  -0.00606 -0.000689  -0.00386 -0.000493 -0.000617  -0.00404  -0.00844   -0.0115  -0.00135   -0.0414   -0.0253  -0.00654    -0.137  -0.00947   -0.0137  -0.00522  -0.00702  -0.00849  -0.00463  -0.00535  -0.00658  -0.00542         1   -0.0409 -4.75e-07 -0.000165 -0.000801   -0.0181  -8.1e-05  -0.00796   -0.0184   -0.0454   -0.0308    -0.211  -0.00097  -0.00061   -0.0086   -0.0334  -0.00827  -0.00772   -0.0164   -0.0136   0.00131  -0.00678  -0.00478  -0.00502  -0.00841   -0.0106   -0.0112   0.00602  -0.00131  -0.00343  -0.00192  -0.00292   -0.0743   -0.0528   -0.0171  -0.00243 -0.000347 -0.000106 -5.89e-06 -1.37e-06 -8.39e-08   0.00098  -0.00522 -0.000599  5.36e-05   0.00407 -0.000864  -0.00146 -0.000264  -0.00577  0.000536  -0.00104    -0.112  -0.00435   0.00175    0.0366   -0.0646    0.0372    0.0147   -0.0468    0.0233    -0.001   -0.0241 -0.000533   -0.0129   -0.0016 -0.000404  -0.00308 -0.000735  1.38e-05    -0.012 -3.32e-05   0.00093    -0.025
   0.0519    0.0004 -4.62e-05  -0.00169   -0.0027 -0.000632  5.92e-16  5.92e-16  8.52e-05  0.000271 -1.61e-15 -0.000606  -0.00118 -0.000135 -0.000977 -0.000103 -0.000127 -0.000825  -0.00159  -0.00953  -0.00141   -0.0304   -0.0211  -0.00431   -0.0797  -0.00672   -0.0172  -0.00447  -0.00361  -0.00353  -0.00282  -0.00645  -0.00744  -0.00475   -0.0409         1  1.41e-06 -2.24e-05 -0.000298  -0.00767  -3.9e-05  -0.00348  -0.00476  -0.00894   -0.0359   -0.0304 -0.000429     0.003   0.00451  -0.00861  -0.00696  0.000653  -0.00722  -0.00277   0.00288   0.00108 -0.000156   0.00181  -0.00117  -0.00688  -0.00014   -0.0072  0.000982  -0.00162  0.000385  -0.00137    0.0054   -0.0211  -0.00581   6.3e-05 -2.64e-05  1.31e-05  3.22e-06 -6.23e-07 -7.08e-09    0.0116 -0.000994 -0.000259  0.000253    0.0112    0.0021 -8.94e-05  -4.7e-05  -0.00211   0.00181  0.000504      -0.1   -0.0022   0.00224     0.035    -0.065    0.0303    0.0203   -0.0574    0.0214 -0.000338 -0.000727   0.00602 -6.27e-05  0.000867 -0.000149    0.0018  0.000434     5e-05   0.00648   0.00245   0.00181  -0.00447
 1.18e-05 -8.34e-08 -2.54e-07 -1.01e-06 -2.09e-06 -6.24e-07 -1.96e-19 -1.96e-19 -3.72e-08 -5.98e-08  1.02e-19 -3.66e-07 -9.03e-07 -1.03e-07 -6.24e-07 -8.03e-08 -1.02e-07 -5.92e-07 -1.27e-06  6.21e-07  9.42e-08  -7.3e-07  1.18e-06  7.29e-08  6.67e-06 -4.61e-07  1.81e-06  1.24e-07 -7.36e-07  2.63e-07 -4.25e-07  6.71e-07  7.54e-07  2.53e-07 -4.75e-07  1.41e-06         1 -7.83e-08 -1.06e-07  3.79e-07 -8.88e-09 -1.04e-06  2.26e-07   1.3e-06  3.77e-06  3.84e-07 -1.06e-07 -9.02e-07  -2.5e-06 -2.55e-06 -1.47e-07 -4.05e-08 -6.68e-07  -1.7e-06  -4.1e-07 -1.04e-06 -7.12e-07 -3.55e-07 -3.67e-07  6.95e-08 -4.85e-07  2.09e-06 -7.76e-07 -5.31e-07 -6.81e-07 -4.63e-07 -4.91e-06 -7.55e-06 -1.01e-06 -6.58e-07 -1.02e-08  -2.7e-08 -2.32e-09 -1.32e-10 -2.11e-11 -3.27e-06 -1.19e-06 -8.95e-08 -2.95e-08 -3.86e-06 -6.57e-07 -2.53e-07 -6.46e-08 -9.77e-07 -1.17e-06 -7.11e-07 -4.76e-06 -8.67e-07 -9.29e-07  -2.4e-06  6.07e-06 -3.82e-06 -2.74e-06  6.43e-06 -1.96e-06 -8.14e-08 -1.09e-05 -3.95e-06 -7.82e-06 -1.18e-06  -8.1e-08 -2.73e-06 -5.07e-07  -1.3e-08 -1.07e-05 -2.37e-06  -5.1e-07 -4.19e-06
  0.00265 -1.38e-05 -5.82e-05 -0.000139 -0.000357 -0.000106 -3.31e-17 -3.31e-17  2.62e-06 -1.95e-06 -4.54e-17 -5.54e-05 -0.000163 -1.88e-05 -9.36e-05 -1.27e-05 -1.64e-05 -0.000106 -0.000226 -9.71e-05 -8.23e-06  7.84e-06  -0.00014 -3.92e-06 -5.83e-05  1.72e-05   -0.0001  -1.7e-05  4.23e-06 -4.88e-05  -4.4e-05 -7.24e-05 -9.67e-06 -1.32e-05 -0.000165 -2.24e-05 -7.83e-08         1  1.62e-05 -4.26e-05  2.04e-06  4.82e-05 -0.000184 -0.000369 -0.000349  0.000144     1e-05  -0.00042  -0.00141  -0.00207 -0.000742  0.000122 -0.000246 -0.000586  -0.00026  0.000106 -0.000271  8.96e-05  6.63e-05 -0.000161 -4.27e-05 -0.000476 -0.000123 -0.000123 -0.000171 -3.97e-05  2.54e-05  -0.00118  -0.00051 -9.11e-05 -1.08e-05 -1.37e-06  4.92e-07  6.63e-08  2.12e-09 -0.000527 -9.01e-05 -4.48e-05  6.35e-06 -0.000667  3.17e-05  3.42e-05  1.78e-06  0.000102 -0.000312 -0.000127  -0.00282  0.000137  5.59e-05  0.000217  0.000128 -3.02e-05    -3e-05  0.000281 -0.000993  9.48e-08  -0.00162 -0.000813  -0.00174 -0.000187 -1.25e-05 -0.000537 -8.08e-05 -4.26e-07  -0.00206 -0.000571 -0.000117  -0.00077
  0.00379 -9.45e-06 -2.89e-05 -0.000208 -0.000418 -0.000124 -4.36e-17 -4.36e-17 -8.41e-06  -1.4e-06  2.32e-17 -7.26e-05 -0.000179 -2.01e-05 -0.000125 -1.57e-05 -1.98e-05 -0.000118 -0.000251  4.45e-05  -7.3e-06 -0.000635 -3.99e-05 -5.27e-05  7.33e-05  -0.00019  0.000104 -5.05e-05 -0.000202   3.6e-05 -0.000101  6.89e-05  1.24e-05  -1.8e-05 -0.000801 -0.000298 -1.06e-07  1.62e-05         1 -1.24e-05 -3.95e-06 -0.000276  0.000105  0.000454  0.000228 -0.000354 -3.44e-05  4.51e-05 -0.000673  -0.00112 -0.000308 -0.000176 -0.000513 -0.000853 -5.16e-05 -0.000401 -0.000505 -0.000121 -0.000316 -0.000221  -0.00015  0.000418 -0.000134 -0.000113 -5.23e-05 -0.000111  -0.00132  -0.00169 -0.000227 -0.000102 -2.66e-06 -5.09e-06 -8.21e-07  -7.9e-08 -6.21e-09 -0.000287 -0.000232 -1.09e-05 -3.45e-06 -0.000357 -9.85e-05 -6.89e-05 -1.54e-05 -0.000303 -7.96e-05 -8.89e-05  -0.00119 -0.000378 -0.000316 -0.000316 -0.000384 -0.000963 -0.000281 -0.000186 -0.000171 -3.88e-05  -0.00166 -0.000372 -0.000841 -0.000152 -8.84e-06 -0.000299 -5.31e-05 -2.05e-06   -0.0013  -0.00024 -1.57e-05 -0.000781
  -0.0172   8.9e-05 -4.36e-05 -0.000484  -0.00157 -0.000504 -2.34e-17 -2.34e-17  9.54e-06  -4.8e-06 -4.52e-16 -0.000166 -0.000722 -8.16e-05  -0.00032 -4.66e-05 -5.74e-05 -0.000479    -0.001  -0.00249  -0.00023  -0.00527  -0.00496  -0.00122   -0.0358 -0.000884  -0.00275 -0.000787 -0.000457  -0.00248 -0.000334  -0.00116  -0.00129 -0.000978   -0.0181  -0.00767  3.79e-07 -4.26e-05 -1.24e-05         1 -1.72e-06 -0.000342  -0.00607   -0.0167  -0.00703   -0.0667 -5.73e-05 -0.000838  -0.00205   -0.0075  -0.00137  -0.00244  -0.00249  -0.00159 -0.000128 -0.000839  -0.00047  -0.00152  -0.00168  -0.00181   -0.0031 -7.29e-05  0.000214 -0.000147 -9.25e-05 -3.38e-05   -0.0196  -0.00348  -0.00343  -7.4e-05 -0.000115 -3.71e-06  9.18e-07 -4.88e-08  3.86e-09  0.000868 -6.63e-06 -7.35e-05 -4.83e-06   0.00261   4.5e-05 -8.56e-05   9.2e-06  4.52e-05  0.000834  0.000295   -0.0167  0.000515    0.0012   0.00566   -0.0123   0.00923   0.00286  -0.00888   0.00313 -0.000116   0.00467   0.00233   0.00367  0.000556 -1.34e-05   0.00135  0.000177   8.4e-06   0.00565    0.0017  0.000333  -0.00262
-6.13e-05  1.39e-07 -1.96e-06 -1.76e-05 -2.81e-05 -7.82e-06 -1.15e-19 -1.15e-19 -8.05e-07 -5.28e-07  1.45e-18 -6.09e-06 -1.15e-05  -1.3e-06 -1.01e-05 -1.18e-06 -1.48e-06 -7.73e-06 -1.62e-05 -2.06e-06 -6.17e-07 -9.24e-05 -1.37e-05 -8.07e-06 -2.04e-06 -2.89e-05  6.12e-06    -7e-06 -2.67e-05  3.39e-06 -1.46e-05  4.36e-06  4.74e-08 -4.76e-06  -8.1e-05  -3.9e-05 -8.88e-09  2.04e-06 -3.95e-06 -1.72e-06         1 -3.66e-05  1.55e-05  5.98e-05  2.87e-05  2.38e-05 -4.23e-06  2.15e-05  7.04e-05  9.61e-05  3.93e-05 -1.41e-06 -1.04e-05  8.05e-06  1.97e-05 -2.35e-05  1.13e-05 -6.51e-06 -1.08e-05 -1.13e-06 -3.31e-06  6.88e-05 -6.66e-06 -8.04e-06 -3.44e-06 -1.19e-05 -6.71e-05 -0.000145  1.25e-06 -8.91e-06  7.43e-07    -5e-07 -7.27e-08 -8.45e-09 -6.14e-10 -8.45e-06 -2.43e-05  4.99e-07 -3.84e-07 -1.61e-05 -1.17e-05 -8.22e-06  -1.7e-06 -3.43e-05 -2.38e-06 -6.96e-06 -0.000105  -3.3e-05 -1.51e-05   3.8e-05 -2.08e-05  9.75e-06  -3.2e-06 -4.14e-06  9.51e-05 -2.44e-06 -0.000153 -2.31e-05 -7.11e-05 -1.31e-05  -1.5e-06  -2.4e-05 -5.38e-06 -1.35e-07 -9.73e-05 -1.11e-05     5e-07 -5.09e-05
 -0.00536 -2.23e-06 -0.000356  -0.00194  -0.00321 -0.000892  -1.1e-17  -1.1e-17 -6.73e-05 -8.25e-05  3.59e-17 -0.000691  -0.00133 -0.000153  -0.00114 -0.000136  -0.00017 -0.000898  -0.00188 -0.000554 -3.55e-05   -0.0094  -0.00166 -0.000841 -8.74e-06  -0.00298  0.000556 -0.000693  -0.00273  0.000148   -0.0016  0.000254  5.32e-05 -0.000533  -0.00796  -0.00348 -1.04e-06  4.82e-05 -0.000276 -0.000342 -3.66e-05         1   0.00116   0.00528    0.0029   0.00277 -0.000393   0.00132   0.00697   0.00998   0.00406  0.000516 -0.000562   0.00196   0.00199  -0.00182   0.00217 -0.000382 -0.000309   8.1e-05 -0.000264   0.00674 -0.000694 -0.000937 -0.000701  -0.00122  -0.00574   -0.0161 -0.000485  -0.00103  6.77e-05 -5.16e-05 -5.25e-06 -6.63e-07  -5.5e-08  -0.00173  -0.00262 -3.07e-05 -2.97e-05  -0.00272  -0.00116 -0.000755 -0.000165  -0.00318 -0.000857 -0.000919   -0.0138  -0.00262 -0.000568    0.0071  0.000541   0.00552  0.000441   0.00219    0.0107 -0.000177   -0.0184  -0.00385   -0.0107   -0.0017 -0.000202  -0.00348 -0.000752 -1.22e-05   -0.0134  -0.00204 -0.000219  -0.00606
  -0.0291  5.34e-05   0.00023  0.000214 -0.000802 -0.000362  2.45e-16  2.45e-16 -1.68e-05 -0.000116 -6.06e-16  0.000113 -0.000387 -4.23e-05  7.11e-05 -5.08e-06 -4.49e-06 -0.000228 -0.000533  -0.00161 -0.000112  0.000927  -0.00272  -0.00055   -0.0401  0.000642 -0.000275   3.7e-05  0.000696  -0.00326  0.000251  -0.00031  0.000286 -0.000162   -0.0184  -0.00476  2.26e-07 -0.000184  0.000105  -0.00607  1.55e-05   0.00116         1   -0.0369  -0.00711    -0.108  6.86e-05  -0.00579    -7e-05  -0.00231   0.00242  -0.00218   0.00484   0.00505  -0.00206   0.00244   0.00356  -0.00164  0.000525   0.00232  -0.00332  -0.00643 -0.000201  0.000398 -0.000681  0.000503   -0.0219   0.00488  -0.00214 -0.000225  -0.00018  4.72e-06 -7.51e-07  2.01e-07  2.09e-08  -0.00324  0.000875  5.55e-05 -9.13e-05  -0.00131 -0.000569  7.47e-05   3.8e-05   0.00145   0.00026  0.000116    -0.072   0.00221  -0.00181   -0.0205 -0.000943   -0.0132  -0.00824  0.000651   -0.0145  6.76e-05   0.00947  -0.00018   0.00359  0.000702  3.88e-05  0.000503  3.86e-05 -5.43e-06   0.00303   0.00022 -0.000347  -0.00163
  -0.0704  0.000229   0.00121   0.00228  0.000983 -0.000114  1.06e-15  1.06e-15 -5.41e-05 -0.000334 -1.59e-15  0.000946  0.000343  4.55e-05   0.00123  0.000113  0.000149  0.000313  0.000496  -0.00314 -0.000134    0.0107  -0.00445 -0.000702    -0.109     0.004    0.0014  0.000996   0.00363  -0.00912   0.00174  3.33e-05   0.00199  0.000443   -0.0454  -0.00894   1.3e-06 -0.000369  0.000454   -0.0167  5.98e-05   0.00528   -0.0369         1   -0.0164    -0.321  0.000357   -0.0156   0.00789   0.00728    0.0125  -0.00628    0.0193    0.0217  -0.00563   0.00952    0.0141  -0.00489   0.00283   0.00982  -0.00904    -0.019 -5.57e-05   0.00224  -0.00139   0.00223   -0.0606    0.0295  -0.00292 -5.24e-05  -0.00047  3.58e-05 -1.65e-06  9.08e-07  9.32e-08  -0.00855    0.0042  0.000474 -0.000309  -0.00197  -0.00167  0.000447  0.000197   0.00593   0.00194   0.00104    -0.183   0.00827  -0.00524     -0.07     0.005   -0.0454   -0.0275   0.00871   -0.0453  0.000359    0.0416   0.00285    0.0205   0.00341  0.000262   0.00443  0.000679 -1.55e-05    0.0205   0.00308 -0.000798   0.00171
   0.0949  0.000437  0.000502   0.00206   0.00421   0.00143  9.83e-16  9.83e-16  0.000304   0.00053 -2.37e-15  0.000726    0.0017  0.000195   0.00126  0.000178  0.000225   0.00111    0.0025   -0.0121  -0.00201   -0.0241   -0.0261  -0.00383   -0.0936  -0.00398   -0.0267  -0.00485  0.000665  -0.00378 -0.000714   -0.0102   -0.0108  -0.00569   -0.0308   -0.0359  3.77e-06 -0.000349  0.000228  -0.00703  2.87e-05    0.0029  -0.00711   -0.0164         1    0.0132  0.000316  -0.00345   -0.0108    -0.034   -0.0209   0.00389  -0.00514  -0.00668  -0.00142   0.00747  -0.00431   0.00643   0.00245  -0.00831   0.00469   -0.0348   0.00285 -0.000392    0.0019  0.000707    0.0507   0.00438  -0.00423   0.00244 -0.000148  0.000155  1.53e-05  3.25e-07  8.85e-08    0.0198   0.00421  -0.00044  0.000462    0.0181   0.00589   0.00174  0.000239   0.00334   0.00285   0.00219    -0.201   0.00129  0.000938    0.0222   -0.0892    0.0152    0.0238   -0.0888  -0.00366  0.000153    0.0315    0.0125    0.0144   0.00395  0.000145   0.00699   0.00168  9.51e-05    0.0263   0.00417   0.00249   0.00803
    -0.21  0.000386  0.000803  -0.00482    -0.024  -0.00864 -1.74e-15 -1.74e-15 -0.000526  -0.00125 -2.36e-15   -0.0014   -0.0109  -0.00121  -0.00355 -0.000639 -0.000784  -0.00699   -0.0152  -0.00754  0.000926    0.0133   -0.0105  -0.00675    -0.395    0.0078    0.0211   0.00231   0.00232   -0.0344    0.0028   0.00681   0.00796   0.00112    -0.211   -0.0304  3.84e-07  0.000144 -0.000354   -0.0667  2.38e-05   0.00277    -0.108    -0.321    0.0132         1 -0.000375   -0.0245   -0.0284   -0.0693    0.0217   -0.0523  -0.00588  -0.00385   -0.0128   -0.0166   0.00211   -0.0397   -0.0289   0.00125   -0.0617    0.0329  -0.00333   0.00281  -0.00481   0.00276    -0.432   0.00585   -0.0398  -0.00429  -0.00198 -0.000243 -2.34e-05  1.49e-07   3.2e-08   -0.0376  0.000891  0.000585  -0.00136  -0.00196   -0.0115  -0.00305  0.000103    0.0051   0.00953   0.00226 -0.000379    0.0141   0.00112   -0.0931    0.0174   -0.0126   -0.0536    0.0629   -0.0472  -0.00161    0.0794    0.0158    0.0674   0.00652  0.000427    0.0157   0.00144 -0.000106    0.0683    0.0205 -0.000913   -0.0407
 -0.00032  3.17e-06 -2.49e-05 -0.000208 -0.000345 -9.67e-05  8.49e-18  8.49e-18 -8.86e-06  -7.7e-06 -3.28e-20 -7.31e-05 -0.000142 -1.63e-05 -0.000122 -1.44e-05 -1.81e-05 -9.55e-05   -0.0002 -5.25e-05 -6.34e-06 -0.000993 -0.000184  -9.1e-05 -0.000208 -0.000309  6.83e-05 -7.66e-05 -0.000294  9.33e-06 -0.000176  3.85e-05  1.68e-05  -5.1e-05  -0.00097 -0.000429 -1.06e-07     1e-05 -3.44e-05 -5.73e-05 -4.23e-06 -0.000393  6.86e-05  0.000357  0.000316 -0.000375         1  0.000204  0.000953   0.00134  0.000555  4.12e-05  2.09e-05  0.000331  0.000227 -0.000138  0.000312 -5.44e-05 -3.47e-05  5.63e-05 -4.13e-05  0.000752 -8.87e-05 -0.000101 -8.01e-05 -0.000137 -0.000764  -0.00168 -4.08e-05 -0.000119  8.46e-06 -5.93e-06 -6.49e-07 -6.93e-08 -5.51e-09 -0.000196 -0.000279  3.58e-06 -3.78e-06 -0.000289 -0.000135 -8.47e-05 -1.74e-05 -0.000333 -7.75e-05 -9.88e-05  -0.00129 -0.000272 -9.64e-05  0.000504 -6.12e-05  0.000306 -4.81e-05  0.000211   0.00105 -2.25e-05   -0.0019 -0.000396  -0.00109  -0.00017 -1.96e-05 -0.000355 -7.32e-05 -1.49e-06  -0.00138 -0.000205 -1.88e-05 -0.000646
  -0.0959 -0.000274 -0.000408 -0.000426  -0.00205 -0.000702  -4.7e-16  -4.7e-16  9.33e-06 -0.000126 -8.48e-17 -0.000151 -0.000976  -0.00011 -0.000341 -5.75e-05 -7.52e-05 -0.000602  -0.00135  0.000658  7.08e-05   0.00464   0.00183  0.000602  0.000124   0.00104   0.00177  0.000682  0.000944 -0.000635  0.000555  0.000411   0.00104  0.000552  -0.00061     0.003 -9.02e-07  -0.00042  4.51e-05 -0.000838  2.15e-05   0.00132  -0.00579   -0.0156  -0.00345   -0.0245  0.000204         1   -0.0191    -0.026  -0.00776 -0.000287  0.000503  -0.00706  -0.00499 -0.000202  -0.00463  0.000125  0.000417   0.00032 -0.000727   -0.0111  -0.00106 -0.000291  -0.00107  0.000363  -0.00273  -0.00235  -0.00227 -0.000431 -0.000209  7.28e-06 -1.39e-06  6.27e-08 -1.26e-08  -0.00683  6.35e-05 -0.000336 -5.45e-05  -0.00786 -0.000274  0.000265 -2.02e-05  0.000648  -0.00236 -0.000847   -0.0936 -8.23e-06   -0.0046    -0.026    0.0107   -0.0268   -0.0113   0.00634   -0.0273  9.88e-05  -0.00637  -0.00703  -0.00959  -0.00123 -3.05e-05  -0.00401 -0.000723 -1.88e-05   -0.0154  -0.00501  -0.00126  -0.00484
   -0.197  -0.00133  -0.00313  -0.00637   -0.0205  -0.00647 -5.72e-15 -5.72e-15  0.000163  0.000367  4.28e-16  -0.00248  -0.00965  -0.00108  -0.00439 -0.000649 -0.000841  -0.00622   -0.0133   0.00144 -0.000189    0.0161   0.00189  0.000797  -0.00314   0.00676  -0.00175  0.000382   0.00463   -0.0016   0.00318 -0.000969  -0.00246  0.000556   -0.0086   0.00451  -2.5e-06  -0.00141 -0.000673  -0.00205  7.04e-05   0.00697    -7e-05   0.00789   -0.0108   -0.0284  0.000953   -0.0191         1    -0.258   -0.0902   -0.0167   -0.0616    -0.116   -0.0251   -0.0249   -0.0738  -0.00568   -0.0242   -0.0331    -0.015     -0.02  -0.00609  -0.00541  -0.00296  6.91e-05   -0.0777   -0.0545   -0.0362   -0.0017  -0.00122 -2.23e-05  8.98e-06  1.11e-06  -1.7e-08     -0.02  -0.00149  -0.00284  0.000245   -0.0196   0.00356   0.00165  0.000146   0.00318  -0.00876  -0.00287    0.0446  -0.00424  -0.00468   0.00374   -0.0263   -0.0305   0.00223   -0.0211   -0.0805  -0.00147   -0.0393   -0.0191   -0.0347  -0.00496  0.000184    -0.011  -0.00115 -3.22e-05   -0.0503   -0.0161   -0.0027   -0.0404
   -0.499   -0.0018  -0.00467  -0.00999   -0.0318  -0.00996 -8.53e-15 -8.53e-15  0.000311  0.000754  -1.1e-16  -0.00389    -0.015  -0.00168  -0.00686    -0.001   -0.0013  -0.00968   -0.0207  -0.00255 -0.000971     0.012  -0.00756 -0.000888   -0.0494   0.00796   -0.0116  -0.00155   0.00608  -0.00455     0.004   -0.0048  -0.00777  -0.00147   -0.0334  -0.00861 -2.55e-06  -0.00207  -0.00112   -0.0075  9.61e-05   0.00998  -0.00231   0.00728    -0.034   -0.0693   0.00134    -0.026    -0.258         1    -0.143   -0.0266      -0.1    -0.181   -0.0369   -0.0381    -0.115  -0.00849   -0.0389   -0.0553    -0.024   -0.0328  -0.00839  -0.00873  -0.00382 -0.000199    -0.122   -0.0888   -0.0589  -0.00213  -0.00191 -1.53e-05  1.75e-05   1.6e-06  -9.5e-09    -0.023  -0.00192  -0.00444  0.000513   -0.0213   0.00692   0.00265  0.000265   0.00477   -0.0115  -0.00355    0.0559  -0.00671  -0.00442    0.0285    -0.076   -0.0251    0.0165   -0.0631     -0.11  -0.00245   -0.0518   -0.0227   -0.0458   -0.0062  0.000296   -0.0133  -0.00106 -1.63e-05    -0.064   -0.0211  -0.00281   -0.0619
  -0.0313 -0.000553  -0.00154  -0.00281  -0.00923  -0.00284 -2.78e-15 -2.78e-15   0.00018  0.000402 -2.77e-16  -0.00113  -0.00441 -0.000495  -0.00195 -0.000286 -0.000373  -0.00286  -0.00606  -0.00243 -0.000646  0.000824  -0.00604 -0.000634   -0.0178   0.00218   -0.0088   -0.0013   0.00234 -0.000995   0.00134  -0.00345  -0.00469  -0.00139  -0.00827  -0.00696 -1.47e-07 -0.000742 -0.000308  -0.00137  3.93e-05   0.00406   0.00242    0.0125   -0.0209    0.0217  0.000555  -0.00776   -0.0902    -0.143         1  -0.00722   -0.0361    -0.064   -0.0123   -0.0119   -0.0409 -0.000833   -0.0125   -0.0209  -0.00577   -0.0165  -0.00217  -0.00307 -0.000682  5.12e-05   -0.0213   -0.0288   -0.0198 -6.77e-05 -0.000613  2.96e-05  1.02e-05  6.71e-07  1.53e-08  -0.00293  0.000167  -0.00161    0.0003  -0.00342   0.00382   0.00133  0.000145   0.00224  -0.00353 -0.000781   0.00754  -0.00232 -0.000522    0.0202    -0.041  -0.00168    0.0128   -0.0375   -0.0344 -0.000775   -0.0134  -0.00529   -0.0137  -0.00149  0.000132  -0.00325 -1.28e-05  1.57e-05   -0.0172  -0.00652 -0.000416   -0.0181
    0.133 -0.000101 -0.000191  -0.00058  -0.00234 -0.000798 -7.69e-16 -7.69e-16  -1.7e-05  3.25e-06  2.88e-16 -0.000204  -0.00109 -0.000121 -0.000404 -6.71e-05 -8.53e-05 -0.000707  -0.00152  0.000641  0.000133   0.00287   0.00118 -0.000117   -0.0123   0.00114   0.00184  0.000307  0.000523   -0.0012  0.000696   0.00076  0.000232  0.000285  -0.00772  0.000653 -4.05e-08  0.000122 -0.000176  -0.00244 -1.41e-06  0.000516  -0.00218  -0.00628   0.00389   -0.0523  4.12e-05 -0.000287   -0.0167   -0.0266  -0.00722         1  -0.00851   -0.0135  -0.00211  -0.00537  -0.00879  -0.00316  -0.00524  -0.00405  -0.00468   0.00417  -0.00036 -8.65e-05  0.000221  0.000212   -0.0311  -0.00286  -0.00431 -3.78e-05 -0.000176 -1.47e-05  -1.7e-06 -1.44e-07 -1.34e-08   -0.0018 -3.17e-05 -0.000152 -5.55e-05  0.000599 -0.000267 -0.000148  9.36e-06 -7.29e-05  0.000701  0.000277     0.045 -0.000682  0.000218   0.00132  -0.00126   0.00146 -0.000118   0.00123  -0.00342 -0.000294    0.0039   0.00204     0.006  0.000338  8.47e-05    0.0017   0.00026 -6.96e-06   0.00578   0.00166  0.000172  -0.00389
  -0.0681 -0.000358   -0.0015  -0.00395   -0.0102  -0.00306 -2.43e-15 -2.43e-15  6.49e-05  0.000256  1.65e-16  -0.00151  -0.00468 -0.000528  -0.00255 -0.000349 -0.000447  -0.00308  -0.00648  -0.00192  -0.00032  -0.00689  -0.00505  -0.00149   -0.0183 -0.000547  -0.00461  -0.00147 -0.000738  -0.00114 -0.000127  -0.00174  -0.00345  -0.00142   -0.0164  -0.00722 -6.68e-07 -0.000246 -0.000513  -0.00249 -1.04e-05 -0.000562   0.00484    0.0193  -0.00514  -0.00588  2.09e-05  0.000503   -0.0616      -0.1   -0.0361  -0.00851         1   -0.0507  -0.00583   -0.0146   -0.0315  -0.00355   -0.0134   -0.0183  -0.00776   0.00493  -0.00173  -0.00288 -0.000435  -0.00099   -0.0439   -0.0357   -0.0169 -0.000733 -0.000406    -4e-05  3.85e-06  -1.3e-07 -3.87e-08  -0.00179  -0.00232  -0.00117  0.000172 -0.000479   0.00163  6.16e-05 -1.66e-05  -0.00144  -0.00172 -0.000734     0.093  -0.00402   0.00304    0.0406    -0.031    0.0256    0.0168   -0.0232 -0.000205 -0.000936   -0.0204  -0.00222   -0.0105  -0.00184 -3.22e-05  -0.00219 -0.000186  6.49e-06    -0.012  -0.00255  0.000178   -0.0188
  -0.0822 -0.000846  -0.00232  -0.00562    -0.016  -0.00492 -4.22e-15 -4.22e-15  8.66e-05  0.000351  5.42e-16  -0.00215   -0.0074 -0.000831  -0.00372 -0.000525 -0.000677  -0.00482   -0.0102  8.34e-05 -0.000298   0.00144  -0.00172 -0.000586   -0.0075   0.00219  -0.00324 -0.000845    0.0011 -0.000774   0.00123  -0.00114  -0.00328 -0.000608   -0.0136  -0.00277  -1.7e-06 -0.000586 -0.000853  -0.00159  8.05e-06   0.00196   0.00505    0.0217  -0.00668  -0.00385  0.000331  -0.00706    -0.116    -0.181    -0.064   -0.0135   -0.0507         1   -0.0148   -0.0221   -0.0553  -0.00507   -0.0206   -0.0272   -0.0115  -0.00428    -0.004  -0.00436  -0.00128 -0.000837    -0.063   -0.0495   -0.0263  -0.00126 -0.000784 -4.44e-05  2.67e-06  4.12e-09 -5.76e-08  -0.00955  -0.00258  -0.00197  0.000207  -0.00877   0.00242  0.000542     5e-06 -0.000664  -0.00465  -0.00175    0.0827  -0.00625  -0.00168    0.0253   -0.0334  -0.00255    0.0109   -0.0265    -0.036  -0.00138   -0.0324  -0.00939   -0.0211  -0.00347   7.8e-05  -0.00608 -0.000593 -1.58e-05     -0.03  -0.00854 -0.000863   -0.0304
  -0.0421 -0.000227 -0.000305 -0.000468  -0.00235  -0.00079 -7.38e-16 -7.38e-16  1.52e-05  2.12e-05  4.84e-17 -0.000185  -0.00113 -0.000125 -0.000375 -6.46e-05 -8.47e-05 -0.000708  -0.00155  0.000942  3.38e-05   0.00626   0.00189  0.000613    0.0021   0.00197  0.000965  0.000526   0.00143 -0.000227  0.000875   0.00032  0.000416  0.000578   0.00131   0.00288  -4.1e-07  -0.00026 -5.16e-05 -0.000128  1.97e-05   0.00199  -0.00206  -0.00563  -0.00142   -0.0128  0.000227  -0.00499   -0.0251   -0.0369   -0.0123  -0.00211  -0.00583   -0.0148         1  -0.00207  -0.00969  -0.00063  -0.00252  -0.00304  -0.00186  -0.00659  -0.00111 -0.000521 -0.000625  0.000313  -0.00923  -0.00319  -0.00441 -0.000241 -0.000202  4.68e-06  5.97e-07  3.07e-07   7.4e-09  -0.00469  0.000345 -0.000359  5.08e-06  -0.00478  0.000373  0.000382  4.33e-05   0.00126   -0.0016 -0.000487   -0.0166  8.39e-05  -0.00236   -0.0127   0.00161   -0.0171  -0.00501   0.00105   -0.0215 -0.000126  -0.00319  -0.00398  -0.00497 -0.000625  7.11e-05  -0.00195  -0.00019 -1.12e-05   -0.0086  -0.00319 -0.000707  -0.00492
   0.0424 -0.000254 -0.000813   -0.0022  -0.00525  -0.00161 -1.32e-15 -1.32e-15 -3.23e-05 -2.53e-05  6.28e-16 -0.000806  -0.00236 -0.000267  -0.00138 -0.000187 -0.000238  -0.00156  -0.00331     0.001  0.000187  -0.00237   0.00154 -0.000384    0.0018 -0.000666   0.00254 -1.11e-07  -0.00114 -0.000178  -7.8e-05   0.00102  7.65e-05  3.34e-05  -0.00678   0.00108 -1.04e-06  0.000106 -0.000401 -0.000839 -2.35e-05  -0.00182   0.00244   0.00952   0.00747   -0.0166 -0.000138 -0.000202   -0.0249   -0.0381   -0.0119  -0.00537   -0.0146   -0.0221  -0.00207         1    -0.014  -0.00329  -0.00715  -0.00695  -0.00472   0.00851 -0.000921  -0.00101 -4.87e-05 -0.000582   -0.0323   -0.0175  -0.00586 -0.000591 -0.000178 -4.53e-05 -4.51e-06 -7.08e-07 -6.79e-08  -0.00321  -0.00205 -0.000415  -4.6e-05  -0.00208 -0.000651 -0.000566 -0.000116  -0.00265  -0.00047 -0.000464      0.05  -0.00371 -0.000185    0.0117  0.000562   0.00719   0.00238   0.00209    0.0023 -0.000472   -0.0128  -0.00152  -0.00367  -0.00134 -6.28e-05  -0.00136 -0.000389 -1.54e-05  -0.00658 -0.000664 -7.77e-05  -0.00949
  -0.0578 -0.000537  -0.00129  -0.00272  -0.00845  -0.00264 -2.66e-15 -2.66e-15  7.09e-05  0.000241  4.81e-16  -0.00105  -0.00397 -0.000444  -0.00184 -0.000268 -0.000347  -0.00257  -0.00548  0.000598 -0.000147   0.00374  4.64e-05 -3.64e-05  -0.00182   0.00217  -0.00181  -0.00024   0.00147 -0.000247   0.00137 -0.000578  -0.00201 -0.000159  -0.00478 -0.000156 -7.12e-07 -0.000271 -0.000505  -0.00047  1.13e-05   0.00217   0.00356    0.0141  -0.00431   0.00211  0.000312  -0.00463   -0.0738    -0.115   -0.0409  -0.00879   -0.0315   -0.0553  -0.00969    -0.014         1  -0.00314    -0.013   -0.0169  -0.00686  -0.00442  -0.00211  -0.00224 -0.000235    -8e-05   -0.0365   -0.0245   -0.0153 -0.000299 -0.000499 -8.89e-06  1.75e-06 -1.21e-08 -3.09e-08   -0.0047 -0.000735  -0.00117  0.000124  -0.00388   0.00179  0.000489  3.67e-05   0.00012   -0.0022 -0.000629    0.0547   -0.0038  -0.00151    0.0119   -0.0204  -0.00526   0.00616   -0.0177   -0.0253 -0.000812   -0.0127   -0.0036  -0.00732  -0.00144  0.000128  -0.00203 -5.78e-05 -7.05e-06   -0.0121  -0.00399 -0.000305    -0.016
-0.000428 -6.23e-05 -0.000147 -0.000656  -0.00191 -0.000635 -4.17e-16 -4.17e-16 -4.06e-05 -5.85e-05  2.58e-16 -0.000228 -0.000852 -9.56e-05 -0.000423  -6.3e-05 -7.92e-05 -0.000557   -0.0012  0.000877    0.0002    0.0018   0.00184 -5.36e-06   -0.0045  0.000487   0.00285   0.00039  -0.00012 -0.000712  0.000195    0.0011   0.00089  0.000429  -0.00502   0.00181 -3.55e-07  8.96e-05 -0.000121  -0.00152 -6.51e-06 -0.000382  -0.00164  -0.00489   0.00643   -0.0397 -5.44e-05  0.000125  -0.00568  -0.00849 -0.000833  -0.00316  -0.00355  -0.00507  -0.00063  -0.00329  -0.00314         1  -0.00286  -0.00122  -0.00319   0.00562 -0.000414  -6.4e-05 -0.000138 -5.54e-05   -0.0232  -0.00319  -0.00213 -0.000329 -8.15e-05 -2.55e-05 -2.51e-06 -1.59e-07 -1.73e-08  -0.00258 -0.000575 -2.85e-05 -7.47e-05  -0.00103 -0.000777 -0.000309 -2.85e-05 -0.000562   0.00021 -6.82e-05    0.0337 -0.000476  0.000174 -0.000315   0.00549   0.00126  -0.00187   0.00738  0.000265 -0.000177  -0.00119  5.11e-05   0.00162 -0.000188  8.48e-06   0.00021 -4.97e-05 -1.13e-05  0.000658  0.000646  -9.5e-05   -0.0033
   0.0111 -0.000155 -0.000481  -0.00156  -0.00427  -0.00134 -1.07e-15 -1.07e-15 -1.35e-05  5.99e-05  2.93e-16 -0.000575  -0.00195 -0.000218    -0.001 -0.000142 -0.000181  -0.00128  -0.00271  0.000245  1.69e-05 -0.000538 -8.68e-05 -0.000413  -0.00869  0.000304  0.000519 -0.000176 -0.000191 -0.000718  0.000229  0.000309 -0.000498  -9.5e-05  -0.00841  -0.00117 -3.67e-07  6.63e-05 -0.000316  -0.00168 -1.08e-05 -0.000309  0.000525   0.00283   0.00245   -0.0289 -3.47e-05  0.000417   -0.0242   -0.0389   -0.0125  -0.00524   -0.0134   -0.0206  -0.00252  -0.00715    -0.013  -0.00286         1  -0.00677  -0.00463   0.00485 -0.000842 -0.000874 -2.78e-05 -0.000298   -0.0299   -0.0123  -0.00649 -0.000361 -0.000187 -2.75e-05 -1.72e-06 -2.49e-07 -2.74e-08  -0.00194 -0.000953 -0.000353 -1.47e-06 -0.000384  8.53e-06 -0.000205 -2.51e-05 -0.000914 -8.89e-05 -0.000155    0.0511    -0.002  0.000297   0.00947  -0.00756   0.00486   0.00319  -0.00399   -0.0019 -0.000453  -0.00528  0.000104 -0.000147 -0.000478  3.19e-05  3.36e-05  3.22e-05 -6.85e-06  -0.00143  4.33e-05  0.000124  -0.00762
  -0.0521  -0.00014 -0.000742  -0.00179  -0.00474  -0.00141 -1.18e-15 -1.18e-15  6.84e-05  0.000192 -1.26e-16 -0.000699  -0.00221 -0.000249  -0.00117 -0.000159 -0.000205  -0.00146  -0.00305  -0.00214 -0.000346   -0.0056  -0.00503  -0.00112   -0.0174 -0.000569  -0.00499  -0.00121 -0.000244 -0.000894 -8.76e-05  -0.00191  -0.00287  -0.00128   -0.0106  -0.00688  6.95e-08 -0.000161 -0.000221  -0.00181 -1.13e-06   8.1e-05   0.00232   0.00982  -0.00831   0.00125  5.63e-05   0.00032   -0.0331   -0.0553   -0.0209  -0.00405   -0.0183   -0.0272  -0.00304  -0.00695   -0.0169  -0.00122  -0.00677         1  -0.00357 -0.000284 -0.000544  -0.00151  1.27e-05 -0.000415   -0.0176   -0.0177  -0.00924 -9.02e-05  -0.00022 -4.51e-06   4.1e-06  9.03e-09 -8.69e-09   0.00126 -0.000736 -0.000657   0.00014   0.00186   0.00149  0.000227  2.28e-05 -0.000319 -0.000561 -0.000119     0.037  -0.00182   0.00213    0.0253   -0.0246     0.017    0.0119   -0.0205  0.000831 -0.000466  -0.00708  0.000366  -0.00363 -0.000517  6.59e-07 -0.000258  0.000103  1.41e-05  -0.00287 -0.000702   0.00037  -0.00869
   0.0757 -0.000103 -0.000375  -0.00139  -0.00401  -0.00128 -7.35e-16 -7.35e-16  -3.5e-05 -4.25e-05  1.06e-16 -0.000509  -0.00181 -0.000204 -0.000914 -0.000132 -0.000168  -0.00119  -0.00253  0.000171  0.000133  0.000952  0.000432 -0.000353   -0.0148  0.000556    0.0021  0.000152 -0.000148  -0.00156  0.000117  0.000743  0.000473  0.000189   -0.0112  -0.00014 -4.85e-07 -4.27e-05  -0.00015   -0.0031 -3.31e-06 -0.000264  -0.00332  -0.00904   0.00469   -0.0617 -4.13e-05 -0.000727    -0.015    -0.024  -0.00577  -0.00468  -0.00776   -0.0115  -0.00186  -0.00472  -0.00686  -0.00319  -0.00463  -0.00357         1   0.00566 -0.000854 -0.000571 -0.000565 -0.000198   -0.0347  -0.00903  -0.00566 -0.000627 -0.000175 -3.51e-05 -1.25e-06 -1.67e-08 -1.36e-08  -0.00402 -0.000917 -0.000223 -5.84e-05  -0.00196 -0.000648 -0.000267 -1.85e-05 -0.000347  -0.00032 -0.000308    0.0393 -0.000313  0.000795   0.00381   0.00103   0.00456 -0.000431   0.00515  -0.00189 -0.000309  -0.00454  -0.00115  -0.00131 -0.000539 -6.24e-06 -0.000591 -0.000149 -1.15e-05  -0.00269 -0.000204 -0.000251  -0.00729
    0.129 -1.55e-05  0.000626   0.00357   0.00618   0.00181   5.1e-16   5.1e-16  0.000208  0.000247 -1.07e-15   0.00129   0.00256  0.000294   0.00211  0.000264   0.00033   0.00174   0.00366   -0.0031 -0.000824   0.00537  -0.00637  0.000456   -0.0215   0.00252   -0.0108 -0.000576   0.00437 -0.000593   0.00197  -0.00421  -0.00353  -0.00107   0.00602   -0.0072  2.09e-06 -0.000476  0.000418 -7.29e-05  6.88e-05   0.00674  -0.00643    -0.019   -0.0348    0.0329  0.000752   -0.0111     -0.02   -0.0328   -0.0165   0.00417   0.00493  -0.00428  -0.00659   0.00851  -0.00442   0.00562   0.00485 -0.000284   0.00566         1   0.00116  0.000922  0.000938   0.00202    0.0519    0.0238   0.00128   0.00207 -0.000189  0.000148  9.35e-06  8.63e-07  9.14e-08   0.00589    0.0053 -0.000244  0.000209   0.00345    0.0038   0.00195  0.000266    0.0056  1.04e-05   0.00121    -0.186   0.00304   -0.0055    -0.033   -0.0279   -0.0381  -0.00367   -0.0366   -0.0425  0.000509    0.0293    0.0029   0.00914   0.00266  0.000298   0.00304  0.000977  3.66e-05    0.0111  -0.00122  0.000232    0.0106
  -0.0064 -9.28e-05 -0.000251  -0.00119  -0.00271  -0.00082 -2.67e-16 -2.67e-16 -3.96e-05 -3.28e-05  2.86e-17 -0.000434  -0.00119 -0.000134  -0.00075 -9.89e-05 -0.000126 -0.000772  -0.00166  0.000576  4.95e-05 -8.13e-05  0.000952  9.21e-05   0.00495 -0.000136   0.00152  8.24e-05 -0.000539  0.000163 -0.000384  0.000591  0.000686  0.000284  -0.00131  0.000982 -7.76e-07 -0.000123 -0.000134  0.000214 -6.66e-06 -0.000694 -0.000201 -5.57e-05   0.00285  -0.00333 -8.87e-05  -0.00106  -0.00609  -0.00839  -0.00217  -0.00036  -0.00173    -0.004  -0.00111 -0.000921  -0.00211 -0.000414 -0.000842 -0.000544 -0.000854   0.00116         1 -0.000745  -0.00089 -0.000509  -0.00681  -0.00893  -0.00218  -0.00079 -3.59e-05 -2.91e-05 -1.99e-06  2.38e-11 -1.34e-08  -0.00397  -0.00117 -0.000139 -1.56e-05  -0.00457 -0.000531 -0.000174 -4.86e-05 -0.000615  -0.00148 -0.000841  -0.00317 -0.000669  -0.00115  -0.00366   0.00385  -0.00644  -0.00306   0.00524  -0.00534 -0.000137    -0.012  -0.00471   -0.0092  -0.00127 -6.24e-05  -0.00313 -0.000499 -1.42e-05   -0.0126  -0.00302 -0.000598  -0.00543
 -0.00182 -5.13e-05 -0.000285  -0.00118   -0.0025  -0.00073 -2.22e-16 -2.22e-16 -1.63e-05  3.47e-06 -8.89e-17 -0.000438   -0.0011 -0.000125 -0.000735  -9.4e-05  -0.00012 -0.000726  -0.00153 -0.000385 -7.04e-05  -0.00293  -0.00104 -0.000301 -0.000413 -0.000769 -0.000385 -0.000348 -0.000805 -1.24e-05 -0.000585 -0.000158 -0.000197 -0.000225  -0.00343  -0.00162 -5.31e-07 -0.000123 -0.000113 -0.000147 -8.04e-06 -0.000937  0.000398   0.00224 -0.000392   0.00281 -0.000101 -0.000291  -0.00541  -0.00873  -0.00307 -8.65e-05  -0.00288  -0.00436 -0.000521  -0.00101  -0.00224  -6.4e-05 -0.000874  -0.00151 -0.000571  0.000922 -0.000745         1 -0.000672 -0.000563  -0.00385  -0.00998  -0.00246 -0.000615 -2.58e-05 -2.24e-05 -5.75e-07  -3.2e-08  -1.2e-08  -0.00198  -0.00113 -0.000175  2.14e-05  -0.00262 -0.000148 -0.000131 -4.33e-05 -0.000739  -0.00114  -0.00066  -0.00393  -0.00078 -0.000196   0.00366  -0.00244  0.000717  0.000653 -0.000738 -0.000575 -0.000139   -0.0109  -0.00338   -0.0082  -0.00107 -7.72e-05  -0.00252 -0.000398 -5.44e-06   -0.0101  -0.00231 -0.000326  -0.00494
 -0.00481 -6.06e-05 -0.000241  -0.00106  -0.00234   -0.0007 -1.34e-16 -1.34e-16 -2.97e-05 -4.26e-05 -8.07e-17 -0.000393  -0.00102 -0.000117 -0.000671 -8.76e-05 -0.000111  -0.00067  -0.00143   0.00013     3e-05 -0.000745  0.000266 -1.88e-05   0.00241 -0.000311   0.00101 -3.01e-06 -0.000584 -4.22e-05 -0.000486  0.000324  0.000542   0.00014  -0.00192  0.000385 -6.81e-07 -0.000171 -5.23e-05 -9.25e-05 -3.44e-06 -0.000701 -0.000681  -0.00139    0.0019  -0.00481 -8.01e-05  -0.00107  -0.00296  -0.00382 -0.000682  0.000221 -0.000435  -0.00128 -0.000625 -4.87e-05 -0.000235 -0.000138 -2.78e-05  1.27e-05 -0.000565  0.000938  -0.00089 -0.000672         1 -0.000479  -0.00466  -0.00803  -0.00188 -0.000747 -2.07e-05 -2.57e-05  -7.6e-07  8.73e-08  -6.7e-09  -0.00352  -0.00108 -0.000123 -8.65e-06  -0.00414 -0.000469 -0.000132 -3.96e-05 -0.000412  -0.00145 -0.000801   -0.0072 -0.000137 -0.000461  -0.00151   0.00376   -0.0029  -0.00216   0.00517  -0.00308 -7.39e-05   -0.0113  -0.00454  -0.00933   -0.0012 -8.16e-05  -0.00308  -0.00051 -1.06e-05    -0.012  -0.00285 -0.000597  -0.00478
 0.000601 -1.51e-05 -0.000176 -0.000932  -0.00175 -0.000498 -6.36e-17 -6.36e-17 -2.52e-05 -1.53e-05 -3.74e-17 -0.000339 -0.000748 -8.54e-05 -0.000565 -6.95e-05 -8.78e-05 -0.000497  -0.00105 -0.000237 -3.69e-05  -0.00322 -0.000731 -0.000289  0.000487 -0.000965     3e-05 -0.000293 -0.000959  8.36e-05  -0.00063  2.75e-05 -1.19e-05 -0.000182  -0.00292  -0.00137 -4.63e-07 -3.97e-05 -0.000111 -3.38e-05 -1.19e-05  -0.00122  0.000503   0.00223  0.000707   0.00276 -0.000137  0.000363  6.91e-05 -0.000199  5.12e-05  0.000212  -0.00099 -0.000837  0.000313 -0.000582    -8e-05 -5.54e-05 -0.000298 -0.000415 -0.000198   0.00202 -0.000509 -0.000563 -0.000479         1  -0.00239  -0.00775  -0.00104 -0.000522  1.29e-05 -2.21e-05 -1.46e-06 -1.39e-07 -1.58e-08   -0.0013  -0.00108 -6.57e-05   2.9e-06  -0.00184 -0.000344 -0.000227 -5.43e-05 -0.000989 -0.000712 -0.000513  -0.00359 -0.000846 -0.000216   0.00284  -0.00071   0.00115  0.000215  0.000545   0.00216 -9.75e-05    -0.009  -0.00243  -0.00615  -0.00085 -7.74e-05  -0.00193  -0.00034 -5.46e-06  -0.00761  -0.00152 -0.000202   -0.0034
    0.529   -0.0007  -0.00247   -0.0107   -0.0287  -0.00916 -4.64e-15 -4.64e-15  -0.00041 -0.000543  1.33e-15  -0.00386   -0.0128  -0.00144   -0.0069 -0.000978  -0.00123  -0.00838    -0.018   0.00427   0.00141   0.00543   0.00899  -0.00192   -0.0778   0.00224    0.0226   0.00192  -0.00348  -0.00944 -0.000377    0.0084   0.00679   0.00258   -0.0743    0.0054 -4.91e-06  2.54e-05  -0.00132   -0.0196 -6.71e-05  -0.00574   -0.0219   -0.0606    0.0507    -0.432 -0.000764  -0.00273   -0.0777    -0.122   -0.0213   -0.0311   -0.0439    -0.063  -0.00923   -0.0323   -0.0365   -0.0232   -0.0299   -0.0176   -0.0347    0.0519  -0.00681  -0.00385  -0.00466  -0.00239         1   -0.0675   -0.0336  -0.00561    -0.001 -0.000316 -2.02e-05 -9.27e-07  -1.6e-07   -0.0331  -0.00898  -0.00107 -0.000599   -0.0196  -0.00745  -0.00304 -0.000339  -0.00592  -0.00272  -0.00314     0.277  -0.00434    0.0028    0.0119    0.0343    0.0202   -0.0142    0.0624  -0.00463  -0.00215   -0.0477   -0.0128   -0.0166  -0.00541  -0.00021  -0.00756   -0.0019 -0.000117   -0.0313  -0.00296  -0.00238   -0.0523
   -0.112  -0.00065  -0.00388    -0.016   -0.0329  -0.00957 -2.87e-15 -2.87e-15 -0.000284 -0.000164 -5.97e-16  -0.00587   -0.0144  -0.00164  -0.00985  -0.00125  -0.00159   -0.0095   -0.0201  -0.00449 -0.000623   -0.0452   -0.0124  -0.00461  -0.00853   -0.0128  -0.00128  -0.00447   -0.0129  -0.00058  -0.00842 -0.000632  -0.00162  -0.00308   -0.0528   -0.0211 -7.55e-06  -0.00118  -0.00169  -0.00348 -0.000145   -0.0161   0.00488    0.0295   0.00438   0.00585  -0.00168  -0.00235   -0.0545   -0.0888   -0.0288  -0.00286   -0.0357   -0.0495  -0.00319   -0.0175   -0.0245  -0.00319   -0.0123   -0.0177  -0.00903    0.0238  -0.00893  -0.00998  -0.00803  -0.00775   -0.0675         1   -0.0284  -0.00813 -0.000268 -0.000329 -1.59e-05 -1.69e-06  -2.4e-07    -0.025   -0.0165  -0.00201  0.000118   -0.0321  -0.00386  -0.00281 -0.000754   -0.0136   -0.0131  -0.00831   -0.0487   -0.0133  -0.00276     0.052     -0.02    0.0204    0.0072  2.07e-05    0.0118  -0.00184    -0.144   -0.0411    -0.101   -0.0141  -0.00115   -0.0316  -0.00548 -8.23e-05    -0.126   -0.0267  -0.00382    -0.064
   -0.021 -0.000213  -0.00103  -0.00343  -0.00878  -0.00266  -1.3e-15  -1.3e-15  5.14e-06  8.13e-05 -4.02e-16   -0.0013  -0.00398 -0.000451  -0.00223 -0.000304 -0.000388  -0.00261  -0.00552  -0.00193  -0.00024   -0.0045  -0.00426  -0.00108   -0.0214 -0.000355  -0.00236 -0.000962 -0.000784   -0.0018 -0.000724  -0.00108   -0.0014 -0.000784   -0.0171  -0.00581 -1.01e-06  -0.00051 -0.000227  -0.00343  1.25e-06 -0.000485  -0.00214  -0.00292  -0.00423   -0.0398 -4.08e-05  -0.00227   -0.0362   -0.0589   -0.0198  -0.00431   -0.0169   -0.0263  -0.00441  -0.00586   -0.0153  -0.00213  -0.00649  -0.00924  -0.00566   0.00128  -0.00218  -0.00246  -0.00188  -0.00104   -0.0336   -0.0284         1  -0.00148 -0.000288 -5.07e-05  3.37e-06  4.05e-07 -3.08e-09  -0.00624  -0.00224 -0.000803  9.04e-05  -0.00586  0.000417  4.65e-05 -1.32e-05 -0.000169  -0.00301  -0.00147    0.0252 -0.000713    0.0016    0.0177   -0.0151      0.01   0.00573  -0.00723  -0.00741 -0.000559   -0.0231  -0.00751   -0.0183  -0.00233 -0.000114  -0.00528 -0.000718 -6.69e-06    -0.022  -0.00537 -0.000823   -0.0169
   0.0471 -4.96e-05 -0.000215  -0.00107  -0.00223 -0.000663 -1.34e-16 -1.34e-16  -3.6e-05 -4.13e-05 -1.02e-17 -0.000389 -0.000965  -0.00011 -0.000662 -8.49e-05 -0.000108 -0.000634  -0.00135  0.000192  3.28e-05  -0.00154  0.000258 -9.51e-05   0.00233  -0.00056   0.00109 -5.35e-05 -0.000792   2.9e-05 -0.000536  0.000404   0.00049  9.31e-05  -0.00243   6.3e-05 -6.58e-07 -9.11e-05 -0.000102  -7.4e-05 -8.91e-06  -0.00103 -0.000225 -5.24e-05   0.00244  -0.00429 -0.000119 -0.000431   -0.0017  -0.00213 -6.77e-05 -3.78e-05 -0.000733  -0.00126 -0.000241 -0.000591 -0.000299 -0.000329 -0.000361 -9.02e-05 -0.000627   0.00207  -0.00079 -0.000615 -0.000747 -0.000522  -0.00561  -0.00813  -0.00148         1 -8.45e-06 -2.77e-05 -1.73e-06 -5.74e-08 -1.45e-08  -0.00292  -0.00117 -8.62e-05 -1.61e-05  -0.00341 -0.000556 -0.000229 -5.42e-05 -0.000808  -0.00112 -0.000701  -0.00328 -0.000598 -0.000545 -0.000626   0.00309  -0.00207  -0.00179   0.00446  -0.00102   -0.0001   -0.0106  -0.00372  -0.00786   -0.0011 -7.93e-05  -0.00262 -0.000456 -1.06e-05   -0.0103  -0.00226 -0.000448  -0.00443
-0.000158 -8.77e-06 -1.98e-05 -3.67e-05 -0.000148 -4.86e-05 -4.01e-17 -4.01e-17  1.19e-06  6.99e-07 -2.59e-18  -1.4e-05 -7.02e-05 -7.87e-06 -2.68e-05  -4.3e-06 -5.54e-06  -4.5e-05 -9.71e-05 -1.24e-05 -1.35e-06  0.000136 -1.99e-05 -4.13e-06 -0.000667  5.99e-05 -8.97e-06  5.43e-06  4.61e-05 -6.53e-05  3.22e-05 -9.39e-06 -1.57e-05  8.39e-07 -0.000347 -2.64e-05 -1.02e-08 -1.08e-05 -2.66e-06 -0.000115  7.43e-07  6.77e-05  -0.00018  -0.00047 -0.000148  -0.00198  8.46e-06 -0.000209  -0.00122  -0.00191 -0.000613 -0.000176 -0.000406 -0.000784 -0.000202 -0.000178 -0.000499 -8.15e-05 -0.000187  -0.00022 -0.000175 -0.000189 -3.59e-05 -2.58e-05 -2.07e-05  1.29e-05    -0.001 -0.000268 -0.000288 -8.45e-06         1  1.99e-08  6.07e-08  8.32e-09  6.04e-11 -0.000164  7.66e-06 -1.93e-05  2.62e-08 -0.000113  1.73e-05  1.18e-05  1.72e-06   4.1e-05 -4.11e-05 -9.78e-06 -0.000325 -4.46e-07 -3.82e-05  -0.00017 -0.000188 -0.000263 -6.28e-05 -0.000137 -0.000688 -9.55e-06 -3.72e-05 -8.46e-05  -8.4e-05 -1.48e-05   2.3e-06 -3.52e-05 -3.44e-06 -2.25e-07 -0.000171 -7.15e-05 -1.82e-05 -0.000286
 0.000601 -1.76e-06 -8.49e-06  -4.4e-05 -8.93e-05 -2.65e-05 -6.11e-18 -6.11e-18 -1.74e-06 -1.96e-06  2.64e-18 -1.59e-05 -3.84e-05 -4.37e-06  -2.7e-05 -3.45e-06 -4.36e-06 -2.53e-05 -5.39e-05  1.42e-05  2.78e-06 -6.99e-05  2.25e-05 -4.75e-06  0.000114 -2.63e-05   6.1e-05 -8.57e-07 -3.75e-05  2.22e-06 -2.22e-05  2.36e-05  2.38e-05  5.15e-06 -0.000106  1.31e-05  -2.7e-08 -1.37e-06 -5.09e-06 -3.71e-06    -5e-07 -5.16e-05  4.72e-06  3.58e-05  0.000155 -0.000243 -5.93e-06  7.28e-06 -2.23e-05 -1.53e-05  2.96e-05 -1.47e-05    -4e-05 -4.44e-05  4.68e-06 -4.53e-05 -8.89e-06 -2.55e-05 -2.75e-05 -4.51e-06 -3.51e-05  0.000148 -2.91e-05 -2.24e-05 -2.57e-05 -2.21e-05 -0.000316 -0.000329 -5.07e-05 -2.77e-05  1.99e-08         1 -9.39e-08 -5.66e-09 -7.93e-10  -0.00011 -5.17e-05 -2.25e-06 -1.12e-06  -0.00012 -2.79e-05 -1.28e-05 -2.59e-06 -4.35e-05 -3.53e-05 -2.56e-05  0.000223 -3.32e-05 -1.42e-05  2.75e-05  0.000157 -1.46e-05 -6.02e-05  0.000217  4.81e-05 -4.84e-06 -0.000417 -0.000127 -0.000273 -4.21e-05 -3.24e-06 -9.23e-05 -1.72e-05 -4.56e-07 -0.000362 -7.08e-05 -1.47e-05 -0.000173
-1.52e-05 -1.72e-07 -1.04e-07 -2.41e-06 -4.23e-06  -1.3e-06 -1.93e-19 -1.93e-19 -2.21e-07 -2.62e-07  8.69e-19 -7.73e-07 -1.69e-06 -1.89e-07 -1.39e-06 -1.69e-07  -2.1e-07  -1.1e-06 -2.42e-06  3.61e-06  3.55e-07 -4.94e-06  5.73e-06  1.94e-07  1.86e-05 -2.69e-06  8.51e-06  5.89e-07 -3.38e-06  1.24e-06 -1.36e-06  3.73e-06  3.36e-06  1.12e-06 -5.89e-06  3.22e-06 -2.32e-09  4.92e-07 -8.21e-07  9.18e-07 -7.27e-08 -5.25e-06 -7.51e-07 -1.65e-06  1.53e-05 -2.34e-05 -6.49e-07 -1.39e-06  8.98e-06  1.75e-05  1.02e-05  -1.7e-06  3.85e-06  2.67e-06  5.97e-07 -4.51e-06  1.75e-06 -2.51e-06 -1.72e-06   4.1e-06 -1.25e-06  9.35e-06 -1.99e-06 -5.75e-07  -7.6e-07 -1.46e-06 -2.02e-05 -1.59e-05  3.37e-06 -1.73e-06  6.07e-08 -9.39e-08         1 -1.77e-09 -1.33e-10 -7.92e-06 -3.78e-06  2.94e-07 -2.48e-07    -9e-06 -3.55e-06 -1.63e-06 -3.39e-07 -5.95e-06 -8.18e-07 -1.45e-06 -5.21e-05 -6.35e-06 -8.51e-06 -3.16e-05  2.13e-05  -3.5e-05  -1.8e-05  1.94e-05 -6.65e-06 -3.49e-07 -2.36e-05 -6.99e-06 -1.01e-05 -2.46e-06 -1.61e-07 -5.01e-06 -1.16e-06 -5.79e-08 -2.04e-05  -3.4e-06 -7.16e-07 -7.93e-06
 6.81e-06 -5.65e-09 -2.91e-08 -1.97e-07  -2.4e-07  -6.5e-08  -1.5e-20  -1.5e-20  -1.2e-08 -1.65e-08  7.07e-20 -6.19e-08 -9.09e-08 -1.03e-08 -1.05e-07 -1.12e-08 -1.38e-08 -6.29e-08 -1.32e-07  2.09e-08 -3.43e-09 -1.69e-06 -1.33e-07 -1.36e-07 -1.25e-07 -5.63e-07  1.69e-07 -9.47e-08 -4.56e-07  6.44e-08 -1.87e-07  1.04e-07 -1.46e-08 -9.24e-08 -1.37e-06 -6.23e-07 -1.32e-10  6.63e-08  -7.9e-08 -4.88e-08 -8.45e-09 -6.63e-07  2.01e-07  9.08e-07  3.25e-07  1.49e-07 -6.93e-08  6.27e-08  1.11e-06   1.6e-06  6.71e-07 -1.44e-07  -1.3e-07  4.12e-09  3.07e-07 -7.08e-07 -1.21e-08 -1.59e-07 -2.49e-07  9.03e-09 -1.67e-08  8.63e-07  2.38e-11  -3.2e-08  8.73e-08 -1.39e-07 -9.27e-07 -1.69e-06  4.05e-07 -5.74e-08  8.32e-09 -5.66e-09 -1.77e-09         1 -1.58e-11  1.43e-07 -3.43e-07   1.9e-08 -1.45e-08  5.39e-08 -2.21e-07 -1.63e-07 -3.59e-08 -7.44e-07  1.46e-07 -2.74e-08  -6.8e-06 -8.18e-07  -5.7e-07 -4.72e-07 -8.56e-08 -7.29e-07 -3.98e-07 -4.78e-07  1.39e-06 -3.13e-08 -1.44e-06  7.65e-08 -3.03e-08 -1.22e-07 -2.11e-08 -1.01e-07 -6.65e-08 -2.32e-09 -4.43e-07  1.18e-07  6.61e-08 -3.79e-07
 6.87e-07 -2.07e-09 -7.26e-09 -3.01e-08 -5.39e-08 -1.57e-08 -5.89e-21 -5.89e-21 -1.22e-09 -1.91e-09  6.24e-21 -1.05e-08 -2.28e-08 -2.59e-09 -1.77e-08 -2.17e-09 -2.73e-09 -1.51e-08 -3.22e-08  1.19e-08  1.65e-09 -1.07e-07  1.38e-08 -6.62e-09  1.15e-07 -3.91e-08  4.09e-08 -3.14e-09 -3.81e-08     8e-09 -1.72e-08  1.71e-08  1.11e-08 -1.09e-09 -8.39e-08 -7.08e-09 -2.11e-11  2.12e-09 -6.21e-09  3.86e-09 -6.14e-10  -5.5e-08  2.09e-08  9.32e-08  8.85e-08   3.2e-08 -5.51e-09 -1.26e-08  -1.7e-08  -9.5e-09  1.53e-08 -1.34e-08 -3.87e-08 -5.76e-08   7.4e-09 -6.79e-08 -3.09e-08 -1.73e-08 -2.74e-08 -8.69e-09 -1.36e-08  9.14e-08 -1.34e-08  -1.2e-08  -6.7e-09 -1.58e-08  -1.6e-07  -2.4e-07 -3.08e-09 -1.45e-08  6.04e-11 -7.93e-10 -1.33e-10 -1.58e-11         1 -4.94e-08 -4.08e-08 -1.24e-09 -1.26e-09 -6.34e-08 -2.29e-08 -1.34e-08 -3.12e-09 -5.91e-08  -1.3e-08 -1.39e-08 -3.71e-07 -6.22e-08 -4.32e-08 -3.35e-08   9.9e-08 -7.55e-08 -5.71e-08  8.36e-08  5.26e-08 -3.46e-09 -2.78e-07 -6.43e-08 -1.41e-07 -2.83e-08 -2.65e-09 -5.34e-08 -1.27e-08 -3.46e-10 -2.12e-07 -3.47e-08 -5.19e-09 -1.01e-07
   0.0275 -0.000438 -0.000957  -0.00378  -0.00912  -0.00284 -1.03e-15 -1.03e-15 -0.000166 -0.000288  4.14e-16  -0.00138    -0.004 -0.000454  -0.00243  -0.00033  -0.00042  -0.00259  -0.00561   0.00412   0.00062   0.00746   0.00866   0.00128    0.0287    0.0011    0.0108   0.00162  -0.00108  0.000453  -0.00067   0.00392   0.00481   0.00224   0.00098    0.0116 -3.27e-06 -0.000527 -0.000287  0.000868 -8.45e-06  -0.00173  -0.00324  -0.00855    0.0198   -0.0376 -0.000196  -0.00683     -0.02    -0.023  -0.00293   -0.0018  -0.00179  -0.00955  -0.00469  -0.00321   -0.0047  -0.00258  -0.00194   0.00126  -0.00402   0.00589  -0.00397  -0.00198  -0.00352   -0.0013   -0.0331    -0.025  -0.00624  -0.00292 -0.000164  -0.00011 -7.92e-06  1.43e-07 -4.94e-08         1  -0.00395 -0.000414 -0.000175     -0.02  -0.00292 -0.000687 -0.000175  -0.00162  -0.00575  -0.00315  -0.00729  -0.00111  -0.00453   -0.0257    0.0363   -0.0297   -0.0186    0.0386   -0.0249 -0.000303   -0.0412   -0.0188   -0.0326   -0.0048 -0.000229   -0.0119  -0.00207  -6.6e-05   -0.0464   -0.0113  -0.00284   -0.0186
  0.00192 -7.95e-05 -0.000458  -0.00206  -0.00399  -0.00116 -2.62e-16 -2.62e-16 -6.17e-05 -7.22e-05  5.25e-17 -0.000749  -0.00172 -0.000196  -0.00126 -0.000157 -0.000199  -0.00114  -0.00241  6.35e-05  3.39e-05  -0.00543  -0.00023 -0.000427   0.00432   -0.0018   0.00144 -0.000333  -0.00197  0.000198   -0.0012  0.000545  0.000495 -0.000115  -0.00522 -0.000994 -1.19e-06 -9.01e-05 -0.000232 -6.63e-06 -2.43e-05  -0.00262  0.000875    0.0042   0.00421  0.000891 -0.000279  6.35e-05  -0.00149  -0.00192  0.000167 -3.17e-05  -0.00232  -0.00258  0.000345  -0.00205 -0.000735 -0.000575 -0.000953 -0.000736 -0.000917    0.0053  -0.00117  -0.00113  -0.00108  -0.00108  -0.00898   -0.0165  -0.00224  -0.00117  7.66e-06 -5.17e-05 -3.78e-06 -3.43e-07 -4.08e-08  -0.00395         1 -0.000156 -2.34e-05  -0.00492  -0.00101 -0.000548 -0.000128  -0.00225  -0.00167  -0.00116  -0.00388  -0.00192 -0.000666   0.00405   0.00354   0.00124  -0.00108    0.0056   0.00346 -0.000203     -0.02  -0.00577   -0.0134  -0.00199 -0.000172  -0.00439 -0.000826 -1.64e-05   -0.0172  -0.00342 -0.000588  -0.00778
-0.000469 -2.29e-05    -9e-05 -0.000226  -0.00056 -0.000167 -9.86e-17 -9.86e-17  3.27e-06  4.92e-06 -1.94e-17 -8.71e-05 -0.000256 -2.91e-05 -0.000147 -1.98e-05 -2.54e-05 -0.000168 -0.000355 -0.000116 -1.66e-05  -0.00033 -0.000247 -5.12e-05 -0.000384 -5.26e-05 -0.000204 -6.17e-05 -5.14e-05 -4.54e-05  -4.6e-05  -9.8e-05 -0.000113 -5.85e-05 -0.000599 -0.000259 -8.95e-08 -4.48e-05 -1.09e-05 -7.35e-05  4.99e-07 -3.07e-05  5.55e-05  0.000474  -0.00044  0.000585  3.58e-06 -0.000336  -0.00284  -0.00444  -0.00161 -0.000152  -0.00117  -0.00197 -0.000359 -0.000415  -0.00117 -2.85e-05 -0.000353 -0.000657 -0.000223 -0.000244 -0.000139 -0.000175 -0.000123 -6.57e-05  -0.00107  -0.00201 -0.000803 -8.62e-05 -1.93e-05 -2.25e-06  2.94e-07   1.9e-08 -1.24e-09 -0.000414 -0.000156         1  8.74e-06  -0.00051  5.93e-05  1.58e-05  -2.6e-06 -3.67e-05 -0.000271 -0.000116 -0.000719 -0.000112  3.21e-05   0.00114 -0.000818   0.00044  0.000391 -0.000594 -0.000772 -2.85e-05   -0.0019 -0.000664  -0.00159 -0.000202 -1.15e-05 -0.000472 -7.14e-05 -3.36e-07  -0.00193 -0.000501 -7.56e-05  -0.00111
 0.000577    -3e-06  2.42e-06 -3.26e-06 -1.04e-05 -5.99e-06 -1.54e-18 -1.54e-18 -3.24e-06 -7.17e-06  1.87e-17  2.74e-07 -2.78e-06 -2.95e-07 -1.58e-06 -3.82e-07 -4.25e-07 -1.42e-06  -5.2e-06   9.7e-05  1.67e-05  0.000183  0.000209  2.69e-05  0.000374  2.41e-05  0.000245  4.44e-05 -7.19e-06   1.3e-06  9.78e-06  9.41e-05  0.000102  4.74e-05  5.36e-05  0.000253 -2.95e-08  6.35e-06 -3.45e-06 -4.83e-06 -3.84e-07 -2.97e-05 -9.13e-05 -0.000309  0.000462  -0.00136 -3.78e-06 -5.45e-05  0.000245  0.000513    0.0003 -5.55e-05  0.000172  0.000207  5.08e-06  -4.6e-05  0.000124 -7.47e-05 -1.47e-06   0.00014 -5.84e-05  0.000209 -1.56e-05  2.14e-05 -8.65e-06   2.9e-06 -0.000599  0.000118  9.04e-05 -1.61e-05  2.62e-08 -1.12e-06 -2.48e-07 -1.45e-08 -1.26e-09 -0.000175 -2.34e-05  8.74e-06         1 -0.000141 -6.79e-05 -2.03e-05 -3.04e-06 -4.07e-05  2.54e-06 -9.01e-06  0.000143 -2.12e-05 -8.22e-05 -0.000646  0.000818 -0.000472 -0.000381  0.000758 -0.000138  9.38e-07 -5.37e-05 -6.15e-05  4.35e-05 -1.55e-05 -5.64e-07 -2.47e-05 -1.22e-05 -9.72e-07 -7.31e-05  7.42e-07 -1.85e-05 -1.67e-05
   0.0606 -0.000488  -0.00114   -0.0045   -0.0101  -0.00309 -9.58e-16 -9.58e-16 -0.000176 -0.000293  3.31e-16  -0.00165  -0.00442 -0.000503  -0.00285 -0.000377  -0.00048  -0.00287  -0.00619   0.00406  0.000529    0.0045   0.00822    0.0013    0.0397  3.21e-05    0.0102   0.00134  -0.00192   0.00141  -0.00136    0.0037   0.00477    0.0021   0.00407    0.0112 -3.86e-06 -0.000667 -0.000357   0.00261 -1.61e-05  -0.00272  -0.00131  -0.00197    0.0181  -0.00196 -0.000289  -0.00786   -0.0196   -0.0213  -0.00342  0.000599 -0.000479  -0.00877  -0.00478  -0.00208  -0.00388  -0.00103 -0.000384   0.00186  -0.00196   0.00345  -0.00457  -0.00262  -0.00414  -0.00184   -0.0196   -0.0321  -0.00586  -0.00341 -0.000113  -0.00012    -9e-06  5.39e-08 -6.34e-08     -0.02  -0.00492  -0.00051 -0.000141         1  -0.00298  -0.00074 -0.000232  -0.00247  -0.00723  -0.00391    -0.042  -0.00209  -0.00603    -0.028    0.0368   -0.0359   -0.0199    0.0381   -0.0277 -0.000287   -0.0532   -0.0233    -0.043  -0.00602 -0.000325   -0.0152   -0.0026 -7.16e-05   -0.0593   -0.0146  -0.00328    -0.021
  0.00728 -3.97e-05 -8.85e-05 -0.000661  -0.00125 -0.000387  -3.1e-17  -3.1e-17 -5.37e-05 -9.25e-05  1.74e-16 -0.000226 -0.000514 -5.86e-05 -0.000396 -5.04e-05  -6.3e-05 -0.000337 -0.000734  0.000948  0.000169 -2.03e-05   0.00192  0.000134   0.00545 -0.000369   0.00282  0.000315 -0.000733  0.000123 -0.000343   0.00109   0.00119  0.000432 -0.000864    0.0021 -6.57e-07  3.17e-05 -9.85e-05   4.5e-05 -1.17e-05  -0.00116 -0.000569  -0.00167   0.00589   -0.0115 -0.000135 -0.000274   0.00356   0.00692   0.00382 -0.000267   0.00163   0.00242  0.000373 -0.000651   0.00179 -0.000777  8.53e-06   0.00149 -0.000648    0.0038 -0.000531 -0.000148 -0.000469 -0.000344  -0.00745  -0.00386  0.000417 -0.000556  1.73e-05 -2.79e-05 -3.55e-06 -2.21e-07 -2.29e-08  -0.00292  -0.00101  5.93e-05 -6.79e-05  -0.00298         1 -0.000373 -6.92e-05  -0.00107 -0.000529 -0.000481  6.27e-05 -0.000686 -0.000952   -0.0051   0.00925  -0.00421  -0.00412   0.00946  0.000207 -4.31e-05   -0.0071  -0.00254  -0.00416 -0.000791 -6.33e-05  -0.00172 -0.000387 -1.46e-05  -0.00646  -0.00114 -0.000376  -0.00243
-0.000198 -6.45e-06 -5.65e-05 -0.000382 -0.000659 -0.000192 -1.84e-17 -1.84e-17 -2.11e-05 -2.85e-05  5.97e-17 -0.000133 -0.000271  -3.1e-05 -0.000224 -2.73e-05 -3.41e-05 -0.000182 -0.000386  0.000145  3.23e-05  -0.00131  0.000193 -9.92e-05  0.000757  -0.00048  0.000686 -2.95e-05 -0.000525  3.21e-05 -0.000267  0.000282  0.000239  1.45e-05  -0.00146 -8.94e-05 -2.53e-07  3.42e-05 -6.89e-05 -8.56e-05 -8.22e-06 -0.000755  7.47e-05  0.000447   0.00174  -0.00305 -8.47e-05  0.000265   0.00165   0.00265   0.00133 -0.000148  6.16e-05  0.000542  0.000382 -0.000566  0.000489 -0.000309 -0.000205  0.000227 -0.000267   0.00195 -0.000174 -0.000131 -0.000132 -0.000227  -0.00304  -0.00281  4.65e-05 -0.000229  1.18e-05 -1.28e-05 -1.63e-06 -1.63e-07 -1.34e-08 -0.000687 -0.000548  1.58e-05 -2.03e-05  -0.00074 -0.000373         1 -3.75e-05 -0.000701 -0.000113  -0.00018  6.06e-05 -0.000576 -0.000275  6.06e-05   0.00173  5.61e-05 -0.000696   0.00203    0.0018 -4.22e-05  -0.00344 -0.000744  -0.00168 -0.000333 -3.54e-05 -0.000627 -0.000151 -4.58e-06  -0.00241 -0.000299 -6.26e-05  -0.00121
-0.000194 -4.05e-06 -1.94e-05 -9.51e-05 -0.000168 -4.82e-05 -7.84e-18 -7.84e-18 -3.89e-06 -5.74e-06  9.49e-18 -3.35e-05 -7.03e-05 -8.04e-06 -5.64e-05 -6.85e-06 -8.62e-06 -4.67e-05 -9.92e-05  1.89e-05  3.17e-06 -0.000335  1.25e-05 -2.16e-05  0.000304  -0.00012  0.000105  -1.4e-05 -0.000119  2.03e-05 -6.44e-05  4.28e-05  3.65e-05 -4.82e-06 -0.000264  -4.7e-05 -6.46e-08  1.78e-06 -1.54e-05   9.2e-06  -1.7e-06 -0.000165   3.8e-05  0.000197  0.000239  0.000103 -1.74e-05 -2.02e-05  0.000146  0.000265  0.000145  9.36e-06 -1.66e-05     5e-06  4.33e-05 -0.000116  3.67e-05 -2.85e-05 -2.51e-05  2.28e-05 -1.85e-05  0.000266 -4.86e-05 -4.33e-05 -3.96e-05 -5.43e-05 -0.000339 -0.000754 -1.32e-05 -5.42e-05  1.72e-06 -2.59e-06 -3.39e-07 -3.59e-08 -3.12e-09 -0.000175 -0.000128  -2.6e-06 -3.04e-06 -0.000232 -6.92e-05 -3.75e-05         1 -0.000158 -6.11e-05 -5.29e-05  -0.00121 -0.000146 -0.000103 -6.55e-05  0.000301 -0.000172 -0.000168  0.000311   0.00019 -8.45e-06 -0.000952 -0.000257 -0.000576 -9.56e-05  -9.2e-06 -0.000203 -4.31e-05 -1.01e-06 -0.000791 -0.000144 -2.41e-05 -0.000324
 -0.00163 -4.53e-05 -0.000333  -0.00165  -0.00276 -0.000777 -1.44e-16 -1.44e-16 -6.17e-05 -7.66e-05  1.85e-16 -0.000579  -0.00115 -0.000132 -0.000965 -0.000115 -0.000145 -0.000771  -0.00162  -3.2e-07  8.17e-06  -0.00749 -0.000592 -0.000596   0.00306  -0.00248   0.00107 -0.000462   -0.0023  0.000347  -0.00121  0.000492  0.000189  -0.00033  -0.00577  -0.00211 -9.77e-07  0.000102 -0.000303  4.52e-05 -3.43e-05  -0.00318   0.00145   0.00593   0.00334    0.0051 -0.000333  0.000648   0.00318   0.00477   0.00224 -7.29e-05  -0.00144 -0.000664   0.00126  -0.00265   0.00012 -0.000562 -0.000914 -0.000319 -0.000347    0.0056 -0.000615 -0.000739 -0.000412 -0.000989  -0.00592   -0.0136 -0.000169 -0.000808   4.1e-05 -4.35e-05 -5.95e-06 -7.44e-07 -5.91e-08  -0.00162  -0.00225 -3.67e-05 -4.07e-05  -0.00247  -0.00107 -0.000701 -0.000158         1  -0.00061 -0.000736   -0.0144  -0.00295  -0.00134   0.00328   0.00166   0.00116 -0.000748   0.00206   0.00711  -0.00018   -0.0153  -0.00307  -0.00808  -0.00145 -0.000158  -0.00278 -0.000635 -1.35e-05   -0.0109  -0.00163 -0.000157  -0.00516
     0.02  -0.00015 -0.000474  -0.00166  -0.00368  -0.00109 -3.39e-16 -3.39e-16  -3.4e-05 -5.41e-05 -4.97e-17 -0.000623  -0.00162 -0.000185  -0.00106 -0.000138 -0.000176  -0.00106  -0.00226  0.000522  5.85e-05 -0.000318   0.00104  0.000182    0.0105 -0.000313   0.00159   8.4e-05 -0.000728   0.00041 -0.000632  0.000502  0.000832  0.000307  0.000536   0.00181 -1.17e-06 -0.000312 -7.96e-05  0.000834 -2.38e-06 -0.000857   0.00026   0.00194   0.00285   0.00953 -7.75e-05  -0.00236  -0.00876   -0.0115  -0.00353  0.000701  -0.00172  -0.00465   -0.0016  -0.00047   -0.0022   0.00021 -8.89e-05 -0.000561  -0.00032  1.04e-05  -0.00148  -0.00114  -0.00145 -0.000712  -0.00272   -0.0131  -0.00301  -0.00112 -4.11e-05 -3.53e-05 -8.18e-07  1.46e-07  -1.3e-08  -0.00575  -0.00167 -0.000271  2.54e-06  -0.00723 -0.000529 -0.000113 -6.11e-05  -0.00061         1  -0.00135   -0.0148 -0.000514  -0.00113  -0.00289   0.00675  -0.00671  -0.00343   0.00781  -0.00743 -0.000104   -0.0193  -0.00795   -0.0163   -0.0021 -0.000128  -0.00535 -0.000871  -1.7e-05    -0.021  -0.00524  -0.00104  -0.00764
    0.011 -6.88e-05  -0.00025  -0.00106  -0.00223 -0.000658 -1.56e-16 -1.56e-16  -3.1e-05 -3.96e-05 -7.49e-18 -0.000391 -0.000968  -0.00011 -0.000663 -8.51e-05 -0.000108 -0.000634  -0.00135  0.000272   3.3e-05  -0.00121  0.000443 -7.75e-06   0.00487 -0.000498   0.00106 -2.04e-05 -0.000717  0.000198  -0.00051  0.000376  0.000504  0.000127  -0.00104  0.000504 -7.11e-07 -0.000127 -8.89e-05  0.000295 -6.96e-06 -0.000919  0.000116   0.00104   0.00219   0.00226 -9.88e-05 -0.000847  -0.00287  -0.00355 -0.000781  0.000277 -0.000734  -0.00175 -0.000487 -0.000464 -0.000629 -6.82e-05 -0.000155 -0.000119 -0.000308   0.00121 -0.000841  -0.00066 -0.000801 -0.000513  -0.00314  -0.00831  -0.00147 -0.000701 -9.78e-06 -2.56e-05 -1.45e-06 -2.74e-08 -1.39e-08  -0.00315  -0.00116 -0.000116 -9.01e-06  -0.00391 -0.000481  -0.00018 -5.29e-05 -0.000736  -0.00135         1  -0.00751 -0.000605 -0.000727  -0.00129   0.00367  -0.00327  -0.00201   0.00457  -0.00237 -8.35e-05   -0.0116   -0.0043  -0.00899  -0.00122 -8.35e-05  -0.00299 -0.000508 -1.09e-05   -0.0117  -0.00273  -0.00053  -0.00452
   -0.134 -0.000232  8.64e-05  -0.00282  -0.00111  0.000146  6.58e-15  6.58e-15  9.68e-05 -0.000882 -7.61e-15 -0.000525 -0.000108 -2.06e-05  -0.00141 -5.12e-05 -5.75e-05  0.000109   1.9e-05   -0.0281  -0.00566    -0.108   -0.0633  -0.00888    -0.196   -0.0322   -0.0504   -0.0116   -0.0142  -0.00726   -0.0121     -0.02   -0.0141   -0.0134    -0.112      -0.1 -4.76e-06  -0.00282  -0.00119   -0.0167 -0.000105   -0.0138    -0.072    -0.183    -0.201 -0.000379  -0.00129   -0.0936    0.0446    0.0559   0.00754     0.045     0.093    0.0827   -0.0166      0.05    0.0547    0.0337    0.0511     0.037    0.0393    -0.186  -0.00317  -0.00393   -0.0072  -0.00359     0.277   -0.0487    0.0252  -0.00328 -0.000325  0.000223 -5.21e-05  -6.8e-06 -3.71e-07  -0.00729  -0.00388 -0.000719  0.000143    -0.042  6.27e-05  6.06e-05  -0.00121   -0.0144   -0.0148  -0.00751         1   -0.0193   -0.0739    -0.296   -0.0993    -0.318   -0.0979     -0.16    -0.202   0.00237   -0.0737   -0.0562     -0.11  -0.00932  -0.00144    -0.042  -0.00778 -4.31e-05    -0.157    -0.048  -0.00559   -0.0125
    0.018 -9.55e-05 -0.000342  -0.00152  -0.00272 -0.000779 -3.51e-16 -3.51e-16 -4.76e-05  -2.8e-05  2.68e-16 -0.000533  -0.00116 -0.000131 -0.000897 -0.000108 -0.000137  -0.00077  -0.00163  0.000205 -4.88e-05  -0.00663 -0.000487 -0.000478   0.00461  -0.00212  0.000446 -0.000475  -0.00188  0.000609 -0.000879  0.000339 -0.000171 -0.000339  -0.00435   -0.0022 -8.67e-07  0.000137 -0.000378  0.000515  -3.3e-05  -0.00262   0.00221   0.00827   0.00129    0.0141 -0.000272 -8.23e-06  -0.00424  -0.00671  -0.00232 -0.000682  -0.00402  -0.00625  8.39e-05  -0.00371   -0.0038 -0.000476    -0.002  -0.00182 -0.000313   0.00304 -0.000669  -0.00078 -0.000137 -0.000846  -0.00434   -0.0133 -0.000713 -0.000598 -4.46e-07 -3.32e-05 -6.35e-06 -8.18e-07 -6.22e-08  -0.00111  -0.00192 -0.000112 -2.12e-05  -0.00209 -0.000686 -0.000576 -0.000146  -0.00295 -0.000514 -0.000605   -0.0193         1  -0.00237  0.000704  -0.00213  -0.00407 -0.000824  -0.00257   0.00202 -0.000237   -0.0134  -0.00249  -0.00647  -0.00126 -0.000107  -0.00229 -0.000494 -1.27e-05   -0.0097  -0.00164 -3.93e-05  -0.00508
  -0.0258 -0.000158  3.86e-05 -0.000467  -0.00111 -0.000376 -1.04e-16 -1.04e-16 -6.81e-05 -8.38e-05  2.49e-16 -0.000124 -0.000452 -4.84e-05 -0.000277 -3.57e-05 -4.54e-05 -0.000269 -0.000635   0.00183  5.08e-05   0.00146   0.00291  0.000605    0.0112 -0.000106   0.00282  0.000483  -0.00029  0.000821 -1.08e-05   0.00129   0.00141  0.000705   0.00175   0.00224 -9.29e-07  5.59e-05 -0.000316    0.0012 -1.51e-05 -0.000568  -0.00181  -0.00524  0.000938   0.00112 -9.64e-05   -0.0046  -0.00468  -0.00442 -0.000522  0.000218   0.00304  -0.00168  -0.00236 -0.000185  -0.00151  0.000174  0.000297   0.00213  0.000795   -0.0055  -0.00115 -0.000196 -0.000461 -0.000216    0.0028  -0.00276    0.0016 -0.000545 -3.82e-05 -1.42e-05 -8.51e-06  -5.7e-07 -4.32e-08  -0.00453 -0.000666  3.21e-05 -8.22e-05  -0.00603 -0.000952 -0.000275 -0.000103  -0.00134  -0.00113 -0.000727   -0.0739  -0.00237         1   -0.0293    0.0083   -0.0336   -0.0126   0.00476   -0.0198 -5.38e-05  -0.00767  -0.00489  -0.00593 -0.000991 -1.26e-06  -0.00293 -0.000505 -2.69e-05   -0.0122  -0.00344 -0.000647  -0.00256
  -0.0767 -0.000596   0.00193    0.0045   0.00677    0.0015  8.11e-16  8.11e-16 -0.000306  -0.00062  1.37e-15   0.00187   0.00308  0.000367   0.00269  0.000309  0.000392   0.00223   0.00427    0.0144    0.0013    0.0463     0.029    0.0069     0.068   0.00997     0.025   0.00689   0.00654    0.0028    0.0046    0.0102     0.013   0.00765    0.0366     0.035  -2.4e-06  0.000217 -0.000316   0.00566   3.8e-05    0.0071   -0.0205     -0.07    0.0222   -0.0931  0.000504    -0.026   0.00374    0.0285    0.0202   0.00132    0.0406    0.0253   -0.0127    0.0117    0.0119 -0.000315   0.00947    0.0253   0.00381    -0.033  -0.00366   0.00366  -0.00151   0.00284    0.0119     0.052    0.0177 -0.000626  -0.00017  2.75e-05 -3.16e-05 -4.72e-07 -3.35e-08   -0.0257   0.00405   0.00114 -0.000646    -0.028   -0.0051  6.06e-05 -6.55e-05   0.00328  -0.00289  -0.00129    -0.296  0.000704   -0.0293         1    0.0914    -0.188   -0.0816    0.0694    -0.121  0.000764     0.019   -0.0159   0.00355 -6.36e-05  0.000495  -0.00534 -0.000857 -0.000134   -0.0213  -0.00996  -0.00378    0.0103
     0.24  0.000846  0.000468  9.07e-05  0.000434  0.000462  5.24e-16  5.24e-16    0.0004   0.00112 -3.24e-15  -2.2e-05 -7.71e-06  5.06e-06  0.000103  4.39e-05  5.59e-05 -8.68e-05  0.000183     -0.02  -0.00332   -0.0498   -0.0449  -0.00792     -0.16  -0.00851   -0.0439  -0.00936  -0.00193  -0.00591   -0.0025   -0.0162   -0.0194   -0.0101   -0.0646    -0.065  6.07e-06  0.000128 -0.000384   -0.0123 -2.08e-05  0.000541 -0.000943     0.005   -0.0892    0.0174 -6.12e-05    0.0107   -0.0263    -0.076    -0.041  -0.00126    -0.031   -0.0334   0.00161  0.000562   -0.0204   0.00549  -0.00756   -0.0246   0.00103   -0.0279   0.00385  -0.00244   0.00376  -0.00071    0.0343     -0.02   -0.0151   0.00309 -0.000188  0.000157  2.13e-05 -8.56e-08   9.9e-08    0.0363   0.00354 -0.000818  0.000818    0.0368   0.00925   0.00173  0.000301   0.00166   0.00675   0.00367   -0.0993  -0.00213    0.0083    0.0914         1    0.0709    0.0593    -0.155    0.0336 -0.000782    0.0376    0.0265    0.0274   0.00609  0.000231    0.0141   0.00333  0.000158    0.0504    0.0117    0.0057   0.00289
  -0.0458 -0.000873   0.00115   0.00116 -0.000435 -0.000578  -2.7e-16  -2.7e-16 -0.000328 -0.000401  1.36e-15  0.000624 -0.000119  6.97e-06  0.000607  4.56e-05  5.32e-05  0.000141 -0.000157    0.0143  0.000843    0.0392    0.0265   0.00659    0.0864   0.00837    0.0214   0.00563   0.00498   0.00496   0.00341   0.00919    0.0113   0.00702    0.0372    0.0303 -3.82e-06 -3.02e-05 -0.000963   0.00923  9.75e-06   0.00552   -0.0132   -0.0454    0.0152   -0.0126  0.000306   -0.0268   -0.0305   -0.0251  -0.00168   0.00146    0.0256  -0.00255   -0.0171   0.00719  -0.00526   0.00126   0.00486     0.017   0.00456   -0.0381  -0.00644  0.000717   -0.0029   0.00115    0.0202    0.0204      0.01  -0.00207 -0.000263 -1.46e-05  -3.5e-05 -7.29e-07 -7.55e-08   -0.0297   0.00124   0.00044 -0.000472   -0.0359  -0.00421  5.61e-05 -0.000172   0.00116  -0.00671  -0.00327    -0.318  -0.00407   -0.0336    -0.188    0.0709         1   -0.0793    0.0519    -0.138  0.000159   -0.0147   -0.0263   -0.0216   -0.0032  0.000402   -0.0129  -0.00174 -0.000149   -0.0543   -0.0185  -0.00447  -0.00408
   0.0164 -0.000399  0.000273 -0.000268  -0.00156 -0.000698  -3.5e-17  -3.5e-17  -0.00023 -0.000448  9.29e-16  5.09e-07 -0.000592 -6.23e-05 -0.000202 -4.32e-05 -5.42e-05 -0.000305 -0.000875   0.00797  0.000954    0.0196    0.0164   0.00318    0.0449   0.00351    0.0166   0.00354   0.00107   0.00154   0.00104   0.00648   0.00795   0.00413    0.0147    0.0203 -2.74e-06    -3e-05 -0.000281   0.00286  -3.2e-06  0.000441  -0.00824   -0.0275    0.0238   -0.0536 -4.81e-05   -0.0113   0.00223    0.0165    0.0128 -0.000118    0.0168    0.0109  -0.00501   0.00238   0.00616  -0.00187   0.00319    0.0119 -0.000431  -0.00367  -0.00306  0.000653  -0.00216  0.000215   -0.0142    0.0072   0.00573  -0.00179 -6.28e-05 -6.02e-05  -1.8e-05 -3.98e-07 -5.71e-08   -0.0186  -0.00108  0.000391 -0.000381   -0.0199  -0.00412 -0.000696 -0.000168 -0.000748  -0.00343  -0.00201   -0.0979 -0.000824   -0.0126   -0.0816    0.0593   -0.0793         1     0.052   -0.0482   0.00017   -0.0149   -0.0146   -0.0138  -0.00253  1.51e-05  -0.00767  -0.00146 -8.69e-05   -0.0295  -0.00823  -0.00273  -0.00431
    0.149  0.000744  0.000762   0.00263   0.00619   0.00217  7.98e-16  7.98e-16   0.00045   0.00103 -2.73e-15  0.000925   0.00252  0.000292    0.0017  0.000253   0.00032   0.00159    0.0037   -0.0179  -0.00309   -0.0429   -0.0401  -0.00659    -0.135  -0.00739   -0.0418   -0.0082 -0.000349  -0.00426  -0.00115   -0.0154   -0.0184  -0.00931   -0.0468   -0.0574  6.43e-06  0.000281 -0.000186  -0.00888 -4.14e-06   0.00219  0.000651   0.00871   -0.0888    0.0629  0.000211   0.00634   -0.0211   -0.0631   -0.0375   0.00123   -0.0232   -0.0265   0.00105   0.00209   -0.0177   0.00738  -0.00399   -0.0205   0.00515   -0.0366   0.00524 -0.000738   0.00517  0.000545    0.0624  2.07e-05  -0.00723   0.00446 -0.000137  0.000217  1.94e-05 -4.78e-07  8.36e-08    0.0386    0.0056 -0.000594  0.000758    0.0381   0.00946   0.00203  0.000311   0.00206   0.00781   0.00457     -0.16  -0.00257   0.00476    0.0694    -0.155    0.0519     0.052         1    0.0233 -0.000324    0.0531    0.0295    0.0379   0.00726  0.000326    0.0167   0.00358  0.000159    0.0609    0.0133    0.0058    0.0135
    0.422 -0.000925 -4.43e-05  0.000658  -0.00413  -0.00169 -1.74e-15 -1.74e-15 -3.63e-05 -7.29e-05  2.46e-16  0.000264  -0.00209 -0.000222  7.12e-05 -5.56e-05 -8.14e-05  -0.00117  -0.00283    0.0079  0.000361    0.0394    0.0157   0.00491    0.0361    0.0108   0.00989   0.00409   0.00797  0.000883   0.00461   0.00388   0.00573   0.00468    0.0233    0.0214 -1.96e-06 -0.000993 -0.000171   0.00313  9.51e-05    0.0107   -0.0145   -0.0453  -0.00366   -0.0472   0.00105   -0.0273   -0.0805     -0.11   -0.0344  -0.00342 -0.000205    -0.036   -0.0215    0.0023   -0.0253  0.000265   -0.0019  0.000831  -0.00189   -0.0425  -0.00534 -0.000575  -0.00308   0.00216  -0.00463    0.0118  -0.00741  -0.00102 -0.000688  4.81e-05 -6.65e-06  1.39e-06  5.26e-08   -0.0249   0.00346 -0.000772 -0.000138   -0.0277  0.000207    0.0018   0.00019   0.00711  -0.00743  -0.00237    -0.202   0.00202   -0.0198    -0.121    0.0336    -0.138   -0.0482    0.0233         1 -3.51e-07  -0.00395   -0.0215   -0.0201   -0.0021  0.000457  -0.00978 -0.000929 -8.13e-05   -0.0419   -0.0167  -0.00402   -0.0109
  0.00745 -9.81e-06 -4.54e-05 -0.000227 -0.000513 -0.000154 -6.95e-17 -6.95e-17 -5.06e-06  3.62e-06  6.98e-18 -8.26e-05 -0.000227 -2.56e-05 -0.000141 -1.85e-05 -2.34e-05 -0.000149 -0.000316 -2.33e-05 -9.19e-06 -0.000483 -0.000138 -6.71e-05 -0.000638 -0.000107  4.27e-06  -5.9e-05  -0.00014 -3.44e-05  -7.6e-05   1.7e-05 -3.88e-05 -3.19e-05    -0.001 -0.000338 -8.14e-08  9.48e-08 -3.88e-05 -0.000116 -2.44e-06 -0.000177  6.76e-05  0.000359  0.000153  -0.00161 -2.25e-05  9.88e-05  -0.00147  -0.00245 -0.000775 -0.000294 -0.000936  -0.00138 -0.000126 -0.000472 -0.000812 -0.000177 -0.000453 -0.000466 -0.000309  0.000509 -0.000137 -0.000139 -7.39e-05 -9.75e-05  -0.00215  -0.00184 -0.000559   -0.0001 -9.55e-06 -4.84e-06 -3.49e-07 -3.13e-08 -3.46e-09 -0.000303 -0.000203 -2.85e-05  9.38e-07 -0.000287 -4.31e-05 -4.22e-05 -8.45e-06  -0.00018 -0.000104 -8.35e-05   0.00237 -0.000237 -5.38e-05  0.000764 -0.000782  0.000159   0.00017 -0.000324 -3.51e-07         1  -0.00156 -0.000339 -0.000867 -0.000141 -6.91e-06 -0.000266 -3.99e-05 -1.25e-06  -0.00117 -0.000223  -1.8e-05 -0.000957
    0.131 -0.000965  -0.00431   -0.0178   -0.0357   -0.0104 -2.63e-15 -2.63e-15 -0.000458 -0.000523  7.29e-17  -0.00655   -0.0155  -0.00177    -0.011  -0.00139  -0.00176   -0.0102   -0.0217   0.00185  0.000251   -0.0347    0.0012  -0.00188    0.0697    -0.012    0.0119  -0.00205   -0.0142   0.00354  -0.00944   0.00425   0.00498   8.5e-05   -0.0241 -0.000727 -1.09e-05  -0.00162  -0.00166   0.00467 -0.000153   -0.0184   0.00947    0.0416    0.0315    0.0794   -0.0019  -0.00637   -0.0393   -0.0518   -0.0134    0.0039   -0.0204   -0.0324  -0.00319   -0.0128   -0.0127  -0.00119  -0.00528  -0.00708  -0.00454    0.0293    -0.012   -0.0109   -0.0113    -0.009   -0.0477    -0.144   -0.0231   -0.0106 -3.72e-05 -0.000417 -2.36e-05 -1.44e-06 -2.78e-07   -0.0412     -0.02   -0.0019 -5.37e-05   -0.0532   -0.0071  -0.00344 -0.000952   -0.0153   -0.0193   -0.0116   -0.0737   -0.0134  -0.00767     0.019    0.0376   -0.0147   -0.0149    0.0531  -0.00395  -0.00156         1   -0.0616    -0.137   -0.0191  -0.00145   -0.0447  -0.00782 -0.000148    -0.176   -0.0389  -0.00692   -0.0714
    0.049 -0.000444  -0.00136  -0.00535   -0.0115  -0.00342 -8.83e-16 -8.83e-16 -0.000157 -0.000243 -1.03e-17  -0.00197  -0.00502 -0.000573  -0.00336 -0.000436 -0.000555  -0.00327  -0.00702   0.00224  0.000274   -0.0022    0.0043   0.00054    0.0334  -0.00162   0.00687   0.00041  -0.00301    0.0013  -0.00228   0.00239    0.0034   0.00118 -0.000533   0.00602 -3.95e-06 -0.000813 -0.000372   0.00233 -2.31e-05  -0.00385  -0.00018   0.00285    0.0125    0.0158 -0.000396  -0.00703   -0.0191   -0.0227  -0.00529   0.00204  -0.00222  -0.00939  -0.00398  -0.00152   -0.0036  5.11e-05  0.000104  0.000366  -0.00115    0.0029  -0.00471  -0.00338  -0.00454  -0.00243   -0.0128   -0.0411  -0.00751  -0.00372 -8.46e-05 -0.000127 -6.99e-06  7.65e-08 -6.43e-08   -0.0188  -0.00577 -0.000664 -6.15e-05   -0.0233  -0.00254 -0.000744 -0.000257  -0.00307  -0.00795   -0.0043   -0.0562  -0.00249  -0.00489   -0.0159    0.0265   -0.0263   -0.0146    0.0295   -0.0215 -0.000339   -0.0616         1     -0.05  -0.00669 -0.000426   -0.0169  -0.00285 -6.31e-05    -0.066    -0.016  -0.00327   -0.0238
    0.069 -0.000738  -0.00315   -0.0125   -0.0256  -0.00745 -1.66e-15 -1.66e-15 -0.000272 -0.000354 -5.97e-16  -0.00462   -0.0112  -0.00128  -0.00776 -0.000987  -0.00126  -0.00732   -0.0156  0.000402  1.56e-05   -0.0207 -0.000309 -0.000871      0.05  -0.00724   0.00642  -0.00137  -0.00874   0.00228  -0.00655   0.00193   0.00346  0.000141   -0.0129 -6.27e-05 -7.82e-06  -0.00174 -0.000841   0.00367 -7.11e-05   -0.0107   0.00359    0.0205    0.0144    0.0674  -0.00109  -0.00959   -0.0347   -0.0458   -0.0137     0.006   -0.0105   -0.0211  -0.00497  -0.00367  -0.00732   0.00162 -0.000147  -0.00363  -0.00131   0.00914   -0.0092   -0.0082  -0.00933  -0.00615   -0.0166    -0.101   -0.0183  -0.00786  -8.4e-05 -0.000273 -1.01e-05 -3.03e-08 -1.41e-07   -0.0326   -0.0134  -0.00159  4.35e-05    -0.043  -0.00416  -0.00168 -0.000576  -0.00808   -0.0163  -0.00899     -0.11  -0.00647  -0.00593   0.00355    0.0274   -0.0216   -0.0138    0.0379   -0.0201 -0.000867    -0.137     -0.05         1   -0.0143  -0.00105   -0.0354  -0.00595 -0.000102    -0.139   -0.0325  -0.00595   -0.0522
   0.0143  -0.00012 -0.000459  -0.00178  -0.00364  -0.00107 -3.04e-16 -3.04e-16 -4.74e-05 -6.83e-05  4.04e-17 -0.000654  -0.00158 -0.000181   -0.0011 -0.000141 -0.000179  -0.00104  -0.00222  0.000436  6.73e-05  -0.00252  0.000723 -6.14e-05    0.0087 -0.000996   0.00174  -5.8e-05   -0.0013  0.000376 -0.000854  0.000609  0.000745  0.000151   -0.0016  0.000867 -1.18e-06 -0.000187 -0.000152  0.000556 -1.31e-05   -0.0017  0.000702   0.00341   0.00395   0.00652  -0.00017  -0.00123  -0.00496   -0.0062  -0.00149  0.000338  -0.00184  -0.00347 -0.000625  -0.00134  -0.00144 -0.000188 -0.000478 -0.000517 -0.000539   0.00266  -0.00127  -0.00107   -0.0012  -0.00085  -0.00541   -0.0141  -0.00233   -0.0011 -1.48e-05 -4.21e-05 -2.46e-06 -1.22e-07 -2.83e-08   -0.0048  -0.00199 -0.000202 -1.55e-05  -0.00602 -0.000791 -0.000333 -9.56e-05  -0.00145   -0.0021  -0.00122  -0.00932  -0.00126 -0.000991 -6.36e-05   0.00609   -0.0032  -0.00253   0.00726   -0.0021 -0.000141   -0.0191  -0.00669   -0.0143         1 -0.000146  -0.00474 -0.000837  -1.7e-05   -0.0186   -0.0042 -0.000808  -0.00734
-7.17e-05 -3.56e-06 -3.57e-05 -0.000139  -0.00025 -7.04e-05  -5.7e-18  -5.7e-18 -3.06e-06 -6.48e-06 -7.19e-18 -5.09e-05 -0.000107 -1.24e-05  -8.4e-05 -1.03e-05  -1.3e-05 -7.13e-05  -0.00015 -4.77e-05 -1.07e-06 -0.000518 -0.000102 -4.41e-05  0.000153 -0.000168  3.17e-05 -3.76e-05 -0.000157  3.48e-06 -0.000103  3.25e-06  1.19e-05 -2.95e-05 -0.000404 -0.000149  -8.1e-08 -1.25e-05 -8.84e-06 -1.34e-05  -1.5e-06 -0.000202  3.88e-05  0.000262  0.000145  0.000427 -1.96e-05 -3.05e-05  0.000184  0.000296  0.000132  8.47e-05 -3.22e-05   7.8e-05  7.11e-05 -6.28e-05  0.000128  8.48e-06  3.19e-05  6.59e-07 -6.24e-06  0.000298 -6.24e-05 -7.72e-05 -8.16e-05 -7.74e-05  -0.00021  -0.00115 -0.000114 -7.93e-05   2.3e-06 -3.24e-06 -1.61e-07 -2.11e-08 -2.65e-09 -0.000229 -0.000172 -1.15e-05 -5.64e-07 -0.000325 -6.33e-05 -3.54e-05  -9.2e-06 -0.000158 -0.000128 -8.35e-05  -0.00144 -0.000107 -1.26e-06  0.000495  0.000231  0.000402  1.51e-05  0.000326  0.000457 -6.91e-06  -0.00145 -0.000426  -0.00105 -0.000146         1 -0.000336 -6.59e-05 -7.93e-07  -0.00127 -0.000255 -4.43e-05 -0.000498
   0.0287 -0.000274 -0.000997  -0.00399  -0.00827  -0.00243 -5.61e-16 -5.61e-16 -0.000106 -0.000157 -7.16e-17  -0.00147   -0.0036 -0.000411  -0.00249 -0.000318 -0.000404  -0.00236  -0.00503  0.000845  0.000102  -0.00506   0.00139 -2.77e-05    0.0196  -0.00207    0.0036 -0.000122  -0.00274  0.000836  -0.00198   0.00122   0.00179   0.00039  -0.00308    0.0018 -2.73e-06 -0.000537 -0.000299   0.00135  -2.4e-05  -0.00348  0.000503   0.00443   0.00699    0.0157 -0.000355  -0.00401    -0.011   -0.0133  -0.00325    0.0017  -0.00219  -0.00608  -0.00195  -0.00136  -0.00203   0.00021  3.36e-05 -0.000258 -0.000591   0.00304  -0.00313  -0.00252  -0.00308  -0.00193  -0.00756   -0.0316  -0.00528  -0.00262 -3.52e-05 -9.23e-05 -5.01e-06 -1.01e-07 -5.34e-08   -0.0119  -0.00439 -0.000472 -2.47e-05   -0.0152  -0.00172 -0.000627 -0.000203  -0.00278  -0.00535  -0.00299    -0.042  -0.00229  -0.00293  -0.00534    0.0141   -0.0129  -0.00767    0.0167  -0.00978 -0.000266   -0.0447   -0.0169   -0.0354  -0.00474 -0.000336         1  -0.00201    -4e-05   -0.0459   -0.0108  -0.00209   -0.0169
  0.00471 -4.87e-05 -0.000185 -0.000702  -0.00141 -0.000415 -9.42e-17 -9.42e-17 -2.07e-05 -3.94e-05  1.24e-17 -0.000257 -0.000611 -7.01e-05 -0.000434 -5.52e-05    -7e-05 -0.000402 -0.000857  0.000181  3.62e-05  -0.00109  0.000346 -2.08e-05   0.00348 -0.000461  0.000834 -9.38e-07 -0.000565  0.000126 -0.000369  0.000282  0.000376  7.26e-05 -0.000735  0.000434 -5.07e-07 -8.08e-05 -5.31e-05  0.000177 -5.38e-06 -0.000752  3.86e-05  0.000679   0.00168   0.00144 -7.32e-05 -0.000723  -0.00115  -0.00106 -1.28e-05   0.00026 -0.000186 -0.000593  -0.00019 -0.000389 -5.78e-05 -4.97e-05  3.22e-05  0.000103 -0.000149  0.000977 -0.000499 -0.000398  -0.00051  -0.00034   -0.0019  -0.00548 -0.000718 -0.000456 -3.44e-06 -1.72e-05 -1.16e-06 -6.65e-08 -1.27e-08  -0.00207 -0.000826 -7.14e-05 -1.22e-05   -0.0026 -0.000387 -0.000151 -4.31e-05 -0.000635 -0.000871 -0.000508  -0.00778 -0.000494 -0.000505 -0.000857   0.00333  -0.00174  -0.00146   0.00358 -0.000929 -3.99e-05  -0.00782  -0.00285  -0.00595 -0.000837 -6.59e-05  -0.00201         1 -7.46e-06  -0.00778  -0.00176 -0.000358  -0.00288
 0.000198 -1.54e-06 -2.47e-06 -1.31e-05 -2.91e-05 -9.11e-06 -3.06e-18 -3.06e-18 -8.63e-07 -1.28e-06   3.3e-18  -4.6e-06 -1.25e-05 -1.41e-06 -8.16e-06 -1.08e-06 -1.37e-06 -8.06e-06 -1.76e-05  2.14e-05  2.83e-06  2.42e-05   4.2e-05  5.66e-06  0.000148  1.16e-06  5.01e-05  7.13e-06 -7.19e-06  5.53e-06 -3.01e-06  1.95e-05  2.16e-05  9.93e-06  1.38e-05     5e-05  -1.3e-08 -4.26e-07 -2.05e-06   8.4e-06 -1.35e-07 -1.22e-05 -5.43e-06 -1.55e-05  9.51e-05 -0.000106 -1.49e-06 -1.88e-05 -3.22e-05 -1.63e-05  1.57e-05 -6.96e-06  6.49e-06 -1.58e-05 -1.12e-05 -1.54e-05 -7.05e-06 -1.13e-05 -6.85e-06  1.41e-05 -1.15e-05  3.66e-05 -1.42e-05 -5.44e-06 -1.06e-05 -5.46e-06 -0.000117 -8.23e-05 -6.69e-06 -1.06e-05 -2.25e-07 -4.56e-07 -5.79e-08 -2.32e-09 -3.46e-10  -6.6e-05 -1.64e-05 -3.36e-07 -9.72e-07 -7.16e-05 -1.46e-05 -4.58e-06 -1.01e-06 -1.35e-05  -1.7e-05 -1.09e-05 -4.31e-05 -1.27e-05 -2.69e-05 -0.000134  0.000158 -0.000149 -8.69e-05  0.000159 -8.13e-05 -1.25e-06 -0.000148 -6.31e-05 -0.000102  -1.7e-05 -7.93e-07    -4e-05 -7.46e-06         1 -0.000158 -3.59e-05 -9.24e-06 -5.86e-05
    0.106  -0.00111  -0.00392   -0.0158   -0.0331  -0.00974 -2.43e-15 -2.43e-15 -0.000418 -0.000554 -2.14e-16  -0.00584   -0.0144  -0.00164  -0.00988  -0.00126  -0.00161  -0.00943   -0.0201   0.00351  0.000332   -0.0196   0.00537 -8.35e-05    0.0779  -0.00786    0.0136 -0.000586   -0.0106   0.00353  -0.00762    0.0047   0.00667   0.00151    -0.012   0.00648 -1.07e-05  -0.00206   -0.0013   0.00565 -9.73e-05   -0.0134   0.00303    0.0205    0.0263    0.0683  -0.00138   -0.0154   -0.0503    -0.064   -0.0172   0.00578    -0.012     -0.03   -0.0086  -0.00658   -0.0121  0.000658  -0.00143  -0.00287  -0.00269    0.0111   -0.0126   -0.0101    -0.012  -0.00761   -0.0313    -0.126    -0.022   -0.0103 -0.000171 -0.000362 -2.04e-05 -4.43e-07 -2.12e-07   -0.0464   -0.0172  -0.00193 -7.31e-05   -0.0593  -0.00646  -0.00241 -0.000791   -0.0109    -0.021   -0.0117    -0.157   -0.0097   -0.0122   -0.0213    0.0504   -0.0543   -0.0295    0.0609   -0.0419  -0.00117    -0.176    -0.066    -0.139   -0.0186  -0.00127   -0.0459  -0.00778 -0.000158         1   -0.0426  -0.00808   -0.0676
   0.0469 -0.000291 -0.000876  -0.00335  -0.00729  -0.00216 -5.96e-16 -5.96e-16 -7.86e-05 -0.000106 -1.14e-16  -0.00124   -0.0032 -0.000364  -0.00211 -0.000274 -0.000349  -0.00208  -0.00446  0.000973   5.4e-05  -0.00196   0.00165   0.00028      0.02  -0.00103   0.00284  3.47e-05  -0.00171  0.000913   -0.0014   0.00095   0.00156  0.000515 -3.32e-05   0.00245 -2.37e-06 -0.000571  -0.00024    0.0017 -1.11e-05  -0.00204   0.00022   0.00308   0.00417    0.0205 -0.000205  -0.00501   -0.0161   -0.0211  -0.00652   0.00166  -0.00255  -0.00854  -0.00319 -0.000664  -0.00399  0.000646  4.33e-05 -0.000702 -0.000204  -0.00122  -0.00302  -0.00231  -0.00285  -0.00152  -0.00296   -0.0267  -0.00537  -0.00226 -7.15e-05 -7.08e-05  -3.4e-06  1.18e-07 -3.47e-08   -0.0113  -0.00342 -0.000501  7.42e-07   -0.0146  -0.00114 -0.000299 -0.000144  -0.00163  -0.00524  -0.00273    -0.048  -0.00164  -0.00344  -0.00996    0.0117   -0.0185  -0.00823    0.0133   -0.0167 -0.000223   -0.0389    -0.016   -0.0325   -0.0042 -0.000255   -0.0108  -0.00176 -3.59e-05   -0.0426         1  -0.00203   -0.0152
   0.0106 -6.79e-05 -0.000161 -0.000551  -0.00129 -0.000395 -1.22e-16 -1.22e-16    -2e-05 -4.38e-05  2.75e-17 -0.000205 -0.000566 -6.46e-05 -0.000355 -4.77e-05 -6.08e-05 -0.000366 -0.000793  0.000543   8.3e-05   0.00106    0.0012  0.000216   0.00549  0.000127   0.00142  0.000228 -0.000154  0.000149 -0.000138  0.000491   0.00069  0.000314   0.00093   0.00181  -5.1e-07 -0.000117 -1.57e-05  0.000333     5e-07 -0.000219 -0.000347 -0.000798   0.00249 -0.000913 -1.88e-05  -0.00126   -0.0027  -0.00281 -0.000416  0.000172  0.000178 -0.000863 -0.000707 -7.77e-05 -0.000305  -9.5e-05  0.000124   0.00037 -0.000251  0.000232 -0.000598 -0.000326 -0.000597 -0.000202  -0.00238  -0.00382 -0.000823 -0.000448 -1.82e-05 -1.47e-05 -7.16e-07  6.61e-08 -5.19e-09  -0.00284 -0.000588 -7.56e-05 -1.85e-05  -0.00328 -0.000376 -6.26e-05 -2.41e-05 -0.000157  -0.00104  -0.00053  -0.00559 -3.93e-05 -0.000647  -0.00378    0.0057  -0.00447  -0.00273    0.0058  -0.00402  -1.8e-05  -0.00692  -0.00327  -0.00595 -0.000808 -4.43e-05  -0.00209 -0.000358 -9.24e-06  -0.00808  -0.00203         1  -0.00272
   0.0441 -0.000476  -0.00201  -0.00805   -0.0179  -0.00536 -1.88e-15 -1.88e-15 -0.000167 -0.000152 -1.71e-16  -0.00297  -0.00791 -0.000899  -0.00506 -0.000661 -0.000839  -0.00519    -0.011 -0.000435 -3.02e-05    -0.013  -0.00201   -0.0014  -0.00233  -0.00371   0.00343   -0.0011  -0.00488 -0.000953  -0.00321   0.00113   0.00104 -0.000324    -0.025  -0.00447 -4.19e-06  -0.00077 -0.000781  -0.00262 -5.09e-05  -0.00606  -0.00163   0.00171   0.00803   -0.0407 -0.000646  -0.00484   -0.0404   -0.0619   -0.0181  -0.00389   -0.0188   -0.0304  -0.00492  -0.00949    -0.016   -0.0033  -0.00762  -0.00869  -0.00729    0.0106  -0.00543  -0.00494  -0.00478   -0.0034   -0.0523    -0.064   -0.0169  -0.00443 -0.000286 -0.000173 -7.93e-06 -3.79e-07 -1.01e-07   -0.0186  -0.00778  -0.00111 -1.67e-05    -0.021  -0.00243  -0.00121 -0.000324  -0.00516  -0.00764  -0.00452   -0.0125  -0.00508  -0.00256    0.0103   0.00289  -0.00408  -0.00431    0.0135   -0.0109 -0.000957   -0.0714   -0.0238   -0.0522  -0.00734 -0.000498   -0.0169  -0.00288 -5.86e-05   -0.0676   -0.0152  -0.00272         1

  Chi^2                                1.16237  +/- 2.15627
  Chi^2/ndf                            0.166053
  Chi^2 for each template              68.9182 +/- 2.19396	16.3686 +/- 1.03289	10.7663 +/- 1.07041	26.8754 +/- 0.933614	50.6897 +/- 1.85186	72.1703 +/- 1.13298	91.5292 +/- 2.30397	114.821 +/- 1.54935	
  Chi^2 for each template w.r.t. fit   65.5524 +/- 2.19396	14.6792 +/- 1.03289	10.8906 +/- 1.07041	28.0549 +/- 0.933614	51.0668 +/- 1.85186	71.6689 +/- 1.13298	89.9417 +/- 2.30397	110.985 +/- 1.54935	  Partial chi^2                        0.00 (EG_RESOLUTION_ALL)    0.00 (EG_SCALE_ALL)    0.00 (EL_EFF_ID_TOTAL_1NPCOR_PLUS_UNCOR)    0.00 (EL_EFF_Iso_TOTAL_1NPCOR_PLUS_UNCOR)
  Partial chi^2                        0.00 (EL_EFF_Reco_TOTAL_1NPCOR_PLUS_UNCOR)    0.00 (EL_EFF_TriggerEff_TOTAL_1NPCOR_PLUS_UNCOR)    0.00 (EL_EFF_Trigger_TOTAL_1NPCOR_PLUS_UNCOR)    0.00 (FAKES_Electron)
  Partial chi^2                        0.00 (FAKES_Muon)    0.05 (FT_EFF_Eigen_B_0)    0.04 (FT_EFF_Eigen_B_1)    0.00 (FT_EFF_Eigen_B_2)
  Partial chi^2                        0.00 (FT_EFF_Eigen_B_3)    0.00 (FT_EFF_Eigen_B_4)    0.00 (FT_EFF_Eigen_B_5)    0.00 (FT_EFF_Eigen_B_6)
  Partial chi^2                        0.00 (FT_EFF_Eigen_B_7)    0.00 (FT_EFF_Eigen_B_8)    0.00 (FT_EFF_Eigen_C_0)    0.00 (FT_EFF_Eigen_C_1)
  Partial chi^2                        0.00 (FT_EFF_Eigen_C_2)    0.00 (FT_EFF_Eigen_C_3)    0.00 (FT_EFF_Eigen_Light_0)    0.00 (FT_EFF_Eigen_Light_1)
  Partial chi^2                        0.00 (FT_EFF_Eigen_Light_2)    0.00 (FT_EFF_Eigen_Light_3)    0.00 (FT_EFF_extrapolation)    0.00 (FT_EFF_extrapolation_from_charm)
  Partial chi^2                        0.07 (FULL_SYS_SUM)    0.06 (FULL_SYS_SUM_DETECTOR)    0.10 (FULL_SYS_SUM_THEORY)    0.07 (FULL_SYS_TOYS)
  Partial chi^2                        0.00 (JET_EffectiveNP_Detector1)    0.00 (JET_EffectiveNP_Detector2)    0.02 (JET_EffectiveNP_Mixed1)    0.00 (JET_EffectiveNP_Mixed2)
  Partial chi^2                        0.00 (JET_EffectiveNP_Mixed3)    0.01 (JET_EffectiveNP_Modelling1)    0.00 (JET_EffectiveNP_Modelling2)    0.00 (JET_EffectiveNP_Modelling3)
  Partial chi^2                        0.00 (JET_EffectiveNP_Modelling4)    0.00 (JET_EffectiveNP_Statistical1)    0.00 (JET_EffectiveNP_Statistical2)    0.00 (JET_EffectiveNP_Statistical3)
  Partial chi^2                        0.00 (JET_EffectiveNP_Statistical4)    0.00 (JET_EffectiveNP_Statistical5)    0.00 (JET_EffectiveNP_Statistical6)    0.03 (JET_EtaIntercalibration_Modelling)
  Partial chi^2                        0.00 (JET_EtaIntercalibration_NonClosure_2018data)    0.00 (JET_EtaIntercalibration_NonClosure_highE)    0.00 (JET_EtaIntercalibration_NonClosure_negEta)    0.00 (JET_EtaIntercalibration_NonClosure_posEta)
  Partial chi^2                        0.00 (JET_EtaIntercalibration_TotalStat)    0.00 (JET_Flavor_Composition_prop)    0.00 (JET_Flavor_Response_prop)    0.00 (JET_JER_DataVsMC_MC16_PseudoData)
  Partial chi^2                        0.00 (JET_JER_EffectiveNP_10_PseudoData)    0.00 (JET_JER_EffectiveNP_11_PseudoData)    0.00 (JET_JER_EffectiveNP_12restTerm_PseudoData)    0.01 (JET_JER_EffectiveNP_1_PseudoData)
  Partial chi^2                        0.01 (JET_JER_EffectiveNP_2_PseudoData)    0.00 (JET_JER_EffectiveNP_3_PseudoData)    0.00 (JET_JER_EffectiveNP_4_PseudoData)    0.00 (JET_JER_EffectiveNP_5_PseudoData)
  Partial chi^2                        0.00 (JET_JER_EffectiveNP_6_PseudoData)    0.00 (JET_JER_EffectiveNP_7_PseudoData)    0.00 (JET_JER_EffectiveNP_8_PseudoData)    0.00 (JET_JER_EffectiveNP_9_PseudoData)
  Partial chi^2                        0.00 (JET_JvtEfficiency)    0.00 (JET_Pileup_OffsetMu)    0.01 (JET_Pileup_OffsetNPV)    0.00 (JET_Pileup_PtTerm)
  Partial chi^2                        0.02 (JET_Pileup_RhoTopology)    0.00 (JET_PunchThrough_MC16)    0.01 (LUMINOSITY)    0.00 (MET_SoftTrk_ResoPara)
  Partial chi^2                        0.00 (MET_SoftTrk_ResoPerp)    0.00 (MET_SoftTrk_Scale)    0.00 (MUON_EFF_BADMUON_SYS)    0.00 (MUON_EFF_ISO_STAT)
  Partial chi^2                        0.00 (MUON_EFF_ISO_SYS)    0.00 (MUON_EFF_RECO_STAT)    0.00 (MUON_EFF_RECO_SYS)    0.00 (MUON_EFF_TTVA_STAT)
  Partial chi^2                        0.00 (MUON_EFF_TTVA_SYS)    0.00 (MUON_EFF_TrigStatUncertainty)    0.00 (MUON_EFF_TrigSystUncertainty)    0.00 (MUON_SAGITTA_DATASTAT)
  Partial chi^2                        0.00 (MUON_SAGITTA_RESBIAS)    0.03 (PRW_DATASF)    0.49 (STAT_DATA)    0.01 (STAT_MC)  
  Partial chi^2                        0.00 (THEORY_CROSS_SECTION_Wjets)    0.00 (THEORY_CROSS_SECTION_other_top_noWt)    0.00 (THEORY_CROSS_SECTION_signal)    0.02 (THEORY_DR_DS_signal)
  Partial chi^2                        0.00 (THEORY_EWK_Wjets)    0.00 (THEORY_EWK_multiboson_noW)    0.01 (THEORY_FSR_signal)    0.05 (THEORY_HDAMP_signal)
  Partial chi^2                        0.05 (THEORY_ISR_signal)    0.00 (THEORY_PDF4LHC_VARIATION_Wjets)    0.00 (THEORY_PDF4LHC_VARIATION_multiboson_noW)    0.00 (THEORY_PDF4LHC_VARIATION_signal)
  Partial chi^2                        0.00 (THEORY_PTHARD_signal)    0.00 (THEORY_SCALE_COMBINED_Wjets)    0.00 (THEORY_SCALE_COMBINED_multiboson_noW)    0.00 (THEORY_SCALE_FACTORISATION_signal)
  Partial chi^2                        0.00 (THEORY_SCALE_RENORMALISATION_signal)    0.07 (THEORY_SHOWERING_HERWIG7_signal)    0.00 (THEORY_TOPRECOIL_signal)    0.06 (THEORY_TOP_MASS_signal)
  Partial chi^2                        0.10 (TOTAL)        0.09 (TOTAL_NO_DR_DS)    0.07 (TOTAL_SYSONLY)    0.00 (WMASS_VAR_signal)
  Partial chi^2                        0.12 (pseudoDataStat)

  Uncertainties from HESSE matrix
     LTF: Result[0]:                   168.749  +/- 1.09658 (fit [from HESSE])

  Alternative result from pol2-fit to chi^2 values of the templates
     Result(pol2-chi2)[0]              169.544   +/- 1.27661 (fit)
     Chi^2(min)                        22.0436

  Result from linearized second-order model approximation
     EDM (Taylor) [0]                  -0.99519

  Expected distance to minimum
     EDM (Newton) [0]                  2.45687
     EDM Delta-chi^2                   -27.0549


  'Uncertainties' on M from second-order model approximation
     sigma_m[0]                       -1.18138
     sigma_m[EG_RESOLUTION_ALL]       0.00
     sigma_m[EG_SCALE_ALL]            -0.00
     sigma_m[EL_EFF_ID_TOTAL_1NPCOR_PLUS_UNCOR] -0.02
     sigma_m[EL_EFF_Iso_TOTAL_1NPCOR_PLUS_UNCOR] -0.03
     sigma_m[EL_EFF_Reco_TOTAL_1NPCOR_PLUS_UNCOR] -0.01
     sigma_m[EL_EFF_TriggerEff_TOTAL_1NPCOR_PLUS_UNCOR] 0.00
     sigma_m[EL_EFF_Trigger_TOTAL_1NPCOR_PLUS_UNCOR] 0.00
     sigma_m[MUON_SAGITTA_DATASTAT]   -0.00
     sigma_m[MUON_SAGITTA_RESBIAS]    0.00
     sigma_m[MUON_EFF_BADMUON_SYS]    0.00
     sigma_m[MUON_EFF_ISO_STAT]       -0.01
     sigma_m[MUON_EFF_ISO_SYS]        -0.01
     sigma_m[MUON_EFF_RECO_STAT]      -0.00
     sigma_m[MUON_EFF_RECO_SYS]       -0.01
     sigma_m[MUON_EFF_TTVA_STAT]      -0.00
     sigma_m[MUON_EFF_TTVA_SYS]       -0.00
     sigma_m[MUON_EFF_TrigStatUncertainty] -0.01
     sigma_m[MUON_EFF_TrigSystUncertainty] -0.02
     sigma_m[JET_EffectiveNP_Detector1] -0.01
     sigma_m[JET_EffectiveNP_Detector2] 0.00
     sigma_m[JET_EffectiveNP_Mixed1]  -0.05
     sigma_m[JET_EffectiveNP_Mixed2]  -0.02
     sigma_m[JET_EffectiveNP_Mixed3]  -0.01
     sigma_m[JET_EffectiveNP_Modelling1] -0.09
     sigma_m[JET_EffectiveNP_Modelling2] -0.01
     sigma_m[JET_EffectiveNP_Modelling3] 0.01
     sigma_m[JET_EffectiveNP_Modelling4] -0.00
     sigma_m[JET_EffectiveNP_Statistical1] -0.02
     sigma_m[JET_EffectiveNP_Statistical2] -0.01
     sigma_m[JET_EffectiveNP_Statistical3] -0.01
     sigma_m[JET_EffectiveNP_Statistical4] 0.00
     sigma_m[JET_EffectiveNP_Statistical5] -0.00
     sigma_m[JET_EffectiveNP_Statistical6] -0.00
     sigma_m[JET_EtaIntercalibration_Modelling] -0.10
     sigma_m[JET_EtaIntercalibration_NonClosure_2018data] -0.03
     sigma_m[JET_EtaIntercalibration_NonClosure_highE] -0.00
     sigma_m[JET_EtaIntercalibration_NonClosure_negEta] 0.00
     sigma_m[JET_EtaIntercalibration_NonClosure_posEta] -0.00
     sigma_m[JET_EtaIntercalibration_TotalStat] -0.02
     sigma_m[JET_Flavor_Composition_prop] -0.00
     sigma_m[JET_Flavor_Response_prop] -0.02
     sigma_m[JET_Pileup_OffsetMu]     0.00
     sigma_m[JET_Pileup_OffsetNPV]    0.02
     sigma_m[JET_Pileup_PtTerm]       0.06
     sigma_m[JET_Pileup_RhoTopology]  -0.21
     sigma_m[JET_PunchThrough_MC16]   -0.00
     sigma_m[JET_JER_DataVsMC_MC16_PseudoData] 0.03
     sigma_m[JET_JER_EffectiveNP_1_PseudoData] -0.02
     sigma_m[JET_JER_EffectiveNP_2_PseudoData] -0.08
     sigma_m[JET_JER_EffectiveNP_3_PseudoData] 0.00
     sigma_m[JET_JER_EffectiveNP_4_PseudoData] -0.00
     sigma_m[JET_JER_EffectiveNP_5_PseudoData] -0.07
     sigma_m[JET_JER_EffectiveNP_6_PseudoData] -0.05
     sigma_m[JET_JER_EffectiveNP_7_PseudoData] 0.01
     sigma_m[JET_JER_EffectiveNP_8_PseudoData] -0.03
     sigma_m[JET_JER_EffectiveNP_9_PseudoData] -0.02
     sigma_m[JET_JER_EffectiveNP_10_PseudoData] -0.02
     sigma_m[JET_JER_EffectiveNP_11_PseudoData] -0.03
     sigma_m[JET_JER_EffectiveNP_12restTerm_PseudoData] -0.04
     sigma_m[JET_JvtEfficiency]       -0.02
     sigma_m[PRW_DATASF]              0.13
     sigma_m[MET_SoftTrk_ResoPara]    -0.00
     sigma_m[MET_SoftTrk_ResoPerp]    -0.01
     sigma_m[MET_SoftTrk_Scale]       -0.00
     sigma_m[WMASS_VAR_signal]        -0.01
     sigma_m[FT_EFF_Eigen_B_0]        -0.13
     sigma_m[FT_EFF_Eigen_B_1]        -0.14
     sigma_m[FT_EFF_Eigen_B_2]        -0.04
     sigma_m[FT_EFF_Eigen_B_3]        0.00
     sigma_m[FT_EFF_Eigen_B_4]        -0.00
     sigma_m[FT_EFF_Eigen_B_5]        -0.00
     sigma_m[FT_EFF_Eigen_B_6]        -0.00
     sigma_m[FT_EFF_Eigen_B_7]        -0.00
     sigma_m[FT_EFF_Eigen_B_8]        -0.00
     sigma_m[FT_EFF_Eigen_C_0]        0.00
     sigma_m[FT_EFF_Eigen_C_1]        -0.02
     sigma_m[FT_EFF_Eigen_C_2]        -0.00
     sigma_m[FT_EFF_Eigen_C_3]        0.00
     sigma_m[FT_EFF_Eigen_Light_0]    0.02
     sigma_m[FT_EFF_Eigen_Light_1]    -0.00
     sigma_m[FT_EFF_Eigen_Light_2]    -0.01
     sigma_m[FT_EFF_Eigen_Light_3]    -0.00
     sigma_m[FT_EFF_extrapolation]    -0.02
     sigma_m[FT_EFF_extrapolation_from_charm] 0.01
     sigma_m[THEORY_CROSS_SECTION_signal] -0.00
     sigma_m[THEORY_SHOWERING_HERWIG7_signal] 0.34
     sigma_m[THEORY_SCALE_FACTORISATION_signal] -0.00
     sigma_m[THEORY_SCALE_RENORMALISATION_signal] 0.03
     sigma_m[THEORY_ISR_signal]       0.20
     sigma_m[THEORY_FSR_signal]       -0.01
     sigma_m[THEORY_HDAMP_signal]     0.21
     sigma_m[THEORY_PTHARD_signal]    0.07
     sigma_m[THEORY_TOPRECOIL_signal] 0.03
     sigma_m[THEORY_TOP_MASS_signal]  0.24
     sigma_m[THEORY_PDF4LHC_VARIATION_signal] -0.00
     sigma_m[THEORY_DR_DS_signal]     -0.06
     sigma_m[THEORY_CROSS_SECTION_Wjets] 0.01
     sigma_m[THEORY_SCALE_COMBINED_Wjets] -0.01
     sigma_m[THEORY_PDF4LHC_VARIATION_Wjets] -0.00
     sigma_m[THEORY_EWK_Wjets]        -0.00
     sigma_m[THEORY_SCALE_COMBINED_multiboson_noW] 0.00
     sigma_m[THEORY_PDF4LHC_VARIATION_multiboson_noW] -0.00
     sigma_m[THEORY_EWK_multiboson_noW] 0.00
     sigma_m[THEORY_CROSS_SECTION_other_top_noWt] 0.00
     sigma_m[FAKES_Electron]          0.02
     sigma_m[FAKES_Muon]              0.00
     sigma_m[LUMINOSITY]              -0.05

  Settings
     Number of data points             8
     Number of templates               8
     Number of fit parameters          1
     Template reference values [0]     162.5   165   170 172.5   175 177.5   180 182.5
     Number of nuisance param.         107
     Gamma[0]                          1.000
     LogNormal                         false
     Response matrix                   false

  please cite: D. Britzger, The Linear Template Fit, Eur.Phys.J.C 82 (2022) 731, arXiv:2112.01548.
------------------------------------------------------------------------

Warning in <TROOT::Append>: Replacing existing TH1: hist (Potential memory leak).
Warning in <TROOT::Append>: Replacing existing TH1: hist (Potential memory leak).
Warning in <TROOT::Append>: Replacing existing TH1: hist (Potential memory leak).
Warning in <TROOT::Append>: Replacing existing TH1: hist (Potential memory leak).
Warning in <TROOT::Append>: Replacing existing TH1: hist (Potential memory leak).
Warning in <TROOT::Append>: Replacing existing TH1: hist (Potential memory leak).
Warning in <TROOT::Append>: Replacing existing TH1: hist (Potential memory leak).
Warning in <TROOT::Append>: Replacing existing TH1: hist (Potential memory leak).
Warning in <TROOT::Append>: Replacing existing TH1: hist (Potential memory leak).
Warning in <TROOT::Append>: Replacing existing TH1: hist (Potential memory leak).
Warning in <TROOT::Append>: Replacing existing TH1: hist (Potential memory leak).
Info in <TCanvas::Print>: ps file plots/fit_mbw.ps has been created
Info in <TCanvas::Print>: Current canvas added to ps file plots/fit_mbw.ps
Info in <TCanvas::Print>: Current canvas added to ps file plots/fit_mbw.ps
Info in <TCanvas::Print>: Current canvas added to ps file plots/fit_mbw.ps
Info in <TCanvas::Print>: Current canvas added to ps file plots/fit_mbw.ps
Info in <TCanvas::Print>: Current canvas added to ps file plots/fit_mbw.ps
Info in <TCanvas::Print>: Current canvas added to ps file plots/fit_mbw.ps
Info in <TCanvas::Print>: Current canvas added to ps file plots/fit_mbw.ps
Info in <TCanvas::Print>: Current canvas added to ps file plots/fit_mbw.ps
Info in <TCanvas::Print>: Current canvas added to ps file plots/fit_mbw.ps
Info in <TCanvas::Print>: Current canvas added to ps file plots/fit_mbw.ps
Info in <TCanvas::Print>: Current canvas added to ps file plots/fit_mbw.ps
Info in <TCanvas::Print>: Current canvas added to ps file plots/fit_mbw.ps
Info in <TCanvas::Print>: Current canvas added to ps file plots/fit_mbw.ps
Info in <TCanvas::Print>: Current canvas added to ps file plots/fit_mbw.ps
Info in <TCanvas::Print>: Current canvas added to ps file plots/fit_mbw.ps
Info in <TCanvas::Print>: Current canvas added to ps file plots/fit_mbw.ps
Info in <TCanvas::Print>: Current canvas added to ps file plots/fit_mbw.ps
Info in <TCanvas::Print>: Current canvas added to ps file plots/fit_mbw.ps
Info in <TCanvas::Print>: Current canvas added to ps file plots/fit_mbw.ps
Warning in <TROOT::Append>: Replacing existing TH1: Full error breakdown (Potential memory leak).
Info in <TCanvas::Print>: Current canvas added to ps file plots/fit_mbw.ps
Info in <TCanvas::Print>: Current canvas added to ps file plots/fit_mbw.ps
Info in <TCanvas::Print>: Current canvas added to ps file plots/fit_mbw.ps
Info in <TCanvas::Print>: Current canvas added to ps file plots/fit_mbw.ps
Info in <TCanvas::Print>: Current canvas added to ps file plots/fit_mbw.ps
Info in <TCanvas::Print>: Current canvas added to ps file plots/fit_mbw.ps
Info in <TCanvas::Print>: Current canvas added to ps file plots/fit_mbw.ps
Info in <TCanvas::Print>: Current canvas added to ps file plots/fit_mbw.ps
Info in <TCanvas::Print>: Current canvas added to ps file plots/fit_mbw.ps
Info in <TCanvas::Print>: Current canvas added to ps file plots/fit_mbw.ps
Info in <TCanvas::Print>: ps file plots/fit_mbw.ps has been closed
Info in <TCanvas::Print>: ps file plots/fit_quality.ps has been created
Info in <TCanvas::Print>: Current canvas added to ps file plots/fit_quality.ps
Info in <TCanvas::Print>: Current canvas added to ps file plots/fit_quality.ps
Info in <TCanvas::Print>: Current canvas added to ps file plots/fit_quality.ps
Info in <TCanvas::Print>: Current canvas added to ps file plots/fit_quality.ps
Info in <TCanvas::Print>: Current canvas added to ps file plots/fit_quality.ps
Info in <TCanvas::Print>: Current canvas added to ps file plots/fit_quality.ps
Info in <TCanvas::Print>: Current canvas added to ps file plots/fit_quality.ps
Info in <TCanvas::Print>: Current canvas added to ps file plots/fit_quality.ps
Info in <TCanvas::Print>: Current canvas added to ps file plots/fit_quality.ps
Info in <TCanvas::Print>: Current canvas added to ps file plots/fit_quality.ps
Info in <TCanvas::Print>: ps file plots/fit_quality.ps has been closed
