Found covarinace matrix unfolding_covariance_matrix_mbl_selected_covariance_STAT_DATA
Determinant of covariance matrix 8.51566e-49
Johannes print final correltaion matrix
1	-0.171216	0.042791	-0.0429097	0.0161005	-0.0538661	0.0437464	0.0282042	0.0315326	-0.0203532	
-0.171216	1	-0.244777	0.0962108	-0.0672655	0.0644223	-0.0378528	0.0251747	-0.0199427	-0.0150316	
0.042791	-0.244777	1	-0.325778	-0.0189909	-0.00959499	0.0293048	-0.0597377	0.0335049	-0.0180598	
-0.0429097	0.0962108	-0.325778	1	-0.193572	0.0531917	-0.0288656	0.00112081	-0.0372923	0.00264709	
0.0161005	-0.0672655	-0.0189909	-0.193572	1	-0.351162	0.0657606	-0.0119022	-0.0156455	0.0592804	
-0.0538661	0.0644223	-0.00959499	0.0531917	-0.351162	1	-0.244908	0.0174519	0.00522223	0.0175439	
0.0437464	-0.0378528	0.0293048	-0.0288656	0.0657606	-0.244908	1	-0.261395	0.0115955	-0.00733745	
0.0282042	0.0251747	-0.0597377	0.00112081	-0.0119022	0.0174519	-0.261395	1	-0.246645	-0.00947862	
0.0315326	-0.0199427	0.0335049	-0.0372923	-0.0156455	0.00522223	0.0115955	-0.246645	1	-0.130948	
-0.0203532	-0.0150316	-0.0180598	0.00264709	0.0592804	0.0175439	-0.00733745	-0.00947862	-0.130948	1	
TH1.Print Name  = total_error, Entries= 1070, Total sum= 0.897654
 fSumw[0]=0, x=-0.5, error=0
 fSumw[1]=0.0820337, x=0.5, error=0
 fSumw[2]=0.0547998, x=1.5, error=0
 fSumw[3]=0.0547774, x=2.5, error=0
 fSumw[4]=0.0834004, x=3.5, error=0
 fSumw[5]=0.126854, x=4.5, error=0
 fSumw[6]=0.0699165, x=5.5, error=0
 fSumw[7]=0.0879809, x=6.5, error=0
 fSumw[8]=0.0858091, x=7.5, error=0
 fSumw[9]=0.106113, x=8.5, error=0
 fSumw[10]=0.145968, x=9.5, error=0
 fSumw[11]=0, x=10.5, error=0
STAT_MC 0.0040325
STAT_MC 0.00100146
STAT_MC 0.000786761
STAT_MC 0.000984255
STAT_MC 0.00415091
STAT_MC 0.00383538
STAT_MC 0.006492
STAT_MC 0.007666
STAT_MC 0.011005
STAT_MC 0.0177533
TH1.Print Name  = total_error, Entries= 1080, Total sum= 0.900172
 fSumw[0]=0, x=-0.5, error=0
 fSumw[1]=0.0821327, x=0.5, error=0
 fSumw[2]=0.054809, x=1.5, error=0
 fSumw[3]=0.054783, x=2.5, error=0
 fSumw[4]=0.0834062, x=3.5, error=0
 fSumw[5]=0.126922, x=4.5, error=0
 fSumw[6]=0.0700216, x=5.5, error=0
 fSumw[7]=0.0882201, x=6.5, error=0
 fSumw[8]=0.0861508, x=7.5, error=0
 fSumw[9]=0.106682, x=8.5, error=0
 fSumw[10]=0.147044, x=9.5, error=0
 fSumw[11]=0, x=10.5, error=0
TH1.Print Name  = total_error, Entries= 1090, Total sum= 0.930344
 fSumw[0]=0, x=-0.5, error=0
 fSumw[1]=0.0824082, x=0.5, error=0
 fSumw[2]=0.0548979, x=1.5, error=0
 fSumw[3]=0.0548347, x=2.5, error=0
 fSumw[4]=0.0834656, x=3.5, error=0
 fSumw[5]=0.127118, x=4.5, error=0
 fSumw[6]=0.0705908, x=5.5, error=0
 fSumw[7]=0.089791, x=6.5, error=0
 fSumw[8]=0.0897683, x=7.5, error=0
 fSumw[9]=0.117484, x=8.5, error=0
 fSumw[10]=0.159985, x=9.5, error=0
 fSumw[11]=0, x=10.5, error=0

        Data        Stat Tmpl_162.50 Stat_162.50 Tmpl_165.00 Stat_165.00 Tmpl_167.50 Stat_167.50 Tmpl_172.50 Stat_172.50 Tmpl_175.00 Stat_175.00 Tmpl_177.50 Stat_177.50 Tmpl_180.00 Stat_180.00 Tmpl_182.50 Stat_182.50
    0.389397    0.002621    0.525981    0.001993    0.472921    0.001775    0.431539    0.002765    0.352429    0.001659    0.320919    0.002178    0.295833    0.001174    0.271634    0.002147    0.244235    0.001214
    1.819464    0.005685    2.322255    0.004182    2.142520    0.003775    1.983247    0.005926    1.681540    0.003624    1.557875    0.004862    1.434078    0.002561    1.323642    0.004757    1.222285    0.002710
    3.212939    0.007646    3.643039    0.005234    3.497765    0.004858    3.358758    0.007745    3.048755    0.004953    2.877055    0.006560    2.721801    0.003555    2.580305    0.006704    2.422138    0.003848
    1.847968    0.005818    1.542181    0.003434    1.654428    0.003353    1.762269    0.005659    1.937830    0.003975    2.011560    0.005538    2.068891    0.003121    2.111057    0.006112    2.126323    0.003599
    0.376920    0.002656    0.356184    0.001668    0.357653    0.001582    0.364369    0.002588    0.381512    0.001795    0.395512    0.002484    0.406236    0.001388    0.429078    0.002825    0.457564    0.001692
    0.246155    0.002202    0.248844    0.001459    0.248844    0.001398    0.244262    0.002170    0.243232    0.001438    0.244617    0.002051    0.240765    0.001103    0.238058    0.002113    0.235834    0.001273
    0.072937    0.001220    0.076472    0.000965    0.074255    0.000766    0.074917    0.001272    0.073341    0.000802    0.069807    0.001141    0.069951    0.000606    0.070773    0.001173    0.067937    0.000728
    0.032738    0.000826    0.035341    0.000849    0.034732    0.000523    0.032818    0.000826    0.032516    0.000519    0.032267    0.000885    0.031861    0.000448    0.032378    0.000825    0.031358    0.000625
    0.010841    0.000533    0.011685    0.000313    0.010848    0.000274    0.010808    0.000500    0.010623    0.000250    0.010866    0.000439    0.010649    0.000241    0.010206    0.000433    0.010598    0.000402
    0.003530    0.000222    0.004009    0.000199    0.003792    0.000168    0.003808    0.000277    0.003719    0.000131    0.003636    0.000211    0.003453    0.000117    0.003505    0.000226    0.003541    0.000252

LTF::DoLiTeFit(). Fit done. Result:  170.924  +/- 0.645321 (fit)  +/- 0.262232 (ext)  +/- 0.0378423 (tmpl)  +/- 0 (MatA)   [chi^2=1.26029]

------------------------------------------------------------------------
        Result of the 1-dimensional linear template fit
        ```````````````````````````````````````````````
  LTF. Result[0]:   170.924  +/- 0.645321 (fit)  +/- 0.262232 (ext)

  LTF. Result[0]:   170.924036
                             +/-  0.308261 (STAT_DATA)
                             +/-  0.049963 (STAT_MC)
                             +/-  0.132991 (pseudoDataStat)
                             +/- -0.000967 (EG_RESOLUTION_ALL)
                             +/-  0.035680 (EG_SCALE_ALL)
                             +/- -0.000931 (EL_EFF_ID_TOTAL_1NPCOR_PLUS_UNCOR)
                             +/- -0.046200 (EL_EFF_Iso_TOTAL_1NPCOR_PLUS_UNCOR)
                             +/- -0.017510 (EL_EFF_Reco_TOTAL_1NPCOR_PLUS_UNCOR)
                             +/- -0.000000 (EL_EFF_TriggerEff_TOTAL_1NPCOR_PLUS_UNCOR)
                             +/- -0.000000 (EL_EFF_Trigger_TOTAL_1NPCOR_PLUS_UNCOR)
                             +/- -0.020936 (FAKES_Electron)
                             +/- -0.007672 (FAKES_Muon)
                             +/- -0.281644 (FT_EFF_Eigen_B_0)
                             +/- -0.060215 (FT_EFF_Eigen_B_1)
                             +/- -0.047600 (FT_EFF_Eigen_B_2)
                             +/- -0.008127 (FT_EFF_Eigen_B_3)
                             +/-  0.002186 (FT_EFF_Eigen_B_4)
                             +/- -0.000271 (FT_EFF_Eigen_B_5)
                             +/-  0.000006 (FT_EFF_Eigen_B_6)
                             +/- -0.000005 (FT_EFF_Eigen_B_7)
                             +/-  0.000000 (FT_EFF_Eigen_B_8)
                             +/- -0.074325 (FT_EFF_Eigen_C_0)
                             +/- -0.009994 (FT_EFF_Eigen_C_1)
                             +/- -0.005819 (FT_EFF_Eigen_C_2)
                             +/- -0.000371 (FT_EFF_Eigen_C_3)
                             +/- -0.037878 (FT_EFF_Eigen_Light_0)
                             +/- -0.000175 (FT_EFF_Eigen_Light_1)
                             +/-  0.001171 (FT_EFF_Eigen_Light_2)
                             +/-  0.000876 (FT_EFF_Eigen_Light_3)
                             +/-  0.007129 (FT_EFF_extrapolation)
                             +/- -0.013724 (FT_EFF_extrapolation_from_charm)
                             +/-  0.021767 (JET_EffectiveNP_Detector1)
                             +/-  0.002772 (JET_EffectiveNP_Detector2)
                             +/-  0.027475 (JET_EffectiveNP_Mixed1)
                             +/-  0.046742 (JET_EffectiveNP_Mixed2)
                             +/-  0.005884 (JET_EffectiveNP_Mixed3)
                             +/-  0.224954 (JET_EffectiveNP_Modelling1)
                             +/- -0.015835 (JET_EffectiveNP_Modelling2)
                             +/- -0.006619 (JET_EffectiveNP_Modelling3)
                             +/-  0.004046 (JET_EffectiveNP_Modelling4)
                             +/-  0.001682 (JET_EffectiveNP_Statistical1)
                             +/-  0.015539 (JET_EffectiveNP_Statistical2)
                             +/- -0.000492 (JET_EffectiveNP_Statistical3)
                             +/-  0.001180 (JET_EffectiveNP_Statistical4)
                             +/-  0.001702 (JET_EffectiveNP_Statistical5)
                             +/-  0.004380 (JET_EffectiveNP_Statistical6)
                             +/-  0.118868 (JET_EtaIntercalibration_Modelling)
                             +/-  0.083629 (JET_EtaIntercalibration_NonClosure_2018data)
                             +/- -0.000031 (JET_EtaIntercalibration_NonClosure_highE)
                             +/-  0.001352 (JET_EtaIntercalibration_NonClosure_negEta)
                             +/-  0.000683 (JET_EtaIntercalibration_NonClosure_posEta)
                             +/-  0.028226 (JET_EtaIntercalibration_TotalStat)
                             +/- -0.000042 (JET_Flavor_Composition_prop)
                             +/-  0.000023 (JET_Flavor_Response_prop)
                             +/- -0.030661 (JET_JER_DataVsMC_MC16_PseudoData)
                             +/- -0.024010 (JET_JER_EffectiveNP_10_PseudoData)
                             +/- -0.009695 (JET_JER_EffectiveNP_11_PseudoData)
                             +/- -0.012199 (JET_JER_EffectiveNP_12restTerm_PseudoData)
                             +/- -0.074745 (JET_JER_EffectiveNP_1_PseudoData)
                             +/- -0.125381 (JET_JER_EffectiveNP_2_PseudoData)
                             +/- -0.065767 (JET_JER_EffectiveNP_3_PseudoData)
                             +/- -0.003536 (JET_JER_EffectiveNP_4_PseudoData)
                             +/- -0.001344 (JET_JER_EffectiveNP_5_PseudoData)
                             +/- -0.019254 (JET_JER_EffectiveNP_6_PseudoData)
                             +/- -0.011403 (JET_JER_EffectiveNP_7_PseudoData)
                             +/- -0.001225 (JET_JER_EffectiveNP_8_PseudoData)
                             +/- -0.014571 (JET_JER_EffectiveNP_9_PseudoData)
                             +/- -0.046703 (JET_JvtEfficiency)
                             +/-  0.039359 (JET_Pileup_OffsetMu)
                             +/-  0.083594 (JET_Pileup_OffsetNPV)
                             +/-  0.025593 (JET_Pileup_PtTerm)
                             +/-  0.188541 (JET_Pileup_RhoTopology)
                             +/- -0.000020 (JET_PunchThrough_MC16)
                             +/- -0.078706 (LUMINOSITY)
                             +/- -0.001308 (MET_SoftTrk_ResoPara)
                             +/-  0.001990 (MET_SoftTrk_ResoPerp)
                             +/- -0.005615 (MET_SoftTrk_Scale)
                             +/- -0.000000 (MUON_EFF_BADMUON_SYS)
                             +/-  0.003633 (MUON_EFF_ISO_STAT)
                             +/- -0.019591 (MUON_EFF_ISO_SYS)
                             +/- -0.002149 (MUON_EFF_RECO_STAT)
                             +/- -0.000420 (MUON_EFF_RECO_SYS)
                             +/- -0.000077 (MUON_EFF_TTVA_STAT)
                             +/- -0.000093 (MUON_EFF_TTVA_SYS)
                             +/- -0.012804 (MUON_EFF_TrigStatUncertainty)
                             +/- -0.027173 (MUON_EFF_TrigSystUncertainty)
                             +/- -0.000431 (MUON_SAGITTA_DATASTAT)
                             +/- -0.000381 (MUON_SAGITTA_RESBIAS)
                             +/- -0.077231 (PRW_DATASF)
                             +/- -0.046356 (THEORY_CROSS_SECTION_Wjets)
                             +/- -0.058988 (THEORY_CROSS_SECTION_other_top_noWt)
                             +/- -0.007296 (THEORY_CROSS_SECTION_signal)
                             +/- -0.001876 (THEORY_DR_DS_signal)
                             +/-  0.000106 (THEORY_EWK_Wjets)
                             +/- -0.000116 (THEORY_EWK_multiboson_noW)
                             +/-  0.049209 (THEORY_FSR_signal)
                             +/- -0.050152 (THEORY_HDAMP_signal)
                             +/- -0.036902 (THEORY_ISR_signal)
                             +/- -0.006756 (THEORY_PDF4LHC_VARIATION_Wjets)
                             +/- -0.004629 (THEORY_PDF4LHC_VARIATION_multiboson_noW)
                             +/-  0.006016 (THEORY_PDF4LHC_VARIATION_signal)
                             +/-  0.016984 (THEORY_PTHARD_signal)
                             +/- -0.062179 (THEORY_SCALE_COMBINED_Wjets)
                             +/- -0.028339 (THEORY_SCALE_COMBINED_multiboson_noW)
                             +/-  0.002098 (THEORY_SCALE_FACTORISATION_signal)
                             +/- -0.024053 (THEORY_SCALE_RENORMALISATION_signal)
                             +/- -0.139946 (THEORY_SHOWERING_HERWIG7_signal)
                             +/- -0.045491 (THEORY_TOPRECOIL_signal)
                             +/-  0.003428 (THEORY_TOP_MASS_signal)
                             +/- -0.000984 (WMASS_VAR_signal)

                             +/- -0.080295 (FULL_SYS_SUM)
                             +/- -0.043100 (FULL_SYS_SUM_DETECTOR)
                             +/- -0.186849 (FULL_SYS_SUM_THEORY)
                             +/- -0.080295 (FULL_SYS_TOYS)
                             +/- -0.078474 (TOTAL)
                             +/- -0.080592 (TOTAL_NO_DR_DS)
                             +/- -0.080297 (TOTAL_SYSONLY)
                             +/-  0.037842 (statY)

  Nuisance parameters                 -0.002  +/-  1.000  (EG_RESOLUTION_ALL)
                                       0.004  +/-  0.997  (EG_SCALE_ALL)
                                       0.014  +/-  0.999  (EL_EFF_ID_TOTAL_1NPCOR_PLUS_UNCOR)
                                       0.032  +/-  0.996  (EL_EFF_Iso_TOTAL_1NPCOR_PLUS_UNCOR)
                                       0.009  +/-  1.000  (EL_EFF_Reco_TOTAL_1NPCOR_PLUS_UNCOR)
                                      -0.000  +/-  1.000  (EL_EFF_TriggerEff_TOTAL_1NPCOR_PLUS_UNCOR)
                                      -0.000  +/-  1.000  (EL_EFF_Trigger_TOTAL_1NPCOR_PLUS_UNCOR)
                                      -0.002  +/-  1.000  (MUON_SAGITTA_DATASTAT)
                                      -0.004  +/-  1.000  (MUON_SAGITTA_RESBIAS)
                                      -0.000  +/-  1.000  (MUON_EFF_BADMUON_SYS)
                                       0.009  +/-  1.000  (MUON_EFF_ISO_STAT)
                                       0.017  +/-  0.999  (MUON_EFF_ISO_SYS)
                                       0.002  +/-  1.000  (MUON_EFF_RECO_STAT)
                                       0.010  +/-  1.000  (MUON_EFF_RECO_SYS)
                                       0.002  +/-  1.000  (MUON_EFF_TTVA_STAT)
                                       0.003  +/-  1.000  (MUON_EFF_TTVA_SYS)
                                       0.012  +/-  1.000  (MUON_EFF_TrigStatUncertainty)
                                       0.025  +/-  0.998  (MUON_EFF_TrigSystUncertainty)
                                      -0.011  +/-  1.000  (JET_EffectiveNP_Detector1)
                                      -0.002  +/-  1.000  (JET_EffectiveNP_Detector2)
                                      -0.039  +/-  0.997  (JET_EffectiveNP_Mixed1)
                                      -0.049  +/-  0.998  (JET_EffectiveNP_Mixed2)
                                      -0.006  +/-  1.000  (JET_EffectiveNP_Mixed3)
                                      -0.073  +/-  0.932  (JET_EffectiveNP_Modelling1)
                                       0.007  +/-  1.000  (JET_EffectiveNP_Modelling2)
                                      -0.000  +/-  1.000  (JET_EffectiveNP_Modelling3)
                                      -0.007  +/-  1.000  (JET_EffectiveNP_Modelling4)
                                      -0.007  +/-  1.000  (JET_EffectiveNP_Statistical1)
                                       0.003  +/-  0.999  (JET_EffectiveNP_Statistical2)
                                      -0.006  +/-  1.000  (JET_EffectiveNP_Statistical3)
                                      -0.002  +/-  1.000  (JET_EffectiveNP_Statistical4)
                                      -0.006  +/-  1.000  (JET_EffectiveNP_Statistical5)
                                      -0.007  +/-  1.000  (JET_EffectiveNP_Statistical6)
                                       0.039  +/-  0.972  (JET_EtaIntercalibration_Modelling)
                                      -0.030  +/-  0.997  (JET_EtaIntercalibration_NonClosure_2018data)
                                      -0.000  +/-  1.000  (JET_EtaIntercalibration_NonClosure_highE)
                                       0.001  +/-  1.000  (JET_EtaIntercalibration_NonClosure_negEta)
                                      -0.001  +/-  1.000  (JET_EtaIntercalibration_NonClosure_posEta)
                                       0.015  +/-  0.998  (JET_EtaIntercalibration_TotalStat)
                                       0.000  +/-  1.000  (JET_Flavor_Composition_prop)
                                      -0.006  +/-  1.000  (JET_Flavor_Response_prop)
                                       0.000  +/-  0.995  (JET_Pileup_OffsetMu)
                                      -0.003  +/-  0.958  (JET_Pileup_OffsetNPV)
                                      -0.040  +/-  0.994  (JET_Pileup_PtTerm)
                                       0.071  +/-  0.753  (JET_Pileup_RhoTopology)
                                      -0.001  +/-  1.000  (JET_PunchThrough_MC16)
                                      -0.005  +/-  0.985  (JET_JER_DataVsMC_MC16_PseudoData)
                                       0.133  +/-  0.956  (JET_JER_EffectiveNP_1_PseudoData)
                                       0.212  +/-  0.881  (JET_JER_EffectiveNP_2_PseudoData)
                                       0.094  +/-  0.972  (JET_JER_EffectiveNP_3_PseudoData)
                                       0.058  +/-  0.987  (JET_JER_EffectiveNP_4_PseudoData)
                                       0.114  +/-  0.990  (JET_JER_EffectiveNP_5_PseudoData)
                                       0.126  +/-  0.983  (JET_JER_EffectiveNP_6_PseudoData)
                                       0.038  +/-  0.997  (JET_JER_EffectiveNP_7_PseudoData)
                                       0.027  +/-  0.997  (JET_JER_EffectiveNP_8_PseudoData)
                                       0.084  +/-  0.991  (JET_JER_EffectiveNP_9_PseudoData)
                                       0.029  +/-  0.998  (JET_JER_EffectiveNP_10_PseudoData)
                                       0.046  +/-  0.997  (JET_JER_EffectiveNP_11_PseudoData)
                                       0.041  +/-  0.994  (JET_JER_EffectiveNP_12restTerm_PseudoData)
                                       0.059  +/-  0.994  (JET_JvtEfficiency)
                                      -0.019  +/-  0.986  (PRW_DATASF)
                                       0.013  +/-  0.999  (MET_SoftTrk_ResoPara)
                                       0.018  +/-  0.999  (MET_SoftTrk_ResoPerp)
                                      -0.001  +/-  0.999  (MET_SoftTrk_Scale)
                                      -0.002  +/-  1.000  (WMASS_VAR_signal)
                                       0.282  +/-  0.765  (FT_EFF_Eigen_B_0)
                                       0.073  +/-  0.961  (FT_EFF_Eigen_B_1)
                                       0.079  +/-  0.989  (FT_EFF_Eigen_B_2)
                                       0.017  +/-  0.999  (FT_EFF_Eigen_B_3)
                                       0.001  +/-  1.000  (FT_EFF_Eigen_B_4)
                                      -0.000  +/-  1.000  (FT_EFF_Eigen_B_5)
                                      -0.000  +/-  1.000  (FT_EFF_Eigen_B_6)
                                      -0.000  +/-  1.000  (FT_EFF_Eigen_B_7)
                                      -0.000  +/-  1.000  (FT_EFF_Eigen_B_8)
                                       0.048  +/-  0.974  (FT_EFF_Eigen_C_0)
                                      -0.007  +/-  0.998  (FT_EFF_Eigen_C_1)
                                       0.001  +/-  1.000  (FT_EFF_Eigen_C_2)
                                      -0.002  +/-  1.000  (FT_EFF_Eigen_C_3)
                                      -0.038  +/-  0.981  (FT_EFF_Eigen_Light_0)
                                      -0.021  +/-  0.999  (FT_EFF_Eigen_Light_1)
                                      -0.017  +/-  0.999  (FT_EFF_Eigen_Light_2)
                                      -0.005  +/-  1.000  (FT_EFF_Eigen_Light_3)
                                      -0.056  +/-  0.985  (FT_EFF_extrapolation)
                                       0.002  +/-  0.999  (FT_EFF_extrapolation_from_charm)
                                      -0.007  +/-  0.998  (THEORY_CROSS_SECTION_signal)
                                      -0.726  +/-  0.498  (THEORY_SHOWERING_HERWIG7_signal)
                                       0.020  +/-  0.995  (THEORY_SCALE_FACTORISATION_signal)
                                      -0.018  +/-  0.979  (THEORY_SCALE_RENORMALISATION_signal)
                                       0.062  +/-  0.849  (THEORY_ISR_signal)
                                      -0.065  +/-  0.850  (THEORY_FSR_signal)
                                       0.054  +/-  0.882  (THEORY_HDAMP_signal)
                                      -0.083  +/-  0.953  (THEORY_PTHARD_signal)
                                       0.226  +/-  0.932  (THEORY_TOPRECOIL_signal)
                                       0.207  +/-  0.920  (THEORY_TOP_MASS_signal)
                                       0.021  +/-  0.999  (THEORY_PDF4LHC_VARIATION_signal)
                                      -0.235  +/-  0.720  (THEORY_DR_DS_signal)
                                      -0.022  +/-  0.976  (THEORY_CROSS_SECTION_Wjets)
                                      -0.083  +/-  0.926  (THEORY_SCALE_COMBINED_Wjets)
                                      -0.016  +/-  0.998  (THEORY_PDF4LHC_VARIATION_Wjets)
                                      -0.001  +/-  1.000  (THEORY_EWK_Wjets)
                                      -0.019  +/-  0.992  (THEORY_SCALE_COMBINED_multiboson_noW)
                                      -0.004  +/-  1.000  (THEORY_PDF4LHC_VARIATION_multiboson_noW)
                                      -0.000  +/-  1.000  (THEORY_EWK_multiboson_noW)
                                       0.021  +/-  0.975  (THEORY_CROSS_SECTION_other_top_noWt)
                                      -0.022  +/-  0.988  (FAKES_Electron)
                                      -0.005  +/-  1.000  (FAKES_Muon)
                                       0.070  +/-  0.985  (LUMINOSITY)

  Correlation matrix 
        1    0.0015   -0.0554   0.00144    0.0719    0.0271  1.93e-14  1.93e-14  0.000668  0.000591  6.42e-15  -0.00563    0.0304   0.00333   0.00065   0.00012  0.000144    0.0198    0.0422   -0.0337   -0.0043   -0.0427   -0.0726  -0.00912    -0.374    0.0245    0.0103  -0.00627  -0.00261   -0.0241  0.000762  -0.00183  -0.00264  -0.00679    -0.189     -0.13  4.74e-05   -0.0021  -0.00106   -0.0438  6.55e-05  -3.5e-05   -0.0613    -0.135   -0.0399    -0.388  3.17e-05    0.0482     0.121      0.22     0.105   0.00555    0.0021    0.0303    0.0177    0.0019    0.0228    0.0373    0.0151     0.019    0.0728     0.121   0.00203  -0.00309   0.00871   0.00152      0.57    0.0971    0.0746    0.0126  -0.00339  0.000419  -9.1e-06  8.31e-06 -5.16e-07     0.118    0.0155   0.00902  0.000575    0.0598  0.000271  -0.00182  -0.00136   -0.0112    0.0213    0.0113     0.436  -0.00327    0.0381    0.0674   -0.0897    0.0881   -0.0276    0.0756  -0.00578  -0.00933   0.00404    0.0736     0.104    0.0105 -0.000164    0.0443   0.00718  0.000179    0.0938    0.0328    0.0119     0.124
   0.0015         1 -1.68e-06    0.0003  0.000985  0.000371  1.92e-16  1.92e-16 -3.64e-05  -6.1e-05  1.09e-17  9.87e-05   0.00023  3.83e-05  0.000186  2.41e-05  3.04e-05  0.000235  0.000492  4.93e-06 -3.56e-05 -0.000599 -0.000423 -0.000153  -9.8e-05 -0.000313 -0.000429 -0.000175 -0.000141 -0.000259 -0.000123 -0.000198 -0.000272 -9.88e-05  0.000246 -0.000804  2.84e-08  4.02e-05  4.19e-05   -0.0003  2.38e-06 -5.47e-05 -0.000567 -0.000691   -0.0015  0.000928  6.33e-06  -0.00327  -0.00397  -0.00775  -0.00334  -0.00288  2.95e-05   -0.0014 -0.000703  -0.00122 -0.000933 -0.000254  -0.00102 -0.000704  0.000485  -0.00271  0.000432  0.000203  0.000109  9.23e-06   0.00501   0.00318   0.00157  -0.00035  2.94e-05  4.91e-06  1.15e-06  1.15e-07  1.23e-09  -0.00119 -2.13e-05  4.91e-05 -5.56e-06 -0.000819 -2.91e-05  -2.1e-05  1.09e-05  0.000266 -0.000231 -0.000571   -0.0131 -9.29e-05   -0.0037  -0.00754  0.000492  -0.00265  -0.00448   0.00238  -0.00407 -0.000417  -0.00315    -0.001  -0.00208   -0.0001  2.11e-05 -0.000639 -0.000108    -1e-05 -0.000595  -0.00111 -0.000263   0.00142
  -0.0554 -1.68e-06         1  -0.00126  -0.00306  -0.00113 -5.43e-16 -5.43e-16   6.1e-05  0.000172 -1.32e-15 -0.000532 -0.000682 -0.000121 -0.000845 -0.000109 -0.000125 -0.000688  -0.00143 -0.000567 -6.22e-05   -0.0033  -0.00253  -0.00102   -0.0151  -0.00107  -0.00129 -0.000508   -0.0005  -0.00136  -0.00061 -0.000555 -0.000625 -0.000323  -0.00305  -0.00183 -4.25e-07  0.000373  8.83e-05   -0.0012   2.2e-05 -0.000305  -0.00256  -0.00706  -0.00309   -0.0313 -6.23e-05  -0.00487   -0.0135   -0.0168  -0.00805  -0.00277   -0.0056  -0.00838  -0.00354   -0.0015   -0.0072  -0.00216 -0.000797  -0.00601  -0.00296   0.00176  0.000668 -5.38e-05  -0.00051 -0.000102   -0.0302  -0.00948  -0.00511   0.00116 -0.000325  1.92e-05 -4.03e-06 -5.94e-07 -4.82e-08    0.0066 -0.000131  0.000217 -8.86e-05   0.00429  -0.00127  -0.00107 -0.000303  -0.00261   0.00204  0.000512   0.00781   0.00421   0.00134    0.0141  -0.00771   0.00731   -0.0102  -0.00135    0.0075   0.00146  -0.00794    0.0052   0.00318  0.000778 -8.53e-05   0.00269  0.000489  -8.2e-06   0.00548  0.000805  0.000969   -0.0044
  0.00144    0.0003  -0.00126         1   -0.0037  -0.00112 -3.08e-16 -3.08e-16 -2.02e-05  -0.00032 -3.22e-16 -0.000757  -0.00146 -0.000177  -0.00116 -0.000155 -0.000194  -0.00103  -0.00217 -0.000311 -2.99e-05  -0.00135 -0.000454 -5.86e-05  -0.00647 -0.000413 -4.44e-05    -5e-05 -0.000222 -0.000362 -0.000275 -7.39e-05  0.000169  -1.9e-05  -0.00614 -0.000994 -1.22e-07 -0.000108 -8.48e-05 -0.000938 -6.45e-06 -0.000301  -0.00142  -0.00307  0.000619   -0.0162 -5.41e-05   0.00131 -0.000345   0.00268  0.000476 -0.000645  -0.00284  -0.00277  -0.00084 -0.000244  -0.00219 -0.000498  -0.00065  -0.00223  -0.00303   0.00352  -0.00139 -0.000945 -0.000876  -0.00026   -0.0225   -0.0118  -0.00415 -5.65e-05 -0.000148 -1.65e-05 -4.52e-06 -4.52e-07 -4.16e-08 -0.000159  -0.00187 -0.000136 -8.39e-05  -0.00321   -0.0012 -0.000821 -0.000295  -0.00299  -0.00014 -0.000904    0.0274  -0.00137   0.00187  -0.00104  -0.00669  -0.00567  -0.00266  -0.00856  -0.00643 -0.000248   -0.0236   -0.0036  -0.00762  -0.00118 -0.000127  -0.00206 -0.000403 -2.41e-06  -0.00397  -0.00318  9.98e-05  -0.00708
   0.0719  0.000985  -0.00306   -0.0037         1  -0.00287 -9.32e-16 -9.32e-16  3.58e-05 -0.000461 -8.46e-16  -0.00147  -0.00344 -0.000426  -0.00234 -0.000332 -0.000415  -0.00249  -0.00527 -0.000981 -3.16e-06  -0.00148  -0.00103 -0.000295   -0.0202  -0.00049  1.66e-05   7.3e-05 -0.000107  -0.00132 -0.000287 -0.000104  0.000323 -2.25e-05   -0.0161  -0.00224 -3.75e-08   -0.0002 -0.000202   -0.0032 -8.21e-06 -0.000241  -0.00426   -0.0118    0.0011   -0.0532  -7.6e-05   0.00552   0.00121   0.00813   0.00343  0.000567  -0.00619  -0.00561 -0.000521   0.00135  -0.00379 -0.000775  -0.00116  -0.00389  -0.00807   0.00771  -0.00264  -0.00195  -0.00163 -0.000335   -0.0607   -0.0258   -0.0121  6.56e-05 -0.000314    -2e-05 -6.63e-06 -4.59e-07 -3.33e-08  0.000159  -0.00254 -0.000167 -7.07e-05  -0.00247  -0.00103 -0.000555 -0.000227  -0.00234 -0.000193  -0.00032    0.0391  -0.00158    0.0085  0.000306   -0.0069   -0.0124 -0.000342   -0.0212   -0.0076  3.71e-05   -0.0214  -0.00336  -0.00533  -0.00104 -0.000145    -0.002 -0.000396  1.04e-05  -0.00632  -0.00261  0.000452   -0.0163
   0.0271  0.000371  -0.00113  -0.00112  -0.00287         1 -3.88e-16 -3.88e-16  2.56e-05 -0.000133 -3.26e-16 -0.000454 -0.000917  -0.00013 -0.000719 -0.000107 -0.000133 -0.000758  -0.00161  -0.00037  1.52e-05 -0.000353 -0.000394  -0.00018  -0.00796 -5.75e-05  6.18e-05  3.35e-05 -1.93e-05 -0.000416 -7.75e-05  1.12e-05  8.15e-05 -8.18e-06  -0.00541 -0.000731 -1.92e-07  -3.1e-05 -5.62e-05  -0.00105 -1.17e-06 -5.89e-05  -0.00162  -0.00503  0.000213   -0.0195 -2.12e-05   0.00177  0.000309   0.00235   0.00108  0.000932  -0.00169  -0.00151 -0.000157  0.000652 -0.000989   -0.0004 -0.000367  -0.00132  -0.00233   0.00259 -0.000817 -0.000593 -0.000618 -0.000102   -0.0172  -0.00826  -0.00388  0.000301 -9.71e-05 -6.15e-06 -2.04e-06  -1.3e-07 -3.55e-09 -0.000556 -0.000635 -6.89e-05 -1.03e-05 -0.000635 -0.000188   -0.0001 -4.39e-05 -0.000514 -7.07e-05  4.48e-05    0.0143  4.17e-07   0.00297    0.0012   0.00146  -0.00384  0.000135  -0.00499  -0.00159  0.000308   -0.0039 -0.000925  -0.00109 -0.000255    -4e-05 -0.000574 -0.000106  2.04e-06   -0.0021 -0.000551  0.000205   -0.0051
 1.93e-14  1.92e-16 -5.43e-16 -3.08e-16 -9.32e-16 -3.88e-16         1 -9.12e-28  2.85e-17 -1.86e-16 -6.94e-28  -8.6e-17 -5.07e-17 -2.65e-17 -1.76e-16 -2.08e-17 -2.14e-17 -1.64e-16 -3.29e-16 -2.13e-16   4.2e-17 -2.29e-16 -8.02e-16  -1.5e-16 -3.17e-15  3.38e-17  3.39e-16 -3.64e-18 -4.57e-17   1.2e-16 -2.02e-16  1.74e-17 -3.09e-17 -4.69e-18 -2.21e-16 -2.32e-16 -8.87e-20  7.83e-17 -2.83e-17  3.82e-16  5.37e-18 -8.36e-17 -5.67e-17 -7.54e-16  4.84e-16 -1.44e-15 -3.23e-17  2.23e-15  4.31e-15  9.48e-15  4.23e-15  1.44e-15  1.18e-15  1.61e-15  1.11e-15  1.44e-15  9.25e-16  9.74e-16  4.62e-16 -1.13e-15  3.25e-16  3.27e-15 -2.44e-17 -6.27e-17 -2.92e-16 -5.09e-17  9.25e-16 -3.74e-15 -4.28e-16  7.45e-16 -1.51e-17  7.19e-18 -1.83e-18 -2.85e-19 -7.47e-22  1.02e-15 -5.72e-16  2.31e-16  -1.2e-17 -2.33e-16 -1.57e-16 -1.62e-17  -1.2e-17  1.79e-17 -1.61e-17  1.27e-16  -7.9e-15  8.65e-16  3.72e-15 -4.36e-15  4.46e-15 -8.59e-15 -4.35e-15  1.99e-15  3.58e-15  7.15e-16 -3.96e-15 -4.64e-16 -7.84e-16 -4.13e-18 -4.33e-17 -5.13e-16  -8.4e-17  1.73e-19 -7.92e-16 -6.31e-16  1.32e-16 -1.28e-15
 1.93e-14  1.92e-16 -5.43e-16 -3.08e-16 -9.32e-16 -3.88e-16 -9.12e-28         1  2.85e-17 -1.86e-16 -6.94e-28  -8.6e-17 -5.07e-17 -2.65e-17 -1.76e-16 -2.08e-17 -2.14e-17 -1.64e-16 -3.29e-16 -2.13e-16   4.2e-17 -2.29e-16 -8.02e-16  -1.5e-16 -3.17e-15  3.38e-17  3.39e-16 -3.64e-18 -4.57e-17   1.2e-16 -2.02e-16  1.74e-17 -3.09e-17 -4.69e-18 -2.21e-16 -2.32e-16 -8.87e-20  7.83e-17 -2.83e-17  3.82e-16  5.37e-18 -8.36e-17 -5.67e-17 -7.54e-16  4.84e-16 -1.44e-15 -3.23e-17  2.23e-15  4.31e-15  9.48e-15  4.23e-15  1.44e-15  1.18e-15  1.61e-15  1.11e-15  1.44e-15  9.25e-16  9.74e-16  4.62e-16 -1.13e-15  3.25e-16  3.27e-15 -2.44e-17 -6.27e-17 -2.92e-16 -5.09e-17  9.25e-16 -3.74e-15 -4.28e-16  7.45e-16 -1.51e-17  7.19e-18 -1.83e-18 -2.85e-19 -7.47e-22  1.02e-15 -5.72e-16  2.31e-16  -1.2e-17 -2.33e-16 -1.57e-16 -1.62e-17  -1.2e-17  1.79e-17 -1.61e-17  1.27e-16  -7.9e-15  8.65e-16  3.72e-15 -4.36e-15  4.46e-15 -8.59e-15 -4.35e-15  1.99e-15  3.58e-15  7.15e-16 -3.96e-15 -4.64e-16 -7.84e-16 -4.13e-18 -4.33e-17 -5.13e-16  -8.4e-17  1.73e-19 -7.92e-16 -6.31e-16  1.32e-16 -1.28e-15
 0.000668 -3.64e-05   6.1e-05 -2.02e-05  3.58e-05  2.56e-05  2.85e-17  2.85e-17         1 -4.19e-05   1.4e-17  -3.2e-06 -8.26e-06  1.38e-06 -9.47e-06  1.33e-06   1.6e-06  8.96e-06  1.79e-05 -1.43e-05  -7.2e-06 -0.000177 -7.26e-05  2.75e-06   1.4e-05 -2.69e-05 -3.01e-05 -2.33e-05  -3.4e-05 -8.89e-07 -2.35e-05 -1.39e-05 -6.67e-06 -2.31e-05 -7.76e-05 -0.000133 -9.41e-08 -8.19e-06 -3.51e-06 -3.75e-05 -6.19e-07 -3.03e-05 -1.29e-05  0.000119  -8.9e-05  0.000309 -5.07e-07 -0.000229 -5.47e-05 -0.000152 -0.000138 -0.000196  5.03e-05  1.68e-05   2.6e-05 -4.94e-05  7.13e-05  6.09e-06 -2.35e-05  7.56e-05  2.44e-05 -0.000187 -4.97e-06  3.43e-05 -3.68e-06    -2e-05  0.000192   7.7e-05  0.000109 -4.89e-05  -1.7e-06 -1.87e-06 -2.85e-07 -5.74e-08  -5.3e-09  3.45e-05 -6.78e-05 -1.66e-05 -7.79e-06 -0.000324  -0.00012 -0.000105  -3.4e-05 -0.000427 -8.37e-06 -0.000104  -0.00204 -0.000127 -0.000401  0.000107 -0.000549  0.000368 -0.000322  0.000166 -0.000231 -4.02e-05  -0.00239 -0.000254 -0.000565 -0.000152 -6.23e-06 -0.000167  -4.2e-05 -1.21e-06  -9.9e-05 -0.000211 -2.39e-05  3.52e-05
 0.000591  -6.1e-05  0.000172  -0.00032 -0.000461 -0.000133 -1.86e-16 -1.86e-16 -4.19e-05         1 -6.62e-17 -0.000121 -0.000129 -1.82e-05 -0.000195    -2e-05 -2.48e-05 -0.000104 -0.000217 -1.55e-05  3.16e-05 -0.000508 -0.000112  6.27e-05 -0.000581 -8.97e-05  0.000146  1.67e-05 -4.89e-05  7.29e-05 -6.59e-05  3.08e-05  1.68e-05 -2.02e-06   -0.0012 -0.000384 -3.53e-07  7.59e-06 -2.39e-05 -0.000123  3.37e-07 -0.000131 -0.000273 -0.000436  5.54e-05  0.000342  -1.3e-07  0.000255  0.000971   0.00193  0.000467 -0.000427  0.000257  0.000421  0.000329  6.46e-05  0.000566  0.000302 -0.000462 -0.000502 -7.94e-06  0.000451 -0.000248 -0.000209 -0.000251 -0.000133  0.000912  -0.00166 -0.000222 -7.28e-05 -1.78e-05 -1.21e-05 -2.19e-06 -2.81e-07 -1.76e-08 -0.000886  -0.00053 -7.07e-05 -2.37e-05  -0.00208 -0.000444 -0.000376 -0.000142  -0.00193 -0.000277 -0.000287  -0.00197 -0.000643 -0.000299  -0.00503 -8.39e-05  -0.00527  -0.00262 -0.000698  -0.00342 -7.26e-05  -0.00768  -0.00198  -0.00287 -0.000781 -7.38e-05  -0.00133 -0.000286 -5.61e-06  -0.00191   -0.0015  -7.7e-05 -0.000932
 6.42e-15  1.09e-17 -1.32e-15 -3.22e-16 -8.46e-16 -3.26e-16 -6.94e-28 -6.94e-28   1.4e-17 -6.62e-17         1 -1.07e-16  -1.1e-16 -2.63e-17 -1.91e-16 -2.13e-17 -2.02e-17 -1.58e-16 -3.13e-16 -2.15e-16  3.55e-18 -8.18e-16  -1.1e-15 -3.24e-16 -3.56e-15 -3.07e-16 -1.24e-16 -1.56e-16 -1.82e-16 -1.42e-16 -3.37e-16 -1.69e-16  -1.8e-16 -9.88e-17  5.59e-16 -4.95e-16  -2.3e-20  1.34e-16  9.57e-18  1.78e-16  8.54e-18  -1.1e-16 -6.43e-17 -2.37e-16 -1.45e-16 -3.27e-15 -3.53e-17  3.78e-17 -2.38e-16  2.41e-15  1.12e-15 -4.91e-16 -5.62e-16 -1.15e-15  1.79e-16  7.36e-16 -1.15e-15  3.59e-16  1.32e-16 -2.02e-15 -1.96e-16  2.58e-15  3.93e-16   2.1e-16 -8.86e-17 -2.19e-17 -4.84e-15 -3.42e-15 -8.42e-16  6.71e-16 -6.91e-17  1.67e-17 -1.23e-18  -2.3e-19 -7.51e-21  3.01e-15 -3.38e-16  3.22e-16  -2.5e-17  1.42e-15 -3.12e-16 -1.73e-16  -3.9e-17 -8.39e-17  5.49e-16   9.7e-17 -4.88e-15  1.61e-15  2.63e-15  1.36e-16  2.33e-15 -3.38e-15 -6.11e-15  1.92e-15  5.27e-15  6.99e-16 -6.13e-15  1.46e-15  9.96e-16  3.38e-16 -1.08e-17  5.85e-16  1.05e-16  -6.8e-19  1.52e-15  6.39e-17  3.02e-16 -1.03e-15
 -0.00563  9.87e-05 -0.000532 -0.000757  -0.00147 -0.000454  -8.6e-17  -8.6e-17  -3.2e-06 -0.000121 -1.07e-16         1 -0.000551 -7.03e-05 -0.000477 -6.71e-05 -8.41e-05 -0.000406  -0.00086 -9.32e-05 -6.25e-06  -0.00046 -6.81e-05 -3.27e-05  -0.00247 -0.000186 -2.33e-05 -1.28e-05 -8.64e-05 -0.000133 -0.000108 -2.19e-05  6.79e-05  8.32e-06  -0.00246 -0.000336 -2.71e-08 -3.62e-05 -2.58e-05 -0.000375 -2.44e-06 -0.000117 -0.000599  -0.00135  0.000281   -0.0065 -1.98e-05  0.000262 -0.000825 -0.000156 -0.000336 -0.000435  -0.00137  -0.00148 -0.000533 -0.000248  -0.00114 -0.000354 -0.000452   -0.0011   -0.0012   0.00138 -0.000579 -0.000408  -0.00038 -0.000104  -0.00847  -0.00475  -0.00164 -1.16e-05 -5.97e-05 -6.36e-06  -1.6e-06 -1.24e-07 -1.34e-08 -0.000494 -0.000746 -6.18e-05 -2.96e-05  -0.00136 -0.000432 -0.000298 -0.000107  -0.00106 -8.85e-05 -0.000408    0.0163 -0.000521  0.000502 -0.000828   -0.0015  -0.00255  -0.00118  -0.00328  -0.00345 -0.000124  -0.00907  -0.00159  -0.00322 -0.000461 -4.73e-05 -0.000889 -0.000168 -1.82e-06  -0.00182  -0.00137  4.51e-05  -0.00285
   0.0304   0.00023 -0.000682  -0.00146  -0.00344 -0.000917 -5.07e-17 -5.07e-17 -8.26e-06 -0.000129  -1.1e-16 -0.000551         1  -0.00019 -0.000911 -0.000122 -0.000155  -0.00111  -0.00236 -0.000256 -4.18e-05 -0.000468 -0.000108  0.000118  -0.00427 -0.000397 -0.000183  4.25e-05     2e-05 -0.000687 -5.13e-05 -0.000173  0.000171  5.52e-06  -0.00617 -0.000838  6.86e-07 -0.000183 -0.000104   -0.0015 -6.91e-06 -2.24e-05   -0.0012  -0.00195  0.000683    -0.017 -2.47e-05   0.00246  0.000717   0.00327    0.0015  -0.00191  -0.00331  -0.00311 -3.26e-05  9.98e-05  -0.00202  0.000167 -0.000522 -0.000934  -0.00427   0.00208    -0.001 -0.000828 -0.000223 -6.94e-05   -0.0327  -0.00921  -0.00521 -0.000904 -0.000116 -3.71e-06 -1.44e-06 -7.09e-09  -1.6e-08   0.00162  -0.00108  5.42e-06 -3.13e-05 -0.000336 -0.000328 -5.69e-05 -4.13e-05 -0.000195 -0.000102 -0.000226   0.00469  -0.00196   0.00304   -0.0036    -0.012   -0.0052  0.000774   -0.0145  -0.00488 -0.000895  -0.00865 -0.000775  -0.00123 -0.000202 -3.01e-05 -0.000388 -9.38e-05  1.16e-05  -0.00179  -0.00083  -1.2e-05  -0.00674
  0.00333  3.83e-05 -0.000121 -0.000177 -0.000426  -0.00013 -2.65e-17 -2.65e-17  1.38e-06 -1.82e-05 -2.63e-17 -7.03e-05  -0.00019         1 -0.000112  -1.6e-05 -2.01e-05 -0.000126 -0.000267 -4.09e-05 -1.69e-06 -5.32e-05 -2.72e-05 -4.83e-06 -0.000831 -3.14e-05  -8.2e-06   5.2e-06 -7.31e-07 -7.34e-05 -8.89e-06    -1e-05  1.71e-05  8.26e-07 -0.000798 -0.000106  3.25e-08 -1.46e-05 -1.04e-05 -0.000173  -5.9e-07 -6.47e-06 -0.000199 -0.000498  5.79e-05  -0.00248 -3.11e-06   0.00026  2.47e-05  0.000293  0.000134 -7.46e-05 -0.000344 -0.000328 -3.06e-05  3.39e-05 -0.000217 -2.91e-05 -7.58e-05 -0.000165  -0.00044  0.000306 -0.000129 -0.000101 -6.28e-05 -1.25e-05  -0.00327  -0.00119 -0.000602 -4.01e-05 -1.41e-05  -7.7e-07 -2.29e-07 -6.53e-09 -1.18e-09  1.22e-05 -0.000123 -6.59e-06  -2.8e-06 -0.000102  -3.5e-05 -1.09e-05 -5.89e-06  -4.7e-05 -1.98e-05  -2.3e-05   0.00167  -0.00014  0.000368 -0.000233 -0.000628  -0.00066  4.68e-05  -0.00129 -0.000549 -4.34e-05 -0.000906  -0.00016 -0.000231 -3.77e-05 -4.94e-06 -8.85e-05 -1.72e-05  7.73e-07 -0.000311 -0.000123  1.05e-05 -0.000806
  0.00065  0.000186 -0.000845  -0.00116  -0.00234 -0.000719 -1.76e-16 -1.76e-16 -9.47e-06 -0.000195 -1.91e-16 -0.000477 -0.000911 -0.000112         1 -9.86e-05 -0.000124  -0.00065  -0.00138 -0.000197 -1.53e-05 -0.000828 -0.000265 -4.91e-05  -0.00436 -0.000259 -4.24e-05 -2.68e-05 -0.000129 -0.000259 -0.000159 -4.48e-05  9.66e-05  -9.8e-06  -0.00401 -0.000635 -8.75e-08 -6.08e-05    -5e-05 -0.000653 -3.61e-06 -0.000179 -0.000991  -0.00227   0.00031   -0.0111 -3.13e-05  0.000716 -0.000579  0.000993  1.32e-05 -0.000429  -0.00189  -0.00189 -0.000605 -0.000201  -0.00146 -0.000389 -0.000482  -0.00146  -0.00196   0.00209 -0.000864 -0.000608 -0.000558  -0.00016   -0.0145  -0.00739  -0.00272 -3.33e-05 -9.59e-05 -1.05e-05 -2.77e-06 -2.64e-07 -2.46e-08 -0.000231  -0.00111 -9.63e-05 -4.91e-05  -0.00192 -0.000711 -0.000493 -0.000178  -0.00182  -8.4e-05 -0.000521    0.0178   -0.0008   0.00111 -0.000589  -0.00391  -0.00348  -0.00155  -0.00545  -0.00421 -0.000142   -0.0137  -0.00216  -0.00449 -0.000708 -7.84e-05  -0.00123 -0.000241 -1.65e-06  -0.00246   -0.0019  7.33e-05  -0.00447
  0.00012  2.41e-05 -0.000109 -0.000155 -0.000332 -0.000107 -2.08e-17 -2.08e-17  1.33e-06    -2e-05 -2.13e-17 -6.71e-05 -0.000122  -1.6e-05 -9.86e-05         1 -1.86e-05 -9.27e-05 -0.000197 -2.85e-05 -5.07e-07 -5.47e-05  -1.1e-05 -1.24e-05 -0.000699 -2.87e-05 -2.57e-06     1e-06 -1.06e-05 -4.17e-05  -1.6e-05 -2.89e-06  1.33e-05  2.73e-06 -0.000634 -8.28e-05  1.96e-09 -9.03e-06 -5.88e-06 -0.000114 -5.39e-07 -1.52e-05 -0.000175 -0.000462  4.64e-05  -0.00188 -3.33e-06  9.29e-05 -0.000149 -4.52e-05 -3.71e-05 -5.67e-05 -0.000282 -0.000309 -9.48e-05 -2.42e-05 -0.000223 -7.95e-05 -0.000109 -0.000212 -0.000285  0.000269 -0.000126 -8.94e-05 -8.17e-05 -1.68e-05  -0.00194  -0.00101 -0.000396 -6.58e-07 -1.08e-05 -1.01e-06 -2.25e-07  -6.5e-09 -1.01e-09 -0.000196 -0.000134 -1.22e-05 -3.36e-06 -0.000241 -4.83e-05 -2.76e-05 -1.07e-05 -9.46e-05 -3.59e-05 -6.86e-05   0.00327 -9.82e-05  0.000156 -0.000285  1.09e-05 -0.000655 -0.000129 -0.000718 -0.000746 -2.29e-05  -0.00131 -0.000314 -0.000542 -6.96e-05  -6.1e-06 -0.000173 -3.06e-05 -1.95e-07 -0.000423 -0.000234  6.79e-06 -0.000643
 0.000144  3.04e-05 -0.000125 -0.000194 -0.000415 -0.000133 -2.14e-17 -2.14e-17   1.6e-06 -2.48e-05 -2.02e-17 -8.41e-05 -0.000155 -2.01e-05 -0.000124 -1.86e-05         1 -0.000117 -0.000248 -3.55e-05  -8.8e-07  -6.2e-05 -6.85e-06 -1.32e-05  -0.00087 -3.29e-05 -1.98e-06  2.43e-06 -1.19e-05 -5.25e-05 -1.74e-05 -2.34e-06  1.83e-05  4.11e-06 -0.000819 -0.000104  3.25e-09 -1.31e-05 -7.73e-06 -0.000148 -7.81e-07 -1.83e-05 -0.000226 -0.000595  5.76e-05  -0.00238    -4e-06  0.000121 -0.000172 -5.66e-05 -4.56e-05 -6.42e-05 -0.000345 -0.000373 -0.000119 -3.55e-05 -0.000268 -0.000102 -0.000139 -0.000248  -0.00036  0.000317 -0.000164 -0.000116 -0.000104  -2.1e-05  -0.00241  -0.00125 -0.000493 -6.89e-06 -1.29e-05 -1.42e-06 -2.72e-07 -6.03e-09 -1.16e-09 -0.000283 -0.000169 -1.83e-05 -4.04e-06 -0.000325 -5.77e-05 -3.23e-05 -1.28e-05 -0.000113 -5.33e-05 -8.97e-05    0.0041 -0.000142  0.000175 -0.000392 -3.44e-06 -0.000825  -0.00011 -0.000925 -0.000999 -3.58e-05  -0.00162 -0.000421 -0.000711 -9.17e-05 -7.54e-06  -0.00023 -4.05e-05 -2.47e-07 -0.000562 -0.000302  4.46e-06  -0.00081
   0.0198  0.000235 -0.000688  -0.00103  -0.00249 -0.000758 -1.64e-16 -1.64e-16  8.96e-06 -0.000104 -1.58e-16 -0.000406  -0.00111 -0.000126  -0.00065 -9.27e-05 -0.000117         1  -0.00156 -0.000235 -7.84e-06 -0.000266 -0.000139 -2.07e-05  -0.00473 -0.000176  -3.3e-05  3.75e-05  4.22e-06 -0.000418 -4.74e-05 -5.47e-05  0.000107   8.6e-06   -0.0046 -0.000585  2.07e-07 -8.62e-05 -6.16e-05 -0.000995 -3.41e-06 -3.02e-05  -0.00112  -0.00279  0.000404   -0.0143 -1.76e-05   0.00165  0.000318   0.00202  0.000942 -0.000393  -0.00201  -0.00187 -0.000118  0.000263  -0.00122 -0.000131 -0.000414 -0.000932  -0.00258   0.00187 -0.000748 -0.000581 -0.000351 -6.85e-05   -0.0193  -0.00693  -0.00355 -0.000234 -8.16e-05 -4.04e-06 -1.28e-06 -2.99e-08 -6.05e-09  0.000162 -0.000697    -3e-05 -1.46e-05 -0.000491  -0.00018 -4.22e-05 -2.75e-05 -0.000205 -0.000107 -0.000104   0.00974 -0.000807   0.00231  -0.00129  -0.00358  -0.00387  0.000381  -0.00763  -0.00299 -0.000248  -0.00492  -0.00083  -0.00111 -0.000192 -2.65e-05  -0.00046 -9.04e-05  5.08e-06  -0.00174 -0.000627  6.89e-05   -0.0047
   0.0422  0.000492  -0.00143  -0.00217  -0.00527  -0.00161 -3.29e-16 -3.29e-16  1.79e-05 -0.000217 -3.13e-16  -0.00086  -0.00236 -0.000267  -0.00138 -0.000197 -0.000248  -0.00156         1 -0.000511 -1.98e-05 -0.000557 -0.000301 -4.97e-05   -0.0102 -0.000358 -7.58e-05  7.62e-05  6.32e-06 -0.000898 -9.57e-05 -0.000114  0.000227  1.44e-05  -0.00991  -0.00128  4.18e-07  -0.00019 -0.000131  -0.00215 -7.73e-06 -6.35e-05  -0.00244  -0.00615  0.000797   -0.0308 -3.71e-05   0.00342  0.000651   0.00411   0.00194 -0.000791  -0.00419  -0.00392 -0.000268   0.00053  -0.00255 -0.000317 -0.000894   -0.0019  -0.00546   0.00383  -0.00161  -0.00124 -0.000761 -0.000145   -0.0405   -0.0146  -0.00748 -0.000502 -0.000169 -9.08e-06 -2.65e-06 -5.36e-08 -1.21e-08  0.000104  -0.00148 -7.76e-05 -3.03e-05  -0.00118 -0.000368 -8.05e-05 -5.47e-05 -0.000395 -0.000268 -0.000256    0.0204  -0.00175   0.00472  -0.00279  -0.00734  -0.00813  0.000967    -0.016  -0.00659  -0.00054   -0.0105  -0.00192  -0.00259 -0.000431 -5.37e-05  -0.00106 -0.000204  1.04e-05  -0.00386  -0.00139  0.000126  -0.00998
  -0.0337  4.93e-06 -0.000567 -0.000311 -0.000981  -0.00037 -2.13e-16 -2.13e-16 -1.43e-05 -1.55e-05 -2.15e-16 -9.32e-05 -0.000256 -4.09e-05 -0.000197 -2.85e-05 -3.55e-05 -0.000235 -0.000511         1 -6.72e-05 -0.000766  -0.00116  -0.00033  -0.00805  7.21e-05 -0.000234 -0.000174 -0.000163 -0.000484 -0.000131 -0.000105 -0.000144 -0.000177  -0.00391  -0.00144 -4.46e-07 -5.45e-05 -3.39e-05 -0.000925 -3.23e-06 -7.56e-05  -0.00177  -0.00523  -0.00141    -0.016 -2.28e-05 -0.000528  0.000339  0.000499  0.000474  0.000806  0.000789  0.000379  3.23e-05  0.000282  0.000311 -0.000279  0.000117  0.000174 -0.000663 -0.000578 -0.000277 -1.73e-06 -0.000376 -2.77e-05  -0.00432  -0.00239 -0.000724  0.000279 -1.38e-06 -1.01e-06  -4.4e-07 -1.41e-07 -2.78e-09   -0.0012  -0.00032  -5.9e-05 -1.55e-05  -0.00118 -0.000141 -6.52e-05 -4.11e-06  0.000111 -0.000263 -0.000369   -0.0186  0.000213 -0.000408  0.000681    0.0018 -0.000183 -0.000626   0.00187  0.000624  0.000292  -0.00551  -0.00145  -0.00277 -0.000243  1.46e-05 -0.000822  -0.00013 -5.12e-06  -0.00165 -0.000753 -0.000126  -0.00178
  -0.0043 -3.56e-05 -6.22e-05 -2.99e-05 -3.16e-06  1.52e-05   4.2e-17   4.2e-17  -7.2e-06  3.16e-05  3.55e-18 -6.25e-06 -4.18e-05 -1.69e-06 -1.53e-05 -5.07e-07  -8.8e-07 -7.84e-06 -1.98e-05 -6.72e-05         1 -0.000226 -0.000208 -4.32e-05 -0.000695 -2.07e-05 -0.000102 -5.75e-05 -5.81e-05 -7.53e-05 -3.92e-05 -4.31e-05 -2.76e-05 -4.08e-05 -0.000307 -0.000236 -1.88e-08  -2.4e-05 -3.42e-06 -8.01e-05 -1.57e-06 -2.93e-05  -0.00017 -0.000307 -0.000289  -0.00129 -7.85e-06 -0.000408 -0.000233 -0.000422 -0.000202  -9.9e-05  0.000103 -3.87e-05 -0.000145 -0.000166 -0.000113 -9.28e-05  9.22e-05  0.000122 -5.34e-05  -0.00034 -3.84e-05  3.05e-05 -2.35e-05 -1.42e-06 -0.000463 -2.93e-05  0.000185 -2.48e-05  2.91e-06   2.9e-07  2.24e-08 -3.02e-08  -4.1e-09  5.56e-06 -0.000118 -1.15e-05 -1.09e-05 -0.000289 -0.000112 -6.83e-05 -1.72e-05 -5.73e-05 -1.58e-05 -0.000188  -0.00333 -8.93e-05 -0.000535  0.000575  -0.00124  0.000999  -0.00011  0.000346  4.05e-05 -4.97e-05  -0.00276 -0.000337  -0.00108 -6.12e-05  3.97e-06 -0.000148 -2.08e-05 -1.12e-06 -0.000144 -0.000289 -5.32e-05 -8.11e-05
  -0.0427 -0.000599   -0.0033  -0.00135  -0.00148 -0.000353 -2.29e-16 -2.29e-16 -0.000177 -0.000508 -8.18e-16  -0.00046 -0.000468 -5.32e-05 -0.000828 -5.47e-05  -6.2e-05 -0.000266 -0.000557 -0.000766 -0.000226         1  -0.00384 -0.000751   -0.0128  -0.00112  -0.00144 -0.000863  -0.00105  -0.00105 -0.000904  -0.00065  -0.00067 -0.000621  -0.00399  -0.00388 -1.79e-06  0.000129 -3.01e-07 -0.000936  4.61e-06 -0.000922  -0.00275  -0.00491  -0.00493   -0.0176 -0.000103  -0.00759  -0.00904   -0.0111  -0.00731   -0.0037 -0.000936  -0.00328  -0.00295  -0.00296  -0.00344  -0.00134 -0.000222  -0.00345 -0.000694  -0.00226  -3.1e-05  3.02e-05 -0.000934  -0.00048   -0.0106  -0.00621  4.11e-05  0.000334 -0.000233 -2.66e-05 -9.99e-06 -1.83e-06  -1.5e-07   0.00398  -0.00222  -0.00025 -0.000257  -0.00531  -0.00366  -0.00296 -0.000949     -0.01  0.000944  -0.00196    -0.043  0.000517  -0.00694   0.00631   -0.0236   0.00661    -0.015   0.00384 -0.000706  0.000465   -0.0531   -0.0039   -0.0152  -0.00247 -0.000286  -0.00261 -0.000587 -3.47e-05 -0.000235  -0.00589 -6.46e-06  -0.00261
  -0.0726 -0.000423  -0.00253 -0.000454  -0.00103 -0.000394 -8.02e-16 -8.02e-16 -7.26e-05 -0.000112  -1.1e-15 -6.81e-05 -0.000108 -2.72e-05 -0.000265  -1.1e-05 -6.85e-06 -0.000139 -0.000301  -0.00116 -0.000208  -0.00384         1  -0.00101   -0.0173   -0.0004  -0.00106 -0.000747 -0.000741  -0.00117 -0.000717  -0.00056 -0.000721 -0.000601  -0.00474   -0.0039 -1.21e-06  7.66e-05 -1.68e-05  -0.00124  4.11e-06 -0.000461  -0.00337  -0.00883  -0.00478   -0.0267 -8.99e-05  -0.00451  -0.00257  -0.00219  -0.00122 -0.000531   0.00211  2.08e-05 -0.000685  -0.00035 -0.000701 -0.000337  0.000583  -0.00149 -8.92e-05  -0.00182  0.000375  0.000512 -0.000654 -0.000133  -0.00417  -0.00334  0.000578  0.000952 -6.24e-05  7.77e-06 -3.53e-06 -9.42e-07 -5.49e-08   0.00182  -0.00108  0.000111 -0.000121  -0.00215  -0.00149  -0.00106  -0.00029   -0.0024  0.000276  -0.00115   -0.0681   0.00192  -0.00279   0.00157  -0.00473  0.000962   -0.0108   0.00929   0.00638   0.00106   -0.0266    -0.002   -0.0082 -0.000668 -5.02e-05  -0.00141 -0.000241 -2.21e-05 -0.000447  -0.00277 -0.000165   -0.0015
 -0.00912 -0.000153  -0.00102 -5.86e-05 -0.000295  -0.00018  -1.5e-16  -1.5e-16  2.75e-06  6.27e-05 -3.24e-16 -3.27e-05  0.000118 -4.83e-06 -4.91e-05 -1.24e-05 -1.32e-05 -2.07e-05 -4.97e-05  -0.00033 -4.32e-05 -0.000751  -0.00101         1  -0.00618 -0.000127 -0.000386  -0.00021 -0.000188  -0.00042 -0.000188 -0.000157 -0.000255 -0.000159  -0.00158  -0.00105 -3.39e-07   6.5e-05  2.55e-05 -0.000552  3.15e-06 -6.15e-05  -0.00129  -0.00391  -0.00153   -0.0113 -1.51e-05  -0.00213  -0.00314  -0.00502  -0.00198 -0.000376 -0.000135  -0.00126 -0.000676 -0.000247  -0.00103  -0.00065 -0.000312 -0.000931 -0.000107 -0.000756  0.000221  0.000207 -0.000208  7.27e-06 -0.000986 -0.000721  -0.00013  0.000447 -2.12e-05  7.92e-06  3.15e-07 -1.87e-08  3.19e-09 -0.000382  4.95e-05  4.97e-05 -6.15e-06  0.000247 -4.25e-05 -4.21e-05  1.59e-05  0.000412  0.000121 -0.000201  -0.00779   0.00121  -0.00106   0.00155    0.0043   0.00115  -0.00283   0.00391   0.00147  0.000454  -0.00213  0.000136 -0.000659   0.00016  3.05e-05  3.38e-05  3.18e-05 -7.24e-06  9.23e-05 -0.000144  4.98e-05 -0.000359
   -0.374  -9.8e-05   -0.0151  -0.00647   -0.0202  -0.00796 -3.17e-15 -3.17e-15   1.4e-05 -0.000581 -3.56e-15  -0.00247  -0.00427 -0.000831  -0.00436 -0.000699  -0.00087  -0.00473   -0.0102  -0.00805 -0.000695   -0.0128   -0.0173  -0.00618         1   0.00022  -0.00452  -0.00246  -0.00216  -0.00966  -0.00166  -0.00159  -0.00299   -0.0025    -0.075   -0.0238 -8.11e-06 -9.67e-05 -0.000296   -0.0186 -7.18e-06  -0.00108   -0.0355    -0.107   -0.0271    -0.317 -0.000235   -0.0164   -0.0244   -0.0416    -0.015   0.00843   0.00219  -0.00848  -0.00693 -0.000385  -0.00512   -0.0101  -0.00545  -0.00796   -0.0152   -0.0124   -0.0046  -0.00233  -0.00775 -0.000686   -0.0957   -0.0479   -0.0218   0.00522 -0.000425 -5.02e-05 -1.05e-05 -1.76e-06 -1.77e-09   -0.0285  -0.00323  -0.00168 -0.000122   -0.0169  -0.00137    -0.001 -0.000102 -0.000344  -0.00379  -0.00355    -0.202   0.00759  -0.00977   0.00125    0.0458   -0.0166   -0.0167    0.0201    -0.014   0.00587   -0.0366   -0.0206   -0.0346  -0.00339  3.78e-06   -0.0122  -0.00187 -0.000111   -0.0289   -0.0112 -0.000898   -0.0358
   0.0245 -0.000313  -0.00107 -0.000413  -0.00049 -5.75e-05  3.38e-17  3.38e-17 -2.69e-05 -8.97e-05 -3.07e-16 -0.000186 -0.000397 -3.14e-05 -0.000259 -2.87e-05 -3.29e-05 -0.000176 -0.000358  7.21e-05 -2.07e-05  -0.00112   -0.0004 -0.000127   0.00022         1  -0.00049 -0.000166 -0.000193 -0.000305 -0.000259 -0.000266 -0.000181 -7.06e-05  0.000426 -0.000451  2.46e-07  8.77e-05  3.19e-05 -0.000203  5.84e-06 -0.000137 -1.82e-05    0.0013 -0.000497 -3.24e-05 -1.38e-05  -0.00231  -0.00521    -0.007  -0.00342  -0.00364  -0.00259  -0.00388  -0.00113   -0.0011  -0.00296 -0.000339 -0.000939  -0.00229  -0.00101  0.000127   0.00032  2.54e-06   9.3e-05 -5.55e-05  -0.00969  -0.00185 -0.000961  -0.00029 -9.49e-05  7.59e-06 -8.96e-07 -9.76e-08 -2.19e-08   0.00248 -0.000388  0.000158  -4.1e-05  0.000707 -0.000566 -0.000426  -0.00013  -0.00117  0.000518  -0.00031   0.00575  0.000259 -0.000947   -0.0021  -0.00559 -0.000995  -0.00584  -0.00296  -0.00177 -0.000293  -0.00912  0.000896 -0.000369  2.16e-06 -2.95e-05  0.000371  3.76e-05 -3.43e-06   0.00137 -0.000684  0.000146 -0.000975
   0.0103 -0.000429  -0.00129 -4.44e-05  1.66e-05  6.18e-05  3.39e-16  3.39e-16 -3.01e-05  0.000146 -1.24e-16 -2.33e-05 -0.000183  -8.2e-06 -4.24e-05 -2.57e-06 -1.98e-06  -3.3e-05 -7.58e-05 -0.000234 -0.000102  -0.00144  -0.00106 -0.000386  -0.00452  -0.00049         1 -0.000327 -0.000266 -0.000756 -0.000207  -0.00036 -0.000367 -0.000229  -0.00127  -0.00134 -6.44e-08  4.87e-05  4.44e-05  -0.00092   3.1e-06 -8.62e-05   -0.0013  -0.00264  -0.00237   -0.0109 -9.97e-06   -0.0043  -0.00729   -0.0122  -0.00539  -0.00306  -0.00171   -0.0036  -0.00166  -0.00157  -0.00278  -0.00106 -0.000686  -0.00112 -0.000959  -0.00287  0.000481  0.000263  0.000101  2.44e-05  -0.00861  0.000774 -0.000371 -0.000254 -5.95e-05  8.68e-06  6.52e-07 -3.52e-09 -1.48e-08   0.00134  0.000147  2.47e-05 -3.11e-05  0.000976  -0.00034 -0.000287  -5.7e-05 -0.000246  0.000457  -0.00036    -0.015  0.000711  -0.00342    0.0026  -0.00554    0.0057  -0.00339  0.000303 -0.000109 -0.000167  -0.00467   0.00119  -0.00023  0.000229  3.21e-05  0.000697  0.000131 -7.16e-06    0.0018 -3.97e-05 -6.52e-06 -6.17e-05
 -0.00627 -0.000175 -0.000508    -5e-05   7.3e-05  3.35e-05 -3.64e-18 -3.64e-18 -2.33e-05  1.67e-05 -1.56e-16 -1.28e-05  4.25e-05   5.2e-06 -2.68e-05     1e-06  2.43e-06  3.75e-05  7.62e-05 -0.000174 -5.75e-05 -0.000863 -0.000747  -0.00021  -0.00246 -0.000166 -0.000327         1 -0.000196 -0.000219 -0.000174 -0.000147 -0.000162 -0.000131 -0.000361 -0.000743 -2.04e-07   1.3e-05  1.12e-05 -0.000176  1.54e-07 -0.000112 -0.000514  -0.00106  -0.00103   -0.0034 -1.86e-05  -0.00178  -0.00192  -0.00294   -0.0014 -0.000756  4.52e-05 -0.000677 -0.000522 -0.000484 -0.000686 -0.000313  -3.2e-05 -0.000411  8.99e-05 -0.000804  0.000134  0.000174 -7.74e-05 -2.41e-05  4.47e-05  2.83e-06  0.000524   0.00011 -1.29e-05  2.74e-06 -3.53e-07 -1.43e-07  -1.3e-08  0.000377 -0.000227  1.96e-05 -3.03e-05 -0.000455 -0.000369 -0.000279 -7.36e-05 -0.000558  0.000116 -0.000415  -0.00891   0.00035  -0.00154   0.00107  -0.00136   0.00183  -0.00248   0.00231   0.00063  8.56e-05  -0.00742 -0.000425   -0.0022 -0.000148 -6.47e-07  -0.00025 -4.12e-05 -5.93e-06  0.000132 -0.000713 -4.54e-05  0.000106
 -0.00261 -0.000141   -0.0005 -0.000222 -0.000107 -1.93e-05 -4.57e-17 -4.57e-17  -3.4e-05 -4.89e-05 -1.82e-16 -8.64e-05     2e-05 -7.31e-07 -0.000129 -1.06e-05 -1.19e-05  4.22e-06  6.32e-06 -0.000163 -5.81e-05  -0.00105 -0.000741 -0.000188  -0.00216 -0.000193 -0.000266 -0.000196         1 -0.000109 -0.000229 -0.000125 -0.000117 -0.000127 -0.000339  -0.00072 -3.09e-07  3.23e-06  4.29e-06 -2.31e-05 -1.08e-06 -0.000181 -0.000373 -0.000569 -0.000763  -0.00193 -2.73e-05  -0.00167  -0.00157  -0.00193  -0.00116 -0.000629  9.62e-06 -0.000601 -0.000565 -0.000494 -0.000691 -0.000329 -1.01e-05 -0.000595  0.000183 -0.000193 -3.29e-05  0.000117 -0.000195 -7.53e-05  0.000804  -0.00101  0.000611  0.000184 -2.24e-05 -7.58e-07 -1.18e-06 -2.55e-07 -2.18e-08  0.000275 -0.000531 -3.56e-06 -4.72e-05  -0.00123 -0.000627 -0.000481 -0.000144  -0.00132  9.42e-05 -0.000632  -0.00285  0.000175  -0.00155    0.0014  -0.00146    0.0015  -0.00307   0.00254  1.17e-05  0.000103   -0.0127   -0.0012  -0.00391 -0.000436 -2.54e-05 -0.000699 -0.000132 -7.63e-06 -0.000454  -0.00136 -3.58e-05 -0.000259
  -0.0241 -0.000259  -0.00136 -0.000362  -0.00132 -0.000416   1.2e-16   1.2e-16 -8.89e-07  7.29e-05 -1.42e-16 -0.000133 -0.000687 -7.34e-05 -0.000259 -4.17e-05 -5.25e-05 -0.000418 -0.000898 -0.000484 -7.53e-05  -0.00105  -0.00117  -0.00042  -0.00966 -0.000305 -0.000756 -0.000219 -0.000109         1 -6.84e-05 -0.000307 -0.000342 -0.000203  -0.00541  -0.00188 -4.19e-08  4.61e-07  -1.3e-06  -0.00188  2.15e-06  1.77e-05  -0.00271  -0.00716  -0.00263   -0.0246 -5.36e-07  -0.00254  -0.00534  -0.00937  -0.00372   -0.0021  -0.00153  -0.00306  -0.00112 -0.000928  -0.00205 -0.000884 -0.000956 -0.000939  -0.00226   -0.0027  5.54e-05 -0.000153 -0.000159  3.46e-05   -0.0166  -0.00196  -0.00246 -0.000336 -5.87e-05  4.18e-06   7.2e-07  1.06e-07  2.57e-09 -0.000447   0.00016 -4.98e-05  1.41e-06  0.000621  0.000113  0.000115  6.11e-05  0.000848 -1.02e-05 -3.45e-05   -0.0239    0.0003  -0.00171   -0.0019   -0.0037  0.000128  -0.00152  -0.00332  -0.00229  -0.00017   0.00325  0.000475  0.000676  0.000292  3.54e-05  0.000258  6.85e-05  -3.8e-06 -0.000182  0.000135 -9.27e-05  -0.00252
 0.000762 -0.000123  -0.00061 -0.000275 -0.000287 -7.75e-05 -2.02e-16 -2.02e-16 -2.35e-05 -6.59e-05 -3.37e-16 -0.000108 -5.13e-05 -8.89e-06 -0.000159  -1.6e-05 -1.74e-05 -4.74e-05 -9.57e-05 -0.000131 -3.92e-05 -0.000904 -0.000717 -0.000188  -0.00166 -0.000259 -0.000207 -0.000174 -0.000229 -6.84e-05         1 -0.000138 -0.000111 -0.000102  0.000135 -0.000567  -1.4e-07  2.88e-05  5.21e-06  9.91e-05  9.66e-07 -0.000163 -0.000118   0.00015 -0.000377 -0.000583 -2.98e-05  -0.00115  -0.00116  -0.00063 -0.000481 -0.000892   -0.0003 -0.000921 -0.000352 -0.000203 -0.000927 -9.13e-05 -6.26e-05  -0.00105  6.21e-05  0.000717   5.5e-05  0.000126 -0.000143 -6.19e-05 -0.000687  -0.00172   0.00029  0.000243  -3.2e-05  4.67e-06 -1.05e-06 -2.11e-07  -1.7e-08  0.000971 -0.000561  0.000104 -4.14e-05 -0.000624 -0.000537 -0.000379 -0.000111 -0.000898  0.000178 -0.000519 -0.000229  0.000388 -0.000431  7.37e-05 -0.000369 -0.000539  -0.00412   0.00195  0.000741  0.000153   -0.0119 -0.000668  -0.00288 -0.000246  -1.9e-05  -0.00045 -8.61e-05 -5.42e-06 -0.000106  -0.00113   3.7e-05  -0.00051
 -0.00183 -0.000198 -0.000555 -7.39e-05 -0.000104  1.12e-05  1.74e-17  1.74e-17 -1.39e-05  3.08e-05 -1.69e-16 -2.19e-05 -0.000173    -1e-05 -4.48e-05 -2.89e-06 -2.34e-06 -5.47e-05 -0.000114 -0.000105 -4.31e-05  -0.00065  -0.00056 -0.000157  -0.00159 -0.000266  -0.00036 -0.000147 -0.000125 -0.000307 -0.000138         1  -0.00016 -9.81e-05 -0.000315   -0.0006  9.64e-08  2.09e-05  1.19e-05 -0.000309  1.84e-06  -4.7e-05 -0.000394 -0.000496 -0.000826  -0.00334 -1.07e-05  -0.00146  -0.00235  -0.00349   -0.0015  -0.00158 -0.000703   -0.0015 -0.000468 -0.000483  -0.00119 -0.000165 -0.000251  -0.00068 -0.000477 -0.000688  0.000238   0.00012  7.61e-05  1.14e-05  -0.00464 -0.000166 -0.000201 -0.000124 -2.64e-05  6.98e-06     2e-07 -1.81e-08  -6.9e-09   0.00112 -9.13e-05  8.88e-05 -1.74e-05  0.000493 -0.000175 -0.000103 -1.85e-05  4.87e-05  0.000199 -0.000195  -0.00888  0.000258 -0.000848 -0.000635   -0.0028  0.000557  -0.00252 -0.000337  0.000311 -0.000105  -0.00361  0.000506 -0.000201  0.000136  1.29e-05  0.000257  4.81e-05 -1.98e-06  0.000772 -0.000163 -9.19e-06 -0.000238
 -0.00264 -0.000272 -0.000625  0.000169  0.000323  8.15e-05 -3.09e-17 -3.09e-17 -6.67e-06  1.68e-05  -1.8e-16  6.79e-05  0.000171  1.71e-05  9.66e-05  1.33e-05  1.83e-05  0.000107  0.000227 -0.000144 -2.76e-05  -0.00067 -0.000721 -0.000255  -0.00299 -0.000181 -0.000367 -0.000162 -0.000117 -0.000342 -0.000111  -0.00016         1 -0.000116 -0.000353 -0.000767 -1.48e-07  7.58e-05  3.21e-05 -0.000355  4.61e-06 -3.73e-05 -0.000802  -0.00208  -0.00147  -0.00498 -1.65e-06  -0.00219  -0.00305  -0.00528  -0.00225  -0.00121  1.51e-05 -0.000989 -0.000555 -0.000567 -0.000786 -0.000307 -0.000406 -0.000724  0.000149  -0.00155  0.000411   0.00019  7.81e-06  1.64e-05  0.000794   0.00129  0.000423  8.25e-05 -8.36e-06  5.73e-06  3.26e-07 -2.26e-08 -1.03e-09  6.51e-05  0.000174  5.01e-05  -4.9e-06  0.000333 -4.18e-05 -5.05e-05  1.89e-06  0.000133  0.000107 -8.15e-05   -0.0146  0.000749  -0.00165  -0.00163  0.000437  -3.4e-05   -0.0031   0.00244  0.000274  0.000139  0.000337  0.000396  5.18e-05  0.000148  1.14e-05   0.00014  3.56e-05 -6.25e-06  0.000586 -0.000103 -3.25e-05  0.000657
 -0.00679 -9.88e-05 -0.000323  -1.9e-05 -2.25e-05 -8.18e-06 -4.69e-18 -4.69e-18 -2.31e-05 -2.02e-06 -9.88e-17  8.32e-06  5.52e-06  8.26e-07  -9.8e-06  2.73e-06  4.11e-06   8.6e-06  1.44e-05 -0.000177 -4.08e-05 -0.000621 -0.000601 -0.000159   -0.0025 -7.06e-05 -0.000229 -0.000131 -0.000127 -0.000203 -0.000102 -9.81e-05 -0.000116         1   -0.0007  -0.00065 -2.45e-07  2.19e-06  5.85e-07 -0.000277 -1.14e-07 -6.53e-05 -0.000519  -0.00129 -0.000841  -0.00424  -9.3e-06  -0.00109    -0.001  -0.00167 -0.000753 -0.000296   0.00018  -0.00024 -0.000184 -0.000157 -0.000193 -0.000188  4.64e-05 -2.44e-05  -4.4e-05 -0.000731  0.000102  0.000156 -4.74e-05 -1.52e-05 -0.000804  3.35e-05  0.000143  7.41e-05 -9.11e-06  7.51e-07 -2.94e-07  -1.2e-07 -8.96e-09  0.000292 -5.86e-05 -5.13e-06 -1.76e-05 -0.000221 -0.000221 -0.000182 -4.64e-05 -0.000445  7.96e-05 -0.000201   -0.0107  0.000268  -0.00096   0.00156  -0.00076    0.0019  -0.00119    0.0016   0.00104  0.000112  -0.00425 -0.000117 -0.000968 -0.000114  4.08e-06 -9.48e-05 -2.24e-05 -3.67e-06  0.000201 -0.000242 -2.86e-05 -2.76e-06
   -0.189  0.000246  -0.00305  -0.00614   -0.0161  -0.00541 -2.21e-16 -2.21e-16 -7.76e-05   -0.0012  5.59e-16  -0.00246  -0.00617 -0.000798  -0.00401 -0.000634 -0.000819   -0.0046  -0.00991  -0.00391 -0.000307  -0.00399  -0.00474  -0.00158    -0.075  0.000426  -0.00127 -0.000361 -0.000339  -0.00541  0.000135 -0.000315 -0.000353   -0.0007         1   -0.0128 -2.78e-06 -0.000965 -0.000479   -0.0134 -5.17e-05 -0.000374   -0.0216   -0.0612   -0.0104    -0.186 -5.17e-05 -0.000381  -0.00361   -0.0121  -0.00368   0.00183   -0.0019  -0.00444  -0.00265  -0.00166 -0.000376  -0.00481  -0.00643  -0.00071   -0.0156  -0.00803  -0.00712  -0.00469  -0.00515 -0.000676    -0.089   -0.0376    -0.019  -0.00156 -0.000134 -0.000112 -6.33e-06 -1.15e-07  1.34e-08   -0.0299  -0.00467  -0.00201 -2.51e-05   -0.0217 -0.000227  0.000187   9.7e-06   -0.0006  -0.00616  -0.00387   -0.0583  -0.00832  -0.00683   -0.0374   0.00623   -0.0377   0.00737   -0.0275   -0.0523  -0.00181   -0.0278   -0.0262   -0.0346  -0.00505 -0.000135   -0.0146  -0.00251 -4.42e-05   -0.0345   -0.0132  -0.00211   -0.0326
    -0.13 -0.000804  -0.00183 -0.000994  -0.00224 -0.000731 -2.32e-16 -2.32e-16 -0.000133 -0.000384 -4.95e-16 -0.000336 -0.000838 -0.000106 -0.000635 -8.28e-05 -0.000104 -0.000585  -0.00128  -0.00144 -0.000236  -0.00388   -0.0039  -0.00105   -0.0238 -0.000451  -0.00134 -0.000743  -0.00072  -0.00188 -0.000567   -0.0006 -0.000767  -0.00065   -0.0128         1 -1.48e-06 -0.000112 -6.05e-05  -0.00347 -6.52e-06  -0.00044  -0.00633   -0.0165  -0.00636   -0.0472 -5.59e-05  -0.00647   -0.0059   -0.0112  -0.00476  -0.00282   0.00131   -0.0018  -0.00137   -0.0016 -0.000966  -0.00133  -0.00163  -0.00113   -0.0021  -0.00568 -0.000561 -0.000112  -0.00115 -0.000213   -0.0116  -0.00476  -0.00102 -6.84e-05 -2.55e-05 -1.31e-05 -2.33e-06 -5.69e-07 -3.76e-08  -0.00523  -0.00147 -0.000278 -9.33e-05  -0.00632  -0.00113 -0.000804 -0.000213    -0.002  -0.00112  -0.00211   -0.0695 -0.000495  -0.00738   -0.0105  -0.00101  -0.00581  -0.00936   0.00458  -0.00846 -7.41e-05   -0.0283    -0.007   -0.0136  -0.00164 -2.55e-05  -0.00418 -0.000744 -3.29e-05  -0.00677  -0.00511  -0.00076  -0.00478
 4.74e-05  2.84e-08 -4.25e-07 -1.22e-07 -3.75e-08 -1.92e-07 -8.87e-20 -8.87e-20 -9.41e-08 -3.53e-07  -2.3e-20 -2.71e-08  6.86e-07  3.25e-08 -8.75e-08  1.96e-09  3.25e-09  2.07e-07  4.18e-07 -4.46e-07 -1.88e-08 -1.79e-06 -1.21e-06 -3.39e-07 -8.11e-06  2.46e-07 -6.44e-08 -2.04e-07 -3.09e-07 -4.19e-08  -1.4e-07  9.64e-08 -1.48e-07 -2.45e-07 -2.78e-06 -1.48e-06         1  6.05e-08 -7.24e-09 -4.72e-07  -6.7e-10 -3.19e-07 -1.66e-06 -5.61e-06 -1.97e-06 -1.11e-05 -3.54e-09 -2.26e-06 -9.07e-07 -2.28e-06 -1.84e-06  2.48e-06   2.1e-06  2.12e-06 -2.19e-07   3.6e-08  1.85e-06  -8.9e-07  1.77e-07  5.18e-07  1.34e-06 -1.53e-06 -2.26e-07  2.18e-07 -7.18e-07 -2.48e-07  1.12e-05 -4.32e-07  8.88e-07   8.6e-07 -2.98e-08    -3e-08 -4.47e-09 -8.13e-10 -4.42e-11 -2.44e-06 -1.49e-07 -4.17e-07 -5.67e-08 -3.62e-06 -1.08e-06 -1.12e-06 -3.64e-07 -4.88e-06 -6.47e-08 -4.15e-07 -1.44e-05   7.9e-07 -3.33e-06  8.88e-06  4.94e-06   6.3e-06 -1.19e-06  9.08e-06   1.1e-06  1.05e-06 -1.39e-05 -2.69e-06 -5.31e-06 -1.57e-06 -1.08e-07 -1.78e-06    -4e-07 -2.03e-08 -1.75e-06 -1.58e-06  3.24e-08  4.04e-07
  -0.0021  4.02e-05  0.000373 -0.000108   -0.0002  -3.1e-05  7.83e-17  7.83e-17 -8.19e-06  7.59e-06  1.34e-16 -3.62e-05 -0.000183 -1.46e-05 -6.08e-05 -9.03e-06 -1.31e-05 -8.62e-05  -0.00019 -5.45e-05  -2.4e-05  0.000129  7.66e-05   6.5e-05 -9.67e-05  8.77e-05  4.87e-05   1.3e-05  3.23e-06  4.61e-07  2.88e-05  2.09e-05  7.58e-05  2.19e-06 -0.000965 -0.000112  6.05e-08         1 -2.59e-05 -0.000139 -5.04e-06  1.68e-06 -0.000127 -0.000214  0.000171  -0.00107 -4.97e-06  0.000532   0.00136   0.00189  0.000898  0.000328  0.000322   0.00056  0.000185  6.06e-05   0.00045  6.56e-05  0.000136  0.000644 -0.000247 -0.000101 -0.000303 -9.82e-05 -6.03e-05 -3.19e-06 -0.000933 -0.000494  2.95e-06 -0.000168  2.27e-05 -3.11e-06  2.19e-07  3.52e-08  6.66e-10  -0.00081 -0.000239 -5.55e-05 -3.19e-06 -0.000879  3.66e-06  4.79e-05  1.27e-05  0.000219 -0.000266 -0.000257 -0.000596 -0.000703 -0.000166 -0.000694 -0.000907 -0.000242   0.00146 -0.000982  -0.00135 -0.000236   -0.0026  -0.00111  -0.00171 -0.000182   8.4e-06 -0.000536 -8.94e-05  9.65e-07  -0.00116 -0.000481 -0.000139 -0.000598
 -0.00106  4.19e-05  8.83e-05 -8.48e-05 -0.000202 -5.62e-05 -2.83e-17 -2.83e-17 -3.51e-06 -2.39e-05  9.57e-18 -2.58e-05 -0.000104 -1.04e-05    -5e-05 -5.88e-06 -7.73e-06 -6.16e-05 -0.000131 -3.39e-05 -3.42e-06 -3.01e-07 -1.68e-05  2.55e-05 -0.000296  3.19e-05  4.44e-05  1.12e-05  4.29e-06  -1.3e-06  5.21e-06  1.19e-05  3.21e-05  5.85e-07 -0.000479 -6.05e-05 -7.24e-09 -2.59e-05         1 -6.03e-05 -1.37e-06  -6.7e-06 -6.19e-05 -0.000148  0.000107 -0.000782 -2.67e-06  0.000431  0.000822   0.00142  0.000619  0.000227   0.00013    0.0003  0.000166  0.000138  0.000246    0.0001   8.6e-05  0.000176 -0.000155    0.0002 -0.000122 -5.62e-05  -4.1e-05  -1.1e-05  -0.00103 -0.000576 -0.000189 -3.37e-05  1.64e-06 -1.77e-06 -2.25e-07 -2.99e-08 -1.67e-09 -0.000103 -0.000115 -1.57e-05 -3.05e-06 -0.000313 -3.62e-05 -1.26e-05 -7.47e-06 -9.18e-05 -7.56e-05 -4.45e-05  -0.00122 -0.000231  0.000271 -0.000272 -0.000551 -0.000511  0.000366 -0.000611 -0.000215 -3.88e-05  -0.00114 -0.000355   -0.0005  -9.4e-05 -5.14e-06 -0.000196 -3.79e-05  6.68e-07 -0.000399 -0.000166 -2.91e-05 -0.000406
  -0.0438   -0.0003   -0.0012 -0.000938   -0.0032  -0.00105  3.82e-16  3.82e-16 -3.75e-05 -0.000123  1.78e-16 -0.000375   -0.0015 -0.000173 -0.000653 -0.000114 -0.000148 -0.000995  -0.00215 -0.000925 -8.01e-05 -0.000936  -0.00124 -0.000552   -0.0186 -0.000203  -0.00092 -0.000176 -2.31e-05  -0.00188  9.91e-05 -0.000309 -0.000355 -0.000277   -0.0134  -0.00347 -4.72e-07 -0.000139 -6.03e-05         1  -4.8e-06  0.000113  -0.00557   -0.0154  -0.00382   -0.0502  3.23e-05   -0.0027  -0.00677   -0.0141  -0.00514  -0.00261  -0.00242  -0.00438  -0.00108 -0.000891  -0.00188  -0.00163  -0.00237 -0.000373  -0.00471  -0.00484 -0.000692 -0.000604 -0.000582 -3.71e-06   -0.0301   -0.0051  -0.00561 -0.000891 -6.39e-05 -1.07e-05  1.49e-06  3.83e-07  2.33e-08  -0.00503  0.000236 -0.000344  4.42e-05  -0.00119  0.000641  0.000483  0.000179   0.00153 -0.000884 -0.000192   -0.0306 -0.000946  -0.00301  -0.00641   0.00135  -0.00325    0.0017  -0.00816     -0.01 -0.000618   0.00781  -0.00178  0.000122 -0.000176  7.81e-05  -0.00104 -0.000183 -6.65e-06  -0.00413 -0.000173 -0.000353  -0.00636
 6.55e-05  2.38e-06   2.2e-05 -6.45e-06 -8.21e-06 -1.17e-06  5.37e-18  5.37e-18 -6.19e-07  3.37e-07  8.54e-18 -2.44e-06 -6.91e-06  -5.9e-07 -3.61e-06 -5.39e-07 -7.81e-07 -3.41e-06 -7.73e-06 -3.23e-06 -1.57e-06  4.61e-06  4.11e-06  3.15e-06 -7.18e-06  5.84e-06   3.1e-06  1.54e-07 -1.08e-06  2.15e-06  9.66e-07  1.84e-06  4.61e-06 -1.14e-07 -5.17e-05 -6.52e-06  -6.7e-10 -5.04e-06 -1.37e-06  -4.8e-06         1 -1.06e-06 -7.05e-06 -1.39e-05  8.96e-06 -4.25e-05 -3.99e-07  2.09e-05  7.24e-05  9.67e-05  4.33e-05   2.7e-05  2.39e-05  3.71e-05  5.92e-06  1.24e-07  2.76e-05  -1.2e-06  8.75e-06  3.79e-05 -5.27e-06 -6.67e-06 -1.95e-05 -5.11e-06 -5.95e-06 -8.55e-07  2.31e-05 -2.68e-05  1.23e-05 -6.38e-06  1.43e-06 -2.48e-07  5.22e-09  6.51e-10    -6e-11 -6.05e-05 -1.64e-05 -4.41e-06 -4.09e-07 -6.63e-05 -3.32e-06 -5.35e-07    -3e-07  1.63e-06 -1.62e-05 -1.95e-05   8.1e-05 -3.97e-05 -2.52e-05 -8.46e-06 -2.44e-05  1.28e-05  8.33e-05 -1.69e-05 -8.52e-05 -1.16e-05 -0.000224 -7.97e-05 -0.000134 -1.53e-05  2.68e-07 -3.91e-05  -6.6e-06 -1.53e-08 -7.72e-05 -3.83e-05 -8.22e-06 -2.89e-05
 -3.5e-05 -5.47e-05 -0.000305 -0.000301 -0.000241 -5.89e-05 -8.36e-17 -8.36e-17 -3.03e-05 -0.000131  -1.1e-16 -0.000117 -2.24e-05 -6.47e-06 -0.000179 -1.52e-05 -1.83e-05 -3.02e-05 -6.35e-05 -7.56e-05 -2.93e-05 -0.000922 -0.000461 -6.15e-05  -0.00108 -0.000137 -8.62e-05 -0.000112 -0.000181  1.77e-05 -0.000163  -4.7e-05 -3.73e-05 -6.53e-05 -0.000374  -0.00044 -3.19e-07  1.68e-06  -6.7e-06  0.000113 -1.06e-06         1  -0.00019 -9.92e-05 -0.000358  0.000161 -2.29e-05 -0.000825 -0.000455  3.43e-05 -0.000503 -0.000211  0.000143 -7.56e-06 -0.000392 -0.000417 -0.000244 -0.000138  1.33e-05 -0.000546  0.000208  0.000247 -0.000198 -7.14e-05 -0.000258 -0.000112   0.00127  -0.00151  0.000419  0.000128 -2.65e-05 -7.37e-06 -2.04e-06 -3.39e-07 -2.66e-08  2.55e-05 -0.000634 -6.19e-05 -4.94e-05  -0.00175  -0.00071 -0.000558 -0.000186  -0.00195  8.14e-06 -0.000529    0.0002 -0.000195  -0.00106  0.000142  -0.00279 -0.000219  -0.00255   0.00118  -0.00114  5.61e-05   -0.0121  -0.00165  -0.00425 -0.000641 -6.36e-05 -0.000982 -0.000195 -6.83e-06 -0.000969  -0.00162 -3.62e-05 -0.000513
  -0.0613 -0.000567  -0.00256  -0.00142  -0.00426  -0.00162 -5.67e-17 -5.67e-17 -1.29e-05 -0.000273 -6.43e-17 -0.000599   -0.0012 -0.000199 -0.000991 -0.000175 -0.000226  -0.00112  -0.00244  -0.00177  -0.00017  -0.00275  -0.00337  -0.00129   -0.0355 -1.82e-05   -0.0013 -0.000514 -0.000373  -0.00271 -0.000118 -0.000394 -0.000802 -0.000519   -0.0216  -0.00633 -1.66e-06 -0.000127 -6.19e-05  -0.00557 -7.05e-06  -0.00019         1   -0.0292  -0.00799   -0.0805 -1.31e-05  -0.00639  -0.00963     -0.02  -0.00799 -0.000804  0.000505  -0.00293  -0.00276   -0.0023  -0.00143  -0.00302  -0.00327  -0.00161  -0.00413   -0.0079  -0.00155   -0.0012    -0.002 -0.000178   -0.0199   -0.0081  -0.00449  1.67e-05 -2.36e-05 -3.01e-05 -7.89e-07 -1.38e-08  1.53e-08    -0.013 -0.000878 -0.000743 -2.98e-07  -0.00751  7.48e-05  7.63e-05   5.6e-05  0.000594  -0.00217  -0.00154   -0.0533 -0.000613  -0.00794    -0.016   0.00845   -0.0119  -0.00329  0.000636   -0.0186  1.54e-05  -0.00286   -0.0091    -0.013  -0.00142 -1.22e-05  -0.00515 -0.000821 -3.66e-05   -0.0117  -0.00496 -0.000892  -0.00868
   -0.135 -0.000691  -0.00706  -0.00307   -0.0118  -0.00503 -7.54e-16 -7.54e-16  0.000119 -0.000436 -2.37e-16  -0.00135  -0.00195 -0.000498  -0.00227 -0.000462 -0.000595  -0.00279  -0.00615  -0.00523 -0.000307  -0.00491  -0.00883  -0.00391    -0.107    0.0013  -0.00264  -0.00106 -0.000569  -0.00716   0.00015 -0.000496  -0.00208  -0.00129   -0.0612   -0.0165 -5.61e-06 -0.000214 -0.000148   -0.0154 -1.39e-05 -9.92e-05   -0.0292         1   -0.0216    -0.239  1.33e-05   -0.0139   -0.0216    -0.049    -0.018   0.00653   0.00476  -0.00316  -0.00612   -0.0032  7.52e-05   -0.0089  -0.00793  -0.00251  -0.00954   -0.0202  -0.00428  -0.00309  -0.00599 -0.000308   -0.0378   -0.0212    -0.013   0.00209  3.05e-05 -8.08e-05  5.49e-07  4.28e-07  1.29e-07   -0.0409 -0.000348  -0.00221  0.000158   -0.0179   0.00222   0.00157  0.000611   0.00579  -0.00626  -0.00229    -0.134   0.00171   -0.0169   -0.0319    0.0535   -0.0294  0.000976    0.0133   -0.0413   0.00231    0.0307   -0.0225   -0.0262  -0.00271  8.73e-05   -0.0127   -0.0019 -9.55e-05   -0.0323  -0.00919    -0.002   -0.0226
  -0.0399   -0.0015  -0.00309  0.000619    0.0011  0.000213  4.84e-16  4.84e-16  -8.9e-05  5.54e-05 -1.45e-16  0.000281  0.000683  5.79e-05   0.00031  4.64e-05  5.76e-05  0.000404  0.000797  -0.00141 -0.000289  -0.00493  -0.00478  -0.00153   -0.0271 -0.000497  -0.00237  -0.00103 -0.000763  -0.00263 -0.000377 -0.000826  -0.00147 -0.000841   -0.0104  -0.00636 -1.97e-06  0.000171  0.000107  -0.00382  8.96e-06 -0.000358  -0.00799   -0.0216         1    -0.053 -9.96e-06    -0.014   -0.0173   -0.0336   -0.0149  -0.00422   0.00249  -0.00282  -0.00414  -0.00466  -0.00232  -0.00306  -0.00216  -0.00129  9.27e-05    -0.014  0.000992  0.000423 -0.000807 -5.49e-05   0.00454   0.00699    0.0024  2.98e-05  5.44e-06 -1.11e-05 -2.25e-07  -5.1e-07 -3.57e-08  -0.00623  0.000491 -0.000512 -7.03e-05  -0.00404 -0.000837 -0.000839 -0.000188  -0.00174  -0.00058  -0.00139     -0.11   0.00197   -0.0152  -0.00714  -0.00556   0.00522   -0.0106    0.0137  -0.00697  0.000364  -0.00497  -0.00379  -0.00966 -0.000781 -1.37e-05  -0.00229 -0.000339 -4.99e-05  -0.00247  -0.00342 -0.000854   0.00167
   -0.388  0.000928   -0.0313   -0.0162   -0.0532   -0.0195 -1.44e-15 -1.44e-15  0.000309  0.000342 -3.27e-15   -0.0065    -0.017  -0.00248   -0.0111  -0.00188  -0.00238   -0.0143   -0.0308    -0.016  -0.00129   -0.0176   -0.0267   -0.0113    -0.317 -3.24e-05   -0.0109   -0.0034  -0.00193   -0.0246 -0.000583  -0.00334  -0.00498  -0.00424    -0.186   -0.0472 -1.11e-05  -0.00107 -0.000782   -0.0502 -4.25e-05  0.000161   -0.0805    -0.239    -0.053         1 -0.000126   -0.0267   -0.0753    -0.138   -0.0489   0.00565   -0.0222   -0.0446   -0.0189  -0.00417   -0.0251   -0.0266   -0.0189   -0.0137   -0.0567   -0.0348   -0.0124  -0.00874   -0.0141  -0.00047    -0.376    -0.114   -0.0773   0.00276  -0.00126 -0.000108 -6.33e-07   1.4e-06  2.33e-07   -0.0627 -0.000878  -0.00451  0.000266    -0.016   0.00446   0.00361   0.00158     0.017  -0.00807  -0.00176      -0.3    0.0072    -0.013    0.0115    0.0627   -0.0153    0.0193   -0.0491   -0.0649   0.00536     0.061    -0.025   -0.0226  -0.00116  0.000626   -0.0136  -0.00173 -0.000117   -0.0554  -0.00541  -0.00138   -0.0974
 3.17e-05  6.33e-06 -6.23e-05 -5.41e-05  -7.6e-05 -2.12e-05 -3.23e-17 -3.23e-17 -5.07e-07  -1.3e-07 -3.53e-17 -1.98e-05 -2.47e-05 -3.11e-06 -3.13e-05 -3.33e-06    -4e-06 -1.76e-05 -3.71e-05 -2.28e-05 -7.85e-06 -0.000103 -8.99e-05 -1.51e-05 -0.000235 -1.38e-05 -9.97e-06 -1.86e-05 -2.73e-05 -5.36e-07 -2.98e-05 -1.07e-05 -1.65e-06  -9.3e-06 -5.17e-05 -5.59e-05 -3.54e-09 -4.97e-06 -2.67e-06  3.23e-05 -3.99e-07 -2.29e-05 -1.31e-05  1.33e-05 -9.96e-06 -0.000126         1 -3.81e-06  0.000129  0.000415  0.000144  4.38e-05  3.81e-05  2.85e-05 -3.26e-05 -1.04e-05 -4.97e-05   4.9e-06  6.19e-05 -6.83e-05 -6.02e-07  0.000168 -4.01e-05 -9.31e-06 -3.59e-05 -8.84e-06 -0.000137 -0.000369  4.21e-05  3.67e-05 -2.26e-06  1.48e-07 -1.89e-07  -3.6e-08  -2.7e-09  8.49e-05 -0.000115  5.92e-06 -6.94e-06 -0.000178 -8.35e-05 -5.16e-05 -1.63e-05 -0.000109  2.87e-06 -8.36e-05  7.19e-05 -1.06e-05  3.01e-05  9.05e-05 -0.000394 -8.37e-05 -0.000309   0.00014  9.66e-05  1.46e-05  -0.00179  -0.00021 -0.000629 -4.64e-05 -4.79e-06 -0.000112 -1.77e-05 -4.25e-07  -0.00013 -0.000213 -5.06e-06 -0.000151
   0.0482  -0.00327  -0.00487   0.00131   0.00552   0.00177  2.23e-15  2.23e-15 -0.000229  0.000255  3.78e-17  0.000262   0.00246   0.00026  0.000716  9.29e-05  0.000121   0.00165   0.00342 -0.000528 -0.000408  -0.00759  -0.00451  -0.00213   -0.0164  -0.00231   -0.0043  -0.00178  -0.00167  -0.00254  -0.00115  -0.00146  -0.00219  -0.00109 -0.000381  -0.00647 -2.26e-06  0.000532  0.000431   -0.0027  2.09e-05 -0.000825  -0.00639   -0.0139    -0.014   -0.0267 -3.81e-06         1   -0.0454   -0.0813   -0.0371   -0.0162  -0.00422   -0.0159   -0.0108   -0.0113   -0.0124  -0.00728  -0.00613  -0.00697    0.0029   -0.0203   0.00288   0.00178 -0.000273 -0.000145    0.0257     0.017    0.0086 -0.000239 -9.97e-05  1.18e-05  2.78e-06 -1.27e-07 -7.26e-08  -0.00578  0.000693 -0.000377 -0.000162  -0.00365  -0.00223   -0.0023 -0.000559    -0.005  0.000884  -0.00381   -0.0357   0.00431   -0.0308 -0.000499  1.77e-05    0.0234   -0.0264    0.0276   -0.0165 -0.000425   -0.0355  -0.00278   -0.0156  -0.00107  5.35e-05  -0.00163 -0.000252 -9.04e-05   0.00216  -0.00605 -0.000608   0.00898
    0.121  -0.00397   -0.0135 -0.000345   0.00121  0.000309  4.31e-15  4.31e-15 -5.47e-05  0.000971 -2.38e-16 -0.000825  0.000717  2.47e-05 -0.000579 -0.000149 -0.000172  0.000318  0.000651  0.000339 -0.000233  -0.00904  -0.00257  -0.00314   -0.0244  -0.00521  -0.00729  -0.00192  -0.00157  -0.00534  -0.00116  -0.00235  -0.00305    -0.001  -0.00361   -0.0059 -9.07e-07   0.00136  0.000822  -0.00677  7.24e-05 -0.000455  -0.00963   -0.0216   -0.0173   -0.0753  0.000129   -0.0454         1     -0.16    -0.072   -0.0328   -0.0278   -0.0473   -0.0218   -0.0187   -0.0348    -0.015    -0.014   -0.0205  -0.00703   -0.0237   0.00499   0.00109  0.000412   1.6e-05   -0.0559   0.00856  -0.00655  -0.00133 -0.000816  5.21e-05  6.62e-06  1.39e-06 -4.62e-08   0.00281   0.00434 -0.000257 -6.24e-05    0.0131  -0.00138  -0.00229 -0.000486  -0.00456   0.00521 -0.000768     0.105    0.0106   -0.0341     0.023  -0.00724    0.0463   -0.0332   0.00205   -0.0258 -0.000712    0.0121    0.0161     0.014   0.00273  0.000146   0.00893    0.0016 -8.47e-05    0.0178   0.00276   0.00173   0.00226
     0.22  -0.00775   -0.0168   0.00268   0.00813   0.00235  9.48e-15  9.48e-15 -0.000152   0.00193  2.41e-15 -0.000156   0.00327  0.000293  0.000993 -4.52e-05 -5.66e-05   0.00202   0.00411  0.000499 -0.000422   -0.0111  -0.00219  -0.00502   -0.0416    -0.007   -0.0122  -0.00294  -0.00193  -0.00937  -0.00063  -0.00349  -0.00528  -0.00167   -0.0121   -0.0112 -2.28e-06   0.00189   0.00142   -0.0141  9.67e-05  3.43e-05     -0.02    -0.049   -0.0336    -0.138  0.000415   -0.0813     -0.16         1    -0.126   -0.0534   -0.0386    -0.072   -0.0357   -0.0332   -0.0505   -0.0265   -0.0257    -0.025  -0.00825   -0.0574   0.00839   0.00228   0.00113  0.000442   -0.0463    0.0394  -0.00347  -0.00415  -0.00082  5.57e-05  2.44e-05  4.21e-06   6.7e-08   -0.0157    0.0106  -0.00144  0.000164    0.0168   0.00146  -0.00119  7.77e-05  0.000519   0.00497  -0.00166     0.113    0.0142   -0.0726    0.0187    0.0139    0.0797   -0.0368    0.0156   -0.0634   -0.0031    0.0732    0.0202    0.0236   0.00447  0.000589    0.0118   0.00223 -0.000161    0.0209   0.00586  0.000956     0.013
    0.105  -0.00334  -0.00805  0.000476   0.00343   0.00108  4.23e-15  4.23e-15 -0.000138  0.000467  1.12e-15 -0.000336    0.0015  0.000134  1.32e-05 -3.71e-05 -4.56e-05  0.000942   0.00194  0.000474 -0.000202  -0.00731  -0.00122  -0.00198    -0.015  -0.00342  -0.00539   -0.0014  -0.00116  -0.00372 -0.000481   -0.0015  -0.00225 -0.000753  -0.00368  -0.00476 -1.84e-06  0.000898  0.000619  -0.00514  4.33e-05 -0.000503  -0.00799    -0.018   -0.0149   -0.0489  0.000144   -0.0371    -0.072    -0.126         1   -0.0235   -0.0172   -0.0312   -0.0171   -0.0163   -0.0227   -0.0119   -0.0108   -0.0122  -0.00279   -0.0245   0.00319  0.000536 -7.07e-06 -0.000168   -0.0167    0.0146 -0.000602  -0.00176 -0.000484 -1.22e-05  2.91e-06  6.44e-07 -7.11e-08  -0.00483   0.00326 -0.000987 -7.93e-05   0.00328  -0.00171   -0.0025 -0.000661  -0.00763   0.00272  -0.00145    0.0601   0.00533   -0.0345    0.0134   -0.0119    0.0387   -0.0204   0.00597   -0.0308  -0.00131   0.00484   0.00601    0.0012  3.53e-05 -2.25e-05   0.00342  0.000563 -8.45e-05   0.00876  -0.00107  0.000534   0.00546
  0.00555  -0.00288  -0.00277 -0.000645  0.000567  0.000932  1.44e-15  1.44e-15 -0.000196 -0.000427 -4.91e-16 -0.000435  -0.00191 -7.46e-05 -0.000429 -5.67e-05 -6.42e-05 -0.000393 -0.000791  0.000806  -9.9e-05   -0.0037 -0.000531 -0.000376   0.00843  -0.00364  -0.00306 -0.000756 -0.000629   -0.0021 -0.000892  -0.00158  -0.00121 -0.000296   0.00183  -0.00282  2.48e-06  0.000328  0.000227  -0.00261   2.7e-05 -0.000211 -0.000804   0.00653  -0.00422   0.00565  4.38e-05   -0.0162   -0.0328   -0.0534   -0.0235         1   -0.0136   -0.0225  -0.00577   -0.0077   -0.0155  -0.00166  -0.00798   -0.0101   -0.0054  -0.00814   0.00256  0.000316   0.00156  2.42e-05   -0.0428   0.00348  -0.00248  -0.00385 -0.000275  5.38e-05  4.86e-06     1e-06 -2.75e-08   0.00659 -0.000499  0.000865 -6.35e-05   0.00409 -0.000707 -0.000442 -7.32e-05  0.000166   0.00116  -0.00193   0.00159   -0.0012   -0.0125   -0.0368   -0.0223   -0.0142   -0.0291    -0.019   -0.0246  -0.00391   -0.0209   0.00398   0.00276  0.000873  8.63e-05   0.00163  0.000175 -1.95e-05   0.00502  -0.00262 -0.000227 -0.000942
   0.0021  2.95e-05   -0.0056  -0.00284  -0.00619  -0.00169  1.18e-15  1.18e-15  5.03e-05  0.000257 -5.62e-16  -0.00137  -0.00331 -0.000344  -0.00189 -0.000282 -0.000345  -0.00201  -0.00419  0.000789  0.000103 -0.000936   0.00211 -0.000135   0.00219  -0.00259  -0.00171  4.52e-05  9.62e-06  -0.00153   -0.0003 -0.000703  1.51e-05   0.00018   -0.0019   0.00131   2.1e-06  0.000322   0.00013  -0.00242  2.39e-05  0.000143  0.000505   0.00476   0.00249   -0.0222  3.81e-05  -0.00422   -0.0278   -0.0386   -0.0172   -0.0136         1   -0.0245  -0.00593  -0.00333   -0.0173  -0.00376  -0.00477  -0.00996   -0.0105   0.00526  0.000525 -0.000799   0.00079  3.74e-06   -0.0891    -0.017    -0.015  -0.00164 -0.000633  3.71e-05  4.14e-07  9.04e-07 -1.77e-08    0.0131  0.000727  0.000481 -1.98e-06    0.0126 -0.000284 -0.000392 -0.000105 -0.000985   0.00359   0.00161     0.133   0.00192   0.00503    0.0193   -0.0179    0.0134  -0.00482   -0.0335  -0.00461  -0.00123   0.00567    0.0138    0.0202   0.00233  4.86e-05   0.00774   0.00125  2.93e-05    0.0117   0.00572   0.00194   -0.0108
   0.0303   -0.0014  -0.00838  -0.00277  -0.00561  -0.00151  1.61e-15  1.61e-15  1.68e-05  0.000421 -1.15e-15  -0.00148  -0.00311 -0.000328  -0.00189 -0.000309 -0.000373  -0.00187  -0.00392  0.000379 -3.87e-05  -0.00328  2.08e-05  -0.00126  -0.00848  -0.00388   -0.0036 -0.000677 -0.000601  -0.00306 -0.000921   -0.0015 -0.000989  -0.00024  -0.00444   -0.0018  2.12e-06   0.00056    0.0003  -0.00438  3.71e-05 -7.56e-06  -0.00293  -0.00316  -0.00282   -0.0446  2.85e-05   -0.0159   -0.0473    -0.072   -0.0312   -0.0225   -0.0245         1     -0.01  -0.00714   -0.0245  -0.00642   -0.0084   -0.0149   -0.0114 -0.000906   0.00182 -0.000187  0.000748  8.24e-05   -0.0941   -0.0144   -0.0143  -0.00179 -0.000698  7.23e-05  4.72e-06  1.49e-06  2.16e-09    0.0111  0.000924  0.000761 -1.03e-05    0.0135 -0.000208  -0.00034  1.35e-05   0.00133   0.00382  0.000209     0.125   0.00429  -0.00401   0.00946  -0.00959    0.0124   -0.0192   -0.0267   -0.0123  -0.00157   -0.0015    0.0141    0.0178   0.00305  0.000189   0.00779   0.00134   6.4e-07    0.0121   0.00411   0.00178   -0.0103
   0.0177 -0.000703  -0.00354  -0.00084 -0.000521 -0.000157  1.11e-15  1.11e-15   2.6e-05  0.000329  1.79e-16 -0.000533 -3.26e-05 -3.06e-05 -0.000605 -9.48e-05 -0.000119 -0.000118 -0.000268  3.23e-05 -0.000145  -0.00295 -0.000685 -0.000676  -0.00693  -0.00113  -0.00166 -0.000522 -0.000565  -0.00112 -0.000352 -0.000468 -0.000555 -0.000184  -0.00265  -0.00137 -2.19e-07  0.000185  0.000166  -0.00108  5.92e-06 -0.000392  -0.00276  -0.00612  -0.00414   -0.0189 -3.26e-05   -0.0108   -0.0218   -0.0357   -0.0171  -0.00577  -0.00593     -0.01         1  -0.00593  -0.00867  -0.00433  -0.00269  -0.00506  -0.00146  -0.00489 -0.000107 -0.000544 -0.000712  -0.00016  -0.00998  -0.00214 -0.000524   -0.0001 -0.000196 -8.48e-06 -1.42e-06 -8.61e-08 -4.91e-08  -0.00199 -0.000589   -0.0004 -0.000105  -0.00157  -0.00147  -0.00131 -0.000392  -0.00326  0.000759  -0.00143    0.0479   0.00108   -0.0099    0.0063    -0.011    0.0111  -0.00681  8.24e-05   -0.0121 -0.000402   -0.0158  -0.00149  -0.00879  -0.00046 -9.83e-05  -0.00046 -1.47e-05 -2.86e-05 -0.000104  -0.00337  0.000146  -0.00156
   0.0019  -0.00122   -0.0015 -0.000244   0.00135  0.000652  1.44e-15  1.44e-15 -4.94e-05  6.46e-05  7.36e-16 -0.000248  9.98e-05  3.39e-05 -0.000201 -2.42e-05 -3.55e-05  0.000263   0.00053  0.000282 -0.000166  -0.00296  -0.00035 -0.000247 -0.000385   -0.0011  -0.00157 -0.000484 -0.000494 -0.000928 -0.000203 -0.000483 -0.000567 -0.000157  -0.00166   -0.0016   3.6e-08  6.06e-05  0.000138 -0.000891  1.24e-07 -0.000417   -0.0023   -0.0032  -0.00466  -0.00417 -1.04e-05   -0.0113   -0.0187   -0.0332   -0.0163   -0.0077  -0.00333  -0.00714  -0.00593         1  -0.00626  -0.00314  -0.00299  -0.00325 -0.000245  -0.00842 -7.49e-05  -0.00062 -0.000406 -0.000184   0.00215   0.00393   0.00261  -0.00128  -6.9e-05 -2.23e-05 -1.15e-06 -1.36e-07 -6.06e-08  -0.00422 -0.000957 -0.000513 -0.000117  -0.00491  -0.00159  -0.00134  -0.00043   -0.0039 -0.000216  -0.00211    0.0132  -0.00155   -0.0138  -0.00922   -0.0192   0.00365  -0.00789  -0.00119   -0.0197  -0.00165   -0.0196    -0.005   -0.0136  -0.00128  -0.00014   -0.0025 -0.000408 -3.39e-05  -0.00279  -0.00557 -0.000585  0.000964
   0.0228 -0.000933   -0.0072  -0.00219  -0.00379 -0.000989  9.25e-16  9.25e-16  7.13e-05  0.000566 -1.15e-15  -0.00114  -0.00202 -0.000217  -0.00146 -0.000223 -0.000268  -0.00122  -0.00255  0.000311 -0.000113  -0.00344 -0.000701  -0.00103  -0.00512  -0.00296  -0.00278 -0.000686 -0.000691  -0.00205 -0.000927  -0.00119 -0.000786 -0.000193 -0.000376 -0.000966  1.85e-06   0.00045  0.000246  -0.00188  2.76e-05 -0.000244  -0.00143  7.52e-05  -0.00232   -0.0251 -4.97e-05   -0.0124   -0.0348   -0.0505   -0.0227   -0.0155   -0.0173   -0.0245  -0.00867  -0.00626         1  -0.00487  -0.00493    -0.012  -0.00721  0.000751   0.00122 -0.000265  0.000296  1.78e-05   -0.0632   -0.0118  -0.00842   -0.0007 -0.000531  5.76e-05  1.43e-06  6.58e-07 -3.32e-08    0.0102 -0.000302   0.00062 -9.31e-05   0.00903  -0.00116 -0.000895   -0.0002 -0.000178   0.00323 -0.000457    0.0978   0.00372  -0.00314    0.0104   -0.0165    0.0113   -0.0172   -0.0164  -0.00609 -0.000826   -0.0146   0.00927   0.00666   0.00216  5.03e-05   0.00535   0.00099 -3.89e-06   0.00938  0.000997   0.00134  -0.00697
   0.0373 -0.000254  -0.00216 -0.000498 -0.000775   -0.0004  9.74e-16  9.74e-16  6.09e-06  0.000302  3.59e-16 -0.000354  0.000167 -2.91e-05 -0.000389 -7.95e-05 -0.000102 -0.000131 -0.000317 -0.000279 -9.28e-05  -0.00134 -0.000337  -0.00065   -0.0101 -0.000339  -0.00106 -0.000313 -0.000329 -0.000884 -9.13e-05 -0.000165 -0.000307 -0.000188  -0.00481  -0.00133  -8.9e-07  6.56e-05    0.0001  -0.00163  -1.2e-06 -0.000138  -0.00302   -0.0089  -0.00306   -0.0266   4.9e-06  -0.00728    -0.015   -0.0265   -0.0119  -0.00166  -0.00376  -0.00642  -0.00433  -0.00314  -0.00487         1  -0.00188  -0.00199  -0.00128  -0.00408 -0.000327 -0.000153 -0.000683 -7.26e-05  -0.00645  -0.00157  -0.00137  0.000319 -0.000109 -1.08e-05  5.85e-07  1.96e-07 -5.72e-09  -0.00416  0.000353 -0.000471  -1.8e-05 -0.000811 -0.000351 -0.000528 -0.000127  -0.00123  0.000298  -0.00072    0.0401   0.00131  -0.00692     0.013   0.00458    0.0141  0.000968   0.00342  -0.00661  0.000221  -0.00338  -0.00076  -0.00351 -0.000274  2.48e-05 -9.02e-05  2.61e-05 -1.98e-05 -0.000786 -0.000726  0.000184  -0.00159
   0.0151  -0.00102 -0.000797  -0.00065  -0.00116 -0.000367  4.62e-16  4.62e-16 -2.35e-05 -0.000462  1.32e-16 -0.000452 -0.000522 -7.58e-05 -0.000482 -0.000109 -0.000139 -0.000414 -0.000894  0.000117  9.22e-05 -0.000222  0.000583 -0.000312  -0.00545 -0.000939 -0.000686  -3.2e-05 -1.01e-05 -0.000956 -6.26e-05 -0.000251 -0.000406  4.64e-05  -0.00643  -0.00163  1.77e-07  0.000136   8.6e-05  -0.00237  8.75e-06  1.33e-05  -0.00327  -0.00793  -0.00216   -0.0189  6.19e-05  -0.00613    -0.014   -0.0257   -0.0108  -0.00798  -0.00477   -0.0084  -0.00269  -0.00299  -0.00493  -0.00188         1  -0.00465   -0.0023  -0.00392 -8.78e-05 -0.000738 -0.000465 -9.51e-05   -0.0088  -0.00159  -0.00238  -0.00103 -5.78e-05 -3.07e-06  2.26e-06  7.91e-07  3.99e-08  -0.00749 -0.000144 -9.72e-05  6.05e-05  -0.00241  0.000662  0.000428  0.000143   0.00113  -0.00106  -0.00086    0.0318 -0.000823  -0.00614   -0.0249    0.0126   -0.0174  -0.00907  -0.00524   -0.0223  -0.00124   0.00478  -0.00347  -0.00233 -0.000395  1.88e-05  -0.00224 -0.000405 -2.14e-05  -0.00561  -0.00269 -0.000296  -0.00316
    0.019 -0.000704  -0.00601  -0.00223  -0.00389  -0.00132 -1.13e-15 -1.13e-15  7.56e-05 -0.000502 -2.02e-15   -0.0011 -0.000934 -0.000165  -0.00146 -0.000212 -0.000248 -0.000932   -0.0019  0.000174  0.000122  -0.00345  -0.00149 -0.000931  -0.00796  -0.00229  -0.00112 -0.000411 -0.000595 -0.000939  -0.00105  -0.00068 -0.000724 -2.44e-05  -0.00071  -0.00113  5.18e-07  0.000644  0.000176 -0.000373  3.79e-05 -0.000546  -0.00161  -0.00251  -0.00129   -0.0137 -6.83e-05  -0.00697   -0.0205    -0.025   -0.0122   -0.0101  -0.00996   -0.0149  -0.00506  -0.00325    -0.012  -0.00199  -0.00465         1  -0.00307   0.00563  0.000705 -0.000812 -0.000868  -0.00032   -0.0281   -0.0146  -0.00538  0.000907  -0.00042  2.97e-05 -5.56e-06 -3.55e-07 -4.27e-08   0.00476  -0.00178  0.000641 -0.000106   0.00191  -0.00168  -0.00128 -0.000404  -0.00345   0.00166 -0.000549    0.0724   0.00378   0.00111   -0.0146   0.00149   -0.0196   -0.0271  -0.00555  -0.00913   0.00064   -0.0224   0.00177  -0.00222  0.000223 -0.000206  0.000255  3.22e-05 -2.28e-05   0.00133  -0.00367   0.00106   -0.0066
   0.0728  0.000485  -0.00296  -0.00303  -0.00807  -0.00233  3.25e-16  3.25e-16  2.44e-05 -7.94e-06 -1.96e-16   -0.0012  -0.00427  -0.00044  -0.00196 -0.000285  -0.00036  -0.00258  -0.00546 -0.000663 -5.34e-05 -0.000694 -8.92e-05 -0.000107   -0.0152  -0.00101 -0.000959  8.99e-05  0.000183  -0.00226  6.21e-05 -0.000477  0.000149  -4.4e-05   -0.0156   -0.0021  1.34e-06 -0.000247 -0.000155  -0.00471 -5.27e-06  0.000208  -0.00413  -0.00954  9.27e-05   -0.0567 -6.02e-07    0.0029  -0.00703  -0.00825  -0.00279   -0.0054   -0.0105   -0.0114  -0.00146 -0.000245  -0.00721  -0.00128   -0.0023  -0.00307         1   0.00248  -0.00154  -0.00161 -0.000267 -1.12e-05   -0.0854   -0.0195   -0.0146  -0.00191 -0.000347  2.34e-06 -5.02e-07  4.89e-07 -1.54e-09   0.00408 -0.000647 -2.68e-05   8.6e-06   0.00395  0.000232  0.000405  0.000116   0.00137  0.000528  0.000735    0.0198  -0.00219   0.00638   0.00166   -0.0202  -0.00261   0.00455   -0.0334  -0.00827  -0.00151   0.00401   0.00352   0.00761  0.000785  3.95e-05   0.00209  0.000325   2.9e-05 -6.88e-05   0.00205  0.000446   -0.0152
    0.121  -0.00271   0.00176   0.00352   0.00771   0.00259  3.27e-15  3.27e-15 -0.000187  0.000451  2.58e-15   0.00138   0.00208  0.000306   0.00209  0.000269  0.000317   0.00187   0.00383 -0.000578  -0.00034  -0.00226  -0.00182 -0.000756   -0.0124  0.000127  -0.00287 -0.000804 -0.000193   -0.0027  0.000717 -0.000688  -0.00155 -0.000731  -0.00803  -0.00568 -1.53e-06 -0.000101    0.0002  -0.00484 -6.67e-06  0.000247   -0.0079   -0.0202    -0.014   -0.0348  0.000168   -0.0203   -0.0237   -0.0574   -0.0245  -0.00814   0.00526 -0.000906  -0.00489  -0.00842  0.000751  -0.00408  -0.00392   0.00563   0.00248         1   0.00184  0.000964  0.000634  0.000303    0.0337    0.0317   0.00901  -0.00295   0.00035  -3.4e-05  1.01e-05  9.12e-07  3.03e-08   -0.0155   0.00343  -0.00122  8.61e-05  -0.00513   0.00136  0.000573   0.00028   0.00222  -0.00227  -0.00146     -0.15  -0.00199   -0.0298   -0.0179   -0.0089    0.0173   0.00387    0.0144   -0.0231  -0.00246    0.0334  -0.00481  -0.00552 -0.000554  0.000206  -0.00229 -0.000321 -5.51e-05  -0.00321   -0.0013   -0.0022    0.0119
  0.00203  0.000432  0.000668  -0.00139  -0.00264 -0.000817 -2.44e-17 -2.44e-17 -4.97e-06 -0.000248  3.93e-16 -0.000579    -0.001 -0.000129 -0.000864 -0.000126 -0.000164 -0.000748  -0.00161 -0.000277 -3.84e-05  -3.1e-05  0.000375  0.000221   -0.0046   0.00032  0.000481  0.000134 -3.29e-05  5.54e-05   5.5e-05  0.000238  0.000411  0.000102  -0.00712 -0.000561 -2.26e-07 -0.000303 -0.000122 -0.000692 -1.95e-05 -0.000198  -0.00155  -0.00428  0.000992   -0.0124 -4.01e-05   0.00288   0.00499   0.00839   0.00319   0.00256  0.000525   0.00182 -0.000107 -7.49e-05   0.00122 -0.000327 -8.78e-05  0.000705  -0.00154   0.00184         1  -0.00119  -0.00111 -0.000229  -0.00603  -0.00842  -0.00164 -0.000184  1.38e-05 -3.32e-05 -3.01e-06 -2.35e-07 -1.83e-08  -0.00577  -0.00194 -0.000457 -4.99e-05  -0.00658 -0.000674 -0.000381 -0.000171  -0.00171  -0.00135  -0.00134    0.0264  -0.00308  9.93e-05  -0.00501  -0.00213  -0.00724   0.00401  -0.00555   -0.0112 -0.000609   -0.0189  -0.00768   -0.0124   -0.0017 -0.000107  -0.00405 -0.000705 -4.38e-06   -0.0083  -0.00438 -0.000434  -0.00574
 -0.00309  0.000203 -5.38e-05 -0.000945  -0.00195 -0.000593 -6.27e-17 -6.27e-17  3.43e-05 -0.000209   2.1e-16 -0.000408 -0.000828 -0.000101 -0.000608 -8.94e-05 -0.000116 -0.000581  -0.00124 -1.73e-06  3.05e-05  3.02e-05  0.000512  0.000207  -0.00233  2.54e-06  0.000263  0.000174  0.000117 -0.000153  0.000126   0.00012   0.00019  0.000156  -0.00469 -0.000112  2.18e-07 -9.82e-05 -5.62e-05 -0.000604 -5.11e-06 -7.14e-05   -0.0012  -0.00309  0.000423  -0.00874 -9.31e-06   0.00178   0.00109   0.00228  0.000536  0.000316 -0.000799 -0.000187 -0.000544  -0.00062 -0.000265 -0.000153 -0.000738 -0.000812  -0.00161  0.000964  -0.00119         1 -0.000648  -0.00014  -0.00889  -0.00567  -0.00214 -0.000385 -3.31e-05 -2.14e-05 -2.29e-06 -9.77e-08 -9.73e-09  -0.00321  -0.00105 -0.000267 -1.89e-05  -0.00329   -0.0003 -0.000146 -9.57e-05  -0.00105 -0.000753 -0.000369    0.0173  -0.00191  0.000565  -0.00872  -0.00517  -0.00932  0.000947  -0.00769  -0.00978 -0.000566  -0.00349   -0.0039   -0.0056 -0.000805 -0.000112  -0.00212 -0.000365 -1.19e-06  -0.00475  -0.00253 -0.000203  -0.00412
  0.00871  0.000109  -0.00051 -0.000876  -0.00163 -0.000618 -2.92e-16 -2.92e-16 -3.68e-06 -0.000251 -8.86e-17  -0.00038 -0.000223 -6.28e-05 -0.000558 -8.17e-05 -0.000104 -0.000351 -0.000761 -0.000376 -2.35e-05 -0.000934 -0.000654 -0.000208  -0.00775   9.3e-05  0.000101 -7.74e-05 -0.000195 -0.000159 -0.000143  7.61e-05  7.81e-06 -4.74e-05  -0.00515  -0.00115 -7.18e-07 -6.03e-05  -4.1e-05 -0.000582 -5.95e-06 -0.000258    -0.002  -0.00599 -0.000807   -0.0141 -3.59e-05 -0.000273  0.000412   0.00113 -7.07e-06   0.00156   0.00079  0.000748 -0.000712 -0.000406  0.000296 -0.000683 -0.000465 -0.000868 -0.000267  0.000634  -0.00111 -0.000648         1  -0.00021   0.00155  -0.00555 -0.000477  0.000479 -1.55e-05 -2.13e-05 -3.11e-06  -3.8e-07 -1.93e-08  -0.00447  -0.00128 -0.000296 -4.88e-05  -0.00486 -0.000729 -0.000544 -0.000194  -0.00204 -0.000777 -0.000997    0.0105 -0.000697  -0.00127  -0.00387    0.0031  -0.00596  -0.00185   0.00171  -0.00674  0.000225    -0.015  -0.00543  -0.00961  -0.00129 -0.000103  -0.00305 -0.000529 -1.43e-05  -0.00563  -0.00359 -0.000208  -0.00328
  0.00152  9.23e-06 -0.000102  -0.00026 -0.000335 -0.000102 -5.09e-17 -5.09e-17    -2e-05 -0.000133 -2.19e-17 -0.000104 -6.94e-05 -1.25e-05  -0.00016 -1.68e-05  -2.1e-05 -6.85e-05 -0.000145 -2.77e-05 -1.42e-06  -0.00048 -0.000133  7.27e-06 -0.000686 -5.55e-05  2.44e-05 -2.41e-05 -7.53e-05  3.46e-05 -6.19e-05  1.14e-05  1.64e-05 -1.52e-05 -0.000676 -0.000213 -2.48e-07 -3.19e-06  -1.1e-05 -3.71e-06 -8.55e-07 -0.000112 -0.000178 -0.000308 -5.49e-05  -0.00047 -8.84e-06 -0.000145   1.6e-05  0.000442 -0.000168  2.42e-05  3.74e-06  8.24e-05  -0.00016 -0.000184  1.78e-05 -7.26e-05 -9.51e-05  -0.00032 -1.12e-05  0.000303 -0.000229  -0.00014  -0.00021         1  0.000149  -0.00139 -7.72e-05  4.22e-05 -2.12e-05 -8.21e-06 -1.58e-06 -2.22e-07 -1.66e-08 -0.000347 -0.000403 -7.91e-05  -2.7e-05  -0.00133 -0.000429 -0.000354 -0.000125  -0.00145 -6.27e-05 -0.000267   0.00262 -0.000299  -0.00045 -0.000376  -0.00145 -0.000908  -0.00113 -8.58e-05  -0.00157   1.3e-05  -0.00675  -0.00124  -0.00257 -0.000505 -5.15e-05 -0.000755 -0.000156 -3.96e-06 -0.000984  -0.00104 -1.58e-05  -0.00066
     0.57   0.00501   -0.0302   -0.0225   -0.0607   -0.0172  9.25e-16  9.25e-16  0.000192  0.000912 -4.84e-15  -0.00847   -0.0327  -0.00327   -0.0145  -0.00194  -0.00241   -0.0193   -0.0405  -0.00432 -0.000463   -0.0106  -0.00417 -0.000986   -0.0957  -0.00969  -0.00861  4.47e-05  0.000804   -0.0166 -0.000687  -0.00464  0.000794 -0.000804    -0.089   -0.0116  1.12e-05 -0.000933  -0.00103   -0.0301  2.31e-05   0.00127   -0.0199   -0.0378   0.00454    -0.376 -0.000137    0.0257   -0.0559   -0.0463   -0.0167   -0.0428   -0.0891   -0.0941  -0.00998   0.00215   -0.0632  -0.00645   -0.0088   -0.0281   -0.0854    0.0337  -0.00603  -0.00889   0.00155  0.000149         1    -0.152    -0.117   -0.0124  -0.00337  0.000118 -1.47e-05  1.12e-06 -2.25e-07    0.0821  -0.00226   0.00175 -0.000204    0.0586  -0.00202 -8.36e-05 -7.83e-05  0.000843     0.014    0.0114    0.0974  -0.00527    0.0697    0.0944    -0.218    0.0379    0.0228    -0.261    0.0147  -0.00741    0.0206    0.0629    0.0998    0.0108  0.000149    0.0353   0.00564   0.00029    0.0429    0.0319   0.00721    -0.108
   0.0971   0.00318  -0.00948   -0.0118   -0.0258  -0.00826 -3.74e-15 -3.74e-15   7.7e-05  -0.00166 -3.42e-15  -0.00475  -0.00921  -0.00119  -0.00739  -0.00101  -0.00125  -0.00693   -0.0146  -0.00239 -2.93e-05  -0.00621  -0.00334 -0.000721   -0.0479  -0.00185  0.000774  2.83e-06  -0.00101  -0.00196  -0.00172 -0.000166   0.00129  3.35e-05   -0.0376  -0.00476 -4.32e-07 -0.000494 -0.000576   -0.0051 -2.68e-05  -0.00151   -0.0081   -0.0212   0.00699    -0.114 -0.000369     0.017   0.00856    0.0394    0.0146   0.00348    -0.017   -0.0144  -0.00214   0.00393   -0.0118  -0.00157  -0.00159   -0.0146   -0.0195    0.0317  -0.00842  -0.00567  -0.00555  -0.00139    -0.152         1   -0.0303   0.00196 -0.000982 -6.19e-05 -2.73e-05 -2.62e-06 -1.91e-07   0.00419   -0.0107 -0.000208 -0.000417   -0.0126  -0.00594  -0.00377  -0.00138   -0.0134  0.000113  -0.00316     0.183  -0.00421    0.0267   0.00621   -0.0219   -0.0392   -0.0131   -0.0512   -0.0186   0.00101     -0.12   -0.0153   -0.0331  -0.00498 -0.000678  -0.00899  -0.00174  1.46e-05   -0.0204   -0.0141   0.00168   -0.0471
   0.0746   0.00157  -0.00511  -0.00415   -0.0121  -0.00388 -4.28e-16 -4.28e-16  0.000109 -0.000222 -8.42e-16  -0.00164  -0.00521 -0.000602  -0.00272 -0.000396 -0.000493  -0.00355  -0.00748 -0.000724  0.000185  4.11e-05  0.000578  -0.00013   -0.0218 -0.000961 -0.000371  0.000524  0.000611  -0.00246   0.00029 -0.000201  0.000423  0.000143    -0.019  -0.00102  8.88e-07  2.95e-06 -0.000189  -0.00561  1.23e-05  0.000419  -0.00449    -0.013    0.0024   -0.0773  4.21e-05    0.0086  -0.00655  -0.00347 -0.000602  -0.00248    -0.015   -0.0143 -0.000524   0.00261  -0.00842  -0.00137  -0.00238  -0.00538   -0.0146   0.00901  -0.00164  -0.00214 -0.000477 -7.72e-05    -0.117   -0.0303         1  -0.00103  -0.00061 -2.45e-06 -4.32e-06  2.91e-07  5.81e-09   0.00907  0.000532  2.12e-05   7.4e-05   0.00991  0.000684  0.000511  0.000113 -8.73e-05   0.00194    0.0035    0.0537  0.000347    0.0168    0.0168   -0.0149  -0.00142   0.00854   -0.0438  0.000734  6.28e-05    0.0277    0.0108    0.0232   0.00166  -2.9e-05   0.00574  0.000874  5.07e-05   0.00459   0.00726   0.00173   -0.0208
   0.0126  -0.00035   0.00116 -5.65e-05  6.56e-05  0.000301  7.45e-16  7.45e-16 -4.89e-05 -7.28e-05  6.71e-16 -1.16e-05 -0.000904 -4.01e-05 -3.33e-05 -6.58e-07 -6.89e-06 -0.000234 -0.000502  0.000279 -2.48e-05  0.000334  0.000952  0.000447   0.00522  -0.00029 -0.000254   0.00011  0.000184 -0.000336  0.000243 -0.000124  8.25e-05  7.41e-05  -0.00156 -6.84e-05   8.6e-07 -0.000168 -3.37e-05 -0.000891 -6.38e-06  0.000128  1.67e-05   0.00209  2.98e-05   0.00276  3.67e-05 -0.000239  -0.00133  -0.00415  -0.00176  -0.00385  -0.00164  -0.00179   -0.0001  -0.00128   -0.0007  0.000319  -0.00103  0.000907  -0.00191  -0.00295 -0.000184 -0.000385  0.000479  4.22e-05   -0.0124   0.00196  -0.00103         1   1.7e-05  -7.3e-06   1.6e-06  3.45e-07 -9.49e-10 -0.000341 -2.95e-05 -0.000101  1.16e-05 -0.000451  0.000231   0.00025  5.86e-05  0.000487 -0.000461 -0.000206   -0.0109   -0.0028  -0.00228  -0.00984   -0.0128  -0.00286   0.00226    -0.011  -0.00885  -0.00171   0.00308 -0.000596  0.000446 -0.000117  1.45e-05 -0.000235 -7.55e-05  6.78e-06 -0.000811 -0.000298 -0.000425 -0.000827
 -0.00339  2.94e-05 -0.000325 -0.000148 -0.000314 -9.71e-05 -1.51e-17 -1.51e-17  -1.7e-06 -1.78e-05 -6.91e-17 -5.97e-05 -0.000116 -1.41e-05 -9.59e-05 -1.08e-05 -1.29e-05 -8.16e-05 -0.000169 -1.38e-06  2.91e-06 -0.000233 -6.24e-05 -2.12e-05 -0.000425 -9.49e-05 -5.95e-05 -1.29e-05 -2.24e-05 -5.87e-05  -3.2e-05 -2.64e-05 -8.36e-06 -9.11e-06 -0.000134 -2.55e-05 -2.98e-08  2.27e-05  1.64e-06 -6.39e-05  1.43e-06 -2.65e-05 -2.36e-05  3.05e-05  5.44e-06  -0.00126 -2.26e-06 -9.97e-05 -0.000816  -0.00082 -0.000484 -0.000275 -0.000633 -0.000698 -0.000196  -6.9e-05 -0.000531 -0.000109 -5.78e-05  -0.00042 -0.000347   0.00035  1.38e-05 -3.31e-05 -1.55e-05 -2.12e-05  -0.00337 -0.000982  -0.00061   1.7e-05         1 -4.16e-07 -5.89e-07 -7.18e-08 -6.96e-09  0.000779 -2.89e-05  5.47e-06 -9.01e-06  0.000337 -0.000151 -0.000135 -4.49e-05 -0.000521  0.000194  7.86e-05   0.00266  0.000163  0.000312   0.00148  -0.00146  0.000762 -0.000495 -0.000994  0.000436  5.81e-05  -0.00112  0.000494  0.000479 -6.96e-06 -1.53e-05  0.000246   3.2e-05  4.11e-07  0.000533  0.000115  9.87e-05  -0.00048
 0.000419  4.91e-06  1.92e-05 -1.65e-05    -2e-05 -6.15e-06  7.19e-18  7.19e-18 -1.87e-06 -1.21e-05  1.67e-17 -6.36e-06 -3.71e-06  -7.7e-07 -1.05e-05 -1.01e-06 -1.42e-06 -4.04e-06 -9.08e-06 -1.01e-06   2.9e-07 -2.66e-05  7.77e-06  7.92e-06 -5.02e-05  7.59e-06  8.68e-06  2.74e-06 -7.58e-07  4.18e-06  4.67e-06  6.98e-06  5.73e-06  7.51e-07 -0.000112 -1.31e-05    -3e-08 -3.11e-06 -1.77e-06 -1.07e-05 -2.48e-07 -7.37e-06 -3.01e-05 -8.08e-05 -1.11e-05 -0.000108  1.48e-07  1.18e-05  5.21e-05  5.57e-05 -1.22e-05  5.38e-05  3.71e-05  7.23e-05 -8.48e-06 -2.23e-05  5.76e-05 -1.08e-05 -3.07e-06  2.97e-05  2.34e-06  -3.4e-05 -3.32e-05 -2.14e-05 -2.13e-05 -8.21e-06  0.000118 -6.19e-05 -2.45e-06  -7.3e-06 -4.16e-07         1 -1.45e-07 -1.96e-08 -1.44e-09 -0.000112 -2.52e-05 -1.75e-05 -1.78e-06 -0.000162 -3.19e-05 -2.92e-05 -1.11e-05 -0.000145 -2.06e-05  -1.7e-05  4.67e-05 -6.18e-05  -8.1e-05 -1.81e-05 -0.000204 -1.97e-05  7.41e-05 -5.49e-05 -0.000238  -7.1e-06 -0.000361 -0.000149 -0.000242 -5.73e-05 -5.38e-06 -8.53e-05 -1.74e-05 -3.39e-07 -0.000134    -9e-05 -8.13e-06  -4.7e-05
 -9.1e-06  1.15e-06 -4.03e-06 -4.52e-06 -6.63e-06 -2.04e-06 -1.83e-18 -1.83e-18 -2.85e-07 -2.19e-06 -1.23e-18  -1.6e-06 -1.44e-06 -2.29e-07 -2.77e-06 -2.25e-07 -2.72e-07 -1.28e-06 -2.65e-06  -4.4e-07  2.24e-08 -9.99e-06 -3.53e-06  3.15e-07 -1.05e-05 -8.96e-07  6.52e-07 -3.53e-07 -1.18e-06   7.2e-07 -1.05e-06     2e-07  3.26e-07 -2.94e-07 -6.33e-06 -2.33e-06 -4.47e-09  2.19e-07 -2.25e-07  1.49e-06  5.22e-09 -2.04e-06 -7.89e-07  5.49e-07 -2.25e-07 -6.33e-07 -1.89e-07  2.78e-06  6.62e-06  2.44e-05  2.91e-06  4.86e-06  4.14e-07  4.72e-06 -1.42e-06 -1.15e-06  1.43e-06  5.85e-07  2.26e-06 -5.56e-06 -5.02e-07  1.01e-05 -3.01e-06 -2.29e-06 -3.11e-06 -1.58e-06 -1.47e-05 -2.73e-05 -4.32e-06   1.6e-06 -5.89e-07 -1.45e-07         1 -5.28e-09 -3.76e-10  7.99e-06 -6.29e-06 -1.18e-06 -5.61e-07 -1.66e-05 -8.86e-06 -7.34e-06  -2.6e-06 -3.03e-05  1.48e-06 -1.92e-06 -2.02e-07 -2.49e-06   1.3e-06  1.63e-05  -5.4e-05 -3.45e-06 -1.85e-05 -7.24e-06  -3.7e-06  1.98e-06 -0.000109 -1.23e-05  -3.3e-05 -7.93e-06 -1.12e-06 -8.26e-06 -1.94e-06  -4.5e-08 -6.09e-06 -1.36e-05  7.79e-07 -1.08e-05
 8.31e-06  1.15e-07 -5.94e-07 -4.52e-07 -4.59e-07  -1.3e-07 -2.85e-19 -2.85e-19 -5.74e-08 -2.81e-07  -2.3e-19 -1.24e-07 -7.09e-09 -6.53e-09 -2.64e-07  -6.5e-09 -6.03e-09 -2.99e-08 -5.36e-08 -1.41e-07 -3.02e-08 -1.83e-06 -9.42e-07 -1.87e-08 -1.76e-06 -9.76e-08 -3.52e-09 -1.43e-07 -2.55e-07  1.06e-07 -2.11e-07 -1.81e-08 -2.26e-08  -1.2e-07 -1.15e-07 -5.69e-07 -8.13e-10  3.52e-08 -2.99e-08  3.83e-07  6.51e-10 -3.39e-07 -1.38e-08  4.28e-07  -5.1e-07   1.4e-06  -3.6e-08 -1.27e-07  1.39e-06  4.21e-06  6.44e-07     1e-06  9.04e-07  1.49e-06 -8.61e-08 -1.36e-07  6.58e-07  1.96e-07  7.91e-07 -3.55e-07  4.89e-07  9.12e-07 -2.35e-07 -9.77e-08  -3.8e-07 -2.22e-07  1.12e-06 -2.62e-06  2.91e-07  3.45e-07 -7.18e-08 -1.96e-08 -5.28e-09         1 -6.33e-11  1.91e-06 -8.75e-07 -1.54e-07  -9.7e-08  -2.4e-06 -1.47e-06 -1.21e-06 -4.17e-07 -4.76e-06  3.36e-07 -3.61e-07 -1.25e-05 -9.06e-08  -4.2e-07  4.48e-06 -9.31e-06  2.01e-06 -3.15e-06  1.38e-06  1.96e-06  4.37e-07 -1.85e-05  -1.6e-06 -5.29e-06 -1.18e-06  -1.6e-07 -1.09e-06 -2.65e-07 -8.26e-09 -1.42e-07 -1.96e-06  7.92e-08 -5.63e-07
-5.16e-07  1.23e-09 -4.82e-08 -4.16e-08 -3.33e-08 -3.55e-09 -7.47e-22 -7.47e-22  -5.3e-09 -1.76e-08 -7.51e-21 -1.34e-08  -1.6e-08 -1.18e-09 -2.46e-08 -1.01e-09 -1.16e-09 -6.05e-09 -1.21e-08 -2.78e-09  -4.1e-09  -1.5e-07 -5.49e-08  3.19e-09 -1.77e-09 -2.19e-08 -1.48e-08  -1.3e-08 -2.18e-08  2.57e-09  -1.7e-08  -6.9e-09 -1.03e-09 -8.96e-09  1.34e-08 -3.76e-08 -4.42e-11  6.66e-10 -1.67e-09  2.33e-08    -6e-11 -2.66e-08  1.53e-08  1.29e-07 -3.57e-08  2.33e-07  -2.7e-09 -7.26e-08 -4.62e-08   6.7e-08 -7.11e-08 -2.75e-08 -1.77e-08  2.16e-09 -4.91e-08 -6.06e-08 -3.32e-08 -5.72e-09  3.99e-08 -4.27e-08 -1.54e-09  3.03e-08 -1.83e-08 -9.73e-09 -1.93e-08 -1.66e-08 -2.25e-07 -1.91e-07  5.81e-09 -9.49e-10 -6.96e-09 -1.44e-09 -3.76e-10 -6.33e-11         1  1.91e-07 -7.21e-08 -1.23e-08 -8.23e-09 -1.67e-07 -1.22e-07 -9.94e-08 -3.39e-08 -3.76e-07  3.53e-08 -4.14e-08 -4.71e-07 -3.89e-08 -1.04e-07  3.86e-07 -1.01e-06  3.05e-07 -2.35e-07 -7.08e-08  2.72e-08  3.69e-09  -1.6e-06 -1.03e-07 -4.21e-07 -8.91e-08 -1.18e-08  -6.7e-08 -1.77e-08 -5.62e-10  2.57e-08 -1.58e-07  5.07e-09 -5.62e-08
    0.118  -0.00119    0.0066 -0.000159  0.000159 -0.000556  1.02e-15  1.02e-15  3.45e-05 -0.000886  3.01e-15 -0.000494   0.00162  1.22e-05 -0.000231 -0.000196 -0.000283  0.000162  0.000104   -0.0012  5.56e-06   0.00398   0.00182 -0.000382   -0.0285   0.00248   0.00134  0.000377  0.000275 -0.000447  0.000971   0.00112  6.51e-05  0.000292   -0.0299  -0.00523 -2.44e-06  -0.00081 -0.000103  -0.00503 -6.05e-05  2.55e-05    -0.013   -0.0409  -0.00623   -0.0627  8.49e-05  -0.00578   0.00281   -0.0157  -0.00483   0.00659    0.0131    0.0111  -0.00199  -0.00422    0.0102  -0.00416  -0.00749   0.00476   0.00408   -0.0155  -0.00577  -0.00321  -0.00447 -0.000347    0.0821   0.00419   0.00907 -0.000341  0.000779 -0.000112  7.99e-06  1.91e-06  1.91e-07         1  -0.00295  -0.00221  0.000217   -0.0316   0.00302   0.00247  0.000747   0.00753   -0.0101  -0.00622    0.0391  -0.00926   -0.0236    -0.075    0.0712   -0.0543   0.00958    0.0224   -0.0731  -0.00248   0.00266   -0.0391   -0.0496  -0.00557  5.87e-05   -0.0211  -0.00339 -9.06e-05   -0.0452   -0.0183  -0.00385  -0.00488
   0.0155 -2.13e-05 -0.000131  -0.00187  -0.00254 -0.000635 -5.72e-16 -5.72e-16 -6.78e-05  -0.00053 -3.38e-16 -0.000746  -0.00108 -0.000123  -0.00111 -0.000134 -0.000169 -0.000697  -0.00148  -0.00032 -0.000118  -0.00222  -0.00108  4.95e-05  -0.00323 -0.000388  0.000147 -0.000227 -0.000531   0.00016 -0.000561 -9.13e-05  0.000174 -5.86e-05  -0.00467  -0.00147 -1.49e-07 -0.000239 -0.000115  0.000236 -1.64e-05 -0.000634 -0.000878 -0.000348  0.000491 -0.000878 -0.000115  0.000693   0.00434    0.0106   0.00326 -0.000499  0.000727  0.000924 -0.000589 -0.000957 -0.000302  0.000353 -0.000144  -0.00178 -0.000647   0.00343  -0.00194  -0.00105  -0.00128 -0.000403  -0.00226   -0.0107  0.000532 -2.95e-05 -2.89e-05 -2.52e-05 -6.29e-06 -8.75e-07 -7.21e-08  -0.00295         1 -0.000157  -0.00017  -0.00917  -0.00222  -0.00142 -0.000502  -0.00449  -0.00114  -0.00277    0.0162  -0.00318  -0.00131   -0.0132   -0.0098   -0.0142    -0.008  -0.00261    -0.012 -0.000745   -0.0501   -0.0104   -0.0215  -0.00255 -0.000215  -0.00582  -0.00104 -1.74e-05   -0.0091  -0.00831 -0.000566  -0.00582
  0.00902  4.91e-05  0.000217 -0.000136 -0.000167 -6.89e-05  2.31e-16  2.31e-16 -1.66e-05 -7.07e-05  3.22e-16 -6.18e-05  5.42e-06 -6.59e-06 -9.63e-05 -1.22e-05 -1.83e-05    -3e-05 -7.76e-05  -5.9e-05 -1.15e-05  -0.00025  0.000111  4.97e-05  -0.00168  0.000158  2.47e-05  1.96e-05 -3.56e-06 -4.98e-05  0.000104  8.88e-05  5.01e-05 -5.13e-06  -0.00201 -0.000278 -4.17e-07 -5.55e-05 -1.57e-05 -0.000344 -4.41e-06 -6.19e-05 -0.000743  -0.00221 -0.000512  -0.00451  5.92e-06 -0.000377 -0.000257  -0.00144 -0.000987  0.000865  0.000481  0.000761   -0.0004 -0.000513   0.00062 -0.000471 -9.72e-05  0.000641 -2.68e-05  -0.00122 -0.000457 -0.000267 -0.000296 -7.91e-05   0.00175 -0.000208  2.12e-05 -0.000101  5.47e-06 -1.75e-05 -1.18e-06 -1.54e-07 -1.23e-08  -0.00221 -0.000157         1 -1.37e-05  -0.00204 -0.000264 -0.000275 -0.000104   -0.0014 -0.000328 -0.000234  0.000938 -0.000737  -0.00176  0.000972  -0.00179    0.0015   0.00215 -0.000168  -0.00347 -0.000105  -0.00226  -0.00195  -0.00306 -0.000646 -4.78e-05  -0.00103 -0.000195 -5.12e-06  -0.00185 -0.000974 -0.000142 -0.000493
 0.000575 -5.56e-06 -8.86e-05 -8.39e-05 -7.07e-05 -1.03e-05  -1.2e-17  -1.2e-17 -7.79e-06 -2.37e-05  -2.5e-17 -2.96e-05 -3.13e-05  -2.8e-06 -4.91e-05 -3.36e-06 -4.04e-06 -1.46e-05 -3.03e-05 -1.55e-05 -1.09e-05 -0.000257 -0.000121 -6.15e-06 -0.000122  -4.1e-05 -3.11e-05 -3.03e-05 -4.72e-05  1.41e-06 -4.14e-05 -1.74e-05  -4.9e-06 -1.76e-05 -2.51e-05 -9.33e-05 -5.67e-08 -3.19e-06 -3.05e-06  4.42e-05 -4.09e-07 -4.94e-05 -2.98e-07  0.000158 -7.03e-05  0.000266 -6.94e-06 -0.000162 -6.24e-05  0.000164 -7.93e-05 -6.35e-05 -1.98e-06 -1.03e-05 -0.000105 -0.000117 -9.31e-05  -1.8e-05  6.05e-05 -0.000106   8.6e-06  8.61e-05 -4.99e-05 -1.89e-05 -4.88e-05  -2.7e-05 -0.000204 -0.000417   7.4e-05  1.16e-05 -9.01e-06 -1.78e-06 -5.61e-07  -9.7e-08 -8.23e-09  0.000217  -0.00017 -1.37e-05         1 -0.000375 -0.000206 -0.000158 -5.27e-05 -0.000536  3.26e-05 -0.000127 -0.000391 -7.67e-05 -0.000213  0.000361  -0.00146  0.000265 -0.000546  3.92e-05 -8.79e-05 -2.15e-06  -0.00328 -0.000327  -0.00104 -0.000152 -1.74e-05  -0.00019 -3.93e-05 -1.23e-06 -0.000109 -0.000378 -5.17e-06 -0.000147
   0.0598 -0.000819   0.00429  -0.00321  -0.00247 -0.000635 -2.33e-16 -2.33e-16 -0.000324  -0.00208  1.42e-15  -0.00136 -0.000336 -0.000102  -0.00192 -0.000241 -0.000325 -0.000491  -0.00118  -0.00118 -0.000289  -0.00531  -0.00215  0.000247   -0.0169  0.000707  0.000976 -0.000455  -0.00123  0.000621 -0.000624  0.000493  0.000333 -0.000221   -0.0217  -0.00632 -3.62e-06 -0.000879 -0.000313  -0.00119 -6.63e-05  -0.00175  -0.00751   -0.0179  -0.00404    -0.016 -0.000178  -0.00365    0.0131    0.0168   0.00328   0.00409    0.0126    0.0135  -0.00157  -0.00491   0.00903 -0.000811  -0.00241   0.00191   0.00395  -0.00513  -0.00658  -0.00329  -0.00486  -0.00133    0.0586   -0.0126   0.00991 -0.000451  0.000337 -0.000162 -1.66e-05  -2.4e-06 -1.67e-07   -0.0316  -0.00917  -0.00204 -0.000375         1  -0.00529  -0.00382   -0.0014    -0.015  -0.00712  -0.00911  -0.00389   -0.0124   -0.0208   -0.0547  -0.00302   -0.0436   -0.0117    0.0128   -0.0584  -0.00251    -0.123   -0.0433   -0.0754   -0.0105 -0.000665   -0.0242  -0.00434   -0.0001   -0.0401   -0.0283  -0.00335  -0.00923
 0.000271 -2.91e-05  -0.00127   -0.0012  -0.00103 -0.000188 -1.57e-16 -1.57e-16  -0.00012 -0.000444 -3.12e-16 -0.000432 -0.000328  -3.5e-05 -0.000711 -4.83e-05 -5.77e-05  -0.00018 -0.000368 -0.000141 -0.000112  -0.00366  -0.00149 -4.25e-05  -0.00137 -0.000566  -0.00034 -0.000369 -0.000627  0.000113 -0.000537 -0.000175 -4.18e-05 -0.000221 -0.000227  -0.00113 -1.08e-06  3.66e-06 -3.62e-05  0.000641 -3.32e-06  -0.00071  7.48e-05   0.00222 -0.000837   0.00446 -8.35e-05  -0.00223  -0.00138   0.00146  -0.00171 -0.000707 -0.000284 -0.000208  -0.00147  -0.00159  -0.00116 -0.000351  0.000662  -0.00168  0.000232   0.00136 -0.000674   -0.0003 -0.000729 -0.000429  -0.00202  -0.00594  0.000684  0.000231 -0.000151 -3.19e-05 -8.86e-06 -1.47e-06 -1.22e-07   0.00302  -0.00222 -0.000264 -0.000206  -0.00529         1  -0.00238 -0.000805  -0.00862  0.000568  -0.00154 -0.000576 -0.000915  -0.00294   0.00646   -0.0195   0.00422  -0.00758  0.000519  -0.00147   0.00013   -0.0447  -0.00428   -0.0135  -0.00233 -0.000277  -0.00259 -0.000571 -1.86e-05  -0.00126  -0.00508  4.29e-05  -0.00195
 -0.00182  -2.1e-05  -0.00107 -0.000821 -0.000555   -0.0001 -1.62e-17 -1.62e-17 -0.000105 -0.000376 -1.73e-16 -0.000298 -5.69e-05 -1.09e-05 -0.000493 -2.76e-05 -3.23e-05 -4.22e-05 -8.05e-05 -6.52e-05 -6.83e-05  -0.00296  -0.00106 -4.21e-05    -0.001 -0.000426 -0.000287 -0.000279 -0.000481  0.000115 -0.000379 -0.000103 -5.05e-05 -0.000182  0.000187 -0.000804 -1.12e-06  4.79e-05 -1.26e-05  0.000483 -5.35e-07 -0.000558  7.63e-05   0.00157 -0.000839   0.00361 -5.16e-05   -0.0023  -0.00229  -0.00119   -0.0025 -0.000442 -0.000392  -0.00034  -0.00131  -0.00134 -0.000895 -0.000528  0.000428  -0.00128  0.000405  0.000573 -0.000381 -0.000146 -0.000544 -0.000354 -8.36e-05  -0.00377  0.000511   0.00025 -0.000135 -2.92e-05 -7.34e-06 -1.21e-06 -9.94e-08   0.00247  -0.00142 -0.000275 -0.000158  -0.00382  -0.00238         1 -0.000673  -0.00753   0.00062 -0.000988   0.00101 -0.000371  -0.00285     0.008   -0.0146   0.00598  -0.00547   0.00133 -0.000497  0.000272   -0.0329  -0.00266  -0.00928  -0.00189 -0.000228  -0.00169  -0.00041 -1.61e-05 -0.000194  -0.00347  0.000133 -0.000896
 -0.00136  1.09e-05 -0.000303 -0.000295 -0.000227 -4.39e-05  -1.2e-17  -1.2e-17  -3.4e-05 -0.000142  -3.9e-17 -0.000107 -4.13e-05 -5.89e-06 -0.000178 -1.07e-05 -1.28e-05 -2.75e-05 -5.47e-05 -4.11e-06 -1.72e-05 -0.000949  -0.00029  1.59e-05 -0.000102  -0.00013  -5.7e-05 -7.36e-05 -0.000144  6.11e-05 -0.000111 -1.85e-05  1.89e-06 -4.64e-05   9.7e-06 -0.000213 -3.64e-07  1.27e-05 -7.47e-06  0.000179    -3e-07 -0.000186   5.6e-05  0.000611 -0.000188   0.00158 -1.63e-05 -0.000559 -0.000486  7.77e-05 -0.000661 -7.32e-05 -0.000105  1.35e-05 -0.000392  -0.00043   -0.0002 -0.000127  0.000143 -0.000404  0.000116   0.00028 -0.000171 -9.57e-05 -0.000194 -0.000125 -7.83e-05  -0.00138  0.000113  5.86e-05 -4.49e-05 -1.11e-05  -2.6e-06 -4.17e-07 -3.39e-08  0.000747 -0.000502 -0.000104 -5.27e-05   -0.0014 -0.000805 -0.000673         1  -0.00261  0.000177 -0.000312  0.000871 -0.000232 -0.000834   0.00225   -0.0052   0.00152  -0.00168   4.4e-05 -0.000496  6.56e-05   -0.0108  -0.00101  -0.00319 -0.000672 -8.34e-05 -0.000636 -0.000152 -5.08e-06 -0.000215  -0.00122  3.82e-05 -0.000388
  -0.0112  0.000266  -0.00261  -0.00299  -0.00234 -0.000514  1.79e-17  1.79e-17 -0.000427  -0.00193 -8.39e-17  -0.00106 -0.000195  -4.7e-05  -0.00182 -9.46e-05 -0.000113 -0.000205 -0.000395  0.000111 -5.73e-05     -0.01   -0.0024  0.000412 -0.000344  -0.00117 -0.000246 -0.000558  -0.00132  0.000848 -0.000898  4.87e-05  0.000133 -0.000445   -0.0006    -0.002 -4.88e-06  0.000219 -9.18e-05   0.00153  1.63e-06  -0.00195  0.000594   0.00579  -0.00174     0.017 -0.000109    -0.005  -0.00456  0.000519  -0.00763  0.000166 -0.000985   0.00133  -0.00326   -0.0039 -0.000178  -0.00123   0.00113  -0.00345   0.00137   0.00222  -0.00171  -0.00105  -0.00204  -0.00145  0.000843   -0.0134 -8.73e-05  0.000487 -0.000521 -0.000145 -3.03e-05 -4.76e-06 -3.76e-07   0.00753  -0.00449   -0.0014 -0.000536    -0.015  -0.00862  -0.00753  -0.00261         1   0.00199  -0.00236   0.00467  -0.00259  -0.00884    0.0275   -0.0536    0.0182   -0.0152 -0.000826   -0.0057   0.00101    -0.106  -0.00964   -0.0292  -0.00786 -0.000968  -0.00652   -0.0017 -5.51e-05  -0.00152   -0.0116  0.000616  -0.00348
   0.0213 -0.000231   0.00204  -0.00014 -0.000193 -7.07e-05 -1.61e-17 -1.61e-17 -8.37e-06 -0.000277  5.49e-16 -8.85e-05 -0.000102 -1.98e-05  -8.4e-05 -3.59e-05 -5.33e-05 -0.000107 -0.000268 -0.000263 -1.58e-05  0.000944  0.000276  0.000121  -0.00379  0.000518  0.000457  0.000116  9.42e-05 -1.02e-05  0.000178  0.000199  0.000107  7.96e-05  -0.00616  -0.00112 -6.47e-08 -0.000266 -7.56e-05 -0.000884 -1.62e-05  8.14e-06  -0.00217  -0.00626  -0.00058  -0.00807  2.87e-06  0.000884   0.00521   0.00497   0.00272   0.00116   0.00359   0.00382  0.000759 -0.000216   0.00323  0.000298  -0.00106   0.00166  0.000528  -0.00227  -0.00135 -0.000753 -0.000777 -6.27e-05     0.014  0.000113   0.00194 -0.000461  0.000194 -2.06e-05  1.48e-06  3.36e-07  3.53e-08   -0.0101  -0.00114 -0.000328  3.26e-05  -0.00712  0.000568   0.00062  0.000177   0.00199         1  -0.00147  -0.00807  -0.00305  -0.00328   -0.0215   0.00975   -0.0165   0.00147   0.00141   -0.0151 -0.000946  -0.00391  -0.00895   -0.0115  -0.00124   5.8e-06  -0.00488   -0.0008 -1.28e-05   -0.0101   -0.0044    -0.001  -0.00167
   0.0113 -0.000571  0.000512 -0.000904  -0.00032  4.48e-05  1.27e-16  1.27e-16 -0.000104 -0.000287   9.7e-17 -0.000408 -0.000226  -2.3e-05 -0.000521 -6.86e-05 -8.97e-05 -0.000104 -0.000256 -0.000369 -0.000188  -0.00196  -0.00115 -0.000201  -0.00355  -0.00031  -0.00036 -0.000415 -0.000632 -3.45e-05 -0.000519 -0.000195 -8.15e-05 -0.000201  -0.00387  -0.00211 -4.15e-07 -0.000257 -4.45e-05 -0.000192 -1.95e-05 -0.000529  -0.00154  -0.00229  -0.00139  -0.00176 -8.36e-05  -0.00381 -0.000768  -0.00166  -0.00145  -0.00193   0.00161  0.000209  -0.00143  -0.00211 -0.000457  -0.00072  -0.00086 -0.000549  0.000735  -0.00146  -0.00134 -0.000369 -0.000997 -0.000267    0.0114  -0.00316    0.0035 -0.000206  7.86e-05  -1.7e-05 -1.92e-06 -3.61e-07 -4.14e-08  -0.00622  -0.00277 -0.000234 -0.000127  -0.00911  -0.00154 -0.000988 -0.000312  -0.00236  -0.00147         1   0.00705  -0.00273  -0.00704   -0.0124  -0.00102  -0.00737  -0.00693   0.00523   -0.0137 -0.000986   -0.0446   -0.0106   -0.0214  -0.00225 -7.26e-05  -0.00574  -0.00099 -2.76e-05  -0.00899  -0.00777  -0.00088  -0.00213
    0.436   -0.0131   0.00781    0.0274    0.0391    0.0143  -7.9e-15  -7.9e-15  -0.00204  -0.00197 -4.88e-15    0.0163   0.00469   0.00167    0.0178   0.00327    0.0041   0.00974    0.0204   -0.0186  -0.00333    -0.043   -0.0681  -0.00779    -0.202   0.00575    -0.015  -0.00891  -0.00285   -0.0239 -0.000229  -0.00888   -0.0146   -0.0107   -0.0583   -0.0695 -1.44e-05 -0.000596  -0.00122   -0.0306   8.1e-05    0.0002   -0.0533    -0.134     -0.11      -0.3  7.19e-05   -0.0357     0.105     0.113    0.0601   0.00159     0.133     0.125    0.0479    0.0132    0.0978    0.0401    0.0318    0.0724    0.0198     -0.15    0.0264    0.0173    0.0105   0.00262    0.0974     0.183    0.0537   -0.0109   0.00266  4.67e-05 -2.02e-07 -1.25e-05 -4.71e-07    0.0391    0.0162  0.000938 -0.000391  -0.00389 -0.000576   0.00101  0.000871   0.00467  -0.00807   0.00705         1   0.00195   -0.0672    -0.182    -0.283   -0.0222   -0.0629     0.113     0.169    0.0026     0.134    0.0116    0.0241    0.0012  0.000415  -0.00135 -0.000635 -0.000138    0.0361    0.0128   -0.0159     0.076
 -0.00327 -9.29e-05   0.00421  -0.00137  -0.00158  4.17e-07  8.65e-16  8.65e-16 -0.000127 -0.000643  1.61e-15 -0.000521  -0.00196  -0.00014   -0.0008 -9.82e-05 -0.000142 -0.000807  -0.00175  0.000213 -8.93e-05  0.000517   0.00192   0.00121   0.00759  0.000259  0.000711   0.00035  0.000175    0.0003  0.000388  0.000258  0.000749  0.000268  -0.00832 -0.000495   7.9e-07 -0.000703 -0.000231 -0.000946 -3.97e-05 -0.000195 -0.000613   0.00171   0.00197    0.0072 -1.06e-05   0.00431    0.0106    0.0142   0.00533   -0.0012   0.00192   0.00429   0.00108  -0.00155   0.00372   0.00131 -0.000823   0.00378  -0.00219  -0.00199  -0.00308  -0.00191 -0.000697 -0.000299  -0.00527  -0.00421  0.000347   -0.0028  0.000163 -6.18e-05 -2.49e-06 -9.06e-08 -3.89e-08  -0.00926  -0.00318 -0.000737 -7.67e-05   -0.0124 -0.000915 -0.000371 -0.000232  -0.00259  -0.00305  -0.00273   0.00195         1  -0.00446    -0.028   -0.0212   -0.0184   0.00683   -0.0178   -0.0283  -0.00347   -0.0305   -0.0141   -0.0212  -0.00321 -0.000167  -0.00752  -0.00139  -1.7e-06   -0.0141  -0.00822  -0.00159  -0.00577
   0.0381   -0.0037   0.00134   0.00187    0.0085   0.00297  3.72e-15  3.72e-15 -0.000401 -0.000299  2.63e-15  0.000502   0.00304  0.000368   0.00111  0.000156  0.000175   0.00231   0.00472 -0.000408 -0.000535  -0.00694  -0.00279  -0.00106  -0.00977 -0.000947  -0.00342  -0.00154  -0.00155  -0.00171 -0.000431 -0.000848  -0.00165  -0.00096  -0.00683  -0.00738 -3.33e-06 -0.000166  0.000271  -0.00301 -2.52e-05  -0.00106  -0.00794   -0.0169   -0.0152    -0.013  3.01e-05   -0.0308   -0.0341   -0.0726   -0.0345   -0.0125   0.00503  -0.00401   -0.0099   -0.0138  -0.00314  -0.00692  -0.00614   0.00111   0.00638   -0.0298  9.93e-05  0.000565  -0.00127  -0.00045    0.0697    0.0267    0.0168  -0.00228  0.000312  -8.1e-05   1.3e-06  -4.2e-07 -1.04e-07   -0.0236  -0.00131  -0.00176 -0.000213   -0.0208  -0.00294  -0.00285 -0.000834  -0.00884  -0.00328  -0.00704   -0.0672  -0.00446         1   -0.0245  -0.00848    0.0148   -0.0143    0.0304   -0.0458  -0.00315   -0.0583   -0.0213   -0.0432   -0.0054 -0.000113   -0.0115  -0.00202 -0.000119   -0.0149   -0.0154  -0.00286    0.0115
   0.0674  -0.00754    0.0141  -0.00104  0.000306    0.0012 -4.36e-15 -4.36e-15  0.000107  -0.00503  1.36e-16 -0.000828   -0.0036 -0.000233 -0.000589 -0.000285 -0.000392  -0.00129  -0.00279  0.000681  0.000575   0.00631   0.00157   0.00155   0.00125   -0.0021    0.0026   0.00107    0.0014   -0.0019  7.37e-05 -0.000635  -0.00163   0.00156   -0.0374   -0.0105  8.88e-06 -0.000694 -0.000272  -0.00641 -8.46e-06  0.000142    -0.016   -0.0319  -0.00714    0.0115  9.05e-05 -0.000499     0.023    0.0187    0.0134   -0.0368    0.0193   0.00946    0.0063  -0.00922    0.0104     0.013   -0.0249   -0.0146   0.00166   -0.0179  -0.00501  -0.00872  -0.00387 -0.000376    0.0944   0.00621    0.0168  -0.00984   0.00148 -1.81e-05  1.63e-05  4.48e-06  3.86e-07    -0.075   -0.0132  0.000972  0.000361   -0.0547   0.00646     0.008   0.00225    0.0275   -0.0215   -0.0124    -0.182    -0.028   -0.0245         1    0.0556    -0.304   -0.0819    -0.031    -0.186   -0.0145  -0.00259   -0.0743   -0.0879   -0.0067 -0.000316    -0.044  -0.00722 -0.000126   -0.0882   -0.0486  -0.00981   -0.0136
  -0.0897  0.000492  -0.00771  -0.00669   -0.0069   0.00146  4.46e-15  4.46e-15 -0.000549 -8.39e-05  2.33e-15   -0.0015    -0.012 -0.000628  -0.00391  1.09e-05 -3.44e-06  -0.00358  -0.00734    0.0018  -0.00124   -0.0236  -0.00473    0.0043    0.0458  -0.00559  -0.00554  -0.00136  -0.00146   -0.0037 -0.000369   -0.0028  0.000437  -0.00076   0.00623  -0.00101  4.94e-06 -0.000907 -0.000551   0.00135 -2.44e-05  -0.00279   0.00845    0.0535  -0.00556    0.0627 -0.000394  1.77e-05  -0.00724    0.0139   -0.0119   -0.0223   -0.0179  -0.00959    -0.011   -0.0192   -0.0165   0.00458    0.0126   0.00149   -0.0202   -0.0089  -0.00213  -0.00517    0.0031  -0.00145    -0.218   -0.0219   -0.0149   -0.0128  -0.00146 -0.000204  -5.4e-05 -9.31e-06 -1.01e-06    0.0712   -0.0098  -0.00179  -0.00146  -0.00302   -0.0195   -0.0146   -0.0052   -0.0536   0.00975  -0.00102    -0.283   -0.0212  -0.00848    0.0556         1    0.0782 -0.000731    -0.129    0.0054   -0.0102    -0.174   0.00985   -0.0322  -0.00731  -0.00203   0.00649  0.000371  7.38e-05    0.0335   -0.0126 -0.000225   -0.0153
   0.0881  -0.00265   0.00731  -0.00567   -0.0124  -0.00384 -8.59e-15 -8.59e-15  0.000368  -0.00527 -3.38e-15  -0.00255   -0.0052  -0.00066  -0.00348 -0.000655 -0.000825  -0.00387  -0.00813 -0.000183  0.000999   0.00661  0.000962   0.00115   -0.0166 -0.000995    0.0057   0.00183    0.0015  0.000128 -0.000539  0.000557  -3.4e-05    0.0019   -0.0377  -0.00581   6.3e-06 -0.000242 -0.000511  -0.00325  1.28e-05 -0.000219   -0.0119   -0.0294   0.00522   -0.0153 -8.37e-05    0.0234    0.0463    0.0797    0.0387   -0.0142    0.0134    0.0124    0.0111   0.00365    0.0113    0.0141   -0.0174   -0.0196  -0.00261    0.0173  -0.00724  -0.00932  -0.00596 -0.000908    0.0379   -0.0392  -0.00142  -0.00286  0.000762 -1.97e-05 -3.45e-06  2.01e-06  3.05e-07   -0.0543   -0.0142    0.0015  0.000265   -0.0436   0.00422   0.00598   0.00152    0.0182   -0.0165  -0.00737   -0.0222   -0.0184    0.0148    -0.304    0.0782         1   -0.0721   -0.0351    -0.131  -0.00675   -0.0186   -0.0601   -0.0675  -0.00605 -0.000644   -0.0367  -0.00612 -6.64e-05   -0.0768   -0.0395  -0.00553   -0.0307
  -0.0276  -0.00448   -0.0102  -0.00266 -0.000342  0.000135 -4.35e-15 -4.35e-15 -0.000322  -0.00262 -6.11e-15  -0.00118  0.000774  4.68e-05  -0.00155 -0.000129  -0.00011  0.000381  0.000967 -0.000626  -0.00011    -0.015   -0.0108  -0.00283   -0.0167  -0.00584  -0.00339  -0.00248  -0.00307  -0.00152  -0.00412  -0.00252   -0.0031  -0.00119   0.00737  -0.00936 -1.19e-06   0.00146  0.000366    0.0017  8.33e-05  -0.00255  -0.00329  0.000976   -0.0106    0.0193 -0.000309   -0.0264   -0.0332   -0.0368   -0.0204   -0.0291  -0.00482   -0.0192  -0.00681  -0.00789   -0.0172  0.000968  -0.00907   -0.0271   0.00455   0.00387   0.00401  0.000947  -0.00185  -0.00113    0.0228   -0.0131   0.00854   0.00226 -0.000495  7.41e-05 -1.85e-05 -3.15e-06 -2.35e-07   0.00958    -0.008   0.00215 -0.000546   -0.0117  -0.00758  -0.00547  -0.00168   -0.0152   0.00147  -0.00693   -0.0629   0.00683   -0.0143   -0.0819 -0.000731   -0.0721         1    0.0285   -0.0197   0.00113    -0.145   -0.0122   -0.0405   -0.0039 -0.000637  -0.00992  -0.00193 -0.000128  -0.00499   -0.0224 -3.66e-05 -0.000851
   0.0756   0.00238  -0.00135  -0.00856   -0.0212  -0.00499  1.99e-15  1.99e-15  0.000166 -0.000698  1.92e-15  -0.00328   -0.0145  -0.00129  -0.00545 -0.000718 -0.000925  -0.00763    -0.016   0.00187  0.000346   0.00384   0.00929   0.00391    0.0201  -0.00296  0.000303   0.00231   0.00254  -0.00332   0.00195 -0.000337   0.00244    0.0016   -0.0275   0.00458  9.08e-06 -0.000982 -0.000611  -0.00816 -1.69e-05   0.00118  0.000636    0.0133    0.0137   -0.0491   0.00014    0.0276   0.00205    0.0156   0.00597    -0.019   -0.0335   -0.0267  8.24e-05  -0.00119   -0.0164   0.00342  -0.00524  -0.00555   -0.0334    0.0144  -0.00555  -0.00769   0.00171 -8.58e-05    -0.261   -0.0512   -0.0438    -0.011 -0.000994 -5.49e-05 -7.24e-06  1.38e-06 -7.08e-08    0.0224  -0.00261 -0.000168  3.92e-05    0.0128  0.000519   0.00133   4.4e-05 -0.000826   0.00141   0.00523     0.113   -0.0178    0.0304    -0.031    -0.129   -0.0351    0.0285         1   -0.0436  -0.00966    0.0461    0.0131    0.0334   0.00188 -0.000386   0.00777   0.00102   0.00016   0.00327   0.00694   0.00104   -0.0417
 -0.00578  -0.00407    0.0075  -0.00643   -0.0076  -0.00159  3.58e-15  3.58e-15 -0.000231  -0.00342  5.27e-15  -0.00345  -0.00488 -0.000549  -0.00421 -0.000746 -0.000999  -0.00299  -0.00659  0.000624  4.05e-05 -0.000706   0.00638   0.00147    -0.014  -0.00177 -0.000109   0.00063  1.17e-05  -0.00229  0.000741  0.000311  0.000274   0.00104   -0.0523  -0.00846   1.1e-06  -0.00135 -0.000215     -0.01 -8.52e-05  -0.00114   -0.0186   -0.0413  -0.00697   -0.0649  9.66e-05   -0.0165   -0.0258   -0.0634   -0.0308   -0.0246  -0.00461   -0.0123   -0.0121   -0.0197  -0.00609  -0.00661   -0.0223  -0.00913  -0.00827   -0.0231   -0.0112  -0.00978  -0.00674  -0.00157    0.0147   -0.0186  0.000734  -0.00885  0.000436 -0.000238  -3.7e-06  1.96e-06  2.72e-08   -0.0731    -0.012  -0.00347 -8.79e-05   -0.0584  -0.00147 -0.000497 -0.000496   -0.0057   -0.0151   -0.0137     0.169   -0.0283   -0.0458    -0.186    0.0054    -0.131   -0.0197   -0.0436         1   -0.0128   -0.0855   -0.0697    -0.101   -0.0132 -0.000711   -0.0385   -0.0067 -0.000147   -0.0766   -0.0445  -0.00649   -0.0268
 -0.00933 -0.000417   0.00146 -0.000248  3.71e-05  0.000308  7.15e-16  7.15e-16 -4.02e-05 -7.26e-05  6.99e-16 -0.000124 -0.000895 -4.34e-05 -0.000142 -2.29e-05 -3.58e-05 -0.000248  -0.00054  0.000292 -4.97e-05  0.000465   0.00106  0.000454   0.00587 -0.000293 -0.000167  8.56e-05  0.000103  -0.00017  0.000153 -0.000105  0.000139  0.000112  -0.00181 -7.41e-05  1.05e-06 -0.000236 -3.88e-05 -0.000618 -1.16e-05  5.61e-05  1.54e-05   0.00231  0.000364   0.00536  1.46e-05 -0.000425 -0.000712   -0.0031  -0.00131  -0.00391  -0.00123  -0.00157 -0.000402  -0.00165 -0.000826  0.000221  -0.00124   0.00064  -0.00151  -0.00246 -0.000609 -0.000566  0.000225   1.3e-05  -0.00741   0.00101  6.28e-05  -0.00171  5.81e-05  -7.1e-06  1.98e-06  4.37e-07  3.69e-09  -0.00248 -0.000745 -0.000105 -2.15e-06  -0.00251   0.00013  0.000272  6.56e-05   0.00101 -0.000946 -0.000986    0.0026  -0.00347  -0.00315   -0.0145   -0.0102  -0.00675   0.00113  -0.00966   -0.0128         1  -0.00494  -0.00336   -0.0047 -0.000439  1.45e-05  -0.00166 -0.000291  2.36e-06   -0.0035  -0.00218 -0.000636  -0.00132
  0.00404  -0.00315  -0.00794   -0.0236   -0.0214   -0.0039 -3.96e-15 -3.96e-15  -0.00239  -0.00768 -6.13e-15  -0.00907  -0.00865 -0.000906   -0.0137  -0.00131  -0.00162  -0.00492   -0.0105  -0.00551  -0.00276   -0.0531   -0.0266  -0.00213   -0.0366  -0.00912  -0.00467  -0.00742   -0.0127   0.00325   -0.0119  -0.00361  0.000337  -0.00425   -0.0278   -0.0283 -1.39e-05   -0.0026  -0.00114   0.00781 -0.000224   -0.0121  -0.00286    0.0307  -0.00497     0.061  -0.00179   -0.0355    0.0121    0.0732   0.00484   -0.0209   0.00567   -0.0015   -0.0158   -0.0196   -0.0146  -0.00338   0.00478   -0.0224   0.00401    0.0334   -0.0189  -0.00349    -0.015  -0.00675    0.0206     -0.12    0.0277   0.00308  -0.00112 -0.000361 -0.000109 -1.85e-05  -1.6e-06   0.00266   -0.0501  -0.00226  -0.00328    -0.123   -0.0447   -0.0329   -0.0108    -0.106  -0.00391   -0.0446     0.134   -0.0305   -0.0583  -0.00259    -0.174   -0.0186    -0.145    0.0461   -0.0855  -0.00494         1    -0.126     -0.31   -0.0422  -0.00306   -0.0716   -0.0139 -0.000356   -0.0816    -0.113  -0.00502   -0.0509
   0.0736    -0.001    0.0052   -0.0036  -0.00336 -0.000925 -4.64e-16 -4.64e-16 -0.000254  -0.00198  1.46e-15  -0.00159 -0.000775  -0.00016  -0.00216 -0.000314 -0.000421  -0.00083  -0.00192  -0.00145 -0.000337   -0.0039    -0.002  0.000136   -0.0206  0.000896   0.00119 -0.000425   -0.0012  0.000475 -0.000668  0.000506  0.000396 -0.000117   -0.0262    -0.007 -2.69e-06  -0.00111 -0.000355  -0.00178 -7.97e-05  -0.00165   -0.0091   -0.0225  -0.00379    -0.025  -0.00021  -0.00278    0.0161    0.0202   0.00601   0.00398    0.0138    0.0141  -0.00149    -0.005   0.00927  -0.00076  -0.00347   0.00177   0.00352  -0.00481  -0.00768   -0.0039  -0.00543  -0.00124    0.0629   -0.0153    0.0108 -0.000596  0.000494 -0.000149 -1.23e-05  -1.6e-06 -1.03e-07   -0.0391   -0.0104  -0.00195 -0.000327   -0.0433  -0.00428  -0.00266  -0.00101  -0.00964  -0.00895   -0.0106    0.0116   -0.0141   -0.0213   -0.0743   0.00985   -0.0601   -0.0122    0.0131   -0.0697  -0.00336    -0.126         1   -0.0842   -0.0105 -0.000553   -0.0275  -0.00476 -0.000104   -0.0481   -0.0316  -0.00407   -0.0121
    0.104  -0.00208   0.00318  -0.00762  -0.00533  -0.00109 -7.84e-16 -7.84e-16 -0.000565  -0.00287  9.96e-16  -0.00322  -0.00123 -0.000231  -0.00449 -0.000542 -0.000711  -0.00111  -0.00259  -0.00277  -0.00108   -0.0152   -0.0082 -0.000659   -0.0346 -0.000369  -0.00023   -0.0022  -0.00391  0.000676  -0.00288 -0.000201  5.18e-05 -0.000968   -0.0346   -0.0136 -5.31e-06  -0.00171   -0.0005  0.000122 -0.000134  -0.00425    -0.013   -0.0262  -0.00966   -0.0226 -0.000629   -0.0156     0.014    0.0236    0.0012   0.00276    0.0202    0.0178  -0.00879   -0.0136   0.00666  -0.00351  -0.00233  -0.00222   0.00761  -0.00552   -0.0124   -0.0056  -0.00961  -0.00257    0.0998   -0.0331    0.0232  0.000446  0.000479 -0.000242  -3.3e-05 -5.29e-06 -4.21e-07   -0.0496   -0.0215  -0.00306  -0.00104   -0.0754   -0.0135  -0.00928  -0.00319   -0.0292   -0.0115   -0.0214    0.0241   -0.0212   -0.0432   -0.0879   -0.0322   -0.0675   -0.0405    0.0334    -0.101   -0.0047     -0.31   -0.0842         1   -0.0196  -0.00127   -0.0462  -0.00804 -0.000206   -0.0726   -0.0606  -0.00621   -0.0194
   0.0105   -0.0001  0.000778  -0.00118  -0.00104 -0.000255 -4.13e-18 -4.13e-18 -0.000152 -0.000781  3.38e-16 -0.000461 -0.000202 -3.77e-05 -0.000708 -6.96e-05 -9.17e-05 -0.000192 -0.000431 -0.000243 -6.12e-05  -0.00247 -0.000668   0.00016  -0.00339  2.16e-06  0.000229 -0.000148 -0.000436  0.000292 -0.000246  0.000136  0.000148 -0.000114  -0.00505  -0.00164 -1.57e-06 -0.000182  -9.4e-05 -0.000176 -1.53e-05 -0.000641  -0.00142  -0.00271 -0.000781  -0.00116 -4.64e-05  -0.00107   0.00273   0.00447  3.53e-05  0.000873   0.00233   0.00305  -0.00046  -0.00128   0.00216 -0.000274 -0.000395  0.000223  0.000785 -0.000554   -0.0017 -0.000805  -0.00129 -0.000505    0.0108  -0.00498   0.00166 -0.000117 -6.96e-06 -5.73e-05 -7.93e-06 -1.18e-06 -8.91e-08  -0.00557  -0.00255 -0.000646 -0.000152   -0.0105  -0.00233  -0.00189 -0.000672  -0.00786  -0.00124  -0.00225    0.0012  -0.00321   -0.0054   -0.0067  -0.00731  -0.00605   -0.0039   0.00188   -0.0132 -0.000439   -0.0422   -0.0105   -0.0196         1  -0.00027  -0.00607  -0.00119 -2.77e-05  -0.00877  -0.00742 -0.000602  -0.00278
-0.000164  2.11e-05 -8.53e-05 -0.000127 -0.000145    -4e-05 -4.33e-17 -4.33e-17 -6.23e-06 -7.38e-05 -1.08e-17 -4.73e-05 -3.01e-05 -4.94e-06 -7.84e-05  -6.1e-06 -7.54e-06 -2.65e-05 -5.37e-05  1.46e-05  3.97e-06 -0.000286 -5.02e-05  3.05e-05  3.78e-06 -2.95e-05  3.21e-05 -6.47e-07 -2.54e-05  3.54e-05  -1.9e-05  1.29e-05  1.14e-05  4.08e-06 -0.000135 -2.55e-05 -1.08e-07   8.4e-06 -5.14e-06  7.81e-05  2.68e-07 -6.36e-05 -1.22e-05  8.73e-05 -1.37e-05  0.000626 -4.79e-06  5.35e-05  0.000146  0.000589 -2.25e-05  8.63e-05  4.86e-05  0.000189 -9.83e-05  -0.00014  5.03e-05  2.48e-05  1.88e-05 -0.000206  3.95e-05  0.000206 -0.000107 -0.000112 -0.000103 -5.15e-05  0.000149 -0.000678  -2.9e-05  1.45e-05 -1.53e-05 -5.38e-06 -1.12e-06  -1.6e-07 -1.18e-08  5.87e-05 -0.000215 -4.78e-05 -1.74e-05 -0.000665 -0.000277 -0.000228 -8.34e-05 -0.000968   5.8e-06 -7.26e-05  0.000415 -0.000167 -0.000113 -0.000316  -0.00203 -0.000644 -0.000637 -0.000386 -0.000711  1.45e-05  -0.00306 -0.000553  -0.00127  -0.00027         1 -0.000348 -7.44e-05 -1.75e-06 -0.000353 -0.000553  2.53e-06 -0.000264
   0.0443 -0.000639   0.00269  -0.00206    -0.002 -0.000574 -5.13e-16 -5.13e-16 -0.000167  -0.00133  5.85e-16 -0.000889 -0.000388 -8.85e-05  -0.00123 -0.000173  -0.00023  -0.00046  -0.00106 -0.000822 -0.000148  -0.00261  -0.00141  3.38e-05   -0.0122  0.000371  0.000697  -0.00025 -0.000699  0.000258  -0.00045  0.000257   0.00014 -9.48e-05   -0.0146  -0.00418 -1.78e-06 -0.000536 -0.000196  -0.00104 -3.91e-05 -0.000982  -0.00515   -0.0127  -0.00229   -0.0136 -0.000112  -0.00163   0.00893    0.0118   0.00342   0.00163   0.00774   0.00779  -0.00046   -0.0025   0.00535 -9.02e-05  -0.00224  0.000255   0.00209  -0.00229  -0.00405  -0.00212  -0.00305 -0.000755    0.0353  -0.00899   0.00574 -0.000235  0.000246 -8.53e-05 -8.26e-06 -1.09e-06  -6.7e-08   -0.0211  -0.00582  -0.00103  -0.00019   -0.0242  -0.00259  -0.00169 -0.000636  -0.00652  -0.00488  -0.00574  -0.00135  -0.00752   -0.0115    -0.044   0.00649   -0.0367  -0.00992   0.00777   -0.0385  -0.00166   -0.0716   -0.0275   -0.0462  -0.00607 -0.000348         1  -0.00272 -6.09e-05   -0.0266   -0.0177  -0.00218  -0.00675
  0.00718 -0.000108  0.000489 -0.000403 -0.000396 -0.000106  -8.4e-17  -8.4e-17  -4.2e-05 -0.000286  1.05e-16 -0.000168 -9.38e-05 -1.72e-05 -0.000241 -3.06e-05 -4.05e-05 -9.04e-05 -0.000204  -0.00013 -2.08e-05 -0.000587 -0.000241  3.18e-05  -0.00187  3.76e-05  0.000131 -4.12e-05 -0.000132  6.85e-05 -8.61e-05  4.81e-05  3.56e-05 -2.24e-05  -0.00251 -0.000744    -4e-07 -8.94e-05 -3.79e-05 -0.000183  -6.6e-06 -0.000195 -0.000821   -0.0019 -0.000339  -0.00173 -1.77e-05 -0.000252    0.0016   0.00223  0.000563  0.000175   0.00125   0.00134 -1.47e-05 -0.000408   0.00099  2.61e-05 -0.000405  3.22e-05  0.000325 -0.000321 -0.000705 -0.000365 -0.000529 -0.000156   0.00564  -0.00174  0.000874 -7.55e-05   3.2e-05 -1.74e-05 -1.94e-06 -2.65e-07 -1.77e-08  -0.00339  -0.00104 -0.000195 -3.93e-05  -0.00434 -0.000571  -0.00041 -0.000152   -0.0017   -0.0008  -0.00099 -0.000635  -0.00139  -0.00202  -0.00722  0.000371  -0.00612  -0.00193   0.00102   -0.0067 -0.000291   -0.0139  -0.00476  -0.00804  -0.00119 -7.44e-05  -0.00272         1 -1.09e-05  -0.00451  -0.00314 -0.000357  -0.00123
 0.000179    -1e-05  -8.2e-06 -2.41e-06  1.04e-05  2.04e-06  1.73e-19  1.73e-19 -1.21e-06 -5.61e-06  -6.8e-19 -1.82e-06  1.16e-05  7.73e-07 -1.65e-06 -1.95e-07 -2.47e-07  5.08e-06  1.04e-05 -5.12e-06 -1.12e-06 -3.47e-05 -2.21e-05 -7.24e-06 -0.000111 -3.43e-06 -7.16e-06 -5.93e-06 -7.63e-06  -3.8e-06 -5.42e-06 -1.98e-06 -6.25e-06 -3.67e-06 -4.42e-05 -3.29e-05 -2.03e-08  9.65e-07  6.68e-07 -6.65e-06 -1.53e-08 -6.83e-06 -3.66e-05 -9.55e-05 -4.99e-05 -0.000117 -4.25e-07 -9.04e-05 -8.47e-05 -0.000161 -8.45e-05 -1.95e-05  2.93e-05   6.4e-07 -2.86e-05 -3.39e-05 -3.89e-06 -1.98e-05 -2.14e-05 -2.28e-05   2.9e-05 -5.51e-05 -4.38e-06 -1.19e-06 -1.43e-05 -3.96e-06   0.00029  1.46e-05  5.07e-05  6.78e-06  4.11e-07 -3.39e-07  -4.5e-08 -8.26e-09 -5.62e-10 -9.06e-05 -1.74e-05 -5.12e-06 -1.23e-06   -0.0001 -1.86e-05 -1.61e-05 -5.08e-06 -5.51e-05 -1.28e-05 -2.76e-05 -0.000138  -1.7e-06 -0.000119 -0.000126  7.38e-05 -6.64e-05 -0.000128   0.00016 -0.000147  2.36e-06 -0.000356 -0.000104 -0.000206 -2.77e-05 -1.75e-06 -6.09e-05 -1.09e-05         1 -8.46e-05 -7.99e-05  -7.3e-06   1.1e-05
   0.0938 -0.000595   0.00548  -0.00397  -0.00632   -0.0021 -7.92e-16 -7.92e-16  -9.9e-05  -0.00191  1.52e-15  -0.00182  -0.00179 -0.000311  -0.00246 -0.000423 -0.000562  -0.00174  -0.00386  -0.00165 -0.000144 -0.000235 -0.000447  9.23e-05   -0.0289   0.00137    0.0018  0.000132 -0.000454 -0.000182 -0.000106  0.000772  0.000586  0.000201   -0.0345  -0.00677 -1.75e-06  -0.00116 -0.000399  -0.00413 -7.72e-05 -0.000969   -0.0117   -0.0323  -0.00247   -0.0554  -0.00013   0.00216    0.0178    0.0209   0.00876   0.00502    0.0117    0.0121 -0.000104  -0.00279   0.00938 -0.000786  -0.00561   0.00133 -6.88e-05  -0.00321   -0.0083  -0.00475  -0.00563 -0.000984    0.0429   -0.0204   0.00459 -0.000811  0.000533 -0.000134 -6.09e-06 -1.42e-07  2.57e-08   -0.0452   -0.0091  -0.00185 -0.000109   -0.0401  -0.00126 -0.000194 -0.000215  -0.00152   -0.0101  -0.00899    0.0361   -0.0141   -0.0149   -0.0882    0.0335   -0.0768  -0.00499   0.00327   -0.0766   -0.0035   -0.0816   -0.0481   -0.0726  -0.00877 -0.000353   -0.0266  -0.00451 -8.46e-05         1    -0.028    -0.004   -0.0175
   0.0328  -0.00111  0.000805  -0.00318  -0.00261 -0.000551 -6.31e-16 -6.31e-16 -0.000211   -0.0015  6.39e-17  -0.00137  -0.00083 -0.000123   -0.0019 -0.000234 -0.000302 -0.000627  -0.00139 -0.000753 -0.000289  -0.00589  -0.00277 -0.000144   -0.0112 -0.000684 -3.97e-05 -0.000713  -0.00136  0.000135  -0.00113 -0.000163 -0.000103 -0.000242   -0.0132  -0.00511 -1.58e-06 -0.000481 -0.000166 -0.000173 -3.83e-05  -0.00162  -0.00496  -0.00919  -0.00342  -0.00541 -0.000213  -0.00605   0.00276   0.00586  -0.00107  -0.00262   0.00572   0.00411  -0.00337  -0.00557  0.000997 -0.000726  -0.00269  -0.00367   0.00205   -0.0013  -0.00438  -0.00253  -0.00359  -0.00104    0.0319   -0.0141   0.00726 -0.000298  0.000115    -9e-05 -1.36e-05 -1.96e-06 -1.58e-07   -0.0183  -0.00831 -0.000974 -0.000378   -0.0283  -0.00508  -0.00347  -0.00122   -0.0116   -0.0044  -0.00777    0.0128  -0.00822   -0.0154   -0.0486   -0.0126   -0.0395   -0.0224   0.00694   -0.0445  -0.00218    -0.113   -0.0316   -0.0606  -0.00742 -0.000553   -0.0177  -0.00314 -7.99e-05    -0.028         1  -0.00228   -0.0085
   0.0119 -0.000263  0.000969  9.98e-05  0.000452  0.000205  1.32e-16  1.32e-16 -2.39e-05  -7.7e-05  3.02e-16  4.51e-05  -1.2e-05  1.05e-05  7.33e-05  6.79e-06  4.46e-06  6.89e-05  0.000126 -0.000126 -5.32e-05 -6.46e-06 -0.000165  4.98e-05 -0.000898  0.000146 -6.52e-06 -4.54e-05 -3.58e-05 -9.27e-05   3.7e-05 -9.19e-06 -3.25e-05 -2.86e-05  -0.00211  -0.00076  3.24e-08 -0.000139 -2.91e-05 -0.000353 -8.22e-06 -3.62e-05 -0.000892    -0.002 -0.000854  -0.00138 -5.06e-06 -0.000608   0.00173  0.000956  0.000534 -0.000227   0.00194   0.00178  0.000146 -0.000585   0.00134  0.000184 -0.000296   0.00106  0.000446   -0.0022 -0.000434 -0.000203 -0.000208 -1.58e-05   0.00721   0.00168   0.00173 -0.000425  9.87e-05 -8.13e-06  7.79e-07  7.92e-08  5.07e-09  -0.00385 -0.000566 -0.000142 -5.17e-06  -0.00335  4.29e-05  0.000133  3.82e-05  0.000616    -0.001  -0.00088   -0.0159  -0.00159  -0.00286  -0.00981 -0.000225  -0.00553 -3.66e-05   0.00104  -0.00649 -0.000636  -0.00502  -0.00407  -0.00621 -0.000602  2.53e-06  -0.00218 -0.000357  -7.3e-06    -0.004  -0.00228         1  9.49e-05
    0.124   0.00142   -0.0044  -0.00708   -0.0163   -0.0051 -1.28e-15 -1.28e-15  3.52e-05 -0.000932 -1.03e-15  -0.00285  -0.00674 -0.000806  -0.00447 -0.000643  -0.00081   -0.0047  -0.00998  -0.00178 -8.11e-05  -0.00261   -0.0015 -0.000359   -0.0358 -0.000975 -6.17e-05  0.000106 -0.000259  -0.00252  -0.00051 -0.000238  0.000657 -2.76e-06   -0.0326  -0.00478  4.04e-07 -0.000598 -0.000406  -0.00636 -2.89e-05 -0.000513  -0.00868   -0.0226   0.00167   -0.0974 -0.000151   0.00898   0.00226     0.013   0.00546 -0.000942   -0.0108   -0.0103  -0.00156  0.000964  -0.00697  -0.00159  -0.00316   -0.0066   -0.0152    0.0119  -0.00574  -0.00412  -0.00328  -0.00066    -0.108   -0.0471   -0.0208 -0.000827  -0.00048  -4.7e-05 -1.08e-05 -5.63e-07 -5.62e-08  -0.00488  -0.00582 -0.000493 -0.000147  -0.00923  -0.00195 -0.000896 -0.000388  -0.00348  -0.00167  -0.00213     0.076  -0.00577    0.0115   -0.0136   -0.0153   -0.0307 -0.000851   -0.0417   -0.0268  -0.00132   -0.0509   -0.0121   -0.0194  -0.00278 -0.000264  -0.00675  -0.00123   1.1e-05   -0.0175   -0.0085  9.49e-05         1

  Chi^2                                1.26029  +/- 2.24526
  Chi^2/ndf                            0.140033
  Chi^2 for each template              232.181 +/- 4.61341	94.3761 +/- 2.6998	20.5211 +/- 1.86936	20.4091 +/- 1.40535	61.7661 +/- 2.93759	127.498 +/- 2.35041	192.048 +/- 5.36829	244.085 +/- 3.33209	
  Chi^2 for each template w.r.t. fit   228.685 +/- 4.61341	93.0318 +/- 2.6998	20.2974 +/- 1.86936	21.1432 +/- 1.40535	61.6363 +/- 2.93759	126.882 +/- 2.35041	190.387 +/- 5.36829	240.74 +/- 3.33209	  Partial chi^2                        0.00 (EG_RESOLUTION_ALL)    0.00 (EG_SCALE_ALL)    0.00 (EL_EFF_ID_TOTAL_1NPCOR_PLUS_UNCOR)    0.00 (EL_EFF_Iso_TOTAL_1NPCOR_PLUS_UNCOR)
  Partial chi^2                        0.00 (EL_EFF_Reco_TOTAL_1NPCOR_PLUS_UNCOR)    0.00 (EL_EFF_TriggerEff_TOTAL_1NPCOR_PLUS_UNCOR)    0.00 (EL_EFF_Trigger_TOTAL_1NPCOR_PLUS_UNCOR)    0.00 (FAKES_Electron)
  Partial chi^2                        0.00 (FAKES_Muon)    0.08 (FT_EFF_Eigen_B_0)    0.01 (FT_EFF_Eigen_B_1)    0.01 (FT_EFF_Eigen_B_2)
  Partial chi^2                        0.00 (FT_EFF_Eigen_B_3)    0.00 (FT_EFF_Eigen_B_4)    0.00 (FT_EFF_Eigen_B_5)    0.00 (FT_EFF_Eigen_B_6)
  Partial chi^2                        0.00 (FT_EFF_Eigen_B_7)    0.00 (FT_EFF_Eigen_B_8)    0.00 (FT_EFF_Eigen_C_0)    0.00 (FT_EFF_Eigen_C_1)
  Partial chi^2                        0.00 (FT_EFF_Eigen_C_2)    0.00 (FT_EFF_Eigen_C_3)    0.00 (FT_EFF_Eigen_Light_0)    0.00 (FT_EFF_Eigen_Light_1)
  Partial chi^2                        0.00 (FT_EFF_Eigen_Light_2)    0.00 (FT_EFF_Eigen_Light_3)    0.00 (FT_EFF_extrapolation)    0.00 (FT_EFF_extrapolation_from_charm)
  Partial chi^2                        0.00 (FULL_SYS_SUM)    0.07 (FULL_SYS_SUM_DETECTOR)    0.23 (FULL_SYS_SUM_THEORY)    0.00 (FULL_SYS_TOYS)
  Partial chi^2                        0.00 (JET_EffectiveNP_Detector1)    0.00 (JET_EffectiveNP_Detector2)    0.00 (JET_EffectiveNP_Mixed1)    0.00 (JET_EffectiveNP_Mixed2)
  Partial chi^2                        0.00 (JET_EffectiveNP_Mixed3)    0.01 (JET_EffectiveNP_Modelling1)    0.00 (JET_EffectiveNP_Modelling2)    0.00 (JET_EffectiveNP_Modelling3)
  Partial chi^2                        0.00 (JET_EffectiveNP_Modelling4)    0.00 (JET_EffectiveNP_Statistical1)    0.00 (JET_EffectiveNP_Statistical2)    0.00 (JET_EffectiveNP_Statistical3)
  Partial chi^2                        0.00 (JET_EffectiveNP_Statistical4)    0.00 (JET_EffectiveNP_Statistical5)    0.00 (JET_EffectiveNP_Statistical6)    0.00 (JET_EtaIntercalibration_Modelling)
  Partial chi^2                        0.00 (JET_EtaIntercalibration_NonClosure_2018data)    0.00 (JET_EtaIntercalibration_NonClosure_highE)    0.00 (JET_EtaIntercalibration_NonClosure_negEta)    0.00 (JET_EtaIntercalibration_NonClosure_posEta)
  Partial chi^2                        0.00 (JET_EtaIntercalibration_TotalStat)    0.00 (JET_Flavor_Composition_prop)    0.00 (JET_Flavor_Response_prop)    0.00 (JET_JER_DataVsMC_MC16_PseudoData)
  Partial chi^2                        0.00 (JET_JER_EffectiveNP_10_PseudoData)    0.00 (JET_JER_EffectiveNP_11_PseudoData)    0.00 (JET_JER_EffectiveNP_12restTerm_PseudoData)    0.02 (JET_JER_EffectiveNP_1_PseudoData)
  Partial chi^2                        0.04 (JET_JER_EffectiveNP_2_PseudoData)    0.01 (JET_JER_EffectiveNP_3_PseudoData)    0.00 (JET_JER_EffectiveNP_4_PseudoData)    0.01 (JET_JER_EffectiveNP_5_PseudoData)
  Partial chi^2                        0.02 (JET_JER_EffectiveNP_6_PseudoData)    0.00 (JET_JER_EffectiveNP_7_PseudoData)    0.00 (JET_JER_EffectiveNP_8_PseudoData)    0.01 (JET_JER_EffectiveNP_9_PseudoData)
  Partial chi^2                        0.00 (JET_JvtEfficiency)    0.00 (JET_Pileup_OffsetMu)    0.00 (JET_Pileup_OffsetNPV)    0.00 (JET_Pileup_PtTerm)
  Partial chi^2                        0.01 (JET_Pileup_RhoTopology)    0.00 (JET_PunchThrough_MC16)    0.00 (LUMINOSITY)    0.00 (MET_SoftTrk_ResoPara)
  Partial chi^2                        0.00 (MET_SoftTrk_ResoPerp)    0.00 (MET_SoftTrk_Scale)    0.00 (MUON_EFF_BADMUON_SYS)    0.00 (MUON_EFF_ISO_STAT)
  Partial chi^2                        0.00 (MUON_EFF_ISO_SYS)    0.00 (MUON_EFF_RECO_STAT)    0.00 (MUON_EFF_RECO_SYS)    0.00 (MUON_EFF_TTVA_STAT)
  Partial chi^2                        0.00 (MUON_EFF_TTVA_SYS)    0.00 (MUON_EFF_TrigStatUncertainty)    0.00 (MUON_EFF_TrigSystUncertainty)    0.00 (MUON_SAGITTA_DATASTAT)
  Partial chi^2                        0.00 (MUON_SAGITTA_RESBIAS)    0.00 (PRW_DATASF)    0.26 (STAT_DATA)    0.01 (STAT_MC)  
  Partial chi^2                        0.00 (THEORY_CROSS_SECTION_Wjets)    0.00 (THEORY_CROSS_SECTION_other_top_noWt)    0.00 (THEORY_CROSS_SECTION_signal)    0.06 (THEORY_DR_DS_signal)
  Partial chi^2                        0.00 (THEORY_EWK_Wjets)    0.00 (THEORY_EWK_multiboson_noW)    0.00 (THEORY_FSR_signal)    0.00 (THEORY_HDAMP_signal)
  Partial chi^2                        0.00 (THEORY_ISR_signal)    0.00 (THEORY_PDF4LHC_VARIATION_Wjets)    0.00 (THEORY_PDF4LHC_VARIATION_multiboson_noW)    0.00 (THEORY_PDF4LHC_VARIATION_signal)
  Partial chi^2                        0.01 (THEORY_PTHARD_signal)    0.01 (THEORY_SCALE_COMBINED_Wjets)    0.00 (THEORY_SCALE_COMBINED_multiboson_noW)    0.00 (THEORY_SCALE_FACTORISATION_signal)
  Partial chi^2                        0.00 (THEORY_SCALE_RENORMALISATION_signal)    0.53 (THEORY_SHOWERING_HERWIG7_signal)    0.05 (THEORY_TOPRECOIL_signal)    0.04 (THEORY_TOP_MASS_signal)
  Partial chi^2                        0.00 (TOTAL)        0.01 (TOTAL_NO_DR_DS)    0.00 (TOTAL_SYSONLY)    0.00 (WMASS_VAR_signal)
  Partial chi^2                        0.05 (pseudoDataStat)

  Uncertainties from HESSE matrix
     LTF: Result[0]:                   170.924  +/- 0.645321 (fit [from HESSE])

  Alternative result from pol2-fit to chi^2 values of the templates
     Result(pol2-chi2)[0]              171.574   +/- 0.687809 (fit)
     Chi^2(min)                        23.6393

  Result from linearized second-order model approximation
     EDM (Taylor) [0]                  -1.11695

  Expected distance to minimum
     EDM (Newton) [0]                  -1.81797
     EDM Delta-chi^2                   -25.1466


  'Uncertainties' on M from second-order model approximation
     sigma_m[0]                       -1.15963
     sigma_m[EG_RESOLUTION_ALL]       0.01
     sigma_m[EG_SCALE_ALL]            -0.01
     sigma_m[EL_EFF_ID_TOTAL_1NPCOR_PLUS_UNCOR] -0.03
     sigma_m[EL_EFF_Iso_TOTAL_1NPCOR_PLUS_UNCOR] -0.08
     sigma_m[EL_EFF_Reco_TOTAL_1NPCOR_PLUS_UNCOR] -0.02
     sigma_m[EL_EFF_TriggerEff_TOTAL_1NPCOR_PLUS_UNCOR] -0.00
     sigma_m[EL_EFF_Trigger_TOTAL_1NPCOR_PLUS_UNCOR] -0.00
     sigma_m[MUON_SAGITTA_DATASTAT]   0.00
     sigma_m[MUON_SAGITTA_RESBIAS]    -0.00
     sigma_m[MUON_EFF_BADMUON_SYS]    -0.00
     sigma_m[MUON_EFF_ISO_STAT]       -0.01
     sigma_m[MUON_EFF_ISO_SYS]        -0.04
     sigma_m[MUON_EFF_RECO_STAT]      -0.00
     sigma_m[MUON_EFF_RECO_SYS]       -0.02
     sigma_m[MUON_EFF_TTVA_STAT]      -0.00
     sigma_m[MUON_EFF_TTVA_SYS]       -0.00
     sigma_m[MUON_EFF_TrigStatUncertainty] -0.02
     sigma_m[MUON_EFF_TrigSystUncertainty] -0.05
     sigma_m[JET_EffectiveNP_Detector1] 0.01
     sigma_m[JET_EffectiveNP_Detector2] 0.00
     sigma_m[JET_EffectiveNP_Mixed1]  0.03
     sigma_m[JET_EffectiveNP_Mixed2]  0.03
     sigma_m[JET_EffectiveNP_Mixed3]  0.01
     sigma_m[JET_EffectiveNP_Modelling1] 0.11
     sigma_m[JET_EffectiveNP_Modelling2] -0.01
     sigma_m[JET_EffectiveNP_Modelling3] 0.01
     sigma_m[JET_EffectiveNP_Modelling4] 0.01
     sigma_m[JET_EffectiveNP_Statistical1] 0.01
     sigma_m[JET_EffectiveNP_Statistical2] 0.00
     sigma_m[JET_EffectiveNP_Statistical3] 0.00
     sigma_m[JET_EffectiveNP_Statistical4] 0.00
     sigma_m[JET_EffectiveNP_Statistical5] 0.01
     sigma_m[JET_EffectiveNP_Statistical6] 0.01
     sigma_m[JET_EtaIntercalibration_Modelling] -0.02
     sigma_m[JET_EtaIntercalibration_NonClosure_2018data] 0.03
     sigma_m[JET_EtaIntercalibration_NonClosure_highE] 0.00
     sigma_m[JET_EtaIntercalibration_NonClosure_negEta] -0.00
     sigma_m[JET_EtaIntercalibration_NonClosure_posEta] -0.00
     sigma_m[JET_EtaIntercalibration_TotalStat] -0.00
     sigma_m[JET_Flavor_Composition_prop] 0.00
     sigma_m[JET_Flavor_Response_prop] 0.00
     sigma_m[JET_Pileup_OffsetMu]     0.04
     sigma_m[JET_Pileup_OffsetNPV]    0.13
     sigma_m[JET_Pileup_PtTerm]       0.10
     sigma_m[JET_Pileup_RhoTopology]  0.04
     sigma_m[JET_PunchThrough_MC16]   -0.00
     sigma_m[JET_JER_DataVsMC_MC16_PseudoData] 0.13
     sigma_m[JET_JER_EffectiveNP_1_PseudoData] 0.05
     sigma_m[JET_JER_EffectiveNP_2_PseudoData] 0.18
     sigma_m[JET_JER_EffectiveNP_3_PseudoData] 0.09
     sigma_m[JET_JER_EffectiveNP_4_PseudoData] -0.04
     sigma_m[JET_JER_EffectiveNP_5_PseudoData] -0.13
     sigma_m[JET_JER_EffectiveNP_6_PseudoData] -0.10
     sigma_m[JET_JER_EffectiveNP_7_PseudoData] 0.02
     sigma_m[JET_JER_EffectiveNP_8_PseudoData] 0.03
     sigma_m[JET_JER_EffectiveNP_9_PseudoData] -0.06
     sigma_m[JET_JER_EffectiveNP_10_PseudoData] 0.02
     sigma_m[JET_JER_EffectiveNP_11_PseudoData] -0.01
     sigma_m[JET_JER_EffectiveNP_12restTerm_PseudoData] -0.05
     sigma_m[JET_JvtEfficiency]       -0.09
     sigma_m[PRW_DATASF]              0.17
     sigma_m[MET_SoftTrk_ResoPara]    -0.01
     sigma_m[MET_SoftTrk_ResoPerp]    -0.02
     sigma_m[MET_SoftTrk_Scale]       0.01
     sigma_m[WMASS_VAR_signal]        -0.00
     sigma_m[FT_EFF_Eigen_B_0]        -0.58
     sigma_m[FT_EFF_Eigen_B_1]        -0.23
     sigma_m[FT_EFF_Eigen_B_2]        -0.14
     sigma_m[FT_EFF_Eigen_B_3]        -0.01
     sigma_m[FT_EFF_Eigen_B_4]        -0.00
     sigma_m[FT_EFF_Eigen_B_5]        0.00
     sigma_m[FT_EFF_Eigen_B_6]        -0.00
     sigma_m[FT_EFF_Eigen_B_7]        0.00
     sigma_m[FT_EFF_Eigen_B_8]        0.00
     sigma_m[FT_EFF_Eigen_C_0]        0.12
     sigma_m[FT_EFF_Eigen_C_1]        -0.01
     sigma_m[FT_EFF_Eigen_C_2]        0.01
     sigma_m[FT_EFF_Eigen_C_3]        0.00
     sigma_m[FT_EFF_Eigen_Light_0]    0.08
     sigma_m[FT_EFF_Eigen_Light_1]    0.00
     sigma_m[FT_EFF_Eigen_Light_2]    0.01
     sigma_m[FT_EFF_Eigen_Light_3]    0.00
     sigma_m[FT_EFF_extrapolation]    0.01
     sigma_m[FT_EFF_extrapolation_from_charm] 0.02
     sigma_m[THEORY_CROSS_SECTION_signal] 0.02
     sigma_m[THEORY_SHOWERING_HERWIG7_signal] 0.61
     sigma_m[THEORY_SCALE_FACTORISATION_signal] -0.02
     sigma_m[THEORY_SCALE_RENORMALISATION_signal] 0.19
     sigma_m[THEORY_ISR_signal]       0.00
     sigma_m[THEORY_FSR_signal]       -0.12
     sigma_m[THEORY_HDAMP_signal]     -0.13
     sigma_m[THEORY_PTHARD_signal]    0.03
     sigma_m[THEORY_TOPRECOIL_signal] -0.38
     sigma_m[THEORY_TOP_MASS_signal]  -0.01
     sigma_m[THEORY_PDF4LHC_VARIATION_signal] -0.01
     sigma_m[THEORY_DR_DS_signal]     0.02
     sigma_m[THEORY_CROSS_SECTION_Wjets] 0.08
     sigma_m[THEORY_SCALE_COMBINED_Wjets] 0.15
     sigma_m[THEORY_PDF4LHC_VARIATION_Wjets] 0.01
     sigma_m[THEORY_EWK_Wjets]        -0.00
     sigma_m[THEORY_SCALE_COMBINED_multiboson_noW] 0.04
     sigma_m[THEORY_PDF4LHC_VARIATION_multiboson_noW] 0.01
     sigma_m[THEORY_EWK_multiboson_noW] 0.00
     sigma_m[THEORY_CROSS_SECTION_other_top_noWt] 0.04
     sigma_m[FAKES_Electron]          0.04
     sigma_m[FAKES_Muon]              0.02
     sigma_m[LUMINOSITY]              -0.14

  Settings
     Number of data points             10
     Number of templates               8
     Number of fit parameters          1
     Template reference values [0]     162.5   165 167.5 172.5   175 177.5   180 182.5
     Number of nuisance param.         107
     Gamma[0]                          1.000
     LogNormal                         false
     Response matrix                   false

  please cite: D. Britzger, The Linear Template Fit, Eur.Phys.J.C 82 (2022) 731, arXiv:2112.01548.
------------------------------------------------------------------------

Warning in <TROOT::Append>: Replacing existing TH1: hist (Potential memory leak).
Warning in <TROOT::Append>: Replacing existing TH1: hist (Potential memory leak).
Warning in <TROOT::Append>: Replacing existing TH1: hist (Potential memory leak).
Warning in <TROOT::Append>: Replacing existing TH1: hist (Potential memory leak).
Warning in <TROOT::Append>: Replacing existing TH1: hist (Potential memory leak).
Warning in <TROOT::Append>: Replacing existing TH1: hist (Potential memory leak).
Warning in <TROOT::Append>: Replacing existing TH1: hist (Potential memory leak).
Warning in <TROOT::Append>: Replacing existing TH1: hist (Potential memory leak).
Warning in <TROOT::Append>: Replacing existing TH1: hist (Potential memory leak).
Info in <TCanvas::Print>: ps file plots/fit_mbl.ps has been created
Info in <TCanvas::Print>: Current canvas added to ps file plots/fit_mbl.ps
Info in <TCanvas::Print>: Current canvas added to ps file plots/fit_mbl.ps
Info in <TCanvas::Print>: Current canvas added to ps file plots/fit_mbl.ps
Info in <TCanvas::Print>: Current canvas added to ps file plots/fit_mbl.ps
Info in <TCanvas::Print>: Current canvas added to ps file plots/fit_mbl.ps
Info in <TCanvas::Print>: Current canvas added to ps file plots/fit_mbl.ps
Info in <TCanvas::Print>: Current canvas added to ps file plots/fit_mbl.ps
Info in <TCanvas::Print>: Current canvas added to ps file plots/fit_mbl.ps
Info in <TCanvas::Print>: Current canvas added to ps file plots/fit_mbl.ps
Info in <TCanvas::Print>: Current canvas added to ps file plots/fit_mbl.ps
Info in <TCanvas::Print>: Current canvas added to ps file plots/fit_mbl.ps
Info in <TCanvas::Print>: Current canvas added to ps file plots/fit_mbl.ps
Info in <TCanvas::Print>: Current canvas added to ps file plots/fit_mbl.ps
Info in <TCanvas::Print>: Current canvas added to ps file plots/fit_mbl.ps
Info in <TCanvas::Print>: Current canvas added to ps file plots/fit_mbl.ps
Info in <TCanvas::Print>: Current canvas added to ps file plots/fit_mbl.ps
Info in <TCanvas::Print>: Current canvas added to ps file plots/fit_mbl.ps
Info in <TCanvas::Print>: Current canvas added to ps file plots/fit_mbl.ps
Info in <TCanvas::Print>: Current canvas added to ps file plots/fit_mbl.ps
Info in <TCanvas::Print>: Current canvas added to ps file plots/fit_mbl.ps
Info in <TCanvas::Print>: Current canvas added to ps file plots/fit_mbl.ps
Info in <TCanvas::Print>: Current canvas added to ps file plots/fit_mbl.ps
Info in <TCanvas::Print>: Current canvas added to ps file plots/fit_mbl.ps
Info in <TCanvas::Print>: Current canvas added to ps file plots/fit_mbl.ps
Info in <TCanvas::Print>: Current canvas added to ps file plots/fit_mbl.ps
Info in <TCanvas::Print>: Current canvas added to ps file plots/fit_mbl.ps
Info in <TCanvas::Print>: Current canvas added to ps file plots/fit_mbl.ps
Info in <TCanvas::Print>: Current canvas added to ps file plots/fit_mbl.ps
Info in <TCanvas::Print>: Current canvas added to ps file plots/fit_mbl.ps
Info in <TCanvas::Print>: Current canvas added to ps file plots/fit_mbl.ps
Info in <TCanvas::Print>: Current canvas added to ps file plots/fit_mbl.ps
Info in <TCanvas::Print>: ps file plots/fit_mbl.ps has been closed
Found covarinace matrix unfolding_covariance_matrix_mbwhad_selected_covariance_STAT_DATA
Determinant of covariance matrix 2.92341e-37
Johannes print final correltaion matrix
1	-0.367114	0.124104	-0.0102883	0.0301477	0.0249596	-0.0199066	-0.0498203	
-0.367114	1	-0.597727	0.0853252	-0.00318656	0.0472456	-0.0123551	0.0105914	
0.124104	-0.597727	1	-0.278414	0.0386791	-0.0551904	0.00681515	0.0508684	
-0.0102883	0.0853252	-0.278414	1	-0.277573	0.0986475	-0.0363062	-0.0135197	
0.0301477	-0.00318656	0.0386791	-0.277573	1	-0.351092	0.111181	-0.0635855	
0.0249596	0.0472456	-0.0551904	0.0986475	-0.351092	1	-0.364353	0.0580908	
-0.0199066	-0.0123551	0.00681515	-0.0363062	0.111181	-0.364353	1	-0.280819	
-0.0498203	0.0105914	0.0508684	-0.0135197	-0.0635855	0.0580908	-0.280819	1	
Warning in <TROOT::Append>: Replacing existing TH1: total_error (Potential memory leak).
TH1.Print Name  = total_error, Entries= 856, Total sum= 0.812715
 fSumw[0]=0, x=-0.5, error=0
 fSumw[1]=0.106435, x=0.5, error=0
 fSumw[2]=0.140581, x=1.5, error=0
 fSumw[3]=0.102963, x=2.5, error=0
 fSumw[4]=0.148362, x=3.5, error=0
 fSumw[5]=0.0626302, x=4.5, error=0
 fSumw[6]=0.0720239, x=5.5, error=0
 fSumw[7]=0.0643816, x=6.5, error=0
 fSumw[8]=0.115339, x=7.5, error=0
 fSumw[9]=0, x=8.5, error=0
STAT_MC 0.00293556
STAT_MC 0.00171278
STAT_MC 0.000708049
STAT_MC 0.00225478
STAT_MC 0.00358833
STAT_MC 0.004986
STAT_MC 0.00516222
STAT_MC 0.00778
TH1.Print Name  = total_error, Entries= 864, Total sum= 0.813529
 fSumw[0]=0, x=-0.5, error=0
 fSumw[1]=0.106476, x=0.5, error=0
 fSumw[2]=0.140591, x=1.5, error=0
 fSumw[3]=0.102965, x=2.5, error=0
 fSumw[4]=0.148379, x=3.5, error=0
 fSumw[5]=0.0627329, x=4.5, error=0
 fSumw[6]=0.0721963, x=5.5, error=0
 fSumw[7]=0.0645883, x=6.5, error=0
 fSumw[8]=0.115601, x=7.5, error=0
 fSumw[9]=0, x=8.5, error=0
TH1.Print Name  = total_error, Entries= 872, Total sum= 0.826961
 fSumw[0]=0, x=-0.5, error=0
 fSumw[1]=0.106683, x=0.5, error=0
 fSumw[2]=0.140618, x=1.5, error=0
 fSumw[3]=0.102989, x=2.5, error=0
 fSumw[4]=0.148441, x=3.5, error=0
 fSumw[5]=0.0633503, x=4.5, error=0
 fSumw[6]=0.0739066, x=5.5, error=0
 fSumw[7]=0.0683717, x=6.5, error=0
 fSumw[8]=0.122602, x=7.5, error=0
 fSumw[9]=0, x=8.5, error=0

        Data        Stat Tmpl_162.50 Stat_162.50 Tmpl_165.00 Stat_165.00 Tmpl_167.50 Stat_167.50 Tmpl_172.50 Stat_172.50 Tmpl_175.00 Stat_175.00 Tmpl_177.50 Stat_177.50 Tmpl_180.00 Stat_180.00 Tmpl_182.50 Stat_182.50
    0.412722    0.002746    0.501124    0.001928    0.470297    0.001785    0.441942    0.002848    0.389897    0.001798    0.370175    0.002357    0.346553    0.001262    0.325103    0.002376    0.303533    0.001348
    2.422203    0.006628    3.665329    0.005259    3.203530    0.004653    2.790967    0.007088    2.146594    0.004203    1.890956    0.005292    1.685302    0.002801    1.516108    0.005141    1.368620    0.002892
    3.810714    0.008303    3.229664    0.004935    3.467408    0.004813    3.677169    0.008063    3.866342    0.005538    3.887513    0.007676    3.867677    0.004233    3.824024    0.008143    3.727112    0.004773
    0.990226    0.004271    0.971584    0.002816    0.969262    0.002595    0.973582    0.004253    0.990163    0.002842    1.009264    0.003991    1.022159    0.002218    1.042926    0.004375    1.069729    0.002607
    0.244515    0.002157    0.258220    0.001561    0.251744    0.001403    0.247901    0.002157    0.242145    0.001386    0.238404    0.002050    0.237219    0.001089    0.237243    0.002102    0.231427    0.001260
    0.081389    0.001287    0.085147    0.000854    0.082934    0.000787    0.081958    0.001258    0.080102    0.000776    0.078609    0.001156    0.076169    0.000630    0.076751    0.001226    0.074774    0.000725
    0.036247    0.000813    0.038144    0.000602    0.036930    0.000501    0.037709    0.000915    0.035263    0.000489    0.034790    0.000766    0.034451    0.000430    0.033690    0.000770    0.033085    0.000497
    0.009234    0.000377    0.011053    0.000330    0.010426    0.000252    0.010632    0.000448    0.010206    0.000249    0.009725    0.000383    0.009530    0.000218    0.010023    0.000401    0.009409    0.000246

LTF::DoLiTeFit(). Fit done. Result:  172.182  +/- 0.998863 (fit)  +/- 0.735592 (ext)  +/- 0.041798 (tmpl)  +/- 0 (MatA)   [chi^2=1.28391]

------------------------------------------------------------------------
        Result of the 1-dimensional linear template fit
        ```````````````````````````````````````````````
  LTF. Result[0]:   172.182  +/- 0.998863 (fit)  +/- 0.735592 (ext)

  LTF. Result[0]:   172.182089
                             +/-  0.346633 (STAT_DATA)
                             +/-  0.059099 (STAT_MC)
                             +/-  0.144824 (pseudoDataStat)
                             +/- -0.001811 (EG_RESOLUTION_ALL)
                             +/- -0.000143 (EG_SCALE_ALL)
                             +/- -0.004265 (EL_EFF_ID_TOTAL_1NPCOR_PLUS_UNCOR)
                             +/- -0.019637 (EL_EFF_Iso_TOTAL_1NPCOR_PLUS_UNCOR)
                             +/- -0.007120 (EL_EFF_Reco_TOTAL_1NPCOR_PLUS_UNCOR)
                             +/- -0.000000 (EL_EFF_TriggerEff_TOTAL_1NPCOR_PLUS_UNCOR)
                             +/- -0.000000 (EL_EFF_Trigger_TOTAL_1NPCOR_PLUS_UNCOR)
                             +/- -0.043107 (FAKES_Electron)
                             +/- -0.009410 (FAKES_Muon)
                             +/- -0.466199 (FT_EFF_Eigen_B_0)
                             +/-  0.104875 (FT_EFF_Eigen_B_1)
                             +/-  0.020438 (FT_EFF_Eigen_B_2)
                             +/- -0.046110 (FT_EFF_Eigen_B_3)
                             +/-  0.000173 (FT_EFF_Eigen_B_4)
                             +/- -0.000573 (FT_EFF_Eigen_B_5)
                             +/-  0.000017 (FT_EFF_Eigen_B_6)
                             +/- -0.000007 (FT_EFF_Eigen_B_7)
                             +/- -0.000001 (FT_EFF_Eigen_B_8)
                             +/- -0.020699 (FT_EFF_Eigen_C_0)
                             +/- -0.001376 (FT_EFF_Eigen_C_1)
                             +/-  0.000468 (FT_EFF_Eigen_C_2)
                             +/- -0.000488 (FT_EFF_Eigen_C_3)
                             +/- -0.052750 (FT_EFF_Eigen_Light_0)
                             +/- -0.006189 (FT_EFF_Eigen_Light_1)
                             +/-  0.000268 (FT_EFF_Eigen_Light_2)
                             +/-  0.000212 (FT_EFF_Eigen_Light_3)
                             +/-  0.001224 (FT_EFF_extrapolation)
                             +/- -0.018085 (FT_EFF_extrapolation_from_charm)
                             +/- -0.010717 (JET_EffectiveNP_Detector1)
                             +/- -0.002326 (JET_EffectiveNP_Detector2)
                             +/- -0.054410 (JET_EffectiveNP_Mixed1)
                             +/- -0.036628 (JET_EffectiveNP_Mixed2)
                             +/-  0.000062 (JET_EffectiveNP_Mixed3)
                             +/- -0.127723 (JET_EffectiveNP_Modelling1)
                             +/- -0.037707 (JET_EffectiveNP_Modelling2)
                             +/- -0.053285 (JET_EffectiveNP_Modelling3)
                             +/- -0.009787 (JET_EffectiveNP_Modelling4)
                             +/-  0.001926 (JET_EffectiveNP_Statistical1)
                             +/-  0.011619 (JET_EffectiveNP_Statistical2)
                             +/- -0.002126 (JET_EffectiveNP_Statistical3)
                             +/- -0.020646 (JET_EffectiveNP_Statistical4)
                             +/- -0.020462 (JET_EffectiveNP_Statistical5)
                             +/- -0.010472 (JET_EffectiveNP_Statistical6)
                             +/- -0.031220 (JET_EtaIntercalibration_Modelling)
                             +/- -0.058677 (JET_EtaIntercalibration_NonClosure_2018data)
                             +/- -0.000011 (JET_EtaIntercalibration_NonClosure_highE)
                             +/- -0.002459 (JET_EtaIntercalibration_NonClosure_negEta)
                             +/- -0.003826 (JET_EtaIntercalibration_NonClosure_posEta)
                             +/-  0.015675 (JET_EtaIntercalibration_TotalStat)
                             +/-  0.000052 (JET_Flavor_Composition_prop)
                             +/-  0.004885 (JET_Flavor_Response_prop)
                             +/-  0.097360 (JET_JER_DataVsMC_MC16_PseudoData)
                             +/-  0.000895 (JET_JER_EffectiveNP_10_PseudoData)
                             +/- -0.011975 (JET_JER_EffectiveNP_11_PseudoData)
                             +/-  0.048741 (JET_JER_EffectiveNP_12restTerm_PseudoData)
                             +/-  0.182749 (JET_JER_EffectiveNP_1_PseudoData)
                             +/-  0.416389 (JET_JER_EffectiveNP_2_PseudoData)
                             +/-  0.027760 (JET_JER_EffectiveNP_3_PseudoData)
                             +/- -0.131852 (JET_JER_EffectiveNP_4_PseudoData)
                             +/-  0.063124 (JET_JER_EffectiveNP_5_PseudoData)
                             +/-  0.076338 (JET_JER_EffectiveNP_6_PseudoData)
                             +/-  0.043086 (JET_JER_EffectiveNP_7_PseudoData)
                             +/- -0.042523 (JET_JER_EffectiveNP_8_PseudoData)
                             +/-  0.055027 (JET_JER_EffectiveNP_9_PseudoData)
                             +/- -0.074670 (JET_JvtEfficiency)
                             +/-  0.029668 (JET_Pileup_OffsetMu)
                             +/-  0.069722 (JET_Pileup_OffsetNPV)
                             +/- -0.100959 (JET_Pileup_PtTerm)
                             +/-  0.142182 (JET_Pileup_RhoTopology)
                             +/-  0.000269 (JET_PunchThrough_MC16)
                             +/- -0.040501 (LUMINOSITY)
                             +/-  0.007378 (MET_SoftTrk_ResoPara)
                             +/-  0.001865 (MET_SoftTrk_ResoPerp)
                             +/-  0.005789 (MET_SoftTrk_Scale)
                             +/- -0.000000 (MUON_EFF_BADMUON_SYS)
                             +/- -0.001877 (MUON_EFF_ISO_STAT)
                             +/- -0.007413 (MUON_EFF_ISO_SYS)
                             +/- -0.000921 (MUON_EFF_RECO_STAT)
                             +/- -0.002177 (MUON_EFF_RECO_SYS)
                             +/- -0.000461 (MUON_EFF_TTVA_STAT)
                             +/- -0.000607 (MUON_EFF_TTVA_SYS)
                             +/- -0.005507 (MUON_EFF_TrigStatUncertainty)
                             +/- -0.011428 (MUON_EFF_TrigSystUncertainty)
                             +/- -0.000273 (MUON_SAGITTA_DATASTAT)
                             +/- -0.000715 (MUON_SAGITTA_RESBIAS)
                             +/- -0.126768 (PRW_DATASF)
                             +/- -0.042364 (THEORY_CROSS_SECTION_Wjets)
                             +/- -0.085180 (THEORY_CROSS_SECTION_other_top_noWt)
                             +/- -0.010114 (THEORY_CROSS_SECTION_signal)
                             +/- -0.111628 (THEORY_DR_DS_signal)
                             +/-  0.000103 (THEORY_EWK_Wjets)
                             +/- -0.000174 (THEORY_EWK_multiboson_noW)
                             +/- -0.239643 (THEORY_FSR_signal)
                             +/-  0.053895 (THEORY_HDAMP_signal)
                             +/-  0.083287 (THEORY_ISR_signal)
                             +/- -0.013008 (THEORY_PDF4LHC_VARIATION_Wjets)
                             +/- -0.004094 (THEORY_PDF4LHC_VARIATION_multiboson_noW)
                             +/- -0.007468 (THEORY_PDF4LHC_VARIATION_signal)
                             +/- -0.007258 (THEORY_PTHARD_signal)
                             +/- -0.057417 (THEORY_SCALE_COMBINED_Wjets)
                             +/- -0.025072 (THEORY_SCALE_COMBINED_multiboson_noW)
                             +/- -0.018671 (THEORY_SCALE_FACTORISATION_signal)
                             +/-  0.026978 (THEORY_SCALE_RENORMALISATION_signal)
                             +/-  0.073723 (THEORY_SHOWERING_HERWIG7_signal)
                             +/- -0.156635 (THEORY_TOPRECOIL_signal)
                             +/- -0.384707 (THEORY_TOP_MASS_signal)
                             +/- -0.000605 (WMASS_VAR_signal)

                             +/- -0.276412 (FULL_SYS_SUM)
                             +/- -0.240940 (FULL_SYS_SUM_DETECTOR)
                             +/- -0.321281 (FULL_SYS_SUM_THEORY)
                             +/- -0.276412 (FULL_SYS_TOYS)
                             +/- -0.277569 (TOTAL)
                             +/- -0.270446 (TOTAL_NO_DR_DS)
                             +/- -0.277180 (TOTAL_SYSONLY)
                             +/-  0.041798 (statY)

  Nuisance parameters                 -0.002  +/-  1.000  (EG_RESOLUTION_ALL)
                                       0.002  +/-  1.000  (EG_SCALE_ALL)
                                       0.017  +/-  0.999  (EL_EFF_ID_TOTAL_1NPCOR_PLUS_UNCOR)
                                       0.038  +/-  0.995  (EL_EFF_Iso_TOTAL_1NPCOR_PLUS_UNCOR)
                                       0.011  +/-  1.000  (EL_EFF_Reco_TOTAL_1NPCOR_PLUS_UNCOR)
                                       0.000  +/-  1.000  (EL_EFF_TriggerEff_TOTAL_1NPCOR_PLUS_UNCOR)
                                       0.000  +/-  1.000  (EL_EFF_Trigger_TOTAL_1NPCOR_PLUS_UNCOR)
                                       0.000  +/-  1.000  (MUON_SAGITTA_DATASTAT)
                                      -0.001  +/-  1.000  (MUON_SAGITTA_RESBIAS)
                                       0.000  +/-  1.000  (MUON_EFF_BADMUON_SYS)
                                       0.007  +/-  1.000  (MUON_EFF_ISO_STAT)
                                       0.017  +/-  0.999  (MUON_EFF_ISO_SYS)
                                       0.002  +/-  1.000  (MUON_EFF_RECO_STAT)
                                       0.011  +/-  1.000  (MUON_EFF_RECO_SYS)
                                       0.001  +/-  1.000  (MUON_EFF_TTVA_STAT)
                                       0.002  +/-  1.000  (MUON_EFF_TTVA_SYS)
                                       0.011  +/-  1.000  (MUON_EFF_TrigStatUncertainty)
                                       0.023  +/-  0.998  (MUON_EFF_TrigSystUncertainty)
                                       0.024  +/-  0.998  (JET_EffectiveNP_Detector1)
                                       0.002  +/-  1.000  (JET_EffectiveNP_Detector2)
                                       0.049  +/-  0.981  (JET_EffectiveNP_Mixed1)
                                       0.047  +/-  0.993  (JET_EffectiveNP_Mixed2)
                                       0.012  +/-  1.000  (JET_EffectiveNP_Mixed3)
                                       0.209  +/-  0.879  (JET_EffectiveNP_Modelling1)
                                       0.005  +/-  0.999  (JET_EffectiveNP_Modelling2)
                                       0.024  +/-  0.994  (JET_EffectiveNP_Modelling3)
                                       0.010  +/-  1.000  (JET_EffectiveNP_Modelling4)
                                       0.010  +/-  0.999  (JET_EffectiveNP_Statistical1)
                                       0.017  +/-  0.999  (JET_EffectiveNP_Statistical2)
                                       0.010  +/-  1.000  (JET_EffectiveNP_Statistical3)
                                       0.010  +/-  0.999  (JET_EffectiveNP_Statistical4)
                                       0.012  +/-  0.999  (JET_EffectiveNP_Statistical5)
                                       0.008  +/-  1.000  (JET_EffectiveNP_Statistical6)
                                       0.135  +/-  0.961  (JET_EtaIntercalibration_Modelling)
                                       0.061  +/-  0.985  (JET_EtaIntercalibration_NonClosure_2018data)
                                      -0.000  +/-  1.000  (JET_EtaIntercalibration_NonClosure_highE)
                                       0.002  +/-  1.000  (JET_EtaIntercalibration_NonClosure_negEta)
                                      -0.000  +/-  1.000  (JET_EtaIntercalibration_NonClosure_posEta)
                                       0.033  +/-  0.998  (JET_EtaIntercalibration_TotalStat)
                                       0.000  +/-  1.000  (JET_Flavor_Composition_prop)
                                       0.009  +/-  0.998  (JET_Flavor_Response_prop)
                                       0.006  +/-  0.994  (JET_Pileup_OffsetMu)
                                       0.013  +/-  0.950  (JET_Pileup_OffsetNPV)
                                      -0.007  +/-  0.972  (JET_Pileup_PtTerm)
                                       0.263  +/-  0.667  (JET_Pileup_RhoTopology)
                                       0.002  +/-  1.000  (JET_PunchThrough_MC16)
                                      -0.060  +/-  0.995  (JET_JER_DataVsMC_MC16_PseudoData)
                                      -0.002  +/-  0.925  (JET_JER_EffectiveNP_1_PseudoData)
                                       0.040  +/-  0.843  (JET_JER_EffectiveNP_2_PseudoData)
                                       0.009  +/-  0.975  (JET_JER_EffectiveNP_3_PseudoData)
                                       0.018  +/-  0.997  (JET_JER_EffectiveNP_4_PseudoData)
                                       0.065  +/-  0.983  (JET_JER_EffectiveNP_5_PseudoData)
                                       0.027  +/-  0.959  (JET_JER_EffectiveNP_6_PseudoData)
                                      -0.018  +/-  0.998  (JET_JER_EffectiveNP_7_PseudoData)
                                       0.005  +/-  0.996  (JET_JER_EffectiveNP_8_PseudoData)
                                       0.002  +/-  0.983  (JET_JER_EffectiveNP_9_PseudoData)
                                       0.016  +/-  0.999  (JET_JER_EffectiveNP_10_PseudoData)
                                       0.026  +/-  0.997  (JET_JER_EffectiveNP_11_PseudoData)
                                       0.037  +/-  0.995  (JET_JER_EffectiveNP_12restTerm_PseudoData)
                                       0.036  +/-  0.997  (JET_JvtEfficiency)
                                      -0.103  +/-  0.983  (PRW_DATASF)
                                       0.005  +/-  0.999  (MET_SoftTrk_ResoPara)
                                       0.012  +/-  1.000  (MET_SoftTrk_ResoPerp)
                                       0.010  +/-  1.000  (MET_SoftTrk_Scale)
                                       0.008  +/-  1.000  (WMASS_VAR_signal)
                                       0.213  +/-  0.894  (FT_EFF_Eigen_B_0)
                                       0.125  +/-  0.940  (FT_EFF_Eigen_B_1)
                                       0.067  +/-  0.994  (FT_EFF_Eigen_B_2)
                                       0.008  +/-  1.000  (FT_EFF_Eigen_B_3)
                                       0.000  +/-  1.000  (FT_EFF_Eigen_B_4)
                                       0.000  +/-  1.000  (FT_EFF_Eigen_B_5)
                                      -0.000  +/-  1.000  (FT_EFF_Eigen_B_6)
                                      -0.000  +/-  1.000  (FT_EFF_Eigen_B_7)
                                      -0.000  +/-  1.000  (FT_EFF_Eigen_B_8)
                                      -0.000  +/-  0.991  (FT_EFF_Eigen_C_0)
                                       0.012  +/-  0.999  (FT_EFF_Eigen_C_1)
                                       0.002  +/-  1.000  (FT_EFF_Eigen_C_2)
                                      -0.001  +/-  1.000  (FT_EFF_Eigen_C_3)
                                      -0.017  +/-  0.988  (FT_EFF_Eigen_Light_0)
                                      -0.002  +/-  1.000  (FT_EFF_Eigen_Light_1)
                                       0.001  +/-  1.000  (FT_EFF_Eigen_Light_2)
                                      -0.001  +/-  1.000  (FT_EFF_Eigen_Light_3)
                                      -0.006  +/-  0.999  (FT_EFF_extrapolation)
                                       0.003  +/-  0.999  (FT_EFF_extrapolation_from_charm)
                                       0.004  +/-  1.000  (THEORY_CROSS_SECTION_signal)
                                      -0.522  +/-  0.569  (THEORY_SHOWERING_HERWIG7_signal)
                                      -0.020  +/-  0.998  (THEORY_SCALE_FACTORISATION_signal)
                                      -0.064  +/-  0.997  (THEORY_SCALE_RENORMALISATION_signal)
                                      -0.289  +/-  0.918  (THEORY_ISR_signal)
                                       0.127  +/-  0.932  (THEORY_FSR_signal)
                                      -0.294  +/-  0.913  (THEORY_HDAMP_signal)
                                      -0.114  +/-  0.981  (THEORY_PTHARD_signal)
                                       0.029  +/-  0.937  (THEORY_TOPRECOIL_signal)
                                      -0.177  +/-  0.940  (THEORY_TOP_MASS_signal)
                                       0.003  +/-  1.000  (THEORY_PDF4LHC_VARIATION_signal)
                                       0.074  +/-  0.918  (THEORY_DR_DS_signal)
                                       0.000  +/-  0.988  (THEORY_CROSS_SECTION_Wjets)
                                       0.050  +/-  0.949  (THEORY_SCALE_COMBINED_Wjets)
                                       0.004  +/-  0.999  (THEORY_PDF4LHC_VARIATION_Wjets)
                                       0.001  +/-  1.000  (THEORY_EWK_Wjets)
                                       0.005  +/-  0.994  (THEORY_SCALE_COMBINED_multiboson_noW)
                                      -0.001  +/-  1.000  (THEORY_PDF4LHC_VARIATION_multiboson_noW)
                                      -0.000  +/-  1.000  (THEORY_EWK_multiboson_noW)
                                       0.019  +/-  0.920  (THEORY_CROSS_SECTION_other_top_noWt)
                                      -0.005  +/-  0.995  (FAKES_Electron)
                                      -0.002  +/-  1.000  (FAKES_Muon)
                                       0.067  +/-  0.983  (LUMINOSITY)

  Correlation matrix 
        1   0.00181  0.000143   0.00427    0.0197   0.00713  1.93e-14  1.93e-14  0.000273  0.000715  1.42e-14   0.00188   0.00743  0.000922   0.00218  0.000461  0.000608   0.00552    0.0115    0.0107   0.00233    0.0555    0.0369 -6.21e-05     0.145    0.0378    0.0537    0.0098  -0.00193   -0.0116   0.00213    0.0207    0.0205    0.0105    0.0325    0.0596  1.08e-05   0.00246   0.00383   -0.0157 -5.16e-05   -0.0049   -0.0299   -0.0735     0.104    -0.214  -0.00027   -0.0979    -0.198    -0.494   -0.0285     0.132   -0.0643   -0.0797   -0.0432    0.0428   -0.0561 -0.000897     0.012   -0.0491    0.0749     0.129  -0.00739  -0.00187   -0.0058  0.000605     0.522    -0.112   -0.0206    0.0462 -0.000173  0.000574 -1.68e-05  7.04e-06  6.83e-07    0.0209   0.00138 -0.000469  0.000488    0.0534    0.0062 -0.000268 -0.000213  -0.00123    0.0181    0.0101     -0.13    0.0187   -0.0271   -0.0908     0.257   -0.0591   0.00741     0.167      0.41   0.00748     0.122    0.0429    0.0606     0.013 -0.000103    0.0252    0.0041  0.000174    0.0927    0.0434   0.00942    0.0413
  0.00181         1 -3.83e-05 -8.85e-05 -0.000236 -7.43e-05 -5.79e-17 -5.79e-17 -1.89e-06 -4.95e-06  2.32e-17 -3.31e-05 -0.000107 -1.21e-05  -5.8e-05 -8.18e-06 -1.05e-05 -6.88e-05 -0.000149  0.000135  1.66e-05  0.000299  0.000275  5.04e-05   0.00118  5.69e-05  0.000248  4.99e-05   1.2e-05  4.64e-05  1.83e-05  8.97e-05  9.57e-05  5.92e-05   0.00031  0.000398 -8.46e-08  -1.5e-05 -9.51e-06  9.39e-05  2.14e-07  4.79e-06  5.34e-05   0.00022  0.000422  0.000413  3.61e-06  -0.00026  -0.00131  -0.00172 -0.000547 -0.000114 -0.000337 -0.000824 -0.000224 -0.000245 -0.000521 -5.92e-05 -0.000151 -0.000128 -0.000111 -4.37e-05 -9.48e-05  -5.2e-05 -6.31e-05  -1.5e-05 -0.000755 -0.000625 -0.000214 -5.73e-05 -8.68e-06 -1.84e-06 -1.58e-07 -3.55e-09 -1.97e-09 -0.000451 -7.76e-05 -2.28e-05 -2.93e-06 -0.000507 -3.96e-05 -4.94e-06 -3.68e-06 -3.69e-05 -0.000157 -7.19e-05  -0.00017 -8.88e-05 -0.000154 -0.000609   0.00081 -0.000896  -0.00041  0.000733  -0.00102 -1.07e-05 -0.000988 -0.000461 -0.000766 -0.000123 -3.32e-06 -0.000283 -4.92e-05 -1.58e-06  -0.00115 -0.000306 -7.11e-05 -0.000484
 0.000143 -3.83e-05         1 -0.000459  -0.00102   -0.0003 -1.47e-16 -1.47e-16 -3.05e-06 -9.29e-06  4.05e-18 -0.000173 -0.000453 -5.19e-05  -0.00029 -3.79e-05 -4.84e-05 -0.000299 -0.000633 -4.71e-05  6.06e-06 -0.000756 -9.62e-05  -7.4e-05  0.000752  -0.00023  0.000129 -5.91e-05 -0.000262 -1.25e-05 -0.000162  1.39e-05  1.36e-06 -4.17e-05 -0.000889 -4.93e-05 -2.48e-07 -6.01e-05 -2.77e-05 -3.88e-05  -1.7e-06 -0.000327  0.000218   0.00115  0.000458  0.000777 -2.29e-05 -0.000383  -0.00312  -0.00464  -0.00155 -0.000196  -0.00147  -0.00229 -0.000313 -0.000767  -0.00127 -0.000137  -0.00047 -0.000727 -0.000378  0.000565 -0.000256 -0.000286 -0.000246 -0.000173  -0.00247   -0.0038  -0.00104 -0.000221 -1.97e-05  -8.4e-06 -5.18e-08  -1.9e-08 -6.55e-09 -0.000966 -0.000444 -8.92e-05  3.11e-06  -0.00115 -8.03e-05 -4.99e-05 -1.78e-05   -0.0003 -0.000481 -0.000251   0.00034  -0.00031  4.92e-05   0.00187  0.000377   0.00107  0.000265  0.000721 -0.000193  -4.6e-05  -0.00427  -0.00137  -0.00316 -0.000454 -3.42e-05 -0.000997  -0.00018 -2.43e-06  -0.00393  -0.00089 -0.000163  -0.00201
  0.00427 -8.85e-05 -0.000459         1  -0.00412  -0.00121 -3.69e-16 -3.69e-16 -4.39e-05 -3.72e-05 -4.49e-17 -0.000717   -0.0018 -0.000205  -0.00121 -0.000155 -0.000197  -0.00119  -0.00251  -0.00024 -2.38e-05  -0.00444 -0.000832 -0.000443 -0.000147  -0.00131  0.000589 -0.000385  -0.00148 -0.000102 -0.000955  0.000203  0.000141 -0.000193  -0.00615  -0.00166 -9.99e-07 -0.000146 -0.000204 -0.000467 -1.68e-05  -0.00187  0.000192   0.00216   0.00196  -0.00476 -0.000201 -0.000392  -0.00636   -0.0099  -0.00284 -0.000623  -0.00387  -0.00556 -0.000488  -0.00213  -0.00268 -0.000636  -0.00153  -0.00175  -0.00142   0.00338  -0.00119  -0.00117  -0.00107 -0.000919   -0.0109   -0.0157  -0.00345  -0.00108 -3.72e-05 -4.37e-05 -2.27e-06 -1.76e-07 -2.87e-08  -0.00382  -0.00202 -0.000226 -2.22e-06  -0.00454 -0.000643 -0.000366 -9.13e-05  -0.00157  -0.00168  -0.00107  -0.00235  -0.00145 -0.000431    0.0044 -3.75e-05   0.00105 -0.000296   0.00257  0.000218 -0.000227   -0.0177  -0.00538   -0.0125  -0.00177 -0.000136  -0.00399 -0.000696  -1.3e-05   -0.0159  -0.00339 -0.000562  -0.00803
   0.0197 -0.000236  -0.00102  -0.00412         1  -0.00275    -1e-15    -1e-15 -8.62e-05 -7.32e-05 -9.46e-17  -0.00152  -0.00406 -0.000461  -0.00258 -0.000338 -0.000429  -0.00267  -0.00566  -0.00028 -1.91e-05  -0.00683  -0.00119 -0.000772  -0.00288  -0.00194   0.00164   -0.0006   -0.0025 -0.000565  -0.00163   0.00055  0.000445 -0.000208   -0.0136  -0.00261  -2.1e-06 -0.000369 -0.000415  -0.00153 -2.69e-05  -0.00311 -0.000815  0.000862   0.00412   -0.0237 -0.000336  -0.00197   -0.0204   -0.0313  -0.00922  -0.00248  -0.00998   -0.0158  -0.00235  -0.00519  -0.00833  -0.00189  -0.00423  -0.00462   -0.0041   0.00587  -0.00271   -0.0025  -0.00236  -0.00173   -0.0293   -0.0324  -0.00877  -0.00229 -0.000148 -8.96e-05 -4.06e-06 -2.19e-07 -5.29e-08  -0.00924  -0.00396  -0.00056 -1.06e-05   -0.0103  -0.00125  -0.00064 -0.000163  -0.00266  -0.00374  -0.00225 -0.000476  -0.00264  -0.00106   0.00654  0.000339 -0.000662   -0.0017   0.00621  -0.00509 -0.000519   -0.0358   -0.0116   -0.0257  -0.00366 -0.000247  -0.00833  -0.00142 -2.94e-05   -0.0333   -0.0074  -0.00132    -0.018
  0.00713 -7.43e-05   -0.0003  -0.00121  -0.00275         1 -3.12e-16 -3.12e-16 -2.64e-05 -2.38e-05 -2.05e-17 -0.000446  -0.00121 -0.000138 -0.000763   -0.0001 -0.000128 -0.000797   -0.0017 -2.32e-05  3.12e-06  -0.00174  -0.00022 -0.000204 -0.000883 -0.000498  0.000611 -0.000143 -0.000693 -0.000189 -0.000445   0.00021  0.000184 -2.64e-05  -0.00402 -0.000605 -6.28e-07  -0.00011 -0.000123 -0.000487  -7.5e-06 -0.000865 -0.000363  -0.00014    0.0014  -0.00852 -9.42e-05 -0.000673  -0.00641  -0.00977  -0.00283 -0.000849    -0.003  -0.00487 -0.000788   -0.0016   -0.0026 -0.000629  -0.00133  -0.00137  -0.00131   0.00172 -0.000822 -0.000728 -0.000705 -0.000494  -0.00938  -0.00945  -0.00265 -0.000685 -4.87e-05 -2.67e-05 -1.26e-06 -5.94e-08 -1.55e-08  -0.00288  -0.00115 -0.000167 -6.15e-06  -0.00315 -0.000387 -0.000187 -4.71e-05  -0.00075  -0.00111 -0.000665  0.000317 -0.000758 -0.000362   0.00143  0.000431 -0.000646 -0.000745   0.00217    -0.002 -0.000156   -0.0104  -0.00347  -0.00751  -0.00108 -6.96e-05  -0.00245 -0.000417 -9.24e-06  -0.00983   -0.0022 -0.000406  -0.00537
 1.93e-14 -5.79e-17 -1.47e-16 -3.69e-16    -1e-15 -3.12e-16         1 -2.44e-28 -2.97e-18 -1.72e-18  7.05e-29  -1.4e-16 -4.57e-16 -5.16e-17 -2.42e-16 -3.41e-17 -4.38e-17 -2.97e-16 -6.36e-16  2.65e-16  3.62e-17  6.09e-16  5.13e-16  5.53e-17  1.51e-15   1.8e-16  5.14e-16  7.88e-17  2.34e-17  2.68e-18  6.26e-17  1.85e-16   1.2e-16  1.03e-16 -1.99e-16  7.26e-16 -2.11e-19 -3.81e-17  -4.2e-17  6.27e-18   2.1e-19  1.31e-17   2.2e-16  9.47e-16  1.13e-15 -1.85e-15  1.01e-17 -4.84e-16 -5.68e-15 -8.36e-15 -2.71e-15 -7.73e-16 -2.33e-15 -4.13e-15 -7.59e-16 -1.27e-15 -2.59e-15 -4.17e-16 -1.04e-15 -1.11e-15 -7.49e-16   4.9e-16 -2.91e-16 -2.25e-16 -1.59e-16  -6.4e-17 -4.78e-15 -2.82e-15  -1.3e-15 -1.58e-16    -4e-17 -6.63e-18 -1.87e-19 -2.92e-21 -5.43e-21 -1.16e-15 -2.65e-16 -9.76e-17 -2.66e-18 -1.11e-15 -4.73e-17 -1.59e-17 -7.15e-18 -1.15e-16 -3.82e-16 -1.76e-16   6.8e-15 -3.13e-16 -1.18e-16   5.2e-16  8.18e-16 -5.57e-16 -2.06e-16  1.13e-15 -2.06e-15 -6.94e-17  -2.8e-15 -1.01e-15 -1.85e-15 -3.26e-16 -5.56e-18 -6.32e-16 -1.04e-16 -3.49e-18  -2.7e-15 -6.76e-16 -1.46e-16 -1.93e-15
 1.93e-14 -5.79e-17 -1.47e-16 -3.69e-16    -1e-15 -3.12e-16 -2.44e-28         1 -2.97e-18 -1.72e-18  7.05e-29  -1.4e-16 -4.57e-16 -5.16e-17 -2.42e-16 -3.41e-17 -4.38e-17 -2.97e-16 -6.36e-16  2.65e-16  3.62e-17  6.09e-16  5.13e-16  5.53e-17  1.51e-15   1.8e-16  5.14e-16  7.88e-17  2.34e-17  2.68e-18  6.26e-17  1.85e-16   1.2e-16  1.03e-16 -1.99e-16  7.26e-16 -2.11e-19 -3.81e-17  -4.2e-17  6.27e-18   2.1e-19  1.31e-17   2.2e-16  9.47e-16  1.13e-15 -1.85e-15  1.01e-17 -4.84e-16 -5.68e-15 -8.36e-15 -2.71e-15 -7.73e-16 -2.33e-15 -4.13e-15 -7.59e-16 -1.27e-15 -2.59e-15 -4.17e-16 -1.04e-15 -1.11e-15 -7.49e-16   4.9e-16 -2.91e-16 -2.25e-16 -1.59e-16  -6.4e-17 -4.78e-15 -2.82e-15  -1.3e-15 -1.58e-16    -4e-17 -6.63e-18 -1.87e-19 -2.92e-21 -5.43e-21 -1.16e-15 -2.65e-16 -9.76e-17 -2.66e-18 -1.11e-15 -4.73e-17 -1.59e-17 -7.15e-18 -1.15e-16 -3.82e-16 -1.76e-16   6.8e-15 -3.13e-16 -1.18e-16   5.2e-16  8.18e-16 -5.57e-16 -2.06e-16  1.13e-15 -2.06e-15 -6.94e-17  -2.8e-15 -1.01e-15 -1.85e-15 -3.26e-16 -5.56e-18 -6.32e-16 -1.04e-16 -3.49e-18  -2.7e-15 -6.76e-16 -1.46e-16 -1.93e-15
 0.000273 -1.89e-06 -3.05e-06 -4.39e-05 -8.62e-05 -2.64e-05 -2.97e-18 -2.97e-18         1 -3.81e-06  7.07e-18 -1.51e-05 -3.56e-05 -4.03e-06 -2.64e-05 -3.36e-06 -4.22e-06 -2.34e-05 -5.05e-05  5.07e-05  6.76e-06 -1.83e-05  9.03e-05  6.23e-06  0.000288 -2.26e-05  0.000136  1.16e-05 -4.25e-05  1.29e-05 -2.28e-05  5.57e-05   5.9e-05   2.2e-05 -6.58e-05  8.04e-05  -3.7e-08  2.12e-06 -8.32e-06  1.08e-05 -7.65e-07 -6.41e-05 -1.52e-05 -5.07e-05  0.000288 -0.000491 -8.52e-06  1.42e-05  0.000167  0.000329  0.000175 -2.36e-05  6.82e-05  8.93e-05  1.62e-05 -3.15e-05   7.3e-05 -3.87e-05 -1.28e-05  7.01e-05 -3.84e-05  0.000191 -3.89e-05 -1.63e-05 -2.95e-05 -2.47e-05 -0.000429 -0.000271  4.38e-06 -3.84e-05  1.16e-06 -1.73e-06 -2.11e-07 -1.14e-08  -1.2e-09 -0.000166 -6.01e-05  3.11e-06 -3.14e-06 -0.000179 -5.24e-05 -2.02e-05 -3.72e-06 -5.85e-05 -3.58e-05 -3.15e-05  0.000101 -4.58e-05 -6.44e-05 -0.000295  0.000372  -0.00032 -0.000226  0.000428 -6.87e-05 -5.37e-06 -0.000459 -0.000159 -0.000277 -4.76e-05 -2.98e-06 -0.000108 -2.07e-05 -8.54e-07 -0.000422 -8.22e-05 -2.07e-05 -0.000167
 0.000715 -4.95e-06 -9.29e-06 -3.72e-05 -7.32e-05 -2.38e-05 -1.72e-18 -1.72e-18 -3.81e-06         1  1.11e-17 -1.25e-05 -2.95e-05 -3.45e-06 -2.25e-05 -2.99e-06 -3.73e-06 -1.92e-05  -4.3e-05  8.37e-05  1.81e-05   8.6e-05  0.000195  2.27e-05  0.000493 -1.76e-05  0.000264  4.09e-05 -4.13e-05  2.05e-06 -1.79e-05  9.37e-05  0.000118  4.41e-05  1.46e-05  0.000258 -5.86e-08 -3.17e-06 -1.29e-06 -8.27e-07 -4.22e-07 -7.18e-05 -0.000114 -0.000337  0.000491  -0.00118  -6.9e-06  -0.00011  0.000381  0.000796  0.000392 -9.62e-06  0.000269  0.000361  2.19e-05 -1.35e-05  0.000249 -5.27e-05  6.29e-05  0.000198 -4.89e-05  0.000205 -3.36e-05   2.6e-06 -4.39e-05 -1.46e-05 -0.000576 -0.000132  7.65e-05 -4.75e-05  7.22e-07 -1.96e-06 -2.37e-07 -1.36e-08 -1.73e-09  -0.00029 -6.73e-05  4.85e-06 -6.82e-06 -0.000302 -8.86e-05 -2.57e-05 -5.13e-06 -6.46e-05 -5.95e-05 -4.13e-05 -0.000815 -1.93e-05 -7.65e-05 -0.000613   0.00104 -0.000411 -0.000443  0.000981 -0.000166  2.68e-06 -0.000525 -0.000253  -0.00037 -6.82e-05 -6.01e-06 -0.000161 -3.86e-05 -1.26e-06 -0.000572 -0.000118 -4.56e-05 -0.000154
 1.42e-14  2.32e-17  4.05e-18 -4.49e-17 -9.46e-17 -2.05e-17  7.05e-29  7.05e-29  7.07e-18  1.11e-17         1 -1.86e-17 -4.41e-17 -5.21e-18 -3.03e-17 -3.26e-18 -4.05e-18 -2.99e-17 -5.71e-17 -5.41e-16 -7.29e-17  -1.1e-15 -1.09e-15 -1.79e-16 -4.25e-15 -2.04e-16 -9.06e-16 -1.97e-16 -7.26e-17  -2.4e-16  -1.3e-16  -3.7e-16 -3.24e-16 -2.12e-16 -1.83e-15 -1.46e-15  7.89e-20 -4.38e-17  2.16e-17 -4.36e-16  1.16e-18  2.83e-18 -6.13e-16 -1.61e-15  -2.1e-15 -2.57e-15 -2.63e-18 -1.52e-16  4.18e-16 -7.21e-17 -1.87e-16  2.99e-16  1.95e-16  5.58e-16  3.73e-17  5.83e-16  4.89e-16  2.29e-16  2.91e-16  -8.8e-17  1.03e-16 -9.36e-16  1.51e-17 -8.71e-17 -9.07e-17 -4.16e-17  1.22e-15 -6.87e-16 -3.72e-16 -1.35e-17 -2.71e-18  2.04e-18  7.38e-19  6.12e-20   5.3e-21  3.12e-16  2.42e-17 -1.86e-17  1.59e-17  2.33e-16   1.4e-16  4.77e-17  6.89e-18  1.45e-16 -6.34e-17 -1.86e-17 -7.71e-15  2.38e-16  1.99e-16  1.12e-15 -2.71e-15  1.16e-15  7.59e-16 -2.29e-15   2.8e-16  8.69e-18 -1.03e-16 -8.33e-17 -6.89e-16  1.63e-17 -9.24e-18 -1.19e-16 -1.12e-18  2.79e-18 -3.87e-16 -1.41e-16  1.46e-17  -2.2e-16
  0.00188 -3.31e-05 -0.000173 -0.000717  -0.00152 -0.000446  -1.4e-16  -1.4e-16 -1.51e-05 -1.25e-05 -1.86e-17         1 -0.000663 -7.56e-05 -0.000445 -5.72e-05 -7.26e-05 -0.000438 -0.000927 -9.66e-05 -9.06e-06   -0.0016 -0.000314 -0.000161  1.68e-05 -0.000469  0.000192 -0.000142 -0.000531 -3.51e-05 -0.000346  6.23e-05  4.13e-05 -7.28e-05  -0.00218 -0.000591 -3.64e-07 -5.76e-05 -7.13e-05 -0.000159 -5.82e-06 -0.000667  0.000106  0.000905  0.000698  -0.00139 -7.09e-05  -0.00014  -0.00248  -0.00385  -0.00114 -0.000221  -0.00149  -0.00213 -0.000191 -0.000783  -0.00104 -0.000223 -0.000566 -0.000683 -0.000519   0.00123 -0.000436 -0.000436 -0.000396 -0.000335  -0.00392  -0.00578  -0.00131 -0.000395 -1.42e-05 -1.59e-05 -7.27e-07 -5.53e-08    -1e-08   -0.0014 -0.000737  -8.7e-05  5.31e-07  -0.00167 -0.000221 -0.000127 -3.23e-05 -0.000554 -0.000631 -0.000393 -0.000364  -0.00051 -0.000113   0.00183 -5.45e-05  0.000579  -1.5e-05  0.000915  0.000107 -8.29e-05  -0.00653  -0.00199  -0.00463 -0.000652 -4.99e-05  -0.00147 -0.000255 -4.61e-06  -0.00586  -0.00126 -0.000209  -0.00296
  0.00743 -0.000107 -0.000453   -0.0018  -0.00406  -0.00121 -4.57e-16 -4.57e-16 -3.56e-05 -2.95e-05 -4.41e-17 -0.000663         1 -0.000204  -0.00113 -0.000148 -0.000189  -0.00118   -0.0025  -0.00014 -1.05e-05  -0.00288 -0.000545 -0.000337  -0.00152   -0.0008  0.000665 -0.000261  -0.00105 -0.000272 -0.000684  0.000216  0.000166 -9.55e-05  -0.00598  -0.00115 -9.06e-07 -0.000168 -0.000178 -0.000702  -1.1e-05   -0.0013 -0.000391  0.000298   0.00166   -0.0107 -0.000139 -0.000938  -0.00957   -0.0147   -0.0044  -0.00115   -0.0046  -0.00733  -0.00113  -0.00234  -0.00392 -0.000845  -0.00193  -0.00216  -0.00185   0.00243  -0.00119   -0.0011  -0.00103 -0.000741   -0.0131   -0.0142  -0.00398 -0.000991 -7.04e-05 -3.85e-05 -1.63e-06 -8.29e-08 -2.24e-08  -0.00405   -0.0017 -0.000256 -2.86e-06  -0.00449 -0.000512 -0.000264 -6.86e-05  -0.00111  -0.00165 -0.000975   0.00015  -0.00113 -0.000432     0.003  -6.1e-05 -0.000202 -0.000644   0.00252  -0.00248 -0.000229   -0.0155  -0.00507   -0.0112  -0.00159 -0.000106  -0.00362 -0.000612 -1.26e-05   -0.0145  -0.00324 -0.000579  -0.00791
 0.000922 -1.21e-05 -5.19e-05 -0.000205 -0.000461 -0.000138 -5.16e-17 -5.16e-17 -4.03e-06 -3.45e-06 -5.21e-18 -7.56e-05 -0.000204         1 -0.000129 -1.69e-05 -2.15e-05 -0.000134 -0.000284  -1.7e-05 -1.13e-06 -0.000332 -6.32e-05 -3.87e-05 -0.000167 -9.27e-05  7.52e-05    -3e-05 -0.000121 -3.08e-05 -7.87e-05  2.41e-05  1.88e-05 -1.13e-05 -0.000678  -0.00013 -1.03e-07 -1.93e-05    -2e-05 -7.93e-05 -1.25e-06 -0.000149 -4.28e-05  3.98e-05  0.000191   -0.0012 -1.58e-05 -0.000106  -0.00108  -0.00165 -0.000494 -0.000128 -0.000519 -0.000823 -0.000125 -0.000264 -0.000438 -9.47e-05 -0.000217 -0.000243 -0.000209  0.000279 -0.000135 -0.000125 -0.000118 -8.47e-05  -0.00148  -0.00162 -0.000451 -0.000113 -7.89e-06 -4.39e-06 -1.81e-07 -9.33e-09 -2.55e-09  -0.00046 -0.000194 -2.91e-05 -3.08e-07 -0.000511 -5.85e-05 -3.01e-05 -7.84e-06 -0.000127 -0.000188 -0.000111  1.06e-05 -0.000128 -4.62e-05  0.000356  1.04e-07 -4.27e-06 -6.91e-05  0.000292 -0.000268 -2.58e-05  -0.00177 -0.000579  -0.00128 -0.000182 -1.22e-05 -0.000414 -7.02e-05 -1.43e-06  -0.00166  -0.00037 -6.62e-05   -0.0009
  0.00218  -5.8e-05  -0.00029  -0.00121  -0.00258 -0.000763 -2.42e-16 -2.42e-16 -2.64e-05 -2.25e-05 -3.03e-17 -0.000445  -0.00113 -0.000129         1  -9.7e-05 -0.000123 -0.000745  -0.00158 -0.000141 -1.32e-05   -0.0026 -0.000487 -0.000263 -0.000174 -0.000763  0.000377 -0.000226 -0.000876 -8.07e-05  -0.00057  0.000126  9.35e-05 -0.000109   -0.0038 -0.000966 -6.19e-07 -9.71e-05 -0.000123 -0.000311 -9.71e-06   -0.0011  6.15e-05   0.00117    0.0012  -0.00349 -0.000118 -0.000315  -0.00437  -0.00678  -0.00197 -0.000435  -0.00251  -0.00368 -0.000383  -0.00134  -0.00181 -0.000413 -0.000992  -0.00114 -0.000932     0.002  -0.00075 -0.000732 -0.000674 -0.000557  -0.00701   -0.0097  -0.00224 -0.000673 -2.71e-05 -2.69e-05 -1.31e-06 -9.46e-08 -1.71e-08  -0.00244  -0.00123 -0.000147 -1.03e-06  -0.00287 -0.000386 -0.000215 -5.44e-05 -0.000923  -0.00107 -0.000665  -0.00115  -0.00086 -0.000256   0.00264  1.19e-05  0.000555 -0.000215   0.00165  -0.00019 -0.000142   -0.0109  -0.00338  -0.00777   -0.0011 -8.24e-05  -0.00249 -0.000431 -8.13e-06   -0.0099  -0.00214 -0.000361  -0.00504
 0.000461 -8.18e-06 -3.79e-05 -0.000155 -0.000338   -0.0001 -3.41e-17 -3.41e-17 -3.36e-06 -2.99e-06 -3.26e-18 -5.72e-05 -0.000148 -1.69e-05  -9.7e-05         1  -1.6e-05 -9.77e-05 -0.000207  -1.2e-05  -6.6e-07 -0.000292 -4.79e-05 -3.06e-05 -3.08e-05 -8.57e-05  6.07e-05 -2.48e-05 -0.000104  -1.4e-05 -6.76e-05  2.04e-05  1.68e-05 -9.85e-06 -0.000485 -0.000101 -8.01e-08 -1.32e-05 -1.55e-05 -4.51e-05 -1.13e-06 -0.000131 -5.84e-06  0.000107  0.000171 -0.000629  -1.4e-05 -5.38e-05 -0.000645 -0.000989 -0.000287 -7.22e-05 -0.000342  -0.00052  -6.5e-05 -0.000183 -0.000264 -6.18e-05  -0.00014 -0.000156 -0.000135   0.00025  -9.9e-05 -9.36e-05  -8.8e-05 -6.87e-05 -0.000996  -0.00123 -0.000304 -8.69e-05 -4.33e-06 -3.45e-06  -1.6e-07 -1.01e-08 -2.11e-09 -0.000333 -0.000155 -1.98e-05 -3.39e-07 -0.000382 -4.96e-05 -2.63e-05 -6.63e-06  -0.00011  -0.00014 -8.55e-05  -2.2e-05 -0.000104 -3.32e-05  0.000303  3.34e-05  3.85e-05  -4.6e-05  0.000248 -9.15e-05 -1.87e-05  -0.00139 -0.000439  -0.00099  -0.00014 -1.01e-05 -0.000319  -5.5e-05 -1.09e-06  -0.00127 -0.000277 -4.86e-05  -0.00066
 0.000608 -1.05e-05 -4.84e-05 -0.000197 -0.000429 -0.000128 -4.38e-17 -4.38e-17 -4.22e-06 -3.73e-06 -4.05e-18 -7.26e-05 -0.000189 -2.15e-05 -0.000123  -1.6e-05         1 -0.000124 -0.000263 -1.45e-05 -8.01e-07 -0.000366 -5.91e-05 -3.81e-05  -2.7e-05 -0.000107  7.69e-05 -3.11e-05 -0.000131 -1.71e-05 -8.51e-05  2.58e-05  2.12e-05 -1.21e-05 -0.000607 -0.000125 -1.02e-07  -1.7e-05 -1.95e-05 -5.54e-05 -1.42e-06 -0.000164 -5.41e-06  0.000141  0.000217  -0.00077 -1.75e-05 -7.05e-05 -0.000835  -0.00128 -0.000374 -9.19e-05 -0.000439  -0.00067 -8.52e-05 -0.000233 -0.000342 -7.78e-05 -0.000179   -0.0002 -0.000171  0.000313 -0.000126 -0.000119 -0.000112 -8.68e-05  -0.00126  -0.00156 -0.000388  -0.00011 -5.58e-06 -4.35e-06 -1.99e-07 -1.25e-08 -2.65e-09 -0.000424 -0.000196 -2.53e-05 -3.77e-07 -0.000486 -6.21e-05 -3.29e-05 -8.35e-06 -0.000139 -0.000179 -0.000109 -2.09e-05 -0.000132 -4.24e-05  0.000384  4.32e-05   4.4e-05 -5.81e-05  0.000314 -0.000127 -2.37e-05  -0.00176 -0.000559  -0.00126 -0.000179 -1.28e-05 -0.000405 -6.98e-05 -1.38e-06  -0.00162 -0.000354 -6.21e-05 -0.000839
  0.00552 -6.88e-05 -0.000299  -0.00119  -0.00267 -0.000797 -2.97e-16 -2.97e-16 -2.34e-05 -1.92e-05 -2.99e-17 -0.000438  -0.00118 -0.000134 -0.000745 -9.77e-05 -0.000124         1  -0.00164 -0.000107 -8.05e-06  -0.00197 -0.000389  -0.00023  -0.00105 -0.000546  0.000417  -0.00018 -0.000705 -0.000179 -0.000459  0.000134  9.83e-05 -7.15e-05  -0.00397 -0.000797 -5.94e-07 -0.000109 -0.000117 -0.000465 -7.42e-06 -0.000871 -0.000233  0.000276   0.00109  -0.00692  -9.3e-05  -0.00058  -0.00618  -0.00954  -0.00285 -0.000746  -0.00303  -0.00477 -0.000709  -0.00154  -0.00254 -0.000552  -0.00127  -0.00142  -0.00121   0.00166 -0.000774 -0.000724 -0.000674 -0.000492  -0.00855  -0.00938  -0.00261 -0.000651 -4.52e-05 -2.54e-05 -1.06e-06 -5.68e-08 -1.48e-08  -0.00263  -0.00113 -0.000167  -1.5e-06  -0.00291 -0.000336 -0.000176 -4.55e-05 -0.000744  -0.00107 -0.000639  0.000293 -0.000748 -0.000257   0.00216 -0.000104  7.13e-05 -0.000347    0.0016  -0.00144 -0.000151   -0.0102  -0.00331  -0.00737  -0.00104 -7.04e-05  -0.00237 -0.000402 -8.16e-06   -0.0095  -0.00211 -0.000375   -0.0052
   0.0115 -0.000149 -0.000633  -0.00251  -0.00566   -0.0017 -6.36e-16 -6.36e-16 -5.05e-05  -4.3e-05 -5.71e-17 -0.000927   -0.0025 -0.000284  -0.00158 -0.000207 -0.000263  -0.00164         1 -0.000175 -1.05e-05  -0.00401 -0.000715 -0.000465  -0.00197  -0.00112  0.000983 -0.000357  -0.00147 -0.000374 -0.000957  0.000322  0.000254 -0.000124  -0.00831  -0.00154 -1.27e-06 -0.000233 -0.000249 -0.000971 -1.55e-05  -0.00183  -0.00054  0.000426   0.00245   -0.0151 -0.000195   -0.0013   -0.0132   -0.0203  -0.00604  -0.00161  -0.00637   -0.0101  -0.00155  -0.00327  -0.00541  -0.00119  -0.00269  -0.00297  -0.00259   0.00347  -0.00166  -0.00153  -0.00144  -0.00104   -0.0183   -0.0198  -0.00552  -0.00139 -9.74e-05 -5.41e-05 -2.32e-06  -1.2e-07 -3.16e-08  -0.00568  -0.00239 -0.000354 -5.32e-06  -0.00629 -0.000732 -0.000375 -9.67e-05  -0.00157   -0.0023  -0.00136    0.0004  -0.00158 -0.000607   0.00414  0.000115  -0.00029 -0.000956    0.0037  -0.00341 -0.000319   -0.0217   -0.0071   -0.0157  -0.00222 -0.000148  -0.00506 -0.000859 -1.78e-05   -0.0203  -0.00453 -0.000812    -0.011
   0.0107  0.000135 -4.71e-05  -0.00024  -0.00028 -2.32e-05  2.65e-16  2.65e-16  5.07e-05  8.37e-05 -5.41e-16 -9.66e-05  -0.00014  -1.7e-05 -0.000141  -1.2e-05 -1.45e-05 -0.000107 -0.000175         1 -0.000413  -0.00832  -0.00662  -0.00129   -0.0247  -0.00169  -0.00555   -0.0013 -0.000774  -0.00128 -0.000723   -0.0022  -0.00236  -0.00148   -0.0113  -0.00911  6.16e-07 -8.83e-05  5.13e-05   -0.0025 -2.38e-06 -0.000582  -0.00172  -0.00346   -0.0114  -0.00879 -5.51e-05  0.000367   0.00103  -0.00351  -0.00231   0.00092  -0.00197 -2.38e-05   0.00082   0.00106  0.000512  0.000816  0.000264  -0.00217  0.000306  -0.00261  0.000535 -0.000379  0.000101 -0.000234   0.00507  -0.00472  -0.00193  0.000286 -1.32e-05  1.45e-05  3.39e-06  3.07e-08  1.26e-08   0.00399  4.21e-05 -0.000112  9.33e-05   0.00402  0.000908  0.000129  1.61e-05 -2.98e-05  0.000547  0.000281   -0.0278  0.000237   0.00169    0.0136   -0.0184    0.0137   0.00766   -0.0166   0.00873 -4.96e-06   0.00199   0.00224  0.000482  0.000441 -4.86e-05  0.000854  0.000177  2.09e-05   0.00354   0.00104  0.000542 -0.000389
  0.00233  1.66e-05  6.06e-06 -2.38e-05 -1.91e-05  3.12e-06  3.62e-17  3.62e-17  6.76e-06  1.81e-05 -7.29e-17 -9.06e-06 -1.05e-05 -1.13e-06 -1.32e-05  -6.6e-07 -8.01e-07 -8.05e-06 -1.05e-05 -0.000413         1  -0.00113 -0.000921  -0.00016  -0.00297  -0.00022 -0.000857 -0.000192 -8.64e-05 -0.000111 -9.05e-05  -0.00032 -0.000356 -0.000203  -0.00132  -0.00133  9.06e-08 -6.74e-06 -6.34e-06 -0.000232 -7.08e-07 -4.64e-05 -0.000129 -0.000177  -0.00188  0.000707 -7.09e-06  1.88e-05 -0.000245   -0.0011 -0.000618  0.000174 -0.000327  -0.00031   1.8e-05  0.000184 -0.000158  0.000188  1.95e-05 -0.000347  0.000152 -0.000733  4.42e-05 -6.86e-05  2.59e-05 -3.69e-05   0.00151 -0.000669 -0.000234  4.67e-05  -1.5e-06  2.77e-06  3.08e-07 -4.31e-09  1.57e-09  0.000594  2.67e-05 -1.62e-05  1.58e-05  0.000518  0.000159  2.82e-05  2.32e-06 -4.08e-06  6.21e-05  3.38e-05  -0.00566 -5.04e-05  2.89e-05   0.00119  -0.00304  0.000769  0.000899  -0.00286  0.000505 -6.15e-06  0.000253   0.00027  2.23e-05  6.54e-05 -1.67e-06  9.98e-05  3.36e-05  2.72e-06  0.000327  6.46e-05   8.2e-05 -2.74e-05
   0.0555  0.000299 -0.000756  -0.00444  -0.00683  -0.00174  6.09e-16  6.09e-16 -1.83e-05   8.6e-05  -1.1e-15   -0.0016  -0.00288 -0.000332   -0.0026 -0.000292 -0.000366  -0.00197  -0.00401  -0.00832  -0.00113         1   -0.0188  -0.00461   -0.0516   -0.0101   -0.0126  -0.00459  -0.00741  -0.00193  -0.00494  -0.00475  -0.00574  -0.00458   -0.0396   -0.0288 -6.25e-07 -2.17e-05 -0.000563  -0.00524 -8.65e-05  -0.00885  0.000288   0.00836   -0.0226   0.00918 -0.000946   0.00381    0.0143   0.00829  0.000691   0.00388   -0.0066    0.0014   0.00559  -0.00127   0.00368   0.00184  -0.00018   -0.0055   0.00144   0.00564 -0.000286  -0.00292 -0.000954  -0.00312   0.00899   -0.0444  -0.00483  -0.00127   0.00013 -6.47e-05 -4.27e-06 -1.43e-06 -8.89e-08   0.00683  -0.00518 -0.000323  0.000186   0.00415  5.71e-05   -0.0012 -0.000309  -0.00687 -0.000418   -0.0012    -0.103   -0.0058   0.00133    0.0431   -0.0459    0.0363    0.0186   -0.0394    0.0396 -0.000412   -0.0332  -0.00246   -0.0207   -0.0024 -0.000495  -0.00505  -0.00103  2.41e-05   -0.0196  -0.00203  0.000984   -0.0126
   0.0369  0.000275 -9.62e-05 -0.000832  -0.00119  -0.00022  5.13e-16  5.13e-16  9.03e-05  0.000195 -1.09e-15 -0.000314 -0.000545 -6.32e-05 -0.000487 -4.79e-05 -5.91e-05 -0.000389 -0.000715  -0.00662 -0.000921   -0.0188         1  -0.00279   -0.0509  -0.00391   -0.0118  -0.00289  -0.00198  -0.00245  -0.00171  -0.00457  -0.00506  -0.00316   -0.0247   -0.0201  1.16e-06 -0.000126 -2.03e-05  -0.00498  -1.4e-05  -0.00169  -0.00299  -0.00527   -0.0244   -0.0134 -0.000186   0.00113   0.00093  -0.00967  -0.00576   0.00182  -0.00511   -0.0019    0.0016    0.0017 -0.000106   0.00171 -1.06e-05  -0.00503  0.000729   -0.0053   0.00085  -0.00103  0.000184  -0.00072    0.0107   -0.0129  -0.00426   0.00046 -2.21e-05  2.32e-05  5.28e-06 -9.98e-08  1.58e-08   0.00827 -0.000274 -0.000241    0.0002   0.00804   0.00183  0.000164  7.09e-06 -0.000628   0.00107  0.000452   -0.0626 -0.000377   0.00262    0.0271   -0.0411    0.0251    0.0156    -0.037    0.0174 -9.42e-05   0.00143   0.00421 -0.000247  0.000722 -0.000104   0.00136  0.000329  4.07e-05   0.00529   0.00175   0.00118  -0.00192
-6.21e-05  5.04e-05  -7.4e-05 -0.000443 -0.000772 -0.000204  5.53e-17  5.53e-17  6.23e-06  2.27e-05 -1.79e-16 -0.000161 -0.000337 -3.87e-05 -0.000263 -3.06e-05 -3.81e-05  -0.00023 -0.000465  -0.00129  -0.00016  -0.00461  -0.00279         1   -0.0108  -0.00106  -0.00195 -0.000607 -0.000718 -0.000564 -0.000493 -0.000753 -0.000906 -0.000645   -0.0064  -0.00417  8.92e-08 -3.87e-06 -4.54e-05  -0.00123 -7.67e-06 -0.000802 -0.000617 -0.000922  -0.00367  -0.00721 -8.77e-05  0.000492  0.000551  -0.00145  -0.00066  2.51e-05  -0.00151  -0.00064   0.00054 -0.000283 -7.75e-05 -7.17e-06 -0.000385  -0.00114 -0.000279  0.000555  7.51e-05 -0.000299 -3.45e-05  -0.00028  -0.00139  -0.00459  -0.00112 -4.64e-05 -4.74e-06 -3.99e-06  2.32e-07 -1.14e-07 -4.91e-09   0.00125 -0.000405 -5.05e-05  2.74e-05   0.00132  0.000144 -9.16e-05 -1.98e-05  -0.00055  0.000191     2e-06  -0.00851 -0.000407  0.000582   0.00661  -0.00748   0.00635   0.00311  -0.00624   0.00518 -5.79e-05  -0.00166  0.000565 -0.000799 -4.04e-05 -4.22e-05  5.83e-07 -1.24e-05  5.78e-06   1.8e-05  0.000312  0.000219  -0.00134
    0.145   0.00118  0.000752 -0.000147  -0.00288 -0.000883  1.51e-15  1.51e-15  0.000288  0.000493 -4.25e-15  1.68e-05  -0.00152 -0.000167 -0.000174 -3.08e-05  -2.7e-05  -0.00105  -0.00197   -0.0247  -0.00297   -0.0516   -0.0509   -0.0108         1  -0.00801   -0.0376  -0.00873  -0.00247   -0.0182  -0.00254   -0.0148   -0.0166   -0.0105    -0.134   -0.0761  6.58e-06 -8.27e-06  0.000131   -0.0357 -4.26e-06 -0.000273   -0.0407    -0.111   -0.0879      -0.4 -0.000227  -0.00226  -0.00669   -0.0571   -0.0171  -0.00994   -0.0187  -0.00848   0.00112    0.0022  -0.00256  -0.00487  -0.00845   -0.0176   -0.0136   -0.0177    0.0046 -0.000407   0.00213   0.00048    -0.071   -0.0108   -0.0214   0.00304 -0.000671  0.000116  1.69e-05 -4.63e-08   1.2e-07    0.0275   0.00409 -0.000374  0.000346    0.0392   0.00514  0.000642  0.000279   0.00278    0.0106   0.00489    -0.195    0.0048    0.0102    0.0624    -0.147    0.0819    0.0426    -0.126    0.0424  -0.00049    0.0699    0.0331    0.0498   0.00863  0.000137    0.0195    0.0034  0.000144    0.0772    0.0203   0.00544  -0.00218
   0.0378  5.69e-05  -0.00023  -0.00131  -0.00194 -0.000498   1.8e-16   1.8e-16 -2.26e-05 -1.76e-05 -2.04e-16 -0.000469   -0.0008 -9.27e-05 -0.000763 -8.57e-05 -0.000107 -0.000546  -0.00112  -0.00169  -0.00022   -0.0101  -0.00391  -0.00106  -0.00801         1  -0.00216  -0.00104  -0.00222 -0.000196  -0.00143 -0.000813 -0.000989 -0.000997   -0.0088  -0.00619 -4.47e-07 -1.53e-07 -0.000169 -0.000831 -2.66e-05  -0.00277   0.00045   0.00327  -0.00355   0.00674 -0.000292  0.000842   0.00631   0.00724   0.00217   0.00137 -0.000328   0.00229   0.00176 -0.000291   0.00224  0.000513  0.000441  -0.00045  0.000651   0.00245 -0.000217 -0.000771 -0.000398 -0.000935   0.00295   -0.0124 -0.000463 -0.000529  5.84e-05 -2.54e-05 -2.43e-06 -4.73e-07 -3.33e-08  0.000783  -0.00172 -5.05e-05  2.48e-05 -0.000247 -0.000354 -0.000441 -0.000111  -0.00224 -0.000403 -0.000521   -0.0306  -0.00183 -0.000135   0.00883   -0.0074   0.00728   0.00307  -0.00625    0.0102 -9.09e-05   -0.0118  -0.00186   -0.0075 -0.000988  -0.00016  -0.00215 -0.000455  7.05e-07  -0.00821  -0.00117  7.69e-05  -0.00367
   0.0537  0.000248  0.000129  0.000589   0.00164  0.000611  5.14e-16  5.14e-16  0.000136  0.000264 -9.06e-16  0.000192  0.000665  7.52e-05  0.000377  6.07e-05  7.69e-05  0.000417  0.000983  -0.00555 -0.000857   -0.0126   -0.0118  -0.00195   -0.0376  -0.00216         1  -0.00234 -0.000334  -0.00146 -0.000661  -0.00451    -0.005  -0.00268   -0.0131    -0.016  1.74e-06  -8.1e-05  0.000116  -0.00275  4.84e-06  0.000411 -0.000532  0.000674   -0.0246    0.0178  5.63e-05   0.00103  -0.00251   -0.0133   -0.0083   0.00244  -0.00461  -0.00333  0.000712   0.00257   -0.0019   0.00267  0.000579  -0.00493   0.00237  -0.00946    0.0014 -0.000371  0.000922   2.1e-05     0.024    -0.002  -0.00229   0.00127 -1.03e-05  6.01e-05  7.78e-06  1.68e-07  4.02e-08    0.0102   0.00133 -0.000196  0.000231   0.00985   0.00266  0.000627  9.33e-05  0.000917    0.0016   0.00105   -0.0502  0.000451   0.00246    0.0229   -0.0395    0.0199    0.0156   -0.0383    0.0117  4.64e-05    0.0117   0.00668    0.0063   0.00169  2.36e-05   0.00349  0.000788   4.8e-05    0.0132    0.0029   0.00139   0.00339
   0.0098  4.99e-05 -5.91e-05 -0.000385   -0.0006 -0.000143  7.88e-17  7.88e-17  1.16e-05  4.09e-05 -1.97e-16 -0.000142 -0.000261    -3e-05 -0.000226 -2.48e-05 -3.11e-05  -0.00018 -0.000357   -0.0013 -0.000192  -0.00459  -0.00289 -0.000607  -0.00873  -0.00104  -0.00234         1 -0.000653 -0.000344 -0.000492 -0.000883  -0.00103 -0.000669  -0.00504  -0.00422  1.22e-07 -1.62e-05 -4.42e-05 -0.000788 -6.81e-06  -0.00068 -3.54e-05  0.000766  -0.00449   0.00163 -7.52e-05  0.000527  0.000158  -0.00202  -0.00125  0.000448  -0.00146 -0.000868  0.000451  6.31e-05 -0.000262  0.000367 -0.000148   -0.0012  0.000217 -0.000382  5.75e-05 -0.000344 -2.56e-05 -0.000287   0.00232  -0.00451 -0.000972  -1.1e-05  4.78e-06 -5.96e-07  5.36e-07 -8.01e-08 -2.21e-09   0.00152 -0.000333 -6.05e-05  4.28e-05   0.00129    0.0003 -3.11e-05 -1.41e-05 -0.000447  8.19e-05 -1.96e-05   -0.0114 -0.000426   0.00043   0.00644  -0.00854   0.00529   0.00336  -0.00752   0.00437 -4.87e-05  -0.00197  0.000377  -0.00138 -5.63e-05 -3.73e-05 -0.000131  -3.4e-06  6.87e-06 -0.000619  4.51e-05   0.00022  -0.00107
 -0.00193   1.2e-05 -0.000262  -0.00148   -0.0025 -0.000693  2.34e-17  2.34e-17 -4.25e-05 -4.13e-05 -7.26e-17 -0.000531  -0.00105 -0.000121 -0.000876 -0.000104 -0.000131 -0.000705  -0.00147 -0.000774 -8.64e-05  -0.00741  -0.00198 -0.000718  -0.00247  -0.00222 -0.000334 -0.000653         1 -1.59e-05  -0.00124 -0.000106 -0.000226 -0.000528  -0.00676  -0.00353 -6.95e-07 -6.67e-06 -0.000188 -0.000453 -2.51e-05  -0.00257  0.000607   0.00326  0.000506   0.00209  -0.00028  0.000922   0.00436   0.00559   0.00219  0.000611  -0.00068    0.0011   0.00133 -0.000902   0.00147 -7.07e-05 -0.000126 -0.000243 -9.92e-05   0.00412 -0.000556 -0.000803 -0.000608 -0.000932  -0.00297   -0.0126 -0.000876 -0.000766  4.48e-05  -3.6e-05 -3.06e-06 -3.97e-07 -3.39e-08  -0.00109  -0.00188 -5.18e-05 -3.09e-06  -0.00191 -0.000676 -0.000487  -0.00011  -0.00212 -0.000749 -0.000708   -0.0131   -0.0017 -0.000234   0.00629  -0.00206    0.0047   0.00108 -0.000377   0.00761 -0.000133   -0.0138  -0.00301  -0.00868  -0.00125 -0.000149   -0.0027 -0.000541 -6.67e-06   -0.0104  -0.00173  -0.00016  -0.00477
  -0.0116  4.64e-05 -1.25e-05 -0.000102 -0.000565 -0.000189  2.68e-18  2.68e-18  1.29e-05  2.05e-06  -2.4e-16 -3.51e-05 -0.000272 -3.08e-05 -8.07e-05  -1.4e-05 -1.71e-05 -0.000179 -0.000374  -0.00128 -0.000111  -0.00193  -0.00245 -0.000564   -0.0182 -0.000196  -0.00146 -0.000344 -1.59e-05         1 -5.51e-05 -0.000638 -0.000663 -0.000465  -0.00857  -0.00358  2.77e-07 -4.31e-05  3.56e-05  -0.00251  3.04e-06  0.000126  -0.00325  -0.00908  -0.00379   -0.0342  7.23e-06 -0.000667  -0.00173  -0.00492  -0.00104  -0.00112  -0.00124 -0.000883 -0.000236 -0.000189 -0.000324 -0.000716 -0.000738 -0.000966  -0.00151  -0.00049   0.00017 -1.29e-05 -3.02e-05  8.17e-05  -0.00912 -0.000689  -0.00181   6.7e-05 -6.53e-05  2.73e-06   1.2e-06  5.95e-08  8.02e-09  0.000543  0.000198 -4.55e-05  2.12e-06   0.00152  0.000134  2.86e-05  1.95e-05  0.000323  0.000447  0.000214  -0.00736  0.000588  0.000805   0.00289  -0.00591   0.00505   0.00163  -0.00435    0.0013 -3.15e-05   0.00369    0.0014   0.00243  0.000397  3.54e-06  0.000893  0.000134  5.84e-06   0.00374  0.000988  0.000169 -0.000905
  0.00213  1.83e-05 -0.000162 -0.000955  -0.00163 -0.000445  6.26e-17  6.26e-17 -2.28e-05 -1.79e-05  -1.3e-16 -0.000346 -0.000684 -7.87e-05  -0.00057 -6.76e-05 -8.51e-05 -0.000459 -0.000957 -0.000723 -9.05e-05  -0.00494  -0.00171 -0.000493  -0.00254  -0.00143 -0.000661 -0.000492  -0.00124 -5.51e-05         1 -0.000256 -0.000266 -0.000406  -0.00449  -0.00273 -4.15e-07 -4.74e-05 -9.53e-05 -0.000328  -1.4e-05  -0.00154  0.000213    0.0016 -0.000692    0.0026 -0.000171   0.00052   0.00305    0.0038    0.0013  0.000727   -0.0001   0.00122  0.000831  -6.6e-06   0.00136  0.000203  0.000251 -7.76e-05  0.000132   0.00191 -0.000391  -0.00058 -0.000495 -0.000618  -0.00023  -0.00826 -0.000747 -0.000524  3.15e-05 -2.17e-05 -1.27e-06 -1.67e-07 -1.59e-08 -0.000701  -0.00117  -4.6e-05  1.04e-05  -0.00137  -0.00033 -0.000255 -6.17e-05  -0.00115  -0.00064 -0.000507   -0.0117 -0.000815 -3.72e-06   0.00442  -0.00237   0.00324   0.00099  -0.00102   0.00447 -7.25e-05  -0.00929  -0.00228  -0.00653 -0.000841   -0.0001  -0.00197 -0.000362 -2.95e-06  -0.00759  -0.00141 -0.000144  -0.00317
   0.0207  8.97e-05  1.39e-05  0.000203   0.00055   0.00021  1.85e-16  1.85e-16  5.57e-05  9.37e-05  -3.7e-16  6.23e-05  0.000216  2.41e-05  0.000126  2.04e-05  2.58e-05  0.000134  0.000322   -0.0022  -0.00032  -0.00475  -0.00457 -0.000753   -0.0148 -0.000813  -0.00451 -0.000883 -0.000106 -0.000638 -0.000256         1   -0.0019  -0.00103  -0.00512  -0.00601  6.44e-07 -6.48e-05  7.24e-05  -0.00116  3.82e-06  0.000198 -0.000404 -0.000234  -0.00945   0.00558  3.35e-05  0.000144  -0.00123   -0.0054  -0.00326  0.000978  -0.00173  -0.00117  0.000228   0.00103 -0.000609   0.00103  0.000329  -0.00188  0.000838  -0.00372  0.000546 -0.000153   0.00029  2.27e-05   0.00887 -0.000904  -0.00105  0.000466  -9.7e-06  2.32e-05  3.44e-06  1.04e-07  1.68e-08   0.00372    0.0005 -9.43e-05  8.87e-05   0.00358   0.00102  0.000259  3.83e-05  0.000433  0.000505   0.00037   -0.0199  0.000338   0.00115   0.00936   -0.0146   0.00858    0.0061   -0.0141   0.00453  3.18e-05   0.00415   0.00231   0.00188  0.000588  3.94e-07   0.00117  0.000265  1.87e-05   0.00454   0.00097  0.000477   0.00111
   0.0205  9.57e-05  1.36e-06  0.000141  0.000445  0.000184   1.2e-16   1.2e-16   5.9e-05  0.000118 -3.24e-16  4.13e-05  0.000166  1.88e-05  9.35e-05  1.68e-05  2.12e-05  9.83e-05  0.000254  -0.00236 -0.000356  -0.00574  -0.00506 -0.000906   -0.0166 -0.000989    -0.005  -0.00103 -0.000226 -0.000663 -0.000266   -0.0019         1  -0.00119  -0.00627  -0.00693  7.42e-07 -4.16e-06  2.19e-05   -0.0013 -6.94e-08  3.44e-05  0.000146   0.00156     -0.01   0.00644  1.49e-05  0.000715  -0.00287   -0.0087  -0.00452  0.000544  -0.00344  -0.00332  0.000279  0.000176  -0.00204  0.000829  -0.00045  -0.00285  0.000616  -0.00301   0.00063 -0.000194  0.000495 -1.05e-05   0.00763  -0.00186   -0.0014   0.00058 -1.63e-05  2.39e-05  3.14e-06   4.6e-09  1.23e-08    0.0046   0.00047  -0.00011  9.79e-05   0.00465   0.00114  0.000225   3.4e-05  0.000176  0.000834  0.000503   -0.0137 -0.000108   0.00127    0.0121   -0.0176    0.0106   0.00756   -0.0169    0.0065 -1.81e-05   0.00503   0.00333   0.00342  0.000738  1.05e-05   0.00175  0.000365  2.09e-05   0.00655   0.00159  0.000677   0.00106
   0.0105  5.92e-05 -4.17e-05 -0.000193 -0.000208 -2.64e-05  1.03e-16  1.03e-16   2.2e-05  4.41e-05 -2.12e-16 -7.28e-05 -9.55e-05 -1.13e-05 -0.000109 -9.85e-06 -1.21e-05 -7.15e-05 -0.000124  -0.00148 -0.000203  -0.00458  -0.00316 -0.000645   -0.0105 -0.000997  -0.00268 -0.000669 -0.000528 -0.000465 -0.000406  -0.00103  -0.00119         1   -0.0052  -0.00448  2.55e-07 -1.26e-05 -1.06e-05 -0.000979 -4.48e-06 -0.000509 -0.000249  0.000158   -0.0053  0.000345 -4.92e-05  0.000388  0.000298  -0.00203  -0.00133  0.000459   -0.0014  -0.00063  0.000488  0.000133  -0.00018  0.000409 -5.84e-05  -0.00127  0.000271 -0.000863  0.000251 -0.000224  0.000111 -0.000176    0.0031  -0.00313 -0.000808  0.000143  3.18e-07  5.49e-06  1.08e-06 -7.07e-08  3.64e-10   0.00213 -0.000111 -5.66e-05  4.61e-05   0.00204  0.000419  1.53e-05 -4.31e-06   -0.0003  0.000303  0.000127    -0.013 -0.000269  0.000646   0.00712  -0.00925   0.00658   0.00393  -0.00857   0.00498 -2.05e-05  0.000189   0.00114  0.000129  0.000156 -2.86e-05  0.000381  7.23e-05  9.68e-06   0.00148  0.000524  0.000306 -0.000295
   0.0325   0.00031 -0.000889  -0.00615   -0.0136  -0.00402 -1.99e-16 -1.99e-16 -6.58e-05  1.46e-05 -1.83e-15  -0.00218  -0.00598 -0.000678   -0.0038 -0.000485 -0.000607  -0.00397  -0.00831   -0.0113  -0.00132   -0.0396   -0.0247   -0.0064    -0.134   -0.0088   -0.0131  -0.00504  -0.00676  -0.00857  -0.00449  -0.00512  -0.00627   -0.0052         1   -0.0398 -3.69e-07 -0.000177 -0.000743   -0.0181 -7.71e-05  -0.00762   -0.0188   -0.0468   -0.0297    -0.213 -0.000938  -0.00143   -0.0105   -0.0375  -0.00856  -0.00673   -0.0165    -0.014  0.000748  -0.00603  -0.00508    -0.005  -0.00817   -0.0108   -0.0107    0.0065  -0.00144  -0.00341  -0.00205  -0.00284   -0.0707   -0.0525   -0.0173  -0.00211 -0.000353 -0.000101 -5.45e-06 -1.19e-06  -7.1e-08  0.000709  -0.00504   -0.0006  5.81e-05   0.00408 -0.000778  -0.00139 -0.000248  -0.00537  0.000539 -0.000988    -0.109  -0.00378   0.00162    0.0345   -0.0613    0.0354    0.0142   -0.0442    0.0245 -0.000935   -0.0227 -0.000502   -0.0127  -0.00147 -0.000389  -0.00296 -0.000684  1.45e-05   -0.0115  8.24e-05   0.00092   -0.0246
   0.0596  0.000398 -4.93e-05  -0.00166  -0.00261 -0.000605  7.26e-16  7.26e-16  8.04e-05  0.000258 -1.46e-15 -0.000591  -0.00115  -0.00013 -0.000966 -0.000101 -0.000125 -0.000797  -0.00154  -0.00911  -0.00133   -0.0288   -0.0201  -0.00417   -0.0761  -0.00619    -0.016  -0.00422  -0.00353  -0.00358  -0.00273  -0.00601  -0.00693  -0.00448   -0.0398         1   1.4e-06 -1.34e-05 -0.000258  -0.00768 -3.82e-05  -0.00344  -0.00521   -0.0103   -0.0336   -0.0345 -0.000423   0.00195   0.00297   -0.0119  -0.00666   0.00162  -0.00725  -0.00302    0.0024   0.00144 -0.000361   0.00165  -0.00101  -0.00688  0.000313  -0.00584  0.000829   -0.0016  0.000247  -0.00134   0.00821   -0.0215  -0.00587  0.000362 -3.07e-05   1.5e-05  2.82e-06 -5.41e-07  -1.8e-09     0.011  -0.00101 -0.000253  0.000242    0.0109     0.002 -0.000107    -5e-05  -0.00206   0.00182  0.000517   -0.0991  -0.00193   0.00188    0.0323   -0.0596    0.0282    0.0192    -0.053    0.0235 -0.000269 -0.000235   0.00586 -3.83e-05  0.000877  -0.00015   0.00176  0.000415  4.85e-05   0.00634   0.00256   0.00177  -0.00431
 1.08e-05 -8.46e-08 -2.48e-07 -9.99e-07  -2.1e-06 -6.28e-07 -2.11e-19 -2.11e-19  -3.7e-08 -5.86e-08  7.89e-20 -3.64e-07 -9.06e-07 -1.03e-07 -6.19e-07 -8.01e-08 -1.02e-07 -5.94e-07 -1.27e-06  6.16e-07  9.06e-08 -6.25e-07  1.16e-06  8.92e-08  6.58e-06 -4.47e-07  1.74e-06  1.22e-07 -6.95e-07  2.77e-07 -4.15e-07  6.44e-07  7.42e-07  2.55e-07 -3.69e-07   1.4e-06         1  -8.7e-08 -1.05e-07  4.13e-07 -8.16e-09 -9.76e-07  2.32e-07  1.26e-06  3.61e-06  6.89e-07 -1.01e-07 -8.09e-07 -2.37e-06 -2.14e-06 -1.62e-07 -1.48e-07 -5.47e-07 -1.59e-06 -4.03e-07 -9.81e-07 -6.33e-07 -3.29e-07 -3.43e-07  1.43e-07 -5.46e-07  1.84e-06 -7.82e-07 -5.33e-07 -6.92e-07 -4.56e-07 -5.29e-06 -7.31e-06 -1.02e-06 -7.08e-07 -1.02e-08 -2.73e-08 -2.19e-09 -1.16e-10 -2.03e-11 -3.33e-06 -1.17e-06 -8.96e-08 -2.86e-08 -3.97e-06 -6.47e-07 -2.39e-07 -6.14e-08 -9.07e-07 -1.22e-06 -7.27e-07 -4.34e-06 -8.16e-07 -8.87e-07 -2.45e-06  5.75e-06 -3.93e-06 -2.79e-06  6.26e-06 -2.66e-06 -8.72e-08  -1.1e-05 -4.05e-06 -7.96e-06 -1.19e-06 -7.88e-08 -2.78e-06 -5.07e-07 -1.31e-08 -1.09e-05 -2.46e-06  -5.3e-07 -4.22e-06
  0.00246  -1.5e-05 -6.01e-05 -0.000146 -0.000369  -0.00011 -3.81e-17 -3.81e-17  2.12e-06 -3.17e-06 -4.38e-17 -5.76e-05 -0.000168 -1.93e-05 -9.71e-05 -1.32e-05  -1.7e-05 -0.000109 -0.000233 -8.83e-05 -6.74e-06 -2.17e-05 -0.000126 -3.87e-06 -8.27e-06 -1.53e-07  -8.1e-05 -1.62e-05 -6.67e-06 -4.31e-05 -4.74e-05 -6.48e-05 -4.16e-06 -1.26e-05 -0.000177 -1.34e-05  -8.7e-08         1  1.37e-05 -3.66e-05  1.84e-06  3.06e-05 -0.000172 -0.000328 -0.000308  0.000157   8.4e-06  -0.00041  -0.00135  -0.00193 -0.000708  9.18e-05 -0.000234  -0.00057 -0.000246  7.12e-05 -0.000261  8.02e-05  5.69e-05 -0.000146 -6.02e-05 -0.000455 -0.000123 -0.000122 -0.000169 -4.27e-05 -0.000129   -0.0012 -0.000491 -0.000102 -1.06e-05 -1.69e-06  4.39e-07  5.82e-08  1.49e-09 -0.000545 -0.000102 -4.42e-05  5.42e-06 -0.000692  2.01e-05  2.89e-05   6.7e-07  8.06e-05 -0.000314 -0.000131  -0.00287  0.000111  4.41e-05  0.000193  0.000173 -5.13e-05 -6.53e-05   0.00032  -0.00104 -1.68e-06   -0.0017  -0.00083  -0.00176 -0.000196 -1.33e-05 -0.000549 -8.51e-05 -5.92e-07   -0.0021 -0.000579  -0.00012 -0.000791
  0.00383 -9.51e-06 -2.77e-05 -0.000204 -0.000415 -0.000123  -4.2e-17  -4.2e-17 -8.32e-06 -1.29e-06  2.16e-17 -7.13e-05 -0.000178    -2e-05 -0.000123 -1.55e-05 -1.95e-05 -0.000117 -0.000249  5.13e-05 -6.34e-06 -0.000563 -2.03e-05 -4.54e-05  0.000131 -0.000169  0.000116 -4.42e-05 -0.000188  3.56e-05 -9.53e-05  7.24e-05  2.19e-05 -1.06e-05 -0.000743 -0.000258 -1.05e-07  1.37e-05         1 -7.57e-06 -3.69e-06 -0.000256  8.94e-05  0.000395  0.000245 -0.000399 -3.25e-05   3.1e-05 -0.000701  -0.00115 -0.000311 -0.000164 -0.000489 -0.000835 -6.64e-05 -0.000369 -0.000493 -0.000116 -0.000301 -0.000208 -0.000146  0.000392 -0.000139 -0.000113 -5.96e-05 -0.000107  -0.00128  -0.00164 -0.000237 -0.000102 -2.86e-06    -5e-06 -7.81e-07 -7.08e-08 -5.71e-09 -0.000314 -0.000224 -1.11e-05 -3.29e-06 -0.000384 -9.58e-05 -6.45e-05 -1.45e-05 -0.000279 -9.03e-05 -9.15e-05  -0.00107 -0.000351  -0.00031 -0.000382 -0.000312  -0.00102 -0.000309 -0.000107 -0.000251 -3.74e-05  -0.00165 -0.000397 -0.000874 -0.000152 -8.32e-06  -0.00031 -5.32e-05 -2.07e-06  -0.00134 -0.000257 -2.13e-05 -0.000779
  -0.0157  9.39e-05 -3.88e-05 -0.000467  -0.00153 -0.000487  6.27e-18  6.27e-18  1.08e-05 -8.27e-07 -4.36e-16 -0.000159 -0.000702 -7.93e-05 -0.000311 -4.51e-05 -5.54e-05 -0.000465 -0.000971   -0.0025 -0.000232  -0.00524  -0.00498  -0.00123   -0.0357 -0.000831  -0.00275 -0.000788 -0.000453  -0.00251 -0.000328  -0.00116   -0.0013 -0.000979   -0.0181  -0.00768  4.13e-07 -3.66e-05 -7.57e-06         1 -1.79e-06 -0.000335   -0.0061   -0.0168  -0.00702   -0.0666 -5.69e-05 -0.000937  -0.00239  -0.00837   -0.0015  -0.00226  -0.00265  -0.00178 -0.000188 -0.000776 -0.000604  -0.00152  -0.00169  -0.00194  -0.00299  7.02e-05  0.000215 -0.000148 -8.59e-05 -2.96e-05   -0.0188  -0.00359  -0.00348  5.35e-06 -0.000116 -2.39e-06  9.39e-07 -3.74e-08  5.24e-09  0.000991  1.41e-05 -7.42e-05 -2.51e-06    0.0028  7.58e-05  -8.1e-05  1.02e-05  5.66e-05  0.000887  0.000325   -0.0166  0.000543   0.00118   0.00568   -0.0122   0.00925   0.00299   -0.0089    0.0038 -0.000107   0.00503   0.00248   0.00391    0.0006 -1.16e-05   0.00144  0.000195  9.01e-06     0.006   0.00181  0.000363  -0.00252
-5.16e-05  2.14e-07  -1.7e-06 -1.68e-05 -2.69e-05  -7.5e-06   2.1e-19   2.1e-19 -7.65e-07 -4.22e-07  1.16e-18 -5.82e-06  -1.1e-05 -1.25e-06 -9.71e-06 -1.13e-06 -1.42e-06 -7.42e-06 -1.55e-05 -2.38e-06 -7.08e-07 -8.65e-05  -1.4e-05 -7.67e-06 -4.26e-06 -2.66e-05  4.84e-06 -6.81e-06 -2.51e-05  3.04e-06  -1.4e-05  3.82e-06 -6.94e-08 -4.48e-06 -7.71e-05 -3.82e-05 -8.16e-09  1.84e-06 -3.69e-06 -1.79e-06         1  -3.4e-05  1.41e-05  5.42e-05  2.54e-05  2.12e-05    -4e-06  2.09e-05  6.58e-05  8.74e-05  3.65e-05  3.15e-07 -9.69e-06  7.98e-06  1.82e-05 -1.96e-05  1.12e-05 -5.59e-06 -9.57e-06 -1.37e-06 -2.36e-06  6.47e-05 -6.84e-06 -8.03e-06 -3.82e-06 -1.14e-05 -5.75e-05  -0.00014 -3.73e-07  -8.4e-06  7.21e-07 -4.73e-07 -6.69e-08 -7.49e-09 -5.44e-10 -8.31e-06 -2.29e-05  4.68e-07 -3.09e-07 -1.56e-05 -1.07e-05 -7.58e-06 -1.56e-06 -3.14e-05 -2.69e-06 -6.78e-06 -9.06e-05 -2.98e-05 -1.39e-05   3.6e-05 -2.35e-05  7.53e-06 -2.13e-06 -5.36e-06  9.07e-05 -2.31e-06 -0.000146 -2.29e-05 -7.04e-05 -1.24e-05  -1.4e-06 -2.34e-05    -5e-06 -1.25e-07 -9.49e-05 -1.14e-05  4.27e-07 -4.91e-05
  -0.0049  4.79e-06 -0.000327  -0.00187  -0.00311 -0.000865  1.31e-17  1.31e-17 -6.41e-05 -7.18e-05  2.83e-18 -0.000667   -0.0013 -0.000149   -0.0011 -0.000131 -0.000164 -0.000871  -0.00183 -0.000582 -4.64e-05  -0.00885  -0.00169 -0.000802 -0.000273  -0.00277  0.000411  -0.00068  -0.00257  0.000126  -0.00154  0.000198  3.44e-05 -0.000509  -0.00762  -0.00344 -9.76e-07  3.06e-05 -0.000256 -0.000335  -3.4e-05         1   0.00104   0.00478   0.00254   0.00263 -0.000372   0.00133   0.00664   0.00936   0.00381  0.000618 -0.000472   0.00198   0.00186  -0.00146   0.00218 -0.000296 -0.000212  8.09e-05 -0.000204    0.0063 -0.000715 -0.000937 -0.000734  -0.00118  -0.00505   -0.0155 -0.000628    -0.001  6.61e-05 -4.94e-05 -4.73e-06 -5.76e-07 -4.87e-08  -0.00172  -0.00249 -3.18e-05 -2.27e-05  -0.00269  -0.00107 -0.000695 -0.000152   -0.0029 -0.000891 -0.000906   -0.0123  -0.00234 -0.000465   0.00685  9.14e-05   0.00519  0.000515   0.00194      0.01  -0.00017   -0.0177  -0.00384   -0.0107  -0.00164 -0.000191  -0.00342 -0.000714 -1.13e-05   -0.0132  -0.00208 -0.000228   -0.0059
  -0.0299  5.34e-05  0.000218  0.000192 -0.000815 -0.000363   2.2e-16   2.2e-16 -1.52e-05 -0.000114 -6.13e-16  0.000106 -0.000391 -4.28e-05  6.15e-05 -5.84e-06 -5.41e-06 -0.000233  -0.00054  -0.00172 -0.000129  0.000288  -0.00299 -0.000617   -0.0407   0.00045 -0.000532 -3.54e-05  0.000607  -0.00325  0.000213 -0.000404  0.000146 -0.000249   -0.0188  -0.00521  2.32e-07 -0.000172  8.94e-05   -0.0061  1.41e-05   0.00104         1   -0.0362  -0.00756    -0.107  5.91e-05  -0.00563  9.36e-05  -0.00207   0.00228  -0.00233   0.00461   0.00486  -0.00193   0.00219   0.00343  -0.00164  0.000414   0.00218  -0.00337  -0.00648  -0.00014  0.000396 -0.000611  0.000485   -0.0223   0.00466  -0.00209 -0.000237 -0.000179  4.67e-06 -8.75e-07  1.43e-07  1.74e-08  -0.00295  0.000841  5.21e-05 -8.97e-05  -0.00106 -0.000553  5.58e-05  3.31e-05    0.0013  0.000331   0.00014   -0.0727   0.00201  -0.00179   -0.0196  -0.00199   -0.0124  -0.00783 -0.000434   -0.0141  5.48e-05   0.00945  3.44e-05   0.00384  0.000712  3.55e-05  0.000594  4.41e-05  -4.8e-06   0.00337  0.000331 -0.000302  -0.00163
  -0.0735   0.00022   0.00115   0.00216  0.000862  -0.00014  9.47e-16  9.47e-16 -5.07e-05 -0.000337 -1.61e-15  0.000905  0.000298  3.98e-05   0.00117  0.000107  0.000141  0.000276  0.000426  -0.00346 -0.000177   0.00836  -0.00527 -0.000922    -0.111   0.00327  0.000674  0.000766   0.00326  -0.00908    0.0016 -0.000234   0.00156  0.000158   -0.0468   -0.0103  1.26e-06 -0.000328  0.000395   -0.0168  5.42e-05   0.00478   -0.0362         1   -0.0176    -0.315  0.000318   -0.0151    0.0086   0.00862    0.0122  -0.00689    0.0186    0.0211  -0.00515   0.00849    0.0137  -0.00492   0.00244   0.00943  -0.00927    -0.019  0.000151   0.00223  -0.00116   0.00216   -0.0623    0.0285  -0.00267 -0.000142 -0.000467  3.39e-05 -2.28e-06  6.74e-07  7.82e-08  -0.00771     0.004   0.00046 -0.000308  -0.00129  -0.00168  0.000356  0.000174   0.00534   0.00214   0.00109    -0.186   0.00749   -0.0052   -0.0669   0.00196   -0.0426   -0.0263   0.00548   -0.0443  0.000312    0.0409   0.00341     0.021   0.00337  0.000244   0.00461  0.000661 -1.42e-05    0.0212   0.00337 -0.000673   0.00157
    0.104  0.000422  0.000458   0.00196   0.00412    0.0014  1.13e-15  1.13e-15  0.000288  0.000491  -2.1e-15  0.000698   0.00166  0.000191    0.0012  0.000171  0.000217   0.00109   0.00245   -0.0114  -0.00188   -0.0226   -0.0244  -0.00367   -0.0879  -0.00355   -0.0246  -0.00449  0.000506  -0.00379 -0.000692  -0.00945     -0.01   -0.0053   -0.0297   -0.0336  3.61e-06 -0.000308  0.000245  -0.00702  2.54e-05   0.00254  -0.00756   -0.0176         1   0.00697  0.000286  -0.00485    -0.012   -0.0369   -0.0198     0.005  -0.00512  -0.00679  -0.00185   0.00741  -0.00444   0.00605   0.00255  -0.00814   0.00516    -0.032   0.00263 -0.000367   0.00173  0.000674     0.053   0.00282  -0.00405   0.00275 -0.000149  0.000152  1.37e-05  2.99e-07  8.52e-08    0.0187   0.00394 -0.000421  0.000432    0.0175   0.00554    0.0016  0.000212   0.00295   0.00287   0.00215    -0.201   0.00122  0.000219    0.0183   -0.0805    0.0124    0.0218   -0.0817 -0.000105   0.00023    0.0308     0.012     0.014   0.00381  0.000126   0.00672   0.00158  9.05e-05    0.0253   0.00428   0.00242   0.00787
   -0.214  0.000413  0.000777  -0.00476   -0.0237  -0.00852 -1.85e-15 -1.85e-15 -0.000491  -0.00118 -2.57e-15  -0.00139   -0.0107   -0.0012  -0.00349 -0.000629  -0.00077  -0.00692   -0.0151  -0.00879  0.000707   0.00918   -0.0134  -0.00721      -0.4   0.00674    0.0178   0.00163   0.00209   -0.0342    0.0026   0.00558   0.00644  0.000345    -0.213   -0.0345  6.89e-07  0.000157 -0.000399   -0.0666  2.12e-05   0.00263    -0.107    -0.315   0.00697         1 -0.000376    -0.023   -0.0286   -0.0703    0.0189   -0.0527  -0.00776  -0.00577   -0.0122   -0.0172  0.000862    -0.039   -0.0292 -0.000208   -0.0614    0.0303  -0.00284    0.0027  -0.00433   0.00271    -0.429   0.00528   -0.0399  -0.00425  -0.00197 -0.000233 -2.19e-05 -1.72e-09  2.69e-08   -0.0346   0.00106  0.000522   -0.0013  0.000485   -0.0109  -0.00294  0.000112    0.0049   0.00988   0.00248  -0.00616    0.0134   0.00189   -0.0841   0.00511  -0.00595   -0.0488    0.0508   -0.0458  -0.00168    0.0805    0.0175    0.0687   0.00678  0.000429    0.0165   0.00161 -9.53e-05    0.0711    0.0211  -0.00054     -0.04
 -0.00027  3.61e-06 -2.29e-05 -0.000201 -0.000336 -9.42e-05  1.01e-17  1.01e-17 -8.52e-06  -6.9e-06 -2.63e-18 -7.09e-05 -0.000139 -1.58e-05 -0.000118  -1.4e-05 -1.75e-05  -9.3e-05 -0.000195 -5.51e-05 -7.09e-06 -0.000946 -0.000186 -8.77e-05 -0.000227 -0.000292  5.63e-05 -7.52e-05  -0.00028  7.23e-06 -0.000171  3.35e-05  1.49e-05 -4.92e-05 -0.000938 -0.000423 -1.01e-07   8.4e-06 -3.25e-05 -5.69e-05    -4e-06 -0.000372  5.91e-05  0.000318  0.000286 -0.000376         1  0.000201  0.000918   0.00128   0.00053  4.91e-05  2.64e-05  0.000329  0.000215 -0.000111   0.00031 -4.72e-05 -2.65e-05  5.51e-05 -3.65e-05  0.000712 -8.95e-05   -0.0001 -8.23e-05 -0.000133 -0.000707  -0.00163 -5.23e-05 -0.000116  8.25e-06 -5.72e-06 -6.02e-07 -6.22e-08 -5.01e-09 -0.000195 -0.000267  3.26e-06 -3.21e-06 -0.000286 -0.000127 -7.96e-05 -1.63e-05  -0.00031 -8.03e-05 -9.75e-05  -0.00118 -0.000249 -8.66e-05  0.000491 -9.13e-05   0.00029 -3.96e-05  0.000192     0.001 -2.17e-05  -0.00185 -0.000395  -0.00108 -0.000165 -1.87e-05  -0.00035 -7.02e-05 -1.41e-06  -0.00137 -0.000208 -1.96e-05 -0.000632
  -0.0979  -0.00026 -0.000383 -0.000392  -0.00197 -0.000673 -4.84e-16 -4.84e-16  1.42e-05  -0.00011 -1.52e-16  -0.00014 -0.000938 -0.000106 -0.000315 -5.38e-05 -7.05e-05  -0.00058   -0.0013  0.000367  1.88e-05   0.00381   0.00113  0.000492  -0.00226  0.000842   0.00103  0.000527  0.000922 -0.000667   0.00052  0.000144  0.000715  0.000388  -0.00143   0.00195 -8.09e-07  -0.00041   3.1e-05 -0.000937  2.09e-05   0.00133  -0.00563   -0.0151  -0.00485    -0.023  0.000201         1   -0.0186   -0.0254  -0.00805 -0.000542  0.000294  -0.00713  -0.00479 -0.000238  -0.00467  0.000216  0.000311  0.000122 -0.000803   -0.0117 -0.000959 -0.000294 -0.000962  0.000358  -0.00295  -0.00209  -0.00229 -0.000453 -0.000207  8.87e-06  -1.1e-06   4.1e-08 -1.23e-08  -0.00618  0.000139 -0.000334 -4.37e-05  -0.00725 -0.000149  0.000286 -1.47e-05  0.000668  -0.00222 -0.000784   -0.0929  -8.1e-05  -0.00439   -0.0244   0.00762   -0.0254   -0.0104   0.00366   -0.0273  7.47e-05  -0.00568  -0.00653  -0.00893  -0.00112 -2.39e-05  -0.00372 -0.000661 -1.66e-05   -0.0143  -0.00479  -0.00117  -0.00464
   -0.198  -0.00131  -0.00312  -0.00636   -0.0204  -0.00641 -5.68e-15 -5.68e-15  0.000167  0.000381  4.18e-16  -0.00248  -0.00957  -0.00108  -0.00437 -0.000645 -0.000835  -0.00618   -0.0132   0.00103 -0.000245    0.0143   0.00093  0.000551  -0.00669   0.00631  -0.00251  0.000158   0.00436  -0.00173   0.00305  -0.00123  -0.00287  0.000298   -0.0105   0.00297 -2.37e-06  -0.00135 -0.000701  -0.00239  6.58e-05   0.00664  9.36e-05    0.0086    -0.012   -0.0286  0.000918   -0.0186         1    -0.257     -0.09   -0.0167   -0.0622    -0.116   -0.0246   -0.0252   -0.0738  -0.00571   -0.0245   -0.0335   -0.0149   -0.0195  -0.00588  -0.00539  -0.00275  2.33e-05   -0.0774   -0.0549   -0.0361  -0.00157  -0.00122 -2.04e-05  8.72e-06  9.94e-07 -2.15e-08   -0.0188  -0.00152  -0.00283  0.000253   -0.0182   0.00364    0.0016  0.000137   0.00286  -0.00835  -0.00271    0.0433  -0.00458  -0.00448   0.00652   -0.0292   -0.0276   0.00374   -0.0241   -0.0775  -0.00148   -0.0381   -0.0179    -0.033  -0.00476   0.00018   -0.0104  -0.00107 -2.87e-05   -0.0479   -0.0154  -0.00247   -0.0399
   -0.494  -0.00172  -0.00464   -0.0099   -0.0313  -0.00977 -8.36e-15 -8.36e-15  0.000329  0.000796 -7.21e-17  -0.00385   -0.0147  -0.00165  -0.00678 -0.000989  -0.00128  -0.00954   -0.0203  -0.00351   -0.0011   0.00829  -0.00967  -0.00145   -0.0571   0.00724   -0.0133  -0.00202   0.00559  -0.00492    0.0038   -0.0054   -0.0087  -0.00203   -0.0375   -0.0119 -2.14e-06  -0.00193  -0.00115  -0.00837  8.74e-05   0.00936  -0.00207   0.00862   -0.0369   -0.0703   0.00128   -0.0254    -0.257         1    -0.143   -0.0261    -0.102    -0.182   -0.0363   -0.0387    -0.115  -0.00853   -0.0395   -0.0568   -0.0236   -0.0315  -0.00792  -0.00868  -0.00333 -0.000245    -0.118     -0.09   -0.0589  -0.00155   -0.0019 -5.04e-06  1.72e-05  1.38e-06 -1.46e-08   -0.0199  -0.00186  -0.00442  0.000539   -0.0177   0.00724   0.00257  0.000252   0.00415   -0.0104  -0.00309    0.0528  -0.00735  -0.00403    0.0348   -0.0821   -0.0185    0.0204   -0.0698    -0.101  -0.00244   -0.0476   -0.0196   -0.0413  -0.00562  0.000296   -0.0116 -0.000811  -6.2e-06   -0.0576   -0.0191  -0.00223   -0.0606
  -0.0285 -0.000547  -0.00155  -0.00284  -0.00922  -0.00283 -2.71e-15 -2.71e-15  0.000175  0.000392 -1.87e-16  -0.00114   -0.0044 -0.000494  -0.00197 -0.000287 -0.000374  -0.00285  -0.00604  -0.00231 -0.000618  0.000691  -0.00576  -0.00066   -0.0171   0.00217   -0.0083  -0.00125   0.00219  -0.00104    0.0013  -0.00326  -0.00452  -0.00133  -0.00856  -0.00666 -1.62e-07 -0.000708 -0.000311   -0.0015  3.65e-05   0.00381   0.00228    0.0122   -0.0198    0.0189   0.00053  -0.00805     -0.09    -0.143         1  -0.00684   -0.0362   -0.0639   -0.0123    -0.012   -0.0408 -0.000984   -0.0125   -0.0209  -0.00559   -0.0153  -0.00218  -0.00305  -0.00068     2e-05   -0.0206   -0.0295   -0.0197   7.7e-05  -0.00061  2.89e-05   9.5e-06  6.21e-07  1.26e-08  -0.00292  5.16e-05   -0.0016  0.000291  -0.00323   0.00371   0.00126  0.000132     0.002  -0.00339 -0.000745   0.00711  -0.00245 -0.000705    0.0197   -0.0388   -0.0017    0.0126    -0.036   -0.0322 -0.000753   -0.0133  -0.00507   -0.0133  -0.00148  0.000123  -0.00315  -2.3e-05  1.51e-05   -0.0168  -0.00623  -0.00037    -0.018
    0.132 -0.000114 -0.000196 -0.000623  -0.00248 -0.000849 -7.73e-16 -7.73e-16 -2.36e-05 -9.62e-06  2.99e-16 -0.000221  -0.00115 -0.000128 -0.000435 -7.22e-05 -9.19e-05 -0.000746  -0.00161   0.00092  0.000174   0.00388   0.00182  2.51e-05  -0.00994   0.00137   0.00244  0.000448  0.000611  -0.00112  0.000727  0.000978  0.000544  0.000459  -0.00673   0.00162 -1.48e-07  9.18e-05 -0.000164  -0.00226  3.15e-07  0.000618  -0.00233  -0.00689     0.005   -0.0527  4.91e-05 -0.000542   -0.0167   -0.0261  -0.00684         1  -0.00797    -0.013  -0.00229  -0.00511  -0.00847  -0.00318  -0.00505  -0.00365   -0.0047   0.00422 -0.000512  -0.00011  5.97e-05  0.000207   -0.0316  -0.00283  -0.00434 -0.000143 -0.000177 -1.77e-05 -1.76e-06 -7.82e-08 -1.13e-08  -0.00265 -8.29e-05  -0.00015 -6.36e-05 -0.000324  -0.00038 -0.000142  1.05e-05  5.68e-05  0.000442  0.000156    0.0457 -0.000481  8.48e-05 -0.000515   0.00113 -0.000304  -0.00121   0.00366  -0.00493 -0.000285   0.00275   0.00122   0.00478  0.000185  8.21e-05   0.00124   0.00019 -9.73e-06   0.00405   0.00118   2.6e-05  -0.00425
  -0.0643 -0.000337  -0.00147  -0.00387  -0.00998    -0.003 -2.33e-15 -2.33e-15  6.82e-05  0.000269  1.95e-16  -0.00149   -0.0046 -0.000519  -0.00251 -0.000342 -0.000439  -0.00303  -0.00637  -0.00197 -0.000327   -0.0066  -0.00511  -0.00151   -0.0187 -0.000328  -0.00461  -0.00146  -0.00068  -0.00124   -0.0001  -0.00173  -0.00344   -0.0014   -0.0165  -0.00725 -5.47e-07 -0.000234 -0.000489  -0.00265 -9.69e-06 -0.000472   0.00461    0.0186  -0.00512  -0.00776  2.64e-05  0.000294   -0.0622    -0.102   -0.0362  -0.00797         1   -0.0508  -0.00597   -0.0142   -0.0316  -0.00354   -0.0133   -0.0186  -0.00746   0.00534  -0.00173  -0.00287 -0.000438 -0.000966   -0.0417   -0.0356   -0.0171  -0.00051 -0.000406 -3.61e-05  4.09e-06 -6.18e-08 -3.21e-08  -0.00147  -0.00222  -0.00117  0.000179  5.07e-05   0.00172  8.87e-05 -9.06e-06  -0.00131  -0.00157 -0.000647    0.0936  -0.00378   0.00308    0.0405   -0.0306    0.0258    0.0172   -0.0231   0.00167 -0.000905   -0.0191  -0.00176  -0.00974  -0.00169 -2.44e-05  -0.00189  -0.00012  8.43e-06   -0.0108  -0.00221  0.000258   -0.0184
  -0.0797 -0.000824  -0.00229  -0.00556   -0.0158  -0.00487 -4.13e-15 -4.13e-15  8.93e-05  0.000361  5.58e-16  -0.00213  -0.00733 -0.000823  -0.00368  -0.00052  -0.00067  -0.00477   -0.0101 -2.38e-05  -0.00031    0.0014   -0.0019  -0.00064  -0.00848   0.00229  -0.00333 -0.000868    0.0011 -0.000883   0.00122  -0.00117  -0.00332  -0.00063    -0.014  -0.00302 -1.59e-06  -0.00057 -0.000835  -0.00178  7.98e-06   0.00198   0.00486    0.0211  -0.00679  -0.00577  0.000329  -0.00713    -0.116    -0.182   -0.0639    -0.013   -0.0508         1   -0.0148   -0.0218   -0.0552  -0.00505   -0.0205   -0.0273   -0.0113  -0.00382  -0.00398  -0.00435  -0.00126 -0.000829   -0.0613   -0.0495   -0.0264  -0.00108 -0.000781 -4.14e-05  2.86e-06  4.74e-08 -5.27e-08  -0.00915  -0.00251  -0.00196  0.000214  -0.00819   0.00249  0.000554  9.86e-06 -0.000593  -0.00448  -0.00166    0.0832  -0.00608  -0.00159    0.0257   -0.0334  -0.00187    0.0114   -0.0266   -0.0341  -0.00136   -0.0313   -0.0089   -0.0203  -0.00332  8.25e-05  -0.00577 -0.000532 -1.38e-05   -0.0289  -0.00818 -0.000775     -0.03
  -0.0432 -0.000224 -0.000313 -0.000488  -0.00235 -0.000788 -7.59e-16 -7.59e-16  1.62e-05  2.19e-05  3.73e-17 -0.000191  -0.00113 -0.000125 -0.000383  -6.5e-05 -8.52e-05 -0.000709  -0.00155   0.00082   1.8e-05   0.00559    0.0016   0.00054   0.00112   0.00176  0.000712  0.000451   0.00133 -0.000236  0.000831  0.000228  0.000279  0.000488  0.000748    0.0024 -4.03e-07 -0.000246 -6.64e-05 -0.000188  1.82e-05   0.00186  -0.00193  -0.00515  -0.00185   -0.0122  0.000215  -0.00479   -0.0246   -0.0363   -0.0123  -0.00229  -0.00597   -0.0148         1   -0.0023   -0.0097 -0.000639  -0.00261  -0.00313  -0.00193  -0.00658  -0.00104 -0.000516 -0.000554  0.000295  -0.00975  -0.00334  -0.00434 -0.000261   -0.0002  4.36e-06  4.69e-07  2.47e-07  3.92e-09  -0.00439  0.000309 -0.000358  5.78e-06  -0.00449  0.000378  0.000359  3.83e-05   0.00112  -0.00152  -0.00046   -0.0173 -9.88e-05  -0.00231   -0.0118  0.000549   -0.0161   -0.0046  1.05e-05   -0.0211 -0.000139  -0.00317  -0.00374  -0.00466 -0.000608  6.75e-05  -0.00184 -0.000183 -1.06e-05  -0.00818  -0.00305 -0.000659   -0.0049
   0.0428 -0.000245 -0.000767  -0.00213  -0.00519   -0.0016 -1.27e-15 -1.27e-15 -3.15e-05 -1.35e-05  5.83e-16 -0.000783  -0.00234 -0.000264  -0.00134 -0.000183 -0.000233  -0.00154  -0.00327   0.00106  0.000184  -0.00127    0.0017 -0.000283    0.0022 -0.000291   0.00257  6.31e-05 -0.000902 -0.000189  -6.6e-06   0.00103  0.000176  0.000133  -0.00603   0.00144 -9.81e-07  7.12e-05 -0.000369 -0.000776 -1.96e-05  -0.00146   0.00219   0.00849   0.00741   -0.0172 -0.000111 -0.000238   -0.0252   -0.0387    -0.012  -0.00511   -0.0142   -0.0218   -0.0023         1   -0.0137  -0.00317  -0.00691  -0.00678  -0.00461   0.00802  -0.00103  -0.00103 -0.000177 -0.000546   -0.0314   -0.0169  -0.00609 -0.000592 -0.000178 -4.37e-05 -3.81e-06 -5.51e-07 -5.74e-08  -0.00353   -0.0019 -0.000413 -3.83e-05  -0.00239 -0.000566 -0.000482 -9.63e-05  -0.00221 -0.000619 -0.000501    0.0524  -0.00321 -9.07e-05    0.0106  0.000787   0.00602   0.00208   0.00271   0.00103 -0.000458   -0.0125  -0.00184  -0.00415  -0.00131 -4.89e-05  -0.00147 -0.000363 -1.53e-05  -0.00706 -0.000914 -0.000142  -0.00943
  -0.0561 -0.000521  -0.00127  -0.00268  -0.00833   -0.0026 -2.59e-15 -2.59e-15   7.3e-05  0.000249  4.89e-16  -0.00104  -0.00392 -0.000438  -0.00181 -0.000264 -0.000342  -0.00254  -0.00541  0.000512 -0.000158   0.00368 -0.000106 -7.75e-05  -0.00256   0.00224   -0.0019 -0.000262   0.00147 -0.000324   0.00136 -0.000609  -0.00204  -0.00018  -0.00508 -0.000361 -6.33e-07 -0.000261 -0.000493 -0.000604  1.12e-05   0.00218   0.00343    0.0137  -0.00444  0.000862   0.00031  -0.00467   -0.0738    -0.115   -0.0408  -0.00847   -0.0316   -0.0552   -0.0097   -0.0137         1  -0.00313    -0.013   -0.0171  -0.00669  -0.00412  -0.00209  -0.00224 -0.000228 -7.67e-05   -0.0353   -0.0246   -0.0153 -0.000173 -0.000497 -6.78e-06   1.9e-06  2.04e-08 -2.74e-08  -0.00441 -0.000688  -0.00117  0.000129  -0.00347   0.00185  0.000499  4.03e-05  0.000174  -0.00208 -0.000571     0.055  -0.00368  -0.00144    0.0122   -0.0205  -0.00474   0.00653   -0.0179    -0.024 -0.000796   -0.0119  -0.00326  -0.00684  -0.00135   0.00013  -0.00182 -1.57e-05  -5.6e-06   -0.0113  -0.00375 -0.000243   -0.0157
-0.000897 -5.92e-05 -0.000137 -0.000636  -0.00189 -0.000629 -4.17e-16 -4.17e-16 -3.87e-05 -5.27e-05  2.29e-16 -0.000223 -0.000845 -9.47e-05 -0.000413 -6.18e-05 -7.78e-05 -0.000552  -0.00119  0.000816  0.000188   0.00184   0.00171 -7.17e-06  -0.00487  0.000513   0.00267  0.000367 -7.07e-05 -0.000716  0.000203   0.00103  0.000829  0.000409    -0.005   0.00165 -3.29e-07  8.02e-05 -0.000116  -0.00152 -5.59e-06 -0.000296  -0.00164  -0.00492   0.00605    -0.039 -4.72e-05  0.000216  -0.00571  -0.00853 -0.000984  -0.00318  -0.00354  -0.00505 -0.000639  -0.00317  -0.00313         1  -0.00283  -0.00124  -0.00319   0.00532 -0.000412 -7.29e-05 -0.000144 -4.73e-05   -0.0231    -0.003   -0.0022 -0.000343 -8.15e-05 -2.47e-05 -2.24e-06  -1.3e-07 -1.52e-08  -0.00252 -0.000527 -3.12e-05 -7.02e-05 -0.000994 -0.000726 -0.000283 -2.31e-05  -0.00046  0.000188 -6.79e-05    0.0338 -0.000388  0.000254 -8.34e-05   0.00479   0.00137  -0.00171   0.00684 -0.000117  -0.00018  -0.00105  4.95e-05   0.00157 -0.000169   1.2e-05  0.000221 -3.56e-05 -1.08e-05  0.000684  0.000606 -9.53e-05  -0.00327
    0.012 -0.000151  -0.00047  -0.00153  -0.00423  -0.00133 -1.04e-15 -1.04e-15 -1.28e-05  6.29e-05  2.91e-16 -0.000566  -0.00193 -0.000217 -0.000992  -0.00014 -0.000179  -0.00127  -0.00269  0.000264  1.95e-05  -0.00018 -1.06e-05 -0.000385  -0.00845  0.000441  0.000579 -0.000148 -0.000126 -0.000738  0.000251  0.000329  -0.00045 -5.84e-05  -0.00817  -0.00101 -3.43e-07  5.69e-05 -0.000301  -0.00169 -9.57e-06 -0.000212  0.000414   0.00244   0.00255   -0.0292 -2.65e-05  0.000311   -0.0245   -0.0395   -0.0125  -0.00505   -0.0133   -0.0205  -0.00261  -0.00691    -0.013  -0.00283         1  -0.00676  -0.00454   0.00484 -0.000874  -0.00088 -7.09e-05 -0.000285   -0.0292   -0.0122  -0.00657 -0.000321 -0.000188 -2.66e-05  -1.5e-06 -1.97e-07 -2.38e-08  -0.00202 -0.000909 -0.000353  9.05e-07 -0.000426   3.6e-05 -0.000181 -1.98e-05 -0.000788 -0.000117 -0.000156    0.0515  -0.00183  0.000324   0.00915  -0.00713   0.00461   0.00313  -0.00358  -0.00184 -0.000441  -0.00508  4.71e-05 -0.000235 -0.000459   3.5e-05   2.2e-05  4.14e-05  -6.6e-06  -0.00148  1.44e-05  0.000112  -0.00757
  -0.0491 -0.000128 -0.000727  -0.00175  -0.00462  -0.00137 -1.11e-15 -1.11e-15  7.01e-05  0.000198  -8.8e-17 -0.000683  -0.00216 -0.000243  -0.00114 -0.000156   -0.0002  -0.00142  -0.00297  -0.00217 -0.000347   -0.0055  -0.00503  -0.00114   -0.0176  -0.00045  -0.00493   -0.0012 -0.000243 -0.000966 -7.76e-05  -0.00188  -0.00285  -0.00127   -0.0108  -0.00688  1.43e-07 -0.000146 -0.000208  -0.00194 -1.37e-06  8.09e-05   0.00218   0.00943  -0.00814 -0.000208  5.51e-05  0.000122   -0.0335   -0.0568   -0.0209  -0.00365   -0.0186   -0.0273  -0.00313  -0.00678   -0.0171  -0.00124  -0.00676         1  -0.00334  0.000175 -0.000537   -0.0015  2.32e-05 -0.000405   -0.0161   -0.0179  -0.00931  8.27e-05  -0.00022    -2e-06  4.11e-06  3.44e-08 -5.59e-09   0.00151 -0.000695 -0.000652  0.000143   0.00226   0.00153   0.00023  2.45e-05 -0.000299 -0.000429 -5.23e-05    0.0372  -0.00173   0.00211    0.0253   -0.0241    0.0172    0.0121   -0.0202   0.00249 -0.000444  -0.00622   0.00073  -0.00304 -0.000417  3.71e-06 -3.12e-05  0.000144  1.53e-05  -0.00201 -0.000417  0.000435  -0.00842
   0.0749 -0.000111 -0.000378  -0.00142   -0.0041  -0.00131 -7.49e-16 -7.49e-16 -3.84e-05 -4.89e-05  1.03e-16 -0.000519  -0.00185 -0.000209 -0.000932 -0.000135 -0.000171  -0.00121  -0.00259  0.000306  0.000152   0.00144  0.000729 -0.000279   -0.0136  0.000651   0.00237  0.000217 -9.92e-05  -0.00151  0.000132  0.000838  0.000616  0.000271   -0.0107  0.000313 -5.46e-07 -6.02e-05 -0.000146  -0.00299 -2.36e-06 -0.000204  -0.00337  -0.00927   0.00516   -0.0614 -3.65e-05 -0.000803   -0.0149   -0.0236  -0.00559   -0.0047  -0.00746   -0.0113  -0.00193  -0.00461  -0.00669  -0.00319  -0.00454  -0.00334         1   0.00558  -0.00093 -0.000584 -0.000645 -0.000202   -0.0352  -0.00896  -0.00567 -0.000708 -0.000175  -3.7e-05 -1.25e-06  1.43e-08 -1.29e-08  -0.00446 -0.000943 -0.000223 -6.24e-05  -0.00247 -0.000705 -0.000262 -1.76e-05 -0.000275 -0.000468 -0.000377    0.0395 -0.000221  0.000739   0.00292   0.00205   0.00365 -0.000984   0.00623  -0.00294 -0.000309  -0.00521   -0.0016  -0.00199 -0.000627 -7.35e-06 -0.000846 -0.000187  -1.3e-05  -0.00367 -0.000488 -0.000332   -0.0075
    0.129 -4.37e-05  0.000565   0.00338   0.00587   0.00172   4.9e-16   4.9e-16  0.000191  0.000205 -9.36e-16   0.00123   0.00243  0.000279     0.002   0.00025  0.000313   0.00166   0.00347  -0.00261 -0.000733   0.00564   -0.0053  0.000555   -0.0177   0.00245  -0.00946 -0.000382   0.00412  -0.00049   0.00191  -0.00372  -0.00301 -0.000863    0.0065  -0.00584  1.84e-06 -0.000455  0.000392  7.02e-05  6.47e-05    0.0063  -0.00648    -0.019    -0.032    0.0303  0.000712   -0.0117   -0.0195   -0.0315   -0.0153   0.00422   0.00534  -0.00382  -0.00658   0.00802  -0.00412   0.00532   0.00484  0.000175   0.00558         1   0.00101  0.000924  0.000829   0.00194    0.0503    0.0226   0.00163   0.00198 -0.000186  0.000141  7.87e-06  7.44e-07  8.02e-08   0.00486   0.00495 -0.000231  0.000179   0.00243   0.00342   0.00181  0.000235   0.00511 -0.000132   0.00107    -0.186   0.00267  -0.00599   -0.0352   -0.0229   -0.0398  -0.00534   -0.0322   -0.0421  0.000517    0.0271    0.0021   0.00802   0.00238  0.000273    0.0025  0.000826  3.12e-05   0.00914  -0.00152  0.000101   0.00996
 -0.00739 -9.48e-05 -0.000256  -0.00119  -0.00271 -0.000822 -2.91e-16 -2.91e-16 -3.89e-05 -3.36e-05  1.51e-17 -0.000436  -0.00119 -0.000135  -0.00075  -9.9e-05 -0.000126 -0.000774  -0.00166  0.000535  4.42e-05 -0.000286   0.00085  7.51e-05    0.0046 -0.000217    0.0014  5.75e-05 -0.000556   0.00017 -0.000391  0.000546   0.00063  0.000251  -0.00144  0.000829 -7.82e-07 -0.000123 -0.000139  0.000215 -6.84e-06 -0.000715  -0.00014  0.000151   0.00263  -0.00284 -8.95e-05 -0.000959  -0.00588  -0.00792  -0.00218 -0.000512  -0.00173  -0.00398  -0.00104  -0.00103  -0.00209 -0.000412 -0.000874 -0.000537  -0.00093   0.00101         1 -0.000739 -0.000863 -0.000509  -0.00733  -0.00883  -0.00214 -0.000827 -3.59e-05 -2.94e-05 -1.98e-06 -2.14e-08  -1.5e-08   -0.0039  -0.00118  -0.00014 -1.58e-05  -0.00454 -0.000529 -0.000177 -4.95e-05 -0.000648  -0.00147  -0.00084  -0.00344 -0.000731  -0.00111   -0.0033   0.00338   -0.0061  -0.00295    0.0048  -0.00559 -0.000145    -0.012  -0.00467  -0.00915  -0.00128 -6.34e-05  -0.00311 -0.000501 -1.41e-05   -0.0125  -0.00301 -0.000593  -0.00543
 -0.00187  -5.2e-05 -0.000286  -0.00117   -0.0025 -0.000728 -2.25e-16 -2.25e-16 -1.63e-05   2.6e-06 -8.71e-17 -0.000436   -0.0011 -0.000125 -0.000732 -9.36e-05 -0.000119 -0.000724  -0.00153 -0.000379 -6.86e-05  -0.00292  -0.00103 -0.000299 -0.000407 -0.000771 -0.000371 -0.000344 -0.000803 -1.29e-05  -0.00058 -0.000153 -0.000194 -0.000224  -0.00341   -0.0016 -5.33e-07 -0.000122 -0.000113 -0.000148 -8.03e-06 -0.000937  0.000396   0.00223 -0.000367    0.0027   -0.0001 -0.000294  -0.00539  -0.00868  -0.00305  -0.00011  -0.00287  -0.00435 -0.000516  -0.00103  -0.00224 -7.29e-05  -0.00088   -0.0015 -0.000584  0.000924 -0.000739         1 -0.000665 -0.000559  -0.00396  -0.00991  -0.00244 -0.000615  -2.6e-05 -2.24e-05 -5.87e-07 -3.59e-08 -1.22e-08  -0.00198  -0.00113 -0.000174  2.07e-05  -0.00262 -0.000152 -0.000133 -4.35e-05 -0.000743  -0.00114 -0.000657  -0.00389 -0.000787 -0.000194   0.00364  -0.00237  0.000738  0.000638 -0.000701 -0.000596 -0.000139   -0.0109  -0.00337  -0.00815  -0.00106 -7.71e-05   -0.0025 -0.000398 -5.47e-06   -0.0101  -0.00229 -0.000326  -0.00492
  -0.0058 -6.31e-05 -0.000246  -0.00107  -0.00236 -0.000705 -1.59e-16 -1.59e-16 -2.95e-05 -4.39e-05 -9.07e-17 -0.000396  -0.00103 -0.000118 -0.000674  -8.8e-05 -0.000112 -0.000674  -0.00144  0.000101  2.59e-05 -0.000954  0.000184 -3.45e-05   0.00213 -0.000398  0.000922 -2.56e-05 -0.000608 -3.02e-05 -0.000495   0.00029  0.000495  0.000111  -0.00205  0.000247 -6.92e-07 -0.000169 -5.96e-05 -8.59e-05 -3.82e-06 -0.000734 -0.000611  -0.00116   0.00173  -0.00433 -8.23e-05 -0.000962  -0.00275  -0.00333  -0.00068  5.97e-05 -0.000438  -0.00126 -0.000554 -0.000177 -0.000228 -0.000144 -7.09e-05  2.32e-05 -0.000645  0.000829 -0.000863 -0.000665         1 -0.000481  -0.00523  -0.00796  -0.00183 -0.000786 -2.07e-05 -2.62e-05 -8.05e-07  6.08e-08 -8.58e-09  -0.00347  -0.00109 -0.000124 -9.41e-06  -0.00412 -0.000475  -0.00014 -4.13e-05 -0.000461  -0.00145 -0.000801  -0.00745 -0.000218  -0.00044  -0.00123   0.00333  -0.00264  -0.00208   0.00477  -0.00333 -8.28e-05   -0.0114  -0.00451  -0.00928  -0.00121 -8.27e-05  -0.00307 -0.000513 -1.06e-05   -0.0119  -0.00285 -0.000593   -0.0048
 0.000605  -1.5e-05 -0.000173 -0.000919  -0.00173 -0.000494  -6.4e-17  -6.4e-17 -2.47e-05 -1.46e-05 -4.16e-17 -0.000335 -0.000741 -8.47e-05 -0.000557 -6.87e-05 -8.68e-05 -0.000492  -0.00104 -0.000234 -3.69e-05  -0.00312  -0.00072  -0.00028   0.00048 -0.000935   2.1e-05 -0.000287 -0.000932  8.17e-05 -0.000618  2.27e-05 -1.05e-05 -0.000176  -0.00284  -0.00134 -4.56e-07 -4.27e-05 -0.000107 -2.96e-05 -1.14e-05  -0.00118  0.000485   0.00216  0.000674   0.00271 -0.000133  0.000358  2.33e-05 -0.000245     2e-05  0.000207 -0.000966 -0.000829  0.000295 -0.000546 -7.67e-05 -4.73e-05 -0.000285 -0.000405 -0.000202   0.00194 -0.000509 -0.000559 -0.000481         1  -0.00238  -0.00762  -0.00105 -0.000522  1.24e-05 -2.18e-05 -1.38e-06 -1.28e-07  -1.5e-08  -0.00131  -0.00106  -6.6e-05  3.41e-06  -0.00185 -0.000334 -0.000218 -5.24e-05 -0.000949 -0.000719 -0.000511  -0.00336 -0.000808 -0.000199   0.00278 -0.000714    0.0011  0.000206  0.000549     0.002 -9.63e-05  -0.00891  -0.00244  -0.00613 -0.000841 -7.58e-05  -0.00192 -0.000335 -5.38e-06  -0.00759  -0.00152 -0.000206  -0.00338
    0.522 -0.000755  -0.00247   -0.0109   -0.0293  -0.00938 -4.78e-15 -4.78e-15 -0.000429 -0.000576  1.22e-15  -0.00392   -0.0131  -0.00148  -0.00701 -0.000996  -0.00126  -0.00855   -0.0183   0.00507   0.00151   0.00899    0.0107  -0.00139    -0.071   0.00295     0.024   0.00232  -0.00297  -0.00912  -0.00023   0.00887   0.00763    0.0031   -0.0707   0.00821 -5.29e-06 -0.000129  -0.00128   -0.0188 -5.75e-05  -0.00505   -0.0223   -0.0623     0.053    -0.429 -0.000707  -0.00295   -0.0774    -0.118   -0.0206   -0.0316   -0.0417   -0.0613  -0.00975   -0.0314   -0.0353   -0.0231   -0.0292   -0.0161   -0.0352    0.0503  -0.00733  -0.00396  -0.00523  -0.00238         1   -0.0663   -0.0339  -0.00628  -0.00101 -0.000328 -1.95e-05 -6.41e-07 -1.51e-07   -0.0362  -0.00902  -0.00108 -0.000617   -0.0232  -0.00773  -0.00293 -0.000317  -0.00513  -0.00385  -0.00364     0.281  -0.00348   0.00265   0.00626    0.0394    0.0142   -0.0177    0.0685   -0.0138  -0.00217   -0.0522    -0.016   -0.0216  -0.00599 -0.000207  -0.00936  -0.00214 -0.000127   -0.0382  -0.00512  -0.00297   -0.0538
   -0.112 -0.000625   -0.0038   -0.0157   -0.0324  -0.00945 -2.82e-15 -2.82e-15 -0.000271 -0.000132 -6.87e-16  -0.00578   -0.0142  -0.00162   -0.0097  -0.00123  -0.00156  -0.00938   -0.0198  -0.00472 -0.000669   -0.0444   -0.0129  -0.00459   -0.0108   -0.0124    -0.002  -0.00451   -0.0126 -0.000689  -0.00826 -0.000904  -0.00186  -0.00313   -0.0525   -0.0215 -7.31e-06   -0.0012  -0.00164  -0.00359  -0.00014   -0.0155   0.00466    0.0285   0.00282   0.00528  -0.00163  -0.00209   -0.0549     -0.09   -0.0295  -0.00283   -0.0356   -0.0495  -0.00334   -0.0169   -0.0246    -0.003   -0.0122   -0.0179  -0.00896    0.0226  -0.00883  -0.00991  -0.00796  -0.00762   -0.0663         1   -0.0286    -0.008 -0.000272 -0.000321 -1.45e-05 -1.53e-06 -2.26e-07   -0.0244   -0.0161  -0.00201  0.000137   -0.0314  -0.00356  -0.00266  -0.00072    -0.013    -0.013  -0.00818   -0.0448   -0.0127  -0.00236    0.0524   -0.0224    0.0209   0.00803  -0.00208    0.0109  -0.00183    -0.141   -0.0404   -0.0998   -0.0138  -0.00112    -0.031  -0.00532 -7.84e-05    -0.124   -0.0264  -0.00374   -0.0632
  -0.0206 -0.000214  -0.00104  -0.00345  -0.00877  -0.00265  -1.3e-15  -1.3e-15  4.38e-06  7.65e-05 -3.72e-16  -0.00131  -0.00398 -0.000451  -0.00224 -0.000304 -0.000388  -0.00261  -0.00552  -0.00193 -0.000234  -0.00483  -0.00426  -0.00112   -0.0214 -0.000463  -0.00229 -0.000972 -0.000876  -0.00181 -0.000747  -0.00105   -0.0014 -0.000808   -0.0173  -0.00587 -1.02e-06 -0.000491 -0.000237  -0.00348 -3.73e-07 -0.000628  -0.00209  -0.00267  -0.00405   -0.0399 -5.23e-05  -0.00229   -0.0361   -0.0589   -0.0197  -0.00434   -0.0171   -0.0264  -0.00434  -0.00609   -0.0153   -0.0022  -0.00657  -0.00931  -0.00567   0.00163  -0.00214  -0.00244  -0.00183  -0.00105   -0.0339   -0.0286         1  -0.00145 -0.000288 -5.11e-05  3.05e-06  3.48e-07 -6.59e-09   -0.0061  -0.00229   -0.0008  8.66e-05  -0.00568  0.000378  1.06e-05 -2.07e-05 -0.000338  -0.00292  -0.00144    0.0244 -0.000882   0.00154     0.018   -0.0148    0.0104   0.00581   -0.0072   -0.0066 -0.000559   -0.0231  -0.00732    -0.018  -0.00232 -0.000119  -0.00519 -0.000722 -6.72e-06   -0.0216  -0.00521 -0.000788   -0.0169
   0.0462 -5.73e-05 -0.000221  -0.00108  -0.00229 -0.000685 -1.58e-16 -1.58e-16 -3.84e-05 -4.75e-05 -1.35e-17 -0.000395 -0.000991 -0.000113 -0.000673 -8.69e-05  -0.00011 -0.000651  -0.00139  0.000286  4.67e-05  -0.00127   0.00046 -4.64e-05   0.00304 -0.000529   0.00127  -1.1e-05 -0.000766   6.7e-05 -0.000524  0.000466   0.00058  0.000143  -0.00211  0.000362 -7.08e-07 -0.000102 -0.000102  5.35e-06  -8.4e-06    -0.001 -0.000237 -0.000142   0.00275  -0.00425 -0.000116 -0.000453  -0.00157  -0.00155   7.7e-05 -0.000143  -0.00051  -0.00108 -0.000261 -0.000592 -0.000173 -0.000343 -0.000321  8.27e-05 -0.000708   0.00198 -0.000827 -0.000615 -0.000786 -0.000522  -0.00628    -0.008  -0.00145         1 -8.83e-06 -2.92e-05 -1.78e-06 -5.09e-08  -1.5e-08  -0.00322   -0.0012 -8.58e-05 -2.01e-05  -0.00376 -0.000606  -0.00023 -5.46e-05 -0.000785  -0.00121 -0.000747  -0.00304 -0.000575 -0.000582  -0.00118   0.00373   -0.0026  -0.00218   0.00514  -0.00188 -0.000104   -0.0111  -0.00402  -0.00828  -0.00116 -8.06e-05  -0.00279 -0.000485 -1.18e-05   -0.0109  -0.00245 -0.000504  -0.00458
-0.000173 -8.68e-06 -1.97e-05 -3.72e-05 -0.000148 -4.87e-05    -4e-17    -4e-17  1.16e-06  7.22e-07 -2.71e-18 -1.42e-05 -7.04e-05 -7.89e-06 -2.71e-05 -4.33e-06 -5.58e-06 -4.52e-05 -9.74e-05 -1.32e-05  -1.5e-06   0.00013 -2.21e-05 -4.74e-06 -0.000671  5.84e-05 -1.03e-05  4.78e-06  4.48e-05 -6.53e-05  3.15e-05  -9.7e-06 -1.63e-05  3.18e-07 -0.000353 -3.07e-05 -1.02e-08 -1.06e-05 -2.86e-06 -0.000116  7.21e-07  6.61e-05 -0.000179 -0.000467 -0.000149  -0.00197  8.25e-06 -0.000207  -0.00122   -0.0019  -0.00061 -0.000177 -0.000406 -0.000781   -0.0002 -0.000178 -0.000497 -8.15e-05 -0.000188  -0.00022 -0.000175 -0.000186 -3.59e-05  -2.6e-05 -2.07e-05  1.24e-05  -0.00101 -0.000272 -0.000288 -8.83e-06         1  1.01e-09  5.79e-08  7.97e-09  4.21e-11 -0.000162  6.87e-06 -1.91e-05   3.1e-08 -0.000112   1.7e-05  1.15e-05  1.66e-06  3.97e-05 -4.06e-05 -9.87e-06 -0.000323 -1.68e-06 -3.83e-05 -0.000165 -0.000194  -0.00026 -6.11e-05 -0.000142 -0.000684 -9.69e-06 -4.08e-05  -8.4e-05 -8.45e-05 -1.49e-05  2.26e-06 -3.52e-05 -3.44e-06 -2.25e-07 -0.000172  -7.1e-05 -1.79e-05 -0.000287
 0.000574 -1.84e-06  -8.4e-06 -4.37e-05 -8.96e-05 -2.67e-05 -6.63e-18 -6.63e-18 -1.73e-06 -1.96e-06  2.04e-18 -1.59e-05 -3.85e-05 -4.39e-06 -2.69e-05 -3.45e-06 -4.35e-06 -2.54e-05 -5.41e-05  1.45e-05  2.77e-06 -6.47e-05  2.32e-05 -3.99e-06  0.000116 -2.54e-05  6.01e-05 -5.96e-07  -3.6e-05  2.73e-06 -2.17e-05  2.32e-05  2.39e-05  5.49e-06 -0.000101   1.5e-05 -2.73e-08 -1.69e-06    -5e-06 -2.39e-06 -4.73e-07 -4.94e-05  4.67e-06  3.39e-05  0.000152 -0.000233 -5.72e-06  8.87e-06 -2.04e-05 -5.04e-06  2.89e-05 -1.77e-05 -3.61e-05 -4.14e-05  4.36e-06 -4.37e-05 -6.78e-06 -2.47e-05 -2.66e-05    -2e-06  -3.7e-05  0.000141 -2.94e-05 -2.24e-05 -2.62e-05 -2.18e-05 -0.000328 -0.000321 -5.11e-05 -2.92e-05  1.01e-09         1 -8.95e-08 -5.11e-09 -7.68e-10 -0.000113 -5.09e-05 -2.29e-06 -1.11e-06 -0.000125 -2.78e-05 -1.23e-05 -2.49e-06 -4.12e-05  -3.7e-05 -2.62e-05  0.000233 -3.13e-05 -1.31e-05  2.34e-05  0.000153 -1.99e-05 -6.31e-05  0.000216  2.56e-05 -4.96e-06  -0.00042 -0.000131 -0.000278 -4.26e-05 -3.18e-06 -9.42e-05 -1.74e-05 -4.63e-07 -0.000369 -7.41e-05 -1.55e-05 -0.000174
-1.68e-05 -1.58e-07 -5.18e-08 -2.27e-06 -4.06e-06 -1.26e-06 -1.87e-19 -1.87e-19 -2.11e-07 -2.37e-07  7.38e-19 -7.27e-07 -1.63e-06 -1.81e-07 -1.31e-06  -1.6e-07 -1.99e-07 -1.06e-06 -2.32e-06  3.39e-06  3.08e-07 -4.27e-06  5.28e-06  2.32e-07  1.69e-05 -2.43e-06  7.78e-06  5.36e-07 -3.06e-06   1.2e-06 -1.27e-06  3.44e-06  3.14e-06  1.08e-06 -5.45e-06  2.82e-06 -2.19e-09  4.39e-07 -7.81e-07  9.39e-07 -6.69e-08 -4.73e-06 -8.75e-07 -2.28e-06  1.37e-05 -2.19e-05 -6.02e-07  -1.1e-06  8.72e-06  1.72e-05   9.5e-06 -1.76e-06  4.09e-06  2.86e-06  4.69e-07 -3.81e-06   1.9e-06 -2.24e-06  -1.5e-06  4.11e-06 -1.25e-06  7.87e-06 -1.98e-06 -5.87e-07 -8.05e-07 -1.38e-06 -1.95e-05 -1.45e-05  3.05e-06 -1.78e-06  5.79e-08 -8.95e-08         1  -1.6e-09 -1.21e-10 -7.75e-06 -3.49e-06  2.83e-07 -2.28e-07 -8.92e-06  -3.3e-06 -1.48e-06 -3.08e-07 -5.34e-06 -9.37e-07 -1.44e-06 -4.94e-05 -5.79e-06 -8.11e-06 -3.09e-05  1.87e-05 -3.47e-05 -1.74e-05  1.76e-05  -8.8e-06 -3.49e-07 -2.26e-05 -7.02e-06 -1.02e-05 -2.35e-06  -1.4e-07 -4.94e-06 -1.09e-06 -5.53e-08 -2.01e-05 -3.58e-06 -7.39e-07 -7.67e-06
 7.04e-06 -3.55e-09  -1.9e-08 -1.76e-07 -2.19e-07 -5.94e-08 -2.92e-21 -2.92e-21 -1.14e-08 -1.36e-08  6.12e-20 -5.53e-08 -8.29e-08 -9.33e-09 -9.46e-08 -1.01e-08 -1.25e-08 -5.68e-08  -1.2e-07  3.07e-08 -4.31e-09 -1.43e-06 -9.98e-08 -1.14e-07 -4.63e-08 -4.73e-07  1.68e-07 -8.01e-08 -3.97e-07  5.95e-08 -1.67e-07  1.04e-07   4.6e-09 -7.07e-08 -1.19e-06 -5.41e-07 -1.16e-10  5.82e-08 -7.08e-08 -3.74e-08 -7.49e-09 -5.76e-07  1.43e-07  6.74e-07  2.99e-07 -1.72e-09 -6.22e-08   4.1e-08  9.94e-07  1.38e-06  6.21e-07 -7.82e-08 -6.18e-08  4.74e-08  2.47e-07 -5.51e-07  2.04e-08  -1.3e-07 -1.97e-07  3.44e-08  1.43e-08  7.44e-07 -2.14e-08 -3.59e-08  6.08e-08 -1.28e-07 -6.41e-07 -1.53e-06  3.48e-07 -5.09e-08  7.97e-09 -5.11e-09  -1.6e-09         1 -1.33e-11   8.4e-08 -3.03e-07  1.89e-08 -1.25e-08 -4.01e-10 -1.97e-07 -1.42e-07 -3.13e-08  -6.4e-07  1.17e-07 -3.21e-08 -6.19e-06 -7.01e-07 -5.46e-07 -6.86e-07 -3.93e-08 -9.66e-07 -4.48e-07 -3.54e-07  1.13e-06 -2.72e-08 -1.31e-06  1.84e-08 -1.07e-07 -1.11e-07 -1.77e-08 -1.16e-07 -5.86e-08 -2.21e-09 -5.09e-07  7.09e-08  5.36e-08 -3.53e-07
 6.83e-07 -1.97e-09 -6.55e-09 -2.87e-08 -5.29e-08 -1.55e-08 -5.43e-21 -5.43e-21  -1.2e-09 -1.73e-09   5.3e-21    -1e-08 -2.24e-08 -2.55e-09 -1.71e-08 -2.11e-09 -2.65e-09 -1.48e-08 -3.16e-08  1.26e-08  1.57e-09 -8.89e-08  1.58e-08 -4.91e-09   1.2e-07 -3.33e-08  4.02e-08 -2.21e-09 -3.39e-08  8.02e-09 -1.59e-08  1.68e-08  1.23e-08  3.64e-10  -7.1e-08  -1.8e-09 -2.03e-11  1.49e-09 -5.71e-09  5.24e-09 -5.44e-10 -4.87e-08  1.74e-08  7.82e-08  8.52e-08  2.69e-08 -5.01e-09 -1.23e-08 -2.15e-08 -1.46e-08  1.26e-08 -1.13e-08 -3.21e-08 -5.27e-08  3.92e-09 -5.74e-08 -2.74e-08 -1.52e-08 -2.38e-08 -5.59e-09 -1.29e-08  8.02e-08  -1.5e-08 -1.22e-08 -8.58e-09  -1.5e-08 -1.51e-07 -2.26e-07 -6.59e-09  -1.5e-08  4.21e-11 -7.68e-10 -1.21e-10 -1.33e-11         1 -5.47e-08 -3.81e-08 -1.24e-09 -1.13e-09 -6.91e-08 -2.14e-08 -1.19e-08 -2.79e-09 -5.17e-08 -1.57e-08 -1.46e-08 -3.27e-07 -5.44e-08 -4.12e-08 -4.87e-08  9.79e-08 -9.33e-08 -6.18e-08     9e-08  2.43e-08 -3.31e-09 -2.73e-07    -7e-08 -1.48e-07 -2.79e-08 -2.41e-09 -5.54e-08 -1.23e-08 -3.44e-10  -2.2e-07 -3.93e-08 -6.38e-09 -1.01e-07
   0.0209 -0.000451 -0.000966  -0.00382  -0.00924  -0.00288 -1.16e-15 -1.16e-15 -0.000166  -0.00029  3.12e-16   -0.0014  -0.00405  -0.00046  -0.00244 -0.000333 -0.000424  -0.00263  -0.00568   0.00399  0.000594   0.00683   0.00827   0.00125    0.0275  0.000783    0.0102   0.00152  -0.00109  0.000543 -0.000701   0.00372    0.0046   0.00213  0.000709     0.011 -3.33e-06 -0.000545 -0.000314  0.000991 -8.31e-06  -0.00172  -0.00295  -0.00771    0.0187   -0.0346 -0.000195  -0.00618   -0.0188   -0.0199  -0.00292  -0.00265  -0.00147  -0.00915  -0.00439  -0.00353  -0.00441  -0.00252  -0.00202   0.00151  -0.00446   0.00486   -0.0039  -0.00198  -0.00347  -0.00131   -0.0362   -0.0244   -0.0061  -0.00322 -0.000162 -0.000113 -7.75e-06   8.4e-08 -5.47e-08         1  -0.00396 -0.000417 -0.000175   -0.0203  -0.00293 -0.000681 -0.000174  -0.00165  -0.00587  -0.00321  -0.00761  -0.00129  -0.00435   -0.0246    0.0338    -0.029   -0.0184    0.0367   -0.0276 -0.000353   -0.0421   -0.0191   -0.0331  -0.00489  -0.00023    -0.012   -0.0021 -6.67e-05    -0.047   -0.0116  -0.00289   -0.0188
  0.00138 -7.76e-05 -0.000444  -0.00202  -0.00396  -0.00115 -2.65e-16 -2.65e-16 -6.01e-05 -6.73e-05  2.42e-17 -0.000737   -0.0017 -0.000194  -0.00123 -0.000155 -0.000196  -0.00113  -0.00239  4.21e-05  2.67e-05  -0.00518 -0.000274 -0.000405   0.00409  -0.00172   0.00133 -0.000333  -0.00188  0.000198  -0.00117    0.0005   0.00047 -0.000111  -0.00504  -0.00101 -1.17e-06 -0.000102 -0.000224  1.41e-05 -2.29e-05  -0.00249  0.000841     0.004   0.00394   0.00106 -0.000267  0.000139  -0.00152  -0.00186  5.16e-05 -8.29e-05  -0.00222  -0.00251  0.000309   -0.0019 -0.000688 -0.000527 -0.000909 -0.000695 -0.000943   0.00495  -0.00118  -0.00113  -0.00109  -0.00106  -0.00902   -0.0161  -0.00229   -0.0012  6.87e-06 -5.09e-05 -3.49e-06 -3.03e-07 -3.81e-08  -0.00396         1 -0.000156 -2.02e-05  -0.00495 -0.000965 -0.000515 -0.000121  -0.00211   -0.0017  -0.00117  -0.00307  -0.00178 -0.000592   0.00398    0.0031   0.00111  -0.00105   0.00532   0.00277 -0.000204   -0.0198   -0.0058   -0.0134  -0.00197 -0.000167  -0.00438  -0.00081 -1.61e-05   -0.0172  -0.00348 -0.000601  -0.00772
-0.000469 -2.28e-05 -8.92e-05 -0.000226  -0.00056 -0.000167 -9.76e-17 -9.76e-17  3.11e-06  4.85e-06 -1.86e-17  -8.7e-05 -0.000256 -2.91e-05 -0.000147 -1.98e-05 -2.53e-05 -0.000167 -0.000354 -0.000112 -1.62e-05 -0.000323 -0.000241 -5.05e-05 -0.000374 -5.05e-05 -0.000196 -6.05e-05 -5.18e-05 -4.55e-05  -4.6e-05 -9.43e-05  -0.00011 -5.66e-05   -0.0006 -0.000253 -8.96e-08 -4.42e-05 -1.11e-05 -7.42e-05  4.68e-07 -3.18e-05  5.21e-05   0.00046 -0.000421  0.000522  3.26e-06 -0.000334  -0.00283  -0.00442   -0.0016  -0.00015  -0.00117  -0.00196 -0.000358 -0.000413  -0.00117 -3.12e-05 -0.000353 -0.000652 -0.000223 -0.000231  -0.00014 -0.000174 -0.000124  -6.6e-05  -0.00108  -0.00201   -0.0008 -8.58e-05 -1.91e-05 -2.29e-06  2.83e-07  1.89e-08 -1.24e-09 -0.000417 -0.000156         1  8.57e-06 -0.000511  5.73e-05   1.5e-05 -2.66e-06 -3.75e-05 -0.000269 -0.000116 -0.000671 -0.000111  2.87e-05   0.00111  -0.00079  0.000417   0.00038 -0.000568 -0.000766 -2.85e-05  -0.00189 -0.000663  -0.00158 -0.000202 -1.14e-05  -0.00047 -7.11e-05 -3.63e-07  -0.00192 -0.000498 -7.53e-05  -0.00111
 0.000488 -2.93e-06  3.11e-06 -2.22e-06 -1.06e-05 -6.15e-06 -2.66e-18 -2.66e-18 -3.14e-06 -6.82e-06  1.59e-17  5.31e-07 -2.86e-06 -3.08e-07 -1.03e-06 -3.39e-07 -3.77e-07  -1.5e-06 -5.32e-06  9.33e-05  1.58e-05  0.000186    0.0002  2.74e-05  0.000346  2.48e-05  0.000231  4.28e-05 -3.09e-06  2.12e-06  1.04e-05  8.87e-05  9.79e-05  4.61e-05  5.81e-05  0.000242 -2.86e-08  5.42e-06 -3.29e-06 -2.51e-06 -3.09e-07 -2.27e-05 -8.97e-05 -0.000308  0.000432   -0.0013 -3.21e-06 -4.37e-05  0.000253  0.000539  0.000291 -6.36e-05  0.000179  0.000214  5.78e-06 -3.83e-05  0.000129 -7.02e-05  9.05e-07  0.000143 -6.24e-05  0.000179 -1.58e-05  2.07e-05 -9.41e-06  3.41e-06 -0.000617  0.000137  8.66e-05 -2.01e-05   3.1e-08 -1.11e-06 -2.28e-07 -1.25e-08 -1.13e-09 -0.000175 -2.02e-05  8.57e-06         1 -0.000145 -6.49e-05 -1.83e-05 -2.62e-06 -3.27e-05 -1.19e-06 -1.01e-05  0.000174 -1.53e-05 -7.61e-05 -0.000632  0.000759  -0.00047 -0.000375  0.000717 -0.000197  3.58e-07 -5.59e-05 -6.76e-05  3.15e-05 -1.55e-05    -3e-07 -2.73e-05 -1.17e-05 -9.53e-07 -8.44e-05 -6.84e-06 -1.96e-05 -1.85e-05
   0.0534 -0.000507  -0.00115  -0.00454   -0.0103  -0.00315 -1.11e-15 -1.11e-15 -0.000179 -0.000302  2.33e-16  -0.00167  -0.00449 -0.000511  -0.00287 -0.000382 -0.000486  -0.00291  -0.00629   0.00402  0.000518   0.00415   0.00804   0.00132    0.0392 -0.000247   0.00985   0.00129  -0.00191   0.00152  -0.00137   0.00358   0.00465   0.00204   0.00408    0.0109 -3.97e-06 -0.000692 -0.000384    0.0028 -1.56e-05  -0.00269  -0.00106  -0.00129    0.0175  0.000485 -0.000286  -0.00725   -0.0182   -0.0177  -0.00323 -0.000324  5.07e-05  -0.00819  -0.00449  -0.00239  -0.00347 -0.000994 -0.000426   0.00226  -0.00247   0.00243  -0.00454  -0.00262  -0.00412  -0.00185   -0.0232   -0.0314  -0.00568  -0.00376 -0.000112 -0.000125 -8.92e-06 -4.01e-10 -6.91e-08   -0.0203  -0.00495 -0.000511 -0.000145         1  -0.00304  -0.00074 -0.000232  -0.00248  -0.00742  -0.00401   -0.0418  -0.00225  -0.00589   -0.0276     0.035   -0.0357   -0.0201    0.0369   -0.0311 -0.000339   -0.0545   -0.0238   -0.0437  -0.00616 -0.000327   -0.0155  -0.00265 -7.34e-05   -0.0605    -0.015  -0.00338   -0.0214
   0.0062 -3.96e-05 -8.03e-05 -0.000643  -0.00125 -0.000387 -4.73e-17 -4.73e-17 -5.24e-05 -8.86e-05   1.4e-16 -0.000221 -0.000512 -5.85e-05 -0.000386 -4.96e-05 -6.21e-05 -0.000336 -0.000732  0.000908  0.000159  5.71e-05   0.00183  0.000144   0.00514 -0.000354   0.00266    0.0003 -0.000676  0.000134  -0.00033   0.00102   0.00114  0.000419 -0.000778     0.002 -6.47e-07  2.01e-05 -9.58e-05  7.58e-05 -1.07e-05  -0.00107 -0.000553  -0.00168   0.00554   -0.0109 -0.000127 -0.000149   0.00364   0.00724   0.00371  -0.00038   0.00172   0.00249  0.000378 -0.000566   0.00185 -0.000726   3.6e-05   0.00153 -0.000705   0.00342 -0.000529 -0.000152 -0.000475 -0.000334  -0.00773  -0.00356  0.000378 -0.000606   1.7e-05 -2.78e-05  -3.3e-06 -1.97e-07 -2.14e-08  -0.00293 -0.000965  5.73e-05 -6.49e-05  -0.00304         1 -0.000348 -6.39e-05  -0.00097 -0.000575 -0.000493  0.000479 -0.000611 -0.000876  -0.00497   0.00857   -0.0042  -0.00405   0.00899 -0.000565 -4.99e-05   -0.0071  -0.00262  -0.00428 -0.000789 -5.98e-05  -0.00175  -0.00038 -1.44e-05  -0.00658  -0.00123 -0.000392  -0.00244
-0.000268 -4.94e-06 -4.99e-05 -0.000366  -0.00064 -0.000187 -1.59e-17 -1.59e-17 -2.02e-05 -2.57e-05  4.77e-17 -0.000127 -0.000264 -3.01e-05 -0.000215 -2.63e-05 -3.29e-05 -0.000176 -0.000375  0.000129  2.82e-05   -0.0012  0.000164 -9.16e-05  0.000642 -0.000441  0.000627 -3.11e-05 -0.000487  2.86e-05 -0.000255  0.000259  0.000225  1.53e-05  -0.00139 -0.000107 -2.39e-07  2.89e-05 -6.45e-05  -8.1e-05 -7.58e-06 -0.000695  5.58e-05  0.000356    0.0016  -0.00294 -7.96e-05  0.000286    0.0016   0.00257   0.00126 -0.000142  8.87e-05  0.000554  0.000359 -0.000482  0.000499 -0.000283 -0.000181   0.00023 -0.000262   0.00181 -0.000177 -0.000133  -0.00014 -0.000218  -0.00293  -0.00266  1.06e-05  -0.00023  1.15e-05 -1.23e-05 -1.48e-06 -1.42e-07 -1.19e-08 -0.000681 -0.000515   1.5e-05 -1.83e-05  -0.00074 -0.000348         1 -3.41e-05 -0.000632 -0.000127 -0.000179  0.000381  -0.00051 -0.000241  5.89e-05   0.00152   1.8e-05 -0.000659   0.00189   0.00158 -4.17e-05  -0.00332 -0.000752  -0.00168  -0.00032 -3.29e-05 -0.000619 -0.000143 -4.35e-06  -0.00239  -0.00032 -6.59e-05  -0.00119
-0.000213 -3.68e-06 -1.78e-05 -9.13e-05 -0.000163 -4.71e-05 -7.15e-18 -7.15e-18 -3.72e-06 -5.13e-06  6.89e-18 -3.23e-05 -6.86e-05 -7.84e-06 -5.44e-05 -6.63e-06 -8.35e-06 -4.55e-05 -9.67e-05  1.61e-05  2.32e-06 -0.000309  7.09e-06 -1.98e-05  0.000279 -0.000111  9.33e-05 -1.41e-05  -0.00011  1.95e-05 -6.17e-05  3.83e-05   3.4e-05 -4.31e-06 -0.000248    -5e-05 -6.14e-08   6.7e-07 -1.45e-05  1.02e-05 -1.56e-06 -0.000152  3.31e-05  0.000174  0.000212  0.000112 -1.63e-05 -1.47e-05  0.000137  0.000252  0.000132  1.05e-05 -9.06e-06  9.86e-06  3.83e-05 -9.63e-05  4.03e-05 -2.31e-05 -1.98e-05  2.45e-05 -1.76e-05  0.000235 -4.95e-05 -4.35e-05 -4.13e-05 -5.24e-05 -0.000317  -0.00072 -2.07e-05 -5.46e-05  1.66e-06 -2.49e-06 -3.08e-07 -3.13e-08 -2.79e-09 -0.000174 -0.000121 -2.66e-06 -2.62e-06 -0.000232 -6.39e-05 -3.41e-05         1 -0.000142 -6.39e-05 -5.27e-05  -0.00112 -0.000131 -9.53e-05 -7.04e-05  0.000257 -0.000185 -0.000162  0.000284  0.000139 -8.35e-06 -0.000925 -0.000258 -0.000577 -9.25e-05 -8.61e-06 -0.000202 -4.12e-05 -9.62e-07 -0.000786 -0.000149 -2.48e-05 -0.000317
 -0.00123 -3.69e-05   -0.0003  -0.00157  -0.00266  -0.00075 -1.15e-16 -1.15e-16 -5.85e-05 -6.46e-05  1.45e-16 -0.000554  -0.00111 -0.000127 -0.000923  -0.00011 -0.000139 -0.000744  -0.00157 -2.98e-05 -4.08e-06  -0.00687 -0.000628  -0.00055   0.00278  -0.00224  0.000917 -0.000447  -0.00212  0.000323  -0.00115  0.000433  0.000176   -0.0003  -0.00537  -0.00206 -9.07e-07  8.06e-05 -0.000279  5.66e-05 -3.14e-05   -0.0029    0.0013   0.00534   0.00295    0.0049  -0.00031  0.000668   0.00286   0.00415     0.002  5.68e-05  -0.00131 -0.000593   0.00112  -0.00221  0.000174  -0.00046 -0.000788 -0.000299 -0.000275   0.00511 -0.000648 -0.000743 -0.000461 -0.000949  -0.00513    -0.013 -0.000338 -0.000785  3.97e-05 -4.12e-05 -5.34e-06  -6.4e-07 -5.17e-08  -0.00165  -0.00211 -3.75e-05 -3.27e-05  -0.00248  -0.00097 -0.000632 -0.000142         1 -0.000662 -0.000729   -0.0126  -0.00262  -0.00122   0.00299   0.00119  0.000758  -0.00069   0.00185   0.00635 -0.000171   -0.0147   -0.0031  -0.00809  -0.00139 -0.000146  -0.00274 -0.000596 -1.26e-05   -0.0108   -0.0017 -0.000173  -0.00501
   0.0181 -0.000157 -0.000481  -0.00168  -0.00374  -0.00111 -3.82e-16 -3.82e-16 -3.58e-05 -5.95e-05 -6.34e-17 -0.000631  -0.00165 -0.000188  -0.00107  -0.00014 -0.000179  -0.00107   -0.0023  0.000547  6.21e-05 -0.000418   0.00107  0.000191    0.0106 -0.000403    0.0016  8.19e-05 -0.000749  0.000447  -0.00064  0.000505  0.000834  0.000303  0.000539   0.00182 -1.22e-06 -0.000314 -9.03e-05  0.000887 -2.69e-06 -0.000891  0.000331   0.00214   0.00287   0.00988 -8.03e-05  -0.00222  -0.00835   -0.0104  -0.00339  0.000442  -0.00157  -0.00448  -0.00152 -0.000619  -0.00208  0.000188 -0.000117 -0.000429 -0.000468 -0.000132  -0.00147  -0.00114  -0.00145 -0.000719  -0.00385    -0.013  -0.00292  -0.00121 -4.06e-05  -3.7e-05 -9.37e-07  1.17e-07 -1.57e-08  -0.00587   -0.0017 -0.000269 -1.19e-06  -0.00742 -0.000575 -0.000127 -6.39e-05 -0.000662         1  -0.00138   -0.0148 -0.000602  -0.00113  -0.00293   0.00662  -0.00677   -0.0036   0.00777  -0.00823 -0.000118   -0.0197  -0.00809   -0.0165  -0.00215  -0.00013  -0.00545 -0.000893 -1.78e-05   -0.0214  -0.00534  -0.00107  -0.00777
   0.0101 -7.19e-05 -0.000251  -0.00107  -0.00225 -0.000665 -1.76e-16 -1.76e-16 -3.15e-05 -4.13e-05 -1.86e-17 -0.000393 -0.000975 -0.000111 -0.000665 -8.55e-05 -0.000109 -0.000639  -0.00136  0.000281  3.38e-05   -0.0012  0.000452     2e-06   0.00489 -0.000521   0.00105 -1.96e-05 -0.000708  0.000214 -0.000507   0.00037  0.000503  0.000127 -0.000988  0.000517 -7.27e-07 -0.000131 -9.15e-05  0.000325 -6.78e-06 -0.000906   0.00014   0.00109   0.00215   0.00248 -9.75e-05 -0.000784  -0.00271  -0.00309 -0.000745  0.000156 -0.000647  -0.00166  -0.00046 -0.000501 -0.000571 -6.79e-05 -0.000156 -5.23e-05 -0.000377   0.00107  -0.00084 -0.000657 -0.000801 -0.000511  -0.00364  -0.00818  -0.00144 -0.000747 -9.87e-06 -2.62e-05 -1.44e-06 -3.21e-08 -1.46e-08  -0.00321  -0.00117 -0.000116 -1.01e-05  -0.00401 -0.000493 -0.000179 -5.27e-05 -0.000729  -0.00138         1  -0.00741 -0.000616 -0.000714  -0.00133   0.00356  -0.00332  -0.00209   0.00453  -0.00286 -8.94e-05   -0.0117  -0.00438   -0.0091  -0.00124 -8.35e-05  -0.00303 -0.000516 -1.12e-05   -0.0119  -0.00279 -0.000547  -0.00456
    -0.13  -0.00017   0.00034  -0.00235 -0.000476  0.000317   6.8e-15   6.8e-15  0.000101 -0.000815 -7.71e-15 -0.000364   0.00015  1.06e-05  -0.00115  -2.2e-05 -2.09e-05  0.000293    0.0004   -0.0278  -0.00566    -0.103   -0.0626  -0.00851    -0.195   -0.0306   -0.0502   -0.0114   -0.0131  -0.00736   -0.0117   -0.0199   -0.0137    -0.013    -0.109   -0.0991 -4.34e-06  -0.00287  -0.00107   -0.0166 -9.06e-05   -0.0123   -0.0727    -0.186    -0.201  -0.00616  -0.00118   -0.0929    0.0433    0.0528   0.00711    0.0457    0.0936    0.0832   -0.0173    0.0524     0.055    0.0338    0.0515    0.0372    0.0395    -0.186  -0.00344  -0.00389  -0.00745  -0.00336     0.281   -0.0448    0.0244  -0.00304 -0.000323  0.000233 -4.94e-05 -6.19e-06 -3.27e-07  -0.00761  -0.00307 -0.000671  0.000174   -0.0418  0.000479  0.000381  -0.00112   -0.0126   -0.0148  -0.00741         1   -0.0174   -0.0733    -0.297   -0.0987    -0.321   -0.0981    -0.158    -0.205   0.00241   -0.0692    -0.056    -0.109  -0.00882  -0.00135   -0.0414  -0.00748 -3.99e-05    -0.155   -0.0479  -0.00561   -0.0113
   0.0187 -8.88e-05  -0.00031  -0.00145  -0.00264 -0.000758 -3.13e-16 -3.13e-16 -4.58e-05 -1.93e-05  2.38e-16  -0.00051  -0.00113 -0.000128  -0.00086 -0.000104 -0.000132 -0.000748  -0.00158  0.000237 -5.04e-05   -0.0058 -0.000377 -0.000407    0.0048  -0.00183  0.000451 -0.000426   -0.0017  0.000588 -0.000815  0.000338 -0.000108 -0.000269  -0.00378  -0.00193 -8.16e-07  0.000111 -0.000351  0.000543 -2.98e-05  -0.00234   0.00201   0.00749   0.00122    0.0134 -0.000249  -8.1e-05  -0.00458  -0.00735  -0.00245 -0.000481  -0.00378  -0.00608 -9.88e-05  -0.00321  -0.00368 -0.000388  -0.00183  -0.00173 -0.000221   0.00267 -0.000731 -0.000787 -0.000218 -0.000808  -0.00348   -0.0127 -0.000882 -0.000575 -1.68e-06 -3.13e-05 -5.79e-06 -7.01e-07 -5.44e-08  -0.00129  -0.00178 -0.000111 -1.53e-05  -0.00225 -0.000611  -0.00051 -0.000131  -0.00262 -0.000602 -0.000616   -0.0174         1  -0.00228  3.15e-05  -0.00192  -0.00476 -0.000982  -0.00213   0.00121 -0.000223    -0.013  -0.00265  -0.00667  -0.00122 -9.59e-05  -0.00232 -0.000468 -1.23e-05  -0.00985  -0.00177  -7.8e-05  -0.00497
  -0.0271 -0.000154  4.92e-05 -0.000431  -0.00106 -0.000362 -1.18e-16 -1.18e-16 -6.44e-05 -7.65e-05  1.99e-16 -0.000113 -0.000432 -4.62e-05 -0.000256 -3.32e-05 -4.24e-05 -0.000257 -0.000607   0.00169  2.89e-05   0.00133   0.00262  0.000582    0.0102 -0.000135   0.00246   0.00043 -0.000234  0.000805 -3.72e-06   0.00115   0.00127  0.000646   0.00162   0.00188 -8.87e-07  4.41e-05  -0.00031   0.00118 -1.39e-05 -0.000465  -0.00179   -0.0052  0.000219   0.00189 -8.66e-05  -0.00439  -0.00448  -0.00403 -0.000705  8.48e-05   0.00308  -0.00159  -0.00231 -9.07e-05  -0.00144  0.000254  0.000324   0.00211  0.000739  -0.00599  -0.00111 -0.000194  -0.00044 -0.000199   0.00265  -0.00236   0.00154 -0.000582 -3.83e-05 -1.31e-05 -8.11e-06 -5.46e-07 -4.12e-08  -0.00435 -0.000592  2.87e-05 -7.61e-05  -0.00589 -0.000876 -0.000241 -9.53e-05  -0.00122  -0.00113 -0.000714   -0.0733  -0.00228         1   -0.0286   0.00697   -0.0329   -0.0122   0.00369   -0.0204  -6.1e-05  -0.00738   -0.0048  -0.00584 -0.000953  2.96e-06  -0.00287 -0.000482 -2.58e-05    -0.012  -0.00344 -0.000637  -0.00248
  -0.0908 -0.000609   0.00187    0.0044   0.00654   0.00143   5.2e-16   5.2e-16 -0.000295 -0.000613  1.12e-15   0.00183     0.003  0.000356   0.00264  0.000303  0.000384   0.00216   0.00414    0.0136   0.00119    0.0431    0.0271   0.00661    0.0624   0.00883    0.0229   0.00644   0.00629   0.00289   0.00442   0.00936    0.0121   0.00712    0.0345    0.0323 -2.45e-06  0.000193 -0.000382   0.00568   3.6e-05   0.00685   -0.0196   -0.0669    0.0183   -0.0841  0.000491   -0.0244   0.00652    0.0348    0.0197 -0.000515    0.0405    0.0257   -0.0118    0.0106    0.0122 -8.34e-05   0.00915    0.0253   0.00292   -0.0352   -0.0033   0.00364  -0.00123   0.00278   0.00626    0.0524     0.018  -0.00118 -0.000165  2.34e-05 -3.09e-05 -6.86e-07 -4.87e-08   -0.0246   0.00398   0.00111 -0.000632   -0.0276  -0.00497  5.89e-05 -7.04e-05   0.00299  -0.00293  -0.00133    -0.297  3.15e-05   -0.0286         1    0.0827    -0.183   -0.0794    0.0622    -0.125  0.000647    0.0175   -0.0157   0.00329 -0.000168  0.000481  -0.00536  -0.00088 -0.000131   -0.0213   -0.0102  -0.00373   0.00992
    0.257   0.00081  0.000377 -3.75e-05  0.000339  0.000431  8.18e-16  8.18e-16  0.000372   0.00104 -2.71e-15 -5.45e-05  -6.1e-05  1.04e-07  1.19e-05  3.34e-05  4.32e-05 -0.000104  0.000115   -0.0184  -0.00304   -0.0459   -0.0411  -0.00748    -0.147   -0.0074   -0.0395  -0.00854  -0.00206  -0.00591  -0.00237   -0.0146   -0.0176  -0.00925   -0.0613   -0.0596  5.75e-06  0.000173 -0.000312   -0.0122 -2.35e-05  9.14e-05  -0.00199   0.00196   -0.0805   0.00511 -9.13e-05   0.00762   -0.0292   -0.0821   -0.0388   0.00113   -0.0306   -0.0334  0.000549  0.000787   -0.0205   0.00479  -0.00713   -0.0241   0.00205   -0.0229   0.00338  -0.00237   0.00333 -0.000714    0.0394   -0.0224   -0.0148   0.00373 -0.000194  0.000153  1.87e-05 -3.93e-08  9.79e-08    0.0338    0.0031  -0.00079  0.000759     0.035   0.00857   0.00152  0.000257   0.00119   0.00662   0.00356   -0.0987  -0.00192   0.00697    0.0827         1    0.0647    0.0549     -0.14    0.0398 -0.000601    0.0363    0.0253    0.0263    0.0058  0.000196    0.0135   0.00311  0.000149     0.048    0.0117   0.00546   0.00266
  -0.0591 -0.000896   0.00107   0.00105 -0.000662 -0.000646 -5.57e-16 -5.57e-16  -0.00032 -0.000411  1.16e-15  0.000579 -0.000202 -4.27e-06  0.000555  3.85e-05   4.4e-05  7.13e-05  -0.00029    0.0137  0.000769    0.0363    0.0251   0.00635    0.0819   0.00728    0.0199   0.00529    0.0047   0.00505   0.00324   0.00858    0.0106   0.00658    0.0354    0.0282 -3.93e-06 -5.13e-05  -0.00102   0.00925  7.53e-06   0.00519   -0.0124   -0.0426    0.0124  -0.00595   0.00029   -0.0254   -0.0276   -0.0185   -0.0017 -0.000304    0.0258  -0.00187   -0.0161   0.00602  -0.00474   0.00137   0.00461    0.0172   0.00365   -0.0398   -0.0061  0.000738  -0.00264    0.0011    0.0142    0.0209    0.0104   -0.0026  -0.00026 -1.99e-05 -3.47e-05 -9.66e-07 -9.33e-08    -0.029   0.00111  0.000417  -0.00047   -0.0357   -0.0042   1.8e-05 -0.000185  0.000758  -0.00677  -0.00332    -0.321  -0.00476   -0.0329    -0.183    0.0647         1   -0.0777    0.0466    -0.141  6.14e-05   -0.0164   -0.0262   -0.0219  -0.00336   0.00038    -0.013  -0.00181 -0.000148   -0.0546   -0.0187  -0.00447   -0.0045
  0.00741  -0.00041  0.000265 -0.000296   -0.0017 -0.000745 -2.06e-16 -2.06e-16 -0.000226 -0.000443  7.59e-16  -1.5e-05 -0.000644 -6.91e-05 -0.000215  -4.6e-05 -5.81e-05 -0.000347 -0.000956   0.00766  0.000899    0.0186    0.0156   0.00311    0.0426   0.00307    0.0156   0.00336   0.00108   0.00163   0.00099    0.0061   0.00756   0.00393    0.0142    0.0192 -2.79e-06 -6.53e-05 -0.000309   0.00299 -2.13e-06  0.000515  -0.00783   -0.0263    0.0218   -0.0488 -3.96e-05   -0.0104   0.00374    0.0204    0.0126  -0.00121    0.0172    0.0114   -0.0046   0.00208   0.00653  -0.00171   0.00313    0.0121 -0.000984  -0.00534  -0.00295  0.000638  -0.00208  0.000206   -0.0177   0.00803   0.00581  -0.00218 -6.11e-05 -6.31e-05 -1.74e-05 -4.48e-07 -6.18e-08   -0.0184  -0.00105   0.00038 -0.000375   -0.0201  -0.00405 -0.000659 -0.000162  -0.00069   -0.0036  -0.00209   -0.0981 -0.000982   -0.0122   -0.0794    0.0549   -0.0777         1    0.0486   -0.0518  0.000103   -0.0159   -0.0149   -0.0144  -0.00262  1.48e-05  -0.00786  -0.00148 -8.66e-05   -0.0303  -0.00863  -0.00278  -0.00462
    0.167  0.000733  0.000721   0.00257   0.00621   0.00217  1.13e-15  1.13e-15  0.000428  0.000981 -2.29e-15  0.000915   0.00252  0.000292   0.00165  0.000248  0.000314    0.0016    0.0037   -0.0166  -0.00286   -0.0394    -0.037  -0.00624    -0.126  -0.00625   -0.0383  -0.00752 -0.000377  -0.00435  -0.00102   -0.0141   -0.0169  -0.00857   -0.0442    -0.053  6.26e-06   0.00032 -0.000107   -0.0089 -5.36e-06   0.00194 -0.000434   0.00548   -0.0817    0.0508  0.000192   0.00366   -0.0241   -0.0698    -0.036   0.00366   -0.0231   -0.0266  1.05e-05   0.00271   -0.0179   0.00684  -0.00358   -0.0202   0.00623   -0.0322    0.0048 -0.000701   0.00477  0.000549    0.0685  -0.00208   -0.0072   0.00514 -0.000142  0.000216  1.76e-05 -3.54e-07     9e-08    0.0367   0.00532 -0.000568  0.000717    0.0369   0.00899   0.00189  0.000284   0.00185   0.00777   0.00453    -0.158  -0.00213   0.00369    0.0622     -0.14    0.0466    0.0486         1    0.0296 -0.000155    0.0529    0.0287    0.0373   0.00713  0.000306    0.0163   0.00345  0.000153    0.0596    0.0135   0.00565    0.0136
     0.41  -0.00102 -0.000193  0.000218  -0.00509    -0.002 -2.06e-15 -2.06e-15 -6.87e-05 -0.000166   2.8e-16  0.000107  -0.00248 -0.000268  -0.00019 -9.15e-05 -0.000127  -0.00144  -0.00341   0.00873  0.000505    0.0396    0.0174   0.00518    0.0424    0.0102    0.0117   0.00437   0.00761    0.0013   0.00447   0.00453    0.0065   0.00498    0.0245    0.0235 -2.66e-06  -0.00104 -0.000251    0.0038  9.07e-05      0.01   -0.0141   -0.0443 -0.000105   -0.0458     0.001   -0.0273   -0.0775    -0.101   -0.0322  -0.00493   0.00167   -0.0341   -0.0211   0.00103    -0.024 -0.000117  -0.00184   0.00249  -0.00294   -0.0421  -0.00559 -0.000596  -0.00333     0.002   -0.0138    0.0109   -0.0066  -0.00188 -0.000684  2.56e-05  -8.8e-06  1.13e-06  2.43e-08   -0.0276   0.00277 -0.000766 -0.000197   -0.0311 -0.000565   0.00158  0.000139   0.00635  -0.00823  -0.00286    -0.205   0.00121   -0.0204    -0.125    0.0398    -0.141   -0.0518    0.0296         1 -7.32e-05   -0.0109   -0.0243   -0.0244  -0.00295  0.000404   -0.0116  -0.00134 -9.46e-05   -0.0487   -0.0183  -0.00451   -0.0129
  0.00748 -1.07e-05  -4.6e-05 -0.000227 -0.000519 -0.000156 -6.94e-17 -6.94e-17 -5.37e-06  2.68e-06  8.69e-18 -8.29e-05 -0.000229 -2.58e-05 -0.000142 -1.87e-05 -2.37e-05 -0.000151 -0.000319 -4.96e-06 -6.15e-06 -0.000412 -9.42e-05 -5.79e-05  -0.00049 -9.09e-05  4.64e-05 -4.87e-05 -0.000133 -3.15e-05 -7.25e-05  3.18e-05 -1.81e-05 -2.05e-05 -0.000935 -0.000269 -8.72e-08 -1.68e-06 -3.74e-05 -0.000107 -2.31e-06  -0.00017  5.48e-05  0.000312   0.00023  -0.00168 -2.17e-05  7.47e-05  -0.00148  -0.00244 -0.000753 -0.000285 -0.000905  -0.00136 -0.000139 -0.000458 -0.000796  -0.00018 -0.000441 -0.000444 -0.000309  0.000517 -0.000145 -0.000139 -8.28e-05 -9.63e-05  -0.00217  -0.00183 -0.000559 -0.000104 -9.69e-06 -4.96e-06 -3.49e-07 -2.72e-08 -3.31e-09 -0.000353 -0.000204 -2.85e-05  3.58e-07 -0.000339 -4.99e-05 -4.17e-05 -8.35e-06 -0.000171 -0.000118 -8.94e-05   0.00241 -0.000223  -6.1e-05  0.000647 -0.000601  6.14e-05  0.000103 -0.000155 -7.32e-05         1   -0.0016 -0.000382 -0.000927 -0.000149 -7.05e-06 -0.000289 -4.38e-05  -1.4e-06  -0.00126 -0.000247 -2.65e-05 -0.000972
    0.122 -0.000988  -0.00427   -0.0177   -0.0358   -0.0104  -2.8e-15  -2.8e-15 -0.000459 -0.000525 -1.03e-16  -0.00653   -0.0155  -0.00177   -0.0109  -0.00139  -0.00176   -0.0102   -0.0217   0.00199  0.000253   -0.0332   0.00143  -0.00166    0.0699   -0.0118    0.0117  -0.00197   -0.0138   0.00369  -0.00929   0.00415   0.00503  0.000189   -0.0227 -0.000235  -1.1e-05   -0.0017  -0.00165   0.00503 -0.000146   -0.0177   0.00945    0.0409    0.0308    0.0805  -0.00185  -0.00568   -0.0381   -0.0476   -0.0133   0.00275   -0.0191   -0.0313  -0.00317   -0.0125   -0.0119  -0.00105  -0.00508  -0.00622  -0.00521    0.0271    -0.012   -0.0109   -0.0114  -0.00891   -0.0522    -0.141   -0.0231   -0.0111 -4.08e-05  -0.00042 -2.26e-05 -1.31e-06 -2.73e-07   -0.0421   -0.0198  -0.00189 -5.59e-05   -0.0545   -0.0071  -0.00332 -0.000925   -0.0147   -0.0197   -0.0117   -0.0692    -0.013  -0.00738    0.0175    0.0363   -0.0164   -0.0159    0.0529   -0.0109   -0.0016         1   -0.0626    -0.139   -0.0192  -0.00143   -0.0452  -0.00784 -0.000151    -0.178   -0.0398  -0.00715   -0.0716
   0.0429 -0.000461  -0.00137  -0.00538   -0.0116  -0.00347 -1.01e-15 -1.01e-15 -0.000159 -0.000253 -8.33e-17  -0.00199  -0.00507 -0.000579  -0.00338 -0.000439 -0.000559  -0.00331   -0.0071   0.00224   0.00027  -0.00246   0.00421  0.000565    0.0331  -0.00186   0.00668  0.000377  -0.00301    0.0014  -0.00228   0.00231   0.00333   0.00114 -0.000502   0.00586 -4.05e-06  -0.00083 -0.000397   0.00248 -2.29e-05  -0.00384  3.44e-05   0.00341     0.012    0.0175 -0.000395  -0.00653   -0.0179   -0.0196  -0.00507   0.00122  -0.00176   -0.0089  -0.00374  -0.00184  -0.00326  4.95e-05  4.71e-05   0.00073   -0.0016    0.0021  -0.00467  -0.00337  -0.00451  -0.00244    -0.016   -0.0404  -0.00732  -0.00402  -8.4e-05 -0.000131 -7.02e-06  1.84e-08    -7e-08   -0.0191   -0.0058 -0.000663 -6.76e-05   -0.0238  -0.00262 -0.000752 -0.000258   -0.0031  -0.00809  -0.00438    -0.056  -0.00265   -0.0048   -0.0157    0.0253   -0.0262   -0.0149    0.0287   -0.0243 -0.000382   -0.0626         1   -0.0506  -0.00681 -0.000428   -0.0171  -0.00289 -6.48e-05   -0.0669   -0.0163  -0.00335   -0.0241
   0.0606 -0.000766  -0.00316   -0.0125   -0.0257  -0.00751 -1.85e-15 -1.85e-15 -0.000277  -0.00037 -6.89e-16  -0.00463   -0.0112  -0.00128  -0.00777  -0.00099  -0.00126  -0.00737   -0.0157  0.000482  2.23e-05   -0.0207 -0.000247 -0.000799    0.0498   -0.0075    0.0063  -0.00138  -0.00868   0.00243  -0.00653   0.00188   0.00342  0.000129   -0.0127 -3.83e-05 -7.96e-06  -0.00176 -0.000874   0.00391 -7.04e-05   -0.0107   0.00384     0.021     0.014    0.0687  -0.00108  -0.00893    -0.033   -0.0413   -0.0133   0.00478  -0.00974   -0.0203  -0.00466  -0.00415  -0.00684   0.00157 -0.000235  -0.00304  -0.00199   0.00802  -0.00915  -0.00815  -0.00928  -0.00613   -0.0216   -0.0998    -0.018  -0.00828 -8.45e-05 -0.000278 -1.02e-05 -1.07e-07 -1.48e-07   -0.0331   -0.0134  -0.00158  3.15e-05   -0.0437  -0.00428  -0.00168 -0.000577  -0.00809   -0.0165   -0.0091    -0.109  -0.00667  -0.00584   0.00329    0.0263   -0.0219   -0.0144    0.0373   -0.0244 -0.000927    -0.139   -0.0506         1   -0.0145  -0.00105   -0.0357  -0.00601 -0.000105     -0.14    -0.033  -0.00607   -0.0526
    0.013 -0.000123 -0.000454  -0.00177  -0.00366  -0.00108 -3.26e-16 -3.26e-16 -4.76e-05 -6.82e-05  1.63e-17 -0.000652  -0.00159 -0.000182   -0.0011  -0.00014 -0.000179  -0.00104  -0.00222  0.000441  6.54e-05   -0.0024  0.000722 -4.04e-05   0.00863 -0.000988   0.00169 -5.63e-05  -0.00125  0.000397 -0.000841  0.000588  0.000738  0.000156  -0.00147  0.000877 -1.19e-06 -0.000196 -0.000152    0.0006 -1.24e-05  -0.00164  0.000712   0.00337   0.00381   0.00678 -0.000165  -0.00112  -0.00476  -0.00562  -0.00148  0.000185  -0.00169  -0.00332 -0.000608  -0.00131  -0.00135 -0.000169 -0.000459 -0.000417 -0.000627   0.00238  -0.00128  -0.00106  -0.00121 -0.000841  -0.00599   -0.0138  -0.00232  -0.00116 -1.49e-05 -4.26e-05 -2.35e-06 -1.11e-07 -2.79e-08  -0.00489  -0.00197 -0.000202 -1.55e-05  -0.00616 -0.000789  -0.00032 -9.25e-05  -0.00139  -0.00215  -0.00124  -0.00882  -0.00122 -0.000953 -0.000168    0.0058  -0.00336  -0.00262   0.00713  -0.00295 -0.000149   -0.0192  -0.00681   -0.0145         1 -0.000144  -0.00479  -0.00084 -1.73e-05   -0.0188  -0.00431 -0.000834  -0.00738
-0.000103 -3.32e-06 -3.42e-05 -0.000136 -0.000247 -6.96e-05 -5.56e-18 -5.56e-18 -2.98e-06 -6.01e-06 -9.24e-18 -4.99e-05 -0.000106 -1.22e-05 -8.24e-05 -1.01e-05 -1.28e-05 -7.04e-05 -0.000148 -4.86e-05 -1.67e-06 -0.000495 -0.000104 -4.22e-05  0.000137  -0.00016  2.36e-05 -3.73e-05 -0.000149  3.54e-06   -0.0001  3.94e-07  1.05e-05 -2.86e-05 -0.000389  -0.00015 -7.88e-08 -1.33e-05 -8.32e-06 -1.16e-05  -1.4e-06 -0.000191  3.55e-05  0.000244  0.000126  0.000429 -1.87e-05 -2.39e-05   0.00018  0.000296  0.000123  8.21e-05 -2.44e-05  8.25e-05  6.75e-05 -4.89e-05   0.00013   1.2e-05   3.5e-05  3.71e-06 -7.35e-06  0.000273 -6.34e-05 -7.71e-05 -8.27e-05 -7.58e-05 -0.000207  -0.00112 -0.000119 -8.06e-05  2.26e-06 -3.18e-06  -1.4e-07 -1.77e-08 -2.41e-09  -0.00023 -0.000167 -1.14e-05    -3e-07 -0.000327 -5.98e-05 -3.29e-05 -8.61e-06 -0.000146  -0.00013 -8.35e-05  -0.00135 -9.59e-05  2.96e-06  0.000481  0.000196   0.00038  1.48e-05  0.000306  0.000404 -7.05e-06  -0.00143 -0.000428  -0.00105 -0.000144         1 -0.000334 -6.43e-05 -7.71e-07  -0.00127 -0.000259  -4.5e-05 -0.000493
   0.0252 -0.000283 -0.000997  -0.00399  -0.00833  -0.00245 -6.32e-16 -6.32e-16 -0.000108 -0.000161 -1.19e-16  -0.00147  -0.00362 -0.000414  -0.00249 -0.000319 -0.000405  -0.00237  -0.00506  0.000854  9.98e-05  -0.00505   0.00136  5.83e-07    0.0195  -0.00215   0.00349 -0.000131   -0.0027  0.000893  -0.00197   0.00117   0.00175  0.000381  -0.00296   0.00176 -2.78e-06 -0.000549  -0.00031   0.00144 -2.34e-05  -0.00342  0.000594   0.00461   0.00672    0.0165  -0.00035  -0.00372   -0.0104   -0.0116  -0.00315   0.00124  -0.00189  -0.00577  -0.00184  -0.00147  -0.00182  0.000221   2.2e-05 -3.12e-05 -0.000846    0.0025  -0.00311   -0.0025  -0.00307  -0.00192  -0.00936    -0.031  -0.00519  -0.00279 -3.52e-05 -9.42e-05 -4.94e-06 -1.16e-07 -5.54e-08    -0.012  -0.00438  -0.00047 -2.73e-05   -0.0155  -0.00175 -0.000619 -0.000202  -0.00274  -0.00545  -0.00303   -0.0414  -0.00232  -0.00287  -0.00536    0.0135    -0.013  -0.00786    0.0163   -0.0116 -0.000289   -0.0452   -0.0171   -0.0357  -0.00479 -0.000334         1  -0.00203 -4.09e-05   -0.0464    -0.011  -0.00214   -0.0171
   0.0041 -4.92e-05  -0.00018 -0.000696  -0.00142 -0.000417 -1.04e-16 -1.04e-16 -2.07e-05 -3.86e-05 -1.12e-18 -0.000255 -0.000612 -7.02e-05 -0.000431  -5.5e-05 -6.98e-05 -0.000402 -0.000859  0.000177  3.36e-05  -0.00103  0.000329 -1.24e-05    0.0034 -0.000455  0.000788  -3.4e-06 -0.000541  0.000134 -0.000362  0.000265  0.000365  7.23e-05 -0.000684  0.000415 -5.07e-07 -8.51e-05 -5.32e-05  0.000195    -5e-06 -0.000714  4.41e-05  0.000661   0.00158   0.00161 -7.02e-05 -0.000661  -0.00107 -0.000811  -2.3e-05   0.00019  -0.00012 -0.000532 -0.000183 -0.000363 -1.57e-05 -3.56e-05  4.14e-05  0.000144 -0.000187  0.000826 -0.000501 -0.000398 -0.000513 -0.000335  -0.00214  -0.00532 -0.000722 -0.000485 -3.44e-06 -1.74e-05 -1.09e-06 -5.86e-08 -1.23e-08   -0.0021  -0.00081 -7.11e-05 -1.17e-05  -0.00265  -0.00038 -0.000143 -4.12e-05 -0.000596 -0.000893 -0.000516  -0.00748 -0.000468 -0.000482  -0.00088   0.00311  -0.00181  -0.00148   0.00345  -0.00134 -4.38e-05  -0.00784  -0.00289  -0.00601  -0.00084 -6.43e-05  -0.00203         1 -7.53e-06  -0.00786   -0.0018 -0.000368  -0.00289
 0.000174 -1.58e-06 -2.43e-06  -1.3e-05 -2.94e-05 -9.24e-06 -3.49e-18 -3.49e-18 -8.54e-07 -1.26e-06  2.79e-18 -4.61e-06 -1.26e-05 -1.43e-06 -8.13e-06 -1.09e-06 -1.38e-06 -8.16e-06 -1.78e-05  2.09e-05  2.72e-06  2.41e-05  4.07e-05  5.78e-06  0.000144  7.05e-07   4.8e-05  6.87e-06 -6.67e-06  5.84e-06 -2.95e-06  1.87e-05  2.09e-05  9.68e-06  1.45e-05  4.85e-05 -1.31e-08 -5.92e-07 -2.07e-06  9.01e-06 -1.25e-07 -1.13e-05  -4.8e-06 -1.42e-05  9.05e-05 -9.53e-05 -1.41e-06 -1.66e-05 -2.87e-05  -6.2e-06  1.51e-05 -9.73e-06  8.43e-06 -1.38e-05 -1.06e-05 -1.53e-05  -5.6e-06 -1.08e-05  -6.6e-06  1.53e-05  -1.3e-05  3.12e-05 -1.41e-05 -5.47e-06 -1.06e-05 -5.38e-06 -0.000127 -7.84e-05 -6.72e-06 -1.18e-05 -2.25e-07 -4.63e-07 -5.53e-08 -2.21e-09 -3.44e-10 -6.67e-05 -1.61e-05 -3.63e-07 -9.53e-07 -7.34e-05 -1.44e-05 -4.35e-06 -9.62e-07 -1.26e-05 -1.78e-05 -1.12e-05 -3.99e-05 -1.23e-05 -2.58e-05 -0.000131  0.000149 -0.000148 -8.66e-05  0.000153 -9.46e-05  -1.4e-06 -0.000151 -6.48e-05 -0.000105 -1.73e-05 -7.71e-07 -4.09e-05 -7.53e-06         1 -0.000161 -3.76e-05 -9.59e-06 -5.95e-05
   0.0927  -0.00115  -0.00393   -0.0159   -0.0333  -0.00983  -2.7e-15  -2.7e-15 -0.000422 -0.000572 -3.87e-16  -0.00586   -0.0145  -0.00166   -0.0099  -0.00127  -0.00162   -0.0095   -0.0203   0.00354  0.000327   -0.0196   0.00529   1.8e-05    0.0772  -0.00821    0.0132 -0.000619   -0.0104   0.00374  -0.00759   0.00454   0.00655   0.00148   -0.0115   0.00634 -1.09e-05   -0.0021  -0.00134     0.006 -9.49e-05   -0.0132   0.00337    0.0212    0.0253    0.0711  -0.00137   -0.0143   -0.0479   -0.0576   -0.0168   0.00405   -0.0108   -0.0289  -0.00818  -0.00706   -0.0113  0.000684  -0.00148  -0.00201  -0.00367   0.00914   -0.0125   -0.0101   -0.0119  -0.00759   -0.0382    -0.124   -0.0216   -0.0109 -0.000172 -0.000369 -2.01e-05 -5.09e-07  -2.2e-07    -0.047   -0.0172  -0.00192 -8.44e-05   -0.0605  -0.00658  -0.00239 -0.000786   -0.0108   -0.0214   -0.0119    -0.155  -0.00985    -0.012   -0.0213     0.048   -0.0546   -0.0303    0.0596   -0.0487  -0.00126    -0.178   -0.0669     -0.14   -0.0188  -0.00127   -0.0464  -0.00786 -0.000161         1   -0.0434  -0.00828   -0.0681
   0.0434 -0.000306  -0.00089  -0.00339   -0.0074   -0.0022 -6.76e-16 -6.76e-16 -8.22e-05 -0.000118 -1.41e-16  -0.00126  -0.00324  -0.00037  -0.00214 -0.000277 -0.000354  -0.00211  -0.00453   0.00104  6.46e-05  -0.00203   0.00175  0.000312    0.0203  -0.00117    0.0029  4.51e-05  -0.00173  0.000988  -0.00141   0.00097   0.00159  0.000524  8.24e-05   0.00256 -2.46e-06 -0.000579 -0.000257   0.00181 -1.14e-05  -0.00208  0.000331   0.00337   0.00428    0.0211 -0.000208  -0.00479   -0.0154   -0.0191  -0.00623   0.00118  -0.00221  -0.00818  -0.00305 -0.000914  -0.00375  0.000606  1.44e-05 -0.000417 -0.000488  -0.00152  -0.00301  -0.00229  -0.00285  -0.00152  -0.00512   -0.0264  -0.00521  -0.00245  -7.1e-05 -7.41e-05 -3.58e-06  7.09e-08 -3.93e-08   -0.0116  -0.00348 -0.000498 -6.84e-06    -0.015  -0.00123  -0.00032 -0.000149   -0.0017  -0.00534  -0.00279   -0.0479  -0.00177  -0.00344   -0.0102    0.0117   -0.0187  -0.00863    0.0135   -0.0183 -0.000247   -0.0398   -0.0163    -0.033  -0.00431 -0.000259    -0.011   -0.0018 -3.76e-05   -0.0434         1   -0.0021   -0.0154
  0.00942 -7.11e-05 -0.000163 -0.000562  -0.00132 -0.000406 -1.46e-16 -1.46e-16 -2.07e-05 -4.56e-05  1.46e-17 -0.000209 -0.000579 -6.62e-05 -0.000361 -4.86e-05 -6.21e-05 -0.000375 -0.000812  0.000542   8.2e-05  0.000984   0.00118  0.000219   0.00544  7.69e-05   0.00139   0.00022  -0.00016  0.000169 -0.000144  0.000477  0.000677  0.000306   0.00092   0.00177  -5.3e-07  -0.00012 -2.13e-05  0.000363  4.27e-07 -0.000228 -0.000302 -0.000673   0.00242  -0.00054 -1.96e-05  -0.00117  -0.00247  -0.00223  -0.00037   2.6e-05  0.000258 -0.000775 -0.000659 -0.000142 -0.000243 -9.53e-05  0.000112  0.000435 -0.000332  0.000101 -0.000593 -0.000326 -0.000593 -0.000206  -0.00297  -0.00374 -0.000788 -0.000504 -1.79e-05 -1.55e-05 -7.39e-07  5.36e-08 -6.38e-09  -0.00289 -0.000601 -7.53e-05 -1.96e-05  -0.00338 -0.000392 -6.59e-05 -2.48e-05 -0.000173  -0.00107 -0.000547  -0.00561  -7.8e-05 -0.000637  -0.00373   0.00546  -0.00447  -0.00278   0.00565  -0.00451 -2.65e-05  -0.00715  -0.00335  -0.00607 -0.000834  -4.5e-05  -0.00214 -0.000368 -9.59e-06  -0.00828   -0.0021         1  -0.00279
   0.0413 -0.000484  -0.00201  -0.00803    -0.018  -0.00537 -1.93e-15 -1.93e-15 -0.000167 -0.000154  -2.2e-16  -0.00296  -0.00791   -0.0009  -0.00504  -0.00066 -0.000839   -0.0052    -0.011 -0.000389 -2.74e-05   -0.0126  -0.00192  -0.00134  -0.00218  -0.00367   0.00339  -0.00107  -0.00477 -0.000905  -0.00317   0.00111   0.00106 -0.000295   -0.0246  -0.00431 -4.22e-06 -0.000791 -0.000779  -0.00252 -4.91e-05   -0.0059  -0.00163   0.00157   0.00787     -0.04 -0.000632  -0.00464   -0.0399   -0.0606    -0.018  -0.00425   -0.0184     -0.03   -0.0049  -0.00943   -0.0157  -0.00327  -0.00757  -0.00842   -0.0075   0.00996  -0.00543  -0.00492   -0.0048  -0.00338   -0.0538   -0.0632   -0.0169  -0.00458 -0.000287 -0.000174 -7.67e-06 -3.53e-07 -1.01e-07   -0.0188  -0.00772  -0.00111 -1.85e-05   -0.0214  -0.00244  -0.00119 -0.000317  -0.00501  -0.00777  -0.00456   -0.0113  -0.00497  -0.00248   0.00992   0.00266   -0.0045  -0.00462    0.0136   -0.0129 -0.000972   -0.0716   -0.0241   -0.0526  -0.00738 -0.000493   -0.0171  -0.00289 -5.95e-05   -0.0681   -0.0154  -0.00279         1

  Chi^2                                1.28391  +/- 2.2662
  Chi^2/ndf                            0.183416
  Chi^2 for each template              148.998 +/- 2.9482	58.1025 +/- 1.65247	12.6494 +/- 1.21836	5.95588 +/- 0.555042	19.957 +/- 1.21697	36.2304 +/- 0.814066	52.8522 +/- 1.71368	72.9854 +/- 1.1623	
  Chi^2 for each template w.r.t. fit   145.626 +/- 2.9482	56.4987 +/- 1.65247	12.5736 +/- 1.21836	6.40877 +/- 0.555042	20.1215 +/- 1.21697	35.4787 +/- 0.814066	50.9009 +/- 1.71368	69.8506 +/- 1.1623	  Partial chi^2                        0.00 (EG_RESOLUTION_ALL)    0.00 (EG_SCALE_ALL)    0.00 (EL_EFF_ID_TOTAL_1NPCOR_PLUS_UNCOR)    0.00 (EL_EFF_Iso_TOTAL_1NPCOR_PLUS_UNCOR)
  Partial chi^2                        0.00 (EL_EFF_Reco_TOTAL_1NPCOR_PLUS_UNCOR)    0.00 (EL_EFF_TriggerEff_TOTAL_1NPCOR_PLUS_UNCOR)    0.00 (EL_EFF_Trigger_TOTAL_1NPCOR_PLUS_UNCOR)    0.00 (FAKES_Electron)
  Partial chi^2                        0.00 (FAKES_Muon)    0.05 (FT_EFF_Eigen_B_0)    0.02 (FT_EFF_Eigen_B_1)    0.00 (FT_EFF_Eigen_B_2)
  Partial chi^2                        0.00 (FT_EFF_Eigen_B_3)    0.00 (FT_EFF_Eigen_B_4)    0.00 (FT_EFF_Eigen_B_5)    0.00 (FT_EFF_Eigen_B_6)
  Partial chi^2                        0.00 (FT_EFF_Eigen_B_7)    0.00 (FT_EFF_Eigen_B_8)    0.00 (FT_EFF_Eigen_C_0)    0.00 (FT_EFF_Eigen_C_1)
  Partial chi^2                        0.00 (FT_EFF_Eigen_C_2)    0.00 (FT_EFF_Eigen_C_3)    0.00 (FT_EFF_Eigen_Light_0)    0.00 (FT_EFF_Eigen_Light_1)
  Partial chi^2                        0.00 (FT_EFF_Eigen_Light_2)    0.00 (FT_EFF_Eigen_Light_3)    0.00 (FT_EFF_extrapolation)    0.00 (FT_EFF_extrapolation_from_charm)
  Partial chi^2                        0.00 (FULL_SYS_SUM)    0.12 (FULL_SYS_SUM_DETECTOR)    0.28 (FULL_SYS_SUM_THEORY)    0.00 (FULL_SYS_TOYS)
  Partial chi^2                        0.00 (JET_EffectiveNP_Detector1)    0.00 (JET_EffectiveNP_Detector2)    0.00 (JET_EffectiveNP_Mixed1)    0.00 (JET_EffectiveNP_Mixed2)
  Partial chi^2                        0.00 (JET_EffectiveNP_Mixed3)    0.04 (JET_EffectiveNP_Modelling1)    0.00 (JET_EffectiveNP_Modelling2)    0.00 (JET_EffectiveNP_Modelling3)
  Partial chi^2                        0.00 (JET_EffectiveNP_Modelling4)    0.00 (JET_EffectiveNP_Statistical1)    0.00 (JET_EffectiveNP_Statistical2)    0.00 (JET_EffectiveNP_Statistical3)
  Partial chi^2                        0.00 (JET_EffectiveNP_Statistical4)    0.00 (JET_EffectiveNP_Statistical5)    0.00 (JET_EffectiveNP_Statistical6)    0.02 (JET_EtaIntercalibration_Modelling)
  Partial chi^2                        0.00 (JET_EtaIntercalibration_NonClosure_2018data)    0.00 (JET_EtaIntercalibration_NonClosure_highE)    0.00 (JET_EtaIntercalibration_NonClosure_negEta)    0.00 (JET_EtaIntercalibration_NonClosure_posEta)
  Partial chi^2                        0.00 (JET_EtaIntercalibration_TotalStat)    0.00 (JET_Flavor_Composition_prop)    0.00 (JET_Flavor_Response_prop)    0.00 (JET_JER_DataVsMC_MC16_PseudoData)
  Partial chi^2                        0.00 (JET_JER_EffectiveNP_10_PseudoData)    0.00 (JET_JER_EffectiveNP_11_PseudoData)    0.00 (JET_JER_EffectiveNP_12restTerm_PseudoData)    0.00 (JET_JER_EffectiveNP_1_PseudoData)
  Partial chi^2                        0.00 (JET_JER_EffectiveNP_2_PseudoData)    0.00 (JET_JER_EffectiveNP_3_PseudoData)    0.00 (JET_JER_EffectiveNP_4_PseudoData)    0.00 (JET_JER_EffectiveNP_5_PseudoData)
  Partial chi^2                        0.00 (JET_JER_EffectiveNP_6_PseudoData)    0.00 (JET_JER_EffectiveNP_7_PseudoData)    0.00 (JET_JER_EffectiveNP_8_PseudoData)    0.00 (JET_JER_EffectiveNP_9_PseudoData)
  Partial chi^2                        0.00 (JET_JvtEfficiency)    0.00 (JET_Pileup_OffsetMu)    0.00 (JET_Pileup_OffsetNPV)    0.00 (JET_Pileup_PtTerm)
  Partial chi^2                        0.07 (JET_Pileup_RhoTopology)    0.00 (JET_PunchThrough_MC16)    0.00 (LUMINOSITY)    0.00 (MET_SoftTrk_ResoPara)
  Partial chi^2                        0.00 (MET_SoftTrk_ResoPerp)    0.00 (MET_SoftTrk_Scale)    0.00 (MUON_EFF_BADMUON_SYS)    0.00 (MUON_EFF_ISO_STAT)
  Partial chi^2                        0.00 (MUON_EFF_ISO_SYS)    0.00 (MUON_EFF_RECO_STAT)    0.00 (MUON_EFF_RECO_SYS)    0.00 (MUON_EFF_TTVA_STAT)
  Partial chi^2                        0.00 (MUON_EFF_TTVA_SYS)    0.00 (MUON_EFF_TrigStatUncertainty)    0.00 (MUON_EFF_TrigSystUncertainty)    0.00 (MUON_SAGITTA_DATASTAT)
  Partial chi^2                        0.00 (MUON_SAGITTA_RESBIAS)    0.01 (PRW_DATASF)    0.44 (STAT_DATA)    0.01 (STAT_MC)  
  Partial chi^2                        0.00 (THEORY_CROSS_SECTION_Wjets)    0.00 (THEORY_CROSS_SECTION_other_top_noWt)    0.00 (THEORY_CROSS_SECTION_signal)    0.01 (THEORY_DR_DS_signal)
  Partial chi^2                        0.00 (THEORY_EWK_Wjets)    0.00 (THEORY_EWK_multiboson_noW)    0.02 (THEORY_FSR_signal)    0.09 (THEORY_HDAMP_signal)
  Partial chi^2                        0.08 (THEORY_ISR_signal)    0.00 (THEORY_PDF4LHC_VARIATION_Wjets)    0.00 (THEORY_PDF4LHC_VARIATION_multiboson_noW)    0.00 (THEORY_PDF4LHC_VARIATION_signal)
  Partial chi^2                        0.01 (THEORY_PTHARD_signal)    0.00 (THEORY_SCALE_COMBINED_Wjets)    0.00 (THEORY_SCALE_COMBINED_multiboson_noW)    0.00 (THEORY_SCALE_FACTORISATION_signal)
  Partial chi^2                        0.00 (THEORY_SCALE_RENORMALISATION_signal)    0.27 (THEORY_SHOWERING_HERWIG7_signal)    0.00 (THEORY_TOPRECOIL_signal)    0.03 (THEORY_TOP_MASS_signal)
  Partial chi^2                        0.00 (TOTAL)        0.00 (TOTAL_NO_DR_DS)    0.00 (TOTAL_SYSONLY)    0.00 (WMASS_VAR_signal)
  Partial chi^2                        0.08 (pseudoDataStat)

  Uncertainties from HESSE matrix
     LTF: Result[0]:                   172.182  +/- 0.998863 (fit [from HESSE])

  Alternative result from pol2-fit to chi^2 values of the templates
     Result(pol2-chi2)[0]              173.378   +/- 0.990978 (fit)
     Chi^2(min)                        3.80369

  Result from linearized second-order model approximation
     EDM (Taylor) [0]                  -1.8809

  Expected distance to minimum
     EDM (Newton) [0]                  0.971959
     EDM Delta-chi^2                   -64.0394


  'Uncertainties' on M from second-order model approximation
     sigma_m[0]                       -1.89946
     sigma_m[EG_RESOLUTION_ALL]       0.00
     sigma_m[EG_SCALE_ALL]            -0.01
     sigma_m[EL_EFF_ID_TOTAL_1NPCOR_PLUS_UNCOR] -0.03
     sigma_m[EL_EFF_Iso_TOTAL_1NPCOR_PLUS_UNCOR] -0.05
     sigma_m[EL_EFF_Reco_TOTAL_1NPCOR_PLUS_UNCOR] -0.01
     sigma_m[EL_EFF_TriggerEff_TOTAL_1NPCOR_PLUS_UNCOR] -0.00
     sigma_m[EL_EFF_Trigger_TOTAL_1NPCOR_PLUS_UNCOR] -0.00
     sigma_m[MUON_SAGITTA_DATASTAT]   -0.00
     sigma_m[MUON_SAGITTA_RESBIAS]    -0.00
     sigma_m[MUON_EFF_BADMUON_SYS]    0.00
     sigma_m[MUON_EFF_ISO_STAT]       -0.01
     sigma_m[MUON_EFF_ISO_SYS]        -0.02
     sigma_m[MUON_EFF_RECO_STAT]      -0.00
     sigma_m[MUON_EFF_RECO_SYS]       -0.02
     sigma_m[MUON_EFF_TTVA_STAT]      -0.00
     sigma_m[MUON_EFF_TTVA_SYS]       -0.00
     sigma_m[MUON_EFF_TrigStatUncertainty] -0.01
     sigma_m[MUON_EFF_TrigSystUncertainty] -0.03
     sigma_m[JET_EffectiveNP_Detector1] -0.01
     sigma_m[JET_EffectiveNP_Detector2] 0.00
     sigma_m[JET_EffectiveNP_Mixed1]  -0.10
     sigma_m[JET_EffectiveNP_Mixed2]  -0.03
     sigma_m[JET_EffectiveNP_Mixed3]  -0.02
     sigma_m[JET_EffectiveNP_Modelling1] -0.15
     sigma_m[JET_EffectiveNP_Modelling2] -0.02
     sigma_m[JET_EffectiveNP_Modelling3] 0.01
     sigma_m[JET_EffectiveNP_Modelling4] -0.01
     sigma_m[JET_EffectiveNP_Statistical1] -0.03
     sigma_m[JET_EffectiveNP_Statistical2] -0.01
     sigma_m[JET_EffectiveNP_Statistical3] -0.01
     sigma_m[JET_EffectiveNP_Statistical4] 0.00
     sigma_m[JET_EffectiveNP_Statistical5] -0.00
     sigma_m[JET_EffectiveNP_Statistical6] -0.01
     sigma_m[JET_EtaIntercalibration_Modelling] -0.16
     sigma_m[JET_EtaIntercalibration_NonClosure_2018data] -0.05
     sigma_m[JET_EtaIntercalibration_NonClosure_highE] -0.00
     sigma_m[JET_EtaIntercalibration_NonClosure_negEta] 0.00
     sigma_m[JET_EtaIntercalibration_NonClosure_posEta] -0.00
     sigma_m[JET_EtaIntercalibration_TotalStat] -0.03
     sigma_m[JET_Flavor_Composition_prop] -0.00
     sigma_m[JET_Flavor_Response_prop] -0.04
     sigma_m[JET_Pileup_OffsetMu]     0.01
     sigma_m[JET_Pileup_OffsetNPV]    0.05
     sigma_m[JET_Pileup_PtTerm]       0.08
     sigma_m[JET_Pileup_RhoTopology]  -0.28
     sigma_m[JET_PunchThrough_MC16]   -0.00
     sigma_m[JET_JER_DataVsMC_MC16_PseudoData] 0.06
     sigma_m[JET_JER_EffectiveNP_1_PseudoData] 0.02
     sigma_m[JET_JER_EffectiveNP_2_PseudoData] -0.01
     sigma_m[JET_JER_EffectiveNP_3_PseudoData] 0.02
     sigma_m[JET_JER_EffectiveNP_4_PseudoData] -0.03
     sigma_m[JET_JER_EffectiveNP_5_PseudoData] -0.09
     sigma_m[JET_JER_EffectiveNP_6_PseudoData] -0.05
     sigma_m[JET_JER_EffectiveNP_7_PseudoData] 0.03
     sigma_m[JET_JER_EffectiveNP_8_PseudoData] -0.06
     sigma_m[JET_JER_EffectiveNP_9_PseudoData] -0.02
     sigma_m[JET_JER_EffectiveNP_10_PseudoData] -0.03
     sigma_m[JET_JER_EffectiveNP_11_PseudoData] -0.05
     sigma_m[JET_JER_EffectiveNP_12restTerm_PseudoData] -0.04
     sigma_m[JET_JvtEfficiency]       -0.05
     sigma_m[PRW_DATASF]              0.18
     sigma_m[MET_SoftTrk_ResoPara]    -0.00
     sigma_m[MET_SoftTrk_ResoPerp]    -0.01
     sigma_m[MET_SoftTrk_Scale]       -0.00
     sigma_m[WMASS_VAR_signal]        -0.01
     sigma_m[FT_EFF_Eigen_B_0]        -0.31
     sigma_m[FT_EFF_Eigen_B_1]        -0.19
     sigma_m[FT_EFF_Eigen_B_2]        -0.05
     sigma_m[FT_EFF_Eigen_B_3]        -0.01
     sigma_m[FT_EFF_Eigen_B_4]        0.00
     sigma_m[FT_EFF_Eigen_B_5]        -0.00
     sigma_m[FT_EFF_Eigen_B_6]        -0.00
     sigma_m[FT_EFF_Eigen_B_7]        -0.00
     sigma_m[FT_EFF_Eigen_B_8]        -0.00
     sigma_m[FT_EFF_Eigen_C_0]        -0.00
     sigma_m[FT_EFF_Eigen_C_1]        -0.03
     sigma_m[FT_EFF_Eigen_C_2]        -0.00
     sigma_m[FT_EFF_Eigen_C_3]        -0.00
     sigma_m[FT_EFF_Eigen_Light_0]    0.02
     sigma_m[FT_EFF_Eigen_Light_1]    -0.01
     sigma_m[FT_EFF_Eigen_Light_2]    -0.01
     sigma_m[FT_EFF_Eigen_Light_3]    -0.00
     sigma_m[FT_EFF_extrapolation]    -0.03
     sigma_m[FT_EFF_extrapolation_from_charm] 0.01
     sigma_m[THEORY_CROSS_SECTION_signal] -0.00
     sigma_m[THEORY_SHOWERING_HERWIG7_signal] 0.53
     sigma_m[THEORY_SCALE_FACTORISATION_signal] -0.02
     sigma_m[THEORY_SCALE_RENORMALISATION_signal] 0.05
     sigma_m[THEORY_ISR_signal]       0.30
     sigma_m[THEORY_FSR_signal]       -0.05
     sigma_m[THEORY_HDAMP_signal]     0.32
     sigma_m[THEORY_PTHARD_signal]    0.10
     sigma_m[THEORY_TOPRECOIL_signal] 0.03
     sigma_m[THEORY_TOP_MASS_signal]  0.27
     sigma_m[THEORY_PDF4LHC_VARIATION_signal] -0.00
     sigma_m[THEORY_DR_DS_signal]     -0.12
     sigma_m[THEORY_CROSS_SECTION_Wjets] 0.01
     sigma_m[THEORY_SCALE_COMBINED_Wjets] -0.03
     sigma_m[THEORY_PDF4LHC_VARIATION_Wjets] -0.01
     sigma_m[THEORY_EWK_Wjets]        -0.00
     sigma_m[THEORY_SCALE_COMBINED_multiboson_noW] -0.00
     sigma_m[THEORY_PDF4LHC_VARIATION_multiboson_noW] -0.00
     sigma_m[THEORY_EWK_multiboson_noW] -0.00
     sigma_m[THEORY_CROSS_SECTION_other_top_noWt] -0.02
     sigma_m[FAKES_Electron]          0.02
     sigma_m[FAKES_Muon]              0.00
     sigma_m[LUMINOSITY]              -0.08

  Settings
     Number of data points             8
     Number of templates               8
     Number of fit parameters          1
     Template reference values [0]     162.5   165 167.5 172.5   175 177.5   180 182.5
     Number of nuisance param.         107
     Gamma[0]                          1.000
     LogNormal                         false
     Response matrix                   false

  please cite: D. Britzger, The Linear Template Fit, Eur.Phys.J.C 82 (2022) 731, arXiv:2112.01548.
------------------------------------------------------------------------

Warning in <TROOT::Append>: Replacing existing TH1: hist (Potential memory leak).
Warning in <TROOT::Append>: Replacing existing TH1: hist (Potential memory leak).
Warning in <TROOT::Append>: Replacing existing TH1: hist (Potential memory leak).
Warning in <TROOT::Append>: Replacing existing TH1: hist (Potential memory leak).
Warning in <TROOT::Append>: Replacing existing TH1: hist (Potential memory leak).
Warning in <TROOT::Append>: Replacing existing TH1: hist (Potential memory leak).
Warning in <TROOT::Append>: Replacing existing TH1: hist (Potential memory leak).
Warning in <TROOT::Append>: Replacing existing TH1: hist (Potential memory leak).
Warning in <TROOT::Append>: Replacing existing TH1: hist (Potential memory leak).
Warning in <TROOT::Append>: Replacing existing TH1: hist (Potential memory leak).
Warning in <TROOT::Append>: Replacing existing TH1: hist (Potential memory leak).
Info in <TCanvas::Print>: ps file plots/fit_mbw.ps has been created
Info in <TCanvas::Print>: Current canvas added to ps file plots/fit_mbw.ps
Info in <TCanvas::Print>: Current canvas added to ps file plots/fit_mbw.ps
Info in <TCanvas::Print>: Current canvas added to ps file plots/fit_mbw.ps
Info in <TCanvas::Print>: Current canvas added to ps file plots/fit_mbw.ps
Info in <TCanvas::Print>: Current canvas added to ps file plots/fit_mbw.ps
Info in <TCanvas::Print>: Current canvas added to ps file plots/fit_mbw.ps
Info in <TCanvas::Print>: Current canvas added to ps file plots/fit_mbw.ps
Info in <TCanvas::Print>: Current canvas added to ps file plots/fit_mbw.ps
Info in <TCanvas::Print>: Current canvas added to ps file plots/fit_mbw.ps
Info in <TCanvas::Print>: Current canvas added to ps file plots/fit_mbw.ps
Info in <TCanvas::Print>: Current canvas added to ps file plots/fit_mbw.ps
Info in <TCanvas::Print>: Current canvas added to ps file plots/fit_mbw.ps
Info in <TCanvas::Print>: Current canvas added to ps file plots/fit_mbw.ps
Info in <TCanvas::Print>: Current canvas added to ps file plots/fit_mbw.ps
Info in <TCanvas::Print>: Current canvas added to ps file plots/fit_mbw.ps
Info in <TCanvas::Print>: Current canvas added to ps file plots/fit_mbw.ps
Info in <TCanvas::Print>: Current canvas added to ps file plots/fit_mbw.ps
Info in <TCanvas::Print>: Current canvas added to ps file plots/fit_mbw.ps
Info in <TCanvas::Print>: Current canvas added to ps file plots/fit_mbw.ps
Warning in <TROOT::Append>: Replacing existing TH1: Full error breakdown (Potential memory leak).
Info in <TCanvas::Print>: Current canvas added to ps file plots/fit_mbw.ps
Info in <TCanvas::Print>: Current canvas added to ps file plots/fit_mbw.ps
Info in <TCanvas::Print>: Current canvas added to ps file plots/fit_mbw.ps
Info in <TCanvas::Print>: Current canvas added to ps file plots/fit_mbw.ps
Info in <TCanvas::Print>: Current canvas added to ps file plots/fit_mbw.ps
Info in <TCanvas::Print>: Current canvas added to ps file plots/fit_mbw.ps
Info in <TCanvas::Print>: Current canvas added to ps file plots/fit_mbw.ps
Info in <TCanvas::Print>: Current canvas added to ps file plots/fit_mbw.ps
Info in <TCanvas::Print>: Current canvas added to ps file plots/fit_mbw.ps
Info in <TCanvas::Print>: Current canvas added to ps file plots/fit_mbw.ps
Info in <TCanvas::Print>: ps file plots/fit_mbw.ps has been closed
Info in <TCanvas::Print>: ps file plots/fit_quality.ps has been created
Info in <TCanvas::Print>: Current canvas added to ps file plots/fit_quality.ps
Info in <TCanvas::Print>: Current canvas added to ps file plots/fit_quality.ps
Info in <TCanvas::Print>: Current canvas added to ps file plots/fit_quality.ps
Info in <TCanvas::Print>: Current canvas added to ps file plots/fit_quality.ps
Info in <TCanvas::Print>: Current canvas added to ps file plots/fit_quality.ps
Info in <TCanvas::Print>: Current canvas added to ps file plots/fit_quality.ps
Info in <TCanvas::Print>: Current canvas added to ps file plots/fit_quality.ps
Info in <TCanvas::Print>: Current canvas added to ps file plots/fit_quality.ps
Info in <TCanvas::Print>: Current canvas added to ps file plots/fit_quality.ps
Info in <TCanvas::Print>: Current canvas added to ps file plots/fit_quality.ps
Info in <TCanvas::Print>: ps file plots/fit_quality.ps has been closed
