nohup: ignoring input
Found covarinace matrix unfolding_covariance_matrix_mbl_selected_covariance_STAT_DATA
Johannes print final covariance matrix
0.000100398	-2.1292e-05	7.47942e-06	-5.60474e-06	9.69343e-07	-2.1426e-06	1.00158e-06	4.33882e-07	3.04339e-07	-1.13172e-07	
-2.1292e-05	0.000154034	-5.29948e-05	1.55657e-05	-5.01622e-06	3.17401e-06	-1.07346e-06	4.79699e-07	-2.38413e-07	-1.03528e-07	
7.47942e-06	-5.29948e-05	0.000304304	-7.40821e-05	-1.99056e-06	-6.6445e-07	1.16808e-06	-1.59991e-06	5.62986e-07	-1.74827e-07	
-5.60474e-06	1.55657e-05	-7.40821e-05	0.000169932	-1.5162e-05	2.75262e-06	-8.59802e-07	2.24318e-08	-4.68266e-07	1.91491e-08	
9.69343e-07	-5.01622e-06	-1.99056e-06	-1.5162e-05	3.61037e-05	-8.3762e-06	9.02862e-07	-1.09799e-07	-9.05525e-08	1.97665e-07	
-2.1426e-06	3.17401e-06	-6.6445e-07	2.75262e-06	-8.3762e-06	1.5759e-05	-2.2215e-06	1.06366e-07	1.9969e-08	3.86486e-08	
1.00158e-06	-1.07346e-06	1.16808e-06	-8.59802e-07	9.02862e-07	-2.2215e-06	5.22107e-06	-9.17006e-07	2.55215e-08	-9.30396e-09	
4.33882e-07	4.79699e-07	-1.59991e-06	2.24318e-08	-1.09799e-07	1.06366e-07	-9.17006e-07	2.35716e-06	-3.64757e-07	-8.07575e-09	
3.04339e-07	-2.38413e-07	5.62986e-07	-4.68266e-07	-9.05525e-08	1.9969e-08	2.55215e-08	-3.64757e-07	9.27839e-07	-6.9997e-08	
-1.13172e-07	-1.03528e-07	-1.74827e-07	1.91491e-08	1.97665e-07	3.86486e-08	-9.30396e-09	-8.07575e-09	-6.9997e-08	3.07954e-07	
Johannes print final correltaion matrix
1	-0.171216	0.042791	-0.0429097	0.0161005	-0.0538661	0.0437464	0.0282042	0.0315326	-0.0203532	
-0.171216	1	-0.244777	0.0962108	-0.0672655	0.0644223	-0.0378528	0.0251747	-0.0199427	-0.0150316	
0.042791	-0.244777	1	-0.325778	-0.0189909	-0.00959499	0.0293048	-0.0597377	0.0335049	-0.0180598	
-0.0429097	0.0962108	-0.325778	1	-0.193572	0.0531917	-0.0288656	0.00112081	-0.0372923	0.00264709	
0.0161005	-0.0672655	-0.0189909	-0.193572	1	-0.351162	0.0657606	-0.0119022	-0.0156455	0.0592804	
-0.0538661	0.0644223	-0.00959499	0.0531917	-0.351162	1	-0.244908	0.0174519	0.00522223	0.0175439	
0.0437464	-0.0378528	0.0293048	-0.0288656	0.0657606	-0.244908	1	-0.261395	0.0115955	-0.00733745	
0.0282042	0.0251747	-0.0597377	0.00112081	-0.0119022	0.0174519	-0.261395	1	-0.246645	-0.00947862	
0.0315326	-0.0199427	0.0335049	-0.0372923	-0.0156455	0.00522223	0.0115955	-0.246645	1	-0.130948	
-0.0203532	-0.0150316	-0.0180598	0.00264709	0.0592804	0.0175439	-0.00733745	-0.00947862	-0.130948	1	
TH1.Print Name  = total_error, Entries= 1070, Total sum= 0.897654
 fSumw[0]=0, x=-0.5, error=0
 fSumw[1]=0.0820337, x=0.5, error=0
 fSumw[2]=0.0547998, x=1.5, error=0
 fSumw[3]=0.0547774, x=2.5, error=0
 fSumw[4]=0.0834004, x=3.5, error=0
 fSumw[5]=0.126854, x=4.5, error=0
 fSumw[6]=0.0699165, x=5.5, error=0
 fSumw[7]=0.0879809, x=6.5, error=0
 fSumw[8]=0.0858091, x=7.5, error=0
 fSumw[9]=0.106113, x=8.5, error=0
 fSumw[10]=0.145968, x=9.5, error=0
 fSumw[11]=0, x=10.5, error=0
STAT_MC 0.0040325
STAT_MC 0.00100146
STAT_MC 0.000786761
STAT_MC 0.000984255
STAT_MC 0.00415091
STAT_MC 0.00383538
STAT_MC 0.006492
STAT_MC 0.007666
STAT_MC 0.011005
STAT_MC 0.0177533
TH1.Print Name  = total_error, Entries= 1080, Total sum= 0.900172
 fSumw[0]=0, x=-0.5, error=0
 fSumw[1]=0.0821327, x=0.5, error=0
 fSumw[2]=0.054809, x=1.5, error=0
 fSumw[3]=0.054783, x=2.5, error=0
 fSumw[4]=0.0834062, x=3.5, error=0
 fSumw[5]=0.126922, x=4.5, error=0
 fSumw[6]=0.0700216, x=5.5, error=0
 fSumw[7]=0.0882201, x=6.5, error=0
 fSumw[8]=0.0861508, x=7.5, error=0
 fSumw[9]=0.106682, x=8.5, error=0
 fSumw[10]=0.147044, x=9.5, error=0
 fSumw[11]=0, x=10.5, error=0
TH1.Print Name  = total_error, Entries= 1090, Total sum= 0.912022
 fSumw[0]=0, x=-0.5, error=0
 fSumw[1]=0.0822185, x=0.5, error=0
 fSumw[2]=0.0548373, x=1.5, error=0
 fSumw[3]=0.0548006, x=2.5, error=0
 fSumw[4]=0.0834309, x=3.5, error=0
 fSumw[5]=0.126999, x=4.5, error=0
 fSumw[6]=0.0702467, x=5.5, error=0
 fSumw[7]=0.0888213, x=6.5, error=0
 fSumw[8]=0.0874575, x=7.5, error=0
 fSumw[9]=0.109635, x=8.5, error=0
 fSumw[10]=0.153575, x=9.5, error=0
 fSumw[11]=0, x=10.5, error=0

        Data        Stat Tmpl_162.50 Stat_162.50 Tmpl_167.50 Stat_167.50 Tmpl_170.00 Stat_170.00 Tmpl_172.50 Stat_172.50 Tmpl_175.00 Stat_175.00 Tmpl_177.50 Stat_177.50 Tmpl_180.00 Stat_180.00 Tmpl_182.50 Stat_182.50
    0.472921    0.001775    0.525981    0.001993    0.431539    0.002765    0.389397    0.002621    0.352429    0.001659    0.320919    0.002178    0.295833    0.001174    0.271634    0.002147    0.244235    0.001214
    2.142520    0.003775    2.322255    0.004182    1.983247    0.005926    1.819464    0.005685    1.681540    0.003624    1.557875    0.004862    1.434078    0.002561    1.323642    0.004757    1.222285    0.002710
    3.497765    0.004858    3.643039    0.005234    3.358758    0.007745    3.212939    0.007646    3.048755    0.004953    2.877055    0.006560    2.721801    0.003555    2.580305    0.006704    2.422138    0.003848
    1.654428    0.003353    1.542181    0.003434    1.762269    0.005659    1.847968    0.005818    1.937830    0.003975    2.011560    0.005538    2.068891    0.003121    2.111057    0.006112    2.126323    0.003599
    0.357653    0.001582    0.356184    0.001668    0.364369    0.002588    0.376920    0.002656    0.381512    0.001795    0.395512    0.002484    0.406236    0.001388    0.429078    0.002825    0.457564    0.001692
    0.248844    0.001398    0.248844    0.001459    0.244262    0.002170    0.246155    0.002202    0.243232    0.001438    0.244617    0.002051    0.240765    0.001103    0.238058    0.002113    0.235834    0.001273
    0.074255    0.000766    0.076472    0.000965    0.074917    0.001272    0.072937    0.001220    0.073341    0.000802    0.069807    0.001141    0.069951    0.000606    0.070773    0.001173    0.067937    0.000728
    0.034732    0.000523    0.035341    0.000849    0.032818    0.000826    0.032738    0.000826    0.032516    0.000519    0.032267    0.000885    0.031861    0.000448    0.032378    0.000825    0.031358    0.000625
    0.010848    0.000274    0.011685    0.000313    0.010808    0.000500    0.010841    0.000533    0.010623    0.000250    0.010866    0.000439    0.010649    0.000241    0.010206    0.000433    0.010598    0.000402
    0.003792    0.000168    0.004009    0.000199    0.003808    0.000277    0.003530    0.000222    0.003719    0.000131    0.003636    0.000211    0.003453    0.000117    0.003505    0.000226    0.003541    0.000252

LTF::DoLiTeFit(). Fit done. Result:  164.94Johannes Inverse matrix of W
 0.000107186  -2.1292e-05  7.47942e-06 -5.60474e-06  9.69343e-07  -2.1426e-06  1.00158e-06  4.33882e-07  3.04339e-07 -1.13172e-07
 -2.1292e-05  0.000172891 -5.29948e-05  1.55657e-05 -5.01622e-06  3.17401e-06 -1.07346e-06  4.79699e-07 -2.38413e-07 -1.03528e-07
 7.47942e-06 -5.29948e-05  0.000335477 -7.40821e-05 -1.99056e-06  -6.6445e-07  1.16808e-06 -1.59991e-06  5.62986e-07 -1.74827e-07
-5.60474e-06  1.55657e-05 -7.40821e-05  0.000183826  -1.5162e-05  2.75262e-06 -8.59802e-07  2.24318e-08 -4.68266e-07  1.91491e-08
 9.69343e-07 -5.01622e-06 -1.99056e-06  -1.5162e-05  4.08094e-05  -8.3762e-06  9.02862e-07 -1.09799e-07 -9.05525e-08  1.97665e-07
 -2.1426e-06  3.17401e-06  -6.6445e-07  2.75262e-06  -8.3762e-06  1.86251e-05  -2.2215e-06  1.06366e-07   1.9969e-08  3.86486e-08
 1.00158e-06 -1.07346e-06  1.16808e-06 -8.59802e-07  9.02862e-07  -2.2215e-06  6.04035e-06 -9.17006e-07  2.55215e-08 -9.30396e-09
 4.33882e-07  4.79699e-07 -1.59991e-06  2.24318e-08 -1.09799e-07  1.06366e-07 -9.17006e-07  2.70172e-06 -3.64757e-07 -8.07575e-09
 3.04339e-07 -2.38413e-07  5.62986e-07 -4.68266e-07 -9.05525e-08   1.9969e-08  2.55215e-08 -3.64757e-07  1.01725e-06  -6.9997e-08
-1.13172e-07 -1.03528e-07 -1.74827e-07  1.91491e-08  1.97665e-07  3.86486e-08 -9.30396e-09 -8.07575e-09  -6.9997e-08   3.4071e-07
  +/- 0.45613 (fit)  +/- 0.154472 (ext)  +/- 0.053264 (tmpl)  +/- 0 (MatA)   [chi^2=0.411686]

------------------------------------------------------------------------
        Result of the 1-dimensional linear template fit
        ```````````````````````````````````````````````
  LTF. Result[0]:   164.94  +/- 0.45613 (fit)  +/- 0.154472 (ext)

  LTF. Result[0]:   164.939894
                             +/-  0.261542 (STAT_DATA)
                             +/-  0.046529 (STAT_MC)
                             +/-  0.069037 (pseudoDataStat)
                             +/- -0.001172 (EG_RESOLUTION_ALL)
                             +/-  0.025211 (EG_SCALE_ALL)
                             +/-  0.001394 (EL_EFF_ID_TOTAL_1NPCOR_PLUS_UNCOR)
                             +/- -0.027972 (EL_EFF_Iso_TOTAL_1NPCOR_PLUS_UNCOR)
                             +/- -0.011545 (EL_EFF_Reco_TOTAL_1NPCOR_PLUS_UNCOR)
                             +/- -0.000000 (EL_EFF_TriggerEff_TOTAL_1NPCOR_PLUS_UNCOR)
                             +/- -0.000000 (EL_EFF_Trigger_TOTAL_1NPCOR_PLUS_UNCOR)
                             +/- -0.018728 (FAKES_Electron)
                             +/- -0.006155 (FAKES_Muon)
                             +/- -0.143512 (FT_EFF_Eigen_B_0)
                             +/- -0.030071 (FT_EFF_Eigen_B_1)
                             +/- -0.022892 (FT_EFF_Eigen_B_2)
                             +/- -0.002750 (FT_EFF_Eigen_B_3)
                             +/-  0.001841 (FT_EFF_Eigen_B_4)
                             +/- -0.000220 (FT_EFF_Eigen_B_5)
                             +/-  0.000004 (FT_EFF_Eigen_B_6)
                             +/- -0.000004 (FT_EFF_Eigen_B_7)
                             +/-  0.000000 (FT_EFF_Eigen_B_8)
                             +/- -0.066536 (FT_EFF_Eigen_C_0)
                             +/- -0.006300 (FT_EFF_Eigen_C_1)
                             +/- -0.004898 (FT_EFF_Eigen_C_2)
                             +/- -0.000266 (FT_EFF_Eigen_C_3)
                             +/- -0.034907 (FT_EFF_Eigen_Light_0)
                             +/- -0.000299 (FT_EFF_Eigen_Light_1)
                             +/-  0.000294 (FT_EFF_Eigen_Light_2)
                             +/-  0.000517 (FT_EFF_Eigen_Light_3)
                             +/-  0.003797 (FT_EFF_extrapolation)
                             +/- -0.011265 (FT_EFF_extrapolation_from_charm)
                             +/-  0.014423 (JET_EffectiveNP_Detector1)
                             +/-  0.001841 (JET_EffectiveNP_Detector2)
                             +/-  0.017913 (JET_EffectiveNP_Mixed1)
                             +/-  0.030274 (JET_EffectiveNP_Mixed2)
                             +/-  0.002922 (JET_EffectiveNP_Mixed3)
                             +/-  0.142497 (JET_EffectiveNP_Modelling1)
                             +/- -0.009786 (JET_EffectiveNP_Modelling2)
                             +/- -0.004865 (JET_EffectiveNP_Modelling3)
                             +/-  0.002285 (JET_EffectiveNP_Modelling4)
                             +/-  0.000623 (JET_EffectiveNP_Statistical1)
                             +/-  0.011114 (JET_EffectiveNP_Statistical2)
                             +/- -0.000453 (JET_EffectiveNP_Statistical3)
                             +/-  0.001135 (JET_EffectiveNP_Statistical4)
                             +/-  0.000447 (JET_EffectiveNP_Statistical5)
                             +/-  0.002639 (JET_EffectiveNP_Statistical6)
                             +/-  0.082633 (JET_EtaIntercalibration_Modelling)
                             +/-  0.056464 (JET_EtaIntercalibration_NonClosure_2018data)
                             +/- -0.000025 (JET_EtaIntercalibration_NonClosure_highE)
                             +/-  0.001140 (JET_EtaIntercalibration_NonClosure_negEta)
                             +/-  0.000624 (JET_EtaIntercalibration_NonClosure_posEta)
                             +/-  0.020329 (JET_EtaIntercalibration_TotalStat)
                             +/- -0.000032 (JET_Flavor_Composition_prop)
                             +/- -0.000329 (JET_Flavor_Response_prop)
                             +/- -0.030482 (JET_JER_DataVsMC_MC16_PseudoData)
                             +/- -0.019670 (JET_JER_EffectiveNP_10_PseudoData)
                             +/- -0.006038 (JET_JER_EffectiveNP_11_PseudoData)
                             +/- -0.005959 (JET_JER_EffectiveNP_12restTerm_PseudoData)
                             +/- -0.055739 (JET_JER_EffectiveNP_1_PseudoData)
                             +/- -0.099081 (JET_JER_EffectiveNP_2_PseudoData)
                             +/- -0.051784 (JET_JER_EffectiveNP_3_PseudoData)
                             +/-  0.005936 (JET_JER_EffectiveNP_4_PseudoData)
                             +/-  0.009859 (JET_JER_EffectiveNP_5_PseudoData)
                             +/- -0.004480 (JET_JER_EffectiveNP_6_PseudoData)
                             +/- -0.009808 (JET_JER_EffectiveNP_7_PseudoData)
                             +/- -0.002212 (JET_JER_EffectiveNP_8_PseudoData)
                             +/- -0.004504 (JET_JER_EffectiveNP_9_PseudoData)
                             +/- -0.024668 (JET_JvtEfficiency)
                             +/-  0.023533 (JET_Pileup_OffsetMu)
                             +/-  0.043137 (JET_Pileup_OffsetNPV)
                             +/-  0.011216 (JET_Pileup_PtTerm)
                             +/-  0.120547 (JET_Pileup_RhoTopology)
                             +/- -0.000030 (JET_PunchThrough_MC16)
                             +/- -0.046735 (LUMINOSITY)
                             +/- -0.000651 (MET_SoftTrk_ResoPara)
                             +/-  0.002425 (MET_SoftTrk_ResoPerp)
                             +/- -0.005527 (MET_SoftTrk_Scale)
                             +/- -0.000000 (MUON_EFF_BADMUON_SYS)
                             +/-  0.003323 (MUON_EFF_ISO_STAT)
                             +/- -0.009912 (MUON_EFF_ISO_SYS)
                             +/- -0.001211 (MUON_EFF_RECO_STAT)
                             +/-  0.000942 (MUON_EFF_RECO_SYS)
                             +/-  0.000093 (MUON_EFF_TTVA_STAT)
                             +/-  0.000117 (MUON_EFF_TTVA_SYS)
                             +/- -0.007198 (MUON_EFF_TrigStatUncertainty)
                             +/- -0.015370 (MUON_EFF_TrigSystUncertainty)
                             +/- -0.000302 (MUON_SAGITTA_DATASTAT)
                             +/- -0.000081 (MUON_SAGITTA_RESBIAS)
                             +/- -0.063227 (PRW_DATASF)
                             +/- -0.041148 (THEORY_CROSS_SECTION_Wjets)
                             +/- -0.048353 (THEORY_CROSS_SECTION_other_top_noWt)
                             +/- -0.006673 (THEORY_CROSS_SECTION_signal)
                             +/- -0.002690 (THEORY_DR_DS_signal)
                             +/-  0.000068 (THEORY_EWK_Wjets)
                             +/- -0.000141 (THEORY_EWK_multiboson_noW)
                             +/-  0.062671 (THEORY_FSR_signal)
                             +/- -0.026993 (THEORY_HDAMP_signal)
                             +/- -0.020237 (THEORY_ISR_signal)
                             +/- -0.006365 (THEORY_PDF4LHC_VARIATION_Wjets)
                             +/- -0.003954 (THEORY_PDF4LHC_VARIATION_multiboson_noW)
                             +/-  0.006952 (THEORY_PDF4LHC_VARIATION_signal)
                             +/-  0.010854 (THEORY_PTHARD_signal)
                             +/- -0.058509 (THEORY_SCALE_COMBINED_Wjets)
                             +/- -0.024688 (THEORY_SCALE_COMBINED_multiboson_noW)
                             +/-  0.005229 (THEORY_SCALE_FACTORISATION_signal)
                             +/- -0.029540 (THEORY_SCALE_RENORMALISATION_signal)
                             +/- -0.120505 (THEORY_SHOWERING_HERWIG7_signal)
                             +/-  0.005655 (THEORY_TOPRECOIL_signal)
                             +/-  0.003776 (THEORY_TOP_MASS_signal)
                             +/- -0.000792 (WMASS_VAR_signal)

                             +/- -0.037401 (FULL_SYS_SUM)
                             +/- -0.020800 (FULL_SYS_SUM_DETECTOR)
                             +/- -0.128748 (FULL_SYS_SUM_THEORY)
                             +/- -0.037401 (FULL_SYS_TOYS)
                             +/- -0.036173 (TOTAL)
                             +/- -0.036736 (TOTAL_NO_DR_DS)
                             +/- -0.037382 (TOTAL_SYSONLY)
                             +/-  0.053264 (statY)

  Nuisance parameters                 -0.005  +/-  1.000  (EG_RESOLUTION_ALL)
                                      -0.029  +/-  0.997  (EG_SCALE_ALL)
                                      -0.000  +/-  0.999  (EL_EFF_ID_TOTAL_1NPCOR_PLUS_UNCOR)
                                       0.006  +/-  0.994  (EL_EFF_Iso_TOTAL_1NPCOR_PLUS_UNCOR)
                                       0.002  +/-  0.999  (EL_EFF_Reco_TOTAL_1NPCOR_PLUS_UNCOR)
                                      -0.000  +/-  1.000  (EL_EFF_TriggerEff_TOTAL_1NPCOR_PLUS_UNCOR)
                                      -0.000  +/-  1.000  (EL_EFF_Trigger_TOTAL_1NPCOR_PLUS_UNCOR)
                                       0.000  +/-  1.000  (MUON_SAGITTA_DATASTAT)
                                      -0.002  +/-  1.000  (MUON_SAGITTA_RESBIAS)
                                      -0.000  +/-  1.000  (MUON_EFF_BADMUON_SYS)
                                      -0.000  +/-  1.000  (MUON_EFF_ISO_STAT)
                                       0.004  +/-  0.999  (MUON_EFF_ISO_SYS)
                                       0.000  +/-  1.000  (MUON_EFF_RECO_STAT)
                                      -0.000  +/-  1.000  (MUON_EFF_RECO_SYS)
                                       0.000  +/-  1.000  (MUON_EFF_TTVA_STAT)
                                       0.000  +/-  1.000  (MUON_EFF_TTVA_SYS)
                                       0.003  +/-  1.000  (MUON_EFF_TrigStatUncertainty)
                                       0.006  +/-  0.998  (MUON_EFF_TrigSystUncertainty)
                                       0.003  +/-  1.000  (JET_EffectiveNP_Detector1)
                                       0.001  +/-  1.000  (JET_EffectiveNP_Detector2)
                                      -0.028  +/-  0.996  (JET_EffectiveNP_Mixed1)
                                      -0.013  +/-  0.997  (JET_EffectiveNP_Mixed2)
                                      -0.002  +/-  1.000  (JET_EffectiveNP_Mixed3)
                                       0.010  +/-  0.919  (JET_EffectiveNP_Modelling1)
                                      -0.010  +/-  1.000  (JET_EffectiveNP_Modelling2)
                                      -0.006  +/-  1.000  (JET_EffectiveNP_Modelling3)
                                      -0.003  +/-  1.000  (JET_EffectiveNP_Modelling4)
                                      -0.002  +/-  1.000  (JET_EffectiveNP_Statistical1)
                                      -0.003  +/-  0.999  (JET_EffectiveNP_Statistical2)
                                      -0.004  +/-  1.000  (JET_EffectiveNP_Statistical3)
                                      -0.004  +/-  1.000  (JET_EffectiveNP_Statistical4)
                                      -0.006  +/-  1.000  (JET_EffectiveNP_Statistical5)
                                      -0.001  +/-  1.000  (JET_EffectiveNP_Statistical6)
                                       0.044  +/-  0.971  (JET_EtaIntercalibration_Modelling)
                                      -0.002  +/-  0.996  (JET_EtaIntercalibration_NonClosure_2018data)
                                       0.000  +/-  1.000  (JET_EtaIntercalibration_NonClosure_highE)
                                       0.005  +/-  1.000  (JET_EtaIntercalibration_NonClosure_negEta)
                                       0.001  +/-  1.000  (JET_EtaIntercalibration_NonClosure_posEta)
                                       0.009  +/-  0.998  (JET_EtaIntercalibration_TotalStat)
                                       0.000  +/-  1.000  (JET_Flavor_Composition_prop)
                                      -0.003  +/-  1.000  (JET_Flavor_Response_prop)
                                       0.003  +/-  0.994  (JET_Pileup_OffsetMu)
                                       0.023  +/-  0.953  (JET_Pileup_OffsetNPV)
                                      -0.022  +/-  0.994  (JET_Pileup_PtTerm)
                                       0.069  +/-  0.741  (JET_Pileup_RhoTopology)
                                      -0.000  +/-  1.000  (JET_PunchThrough_MC16)
                                      -0.042  +/-  0.986  (JET_JER_DataVsMC_MC16_PseudoData)
                                      -0.083  +/-  0.955  (JET_JER_EffectiveNP_1_PseudoData)
                                      -0.090  +/-  0.885  (JET_JER_EffectiveNP_2_PseudoData)
                                      -0.060  +/-  0.973  (JET_JER_EffectiveNP_3_PseudoData)
                                      -0.044  +/-  0.985  (JET_JER_EffectiveNP_4_PseudoData)
                                      -0.020  +/-  0.990  (JET_JER_EffectiveNP_5_PseudoData)
                                      -0.036  +/-  0.982  (JET_JER_EffectiveNP_6_PseudoData)
                                      -0.023  +/-  0.997  (JET_JER_EffectiveNP_7_PseudoData)
                                      -0.024  +/-  0.996  (JET_JER_EffectiveNP_8_PseudoData)
                                      -0.039  +/-  0.990  (JET_JER_EffectiveNP_9_PseudoData)
                                       0.001  +/-  0.998  (JET_JER_EffectiveNP_10_PseudoData)
                                      -0.009  +/-  0.997  (JET_JER_EffectiveNP_11_PseudoData)
                                      -0.052  +/-  0.993  (JET_JER_EffectiveNP_12restTerm_PseudoData)
                                       0.008  +/-  0.993  (JET_JvtEfficiency)
                                      -0.001  +/-  0.988  (PRW_DATASF)
                                       0.013  +/-  0.999  (MET_SoftTrk_ResoPara)
                                      -0.001  +/-  0.999  (MET_SoftTrk_ResoPerp)
                                       0.001  +/-  0.999  (MET_SoftTrk_Scale)
                                      -0.002  +/-  1.000  (WMASS_VAR_signal)
                                      -0.007  +/-  0.698  (FT_EFF_Eigen_B_0)
                                       0.003  +/-  0.955  (FT_EFF_Eigen_B_1)
                                       0.005  +/-  0.987  (FT_EFF_Eigen_B_2)
                                       0.003  +/-  0.999  (FT_EFF_Eigen_B_3)
                                      -0.002  +/-  1.000  (FT_EFF_Eigen_B_4)
                                       0.000  +/-  1.000  (FT_EFF_Eigen_B_5)
                                      -0.000  +/-  1.000  (FT_EFF_Eigen_B_6)
                                      -0.000  +/-  1.000  (FT_EFF_Eigen_B_7)
                                      -0.000  +/-  1.000  (FT_EFF_Eigen_B_8)
                                       0.060  +/-  0.977  (FT_EFF_Eigen_C_0)
                                      -0.003  +/-  0.998  (FT_EFF_Eigen_C_1)
                                       0.003  +/-  1.000  (FT_EFF_Eigen_C_2)
                                      -0.001  +/-  1.000  (FT_EFF_Eigen_C_3)
                                       0.016  +/-  0.981  (FT_EFF_Eigen_Light_0)
                                      -0.015  +/-  0.998  (FT_EFF_Eigen_Light_1)
                                      -0.013  +/-  0.999  (FT_EFF_Eigen_Light_2)
                                      -0.004  +/-  1.000  (FT_EFF_Eigen_Light_3)
                                      -0.044  +/-  0.983  (FT_EFF_extrapolation)
                                       0.014  +/-  0.999  (FT_EFF_extrapolation_from_charm)
                                       0.005  +/-  0.998  (THEORY_CROSS_SECTION_signal)
                                      -0.086  +/-  0.498  (THEORY_SHOWERING_HERWIG7_signal)
                                       0.022  +/-  0.995  (THEORY_SCALE_FACTORISATION_signal)
                                      -0.012  +/-  0.979  (THEORY_SCALE_RENORMALISATION_signal)
                                      -0.061  +/-  0.838  (THEORY_ISR_signal)
                                      -0.144  +/-  0.836  (THEORY_FSR_signal)
                                      -0.054  +/-  0.873  (THEORY_HDAMP_signal)
                                      -0.142  +/-  0.949  (THEORY_PTHARD_signal)
                                      -0.004  +/-  0.926  (THEORY_TOPRECOIL_signal)
                                       0.009  +/-  0.913  (THEORY_TOP_MASS_signal)
                                       0.005  +/-  0.999  (THEORY_PDF4LHC_VARIATION_signal)
                                      -0.033  +/-  0.699  (THEORY_DR_DS_signal)
                                       0.029  +/-  0.977  (THEORY_CROSS_SECTION_Wjets)
                                       0.006  +/-  0.927  (THEORY_SCALE_COMBINED_Wjets)
                                       0.001  +/-  0.998  (THEORY_PDF4LHC_VARIATION_Wjets)
                                      -0.002  +/-  1.000  (THEORY_EWK_Wjets)
                                       0.011  +/-  0.993  (THEORY_SCALE_COMBINED_multiboson_noW)
                                       0.002  +/-  1.000  (THEORY_PDF4LHC_VARIATION_multiboson_noW)
                                      -0.000  +/-  1.000  (THEORY_EWK_multiboson_noW)
                                       0.046  +/-  0.975  (THEORY_CROSS_SECTION_other_top_noWt)
                                      -0.013  +/-  0.988  (FAKES_Electron)
                                       0.004  +/-  1.000  (FAKES_Muon)
                                       0.018  +/-  0.981  (LUMINOSITY)

  Correlation matrix 
        1   0.00257   -0.0554  -0.00306    0.0617    0.0253  1.96e-14  1.96e-14  0.000662  0.000178   5.9e-15  -0.00729    0.0218   0.00266  -0.00207 -0.000203 -0.000257    0.0158    0.0338   -0.0316  -0.00404   -0.0394   -0.0665  -0.00641     -0.34    0.0215    0.0107  -0.00501  -0.00137   -0.0244  0.000993  -0.00249 -0.000979  -0.00579    -0.187    -0.124  5.51e-05   -0.0025  -0.00137   -0.0447  6.98e-05  0.000721   -0.0519   -0.0992   -0.0247    -0.357  6.65e-05    0.0678     0.128     0.246     0.117   -0.0132   -0.0218      0.01    0.0216   0.00487   0.00997    0.0432    0.0133    0.0132    0.0544      0.14   0.00143  -0.00532    0.0121   0.00174     0.451     0.069    0.0509   0.00604  -0.00404  0.000482 -9.05e-06  9.57e-06 -5.48e-07     0.149    0.0138    0.0107  0.000584     0.078  0.000657 -0.000646  -0.00113  -0.00847    0.0247    0.0147     0.531   -0.0115    0.0661     0.053    -0.164    0.0678   -0.0251   -0.0134  -0.00907   -0.0153   0.00844    0.0924     0.138     0.014  -0.00015    0.0545   0.00867  0.000308     0.109    0.0415    0.0135     0.104
  0.00257         1 -9.54e-05  0.000313   0.00125  0.000496  3.05e-16  3.05e-16 -3.94e-05 -5.73e-05  5.53e-17  8.52e-05   0.00025  4.65e-05  0.000195  2.57e-05  3.21e-05  0.000284  0.000597 -6.07e-05 -5.16e-05   -0.0007  -0.00057 -0.000153  -0.00051 -0.000299 -0.000443 -0.000195 -0.000145 -0.000353 -0.000121  -0.00023 -0.000283 -0.000116 -0.000173  -0.00118  2.78e-07  2.57e-05  3.96e-05 -0.000466   2.4e-06 -4.32e-05 -0.000657  -0.00061  -0.00158  0.000686   8.6e-06  -0.00326  -0.00393  -0.00766  -0.00326  -0.00341 -0.000214  -0.00167  -0.00067  -0.00132  -0.00108 -0.000107  -0.00108 -0.000673  0.000552  -0.00252   0.00048  0.000205   0.00021   2.4e-05   0.00609   0.00374   0.00176 -0.000458  1.97e-05  7.54e-06  1.42e-06  1.88e-07  4.53e-10 -0.000647   2.9e-05  9.76e-05 -2.75e-06 -0.000493  1.54e-06  7.91e-06  1.89e-05  0.000389 -0.000165 -0.000569   -0.0123  -0.00026  -0.00375  -0.00828 -0.000609  -0.00261  -0.00474   0.00182   -0.0046 -0.000592  -0.00329 -0.000656  -0.00153 -2.37e-05  2.84e-05 -0.000432 -7.61e-05 -8.75e-06 -0.000181 -0.000973  -0.00025   0.00181
  -0.0554 -9.54e-05         1  -0.00104  -0.00239    -0.001 -6.07e-16 -6.07e-16  7.12e-05  0.000199 -1.41e-15 -0.000465 -9.37e-05  -7.6e-05 -0.000713 -9.22e-05 -0.000103 -0.000413 -0.000848 -0.000699  -7.8e-05  -0.00381  -0.00311  -0.00124   -0.0181 -0.000978  -0.00138 -0.000623 -0.000614   -0.0014 -0.000681 -0.000558 -0.000782 -0.000393  -0.00292   -0.0023 -8.03e-07  0.000448  0.000122  -0.00107  2.49e-05 -0.000388  -0.00314   -0.0092  -0.00419   -0.0339 -6.99e-05  -0.00646    -0.015   -0.0194  -0.00939  -0.00206  -0.00457  -0.00778   -0.0041  -0.00192  -0.00706  -0.00257 -0.000766  -0.00635  -0.00173     0.001  0.000829  6.58e-05  -0.00072 -0.000126   -0.0225  -0.00807  -0.00365   0.00167 -0.000315  1.79e-05 -4.51e-06 -7.27e-07 -5.24e-08   0.00552 -5.88e-05  0.000164 -9.87e-05   0.00358  -0.00145  -0.00126 -0.000358  -0.00314   0.00205  0.000363   0.00494   0.00508 -0.000257    0.0154  -0.00458   0.00851    -0.012   0.00424   0.00812   0.00191  -0.00927   0.00456   0.00131  0.000641 -0.000106   0.00232  0.000444  -1.7e-05   0.00525  0.000225   0.00097  -0.00304
 -0.00306  0.000313  -0.00104         1  -0.00415  -0.00131 -4.66e-16 -4.66e-16  -2.4e-05 -0.000337 -3.97e-16 -0.000736  -0.00158 -0.000195  -0.00118 -0.000158 -0.000197  -0.00113  -0.00239 -0.000148 -4.83e-06  -0.00121 -0.000134 -3.86e-05  -0.00499 -0.000535 -8.73e-05 -2.64e-05 -0.000229 -0.000208   -0.0003 -5.31e-05  0.000177     1e-05  -0.00514 -0.000307 -4.97e-07 -8.63e-05  -7.8e-05 -0.000653 -6.56e-06 -0.000325  -0.00114  -0.00263  0.000788   -0.0148 -5.74e-05  0.000987 -0.000983   0.00163 -8.19e-05 -0.000399  -0.00272  -0.00279 -0.000968 -0.000212  -0.00224 -0.000757 -0.000686  -0.00242  -0.00331   0.00298  -0.00142 -0.000924 -0.000992 -0.000284   -0.0272   -0.0127  -0.00451 -7.96e-06 -0.000133 -1.99e-05  -4.8e-06 -5.55e-07  -4.1e-08 -0.000922    -0.002   -0.0002 -9.15e-05  -0.00374  -0.00127 -0.000879  -0.00031  -0.00319 -0.000248 -0.000991    0.0256  -0.00121   0.00167 -0.000816  -0.00564  -0.00609  -0.00276  -0.00827  -0.00613 -7.93e-05   -0.0253  -0.00418  -0.00862  -0.00131 -0.000135  -0.00241 -0.000464 -4.62e-06  -0.00461   -0.0035  5.29e-05  -0.00783
   0.0617   0.00125  -0.00239  -0.00415         1  -0.00378 -1.66e-15 -1.66e-15  4.08e-05  -0.00054 -1.26e-15  -0.00152  -0.00439 -0.000538  -0.00262 -0.000368 -0.000459  -0.00317  -0.00669 -0.000365  0.000117 -0.000552  0.000382 -8.58e-05   -0.0138 -0.000985  4.72e-05  0.000274 -1.19e-05 -0.000776 -0.000348 -2.61e-05  0.000494  0.000156   -0.0128  0.000544 -8.49e-07 -0.000142  -0.00021  -0.00225 -7.56e-06 -0.000241  -0.00275  -0.00851   0.00296   -0.0479 -8.78e-05   0.00676   0.00101   0.00918   0.00375    0.0012  -0.00701   -0.0064 -0.000295   0.00228  -0.00437  -0.00109  -0.00114  -0.00486   -0.0103   0.00812  -0.00284  -0.00203  -0.00186 -0.000392   -0.0869   -0.0316   -0.0153   6.4e-05 -0.000303 -2.53e-05 -7.64e-06 -7.25e-07 -2.63e-08 -0.000273  -0.00304  -0.00023 -8.46e-05  -0.00268  -0.00111 -0.000544 -0.000219  -0.00237 -0.000323  -0.00018    0.0395  -0.00123    0.0111   0.00105  -0.00516    -0.016  4.18e-05   -0.0256  -0.00488  0.000505   -0.0229  -0.00376  -0.00548  -0.00111 -0.000163  -0.00237 -0.000466  1.36e-05  -0.00752  -0.00269   0.00048   -0.0206
   0.0253  0.000496    -0.001  -0.00131  -0.00378         1 -6.63e-16 -6.63e-16   3.1e-05 -0.000167 -4.96e-16 -0.000487  -0.00123 -0.000169 -0.000833 -0.000122 -0.000151 -0.000993   -0.0021 -0.000194  5.81e-05 -6.03e-05  1.98e-05  -0.00012   -0.0063 -0.000199  0.000108  0.000105  1.59e-05  -0.00024 -0.000101  4.55e-05  0.000146  5.16e-05  -0.00447  0.000142 -4.44e-07  -6.2e-06 -6.12e-05 -0.000746 -4.88e-07 -5.97e-05  -0.00114  -0.00408  0.000895   -0.0184  -2.6e-05   0.00243  0.000519   0.00336   0.00148   0.00131  -0.00201  -0.00173 -1.95e-05   0.00107  -0.00115 -0.000454 -0.000317  -0.00171  -0.00304    0.0031 -0.000895 -0.000635 -0.000709 -0.000124   -0.0257   -0.0105  -0.00507  0.000365 -0.000101 -7.58e-06 -2.54e-06  -2.3e-07 -1.67e-09 -0.000484 -0.000797 -7.61e-05 -1.43e-05 -0.000574 -0.000219 -0.000102 -4.47e-05 -0.000576 -6.89e-05  0.000151    0.0157  0.000199   0.00423   0.00183   0.00233  -0.00517  0.000218  -0.00645  -0.00033  0.000521  -0.00415 -0.000898 -0.000861 -0.000261 -4.94e-05 -0.000619 -0.000117  3.68e-06  -0.00238  -0.00049  0.000255  -0.00657
 1.96e-14  3.05e-16 -6.07e-16 -4.66e-16 -1.66e-15 -6.63e-16         1 -1.21e-27  3.81e-17 -2.19e-16 -9.12e-28 -1.18e-16 -2.49e-16 -5.53e-17 -2.73e-16 -3.34e-17 -3.56e-17 -3.38e-16  -6.9e-16 -1.16e-16  7.77e-17 -7.17e-17 -6.28e-16 -1.43e-16 -2.46e-15 -6.83e-17  3.98e-16  4.12e-17 -2.98e-17  2.49e-16 -2.47e-16  3.94e-17  1.51e-18  3.39e-17  5.21e-16  3.57e-16 -2.75e-19  1.15e-16 -3.13e-17   6.5e-16  7.08e-18 -9.29e-17  2.81e-16 -1.72e-16  9.96e-16 -7.26e-16 -3.95e-17  2.88e-15  4.72e-15  1.09e-14  4.86e-15  1.87e-15  1.01e-15  1.52e-15  1.28e-15  1.89e-15   8.1e-16  1.01e-15  5.57e-16 -1.61e-15 -1.15e-16  4.06e-15 -4.34e-17 -8.13e-17 -3.81e-16 -6.92e-17 -3.69e-15 -5.73e-15 -1.33e-15  9.15e-16 -2.49e-17  7.81e-18 -2.39e-18 -3.88e-19  4.36e-22  1.36e-15  -7.1e-16  2.62e-16 -1.58e-17 -2.22e-17 -1.96e-16 -2.57e-17 -1.47e-17 -2.64e-17  4.25e-17  2.57e-16 -7.03e-15  1.23e-15  5.09e-15 -3.96e-15  5.77e-15 -1.02e-14 -4.91e-15   1.4e-15  5.27e-15  9.91e-16 -4.27e-15 -2.69e-16 -4.07e-16  3.66e-17 -5.41e-17 -4.77e-16 -7.84e-17  1.42e-18 -8.37e-16 -5.44e-16  2.13e-16 -2.38e-15
 1.96e-14  3.05e-16 -6.07e-16 -4.66e-16 -1.66e-15 -6.63e-16 -1.21e-27         1  3.81e-17 -2.19e-16 -9.12e-28 -1.18e-16 -2.49e-16 -5.53e-17 -2.73e-16 -3.34e-17 -3.56e-17 -3.38e-16  -6.9e-16 -1.16e-16  7.77e-17 -7.17e-17 -6.28e-16 -1.43e-16 -2.46e-15 -6.83e-17  3.98e-16  4.12e-17 -2.98e-17  2.49e-16 -2.47e-16  3.94e-17  1.51e-18  3.39e-17  5.21e-16  3.57e-16 -2.75e-19  1.15e-16 -3.13e-17   6.5e-16  7.08e-18 -9.29e-17  2.81e-16 -1.72e-16  9.96e-16 -7.26e-16 -3.95e-17  2.88e-15  4.72e-15  1.09e-14  4.86e-15  1.87e-15  1.01e-15  1.52e-15  1.28e-15  1.89e-15   8.1e-16  1.01e-15  5.57e-16 -1.61e-15 -1.15e-16  4.06e-15 -4.34e-17 -8.13e-17 -3.81e-16 -6.92e-17 -3.69e-15 -5.73e-15 -1.33e-15  9.15e-16 -2.49e-17  7.81e-18 -2.39e-18 -3.88e-19  4.36e-22  1.36e-15  -7.1e-16  2.62e-16 -1.58e-17 -2.22e-17 -1.96e-16 -2.57e-17 -1.47e-17 -2.64e-17  4.25e-17  2.57e-16 -7.03e-15  1.23e-15  5.09e-15 -3.96e-15  5.77e-15 -1.02e-14 -4.91e-15   1.4e-15  5.27e-15  9.91e-16 -4.27e-15 -2.69e-16 -4.07e-16  3.66e-17 -5.41e-17 -4.77e-16 -7.84e-17  1.42e-18 -8.37e-16 -5.44e-16  2.13e-16 -2.38e-15
 0.000662 -3.94e-05  7.12e-05  -2.4e-05  4.08e-05   3.1e-05  3.81e-17  3.81e-17         1 -4.77e-05  1.93e-17 -4.74e-06 -1.49e-05   1.3e-06 -1.15e-05  1.35e-06   1.6e-06  8.44e-06  1.69e-05 -1.54e-05 -7.63e-06 -0.000189 -7.28e-05  6.94e-06  4.93e-05 -2.98e-05  -3.1e-05 -2.36e-05  -3.5e-05 -2.71e-06 -2.37e-05 -1.54e-05 -4.78e-06 -2.49e-05  -9.9e-05 -0.000151 -9.27e-08 -9.96e-06 -4.34e-06 -5.09e-05 -6.84e-07 -3.12e-05 -5.64e-06  0.000171    -8e-05  0.000374 -7.41e-10 -0.000225  -4.6e-05 -0.000144 -0.000137 -0.000245  2.26e-05 -5.68e-06  4.16e-05 -4.69e-05  7.35e-05  1.68e-05 -3.14e-05  9.07e-05  1.17e-05 -0.000184 -3.57e-06  3.79e-05  4.35e-06 -2.14e-05  9.62e-05  9.07e-05  9.68e-05 -6.47e-05 -2.82e-06    -2e-06 -3.02e-07 -5.87e-08 -5.81e-09  8.22e-05 -6.67e-05 -1.62e-05 -8.06e-06 -0.000321 -0.000127 -0.000113 -3.67e-05  -0.00047 -3.09e-06 -0.000106  -0.00208 -0.000154 -0.000414  0.000136 -0.000665  0.000435 -0.000324  8.03e-05 -0.000265 -5.46e-05  -0.00264 -0.000236 -0.000526 -0.000162  -6.3e-06  -0.00016 -4.33e-05 -1.14e-06  -7.2e-05 -0.000202 -2.29e-05  3.97e-05
 0.000178 -5.73e-05  0.000199 -0.000337  -0.00054 -0.000167 -2.19e-16 -2.19e-16 -4.77e-05         1 -8.11e-17 -0.000123 -0.000134 -2.04e-05 -0.000207 -2.06e-05 -2.53e-05 -0.000117 -0.000244  1.19e-05  4.45e-05 -0.000534 -6.17e-05  7.56e-05 -0.000406  -0.00011  0.000165  3.02e-05 -4.36e-05  0.000103 -6.48e-05  4.32e-05  1.94e-05  3.04e-06  -0.00112 -0.000314 -4.61e-07  2.15e-05 -2.38e-05 -0.000109  1.03e-06 -0.000141 -0.000239  -0.00039  9.82e-05   0.00066  2.74e-06  0.000273  0.000911   0.00186  0.000378 -0.000432  0.000234  0.000428  0.000379  0.000118  0.000636  0.000307 -0.000524 -0.000583 -3.61e-05   0.00045 -0.000237 -0.000212  -0.00027  -0.00015  0.000714  -0.00184 -0.000375 -6.66e-05 -2.25e-05 -1.41e-05 -2.52e-06 -3.28e-07 -1.96e-08 -0.000911 -0.000523 -8.63e-05 -2.47e-05  -0.00217 -0.000485 -0.000427 -0.000161  -0.00225 -0.000271 -0.000243  -0.00236 -0.000614  -0.00026  -0.00517  0.000168  -0.00563  -0.00284 -0.000777  -0.00349  -2.6e-05  -0.00798  -0.00199  -0.00275 -0.000859 -8.36e-05  -0.00138 -0.000305 -6.16e-06  -0.00194   -0.0015 -6.07e-05  -0.00103
  5.9e-15  5.53e-17 -1.41e-15 -3.97e-16 -1.26e-15 -4.96e-16 -9.12e-28 -9.12e-28  1.93e-17 -8.11e-17         1 -1.17e-16 -1.91e-16 -4.12e-17 -2.36e-16 -2.73e-17 -2.64e-17 -2.48e-16 -4.99e-16 -1.56e-16  2.39e-17 -7.73e-16 -1.05e-15 -3.54e-16 -3.25e-15 -3.97e-16 -1.22e-16 -1.49e-16 -1.96e-16 -5.69e-17 -3.92e-16 -1.69e-16 -1.85e-16 -8.59e-17  1.24e-15 -1.29e-16 -1.94e-19  1.69e-16  1.32e-17  3.92e-16     1e-17 -1.27e-16  1.42e-16  7.48e-17   7.4e-17 -2.76e-15  -4.2e-17  1.58e-16 -3.01e-16  2.83e-15   1.3e-15 -2.74e-16 -6.06e-16 -1.27e-15  2.21e-16  9.89e-16 -1.31e-15  3.26e-16  1.76e-16 -2.43e-15 -3.85e-16  2.97e-15  4.29e-16  2.45e-16 -1.58e-16 -3.33e-17 -7.61e-15 -4.58e-15 -1.27e-15  8.35e-16 -7.25e-17  1.81e-17 -1.53e-18 -3.05e-19 -6.44e-21  3.16e-15 -4.35e-16  3.52e-16 -2.93e-17  1.53e-15 -3.54e-16 -1.92e-16 -4.11e-17 -7.89e-17  5.93e-16  1.31e-16 -5.07e-15     2e-15   3.3e-15  4.67e-16   3.8e-15 -4.32e-15 -6.93e-15  2.28e-15  6.61e-15  9.31e-16 -7.04e-15  1.54e-15     1e-15  3.71e-16 -1.47e-17  5.74e-16  1.06e-16 -9.91e-19   1.5e-15  4.52e-17   3.5e-16 -1.63e-15
 -0.00729  8.52e-05 -0.000465 -0.000736  -0.00152 -0.000487 -1.18e-16 -1.18e-16 -4.74e-06 -0.000123 -1.17e-16         1 -0.000531 -7.06e-05 -0.000465 -6.57e-05 -8.23e-05 -0.000408 -0.000865 -5.31e-05 -1.11e-06 -0.000445 -1.67e-06 -4.19e-05  -0.00222 -0.000211 -4.73e-05  -1.5e-05 -9.69e-05 -9.14e-05 -0.000116 -1.49e-05  5.76e-05   1.1e-05  -0.00218 -0.000177 -1.73e-07 -2.72e-05 -2.08e-05 -0.000295 -2.49e-06 -0.000128  -0.00058  -0.00143  0.000219  -0.00626 -2.04e-05 -2.18e-05  -0.00118 -0.000862 -0.000684  -0.00033  -0.00123  -0.00142 -0.000627 -0.000303  -0.00113 -0.000481 -0.000482  -0.00114  -0.00117   0.00104 -0.000581  -0.00039  -0.00043 -0.000112  -0.00892  -0.00478  -0.00158  2.53e-05 -5.12e-05 -7.77e-06 -1.65e-06 -1.55e-07 -1.31e-08 -0.000933 -0.000772 -9.22e-05 -3.19e-05  -0.00163 -0.000457 -0.000323 -0.000113  -0.00114 -0.000143 -0.000464    0.0155 -0.000445  0.000178   -0.0008 -0.000837  -0.00255  -0.00127  -0.00271  -0.00352 -5.88e-05  -0.00969  -0.00188  -0.00375 -0.000523 -4.95e-05  -0.00106 -0.000195 -3.39e-06   -0.0021  -0.00153  1.76e-05  -0.00293
   0.0218   0.00025 -9.37e-05  -0.00158  -0.00439  -0.00123 -2.49e-16 -2.49e-16 -1.49e-05 -0.000134 -1.91e-16 -0.000531         1 -0.000238 -0.000977 -0.000131 -0.000166  -0.00141  -0.00297  9.75e-05  1.08e-06  5.71e-05  0.000705  0.000263  0.000108 -0.000683 -0.000262  0.000128  6.93e-05 -0.000454 -5.86e-05 -0.000169  0.000241  8.97e-05  -0.00433  0.000534  4.03e-07 -0.000184 -0.000104  -0.00109 -8.15e-06 -2.37e-06 -0.000399  0.000137   0.00144   -0.0128 -2.63e-05   0.00255  5.25e-05   0.00229   0.00105  -0.00225  -0.00373   -0.0037 -3.74e-05  0.000233  -0.00242 -2.63e-05 -0.000642  -0.00114  -0.00539   0.00139  -0.00106 -0.000835 -0.000237 -7.45e-05   -0.0458   -0.0109  -0.00644  -0.00116 -9.17e-05 -5.75e-06 -1.23e-06 -4.99e-08 -1.04e-08    0.0011   -0.0013 -3.71e-05 -3.62e-05  -0.00057 -0.000301  1.58e-05 -1.23e-05  0.000128 -0.000267 -0.000298   0.00184  -0.00215   0.00339  -0.00464   -0.0126  -0.00664   0.00126   -0.0172  -0.00473 -0.000934  -0.00923  -0.00118  -0.00165  -0.00022 -2.23e-05 -0.000639 -0.000136   1.3e-05   -0.0025 -0.000979 -0.000109  -0.00847
  0.00266  4.65e-05  -7.6e-05 -0.000195 -0.000538 -0.000169 -5.53e-17 -5.53e-17   1.3e-06 -2.04e-05 -4.12e-17 -7.06e-05 -0.000238         1 -0.000122 -1.74e-05 -2.18e-05 -0.000158 -0.000334 -7.92e-06  3.57e-06 -2.46e-06   4.9e-05  7.39e-06  -0.00046 -5.76e-05 -1.08e-05  1.47e-05  4.27e-06 -4.79e-05 -1.07e-05 -7.53e-06   2.5e-05  9.66e-06 -0.000626   3.3e-05 -2.39e-09 -1.31e-05 -1.06e-05 -0.000128 -6.31e-07 -5.39e-06 -0.000122 -0.000317  0.000143  -0.00216 -3.49e-06  0.000298 -1.17e-05  0.000275  0.000122 -7.11e-05 -0.000385 -0.000376 -2.51e-05  6.53e-05  -0.00025 -4.72e-05 -8.12e-05 -0.000201  -0.00055  0.000285 -0.000138 -0.000103 -7.01e-05 -1.41e-05  -0.00458  -0.00142 -0.000745 -5.14e-05 -1.26e-05 -1.01e-06 -2.44e-07 -1.52e-08  -6.9e-10 -2.77e-05 -0.000146 -1.04e-05 -3.34e-06 -0.000119  -3.5e-05 -6.53e-06 -4.08e-06    -3e-05 -3.16e-05 -2.25e-05   0.00158 -0.000138  0.000455 -0.000264 -0.000596 -0.000829  8.29e-05  -0.00153 -0.000472 -3.23e-05 -0.000959 -0.000191 -0.000255 -4.01e-05    -5e-06 -0.000111  -2.1e-05  9.24e-07 -0.000379 -0.000132  6.73e-06    -0.001
 -0.00207  0.000195 -0.000713  -0.00118  -0.00262 -0.000833 -2.73e-16 -2.73e-16 -1.15e-05 -0.000207 -2.36e-16 -0.000465 -0.000977 -0.000122         1   -0.0001 -0.000125 -0.000711  -0.00151 -9.77e-05  6.33e-07 -0.000743 -7.03e-05 -3.75e-05  -0.00349 -0.000331 -6.64e-05 -1.17e-05 -0.000133 -0.000165 -0.000173 -3.07e-05  0.000101  8.32e-06  -0.00342 -0.000218  -3.2e-07 -4.62e-05 -4.57e-05 -0.000481 -3.62e-06 -0.000194 -0.000828  -0.00203  0.000407   -0.0103 -3.31e-05   0.00052 -0.000978  0.000341 -0.000338 -0.000267  -0.00181  -0.00189 -0.000687 -0.000184  -0.00149  -0.00055 -0.000508  -0.00158  -0.00212   0.00176 -0.000884 -0.000598 -0.000631 -0.000175   -0.0173  -0.00794  -0.00294  4.81e-07 -8.66e-05 -1.27e-05 -2.95e-06 -3.28e-07 -2.43e-08 -0.000707  -0.00119 -0.000136 -5.36e-05  -0.00225 -0.000757  -0.00053 -0.000187  -0.00195 -0.000149 -0.000569    0.0167 -0.000698  0.000985 -0.000446  -0.00324  -0.00374  -0.00162  -0.00526  -0.00405 -3.48e-05   -0.0146  -0.00251  -0.00509  -0.00079 -8.38e-05  -0.00145 -0.000278 -3.05e-06  -0.00286  -0.00209  4.66e-05  -0.00493
-0.000203  2.57e-05 -9.22e-05 -0.000158 -0.000368 -0.000122 -3.34e-17 -3.34e-17  1.35e-06 -2.06e-05 -2.73e-17 -6.57e-05 -0.000131 -1.74e-05   -0.0001         1 -1.89e-05 -0.000101 -0.000214 -1.65e-05  1.51e-06 -3.87e-05  1.46e-05 -1.15e-05   -0.0006  -3.7e-05    -5e-06  3.19e-06 -1.06e-05 -3.02e-05 -1.76e-05 -9.62e-07  1.42e-05   5.3e-06 -0.000564 -2.99e-05 -2.48e-08 -7.42e-06 -5.33e-06 -9.37e-05 -5.51e-07 -1.63e-05 -0.000156  -0.00044  6.13e-05  -0.00181 -3.57e-06  7.28e-05 -0.000195 -0.000122 -7.49e-05 -3.39e-05 -0.000273 -0.000312 -0.000104 -1.93e-05 -0.000228   -0.0001 -0.000113 -0.000227 -0.000307  0.000233 -0.000129 -8.82e-05 -9.11e-05 -1.82e-05  -0.00231  -0.00108 -0.000426  4.56e-06 -9.46e-06 -1.22e-06 -2.34e-07  -1.2e-08 -7.61e-10 -0.000263 -0.000143 -1.66e-05 -3.67e-06 -0.000278    -5e-05 -2.85e-05 -1.06e-05 -9.48e-05 -4.56e-05 -7.46e-05   0.00321  -8.4e-05  0.000147 -0.000282  0.000147 -0.000705 -0.000129 -0.000692 -0.000729 -9.32e-06  -0.00138 -0.000357 -0.000611 -7.66e-05 -6.28e-06 -0.000199 -3.48e-05 -3.48e-07 -0.000478 -0.000255  3.35e-06 -0.000703
-0.000257  3.21e-05 -0.000103 -0.000197 -0.000459 -0.000151 -3.56e-17 -3.56e-17   1.6e-06 -2.53e-05 -2.64e-17 -8.23e-05 -0.000166 -2.18e-05 -0.000125 -1.89e-05         1 -0.000127 -0.000269 -2.08e-05   1.5e-06 -4.16e-05  2.54e-05 -1.17e-05 -0.000747 -4.27e-05    -5e-06  5.19e-06 -1.18e-05 -3.86e-05  -1.9e-05  7.78e-08  1.95e-05   7.3e-06 -0.000736 -3.98e-05 -2.88e-08 -1.14e-05  -7.1e-06 -0.000124 -8.11e-07 -1.94e-05 -0.000203 -0.000569  7.56e-05   -0.0023 -4.26e-06  9.64e-05 -0.000229 -0.000153 -9.29e-05 -3.71e-05 -0.000333 -0.000376 -0.000131 -3.08e-05 -0.000273 -0.000127 -0.000144 -0.000264 -0.000387  0.000269 -0.000169 -0.000115 -0.000115 -2.26e-05  -0.00287  -0.00134 -0.000529 -1.82e-06 -1.11e-05 -1.69e-06  -2.8e-07 -1.22e-08 -8.52e-10 -0.000369 -0.000179 -2.39e-05 -4.39e-06 -0.000372 -5.94e-05  -3.3e-05 -1.26e-05 -0.000112  -6.6e-05 -9.76e-05   0.00403 -0.000127  0.000161 -0.000391  0.000155 -0.000883 -0.000103 -0.000898 -0.000987 -2.08e-05   -0.0017 -0.000476 -0.000797 -0.000101 -7.71e-06 -0.000263 -4.57e-05 -4.29e-07  -0.00063 -0.000328 -3.07e-07 -0.000883
   0.0158  0.000284 -0.000413  -0.00113  -0.00317 -0.000993 -3.38e-16 -3.38e-16  8.44e-06 -0.000117 -2.48e-16 -0.000408  -0.00141 -0.000158 -0.000711 -0.000101 -0.000127         1  -0.00196 -3.68e-05  2.38e-05  4.11e-05  0.000319  5.23e-05   -0.0025 -0.000333 -4.87e-05  9.47e-05  3.43e-05 -0.000265 -5.83e-05 -3.98e-05  0.000154  6.15e-05  -0.00356  0.000251 -4.18e-09 -7.68e-05 -6.28e-05 -0.000729 -3.65e-06 -2.34e-05 -0.000653  -0.00171  0.000916   -0.0123 -1.99e-05   0.00187  9.99e-05   0.00191  0.000871 -0.000371  -0.00225  -0.00216 -8.31e-05  0.000453  -0.00142  -0.00024 -0.000447  -0.00114  -0.00324   0.00174 -0.000798 -0.000596 -0.000395 -7.84e-05   -0.0271  -0.00835  -0.00441 -0.000302 -7.23e-05 -5.44e-06 -1.37e-06 -8.16e-08    -3e-09 -8.37e-05 -0.000836 -5.25e-05 -1.77e-05 -0.000593 -0.000178 -1.46e-05 -1.61e-05 -9.72e-05 -0.000179   -0.0001    0.0091 -0.000796   0.00283  -0.00148  -0.00335  -0.00489  0.000598  -0.00904  -0.00253 -0.000181  -0.00521  -0.00102  -0.00126 -0.000206 -2.66e-05 -0.000593 -0.000113  5.98e-06  -0.00215  -0.00068  4.56e-05  -0.00587
   0.0338  0.000597 -0.000848  -0.00239  -0.00669   -0.0021  -6.9e-16  -6.9e-16  1.69e-05 -0.000244 -4.99e-16 -0.000865  -0.00297 -0.000334  -0.00151 -0.000214 -0.000269  -0.00196         1 -9.79e-05  4.61e-05  9.02e-05  0.000661  0.000105  -0.00557 -0.000686 -0.000107  0.000197  7.01e-05 -0.000577 -0.000118 -8.23e-05  0.000327  0.000126  -0.00776  0.000463  -1.6e-08 -0.000172 -0.000135   -0.0016 -8.31e-06 -4.83e-05  -0.00147  -0.00387   0.00188   -0.0267 -4.19e-05   0.00392  0.000224   0.00393   0.00182 -0.000745  -0.00471  -0.00453 -0.000189  0.000935  -0.00296  -0.00054  -0.00096  -0.00234  -0.00685   0.00358  -0.00172  -0.00127 -0.000851 -0.000165   -0.0571   -0.0176  -0.00929 -0.000647  -0.00015  -1.2e-05 -2.82e-06 -1.59e-07 -5.67e-09 -0.000396  -0.00177 -0.000124 -3.67e-05  -0.00138 -0.000362 -1.98e-05 -3.02e-05 -0.000159 -0.000418 -0.000249    0.0192  -0.00174   0.00584  -0.00317   -0.0069   -0.0103   0.00146    -0.019  -0.00562 -0.000404   -0.0111   -0.0023  -0.00287 -0.000458 -5.35e-05  -0.00133 -0.000252  1.24e-05  -0.00471  -0.00149  7.74e-05   -0.0124
  -0.0316 -6.07e-05 -0.000699 -0.000148 -0.000365 -0.000194 -1.16e-16 -1.16e-16 -1.54e-05  1.19e-05 -1.56e-16 -5.31e-05  9.75e-05 -7.92e-06 -9.77e-05 -1.65e-05 -2.08e-05 -3.68e-05 -9.79e-05         1 -9.53e-05  -0.00101  -0.00156 -0.000441   -0.0103  0.000218 -0.000256 -0.000245  -0.00022 -0.000561 -0.000142 -0.000107 -0.000212 -0.000234  -0.00451  -0.00204 -5.06e-07 -5.55e-05 -2.54e-05  -0.00105 -3.61e-06 -9.88e-05  -0.00223  -0.00666  -0.00205   -0.0183 -2.38e-05  -0.00122  0.000198  -0.00025  0.000168   0.00116   0.00147   0.00094 -0.000104  8.44e-05   0.00066 -0.000388  0.000171  0.000437  0.000116  -0.00102 -0.000237  7.86e-05 -0.000429  -2.4e-05   0.00257 -0.000962  0.000358  0.000463  1.19e-05 -1.01e-06 -2.59e-07 -1.29e-07 -3.04e-09  -0.00185 -0.000228  -8.2e-05 -1.48e-05  -0.00159 -0.000149 -9.92e-05 -1.05e-05  8.06e-05 -0.000317 -0.000503   -0.0203   0.00039  -0.00146   0.00117   0.00356  0.000987 -0.000853   0.00487   0.00042  0.000377  -0.00627  -0.00186  -0.00369 -0.000312  1.97e-05  -0.00102 -0.000155 -8.83e-06  -0.00183 -0.000977 -0.000164 -0.000705
 -0.00404 -5.16e-05  -7.8e-05 -4.83e-06  0.000117  5.81e-05  7.77e-17  7.77e-17 -7.63e-06  4.45e-05  2.39e-17 -1.11e-06  1.08e-06  3.57e-06  6.33e-07  1.51e-06   1.5e-06  2.38e-05  4.61e-05 -9.53e-05         1 -0.000269 -0.000276 -5.69e-05 -0.000975 -2.18e-07 -0.000115 -7.23e-05 -6.89e-05 -9.75e-05 -4.11e-05 -4.97e-05 -3.69e-05 -5.15e-05 -0.000418 -0.000354  1.11e-08 -3.02e-05 -2.79e-06  -0.00011  -1.9e-06 -3.12e-05 -0.000235 -0.000448 -0.000391  -0.00155 -8.49e-06 -0.000525 -0.000254 -0.000544 -0.000245 -0.000114  0.000176  9.11e-06 -0.000177 -0.000226  -9.5e-05 -0.000101  0.000109  0.000193  5.07e-05 -0.000423 -3.51e-05  4.29e-05 -1.69e-05  2.76e-06  0.000477  0.000251  0.000381 -2.31e-05  5.25e-06  6.97e-07  1.25e-07 -1.65e-08 -4.25e-09  -3.3e-05 -0.000111 -1.07e-05 -1.12e-05 -0.000327 -0.000112 -6.77e-05  -1.6e-05 -1.39e-05 -2.14e-05 -0.000226  -0.00358  -0.00011 -0.000736  0.000635  -0.00133   0.00131 -9.44e-05   0.00067 -5.61e-05 -7.32e-05  -0.00311 -0.000388  -0.00125 -5.95e-05  6.92e-06 -0.000161 -2.05e-05 -1.44e-06 -0.000139 -0.000326 -6.56e-05  0.000106
  -0.0394   -0.0007  -0.00381  -0.00121 -0.000552 -6.03e-05 -7.17e-17 -7.17e-17 -0.000189 -0.000534 -7.73e-16 -0.000445  5.71e-05 -2.46e-06 -0.000743 -3.87e-05 -4.16e-05  4.11e-05  9.02e-05  -0.00101 -0.000269         1  -0.00462 -0.000908   -0.0163 -0.000975  -0.00149 -0.000993  -0.00117  -0.00119 -0.000956 -0.000678 -0.000787 -0.000725  -0.00482  -0.00496 -1.89e-06  0.000156  1.32e-05   -0.0011  6.07e-06  -0.00102  -0.00339  -0.00653  -0.00597   -0.0201 -0.000107  -0.00873  -0.00965   -0.0122  -0.00807  -0.00356 -0.000302  -0.00277  -0.00328  -0.00342  -0.00321  -0.00142 -0.000134  -0.00343  0.000497  -0.00251  8.75e-05  0.000116 -0.000998 -0.000516  -0.00149  -0.00444   0.00153  0.000601 -0.000251  -2.9e-05 -1.08e-05 -1.96e-06 -1.65e-07   0.00415  -0.00215 -0.000278 -0.000274  -0.00581  -0.00397  -0.00328  -0.00105   -0.0112    0.0011   -0.0021   -0.0451  0.000814  -0.00845     0.008   -0.0246   0.00901   -0.0166   0.00761 -0.000814  0.000602   -0.0583  -0.00411   -0.0165  -0.00271 -0.000316  -0.00274  -0.00062 -4.07e-05  0.000206  -0.00632  3.02e-05 -0.000907
  -0.0665  -0.00057  -0.00311 -0.000134  0.000382  1.98e-05 -6.28e-16 -6.28e-16 -7.28e-05 -6.17e-05 -1.05e-15 -1.67e-06  0.000705   4.9e-05 -7.03e-05  1.46e-05  2.54e-05  0.000319  0.000661  -0.00156 -0.000276  -0.00462         1  -0.00129   -0.0228 -0.000106  -0.00112 -0.000934 -0.000896  -0.00138 -0.000783 -0.000593 -0.000898 -0.000746  -0.00603  -0.00543 -1.25e-06  9.42e-05   3.9e-06  -0.00149  4.83e-06 -0.000537   -0.0044   -0.0118  -0.00627   -0.0316 -9.69e-05  -0.00603   -0.0029  -0.00339  -0.00177   7.9e-05   0.00347   0.00109  -0.00101 -0.000796 -0.000138 -0.000468  0.000758   -0.0012   0.00174   -0.0023  0.000537  0.000698 -0.000752 -0.000131    0.0117  -0.00038   0.00302   0.00143 -5.24e-05  9.86e-06  -3.5e-06 -9.62e-07 -6.06e-08   0.00118 -0.000913  0.000111 -0.000126  -0.00276  -0.00161  -0.00122 -0.000332  -0.00273  0.000308  -0.00141   -0.0719   0.00248  -0.00481   0.00287  -0.00202   0.00348   -0.0124     0.016    0.0066    0.0013   -0.0299  -0.00252     -0.01 -0.000782 -4.98e-05  -0.00166 -0.000268 -3.01e-05 -0.000328  -0.00325 -0.000183   0.00103
 -0.00641 -0.000153  -0.00124 -3.86e-05 -8.58e-05  -0.00012 -1.43e-16 -1.43e-16  6.94e-06  7.56e-05 -3.54e-16 -4.19e-05  0.000263  7.39e-06 -3.75e-05 -1.15e-05 -1.17e-05  5.23e-05  0.000105 -0.000441 -5.69e-05 -0.000908  -0.00129         1  -0.00772 -5.95e-05 -0.000373 -0.000246 -0.000218 -0.000478 -0.000211 -0.000165 -0.000283 -0.000188  -0.00199  -0.00143 -2.79e-07  7.02e-05  2.71e-05 -0.000626  3.64e-06 -7.27e-05   -0.0015  -0.00455  -0.00173    -0.013 -1.82e-05  -0.00219  -0.00298  -0.00462  -0.00178 -0.000214  1.62e-06  -0.00114 -0.000682 -0.000225  -0.00099 -0.000616 -0.000246 -0.000968  0.000216 -0.000422   0.00025  0.000236 -0.000222  1.09e-05   0.00162 -0.000487  0.000213  0.000589 -2.76e-05  9.93e-06  3.02e-07 -9.44e-09  2.58e-09 -0.000192  8.05e-05  7.98e-05 -5.84e-06  0.000362 -5.24e-05 -5.58e-05   1.3e-05  0.000432  0.000182 -0.000207  -0.00669    0.0014  -0.00103    0.0021   0.00515   0.00152  -0.00324   0.00509   0.00188  0.000529  -0.00265   0.00026 -0.000648  0.000196  3.26e-05   0.00011  4.89e-05 -7.84e-06  0.000296 -0.000118  8.84e-05  4.22e-05
    -0.34  -0.00051   -0.0181  -0.00499   -0.0138   -0.0063 -2.46e-15 -2.46e-15  4.93e-05 -0.000406 -3.25e-15  -0.00222  0.000108  -0.00046  -0.00349   -0.0006 -0.000747   -0.0025  -0.00557   -0.0103 -0.000975   -0.0163   -0.0228  -0.00772         1   0.00217  -0.00445  -0.00326  -0.00282   -0.0107  -0.00181  -0.00151   -0.0038  -0.00319   -0.0848   -0.0317 -8.99e-06  1.71e-05 -0.000204   -0.0203 -3.34e-06  -0.00142    -0.042    -0.128   -0.0348    -0.357 -0.000252   -0.0228   -0.0248   -0.0463   -0.0171    0.0146   0.00991  -0.00158   -0.0084  -0.00191 -0.000893   -0.0113  -0.00468   -0.0062  -0.00579   -0.0143  -0.00426  -0.00169  -0.00877 -0.000728   -0.0182    -0.035   -0.0106   0.00828 -0.000374 -5.34e-05 -1.12e-05 -1.88e-06 -1.52e-08    -0.035  -0.00207  -0.00192 -0.000111   -0.0209  -0.00167  -0.00165  -0.00028  -0.00215  -0.00398  -0.00442    -0.211     0.011    -0.019    0.0102    0.0703  -0.00513    -0.021    0.0563   -0.0142   0.00774   -0.0416   -0.0242   -0.0434  -0.00422 -1.65e-05   -0.0141   -0.0021 -0.000154   -0.0303   -0.0133 -0.000884   -0.0241
   0.0215 -0.000299 -0.000978 -0.000535 -0.000985 -0.000199 -6.83e-17 -6.83e-17 -2.98e-05  -0.00011 -3.97e-16 -0.000211 -0.000683 -5.76e-05 -0.000331  -3.7e-05 -4.27e-05 -0.000333 -0.000686  0.000218 -2.18e-07 -0.000975 -0.000106 -5.95e-05   0.00217         1 -0.000523  -0.00013 -0.000173 -0.000235 -0.000283 -0.000287 -0.000149 -3.43e-05   0.00122  6.55e-05  2.55e-07  9.69e-05  2.99e-05  -5.4e-05  6.41e-06  -0.00013  0.000411   0.00264 -3.45e-05   0.00214 -1.53e-05  -0.00206  -0.00551  -0.00699  -0.00344  -0.00415  -0.00318  -0.00453  -0.00109 -0.000992  -0.00341   -0.0003  -0.00103  -0.00264  -0.00164  0.000343   0.00034 -1.23e-05   0.00014 -5.89e-05   -0.0167    -0.003  -0.00176 -0.000429 -0.000104  8.78e-06 -9.72e-07 -1.16e-07 -2.19e-08   0.00303 -0.000497  0.000191 -4.49e-05   0.00102 -0.000591 -0.000417 -0.000127  -0.00112  0.000572  -0.00027   0.00626  0.000207 -0.000296  -0.00265   -0.0068  -0.00196  -0.00623    -0.005  -0.00145 -0.000344  -0.00994   0.00119  0.000136  6.05e-05 -2.99e-05    0.0005  5.37e-05 -1.31e-06   0.00154 -0.000596  0.000167  -0.00184
   0.0107 -0.000443  -0.00138 -8.73e-05  4.72e-05  0.000108  3.98e-16  3.98e-16  -3.1e-05  0.000165 -1.22e-16 -4.73e-05 -0.000262 -1.08e-05 -6.64e-05    -5e-06    -5e-06 -4.87e-05 -0.000107 -0.000256 -0.000115  -0.00149  -0.00112 -0.000373  -0.00445 -0.000523         1  -0.00034 -0.000272 -0.000812  -0.00022 -0.000395 -0.000362 -0.000236  -0.00137  -0.00149  1.48e-07  3.41e-05  4.08e-05 -0.000985  2.86e-06 -7.91e-05  -0.00123  -0.00217  -0.00228   -0.0108 -1.18e-05  -0.00419  -0.00727   -0.0119  -0.00524  -0.00351  -0.00207  -0.00398  -0.00165  -0.00162  -0.00306 -0.000952 -0.000681  -0.00117  -0.00111  -0.00257  0.000502  0.000262  0.000186  3.74e-05    -0.011  0.000712 -0.000458 -0.000355 -7.05e-05  1.16e-05   8.4e-07   4.3e-08 -1.61e-08   0.00203  0.000126  7.42e-05 -3.24e-05   0.00135 -0.000345 -0.000271 -5.18e-05 -0.000107  0.000546 -0.000367   -0.0136  0.000584   -0.0032    0.0026  -0.00713     0.006  -0.00355 -0.000683 -0.000107 -0.000305  -0.00551   0.00156  0.000189  0.000322   3.9e-05  0.000924   0.00017 -5.27e-06   0.00222  8.36e-05  1.51e-05 -6.78e-05
 -0.00501 -0.000195 -0.000623 -2.64e-05  0.000274  0.000105  4.12e-17  4.12e-17 -2.36e-05  3.02e-05 -1.49e-16  -1.5e-05  0.000128  1.47e-05 -1.17e-05  3.19e-06  5.19e-06  9.47e-05  0.000197 -0.000245 -7.23e-05 -0.000993 -0.000934 -0.000246  -0.00326  -0.00013  -0.00034         1 -0.000221 -0.000269 -0.000189 -0.000162 -0.000182 -0.000155 -0.000621  -0.00102 -1.34e-07  8.58e-06   1.2e-05  -0.00024  7.87e-08  -0.00012 -0.000643  -0.00134   -0.0012  -0.00411 -2.05e-05  -0.00192   -0.0019  -0.00289  -0.00137 -0.000795  0.000112 -0.000641 -0.000553 -0.000545 -0.000691 -0.000289  5.41e-06 -0.000374  0.000297 -0.000719  0.000155  0.000199 -6.41e-05 -1.97e-05    0.0018  0.000354  0.000831  0.000149 -1.58e-05  4.05e-06 -2.93e-07  -1.3e-07 -1.43e-08   0.00054 -0.000215  3.77e-05 -3.15e-05 -0.000412  -0.00039 -0.000297  -7.8e-05 -0.000559  0.000152 -0.000455  -0.00874  0.000381  -0.00171   0.00134  -0.00146   0.00232  -0.00271   0.00293  0.000691  7.35e-05  -0.00835 -0.000374  -0.00231 -0.000134  2.07e-06 -0.000206 -3.18e-05 -6.31e-06   0.00029 -0.000734 -3.78e-05  0.000447
 -0.00137 -0.000145 -0.000614 -0.000229 -1.19e-05  1.59e-05 -2.98e-17 -2.98e-17  -3.5e-05 -4.36e-05 -1.96e-16 -9.69e-05  6.93e-05  4.27e-06 -0.000133 -1.06e-05 -1.18e-05  3.43e-05  7.01e-05  -0.00022 -6.89e-05  -0.00117 -0.000896 -0.000218  -0.00282 -0.000173 -0.000272 -0.000221         1  -0.00014 -0.000249 -0.000138 -0.000128 -0.000147 -0.000526 -0.000927 -2.68e-07  1.06e-06  3.69e-06 -5.95e-05 -1.09e-06 -0.000194  -0.00045 -0.000722 -0.000851  -0.00249    -3e-05  -0.00172  -0.00149  -0.00169  -0.00106 -0.000629  2.31e-05 -0.000596 -0.000574 -0.000502 -0.000716 -0.000304  3.99e-05 -0.000605   0.00031 -1.89e-06 -2.35e-05  0.000138 -0.000192 -7.59e-05   0.00183 -0.000959  0.000776  0.000233  -2.8e-05  2.71e-07 -1.24e-06 -2.61e-07 -2.37e-08  0.000509 -0.000544  1.43e-05 -4.99e-05  -0.00118 -0.000668 -0.000514 -0.000154  -0.00139  0.000143 -0.000662  -0.00233  0.000223  -0.00156   0.00187  -0.00157   0.00191  -0.00332   0.00297   0.00024  0.000115    -0.014  -0.00114  -0.00401 -0.000435 -2.51e-05 -0.000657 -0.000125 -7.81e-06   -0.0003  -0.00138 -1.67e-05 -8.89e-05
  -0.0244 -0.000353   -0.0014 -0.000208 -0.000776  -0.00024  2.49e-16  2.49e-16 -2.71e-06  0.000103 -5.69e-17 -9.14e-05 -0.000454 -4.79e-05 -0.000165 -3.02e-05 -3.86e-05 -0.000265 -0.000577 -0.000561 -9.75e-05  -0.00119  -0.00138 -0.000478   -0.0107 -0.000235 -0.000812 -0.000269  -0.00014         1 -6.34e-05 -0.000324 -0.000399 -0.000238  -0.00572  -0.00228 -1.17e-08  -3.4e-06  8.39e-06  -0.00198  1.85e-06  1.19e-05  -0.00301  -0.00796  -0.00314   -0.0257  1.45e-06  -0.00324  -0.00585   -0.0107  -0.00429  -0.00221  -0.00116  -0.00288   -0.0013  -0.00124  -0.00195 -0.000976  -0.00101 -0.000751  -0.00176  -0.00333  0.000118   -0.0001 -0.000148  4.64e-05   -0.0133 -0.000528  -0.00162 -0.000317 -4.58e-05  4.57e-06  1.09e-06  1.53e-07  3.22e-09 -0.000944  0.000253 -6.59e-05  3.42e-06  0.000382  0.000138  0.000119  6.58e-05  0.000948 -6.58e-05 -0.000149   -0.0258   0.00031  -0.00278  -0.00237  -0.00328  0.000868  -0.00171  -0.00167  -0.00304 -0.000223   0.00349  0.000212     9e-05  0.000275  4.28e-05  0.000147  5.72e-05 -6.35e-06 -0.000264 -3.04e-05  -0.00015  -0.00163
 0.000993 -0.000121 -0.000681   -0.0003 -0.000348 -0.000101 -2.47e-16 -2.47e-16 -2.37e-05 -6.48e-05 -3.92e-16 -0.000116 -5.86e-05 -1.07e-05 -0.000173 -1.76e-05  -1.9e-05 -5.83e-05 -0.000118 -0.000142 -4.11e-05 -0.000956 -0.000783 -0.000211  -0.00181 -0.000283  -0.00022 -0.000189 -0.000249 -6.34e-05         1  -0.00015  -0.00012  -0.00011  0.000256 -0.000575 -1.55e-07  3.47e-05  5.95e-06  0.000138  1.22e-06 -0.000174  -8.6e-05  0.000234 -0.000359 -0.000584 -3.34e-05  -0.00118  -0.00118 -0.000474 -0.000408 -0.000905 -0.000331    -0.001 -0.000351 -0.000151  -0.00102 -8.91e-05 -3.37e-05  -0.00117   5.7e-05  0.000894  7.34e-05  0.000154 -0.000152 -6.39e-05  -0.00106  -0.00199   0.00027  0.000297 -3.51e-05  5.92e-06  -1.1e-06 -2.28e-07 -1.76e-08   0.00115 -0.000604  0.000125 -4.43e-05 -0.000567 -0.000569 -0.000398 -0.000114 -0.000902  0.000214 -0.000544 -8.22e-05  0.000499 -0.000292   0.00034 -8.85e-05 -0.000555  -0.00452   0.00223   0.00119  0.000205   -0.0132  -0.00062  -0.00296 -0.000232 -1.78e-05 -0.000432 -8.22e-05 -5.57e-06 -3.01e-05  -0.00116  5.45e-05 -0.000592
 -0.00249  -0.00023 -0.000558 -5.31e-05 -2.61e-05  4.55e-05  3.94e-17  3.94e-17 -1.54e-05  4.32e-05 -1.69e-16 -1.49e-05 -0.000169 -7.53e-06 -3.07e-05 -9.62e-07  7.78e-08 -3.98e-05 -8.23e-05 -0.000107 -4.97e-05 -0.000678 -0.000593 -0.000165  -0.00151 -0.000287 -0.000395 -0.000162 -0.000138 -0.000324  -0.00015         1 -0.000174 -0.000106 -0.000224 -0.000645  1.38e-07  1.82e-05   1.4e-05 -0.000313  1.73e-06 -4.76e-05 -0.000385  -0.00038 -0.000888  -0.00312 -1.17e-05  -0.00164  -0.00254  -0.00384  -0.00164  -0.00178 -0.000732  -0.00162 -0.000512 -0.000556  -0.00129 -0.000169 -0.000273 -0.000693 -0.000459 -0.000806  0.000269  0.000145  0.000102   1.8e-05  -0.00496  5.05e-05 -7.87e-05 -0.000154 -2.41e-05  8.19e-06  3.72e-07  1.21e-09 -6.62e-09   0.00118 -9.77e-05  0.000103 -1.82e-05   0.00053 -0.000172 -9.36e-05 -1.33e-05  0.000154  0.000202 -0.000241  -0.00949  0.000245  -0.00103  -0.00089  -0.00305  0.000651  -0.00274 -0.000251  0.000243 -0.000148  -0.00411  0.000517 -0.000293  0.000163  1.82e-05  0.000273  5.32e-05 -2.14e-06  0.000832 -0.000194 -2.43e-05 -0.000129
-0.000979 -0.000283 -0.000782  0.000177  0.000494  0.000146  1.51e-18  1.51e-18 -4.78e-06  1.94e-05 -1.85e-16  5.76e-05  0.000241   2.5e-05  0.000101  1.42e-05  1.95e-05  0.000154  0.000327 -0.000212 -3.69e-05 -0.000787 -0.000898 -0.000283   -0.0038 -0.000149 -0.000362 -0.000182 -0.000128 -0.000399  -0.00012 -0.000174         1 -0.000133 -0.000656  -0.00105 -3.48e-08  7.78e-05  3.23e-05 -0.000435  5.15e-06 -3.97e-05  -0.00092  -0.00232  -0.00159  -0.00574 -2.12e-06  -0.00218  -0.00296  -0.00501  -0.00212  -0.00131 -2.56e-05  -0.00103 -0.000548 -0.000591 -0.000826 -0.000229 -0.000396  -0.00077  0.000312  -0.00129  0.000446  0.000194  3.51e-05   2.1e-05   0.00216   0.00154  0.000603  0.000113 -1.71e-05  7.35e-06  3.23e-07 -4.54e-09 -2.23e-09  0.000411  0.000207  8.08e-05 -4.29e-06  0.000527  -4.7e-05 -5.72e-05 -1.08e-06  0.000126  0.000172 -5.87e-05   -0.0138  0.000792  -0.00158  -0.00166  0.000212  5.83e-05  -0.00343   0.00268  0.000325  0.000123  0.000291  0.000621  0.000324  0.000192  1.13e-05  0.000267  5.73e-05 -6.01e-06  0.000871  -3.3e-05 -1.81e-06  0.000961
 -0.00579 -0.000116 -0.000393     1e-05  0.000156  5.16e-05  3.39e-17  3.39e-17 -2.49e-05  3.04e-06 -8.59e-17   1.1e-05  8.97e-05  9.66e-06  8.32e-06   5.3e-06   7.3e-06  6.15e-05  0.000126 -0.000234 -5.15e-05 -0.000725 -0.000746 -0.000188  -0.00319 -3.43e-05 -0.000236 -0.000155 -0.000147 -0.000238  -0.00011 -0.000106 -0.000133         1 -0.000926 -0.000879 -2.19e-07 -6.79e-07  1.33e-06 -0.000335 -1.97e-07 -7.29e-05 -0.000638  -0.00159 -0.000996  -0.00488 -9.92e-06  -0.00123  -0.00098  -0.00169 -0.000757 -0.000288  0.000282 -0.000159 -0.000198   -0.0002 -0.000141 -0.000179  6.98e-05  3.76e-05   0.00015 -0.000724  0.000119  0.000181 -4.25e-05 -1.38e-05  0.000834  0.000387  0.000414   0.00011 -1.01e-05  1.29e-06 -2.68e-07 -1.14e-07    -1e-08  0.000336 -3.66e-05  1.41e-06 -1.81e-05 -0.000238 -0.000236 -0.000201 -5.16e-05 -0.000487   9.8e-05 -0.000232   -0.0108  0.000295  -0.00116   0.00182 -0.000643   0.00235  -0.00133   0.00222   0.00106  0.000113  -0.00487 -0.000116  -0.00108 -0.000123  5.73e-06 -8.68e-05 -2.09e-05 -4.24e-06  0.000288 -0.000263  -2.6e-05  0.000305
   -0.187 -0.000173  -0.00292  -0.00514   -0.0128  -0.00447  5.21e-16  5.21e-16  -9.9e-05  -0.00112  1.24e-15  -0.00218  -0.00433 -0.000626  -0.00342 -0.000564 -0.000736  -0.00356  -0.00776  -0.00451 -0.000418  -0.00482  -0.00603  -0.00199   -0.0848   0.00122  -0.00137 -0.000621 -0.000526  -0.00572  0.000256 -0.000224 -0.000656 -0.000926         1   -0.0153 -3.44e-06 -0.000996  -0.00043   -0.0142 -5.62e-05 -0.000454   -0.0241   -0.0693   -0.0139    -0.198 -3.07e-05  -0.00458  -0.00537   -0.0194  -0.00691   0.00366   0.00199  -0.00115  -0.00357  -0.00318   0.00201  -0.00576  -0.00663    0.0013   -0.0117   -0.0125  -0.00709  -0.00443   -0.0055 -0.000682   -0.0582   -0.0289   -0.0133  -0.00099 -2.23e-05 -0.000126 -5.17e-06 -1.03e-08  1.71e-08    -0.036  -0.00403  -0.00237 -7.33e-06   -0.0251 -0.000121  5.66e-05 -1.87e-05   -0.0011   -0.0069  -0.00462   -0.0692  -0.00816   -0.0143   -0.0379    0.0157   -0.0325   0.00849   -0.0132   -0.0578  -0.00165   -0.0274   -0.0298   -0.0404  -0.00577 -0.000122   -0.0164  -0.00279 -6.69e-05   -0.0371   -0.0147  -0.00252   -0.0271
   -0.124  -0.00118   -0.0023 -0.000307  0.000544  0.000142  3.57e-16  3.57e-16 -0.000151 -0.000314 -1.29e-16 -0.000177  0.000534   3.3e-05 -0.000218 -2.99e-05 -3.98e-05  0.000251  0.000463  -0.00204 -0.000354  -0.00496  -0.00543  -0.00143   -0.0317  6.55e-05  -0.00149  -0.00102 -0.000927  -0.00228 -0.000575 -0.000645  -0.00105 -0.000879   -0.0153         1 -1.49e-06 -0.000125 -2.48e-05  -0.00415 -7.56e-06  -0.00052  -0.00817   -0.0216  -0.00903   -0.0546 -4.91e-05  -0.00952  -0.00714   -0.0155  -0.00663  -0.00252   0.00355 -0.000143  -0.00198  -0.00275  0.000147  -0.00165  -0.00171 -8.64e-05  0.000923  -0.00784 -0.000313  0.000173  -0.00121 -0.000196    0.0159   0.00196   0.00337   0.00034  1.55e-05 -1.36e-05 -1.47e-06 -4.58e-07 -4.25e-08  -0.00735  -0.00102 -0.000358 -8.86e-05  -0.00772  -0.00117 -0.000961 -0.000251  -0.00235  -0.00129  -0.00262   -0.0769 -0.000213   -0.0122   -0.0105   0.00307   -0.0014   -0.0106    0.0148   -0.0111 -7.65e-05    -0.031  -0.00831   -0.0166  -0.00193 -9.22e-06   -0.0048 -0.000833 -4.68e-05  -0.00706  -0.00593 -0.000934 -3.43e-05
 5.51e-05  2.78e-07 -8.03e-07 -4.97e-07 -8.49e-07 -4.44e-07 -2.75e-19 -2.75e-19 -9.27e-08 -4.61e-07 -1.94e-19 -1.73e-07  4.03e-07 -2.39e-09  -3.2e-07 -2.48e-08 -2.88e-08 -4.18e-09  -1.6e-08 -5.06e-07  1.11e-08 -1.89e-06 -1.25e-06 -2.79e-07 -8.99e-06  2.55e-07  1.48e-07 -1.34e-07 -2.68e-07 -1.17e-08 -1.55e-07  1.38e-07 -3.48e-08 -2.19e-07 -3.44e-06 -1.49e-06         1   7.3e-08 -3.59e-08 -5.27e-07  1.21e-09 -3.31e-07 -1.42e-06 -4.98e-06 -1.09e-06 -1.26e-05 -6.42e-09 -3.56e-07  9.28e-07  2.23e-06  4.32e-08  2.94e-06  1.24e-06  1.93e-06  3.19e-07  8.05e-07  1.83e-06 -4.77e-07  4.13e-07  1.38e-07  7.42e-07  8.84e-07 -3.51e-07  8.92e-08 -7.25e-07  -2.9e-07  5.67e-06 -3.32e-06 -6.36e-07  9.83e-07 -9.46e-08 -3.06e-08 -5.93e-09 -9.47e-10 -5.41e-11 -3.76e-07 -2.38e-07 -3.44e-07 -6.18e-08 -2.75e-06 -1.24e-06 -1.26e-06 -4.24e-07 -5.75e-06  2.75e-07 -2.99e-08 -6.46e-06  8.77e-07 -6.13e-07  1.16e-05  3.58e-06  5.87e-06 -1.13e-06  6.22e-06  3.09e-06  1.22e-06 -1.54e-05 -1.53e-06 -3.19e-06 -1.57e-06  -1.4e-07 -1.23e-06  -3.4e-07 -1.43e-08 -7.97e-07 -9.69e-07  2.95e-07 -8.13e-07
  -0.0025  2.57e-05  0.000448 -8.63e-05 -0.000142  -6.2e-06  1.15e-16  1.15e-16 -9.96e-06  2.15e-05  1.69e-16 -2.72e-05 -0.000184 -1.31e-05 -4.62e-05 -7.42e-06 -1.14e-05 -7.68e-05 -0.000172 -5.55e-05 -3.02e-05  0.000156  9.42e-05  7.02e-05  1.71e-05  9.69e-05  3.41e-05  8.58e-06  1.06e-06  -3.4e-06  3.47e-05  1.82e-05  7.78e-05 -6.79e-07 -0.000996 -0.000125   7.3e-08         1 -2.66e-05 -0.000155 -5.82e-06  5.82e-06 -0.000138 -0.000211  0.000137  -0.00102 -4.88e-06  0.000447   0.00136   0.00171  0.000847  0.000302  0.000386  0.000604   0.00017  1.15e-05  0.000485  4.28e-05  0.000141  0.000772 -0.000238 -0.000294 -0.000319 -8.94e-05 -5.12e-05  2.32e-06 -0.000752 -0.000276  0.000115 -0.000207  2.96e-05 -3.14e-06  4.03e-07  5.66e-08  1.54e-09 -0.000976 -0.000242 -6.42e-05 -2.73e-06 -0.000973  2.25e-05  6.75e-05  2.03e-05  0.000326 -0.000306 -0.000308  -0.00111 -0.000792 -0.000386 -0.000778    -0.001 -4.54e-06    0.0017 -0.000933  -0.00157 -0.000286  -0.00284  -0.00124  -0.00194 -0.000188  1.39e-05 -0.000589 -9.61e-05   8.7e-07  -0.00127 -0.000527 -0.000169  -0.00054
 -0.00137  3.96e-05  0.000122  -7.8e-05  -0.00021 -6.12e-05 -3.13e-17 -3.13e-17 -4.34e-06 -2.38e-05  1.32e-17 -2.08e-05 -0.000104 -1.06e-05 -4.57e-05 -5.33e-06  -7.1e-06 -6.28e-05 -0.000135 -2.54e-05 -2.79e-06  1.32e-05   3.9e-06  2.71e-05 -0.000204  2.99e-05  4.08e-05   1.2e-05  3.69e-06  8.39e-06  5.95e-06   1.4e-05  3.23e-05  1.33e-06  -0.00043 -2.48e-05 -3.59e-08 -2.66e-05         1 -4.69e-05 -1.52e-06  -7.5e-06 -5.35e-05 -0.000147  0.000101 -0.000694 -2.64e-06  0.000391  0.000797   0.00132  0.000577  0.000255  0.000174  0.000335  0.000161  0.000134  0.000273  8.01e-05   8.6e-05    0.0002 -0.000156  0.000113 -0.000127 -5.18e-05 -4.81e-05 -1.19e-05  -0.00109 -0.000557 -0.000175 -3.51e-05  4.49e-06 -2.11e-06 -2.14e-07 -3.39e-08 -1.46e-09 -0.000207  -0.00012 -2.33e-05 -3.27e-06 -0.000379 -3.64e-05 -1.31e-05 -7.18e-06 -9.23e-05 -9.38e-05 -5.83e-05  -0.00161 -0.000236  0.000199  -0.00028 -0.000448 -0.000492  0.000417 -0.000528 -0.000238 -3.37e-05  -0.00123 -0.000429 -0.000612 -0.000108 -4.77e-06 -0.000237 -4.46e-05  4.34e-07 -0.000472 -0.000195 -3.93e-05 -0.000423
  -0.0447 -0.000466  -0.00107 -0.000653  -0.00225 -0.000746   6.5e-16   6.5e-16 -5.09e-05 -0.000109  3.92e-16 -0.000295  -0.00109 -0.000128 -0.000481 -9.37e-05 -0.000124 -0.000729   -0.0016  -0.00105  -0.00011   -0.0011  -0.00149 -0.000626   -0.0203  -5.4e-05 -0.000985  -0.00024 -5.95e-05  -0.00198  0.000138 -0.000313 -0.000435 -0.000335   -0.0142  -0.00415 -5.27e-07 -0.000155 -4.69e-05         1    -6e-06  0.000112  -0.00612    -0.017  -0.00466   -0.0524  4.26e-05  -0.00391  -0.00756   -0.0166  -0.00621  -0.00275  -0.00171  -0.00393  -0.00128  -0.00136  -0.00146  -0.00181  -0.00256  0.000163  -0.00387  -0.00619 -0.000616 -0.000507  -0.00057  8.32e-06   -0.0242  -0.00242  -0.00423 -0.000915 -3.56e-05 -1.27e-05  2.16e-06  4.74e-07  2.57e-08  -0.00632  0.000456  -0.00041  5.27e-05  -0.00183  0.000729  0.000501  0.000189   0.00158  -0.00106 -0.000383   -0.0339  -0.00107  -0.00508  -0.00731   0.00313  -0.00191   0.00189  -0.00535   -0.0119 -0.000738   0.00879  -0.00241 -0.000782 -0.000302   9.3e-05  -0.00135 -0.000234 -1.15e-05  -0.00453 -0.000419 -0.000475  -0.00484
 6.98e-05   2.4e-06  2.49e-05 -6.56e-06 -7.56e-06 -4.88e-07  7.08e-18  7.08e-18 -6.84e-07  1.03e-06     1e-17 -2.49e-06 -8.15e-06 -6.31e-07 -3.62e-06 -5.51e-07 -8.11e-07 -3.65e-06 -8.31e-06 -3.61e-06  -1.9e-06  6.07e-06  4.83e-06  3.64e-06 -3.34e-06  6.41e-06  2.86e-06  7.87e-08 -1.09e-06  1.85e-06  1.22e-06  1.73e-06  5.15e-06 -1.97e-07 -5.62e-05 -7.56e-06  1.21e-09 -5.82e-06 -1.52e-06    -6e-06         1 -8.06e-07 -6.83e-06 -1.07e-05  1.03e-05 -4.47e-05 -4.25e-07  2.28e-05  7.89e-05  0.000103  4.76e-05  2.65e-05  2.41e-05  3.82e-05  6.59e-06 -3.82e-07  2.86e-05 -1.05e-06  1.02e-05  4.43e-05  -7.2e-06 -8.91e-06  -2.1e-05  -5.1e-06 -5.29e-06 -5.85e-07  1.47e-05 -2.43e-05  1.38e-05 -8.41e-06  1.61e-06 -2.39e-07  1.27e-08  1.74e-09 -3.37e-11 -6.22e-05 -1.72e-05 -4.52e-06 -3.99e-07  -6.8e-05 -2.59e-06  4.28e-07  4.13e-08  6.79e-06 -1.74e-05 -2.15e-05  8.62e-05  -4.5e-05 -2.81e-05 -4.01e-06 -3.75e-05  2.61e-05  9.87e-05 -2.57e-05 -9.18e-05 -1.44e-05 -0.000245 -8.32e-05 -0.000141 -1.52e-05  5.35e-07 -3.99e-05 -6.66e-06  6.04e-09 -8.03e-05 -3.88e-05 -9.17e-06 -2.99e-05
 0.000721 -4.32e-05 -0.000388 -0.000325 -0.000241 -5.97e-05 -9.29e-17 -9.29e-17 -3.12e-05 -0.000141 -1.27e-16 -0.000128 -2.37e-06 -5.39e-06 -0.000194 -1.63e-05 -1.94e-05 -2.34e-05 -4.83e-05 -9.88e-05 -3.12e-05  -0.00102 -0.000537 -7.27e-05  -0.00142  -0.00013 -7.91e-05  -0.00012 -0.000194  1.19e-05 -0.000174 -4.76e-05 -3.97e-05 -7.29e-05 -0.000454  -0.00052 -3.31e-07  5.82e-06  -7.5e-06  0.000112 -8.06e-07         1 -0.000217 -0.000162 -0.000382 -6.08e-05 -2.45e-05   -0.0008 -0.000391  0.000274 -0.000439 -0.000151  0.000139  2.02e-05 -0.000397 -0.000406 -0.000244 -0.000124  4.98e-05 -0.000595  0.000263  0.000415 -0.000201 -7.41e-05 -0.000272  -0.00012    0.0017  -0.00165  0.000435   0.00017 -3.32e-05 -7.69e-06 -2.27e-06 -3.71e-07 -2.92e-08  0.000202 -0.000655 -5.98e-05 -5.26e-05  -0.00176 -0.000767 -0.000609 -0.000203  -0.00215  4.96e-05 -0.000524  0.000619 -0.000152 -0.000992  0.000544  -0.00306 -4.19e-05  -0.00275   0.00133 -0.000965  9.05e-05   -0.0131  -0.00162  -0.00431 -0.000671 -6.99e-05 -0.000971 -0.000196 -7.03e-06 -0.000878  -0.00164 -1.35e-05  -0.00049
  -0.0519 -0.000657  -0.00314  -0.00114  -0.00275  -0.00114  2.81e-16  2.81e-16 -5.64e-06 -0.000239  1.42e-16  -0.00058 -0.000399 -0.000122 -0.000828 -0.000156 -0.000203 -0.000653  -0.00147  -0.00223 -0.000235  -0.00339   -0.0044   -0.0015    -0.042  0.000411  -0.00123 -0.000643  -0.00045  -0.00301  -8.6e-05 -0.000385  -0.00092 -0.000638   -0.0241  -0.00817 -1.42e-06 -0.000138 -5.35e-05  -0.00612 -6.83e-06 -0.000217         1   -0.0329  -0.00933   -0.0881 -8.65e-06  -0.00714  -0.00922   -0.0201  -0.00803 -0.000176   0.00155  -0.00183  -0.00294  -0.00272 -0.000684  -0.00299  -0.00319  -0.00106  -0.00237   -0.0079   -0.0015  -0.00117  -0.00204 -0.000167  -0.00529  -0.00498  -0.00231  0.000357  -2.8e-05 -2.96e-05 -6.55e-07  7.72e-08  1.17e-08   -0.0135 -0.000562 -0.000754  9.16e-06  -0.00783  9.62e-05  1.56e-05  3.32e-05  0.000354  -0.00214   -0.0016   -0.0513 -0.000443  -0.00951   -0.0155    0.0105  -0.00982  -0.00351   0.00552   -0.0199  4.73e-05  -0.00217   -0.0093   -0.0136  -0.00149 -1.43e-05  -0.00519 -0.000819 -4.14e-05   -0.0115  -0.00508 -0.000872  -0.00607
  -0.0992  -0.00061   -0.0092  -0.00263  -0.00851  -0.00408 -1.72e-16 -1.72e-16  0.000171  -0.00039  7.48e-17  -0.00143  0.000137 -0.000317  -0.00203  -0.00044 -0.000569  -0.00171  -0.00387  -0.00666 -0.000448  -0.00653   -0.0118  -0.00455    -0.128   0.00264  -0.00217  -0.00134 -0.000722  -0.00796  0.000234  -0.00038  -0.00232  -0.00159   -0.0693   -0.0216 -4.98e-06 -0.000211 -0.000147    -0.017 -1.07e-05 -0.000162   -0.0329         1   -0.0247    -0.265  1.82e-05   -0.0139   -0.0182   -0.0443   -0.0158   0.00986   0.00741  0.000309   -0.0061  -0.00337   0.00243  -0.00853  -0.00737  -0.00145  -0.00501   -0.0176  -0.00434  -0.00316  -0.00629 -0.000301  0.000375   -0.0158  -0.00837    0.0035 -2.84e-05 -7.87e-05 -2.47e-07  5.85e-07   1.2e-07   -0.0414  0.000495  -0.00218  0.000192   -0.0181   0.00231   0.00142  0.000545   0.00499  -0.00597  -0.00202     -0.12   0.00277   -0.0182   -0.0276    0.0623   -0.0251  0.000812     0.026   -0.0424   0.00289    0.0359   -0.0222    -0.026  -0.00277   5.9e-05   -0.0124  -0.00183 -0.000104   -0.0314   -0.0089  -0.00168   -0.0167
  -0.0247  -0.00158  -0.00419  0.000788   0.00296  0.000895  9.96e-16  9.96e-16    -8e-05  9.82e-05   7.4e-17  0.000219   0.00144  0.000143  0.000407  6.13e-05  7.56e-05  0.000916   0.00188  -0.00205 -0.000391  -0.00597  -0.00627  -0.00173   -0.0348 -3.45e-05  -0.00228   -0.0012 -0.000851  -0.00314 -0.000359 -0.000888  -0.00159 -0.000996   -0.0139  -0.00903 -1.09e-06  0.000137  0.000101  -0.00466  1.03e-05 -0.000382  -0.00933   -0.0247         1   -0.0609 -8.11e-06   -0.0141   -0.0161   -0.0317    -0.014  -0.00443   0.00275  -0.00227  -0.00419  -0.00514  -0.00201  -0.00255  -0.00195  -0.00086   0.00186   -0.0126   0.00111  0.000395 -0.000633 -2.56e-05    0.0205    0.0103   0.00458  0.000223 -5.06e-05 -4.62e-06 -2.99e-07 -3.62e-07 -4.94e-08  -0.00435  0.000838 -0.000386 -6.55e-05  -0.00323 -0.000915 -0.000959 -0.000239  -0.00219 -0.000192  -0.00131    -0.105   0.00188   -0.0158  -0.00615  -0.00861   0.00813   -0.0115    0.0164  -0.00803   0.00011  -0.00548  -0.00267  -0.00856  -0.00065 -2.25e-05  -0.00158 -0.000218 -4.96e-05 -0.000672  -0.00309 -0.000693   0.00484
   -0.357  0.000686   -0.0339   -0.0148   -0.0479   -0.0184 -7.26e-16 -7.26e-16  0.000374   0.00066 -2.76e-15  -0.00626   -0.0128  -0.00216   -0.0103  -0.00181   -0.0023   -0.0123   -0.0267   -0.0183  -0.00155   -0.0201   -0.0316    -0.013    -0.357   0.00214   -0.0108  -0.00411  -0.00249   -0.0257 -0.000584  -0.00312  -0.00574  -0.00488    -0.198   -0.0546 -1.26e-05  -0.00102 -0.000694   -0.0524 -4.47e-05 -6.08e-05   -0.0881    -0.265   -0.0609         1 -0.000134   -0.0333   -0.0767    -0.145   -0.0519    0.0139    -0.014   -0.0375   -0.0207  -0.00549   -0.0204   -0.0289   -0.0184   -0.0111   -0.0482   -0.0383   -0.0126  -0.00825   -0.0155 -0.000479    -0.329    -0.103   -0.0673     0.006  -0.00115 -0.000119  2.85e-07  1.52e-06  2.51e-07   -0.0736  0.000484  -0.00502  0.000315   -0.0211   0.00477   0.00342   0.00156     0.017  -0.00892  -0.00271    -0.304    0.0107   -0.0229    0.0227    0.0963   -0.0028      0.02   -0.0122   -0.0672   0.00751    0.0669   -0.0304   -0.0325  -0.00198  0.000666   -0.0162  -0.00204 -0.000163   -0.0597  -0.00744  -0.00154   -0.0879
 6.65e-05   8.6e-06 -6.99e-05 -5.74e-05 -8.78e-05  -2.6e-05 -3.95e-17 -3.95e-17 -7.41e-10  2.74e-06  -4.2e-17 -2.04e-05 -2.63e-05 -3.49e-06 -3.31e-05 -3.57e-06 -4.26e-06 -1.99e-05 -4.19e-05 -2.38e-05 -8.49e-06 -0.000107 -9.69e-05 -1.82e-05 -0.000252 -1.53e-05 -1.18e-05 -2.05e-05    -3e-05  1.45e-06 -3.34e-05 -1.17e-05 -2.12e-06 -9.92e-06 -3.07e-05 -4.91e-05 -6.42e-09 -4.88e-06 -2.64e-06  4.26e-05 -4.25e-07 -2.45e-05 -8.65e-06  1.82e-05 -8.11e-06 -0.000134         1 -4.94e-06  0.000138  0.000453   0.00016  6.51e-05  4.72e-05  3.38e-05 -3.77e-05 -5.86e-06 -5.78e-05  9.37e-07  7.45e-05 -7.69e-05  -8.6e-07  0.000185  -4.2e-05 -7.47e-06    -4e-05 -8.79e-06 -0.000185 -0.000415  4.49e-05  4.62e-05 -2.06e-06  2.83e-07 -1.94e-07 -3.89e-08 -2.74e-09  9.16e-05 -0.000124  7.26e-06  -7.5e-06 -0.000183 -8.84e-05 -5.33e-05 -1.65e-05   -0.0001  4.33e-06 -9.01e-05  6.97e-05  3.02e-06  4.62e-05   0.00015 -0.000384 -6.97e-05 -0.000331   0.00019  0.000166  2.31e-05  -0.00198 -0.000222 -0.000681 -4.43e-05 -4.66e-06 -0.000116 -1.76e-05 -4.51e-07 -0.000136 -0.000226 -4.79e-06  -0.00017
   0.0678  -0.00326  -0.00646  0.000987   0.00676   0.00243  2.88e-15  2.88e-15 -0.000225  0.000273  1.58e-16 -2.18e-05   0.00255  0.000298   0.00052  7.28e-05  9.64e-05   0.00187   0.00392  -0.00122 -0.000525  -0.00873  -0.00603  -0.00219   -0.0228  -0.00206  -0.00419  -0.00192  -0.00172  -0.00324  -0.00118  -0.00164  -0.00218  -0.00123  -0.00458  -0.00952 -3.56e-07  0.000447  0.000391  -0.00391  2.28e-05   -0.0008  -0.00714   -0.0139   -0.0141   -0.0333 -4.94e-06         1   -0.0433   -0.0757   -0.0345   -0.0185  -0.00655   -0.0176   -0.0104   -0.0114   -0.0136  -0.00602    -0.006  -0.00718   0.00328    -0.016     0.003   0.00162  0.000303 -8.61e-05    0.0296    0.0178   0.00892 -0.000533  -0.00025  3.05e-05  2.76e-06  1.95e-07  -9.4e-08  0.000375   0.00091  2.27e-05 -0.000159 -0.000495  -0.00234  -0.00236 -0.000604  -0.00525   0.00185  -0.00345    -0.016   0.00361   -0.0285  0.000864  -0.00978     0.026   -0.0279    0.0228   -0.0171  -0.00126   -0.0395  0.000831   -0.0106  -0.00051  5.89e-05  0.000477  7.54e-05 -7.67e-05   0.00631  -0.00464 -0.000172    0.0109
    0.128  -0.00393    -0.015 -0.000983   0.00101  0.000519  4.72e-15  4.72e-15  -4.6e-05  0.000911 -3.01e-16  -0.00118  5.25e-05 -1.17e-05 -0.000978 -0.000195 -0.000229  9.99e-05  0.000224  0.000198 -0.000254  -0.00965   -0.0029  -0.00298   -0.0248  -0.00551  -0.00727   -0.0019  -0.00149  -0.00585  -0.00118  -0.00254  -0.00296  -0.00098  -0.00537  -0.00714  9.28e-07   0.00136  0.000797  -0.00756  7.89e-05 -0.000391  -0.00922   -0.0182   -0.0161   -0.0767  0.000138   -0.0433         1    -0.158    -0.071   -0.0367   -0.0323   -0.0516   -0.0217   -0.0189   -0.0377   -0.0139   -0.0145   -0.0221  -0.00855   -0.0193   0.00521  0.000769   0.00108  5.17e-05   -0.0776   0.00626  -0.00892  -0.00205  -0.00101  6.99e-05  6.13e-06  1.67e-06 -6.61e-08   0.00999   0.00445  0.000164 -6.12e-05    0.0173   -0.0015  -0.00234 -0.000533  -0.00499   0.00636 -6.17e-05     0.132   0.00995   -0.0303    0.0228   -0.0201    0.0461   -0.0357  -0.00942    -0.027  -0.00166    0.0127    0.0208    0.0213   0.00347  0.000128    0.0115   0.00199 -6.64e-05    0.0225   0.00459   0.00228   0.00173
    0.246  -0.00766   -0.0194   0.00163   0.00918   0.00336  1.09e-14  1.09e-14 -0.000144   0.00186  2.83e-15 -0.000862   0.00229  0.000275  0.000341 -0.000122 -0.000153   0.00191   0.00393  -0.00025 -0.000544   -0.0122  -0.00339  -0.00462   -0.0463  -0.00699   -0.0119  -0.00289  -0.00169   -0.0107 -0.000474  -0.00384  -0.00501  -0.00169   -0.0194   -0.0155  2.23e-06   0.00171   0.00132   -0.0166  0.000103  0.000274   -0.0201   -0.0443   -0.0317    -0.145  0.000453   -0.0757    -0.158         1    -0.122   -0.0609   -0.0468   -0.0788   -0.0347   -0.0335   -0.0546   -0.0236   -0.0264   -0.0263   -0.0103   -0.0482   0.00859   0.00154   0.00273  0.000586   -0.0725    0.0385  -0.00667  -0.00594  -0.00118  9.18e-05  2.49e-05  5.14e-06  3.32e-08  -0.00139    0.0112 -0.000586  0.000201    0.0252   0.00163 -0.000988  6.68e-05  0.000499   0.00708 -0.000209     0.167    0.0115   -0.0654    0.0169    -0.013     0.081    -0.038  -0.00775   -0.0686  -0.00569    0.0796    0.0297    0.0395     0.006  0.000596    0.0172   0.00305 -0.000118    0.0304    0.0101   0.00195    0.0141
    0.117  -0.00326  -0.00939 -8.19e-05   0.00375   0.00148  4.86e-15  4.86e-15 -0.000137  0.000378   1.3e-15 -0.000684   0.00105  0.000122 -0.000338 -7.49e-05 -9.29e-05  0.000871   0.00182  0.000168 -0.000245  -0.00807  -0.00177  -0.00178   -0.0171  -0.00344  -0.00524  -0.00137  -0.00106  -0.00429 -0.000408  -0.00164  -0.00212 -0.000757  -0.00691  -0.00663  4.32e-08  0.000847  0.000577  -0.00621  4.76e-05 -0.000439  -0.00803   -0.0158    -0.014   -0.0519   0.00016   -0.0345    -0.071    -0.122         1   -0.0268   -0.0211   -0.0343   -0.0168   -0.0165   -0.0246   -0.0107   -0.0111    -0.013  -0.00375   -0.0202   0.00326  0.000125  0.000648 -0.000146   -0.0288    0.0136   -0.0023  -0.00252 -0.000671    -1e-06  2.02e-06  9.03e-07 -9.72e-08   0.00195   0.00349 -0.000655 -7.53e-05    0.0069  -0.00186  -0.00263 -0.000745  -0.00865   0.00378 -0.000708    0.0853   0.00417   -0.0312    0.0137   -0.0263    0.0398   -0.0212  -0.00501    -0.033  -0.00238   0.00584    0.0103   0.00819  0.000552 -5.75e-05   0.00584  0.000911 -6.63e-05    0.0132  0.000714   0.00105   0.00579
  -0.0132  -0.00341  -0.00206 -0.000399    0.0012   0.00131  1.87e-15  1.87e-15 -0.000245 -0.000432 -2.74e-16  -0.00033  -0.00225 -7.11e-05 -0.000267 -3.39e-05 -3.71e-05 -0.000371 -0.000745   0.00116 -0.000114  -0.00356   7.9e-05 -0.000214    0.0146  -0.00415  -0.00351 -0.000795 -0.000629  -0.00221 -0.000905  -0.00178  -0.00131 -0.000288   0.00366  -0.00252  2.94e-06  0.000302  0.000255  -0.00275  2.65e-05 -0.000151 -0.000176   0.00986  -0.00443    0.0139  6.51e-05   -0.0185   -0.0367   -0.0609   -0.0268         1   -0.0151   -0.0252  -0.00624  -0.00888    -0.017  -0.00173  -0.00907   -0.0104   -0.0062   -0.0109   0.00299  0.000495   0.00205  8.62e-05    -0.053   0.00651  -0.00219  -0.00492 -0.000247  6.09e-05  7.14e-06  1.32e-06 -2.08e-08   0.00675 -0.000413   0.00095 -5.75e-05   0.00451 -0.000515 -0.000247  3.33e-06   0.00111   0.00104  -0.00231  -0.00627  -0.00218   -0.0153   -0.0446   -0.0271   -0.0158   -0.0312   -0.0229   -0.0292  -0.00492   -0.0219   0.00424   0.00335   0.00105  0.000142   0.00177  0.000186 -1.97e-05   0.00546  -0.00278 -0.000498 -0.000331
  -0.0218 -0.000214  -0.00457  -0.00272  -0.00701  -0.00201  1.01e-15  1.01e-15  2.26e-05  0.000234 -6.06e-16  -0.00123  -0.00373 -0.000385  -0.00181 -0.000273 -0.000333  -0.00225  -0.00471   0.00147  0.000176 -0.000302   0.00347  1.62e-06   0.00991  -0.00318  -0.00207  0.000112  2.31e-05  -0.00116 -0.000331 -0.000732 -2.56e-05  0.000282   0.00199   0.00355  1.24e-06  0.000386  0.000174  -0.00171  2.41e-05  0.000139   0.00155   0.00741   0.00275    -0.014  4.72e-05  -0.00655   -0.0323   -0.0468   -0.0211   -0.0151         1    -0.026  -0.00667  -0.00396   -0.0183  -0.00468  -0.00554   -0.0106   -0.0117   0.00186  0.000702 -0.000647  0.000727 -1.74e-05    -0.107   -0.0173   -0.0159  -0.00205 -0.000568  3.06e-05  1.15e-06  8.35e-07 -7.28e-09    0.0106   0.00058  0.000317 -1.01e-05    0.0115 -0.000267 -0.000373 -7.81e-05 -0.000794    0.0032   0.00127     0.124   0.00198   0.00271    0.0166   -0.0162    0.0122   -0.0056   -0.0345  -0.00627  -0.00125   0.00588    0.0125    0.0183   0.00214  6.25e-05   0.00693   0.00112  2.26e-05    0.0101   0.00499   0.00167   -0.0124
     0.01  -0.00167  -0.00778  -0.00279   -0.0064  -0.00173  1.52e-15  1.52e-15 -5.68e-06  0.000428 -1.27e-15  -0.00142   -0.0037 -0.000376  -0.00189 -0.000312 -0.000376  -0.00216  -0.00453   0.00094  9.11e-06  -0.00277   0.00109  -0.00114  -0.00158  -0.00453  -0.00398 -0.000641 -0.000596  -0.00288    -0.001  -0.00162  -0.00103 -0.000159  -0.00115 -0.000143  1.93e-06  0.000604  0.000335  -0.00393  3.82e-05  2.02e-05  -0.00183  0.000309  -0.00227   -0.0375  3.38e-05   -0.0176   -0.0516   -0.0788   -0.0343   -0.0252    -0.026         1   -0.0106  -0.00768   -0.0263  -0.00695  -0.00925   -0.0159   -0.0129  -0.00284    0.0021 -3.73e-05  0.000911  0.000102    -0.116   -0.0151   -0.0155  -0.00235 -0.000672  7.67e-05  6.03e-06  1.59e-06  1.32e-08    0.0107  0.000773   0.00079 -1.37e-05    0.0138 -0.000111 -0.000207  7.71e-05   0.00214   0.00372 -5.09e-05     0.123   0.00424   -0.0051   0.00589  -0.00994    0.0106   -0.0211     -0.03   -0.0138  -0.00187  -0.00227    0.0141    0.0178   0.00321  0.000227   0.00774   0.00133 -2.97e-07    0.0119   0.00391   0.00164   -0.0119
   0.0216  -0.00067   -0.0041 -0.000968 -0.000295 -1.95e-05  1.28e-15  1.28e-15  4.16e-05  0.000379  2.21e-16 -0.000627 -3.74e-05 -2.51e-05 -0.000687 -0.000104 -0.000131 -8.31e-05 -0.000189 -0.000104 -0.000177  -0.00328  -0.00101 -0.000682   -0.0084  -0.00109  -0.00165 -0.000553 -0.000574   -0.0013 -0.000351 -0.000512 -0.000548 -0.000198  -0.00357  -0.00198  3.19e-07   0.00017  0.000161  -0.00128  6.59e-06 -0.000397  -0.00294   -0.0061  -0.00419   -0.0207 -3.77e-05   -0.0104   -0.0217   -0.0347   -0.0168  -0.00624  -0.00667   -0.0106         1  -0.00621  -0.00926  -0.00414   -0.0026   -0.0053  -0.00143   -0.0038 -0.000136 -0.000678 -0.000612 -0.000148   -0.0113  -0.00231 -0.000506 -0.000159  -0.00024 -4.69e-06 -1.65e-06 -3.13e-08 -5.73e-08 -0.000407 -0.000604 -0.000325 -0.000111 -0.000811  -0.00158  -0.00138 -0.000422  -0.00343   0.00104  -0.00134    0.0556  0.000909  -0.00934   0.00713   -0.0154    0.0121  -0.00705  -0.00166   -0.0125 -0.000614   -0.0169 -0.000641  -0.00802 -0.000297 -0.000111  8.33e-05  8.21e-05 -2.52e-05  0.000945  -0.00318  0.000265  -0.00125
  0.00487  -0.00132  -0.00192 -0.000212   0.00228   0.00107  1.89e-15  1.89e-15 -4.69e-05  0.000118  9.89e-16 -0.000303  0.000233  6.53e-05 -0.000184 -1.93e-05 -3.08e-05  0.000453  0.000935  8.44e-05 -0.000226  -0.00342 -0.000796 -0.000225  -0.00191 -0.000992  -0.00162 -0.000545 -0.000502  -0.00124 -0.000151 -0.000556 -0.000591   -0.0002  -0.00318  -0.00275  8.05e-07  1.15e-05  0.000134  -0.00136 -3.82e-07 -0.000406  -0.00272  -0.00337  -0.00514  -0.00549 -5.86e-06   -0.0114   -0.0189   -0.0335   -0.0165  -0.00888  -0.00396  -0.00768  -0.00621         1  -0.00672  -0.00286  -0.00306  -0.00305  0.000125  -0.00814 -5.03e-05  -0.00075 -0.000175 -0.000154   0.00571   0.00579   0.00342   -0.0016 -0.000105 -1.92e-05 -8.56e-07  1.79e-08 -7.05e-08  -0.00279 -0.000842 -0.000453 -0.000119  -0.00431  -0.00165  -0.00139 -0.000457  -0.00405 -1.66e-07  -0.00212     0.018   -0.0022   -0.0145   -0.0102   -0.0256   0.00519   -0.0079  -0.00308   -0.0222  -0.00221   -0.0203  -0.00426   -0.0129  -0.00116 -0.000146  -0.00198  -0.00032 -3.11e-05  -0.00164  -0.00545 -0.000558   0.00233
  0.00997  -0.00108  -0.00706  -0.00224  -0.00437  -0.00115   8.1e-16   8.1e-16  7.35e-05  0.000636 -1.31e-15  -0.00113  -0.00242  -0.00025  -0.00149 -0.000228 -0.000273  -0.00142  -0.00296   0.00066  -9.5e-05  -0.00321 -0.000138  -0.00099 -0.000893  -0.00341  -0.00306 -0.000691 -0.000716  -0.00195  -0.00102  -0.00129 -0.000826 -0.000141   0.00201  0.000147  1.83e-06  0.000485  0.000273  -0.00146  2.86e-05 -0.000244 -0.000684   0.00243  -0.00201   -0.0204 -5.78e-05   -0.0136   -0.0377   -0.0546   -0.0246    -0.017   -0.0183   -0.0263  -0.00926  -0.00672         1  -0.00524  -0.00531   -0.0129  -0.00816 -0.000192   0.00139 -0.000199  0.000368  3.87e-05   -0.0782   -0.0128  -0.00912 -0.000963 -0.000521  6.32e-05  2.21e-06  7.01e-07 -2.79e-08    0.0103 -0.000519  0.000669 -0.000104   0.00934  -0.00118 -0.000834 -0.000165  0.000502   0.00324 -0.000671    0.0978   0.00386   -0.0036   0.00858   -0.0181    0.0103   -0.0188   -0.0183  -0.00635 -0.000964   -0.0165   0.00932   0.00613   0.00237  7.01e-05    0.0054   0.00102 -4.26e-06   0.00939  0.000718   0.00127  -0.00808
   0.0432 -0.000107  -0.00257 -0.000757  -0.00109 -0.000454  1.01e-15  1.01e-15  1.68e-05  0.000307  3.26e-16 -0.000481 -2.63e-05 -4.72e-05  -0.00055   -0.0001 -0.000127  -0.00024  -0.00054 -0.000388 -0.000101  -0.00142 -0.000468 -0.000616   -0.0113   -0.0003 -0.000952 -0.000289 -0.000304 -0.000976 -8.91e-05 -0.000169 -0.000229 -0.000179  -0.00576  -0.00165 -4.77e-07  4.28e-05  8.01e-05  -0.00181 -1.05e-06 -0.000124  -0.00299  -0.00853  -0.00255   -0.0289  9.37e-07  -0.00602   -0.0139   -0.0236   -0.0107  -0.00173  -0.00468  -0.00695  -0.00414  -0.00286  -0.00524         1  -0.00172  -0.00217  -0.00169  -0.00229  -0.00044 -0.000281 -0.000607    -7e-05   -0.0114  -0.00312  -0.00219    0.0003 -0.000158 -7.51e-06  1.89e-07  2.32e-07 -1.08e-08  -0.00239  0.000312 -0.000385 -1.86e-05  0.000134 -0.000394 -0.000544 -0.000141  -0.00135   0.00058 -0.000512    0.0496   0.00117  -0.00521     0.015   0.00212    0.0147   0.00141  0.000746  -0.00599  0.000122  -0.00397  0.000286  -0.00192 -0.000118  1.81e-05  0.000517  0.000122 -1.39e-05  0.000172 -0.000217   0.00036  -0.00215
   0.0133  -0.00108 -0.000766 -0.000686  -0.00114 -0.000317  5.57e-16  5.57e-16 -3.14e-05 -0.000524  1.76e-16 -0.000482 -0.000642 -8.12e-05 -0.000508 -0.000113 -0.000144 -0.000447  -0.00096  0.000171  0.000109 -0.000134  0.000758 -0.000246  -0.00468  -0.00103 -0.000681  5.41e-06  3.99e-05  -0.00101 -3.37e-05 -0.000273 -0.000396  6.98e-05  -0.00663  -0.00171  4.13e-07  0.000141   8.6e-05  -0.00256  1.02e-05  4.98e-05  -0.00319  -0.00737  -0.00195   -0.0184  7.45e-05    -0.006   -0.0145   -0.0264   -0.0111  -0.00907  -0.00554  -0.00925   -0.0026  -0.00306  -0.00531  -0.00172         1  -0.00492  -0.00263  -0.00375 -4.39e-06 -0.000784 -0.000324 -8.85e-05   -0.0122  -0.00145  -0.00283  -0.00129  -7.6e-05 -1.57e-06  2.51e-06  8.96e-07  4.21e-08  -0.00696 -3.37e-05 -4.69e-05  7.14e-05  -0.00188  0.000773  0.000505  0.000163   0.00121  -0.00101 -0.000732    0.0349  -0.00108  -0.00592   -0.0274    0.0121    -0.019  -0.00959  -0.00746   -0.0238  -0.00149    0.0068  -0.00287 -0.000775 -0.000312   2.3e-05  -0.00196 -0.000375 -1.92e-05   -0.0052  -0.00238  -0.00026  -0.00322
   0.0132 -0.000673  -0.00635  -0.00242  -0.00486  -0.00171 -1.61e-15 -1.61e-15  9.07e-05 -0.000583 -2.43e-15  -0.00114  -0.00114 -0.000201  -0.00158 -0.000227 -0.000264  -0.00114  -0.00234  0.000437  0.000193  -0.00343   -0.0012 -0.000968   -0.0062  -0.00264  -0.00117 -0.000374 -0.000605 -0.000751  -0.00117 -0.000693  -0.00077  3.76e-05    0.0013 -8.64e-05  1.38e-07  0.000772    0.0002  0.000163  4.43e-05 -0.000595  -0.00106  -0.00145  -0.00086   -0.0111 -7.69e-05  -0.00718   -0.0221   -0.0263    -0.013   -0.0104   -0.0106   -0.0159   -0.0053  -0.00305   -0.0129  -0.00217  -0.00492         1  -0.00363   0.00622  0.000884  -0.00082  -0.00102 -0.000364   -0.0373   -0.0173   -0.0066   0.00118 -0.000446  3.11e-05 -6.63e-06 -5.52e-07 -4.35e-08   0.00519  -0.00198  0.000695 -0.000118   0.00225  -0.00184   -0.0014  -0.00044  -0.00387   0.00183 -0.000379    0.0743    0.0047   0.00232   -0.0157   0.00348   -0.0231   -0.0301  -0.00587  -0.00751   0.00111   -0.0234   0.00215  -0.00182  0.000281  -0.00024  0.000293  3.74e-05 -2.48e-05   0.00147  -0.00381   0.00121    -0.008
   0.0544  0.000552  -0.00173  -0.00331   -0.0103  -0.00304 -1.15e-16 -1.15e-16  1.17e-05 -3.61e-05 -3.85e-16  -0.00117  -0.00539  -0.00055  -0.00212 -0.000307 -0.000387  -0.00324  -0.00685  0.000116  5.07e-05  0.000497   0.00174  0.000216  -0.00579  -0.00164  -0.00111  0.000297   0.00031  -0.00176   5.7e-05 -0.000459  0.000312   0.00015   -0.0117  0.000923  7.42e-07 -0.000238 -0.000156  -0.00387  -7.2e-06  0.000263  -0.00237  -0.00501   0.00186   -0.0482  -8.6e-07   0.00328  -0.00855   -0.0103  -0.00375   -0.0062   -0.0117   -0.0129  -0.00143  0.000125  -0.00816  -0.00169  -0.00263  -0.00363         1   0.00122  -0.00166  -0.00165 -0.000285 -2.37e-05    -0.116   -0.0235   -0.0176  -0.00246 -0.000303 -2.01e-06 -1.18e-07  4.09e-07  1.16e-08   0.00314  -0.00107  -0.00011  1.92e-06   0.00369  0.000326  0.000579  0.000182   0.00204  0.000218   0.00068    0.0157  -0.00254   0.00748 -0.000288   -0.0212  -0.00582   0.00567   -0.0397  -0.00788  -0.00158   0.00446   0.00293   0.00737  0.000785  5.55e-05   0.00169  0.000254  3.29e-05  -0.00141   0.00193  0.000283   -0.0191
     0.14  -0.00252     0.001   0.00298   0.00812    0.0031  4.06e-15  4.06e-15 -0.000184   0.00045  2.97e-15   0.00104   0.00139  0.000285   0.00176  0.000233  0.000269   0.00174   0.00358  -0.00102 -0.000423  -0.00251   -0.0023 -0.000422   -0.0143  0.000343  -0.00257 -0.000719 -1.89e-06  -0.00333  0.000894 -0.000806  -0.00129 -0.000724   -0.0125  -0.00784  8.84e-07 -0.000294  0.000113  -0.00619 -8.91e-06  0.000415   -0.0079   -0.0176   -0.0126   -0.0383  0.000185    -0.016   -0.0193   -0.0482   -0.0202   -0.0109   0.00186  -0.00284   -0.0038  -0.00814 -0.000192  -0.00229  -0.00375   0.00622   0.00122         1   0.00166    0.0005   0.00147  0.000398    0.0247    0.0311   0.00734  -0.00404  0.000198 -1.91e-05  1.05e-05   1.4e-06  1.49e-08  -0.00854   0.00365 -0.000844  0.000108  -0.00128   0.00155  0.000808  0.000309   0.00262  -0.00144  -0.00074    -0.128  -0.00414   -0.0254   -0.0189   -0.0251    0.0181   0.00628  0.000951   -0.0254  -0.00397    0.0369 -0.000558   0.00204  0.000159   0.00022  0.000239  5.84e-05  -2.9e-05  0.000957  0.000908  -0.00182    0.0121
  0.00143   0.00048  0.000829  -0.00142  -0.00284 -0.000895 -4.34e-17 -4.34e-17 -3.57e-06 -0.000237  4.29e-16 -0.000581  -0.00106 -0.000138 -0.000884 -0.000129 -0.000169 -0.000798  -0.00172 -0.000237 -3.51e-05  8.75e-05  0.000537   0.00025  -0.00426   0.00034  0.000502  0.000155 -2.35e-05  0.000118  7.34e-05  0.000269  0.000446  0.000119  -0.00709 -0.000313 -3.51e-07 -0.000319 -0.000127 -0.000616  -2.1e-05 -0.000201   -0.0015  -0.00434   0.00111   -0.0126  -4.2e-05     0.003   0.00521   0.00859   0.00326   0.00299  0.000702    0.0021 -0.000136 -5.03e-05   0.00139  -0.00044 -4.39e-06  0.000884  -0.00166   0.00166         1  -0.00124  -0.00118 -0.000238  -0.00732  -0.00887  -0.00176 -0.000178  2.49e-05 -3.61e-05  -3.1e-06 -2.65e-07 -1.78e-08  -0.00631  -0.00202 -0.000513 -5.24e-05  -0.00698 -0.000692 -0.000389 -0.000174  -0.00175  -0.00145   -0.0014    0.0268  -0.00319  3.16e-05  -0.00455  -0.00205  -0.00707   0.00482  -0.00565   -0.0114 -0.000581   -0.0198  -0.00814   -0.0132  -0.00179 -0.000111  -0.00428 -0.000742 -4.71e-06  -0.00881  -0.00456 -0.000475  -0.00614
 -0.00532  0.000205  6.58e-05 -0.000924  -0.00203 -0.000635 -8.13e-17 -8.13e-17  3.79e-05 -0.000212  2.45e-16  -0.00039 -0.000835 -0.000103 -0.000598 -8.82e-05 -0.000115 -0.000596  -0.00127  7.86e-05  4.29e-05  0.000116  0.000698  0.000236  -0.00169 -1.23e-05  0.000262  0.000199  0.000138   -0.0001  0.000154  0.000145  0.000194  0.000181  -0.00443  0.000173  8.92e-08 -8.94e-05 -5.18e-05 -0.000507  -5.1e-06 -7.41e-05  -0.00117  -0.00316  0.000395  -0.00825 -7.47e-06   0.00162  0.000769   0.00154  0.000125  0.000495 -0.000647 -3.73e-05 -0.000678  -0.00075 -0.000199 -0.000281 -0.000784  -0.00082  -0.00165    0.0005  -0.00124         1 -0.000708 -0.000151  -0.00974  -0.00568  -0.00217 -0.000403 -2.35e-05 -2.47e-05 -2.45e-06 -1.34e-07  -9.6e-09  -0.00381  -0.00107 -0.000326 -2.01e-05  -0.00366 -0.000315 -0.000164 -0.000104  -0.00118 -0.000843 -0.000375    0.0165  -0.00195  0.000237   -0.0093  -0.00541  -0.00976   0.00123  -0.00777   -0.0104 -0.000542  -0.00272  -0.00427  -0.00613 -0.000882 -0.000124  -0.00233 -0.000398 -2.43e-06  -0.00516  -0.00272 -0.000246  -0.00427
   0.0121   0.00021  -0.00072 -0.000992  -0.00186 -0.000709 -3.81e-16 -3.81e-16  4.35e-06  -0.00027 -1.58e-16  -0.00043 -0.000237 -7.01e-05 -0.000631 -9.11e-05 -0.000115 -0.000395 -0.000851 -0.000429 -1.69e-05 -0.000998 -0.000752 -0.000222  -0.00877   0.00014  0.000186 -6.41e-05 -0.000192 -0.000148 -0.000152  0.000102  3.51e-05 -4.25e-05   -0.0055  -0.00121 -7.25e-07 -5.12e-05 -4.81e-05  -0.00057 -5.29e-06 -0.000272  -0.00204  -0.00629 -0.000633   -0.0155    -4e-05  0.000303   0.00108   0.00273  0.000648   0.00205  0.000727  0.000911 -0.000612 -0.000175  0.000368 -0.000607 -0.000324  -0.00102 -0.000285   0.00147  -0.00118 -0.000708         1 -0.000227   0.00115  -0.00656  -0.00079  0.000633 -3.38e-05 -2.18e-05 -3.68e-06  -4.4e-07 -2.23e-08  -0.00405  -0.00133 -0.000285 -5.16e-05  -0.00474 -0.000797 -0.000601 -0.000217  -0.00232 -0.000689 -0.000895    0.0138 -0.000553 -0.000437  -0.00281   0.00328  -0.00617  -0.00185   0.00157  -0.00605  0.000368   -0.0159  -0.00526  -0.00938   -0.0013 -0.000118  -0.00297 -0.000519 -1.33e-05   -0.0055  -0.00351 -0.000122  -0.00361
  0.00174   2.4e-05 -0.000126 -0.000284 -0.000392 -0.000124 -6.92e-17 -6.92e-17 -2.14e-05  -0.00015 -3.33e-17 -0.000112 -7.45e-05 -1.41e-05 -0.000175 -1.82e-05 -2.26e-05 -7.84e-05 -0.000165  -2.4e-05  2.76e-06 -0.000516 -0.000131  1.09e-05 -0.000728 -5.89e-05  3.74e-05 -1.97e-05 -7.59e-05  4.64e-05 -6.39e-05   1.8e-05   2.1e-05 -1.38e-05 -0.000682 -0.000196  -2.9e-07  2.32e-06 -1.19e-05  8.32e-06 -5.85e-07  -0.00012 -0.000167 -0.000301 -2.56e-05 -0.000479 -8.79e-06 -8.61e-05  5.17e-05  0.000586 -0.000146  8.62e-05 -1.74e-05  0.000102 -0.000148 -0.000154  3.87e-05    -7e-05 -8.85e-05 -0.000364 -2.37e-05  0.000398 -0.000238 -0.000151 -0.000227         1 -4.33e-05  -0.00159 -0.000163  6.22e-05 -2.59e-05 -9.16e-06  -1.8e-06 -2.53e-07 -1.84e-08  -0.00028 -0.000414 -8.63e-05 -2.89e-05  -0.00137 -0.000468 -0.000392 -0.000139  -0.00165 -4.29e-05 -0.000245   0.00291 -0.000277 -0.000361 -0.000143  -0.00157  -0.00092   -0.0012 -0.000143  -0.00149  4.58e-05  -0.00723  -0.00123  -0.00255 -0.000543 -5.81e-05 -0.000766 -0.000162 -4.09e-06 -0.000966  -0.00105  9.02e-07 -0.000736
    0.451   0.00609   -0.0225   -0.0272   -0.0869   -0.0257 -3.69e-15 -3.69e-15  9.62e-05  0.000714 -7.61e-15  -0.00892   -0.0458  -0.00458   -0.0173  -0.00231  -0.00287   -0.0271   -0.0571   0.00257  0.000477  -0.00149    0.0117   0.00162   -0.0182   -0.0167    -0.011    0.0018   0.00183   -0.0133  -0.00106  -0.00496   0.00216  0.000834   -0.0582    0.0159  5.67e-06 -0.000752  -0.00109   -0.0242  1.47e-05    0.0017  -0.00529  0.000375    0.0205    -0.329 -0.000185    0.0296   -0.0776   -0.0725   -0.0288    -0.053    -0.107    -0.116   -0.0113   0.00571   -0.0782   -0.0114   -0.0122   -0.0373    -0.116    0.0247  -0.00732  -0.00974   0.00115 -4.33e-05         1    -0.204    -0.155   -0.0178   -0.0033  8.66e-05  -1.5e-05    -1e-07 -1.45e-07    0.0812  -0.00661   0.00111 -0.000336     0.061  -0.00204  0.000925  0.000355    0.0054    0.0128    0.0118    0.0555  -0.00699    0.0858    0.0908    -0.246    0.0139    0.0308    -0.337    0.0258  -0.00758    0.0194     0.063     0.104    0.0116  0.000245    0.0345   0.00545  0.000342    0.0349    0.0328    0.0065    -0.155
    0.069   0.00374  -0.00807   -0.0127   -0.0316   -0.0105 -5.73e-15 -5.73e-15  9.07e-05  -0.00184 -4.58e-15  -0.00478   -0.0109  -0.00142  -0.00794  -0.00108  -0.00134  -0.00835   -0.0176 -0.000962  0.000251  -0.00444  -0.00038 -0.000487    -0.035    -0.003  0.000712  0.000354 -0.000959 -0.000528  -0.00199  5.05e-05   0.00154  0.000387   -0.0289   0.00196 -3.32e-06 -0.000276 -0.000557  -0.00242 -2.43e-05  -0.00165  -0.00498   -0.0158    0.0103    -0.103 -0.000415    0.0178   0.00626    0.0385    0.0136   0.00651   -0.0173   -0.0151  -0.00231   0.00579   -0.0128  -0.00312  -0.00145   -0.0173   -0.0235    0.0311  -0.00887  -0.00568  -0.00656  -0.00159    -0.204         1   -0.0365   0.00266 -0.000912 -8.11e-05 -3.05e-05 -3.53e-06 -1.78e-07  0.000506   -0.0121 -0.000515 -0.000474   -0.0151  -0.00644  -0.00404  -0.00144   -0.0143  -0.00043  -0.00328     0.178   -0.0023    0.0306   0.00997   -0.0117   -0.0468    -0.014   -0.0538   -0.0112   0.00286    -0.131   -0.0183    -0.038  -0.00558 -0.000745    -0.011  -0.00209   8.5e-06   -0.0248   -0.0156   0.00164   -0.0565
   0.0509   0.00176  -0.00365  -0.00451   -0.0153  -0.00507 -1.33e-15 -1.33e-15  9.68e-05 -0.000375 -1.27e-15  -0.00158  -0.00644 -0.000745  -0.00294 -0.000426 -0.000529  -0.00441  -0.00929  0.000358  0.000381   0.00153   0.00302  0.000213   -0.0106  -0.00176 -0.000458  0.000831  0.000776  -0.00162   0.00027 -7.87e-05  0.000603  0.000414   -0.0133   0.00337 -6.36e-07  0.000115 -0.000175  -0.00423  1.38e-05  0.000435  -0.00231  -0.00837   0.00458   -0.0673  4.49e-05   0.00892  -0.00892  -0.00667   -0.0023  -0.00219   -0.0159   -0.0155 -0.000506   0.00342  -0.00912  -0.00219  -0.00283   -0.0066   -0.0176   0.00734  -0.00176  -0.00217  -0.00079 -0.000163    -0.155   -0.0365         1  -0.00126 -0.000557 -1.63e-05 -5.29e-06 -7.23e-08  2.02e-08   0.00674  5.13e-05 -0.000194  6.25e-05   0.00894  0.000668  0.000542  0.000133 -0.000282   0.00152   0.00364    0.0472  0.000754    0.0184     0.016   -0.0113  -0.00642   0.00922   -0.0492   0.00268  0.000636    0.0304   0.00966    0.0226   0.00139 -5.21e-05   0.00484  0.000701  5.03e-05   0.00229   0.00695   0.00161   -0.0262
  0.00604 -0.000458   0.00167 -7.96e-06   6.4e-05  0.000365  9.15e-16  9.15e-16 -6.47e-05 -6.66e-05  8.35e-16  2.53e-05  -0.00116 -5.14e-05  4.81e-07  4.56e-06 -1.82e-06 -0.000302 -0.000647  0.000463 -2.31e-05  0.000601   0.00143  0.000589   0.00828 -0.000429 -0.000355  0.000149  0.000233 -0.000317  0.000297 -0.000154  0.000113   0.00011  -0.00099   0.00034  9.83e-07 -0.000207 -3.51e-05 -0.000915 -8.41e-06   0.00017  0.000357    0.0035  0.000223     0.006  4.62e-05 -0.000533  -0.00205  -0.00594  -0.00252  -0.00492  -0.00205  -0.00235 -0.000159   -0.0016 -0.000963    0.0003  -0.00129   0.00118  -0.00246  -0.00404 -0.000178 -0.000403  0.000633  6.22e-05   -0.0178   0.00266  -0.00126         1  3.64e-05 -8.46e-06  2.34e-06  4.46e-07  1.96e-09 -0.000603 -2.87e-05  -0.00013  1.49e-05 -0.000536  0.000327  0.000348  9.01e-05  0.000816 -0.000603 -0.000305    -0.014  -0.00346  -0.00305   -0.0122   -0.0156  -0.00316   0.00301   -0.0136   -0.0107  -0.00213   0.00395 -0.000759  0.000508 -0.000114  3.03e-05 -0.000293 -9.08e-05  8.36e-06  -0.00102  -0.00033 -0.000561  -0.00106
 -0.00404  1.97e-05 -0.000315 -0.000133 -0.000303 -0.000101 -2.49e-17 -2.49e-17 -2.82e-06 -2.25e-05 -7.25e-17 -5.12e-05 -9.17e-05 -1.26e-05 -8.66e-05 -9.46e-06 -1.11e-05 -7.23e-05  -0.00015  1.19e-05  5.25e-06 -0.000251 -5.24e-05 -2.76e-05 -0.000374 -0.000104 -7.05e-05 -1.58e-05  -2.8e-05 -4.58e-05 -3.51e-05 -2.41e-05 -1.71e-05 -1.01e-05 -2.23e-05  1.55e-05 -9.46e-08  2.96e-05  4.49e-06 -3.56e-05  1.61e-06 -3.32e-05  -2.8e-05 -2.84e-05 -5.06e-05  -0.00115 -2.06e-06  -0.00025  -0.00101  -0.00118 -0.000671 -0.000247 -0.000568 -0.000672  -0.00024 -0.000105 -0.000521 -0.000158  -7.6e-05 -0.000446 -0.000303  0.000198  2.49e-05 -2.35e-05 -3.38e-05 -2.59e-05   -0.0033 -0.000912 -0.000557  3.64e-05         1 -1.13e-06 -6.52e-07 -9.04e-08 -7.36e-09  0.000627 -2.78e-05 -7.51e-06 -1.02e-05  0.000234  -0.00017 -0.000155 -5.11e-05 -0.000605  0.000182   6.5e-05   0.00211  0.000211  0.000145   0.00153  -0.00125  0.000818 -0.000598 -0.000687  0.000422  9.03e-05  -0.00125  0.000402  0.000304 -3.71e-05 -1.78e-05  0.000187  2.16e-05 -3.81e-07  0.000463  5.46e-05  9.16e-05 -0.000447
 0.000482  7.54e-06  1.79e-05 -1.99e-05 -2.53e-05 -7.58e-06  7.81e-18  7.81e-18    -2e-06 -1.41e-05  1.81e-17 -7.77e-06 -5.75e-06 -1.01e-06 -1.27e-05 -1.22e-06 -1.69e-06 -5.44e-06  -1.2e-05 -1.01e-06  6.97e-07  -2.9e-05  9.86e-06  9.93e-06 -5.34e-05  8.78e-06  1.16e-05  4.05e-06  2.71e-07  4.57e-06  5.92e-06  8.19e-06  7.35e-06  1.29e-06 -0.000126 -1.36e-05 -3.06e-08 -3.14e-06 -2.11e-06 -1.27e-05 -2.39e-07 -7.69e-06 -2.96e-05 -7.87e-05 -4.62e-06 -0.000119  2.83e-07  3.05e-05  6.99e-05  9.18e-05    -1e-06  6.09e-05  3.06e-05  7.67e-05 -4.69e-06 -1.92e-05  6.32e-05 -7.51e-06 -1.57e-06  3.11e-05 -2.01e-06 -1.91e-05 -3.61e-05 -2.47e-05 -2.18e-05 -9.16e-06  8.66e-05 -8.11e-05 -1.63e-05 -8.46e-06 -1.13e-06         1  -1.7e-07 -2.21e-08 -1.66e-09 -9.87e-05 -2.52e-05 -1.87e-05 -1.89e-06 -0.000163 -3.53e-05 -3.29e-05 -1.26e-05 -0.000168 -1.82e-05 -1.22e-05  0.000118 -6.75e-05 -6.52e-05  8.43e-06  -0.00026 -1.44e-05   9.1e-05 -9.75e-05 -0.000246 -7.31e-06  -0.00037 -0.000144 -0.000227 -6.14e-05 -6.22e-06 -8.33e-05 -1.76e-05 -2.96e-07 -0.000128 -8.67e-05 -6.08e-06 -5.53e-05
-9.05e-06  1.42e-06 -4.51e-06  -4.8e-06 -7.64e-06 -2.54e-06 -2.39e-18 -2.39e-18 -3.02e-07 -2.52e-06 -1.53e-18 -1.65e-06 -1.23e-06 -2.44e-07 -2.95e-06 -2.34e-07  -2.8e-07 -1.37e-06 -2.82e-06 -2.59e-07  1.25e-07 -1.08e-05  -3.5e-06  3.02e-07 -1.12e-05 -9.72e-07   8.4e-07 -2.93e-07 -1.24e-06  1.09e-06  -1.1e-06  3.72e-07  3.23e-07 -2.68e-07 -5.17e-06 -1.47e-06 -5.93e-09  4.03e-07 -2.14e-07  2.16e-06  1.27e-08 -2.27e-06 -6.55e-07 -2.47e-07 -2.99e-07  2.85e-07 -1.94e-07  2.76e-06  6.13e-06  2.49e-05  2.02e-06  7.14e-06  1.15e-06  6.03e-06 -1.65e-06 -8.56e-07  2.21e-06  1.89e-07  2.51e-06 -6.63e-06 -1.18e-07  1.05e-05  -3.1e-06 -2.45e-06 -3.68e-06  -1.8e-06  -1.5e-05 -3.05e-05 -5.29e-06  2.34e-06 -6.52e-07  -1.7e-07         1 -6.13e-09 -4.15e-10  7.74e-06 -6.53e-06 -1.45e-06 -6.12e-07 -1.84e-05 -9.82e-06 -8.28e-06 -2.93e-06 -3.48e-05  1.74e-06 -1.56e-06 -2.92e-06 -1.41e-06  1.76e-06  2.18e-05  -5.5e-05 -3.25e-06 -2.05e-05 -4.65e-06  -1.2e-06   3.1e-06 -0.000117 -1.31e-05 -3.48e-05  -8.9e-06 -1.28e-06 -9.05e-06 -2.14e-06  -5.5e-08 -6.49e-06 -1.45e-05  1.03e-06 -1.19e-05
 9.57e-06  1.88e-07 -7.27e-07 -5.55e-07 -7.25e-07  -2.3e-07 -3.88e-19 -3.88e-19 -5.87e-08 -3.28e-07 -3.05e-19 -1.55e-07 -4.99e-08 -1.52e-08 -3.28e-07  -1.2e-08 -1.22e-08 -8.16e-08 -1.59e-07 -1.29e-07 -1.65e-08 -1.96e-06 -9.62e-07 -9.44e-09 -1.88e-06 -1.16e-07   4.3e-08  -1.3e-07 -2.61e-07  1.53e-07 -2.28e-07  1.21e-09 -4.54e-09 -1.14e-07 -1.03e-08 -4.58e-07 -9.47e-10  5.66e-08 -3.39e-08  4.74e-07  1.74e-09 -3.71e-07  7.72e-08  5.85e-07 -3.62e-07  1.52e-06 -3.89e-08  1.95e-07  1.67e-06  5.14e-06  9.03e-07  1.32e-06  8.35e-07  1.59e-06 -3.13e-08  1.79e-08  7.01e-07  2.32e-07  8.96e-07 -5.52e-07  4.09e-07   1.4e-06 -2.65e-07 -1.34e-07  -4.4e-07 -2.53e-07    -1e-07 -3.53e-06 -7.23e-08  4.46e-07 -9.04e-08 -2.21e-08 -6.13e-09         1 -7.02e-11  2.35e-06 -9.44e-07 -1.67e-07 -1.06e-07 -2.43e-06 -1.63e-06 -1.35e-06 -4.67e-07  -5.4e-06  4.38e-07 -2.69e-07 -1.19e-05  4.44e-08  1.27e-07  5.66e-06 -1.01e-05  2.04e-06 -3.44e-06  1.11e-06  2.75e-06  5.88e-07 -2.02e-05 -1.47e-06 -5.23e-06 -1.28e-06 -1.85e-07 -1.08e-06 -2.74e-07 -8.21e-09  2.26e-08 -1.98e-06  1.51e-07 -9.17e-07
-5.48e-07  4.53e-10 -5.24e-08  -4.1e-08 -2.63e-08 -1.67e-09  4.36e-22  4.36e-22 -5.81e-09 -1.96e-08 -6.44e-21 -1.31e-08 -1.04e-08  -6.9e-10 -2.43e-08 -7.61e-10 -8.52e-10    -3e-09 -5.67e-09 -3.04e-09 -4.25e-09 -1.65e-07 -6.06e-08  2.58e-09 -1.52e-08 -2.19e-08 -1.61e-08 -1.43e-08 -2.37e-08  3.22e-09 -1.76e-08 -6.62e-09 -2.23e-09    -1e-08  1.71e-08 -4.25e-08 -5.41e-11  1.54e-09 -1.46e-09  2.57e-08 -3.37e-11 -2.92e-08  1.17e-08   1.2e-07 -4.94e-08  2.51e-07 -2.74e-09  -9.4e-08 -6.61e-08  3.32e-08 -9.72e-08 -2.08e-08 -7.28e-09  1.32e-08 -5.73e-08 -7.05e-08 -2.79e-08 -1.08e-08  4.21e-08 -4.35e-08  1.16e-08  1.49e-08 -1.78e-08  -9.6e-09 -2.23e-08 -1.84e-08 -1.45e-07 -1.78e-07  2.02e-08  1.96e-09 -7.36e-09 -1.66e-09 -4.15e-10 -7.02e-11         1   1.9e-07 -7.37e-08 -1.52e-08 -8.88e-09 -1.89e-07 -1.33e-07  -1.1e-07 -3.74e-08  -4.2e-07  3.78e-08 -4.35e-08 -5.63e-07 -3.64e-08 -1.35e-07  4.41e-07 -1.08e-06  3.58e-07 -2.55e-07 -2.89e-08   2.5e-08  7.74e-09 -1.75e-06 -1.16e-07 -4.61e-07 -9.96e-08 -1.31e-08 -7.56e-08 -1.98e-08 -6.97e-10  2.68e-08 -1.72e-07  5.32e-09 -4.14e-08
    0.149 -0.000647   0.00552 -0.000922 -0.000273 -0.000484  1.36e-15  1.36e-15  8.22e-05 -0.000911  3.16e-15 -0.000933    0.0011 -2.77e-05 -0.000707 -0.000263 -0.000369 -8.37e-05 -0.000396  -0.00185  -3.3e-05   0.00415   0.00118 -0.000192    -0.035   0.00303   0.00203   0.00054  0.000509 -0.000944   0.00115   0.00118  0.000411  0.000336    -0.036  -0.00735 -3.76e-07 -0.000976 -0.000207  -0.00632 -6.22e-05  0.000202   -0.0135   -0.0414  -0.00435   -0.0736  9.16e-05  0.000375   0.00999  -0.00139   0.00195   0.00675    0.0106    0.0107 -0.000407  -0.00279    0.0103  -0.00239  -0.00696   0.00519   0.00314  -0.00854  -0.00631  -0.00381  -0.00405  -0.00028    0.0812  0.000506   0.00674 -0.000603  0.000627 -9.87e-05  7.74e-06  2.35e-06   1.9e-07         1   -0.0028  -0.00185  0.000258   -0.0281   0.00341   0.00285  0.000822   0.00833  -0.00944  -0.00526     0.072   -0.0106   -0.0167   -0.0743    0.0654   -0.0564    0.0131     0.012   -0.0736  -0.00322   0.00796   -0.0354   -0.0421  -0.00487  6.55e-05   -0.0189  -0.00305 -6.46e-05   -0.0424    -0.016   -0.0033  -0.00589
   0.0138   2.9e-05 -5.88e-05    -0.002  -0.00304 -0.000797  -7.1e-16  -7.1e-16 -6.67e-05 -0.000523 -4.35e-16 -0.000772   -0.0013 -0.000146  -0.00119 -0.000143 -0.000179 -0.000836  -0.00177 -0.000228 -0.000111  -0.00215 -0.000913  8.05e-05  -0.00207 -0.000497  0.000126 -0.000215 -0.000544  0.000253 -0.000604 -9.77e-05  0.000207 -3.66e-05  -0.00403  -0.00102 -2.38e-07 -0.000242  -0.00012  0.000456 -1.72e-05 -0.000655 -0.000562  0.000495  0.000838  0.000484 -0.000124   0.00091   0.00445    0.0112   0.00349 -0.000413   0.00058  0.000773 -0.000604 -0.000842 -0.000519  0.000312 -3.37e-05  -0.00198  -0.00107   0.00365  -0.00202  -0.00107  -0.00133 -0.000414  -0.00661   -0.0121  5.13e-05 -2.87e-05 -2.78e-05 -2.52e-05 -6.53e-06 -9.44e-07 -7.37e-08   -0.0028         1 -0.000154 -0.000181  -0.00932  -0.00232  -0.00146 -0.000513  -0.00452  -0.00115  -0.00285    0.0163  -0.00319 -0.000835    -0.013   -0.0107   -0.0148  -0.00816  -0.00344   -0.0114 -0.000694   -0.0539   -0.0106   -0.0222  -0.00258 -0.000219  -0.00595  -0.00106 -1.67e-05  -0.00936  -0.00853 -0.000575  -0.00671
   0.0107  9.76e-05  0.000164   -0.0002  -0.00023 -7.61e-05  2.62e-16  2.62e-16 -1.62e-05 -8.63e-05  3.52e-16 -9.22e-05 -3.71e-05 -1.04e-05 -0.000136 -1.66e-05 -2.39e-05 -5.25e-05 -0.000124  -8.2e-05 -1.07e-05 -0.000278  0.000111  7.98e-05  -0.00192  0.000191  7.42e-05  3.77e-05  1.43e-05 -6.59e-05  0.000125  0.000103  8.08e-05  1.41e-06  -0.00237 -0.000358 -3.44e-07 -6.42e-05 -2.33e-05  -0.00041 -4.52e-06 -5.98e-05 -0.000754  -0.00218 -0.000386  -0.00502  7.26e-06  2.27e-05  0.000164 -0.000586 -0.000655   0.00095  0.000317   0.00079 -0.000325 -0.000453  0.000669 -0.000385 -4.69e-05  0.000695  -0.00011 -0.000844 -0.000513 -0.000326 -0.000285 -8.63e-05   0.00111 -0.000515 -0.000194  -0.00013 -7.51e-06 -1.87e-05 -1.45e-06 -1.67e-07 -1.52e-08  -0.00185 -0.000154         1 -1.42e-05  -0.00192 -0.000296 -0.000307 -0.000119  -0.00162 -0.000274 -0.000156   0.00289 -0.000861  -0.00139   0.00147  -0.00287    0.0017   0.00254  -0.00103  -0.00356 -0.000143  -0.00222  -0.00176  -0.00268 -0.000666 -5.67e-05 -0.000927 -0.000185 -3.69e-06  -0.00168 -0.000862 -0.000103 -0.000606
 0.000584 -2.75e-06 -9.87e-05 -9.15e-05 -8.46e-05 -1.43e-05 -1.58e-17 -1.58e-17 -8.06e-06 -2.47e-05 -2.93e-17 -3.19e-05 -3.62e-05 -3.34e-06 -5.36e-05 -3.67e-06 -4.39e-06 -1.77e-05 -3.67e-05 -1.48e-05 -1.12e-05 -0.000274 -0.000126 -5.84e-06 -0.000111 -4.49e-05 -3.24e-05 -3.15e-05 -4.99e-05  3.42e-06 -4.43e-05 -1.82e-05 -4.29e-06 -1.81e-05 -7.33e-06 -8.86e-05 -6.18e-08 -2.73e-06 -3.27e-06  5.27e-05 -3.99e-07 -5.26e-05  9.16e-06  0.000192 -6.55e-05  0.000315  -7.5e-06 -0.000159 -6.12e-05  0.000201 -7.53e-05 -5.75e-05 -1.01e-05 -1.37e-05 -0.000111 -0.000119 -0.000104 -1.86e-05  7.14e-05 -0.000118  1.92e-06  0.000108 -5.24e-05 -2.01e-05 -5.16e-05 -2.89e-05 -0.000336 -0.000474  6.25e-05  1.49e-05 -1.02e-05 -1.89e-06 -6.12e-07 -1.06e-07 -8.88e-09  0.000258 -0.000181 -1.42e-05         1 -0.000383 -0.000222  -0.00017 -5.68e-05  -0.00058  4.06e-05 -0.000129 -0.000382  -7.4e-05 -0.000199  0.000458  -0.00161  0.000313 -0.000576   1.9e-05 -4.01e-05  2.58e-06  -0.00359 -0.000328  -0.00108 -0.000159 -1.89e-05 -0.000191    -4e-05 -1.24e-06 -9.54e-05 -0.000392  -2.4e-06 -0.000169
    0.078 -0.000493   0.00358  -0.00374  -0.00268 -0.000574 -2.22e-17 -2.22e-17 -0.000321  -0.00217  1.53e-15  -0.00163  -0.00057 -0.000119  -0.00225 -0.000278 -0.000372 -0.000593  -0.00138  -0.00159 -0.000327  -0.00581  -0.00276  0.000362   -0.0209   0.00102   0.00135 -0.000412  -0.00118  0.000382 -0.000567   0.00053  0.000527 -0.000238   -0.0251  -0.00772 -2.75e-06 -0.000973 -0.000379  -0.00183  -6.8e-05  -0.00176  -0.00783   -0.0181  -0.00323   -0.0211 -0.000183 -0.000495    0.0173    0.0252    0.0069   0.00451    0.0115    0.0138 -0.000811  -0.00431   0.00934  0.000134  -0.00188   0.00225   0.00369  -0.00128  -0.00698  -0.00366  -0.00474  -0.00137     0.061   -0.0151   0.00894 -0.000536  0.000234 -0.000163 -1.84e-05 -2.43e-06 -1.89e-07   -0.0281  -0.00932  -0.00192 -0.000383         1  -0.00556  -0.00402   -0.0015   -0.0163  -0.00665  -0.00874    0.0118   -0.0132   -0.0176   -0.0524   -0.0102   -0.0433   -0.0103    0.0077   -0.0587  -0.00285     -0.13   -0.0419   -0.0732   -0.0106 -0.000711   -0.0234  -0.00424 -8.88e-05   -0.0386   -0.0276  -0.00304  -0.00973
 0.000657  1.54e-06  -0.00145  -0.00127  -0.00111 -0.000219 -1.96e-16 -1.96e-16 -0.000127 -0.000485 -3.54e-16 -0.000457 -0.000301  -3.5e-05 -0.000757    -5e-05 -5.94e-05 -0.000178 -0.000362 -0.000149 -0.000112  -0.00397  -0.00161 -5.24e-05  -0.00167 -0.000591 -0.000345  -0.00039 -0.000668  0.000138 -0.000569 -0.000172  -4.7e-05 -0.000236 -0.000121  -0.00117 -1.24e-06  2.25e-05 -3.64e-05  0.000729 -2.59e-06 -0.000767  9.62e-05   0.00231 -0.000915   0.00477 -8.84e-05  -0.00234   -0.0015   0.00163  -0.00186 -0.000515 -0.000267 -0.000111  -0.00158  -0.00165  -0.00118 -0.000394  0.000773  -0.00184  0.000326   0.00155 -0.000692 -0.000315 -0.000797 -0.000468  -0.00204  -0.00644  0.000668  0.000327  -0.00017 -3.53e-05 -9.82e-06 -1.63e-06 -1.33e-07   0.00341  -0.00232 -0.000296 -0.000222  -0.00556         1  -0.00261 -0.000882  -0.00954   0.00068  -0.00155 -0.000726 -0.000814    -0.003   0.00799   -0.0213   0.00506  -0.00813  0.000844 -0.000976  0.000251   -0.0488  -0.00436   -0.0142  -0.00251 -0.000307  -0.00267 -0.000598 -2.01e-05  -0.00109  -0.00531  9.16e-05  -0.00201
-0.000646  7.91e-06  -0.00126 -0.000879 -0.000544 -0.000102 -2.57e-17 -2.57e-17 -0.000113 -0.000427 -1.92e-16 -0.000323  1.58e-05 -6.53e-06  -0.00053 -2.85e-05  -3.3e-05 -1.46e-05 -1.98e-05 -9.92e-05 -6.77e-05  -0.00328  -0.00122 -5.58e-05  -0.00165 -0.000417 -0.000271 -0.000297 -0.000514  0.000119 -0.000398 -9.36e-05 -5.72e-05 -0.000201  5.66e-05 -0.000961 -1.26e-06  6.75e-05 -1.31e-05  0.000501  4.28e-07 -0.000609  1.56e-05   0.00142 -0.000959   0.00342 -5.33e-05  -0.00236  -0.00234 -0.000988  -0.00263 -0.000247 -0.000373 -0.000207  -0.00138  -0.00139 -0.000834 -0.000544  0.000505   -0.0014  0.000579  0.000808 -0.000389 -0.000164 -0.000601 -0.000392  0.000925  -0.00404  0.000542  0.000348 -0.000155 -3.29e-05 -8.28e-06 -1.35e-06  -1.1e-07   0.00285  -0.00146 -0.000307  -0.00017  -0.00402  -0.00261         1 -0.000747  -0.00846  0.000738 -0.000958    0.0014 -0.000275  -0.00291    0.0095   -0.0159   0.00686  -0.00593   0.00173 -0.000172  0.000385   -0.0359  -0.00264  -0.00958  -0.00207 -0.000257  -0.00172 -0.000432 -1.75e-05  3.81e-05  -0.00361  0.000194  -0.00079
 -0.00113  1.89e-05 -0.000358  -0.00031 -0.000219 -4.47e-05 -1.47e-17 -1.47e-17 -3.67e-05 -0.000161 -4.11e-17 -0.000113 -1.23e-05 -4.08e-06 -0.000187 -1.06e-05 -1.26e-05 -1.61e-05 -3.02e-05 -1.05e-05  -1.6e-05  -0.00105 -0.000332   1.3e-05  -0.00028 -0.000127 -5.18e-05  -7.8e-05 -0.000154  6.58e-05 -0.000114 -1.33e-05 -1.08e-06 -5.16e-05 -1.87e-05 -0.000251 -4.24e-07  2.03e-05 -7.18e-06  0.000189  4.13e-08 -0.000203  3.32e-05  0.000545 -0.000239   0.00156 -1.65e-05 -0.000604 -0.000533  6.68e-05 -0.000745  3.33e-06 -7.81e-05  7.71e-05 -0.000422 -0.000457 -0.000165 -0.000141  0.000163  -0.00044  0.000182  0.000309 -0.000174 -0.000104 -0.000217 -0.000139  0.000355  -0.00144  0.000133  9.01e-05 -5.11e-05 -1.26e-05 -2.93e-06 -4.67e-07 -3.74e-08  0.000822 -0.000513 -0.000119 -5.68e-05   -0.0015 -0.000882 -0.000747         1  -0.00294  0.000209 -0.000303  0.000838 -0.000202 -0.000899    0.0027  -0.00565   0.00179  -0.00182  0.000208 -0.000441  0.000106   -0.0117  -0.00103  -0.00333  -0.00074 -9.41e-05 -0.000665 -0.000162 -5.72e-06 -0.000167  -0.00128   5.5e-05 -0.000344
 -0.00847  0.000389  -0.00314  -0.00319  -0.00237 -0.000576 -2.64e-17 -2.64e-17  -0.00047  -0.00225 -7.89e-17  -0.00114  0.000128    -3e-05  -0.00195 -9.48e-05 -0.000112 -9.72e-05 -0.000159  8.06e-05 -1.39e-05   -0.0112  -0.00273  0.000432  -0.00215  -0.00112 -0.000107 -0.000559  -0.00139  0.000948 -0.000902  0.000154  0.000126 -0.000487   -0.0011  -0.00235 -5.75e-06  0.000326 -9.23e-05   0.00158  6.79e-06  -0.00215  0.000354   0.00499  -0.00219     0.017   -0.0001  -0.00525  -0.00499  0.000499  -0.00865   0.00111 -0.000794   0.00214  -0.00343  -0.00405  0.000502  -0.00135   0.00121  -0.00387   0.00204   0.00262  -0.00175  -0.00118  -0.00232  -0.00165    0.0054   -0.0143 -0.000282  0.000816 -0.000605 -0.000168 -3.48e-05  -5.4e-06  -4.2e-07   0.00833  -0.00452  -0.00162  -0.00058   -0.0163  -0.00954  -0.00846  -0.00294         1   0.00238  -0.00208   0.00456  -0.00229  -0.00939    0.0328   -0.0583     0.021   -0.0166  0.000409  -0.00541   0.00152    -0.115  -0.00979     -0.03   -0.0088  -0.00111  -0.00687  -0.00185 -6.25e-05 -0.000952   -0.0121  0.000859   -0.0031
   0.0247 -0.000165   0.00205 -0.000248 -0.000323 -6.89e-05  4.25e-17  4.25e-17 -3.09e-06 -0.000271  5.93e-16 -0.000143 -0.000267 -3.16e-05 -0.000149 -4.56e-05  -6.6e-05 -0.000179 -0.000418 -0.000317 -2.14e-05    0.0011  0.000308  0.000182  -0.00398  0.000572  0.000546  0.000152  0.000143 -6.58e-05  0.000214  0.000202  0.000172   9.8e-05   -0.0069  -0.00129  2.75e-07 -0.000306 -9.38e-05  -0.00106 -1.74e-05  4.96e-05  -0.00214  -0.00597 -0.000192  -0.00892  4.33e-06   0.00185   0.00636   0.00708   0.00378   0.00104    0.0032   0.00372   0.00104 -1.66e-07   0.00324   0.00058  -0.00101   0.00183  0.000218  -0.00144  -0.00145 -0.000843 -0.000689 -4.29e-05    0.0128  -0.00043   0.00152 -0.000603  0.000182 -1.82e-05  1.74e-06  4.38e-07  3.78e-08  -0.00944  -0.00115 -0.000274  4.06e-05  -0.00665   0.00068  0.000738  0.000209   0.00238         1  -0.00137  -0.00435  -0.00341  -0.00231   -0.0223   0.00864   -0.0173   0.00226 -0.000718   -0.0155  -0.00115  -0.00312  -0.00853   -0.0105  -0.00112  1.56e-05  -0.00462 -0.000758 -8.24e-06  -0.00992  -0.00409 -0.000969  -0.00201
   0.0147 -0.000569  0.000363 -0.000991  -0.00018  0.000151  2.57e-16  2.57e-16 -0.000106 -0.000243  1.31e-16 -0.000464 -0.000298 -2.25e-05 -0.000569 -7.46e-05 -9.76e-05   -0.0001 -0.000249 -0.000503 -0.000226   -0.0021  -0.00141 -0.000207  -0.00442  -0.00027 -0.000367 -0.000455 -0.000662 -0.000149 -0.000544 -0.000241 -5.87e-05 -0.000232  -0.00462  -0.00262 -2.99e-08 -0.000308 -5.83e-05 -0.000383 -2.15e-05 -0.000524   -0.0016  -0.00202  -0.00131  -0.00271 -9.01e-05  -0.00345 -6.17e-05 -0.000209 -0.000708  -0.00231   0.00127 -5.09e-05  -0.00134  -0.00212 -0.000671 -0.000512 -0.000732 -0.000379   0.00068  -0.00074   -0.0014 -0.000375 -0.000895 -0.000245    0.0118  -0.00328   0.00364 -0.000305   6.5e-05 -1.22e-05 -1.56e-06 -2.69e-07 -4.35e-08  -0.00526  -0.00285 -0.000156 -0.000129  -0.00874  -0.00155 -0.000958 -0.000303  -0.00208  -0.00137         1    0.0104  -0.00304   -0.0067   -0.0121  -0.00293  -0.00667  -0.00684    0.0043   -0.0139  -0.00122   -0.0483   -0.0103   -0.0213  -0.00215 -5.64e-05   -0.0055 -0.000947 -2.47e-05  -0.00856  -0.00769  -0.00086  -0.00204
    0.531   -0.0123   0.00494    0.0256    0.0395    0.0157 -7.03e-15 -7.03e-15  -0.00208  -0.00236 -5.07e-15    0.0155   0.00184   0.00158    0.0167   0.00321   0.00403    0.0091    0.0192   -0.0203  -0.00358   -0.0451   -0.0719  -0.00669    -0.211   0.00626   -0.0136  -0.00874  -0.00233   -0.0258 -8.22e-05  -0.00949   -0.0138   -0.0108   -0.0692   -0.0769 -6.46e-06  -0.00111  -0.00161   -0.0339  8.62e-05  0.000619   -0.0513     -0.12    -0.105    -0.304  6.97e-05    -0.016     0.132     0.167    0.0853  -0.00627     0.124     0.123    0.0556     0.018    0.0978    0.0496    0.0349    0.0743    0.0157    -0.128    0.0268    0.0165    0.0138   0.00291    0.0555     0.178    0.0472    -0.014   0.00211  0.000118 -2.92e-06 -1.19e-05 -5.63e-07     0.072    0.0163   0.00289 -0.000382    0.0118 -0.000726    0.0014  0.000838   0.00456  -0.00435    0.0104         1  -0.00374   -0.0441    -0.189     -0.35   -0.0291   -0.0636     0.068     0.182  -0.00129     0.136    0.0295    0.0541   0.00392   0.00039   0.00843  0.000784 -3.65e-05    0.0546    0.0214   -0.0144    0.0763
  -0.0115  -0.00026   0.00508  -0.00121  -0.00123  0.000199  1.23e-15  1.23e-15 -0.000154 -0.000614     2e-15 -0.000445  -0.00215 -0.000138 -0.000698  -8.4e-05 -0.000127 -0.000796  -0.00174   0.00039  -0.00011  0.000814   0.00248    0.0014     0.011  0.000207  0.000584  0.000381  0.000223   0.00031  0.000499  0.000245  0.000792  0.000295  -0.00816 -0.000213  8.77e-07 -0.000792 -0.000236  -0.00107  -4.5e-05 -0.000152 -0.000443   0.00277   0.00188    0.0107  3.02e-06   0.00361   0.00995    0.0115   0.00417  -0.00218   0.00198   0.00424  0.000909   -0.0022   0.00386   0.00117  -0.00108    0.0047  -0.00254  -0.00414  -0.00319  -0.00195 -0.000553 -0.000277  -0.00699   -0.0023  0.000754  -0.00346  0.000211 -6.75e-05 -1.41e-06  4.44e-08 -3.64e-08   -0.0106  -0.00319 -0.000861  -7.4e-05   -0.0132 -0.000814 -0.000275 -0.000202  -0.00229  -0.00341  -0.00304  -0.00374         1  -0.00654    -0.031   -0.0251   -0.0178   0.00883   -0.0201    -0.032  -0.00411   -0.0312   -0.0152   -0.0225  -0.00339 -0.000147    -0.008  -0.00147 -1.88e-06    -0.015  -0.00863  -0.00187  -0.00558
   0.0661  -0.00375 -0.000257   0.00167    0.0111   0.00423  5.09e-15  5.09e-15 -0.000414  -0.00026   3.3e-15  0.000178   0.00339  0.000455  0.000985  0.000147  0.000161   0.00283   0.00584  -0.00146 -0.000736  -0.00845  -0.00481  -0.00103    -0.019 -0.000296   -0.0032  -0.00171  -0.00156  -0.00278 -0.000292  -0.00103  -0.00158  -0.00116   -0.0143   -0.0122 -6.13e-07 -0.000386  0.000199  -0.00508 -2.81e-05 -0.000992  -0.00951   -0.0182   -0.0158   -0.0229  4.62e-05   -0.0285   -0.0303   -0.0654   -0.0312   -0.0153   0.00271   -0.0051  -0.00934   -0.0145   -0.0036  -0.00521  -0.00592   0.00232   0.00748   -0.0254  3.16e-05  0.000237 -0.000437 -0.000361    0.0858    0.0306    0.0184  -0.00305  0.000145 -6.52e-05  1.76e-06  1.27e-07 -1.35e-07   -0.0167 -0.000835  -0.00139 -0.000199   -0.0176    -0.003  -0.00291 -0.000899  -0.00939  -0.00231   -0.0067   -0.0441  -0.00654         1   -0.0237   -0.0246    0.0203   -0.0133    0.0238   -0.0502  -0.00477   -0.0622   -0.0175   -0.0376  -0.00493 -0.000105  -0.00909  -0.00166 -0.000102   -0.0101   -0.0138  -0.00248    0.0154
    0.053  -0.00828    0.0154 -0.000816   0.00105   0.00183 -3.96e-15 -3.96e-15  0.000136  -0.00517  4.67e-16   -0.0008  -0.00464 -0.000264 -0.000446 -0.000282 -0.000391  -0.00148  -0.00317   0.00117  0.000635     0.008   0.00287    0.0021    0.0102  -0.00265    0.0026   0.00134   0.00187  -0.00237   0.00034  -0.00089  -0.00166   0.00182   -0.0379   -0.0105  1.16e-05 -0.000778  -0.00028  -0.00731 -4.01e-06  0.000544   -0.0155   -0.0276  -0.00615    0.0227   0.00015  0.000864    0.0228    0.0169    0.0137   -0.0446    0.0166   0.00589   0.00713   -0.0102   0.00858     0.015   -0.0274   -0.0157 -0.000288   -0.0189  -0.00455   -0.0093  -0.00281 -0.000143    0.0908   0.00997     0.016   -0.0122   0.00153  8.43e-06  2.18e-05  5.66e-06  4.41e-07   -0.0743    -0.013   0.00147  0.000458   -0.0524   0.00799    0.0095    0.0027    0.0328   -0.0223   -0.0121    -0.189    -0.031   -0.0237         1    0.0486    -0.329   -0.0862   -0.0472    -0.201   -0.0171    0.0169   -0.0731   -0.0818  -0.00547 -0.000221   -0.0434   -0.0071 -0.000109   -0.0888   -0.0482   -0.0103   -0.0137
   -0.164 -0.000609  -0.00458  -0.00564  -0.00516   0.00233  5.77e-15  5.77e-15 -0.000665  0.000168   3.8e-15 -0.000837   -0.0126 -0.000596  -0.00324  0.000147  0.000155  -0.00335   -0.0069   0.00356  -0.00133   -0.0246  -0.00202   0.00515    0.0703   -0.0068  -0.00713  -0.00146  -0.00157  -0.00328 -8.85e-05  -0.00305  0.000212 -0.000643    0.0157   0.00307  3.58e-06    -0.001 -0.000448   0.00313 -3.75e-05  -0.00306    0.0105    0.0623  -0.00861    0.0963 -0.000384  -0.00978   -0.0201    -0.013   -0.0263   -0.0271   -0.0162  -0.00994   -0.0154   -0.0256   -0.0181   0.00212    0.0121   0.00348   -0.0212   -0.0251  -0.00205  -0.00541   0.00328  -0.00157    -0.246   -0.0117   -0.0113   -0.0156  -0.00125  -0.00026  -5.5e-05 -1.01e-05 -1.08e-06    0.0654   -0.0107  -0.00287  -0.00161   -0.0102   -0.0213   -0.0159  -0.00565   -0.0583   0.00864  -0.00293     -0.35   -0.0251   -0.0246    0.0486         1    0.0891   0.00221    -0.136  -0.00798   -0.0123    -0.192   0.00302   -0.0482  -0.00913  -0.00221   0.00312 -0.000196  4.78e-05    0.0301    -0.018  -0.00178   -0.0136
   0.0678  -0.00261   0.00851  -0.00609    -0.016  -0.00517 -1.02e-14 -1.02e-14  0.000435  -0.00563 -4.32e-15  -0.00255  -0.00664 -0.000829  -0.00374 -0.000705 -0.000883  -0.00489   -0.0103  0.000987   0.00131   0.00901   0.00348   0.00152  -0.00513  -0.00196     0.006   0.00232   0.00191  0.000868 -0.000555  0.000651  5.83e-05   0.00235   -0.0325   -0.0014  5.87e-06 -4.54e-06 -0.000492  -0.00191  2.61e-05 -4.19e-05  -0.00982   -0.0251   0.00813   -0.0028 -6.97e-05     0.026    0.0461     0.081    0.0398   -0.0158    0.0122    0.0106    0.0121   0.00519    0.0103    0.0147    -0.019   -0.0231  -0.00582    0.0181  -0.00707  -0.00976  -0.00617  -0.00092    0.0139   -0.0468  -0.00642  -0.00316  0.000818 -1.44e-05 -3.25e-06  2.04e-06  3.58e-07   -0.0564   -0.0148    0.0017  0.000313   -0.0433   0.00506   0.00686   0.00179     0.021   -0.0173  -0.00667   -0.0291   -0.0178    0.0203    -0.329    0.0891         1   -0.0777   -0.0443    -0.134  -0.00638  -0.00395   -0.0607   -0.0645  -0.00553 -0.000665   -0.0376  -0.00625 -6.11e-05   -0.0801   -0.0398  -0.00564   -0.0369
  -0.0251  -0.00474    -0.012  -0.00276  4.18e-05  0.000218 -4.91e-15 -4.91e-15 -0.000324  -0.00284 -6.93e-15  -0.00127   0.00126  8.29e-05  -0.00162 -0.000129 -0.000103  0.000598   0.00146 -0.000853 -9.44e-05   -0.0166   -0.0124  -0.00324    -0.021  -0.00623  -0.00355  -0.00271  -0.00332  -0.00171  -0.00452  -0.00274  -0.00343  -0.00133   0.00849   -0.0106 -1.13e-06    0.0017  0.000417   0.00189  9.87e-05  -0.00275  -0.00351  0.000812   -0.0115      0.02 -0.000331   -0.0279   -0.0357    -0.038   -0.0212   -0.0312   -0.0056   -0.0211  -0.00705   -0.0079   -0.0188   0.00141  -0.00959   -0.0301   0.00567   0.00628   0.00482   0.00123  -0.00185   -0.0012    0.0308    -0.014   0.00922   0.00301 -0.000598   9.1e-05 -2.05e-05 -3.44e-06 -2.55e-07    0.0131  -0.00816   0.00254 -0.000576   -0.0103  -0.00813  -0.00593  -0.00182   -0.0166   0.00226  -0.00684   -0.0636   0.00883   -0.0133   -0.0862   0.00221   -0.0777         1    0.0333   -0.0166   0.00181    -0.157   -0.0104   -0.0392  -0.00373 -0.000691  -0.00929  -0.00185 -0.000136  -0.00256   -0.0227  0.000364  0.000366
  -0.0134   0.00182   0.00424  -0.00827   -0.0256  -0.00645   1.4e-15   1.4e-15  8.03e-05 -0.000777  2.28e-15  -0.00271   -0.0172  -0.00153  -0.00526 -0.000692 -0.000898  -0.00904    -0.019   0.00487   0.00067   0.00761     0.016   0.00509    0.0563    -0.005 -0.000683   0.00293   0.00297  -0.00167   0.00223 -0.000251   0.00268   0.00222   -0.0132    0.0148  6.22e-06 -0.000933 -0.000528  -0.00535 -2.57e-05   0.00133   0.00552     0.026    0.0164   -0.0122   0.00019    0.0228  -0.00942  -0.00775  -0.00501   -0.0229   -0.0345     -0.03  -0.00166  -0.00308   -0.0183  0.000746  -0.00746  -0.00587   -0.0397  0.000951  -0.00565  -0.00777   0.00157 -0.000143    -0.337   -0.0538   -0.0492   -0.0136 -0.000687 -9.75e-05 -4.65e-06  1.11e-06 -2.89e-08     0.012  -0.00344  -0.00103   1.9e-05    0.0077  0.000844   0.00173  0.000208  0.000409 -0.000718    0.0043     0.068   -0.0201    0.0238   -0.0472    -0.136   -0.0443    0.0333         1    -0.053   -0.0106     0.056   0.00695    0.0261  0.000988 -0.000371   0.00419  0.000419  0.000149  -0.00443   0.00424 -0.000331   -0.0501
 -0.00907   -0.0046   0.00812  -0.00613  -0.00488  -0.00033  5.27e-15  5.27e-15 -0.000265  -0.00349  6.61e-15  -0.00352  -0.00473 -0.000472  -0.00405 -0.000729 -0.000987  -0.00253  -0.00562   0.00042 -5.61e-05 -0.000814    0.0066   0.00188   -0.0142  -0.00145 -0.000107  0.000691   0.00024  -0.00304   0.00119  0.000243  0.000325   0.00106   -0.0578   -0.0111  3.09e-06  -0.00157 -0.000238   -0.0119 -9.18e-05 -0.000965   -0.0199   -0.0424  -0.00803   -0.0672  0.000166   -0.0171    -0.027   -0.0686    -0.033   -0.0292  -0.00627   -0.0138   -0.0125   -0.0222  -0.00635  -0.00599   -0.0238  -0.00751  -0.00788   -0.0254   -0.0114   -0.0104  -0.00605  -0.00149    0.0258   -0.0112   0.00268   -0.0107  0.000422 -0.000246  -1.2e-06  2.75e-06   2.5e-08   -0.0736   -0.0114  -0.00356 -4.01e-05   -0.0587 -0.000976 -0.000172 -0.000441  -0.00541   -0.0155   -0.0139     0.182    -0.032   -0.0502    -0.201  -0.00798    -0.134   -0.0166    -0.053         1   -0.0152   -0.0796     -0.07    -0.099   -0.0133 -0.000703   -0.0384  -0.00673 -0.000141   -0.0768   -0.0447  -0.00685   -0.0234
  -0.0153 -0.000592   0.00191 -7.93e-05  0.000505  0.000521  9.91e-16  9.91e-16 -5.46e-05  -2.6e-05  9.31e-16 -5.88e-05 -0.000934 -3.23e-05 -3.48e-05 -9.32e-06 -2.08e-05 -0.000181 -0.000404  0.000377 -7.32e-05  0.000602    0.0013  0.000529   0.00774 -0.000344 -0.000305  7.35e-05  0.000115 -0.000223  0.000205 -0.000148  0.000123  0.000113  -0.00165 -7.65e-05  1.22e-06 -0.000286 -3.37e-05 -0.000738 -1.44e-05  9.05e-05  4.73e-05   0.00289   0.00011   0.00751  2.31e-05  -0.00126  -0.00166  -0.00569  -0.00238  -0.00492  -0.00125  -0.00187 -0.000614  -0.00221 -0.000964  0.000122  -0.00149   0.00111  -0.00158  -0.00397 -0.000581 -0.000542  0.000368  4.58e-05  -0.00758   0.00286  0.000636  -0.00213  9.03e-05 -7.31e-06   3.1e-06  5.88e-07  7.74e-09  -0.00322 -0.000694 -0.000143  2.58e-06  -0.00285  0.000251  0.000385  0.000106   0.00152  -0.00115  -0.00122  -0.00129  -0.00411  -0.00477   -0.0171   -0.0123  -0.00638   0.00181   -0.0106   -0.0152         1  -0.00459  -0.00384  -0.00537 -0.000442  3.93e-05  -0.00184 -0.000317  1.78e-06  -0.00386   -0.0024 -0.000823 -0.000794
  0.00844  -0.00329  -0.00927   -0.0253   -0.0229  -0.00415 -4.27e-15 -4.27e-15  -0.00264  -0.00798 -7.04e-15  -0.00969  -0.00923 -0.000959   -0.0146  -0.00138   -0.0017  -0.00521   -0.0111  -0.00627  -0.00311   -0.0583   -0.0299  -0.00265   -0.0416  -0.00994  -0.00551  -0.00835    -0.014   0.00349   -0.0132  -0.00411  0.000291  -0.00487   -0.0274    -0.031 -1.54e-05  -0.00284  -0.00123   0.00879 -0.000245   -0.0131  -0.00217    0.0359  -0.00548    0.0669  -0.00198   -0.0395    0.0127    0.0796   0.00584   -0.0219   0.00588  -0.00227   -0.0169   -0.0203   -0.0165  -0.00397    0.0068   -0.0234   0.00446    0.0369   -0.0198  -0.00272   -0.0159  -0.00723    0.0194    -0.131    0.0304   0.00395  -0.00125  -0.00037 -0.000117 -2.02e-05 -1.75e-06   0.00796   -0.0539  -0.00222  -0.00359     -0.13   -0.0488   -0.0359   -0.0117    -0.115  -0.00312   -0.0483     0.136   -0.0312   -0.0622    0.0169    -0.192  -0.00395    -0.157     0.056   -0.0796  -0.00459         1    -0.132    -0.333   -0.0451   -0.0032   -0.0753   -0.0147  -0.00038   -0.0835    -0.121  -0.00508   -0.0542
   0.0924 -0.000656   0.00456  -0.00418  -0.00376 -0.000898 -2.69e-16 -2.69e-16 -0.000236  -0.00199  1.54e-15  -0.00188  -0.00118 -0.000191  -0.00251 -0.000357 -0.000476  -0.00102   -0.0023  -0.00186 -0.000388  -0.00411  -0.00252   0.00026   -0.0242   0.00119   0.00156 -0.000374  -0.00114  0.000212  -0.00062  0.000517  0.000621 -0.000116   -0.0298  -0.00831 -1.53e-06  -0.00124 -0.000429  -0.00241 -8.32e-05  -0.00162   -0.0093   -0.0222  -0.00267   -0.0304 -0.000222  0.000831    0.0208    0.0297    0.0103   0.00424    0.0125    0.0141 -0.000641  -0.00426   0.00932  0.000286  -0.00287   0.00215   0.00293 -0.000558  -0.00814  -0.00427  -0.00526  -0.00123     0.063   -0.0183   0.00966 -0.000759  0.000402 -0.000144 -1.31e-05 -1.47e-06 -1.16e-07   -0.0354   -0.0106  -0.00176 -0.000328   -0.0419  -0.00436  -0.00264  -0.00103  -0.00979  -0.00853   -0.0103    0.0295   -0.0152   -0.0175   -0.0731   0.00302   -0.0607   -0.0104   0.00695     -0.07  -0.00384    -0.132         1   -0.0818   -0.0103 -0.000567   -0.0265  -0.00462 -8.95e-05   -0.0468   -0.0309  -0.00379   -0.0131
    0.138  -0.00153   0.00131  -0.00862  -0.00548 -0.000861 -4.07e-16 -4.07e-16 -0.000526  -0.00275     1e-15  -0.00375  -0.00165 -0.000255  -0.00509 -0.000611 -0.000797  -0.00126  -0.00287  -0.00369  -0.00125   -0.0165     -0.01 -0.000648   -0.0434  0.000136  0.000189  -0.00231  -0.00401     9e-05  -0.00296 -0.000293  0.000324  -0.00108   -0.0404   -0.0166 -3.19e-06  -0.00194 -0.000612 -0.000782 -0.000141  -0.00431   -0.0136    -0.026  -0.00856   -0.0325 -0.000681   -0.0106    0.0213    0.0395   0.00819   0.00335    0.0183    0.0178  -0.00802   -0.0129   0.00613  -0.00192 -0.000775  -0.00182   0.00737   0.00204   -0.0132  -0.00613  -0.00938  -0.00255     0.104    -0.038    0.0226  0.000508  0.000304 -0.000227 -3.48e-05 -5.23e-06 -4.61e-07   -0.0421   -0.0222  -0.00268  -0.00108   -0.0732   -0.0142  -0.00958  -0.00333     -0.03   -0.0105   -0.0213    0.0541   -0.0225   -0.0376   -0.0818   -0.0482   -0.0645   -0.0392    0.0261    -0.099  -0.00537    -0.333   -0.0818         1   -0.0192   -0.0013   -0.0445  -0.00777 -0.000185   -0.0695     -0.06  -0.00571   -0.0201
    0.014 -2.37e-05  0.000641  -0.00131  -0.00111 -0.000261  3.66e-17  3.66e-17 -0.000162 -0.000859  3.71e-16 -0.000523  -0.00022 -4.01e-05  -0.00079 -7.66e-05 -0.000101 -0.000206 -0.000458 -0.000312 -5.95e-05  -0.00271 -0.000782  0.000196  -0.00422  6.05e-05  0.000322 -0.000134 -0.000435  0.000275 -0.000232  0.000163  0.000192 -0.000123  -0.00577  -0.00193 -1.57e-06 -0.000188 -0.000108 -0.000302 -1.52e-05 -0.000671  -0.00149  -0.00277  -0.00065  -0.00198 -4.43e-05  -0.00051   0.00347     0.006  0.000552   0.00105   0.00214   0.00321 -0.000297  -0.00116   0.00237 -0.000118 -0.000312  0.000281  0.000785  0.000159  -0.00179 -0.000882   -0.0013 -0.000543    0.0116  -0.00558   0.00139 -0.000114 -3.71e-05 -6.14e-05  -8.9e-06 -1.28e-06 -9.96e-08  -0.00487  -0.00258 -0.000666 -0.000159   -0.0106  -0.00251  -0.00207  -0.00074   -0.0088  -0.00112  -0.00215   0.00392  -0.00339  -0.00493  -0.00547  -0.00913  -0.00553  -0.00373  0.000988   -0.0133 -0.000442   -0.0451   -0.0103   -0.0192         1 -0.000299    -0.006   -0.0012 -2.67e-05  -0.00847  -0.00737 -0.000516  -0.00288
 -0.00015  2.84e-05 -0.000106 -0.000135 -0.000163 -4.94e-05 -5.41e-17 -5.41e-17  -6.3e-06 -8.36e-05 -1.47e-17 -4.95e-05 -2.23e-05    -5e-06 -8.38e-05 -6.28e-06 -7.71e-06 -2.66e-05 -5.35e-05  1.97e-05  6.92e-06 -0.000316 -4.98e-05  3.26e-05 -1.65e-05 -2.99e-05   3.9e-05  2.07e-06 -2.51e-05  4.28e-05 -1.78e-05  1.82e-05  1.13e-05  5.73e-06 -0.000122 -9.22e-06  -1.4e-07  1.39e-05 -4.77e-06   9.3e-05  5.35e-07 -6.99e-05 -1.43e-05   5.9e-05 -2.25e-05  0.000666 -4.66e-06  5.89e-05  0.000128  0.000596 -5.75e-05  0.000142  6.25e-05  0.000227 -0.000111 -0.000146  7.01e-05  1.81e-05   2.3e-05  -0.00024  5.55e-05   0.00022 -0.000111 -0.000124 -0.000118 -5.81e-05  0.000245 -0.000745 -5.21e-05  3.03e-05 -1.78e-05 -6.22e-06 -1.28e-06 -1.85e-07 -1.31e-08  6.55e-05 -0.000219 -5.67e-05 -1.89e-05 -0.000711 -0.000307 -0.000257 -9.41e-05  -0.00111  1.56e-05 -5.64e-05   0.00039 -0.000147 -0.000105 -0.000221  -0.00221 -0.000665 -0.000691 -0.000371 -0.000703  3.93e-05   -0.0032 -0.000567   -0.0013 -0.000299         1 -0.000365 -7.95e-05 -2.01e-06 -0.000352 -0.000579  1.04e-05 -0.000277
   0.0545 -0.000432   0.00232  -0.00241  -0.00237 -0.000619 -4.77e-16 -4.77e-16  -0.00016  -0.00138  5.74e-16  -0.00106 -0.000639 -0.000111  -0.00145 -0.000199 -0.000263 -0.000593  -0.00133  -0.00102 -0.000161  -0.00274  -0.00166   0.00011   -0.0141    0.0005  0.000924 -0.000206 -0.000657  0.000147 -0.000432  0.000273  0.000267 -8.68e-05   -0.0164   -0.0048 -1.23e-06 -0.000589 -0.000237  -0.00135 -3.99e-05 -0.000971  -0.00519   -0.0124  -0.00158   -0.0162 -0.000116  0.000477    0.0115    0.0172   0.00584   0.00177   0.00693   0.00774  8.33e-05  -0.00198    0.0054  0.000517  -0.00196  0.000293   0.00169  0.000239  -0.00428  -0.00233  -0.00297 -0.000766    0.0345    -0.011   0.00484 -0.000293  0.000187 -8.33e-05 -9.05e-06 -1.08e-06 -7.56e-08   -0.0189  -0.00595 -0.000927 -0.000191   -0.0234  -0.00267  -0.00172 -0.000665  -0.00687  -0.00462   -0.0055   0.00843    -0.008  -0.00909   -0.0434   0.00312   -0.0376  -0.00929   0.00419   -0.0384  -0.00184   -0.0753   -0.0265   -0.0445    -0.006 -0.000365         1  -0.00265 -5.31e-05   -0.0257   -0.0173  -0.00199  -0.00747
  0.00867 -7.61e-05  0.000444 -0.000464 -0.000466 -0.000117 -7.84e-17 -7.84e-17 -4.33e-05 -0.000305  1.06e-16 -0.000195 -0.000136  -2.1e-05 -0.000278 -3.48e-05 -4.57e-05 -0.000113 -0.000252 -0.000155 -2.05e-05  -0.00062 -0.000268  4.89e-05   -0.0021  5.37e-05   0.00017 -3.18e-05 -0.000125  5.72e-05 -8.22e-05  5.32e-05  5.73e-05 -2.09e-05  -0.00279 -0.000833  -3.4e-07 -9.61e-05 -4.46e-05 -0.000234 -6.66e-06 -0.000196 -0.000819  -0.00183 -0.000218  -0.00204 -1.76e-05  7.54e-05   0.00199   0.00305  0.000911  0.000186   0.00112   0.00133  8.21e-05  -0.00032   0.00102  0.000122 -0.000375  3.74e-05  0.000254  5.84e-05 -0.000742 -0.000398 -0.000519 -0.000162   0.00545  -0.00209  0.000701 -9.08e-05  2.16e-05 -1.76e-05 -2.14e-06 -2.74e-07 -1.98e-08  -0.00305  -0.00106 -0.000185    -4e-05  -0.00424 -0.000598 -0.000432 -0.000162  -0.00185 -0.000758 -0.000947  0.000784  -0.00147  -0.00166   -0.0071 -0.000196  -0.00625  -0.00185  0.000419  -0.00673 -0.000317   -0.0147  -0.00462  -0.00777   -0.0012 -7.95e-05  -0.00265         1  -9.8e-06  -0.00439  -0.00307 -0.000326  -0.00136
 0.000308 -8.75e-06  -1.7e-05 -4.62e-06  1.36e-05  3.68e-06  1.42e-18  1.42e-18 -1.14e-06 -6.16e-06 -9.91e-19 -3.39e-06   1.3e-05  9.24e-07 -3.05e-06 -3.48e-07 -4.29e-07  5.98e-06  1.24e-05 -8.83e-06 -1.44e-06 -4.07e-05 -3.01e-05 -7.84e-06 -0.000154 -1.31e-06 -5.27e-06 -6.31e-06 -7.81e-06 -6.35e-06 -5.57e-06 -2.14e-06 -6.01e-06 -4.24e-06 -6.69e-05 -4.68e-05 -1.43e-08   8.7e-07  4.34e-07 -1.15e-05  6.04e-09 -7.03e-06 -4.14e-05 -0.000104 -4.96e-05 -0.000163 -4.51e-07 -7.67e-05 -6.64e-05 -0.000118 -6.63e-05 -1.97e-05  2.26e-05 -2.97e-07 -2.52e-05 -3.11e-05 -4.26e-06 -1.39e-05 -1.92e-05 -2.48e-05  3.29e-05  -2.9e-05 -4.71e-06 -2.43e-06 -1.33e-05 -4.09e-06  0.000342   8.5e-06  5.03e-05  8.36e-06 -3.81e-07 -2.96e-07  -5.5e-08 -8.21e-09 -6.97e-10 -6.46e-05 -1.67e-05 -3.69e-06 -1.24e-06 -8.88e-05 -2.01e-05 -1.75e-05 -5.72e-06 -6.25e-05 -8.24e-06 -2.47e-05 -3.65e-05 -1.88e-06 -0.000102 -0.000109  4.78e-05 -6.11e-05 -0.000136  0.000149 -0.000141  1.78e-06  -0.00038 -8.95e-05 -0.000185 -2.67e-05 -2.01e-06 -5.31e-05  -9.8e-06         1 -6.84e-05 -7.42e-05 -4.53e-06  1.73e-05
    0.109 -0.000181   0.00525  -0.00461  -0.00752  -0.00238 -8.37e-16 -8.37e-16  -7.2e-05  -0.00194   1.5e-15   -0.0021   -0.0025 -0.000379  -0.00286 -0.000478  -0.00063  -0.00215  -0.00471  -0.00183 -0.000139  0.000206 -0.000328  0.000296   -0.0303   0.00154   0.00222   0.00029   -0.0003 -0.000264 -3.01e-05  0.000832  0.000871  0.000288   -0.0371  -0.00706 -7.97e-07  -0.00127 -0.000472  -0.00453 -8.03e-05 -0.000878   -0.0115   -0.0314 -0.000672   -0.0597 -0.000136   0.00631    0.0225    0.0304    0.0132   0.00546    0.0101    0.0119  0.000945  -0.00164   0.00939  0.000172   -0.0052   0.00147  -0.00141  0.000957  -0.00881  -0.00516   -0.0055 -0.000966    0.0349   -0.0248   0.00229  -0.00102  0.000463 -0.000128 -6.49e-06  2.26e-08  2.68e-08   -0.0424  -0.00936  -0.00168 -9.54e-05   -0.0386  -0.00109  3.81e-05 -0.000167 -0.000952  -0.00992  -0.00856    0.0546    -0.015   -0.0101   -0.0888    0.0301   -0.0801  -0.00256  -0.00443   -0.0768  -0.00386   -0.0835   -0.0468   -0.0695  -0.00847 -0.000352   -0.0257  -0.00439 -6.84e-05         1    -0.027  -0.00374   -0.0199
   0.0415 -0.000973  0.000225   -0.0035  -0.00269  -0.00049 -5.44e-16 -5.44e-16 -0.000202   -0.0015  4.52e-17  -0.00153 -0.000979 -0.000132  -0.00209 -0.000255 -0.000328  -0.00068  -0.00149 -0.000977 -0.000326  -0.00632  -0.00325 -0.000118   -0.0133 -0.000596  8.36e-05 -0.000734  -0.00138 -3.04e-05  -0.00116 -0.000194  -3.3e-05 -0.000263   -0.0147  -0.00593 -9.69e-07 -0.000527 -0.000195 -0.000419 -3.88e-05  -0.00164  -0.00508   -0.0089  -0.00309  -0.00744 -0.000226  -0.00464   0.00459    0.0101  0.000714  -0.00278   0.00499   0.00391  -0.00318  -0.00545  0.000718 -0.000217  -0.00238  -0.00381   0.00193  0.000908  -0.00456  -0.00272  -0.00351  -0.00105    0.0328   -0.0156   0.00695  -0.00033  5.46e-05 -8.67e-05 -1.45e-05 -1.98e-06 -1.72e-07    -0.016  -0.00853 -0.000862 -0.000392   -0.0276  -0.00531  -0.00361  -0.00128   -0.0121  -0.00409  -0.00769    0.0214  -0.00863   -0.0138   -0.0482    -0.018   -0.0398   -0.0227   0.00424   -0.0447   -0.0024    -0.121   -0.0309     -0.06  -0.00737 -0.000579   -0.0173  -0.00307 -7.42e-05    -0.027         1  -0.00212  -0.00877
   0.0135  -0.00025   0.00097  5.29e-05   0.00048  0.000255  2.13e-16  2.13e-16 -2.29e-05 -6.07e-05   3.5e-16  1.76e-05 -0.000109  6.73e-06  4.66e-05  3.35e-06 -3.07e-07  4.56e-05  7.74e-05 -0.000164 -6.56e-05  3.02e-05 -0.000183  8.84e-05 -0.000884  0.000167  1.51e-05 -3.78e-05 -1.67e-05  -0.00015  5.45e-05 -2.43e-05 -1.81e-06  -2.6e-05  -0.00252 -0.000934  2.95e-07 -0.000169 -3.93e-05 -0.000475 -9.17e-06 -1.35e-05 -0.000872  -0.00168 -0.000693  -0.00154 -4.79e-06 -0.000172   0.00228   0.00195   0.00105 -0.000498   0.00167   0.00164  0.000265 -0.000558   0.00127   0.00036  -0.00026   0.00121  0.000283  -0.00182 -0.000475 -0.000246 -0.000122  9.02e-07    0.0065   0.00164   0.00161 -0.000561  9.16e-05 -6.08e-06  1.03e-06  1.51e-07  5.32e-09   -0.0033 -0.000575 -0.000103  -2.4e-06  -0.00304  9.16e-05  0.000194   5.5e-05  0.000859 -0.000969  -0.00086   -0.0144  -0.00187  -0.00248   -0.0103  -0.00178  -0.00564  0.000364 -0.000331  -0.00685 -0.000823  -0.00508  -0.00379  -0.00571 -0.000516  1.04e-05  -0.00199 -0.000326 -4.53e-06  -0.00374  -0.00212         1   4.8e-05
    0.104   0.00181  -0.00304  -0.00783   -0.0206  -0.00657 -2.38e-15 -2.38e-15  3.97e-05  -0.00103 -1.63e-15  -0.00293  -0.00847    -0.001  -0.00493 -0.000703 -0.000883  -0.00587   -0.0124 -0.000705  0.000106 -0.000907   0.00103  4.22e-05   -0.0241  -0.00184 -6.78e-05  0.000447 -8.89e-05  -0.00163 -0.000592 -0.000129  0.000961  0.000305   -0.0271 -3.43e-05 -8.13e-07  -0.00054 -0.000423  -0.00484 -2.99e-05  -0.00049  -0.00607   -0.0167   0.00484   -0.0879  -0.00017    0.0109   0.00173    0.0141   0.00579 -0.000331   -0.0124   -0.0119  -0.00125   0.00233  -0.00808  -0.00215  -0.00322    -0.008   -0.0191    0.0121  -0.00614  -0.00427  -0.00361 -0.000736    -0.155   -0.0565   -0.0262  -0.00106 -0.000447 -5.53e-05 -1.19e-05 -9.17e-07 -4.14e-08  -0.00589  -0.00671 -0.000606 -0.000169  -0.00973  -0.00201  -0.00079 -0.000344   -0.0031  -0.00201  -0.00204    0.0763  -0.00558    0.0154   -0.0137   -0.0136   -0.0369  0.000366   -0.0501   -0.0234 -0.000794   -0.0542   -0.0131   -0.0201  -0.00288 -0.000277  -0.00747  -0.00136  1.73e-05   -0.0199  -0.00877   4.8e-05         1

  Chi^2                                0.411686  +/- 1.28326
  Chi^2/ndf                            0.0457429
  Chi^2 for each template              30.6536 +/- 1.76509	28.8496 +/- 2.87841	91.123 +/- 4.53467	194.888 +/- 4.49985	294.716 +/- 7.28762	420.36 +/- 4.79298	521.199 +/- 10.089	581.824 +/- 6.01982	
  Chi^2 for each template w.r.t. fit   30.369 +/- 1.76509	28.0589 +/- 2.87841	90.8687 +/- 4.53467	194.142 +/- 4.49985	294.406 +/- 7.28762	419.665 +/- 4.79298	520.386 +/- 10.089	580.719 +/- 6.01982	  Partial chi^2                        0.00 (EG_RESOLUTION_ALL)    0.00 (EG_SCALE_ALL)    0.00 (EL_EFF_ID_TOTAL_1NPCOR_PLUS_UNCOR)    0.00 (EL_EFF_Iso_TOTAL_1NPCOR_PLUS_UNCOR)
  Partial chi^2                        0.00 (EL_EFF_Reco_TOTAL_1NPCOR_PLUS_UNCOR)    0.00 (EL_EFF_TriggerEff_TOTAL_1NPCOR_PLUS_UNCOR)    0.00 (EL_EFF_Trigger_TOTAL_1NPCOR_PLUS_UNCOR)    0.00 (FAKES_Electron)
  Partial chi^2                        0.00 (FAKES_Muon)    0.00 (FT_EFF_Eigen_B_0)    0.00 (FT_EFF_Eigen_B_1)    0.00 (FT_EFF_Eigen_B_2)
  Partial chi^2                        0.00 (FT_EFF_Eigen_B_3)    0.00 (FT_EFF_Eigen_B_4)    0.00 (FT_EFF_Eigen_B_5)    0.00 (FT_EFF_Eigen_B_6)
  Partial chi^2                        0.00 (FT_EFF_Eigen_B_7)    0.00 (FT_EFF_Eigen_B_8)    0.00 (FT_EFF_Eigen_C_0)    0.00 (FT_EFF_Eigen_C_1)
  Partial chi^2                        0.00 (FT_EFF_Eigen_C_2)    0.00 (FT_EFF_Eigen_C_3)    0.00 (FT_EFF_Eigen_Light_0)    0.00 (FT_EFF_Eigen_Light_1)
  Partial chi^2                        0.00 (FT_EFF_Eigen_Light_2)    0.00 (FT_EFF_Eigen_Light_3)    0.00 (FT_EFF_extrapolation)    0.00 (FT_EFF_extrapolation_from_charm)
  Partial chi^2                        0.02 (FULL_SYS_SUM)    0.00 (FULL_SYS_SUM_DETECTOR)    0.02 (FULL_SYS_SUM_THEORY)    0.02 (FULL_SYS_TOYS)
  Partial chi^2                        0.00 (JET_EffectiveNP_Detector1)    0.00 (JET_EffectiveNP_Detector2)    0.00 (JET_EffectiveNP_Mixed1)    0.00 (JET_EffectiveNP_Mixed2)
  Partial chi^2                        0.00 (JET_EffectiveNP_Mixed3)    0.00 (JET_EffectiveNP_Modelling1)    0.00 (JET_EffectiveNP_Modelling2)    0.00 (JET_EffectiveNP_Modelling3)
  Partial chi^2                        0.00 (JET_EffectiveNP_Modelling4)    0.00 (JET_EffectiveNP_Statistical1)    0.00 (JET_EffectiveNP_Statistical2)    0.00 (JET_EffectiveNP_Statistical3)
  Partial chi^2                        0.00 (JET_EffectiveNP_Statistical4)    0.00 (JET_EffectiveNP_Statistical5)    0.00 (JET_EffectiveNP_Statistical6)    0.00 (JET_EtaIntercalibration_Modelling)
  Partial chi^2                        0.00 (JET_EtaIntercalibration_NonClosure_2018data)    0.00 (JET_EtaIntercalibration_NonClosure_highE)    0.00 (JET_EtaIntercalibration_NonClosure_negEta)    0.00 (JET_EtaIntercalibration_NonClosure_posEta)
  Partial chi^2                        0.00 (JET_EtaIntercalibration_TotalStat)    0.00 (JET_Flavor_Composition_prop)    0.00 (JET_Flavor_Response_prop)    0.00 (JET_JER_DataVsMC_MC16_PseudoData)
  Partial chi^2                        0.00 (JET_JER_EffectiveNP_10_PseudoData)    0.00 (JET_JER_EffectiveNP_11_PseudoData)    0.00 (JET_JER_EffectiveNP_12restTerm_PseudoData)    0.01 (JET_JER_EffectiveNP_1_PseudoData)
  Partial chi^2                        0.01 (JET_JER_EffectiveNP_2_PseudoData)    0.00 (JET_JER_EffectiveNP_3_PseudoData)    0.00 (JET_JER_EffectiveNP_4_PseudoData)    0.00 (JET_JER_EffectiveNP_5_PseudoData)
  Partial chi^2                        0.00 (JET_JER_EffectiveNP_6_PseudoData)    0.00 (JET_JER_EffectiveNP_7_PseudoData)    0.00 (JET_JER_EffectiveNP_8_PseudoData)    0.00 (JET_JER_EffectiveNP_9_PseudoData)
  Partial chi^2                        0.00 (JET_JvtEfficiency)    0.00 (JET_Pileup_OffsetMu)    0.00 (JET_Pileup_OffsetNPV)    0.00 (JET_Pileup_PtTerm)
  Partial chi^2                        0.00 (JET_Pileup_RhoTopology)    0.00 (JET_PunchThrough_MC16)    0.00 (LUMINOSITY)    0.00 (MET_SoftTrk_ResoPara)
  Partial chi^2                        0.00 (MET_SoftTrk_ResoPerp)    0.00 (MET_SoftTrk_Scale)    0.00 (MUON_EFF_BADMUON_SYS)    0.00 (MUON_EFF_ISO_STAT)
  Partial chi^2                        0.00 (MUON_EFF_ISO_SYS)    0.00 (MUON_EFF_RECO_STAT)    0.00 (MUON_EFF_RECO_SYS)    0.00 (MUON_EFF_TTVA_STAT)
  Partial chi^2                        0.00 (MUON_EFF_TTVA_SYS)    0.00 (MUON_EFF_TrigStatUncertainty)    0.00 (MUON_EFF_TrigSystUncertainty)    0.00 (MUON_SAGITTA_DATASTAT)
  Partial chi^2                        0.00 (MUON_SAGITTA_RESBIAS)    0.00 (PRW_DATASF)    0.28 (STAT_DATA)    0.01 (STAT_MC)  
  Partial chi^2                        0.00 (THEORY_CROSS_SECTION_Wjets)    0.00 (THEORY_CROSS_SECTION_other_top_noWt)    0.00 (THEORY_CROSS_SECTION_signal)    0.00 (THEORY_DR_DS_signal)
  Partial chi^2                        0.00 (THEORY_EWK_Wjets)    0.00 (THEORY_EWK_multiboson_noW)    0.02 (THEORY_FSR_signal)    0.00 (THEORY_HDAMP_signal)
  Partial chi^2                        0.00 (THEORY_ISR_signal)    0.00 (THEORY_PDF4LHC_VARIATION_Wjets)    0.00 (THEORY_PDF4LHC_VARIATION_multiboson_noW)    0.00 (THEORY_PDF4LHC_VARIATION_signal)
  Partial chi^2                        0.02 (THEORY_PTHARD_signal)    0.00 (THEORY_SCALE_COMBINED_Wjets)    0.00 (THEORY_SCALE_COMBINED_multiboson_noW)    0.00 (THEORY_SCALE_FACTORISATION_signal)
  Partial chi^2                        0.00 (THEORY_SCALE_RENORMALISATION_signal)    0.01 (THEORY_SHOWERING_HERWIG7_signal)    0.00 (THEORY_TOPRECOIL_signal)    0.00 (THEORY_TOP_MASS_signal)
  Partial chi^2                        0.03 (TOTAL)        0.03 (TOTAL_NO_DR_DS)    0.02 (TOTAL_SYSONLY)    0.00 (WMASS_VAR_signal)
  Partial chi^2                        0.02 (pseudoDataStat)

  Uncertainties from HESSE matrix
     LTF: Result[0]:                   164.94  +/- 0.45613 (fit [from HESSE])

  Alternative result from pol2-fit to chi^2 values of the templates
     Result(pol2-chi2)[0]              159.535   +/- 0.91233 (fit)
     Chi^2(min)                        -8.57505

  Result from linearized second-order model approximation
     EDM (Taylor) [0]                  -2.22258e-11

  Expected distance to minimum
     EDM (Newton) [0]                  -2.09752e-11
     EDM Delta-chi^2                   -2.20346e-21


  'Uncertainties' on M from second-order model approximation
     sigma_m[0]                       -2.09725e-11
     sigma_m[EG_RESOLUTION_ALL]       -0.00
     sigma_m[EG_SCALE_ALL]            0.00
     sigma_m[EL_EFF_ID_TOTAL_1NPCOR_PLUS_UNCOR] 0.00
     sigma_m[EL_EFF_Iso_TOTAL_1NPCOR_PLUS_UNCOR] -0.00
     sigma_m[EL_EFF_Reco_TOTAL_1NPCOR_PLUS_UNCOR] -0.00
     sigma_m[EL_EFF_TriggerEff_TOTAL_1NPCOR_PLUS_UNCOR] -0.00
     sigma_m[EL_EFF_Trigger_TOTAL_1NPCOR_PLUS_UNCOR] -0.00
     sigma_m[MUON_SAGITTA_DATASTAT]   -0.00
     sigma_m[MUON_SAGITTA_RESBIAS]    -0.00
     sigma_m[MUON_EFF_BADMUON_SYS]    -0.00
     sigma_m[MUON_EFF_ISO_STAT]       0.00
     sigma_m[MUON_EFF_ISO_SYS]        -0.00
     sigma_m[MUON_EFF_RECO_STAT]      -0.00
     sigma_m[MUON_EFF_RECO_SYS]       0.00
     sigma_m[MUON_EFF_TTVA_STAT]      0.00
     sigma_m[MUON_EFF_TTVA_SYS]       0.00
     sigma_m[MUON_EFF_TrigStatUncertainty] -0.00
     sigma_m[MUON_EFF_TrigSystUncertainty] -0.00
     sigma_m[JET_EffectiveNP_Detector1] 0.00
     sigma_m[JET_EffectiveNP_Detector2] 0.00
     sigma_m[JET_EffectiveNP_Mixed1]  0.00
     sigma_m[JET_EffectiveNP_Mixed2]  0.00
     sigma_m[JET_EffectiveNP_Mixed3]  0.00
     sigma_m[JET_EffectiveNP_Modelling1] 0.00
     sigma_m[JET_EffectiveNP_Modelling2] -0.00
     sigma_m[JET_EffectiveNP_Modelling3] -0.00
     sigma_m[JET_EffectiveNP_Modelling4] 0.00
     sigma_m[JET_EffectiveNP_Statistical1] 0.00
     sigma_m[JET_EffectiveNP_Statistical2] 0.00
     sigma_m[JET_EffectiveNP_Statistical3] -0.00
     sigma_m[JET_EffectiveNP_Statistical4] 0.00
     sigma_m[JET_EffectiveNP_Statistical5] 0.00
     sigma_m[JET_EffectiveNP_Statistical6] 0.00
     sigma_m[JET_EtaIntercalibration_Modelling] 0.00
     sigma_m[JET_EtaIntercalibration_NonClosure_2018data] 0.00
     sigma_m[JET_EtaIntercalibration_NonClosure_highE] -0.00
     sigma_m[JET_EtaIntercalibration_NonClosure_negEta] 0.00
     sigma_m[JET_EtaIntercalibration_NonClosure_posEta] 0.00
     sigma_m[JET_EtaIntercalibration_TotalStat] 0.00
     sigma_m[JET_Flavor_Composition_prop] -0.00
     sigma_m[JET_Flavor_Response_prop] -0.00
     sigma_m[JET_Pileup_OffsetMu]     0.00
     sigma_m[JET_Pileup_OffsetNPV]    0.00
     sigma_m[JET_Pileup_PtTerm]       0.00
     sigma_m[JET_Pileup_RhoTopology]  0.00
     sigma_m[JET_PunchThrough_MC16]   -0.00
     sigma_m[JET_JER_DataVsMC_MC16_PseudoData] -0.00
     sigma_m[JET_JER_EffectiveNP_1_PseudoData] -0.00
     sigma_m[JET_JER_EffectiveNP_2_PseudoData] -0.00
     sigma_m[JET_JER_EffectiveNP_3_PseudoData] -0.00
     sigma_m[JET_JER_EffectiveNP_4_PseudoData] 0.00
     sigma_m[JET_JER_EffectiveNP_5_PseudoData] 0.00
     sigma_m[JET_JER_EffectiveNP_6_PseudoData] -0.00
     sigma_m[JET_JER_EffectiveNP_7_PseudoData] -0.00
     sigma_m[JET_JER_EffectiveNP_8_PseudoData] -0.00
     sigma_m[JET_JER_EffectiveNP_9_PseudoData] -0.00
     sigma_m[JET_JER_EffectiveNP_10_PseudoData] -0.00
     sigma_m[JET_JER_EffectiveNP_11_PseudoData] -0.00
     sigma_m[JET_JER_EffectiveNP_12restTerm_PseudoData] -0.00
     sigma_m[JET_JvtEfficiency]       -0.00
     sigma_m[PRW_DATASF]              -0.00
     sigma_m[MET_SoftTrk_ResoPara]    -0.00
     sigma_m[MET_SoftTrk_ResoPerp]    0.00
     sigma_m[MET_SoftTrk_Scale]       -0.00
     sigma_m[WMASS_VAR_signal]        -0.00
     sigma_m[FT_EFF_Eigen_B_0]        -0.00
     sigma_m[FT_EFF_Eigen_B_1]        -0.00
     sigma_m[FT_EFF_Eigen_B_2]        -0.00
     sigma_m[FT_EFF_Eigen_B_3]        -0.00
     sigma_m[FT_EFF_Eigen_B_4]        0.00
     sigma_m[FT_EFF_Eigen_B_5]        -0.00
     sigma_m[FT_EFF_Eigen_B_6]        0.00
     sigma_m[FT_EFF_Eigen_B_7]        -0.00
     sigma_m[FT_EFF_Eigen_B_8]        0.00
     sigma_m[FT_EFF_Eigen_C_0]        -0.00
     sigma_m[FT_EFF_Eigen_C_1]        -0.00
     sigma_m[FT_EFF_Eigen_C_2]        -0.00
     sigma_m[FT_EFF_Eigen_C_3]        -0.00
     sigma_m[FT_EFF_Eigen_Light_0]    -0.00
     sigma_m[FT_EFF_Eigen_Light_1]    -0.00
     sigma_m[FT_EFF_Eigen_Light_2]    0.00
     sigma_m[FT_EFF_Eigen_Light_3]    0.00
     sigma_m[FT_EFF_extrapolation]    0.00
     sigma_m[FT_EFF_extrapolation_from_charm] -0.00
     sigma_m[THEORY_CROSS_SECTION_signal] -0.00
     sigma_m[THEORY_SHOWERING_HERWIG7_signal] -0.00
     sigma_m[THEORY_SCALE_FACTORISATION_signal] 0.00
     sigma_m[THEORY_SCALE_RENORMALISATION_signal] -0.00
     sigma_m[THEORY_ISR_signal]       -0.00
     sigma_m[THEORY_FSR_signal]       0.00
     sigma_m[THEORY_HDAMP_signal]     -0.00
     sigma_m[THEORY_PTHARD_signal]    0.00
     sigma_m[THEORY_TOPRECOIL_signal] 0.00
     sigma_m[THEORY_TOP_MASS_signal]  0.00
     sigma_m[THEORY_PDF4LHC_VARIATION_signal] 0.00
     sigma_m[THEORY_DR_DS_signal]     -0.00
     sigma_m[THEORY_CROSS_SECTION_Wjets] -0.00
     sigma_m[THEORY_SCALE_COMBINED_Wjets] -0.00
     sigma_m[THEORY_PDF4LHC_VARIATION_Wjets] -0.00
     sigma_m[THEORY_EWK_Wjets]        0.00
     sigma_m[THEORY_SCALE_COMBINED_multiboson_noW] -0.00
     sigma_m[THEORY_PDF4LHC_VARIATION_multiboson_noW] -0.00
     sigma_m[THEORY_EWK_multiboson_noW] -0.00
     sigma_m[THEORY_CROSS_SECTION_other_top_noWt] -0.00
     sigma_m[FAKES_Electron]          -0.00
     sigma_m[FAKES_Muon]              -0.00
     sigma_m[LUMINOSITY]              -0.00

  Settings
     Number of data points             10
     Number of templates               8
     Number of fit parameters          1
     Template reference values [0]     162.5 167.5   170 172.5   175 177.5   180 182.5
     Number of nuisance param.         107
     Gamma[0]                          1.000
     LogNormal                         false
     Response matrix                   false

  please cite: D. Britzger, The Linear Template Fit, Eur.Phys.J.C 82 (2022) 731, arXiv:2112.01548.
------------------------------------------------------------------------

Warning in <TFile::Append>: Replacing existing TH1: hist (Potential memory leak).
Warning in <TFile::Append>: Replacing existing TH1: hist (Potential memory leak).
Warning in <TFile::Append>: Replacing existing TH1: hist (Potential memory leak).
Warning in <TFile::Append>: Replacing existing TH1: hist (Potential memory leak).
Warning in <TFile::Append>: Replacing existing TH1: hist (Potential memory leak).
Warning in <TFile::Append>: Replacing existing TH1: hist (Potential memory leak).
Warning in <TFile::Append>: Replacing existing TH1: hist (Potential memory leak).
Warning in <TFile::Append>: Replacing existing TH1: hist (Potential memory leak).
Warning in <TFile::Append>: Replacing existing TH1: hist (Potential memory leak).
Info in <TCanvas::Print>: ps file plots/fit_mbl.ps has been created
Info in <TCanvas::Print>: Current canvas added to ps file plots/fit_mbl.ps
Info in <TCanvas::Print>: Current canvas added to ps file plots/fit_mbl.ps
Info in <TCanvas::Print>: Current canvas added to ps file plots/fit_mbl.ps
Info in <TCanvas::Print>: Current canvas added to ps file plots/fit_mbl.ps
Info in <TCanvas::Print>: Current canvas added to ps file plots/fit_mbl.ps
Info in <TCanvas::Print>: Current canvas added to ps file plots/fit_mbl.ps
Info in <TCanvas::Print>: Current canvas added to ps file plots/fit_mbl.ps
Info in <TCanvas::Print>: Current canvas added to ps file plots/fit_mbl.ps
Info in <TCanvas::Print>: Current canvas added to ps file plots/fit_mbl.ps
Info in <TCanvas::Print>: Current canvas added to ps file plots/fit_mbl.ps
Info in <TCanvas::Print>: Current canvas added to ps file plots/fit_mbl.ps
Info in <TCanvas::Print>: Current canvas added to ps file plots/fit_mbl.ps
Info in <TCanvas::Print>: Current canvas added to ps file plots/fit_mbl.ps
Info in <TCanvas::Print>: Current canvas added to ps file plots/fit_mbl.ps
Info in <TCanvas::Print>: Current canvas added to ps file plots/fit_mbl.ps
Info in <TCanvas::Print>: Current canvas added to ps file plots/fit_mbl.ps
Info in <TCanvas::Print>: Current canvas added to ps file plots/fit_mbl.ps
Info in <TCanvas::Print>: Current canvas added to ps file plots/fit_mbl.ps
Info in <TCanvas::Print>: Current canvas added to ps file plots/fit_mbl.ps
Info in <TCanvas::Print>: Current canvas added to ps file plots/fit_mbl.ps
Info in <TCanvas::Print>: Current canvas added to ps file plots/fit_mbl.ps
Info in <TCanvas::Print>: Current canvas added to ps file plots/fit_mbl.ps
Info in <TCanvas::Print>: Current canvas added to ps file plots/fit_mbl.ps
Info in <TCanvas::Print>: Current canvas added to ps file plots/fit_mbl.ps
Info in <TCanvas::Print>: Current canvas added to ps file plots/fit_mbl.ps
Info in <TCanvas::Print>: Current canvas added to ps file plots/fit_mbl.ps
Info in <TCanvas::Print>: Current canvas added to ps file plots/fit_mbl.ps
Info in <TCanvas::Print>: Current canvas added to ps file plots/fit_mbl.ps
Info in <TCanvas::Print>: Current canvas added to ps file plots/fit_mbl.ps
Info in <TCanvas::Print>: Current canvas added to ps file plots/fit_mbl.ps
Info in <TCanvas::Print>: Current canvas added to ps file plots/fit_mbl.ps
Info in <TCanvas::Print>: ps file plots/fit_mbl.ps has been closed
Found covarinace matrix unfolding_covariance_matrix_mbwhad_selected_covariance_STAT_DATA
Johannes print final covariance matrix
5.27955e-05	-6.3377e-05	2.11533e-05	-6.27684e-07	9.54475e-07	5.08751e-07	-2.95125e-07	-4.11202e-07	
-6.3377e-05	0.000564501	-0.000333142	1.70219e-05	-3.29887e-07	3.14893e-06	-5.98946e-07	2.8585e-07	
2.11533e-05	-0.000333142	0.000550288	-5.48384e-05	3.95351e-06	-3.63185e-06	3.26198e-07	1.35548e-06	
-6.27684e-07	1.70219e-05	-5.48384e-05	7.05012e-05	-1.01552e-05	2.32356e-06	-6.21998e-07	-1.28948e-07	
9.54475e-07	-3.29887e-07	3.95351e-06	-1.01552e-05	1.89856e-05	-4.29143e-06	9.88449e-07	-3.14717e-07	
5.08751e-07	3.14893e-06	-3.63185e-06	2.32356e-06	-4.29143e-06	7.86934e-06	-2.08546e-06	1.85109e-07	
-2.95125e-07	-5.98946e-07	3.26198e-07	-6.21998e-07	9.88449e-07	-2.08546e-06	4.16314e-06	-6.50861e-07	
-4.11202e-07	2.8585e-07	1.35548e-06	-1.28948e-07	-3.14717e-07	1.85109e-07	-6.50861e-07	1.29033e-06	
Johannes print final correltaion matrix
1	-0.367114	0.124104	-0.0102883	0.0301477	0.0249596	-0.0199066	-0.0498203	
-0.367114	1	-0.597727	0.0853252	-0.00318656	0.0472456	-0.0123551	0.0105914	
0.124104	-0.597727	1	-0.278414	0.0386791	-0.0551904	0.00681515	0.0508684	
-0.0102883	0.0853252	-0.278414	1	-0.277573	0.0986475	-0.0363062	-0.0135197	
0.0301477	-0.00318656	0.0386791	-0.277573	1	-0.351092	0.111181	-0.0635855	
0.0249596	0.0472456	-0.0551904	0.0986475	-0.351092	1	-0.364353	0.0580908	
-0.0199066	-0.0123551	0.00681515	-0.0363062	0.111181	-0.364353	1	-0.280819	
-0.0498203	0.0105914	0.0508684	-0.0135197	-0.0635855	0.0580908	-0.280819	1	
TH1.Print Name  = total_error, Entries= 856, Total sum= 0.812715
 fSumw[0]=0, x=-0.5, error=0
 fSumw[1]=0.106435, x=0.5, error=0
 fSumw[2]=0.140581, x=1.5, error=0
 fSumw[3]=0.102963, x=2.5, error=0
 fSumw[4]=0.148362, x=3.5, error=0
 fSumw[5]=0.0626302, x=4.5, error=0
 fSumw[6]=0.0720239, x=5.5, error=0
 fSumw[7]=0.0643816, x=6.5, error=0
 fSumw[8]=0.115339, x=7.5, error=0
 fSumw[9]=0, x=8.5, error=0
STAT_MC 0.00293556
STAT_MC 0.00171278
STAT_MC 0.000708049
STAT_MC 0.00225478
STAT_MC 0.00358833
STAT_MC 0.004986
STAT_MC 0.00516222
STAT_MC 0.00778
TH1.Print Name  = total_error, Entries= 864, Total sum= 0.813529
 fSumw[0]=0, x=-0.5, error=0
 fSumw[1]=0.106476, x=0.5, error=0
 fSumw[2]=0.140591, x=1.5, error=0
 fSumw[3]=0.102965, x=2.5, error=0
 fSumw[4]=0.148379, x=3.5, error=0
 fSumw[5]=0.0627329, x=4.5, error=0
 fSumw[6]=0.0721963, x=5.5, error=0
 fSumw[7]=0.0645883, x=6.5, error=0
 fSumw[8]=0.115601, x=7.5, error=0
 fSumw[9]=0, x=8.5, error=0
TH1.Print Name  = total_error, Entries= 872, Total sum= 0.818417
 fSumw[0]=0, x=-0.5, error=0
 fSumw[1]=0.106543, x=0.5, error=0
 fSumw[2]=0.140599, x=1.5, error=0
 fSumw[3]=0.102975, x=2.5, error=0
 fSumw[4]=0.148403, x=3.5, error=0
 fSumw[5]=0.0629799, x=4.5, error=0
 fSumw[6]=0.072818, x=5.5, error=0
 fSumw[7]=0.0659953, x=6.5, error=0
 fSumw[8]=0.118104, x=7.5, error=0
 fSumw[9]=0, x=8.5, error=0

        Data        Stat Tmpl_162.50 Stat_162.50 Tmpl_167.50 Stat_167.50 Tmpl_170.00 Stat_170.00 Tmpl_172.50 Stat_172.50 Tmpl_175.00 Stat_175.00 Tmpl_177.50 Stat_177.50 Tmpl_180.00 Stat_180.00 Tmpl_182.50 Stat_182.50
    0.470297    0.001785    0.501124    0.001928    0.441942    0.002848    0.412722    0.002746    0.389897    0.001798    0.370175    0.002357    0.346553    0.001262    0.325103    0.002376    0.303533    0.001348
    3.203530    0.004653    3.665329    0.005259    2.790967    0.007088    2.422203    0.006628    2.146594    0.004203    1.890956    0.005292    1.685302    0.002801    1.516108    0.005141    1.368620    0.002892
    3.467408    0.004813    3.229664    0.004935    3.677169    0.008063    3.810714    0.008303    3.866342    0.005538    3.887513    0.007676    3.867677    0.004233    3.824024    0.008143    3.727112    0.004773
    0.969262    0.002595    0.971584    0.002816    0.973582    0.004253    0.990226    0.004271    0.990163    0.002842    1.009264    0.003991    1.022159    0.002218    1.042926    0.004375    1.069729    0.002607
    0.251744    0.001403    0.258220    0.001561    0.247901    0.002157    0.244515    0.002157    0.242145    0.001386    0.238404    0.002050    0.237219    0.001089    0.237243    0.002102    0.231427    0.001260
    0.082934    0.000787    0.085147    0.000854    0.081958    0.001258    0.081389    0.001287    0.080102    0.000776    0.078609    0.001156    0.076169    0.000630    0.076751    0.001226    0.074774    0.000725
    0.036930    0.000501    0.038144    0.000602    0.037709    0.000915    0.036247    0.000813    0.035263    0.000489    0.034790    0.000766    0.034451    0.000430    0.033690    0.000770    0.033085    0.000497
    0.010426    0.000252    0.011053    0.000330    0.010632    0.000448    0.009234    0.000377    0.010206    0.000249    0.009725    0.000383    0.009530    0.000218    0.010023    0.000401    0.009409    0.000246

LTF::DoLiTeFit(). Fit done. Result:  164.93Johannes Inverse matrix of W
 5.78861e-05  -6.3377e-05  2.11533e-05 -6.27684e-07  9.54475e-07  5.08751e-07 -2.95125e-07 -4.11202e-07
 -6.3377e-05   0.00061626 -0.000333142  1.70219e-05 -3.29887e-07  3.14893e-06 -5.98946e-07   2.8585e-07
 2.11533e-05 -0.000333142  0.000579477 -5.48384e-05  3.95351e-06 -3.63185e-06  3.26198e-07  1.35548e-06
-6.27684e-07  1.70219e-05 -5.48384e-05  8.20125e-05 -1.01552e-05  2.32356e-06 -6.21998e-07 -1.28948e-07
 9.54475e-07 -3.29887e-07  3.95351e-06 -1.01552e-05  2.17696e-05 -4.29143e-06  9.88449e-07 -3.14717e-07
 5.08751e-07  3.14893e-06 -3.63185e-06  2.32356e-06 -4.29143e-06  8.66038e-06 -2.08546e-06  1.85109e-07
-2.95125e-07 -5.98946e-07  3.26198e-07 -6.21998e-07  9.88449e-07 -2.08546e-06  4.45006e-06 -6.50861e-07
-4.11202e-07   2.8585e-07  1.35548e-06 -1.28948e-07 -3.14717e-07  1.85109e-07 -6.50861e-07   1.3605e-06
  +/- 0.672637 (fit)  +/- 0.4594 (ext)  +/- 0.0596823 (tmpl)  +/- 0 (MatA)   [chi^2=0.118531]

------------------------------------------------------------------------
        Result of the 1-dimensional linear template fit
        ```````````````````````````````````````````````
  LTF. Result[0]:   164.93  +/- 0.672637 (fit)  +/- 0.4594 (ext)

  LTF. Result[0]:   164.930249
                             +/-  0.274827 (STAT_DATA)
                             +/-  0.046379 (STAT_MC)
                             +/-  0.076847 (pseudoDataStat)
                             +/- -0.001569 (EG_RESOLUTION_ALL)
                             +/-  0.000476 (EG_SCALE_ALL)
                             +/-  0.000363 (EL_EFF_ID_TOTAL_1NPCOR_PLUS_UNCOR)
                             +/- -0.007309 (EL_EFF_Iso_TOTAL_1NPCOR_PLUS_UNCOR)
                             +/- -0.003154 (EL_EFF_Reco_TOTAL_1NPCOR_PLUS_UNCOR)
                             +/- -0.000000 (EL_EFF_TriggerEff_TOTAL_1NPCOR_PLUS_UNCOR)
                             +/- -0.000000 (EL_EFF_Trigger_TOTAL_1NPCOR_PLUS_UNCOR)
                             +/- -0.035512 (FAKES_Electron)
                             +/- -0.008324 (FAKES_Muon)
                             +/- -0.268386 (FT_EFF_Eigen_B_0)
                             +/-  0.096346 (FT_EFF_Eigen_B_1)
                             +/-  0.022179 (FT_EFF_Eigen_B_2)
                             +/- -0.029911 (FT_EFF_Eigen_B_3)
                             +/-  0.000078 (FT_EFF_Eigen_B_4)
                             +/- -0.000310 (FT_EFF_Eigen_B_5)
                             +/-  0.000008 (FT_EFF_Eigen_B_6)
                             +/- -0.000004 (FT_EFF_Eigen_B_7)
                             +/- -0.000000 (FT_EFF_Eigen_B_8)
                             +/- -0.023166 (FT_EFF_Eigen_C_0)
                             +/-  0.002292 (FT_EFF_Eigen_C_1)
                             +/-  0.000499 (FT_EFF_Eigen_C_2)
                             +/- -0.000451 (FT_EFF_Eigen_C_3)
                             +/- -0.047871 (FT_EFF_Eigen_Light_0)
                             +/- -0.004398 (FT_EFF_Eigen_Light_1)
                             +/-  0.001205 (FT_EFF_Eigen_Light_2)
                             +/-  0.000234 (FT_EFF_Eigen_Light_3)
                             +/-  0.004761 (FT_EFF_extrapolation)
                             +/- -0.014964 (FT_EFF_extrapolation_from_charm)
                             +/- -0.000715 (JET_EffectiveNP_Detector1)
                             +/- -0.000985 (JET_EffectiveNP_Detector2)
                             +/- -0.010640 (JET_EffectiveNP_Mixed1)
                             +/- -0.010480 (JET_EffectiveNP_Mixed2)
                             +/-  0.004084 (JET_EffectiveNP_Mixed3)
                             +/- -0.032701 (JET_EffectiveNP_Modelling1)
                             +/- -0.019063 (JET_EffectiveNP_Modelling2)
                             +/- -0.026795 (JET_EffectiveNP_Modelling3)
                             +/- -0.003132 (JET_EffectiveNP_Modelling4)
                             +/-  0.005941 (JET_EffectiveNP_Statistical1)
                             +/-  0.010837 (JET_EffectiveNP_Statistical2)
                             +/-  0.001342 (JET_EffectiveNP_Statistical3)
                             +/- -0.010456 (JET_EffectiveNP_Statistical4)
                             +/- -0.008545 (JET_EffectiveNP_Statistical5)
                             +/- -0.003456 (JET_EffectiveNP_Statistical6)
                             +/-  0.015253 (JET_EtaIntercalibration_Modelling)
                             +/- -0.018251 (JET_EtaIntercalibration_NonClosure_2018data)
                             +/- -0.000008 (JET_EtaIntercalibration_NonClosure_highE)
                             +/- -0.001981 (JET_EtaIntercalibration_NonClosure_negEta)
                             +/- -0.002187 (JET_EtaIntercalibration_NonClosure_posEta)
                             +/-  0.017525 (JET_EtaIntercalibration_TotalStat)
                             +/-  0.000094 (JET_Flavor_Composition_prop)
                             +/-  0.008974 (JET_Flavor_Response_prop)
                             +/-  0.050538 (JET_JER_DataVsMC_MC16_PseudoData)
                             +/-  0.004332 (JET_JER_EffectiveNP_10_PseudoData)
                             +/- -0.000215 (JET_JER_EffectiveNP_11_PseudoData)
                             +/-  0.042435 (JET_JER_EffectiveNP_12restTerm_PseudoData)
                             +/-  0.113683 (JET_JER_EffectiveNP_1_PseudoData)
                             +/-  0.276340 (JET_JER_EffectiveNP_2_PseudoData)
                             +/-  0.019503 (JET_JER_EffectiveNP_3_PseudoData)
                             +/- -0.081654 (JET_JER_EffectiveNP_4_PseudoData)
                             +/-  0.059292 (JET_JER_EffectiveNP_5_PseudoData)
                             +/-  0.058786 (JET_JER_EffectiveNP_6_PseudoData)
                             +/-  0.021423 (JET_JER_EffectiveNP_7_PseudoData)
                             +/- -0.019895 (JET_JER_EffectiveNP_8_PseudoData)
                             +/-  0.039600 (JET_JER_EffectiveNP_9_PseudoData)
                             +/- -0.042826 (JET_JvtEfficiency)
                             +/-  0.016665 (JET_Pileup_OffsetMu)
                             +/-  0.034166 (JET_Pileup_OffsetNPV)
                             +/- -0.061740 (JET_Pileup_PtTerm)
                             +/-  0.129656 (JET_Pileup_RhoTopology)
                             +/-  0.000818 (JET_PunchThrough_MC16)
                             +/- -0.018140 (LUMINOSITY)
                             +/-  0.003819 (MET_SoftTrk_ResoPara)
                             +/-  0.002854 (MET_SoftTrk_ResoPerp)
                             +/-  0.003167 (MET_SoftTrk_Scale)
                             +/- -0.000000 (MUON_EFF_BADMUON_SYS)
                             +/- -0.000054 (MUON_EFF_ISO_STAT)
                             +/- -0.002431 (MUON_EFF_ISO_SYS)
                             +/- -0.000324 (MUON_EFF_RECO_STAT)
                             +/-  0.000446 (MUON_EFF_RECO_SYS)
                             +/- -0.000076 (MUON_EFF_TTVA_STAT)
                             +/- -0.000116 (MUON_EFF_TTVA_SYS)
                             +/- -0.001921 (MUON_EFF_TrigStatUncertainty)
                             +/- -0.004101 (MUON_EFF_TrigSystUncertainty)
                             +/- -0.000185 (MUON_SAGITTA_DATASTAT)
                             +/- -0.000647 (MUON_SAGITTA_RESBIAS)
                             +/- -0.107224 (PRW_DATASF)
                             +/- -0.037276 (THEORY_CROSS_SECTION_Wjets)
                             +/- -0.069661 (THEORY_CROSS_SECTION_other_top_noWt)
                             +/- -0.007312 (THEORY_CROSS_SECTION_signal)
                             +/- -0.066397 (THEORY_DR_DS_signal)
                             +/-  0.000285 (THEORY_EWK_Wjets)
                             +/- -0.000154 (THEORY_EWK_multiboson_noW)
                             +/- -0.118498 (THEORY_FSR_signal)
                             +/- -0.035316 (THEORY_HDAMP_signal)
                             +/- -0.014925 (THEORY_ISR_signal)
                             +/- -0.008885 (THEORY_PDF4LHC_VARIATION_Wjets)
                             +/- -0.003175 (THEORY_PDF4LHC_VARIATION_multiboson_noW)
                             +/- -0.004214 (THEORY_PDF4LHC_VARIATION_signal)
                             +/- -0.034765 (THEORY_PTHARD_signal)
                             +/- -0.042577 (THEORY_SCALE_COMBINED_Wjets)
                             +/- -0.020314 (THEORY_SCALE_COMBINED_multiboson_noW)
                             +/- -0.009932 (THEORY_SCALE_FACTORISATION_signal)
                             +/-  0.006869 (THEORY_SCALE_RENORMALISATION_signal)
                             +/- -0.029608 (THEORY_SHOWERING_HERWIG7_signal)
                             +/- -0.077248 (THEORY_TOPRECOIL_signal)
                             +/- -0.308712 (THEORY_TOP_MASS_signal)
                             +/-  0.001481 (WMASS_VAR_signal)

                             +/- -0.149106 (FULL_SYS_SUM)
                             +/- -0.094321 (FULL_SYS_SUM_DETECTOR)
                             +/- -0.307387 (FULL_SYS_SUM_THEORY)
                             +/- -0.149106 (FULL_SYS_TOYS)
                             +/- -0.144061 (TOTAL)
                             +/- -0.141810 (TOTAL_NO_DR_DS)
                             +/- -0.149451 (TOTAL_SYSONLY)
                             +/-  0.059682 (statY)

  Nuisance parameters                 -0.000  +/-  1.000  (EG_RESOLUTION_ALL)
                                      -0.002  +/-  1.000  (EG_SCALE_ALL)
                                      -0.013  +/-  0.999  (EL_EFF_ID_TOTAL_1NPCOR_PLUS_UNCOR)
                                      -0.025  +/-  0.995  (EL_EFF_Iso_TOTAL_1NPCOR_PLUS_UNCOR)
                                      -0.007  +/-  1.000  (EL_EFF_Reco_TOTAL_1NPCOR_PLUS_UNCOR)
                                      -0.000  +/-  1.000  (EL_EFF_TriggerEff_TOTAL_1NPCOR_PLUS_UNCOR)
                                      -0.000  +/-  1.000  (EL_EFF_Trigger_TOTAL_1NPCOR_PLUS_UNCOR)
                                      -0.000  +/-  1.000  (MUON_SAGITTA_DATASTAT)
                                      -0.000  +/-  1.000  (MUON_SAGITTA_RESBIAS)
                                      -0.000  +/-  1.000  (MUON_EFF_BADMUON_SYS)
                                      -0.005  +/-  1.000  (MUON_EFF_ISO_STAT)
                                      -0.010  +/-  0.999  (MUON_EFF_ISO_SYS)
                                      -0.001  +/-  1.000  (MUON_EFF_RECO_STAT)
                                      -0.008  +/-  1.000  (MUON_EFF_RECO_SYS)
                                      -0.001  +/-  1.000  (MUON_EFF_TTVA_STAT)
                                      -0.001  +/-  1.000  (MUON_EFF_TTVA_SYS)
                                      -0.007  +/-  1.000  (MUON_EFF_TrigStatUncertainty)
                                      -0.015  +/-  0.998  (MUON_EFF_TrigSystUncertainty)
                                      -0.003  +/-  0.998  (JET_EffectiveNP_Detector1)
                                      -0.001  +/-  1.000  (JET_EffectiveNP_Detector2)
                                      -0.050  +/-  0.978  (JET_EffectiveNP_Mixed1)
                                      -0.011  +/-  0.992  (JET_EffectiveNP_Mixed2)
                                      -0.004  +/-  1.000  (JET_EffectiveNP_Mixed3)
                                       0.006  +/-  0.869  (JET_EffectiveNP_Modelling1)
                                      -0.016  +/-  0.998  (JET_EffectiveNP_Modelling2)
                                       0.001  +/-  0.993  (JET_EffectiveNP_Modelling3)
                                      -0.004  +/-  1.000  (JET_EffectiveNP_Modelling4)
                                      -0.015  +/-  0.999  (JET_EffectiveNP_Statistical1)
                                       0.002  +/-  0.999  (JET_EffectiveNP_Statistical2)
                                      -0.010  +/-  1.000  (JET_EffectiveNP_Statistical3)
                                       0.001  +/-  0.999  (JET_EffectiveNP_Statistical4)
                                       0.000  +/-  0.999  (JET_EffectiveNP_Statistical5)
                                      -0.003  +/-  1.000  (JET_EffectiveNP_Statistical6)
                                      -0.042  +/-  0.959  (JET_EtaIntercalibration_Modelling)
                                      -0.022  +/-  0.983  (JET_EtaIntercalibration_NonClosure_2018data)
                                      -0.000  +/-  1.000  (JET_EtaIntercalibration_NonClosure_highE)
                                      -0.000  +/-  1.000  (JET_EtaIntercalibration_NonClosure_negEta)
                                      -0.002  +/-  1.000  (JET_EtaIntercalibration_NonClosure_posEta)
                                       0.001  +/-  0.998  (JET_EtaIntercalibration_TotalStat)
                                      -0.000  +/-  1.000  (JET_Flavor_Composition_prop)
                                      -0.019  +/-  0.998  (JET_Flavor_Response_prop)
                                       0.008  +/-  0.994  (JET_Pileup_OffsetMu)
                                       0.031  +/-  0.947  (JET_Pileup_OffsetNPV)
                                       0.009  +/-  0.969  (JET_Pileup_PtTerm)
                                       0.031  +/-  0.670  (JET_Pileup_RhoTopology)
                                      -0.002  +/-  1.000  (JET_PunchThrough_MC16)
                                       0.009  +/-  0.993  (JET_JER_DataVsMC_MC16_PseudoData)
                                       0.023  +/-  0.921  (JET_JER_EffectiveNP_1_PseudoData)
                                       0.034  +/-  0.837  (JET_JER_EffectiveNP_2_PseudoData)
                                       0.012  +/-  0.973  (JET_JER_EffectiveNP_3_PseudoData)
                                       0.000  +/-  0.996  (JET_JER_EffectiveNP_4_PseudoData)
                                      -0.005  +/-  0.985  (JET_JER_EffectiveNP_5_PseudoData)
                                       0.002  +/-  0.959  (JET_JER_EffectiveNP_6_PseudoData)
                                       0.008  +/-  0.997  (JET_JER_EffectiveNP_7_PseudoData)
                                      -0.008  +/-  0.995  (JET_JER_EffectiveNP_8_PseudoData)
                                       0.007  +/-  0.982  (JET_JER_EffectiveNP_9_PseudoData)
                                      -0.001  +/-  0.999  (JET_JER_EffectiveNP_10_PseudoData)
                                      -0.003  +/-  0.997  (JET_JER_EffectiveNP_11_PseudoData)
                                      -0.000  +/-  0.995  (JET_JER_EffectiveNP_12restTerm_PseudoData)
                                      -0.003  +/-  0.997  (JET_JvtEfficiency)
                                       0.026  +/-  0.986  (PRW_DATASF)
                                      -0.007  +/-  0.999  (MET_SoftTrk_ResoPara)
                                      -0.008  +/-  1.000  (MET_SoftTrk_ResoPerp)
                                      -0.007  +/-  1.000  (MET_SoftTrk_Scale)
                                      -0.008  +/-  1.000  (WMASS_VAR_signal)
                                      -0.040  +/-  0.854  (FT_EFF_Eigen_B_0)
                                      -0.100  +/-  0.941  (FT_EFF_Eigen_B_1)
                                      -0.009  +/-  0.994  (FT_EFF_Eigen_B_2)
                                      -0.009  +/-  1.000  (FT_EFF_Eigen_B_3)
                                       0.000  +/-  1.000  (FT_EFF_Eigen_B_4)
                                      -0.000  +/-  1.000  (FT_EFF_Eigen_B_5)
                                      -0.000  +/-  1.000  (FT_EFF_Eigen_B_6)
                                      -0.000  +/-  1.000  (FT_EFF_Eigen_B_7)
                                      -0.000  +/-  1.000  (FT_EFF_Eigen_B_8)
                                      -0.019  +/-  0.991  (FT_EFF_Eigen_C_0)
                                      -0.016  +/-  0.999  (FT_EFF_Eigen_C_1)
                                      -0.001  +/-  1.000  (FT_EFF_Eigen_C_2)
                                      -0.000  +/-  1.000  (FT_EFF_Eigen_C_3)
                                      -0.028  +/-  0.989  (FT_EFF_Eigen_Light_0)
                                      -0.006  +/-  0.999  (FT_EFF_Eigen_Light_1)
                                      -0.004  +/-  1.000  (FT_EFF_Eigen_Light_2)
                                      -0.001  +/-  1.000  (FT_EFF_Eigen_Light_3)
                                      -0.016  +/-  0.998  (FT_EFF_extrapolation)
                                      -0.010  +/-  0.999  (FT_EFF_extrapolation_from_charm)
                                      -0.008  +/-  1.000  (THEORY_CROSS_SECTION_signal)
                                      -0.049  +/-  0.559  (THEORY_SHOWERING_HERWIG7_signal)
                                      -0.014  +/-  0.998  (THEORY_SCALE_FACTORISATION_signal)
                                      -0.005  +/-  0.996  (THEORY_SCALE_RENORMALISATION_signal)
                                       0.027  +/-  0.911  (THEORY_ISR_signal)
                                      -0.011  +/-  0.911  (THEORY_FSR_signal)
                                       0.005  +/-  0.909  (THEORY_HDAMP_signal)
                                      -0.003  +/-  0.981  (THEORY_PTHARD_signal)
                                       0.006  +/-  0.926  (THEORY_TOPRECOIL_signal)
                                       0.019  +/-  0.964  (THEORY_TOP_MASS_signal)
                                      -0.002  +/-  1.000  (THEORY_PDF4LHC_VARIATION_signal)
                                      -0.124  +/-  0.912  (THEORY_DR_DS_signal)
                                      -0.036  +/-  0.988  (THEORY_CROSS_SECTION_Wjets)
                                      -0.085  +/-  0.947  (THEORY_SCALE_COMBINED_Wjets)
                                      -0.013  +/-  0.999  (THEORY_PDF4LHC_VARIATION_Wjets)
                                      -0.001  +/-  1.000  (THEORY_EWK_Wjets)
                                      -0.029  +/-  0.994  (THEORY_SCALE_COMBINED_multiboson_noW)
                                      -0.005  +/-  1.000  (THEORY_PDF4LHC_VARIATION_multiboson_noW)
                                      -0.000  +/-  1.000  (THEORY_EWK_multiboson_noW)
                                      -0.104  +/-  0.918  (THEORY_CROSS_SECTION_other_top_noWt)
                                      -0.023  +/-  0.995  (FAKES_Electron)
                                      -0.003  +/-  1.000  (FAKES_Muon)
                                      -0.047  +/-  0.982  (LUMINOSITY)

  Correlation matrix 
        1   0.00233 -0.000708 -0.000541    0.0109   0.00469  1.84e-14  1.84e-14  0.000274  0.000962  1.32e-14  7.97e-05   0.00362  0.000482 -0.000663  0.000113  0.000173   0.00286   0.00611   0.00107   0.00146    0.0162    0.0157  -0.00607     0.056    0.0284    0.0401   0.00466  -0.00884   -0.0161    -0.002    0.0156    0.0127   0.00514   -0.0236    0.0276  1.16e-05   0.00295   0.00325   -0.0261 -0.000139   -0.0134   -0.0249   -0.0537    0.0948    -0.288  -0.00122   -0.0756    -0.184    -0.491   -0.0298     0.122   -0.0895   -0.0911   -0.0319    0.0297   -0.0599  -0.00645  0.000321   -0.0634    0.0639     0.162  -0.00568  -0.00424  -0.00471   -0.0022     0.467    -0.152   -0.0332    0.0445 -0.000115  0.000461 -1.12e-05  5.92e-06  6.18e-07    0.0348  -0.00341 -0.000742  0.000671     0.072   0.00654  -0.00179 -0.000348  -0.00709    0.0223    0.0109    0.0787    0.0148   -0.0102    0.0244     0.193    0.0578    0.0527     0.124     0.476   0.00627     0.108    0.0561    0.0668    0.0132 -0.000423    0.0304   0.00472  0.000228     0.113    0.0531    0.0124    0.0275
  0.00233         1 -4.23e-05 -9.85e-05 -0.000252 -7.82e-05 -5.57e-17 -5.57e-17 -1.79e-06 -4.67e-06  2.93e-17 -3.67e-05 -0.000114 -1.29e-05 -6.41e-05 -8.89e-06 -1.14e-05 -7.37e-05 -0.000159  0.000126  1.72e-05  0.000248  0.000261  3.93e-05   0.00111  5.22e-05  0.000257   4.6e-05 -3.48e-06  3.35e-05   1.3e-05  9.25e-05  9.13e-05  5.43e-05  0.000216  0.000378 -8.16e-08 -1.27e-05 -9.62e-06  6.76e-05 -4.87e-09 -1.72e-05  5.71e-05  0.000254  0.000475  0.000154  1.73e-06 -0.000264  -0.00141  -0.00199 -0.000581 -9.77e-05 -0.000437 -0.000919 -0.000224 -0.000282  -0.00058 -7.88e-05 -0.000183 -0.000185 -0.000114  8.75e-05 -9.36e-05 -5.67e-05 -6.12e-05 -1.95e-05 -0.000809 -0.000761  -0.00025 -4.26e-05  -9.1e-06 -1.88e-06 -1.66e-07 -5.79e-09 -2.07e-09 -0.000423 -8.95e-05 -2.43e-05 -2.75e-06 -0.000454 -3.93e-05  -9.5e-06 -4.38e-06 -5.63e-05 -0.000141 -6.63e-05  0.000246 -9.91e-05 -0.000134 -0.000413  0.000839 -0.000679 -0.000323   0.00075 -0.000687 -1.06e-05 -0.000986 -0.000418 -0.000724  -0.00012 -4.18e-06 -0.000263 -4.76e-05 -1.45e-06  -0.00107 -0.000268 -6.22e-05 -0.000505
-0.000708 -4.23e-05         1 -0.000482  -0.00107 -0.000316  -1.7e-16  -1.7e-16 -3.41e-06 -1.21e-05 -5.61e-18 -0.000181 -0.000473 -5.43e-05 -0.000303 -3.97e-05 -5.06e-05 -0.000313 -0.000663 -5.77e-05   5.9e-06 -0.000892 -0.000127  -7.9e-05  0.000739 -0.000296    0.0001 -6.97e-05 -0.000286  1.87e-06 -0.000175 -8.93e-07 -1.37e-05 -5.56e-05 -0.000944 -9.32e-05 -2.74e-07  -6.4e-05 -3.21e-05 -2.02e-05 -1.87e-06 -0.000359  0.000264   0.00131  0.000408   0.00116 -2.49e-05 -0.000332  -0.00298  -0.00423  -0.00153 -0.000312  -0.00143  -0.00224 -0.000267 -0.000855  -0.00123 -0.000138 -0.000481 -0.000689 -0.000447  0.000484 -0.000251 -0.000291 -0.000246 -0.000182  -0.00311  -0.00385  -0.00102  -0.00027 -1.98e-05 -9.28e-06 -7.55e-08  -3.5e-08 -8.06e-09  -0.00102 -0.000472 -9.18e-05  2.01e-06  -0.00124  -9.8e-05 -5.66e-05 -1.97e-05 -0.000337 -0.000514  -0.00027 -1.03e-05 -0.000362  6.62e-05   0.00205  0.000277   0.00122  0.000253   0.00066 -0.000479 -5.27e-05  -0.00462  -0.00146  -0.00335  -0.00049 -3.71e-05  -0.00107 -0.000197 -2.73e-06  -0.00419 -0.000961 -0.000179  -0.00211
-0.000541 -9.85e-05 -0.000482         1  -0.00438  -0.00129 -4.61e-16 -4.61e-16 -4.85e-05 -4.56e-05 -1.06e-16 -0.000762   -0.0019 -0.000217  -0.00128 -0.000165 -0.000209  -0.00126  -0.00267 -0.000305 -3.37e-05  -0.00515  -0.00105 -0.000478 -0.000671  -0.00163  0.000402 -0.000457   -0.0016 -3.75e-05  -0.00104   0.00013   6.3e-05 -0.000261  -0.00665  -0.00206 -1.11e-06 -0.000157 -0.000234 -0.000402 -1.83e-05  -0.00203   0.00039   0.00279   0.00169  -0.00355 -0.000219  9.08e-05   -0.0052  -0.00727  -0.00253   -0.0012   -0.0036  -0.00512 -0.000204  -0.00243  -0.00233 -0.000651   -0.0016  -0.00152  -0.00178   0.00312   -0.0012  -0.00121  -0.00108 -0.000982   -0.0142    -0.016  -0.00339  -0.00135 -3.35e-05  -4.9e-05 -2.44e-06  -2.4e-07 -3.47e-08  -0.00404  -0.00217 -0.000227 -6.28e-06  -0.00496 -0.000734 -0.000402 -9.89e-05  -0.00172  -0.00183  -0.00117  -0.00252  -0.00167 -0.000337   0.00517  -0.00107   0.00157 -0.000341   0.00206  -0.00114 -0.000269   -0.0194  -0.00581   -0.0134  -0.00192 -0.000146  -0.00431 -0.000758 -1.46e-05   -0.0171  -0.00371 -0.000625  -0.00855
   0.0109 -0.000252  -0.00107  -0.00438         1  -0.00293  -1.2e-15  -1.2e-15 -9.38e-05 -8.44e-05 -2.32e-16  -0.00162   -0.0043  -0.00049  -0.00274 -0.000359 -0.000456  -0.00283  -0.00601 -0.000495 -4.67e-05  -0.00834   -0.0018 -0.000881  -0.00486  -0.00257   0.00112 -0.000779  -0.00275  -0.00049  -0.00181  0.000346  0.000213  -0.00038   -0.0149  -0.00362 -2.29e-06 -0.000394 -0.000473  -0.00149 -2.96e-05  -0.00341 -0.000404   0.00215   0.00345   -0.0221  -0.00037 -0.000814   -0.0183   -0.0267  -0.00881  -0.00376  -0.00976   -0.0152  -0.00175  -0.00586  -0.00779  -0.00197  -0.00449  -0.00434  -0.00494   0.00554  -0.00271   -0.0026  -0.00238  -0.00186   -0.0371   -0.0332  -0.00885  -0.00283 -0.000143   -0.0001 -4.15e-06 -3.27e-07 -6.34e-08  -0.00958  -0.00424 -0.000569 -1.51e-05    -0.011  -0.00139 -0.000704 -0.000175  -0.00292    -0.004  -0.00243   0.00237  -0.00302 -0.000658   0.00918  -0.00243   0.00148  -0.00132   0.00477  -0.00722 -0.000613    -0.039   -0.0124   -0.0275  -0.00394 -0.000266  -0.00888  -0.00152 -3.17e-05   -0.0355  -0.00797  -0.00142   -0.0191
  0.00469 -7.82e-05 -0.000316  -0.00129  -0.00293         1  -3.7e-16  -3.7e-16 -2.86e-05 -2.67e-05 -6.01e-17 -0.000477  -0.00129 -0.000147 -0.000811 -0.000107 -0.000136 -0.000849   -0.0018 -9.26e-05 -5.17e-06  -0.00221 -0.000413 -0.000241  -0.00155 -0.000684  0.000454 -0.000198 -0.000769 -0.000174   -0.0005  0.000149  0.000111 -7.98e-05  -0.00447 -0.000919 -6.81e-07 -0.000116 -0.000141 -0.000492 -8.36e-06 -0.000958 -0.000242  0.000245   0.00121  -0.00822 -0.000105 -0.000317  -0.00583  -0.00847  -0.00272  -0.00123  -0.00297  -0.00473 -0.000607  -0.00181  -0.00246 -0.000663  -0.00142  -0.00131  -0.00157   0.00167 -0.000821 -0.000759 -0.000711 -0.000534   -0.0118  -0.00971   -0.0027 -0.000839 -4.74e-05 -2.99e-05 -1.28e-06 -9.11e-08 -1.86e-08  -0.00296  -0.00124  -0.00017 -7.33e-06  -0.00331 -0.000428 -0.000207 -5.04e-05  -0.00083  -0.00118 -0.000715   0.00152 -0.000868 -0.000226   0.00232 -0.000417  0.000104 -0.000585   0.00174   -0.0025 -0.000185   -0.0114  -0.00366  -0.00798  -0.00116 -7.53e-05   -0.0026 -0.000446 -9.83e-06   -0.0104  -0.00235 -0.000431  -0.00572
 1.84e-14 -5.57e-17  -1.7e-16 -4.61e-16  -1.2e-15  -3.7e-16         1 -3.07e-28 -2.78e-18  9.26e-19  3.74e-29 -1.74e-16 -5.41e-16 -6.14e-17 -2.96e-16 -4.12e-17 -5.27e-17 -3.56e-16 -7.57e-16  9.57e-17  2.02e-17 -1.37e-16  1.19e-16 -4.46e-17 -1.73e-16 -4.13e-17  2.09e-16 -2.01e-17 -8.56e-17 -5.06e-17  1.11e-18  6.81e-17  -5.2e-17 -4.61e-18 -1.18e-15  1.25e-16 -2.18e-19  -3.3e-17 -5.99e-17 -1.38e-16 -1.18e-18 -1.21e-16   3.9e-16  1.55e-15  8.24e-16 -2.65e-15 -3.57e-18  2.61e-17 -5.42e-15 -7.91e-15 -2.84e-15 -1.23e-15 -2.79e-15 -4.43e-15 -5.26e-16 -1.67e-15 -2.72e-15 -5.32e-16 -1.32e-15 -1.34e-15  -1.1e-15  8.34e-16 -2.44e-16 -2.61e-16 -1.18e-16 -1.06e-16 -7.45e-15 -3.35e-15 -1.51e-15 -2.58e-16  -4.1e-17 -9.37e-18 -7.88e-20 -4.24e-20 -8.38e-21 -9.62e-16 -3.49e-16 -1.06e-16 -7.79e-19 -8.68e-16 -4.87e-17 -4.21e-17 -9.66e-18 -2.29e-16 -3.36e-16 -1.75e-16  1.09e-14 -4.48e-16  2.07e-16  2.72e-15 -7.63e-16  1.58e-15  5.78e-16  6.42e-17 -1.42e-15 -1.04e-16 -3.24e-15 -8.35e-16 -1.78e-15 -3.46e-16 -1.06e-17  -5.7e-16    -1e-16 -2.88e-18 -2.47e-15  -5.7e-16 -1.09e-16 -2.26e-15
 1.84e-14 -5.57e-17  -1.7e-16 -4.61e-16  -1.2e-15  -3.7e-16 -3.07e-28         1 -2.78e-18  9.26e-19  3.74e-29 -1.74e-16 -5.41e-16 -6.14e-17 -2.96e-16 -4.12e-17 -5.27e-17 -3.56e-16 -7.57e-16  9.57e-17  2.02e-17 -1.37e-16  1.19e-16 -4.46e-17 -1.73e-16 -4.13e-17  2.09e-16 -2.01e-17 -8.56e-17 -5.06e-17  1.11e-18  6.81e-17  -5.2e-17 -4.61e-18 -1.18e-15  1.25e-16 -2.18e-19  -3.3e-17 -5.99e-17 -1.38e-16 -1.18e-18 -1.21e-16   3.9e-16  1.55e-15  8.24e-16 -2.65e-15 -3.57e-18  2.61e-17 -5.42e-15 -7.91e-15 -2.84e-15 -1.23e-15 -2.79e-15 -4.43e-15 -5.26e-16 -1.67e-15 -2.72e-15 -5.32e-16 -1.32e-15 -1.34e-15  -1.1e-15  8.34e-16 -2.44e-16 -2.61e-16 -1.18e-16 -1.06e-16 -7.45e-15 -3.35e-15 -1.51e-15 -2.58e-16  -4.1e-17 -9.37e-18 -7.88e-20 -4.24e-20 -8.38e-21 -9.62e-16 -3.49e-16 -1.06e-16 -7.79e-19 -8.68e-16 -4.87e-17 -4.21e-17 -9.66e-18 -2.29e-16 -3.36e-16 -1.75e-16  1.09e-14 -4.48e-16  2.07e-16  2.72e-15 -7.63e-16  1.58e-15  5.78e-16  6.42e-17 -1.42e-15 -1.04e-16 -3.24e-15 -8.35e-16 -1.78e-15 -3.46e-16 -1.06e-17  -5.7e-16    -1e-16 -2.88e-18 -2.47e-15  -5.7e-16 -1.09e-16 -2.26e-15
 0.000274 -1.79e-06 -3.41e-06 -4.85e-05 -9.38e-05 -2.86e-05 -2.78e-18 -2.78e-18         1 -4.11e-06  8.25e-18 -1.67e-05 -3.87e-05 -4.38e-06 -2.91e-05 -3.68e-06 -4.61e-06 -2.54e-05 -5.49e-05  5.28e-05  7.26e-06 -3.47e-05  9.33e-05  4.56e-06  0.000292  -2.8e-05  0.000146  1.13e-05 -4.95e-05  1.25e-05 -2.61e-05  6.01e-05  6.24e-05  2.24e-05 -9.01e-05  7.87e-05 -3.95e-08  2.99e-06 -9.27e-06  7.84e-06 -8.87e-07 -7.43e-05 -1.46e-05 -4.74e-05  0.000318 -0.000563 -9.75e-06  2.15e-05  0.000193  0.000366  0.000196  -2.6e-05  6.59e-05  9.61e-05  2.25e-05 -3.96e-05   7.9e-05 -4.48e-05 -1.77e-05  7.14e-05 -4.28e-05  0.000227 -4.08e-05 -1.76e-05 -3.05e-05 -2.76e-05 -0.000498 -0.000305  4.71e-06 -4.03e-05  1.35e-06  -1.9e-06 -2.34e-07 -1.36e-08 -1.36e-09 -0.000172 -6.69e-05  3.57e-06 -3.43e-06 -0.000182 -5.74e-05 -2.31e-05 -4.19e-06 -6.78e-05 -3.47e-05 -3.28e-05  0.000172 -5.29e-05 -6.64e-05 -0.000289  0.000402  -0.00031 -0.000231  0.000462 -2.49e-05 -5.97e-06 -0.000495 -0.000162 -0.000287 -5.04e-05 -3.34e-06 -0.000111 -2.19e-05 -9.05e-07 -0.000437 -8.07e-05 -2.04e-05  -0.00018
 0.000962 -4.67e-06 -1.21e-05 -4.56e-05 -8.44e-05 -2.67e-05  9.26e-19  9.26e-19 -4.11e-06         1  1.67e-17 -1.54e-05 -3.44e-05 -4.01e-06 -2.75e-05 -3.55e-06 -4.43e-06 -2.25e-05 -4.98e-05   8.6e-05  2.01e-05  5.37e-05  0.000204  1.73e-05  0.000503 -2.45e-05  0.000294  4.19e-05  -5.7e-05 -4.61e-06 -2.37e-05  0.000104  0.000126  4.46e-05 -3.93e-05  0.000267 -6.14e-08 -1.33e-06  -1.6e-06 -1.57e-05 -6.44e-07 -9.55e-05 -0.000119 -0.000337  0.000572   -0.0014 -9.06e-06 -0.000121  0.000379  0.000752  0.000421  6.92e-06  0.000236  0.000348  2.85e-05 -3.56e-05  0.000244 -6.83e-05   5.2e-05  0.000183 -4.85e-05  0.000312 -3.44e-05  9.61e-07  -4.5e-05 -1.89e-05 -0.000627 -0.000226     7e-05 -4.05e-05  7.85e-07 -2.14e-06 -2.72e-07 -1.74e-08 -1.99e-09 -0.000291 -8.11e-05  4.87e-06 -7.36e-06 -0.000288  -9.7e-05 -3.16e-05 -6.19e-06 -8.62e-05 -5.16e-05 -4.03e-05 -0.000687 -3.05e-05 -7.37e-05 -0.000552   0.00117 -0.000313 -0.000428   0.00109  4.52e-05  3.39e-06  -0.00056 -0.000241 -0.000365 -7.09e-05 -7.15e-06 -0.000159 -4.06e-05 -1.28e-06 -0.000561 -9.88e-05 -4.26e-05 -0.000171
 1.32e-14  2.93e-17 -5.61e-18 -1.06e-16 -2.32e-16 -6.01e-17  3.74e-29  3.74e-29  8.25e-18  1.67e-17         1  -4.3e-17 -1.03e-16 -1.21e-17 -6.72e-17 -8.11e-18 -1.02e-17 -7.15e-17 -1.41e-16  -7.2e-16 -9.35e-17 -1.65e-15 -1.49e-15 -2.59e-16 -5.85e-15 -3.48e-16 -1.25e-15 -2.87e-16 -1.31e-16 -2.93e-16 -1.83e-16 -5.03e-16 -4.82e-16 -3.05e-16 -2.58e-15 -2.02e-15  9.13e-20 -4.89e-17  1.52e-17 -5.54e-16  7.68e-19 -4.95e-17  -5.2e-16 -1.29e-15 -2.56e-15 -2.98e-15 -9.59e-18  2.73e-16  7.41e-16   4.2e-16 -2.94e-16  2.59e-17 -7.35e-17  4.76e-16  2.15e-16  4.45e-16  4.99e-16  1.97e-16  1.52e-16 -2.44e-16  -1.2e-16 -8.14e-16  4.32e-17 -1.26e-16 -8.23e-17  -7.5e-17 -2.11e-16 -1.05e-15 -5.79e-16 -9.38e-17 -2.28e-18   3.8e-19  1.03e-18   6.1e-20  5.17e-21  4.84e-16 -1.54e-17 -2.58e-17  2.08e-17  4.13e-16  1.71e-16  4.56e-17  8.72e-18  1.36e-16 -5.58e-17 -2.43e-17 -4.75e-15  2.31e-16   5.1e-16  2.93e-15 -4.31e-15  2.89e-15  1.46e-15 -3.33e-15  6.48e-16 -1.54e-17 -4.12e-16  7.46e-18 -7.82e-16  7.51e-18 -1.21e-17 -9.61e-17  6.77e-18  3.67e-18 -2.97e-16 -1.05e-16  3.74e-17 -4.58e-16
 7.97e-05 -3.67e-05 -0.000181 -0.000762  -0.00162 -0.000477 -1.74e-16 -1.74e-16 -1.67e-05 -1.54e-05  -4.3e-17         1 -0.000703 -8.03e-05 -0.000472 -6.07e-05  -7.7e-05 -0.000465 -0.000985 -0.000126 -1.33e-05  -0.00186 -0.000406 -0.000175 -0.000215 -0.000587  0.000111 -0.000171 -0.000575 -1.28e-05 -0.000379  3.05e-05   7.8e-06   -0.0001  -0.00237 -0.000748 -4.03e-07 -6.24e-05  -8.2e-05 -0.000137 -6.32e-06 -0.000723   0.00018   0.00114  0.000579 -0.000936  -7.7e-05  4.67e-05  -0.00205  -0.00288  -0.00103 -0.000439  -0.00139  -0.00197 -8.48e-05 -0.000892 -0.000907 -0.000227 -0.000592 -0.000601 -0.000656   0.00112 -0.000437 -0.000452 -0.000402 -0.000358  -0.00516  -0.00589  -0.00129 -0.000495 -1.29e-05 -1.78e-05 -7.74e-07 -7.74e-08 -1.22e-08  -0.00147 -0.000788 -8.78e-05 -7.32e-07  -0.00182 -0.000252 -0.000139 -3.48e-05 -0.000606 -0.000685 -0.000429 -0.000341 -0.000585 -6.79e-05   0.00216 -0.000477  0.000817 -1.25e-05  0.000699 -0.000403 -9.88e-05  -0.00715  -0.00215  -0.00498 -0.000709 -5.37e-05  -0.00159 -0.000278 -5.13e-06  -0.00631  -0.00138 -0.000232  -0.00316
  0.00362 -0.000114 -0.000473   -0.0019   -0.0043  -0.00129 -5.41e-16 -5.41e-16 -3.87e-05 -3.44e-05 -1.03e-16 -0.000703         1 -0.000215  -0.00119 -0.000157 -0.000199  -0.00125  -0.00264 -0.000224 -2.18e-05  -0.00348 -0.000789 -0.000376  -0.00229  -0.00106  0.000448 -0.000333  -0.00114 -0.000235 -0.000755   0.00013  7.23e-05 -0.000164  -0.00649  -0.00155 -9.87e-07  -0.00018 -0.000202 -0.000676  -1.2e-05  -0.00141  -0.00022   0.00083   0.00136  -0.00994 -0.000151 -0.000468  -0.00873   -0.0128  -0.00424  -0.00169  -0.00448  -0.00707 -0.000885  -0.00261  -0.00368 -0.000871  -0.00203  -0.00202   -0.0022   0.00223  -0.00119  -0.00114  -0.00104 -0.000793   -0.0163   -0.0145    -0.004  -0.00122 -6.84e-05 -4.29e-05 -1.65e-06 -1.26e-07 -2.67e-08  -0.00421  -0.00181  -0.00026 -4.78e-06   -0.0048 -0.000571 -0.000288 -7.29e-05  -0.00121  -0.00176  -0.00105   0.00116  -0.00128 -0.000273   0.00402   -0.0012  0.000597 -0.000522   0.00193   -0.0035 -0.000268   -0.0169   -0.0054    -0.012  -0.00171 -0.000113  -0.00386 -0.000657 -1.36e-05   -0.0154   -0.0035 -0.000626  -0.00839
 0.000482 -1.29e-05 -5.43e-05 -0.000217  -0.00049 -0.000147 -6.14e-17 -6.14e-17 -4.38e-06 -4.01e-06 -1.21e-17 -8.03e-05 -0.000215         1 -0.000136 -1.79e-05 -2.27e-05 -0.000142 -0.000301 -2.74e-05 -2.49e-06 -0.000404 -9.29e-05 -4.36e-05 -0.000262 -0.000123  4.91e-05 -3.86e-05 -0.000132 -2.68e-05 -8.72e-05  1.38e-05  7.45e-06 -1.96e-05 -0.000741 -0.000179 -1.13e-07 -2.07e-05 -2.27e-05  -7.7e-05 -1.37e-06 -0.000162 -2.28e-05  0.000103  0.000155  -0.00111 -1.74e-05 -5.06e-05 -0.000977  -0.00143 -0.000476 -0.000191 -0.000506 -0.000793 -9.67e-05 -0.000296 -0.000411  -9.8e-05 -0.000229 -0.000229  -0.00025  0.000258 -0.000135  -0.00013 -0.000119 -9.08e-05  -0.00185  -0.00165 -0.000454 -0.000139 -7.66e-06  -4.9e-06 -1.84e-07 -1.44e-08 -3.05e-09 -0.000478 -0.000208 -2.96e-05 -5.17e-07 -0.000545 -6.53e-05  -3.3e-05 -8.35e-06 -0.000139 -0.000201  -0.00012   0.00014 -0.000145 -2.65e-05  0.000482 -0.000136  9.72e-05 -5.17e-05  0.000222 -0.000381 -3.04e-05  -0.00193 -0.000616  -0.00137 -0.000196 -1.31e-05 -0.000441 -7.53e-05 -1.54e-06  -0.00176 -0.000399 -7.14e-05 -0.000956
-0.000663 -6.41e-05 -0.000303  -0.00128  -0.00274 -0.000811 -2.96e-16 -2.96e-16 -2.91e-05 -2.75e-05 -6.72e-17 -0.000472  -0.00119 -0.000136         1 -0.000102  -0.00013 -0.000789  -0.00167 -0.000177 -1.87e-05  -0.00298 -0.000611 -0.000281 -0.000451 -0.000942  0.000269 -0.000267 -0.000946 -4.15e-05  -0.00062  8.38e-05  5.04e-05 -0.000146  -0.00406  -0.00118 -6.84e-07 -0.000105  -0.00014 -0.000268 -1.05e-05  -0.00119  0.000174   0.00152   0.00104  -0.00274 -0.000128 -3.95e-05  -0.00371  -0.00524  -0.00179  -0.00077  -0.00233  -0.00342 -0.000222  -0.00151   -0.0016 -0.000418  -0.00102 -0.000999  -0.00114   0.00183 -0.000756 -0.000756 -0.000686 -0.000594  -0.00895  -0.00986   -0.0022 -0.000831 -2.49e-05    -3e-05  -1.4e-06  -1.3e-07 -2.04e-08  -0.00259  -0.00132 -0.000148 -3.35e-06  -0.00314 -0.000439 -0.000235 -5.85e-05  -0.00101  -0.00116 -0.000725  -0.00128 -0.000978 -0.000202   0.00307  -0.00057  0.000826 -0.000258   0.00138  -0.00103 -0.000166   -0.0119  -0.00365  -0.00834  -0.00119 -8.84e-05  -0.00268 -0.000468 -9.04e-06   -0.0107  -0.00234   -0.0004  -0.00536
 0.000113 -8.89e-06 -3.97e-05 -0.000165 -0.000359 -0.000107 -4.12e-17 -4.12e-17 -3.68e-06 -3.55e-06 -8.11e-18 -6.07e-05 -0.000157 -1.79e-05 -0.000102         1 -1.69e-05 -0.000104  -0.00022 -1.78e-05 -1.46e-06 -0.000344  -6.6e-05 -3.35e-05 -8.01e-05 -0.000109  4.52e-05 -3.05e-05 -0.000113 -9.92e-06 -7.41e-05  1.43e-05  1.03e-05 -1.52e-05 -0.000525 -0.000132 -8.79e-08 -1.42e-05 -1.76e-05 -4.13e-05 -1.23e-06 -0.000142   8.7e-06  0.000152   0.00015  -0.00055 -1.53e-05 -1.58e-05 -0.000563 -0.000801 -0.000267 -0.000117 -0.000325  -0.00049 -4.38e-05 -0.000206  -0.00024 -6.35e-05 -0.000146  -0.00014 -0.000164  0.000232 -9.94e-05  -9.7e-05 -8.94e-05 -7.34e-05  -0.00126  -0.00126 -0.000303 -0.000107 -4.09e-06 -3.84e-06 -1.68e-07 -1.44e-08 -2.52e-09  -0.00035 -0.000166    -2e-05 -5.94e-07 -0.000412 -5.59e-05 -2.88e-05 -7.12e-06 -0.000121 -0.000151 -9.29e-05  1.22e-05 -0.000119 -2.31e-05  0.000374 -4.95e-05  9.12e-05 -4.41e-05  0.000208 -0.000187 -2.19e-05  -0.00151 -0.000471  -0.00106 -0.000152 -1.09e-05 -0.000342 -5.94e-05 -1.19e-06  -0.00136 -0.000301 -5.33e-05 -0.000701
 0.000173 -1.14e-05 -5.06e-05 -0.000209 -0.000456 -0.000136 -5.27e-17 -5.27e-17 -4.61e-06 -4.43e-06 -1.02e-17  -7.7e-05 -0.000199 -2.27e-05  -0.00013 -1.69e-05         1 -0.000132 -0.000279 -2.21e-05 -1.83e-06 -0.000432 -8.25e-05 -4.19e-05 -9.12e-05 -0.000136  5.69e-05 -3.84e-05 -0.000142 -1.21e-05 -9.33e-05  1.79e-05  1.28e-05  -1.9e-05 -0.000659 -0.000165 -1.11e-07 -1.82e-05 -2.22e-05  -5.1e-05 -1.54e-06 -0.000178   1.3e-05  0.000199  0.000189 -0.000673 -1.91e-05 -2.23e-05 -0.000733  -0.00105 -0.000349 -0.000148 -0.000419 -0.000634 -5.85e-05 -0.000262 -0.000312    -8e-05 -0.000187 -0.000181 -0.000208  0.000291 -0.000127 -0.000123 -0.000114 -9.28e-05   -0.0016  -0.00159 -0.000387 -0.000135 -5.29e-06 -4.86e-06 -2.09e-07 -1.78e-08 -3.17e-09 -0.000444 -0.000209 -2.56e-05 -6.83e-07 -0.000524 -6.99e-05  -3.6e-05 -8.96e-06 -0.000151 -0.000192 -0.000118  2.89e-05  -0.00015 -2.91e-05  0.000477  -6.3e-05  0.000114 -5.42e-05  0.000262 -0.000245 -2.78e-05  -0.00192 -0.000599  -0.00135 -0.000193 -1.37e-05 -0.000435 -7.53e-05 -1.51e-06  -0.00173 -0.000384 -6.78e-05 -0.000891
  0.00286 -7.37e-05 -0.000313  -0.00126  -0.00283 -0.000849 -3.56e-16 -3.56e-16 -2.54e-05 -2.25e-05 -7.15e-17 -0.000465  -0.00125 -0.000142 -0.000789 -0.000104 -0.000132         1  -0.00174  -0.00017 -1.63e-05   -0.0024 -0.000568  -0.00026  -0.00163 -0.000729  0.000258 -0.000232 -0.000772 -0.000156 -0.000509  7.15e-05   2.9e-05 -0.000122  -0.00435  -0.00109 -6.49e-07 -0.000117 -0.000134 -0.000451 -8.11e-06 -0.000951 -0.000111  0.000654  0.000867  -0.00639 -0.000102 -0.000244  -0.00558  -0.00817  -0.00274  -0.00113  -0.00295  -0.00459 -0.000537  -0.00173  -0.00238 -0.000572  -0.00134  -0.00134  -0.00146   0.00152 -0.000773 -0.000751  -0.00068 -0.000528   -0.0108  -0.00957  -0.00263 -0.000809 -4.38e-05 -2.85e-05 -1.07e-06 -8.77e-08 -1.79e-08  -0.00273   -0.0012  -0.00017 -2.75e-06  -0.00311 -0.000376 -0.000193 -4.85e-05 -0.000814  -0.00115 -0.000692   0.00106 -0.000854  -0.00014   0.00291 -0.000934  0.000673 -0.000243   0.00117  -0.00213 -0.000178   -0.0112  -0.00353  -0.00786  -0.00113 -7.58e-05  -0.00253 -0.000433 -8.81e-06   -0.0101  -0.00228 -0.000406  -0.00553
  0.00611 -0.000159 -0.000663  -0.00267  -0.00601   -0.0018 -7.57e-16 -7.57e-16 -5.49e-05 -4.98e-05 -1.41e-16 -0.000985  -0.00264 -0.000301  -0.00167  -0.00022 -0.000279  -0.00174         1 -0.000301 -2.69e-05  -0.00488  -0.00108 -0.000527  -0.00313  -0.00149  0.000669 -0.000461  -0.00161 -0.000326  -0.00106  0.000198  0.000116 -0.000225  -0.00909  -0.00213 -1.39e-06 -0.000249 -0.000283 -0.000945  -1.7e-05  -0.00199 -0.000293    0.0012   0.00203    -0.014 -0.000214 -0.000616    -0.012   -0.0176  -0.00582  -0.00238  -0.00622  -0.00979   -0.0012  -0.00367  -0.00509  -0.00124  -0.00284   -0.0028   -0.0031   0.00323  -0.00166  -0.00159  -0.00145  -0.00111    -0.023   -0.0202  -0.00556  -0.00171 -9.46e-05 -6.05e-05 -2.36e-06 -1.83e-07 -3.79e-08  -0.00589  -0.00255  -0.00036 -8.02e-06  -0.00671 -0.000816 -0.000411 -0.000103  -0.00172  -0.00246  -0.00147   0.00204   -0.0018 -0.000368   0.00568  -0.00154   0.00095 -0.000745   0.00284  -0.00477 -0.000376   -0.0236  -0.00754   -0.0167   -0.0024 -0.000159   -0.0054 -0.000922 -1.91e-05   -0.0216  -0.00487 -0.000876   -0.0117
  0.00107  0.000126 -5.77e-05 -0.000305 -0.000495 -9.26e-05  9.57e-17  9.57e-17  5.28e-05   8.6e-05  -7.2e-16 -0.000126 -0.000224 -2.74e-05 -0.000177 -1.78e-05 -2.21e-05  -0.00017 -0.000301         1 -0.000466  -0.00942  -0.00743  -0.00136   -0.0275  -0.00216   -0.0065  -0.00149 -0.000798  -0.00121   -0.0008  -0.00257  -0.00274  -0.00168    -0.012   -0.0103  5.52e-07 -0.000126  2.28e-05  -0.00241 -1.61e-06 -0.000553  -0.00137  -0.00245   -0.0133  -0.00519 -5.32e-05   0.00141   0.00292  0.000911  -0.00232 -0.000204  -0.00154  0.000679    0.0013  0.000776   0.00106   0.00095  0.000211  -0.00188 -0.000317  -0.00405  0.000631 -0.000409  0.000147 -0.000265   0.00103  -0.00408   -0.0019 -0.000146  -9.8e-06  1.01e-05  3.97e-06 -1.43e-08  7.97e-09   0.00407  2.63e-05 -0.000122  9.89e-05   0.00373  0.000941  0.000155  2.11e-05  1.49e-05  0.000356  0.000185   -0.0279  0.000106   0.00215     0.016   -0.0227    0.0155   0.00828   -0.0197    0.0053 -7.61e-05  0.000654   0.00187 -0.000378  0.000319 -5.21e-05  0.000593  0.000143  2.09e-05   0.00259  0.000605  0.000477 -0.000841
  0.00146  1.72e-05   5.9e-06 -3.37e-05 -4.67e-05 -5.17e-06  2.02e-17  2.02e-17  7.26e-06  2.01e-05 -9.35e-17 -1.33e-05 -2.18e-05 -2.49e-06 -1.87e-05 -1.46e-06 -1.83e-06 -1.63e-05 -2.69e-05 -0.000466         1  -0.00129  -0.00105 -0.000177  -0.00342 -0.000273 -0.000997 -0.000221 -9.27e-05 -0.000109 -0.000102 -0.000373 -0.000414 -0.000233  -0.00146  -0.00152  9.18e-08 -9.73e-06    -1e-05 -0.000236 -7.06e-07 -4.51e-05 -8.04e-05 -3.36e-05  -0.00213   0.00107 -7.56e-06  0.000159 -8.99e-05 -0.000768 -0.000666  5.93e-05  -0.00034 -0.000295  7.19e-05  0.000154 -0.000135  0.000202 -4.49e-06 -0.000356  8.67e-05 -0.000861  5.53e-05 -7.71e-05  3.34e-05 -4.33e-05   0.00116 -0.000659  -0.00026  6.79e-06 -1.11e-06  2.38e-06  3.94e-07 -7.18e-09  1.32e-09  0.000644  2.58e-05 -1.78e-05  1.75e-05  0.000536  0.000173   3.2e-05  3.27e-06  2.67e-06   5.2e-05  2.79e-05  -0.00542 -6.34e-05  9.52e-05   0.00159   -0.0037   0.00108   0.00105  -0.00334  0.000271 -1.51e-05  0.000146  0.000268 -3.48e-05  5.99e-05 -1.64e-06   9.2e-05  3.52e-05  2.91e-06  0.000293  3.89e-05  8.35e-05 -7.97e-05
   0.0162  0.000248 -0.000892  -0.00515  -0.00834  -0.00221 -1.37e-16 -1.37e-16 -3.47e-05  5.37e-05 -1.65e-15  -0.00186  -0.00348 -0.000404  -0.00298 -0.000344 -0.000432   -0.0024  -0.00488  -0.00942  -0.00129         1   -0.0219  -0.00511   -0.0613   -0.0129   -0.0155  -0.00542  -0.00833  -0.00156  -0.00557  -0.00586  -0.00706  -0.00545   -0.0448   -0.0338 -1.18e-06 -6.39e-05   -0.0008  -0.00502 -9.79e-05  -0.00998   0.00219    0.0144   -0.0277    0.0206  -0.00106   0.00836    0.0239    0.0293   0.00224  -0.00111  -0.00542   0.00416   0.00817  -0.00397   0.00589   0.00181  -0.00104  -0.00438  -0.00144    0.0028  7.01e-05   -0.0031 -0.000681  -0.00351   -0.0122   -0.0452  -0.00423  -0.00316  0.000157 -9.69e-05 -4.84e-06    -2e-06 -1.35e-07   0.00698  -0.00597 -0.000331  0.000175   0.00286 -0.000317  -0.00142 -0.000354  -0.00801 -0.000972  -0.00167    -0.104  -0.00762   0.00261    0.0533   -0.0608    0.0446    0.0206   -0.0497    0.0296 -0.000759   -0.0421  -0.00394   -0.0245  -0.00319 -0.000555  -0.00636  -0.00132   1.9e-05   -0.0245  -0.00351  0.000795   -0.0155
   0.0157  0.000261 -0.000127  -0.00105   -0.0018 -0.000413  1.19e-16  1.19e-16  9.33e-05  0.000204 -1.49e-15 -0.000406 -0.000789 -9.29e-05 -0.000611  -6.6e-05 -8.25e-05 -0.000568  -0.00108  -0.00743  -0.00105   -0.0219         1  -0.00303   -0.0581   -0.0051   -0.0141  -0.00338  -0.00216  -0.00232  -0.00194  -0.00544    -0.006  -0.00368   -0.0271   -0.0231  1.02e-06 -0.000192 -0.000104   -0.0049 -1.44e-05  -0.00178  -0.00207  -0.00258   -0.0285  -0.00635 -0.000201   0.00379   0.00528  0.000144  -0.00582 -0.000881  -0.00456 -0.000647   0.00281  0.000803  0.000939    0.0019 -0.000366  -0.00461 -0.000818    -0.008   0.00108  -0.00113   0.00032 -0.000837  0.000513   -0.0121  -0.00432 -0.000525 -1.34e-05  1.14e-05  6.42e-06  -2.4e-07  3.12e-09   0.00865 -0.000393 -0.000261  0.000213   0.00765   0.00189  0.000185  1.36e-05 -0.000671  0.000731  0.000252   -0.0599  -0.00082   0.00375    0.0336   -0.0518    0.0303    0.0175   -0.0445    0.0108 -0.000276  -0.00176   0.00362  -0.00196  0.000454 -0.000115  0.000882  0.000267  4.11e-05    0.0035  0.000944   0.00109  -0.00313
 -0.00607  3.93e-05  -7.9e-05 -0.000478 -0.000881 -0.000241 -4.46e-17 -4.46e-17  4.56e-06  1.73e-05 -2.59e-16 -0.000175 -0.000376 -4.36e-05 -0.000281 -3.35e-05 -4.19e-05  -0.00026 -0.000527  -0.00136 -0.000177  -0.00511  -0.00303         1   -0.0115  -0.00133  -0.00228 -0.000675 -0.000748 -0.000475  -0.00053  -0.00088  -0.00103 -0.000717  -0.00656  -0.00457  1.45e-08 -1.82e-05 -6.97e-05   -0.0011 -7.88e-06 -0.000827 -0.000414 -0.000362  -0.00437  -0.00496 -9.06e-05  0.000974   0.00181   0.00155 -0.000446 -0.000623  -0.00106 -8.45e-05  0.000798 -0.000494  0.000308  5.07e-05 -0.000385 -0.000826  -0.00061 -0.000266  0.000115 -0.000297 -6.12e-06 -0.000297  -0.00392  -0.00412 -0.000929 -0.000307 -1.74e-06  -7.2e-06  2.26e-07 -1.69e-07 -9.79e-09   0.00115  -0.00044 -4.83e-05  2.49e-05  0.000974  0.000103 -9.67e-05 -2.17e-05 -0.000598  6.92e-05 -6.77e-05     -0.01 -0.000571  0.000654   0.00701  -0.00911   0.00648   0.00301  -0.00737   0.00282 -9.64e-05  -0.00261  0.000245  -0.00134 -0.000139 -4.52e-05  -0.00021 -5.02e-05  4.71e-06 -0.000767  9.45e-06  0.000161  -0.00158
    0.056   0.00111  0.000739 -0.000671  -0.00486  -0.00155 -1.73e-16 -1.73e-16  0.000292  0.000503 -5.85e-15 -0.000215  -0.00229 -0.000262 -0.000451 -8.01e-05 -9.12e-05  -0.00163  -0.00313   -0.0275  -0.00342   -0.0613   -0.0581   -0.0115         1   -0.0123   -0.0459   -0.0104  -0.00265   -0.0178   -0.0031    -0.018     -0.02   -0.0123    -0.144   -0.0869  6.04e-06  -0.00025 -0.000203   -0.0355 -1.14e-06 -5.06e-05    -0.038    -0.104    -0.104     -0.38 -0.000233   0.00845    0.0123   -0.0136   -0.0161   -0.0221   -0.0149  -0.00198   0.00592  -0.00151   0.00238  -0.00451  -0.00995   -0.0148   -0.0207   -0.0296   0.00563 -0.000469   0.00283  0.000275    -0.124  -0.00302   -0.0209  -0.00107 -0.000651  6.96e-05  2.11e-05 -6.16e-07  6.88e-08    0.0284   0.00403 -0.000384  0.000366    0.0373   0.00519  0.000754  0.000323   0.00302   0.00942   0.00419     -0.18   0.00332    0.0145    0.0832    -0.188    0.0992    0.0479    -0.153    0.0114  -0.00123    0.0608    0.0311    0.0457   0.00781  0.000137    0.0181   0.00324  0.000142    0.0725    0.0174     0.005  -0.00609
   0.0284  5.22e-05 -0.000296  -0.00163  -0.00257 -0.000684 -4.13e-17 -4.13e-17  -2.8e-05 -2.45e-05 -3.48e-16 -0.000587  -0.00106 -0.000123 -0.000942 -0.000109 -0.000136 -0.000729  -0.00149  -0.00216 -0.000273   -0.0129   -0.0051  -0.00133   -0.0123         1  -0.00311  -0.00136  -0.00266 -0.000201  -0.00169  -0.00117  -0.00148  -0.00134   -0.0115  -0.00812 -5.93e-07  6.59e-06 -0.000248  -0.00102 -3.23e-05  -0.00333   0.00108    0.0054  -0.00479   0.00764  -0.00035   0.00248   0.00908    0.0127   0.00258 -0.000186 -0.000699   0.00263    0.0027  -0.00143   0.00264  0.000325 -0.000106  -0.00052 -0.000375    0.0027  -8.5e-05 -0.000872 -0.000294  -0.00111  -0.00461   -0.0137 -0.000576  -0.00105   6.6e-05  -3.7e-05 -2.63e-06 -6.71e-07 -4.87e-08    0.0011  -0.00208 -5.98e-05   2.3e-05  -0.00017 -0.000479 -0.000554 -0.000129  -0.00276 -0.000436 -0.000625   -0.0261  -0.00248  0.000544    0.0141   -0.0123    0.0122   0.00458   -0.0096   0.00972 -0.000209   -0.0146  -0.00194  -0.00833  -0.00121 -0.000186  -0.00238 -0.000526  2.74e-07  -0.00904   -0.0013  9.73e-05  -0.00479
   0.0401  0.000257    0.0001  0.000402   0.00112  0.000454  2.09e-16  2.09e-16  0.000146  0.000294 -1.25e-15  0.000111  0.000448  4.91e-05  0.000269  4.52e-05  5.69e-05  0.000258  0.000669   -0.0065 -0.000997   -0.0155   -0.0141  -0.00228   -0.0459  -0.00311         1  -0.00286 -0.000473   -0.0015  -0.00086  -0.00543  -0.00603  -0.00323   -0.0161   -0.0192  1.77e-06 -0.000129  5.89e-05  -0.00297   4.8e-06   0.00038  0.000294   0.00322   -0.0287    0.0222  4.81e-05   0.00352 -3.48e-05  -0.00794  -0.00919  0.000278  -0.00522  -0.00334   0.00172   0.00174  -0.00168   0.00278 -1.05e-05  -0.00528   0.00105   -0.0112   0.00166   -0.0005   0.00109 -7.83e-05    0.0164  -0.00196  -0.00286    0.0006 -8.16e-06  5.31e-05  9.39e-06  1.02e-07  3.46e-08    0.0112   0.00129 -0.000232  0.000257    0.0104   0.00288  0.000676  0.000109  0.000978    0.0015  0.000981   -0.0422   0.00021   0.00385    0.0312   -0.0506     0.027    0.0187   -0.0463   0.00857 -0.000111    0.0102   0.00688   0.00574   0.00161  2.06e-05   0.00349  0.000822  5.18e-05    0.0132   0.00267   0.00144   0.00244
  0.00466   4.6e-05 -6.97e-05 -0.000457 -0.000779 -0.000198 -2.01e-17 -2.01e-17  1.13e-05  4.19e-05 -2.87e-16 -0.000171 -0.000333 -3.86e-05 -0.000267 -3.05e-05 -3.84e-05 -0.000232 -0.000461  -0.00149 -0.000221  -0.00542  -0.00338 -0.000675   -0.0104  -0.00136  -0.00286         1 -0.000725 -0.000309  -0.00056  -0.00108  -0.00125 -0.000796  -0.00572  -0.00497  7.74e-08 -2.78e-05    -7e-05 -0.000772 -7.48e-06 -0.000748   0.00021   0.00151   -0.0054   0.00321 -8.37e-05    0.0012   0.00127  0.000451  -0.00122  -0.00023  -0.00136 -0.000588  0.000769 -0.000217 -2.12e-05   0.00039 -0.000267  -0.00111 -0.000177 -0.000917  0.000109 -0.000373  1.01e-05 -0.000327 -0.000374  -0.00447 -0.000977 -0.000257  7.38e-06 -4.08e-06     7e-07 -1.28e-07  -6.3e-09    0.0016  -0.00039 -6.44e-05  4.49e-05   0.00119  0.000296 -3.82e-05 -1.49e-05 -0.000506  7.27e-06 -7.19e-05   -0.0106 -0.000583  0.000684   0.00807    -0.011   0.00659   0.00381  -0.00927   0.00291 -9.61e-05   -0.0029  0.000233  -0.00181 -0.000133 -4.14e-05 -0.000258 -2.34e-05  6.77e-06   -0.0011 -0.000142  0.000201  -0.00142
 -0.00884 -3.48e-06 -0.000286   -0.0016  -0.00275 -0.000769 -8.56e-17 -8.56e-17 -4.95e-05  -5.7e-05 -1.31e-16 -0.000575  -0.00114 -0.000132 -0.000946 -0.000113 -0.000142 -0.000772  -0.00161 -0.000798 -9.27e-05  -0.00833  -0.00216 -0.000748  -0.00265  -0.00266 -0.000473 -0.000725         1  0.000104  -0.00135 -0.000156 -0.000287 -0.000601   -0.0072  -0.00393 -8.47e-07  -9.9e-06 -0.000232 -0.000312 -2.77e-05  -0.00283  0.000869    0.0041  0.000252   0.00418 -0.000306   0.00143   0.00622   0.00968   0.00282 -7.47e-05 -0.000128   0.00189   0.00172  -0.00131   0.00203 -7.54e-05 -0.000146  0.000183 -0.000469   0.00372 -0.000542 -0.000821 -0.000596    -0.001  -0.00622   -0.0127 -0.000569  -0.00109  5.17e-05 -4.23e-05 -3.58e-06 -5.15e-07 -4.37e-08  -0.00135  -0.00207 -4.43e-05 -1.23e-05  -0.00246 -0.000825 -0.000549 -0.000124  -0.00239 -0.000895 -0.000822   -0.0159  -0.00207 -0.000286   0.00656  -0.00296   0.00472  0.000721 -0.000897   0.00558  -0.00018   -0.0157  -0.00352  -0.00966  -0.00145 -0.000163  -0.00308 -0.000626 -9.06e-06   -0.0119  -0.00211 -0.000235  -0.00527
  -0.0161  3.35e-05  1.87e-06 -3.75e-05  -0.00049 -0.000174 -5.06e-17 -5.06e-17  1.25e-05 -4.61e-06 -2.93e-16 -1.28e-05 -0.000235 -2.68e-05 -4.15e-05 -9.92e-06 -1.21e-05 -0.000156 -0.000326  -0.00121 -0.000109  -0.00156  -0.00232 -0.000475   -0.0178 -0.000201   -0.0015 -0.000309  0.000104         1 -6.57e-06 -0.000663 -0.000633 -0.000432  -0.00786  -0.00336  2.28e-07 -6.63e-05  3.59e-05   -0.0023     5e-06  0.000291  -0.00325  -0.00924  -0.00415   -0.0321  2.45e-05 -0.000623 -0.000987   -0.0028  -0.00083  -0.00144 -0.000491 -0.000197 -0.000216 -6.47e-05  9.53e-05 -0.000598 -0.000538 -0.000505  -0.00162  -0.00156  0.000179  3.12e-05 -3.62e-05  0.000124   -0.0103  0.000441  -0.00153 -9.33e-05 -6.44e-05   2.4e-06  1.31e-06  6.25e-08  7.22e-09  0.000253  0.000275  -3.9e-05 -1.57e-06   0.00102  0.000113  6.03e-05  2.39e-05  0.000452  0.000298   0.00016   -0.0104  0.000632  0.000706   0.00161  -0.00605   0.00369  0.000958  -0.00438  -0.00144 -3.84e-05   0.00346     0.001   0.00202  0.000342  7.89e-06  0.000696  0.000107  4.54e-06   0.00303  0.000647  8.07e-05 -0.000832
   -0.002   1.3e-05 -0.000175  -0.00104  -0.00181   -0.0005  1.11e-18  1.11e-18 -2.61e-05 -2.37e-05 -1.83e-16 -0.000379 -0.000755 -8.72e-05  -0.00062 -7.41e-05 -9.33e-05 -0.000509  -0.00106   -0.0008 -0.000102  -0.00557  -0.00194  -0.00053   -0.0031  -0.00169  -0.00086  -0.00056  -0.00135 -6.57e-06         1 -0.000332 -0.000344 -0.000471  -0.00492  -0.00312 -4.92e-07 -5.58e-05 -0.000118 -0.000281 -1.52e-05  -0.00168  0.000363   0.00207  -0.00102   0.00372 -0.000185  0.000911   0.00417   0.00617   0.00161  0.000326  0.000168   0.00169   0.00108 -0.000183   0.00172  0.000217   0.00024  0.000125 -0.000107   0.00167 -0.000388 -0.000611 -0.000505  -0.00067  -0.00214  -0.00848 -0.000668 -0.000726  3.59e-05 -2.56e-05 -1.39e-06 -2.17e-07 -2.03e-08  -0.00082  -0.00128 -4.49e-05  8.11e-06  -0.00166 -0.000393 -0.000282 -6.75e-05  -0.00127 -0.000742  -0.00058   -0.0125 -0.000976  7.18e-05   0.00507  -0.00336   0.00371  0.000999   -0.0016   0.00341 -0.000103   -0.0105   -0.0026  -0.00723 -0.000955 -0.000109  -0.00221 -0.000408 -3.93e-06  -0.00849  -0.00165 -0.000186  -0.00353
   0.0156  9.25e-05 -8.93e-07   0.00013  0.000346  0.000149  6.81e-17  6.81e-17  6.01e-05  0.000104 -5.03e-16  3.05e-05   0.00013  1.38e-05  8.38e-05  1.43e-05  1.79e-05  7.15e-05  0.000198  -0.00257 -0.000373  -0.00586  -0.00544  -0.00088    -0.018  -0.00117  -0.00543  -0.00108 -0.000156 -0.000663 -0.000332         1   -0.0023  -0.00125  -0.00625  -0.00723  6.53e-07 -8.65e-05  5.37e-05  -0.00125  4.03e-06  0.000191 -9.93e-05  0.000713    -0.011   0.00721  3.17e-05   0.00107 -0.000315  -0.00339  -0.00361  0.000161  -0.00196  -0.00116  0.000608  0.000724 -0.000509   0.00108  0.000117  -0.00201  0.000332  -0.00437  0.000643 -0.000204  0.000348 -1.36e-05   0.00599   -0.0009  -0.00128   0.00021 -9.31e-06  2.05e-05  4.12e-06  8.32e-08  1.49e-08   0.00407  0.000486  -0.00011  9.89e-05   0.00377   0.00111   0.00028  4.44e-05  0.000466  0.000457  0.000343   -0.0169  0.000265   0.00171    0.0126   -0.0187    0.0114   0.00731   -0.0171   0.00336 -2.64e-05   0.00353   0.00237   0.00161  0.000555 -1.67e-06   0.00116  0.000275  2.02e-05   0.00451   0.00087  0.000492  0.000738
   0.0127  9.13e-05 -1.37e-05   6.3e-05  0.000213  0.000111  -5.2e-17  -5.2e-17  6.24e-05  0.000126 -4.82e-16   7.8e-06  7.23e-05  7.45e-06  5.04e-05  1.03e-05  1.28e-05   2.9e-05  0.000116  -0.00274 -0.000414  -0.00706    -0.006  -0.00103     -0.02  -0.00148  -0.00603  -0.00125 -0.000287 -0.000633 -0.000344   -0.0023         1  -0.00143  -0.00742   -0.0083  7.16e-07 -2.46e-05 -1.37e-05  -0.00131 -2.78e-07  1.07e-05  0.000576   0.00287   -0.0119   0.00916  1.15e-05   0.00186  -0.00146  -0.00542  -0.00481 -0.000631  -0.00351  -0.00317  0.000768 -0.000316  -0.00186  0.000878 -0.000713  -0.00286 -5.93e-05  -0.00405  0.000756 -0.000229  0.000592 -4.71e-05   0.00341  -0.00154   -0.0015  0.000213 -1.52e-05  1.99e-05  3.69e-06 -5.85e-08   7.1e-09   0.00493  0.000447 -0.000122  0.000105   0.00473    0.0012  0.000238  3.81e-05  0.000157  0.000761  0.000457   -0.0113 -0.000315    0.0018    0.0153   -0.0225    0.0133   0.00865   -0.0205   0.00416 -9.65e-05   0.00414   0.00332   0.00312  0.000674     9e-06    0.0017  0.000364  2.18e-05   0.00636    0.0014  0.000676  0.000631
  0.00514  5.43e-05 -5.56e-05 -0.000261  -0.00038 -7.98e-05 -4.61e-18 -4.61e-18  2.24e-05  4.46e-05 -3.05e-16   -0.0001 -0.000164 -1.96e-05 -0.000146 -1.52e-05  -1.9e-05 -0.000122 -0.000225  -0.00168 -0.000233  -0.00545  -0.00368 -0.000717   -0.0123  -0.00134  -0.00323 -0.000796 -0.000601 -0.000432 -0.000471  -0.00125  -0.00143         1  -0.00591  -0.00526  2.11e-07 -2.45e-05 -3.63e-05 -0.000967 -5.09e-06 -0.000577  1.37e-05  0.000965  -0.00628   0.00205 -5.65e-05   0.00107   0.00142   0.00051  -0.00133  -0.00027  -0.00132 -0.000368  0.000823 -0.000195  4.68e-05  0.000431 -0.000191  -0.00118  -0.00015  -0.00144  0.000319 -0.000246   0.00016  -0.00021  0.000271  -0.00302 -0.000801 -0.000109  2.35e-06  2.13e-06  1.27e-06 -1.25e-07 -4.19e-09   0.00224 -0.000163 -6.18e-05  4.81e-05   0.00197  0.000419  8.59e-06 -5.13e-06 -0.000366  0.000235  7.99e-05   -0.0123 -0.000442  0.000924    0.0089   -0.0119   0.00806   0.00444   -0.0105   0.00346 -6.91e-05 -0.000678   0.00103 -0.000241  8.24e-05 -3.29e-05  0.000272  5.28e-05  9.67e-06   0.00108  0.000351   0.00029 -0.000622
  -0.0236  0.000216 -0.000944  -0.00665   -0.0149  -0.00447 -1.18e-15 -1.18e-15 -9.01e-05 -3.93e-05 -2.58e-15  -0.00237  -0.00649 -0.000741  -0.00406 -0.000525 -0.000659  -0.00435  -0.00909    -0.012  -0.00146   -0.0448   -0.0271  -0.00656    -0.144   -0.0115   -0.0161  -0.00572   -0.0072  -0.00786  -0.00492  -0.00625  -0.00742  -0.00591         1   -0.0439 -1.11e-06 -0.000289 -0.000997   -0.0172 -8.18e-05  -0.00808    -0.017   -0.0419   -0.0355    -0.197 -0.000998   0.00379   0.00205  -0.00834  -0.00604   -0.0134   -0.0126  -0.00878   0.00347  -0.00843  -0.00137  -0.00481  -0.00858  -0.00792   -0.0143  0.000225   -0.0011  -0.00344   -0.0018  -0.00308    -0.101    -0.049   -0.0159  -0.00468 -0.000324 -0.000138 -5.76e-06 -1.74e-06 -1.19e-07 -0.000384  -0.00555 -0.000568  2.82e-05  0.000922  -0.00129  -0.00151 -0.000272  -0.00598 -0.000518  -0.00166    -0.114  -0.00539   0.00267      0.04   -0.0768    0.0388    0.0137   -0.0541   0.00454  -0.00134   -0.0323  -0.00335   -0.0176  -0.00243 -0.000423  -0.00487  -0.00104  3.69e-06   -0.0187  -0.00255  0.000412   -0.0275
   0.0276  0.000378 -9.32e-05  -0.00206  -0.00362 -0.000919  1.25e-16  1.25e-16  7.87e-05  0.000267 -2.02e-15 -0.000748  -0.00155 -0.000179  -0.00118 -0.000132 -0.000165  -0.00109  -0.00213   -0.0103  -0.00152   -0.0338   -0.0231  -0.00457   -0.0869  -0.00812   -0.0192  -0.00497  -0.00393  -0.00336  -0.00312  -0.00723   -0.0083  -0.00526   -0.0439         1  1.16e-06 -7.93e-05 -0.000416  -0.00759 -4.19e-05  -0.00379  -0.00374  -0.00597   -0.0394   -0.0247  -0.00047   0.00613   0.00997   0.00352  -0.00642  -0.00259  -0.00653  -0.00118   0.00435 -0.000202   0.00117   0.00181  -0.00172  -0.00625  -0.00211   -0.0093   0.00116  -0.00175  0.000493  -0.00156  -0.00859   -0.0208  -0.00583  -0.00114 -1.43e-05 -5.47e-06  3.85e-06 -8.29e-07 -2.59e-08    0.0116   -0.0013 -0.000269  0.000255    0.0104     0.002 -0.000139 -5.12e-05  -0.00237    0.0014  0.000221   -0.0946  -0.00286   0.00342    0.0419   -0.0754    0.0359    0.0219   -0.0641    0.0143  -0.00056  -0.00533   0.00511  -0.00233  0.000461 -0.000169   0.00109  0.000317   4.8e-05   0.00382   0.00148   0.00167  -0.00623
 1.16e-05 -8.16e-08 -2.74e-07 -1.11e-06 -2.29e-06 -6.81e-07 -2.18e-19 -2.18e-19 -3.95e-08 -6.14e-08  9.13e-20 -4.03e-07 -9.87e-07 -1.13e-07 -6.84e-07 -8.79e-08 -1.11e-07 -6.49e-07 -1.39e-06  5.52e-07  9.18e-08 -1.18e-06  1.02e-06  1.45e-08  6.04e-06 -5.93e-07  1.77e-06  7.74e-08 -8.47e-07  2.28e-07 -4.92e-07  6.53e-07  7.16e-07  2.11e-07 -1.11e-06  1.16e-06         1 -7.75e-08 -1.16e-07  2.85e-07 -1.02e-08 -1.18e-06  2.89e-07  1.55e-06  3.91e-06 -6.18e-07 -1.22e-07 -6.47e-07 -2.25e-06 -2.19e-06 -5.12e-08 -2.06e-07 -8.96e-07 -1.76e-06  -2.7e-07 -1.23e-06 -6.92e-07 -4.43e-07 -5.01e-07 -2.85e-08 -6.66e-07  2.58e-06  -7.9e-07 -5.77e-07 -7.04e-07 -5.15e-07 -6.55e-06 -8.25e-06 -1.17e-06 -7.28e-07  -9.2e-09 -2.99e-08 -2.36e-09  -1.5e-10  -2.3e-11  -3.3e-06  -1.3e-06 -9.41e-08 -2.99e-08 -3.87e-06 -6.98e-07 -2.84e-07 -6.91e-08 -1.08e-06 -1.19e-06 -7.41e-07 -2.25e-06 -9.39e-07 -7.57e-07 -1.22e-06  5.76e-06 -2.63e-06  -2.4e-06   6.4e-06 -1.23e-06 -9.99e-08 -1.17e-05 -4.01e-06 -8.16e-06 -1.24e-06 -8.87e-08 -2.81e-06 -5.27e-07 -1.32e-08  -1.1e-05 -2.39e-06 -5.08e-07 -4.54e-06
  0.00295 -1.27e-05  -6.4e-05 -0.000157 -0.000394 -0.000116  -3.3e-17  -3.3e-17  2.99e-06 -1.33e-06 -4.89e-17 -6.24e-05  -0.00018 -2.07e-05 -0.000105 -1.42e-05 -1.82e-05 -0.000117 -0.000249 -0.000126 -9.73e-06 -6.39e-05 -0.000192 -1.82e-05  -0.00025  6.59e-06 -0.000129 -2.78e-05  -9.9e-06 -6.63e-05 -5.58e-05 -8.65e-05 -2.46e-05 -2.45e-05 -0.000289 -7.93e-05 -7.75e-08         1  1.82e-05 -7.36e-05  2.04e-06  3.37e-05 -0.000184 -0.000347 -0.000356 -7.17e-05  8.86e-06 -0.000398  -0.00147  -0.00224 -0.000781  0.000131 -0.000329 -0.000639 -0.000248  9.68e-05 -0.000289  8.16e-05  4.98e-05 -0.000212 -6.02e-05 -0.000378 -0.000126 -0.000136 -0.000181 -4.79e-05 -7.16e-05  -0.00135 -0.000579 -9.21e-05 -1.11e-05 -1.61e-06  5.66e-07  7.24e-08  2.43e-09  -0.00052 -0.000105 -4.83e-05  7.42e-06 -0.000647   3.7e-05  3.38e-05  1.94e-06  0.000102 -0.000318  -0.00013  -0.00224  0.000153  0.000119  0.000577  3.82e-05  0.000344  0.000107  0.000255 -0.000719 -8.34e-07  -0.00174  -0.00082  -0.00183 -0.000195 -1.42e-05  -0.00055 -8.31e-05 -2.32e-07  -0.00211 -0.000571 -0.000116 -0.000837
  0.00325 -9.62e-06 -3.21e-05 -0.000234 -0.000473 -0.000141 -5.99e-17 -5.99e-17 -9.27e-06  -1.6e-06  1.52e-17  -8.2e-05 -0.000202 -2.27e-05  -0.00014 -1.76e-05 -2.22e-05 -0.000134 -0.000283  2.28e-05    -1e-05   -0.0008 -0.000104 -6.97e-05 -0.000203 -0.000248  5.89e-05    -7e-05 -0.000232  3.59e-05 -0.000118  5.37e-05 -1.37e-05 -3.63e-05 -0.000997 -0.000416 -1.16e-07  1.82e-05         1 -2.71e-05 -4.42e-06 -0.000315  0.000149  0.000595  0.000198 -0.000458 -3.91e-05  0.000179 -0.000509 -0.000794 -0.000279 -0.000299 -0.000559  -0.00086  9.87e-06  -0.00049 -0.000497 -0.000148 -0.000373 -0.000233 -0.000236  0.000483 -0.000131 -0.000122 -4.67e-05 -0.000124  -0.00204   -0.0018 -0.000248  -0.00014 -2.21e-06  -6.1e-06 -8.58e-07 -9.21e-08 -7.24e-09 -0.000279 -0.000259 -1.07e-05 -3.86e-06 -0.000356 -0.000111 -7.85e-05 -1.67e-05 -0.000339 -7.96e-05 -9.69e-05 -0.000439 -0.000424 -0.000271  2.15e-05 -0.000705 -0.000665 -0.000191 -0.000371 -0.000184 -4.87e-05  -0.00186 -0.000375 -0.000886 -0.000166 -1.01e-05 -0.000312 -5.65e-05 -2.17e-06  -0.00136 -0.000244 -1.36e-05 -0.000877
  -0.0261  6.76e-05 -2.02e-05 -0.000402  -0.00149 -0.000492 -1.38e-16 -1.38e-16  7.84e-06 -1.57e-05 -5.54e-16 -0.000137 -0.000676  -7.7e-05 -0.000268 -4.13e-05  -5.1e-05 -0.000451 -0.000945  -0.00241 -0.000236  -0.00502   -0.0049   -0.0011   -0.0355  -0.00102  -0.00297 -0.000772 -0.000312   -0.0023 -0.000281  -0.00125  -0.00131 -0.000967   -0.0172  -0.00759  2.85e-07 -7.36e-05 -2.71e-05         1  5.06e-07 -0.000139  -0.00597   -0.0167  -0.00785   -0.0623 -3.69e-05 -0.000538 -0.000406  -0.00319 -0.000952  -0.00318  -0.00126 -0.000409  2.65e-05 -0.000788  0.000261  -0.00135  -0.00143  -0.00104  -0.00339  -0.00189  0.000252 -7.61e-05 -6.92e-05  1.81e-05   -0.0227  -0.00165  -0.00292 -0.000399 -0.000112 -5.44e-06  9.64e-07 -8.05e-08  1.25e-10  0.000483  9.05e-05 -5.98e-05 -1.16e-05   0.00184 -4.68e-06 -4.95e-05  1.37e-05  0.000179  0.000609  0.000202   -0.0216  0.000468   0.00106   0.00396   -0.0132   0.00729   0.00187  -0.00949   -0.0016 -0.000144   0.00408   0.00172   0.00305  0.000457 -7.28e-06   0.00104  0.000131  6.16e-06   0.00453   0.00115    0.0002  -0.00257
-0.000139 -4.87e-09 -1.87e-06 -1.83e-05 -2.96e-05 -8.36e-06 -1.18e-18 -1.18e-18 -8.87e-07 -6.44e-07  7.68e-19 -6.32e-06  -1.2e-05 -1.37e-06 -1.05e-05 -1.23e-06 -1.54e-06 -8.11e-06  -1.7e-05 -1.61e-06 -7.06e-07 -9.79e-05 -1.44e-05 -7.88e-06 -1.14e-06 -3.23e-05   4.8e-06 -7.48e-06 -2.77e-05     5e-06 -1.52e-05  4.03e-06 -2.78e-07 -5.09e-06 -8.18e-05 -4.19e-05 -1.02e-08  2.04e-06 -4.42e-06  5.06e-07         1 -3.78e-05  1.79e-05  6.59e-05  2.52e-05   4.7e-05 -4.41e-06  2.73e-05  9.04e-05  0.000141   4.6e-05 -8.94e-06 -2.42e-06  1.74e-05   2.3e-05 -2.61e-05  1.75e-05 -6.24e-06 -1.06e-05  4.52e-06 -6.92e-06   6.1e-05 -6.69e-06 -7.99e-06 -3.23e-06 -1.23e-05 -0.000101 -0.000141  5.26e-06 -1.23e-05  8.22e-07 -5.57e-07 -7.83e-08 -9.45e-09 -6.95e-10 -1.15e-05 -2.54e-05  6.89e-07 -4.78e-07 -2.23e-05 -1.31e-05 -8.64e-06 -1.79e-06  -3.6e-05 -3.83e-06 -8.05e-06 -0.000132 -3.61e-05 -1.68e-05  3.06e-05 -3.15e-05 -1.54e-06 -1.01e-05 -1.04e-05  6.42e-05 -2.94e-06 -0.000169 -2.82e-05 -7.88e-05 -1.46e-05 -1.54e-06 -2.73e-05 -5.99e-06 -1.63e-07  -0.00011 -1.53e-05 -3.12e-07 -5.43e-05
  -0.0134 -1.72e-05 -0.000359  -0.00203  -0.00341 -0.000958 -1.21e-16 -1.21e-16 -7.43e-05 -9.55e-05 -4.95e-17 -0.000723  -0.00141 -0.000162  -0.00119 -0.000142 -0.000178 -0.000951  -0.00199 -0.000553 -4.51e-05  -0.00998  -0.00178 -0.000827 -5.06e-05  -0.00333   0.00038 -0.000748  -0.00283  0.000291  -0.00168  0.000191  1.07e-05 -0.000577  -0.00808  -0.00379 -1.18e-06  3.37e-05 -0.000315 -0.000139 -3.78e-05         1   0.00136   0.00582   0.00249   0.00508 -0.000408   0.00188   0.00901    0.0146   0.00473 -0.000214  0.000268     0.003   0.00234  -0.00202   0.00289  -0.00033 -0.000238   0.00066 -0.000644   0.00592 -0.000701 -0.000947 -0.000713  -0.00127  -0.00913   -0.0157 -0.000159  -0.00139  7.51e-05 -5.76e-05 -5.59e-06 -7.44e-07 -6.24e-08   -0.0021  -0.00274 -1.87e-05 -3.76e-05  -0.00343  -0.00129 -0.000789 -0.000173  -0.00331  -0.00106  -0.00105   -0.0165  -0.00287 -0.000625   0.00677 -0.000449   0.00486 -0.000142   0.00169   0.00756 -0.000225   -0.0202   -0.0045   -0.0118  -0.00189  -0.00021   -0.0039 -0.000829 -1.48e-05    -0.015  -0.00254 -0.000324   -0.0065
  -0.0249  5.71e-05  0.000264   0.00039 -0.000404 -0.000242   3.9e-16   3.9e-16 -1.46e-05 -0.000119  -5.2e-16   0.00018  -0.00022 -2.28e-05  0.000174   8.7e-06   1.3e-05 -0.000111 -0.000293  -0.00137 -8.04e-05   0.00219  -0.00207 -0.000414    -0.038   0.00108  0.000294   0.00021  0.000869  -0.00325  0.000363 -9.93e-05  0.000576  1.37e-05    -0.017  -0.00374  2.89e-07 -0.000184  0.000149  -0.00597  1.79e-05   0.00136         1   -0.0382  -0.00642    -0.107  9.22e-05  -0.00681 -0.000948  -0.00436   0.00258  -0.00119   0.00532   0.00534  -0.00249   0.00312   0.00364   -0.0015  0.000964   0.00251  -0.00265  -0.00652  -0.00025   0.00047 -0.000734  0.000588   -0.0181    0.0056  -0.00188  7.06e-05  -0.00018   1.1e-05 -8.32e-07  2.81e-07  2.75e-08  -0.00339   0.00104  6.76e-05 -9.32e-05  -0.00137  -0.00054  0.000116  4.29e-05   0.00164  0.000291  0.000171   -0.0784    0.0025  -0.00227   -0.0238   0.00209    -0.016  -0.00922   0.00267   -0.0136  0.000144    0.0109 -0.000164   0.00398  0.000805  4.67e-05  0.000588  5.75e-05 -5.36e-06   0.00339  0.000299  -0.00036 -0.000923
  -0.0537  0.000254   0.00131   0.00279   0.00215  0.000245  1.55e-15  1.55e-15 -4.74e-05 -0.000337 -1.29e-15   0.00114   0.00083  0.000103   0.00152  0.000152  0.000199  0.000654    0.0012  -0.00245 -3.36e-05    0.0144  -0.00258 -0.000362    -0.104    0.0054   0.00322   0.00151    0.0041  -0.00924   0.00207  0.000713   0.00287  0.000965   -0.0419  -0.00597  1.55e-06 -0.000347  0.000595   -0.0167  6.59e-05   0.00582   -0.0382         1   -0.0139    -0.322  0.000418   -0.0187   0.00467 -0.000591    0.0129  -0.00311    0.0201     0.022  -0.00695    0.0115     0.014  -0.00464   0.00394      0.01  -0.00703   -0.0182 -0.000201   0.00245  -0.00154   0.00248   -0.0489    0.0309  -0.00243  0.000991 -0.000474  5.54e-05 -1.89e-06  1.17e-06  1.15e-07  -0.00875   0.00466   0.00051 -0.000313  -0.00161  -0.00156  0.000552  0.000212   0.00646   0.00221   0.00127    -0.197   0.00921  -0.00645   -0.0788    0.0144   -0.0524   -0.0299    0.0151   -0.0404  0.000596    0.0467   0.00338    0.0224   0.00381  0.000287   0.00497   0.00078  -1.4e-05    0.0227   0.00372 -0.000752   0.00387
   0.0948  0.000475  0.000408   0.00169   0.00345   0.00121  8.24e-16  8.24e-16  0.000318  0.000572 -2.56e-15  0.000579   0.00136  0.000155   0.00104   0.00015  0.000189  0.000867   0.00203   -0.0133  -0.00213   -0.0277   -0.0285  -0.00437    -0.104  -0.00479   -0.0287   -0.0054  0.000252  -0.00415  -0.00102    -0.011   -0.0119  -0.00628   -0.0355   -0.0394  3.91e-06 -0.000356  0.000198  -0.00785  2.52e-05   0.00249  -0.00642   -0.0139         1     0.011  0.000274  -0.00135   -0.0109   -0.0355   -0.0225    0.0027  -0.00783  -0.00861 -0.000573   0.00636  -0.00523   0.00619   0.00138  -0.00993   0.00364   -0.0333   0.00306 -0.000643   0.00202  0.000515    0.0466   0.00126   -0.0057   0.00223 -0.000153  0.000149   1.7e-05  3.01e-07  8.74e-08    0.0213   0.00397 -0.000507  0.000497    0.0199   0.00616   0.00171  0.000246   0.00314   0.00308   0.00225    -0.185   0.00112   0.00276    0.0342   -0.0995    0.0266    0.0288   -0.0959    0.0013  3.19e-05    0.0306    0.0136    0.0146   0.00398  0.000125   0.00742   0.00177  0.000102     0.028   0.00479   0.00274   0.00678
   -0.288  0.000154   0.00116  -0.00355   -0.0221  -0.00822 -2.65e-15 -2.65e-15 -0.000563   -0.0014 -2.98e-15 -0.000936  -0.00994  -0.00111  -0.00274  -0.00055 -0.000673  -0.00639    -0.014  -0.00519   0.00107    0.0206  -0.00635  -0.00496     -0.38   0.00764    0.0222   0.00321   0.00418   -0.0321   0.00372   0.00721   0.00916   0.00205    -0.197   -0.0247 -6.18e-07 -7.17e-05 -0.000458   -0.0623   4.7e-05   0.00508    -0.107    -0.322     0.011         1 -0.000145   -0.0231   -0.0116   -0.0254    0.0284   -0.0582   0.00839   0.00975   -0.0119   -0.0153    0.0101   -0.0381   -0.0256    0.0103   -0.0634    0.0164  -0.00312   0.00387  -0.00459   0.00349    -0.467    0.0274    -0.033  -0.00703  -0.00193 -0.000256 -2.51e-05 -1.28e-07 -1.81e-09   -0.0427   0.00209  0.000837  -0.00147   -0.0105   -0.0124  -0.00274  0.000139   0.00652   0.00746   0.00143   -0.0468    0.0139  -0.00176    -0.121    0.0226   -0.0415   -0.0679    0.0676   -0.0924  -0.00174    0.0764   0.00975    0.0631   0.00569  0.000518    0.0129  0.000999 -0.000136    0.0581    0.0154  -0.00233   -0.0382
 -0.00122  1.73e-06 -2.49e-05 -0.000219  -0.00037 -0.000105 -3.57e-18 -3.57e-18 -9.75e-06 -9.06e-06 -9.59e-18  -7.7e-05 -0.000151 -1.74e-05 -0.000128 -1.53e-05 -1.91e-05 -0.000102 -0.000214 -5.32e-05 -7.56e-06  -0.00106 -0.000201 -9.06e-05 -0.000233  -0.00035  4.81e-05 -8.37e-05 -0.000306  2.45e-05 -0.000185  3.17e-05  1.15e-05 -5.65e-05 -0.000998  -0.00047 -1.22e-07  8.86e-06 -3.91e-05 -3.69e-05 -4.41e-06 -0.000408  9.22e-05  0.000418  0.000274 -0.000145         1  0.000275   0.00119   0.00187  0.000635 -4.31e-05   0.00011  0.000448  0.000268 -0.000162  0.000393 -5.09e-05 -3.02e-05  0.000119 -8.64e-05  0.000672    -9e-05 -0.000103 -8.13e-05 -0.000144  -0.00117  -0.00165 -6.33e-06  -0.00016  9.38e-06 -6.65e-06 -6.92e-07 -7.87e-08 -6.35e-09 -0.000236 -0.000293  5.17e-06 -4.67e-06 -0.000364  -0.00015 -8.92e-05 -1.83e-05  -0.00035 -9.86e-05 -0.000113  -0.00151 -0.000301 -0.000101  0.000481 -0.000188  0.000245 -0.000108   0.00015  0.000729 -2.83e-05  -0.00212 -0.000465  -0.00121 -0.000191 -2.04e-05 -0.000401 -8.15e-05 -1.79e-06  -0.00156 -0.000258 -2.95e-05 -0.000699
  -0.0756 -0.000264 -0.000332  9.08e-05 -0.000814 -0.000317  2.61e-17  2.61e-17  2.15e-05 -0.000121  2.73e-16  4.67e-05 -0.000468 -5.06e-05 -3.95e-05 -1.58e-05 -2.23e-05 -0.000244 -0.000616   0.00141  0.000159   0.00836   0.00379  0.000974   0.00845   0.00248   0.00352    0.0012   0.00143 -0.000623  0.000911   0.00107   0.00186   0.00107   0.00379   0.00613 -6.47e-07 -0.000398  0.000179 -0.000538  2.73e-05   0.00188  -0.00681   -0.0187  -0.00135   -0.0231  0.000275         1   -0.0245   -0.0377  -0.00852   0.00336  0.000818    -0.008  -0.00669    0.0017  -0.00562  0.000573   0.00153  0.000146   0.00175    -0.011  -0.00124 -0.000126  -0.00119  0.000614    0.0154  -0.00139  -0.00178  0.000766 -0.000218  3.11e-05 -1.86e-06  2.92e-07  8.07e-09   -0.0069  0.000541 -0.000328 -5.08e-05  -0.00752 -6.48e-05  0.000394 -1.01e-05   0.00109  -0.00214 -0.000604    -0.114  0.000705  -0.00627   -0.0357    0.0203   -0.0357   -0.0138    0.0119   -0.0231  0.000354  -0.00171  -0.00659  -0.00801 -0.000844 -5.38e-06  -0.00355 -0.000631  -1.7e-05   -0.0137  -0.00452   -0.0012   -0.0026
   -0.184  -0.00141  -0.00298   -0.0052   -0.0183  -0.00583 -5.42e-15 -5.42e-15  0.000193  0.000379  7.41e-16  -0.00205  -0.00873 -0.000977  -0.00371 -0.000563 -0.000733  -0.00558    -0.012   0.00292 -8.99e-05    0.0239   0.00528   0.00181    0.0123   0.00908 -3.48e-05   0.00127   0.00622 -0.000987   0.00417 -0.000315  -0.00146   0.00142   0.00205   0.00997 -2.25e-06  -0.00147 -0.000509 -0.000406  9.04e-05   0.00901 -0.000948   0.00467   -0.0109   -0.0116   0.00119   -0.0245         1    -0.275   -0.0936   -0.0135   -0.0596    -0.118   -0.0282   -0.0224    -0.076  -0.00446   -0.0225   -0.0324    -0.012   -0.0265  -0.00626  -0.00497  -0.00294  0.000761   -0.0582   -0.0471   -0.0347 -0.000558  -0.00126  1.87e-05  9.09e-06  1.44e-06   8.8e-09   -0.0209 -0.000146  -0.00286   0.00025   -0.0209   0.00409    0.0021  0.000196   0.00461  -0.00903  -0.00264   0.00407  -0.00331  -0.00787   -0.0161    -0.016   -0.0513  -0.00394   -0.0165   -0.0889  -0.00117   -0.0322   -0.0197   -0.0329  -0.00448  0.000276   -0.0107  -0.00103 -3.36e-05   -0.0498   -0.0168  -0.00292   -0.0367
   -0.491  -0.00199  -0.00423  -0.00727   -0.0267  -0.00847 -7.91e-15 -7.91e-15  0.000366  0.000752   4.2e-16  -0.00288   -0.0128  -0.00143  -0.00524 -0.000801  -0.00105  -0.00817   -0.0176  0.000911 -0.000768    0.0293  0.000144   0.00155   -0.0136    0.0127  -0.00794  0.000451   0.00968   -0.0028   0.00617  -0.00339  -0.00542   0.00051  -0.00834   0.00352 -2.19e-06  -0.00224 -0.000794  -0.00319  0.000141    0.0146  -0.00436 -0.000591   -0.0355   -0.0254   0.00187   -0.0377    -0.275         1    -0.148     -0.02   -0.0921    -0.181   -0.0433   -0.0319    -0.117   -0.0053   -0.0341   -0.0516   -0.0174   -0.0503  -0.00878  -0.00763  -0.00381   0.00135   -0.0769   -0.0697   -0.0541 -0.000147  -0.00197  7.12e-05  1.69e-05  2.22e-06  3.98e-08   -0.0257   0.00112  -0.00441  0.000506   -0.0258   0.00786   0.00364   0.00037   0.00798   -0.0125  -0.00326   -0.0517  -0.00481   -0.0123   -0.0211   -0.0538   -0.0771   6.2e-05   -0.0532    -0.138   -0.0018   -0.0375   -0.0254   -0.0435  -0.00536  0.000501   -0.0136 -0.000909 -2.48e-05   -0.0656   -0.0238  -0.00355   -0.0533
  -0.0298 -0.000581  -0.00153  -0.00253  -0.00881  -0.00272 -2.84e-15 -2.84e-15  0.000196  0.000421 -2.94e-16  -0.00103  -0.00424 -0.000476  -0.00179 -0.000267 -0.000349  -0.00274  -0.00582  -0.00232 -0.000666   0.00224  -0.00582 -0.000446   -0.0161   0.00258  -0.00919  -0.00122   0.00282  -0.00083   0.00161  -0.00361  -0.00481  -0.00133  -0.00604  -0.00642 -5.12e-08 -0.000781 -0.000279 -0.000952   4.6e-05   0.00473   0.00258    0.0129   -0.0225    0.0284  0.000635  -0.00852   -0.0936    -0.148         1  -0.00721   -0.0362   -0.0655    -0.013   -0.0117    -0.042 -0.000478   -0.0124   -0.0211  -0.00547   -0.0191  -0.00212  -0.00299 -0.000586  0.000245   -0.0191   -0.0267   -0.0197  5.38e-05 -0.000632  4.01e-05   1.1e-05  7.48e-07  2.09e-08  -0.00281  0.000584  -0.00165  0.000313  -0.00352   0.00411    0.0015  0.000169   0.00272  -0.00364 -0.000716  0.000686  -0.00215 -0.000898    0.0178   -0.0424  -0.00489    0.0124   -0.0394   -0.0379  -0.00075   -0.0117  -0.00529   -0.0132  -0.00136  0.000162  -0.00311     5e-05  1.71e-05   -0.0168  -0.00677 -0.000454   -0.0174
    0.122 -9.77e-05 -0.000312   -0.0012  -0.00376  -0.00123 -1.23e-15 -1.23e-15  -2.6e-05  6.92e-06  2.59e-17 -0.000439  -0.00169 -0.000191  -0.00077 -0.000117 -0.000148  -0.00113  -0.00238 -0.000204  5.93e-05  -0.00111 -0.000881 -0.000623   -0.0221 -0.000186  0.000278  -0.00023 -7.47e-05  -0.00144  0.000326  0.000161 -0.000631  -0.00027   -0.0134  -0.00259 -2.06e-07  0.000131 -0.000299  -0.00318 -8.94e-06 -0.000214  -0.00119  -0.00311    0.0027   -0.0582 -4.31e-05   0.00336   -0.0135     -0.02  -0.00721         1   -0.0105   -0.0143 -0.000519  -0.00777  -0.00889  -0.00396  -0.00691  -0.00484  -0.00727   0.00611 -0.000167 -0.000304  0.000371 -6.64e-05   -0.0514  -0.00545  -0.00549 -0.000968 -0.000179 -3.79e-05  -1.1e-06 -3.59e-07 -3.21e-08  -0.00133 -0.000598 -0.000184 -5.51e-05   0.00116 -0.000431 -0.000317 -2.92e-06  -0.00065  0.000748   0.00015    0.0743  -0.00139    0.0023    0.0138   -0.0104    0.0136   0.00377  -0.00399  -0.00244 -0.000545   4.4e-05    0.0024   0.00546  6.92e-05   5.6e-05   0.00169  0.000228 -6.48e-06    0.0058   0.00184  0.000254  -0.00635
  -0.0895 -0.000437  -0.00143   -0.0036  -0.00976  -0.00297 -2.79e-15 -2.79e-15  6.59e-05  0.000236 -7.35e-17  -0.00139  -0.00448 -0.000506  -0.00233 -0.000325 -0.000419  -0.00295  -0.00622  -0.00154  -0.00034  -0.00542  -0.00456  -0.00106   -0.0149 -0.000699  -0.00522  -0.00136 -0.000128 -0.000491  0.000168  -0.00196  -0.00351  -0.00132   -0.0126  -0.00653 -8.96e-07 -0.000329 -0.000559  -0.00126 -2.42e-06  0.000268   0.00532    0.0201  -0.00783   0.00839   0.00011  0.000818   -0.0596   -0.0921   -0.0362   -0.0105         1   -0.0487  -0.00587   -0.0145   -0.0305  -0.00293   -0.0128   -0.0164  -0.00832  -0.00124  -0.00163  -0.00266 -0.000296 -0.000761   -0.0497   -0.0299   -0.0155  -0.00152 -0.000409 -3.95e-05  3.88e-06  -2.2e-07 -4.87e-08  -0.00281  -0.00188  -0.00115  0.000157  -0.00266   0.00161  0.000222  1.27e-06 -0.000957  -0.00235 -0.000951    0.0766  -0.00425   0.00218     0.034   -0.0335    0.0176    0.0136   -0.0256   -0.0151    -0.001   -0.0214  -0.00384   -0.0118  -0.00205  2.14e-06  -0.00294 -0.000279  2.62e-07   -0.0149  -0.00414 -0.000186   -0.0183
  -0.0911 -0.000919  -0.00224  -0.00512   -0.0152  -0.00473 -4.43e-15 -4.43e-15  9.61e-05  0.000348  4.76e-16  -0.00197  -0.00707 -0.000793  -0.00342  -0.00049 -0.000634  -0.00459  -0.00979  0.000679 -0.000295   0.00416 -0.000647 -8.45e-05  -0.00198   0.00263  -0.00334 -0.000588   0.00189 -0.000197   0.00169  -0.00116  -0.00317 -0.000368  -0.00878  -0.00118 -1.76e-06 -0.000639  -0.00086 -0.000409  1.74e-05     0.003   0.00534     0.022  -0.00861   0.00975  0.000448    -0.008    -0.118    -0.181   -0.0655   -0.0143   -0.0487         1   -0.0156   -0.0218   -0.0557  -0.00445   -0.0201   -0.0261   -0.0113  -0.00978  -0.00396  -0.00411  -0.00111 -0.000513   -0.0638    -0.044   -0.0251  -0.00148   -0.0008 -3.39e-05  2.66e-06 -5.74e-09 -5.95e-08   -0.0102  -0.00195  -0.00197  0.000201   -0.0102   0.00257  0.000751  2.91e-05 -4.72e-05  -0.00504  -0.00179    0.0648  -0.00632  -0.00298    0.0169   -0.0336   -0.0125   0.00769   -0.0278   -0.0474  -0.00137   -0.0311   -0.0103    -0.021  -0.00344  0.000129  -0.00632  -0.00059 -1.97e-05   -0.0312  -0.00959   -0.0011   -0.0292
  -0.0319 -0.000224 -0.000267 -0.000204  -0.00175 -0.000607 -5.26e-16 -5.26e-16  2.25e-05  2.85e-05  2.15e-16 -8.48e-05 -0.000885 -9.67e-05 -0.000222 -4.38e-05 -5.85e-05 -0.000537   -0.0012    0.0013  7.19e-05   0.00817   0.00281  0.000798   0.00592    0.0027   0.00172  0.000769   0.00172 -0.000216   0.00108  0.000608  0.000768  0.000823   0.00347   0.00435  -2.7e-07 -0.000248  9.87e-06  2.65e-05   2.3e-05   0.00234  -0.00249  -0.00695 -0.000573   -0.0119  0.000268  -0.00669   -0.0282   -0.0433    -0.013 -0.000519  -0.00587   -0.0156         1  -0.00125   -0.0104 -0.000431  -0.00209  -0.00323 -0.000751   -0.0067  -0.00119 -0.000439 -0.000657  0.000451  -0.00138  -0.00253  -0.00426  0.000328 -0.000209  1.66e-05  4.91e-07  4.23e-07  1.78e-08  -0.00467  0.000617  -0.00036   8.7e-06  -0.00454  0.000509   0.00046  5.17e-05   0.00153  -0.00148 -0.000355   -0.0247   0.00043  -0.00313   -0.0171   0.00566   -0.0213  -0.00609   0.00331   -0.0197 -1.25e-05 -0.000704  -0.00368  -0.00399 -0.000413  8.86e-05  -0.00165 -0.000127 -1.01e-05  -0.00756  -0.00293 -0.000667  -0.00384
   0.0297 -0.000282 -0.000855  -0.00243  -0.00586  -0.00181 -1.67e-15 -1.67e-15 -3.96e-05 -3.56e-05  4.45e-16 -0.000892  -0.00261 -0.000296  -0.00151 -0.000206 -0.000262  -0.00173  -0.00367  0.000776  0.000154  -0.00397  0.000803 -0.000494  -0.00151  -0.00143   0.00174 -0.000217  -0.00131 -6.47e-05 -0.000183  0.000724 -0.000316 -0.000195  -0.00843 -0.000202 -1.23e-06  9.68e-05  -0.00049 -0.000788 -2.61e-05  -0.00202   0.00312    0.0115   0.00636   -0.0153 -0.000162    0.0017   -0.0224   -0.0319   -0.0117  -0.00777   -0.0145   -0.0218  -0.00125         1   -0.0137  -0.00355  -0.00783  -0.00667  -0.00621    0.0077 -0.000804  -0.00104  8.19e-05 -0.000664   -0.0448   -0.0171  -0.00586  -0.00132 -0.000178  -5.8e-05 -4.58e-06 -8.86e-07 -8.34e-08  -0.00338  -0.00225 -0.000419 -5.56e-05  -0.00258 -0.000802 -0.000631 -0.000123  -0.00291 -0.000633 -0.000606    0.0586  -0.00427  0.000448    0.0154  -0.00416    0.0103   0.00302 -0.000838  -0.00202 -0.000623   -0.0154  -0.00189  -0.00437  -0.00157  -6.9e-05  -0.00164 -0.000451 -1.81e-05  -0.00765  -0.00108 -0.000156   -0.0106
  -0.0599  -0.00058  -0.00123  -0.00233  -0.00779  -0.00246 -2.72e-15 -2.72e-15   7.9e-05  0.000244  4.99e-16 -0.000907  -0.00368 -0.000411   -0.0016  -0.00024 -0.000312  -0.00238  -0.00509   0.00106 -0.000135   0.00589  0.000939  0.000308   0.00238   0.00264  -0.00168 -2.12e-05   0.00203  9.53e-05   0.00172 -0.000509  -0.00186  4.68e-05  -0.00137   0.00117 -6.92e-07 -0.000289 -0.000497  0.000261  1.75e-05   0.00289   0.00364     0.014  -0.00523    0.0101  0.000393  -0.00562    -0.076    -0.117    -0.042  -0.00889   -0.0305   -0.0557   -0.0104   -0.0137         1  -0.00276   -0.0127   -0.0164  -0.00646  -0.00767  -0.00208  -0.00206 -0.000105  0.000163   -0.0348    -0.021   -0.0145 -0.000245 -0.000512   1.2e-06  1.64e-06  5.51e-10 -2.97e-08  -0.00498 -0.000264  -0.00117  0.000121  -0.00453   0.00193  0.000632  5.34e-05  0.000544  -0.00233 -0.000589    0.0426  -0.00379  -0.00251   0.00573   -0.0196   -0.0123   0.00402   -0.0181   -0.0315 -0.000779   -0.0108  -0.00387   -0.0066  -0.00133  0.000166  -0.00197 -1.92e-05 -8.88e-06    -0.012  -0.00442  -0.00041   -0.0149
 -0.00645 -7.88e-05 -0.000138 -0.000651  -0.00197 -0.000663 -5.32e-16 -5.32e-16 -4.48e-05 -6.83e-05  1.97e-16 -0.000227 -0.000871  -9.8e-05 -0.000418 -6.35e-05    -8e-05 -0.000572  -0.00124   0.00095  0.000202   0.00181    0.0019  5.07e-05  -0.00451  0.000325   0.00278   0.00039 -7.54e-05 -0.000598  0.000217   0.00108  0.000878  0.000431  -0.00481   0.00181 -4.43e-07  8.16e-05 -0.000148  -0.00135 -6.24e-06  -0.00033   -0.0015  -0.00464   0.00619   -0.0381 -5.09e-05  0.000573  -0.00446   -0.0053 -0.000478  -0.00396  -0.00293  -0.00445 -0.000431  -0.00355  -0.00276         1  -0.00289  -0.00076  -0.00361   0.00477 -0.000388 -2.08e-05   -0.0001 -4.05e-05   -0.0276  -0.00216  -0.00184 -0.000603 -8.04e-05  -2.9e-05 -2.68e-06 -2.14e-07 -2.24e-08  -0.00287  -0.00057 -1.65e-05 -8.32e-05  -0.00152 -0.000862 -0.000316 -2.92e-05 -0.000568  9.58e-05 -0.000133    0.0337 -0.000619  0.000148 -0.000954   0.00488   0.00048  -0.00245    0.0071  -0.00271 -0.000217  -0.00183 -0.000282   0.00135  -0.00027  1.18e-05  3.98e-05 -8.14e-05 -1.34e-05   2.5e-05  0.000352 -0.000173  -0.00345
 0.000321 -0.000183 -0.000481   -0.0016  -0.00449  -0.00142 -1.32e-15 -1.32e-15 -1.77e-05   5.2e-05  1.52e-16 -0.000592  -0.00203 -0.000229  -0.00102 -0.000146 -0.000187  -0.00134  -0.00284  0.000211 -4.49e-06  -0.00104 -0.000366 -0.000385  -0.00995 -0.000106 -1.05e-05 -0.000267 -0.000146 -0.000538   0.00024  0.000117 -0.000713 -0.000191  -0.00858  -0.00172 -5.01e-07  4.98e-05 -0.000373  -0.00143 -1.06e-05 -0.000238  0.000964   0.00394   0.00138   -0.0256 -3.02e-05   0.00153   -0.0225   -0.0341   -0.0124  -0.00691   -0.0128   -0.0201  -0.00209  -0.00783   -0.0127  -0.00289         1  -0.00626  -0.00555   0.00328 -0.000763 -0.000839  7.54e-05 -0.000293    -0.038   -0.0109  -0.00621 -0.000891 -0.000188 -3.41e-05 -1.77e-06 -3.57e-07 -3.71e-08   -0.0022 -0.000958 -0.000347 -9.53e-06  -0.00102  -7.3e-05 -0.000208 -2.43e-05  -0.00094 -0.000273 -0.000261    0.0533  -0.00233  0.000466    0.0101   -0.0106   0.00486    0.0029  -0.00602  -0.00697 -0.000548  -0.00659 -0.000336 -0.000601 -0.000619  3.79e-05 -0.000206 -6.96e-06 -9.42e-06  -0.00237 -0.000434  2.21e-05  -0.00809
  -0.0634 -0.000185 -0.000689  -0.00152  -0.00434  -0.00131 -1.34e-15 -1.34e-15  7.14e-05  0.000183 -2.44e-16 -0.000601  -0.00202 -0.000229 -0.000999  -0.00014 -0.000181  -0.00134   -0.0028  -0.00188 -0.000356  -0.00438  -0.00461 -0.000826   -0.0148  -0.00052  -0.00528  -0.00111  0.000183 -0.000505  0.000125  -0.00201  -0.00286  -0.00118  -0.00792  -0.00625 -2.85e-08 -0.000212 -0.000233  -0.00104  4.52e-06   0.00066   0.00251      0.01  -0.00993    0.0103  0.000119  0.000146   -0.0324   -0.0516   -0.0211  -0.00484   -0.0164   -0.0261  -0.00323  -0.00667   -0.0164  -0.00076  -0.00626         1  -0.00362  -0.00412 -0.000497  -0.00136  8.67e-05 -0.000248   -0.0186   -0.0141  -0.00831 -0.000436 -0.000222 -1.23e-06  4.17e-06 -1.42e-08 -1.19e-08  0.000707 -0.000402 -0.000645  0.000134  0.000618   0.00153  0.000347  3.62e-05  4.77e-05 -0.000921 -0.000221    0.0245  -0.00187   0.00147    0.0205   -0.0256    0.0113    0.0098   -0.0216  -0.00785  -0.00048  -0.00708 -0.000545  -0.00426 -0.000594  2.45e-05 -0.000652  6.18e-05  1.09e-05  -0.00441  -0.00161  0.000162  -0.00813
   0.0639 -0.000114 -0.000447  -0.00178  -0.00494  -0.00157  -1.1e-15  -1.1e-15 -4.28e-05 -4.85e-05  -1.2e-16 -0.000656   -0.0022  -0.00025  -0.00114 -0.000164 -0.000208  -0.00146   -0.0031 -0.000317  8.67e-05  -0.00144 -0.000818  -0.00061   -0.0207 -0.000375   0.00105 -0.000177 -0.000469  -0.00162 -0.000107  0.000332 -5.93e-05  -0.00015   -0.0143  -0.00211 -6.66e-07 -6.02e-05 -0.000236  -0.00339 -6.92e-06 -0.000644  -0.00265  -0.00703   0.00364   -0.0634 -8.64e-05   0.00175    -0.012   -0.0174  -0.00547  -0.00727  -0.00832   -0.0113 -0.000751  -0.00621  -0.00646  -0.00361  -0.00555  -0.00362         1   0.00599 -0.000736 -0.000689  -0.00049 -0.000363   -0.0498   -0.0099  -0.00618  -0.00143 -0.000174 -5.19e-05 -8.32e-07 -1.65e-07 -2.76e-08  -0.00406  -0.00126 -0.000239 -6.26e-05  -0.00217 -0.000802 -0.000361  -2.5e-05  -0.00065 -0.000463 -0.000467    0.0557 -0.000772   0.00207    0.0109  -0.00496    0.0113   0.00145   0.00187  -0.00383 -0.000486  -0.00777   -0.0014  -0.00233 -0.000807 -2.45e-05 -0.000871 -0.000213 -1.28e-05   -0.0037 -0.000474 -0.000294  -0.00898
    0.162  8.75e-05  0.000484   0.00312   0.00554   0.00167  8.34e-16  8.34e-16  0.000227  0.000312 -8.14e-16   0.00112   0.00223  0.000258   0.00183  0.000232  0.000291   0.00152   0.00323  -0.00405 -0.000861    0.0028    -0.008 -0.000266   -0.0296    0.0027   -0.0112 -0.000917   0.00372  -0.00156   0.00167  -0.00437  -0.00405  -0.00144  0.000225   -0.0093  2.58e-06 -0.000378  0.000483  -0.00189   6.1e-05   0.00592  -0.00652   -0.0182   -0.0333    0.0164  0.000672    -0.011   -0.0265   -0.0503   -0.0191   0.00611  -0.00124  -0.00978   -0.0067    0.0077  -0.00767   0.00477   0.00328  -0.00412   0.00599         1   0.00119   0.00056  0.000939   0.00178    0.0578    0.0159  -0.00155   0.00319 -0.000207  0.000153  1.07e-05  1.02e-06  1.08e-07   0.00824    0.0049 -0.000338  0.000255   0.00749   0.00419   0.00184  0.000263   0.00517   0.00101   0.00163    -0.156   0.00334  -0.00363   -0.0191   -0.0306   -0.0231   0.00316   -0.0383   -0.0213  0.000553     0.032   0.00598    0.0121   0.00312  0.000269   0.00462   0.00123  5.01e-05    0.0171   0.00131  0.000868   0.00984
 -0.00568 -9.36e-05 -0.000251   -0.0012  -0.00271 -0.000821 -2.44e-16 -2.44e-16 -4.08e-05 -3.44e-05  4.32e-17 -0.000437  -0.00119 -0.000135 -0.000756 -9.94e-05 -0.000127 -0.000773  -0.00166  0.000631  5.53e-05  7.01e-05   0.00108  0.000115   0.00563  -8.5e-05   0.00166  0.000109 -0.000542  0.000179 -0.000388  0.000643  0.000756  0.000319   -0.0011   0.00116  -7.9e-07 -0.000126 -0.000131  0.000252 -6.69e-06 -0.000701  -0.00025 -0.000201   0.00306  -0.00312    -9e-05  -0.00124  -0.00626  -0.00878  -0.00212 -0.000167  -0.00163  -0.00396  -0.00119 -0.000804  -0.00208 -0.000388 -0.000763 -0.000497 -0.000736   0.00119         1 -0.000757 -0.000928 -0.000517  -0.00635  -0.00909  -0.00216 -0.000766 -3.51e-05 -2.91e-05 -2.09e-06  1.08e-08 -1.29e-08   -0.0041  -0.00119 -0.000138 -1.63e-05  -0.00472 -0.000546 -0.000176    -5e-05 -0.000617  -0.00152 -0.000861  -0.00445 -0.000648  -0.00127   -0.0043   0.00454  -0.00711  -0.00332   0.00578  -0.00519 -0.000128   -0.0123  -0.00486  -0.00948   -0.0013  -6.4e-05  -0.00322 -0.000513 -1.46e-05    -0.013   -0.0031 -0.000616  -0.00546
 -0.00424 -5.67e-05 -0.000291  -0.00121   -0.0026 -0.000759 -2.61e-16 -2.61e-16 -1.76e-05  9.61e-07 -1.26e-16 -0.000452  -0.00114  -0.00013 -0.000756  -9.7e-05 -0.000123 -0.000751  -0.00159 -0.000409 -7.71e-05   -0.0031  -0.00113 -0.000297 -0.000469 -0.000872   -0.0005 -0.000373 -0.000821  3.12e-05 -0.000611 -0.000204 -0.000229 -0.000246  -0.00344  -0.00175 -5.77e-07 -0.000136 -0.000122 -7.61e-05 -7.99e-06 -0.000947   0.00047   0.00245 -0.000643   0.00387 -0.000103 -0.000126  -0.00497  -0.00763  -0.00299 -0.000304  -0.00266  -0.00411 -0.000439  -0.00104  -0.00206 -2.08e-05 -0.000839  -0.00136 -0.000689   0.00056 -0.000757         1 -0.000692 -0.000582  -0.00492  -0.00993  -0.00242 -0.000739 -2.43e-05 -2.42e-05  -5.5e-07 -4.29e-08 -1.35e-08  -0.00212  -0.00117 -0.000177   2.1e-05  -0.00289 -0.000169 -0.000131 -4.41e-05 -0.000745  -0.00124 -0.000713  -0.00475 -0.000823 -0.000176   0.00373  -0.00295  0.000606  0.000542  -0.00101   -0.0016 -0.000154   -0.0117  -0.00366  -0.00875  -0.00114 -8.02e-05   -0.0027 -0.000426  -6.1e-06   -0.0108  -0.00253  -0.00037  -0.00514
 -0.00471 -6.12e-05 -0.000246  -0.00108  -0.00238 -0.000711 -1.18e-16 -1.18e-16 -3.05e-05  -4.5e-05 -8.23e-17 -0.000402  -0.00104 -0.000119 -0.000686 -8.94e-05 -0.000114  -0.00068  -0.00145  0.000147  3.34e-05 -0.000681   0.00032 -6.12e-06   0.00283 -0.000294   0.00109  1.01e-05 -0.000596 -3.62e-05 -0.000505  0.000348  0.000592   0.00016   -0.0018  0.000493 -7.04e-07 -0.000181 -4.67e-05 -6.92e-05 -3.23e-06 -0.000713 -0.000734  -0.00154   0.00202  -0.00459 -8.13e-05  -0.00119  -0.00294  -0.00381 -0.000586  0.000371 -0.000296  -0.00111 -0.000657  8.19e-05 -0.000105   -0.0001  7.54e-05  8.67e-05  -0.00049  0.000939 -0.000928 -0.000692         1 -0.000493  -0.00439  -0.00824   -0.0019 -0.000755 -1.96e-05 -2.61e-05 -7.43e-07  1.04e-07 -5.99e-09  -0.00368  -0.00111 -0.000125 -8.62e-06  -0.00433 -0.000484 -0.000132 -4.04e-05 -0.000401  -0.00152 -0.000834  -0.00829 -8.94e-05 -0.000497  -0.00181   0.00429  -0.00318  -0.00232   0.00565  -0.00303 -6.66e-05   -0.0117  -0.00476   -0.0098  -0.00125 -8.54e-05  -0.00322 -0.000533 -1.09e-05   -0.0125  -0.00299 -0.000628  -0.00488
  -0.0022 -1.95e-05 -0.000182 -0.000982  -0.00186 -0.000534 -1.06e-16 -1.06e-16 -2.76e-05 -1.89e-05  -7.5e-17 -0.000358 -0.000793 -9.08e-05 -0.000594 -7.34e-05 -9.28e-05 -0.000528  -0.00111 -0.000265 -4.33e-05  -0.00351 -0.000837 -0.000297  0.000275  -0.00111 -7.83e-05 -0.000327    -0.001  0.000124  -0.00067 -1.36e-05 -4.71e-05  -0.00021  -0.00308  -0.00156 -5.15e-07 -4.79e-05 -0.000124  1.81e-05 -1.23e-05  -0.00127  0.000588   0.00248  0.000515   0.00349 -0.000144  0.000614  0.000761   0.00135  0.000245 -6.64e-05 -0.000761 -0.000513  0.000451 -0.000664  0.000163 -4.05e-05 -0.000293 -0.000248 -0.000363   0.00178 -0.000517 -0.000582 -0.000493         1   -0.0038  -0.00778 -0.000988 -0.000665  1.54e-05 -2.46e-05 -1.51e-06 -1.62e-07 -1.82e-08  -0.00143  -0.00114 -6.45e-05  1.26e-06   -0.0021 -0.000385 -0.000238 -5.67e-05  -0.00103 -0.000798 -0.000567  -0.00393 -0.000925  -0.00018   0.00305  -0.00127   0.00121  0.000128   0.00027    0.0012 -0.000118  -0.00983  -0.00269  -0.00666 -0.000927 -8.14e-05   -0.0021  -0.00037 -6.26e-06   -0.0083  -0.00171  -0.00024  -0.00364
    0.467 -0.000809  -0.00311   -0.0142   -0.0371   -0.0118 -7.45e-15 -7.45e-15 -0.000498 -0.000627 -2.11e-16  -0.00516   -0.0163  -0.00185  -0.00895  -0.00126   -0.0016   -0.0108    -0.023   0.00103   0.00116   -0.0122  0.000513  -0.00392    -0.124  -0.00461    0.0164 -0.000374  -0.00622   -0.0103  -0.00214   0.00599   0.00341  0.000271    -0.101  -0.00859 -6.55e-06 -7.16e-05  -0.00204   -0.0227 -0.000101  -0.00913   -0.0181   -0.0489    0.0466    -0.467  -0.00117    0.0154   -0.0582   -0.0769   -0.0191   -0.0514   -0.0497   -0.0638  -0.00138   -0.0448   -0.0348   -0.0276    -0.038   -0.0186   -0.0498    0.0578  -0.00635  -0.00492  -0.00439   -0.0038         1    -0.078   -0.0388   -0.0118  -0.00104 -0.000459 -1.91e-05 -2.12e-06 -2.75e-07   -0.0352   -0.0122  -0.00121  -0.00067   -0.0222  -0.00912  -0.00396 -0.000419  -0.00873  -0.00387  -0.00451     0.411  -0.00811     0.012    0.0635  -0.00596    0.0701  -0.00167     0.043    -0.018  -0.00355   -0.0748   -0.0154   -0.0253  -0.00772 -0.000366   -0.0101  -0.00251 -0.000134   -0.0409  -0.00507  -0.00281   -0.0674
   -0.152 -0.000761  -0.00385    -0.016   -0.0332  -0.00971 -3.35e-15 -3.35e-15 -0.000305 -0.000226 -1.05e-15  -0.00589   -0.0145  -0.00165  -0.00986  -0.00126  -0.00159  -0.00957   -0.0202  -0.00408 -0.000659   -0.0452   -0.0121  -0.00412  -0.00302   -0.0137  -0.00196  -0.00447   -0.0127  0.000441  -0.00848   -0.0009  -0.00154  -0.00302    -0.049   -0.0208 -8.25e-06  -0.00135   -0.0018  -0.00165 -0.000141   -0.0157    0.0056    0.0309   0.00126    0.0274  -0.00165  -0.00139   -0.0471   -0.0697   -0.0267  -0.00545   -0.0299    -0.044  -0.00253   -0.0171    -0.021  -0.00216   -0.0109   -0.0141   -0.0099    0.0159  -0.00909  -0.00993  -0.00824  -0.00778    -0.078         1   -0.0263   -0.0098 -0.000241 -0.000345 -1.67e-05 -1.88e-06 -2.64e-07   -0.0277   -0.0166  -0.00198  8.78e-05    -0.037  -0.00427  -0.00274 -0.000764   -0.0135   -0.0147  -0.00905     -0.08   -0.0139  -0.00399    0.0432   -0.0223   0.00932   0.00184  -0.00114  -0.00945  -0.00198    -0.153   -0.0456    -0.108    -0.015  -0.00116   -0.0342   -0.0059 -9.64e-05    -0.136   -0.0303  -0.00459   -0.0653
  -0.0332  -0.00025  -0.00102  -0.00339  -0.00885   -0.0027 -1.51e-15 -1.51e-15  4.71e-06     7e-05 -5.79e-16  -0.00129    -0.004 -0.000454   -0.0022 -0.000303 -0.000387  -0.00263  -0.00556   -0.0019  -0.00026  -0.00423  -0.00432 -0.000929   -0.0209 -0.000576  -0.00286 -0.000977 -0.000569  -0.00153 -0.000668  -0.00128   -0.0015 -0.000801   -0.0159  -0.00583 -1.17e-06 -0.000579 -0.000248  -0.00292  5.26e-06 -0.000159  -0.00188  -0.00243   -0.0057    -0.033 -6.33e-06  -0.00178   -0.0347   -0.0541   -0.0197  -0.00549   -0.0155   -0.0251  -0.00426  -0.00586   -0.0145  -0.00184  -0.00621  -0.00831  -0.00618  -0.00155  -0.00216  -0.00242   -0.0019 -0.000988   -0.0388   -0.0263         1  -0.00202 -0.000288 -5.42e-05  3.77e-06  3.87e-07 -7.67e-09  -0.00692  -0.00214 -0.000807  8.64e-05  -0.00717   0.00039  0.000119 -4.03e-06  7.77e-05  -0.00346  -0.00165    0.0198 -0.000752   0.00153    0.0162   -0.0171   0.00777   0.00461  -0.00849   -0.0144 -0.000613    -0.025  -0.00867     -0.02  -0.00255 -0.000109  -0.00592 -0.000807 -9.76e-06   -0.0244  -0.00639  -0.00105   -0.0173
   0.0445 -4.26e-05  -0.00027  -0.00135  -0.00283 -0.000839 -2.58e-16 -2.58e-16 -4.03e-05 -4.05e-05 -9.38e-17 -0.000495  -0.00122 -0.000139 -0.000831 -0.000107 -0.000135 -0.000809  -0.00171 -0.000146  6.79e-06  -0.00316 -0.000525 -0.000307  -0.00107  -0.00105    0.0006 -0.000257  -0.00109 -9.33e-05 -0.000726   0.00021  0.000213 -0.000109  -0.00468  -0.00114 -7.28e-07 -9.21e-05  -0.00014 -0.000399 -1.23e-05  -0.00139  7.06e-05  0.000991   0.00223  -0.00703  -0.00016  0.000766 -0.000558 -0.000147  5.38e-05 -0.000968  -0.00152  -0.00148  0.000328  -0.00132 -0.000245 -0.000603 -0.000891 -0.000436  -0.00143   0.00319 -0.000766 -0.000739 -0.000755 -0.000665   -0.0118   -0.0098  -0.00202         1 -6.71e-06 -3.67e-05 -1.52e-06 -1.17e-07 -2.02e-08  -0.00281  -0.00146 -0.000102 -1.41e-05  -0.00324 -0.000629 -0.000304 -6.18e-05  -0.00106  -0.00113 -0.000771   0.00681 -0.000813  0.000224   0.00416  0.000286   0.00266 -0.000274   0.00305  0.000424  -0.00018   -0.0126  -0.00372  -0.00853  -0.00124 -9.75e-05  -0.00274 -0.000488 -1.03e-05   -0.0107  -0.00224 -0.000421  -0.00549
-0.000115  -9.1e-06 -1.98e-05 -3.35e-05 -0.000143 -4.74e-05  -4.1e-17  -4.1e-17  1.35e-06  7.85e-07 -2.28e-18 -1.29e-05 -6.84e-05 -7.66e-06 -2.49e-05 -4.09e-06 -5.29e-06 -4.38e-05 -9.46e-05  -9.8e-06 -1.11e-06  0.000157 -1.34e-05 -1.74e-06 -0.000651   6.6e-05 -8.16e-06  7.38e-06  5.17e-05 -6.44e-05  3.59e-05 -9.31e-06 -1.52e-05  2.35e-06 -0.000324 -1.43e-05  -9.2e-09 -1.11e-05 -2.21e-06 -0.000112  8.22e-07  7.51e-05  -0.00018 -0.000474 -0.000153  -0.00193  9.38e-06 -0.000218  -0.00126  -0.00197 -0.000632 -0.000179 -0.000409   -0.0008 -0.000209 -0.000178 -0.000512 -8.04e-05 -0.000188 -0.000222 -0.000174 -0.000207 -3.51e-05 -2.43e-05 -1.96e-05  1.54e-05  -0.00104 -0.000241 -0.000288 -6.71e-06         1  1.24e-07  6.91e-08  9.25e-09  1.23e-10 -0.000165  1.22e-05 -1.96e-05  6.31e-08 -0.000114  1.96e-05  1.34e-05  1.97e-06  4.64e-05 -4.14e-05 -8.68e-06 -0.000346  2.46e-06 -4.03e-05 -0.000195 -0.000182  -0.00029 -6.88e-05 -0.000138 -0.000709 -9.21e-06 -1.17e-05 -8.24e-05 -7.18e-05  -1.3e-05  2.64e-06 -3.18e-05 -2.65e-06 -2.16e-07 -0.000159 -7.15e-05 -1.86e-05 -0.000278
 0.000461 -1.88e-06 -9.28e-06  -4.9e-05   -0.0001 -2.99e-05 -9.37e-18 -9.37e-18  -1.9e-06 -2.14e-06   3.8e-19 -1.78e-05 -4.29e-05  -4.9e-06    -3e-05 -3.84e-06 -4.86e-06 -2.85e-05 -6.05e-05  1.01e-05  2.38e-06 -9.69e-05  1.14e-05  -7.2e-06  6.96e-05  -3.7e-05  5.31e-05 -4.08e-06 -4.23e-05   2.4e-06 -2.56e-05  2.05e-05  1.99e-05  2.13e-06 -0.000138 -5.47e-06 -2.99e-08 -1.61e-06  -6.1e-06 -5.44e-06 -5.57e-07 -5.76e-05   1.1e-05  5.54e-05  0.000149 -0.000256 -6.65e-06  3.11e-05  1.87e-05  7.12e-05  4.01e-05 -3.79e-05 -3.95e-05 -3.39e-05  1.66e-05  -5.8e-05   1.2e-06  -2.9e-05 -3.41e-05 -1.23e-06 -5.19e-05  0.000153 -2.91e-05 -2.42e-05 -2.61e-05 -2.46e-05 -0.000459 -0.000345 -5.42e-05 -3.67e-05  1.24e-07         1 -9.52e-08 -7.39e-09 -9.62e-10 -0.000114  -5.7e-05  -2.3e-06 -1.21e-06 -0.000128 -3.08e-05 -1.42e-05 -2.78e-06 -4.82e-05 -3.85e-05 -2.84e-05  0.000344 -3.88e-05 -4.12e-06  8.65e-05   0.00011  3.99e-05 -4.86e-05  0.000196  2.54e-05 -6.58e-06 -0.000469 -0.000137 -0.000297 -4.65e-05 -3.57e-06 -9.98e-05 -1.87e-05  -4.9e-07 -0.000391 -7.75e-05 -1.59e-05 -0.000194
-1.12e-05 -1.66e-07 -7.55e-08 -2.44e-06 -4.15e-06 -1.28e-06 -7.88e-20 -7.88e-20 -2.34e-07 -2.72e-07  1.03e-18 -7.74e-07 -1.65e-06 -1.84e-07  -1.4e-06 -1.68e-07 -2.09e-07 -1.07e-06 -2.36e-06  3.97e-06  3.94e-07 -4.84e-06  6.42e-06  2.26e-07  2.11e-05 -2.63e-06  9.39e-06     7e-07 -3.58e-06  1.31e-06 -1.39e-06  4.12e-06  3.69e-06  1.27e-06 -5.76e-06  3.85e-06 -2.36e-09  5.66e-07 -8.58e-07  9.64e-07 -7.83e-08 -5.59e-06 -8.32e-07 -1.89e-06   1.7e-05 -2.51e-05 -6.92e-07 -1.86e-06  9.09e-06  1.69e-05   1.1e-05  -1.1e-06  3.88e-06  2.66e-06  4.91e-07 -4.58e-06  1.64e-06 -2.68e-06 -1.77e-06  4.17e-06 -8.32e-07  1.07e-05 -2.09e-06  -5.5e-07 -7.43e-07 -1.51e-06 -1.91e-05 -1.67e-05  3.77e-06 -1.52e-06  6.91e-08 -9.52e-08         1 -1.88e-09 -1.39e-10 -8.01e-06 -3.94e-06  3.33e-07 -2.63e-07 -8.93e-06 -3.74e-06 -1.74e-06 -3.61e-07 -6.36e-06 -6.11e-07 -1.42e-06 -5.57e-05 -6.71e-06 -9.28e-06 -3.46e-05  2.44e-05 -3.79e-05 -1.91e-05  2.16e-05 -4.42e-06 -3.26e-07 -2.36e-05 -6.76e-06 -9.52e-06 -2.44e-06 -1.63e-07  -4.9e-06 -1.17e-06 -6.03e-08 -2.01e-05 -3.09e-06 -6.49e-07 -7.72e-06
 5.92e-06 -5.79e-09  -3.5e-08  -2.4e-07 -3.27e-07 -9.11e-08 -4.24e-20 -4.24e-20 -1.36e-08 -1.74e-08   6.1e-20 -7.74e-08 -1.26e-07 -1.44e-08  -1.3e-07 -1.44e-08 -1.78e-08 -8.77e-08 -1.83e-07 -1.43e-08 -7.18e-09    -2e-06  -2.4e-07 -1.69e-07 -6.16e-07 -6.71e-07  1.02e-07 -1.28e-07 -5.15e-07  6.25e-08 -2.17e-07  8.32e-08 -5.85e-08 -1.25e-07 -1.74e-06 -8.29e-07  -1.5e-10  7.24e-08 -9.21e-08 -8.05e-08 -9.45e-09 -7.44e-07  2.81e-07  1.17e-06  3.01e-07 -1.28e-07 -7.87e-08  2.92e-07  1.44e-06  2.22e-06  7.48e-07 -3.59e-07  -2.2e-07 -5.74e-09  4.23e-07 -8.86e-07  5.51e-10 -2.14e-07 -3.57e-07 -1.42e-08 -1.65e-07  1.02e-06  1.08e-08 -4.29e-08  1.04e-07 -1.62e-07 -2.12e-06 -1.88e-06  3.87e-07 -1.17e-07  9.25e-09 -7.39e-09 -1.88e-09         1 -1.79e-11  1.76e-07 -3.94e-07  2.02e-08 -1.58e-08  8.33e-08 -2.48e-07 -1.83e-07 -3.89e-08 -8.23e-07  1.61e-07  -3.6e-08 -5.59e-06 -9.13e-07 -4.99e-07  1.26e-07 -5.96e-07 -1.73e-07 -2.37e-07  -7.9e-07  1.43e-06 -4.82e-08 -1.74e-06  1.05e-07 -3.92e-08 -1.43e-07 -2.35e-08 -1.04e-07 -7.12e-08 -2.52e-09 -4.56e-07  1.37e-07  7.49e-08 -5.25e-07
 6.18e-07 -2.07e-09 -8.06e-09 -3.47e-08 -6.34e-08 -1.86e-08 -8.38e-21 -8.38e-21 -1.36e-09 -1.99e-09  5.17e-21 -1.22e-08 -2.67e-08 -3.05e-09 -2.04e-08 -2.52e-09 -3.17e-09 -1.79e-08 -3.79e-08  7.97e-09  1.32e-09 -1.35e-07  3.12e-09 -9.79e-09  6.88e-08 -4.87e-08  3.46e-08  -6.3e-09 -4.37e-08  7.22e-09 -2.03e-08  1.49e-08   7.1e-09 -4.19e-09 -1.19e-07 -2.59e-08  -2.3e-11  2.43e-09 -7.24e-09  1.25e-10 -6.95e-10 -6.24e-08  2.75e-08  1.15e-07  8.74e-08 -1.81e-09 -6.35e-09  8.07e-09   8.8e-09  3.98e-08  2.09e-08 -3.21e-08 -4.87e-08 -5.95e-08  1.78e-08 -8.34e-08 -2.97e-08 -2.24e-08 -3.71e-08 -1.19e-08 -2.76e-08  1.08e-07 -1.29e-08 -1.35e-08 -5.99e-09 -1.82e-08 -2.75e-07 -2.64e-07 -7.67e-09 -2.02e-08  1.23e-10 -9.62e-10 -1.39e-10 -1.79e-11         1 -4.81e-08  -4.6e-08  -1.3e-09 -1.33e-09 -6.22e-08 -2.52e-08 -1.51e-08 -3.37e-09 -6.57e-08 -1.27e-08 -1.51e-08 -2.38e-07 -6.95e-08 -3.43e-08   3.1e-08  5.58e-08 -1.39e-08 -3.93e-08  6.01e-08  6.34e-08 -4.97e-09 -3.13e-07 -6.42e-08 -1.48e-07 -3.09e-08 -2.94e-09 -5.54e-08 -1.34e-08 -3.61e-10  -2.2e-07 -3.43e-08 -4.75e-09 -1.18e-07
   0.0348 -0.000423  -0.00102  -0.00404  -0.00958  -0.00296 -9.62e-16 -9.62e-16 -0.000172 -0.000291  4.84e-16  -0.00147  -0.00421 -0.000478  -0.00259  -0.00035 -0.000444  -0.00273  -0.00589   0.00407  0.000644   0.00698   0.00865   0.00115    0.0284    0.0011    0.0112    0.0016  -0.00135  0.000253  -0.00082   0.00407   0.00493   0.00224 -0.000384    0.0116  -3.3e-06  -0.00052 -0.000279  0.000483 -1.15e-05   -0.0021  -0.00339  -0.00875    0.0213   -0.0427 -0.000236   -0.0069   -0.0209   -0.0257  -0.00281  -0.00133  -0.00281   -0.0102  -0.00467  -0.00338  -0.00498  -0.00287   -0.0022  0.000707  -0.00406   0.00824   -0.0041  -0.00212  -0.00368  -0.00143   -0.0352   -0.0277  -0.00692  -0.00281 -0.000165 -0.000114 -8.01e-06  1.76e-07 -4.81e-08         1  -0.00425 -0.000433 -0.000175   -0.0199  -0.00301 -0.000767 -0.000186  -0.00185  -0.00573  -0.00318  0.000257  -0.00106  -0.00419   -0.0234    0.0382   -0.0269   -0.0178    0.0407   -0.0198 -0.000298   -0.0428   -0.0189   -0.0334   -0.0049 -0.000251    -0.012  -0.00211 -6.58e-05    -0.047   -0.0111  -0.00281   -0.0194
 -0.00341 -8.95e-05 -0.000472  -0.00217  -0.00424  -0.00124 -3.49e-16 -3.49e-16 -6.69e-05 -8.11e-05 -1.54e-17 -0.000788  -0.00181 -0.000208  -0.00132 -0.000166 -0.000209   -0.0012  -0.00255  2.63e-05  2.58e-05  -0.00597 -0.000393  -0.00044   0.00403  -0.00208   0.00129  -0.00039  -0.00207  0.000275  -0.00128  0.000486  0.000447 -0.000163  -0.00555   -0.0013  -1.3e-06 -0.000105 -0.000259  9.05e-05 -2.54e-05  -0.00274   0.00104   0.00466   0.00397   0.00209 -0.000293  0.000541 -0.000146   0.00112  0.000584 -0.000598  -0.00188  -0.00195  0.000617  -0.00225 -0.000264  -0.00057 -0.000958 -0.000402  -0.00126    0.0049  -0.00119  -0.00117  -0.00111  -0.00114   -0.0122   -0.0166  -0.00214  -0.00146  1.22e-05  -5.7e-05 -3.94e-06 -3.94e-07  -4.6e-08  -0.00425         1 -0.000153  -2.8e-05  -0.00544  -0.00111 -0.000576 -0.000134  -0.00236  -0.00183  -0.00127  -0.00428  -0.00208 -0.000598   0.00443   0.00272   0.00139  -0.00129   0.00528   0.00164 -0.000243   -0.0217  -0.00628   -0.0144  -0.00215 -0.000181  -0.00474 -0.000889 -1.82e-05   -0.0186  -0.00381 -0.000667  -0.00828
-0.000742 -2.43e-05 -9.18e-05 -0.000227 -0.000569  -0.00017 -1.06e-16 -1.06e-16  3.57e-06  4.87e-06 -2.58e-17 -8.78e-05  -0.00026 -2.96e-05 -0.000148    -2e-05 -2.56e-05  -0.00017  -0.00036 -0.000122 -1.78e-05 -0.000331 -0.000261 -4.83e-05 -0.000384 -5.98e-05 -0.000232 -6.44e-05 -4.43e-05  -3.9e-05 -4.49e-05  -0.00011 -0.000122 -6.18e-05 -0.000568 -0.000269 -9.41e-08 -4.83e-05 -1.07e-05 -5.98e-05  6.89e-07 -1.87e-05  6.76e-05   0.00051 -0.000507  0.000837  5.17e-06 -0.000328  -0.00286  -0.00441  -0.00165 -0.000184  -0.00115  -0.00197  -0.00036 -0.000419  -0.00117 -1.65e-05 -0.000347 -0.000645 -0.000239 -0.000338 -0.000138 -0.000177 -0.000125 -6.45e-05  -0.00121  -0.00198 -0.000807 -0.000102 -1.96e-05  -2.3e-06  3.33e-07  2.02e-08  -1.3e-09 -0.000433 -0.000153         1  9.06e-06  -0.00055   6.3e-05  1.96e-05 -2.14e-06  -2.6e-05 -0.000289 -0.000122 -0.000886  -0.00011  4.04e-05   0.00116 -0.000914  0.000431  0.000388 -0.000663  -0.00096 -3.01e-05  -0.00198 -0.000706  -0.00167 -0.000211 -1.16e-05 -0.000497 -7.48e-05 -3.68e-07  -0.00202 -0.000538 -8.31e-05  -0.00114
 0.000671 -2.75e-06  2.01e-06 -6.28e-06 -1.51e-05 -7.33e-06 -7.79e-19 -7.79e-19 -3.43e-06 -7.36e-06  2.08e-17 -7.32e-07 -4.78e-06 -5.17e-07 -3.35e-06 -5.94e-07 -6.83e-07 -2.75e-06 -8.02e-06  9.89e-05  1.75e-05  0.000175  0.000213  2.49e-05  0.000366   2.3e-05  0.000257  4.49e-05 -1.23e-05 -1.57e-06  8.11e-06  9.89e-05  0.000105  4.81e-05  2.82e-05  0.000255 -2.99e-08  7.42e-06 -3.86e-06 -1.16e-05 -4.78e-07 -3.76e-05 -9.32e-05 -0.000313  0.000497  -0.00147 -4.67e-06 -5.08e-05   0.00025  0.000506  0.000313 -5.51e-05  0.000157  0.000201   8.7e-06 -5.56e-05  0.000121 -8.32e-05 -9.53e-06  0.000134 -6.26e-05  0.000255 -1.63e-05   2.1e-05 -8.62e-06  1.26e-06  -0.00067  8.78e-05  8.64e-05 -1.41e-05  6.31e-08 -1.21e-06 -2.63e-07 -1.58e-08 -1.33e-09 -0.000175  -2.8e-05  9.06e-06         1 -0.000133 -7.13e-05 -2.26e-05 -3.35e-06 -4.78e-05  7.14e-06 -8.17e-06  0.000299 -2.48e-05 -7.97e-05 -0.000623   0.00086 -0.000435 -0.000375  0.000796 -5.92e-05   7.6e-07 -5.71e-05 -5.26e-05  5.68e-05 -1.53e-05 -7.79e-07 -2.04e-05 -1.21e-05 -9.87e-07 -5.64e-05   1.1e-05 -1.68e-05 -2.31e-05
    0.072 -0.000454  -0.00124  -0.00496    -0.011  -0.00331 -8.68e-16 -8.68e-16 -0.000182 -0.000288  4.13e-16  -0.00182   -0.0048 -0.000545  -0.00314 -0.000412 -0.000524  -0.00311  -0.00671   0.00373  0.000536   0.00286   0.00765  0.000974    0.0373  -0.00017    0.0104   0.00119  -0.00246   0.00102  -0.00166   0.00377   0.00473   0.00197  0.000922    0.0104 -3.87e-06 -0.000647 -0.000356   0.00184 -2.23e-05  -0.00343  -0.00137  -0.00161    0.0199   -0.0105 -0.000364  -0.00752   -0.0209   -0.0258  -0.00352   0.00116  -0.00266   -0.0102  -0.00454  -0.00258  -0.00453  -0.00152  -0.00102  0.000618  -0.00217   0.00749  -0.00472  -0.00289  -0.00433   -0.0021   -0.0222    -0.037  -0.00717  -0.00324 -0.000114 -0.000128 -8.93e-06  8.33e-08 -6.22e-08   -0.0199  -0.00544  -0.00055 -0.000133         1  -0.00306 -0.000878  -0.00025  -0.00291   -0.0071  -0.00393   -0.0275   -0.0021  -0.00518   -0.0219    0.0376   -0.0293   -0.0176    0.0395   -0.0187 -0.000303   -0.0556    -0.023    -0.044  -0.00614 -0.000364   -0.0152  -0.00263 -6.94e-05   -0.0597   -0.0141  -0.00316   -0.0224
  0.00654 -3.93e-05  -9.8e-05 -0.000734  -0.00139 -0.000428 -4.87e-17 -4.87e-17 -5.74e-05  -9.7e-05  1.71e-16 -0.000252 -0.000571 -6.53e-05 -0.000439 -5.59e-05 -6.99e-05 -0.000376 -0.000816  0.000941  0.000173 -0.000317   0.00189  0.000103   0.00519 -0.000479   0.00288  0.000296 -0.000825  0.000113 -0.000393   0.00111    0.0012  0.000419  -0.00129     0.002 -6.98e-07   3.7e-05 -0.000111 -4.68e-06 -1.31e-05  -0.00129  -0.00054  -0.00156   0.00616   -0.0124  -0.00015 -6.48e-05   0.00409   0.00786   0.00411 -0.000431   0.00161   0.00257  0.000509 -0.000802   0.00193 -0.000862  -7.3e-05   0.00153 -0.000802   0.00419 -0.000546 -0.000169 -0.000484 -0.000385  -0.00912  -0.00427   0.00039 -0.000629  1.96e-05 -3.08e-05 -3.74e-06 -2.48e-07 -2.52e-08  -0.00301  -0.00111   6.3e-05 -7.13e-05  -0.00306         1 -0.000407 -7.44e-05  -0.00118  -0.00054  -0.00051    0.0017 -0.000769 -0.000883  -0.00462   0.00936  -0.00366  -0.00408   0.00973  0.000527 -5.83e-05  -0.00775  -0.00263   -0.0044 -0.000845 -6.92e-05   -0.0018 -0.000408 -1.52e-05  -0.00677  -0.00116 -0.000384  -0.00268
 -0.00179  -9.5e-06 -5.66e-05 -0.000402 -0.000704 -0.000207 -4.21e-17 -4.21e-17 -2.31e-05 -3.16e-05  4.56e-17 -0.000139 -0.000288  -3.3e-05 -0.000235 -2.88e-05  -3.6e-05 -0.000193 -0.000411  0.000155   3.2e-05  -0.00142  0.000185 -9.67e-05  0.000754 -0.000554  0.000676 -3.82e-05 -0.000549  6.03e-05 -0.000282   0.00028  0.000238  8.59e-06  -0.00151 -0.000139 -2.84e-07  3.38e-05 -7.85e-05 -4.95e-05 -8.64e-06 -0.000789  0.000116  0.000552   0.00171  -0.00274 -8.92e-05  0.000394    0.0021   0.00364    0.0015 -0.000317  0.000222  0.000751   0.00046 -0.000631  0.000632 -0.000316 -0.000208  0.000347 -0.000361   0.00184 -0.000176 -0.000131 -0.000132 -0.000238  -0.00396  -0.00274  0.000119 -0.000304  1.34e-05 -1.42e-05 -1.74e-06 -1.83e-07 -1.51e-08 -0.000767 -0.000576  1.96e-05 -2.26e-05 -0.000878 -0.000407         1 -3.96e-05  -0.00074 -0.000146 -0.000205 -0.000184 -0.000638 -0.000291 -2.52e-05   0.00159 -7.72e-05 -0.000831   0.00199   0.00122 -5.32e-05  -0.00381 -0.000859  -0.00186  -0.00037 -3.69e-05 -0.000703 -0.000166  -5.2e-06   -0.0027 -0.000385 -8.17e-05  -0.00131
-0.000348 -4.38e-06 -1.97e-05 -9.89e-05 -0.000175 -5.04e-05 -9.66e-18 -9.66e-18 -4.19e-06 -6.19e-06  8.72e-18 -3.48e-05 -7.29e-05 -8.35e-06 -5.85e-05 -7.12e-06 -8.96e-06 -4.85e-05 -0.000103  2.11e-05  3.27e-06 -0.000354  1.36e-05 -2.17e-05  0.000323 -0.000129  0.000109 -1.49e-05 -0.000124  2.39e-05 -6.75e-05  4.44e-05  3.81e-05 -5.13e-06 -0.000272 -5.12e-05 -6.91e-08  1.94e-06 -1.67e-05  1.37e-05 -1.79e-06 -0.000173  4.29e-05  0.000212  0.000246  0.000139 -1.83e-05 -1.01e-05  0.000196   0.00037  0.000169 -2.92e-06  1.27e-06  2.91e-05  5.17e-05 -0.000123  5.34e-05 -2.92e-05 -2.43e-05  3.62e-05  -2.5e-05  0.000263    -5e-05 -4.41e-05 -4.04e-05 -5.67e-05 -0.000419 -0.000764 -4.03e-06 -6.18e-05  1.97e-06 -2.78e-06 -3.61e-07 -3.89e-08 -3.37e-09 -0.000186 -0.000134 -2.14e-06 -3.35e-06  -0.00025 -7.44e-05 -3.96e-05         1 -0.000166 -6.52e-05 -5.64e-05   -0.0013 -0.000155 -0.000109  -8.6e-05  0.000305   -0.0002 -0.000188   0.00032  0.000144 -9.49e-06  -0.00101 -0.000273 -0.000607 -0.000101 -9.57e-06 -0.000215 -4.56e-05 -1.09e-06 -0.000839 -0.000155 -2.63e-05 -0.000338
 -0.00709 -5.63e-05 -0.000337  -0.00172  -0.00292  -0.00083 -2.29e-16 -2.29e-16 -6.78e-05 -8.62e-05  1.36e-16 -0.000606  -0.00121 -0.000139  -0.00101 -0.000121 -0.000151 -0.000814  -0.00172  1.49e-05  2.67e-06  -0.00801 -0.000671 -0.000598   0.00302  -0.00276  0.000978 -0.000506  -0.00239  0.000452  -0.00127  0.000466  0.000157 -0.000366  -0.00598  -0.00237 -1.08e-06  0.000102 -0.000339  0.000179  -3.6e-05  -0.00331   0.00164   0.00646   0.00314   0.00652  -0.00035   0.00109   0.00461   0.00798   0.00272  -0.00065 -0.000957 -4.72e-05   0.00153  -0.00291  0.000544 -0.000568  -0.00094  4.77e-05  -0.00065   0.00517 -0.000617 -0.000745 -0.000401  -0.00103  -0.00873   -0.0135  7.77e-05  -0.00106  4.64e-05 -4.82e-05 -6.36e-06 -8.23e-07 -6.57e-08  -0.00185  -0.00236  -2.6e-05 -4.78e-05  -0.00291  -0.00118  -0.00074 -0.000166         1 -0.000719 -0.000821   -0.0159  -0.00321  -0.00141   0.00311  0.000928  0.000721  -0.00115   0.00165   0.00512 -0.000219   -0.0167  -0.00345  -0.00872  -0.00158 -0.000164  -0.00304 -0.000688 -1.55e-05    -0.012  -0.00193 -0.000216  -0.00549
   0.0223 -0.000141 -0.000514  -0.00183    -0.004  -0.00118 -3.36e-16 -3.36e-16 -3.47e-05 -5.16e-05 -5.58e-17 -0.000685  -0.00176 -0.000201  -0.00116 -0.000151 -0.000192  -0.00115  -0.00246  0.000356   5.2e-05 -0.000972  0.000731  6.92e-05   0.00942 -0.000436    0.0015  7.27e-06 -0.000895  0.000298 -0.000742  0.000457  0.000761  0.000235 -0.000518    0.0014 -1.19e-06 -0.000318 -7.96e-05  0.000609 -3.83e-06  -0.00106  0.000291   0.00221   0.00308   0.00746 -9.86e-05  -0.00214  -0.00903   -0.0125  -0.00364  0.000748  -0.00235  -0.00504  -0.00148 -0.000633  -0.00233  9.58e-05 -0.000273 -0.000921 -0.000463   0.00101  -0.00152  -0.00124  -0.00152 -0.000798  -0.00387   -0.0147  -0.00346  -0.00113 -4.14e-05 -3.85e-05 -6.11e-07  1.61e-07 -1.27e-08  -0.00573  -0.00183 -0.000289  7.14e-06   -0.0071  -0.00054 -0.000146 -6.52e-05 -0.000719         1  -0.00138   -0.0103 -0.000505 -0.000768 -0.000525   0.00637  -0.00428  -0.00257   0.00785  -0.00515 -0.000118   -0.0204  -0.00799   -0.0169  -0.00217 -0.000141  -0.00546 -0.000893 -1.62e-05   -0.0215   -0.0052  -0.00102  -0.00822
   0.0109 -6.63e-05  -0.00027  -0.00117  -0.00243 -0.000715 -1.75e-16 -1.75e-16 -3.28e-05 -4.03e-05 -2.43e-17 -0.000429  -0.00105  -0.00012 -0.000725 -9.29e-05 -0.000118 -0.000692  -0.00147  0.000185  2.79e-05  -0.00167  0.000252 -6.77e-05   0.00419 -0.000625  0.000981 -7.19e-05 -0.000822   0.00016  -0.00058  0.000343  0.000457  7.99e-05  -0.00166  0.000221 -7.41e-07  -0.00013 -9.69e-05  0.000202 -8.05e-06  -0.00105  0.000171   0.00127   0.00225   0.00143 -0.000113 -0.000604  -0.00264  -0.00326 -0.000716   0.00015 -0.000951  -0.00179 -0.000355 -0.000606 -0.000589 -0.000133 -0.000261 -0.000221 -0.000467   0.00163 -0.000861 -0.000713 -0.000834 -0.000567  -0.00451  -0.00905  -0.00165 -0.000771 -8.68e-06 -2.84e-05 -1.42e-06  -3.6e-08 -1.51e-08  -0.00318  -0.00127 -0.000122 -8.17e-06  -0.00393  -0.00051 -0.000205 -5.64e-05 -0.000821  -0.00138         1  -0.00522 -0.000649 -0.000537 -4.61e-05   0.00325  -0.00204  -0.00164   0.00448  -0.00164 -0.000101   -0.0124   -0.0044  -0.00943  -0.00128 -9.16e-05   -0.0031  -0.00053 -1.09e-05   -0.0122  -0.00277 -0.000532  -0.00489
   0.0787  0.000246 -1.03e-05  -0.00252   0.00237   0.00152  1.09e-14  1.09e-14  0.000172 -0.000687 -4.75e-15 -0.000341   0.00116   0.00014  -0.00128  1.22e-05  2.89e-05   0.00106   0.00204   -0.0279  -0.00542    -0.104   -0.0599     -0.01     -0.18   -0.0261   -0.0422   -0.0106   -0.0159   -0.0104   -0.0125   -0.0169   -0.0113   -0.0123    -0.114   -0.0946 -2.25e-06  -0.00224 -0.000439   -0.0216 -0.000132   -0.0165   -0.0784    -0.197    -0.185   -0.0468  -0.00151    -0.114   0.00407   -0.0517  0.000686    0.0743    0.0766    0.0648   -0.0247    0.0586    0.0426    0.0337    0.0533    0.0245    0.0557    -0.156  -0.00445  -0.00475  -0.00829  -0.00393     0.411     -0.08    0.0198   0.00681 -0.000346  0.000344 -5.57e-05 -5.59e-06 -2.38e-07  0.000257  -0.00428 -0.000886  0.000299   -0.0275    0.0017 -0.000184   -0.0013   -0.0159   -0.0103  -0.00522         1   -0.0164    -0.079    -0.305   -0.0565     -0.32   -0.0903    -0.136      -0.1   0.00392   -0.0501   -0.0454   -0.0978  -0.00651  -0.00154   -0.0363  -0.00689     6e-06    -0.136   -0.0377  -0.00307  -0.00479
   0.0148 -9.91e-05 -0.000362  -0.00167  -0.00302 -0.000868 -4.48e-16 -4.48e-16 -5.29e-05 -3.05e-05  2.31e-16 -0.000585  -0.00128 -0.000145 -0.000978 -0.000119  -0.00015 -0.000854   -0.0018  0.000106 -6.34e-05  -0.00762  -0.00082 -0.000571   0.00332  -0.00248   0.00021 -0.000583  -0.00207  0.000632 -0.000976  0.000265 -0.000315 -0.000442  -0.00539  -0.00286 -9.39e-07  0.000153 -0.000424  0.000468 -3.61e-05  -0.00287    0.0025   0.00921   0.00112    0.0139 -0.000301  0.000705  -0.00331  -0.00481  -0.00215  -0.00139  -0.00425  -0.00632   0.00043  -0.00427  -0.00379 -0.000619  -0.00233  -0.00187 -0.000772   0.00334 -0.000648 -0.000823 -8.94e-05 -0.000925  -0.00811   -0.0139 -0.000752 -0.000813  2.46e-06 -3.88e-05 -6.71e-06 -9.13e-07 -6.95e-08  -0.00106  -0.00208  -0.00011 -2.48e-05   -0.0021 -0.000769 -0.000638 -0.000155  -0.00321 -0.000505 -0.000649   -0.0164         1   -0.0022   0.00236  -0.00387  -0.00269 -0.000422  -0.00367   0.00175 -0.000294   -0.0146   -0.0025   -0.0067  -0.00135 -0.000114  -0.00236 -0.000517 -1.36e-05     -0.01  -0.00167 -2.55e-05  -0.00559
  -0.0102 -0.000134  6.62e-05 -0.000337 -0.000658 -0.000226  2.07e-16  2.07e-16 -6.64e-05 -7.37e-05   5.1e-16 -6.79e-05 -0.000273 -2.65e-05 -0.000202 -2.31e-05 -2.91e-05  -0.00014 -0.000368   0.00215  9.52e-05   0.00261   0.00375  0.000654    0.0145  0.000544   0.00385  0.000684 -0.000286  0.000706  7.18e-05   0.00171    0.0018  0.000924   0.00267   0.00342 -7.57e-07  0.000119 -0.000271   0.00106 -1.68e-05 -0.000625  -0.00227  -0.00645   0.00276  -0.00176 -0.000101  -0.00627  -0.00787   -0.0123 -0.000898    0.0023   0.00218  -0.00298  -0.00313  0.000448  -0.00251  0.000148  0.000466   0.00147   0.00207  -0.00363  -0.00127 -0.000176 -0.000497  -0.00018     0.012  -0.00399   0.00153  0.000224 -4.03e-05 -4.12e-06 -9.28e-06 -4.99e-07 -3.43e-08  -0.00419 -0.000598  4.04e-05 -7.97e-05  -0.00518 -0.000883 -0.000291 -0.000109  -0.00141 -0.000768 -0.000537    -0.079   -0.0022         1   -0.0325     0.013   -0.0363    -0.013   0.00758   -0.0137   6.6e-05  -0.00525  -0.00407  -0.00445 -0.000736  5.23e-06  -0.00242 -0.000421  -2.5e-05   -0.0104  -0.00267 -0.000481  -0.00164
   0.0244 -0.000413   0.00205   0.00517   0.00918   0.00232  2.72e-15  2.72e-15 -0.000289 -0.000552  2.93e-15   0.00216   0.00402  0.000482   0.00307  0.000374  0.000477   0.00291   0.00568     0.016   0.00159    0.0533    0.0336   0.00701    0.0832    0.0141    0.0312   0.00807   0.00656   0.00161   0.00507    0.0126    0.0153    0.0089      0.04    0.0419 -1.22e-06  0.000577  2.15e-05   0.00396  3.06e-05   0.00677   -0.0238   -0.0788    0.0342    -0.121  0.000481   -0.0357   -0.0161   -0.0211    0.0178    0.0138     0.034    0.0169   -0.0171    0.0154   0.00573 -0.000954    0.0101    0.0205    0.0109   -0.0191   -0.0043   0.00373  -0.00181   0.00305    0.0635    0.0432    0.0162   0.00416 -0.000195  8.65e-05 -3.46e-05  1.26e-07   3.1e-08   -0.0234   0.00443   0.00116 -0.000623   -0.0219  -0.00462 -2.52e-05  -8.6e-05   0.00311 -0.000525 -4.61e-05    -0.305   0.00236   -0.0325         1      0.12    -0.197    -0.082    0.0879   -0.0791   0.00149     0.035   -0.0102    0.0134   0.00161  0.000527  -0.00176 -0.000283 -0.000118  -0.00812   -0.0046  -0.00268    0.0155
    0.193  0.000839  0.000277  -0.00107  -0.00243 -0.000417 -7.63e-16 -7.63e-16  0.000402   0.00117 -4.31e-15 -0.000477   -0.0012 -0.000136  -0.00057 -4.95e-05  -6.3e-05 -0.000934  -0.00154   -0.0227   -0.0037   -0.0608   -0.0518  -0.00911    -0.188   -0.0123   -0.0506    -0.011  -0.00296  -0.00605  -0.00336   -0.0187   -0.0225   -0.0119   -0.0768   -0.0754  5.76e-06  3.82e-05 -0.000705   -0.0132 -3.15e-05 -0.000449   0.00209    0.0144   -0.0995    0.0226 -0.000188    0.0203    -0.016   -0.0538   -0.0424   -0.0104   -0.0335   -0.0336   0.00566  -0.00416   -0.0196   0.00488   -0.0106   -0.0256  -0.00496   -0.0306   0.00454  -0.00295   0.00429  -0.00127  -0.00596   -0.0223   -0.0171  0.000286 -0.000182   0.00011  2.44e-05 -5.96e-07  5.58e-08    0.0382   0.00272 -0.000914   0.00086    0.0376   0.00936   0.00159  0.000305  0.000928   0.00637   0.00325   -0.0565  -0.00387     0.013      0.12         1    0.0964    0.0687    -0.178    0.0236  -0.00144    0.0283    0.0265    0.0246   0.00543  0.000189    0.0137   0.00328  0.000163    0.0487    0.0108   0.00577  -0.00227
   0.0578 -0.000679   0.00122   0.00157   0.00148  0.000104  1.58e-15  1.58e-15  -0.00031 -0.000313  2.89e-15  0.000817  0.000597  9.72e-05  0.000826  9.12e-05  0.000114  0.000673   0.00095    0.0155   0.00108    0.0446    0.0303   0.00648    0.0992    0.0122     0.027   0.00659   0.00472   0.00369   0.00371    0.0114    0.0133   0.00806    0.0388    0.0359 -2.63e-06  0.000344 -0.000665   0.00729 -1.54e-06   0.00486    -0.016   -0.0524    0.0266   -0.0415  0.000245   -0.0357   -0.0513   -0.0771  -0.00489    0.0136    0.0176   -0.0125   -0.0213    0.0103   -0.0123   0.00048   0.00486    0.0113    0.0113   -0.0231  -0.00711  0.000606  -0.00318   0.00121    0.0701   0.00932   0.00777   0.00266  -0.00029  3.99e-05 -3.79e-05 -1.73e-07 -1.39e-08   -0.0269   0.00139  0.000431 -0.000435   -0.0293  -0.00366 -7.72e-05   -0.0002  0.000721  -0.00428  -0.00204     -0.32  -0.00269   -0.0363    -0.197    0.0964         1   -0.0779    0.0679   -0.0926  0.000828 -0.000182   -0.0203   -0.0122  -0.00159  0.000422  -0.00929  -0.00116 -0.000132   -0.0413    -0.013  -0.00327  0.000192
   0.0527 -0.000323  0.000253 -0.000341  -0.00132 -0.000585  5.78e-16  5.78e-16 -0.000231 -0.000428  1.46e-15 -1.25e-05 -0.000522 -5.17e-05 -0.000258 -4.41e-05 -5.42e-05 -0.000243 -0.000745   0.00828   0.00105    0.0206    0.0175   0.00301    0.0479   0.00458    0.0187   0.00381  0.000721  0.000958  0.000999   0.00731   0.00865   0.00444    0.0137    0.0219  -2.4e-06  0.000107 -0.000191   0.00187 -1.01e-05 -0.000142  -0.00922   -0.0299    0.0288   -0.0679 -0.000108   -0.0138  -0.00394   6.2e-05    0.0124   0.00377    0.0136   0.00769  -0.00609   0.00302   0.00402  -0.00245    0.0029    0.0098   0.00145   0.00316  -0.00332  0.000542  -0.00232  0.000128  -0.00167   0.00184   0.00461 -0.000274 -6.88e-05 -4.86e-05 -1.91e-05 -2.37e-07 -3.93e-08   -0.0178  -0.00129  0.000388 -0.000375   -0.0176  -0.00408 -0.000831 -0.000188  -0.00115  -0.00257  -0.00164   -0.0903 -0.000422    -0.013    -0.082    0.0687   -0.0779         1    0.0586   -0.0301   0.00037   -0.0113   -0.0126    -0.011  -0.00208  2.63e-06  -0.00653   -0.0013 -8.14e-05   -0.0254   -0.0062   -0.0023  -0.00356
    0.124   0.00075   0.00066   0.00206   0.00477   0.00174  6.42e-17  6.42e-17  0.000462   0.00109 -3.33e-15  0.000699   0.00193  0.000222   0.00138  0.000208  0.000262   0.00117   0.00284   -0.0197  -0.00334   -0.0497   -0.0445  -0.00737    -0.153   -0.0096   -0.0463  -0.00927 -0.000897  -0.00438   -0.0016   -0.0171   -0.0205   -0.0105   -0.0541   -0.0641   6.4e-06  0.000255 -0.000371  -0.00949 -1.04e-05   0.00169   0.00267    0.0151   -0.0959    0.0676   0.00015    0.0119   -0.0165   -0.0532   -0.0394  -0.00399   -0.0256   -0.0278   0.00331 -0.000838   -0.0181    0.0071  -0.00602   -0.0216   0.00187   -0.0383   0.00578  -0.00101   0.00565   0.00027     0.043  -0.00114  -0.00849   0.00305 -0.000138  0.000196  2.16e-05  -7.9e-07  6.01e-08    0.0407   0.00528 -0.000663  0.000796    0.0395   0.00973   0.00199   0.00032   0.00165   0.00785   0.00448    -0.136  -0.00367   0.00758    0.0879    -0.178    0.0679    0.0586         1    0.0188 -0.000703    0.0497    0.0304    0.0378   0.00709  0.000315    0.0169   0.00365  0.000165     0.062    0.0133     0.006    0.0111
    0.476 -0.000687 -0.000479  -0.00114  -0.00722   -0.0025 -1.42e-15 -1.42e-15 -2.49e-05  4.52e-05  6.48e-16 -0.000403   -0.0035 -0.000381  -0.00103 -0.000187 -0.000245  -0.00213  -0.00477    0.0053  0.000271    0.0296    0.0108   0.00282    0.0114   0.00972   0.00857   0.00291   0.00558  -0.00144   0.00341   0.00336   0.00416   0.00346   0.00454    0.0143 -1.23e-06 -0.000719 -0.000184   -0.0016  6.42e-05   0.00756   -0.0136   -0.0404    0.0013   -0.0924  0.000729   -0.0231   -0.0889    -0.138   -0.0379  -0.00244   -0.0151   -0.0474   -0.0197  -0.00202   -0.0315  -0.00271  -0.00697  -0.00785  -0.00383   -0.0213  -0.00519   -0.0016  -0.00303    0.0012    -0.018  -0.00945   -0.0144  0.000424 -0.000709  2.54e-05 -4.42e-06  1.43e-06  6.34e-08   -0.0198   0.00164  -0.00096 -5.92e-05   -0.0187  0.000527   0.00122  0.000144   0.00512  -0.00515  -0.00164      -0.1   0.00175   -0.0137   -0.0791    0.0236   -0.0926   -0.0301    0.0188         1  -0.00016  -0.00419   -0.0147   -0.0149  -0.00153  0.000342  -0.00662 -0.000504  -5.5e-05   -0.0301   -0.0109  -0.00257   -0.0154
  0.00627 -1.06e-05 -5.27e-05 -0.000269 -0.000613 -0.000185 -1.04e-16 -1.04e-16 -5.97e-06  3.39e-06 -1.54e-17 -9.88e-05 -0.000268 -3.04e-05 -0.000166 -2.19e-05 -2.78e-05 -0.000178 -0.000376 -7.61e-05 -1.51e-05 -0.000759 -0.000276 -9.64e-05  -0.00123 -0.000209 -0.000111 -9.61e-05  -0.00018 -3.84e-05 -0.000103 -2.64e-05 -9.65e-05 -6.91e-05  -0.00134  -0.00056 -9.99e-08 -8.34e-07 -4.87e-05 -0.000144 -2.94e-06 -0.000225  0.000144  0.000596  3.19e-05  -0.00174 -2.83e-05  0.000354  -0.00117   -0.0018  -0.00075 -0.000545    -0.001  -0.00137 -1.25e-05 -0.000623 -0.000779 -0.000217 -0.000548  -0.00048 -0.000486  0.000553 -0.000128 -0.000154 -6.66e-05 -0.000118  -0.00355  -0.00198 -0.000613  -0.00018 -9.21e-06 -6.58e-06 -3.26e-07 -4.82e-08 -4.97e-09 -0.000298 -0.000243 -3.01e-05   7.6e-07 -0.000303 -5.83e-05 -5.32e-05 -9.49e-06 -0.000219 -0.000118 -0.000101   0.00392 -0.000294   6.6e-05   0.00149  -0.00144  0.000828   0.00037 -0.000703  -0.00016         1  -0.00192 -0.000365 -0.000988  -0.00017    -9e-06 -0.000298 -4.66e-05 -1.37e-06  -0.00129 -0.000251 -2.02e-05  -0.00114
    0.108 -0.000986  -0.00462   -0.0194    -0.039   -0.0114 -3.24e-15 -3.24e-15 -0.000495  -0.00056 -4.12e-16  -0.00715   -0.0169  -0.00193   -0.0119  -0.00151  -0.00192   -0.0112   -0.0236  0.000654  0.000146   -0.0421  -0.00176  -0.00261    0.0608   -0.0146    0.0102   -0.0029   -0.0157   0.00346   -0.0105   0.00353   0.00414 -0.000678   -0.0323  -0.00533 -1.17e-05  -0.00174  -0.00186   0.00408 -0.000169   -0.0202    0.0109    0.0467    0.0306    0.0764  -0.00212  -0.00171   -0.0322   -0.0375   -0.0117   4.4e-05   -0.0214   -0.0311 -0.000704   -0.0154   -0.0108  -0.00183  -0.00659  -0.00708  -0.00777     0.032   -0.0123   -0.0117   -0.0117  -0.00983   -0.0748    -0.153    -0.025   -0.0126 -1.17e-05 -0.000469 -2.36e-05 -1.74e-06 -3.13e-07   -0.0428   -0.0217  -0.00198 -5.71e-05   -0.0556  -0.00775  -0.00381  -0.00101   -0.0167   -0.0204   -0.0124   -0.0501   -0.0146  -0.00525     0.035    0.0283 -0.000182   -0.0113    0.0497  -0.00419  -0.00192         1   -0.0649    -0.147   -0.0205  -0.00158   -0.0474  -0.00832 -0.000155    -0.186   -0.0411  -0.00727   -0.0777
   0.0561 -0.000418  -0.00146  -0.00581   -0.0124  -0.00366 -8.35e-16 -8.35e-16 -0.000162 -0.000241  7.46e-18  -0.00215   -0.0054 -0.000616  -0.00365 -0.000471 -0.000599  -0.00353  -0.00754   0.00187  0.000268  -0.00394   0.00362  0.000245    0.0311  -0.00194   0.00688  0.000233  -0.00352     0.001   -0.0026   0.00237   0.00332   0.00103  -0.00335   0.00511 -4.01e-06  -0.00082 -0.000375   0.00172 -2.82e-05   -0.0045 -0.000164   0.00338    0.0136   0.00975 -0.000465  -0.00659   -0.0197   -0.0254  -0.00529    0.0024  -0.00384   -0.0103  -0.00368  -0.00189  -0.00387 -0.000282 -0.000336 -0.000545   -0.0014   0.00598  -0.00486  -0.00366  -0.00476  -0.00269   -0.0154   -0.0456  -0.00867  -0.00372 -8.24e-05 -0.000137 -6.76e-06  1.05e-07 -6.42e-08   -0.0189  -0.00628 -0.000706 -5.26e-05    -0.023  -0.00263 -0.000859 -0.000273  -0.00345  -0.00799   -0.0044   -0.0454   -0.0025  -0.00407   -0.0102    0.0265   -0.0203   -0.0126    0.0304   -0.0147 -0.000365   -0.0649         1   -0.0518  -0.00691 -0.000467   -0.0172  -0.00292 -6.17e-05   -0.0675   -0.0159  -0.00322   -0.0253
   0.0668 -0.000724  -0.00335   -0.0134   -0.0275  -0.00798 -1.78e-15 -1.78e-15 -0.000287 -0.000365 -7.82e-16  -0.00498    -0.012  -0.00137  -0.00834  -0.00106  -0.00135  -0.00786   -0.0167 -0.000378 -3.48e-05   -0.0245  -0.00196  -0.00134    0.0457  -0.00833   0.00574  -0.00181  -0.00966   0.00202  -0.00723   0.00161   0.00312 -0.000241   -0.0176  -0.00233 -8.16e-06  -0.00183 -0.000886   0.00305 -7.88e-05   -0.0118   0.00398    0.0224    0.0146    0.0631  -0.00121  -0.00801   -0.0329   -0.0435   -0.0132   0.00546   -0.0118    -0.021  -0.00399  -0.00437   -0.0066   0.00135 -0.000601  -0.00426  -0.00233    0.0121  -0.00948  -0.00875   -0.0098  -0.00666   -0.0253    -0.108     -0.02  -0.00853 -7.18e-05 -0.000297 -9.52e-06 -3.92e-08 -1.48e-07   -0.0334   -0.0144  -0.00167  5.68e-05    -0.044   -0.0044  -0.00186 -0.000607  -0.00872   -0.0169  -0.00943   -0.0978   -0.0067  -0.00445    0.0134    0.0246   -0.0122    -0.011    0.0378   -0.0149 -0.000988    -0.147   -0.0518         1    -0.015  -0.00114    -0.037  -0.00623 -0.000103    -0.145   -0.0336   -0.0061   -0.0558
   0.0132  -0.00012  -0.00049  -0.00192  -0.00394  -0.00116 -3.46e-16 -3.46e-16 -5.04e-05 -7.09e-05  7.51e-18 -0.000709  -0.00171 -0.000196  -0.00119 -0.000152 -0.000193  -0.00113   -0.0024  0.000319  5.99e-05  -0.00319  0.000454 -0.000139   0.00781  -0.00121   0.00161 -0.000133  -0.00145  0.000342 -0.000955  0.000555  0.000674  8.24e-05  -0.00243  0.000461 -1.24e-06 -0.000195 -0.000166  0.000457 -1.46e-05  -0.00189  0.000805   0.00381   0.00398   0.00569 -0.000191 -0.000844  -0.00448  -0.00536  -0.00136  6.92e-05  -0.00205  -0.00344 -0.000413  -0.00157  -0.00133  -0.00027 -0.000619 -0.000594 -0.000807   0.00312   -0.0013  -0.00114  -0.00125 -0.000927  -0.00772    -0.015  -0.00255  -0.00124  -1.3e-05 -4.65e-05 -2.44e-06 -1.43e-07 -3.09e-08   -0.0049  -0.00215 -0.000211 -1.53e-05  -0.00614 -0.000845  -0.00037 -0.000101  -0.00158  -0.00217  -0.00128  -0.00651  -0.00135 -0.000736   0.00161   0.00543  -0.00159  -0.00208   0.00709  -0.00153  -0.00017   -0.0205  -0.00691    -0.015         1 -0.000158  -0.00494 -0.000877 -1.73e-05   -0.0194  -0.00433 -0.000826   -0.0079
-0.000423 -4.18e-06 -3.71e-05 -0.000146 -0.000266 -7.53e-05 -1.06e-17 -1.06e-17 -3.34e-06 -7.15e-06 -1.21e-17 -5.37e-05 -0.000113 -1.31e-05 -8.84e-05 -1.09e-05 -1.37e-05 -7.58e-05 -0.000159 -5.21e-05 -1.64e-06 -0.000555 -0.000115 -4.52e-05  0.000137 -0.000186  2.06e-05 -4.14e-05 -0.000163  7.89e-06 -0.000109 -1.67e-06     9e-06 -3.29e-05 -0.000423 -0.000169 -8.87e-08 -1.42e-05 -1.01e-05 -7.28e-06 -1.54e-06  -0.00021  4.67e-05  0.000287  0.000125  0.000518 -2.04e-05 -5.38e-06  0.000276  0.000501  0.000162   5.6e-05  2.14e-06  0.000129  8.86e-05  -6.9e-05  0.000166  1.18e-05  3.79e-05  2.45e-05 -2.45e-05  0.000269  -6.4e-05 -8.02e-05 -8.54e-05 -8.14e-05 -0.000366  -0.00116 -0.000109 -9.75e-05  2.64e-06 -3.57e-06 -1.63e-07 -2.35e-08 -2.94e-09 -0.000251 -0.000181 -1.16e-05 -7.79e-07 -0.000364 -6.92e-05 -3.69e-05 -9.57e-06 -0.000164 -0.000141 -9.16e-05  -0.00154 -0.000114  5.23e-06  0.000527  0.000189  0.000422  2.63e-06  0.000315  0.000342    -9e-06  -0.00158 -0.000467  -0.00114 -0.000158         1 -0.000364  -7.1e-05 -8.98e-07  -0.00138 -0.000284 -5.05e-05 -0.000532
   0.0304 -0.000263  -0.00107  -0.00431  -0.00888   -0.0026  -5.7e-16  -5.7e-16 -0.000111 -0.000159 -9.61e-17  -0.00159  -0.00386 -0.000441  -0.00268 -0.000342 -0.000435  -0.00253   -0.0054  0.000593   9.2e-05  -0.00636  0.000882  -0.00021    0.0181  -0.00238   0.00349 -0.000258  -0.00308  0.000696  -0.00221   0.00116    0.0017  0.000272  -0.00487   0.00109 -2.81e-06  -0.00055 -0.000312   0.00104 -2.73e-05   -0.0039  0.000588   0.00497   0.00742    0.0129 -0.000401  -0.00355   -0.0107   -0.0136  -0.00311   0.00169  -0.00294  -0.00632  -0.00165  -0.00164  -0.00197  3.98e-05 -0.000206 -0.000652 -0.000871   0.00462  -0.00322   -0.0027  -0.00322   -0.0021   -0.0101   -0.0342  -0.00592  -0.00274 -3.18e-05 -9.98e-05  -4.9e-06 -1.04e-07 -5.54e-08    -0.012  -0.00474 -0.000497 -2.04e-05   -0.0152   -0.0018 -0.000703 -0.000215  -0.00304  -0.00546   -0.0031   -0.0363  -0.00236  -0.00242  -0.00176    0.0137  -0.00929  -0.00653    0.0169  -0.00662 -0.000298   -0.0474   -0.0172    -0.037  -0.00494 -0.000364         1  -0.00209 -3.98e-05   -0.0474   -0.0109  -0.00209   -0.0181
  0.00472 -4.76e-05 -0.000197 -0.000758  -0.00152 -0.000446    -1e-16    -1e-16 -2.19e-05 -4.06e-05  6.77e-18 -0.000278 -0.000657 -7.53e-05 -0.000468 -5.94e-05 -7.53e-05 -0.000433 -0.000922  0.000143  3.52e-05  -0.00132  0.000267 -5.02e-05   0.00324 -0.000526  0.000822 -2.34e-05 -0.000626  0.000107 -0.000408  0.000275  0.000364  5.28e-05  -0.00104  0.000317 -5.27e-07 -8.31e-05 -5.65e-05  0.000131 -5.99e-06 -0.000829  5.75e-05   0.00078   0.00177  0.000999 -8.15e-05 -0.000631  -0.00103 -0.000909     5e-05  0.000228 -0.000279  -0.00059 -0.000127 -0.000451 -1.92e-05 -8.14e-05 -6.96e-06  6.18e-05 -0.000213   0.00123 -0.000513 -0.000426 -0.000533  -0.00037  -0.00251   -0.0059 -0.000807 -0.000488 -2.65e-06 -1.87e-05 -1.17e-06 -7.12e-08 -1.34e-08  -0.00211 -0.000889 -7.48e-05 -1.21e-05  -0.00263 -0.000408 -0.000166 -4.56e-05 -0.000688 -0.000893  -0.00053  -0.00689 -0.000517 -0.000421 -0.000283   0.00328  -0.00116   -0.0013   0.00365 -0.000504 -4.66e-05  -0.00832  -0.00292  -0.00623 -0.000877  -7.1e-05  -0.00209         1 -7.55e-06  -0.00807  -0.00179 -0.000363  -0.00308
 0.000228 -1.45e-06 -2.73e-06 -1.46e-05 -3.17e-05 -9.83e-06 -2.88e-18 -2.88e-18 -9.05e-07 -1.28e-06  3.67e-18 -5.13e-06 -1.36e-05 -1.54e-06 -9.04e-06 -1.19e-06 -1.51e-06 -8.81e-06 -1.91e-05  2.09e-05  2.91e-06   1.9e-05  4.11e-05  4.71e-06  0.000142  2.74e-07  5.18e-05  6.77e-06 -9.06e-06  4.54e-06 -3.93e-06  2.02e-05  2.18e-05  9.67e-06  3.69e-06   4.8e-05 -1.32e-08 -2.32e-07 -2.17e-06  6.16e-06 -1.63e-07 -1.48e-05 -5.36e-06  -1.4e-05  0.000102 -0.000136 -1.79e-06  -1.7e-05 -3.36e-05 -2.48e-05  1.71e-05 -6.48e-06  2.62e-07 -1.97e-05 -1.01e-05 -1.81e-05 -8.88e-06 -1.34e-05 -9.42e-06  1.09e-05 -1.28e-05  5.01e-05 -1.46e-05  -6.1e-06 -1.09e-05 -6.26e-06 -0.000134 -9.64e-05 -9.76e-06 -1.03e-05 -2.16e-07  -4.9e-07 -6.03e-08 -2.52e-09 -3.61e-10 -6.58e-05 -1.82e-05 -3.68e-07 -9.87e-07 -6.94e-05 -1.52e-05  -5.2e-06 -1.09e-06 -1.55e-05 -1.62e-05 -1.09e-05     6e-06 -1.36e-05  -2.5e-05 -0.000118  0.000163 -0.000132 -8.14e-05  0.000165  -5.5e-05 -1.37e-06 -0.000155 -6.17e-05 -0.000103 -1.73e-05 -8.98e-07 -3.98e-05 -7.55e-06         1 -0.000157 -3.39e-05 -8.78e-06 -6.29e-05
    0.113  -0.00107  -0.00419   -0.0171   -0.0355   -0.0104 -2.47e-15 -2.47e-15 -0.000437 -0.000561 -2.97e-16  -0.00631   -0.0154  -0.00176   -0.0107  -0.00136  -0.00173   -0.0101   -0.0216   0.00259  0.000293   -0.0245    0.0035 -0.000767    0.0725  -0.00904    0.0132   -0.0011   -0.0119   0.00303  -0.00849   0.00451   0.00636   0.00108   -0.0187   0.00382  -1.1e-05  -0.00211  -0.00136   0.00453  -0.00011    -0.015   0.00339    0.0227     0.028    0.0581  -0.00156   -0.0137   -0.0498   -0.0656   -0.0168    0.0058   -0.0149   -0.0312  -0.00756  -0.00765    -0.012   2.5e-05  -0.00237  -0.00441   -0.0037    0.0171    -0.013   -0.0108   -0.0125   -0.0083   -0.0409    -0.136   -0.0244   -0.0107 -0.000159 -0.000391 -2.01e-05 -4.56e-07  -2.2e-07    -0.047   -0.0186  -0.00202 -5.64e-05   -0.0597  -0.00677   -0.0027 -0.000839    -0.012   -0.0215   -0.0122    -0.136     -0.01   -0.0104  -0.00812    0.0487   -0.0413   -0.0254     0.062   -0.0301  -0.00129    -0.186   -0.0675    -0.145   -0.0194  -0.00138   -0.0474  -0.00807 -0.000157         1   -0.0432  -0.00811    -0.072
   0.0531 -0.000268 -0.000961  -0.00371  -0.00797  -0.00235  -5.7e-16  -5.7e-16 -8.07e-05 -9.88e-05 -1.05e-16  -0.00138   -0.0035 -0.000399  -0.00234 -0.000301 -0.000384  -0.00228  -0.00487  0.000605  3.89e-05  -0.00351  0.000944  9.45e-06    0.0174   -0.0013   0.00267 -0.000142  -0.00211  0.000647  -0.00165   0.00087    0.0014  0.000351  -0.00255   0.00148 -2.39e-06 -0.000571 -0.000244   0.00115 -1.53e-05  -0.00254  0.000299   0.00372   0.00479    0.0154 -0.000258  -0.00452   -0.0168   -0.0238  -0.00677   0.00184  -0.00414  -0.00959  -0.00293  -0.00108  -0.00442  0.000352 -0.000434  -0.00161 -0.000474   0.00131   -0.0031  -0.00253  -0.00299  -0.00171  -0.00507   -0.0303  -0.00639  -0.00224 -7.15e-05 -7.75e-05 -3.09e-06  1.37e-07 -3.43e-08   -0.0111  -0.00381 -0.000538   1.1e-05   -0.0141  -0.00116 -0.000385 -0.000155  -0.00193   -0.0052  -0.00277   -0.0377  -0.00167  -0.00267   -0.0046    0.0108    -0.013   -0.0062    0.0133   -0.0109 -0.000251   -0.0411   -0.0159   -0.0336  -0.00433 -0.000284   -0.0109  -0.00179 -3.39e-05   -0.0432         1  -0.00195   -0.0164
   0.0124 -6.22e-05 -0.000179 -0.000625  -0.00142 -0.000431 -1.09e-16 -1.09e-16 -2.04e-05 -4.26e-05  3.74e-17 -0.000232 -0.000626 -7.14e-05   -0.0004 -5.33e-05 -6.78e-05 -0.000406 -0.000876  0.000477  8.35e-05  0.000795   0.00109  0.000161     0.005  9.73e-05   0.00144  0.000201 -0.000235  8.07e-05 -0.000186  0.000492  0.000676   0.00029  0.000412   0.00167 -5.08e-07 -0.000116 -1.36e-05    0.0002 -3.12e-07 -0.000324  -0.00036 -0.000752   0.00274  -0.00233 -2.95e-05   -0.0012  -0.00292  -0.00355 -0.000454  0.000254 -0.000186   -0.0011 -0.000667 -0.000156  -0.00041 -0.000173  2.21e-05  0.000162 -0.000294  0.000868 -0.000616  -0.00037 -0.000628  -0.00024  -0.00281  -0.00459  -0.00105 -0.000421 -1.86e-05 -1.59e-05 -6.49e-07  7.49e-08 -4.75e-09  -0.00281 -0.000667 -8.31e-05 -1.68e-05  -0.00316 -0.000384 -8.17e-05 -2.63e-05 -0.000216  -0.00102 -0.000532  -0.00307 -2.55e-05 -0.000481  -0.00268   0.00577  -0.00327   -0.0023     0.006  -0.00257 -2.02e-05  -0.00727  -0.00322   -0.0061 -0.000826 -5.05e-05  -0.00209 -0.000363 -8.78e-06  -0.00811  -0.00195         1  -0.00295
   0.0275 -0.000505  -0.00211  -0.00855   -0.0191  -0.00572 -2.26e-15 -2.26e-15  -0.00018 -0.000171 -4.58e-16  -0.00316  -0.00839 -0.000956  -0.00536 -0.000701 -0.000891  -0.00553   -0.0117 -0.000841 -7.97e-05   -0.0155  -0.00313  -0.00158  -0.00609  -0.00479   0.00244  -0.00142  -0.00527 -0.000832  -0.00353  0.000738  0.000631 -0.000622   -0.0275  -0.00623 -4.54e-06 -0.000837 -0.000877  -0.00257 -5.43e-05   -0.0065 -0.000923   0.00387   0.00678   -0.0382 -0.000699   -0.0026   -0.0367   -0.0533   -0.0174  -0.00635   -0.0183   -0.0292  -0.00384   -0.0106   -0.0149  -0.00345  -0.00809  -0.00813  -0.00898   0.00984  -0.00546  -0.00514  -0.00488  -0.00364   -0.0674   -0.0653   -0.0173  -0.00549 -0.000278 -0.000194 -7.72e-06 -5.25e-07 -1.18e-07   -0.0194  -0.00828  -0.00114 -2.31e-05   -0.0224  -0.00268  -0.00131 -0.000338  -0.00549  -0.00822  -0.00489  -0.00479  -0.00559  -0.00164    0.0155  -0.00227  0.000192  -0.00356    0.0111   -0.0154  -0.00114   -0.0777   -0.0253   -0.0558   -0.0079 -0.000532   -0.0181  -0.00308 -6.29e-05    -0.072   -0.0164  -0.00295         1

  Chi^2                                0.118531  +/- 0.688566
  Chi^2/ndf                            0.016933
  Chi^2 for each template              17.0719 +/- 1.03635	15.3619 +/- 1.81918	45.3824 +/- 2.45018	73.9217 +/- 1.89822	105.815 +/- 3.22086	131.027 +/- 1.84224	151.396 +/- 3.54302	173.364 +/- 2.19661	
  Chi^2 for each template w.r.t. fit   17.0478 +/- 1.03635	15.0416 +/- 1.81918	45.5357 +/- 2.45018	74.0551 +/- 1.89822	106.231 +/- 3.22086	131.72 +/- 1.84224	152.237 +/- 3.54302	174.729 +/- 2.19661	  Partial chi^2                        0.00 (EG_RESOLUTION_ALL)    0.00 (EG_SCALE_ALL)    0.00 (EL_EFF_ID_TOTAL_1NPCOR_PLUS_UNCOR)    0.00 (EL_EFF_Iso_TOTAL_1NPCOR_PLUS_UNCOR)
  Partial chi^2                        0.00 (EL_EFF_Reco_TOTAL_1NPCOR_PLUS_UNCOR)    0.00 (EL_EFF_TriggerEff_TOTAL_1NPCOR_PLUS_UNCOR)    0.00 (EL_EFF_Trigger_TOTAL_1NPCOR_PLUS_UNCOR)    0.00 (FAKES_Electron)
  Partial chi^2                        0.00 (FAKES_Muon)    0.00 (FT_EFF_Eigen_B_0)    0.01 (FT_EFF_Eigen_B_1)    0.00 (FT_EFF_Eigen_B_2)
  Partial chi^2                        0.00 (FT_EFF_Eigen_B_3)    0.00 (FT_EFF_Eigen_B_4)    0.00 (FT_EFF_Eigen_B_5)    0.00 (FT_EFF_Eigen_B_6)
  Partial chi^2                        0.00 (FT_EFF_Eigen_B_7)    0.00 (FT_EFF_Eigen_B_8)    0.00 (FT_EFF_Eigen_C_0)    0.00 (FT_EFF_Eigen_C_1)
  Partial chi^2                        0.00 (FT_EFF_Eigen_C_2)    0.00 (FT_EFF_Eigen_C_3)    0.00 (FT_EFF_Eigen_Light_0)    0.00 (FT_EFF_Eigen_Light_1)
  Partial chi^2                        0.00 (FT_EFF_Eigen_Light_2)    0.00 (FT_EFF_Eigen_Light_3)    0.00 (FT_EFF_extrapolation)    0.00 (FT_EFF_extrapolation_from_charm)
  Partial chi^2                        0.01 (FULL_SYS_SUM)    0.00 (FULL_SYS_SUM_DETECTOR)    0.01 (FULL_SYS_SUM_THEORY)    0.01 (FULL_SYS_TOYS)
  Partial chi^2                        0.00 (JET_EffectiveNP_Detector1)    0.00 (JET_EffectiveNP_Detector2)    0.00 (JET_EffectiveNP_Mixed1)    0.00 (JET_EffectiveNP_Mixed2)
  Partial chi^2                        0.00 (JET_EffectiveNP_Mixed3)    0.00 (JET_EffectiveNP_Modelling1)    0.00 (JET_EffectiveNP_Modelling2)    0.00 (JET_EffectiveNP_Modelling3)
  Partial chi^2                        0.00 (JET_EffectiveNP_Modelling4)    0.00 (JET_EffectiveNP_Statistical1)    0.00 (JET_EffectiveNP_Statistical2)    0.00 (JET_EffectiveNP_Statistical3)
  Partial chi^2                        0.00 (JET_EffectiveNP_Statistical4)    0.00 (JET_EffectiveNP_Statistical5)    0.00 (JET_EffectiveNP_Statistical6)    0.00 (JET_EtaIntercalibration_Modelling)
  Partial chi^2                        0.00 (JET_EtaIntercalibration_NonClosure_2018data)    0.00 (JET_EtaIntercalibration_NonClosure_highE)    0.00 (JET_EtaIntercalibration_NonClosure_negEta)    0.00 (JET_EtaIntercalibration_NonClosure_posEta)
  Partial chi^2                        0.00 (JET_EtaIntercalibration_TotalStat)    0.00 (JET_Flavor_Composition_prop)    0.00 (JET_Flavor_Response_prop)    0.00 (JET_JER_DataVsMC_MC16_PseudoData)
  Partial chi^2                        0.00 (JET_JER_EffectiveNP_10_PseudoData)    0.00 (JET_JER_EffectiveNP_11_PseudoData)    0.00 (JET_JER_EffectiveNP_12restTerm_PseudoData)    0.00 (JET_JER_EffectiveNP_1_PseudoData)
  Partial chi^2                        0.00 (JET_JER_EffectiveNP_2_PseudoData)    0.00 (JET_JER_EffectiveNP_3_PseudoData)    0.00 (JET_JER_EffectiveNP_4_PseudoData)    0.00 (JET_JER_EffectiveNP_5_PseudoData)
  Partial chi^2                        0.00 (JET_JER_EffectiveNP_6_PseudoData)    0.00 (JET_JER_EffectiveNP_7_PseudoData)    0.00 (JET_JER_EffectiveNP_8_PseudoData)    0.00 (JET_JER_EffectiveNP_9_PseudoData)
  Partial chi^2                        0.00 (JET_JvtEfficiency)    0.00 (JET_Pileup_OffsetMu)    0.00 (JET_Pileup_OffsetNPV)    0.00 (JET_Pileup_PtTerm)
  Partial chi^2                        0.00 (JET_Pileup_RhoTopology)    0.00 (JET_PunchThrough_MC16)    0.00 (LUMINOSITY)    0.00 (MET_SoftTrk_ResoPara)
  Partial chi^2                        0.00 (MET_SoftTrk_ResoPerp)    0.00 (MET_SoftTrk_Scale)    0.00 (MUON_EFF_BADMUON_SYS)    0.00 (MUON_EFF_ISO_STAT)
  Partial chi^2                        0.00 (MUON_EFF_ISO_SYS)    0.00 (MUON_EFF_RECO_STAT)    0.00 (MUON_EFF_RECO_SYS)    0.00 (MUON_EFF_TTVA_STAT)
  Partial chi^2                        0.00 (MUON_EFF_TTVA_SYS)    0.00 (MUON_EFF_TrigStatUncertainty)    0.00 (MUON_EFF_TrigSystUncertainty)    0.00 (MUON_SAGITTA_DATASTAT)
  Partial chi^2                        0.00 (MUON_SAGITTA_RESBIAS)    0.00 (PRW_DATASF)    0.05 (STAT_DATA)    0.00 (STAT_MC)  
  Partial chi^2                        0.00 (THEORY_CROSS_SECTION_Wjets)    0.01 (THEORY_CROSS_SECTION_other_top_noWt)    0.00 (THEORY_CROSS_SECTION_signal)    0.02 (THEORY_DR_DS_signal)
  Partial chi^2                        0.00 (THEORY_EWK_Wjets)    0.00 (THEORY_EWK_multiboson_noW)    0.00 (THEORY_FSR_signal)    0.00 (THEORY_HDAMP_signal)
  Partial chi^2                        0.00 (THEORY_ISR_signal)    0.00 (THEORY_PDF4LHC_VARIATION_Wjets)    0.00 (THEORY_PDF4LHC_VARIATION_multiboson_noW)    0.00 (THEORY_PDF4LHC_VARIATION_signal)
  Partial chi^2                        0.00 (THEORY_PTHARD_signal)    0.01 (THEORY_SCALE_COMBINED_Wjets)    0.00 (THEORY_SCALE_COMBINED_multiboson_noW)    0.00 (THEORY_SCALE_FACTORISATION_signal)
  Partial chi^2                        0.00 (THEORY_SCALE_RENORMALISATION_signal)    0.00 (THEORY_SHOWERING_HERWIG7_signal)    0.00 (THEORY_TOPRECOIL_signal)    0.00 (THEORY_TOP_MASS_signal)
  Partial chi^2                        0.02 (TOTAL)        0.02 (TOTAL_NO_DR_DS)    0.01 (TOTAL_SYSONLY)    0.00 (WMASS_VAR_signal)
  Partial chi^2                        0.00 (pseudoDataStat)

  Uncertainties from HESSE matrix
     LTF: Result[0]:                   164.93  +/- 0.672637 (fit [from HESSE])

  Alternative result from pol2-fit to chi^2 values of the templates
     Result(pol2-chi2)[0]              153.109   +/- 2.10387 (fit)
     Chi^2(min)                        -13.0007

  Result from linearized second-order model approximation
     EDM (Taylor) [0]                  4.97227e-07

  Expected distance to minimum
     EDM (Newton) [0]                  4.98297e-07
     EDM Delta-chi^2                   -5.47712e-13


  'Uncertainties' on M from second-order model approximation
     sigma_m[0]                       4.97223e-07
     sigma_m[EG_RESOLUTION_ALL]       0.00
     sigma_m[EG_SCALE_ALL]            -0.00
     sigma_m[EL_EFF_ID_TOTAL_1NPCOR_PLUS_UNCOR] -0.00
     sigma_m[EL_EFF_Iso_TOTAL_1NPCOR_PLUS_UNCOR] 0.00
     sigma_m[EL_EFF_Reco_TOTAL_1NPCOR_PLUS_UNCOR] 0.00
     sigma_m[EL_EFF_TriggerEff_TOTAL_1NPCOR_PLUS_UNCOR] 0.00
     sigma_m[EL_EFF_Trigger_TOTAL_1NPCOR_PLUS_UNCOR] 0.00
     sigma_m[MUON_SAGITTA_DATASTAT]   0.00
     sigma_m[MUON_SAGITTA_RESBIAS]    0.00
     sigma_m[MUON_EFF_BADMUON_SYS]    0.00
     sigma_m[MUON_EFF_ISO_STAT]       0.00
     sigma_m[MUON_EFF_ISO_SYS]        0.00
     sigma_m[MUON_EFF_RECO_STAT]      0.00
     sigma_m[MUON_EFF_RECO_SYS]       -0.00
     sigma_m[MUON_EFF_TTVA_STAT]      0.00
     sigma_m[MUON_EFF_TTVA_SYS]       0.00
     sigma_m[MUON_EFF_TrigStatUncertainty] 0.00
     sigma_m[MUON_EFF_TrigSystUncertainty] 0.00
     sigma_m[JET_EffectiveNP_Detector1] 0.00
     sigma_m[JET_EffectiveNP_Detector2] 0.00
     sigma_m[JET_EffectiveNP_Mixed1]  0.00
     sigma_m[JET_EffectiveNP_Mixed2]  0.00
     sigma_m[JET_EffectiveNP_Mixed3]  -0.00
     sigma_m[JET_EffectiveNP_Modelling1] 0.00
     sigma_m[JET_EffectiveNP_Modelling2] 0.00
     sigma_m[JET_EffectiveNP_Modelling3] 0.00
     sigma_m[JET_EffectiveNP_Modelling4] 0.00
     sigma_m[JET_EffectiveNP_Statistical1] -0.00
     sigma_m[JET_EffectiveNP_Statistical2] -0.00
     sigma_m[JET_EffectiveNP_Statistical3] -0.00
     sigma_m[JET_EffectiveNP_Statistical4] 0.00
     sigma_m[JET_EffectiveNP_Statistical5] 0.00
     sigma_m[JET_EffectiveNP_Statistical6] 0.00
     sigma_m[JET_EtaIntercalibration_Modelling] -0.00
     sigma_m[JET_EtaIntercalibration_NonClosure_2018data] 0.00
     sigma_m[JET_EtaIntercalibration_NonClosure_highE] 0.00
     sigma_m[JET_EtaIntercalibration_NonClosure_negEta] 0.00
     sigma_m[JET_EtaIntercalibration_NonClosure_posEta] 0.00
     sigma_m[JET_EtaIntercalibration_TotalStat] -0.00
     sigma_m[JET_Flavor_Composition_prop] -0.00
     sigma_m[JET_Flavor_Response_prop] -0.00
     sigma_m[JET_Pileup_OffsetMu]     -0.00
     sigma_m[JET_Pileup_OffsetNPV]    -0.00
     sigma_m[JET_Pileup_PtTerm]       0.00
     sigma_m[JET_Pileup_RhoTopology]  -0.00
     sigma_m[JET_PunchThrough_MC16]   -0.00
     sigma_m[JET_JER_DataVsMC_MC16_PseudoData] -0.00
     sigma_m[JET_JER_EffectiveNP_1_PseudoData] -0.00
     sigma_m[JET_JER_EffectiveNP_2_PseudoData] -0.00
     sigma_m[JET_JER_EffectiveNP_3_PseudoData] -0.00
     sigma_m[JET_JER_EffectiveNP_4_PseudoData] 0.00
     sigma_m[JET_JER_EffectiveNP_5_PseudoData] -0.00
     sigma_m[JET_JER_EffectiveNP_6_PseudoData] -0.00
     sigma_m[JET_JER_EffectiveNP_7_PseudoData] -0.00
     sigma_m[JET_JER_EffectiveNP_8_PseudoData] 0.00
     sigma_m[JET_JER_EffectiveNP_9_PseudoData] -0.00
     sigma_m[JET_JER_EffectiveNP_10_PseudoData] -0.00
     sigma_m[JET_JER_EffectiveNP_11_PseudoData] 0.00
     sigma_m[JET_JER_EffectiveNP_12restTerm_PseudoData] -0.00
     sigma_m[JET_JvtEfficiency]       0.00
     sigma_m[PRW_DATASF]              0.00
     sigma_m[MET_SoftTrk_ResoPara]    -0.00
     sigma_m[MET_SoftTrk_ResoPerp]    -0.00
     sigma_m[MET_SoftTrk_Scale]       -0.00
     sigma_m[WMASS_VAR_signal]        -0.00
     sigma_m[FT_EFF_Eigen_B_0]        0.00
     sigma_m[FT_EFF_Eigen_B_1]        -0.00
     sigma_m[FT_EFF_Eigen_B_2]        -0.00
     sigma_m[FT_EFF_Eigen_B_3]        0.00
     sigma_m[FT_EFF_Eigen_B_4]        -0.00
     sigma_m[FT_EFF_Eigen_B_5]        0.00
     sigma_m[FT_EFF_Eigen_B_6]        -0.00
     sigma_m[FT_EFF_Eigen_B_7]        0.00
     sigma_m[FT_EFF_Eigen_B_8]        0.00
     sigma_m[FT_EFF_Eigen_C_0]        0.00
     sigma_m[FT_EFF_Eigen_C_1]        -0.00
     sigma_m[FT_EFF_Eigen_C_2]        -0.00
     sigma_m[FT_EFF_Eigen_C_3]        0.00
     sigma_m[FT_EFF_Eigen_Light_0]    0.00
     sigma_m[FT_EFF_Eigen_Light_1]    0.00
     sigma_m[FT_EFF_Eigen_Light_2]    -0.00
     sigma_m[FT_EFF_Eigen_Light_3]    -0.00
     sigma_m[FT_EFF_extrapolation]    -0.00
     sigma_m[FT_EFF_extrapolation_from_charm] 0.00
     sigma_m[THEORY_CROSS_SECTION_signal] 0.00
     sigma_m[THEORY_SHOWERING_HERWIG7_signal] 0.00
     sigma_m[THEORY_SCALE_FACTORISATION_signal] 0.00
     sigma_m[THEORY_SCALE_RENORMALISATION_signal] -0.00
     sigma_m[THEORY_ISR_signal]       0.00
     sigma_m[THEORY_FSR_signal]       0.00
     sigma_m[THEORY_HDAMP_signal]     0.00
     sigma_m[THEORY_PTHARD_signal]    0.00
     sigma_m[THEORY_TOPRECOIL_signal] 0.00
     sigma_m[THEORY_TOP_MASS_signal]  0.00
     sigma_m[THEORY_PDF4LHC_VARIATION_signal] 0.00
     sigma_m[THEORY_DR_DS_signal]     0.00
     sigma_m[THEORY_CROSS_SECTION_Wjets] 0.00
     sigma_m[THEORY_SCALE_COMBINED_Wjets] 0.00
     sigma_m[THEORY_PDF4LHC_VARIATION_Wjets] 0.00
     sigma_m[THEORY_EWK_Wjets]        -0.00
     sigma_m[THEORY_SCALE_COMBINED_multiboson_noW] 0.00
     sigma_m[THEORY_PDF4LHC_VARIATION_multiboson_noW] 0.00
     sigma_m[THEORY_EWK_multiboson_noW] 0.00
     sigma_m[THEORY_CROSS_SECTION_other_top_noWt] 0.00
     sigma_m[FAKES_Electron]          0.00
     sigma_m[FAKES_Muon]              0.00
     sigma_m[LUMINOSITY]              0.00

  Settings
     Number of data points             8
     Number of templates               8
     Number of fit parameters          1
     Template reference values [0]     162.5 167.5   170 172.5   175 177.5   180 182.5
     Number of nuisance param.         107
     Gamma[0]                          1.000
     LogNormal                         false
     Response matrix                   false

  please cite: D. Britzger, The Linear Template Fit, Eur.Phys.J.C 82 (2022) 731, arXiv:2112.01548.
------------------------------------------------------------------------

Warning in <TFile::Append>: Replacing existing TH1: hist (Potential memory leak).
Warning in <TFile::Append>: Replacing existing TH1: hist (Potential memory leak).
Warning in <TFile::Append>: Replacing existing TH1: hist (Potential memory leak).
Warning in <TFile::Append>: Replacing existing TH1: hist (Potential memory leak).
Warning in <TFile::Append>: Replacing existing TH1: hist (Potential memory leak).
Warning in <TFile::Append>: Replacing existing TH1: hist (Potential memory leak).
Warning in <TFile::Append>: Replacing existing TH1: hist (Potential memory leak).
Warning in <TFile::Append>: Replacing existing TH1: hist (Potential memory leak).
Warning in <TFile::Append>: Replacing existing TH1: hist (Potential memory leak).
Info in <TCanvas::Print>: ps file plots/fit_mbw.ps has been created
Info in <TCanvas::Print>: Current canvas added to ps file plots/fit_mbw.ps
Info in <TCanvas::Print>: Current canvas added to ps file plots/fit_mbw.ps
Info in <TCanvas::Print>: Current canvas added to ps file plots/fit_mbw.ps
Info in <TCanvas::Print>: Current canvas added to ps file plots/fit_mbw.ps
Info in <TCanvas::Print>: Current canvas added to ps file plots/fit_mbw.ps
Info in <TCanvas::Print>: Current canvas added to ps file plots/fit_mbw.ps
Info in <TCanvas::Print>: Current canvas added to ps file plots/fit_mbw.ps
Info in <TCanvas::Print>: Current canvas added to ps file plots/fit_mbw.ps
Info in <TCanvas::Print>: Current canvas added to ps file plots/fit_mbw.ps
Info in <TCanvas::Print>: Current canvas added to ps file plots/fit_mbw.ps
Info in <TCanvas::Print>: Current canvas added to ps file plots/fit_mbw.ps
Info in <TCanvas::Print>: Current canvas added to ps file plots/fit_mbw.ps
Info in <TCanvas::Print>: Current canvas added to ps file plots/fit_mbw.ps
Info in <TCanvas::Print>: Current canvas added to ps file plots/fit_mbw.ps
Info in <TCanvas::Print>: Current canvas added to ps file plots/fit_mbw.ps
Info in <TCanvas::Print>: Current canvas added to ps file plots/fit_mbw.ps
Info in <TCanvas::Print>: Current canvas added to ps file plots/fit_mbw.ps
Info in <TCanvas::Print>: Current canvas added to ps file plots/fit_mbw.ps
Info in <TCanvas::Print>: Current canvas added to ps file plots/fit_mbw.ps
Info in <TCanvas::Print>: Current canvas added to ps file plots/fit_mbw.ps
Info in <TCanvas::Print>: Current canvas added to ps file plots/fit_mbw.ps
Info in <TCanvas::Print>: Current canvas added to ps file plots/fit_mbw.ps
Info in <TCanvas::Print>: Current canvas added to ps file plots/fit_mbw.ps
Info in <TCanvas::Print>: Current canvas added to ps file plots/fit_mbw.ps
Info in <TCanvas::Print>: Current canvas added to ps file plots/fit_mbw.ps
Info in <TCanvas::Print>: Current canvas added to ps file plots/fit_mbw.ps
Info in <TCanvas::Print>: Current canvas added to ps file plots/fit_mbw.ps
Info in <TCanvas::Print>: Current canvas added to ps file plots/fit_mbw.ps
Info in <TCanvas::Print>: Current canvas added to ps file plots/fit_mbw.ps
Info in <TCanvas::Print>: ps file plots/fit_mbw.ps has been closed
Found covarinace matrix unfolding_covariance_matrix_ptl1_covariance_STAT_DATA
Johannes print final covariance matrix
0.000296513	-8.87722e-06	3.56182e-06	4.20772e-07	1.32436e-06	-1.31017e-06	-6.05943e-08	6.19946e-07	-2.67925e-07	
-8.87722e-06	0.000102184	-3.29969e-06	-1.11394e-06	6.11918e-07	-3.78427e-07	-4.72422e-07	-1.68733e-07	2.78267e-07	
3.56182e-06	-3.29969e-06	3.50708e-05	-1.63334e-06	4.72694e-07	8.89094e-08	-2.93824e-08	1.13642e-07	1.39976e-08	
4.20772e-07	-1.11394e-06	-1.63334e-06	1.3149e-05	-1.21697e-06	3.309e-07	-4.8939e-08	-6.52641e-08	6.05852e-08	
1.32436e-06	6.11918e-07	4.72694e-07	-1.21697e-06	5.10414e-06	-6.44619e-07	1.12659e-07	1.86622e-08	-1.40465e-08	
-1.31017e-06	-3.78427e-07	8.89094e-08	3.309e-07	-6.44619e-07	2.60842e-06	-3.19479e-07	1.73992e-08	-6.71824e-09	
-6.05943e-08	-4.72422e-07	-2.93824e-08	-4.8939e-08	1.12659e-07	-3.19479e-07	9.18466e-07	-9.61144e-08	-1.82316e-09	
6.19946e-07	-1.68733e-07	1.13642e-07	-6.52641e-08	1.86622e-08	1.73992e-08	-9.61144e-08	4.14474e-07	-4.74609e-08	
-2.67925e-07	2.78267e-07	1.39976e-08	6.05852e-08	-1.40465e-08	-6.71824e-09	-1.82316e-09	-4.74609e-08	1.26654e-07	
Johannes print final correltaion matrix
1	-0.0509994	0.0349283	0.00673874	0.0340427	-0.0471103	-0.00367179	0.0559221	-0.0437202	
-0.0509994	1	-0.0551201	-0.0303896	0.0267942	-0.0231794	-0.048765	-0.0259275	0.0773502	
0.0349283	-0.0551201	1	-0.0760601	0.0353302	0.00929579	-0.00517705	0.0298068	0.00664158	
0.00673874	-0.0303896	-0.0760601	1	-0.148549	0.0565016	-0.0140824	-0.0279562	0.0469472	
0.0340427	0.0267942	0.0353302	-0.148549	1	-0.176666	0.0520321	0.0128308	-0.0174702	
-0.0471103	-0.0231794	0.00929579	0.0565016	-0.176666	1	-0.206406	0.0167337	-0.0116885	
-0.00367179	-0.048765	-0.00517705	-0.0140824	0.0520321	-0.206406	1	-0.155779	-0.00534543	
0.0559221	-0.0259275	0.0298068	-0.0279562	0.0128308	0.0167337	-0.155779	1	-0.207147	
-0.0437202	0.0773502	0.00664158	0.0469472	-0.0174702	-0.0116885	-0.00534543	-0.207147	1	
TH1.Print Name  = total_error, Entries= 963, Total sum= 0.558417
 fSumw[0]=0, x=-0.5, error=0
 fSumw[1]=0.0622839, x=0.5, error=0
 fSumw[2]=0.0585707, x=1.5, error=0
 fSumw[3]=0.0540701, x=2.5, error=0
 fSumw[4]=0.0483797, x=3.5, error=0
 fSumw[5]=0.0469105, x=4.5, error=0
 fSumw[6]=0.0474662, x=5.5, error=0
 fSumw[7]=0.0470775, x=6.5, error=0
 fSumw[8]=0.0670667, x=7.5, error=0
 fSumw[9]=0.126592, x=8.5, error=0
 fSumw[10]=0, x=9.5, error=0
STAT_MC 0.000540388
STAT_MC 0.0007528
STAT_MC 0.00125813
STAT_MC 0.00196867
STAT_MC 0.00285077
STAT_MC 0.00332167
STAT_MC 0.00588833
STAT_MC 0.00880857
STAT_MC 0.01913
TH1.Print Name  = total_error, Entries= 972, Total sum= 0.561062
 fSumw[0]=0, x=-0.5, error=0
 fSumw[1]=0.0622863, x=0.5, error=0
 fSumw[2]=0.0585755, x=1.5, error=0
 fSumw[3]=0.0540847, x=2.5, error=0
 fSumw[4]=0.0484197, x=3.5, error=0
 fSumw[5]=0.0469971, x=4.5, error=0
 fSumw[6]=0.0475823, x=5.5, error=0
 fSumw[7]=0.0474443, x=6.5, error=0
 fSumw[8]=0.0676427, x=7.5, error=0
 fSumw[9]=0.128029, x=8.5, error=0
 fSumw[10]=0, x=9.5, error=0
TH1.Print Name  = total_error, Entries= 981, Total sum= 0.573484
 fSumw[0]=0, x=-0.5, error=0
 fSumw[1]=0.0622968, x=0.5, error=0
 fSumw[2]=0.0586037, x=1.5, error=0
 fSumw[3]=0.0541663, x=2.5, error=0
 fSumw[4]=0.0486598, x=3.5, error=0
 fSumw[5]=0.047587, x=4.5, error=0
 fSumw[6]=0.0485879, x=5.5, error=0
 fSumw[7]=0.0502202, x=6.5, error=0
 fSumw[8]=0.0710332, x=7.5, error=0
 fSumw[9]=0.132329, x=8.5, error=0
 fSumw[10]=0, x=9.5, error=0

        Data        Stat Tmpl_162.50 Stat_162.50 Tmpl_167.50 Stat_167.50 Tmpl_170.00 Stat_170.00 Tmpl_172.50 Stat_172.50 Tmpl_175.00 Stat_175.00 Tmpl_177.50 Stat_177.50 Tmpl_180.00 Stat_180.00 Tmpl_182.50 Stat_182.50
    5.291268    0.006061    5.478960    0.006524    5.134744    0.009751    4.955616    0.009594    4.775316    0.006353    4.615292    0.008409    4.443212    0.004601    4.293340    0.008768    4.123004    0.005083
    2.034511    0.003700    2.090821    0.003972    1.973672    0.005910    1.921350    0.005895    1.868814    0.003838    1.802498    0.005217    1.757872    0.002861    1.713038    0.005499    1.653532    0.003193
    0.726283    0.002159    0.739803    0.002359    0.712910    0.003446    0.697893    0.003481    0.684886    0.002210    0.670262    0.003241    0.655471    0.001721    0.641612    0.003270    0.628159    0.001946
    0.261957    0.001265    0.269424    0.001477    0.262658    0.002061    0.257165    0.002082    0.254746    0.001279    0.253339    0.001944    0.246042    0.001029    0.242731    0.001962    0.239351    0.001181
    0.102673    0.000767    0.104274    0.000856    0.099691    0.001213    0.101310    0.001255    0.099477    0.000740    0.100326    0.001201    0.098534    0.000636    0.096254    0.001204    0.097149    0.000750
    0.054247    0.000533    0.055411    0.000601    0.055208    0.000887    0.052590    0.000865    0.054862    0.000511    0.054421    0.000876    0.054603    0.000473    0.054891    0.000896    0.052824    0.000550
    0.017363    0.000286    0.017551    0.000348    0.017480    0.000483    0.016805    0.000463    0.017495    0.000257    0.017437    0.000494    0.017426    0.000248    0.018210    0.000500    0.017262    0.000287
    0.007608    0.000165    0.007882    0.000209    0.008061    0.000316    0.008202    0.000319    0.007951    0.000140    0.008158    0.000299    0.008275    0.000162    0.008296    0.000304    0.008395    0.000194
    0.001996    0.000067    0.002057    0.000072    0.002215    0.000137    0.001985    0.000117    0.002155    0.000054    0.002407    0.000137    0.002194    0.000093    0.002312    0.000144    0.002181    0.000075

LTF::DoLiTeFit(). Fit done. Result:  164.746Johannes Inverse matrix of W
 0.000341422 -8.87722e-06  3.56182e-06  4.20772e-07  1.32436e-06 -1.31017e-06 -6.05943e-08  6.19946e-07 -2.67925e-07
-8.87722e-06  0.000118217 -3.29969e-06 -1.11394e-06  6.11918e-07 -3.78427e-07 -4.72422e-07 -1.68733e-07  2.78267e-07
 3.56182e-06 -3.29969e-06  4.05678e-05 -1.63334e-06  4.72694e-07  8.89094e-08 -2.93824e-08  1.13642e-07  1.39976e-08
 4.20772e-07 -1.11394e-06 -1.63334e-06  1.50147e-05 -1.21697e-06    3.309e-07  -4.8939e-08 -6.52641e-08  6.05852e-08
 1.32436e-06  6.11918e-07  4.72694e-07 -1.21697e-06  5.77798e-06 -6.44619e-07  1.12659e-07  1.86622e-08 -1.40465e-08
-1.31017e-06 -3.78427e-07  8.89094e-08    3.309e-07 -6.44619e-07   2.9255e-06 -3.19479e-07  1.73992e-08 -6.71824e-09
-6.05943e-08 -4.72422e-07 -2.93824e-08  -4.8939e-08  1.12659e-07 -3.19479e-07  1.01065e-06 -9.61144e-08 -1.82316e-09
 6.19946e-07 -1.68733e-07  1.13642e-07 -6.52641e-08  1.86622e-08  1.73992e-08 -9.61144e-08  4.46184e-07 -4.74609e-08
-2.67925e-07  2.78267e-07  1.39976e-08  6.05852e-08 -1.40465e-08 -6.71824e-09 -1.82316e-09 -4.74609e-08  1.32574e-07
  +/- 2.49979 (fit)  +/- 2.51105 (ext)  +/- 0.469282 (tmpl)  +/- 0 (MatA)   [chi^2=1.04477]

------------------------------------------------------------------------
        Result of the 1-dimensional linear template fit
        ```````````````````````````````````````````````
  LTF. Result[0]:   164.746  +/- 2.49979 (fit)  +/- 2.51105 (ext)

  LTF. Result[0]:   164.745587
                             +/-  1.135769 (STAT_DATA)
                             +/-  0.181974 (STAT_MC)
                             +/-  0.424477 (pseudoDataStat)
                             +/-  0.013670 (EG_RESOLUTION_ALL)
                             +/-  0.703894 (EG_SCALE_ALL)
                             +/-  0.299691 (EL_EFF_ID_TOTAL_1NPCOR_PLUS_UNCOR)
                             +/- -0.141660 (EL_EFF_Iso_TOTAL_1NPCOR_PLUS_UNCOR)
                             +/- -0.115106 (EL_EFF_Reco_TOTAL_1NPCOR_PLUS_UNCOR)
                             +/- -0.000000 (EL_EFF_TriggerEff_TOTAL_1NPCOR_PLUS_UNCOR)
                             +/- -0.000000 (EL_EFF_Trigger_TOTAL_1NPCOR_PLUS_UNCOR)
                             +/-  0.286831 (FAKES_Electron)
                             +/- -0.035703 (FAKES_Muon)
                             +/- -0.099921 (FT_EFF_Eigen_B_0)
                             +/-  0.248517 (FT_EFF_Eigen_B_1)
                             +/- -0.057217 (FT_EFF_Eigen_B_2)
                             +/- -0.068423 (FT_EFF_Eigen_B_3)
                             +/- -0.010790 (FT_EFF_Eigen_B_4)
                             +/-  0.002087 (FT_EFF_Eigen_B_5)
                             +/-  0.000041 (FT_EFF_Eigen_B_6)
                             +/- -0.000004 (FT_EFF_Eigen_B_7)
                             +/-  0.000001 (FT_EFF_Eigen_B_8)
                             +/- -0.071623 (FT_EFF_Eigen_C_0)
                             +/-  0.038786 (FT_EFF_Eigen_C_1)
                             +/- -0.014660 (FT_EFF_Eigen_C_2)
                             +/-  0.002092 (FT_EFF_Eigen_C_3)
                             +/-  0.081131 (FT_EFF_Eigen_Light_0)
                             +/-  0.010704 (FT_EFF_Eigen_Light_1)
                             +/-  0.003034 (FT_EFF_Eigen_Light_2)
                             +/-  0.002985 (FT_EFF_Eigen_Light_3)
                             +/-  0.007944 (FT_EFF_extrapolation)
                             +/-  0.000664 (FT_EFF_extrapolation_from_charm)
                             +/- -0.047937 (JET_EffectiveNP_Detector1)
                             +/- -0.006166 (JET_EffectiveNP_Detector2)
                             +/- -0.043295 (JET_EffectiveNP_Mixed1)
                             +/- -0.098760 (JET_EffectiveNP_Mixed2)
                             +/- -0.031927 (JET_EffectiveNP_Mixed3)
                             +/- -0.775589 (JET_EffectiveNP_Modelling1)
                             +/- -0.000144 (JET_EffectiveNP_Modelling2)
                             +/-  0.046129 (JET_EffectiveNP_Modelling3)
                             +/- -0.013550 (JET_EffectiveNP_Modelling4)
                             +/-  0.002037 (JET_EffectiveNP_Statistical1)
                             +/- -0.076515 (JET_EffectiveNP_Statistical2)
                             +/-  0.001596 (JET_EffectiveNP_Statistical3)
                             +/-  0.014313 (JET_EffectiveNP_Statistical4)
                             +/- -0.012843 (JET_EffectiveNP_Statistical5)
                             +/- -0.018942 (JET_EffectiveNP_Statistical6)
                             +/- -0.458313 (JET_EtaIntercalibration_Modelling)
                             +/- -0.146903 (JET_EtaIntercalibration_NonClosure_2018data)
                             +/-  0.000071 (JET_EtaIntercalibration_NonClosure_highE)
                             +/- -0.005428 (JET_EtaIntercalibration_NonClosure_negEta)
                             +/- -0.005655 (JET_EtaIntercalibration_NonClosure_posEta)
                             +/- -0.143144 (JET_EtaIntercalibration_TotalStat)
                             +/-  0.000362 (JET_Flavor_Composition_prop)
                             +/-  0.011288 (JET_Flavor_Response_prop)
                             +/- -0.124238 (JET_JER_DataVsMC_MC16_PseudoData)
                             +/- -0.053008 (JET_JER_EffectiveNP_10_PseudoData)
                             +/-  0.030572 (JET_JER_EffectiveNP_11_PseudoData)
                             +/- -0.097978 (JET_JER_EffectiveNP_12restTerm_PseudoData)
                             +/- -0.307902 (JET_JER_EffectiveNP_1_PseudoData)
                             +/- -0.342563 (JET_JER_EffectiveNP_2_PseudoData)
                             +/- -0.265780 (JET_JER_EffectiveNP_3_PseudoData)
                             +/-  0.002792 (JET_JER_EffectiveNP_4_PseudoData)
                             +/- -0.145004 (JET_JER_EffectiveNP_5_PseudoData)
                             +/- -0.207498 (JET_JER_EffectiveNP_6_PseudoData)
                             +/- -0.036279 (JET_JER_EffectiveNP_7_PseudoData)
                             +/-  0.038237 (JET_JER_EffectiveNP_8_PseudoData)
                             +/- -0.123616 (JET_JER_EffectiveNP_9_PseudoData)
                             +/- -0.116958 (JET_JvtEfficiency)
                             +/- -0.154903 (JET_Pileup_OffsetMu)
                             +/- -0.409420 (JET_Pileup_OffsetNPV)
                             +/- -0.137687 (JET_Pileup_PtTerm)
                             +/- -1.322721 (JET_Pileup_RhoTopology)
                             +/-  0.000891 (JET_PunchThrough_MC16)
                             +/-  0.098422 (LUMINOSITY)
                             +/-  0.165269 (MET_SoftTrk_ResoPara)
                             +/-  0.104807 (MET_SoftTrk_ResoPerp)
                             +/-  0.144006 (MET_SoftTrk_Scale)
                             +/-  0.000000 (MUON_EFF_BADMUON_SYS)
                             +/-  0.218667 (MUON_EFF_ISO_STAT)
                             +/- -0.027564 (MUON_EFF_ISO_SYS)
                             +/- -0.002953 (MUON_EFF_RECO_STAT)
                             +/-  0.179096 (MUON_EFF_RECO_SYS)
                             +/-  0.035364 (MUON_EFF_TTVA_STAT)
                             +/-  0.044899 (MUON_EFF_TTVA_SYS)
                             +/- -0.014438 (MUON_EFF_TrigStatUncertainty)
                             +/- -0.031092 (MUON_EFF_TrigSystUncertainty)
                             +/-  0.008009 (MUON_SAGITTA_DATASTAT)
                             +/-  0.010912 (MUON_SAGITTA_RESBIAS)
                             +/- -0.285173 (PRW_DATASF)
                             +/-  0.085741 (THEORY_CROSS_SECTION_Wjets)
                             +/-  0.021843 (THEORY_CROSS_SECTION_other_top_noWt)
                             +/-  0.010907 (THEORY_CROSS_SECTION_signal)
                             +/-  0.031696 (THEORY_DR_DS_signal)
                             +/-  0.005566 (THEORY_EWK_Wjets)
                             +/-  0.000504 (THEORY_EWK_multiboson_noW)
                             +/- -0.110709 (THEORY_FSR_signal)
                             +/- -0.249156 (THEORY_HDAMP_signal)
                             +/-  0.225735 (THEORY_ISR_signal)
                             +/-  0.030245 (THEORY_PDF4LHC_VARIATION_Wjets)
                             +/-  0.015149 (THEORY_PDF4LHC_VARIATION_multiboson_noW)
                             +/- -0.001757 (THEORY_PDF4LHC_VARIATION_signal)
                             +/- -0.152900 (THEORY_PTHARD_signal)
                             +/-  0.091653 (THEORY_SCALE_COMBINED_Wjets)
                             +/-  0.060300 (THEORY_SCALE_COMBINED_multiboson_noW)
                             +/-  0.043134 (THEORY_SCALE_FACTORISATION_signal)
                             +/-  0.047528 (THEORY_SCALE_RENORMALISATION_signal)
                             +/-  0.425889 (THEORY_SHOWERING_HERWIG7_signal)
                             +/-  0.278222 (THEORY_TOPRECOIL_signal)
                             +/-  0.186911 (THEORY_TOP_MASS_signal)
                             +/-  0.024122 (WMASS_VAR_signal)

                             +/- -1.009939 (FULL_SYS_SUM)
                             +/- -1.195360 (FULL_SYS_SUM_DETECTOR)
                             +/-  0.420380 (FULL_SYS_SUM_THEORY)
                             +/- -1.009939 (FULL_SYS_TOYS)
                             +/- -0.906324 (TOTAL)
                             +/- -0.910920 (TOTAL_NO_DR_DS)
                             +/- -1.004286 (TOTAL_SYSONLY)
                             +/-  0.469282 (statY)

  Nuisance parameters                  0.002  +/-  0.999  (EG_RESOLUTION_ALL)
                                      -0.266  +/-  0.891  (EG_SCALE_ALL)
                                      -0.049  +/-  0.981  (EL_EFF_ID_TOTAL_1NPCOR_PLUS_UNCOR)
                                      -0.119  +/-  0.982  (EL_EFF_Iso_TOTAL_1NPCOR_PLUS_UNCOR)
                                      -0.030  +/-  0.999  (EL_EFF_Reco_TOTAL_1NPCOR_PLUS_UNCOR)
                                      -0.000  +/-  1.000  (EL_EFF_TriggerEff_TOTAL_1NPCOR_PLUS_UNCOR)
                                      -0.000  +/-  1.000  (EL_EFF_Trigger_TOTAL_1NPCOR_PLUS_UNCOR)
                                       0.003  +/-  1.000  (MUON_SAGITTA_DATASTAT)
                                       0.000  +/-  0.999  (MUON_SAGITTA_RESBIAS)
                                      -0.000  +/-  1.000  (MUON_EFF_BADMUON_SYS)
                                       0.030  +/-  0.996  (MUON_EFF_ISO_STAT)
                                      -0.030  +/-  0.999  (MUON_EFF_ISO_SYS)
                                      -0.002  +/-  1.000  (MUON_EFF_RECO_STAT)
                                      -0.032  +/-  0.996  (MUON_EFF_RECO_SYS)
                                       0.012  +/-  1.000  (MUON_EFF_TTVA_STAT)
                                       0.015  +/-  1.000  (MUON_EFF_TTVA_SYS)
                                      -0.011  +/-  1.000  (MUON_EFF_TrigStatUncertainty)
                                      -0.023  +/-  0.998  (MUON_EFF_TrigSystUncertainty)
                                       0.002  +/-  1.000  (JET_EffectiveNP_Detector1)
                                      -0.000  +/-  1.000  (JET_EffectiveNP_Detector2)
                                      -0.003  +/-  1.000  (JET_EffectiveNP_Mixed1)
                                       0.004  +/-  1.000  (JET_EffectiveNP_Mixed2)
                                      -0.004  +/-  1.000  (JET_EffectiveNP_Mixed3)
                                      -0.036  +/-  0.992  (JET_EffectiveNP_Modelling1)
                                       0.007  +/-  1.000  (JET_EffectiveNP_Modelling2)
                                       0.012  +/-  1.000  (JET_EffectiveNP_Modelling3)
                                      -0.002  +/-  1.000  (JET_EffectiveNP_Modelling4)
                                       0.000  +/-  1.000  (JET_EffectiveNP_Statistical1)
                                      -0.000  +/-  1.000  (JET_EffectiveNP_Statistical2)
                                       0.000  +/-  1.000  (JET_EffectiveNP_Statistical3)
                                       0.006  +/-  1.000  (JET_EffectiveNP_Statistical4)
                                      -0.008  +/-  1.000  (JET_EffectiveNP_Statistical5)
                                      -0.005  +/-  1.000  (JET_EffectiveNP_Statistical6)
                                       0.018  +/-  0.993  (JET_EtaIntercalibration_Modelling)
                                       0.007  +/-  1.000  (JET_EtaIntercalibration_NonClosure_2018data)
                                      -0.000  +/-  1.000  (JET_EtaIntercalibration_NonClosure_highE)
                                       0.000  +/-  1.000  (JET_EtaIntercalibration_NonClosure_negEta)
                                      -0.001  +/-  1.000  (JET_EtaIntercalibration_NonClosure_posEta)
                                       0.000  +/-  0.999  (JET_EtaIntercalibration_TotalStat)
                                      -0.000  +/-  1.000  (JET_Flavor_Composition_prop)
                                      -0.003  +/-  1.000  (JET_Flavor_Response_prop)
                                       0.009  +/-  0.998  (JET_Pileup_OffsetMu)
                                       0.041  +/-  0.988  (JET_Pileup_OffsetNPV)
                                      -0.008  +/-  0.999  (JET_Pileup_PtTerm)
                                      -0.045  +/-  0.923  (JET_Pileup_RhoTopology)
                                      -0.001  +/-  1.000  (JET_PunchThrough_MC16)
                                      -0.034  +/-  0.998  (JET_JER_DataVsMC_MC16_PseudoData)
                                      -0.036  +/-  0.996  (JET_JER_EffectiveNP_1_PseudoData)
                                       0.043  +/-  0.994  (JET_JER_EffectiveNP_2_PseudoData)
                                      -0.027  +/-  0.999  (JET_JER_EffectiveNP_3_PseudoData)
                                       0.006  +/-  0.997  (JET_JER_EffectiveNP_4_PseudoData)
                                      -0.027  +/-  0.996  (JET_JER_EffectiveNP_5_PseudoData)
                                      -0.036  +/-  0.998  (JET_JER_EffectiveNP_6_PseudoData)
                                       0.019  +/-  0.996  (JET_JER_EffectiveNP_7_PseudoData)
                                       0.013  +/-  0.999  (JET_JER_EffectiveNP_8_PseudoData)
                                      -0.048  +/-  0.998  (JET_JER_EffectiveNP_9_PseudoData)
                                      -0.019  +/-  0.998  (JET_JER_EffectiveNP_10_PseudoData)
                                      -0.010  +/-  0.998  (JET_JER_EffectiveNP_11_PseudoData)
                                      -0.013  +/-  0.999  (JET_JER_EffectiveNP_12restTerm_PseudoData)
                                      -0.005  +/-  0.996  (JET_JvtEfficiency)
                                      -0.101  +/-  0.983  (PRW_DATASF)
                                       0.022  +/-  0.997  (MET_SoftTrk_ResoPara)
                                       0.017  +/-  0.998  (MET_SoftTrk_ResoPerp)
                                       0.034  +/-  0.998  (MET_SoftTrk_Scale)
                                      -0.006  +/-  1.000  (WMASS_VAR_signal)
                                       0.018  +/-  0.764  (FT_EFF_Eigen_B_0)
                                      -0.064  +/-  0.963  (FT_EFF_Eigen_B_1)
                                      -0.014  +/-  0.992  (FT_EFF_Eigen_B_2)
                                       0.010  +/-  1.000  (FT_EFF_Eigen_B_3)
                                      -0.002  +/-  1.000  (FT_EFF_Eigen_B_4)
                                      -0.000  +/-  1.000  (FT_EFF_Eigen_B_5)
                                      -0.000  +/-  1.000  (FT_EFF_Eigen_B_6)
                                      -0.000  +/-  1.000  (FT_EFF_Eigen_B_7)
                                      -0.000  +/-  1.000  (FT_EFF_Eigen_B_8)
                                      -0.016  +/-  0.999  (FT_EFF_Eigen_C_0)
                                      -0.000  +/-  1.000  (FT_EFF_Eigen_C_1)
                                      -0.001  +/-  1.000  (FT_EFF_Eigen_C_2)
                                       0.001  +/-  1.000  (FT_EFF_Eigen_C_3)
                                      -0.008  +/-  0.999  (FT_EFF_Eigen_Light_0)
                                       0.001  +/-  1.000  (FT_EFF_Eigen_Light_1)
                                      -0.001  +/-  1.000  (FT_EFF_Eigen_Light_2)
                                      -0.000  +/-  1.000  (FT_EFF_Eigen_Light_3)
                                      -0.005  +/-  1.000  (FT_EFF_extrapolation)
                                      -0.004  +/-  1.000  (FT_EFF_extrapolation_from_charm)
                                      -0.015  +/-  1.000  (THEORY_CROSS_SECTION_signal)
                                      -0.097  +/-  0.933  (THEORY_SHOWERING_HERWIG7_signal)
                                       0.005  +/-  0.999  (THEORY_SCALE_FACTORISATION_signal)
                                      -0.042  +/-  0.997  (THEORY_SCALE_RENORMALISATION_signal)
                                       0.081  +/-  0.925  (THEORY_ISR_signal)
                                       0.111  +/-  0.958  (THEORY_FSR_signal)
                                      -0.168  +/-  0.953  (THEORY_HDAMP_signal)
                                      -0.093  +/-  0.981  (THEORY_PTHARD_signal)
                                      -0.121  +/-  0.873  (THEORY_TOPRECOIL_signal)
                                       0.101  +/-  0.943  (THEORY_TOP_MASS_signal)
                                      -0.008  +/-  0.999  (THEORY_PDF4LHC_VARIATION_signal)
                                      -0.149  +/-  0.954  (THEORY_DR_DS_signal)
                                      -0.031  +/-  0.997  (THEORY_CROSS_SECTION_Wjets)
                                      -0.037  +/-  0.992  (THEORY_SCALE_COMBINED_Wjets)
                                      -0.017  +/-  0.999  (THEORY_PDF4LHC_VARIATION_Wjets)
                                      -0.004  +/-  1.000  (THEORY_EWK_Wjets)
                                      -0.021  +/-  0.998  (THEORY_SCALE_COMBINED_multiboson_noW)
                                      -0.004  +/-  1.000  (THEORY_PDF4LHC_VARIATION_multiboson_noW)
                                       0.000  +/-  1.000  (THEORY_EWK_multiboson_noW)
                                      -0.046  +/-  0.995  (THEORY_CROSS_SECTION_other_top_noWt)
                                      -0.040  +/-  0.945  (FAKES_Electron)
                                      -0.013  +/-  1.000  (FAKES_Muon)
                                      -0.027  +/-  0.980  (LUMINOSITY)

  Correlation matrix 
        1  -0.00547    -0.316    -0.122    0.0577    0.0461  1.14e-14  1.14e-14   -0.0032  -0.00437 -1.03e-14   -0.0878     0.011   0.00118   -0.0719   -0.0142    -0.018   0.00578    0.0125    0.0192   0.00247    0.0173    0.0395    0.0128     0.313  5.77e-05   -0.0185   0.00542 -0.000815    0.0306 -0.000638  -0.00573   0.00514   0.00758     0.185    0.0588 -2.83e-05   0.00217   0.00226    0.0573 -0.000145  -0.00452    0.0621     0.166    0.0551     0.573 -0.000357    0.0498     0.124     0.138     0.106  -0.00112    0.0582    0.0831    0.0146   -0.0153    0.0495    0.0212   -0.0123    0.0392     0.047     0.116   -0.0663    -0.042   -0.0577  -0.00965    0.0523    -0.103    0.0231    0.0274   0.00432 -0.000835 -1.62e-05  1.56e-06 -5.38e-07    0.0287   -0.0155   0.00586 -0.000837   -0.0325  -0.00428  -0.00121  -0.00119  -0.00318 -0.000266  -0.00436    -0.183   -0.0173   -0.0191   -0.0977    0.0462     0.105    0.0623    -0.128   -0.0793  0.000703   -0.0133   -0.0344    -0.037   -0.0121  -0.00223   -0.0242  -0.00606 -0.000202  -0.00878    -0.121    0.0143   -0.0402
 -0.00547         1   -0.0118   -0.0012  -0.00456 -0.000635 -7.23e-16 -7.23e-16 -0.000249  -0.00111 -3.38e-16  1.52e-05 -0.000627 -5.91e-05  -0.00164  5.17e-05  6.48e-05 -0.000351 -0.000721 -1.12e-05  -9.1e-05 -0.000279 -0.000348 -6.91e-05  0.000248  0.000367  0.000192 -0.000196 -0.000225 -0.000234 -0.000196 -1.15e-07 -8.79e-05 -0.000109   0.00064  0.000173 -7.97e-07 -9.27e-05  1.61e-05  0.000122 -1.88e-06 -0.000154  0.000354  0.000122 -0.000778   0.00101 -2.93e-05 -4.21e-05 -7.02e-05  0.000303 -0.000713  -0.00201  -0.00176 -0.000267  -0.00217 -0.000898  3.29e-05  0.000178  6.19e-05 -0.000834 -0.000257 -0.000706  0.000287  0.000459  8.79e-05 -0.000386  -0.00306  -0.00403  -0.00087 -0.000214  1.04e-05 -4.37e-06 -2.06e-08  5.37e-08   1.6e-09 -0.000426  -0.00022   8.2e-05  2.29e-05 -0.000462 -2.66e-06  -2.2e-06 -5.36e-06 -1.68e-05 -0.000216 -0.000116 -0.000818  0.000668 -0.000875   0.00207  -0.00389 -0.000868  4.95e-05 -0.000769  -0.00743 -0.000494 -0.000228  -0.00134  -0.00256  -0.00081 -9.46e-05 -0.000857 -0.000143 -5.46e-06  -0.00148 -0.000625 -0.000126  -0.00203
   -0.316   -0.0118         1   -0.0577   -0.0962   -0.0182 -1.15e-14 -1.15e-14 -0.000989  -0.00924 -9.74e-15   0.00409   -0.0232  -0.00193    -0.035   0.00363   0.00461   -0.0114    -0.024 -0.000127    -0.001  -0.00328  -0.00144  -0.00145   -0.0227   0.00485   0.00317  -0.00231  -0.00222  -0.00408  -0.00216  0.000664  -0.00343  -0.00237  0.000426   0.00339 -3.79e-05 -0.000738 -0.000499  -0.00234 -4.54e-05  -0.00262  0.000846 -0.000777  -0.00784   -0.0592 -0.000358   -0.0119   -0.0216  -0.00188   -0.0125   -0.0186   -0.0256   -0.0183   -0.0128  -0.00598   -0.0219     -0.01   -0.0102   -0.0143   -0.0169    -0.042   0.00632   0.00729   0.00623  -0.00758    -0.138    -0.105   -0.0318  0.000511 -0.000431 -0.000287 -1.82e-06 -3.52e-07 -1.03e-07   -0.0104  -0.00488  0.000288  0.000444   -0.0135 -0.000633 -0.000828 -0.000151  -0.00124  -0.00429  -0.00527   -0.0302   0.00551     -0.03    0.0393   -0.0494   -0.0853   -0.0184   -0.0879   -0.0696  -0.00935   -0.0237    -0.031   -0.0496    -0.014  -0.00189   -0.0198  -0.00452 -6.76e-06   -0.0415   -0.0103  -0.00543   -0.0596
   -0.122   -0.0012   -0.0577         1   -0.0193  -0.00261  -1.2e-15  -1.2e-15  8.14e-05 -0.000311 -7.51e-16  -0.00544  -0.00442 -0.000532   -0.0109   -0.0012  -0.00151  -0.00324   -0.0068  0.000554  3.02e-05 -0.000968   0.00201   0.00036  -0.00966  0.000487  -0.00142 -3.48e-05 -0.000391  0.000462 -0.000309 -0.000763  0.000243  5.16e-05  -0.00695 -0.000836 -1.82e-05  7.22e-05 -0.000247  -0.00103  -2.1e-05 -0.000932  -0.00473  -0.00746  -0.00156   -0.0296 -0.000233  -0.00753   -0.0122   -0.0103  -0.00327   0.00103   0.00415  -0.00456  -0.00732   0.00101  -0.00668   0.00168  0.000159   -0.0051  -0.00841   0.00623  -0.00203   -0.0021   -0.0037  -0.00299   -0.0816   -0.0375   -0.0123  -0.00198  7.51e-05 -2.48e-05 -3.05e-06 -3.38e-07 -7.08e-08  -0.00335  -0.00227 -0.000352 -4.52e-06  -0.00662 -0.000424 -0.000451 -0.000106  -0.00082   -0.0015  -0.00217   -0.0337  -0.00151  -0.00634   -0.0341   -0.0207   -0.0475  -0.00389    0.0161   -0.0271  -0.00441   -0.0122   -0.0126   -0.0177  -0.00526 -0.000896  -0.00819  -0.00249 -7.35e-05   -0.0155   -0.0313  0.000178   -0.0249
   0.0577  -0.00456   -0.0962   -0.0193         1  -0.00686 -5.28e-15 -5.28e-15 -0.000455  -0.00401 -4.59e-15   0.00179    -0.008 -0.000648   -0.0138   0.00143   0.00181  -0.00383  -0.00802  0.000289 -0.000324  -0.00079  7.29e-05 -0.000539  -0.00488   0.00232    0.0018 -0.000831 -0.000695  -0.00118  -0.00078  0.000566  -0.00126 -0.000884   0.00342   0.00179 -1.15e-05 -0.000276 -0.000138 -0.000254 -8.76e-06   -0.0009   0.00181   0.00361  -0.00333   -0.0117 -0.000124  -0.00584  -0.00752   0.00312  -0.00433  -0.00583   -0.0103  -0.00734  -0.00639  -0.00143  -0.00833  -0.00246  -0.00247  -0.00576  -0.00468   -0.0149   0.00266   0.00295    0.0029  -0.00258   -0.0379   -0.0356     -0.01   0.00056 -0.000132  -9.6e-05  8.11e-08  7.82e-08 -2.08e-08  -0.00364  -0.00155  0.000235  0.000185  -0.00439 -0.000159  -0.00025 -4.07e-05 -0.000395  -0.00154  -0.00193  -0.00338   0.00249    -0.012    0.0112  -0.00875   -0.0321  -0.00772   -0.0282   -0.0181  -0.00307   -0.0101   -0.0106    -0.018  -0.00496 -0.000692  -0.00653  -0.00142  6.44e-06   -0.0141  -0.00162  -0.00201   -0.0193
   0.0461 -0.000635   -0.0182  -0.00261  -0.00686         1 -8.61e-16 -8.61e-16    -4e-05 -0.000643 -6.16e-16   0.00209  -0.00166 -0.000108  -0.00163  0.000699  0.000886 -0.000632  -0.00133 -8.16e-05 -9.41e-05 -0.000415 -0.000297 -0.000152 -0.000731  0.000452  0.000621 -0.000258 -0.000179 -0.000161 -0.000142  0.000153 -0.000435 -0.000301    0.0016  0.000408 -3.17e-06 -6.15e-05 -7.84e-05  0.000165 -2.79e-06 -0.000211     0.001   0.00223 -0.000838   0.00011 -1.18e-05 -0.000787   -0.0014  0.000903  -0.00108 -0.000889  -0.00198  -0.00106  0.000377 -0.000186  -0.00173  -0.00142 -0.000837 -0.000901 -1.06e-05  -0.00619   0.00176   0.00159   0.00181 -0.000498   0.00359  -0.00408 -0.000468  9.16e-05 -6.75e-05 -2.01e-05  1.44e-09 -8.59e-08 -2.72e-09  -0.00121 -7.44e-05 -4.12e-06  6.06e-05 -0.000477  5.16e-05 -4.51e-05  8.79e-07 -0.000146 -0.000236  -0.00056 -0.000952  0.000456  -0.00197   0.00887  -0.00272   -0.0069  -0.00385  -0.00903  -0.00427 -0.000834  -0.00394  -0.00206  -0.00322  -0.00104 -0.000228  -0.00139  -0.00034   4.8e-06  -0.00284 -0.000571 -0.000752  -0.00145
 1.14e-14 -7.23e-16 -1.15e-14  -1.2e-15 -5.28e-15 -8.61e-16         1 -1.03e-27 -1.02e-16    -7e-16 -9.28e-28  3.86e-16 -7.27e-16 -5.05e-17 -1.83e-15  2.19e-16  2.79e-16 -2.96e-16 -6.11e-16  1.25e-16 -3.09e-17 -2.82e-17  1.22e-16 -9.38e-17  7.69e-16  5.08e-16  4.73e-16 -9.68e-17 -6.76e-17 -4.03e-18 -9.82e-17   1.7e-16 -1.68e-16 -1.29e-16  1.64e-15  3.78e-16 -5.43e-19 -3.84e-17  2.47e-18  2.49e-16  1.66e-18 -8.14e-17  8.93e-16     2e-15 -5.78e-16  2.75e-15  -1.9e-17 -9.83e-16 -8.79e-16   1.9e-15 -5.49e-16  -7.2e-16  -1.7e-15 -1.07e-15 -1.36e-15  1.28e-17 -1.04e-15  1.75e-16  6.04e-17 -8.52e-16  1.29e-16 -1.66e-15  5.48e-16   5.3e-16  6.29e-16 -2.54e-16  1.11e-15 -2.86e-15 -4.34e-16  2.21e-16 -8.48e-18 -8.62e-18  2.59e-19  7.99e-20  4.04e-21 -3.65e-16 -9.48e-17  7.26e-17  2.71e-17 -2.81e-16  1.57e-17 -1.69e-18  3.62e-19 -2.21e-17 -1.61e-16 -2.04e-16   1.1e-15  5.59e-16 -1.33e-15  1.83e-15  2.32e-15 -3.03e-15    -1e-15 -2.99e-16  5.88e-16 -1.99e-16 -1.72e-15 -9.92e-16 -2.23e-15 -5.98e-16 -6.65e-17 -5.37e-16 -8.84e-17  2.43e-18 -1.17e-15  6.02e-16 -2.44e-16 -1.12e-15
 1.14e-14 -7.23e-16 -1.15e-14  -1.2e-15 -5.28e-15 -8.61e-16 -1.03e-27         1 -1.02e-16    -7e-16 -9.28e-28  3.86e-16 -7.27e-16 -5.05e-17 -1.83e-15  2.19e-16  2.79e-16 -2.96e-16 -6.11e-16  1.25e-16 -3.09e-17 -2.82e-17  1.22e-16 -9.38e-17  7.69e-16  5.08e-16  4.73e-16 -9.68e-17 -6.76e-17 -4.03e-18 -9.82e-17   1.7e-16 -1.68e-16 -1.29e-16  1.64e-15  3.78e-16 -5.43e-19 -3.84e-17  2.47e-18  2.49e-16  1.66e-18 -8.14e-17  8.93e-16     2e-15 -5.78e-16  2.75e-15  -1.9e-17 -9.83e-16 -8.79e-16   1.9e-15 -5.49e-16  -7.2e-16  -1.7e-15 -1.07e-15 -1.36e-15  1.28e-17 -1.04e-15  1.75e-16  6.04e-17 -8.52e-16  1.29e-16 -1.66e-15  5.48e-16   5.3e-16  6.29e-16 -2.54e-16  1.11e-15 -2.86e-15 -4.34e-16  2.21e-16 -8.48e-18 -8.62e-18  2.59e-19  7.99e-20  4.04e-21 -3.65e-16 -9.48e-17  7.26e-17  2.71e-17 -2.81e-16  1.57e-17 -1.69e-18  3.62e-19 -2.21e-17 -1.61e-16 -2.04e-16   1.1e-15  5.59e-16 -1.33e-15  1.83e-15  2.32e-15 -3.03e-15    -1e-15 -2.99e-16  5.88e-16 -1.99e-16 -1.72e-15 -9.92e-16 -2.23e-15 -5.98e-16 -6.65e-17 -5.37e-16 -8.84e-17  2.43e-18 -1.17e-15  6.02e-16 -2.44e-16 -1.12e-15
  -0.0032 -0.000249 -0.000989  8.14e-05 -0.000455    -4e-05 -1.02e-16 -1.02e-16         1  -0.00035  8.94e-20 -7.99e-05 -4.61e-05 -8.22e-06 -0.000327 -2.82e-05 -3.57e-05 -4.78e-05  -9.9e-05 -4.64e-05 -1.86e-05 -0.000162 -0.000174 -5.46e-05 -0.000107 -3.15e-05  1.56e-05 -6.35e-05 -0.000107 -7.56e-05 -3.36e-05 -1.96e-05 -1.17e-05 -3.19e-05 -0.000159 -0.000121  2.44e-07 -2.52e-05  2.01e-07 -7.35e-05 -1.42e-07 -7.39e-05 -2.52e-06  -0.00033 -0.000174 -0.000314 -5.62e-06  7.66e-05 -8.05e-05 -0.000172 -0.000247 -0.000496 -0.000414 -5.35e-05 -0.000512 -0.000274  9.53e-05  5.07e-05 -3.92e-05 -9.93e-05  -0.00013 -7.47e-06 -7.45e-05  2.03e-05 -0.000106 -6.95e-05  -0.00132 -0.000583 -0.000215 -6.73e-05 -8.46e-07  4.49e-07 -8.63e-08  2.45e-09 -2.19e-10 -0.000103 -1.95e-05  5.73e-06 -1.12e-06 -6.26e-05  1.58e-06 -6.61e-06 -3.55e-06 -6.39e-05 -2.82e-05 -9.81e-05  -0.00125 -8.86e-05   6.5e-05  0.000196  -0.00118  0.000852 -0.000958  -0.00198  -0.00233 -0.000145  -0.00158 -0.000385 -0.000671 -0.000259 -8.56e-05 -0.000293 -6.47e-05 -3.86e-06 -0.000376  -0.00201  2.24e-06 -0.000424
 -0.00437  -0.00111  -0.00924 -0.000311  -0.00401 -0.000643    -7e-16    -7e-16  -0.00035         1 -2.74e-16  0.000369 -0.000501 -4.49e-05  -0.00158  0.000114  0.000144  -0.00026 -0.000539 -5.67e-05 -8.37e-05 -0.000395  -0.00044 -0.000137  0.000232  0.000197  0.000285 -0.000256 -0.000292 -0.000259 -0.000163  4.54e-05 -0.000126 -0.000151  0.000709  1.62e-05 -8.57e-08 -0.000101  1.02e-06  5.02e-06 -6.62e-07 -0.000234  0.000428   0.00023 -0.000876   0.00125 -1.88e-05 -0.000224  6.16e-05  0.000391 -0.000831  -0.00156  -0.00185 -0.000301  -0.00194 -0.000827  4.15e-05  2.41e-05   0.00011 -0.000693 -8.87e-05  -0.00138   0.00033  0.000563  0.000278 -0.000311 -0.000545  -0.00266 -0.000479 -0.000202 -4.88e-06 -1.44e-06 -5.94e-08  3.58e-08  2.67e-09 -0.000565 -7.21e-05  6.44e-05  2.48e-05 -0.000243  2.58e-05 -1.47e-05 -5.04e-06 -0.000145 -0.000171 -0.000343 -0.000789  0.000231 -0.000937   0.00163  -0.00324 -0.000444  -0.00284  -0.00652  -0.00775 -0.000605  -0.00392  -0.00139  -0.00245 -0.000893 -0.000251 -0.000953 -0.000173 -6.51e-06  -0.00156  -0.00373 -0.000197  -0.00127
-1.03e-14 -3.38e-16 -9.74e-15 -7.51e-16 -4.59e-15 -6.16e-16 -9.28e-28 -9.28e-28  8.94e-20 -2.74e-16         1 -5.32e-16 -9.02e-16 -7.03e-17 -2.02e-15  6.99e-17  8.95e-17 -4.12e-16 -8.66e-16   1.5e-16  1.33e-17  2.57e-16  3.27e-16 -1.17e-16 -3.37e-16  3.31e-16  2.87e-16  3.55e-17  4.88e-17 -1.39e-16 -2.49e-17  1.88e-16 -1.21e-16 -5.28e-17  4.68e-16  3.13e-16  3.34e-19  2.33e-18   2.8e-17 -1.31e-16  2.78e-18  1.37e-17  3.18e-16  6.98e-16   2.5e-17 -1.66e-15 -9.09e-18 -9.51e-16 -1.01e-15   1.8e-15 -2.11e-16 -5.28e-16 -1.82e-15 -1.61e-15 -8.22e-16   1.7e-16 -1.41e-15   1.2e-16 -3.52e-16 -5.44e-16 -7.03e-16  -7.9e-16 -3.34e-16 -2.43e-16  1.74e-17 -8.15e-17 -7.02e-15 -4.14e-15 -1.66e-15  5.71e-16 -1.25e-17 -1.67e-17   3.4e-19  1.08e-19  5.98e-22  1.91e-16  -1.8e-16  7.37e-17  3.26e-18 -3.77e-16 -5.46e-17 -9.96e-18 -3.57e-18  4.04e-17 -1.19e-16 -3.64e-17  1.62e-15  3.75e-16 -1.53e-15 -1.45e-16  4.87e-15 -1.28e-15  4.39e-16 -2.27e-15  5.51e-15  3.04e-16 -2.32e-16 -4.41e-16 -1.35e-15 -1.62e-16  6.94e-17 -1.15e-16  4.53e-17  7.17e-18 -6.69e-16   2.8e-15 -9.17e-17 -2.47e-15
  -0.0878  1.52e-05   0.00409  -0.00544   0.00179   0.00209  3.86e-16  3.86e-16 -7.99e-05  0.000369 -5.32e-16         1 -4.57e-05 -0.000131  -0.00369  -0.00196  -0.00248 -0.000803  -0.00172  0.000281  0.000168  0.000946   0.00103  0.000112  -0.00511 -0.000865   -0.0018   0.00051  0.000161 -0.000645   9.6e-05   -0.0004  0.000815  0.000608    -0.008  -0.00101  3.61e-06  9.34e-05  0.000177  -0.00197  8.26e-07   0.00013  -0.00455   -0.0109   0.00185   -0.0234 -3.19e-05 -0.000529  -0.00107  -0.00464    0.0011 -0.000794  0.000761  -0.00179  -0.00424 -0.000548  3.47e-05   0.00267 -6.11e-05  3.63e-05  -0.00586    0.0137  -0.00642  -0.00531  -0.00624  9.24e-05   -0.0634   -0.0143  -0.00856  0.000193  0.000131 -7.86e-06 -5.49e-07  2.49e-07 -2.39e-08   0.00242  -0.00109  5.96e-05  -0.00015  -0.00197 -0.000459 -8.93e-05 -5.43e-05   0.00016 -0.000182  0.000699  -0.00508  -0.00113 -0.000825   -0.0284  0.000288    0.0053   0.00897   0.00391   0.00316   0.00114   0.00691 -0.000155 -0.000331  0.000611  0.000369   0.00022  0.000135 -1.81e-05 -0.000114  -0.00215   0.00164   -0.0125
    0.011 -0.000627   -0.0232  -0.00442    -0.008  -0.00166 -7.27e-16 -7.27e-16 -4.61e-05 -0.000501 -9.02e-16 -4.57e-05         1 -0.000235  -0.00327  0.000354  0.000448  -0.00138  -0.00292 -0.000208 -8.74e-05 -0.000268 -0.000377 -0.000244  -0.00436  3.72e-05  6.79e-05 -0.000173  -0.00022 -0.000768 -0.000147  1.17e-05 -0.000391 -0.000215  -0.00191  5.54e-05 -2.32e-06 -5.08e-05 -6.02e-05 -0.000935 -4.59e-06 -0.000212 -0.000612  -0.00234 -2.43e-05   -0.0134  3.35e-06 -0.000374  -0.00233  -0.00146 -0.000877   -0.0021  -0.00309  -0.00227  0.000438 -0.000823  -0.00259  -0.00205  -0.00233 -0.000764  -0.00289  -0.00519 -0.000107  0.000189  0.000131 -0.000564   -0.0236   -0.0119  -0.00477  0.000415 -7.73e-05 -4.32e-05 -1.94e-07 -7.72e-08 -1.78e-08 -0.000616 -0.000536 -5.13e-06  2.13e-05   -0.0014 -0.000137 -0.000107 -2.13e-05 -0.000111 -0.000338  -0.00038  -0.00257 -3.59e-05  -0.00292   0.00625  -0.00636  -0.00423  -0.00166   -0.0191  -0.00495 -0.000516  -0.00126  -0.00269  -0.00416 -0.000942 -0.000121  -0.00176 -0.000407  7.44e-06  -0.00396  0.000676 -0.000528  -0.00758
  0.00118 -5.91e-05  -0.00193 -0.000532 -0.000648 -0.000108 -5.05e-17 -5.05e-17 -8.22e-06 -4.49e-05 -7.03e-17 -0.000131 -0.000235         1 -0.000337 -3.86e-06 -4.89e-06 -0.000129 -0.000274 -1.38e-05 -5.37e-06 -1.83e-05 -1.87e-05 -1.76e-05 -0.000458 -1.24e-05 -2.65e-05 -9.46e-06 -2.01e-05 -7.17e-05 -1.22e-05 -8.75e-06 -1.86e-05 -9.24e-06 -0.000298 -1.83e-05 -1.97e-07 -3.44e-06 -3.13e-06 -0.000107 -4.69e-07 -2.08e-05 -0.000134 -0.000385  1.28e-05   -0.0015 -1.18e-06 -4.93e-05 -0.000223 -0.000233 -7.34e-05 -0.000187 -0.000221 -0.000206 -5.44e-05 -8.23e-05 -0.000208 -0.000122 -0.000182 -7.35e-05 -0.000337 -0.000201 -0.000104  -6.3e-05 -8.98e-05 -5.42e-05    -0.003  -0.00125 -0.000531  2.21e-05 -4.14e-06 -3.48e-06 -3.95e-08 -4.93e-09 -1.99e-09 -3.06e-05 -6.38e-05 -1.15e-06 -4.36e-07 -0.000158 -1.81e-05 -1.14e-05 -2.85e-06 -1.18e-05 -3.43e-05 -3.13e-05 -0.000445 -2.76e-05 -0.000254 -1.72e-06 -0.000641 -0.000382 -5.86e-05  -0.00149 -0.000562 -4.66e-05 -0.000101 -0.000263 -0.000392 -8.93e-05 -1.07e-05  -0.00017 -3.97e-05 -9.32e-08 -0.000372 -0.000162 -1.85e-05 -0.000849
  -0.0719  -0.00164    -0.035   -0.0109   -0.0138  -0.00163 -1.83e-15 -1.83e-15 -0.000327  -0.00158 -2.02e-15  -0.00369  -0.00327 -0.000337         1 -0.000492  -0.00062    -0.002  -0.00423  0.000195 -3.41e-05  1.21e-05  0.000479 -0.000218  -0.00522   0.00026  -0.00027 -0.000109  -0.00029 -0.000857 -0.000239 -1.22e-05 -8.81e-05 -5.74e-05  -0.00343 -8.55e-05 -2.26e-06 -6.47e-05  1.42e-05  -0.00138 -2.71e-06 -0.000388  -0.00188  -0.00493 -0.000377   -0.0188  -5.9e-05  -0.00278    -0.004  -0.00187   -0.0013  -0.00251  -0.00369  -0.00407   -0.0047 -0.000861   -0.0035  0.000264   -0.0012  -0.00223   -0.0053   0.00107  -0.00251  -0.00172  -0.00229  -0.00101   -0.0511    -0.022  -0.00885  0.000285  4.84e-06  -4.2e-05 -4.24e-07  1.31e-07 -2.37e-08 -0.000339  -0.00116  9.13e-05 -1.09e-05  -0.00285 -0.000308 -0.000175 -5.04e-05 -0.000211 -0.000702 -0.000623  -0.00552  -0.00016  -0.00521   -0.0116  -0.00434  -0.00996   -0.0008   -0.0144  -0.00712 -0.000817   -0.0037  -0.00479  -0.00795  -0.00188 -0.000241  -0.00286 -0.000628 -1.05e-05  -0.00623  -0.00569  4.82e-05   -0.0148
  -0.0142  5.17e-05   0.00363   -0.0012   0.00143  0.000699  2.19e-16  2.19e-16 -2.82e-05  0.000114  6.99e-17  -0.00196  0.000354 -3.86e-06 -0.000492         1 -0.000669 -3.14e-05 -7.03e-05  8.56e-05  4.71e-05  0.000198  0.000271  6.34e-05 -0.000793 -0.000229 -0.000468  0.000128  4.27e-05 -4.69e-05  3.42e-05 -0.000119  0.000251  0.000169  -0.00179 -0.000292  8.01e-07  2.55e-05  4.45e-05 -0.000352  1.56e-07  2.98e-05  -0.00109  -0.00246  0.000377   -0.0041 -1.32e-05  -0.00012 -3.05e-05  -0.00118  0.000278  7.47e-05   0.00072  -7.2e-05  -0.00118    -6e-05  0.000375   0.00092  0.000336  5.61e-05  -0.00108   0.00402   -0.0015  -0.00127  -0.00153  4.55e-05   -0.0125   -0.0021  -0.00146 -9.41e-05   4.2e-05  4.79e-06 -1.95e-07  5.37e-08  -4.4e-09  0.000562 -0.000206  4.25e-06 -3.81e-05 -0.000356 -9.05e-05 -1.44e-05 -1.17e-05  2.38e-05  -1.9e-05  0.000158  -0.00179  -0.00031  0.000191  -0.00799  0.000149   0.00118   0.00203    0.0035  0.000236  0.000219   0.00126  0.000101  0.000233  0.000155  6.86e-05   0.00012  3.87e-05 -7.67e-06  0.000245  -0.00162  0.000458  -0.00218
   -0.018  6.48e-05   0.00461  -0.00151   0.00181  0.000886  2.79e-16  2.79e-16 -3.57e-05  0.000144  8.95e-17  -0.00248  0.000448 -4.89e-06  -0.00062 -0.000669         1 -3.97e-05 -8.91e-05  0.000108  5.95e-05  0.000251  0.000341     8e-05  -0.00101 -0.000291 -0.000594  0.000162  5.39e-05 -6.06e-05  4.32e-05 -0.000151  0.000318  0.000214  -0.00227 -0.000371  1.01e-06  3.22e-05  5.65e-05 -0.000447  1.88e-07  3.79e-05  -0.00139  -0.00312  0.000478   -0.0052 -1.68e-05 -0.000147 -3.51e-05  -0.00149  0.000352  8.95e-05   0.00091 -8.94e-05  -0.00149 -7.87e-05  0.000478   0.00116  0.000424  7.29e-05  -0.00137   0.00509   -0.0019  -0.00161  -0.00194  5.79e-05   -0.0159  -0.00266  -0.00185 -0.000119  5.32e-05  6.05e-06 -2.47e-07  6.79e-08 -5.57e-09  0.000713 -0.000261  5.39e-06 -4.83e-05 -0.000451 -0.000115 -1.81e-05 -1.48e-05  3.04e-05  -2.4e-05    0.0002  -0.00227 -0.000391  0.000245   -0.0101  0.000182   0.00151   0.00258   0.00443  0.000294  0.000278    0.0016   0.00013  0.000299  0.000197  8.74e-05  0.000153  4.96e-05 -9.71e-06  0.000312  -0.00204   0.00058  -0.00276
  0.00578 -0.000351   -0.0114  -0.00324  -0.00383 -0.000632 -2.96e-16 -2.96e-16 -4.78e-05  -0.00026 -4.12e-16 -0.000803  -0.00138 -0.000129    -0.002 -3.14e-05 -3.97e-05         1  -0.00162 -7.88e-05 -3.11e-05  -0.00011 -0.000103 -0.000102  -0.00272 -7.21e-05 -0.000164 -5.39e-05 -0.000118 -0.000418 -7.22e-05 -5.54e-05 -0.000106 -5.25e-05  -0.00179 -0.000113 -1.21e-06 -1.97e-05 -1.85e-05 -0.000633 -2.82e-06 -0.000123 -0.000807   -0.0023  7.45e-05  -0.00889 -7.99e-06 -0.000304  -0.00134  -0.00141 -0.000439   -0.0011  -0.00127  -0.00121 -0.000351 -0.000482  -0.00123   -0.0007  -0.00106 -0.000444  -0.00201  -0.00112  -0.00063 -0.000386 -0.000551 -0.000326   -0.0179  -0.00743  -0.00315  0.000122 -2.36e-05 -2.04e-05 -2.43e-07 -2.96e-08 -1.19e-08 -0.000183 -0.000383 -7.84e-06 -3.04e-06 -0.000948 -0.000108 -6.79e-05 -1.71e-05 -7.09e-05 -0.000206 -0.000186  -0.00276 -0.000165  -0.00149 -0.000149  -0.00382  -0.00234 -0.000314  -0.00856  -0.00337 -0.000282 -0.000599  -0.00157  -0.00234 -0.000537 -6.34e-05  -0.00102 -0.000239 -8.91e-07  -0.00221  -0.00104 -0.000103  -0.00506
   0.0125 -0.000721    -0.024   -0.0068  -0.00802  -0.00133 -6.11e-16 -6.11e-16  -9.9e-05 -0.000539 -8.66e-16  -0.00172  -0.00292 -0.000274  -0.00423 -7.03e-05 -8.91e-05  -0.00162         1 -0.000168 -6.44e-05 -0.000224 -0.000216 -0.000215   -0.0058 -0.000168 -0.000356 -0.000112 -0.000247 -0.000893 -0.000149 -0.000117 -0.000222 -0.000108  -0.00383 -0.000245 -2.51e-06 -4.06e-05 -3.87e-05  -0.00136 -5.95e-06 -0.000259  -0.00174  -0.00493  0.000178    -0.019 -1.58e-05 -0.000636  -0.00281  -0.00301 -0.000912  -0.00231  -0.00269  -0.00257 -0.000704  -0.00102   -0.0026   -0.0015  -0.00226 -0.000918  -0.00427  -0.00235  -0.00136 -0.000841  -0.00118  -0.00068   -0.0381   -0.0157   -0.0067  0.000265 -5.03e-05 -4.33e-05 -5.14e-07 -6.31e-08 -2.53e-08 -0.000371 -0.000808 -1.72e-05 -7.07e-06    -0.002 -0.000231 -0.000144 -3.63e-05  -0.00015 -0.000432 -0.000392  -0.00577 -0.000368  -0.00317 -0.000416  -0.00805  -0.00489 -0.000676   -0.0184  -0.00704 -0.000585  -0.00126   -0.0033   -0.0049  -0.00112 -0.000133  -0.00214 -0.000501 -1.68e-06  -0.00466  -0.00218 -0.000214   -0.0107
   0.0192 -1.12e-05 -0.000127  0.000554  0.000289 -8.16e-05  1.25e-16  1.25e-16 -4.64e-05 -5.67e-05   1.5e-16  0.000281 -0.000208 -1.38e-05  0.000195  8.56e-05  0.000108 -7.88e-05 -0.000168         1 -2.43e-05 -0.000184 -0.000298 -6.32e-05 -0.000579 -0.000121  -1.1e-05 -5.33e-05 -8.76e-05 -0.000127  -1.4e-05 -4.13e-05 -6.61e-05 -4.75e-05 -0.000425 -0.000135  1.18e-07 -1.51e-05 -1.71e-05 -0.000152 -9.28e-07  -3.9e-05 -2.49e-05  -0.00049  3.08e-05  -0.00159  8.12e-06  0.000491 -0.000102 -0.000538  -0.00013 -0.000495 -0.000367  3.23e-05  0.000536 -0.000288 -9.02e-06 -0.000512 -0.000512  0.000155 -0.000179   -0.0011  0.000127  0.000172  0.000108  -2.2e-05 -0.000804 -0.000186  -0.00019  6.75e-06 -1.85e-05  -4.1e-06 -8.65e-08 -4.19e-08 -2.23e-09 -0.000103  8.48e-06 -1.95e-05    -2e-07  6.12e-06   1.3e-06 -7.68e-06 -1.93e-06 -3.94e-05  1.45e-05 -3.63e-05  -0.00108 -0.000154  0.000278   0.00303  -0.00218   0.00163 -0.000738  -0.00398  -0.00185 -6.87e-05 -0.000611 -0.000183 -0.000239 -8.93e-05 -4.43e-05 -0.000198 -5.99e-05  1.12e-07 -0.000258 -0.000608 -8.41e-05 -0.000188
  0.00247  -9.1e-05    -0.001  3.02e-05 -0.000324 -9.41e-05 -3.09e-17 -3.09e-17 -1.86e-05 -8.37e-05  1.33e-17  0.000168 -8.74e-05 -5.37e-06 -3.41e-05  4.71e-05  5.95e-05 -3.11e-05 -6.44e-05 -2.43e-05         1  -5.5e-05  -8.1e-05 -1.22e-05 -1.28e-05  2.07e-05  3.37e-05 -2.89e-05 -2.83e-05 -2.96e-05  -1.8e-05 -1.47e-06 -2.81e-05 -2.24e-05  9.14e-05  1.37e-05 -1.21e-07    -1e-05 -4.52e-06  1.23e-05 -3.53e-07  -1.7e-05   7.7e-05  7.75e-05 -7.37e-05  0.000109  2.22e-07  7.83e-05  6.82e-06 -2.08e-05 -7.31e-05 -0.000194 -0.000179  1.82e-05  6.55e-06 -9.89e-05 -2.73e-06  -0.00012 -7.72e-05 -3.72e-05  2.75e-05 -0.000436  0.000136  0.000139  0.000115 -3.34e-05  0.000497 -0.000158  1.69e-05 -2.05e-05 -3.89e-06 -9.44e-07 -4.89e-09 -6.96e-09  2.43e-11 -8.34e-05 -1.66e-06  2.04e-06  4.26e-06 -1.02e-05  5.74e-06 -3.92e-07  1.84e-07 -6.05e-06  -1.2e-05 -1.96e-05 -3.98e-05  4.55e-05 -3.82e-05     0.001 -0.000697  1.48e-05 -0.000188 -0.000761 -0.000906 -6.55e-05 -8.79e-05  -0.00012 -0.000202 -7.17e-05 -1.58e-05 -9.12e-05 -2.11e-05  1.28e-07 -0.000152   3.9e-06 -4.82e-05 -1.88e-05
   0.0173 -0.000279  -0.00328 -0.000968  -0.00079 -0.000415 -2.82e-17 -2.82e-17 -0.000162 -0.000395  2.57e-16  0.000946 -0.000268 -1.83e-05  1.21e-05  0.000198  0.000251  -0.00011 -0.000224 -0.000184  -5.5e-05         1 -0.000501 -0.000124 -0.000584 -3.75e-05  0.000137 -0.000175 -0.000255  1.58e-05 -6.02e-05 -7.36e-05 -0.000147 -0.000159 -6.41e-05 -0.000291 -1.69e-06 -3.97e-05 -5.38e-05  4.67e-05 -2.82e-06 -0.000205  0.000246  0.000221 -0.000519 -4.86e-05 -2.52e-05  0.000194 -0.000943 -0.000672  -0.00095 -0.000785  -0.00025  7.43e-05  8.95e-05 -0.000358 -0.000182 -0.000467  -0.00035 -0.000219   0.00015  -0.00203  0.000797  0.000729    0.0006 -0.000297   0.00279 -0.000241  0.000373 -0.000269 -3.14e-05 -4.56e-07 -4.33e-07 -1.16e-07 -3.83e-09  -0.00076  2.59e-05 -6.93e-05  1.08e-05 -0.000149  5.29e-05 -2.93e-05 -5.83e-06 -0.000226 -6.86e-05  -0.00044  -0.00656 -0.000242  0.000635   0.00461  -0.00391  -0.00104  -0.00355  -0.00274  -0.00591 -0.000671  -0.00538  -0.00135  -0.00189  -0.00087 -0.000265  -0.00111 -0.000315 -1.16e-05  -0.00149  -0.00615 -0.000238  5.68e-05
   0.0395 -0.000348  -0.00144   0.00201  7.29e-05 -0.000297  1.22e-16  1.22e-16 -0.000174  -0.00044  3.27e-16   0.00103 -0.000377 -1.87e-05  0.000479  0.000271  0.000341 -0.000103 -0.000216 -0.000298  -8.1e-05 -0.000501         1 -0.000161 -0.000722 -0.000156  0.000113 -0.000187 -0.000246 -0.000295 -7.44e-05 -5.67e-05 -0.000182  -0.00015 -0.000296 -0.000214  1.31e-07 -6.23e-05  -2.9e-05 -0.000165 -2.25e-06 -0.000119  0.000261 -0.000471 -0.000221  -0.00124  9.04e-06    0.0012  0.000218 -0.000633  -0.00051  -0.00152   -0.0012  0.000291  0.000773 -0.000852  0.000298  -0.00105 -0.000903  0.000234  5.65e-05  -0.00289  0.000616  0.000713  0.000562 -8.12e-05   0.00247  0.000344  0.000154 -6.07e-05 -4.07e-05 -6.56e-06 -1.54e-07 -8.23e-08 -1.47e-09 -0.000358  7.07e-05  -1.9e-05     1e-05   0.00015   3.6e-05 -3.01e-06 -1.03e-06 -9.56e-05  1.51e-05 -0.000124  -0.00229 -7.79e-05  0.000634    0.0082  -0.00496   0.00395  -0.00203  -0.00849  -0.00565 -0.000255  -0.00195 -0.000431 -0.000633 -0.000339 -0.000131 -0.000478 -0.000105 -1.19e-06 -0.000529  -0.00143 -0.000256  0.000348
   0.0128 -6.91e-05  -0.00145   0.00036 -0.000539 -0.000152 -9.38e-17 -9.38e-17 -5.46e-05 -0.000137 -1.17e-16  0.000112 -0.000244 -1.76e-05 -0.000218  6.34e-05     8e-05 -0.000102 -0.000215 -6.32e-05 -1.22e-05 -0.000124 -0.000161         1 -0.000541 -4.87e-05  5.64e-05 -3.95e-05 -6.71e-05 -0.000105 -7.67e-06  1.61e-05 -6.87e-05  -5.2e-05 -0.000258 -8.39e-05 -6.81e-09 -1.08e-05 -4.26e-06 -0.000134 -1.87e-07 -4.83e-05  2.27e-06 -0.000241 -2.11e-05  -0.00137 -3.48e-06  0.000102 -0.000235  5.79e-05 -0.000267 -0.000418 -0.000563 -0.000269  0.000139 -0.000164  -0.00022 -0.000253  -0.00032  1.21e-05 -0.000209 -0.000828  3.83e-06  5.64e-05  9.97e-05 -3.08e-05  -0.00142 -0.000618 -0.000336  9.57e-05 -1.73e-05  -4.7e-06  -5.6e-08 -1.63e-08 -1.35e-09 -6.21e-05  -6.2e-06 -6.88e-06 -1.33e-06 -3.94e-05 -2.62e-06 -1.01e-05 -2.58e-06 -5.83e-05 -1.36e-05 -0.000107  -0.00149 -8.19e-05 -2.73e-05    0.0017 -0.000107  0.000806  -0.00101  -0.00334  -0.00024 -2.55e-05  -0.00164 -0.000258 -0.000397 -0.000164 -5.26e-05 -0.000218 -3.53e-05 -9.94e-07 -0.000336 -0.000993 -7.22e-05 -0.000444
    0.313  0.000248   -0.0227  -0.00966  -0.00488 -0.000731  7.69e-16  7.69e-16 -0.000107  0.000232 -3.37e-16  -0.00511  -0.00436 -0.000458  -0.00522 -0.000793  -0.00101  -0.00272   -0.0058 -0.000579 -1.28e-05 -0.000584 -0.000722 -0.000541         1  -0.00188  -0.00178  -1.1e-05 -0.000409  -0.00208   3.1e-05 -0.000403 -0.000136 -1.71e-05   -0.0136  -0.00182 -6.07e-06  2.13e-05 -9.34e-06  -0.00391 -1.71e-05 -0.000559  -0.00684   -0.0167   0.00167   -0.0519  -8.9e-05  6.47e-05  -0.00355  -0.00884  -0.00233  -0.00334  -0.00245  -0.00384   0.00109  -0.00215  -0.00321  -0.00285  -0.00422  0.000228  -0.00988 -0.000385  -0.00526  -0.00392  -0.00401 -0.000742   -0.0879   -0.0263   -0.0137  0.000398 -0.000132 -7.37e-05 -2.26e-06 -3.69e-07 -6.55e-08  0.000318   -0.0014 -0.000258 -0.000115  -0.00351  -0.00053  -0.00035 -8.78e-05 -0.000645 -0.000604  -0.00115   -0.0273  -0.00233  -0.00392   -0.0102   -0.0122  -0.00379  -0.00428   -0.0438  -0.00991 -0.000626   -0.0114  -0.00486  -0.00417  -0.00149 -0.000361  -0.00365 -0.000661 -3.17e-05  -0.00739   -0.0149  0.000168   -0.0206
 5.77e-05  0.000367   0.00485  0.000487   0.00232  0.000452  5.08e-16  5.08e-16 -3.15e-05  0.000197  3.31e-16 -0.000865  3.72e-05 -1.24e-05   0.00026 -0.000229 -0.000291 -7.21e-05 -0.000168 -0.000121  2.07e-05 -3.75e-05 -0.000156 -4.87e-05  -0.00188         1  -0.00038  3.95e-05  -3.4e-05 -0.000242  6.16e-05 -9.77e-05  8.05e-05   6.3e-05  -0.00216 -0.000433  5.99e-07  1.52e-05  8.46e-06 -0.000585 -1.17e-06  -2.8e-05  -0.00108  -0.00273  0.000463  -0.00632  5.12e-06  0.000483  0.000212  -0.00155  5.65e-05    -2e-05  0.000302  3.56e-05  0.000548 -0.000259  0.000271 -0.000235  -0.00041  0.000505  -0.00104   0.00106  -0.00101 -0.000784  -0.00084  0.000121  -0.00944 -0.000799  -0.00117  6.15e-06 -8.09e-06 -2.03e-06 -2.96e-07 -4.78e-08  -6.9e-09  0.000327 -5.11e-05 -4.66e-05 -2.99e-05 -0.000102 -6.01e-05 -3.05e-05 -9.37e-06 -7.75e-05  4.59e-05  -2.7e-05  -0.00276 -0.000633  0.000314  -0.00255  -0.00139   0.00261 -0.000534  -0.00599 -0.000655  0.000135  -0.00125  0.000143  0.000776  0.000177 -3.22e-05 -3.21e-06  1.47e-05 -4.36e-06   6.4e-05  -0.00246  0.000182  -0.00136
  -0.0185  0.000192   0.00317  -0.00142    0.0018  0.000621  4.73e-16  4.73e-16  1.56e-05  0.000285  2.87e-16   -0.0018  6.79e-05 -2.65e-05  -0.00027 -0.000468 -0.000594 -0.000164 -0.000356  -1.1e-05  3.37e-05  0.000137  0.000113  5.64e-05  -0.00178  -0.00038         1  0.000113  2.81e-05 -0.000183  3.65e-05 -0.000168   0.00021  0.000157   -0.0025 -0.000367  3.18e-07  2.62e-05  2.68e-05 -0.000554 -1.64e-06  2.01e-05  -0.00142  -0.00333  0.000527  -0.00698 -4.38e-06  0.000226 -2.15e-05  -0.00205  0.000292 -4.29e-05  0.000755 -6.42e-07 -0.000401 -0.000224  0.000301  0.000334 -0.000127  0.000234  -0.00149   0.00312  -0.00149  -0.00124  -0.00151  2.85e-05   -0.0153  -0.00288  -0.00192 -0.000116   2.6e-05 -1.85e-07 -3.09e-07  -2.2e-09 -8.58e-09  0.000497 -0.000241 -2.49e-05 -3.78e-05 -0.000457 -0.000108 -3.08e-05 -1.36e-05  1.54e-05  -2.1e-05   0.00015  -0.00236 -0.000447  0.000106  -0.00642  -0.00213   0.00118   0.00195 -0.000168   -0.0012  0.000152   0.00174 -1.09e-05  0.000363    0.0002  6.83e-05  -4.3e-06 -1.66e-06 -6.17e-06 -6.32e-05  -0.00131  0.000384  -0.00279
  0.00542 -0.000196  -0.00231 -3.48e-05 -0.000831 -0.000258 -9.68e-17 -9.68e-17 -6.35e-05 -0.000256  3.55e-17   0.00051 -0.000173 -9.46e-06 -0.000109  0.000128  0.000162 -5.39e-05 -0.000112 -5.33e-05 -2.89e-05 -0.000175 -0.000187 -3.95e-05  -1.1e-05  3.95e-05  0.000113         1 -8.27e-05 -4.43e-05 -3.81e-05  9.01e-06  -7.6e-05 -6.75e-05  0.000304  6.33e-06 -4.53e-07 -2.49e-05 -1.54e-05  4.57e-05 -7.92e-07 -6.86e-05  0.000209  0.000329 -0.000253  0.000571  -3.1e-06  4.16e-05 -3.26e-05  2.34e-05 -0.000279 -0.000322 -0.000363   3.4e-05 -2.94e-05 -0.000183 -3.39e-05 -0.000255 -8.68e-05  -0.00012  0.000146  -0.00115   0.00039  0.000385  0.000359  -9.3e-05    0.0021 -0.000123  0.000191 -7.63e-05 -1.19e-05  -9.3e-07  -5.3e-08 -2.53e-08  2.14e-10 -0.000285  2.39e-05 -3.06e-06  1.18e-05 -6.03e-06   2.4e-05 -5.64e-06  3.28e-07 -5.53e-05 -3.27e-05 -0.000136 -0.000647  3.96e-05 -0.000124   0.00204  -0.00137 -0.000532  -0.00122  -0.00226  -0.00234 -0.000236  -0.00139 -0.000401  -0.00058 -0.000259 -8.49e-05 -0.000311 -7.42e-05 -1.26e-06 -0.000489   -0.0011 -0.000138  0.000135
-0.000815 -0.000225  -0.00222 -0.000391 -0.000695 -0.000179 -6.76e-17 -6.76e-17 -0.000107 -0.000292  4.88e-17  0.000161  -0.00022 -2.01e-05  -0.00029  4.27e-05  5.39e-05 -0.000118 -0.000247 -8.76e-05 -2.83e-05 -0.000255 -0.000246 -6.71e-05 -0.000409  -3.4e-05  2.81e-05 -8.27e-05         1 -7.72e-05 -4.05e-05 -3.88e-05 -5.59e-05 -6.17e-05 -0.000241 -0.000142 -3.11e-07 -2.56e-05 -1.68e-05 -8.16e-05 -1.02e-06  -9.5e-05  1.76e-05 -0.000303   -0.0002 -0.000914 -6.87e-06  0.000131 -0.000385 -0.000425 -0.000368 -0.000582 -0.000408 -9.08e-05   -0.0002 -0.000292 -9.23e-05 -0.000204 -0.000254 -0.000124 -0.000192 -0.000704  0.000135  0.000187  6.04e-05 -0.000134  -0.00138 -0.000951 -0.000275 -8.84e-05 -1.09e-05 -1.95e-06  -1.6e-07 -3.11e-08 -2.07e-09 -0.000257 -3.42e-05 -1.45e-05  2.35e-06 -0.000139  5.15e-06 -1.51e-05 -4.47e-06 -8.73e-05 -4.35e-05 -0.000155  -0.00228  -0.00012  0.000103   0.00163  -0.00218  0.000218  -0.00131   -0.0026  -0.00308 -0.000258  -0.00193 -0.000645  -0.00101 -0.000376 -0.000109 -0.000498 -0.000133 -4.29e-06 -0.000727  -0.00241 -7.33e-05   -0.0006
   0.0306 -0.000234  -0.00408  0.000462  -0.00118 -0.000161 -4.03e-18 -4.03e-18 -7.56e-05 -0.000259 -1.39e-16 -0.000645 -0.000768 -7.17e-05 -0.000857 -4.69e-05 -6.06e-05 -0.000418 -0.000893 -0.000127 -2.96e-05  1.58e-05 -0.000295 -0.000105  -0.00208 -0.000242 -0.000183 -4.43e-05 -7.72e-05         1 -3.74e-05 -1.73e-05  -5.5e-05 -1.17e-05  -0.00165  -0.00012  5.65e-07 -2.88e-05  1.89e-05 -0.000637 -1.49e-06 -4.37e-05 -0.000767  -0.00247  0.000263  -0.00712  1.09e-05   0.00049  0.000307 -0.000916 -6.69e-05  -0.00112  -0.00135 -0.000511  8.96e-05 -0.000699 -0.000181 -0.000685 -0.000846  0.000137   -0.0014  -0.00073 -0.000797 -0.000464 -0.000543  -6.3e-06   -0.0123  -0.00386  -0.00214  0.000184 -1.98e-05 -1.43e-05 -5.06e-08  1.34e-09 -5.92e-09  0.000244 -0.000183  2.48e-05 -9.35e-06 -0.000333 -8.21e-05 -2.93e-05 -8.77e-06 -2.82e-08 -6.29e-05  3.08e-05  0.000183 -0.000108 -0.000907  0.000692  -0.00249   0.00237  0.000249   -0.0104  -0.00204   0.00012  0.000644  -0.00025 -0.000201  3.85e-05  1.58e-05 -0.000173  3.49e-05  3.28e-06 -0.000597   0.00117 -1.49e-05   -0.0029
-0.000638 -0.000196  -0.00216 -0.000309  -0.00078 -0.000142 -9.82e-17 -9.82e-17 -3.36e-05 -0.000163 -2.49e-17   9.6e-05 -0.000147 -1.22e-05 -0.000239  3.42e-05  4.32e-05 -7.22e-05 -0.000149  -1.4e-05  -1.8e-05 -6.02e-05 -7.44e-05 -7.67e-06   3.1e-05  6.16e-05  3.65e-05 -3.81e-05 -4.05e-05 -3.74e-05         1 -6.81e-06 -2.57e-05 -2.36e-05  0.000135  3.49e-05 -1.88e-07 -1.57e-05 -3.75e-06   2.4e-05 -4.57e-07 -2.61e-05  9.01e-05  7.37e-05 -0.000131  0.000149 -1.68e-06     2e-05 -6.56e-05 -4.86e-05 -9.76e-05 -0.000315 -0.000272 -2.96e-05 -0.000237 -0.000146 -3.64e-05 -6.68e-05 -5.73e-05 -0.000137 -3.68e-05 -0.000349  0.000128  0.000143  6.94e-05 -7.48e-05 -0.000273 -0.000695 -0.000127 -4.52e-05 -3.33e-07 -1.22e-06 -2.48e-09  1.49e-09 -4.79e-11 -0.000114 -3.52e-05  9.78e-06  5.88e-06 -8.41e-05  1.42e-06 -1.52e-06 -6.48e-07  -1.1e-06 -3.52e-05 -1.81e-05  4.63e-05  9.68e-05 -0.000152  0.000791  -0.00108 -0.000294 -3.31e-05 -0.000431  -0.00152 -0.000111   0.00012 -0.000262 -0.000487 -0.000138 -1.85e-05  -0.00017 -4.15e-05 -2.18e-07 -0.000311  1.36e-05 -4.52e-05 -0.000325
 -0.00573 -1.15e-07  0.000664 -0.000763  0.000566  0.000153   1.7e-16   1.7e-16 -1.96e-05  4.54e-05  1.88e-16   -0.0004  1.17e-05 -8.75e-06 -1.22e-05 -0.000119 -0.000151 -5.54e-05 -0.000117 -4.13e-05 -1.47e-06 -7.36e-05 -5.67e-05  1.61e-05 -0.000403 -9.77e-05 -0.000168  9.01e-06 -3.88e-05 -1.73e-05 -6.81e-06         1  5.22e-05  2.97e-05 -0.000684 -0.000158 -2.24e-08  1.05e-06 -6.29e-06 -0.000116 -8.94e-07 -1.52e-05 -0.000307 -0.000865  7.71e-05  -0.00164 -5.84e-07  0.000189 -0.000271 -0.000903  2.85e-05 -0.000173   0.00029  8.78e-05  -0.00012  -0.00013  9.06e-05  3.44e-05 -0.000138  1.91e-05 -0.000374  0.000732 -0.000257 -0.000212 -0.000398  -5.5e-05  -0.00388 -0.000859 -0.000451 -0.000116  7.59e-06  6.32e-07 -1.46e-07 -1.69e-08 -3.14e-09  1.13e-05 -7.84e-05 -1.84e-05 -9.23e-06 -0.000173  -2.3e-05 -9.88e-06 -4.93e-06 -1.02e-05 -1.05e-05  3.14e-05  -0.00138 -0.000173  0.000307 -0.000847  -0.00205  0.000423  0.000411  0.000595  -0.00183 -7.64e-05  0.000442 -0.000236 -0.000345 -7.27e-05 -8.51e-06 -0.000181  -7.7e-05 -3.21e-06 -0.000236  -0.00109  9.37e-05 -0.000778
  0.00514 -8.79e-05  -0.00343  0.000243  -0.00126 -0.000435 -1.68e-16 -1.68e-16 -1.17e-05 -0.000126 -1.21e-16  0.000815 -0.000391 -1.86e-05 -8.81e-05  0.000251  0.000318 -0.000106 -0.000222 -6.61e-05 -2.81e-05 -0.000147 -0.000182 -6.87e-05 -0.000136  8.05e-05   0.00021  -7.6e-05 -5.59e-05  -5.5e-05 -2.57e-05  5.22e-05         1 -9.92e-05  0.000508  8.59e-05 -5.41e-07 -1.68e-05 -2.34e-05  4.58e-05 -4.69e-07 -4.55e-05  0.000396  0.000768 -0.000173  0.000387  2.55e-06  3.62e-05 -0.000242  0.000396 -0.000281 -0.000295  -0.00064 -0.000201  0.000512 -7.53e-05 -0.000387 -0.000556 -0.000365 -8.02e-05  0.000187  -0.00217    0.0006  0.000542  0.000654 -7.22e-05    0.0031 -0.000116  0.000187  8.49e-05 -2.71e-05  -5.9e-06  3.25e-08 -3.35e-08   1.2e-10 -0.000298  4.53e-05 -6.19e-06   1.6e-05  3.29e-05  2.77e-05 -5.07e-06  2.26e-06 -4.16e-05 -2.12e-05 -0.000135 -0.000176  9.17e-05 -0.000252   0.00406  -0.00048 -0.000595  -0.00131  -0.00348  -0.00055 -0.000145  -0.00128 -0.000328 -0.000528 -0.000199 -5.81e-05 -0.000256 -5.96e-05  2.65e-06 -0.000489  0.000152 -0.000238  0.000247
  0.00758 -0.000109  -0.00237  5.16e-05 -0.000884 -0.000301 -1.29e-16 -1.29e-16 -3.19e-05 -0.000151 -5.28e-17  0.000608 -0.000215 -9.24e-06 -5.74e-05  0.000169  0.000214 -5.25e-05 -0.000108 -4.75e-05 -2.24e-05 -0.000159  -0.00015  -5.2e-05 -1.71e-05   6.3e-05  0.000157 -6.75e-05 -6.17e-05 -1.17e-05 -2.36e-05  2.97e-05 -9.92e-05         1  0.000406  2.98e-05 -5.37e-07 -1.56e-05  -1.8e-05  6.83e-05 -4.91e-07 -5.33e-05  0.000301  0.000607 -0.000202  0.000681 -3.59e-06 -7.38e-06 -0.000212  0.000269 -0.000296 -0.000237 -0.000387 -8.78e-05  0.000208  -6.9e-05 -0.000213 -0.000308 -0.000166 -9.91e-05  0.000207  -0.00143   0.00047  0.000421  0.000479 -7.82e-05    0.0028  7.03e-05  0.000261  6.09e-06 -1.77e-05 -2.53e-06 -2.55e-08 -2.89e-08  2.36e-10 -0.000274  3.89e-05 -8.82e-06  1.15e-05  2.09e-05  2.72e-05 -4.53e-06  1.12e-06 -5.34e-05 -2.23e-05 -0.000141 -0.000856  5.21e-05 -7.71e-05   0.00271 -0.000486 -0.000615  -0.00125   -0.0019 -0.000986 -0.000174  -0.00154 -0.000345 -0.000529 -0.000234 -7.01e-05 -0.000273 -6.67e-05 -2.54e-07 -0.000434  -0.00076 -0.000165   0.00029
    0.185   0.00064  0.000426  -0.00695   0.00342    0.0016  1.64e-15  1.64e-15 -0.000159  0.000709  4.68e-16    -0.008  -0.00191 -0.000298  -0.00343  -0.00179  -0.00227  -0.00179  -0.00383 -0.000425  9.14e-05 -6.41e-05 -0.000296 -0.000258   -0.0136  -0.00216   -0.0025  0.000304 -0.000241  -0.00165  0.000135 -0.000684  0.000508  0.000406         1  -0.00223 -3.37e-07  7.53e-05  8.21e-05  -0.00374 -1.12e-05  -0.00025  -0.00732   -0.0183   0.00248   -0.0467 -5.22e-05   0.00113  -0.00219     -0.01 -0.000486  -0.00251  9.71e-05  -0.00227 -0.000638  -0.00195 -0.000769 -0.000447  -0.00293     0.001  -0.00931   0.00879  -0.00722  -0.00571  -0.00657 -0.000199   -0.0893   -0.0208   -0.0126  9.81e-05 -3.46e-06 -4.01e-05    -2e-06 -1.66e-07 -5.66e-08    0.0018  -0.00134 -0.000196 -0.000184   -0.0029 -0.000578 -0.000256 -8.69e-05 -0.000341 -0.000294  -0.00015   -0.0221  -0.00274 -0.000834   -0.0214   -0.0112   0.00639   0.00244   -0.0255  -0.00712  0.000369  -0.00282  -0.00236  -0.00132 -0.000239 -3.08e-05  -0.00183 -0.000329 -3.53e-05  -0.00357   -0.0129   0.00126   -0.0183
   0.0588  0.000173   0.00339 -0.000836   0.00179  0.000408  3.78e-16  3.78e-16 -0.000121  1.62e-05  3.13e-16  -0.00101  5.54e-05 -1.83e-05 -8.55e-05 -0.000292 -0.000371 -0.000113 -0.000245 -0.000135  1.37e-05 -0.000291 -0.000214 -8.39e-05  -0.00182 -0.000433 -0.000367  6.33e-06 -0.000142  -0.00012  3.49e-05 -0.000158  8.59e-05  2.98e-05  -0.00223         1  1.49e-09  7.73e-06 -6.88e-06 -0.000508 -1.65e-06 -0.000111 -0.000986  -0.00261  0.000231  -0.00586 -1.66e-05  0.000302 -0.000707  -0.00181  -0.00036 -0.000354  0.000408 -0.000106 -0.000102 -0.000292  9.13e-05  7.54e-05 -0.000364  0.000227  -0.00108   0.00152 -0.000921 -0.000732 -0.000945 -6.15e-05   -0.0104  -0.00154  -0.00122 -0.000131 -3.96e-06  2.33e-07 -5.11e-07 -6.62e-08 -8.72e-09  7.29e-05 -0.000111 -7.22e-05 -3.45e-05 -0.000314 -5.19e-05 -4.23e-05 -1.54e-05 -0.000171 -5.29e-06 -0.000189  -0.00665  -0.00075  0.000812   -0.0027  -0.00238    0.0019  -0.00145  -0.00303  -0.00261 -0.000136   -0.0035 -0.000628  -0.00059 -0.000312 -0.000135 -0.000569 -0.000165  -1.3e-05 -0.000646  -0.00603  0.000214  -0.00184
-2.83e-05 -7.97e-07 -3.79e-05 -1.82e-05 -1.15e-05 -3.17e-06 -5.43e-19 -5.43e-19  2.44e-07 -8.57e-08  3.34e-19  3.61e-06 -2.32e-06 -1.97e-07 -2.26e-06  8.01e-07  1.01e-06 -1.21e-06 -2.51e-06  1.18e-07 -1.21e-07 -1.69e-06  1.31e-07 -6.81e-09 -6.07e-06  5.99e-07  3.18e-07 -4.53e-07 -3.11e-07  5.65e-07 -1.88e-07 -2.24e-08 -5.41e-07 -5.37e-07 -3.37e-07  1.49e-09         1 -1.42e-08 -2.01e-07  7.96e-07  -2.4e-08  -8.6e-07 -1.31e-06  1.33e-06 -2.67e-06 -6.05e-06 -2.83e-07 -4.14e-06 -4.49e-06 -1.84e-06 -5.17e-06   7.5e-07   2.9e-06 -5.06e-07 -6.98e-07  6.23e-07 -2.85e-06 -7.53e-07  1.46e-06 -2.72e-06  -5.9e-07 -6.79e-06  3.51e-06  2.51e-06  3.32e-06 -1.95e-06  1.17e-06    -1e-05 -1.72e-07 -1.65e-06 -1.09e-07 -5.34e-09  -2.6e-09 -6.44e-10 -3.18e-11 -4.06e-06 -4.78e-07 -3.93e-07  9.36e-08 -2.46e-06  1.35e-07 -2.52e-07 -2.62e-08 -9.62e-07 -9.29e-07 -2.73e-06 -3.58e-05  5.78e-07 -3.11e-06 -1.11e-06 -6.65e-06 -3.83e-05 -1.24e-05  9.05e-06 -1.82e-05 -3.91e-06 -2.35e-05 -7.58e-06  -7.6e-06 -4.24e-06 -9.63e-07 -5.65e-06 -1.34e-06 -6.51e-08 -9.68e-06 -2.51e-05 -1.26e-06 -4.53e-06
  0.00217 -9.27e-05 -0.000738  7.22e-05 -0.000276 -6.15e-05 -3.84e-17 -3.84e-17 -2.52e-05 -0.000101  2.33e-18  9.34e-05 -5.08e-05 -3.44e-06 -6.47e-05  2.55e-05  3.22e-05 -1.97e-05 -4.06e-05 -1.51e-05    -1e-05 -3.97e-05 -6.23e-05 -1.08e-05  2.13e-05  1.52e-05  2.62e-05 -2.49e-05 -2.56e-05 -2.88e-05 -1.57e-05  1.05e-06 -1.68e-05 -1.56e-05  7.53e-05  7.73e-06 -1.42e-08         1 -1.23e-06  5.46e-06 -1.73e-07 -1.63e-05  5.45e-05  3.48e-05 -6.95e-05  0.000141 -9.53e-08  4.77e-05  4.52e-05  7.26e-06 -5.83e-05 -0.000165 -0.000168  1.36e-05 -8.03e-05 -9.17e-05  2.73e-05  -5.5e-05 -2.74e-05  -3.7e-05  1.83e-05 -0.000248  7.27e-05  8.72e-05  6.08e-05 -2.32e-05  0.000287 -0.000133  2.03e-06 -1.94e-05 -1.67e-06 -3.64e-07   2.5e-10 -5.67e-10  2.55e-10 -5.42e-05 -1.11e-06  4.97e-06  3.01e-06 -4.47e-06  4.03e-06  7.54e-08  2.66e-08 -6.46e-06 -1.05e-05 -1.68e-05  4.73e-05  3.42e-05 -4.95e-05  0.000552 -0.000487  9.68e-05 -0.000179 -0.000682 -0.000784 -4.96e-05 -0.000142 -9.01e-05 -0.000161 -5.96e-05 -1.61e-05 -6.63e-05 -1.19e-05    -1e-07 -0.000106 -9.09e-05 -2.84e-05 -3.01e-05
  0.00226  1.61e-05 -0.000499 -0.000247 -0.000138 -7.84e-05  2.47e-18  2.47e-18  2.01e-07  1.02e-06   2.8e-17  0.000177 -6.02e-05 -3.13e-06  1.42e-05  4.45e-05  5.65e-05 -1.85e-05 -3.87e-05 -1.71e-05 -4.52e-06 -5.38e-05  -2.9e-05 -4.26e-06 -9.34e-06  8.46e-06  2.68e-05 -1.54e-05 -1.68e-05  1.89e-05 -3.75e-06 -6.29e-06 -2.34e-05  -1.8e-05  8.21e-05 -6.88e-06 -2.01e-07 -1.23e-06         1  2.05e-05 -2.21e-07  -1.5e-05  7.51e-05  0.000167 -4.46e-05  0.000127  1.11e-06 -1.79e-05  -0.00017 -8.69e-05 -4.97e-05  2.49e-05  2.41e-05 -8.23e-06  0.000129  1.96e-05 -9.82e-05 -0.000112 -7.32e-05 -2.95e-05  4.07e-05 -0.000389  0.000156  0.000128   0.00012  -3.3e-05  0.000662 -6.74e-06  7.46e-05 -2.13e-05 -4.44e-06  -4.3e-07 -2.42e-08 -1.49e-08 -4.78e-10 -0.000108  7.34e-06 -9.59e-06  3.29e-06 -1.71e-05  7.21e-06 -3.58e-06 -1.86e-08 -1.72e-05 -4.46e-06 -4.01e-05 -0.000269  -3.6e-05  1.93e-05  0.000681 -0.000491 -0.000425 -0.000369 -0.000331 -0.000474 -7.92e-05 -0.000346 -0.000147 -0.000223 -7.27e-05 -2.44e-05 -0.000111 -4.35e-05 -8.48e-08 -0.000183 -0.000384 -4.56e-05  5.33e-05
   0.0573  0.000122  -0.00234  -0.00103 -0.000254  0.000165  2.49e-16  2.49e-16 -7.35e-05  5.02e-06 -1.31e-16  -0.00197 -0.000935 -0.000107  -0.00138 -0.000352 -0.000447 -0.000633  -0.00136 -0.000152  1.23e-05  4.67e-05 -0.000165 -0.000134  -0.00391 -0.000585 -0.000554  4.57e-05 -8.16e-05 -0.000637   2.4e-05 -0.000116  4.58e-05  6.83e-05  -0.00374 -0.000508  7.96e-07  5.46e-06  2.05e-05         1 -1.93e-06  -6.9e-05  -0.00181  -0.00489  0.000725   -0.0137  7.53e-06  0.000344 -0.000494  -0.00236 -2.97e-05 -0.000927 -0.000943  -0.00103  0.000118 -0.000657 -0.000563 -0.000597  -0.00123  0.000295  -0.00275   0.00099  -0.00194  -0.00144   -0.0016 -5.82e-06   -0.0255  -0.00654  -0.00392  0.000252 -1.82e-05 -1.86e-05  -3.4e-07 -1.99e-08 -1.47e-08  0.000531 -0.000355 -2.22e-05 -4.21e-05 -0.000754 -0.000168  -7.2e-05 -2.24e-05 -7.49e-05 -7.82e-05  -2.3e-05  -0.00319 -0.000747  -0.00089  -0.00387  -0.00288   0.00276  0.000168   -0.0131  -0.00125  0.000216 -0.000517 -0.000596 -0.000465  3.03e-05 -6.49e-06 -0.000423 -5.05e-05 -2.01e-06  -0.00107   -0.0017  0.000215  -0.00546
-0.000145 -1.88e-06 -4.54e-05  -2.1e-05 -8.76e-06 -2.79e-06  1.66e-18  1.66e-18 -1.42e-07 -6.62e-07  2.78e-18  8.26e-07 -4.59e-06 -4.69e-07 -2.71e-06  1.56e-07  1.88e-07 -2.82e-06 -5.95e-06 -9.28e-07 -3.53e-07 -2.82e-06 -2.25e-06 -1.87e-07 -1.71e-05 -1.17e-06 -1.64e-06 -7.92e-07 -1.02e-06 -1.49e-06 -4.57e-07 -8.94e-07 -4.69e-07 -4.91e-07 -1.12e-05 -1.65e-06  -2.4e-08 -1.73e-07 -2.21e-07 -1.93e-06         1 -1.27e-06 -6.51e-06 -1.41e-05 -1.84e-06 -4.13e-05 -2.81e-07  5.26e-07 -3.22e-06 -1.33e-05 -6.01e-06 -5.11e-06  1.47e-06   6.9e-07  2.39e-07 -3.69e-06 -9.39e-07 -4.05e-06 -2.22e-06 -1.67e-06 -7.03e-06 -7.02e-06  4.89e-07  7.69e-07 -9.38e-08 -2.54e-06 -5.57e-05 -2.57e-05 -8.51e-06 -2.74e-06 -1.55e-07 -3.95e-08 -4.49e-09 -1.01e-09 -7.71e-11 -4.04e-06 -1.48e-06 -5.37e-07  2.94e-08  -4.5e-06 -1.99e-07 -4.26e-07  -8.3e-08 -1.15e-06 -1.24e-06 -2.68e-06 -5.08e-05 -6.57e-07 -3.08e-06  2.69e-06 -3.89e-05 -2.88e-05 -1.03e-05 -2.46e-05 -5.06e-05 -4.96e-06 -1.95e-05 -1.03e-05 -9.41e-06 -4.95e-06 -1.12e-06 -8.06e-06 -1.84e-06 -8.89e-08 -1.38e-05 -3.15e-05 -1.01e-06 -1.71e-05
 -0.00452 -0.000154  -0.00262 -0.000932   -0.0009 -0.000211 -8.14e-17 -8.14e-17 -7.39e-05 -0.000234  1.37e-17   0.00013 -0.000212 -2.08e-05 -0.000388  2.98e-05  3.79e-05 -0.000123 -0.000259  -3.9e-05  -1.7e-05 -0.000205 -0.000119 -4.83e-05 -0.000559  -2.8e-05  2.01e-05 -6.86e-05  -9.5e-05 -4.37e-05 -2.61e-05 -1.52e-05 -4.55e-05 -5.33e-05  -0.00025 -0.000111  -8.6e-07 -1.63e-05  -1.5e-05  -6.9e-05 -1.27e-06         1 -0.000111 -0.000283 -0.000222  -0.00111 -1.49e-05 -0.000179 -0.000373 -0.000325 -0.000427 -0.000246 -0.000166 -0.000137  -0.00026 -0.000143 -0.000175  -9.9e-05 -4.81e-05 -0.000182 -0.000221 -0.000522  9.52e-05  0.000122  8.46e-05 -0.000144  -0.00159  -0.00109 -0.000286 -0.000108 -1.01e-05 -1.03e-06 -2.03e-07 -3.74e-08 -2.52e-09 -0.000289 -3.75e-05 -2.19e-05  3.41e-06 -0.000186  4.02e-06 -2.28e-05 -4.53e-06 -0.000107 -6.43e-05  -0.00023   -0.0027  -0.00012 -0.000175  9.56e-05  -0.00127  -0.00138  -0.00159  -0.00212  -0.00248 -0.000306  -0.00259 -0.000702 -0.000898 -0.000397 -0.000123 -0.000527 -0.000128 -5.53e-06 -0.000842  -0.00292  -7.6e-05 -0.000684
   0.0621  0.000354  0.000846  -0.00473   0.00181     0.001  8.93e-16  8.93e-16 -2.52e-06  0.000428  3.18e-16  -0.00455 -0.000612 -0.000134  -0.00188  -0.00109  -0.00139 -0.000807  -0.00174 -2.49e-05   7.7e-05  0.000246  0.000261  2.27e-06  -0.00684  -0.00108  -0.00142  0.000209  1.76e-05 -0.000767  9.01e-05 -0.000307  0.000396  0.000301  -0.00732 -0.000986 -1.31e-06  5.45e-05  7.51e-05  -0.00181 -6.51e-06 -0.000111         1  -0.00963   0.00117   -0.0233 -4.89e-05 -0.000161 -0.000222  -0.00495 -0.000153 -0.000347   0.00102 -0.000824  -0.00115 -0.000726  4.96e-05  0.000476 -0.000439  0.000363  -0.00472   0.00643  -0.00407  -0.00331  -0.00363 -7.42e-05   -0.0461   -0.0106  -0.00629 -0.000166  2.73e-05 -1.14e-05 -1.08e-06 -6.14e-08 -2.76e-08   0.00102 -0.000709 -8.59e-05 -9.26e-05  -0.00155 -0.000305 -0.000136 -4.26e-05 -0.000154 -0.000206 -0.000126   -0.0106  -0.00121  -0.00125   -0.0178  -0.00368 -0.000717   0.00193  -0.00915  -0.00324  0.000112  -0.00117 -0.000967  0.000288  2.11e-05  9.95e-06 -0.000708 -5.03e-05 -2.19e-05  -0.00162  -0.00683  0.000777  -0.00932
    0.166  0.000122 -0.000777  -0.00746   0.00361   0.00223     2e-15     2e-15  -0.00033   0.00023  6.98e-16   -0.0109  -0.00234 -0.000385  -0.00493  -0.00246  -0.00312   -0.0023  -0.00493  -0.00049  7.75e-05  0.000221 -0.000471 -0.000241   -0.0167  -0.00273  -0.00333  0.000329 -0.000303  -0.00247  7.37e-05 -0.000865  0.000768  0.000607   -0.0183  -0.00261  1.33e-06  3.48e-05  0.000167  -0.00489 -1.41e-05 -0.000283  -0.00963         1   0.00303   -0.0593 -4.52e-05   0.00184 -0.000722   -0.0129 -7.23e-05  -0.00396 -0.000715  -0.00238  -0.00231  -0.00324  0.000148 -0.000277  -0.00325   0.00121   -0.0121    0.0126  -0.00986  -0.00759  -0.00902 -0.000157    -0.117   -0.0279   -0.0167 -4.12e-05  3.54e-05 -4.74e-05 -2.25e-06 -9.17e-08 -6.68e-08   0.00269   -0.0018 -0.000126 -0.000226  -0.00366 -0.000775 -0.000301 -0.000108 -0.000264 -0.000417  0.000146   -0.0211  -0.00303  -0.00218   -0.0306   -0.0168    0.0104   0.00562   -0.0358   -0.0135    0.0006   0.00119  -0.00242 -0.000889  7.86e-05  6.69e-05   -0.0018 -0.000187 -3.87e-05  -0.00393   -0.0122   0.00176   -0.0241
   0.0551 -0.000778  -0.00784  -0.00156  -0.00333 -0.000838 -5.78e-16 -5.78e-16 -0.000174 -0.000876   2.5e-17   0.00185 -2.43e-05  1.28e-05 -0.000377  0.000377  0.000478  7.45e-05  0.000178  3.08e-05 -7.37e-05 -0.000519 -0.000221 -2.11e-05   0.00167  0.000463  0.000527 -0.000253   -0.0002  0.000263 -0.000131  7.71e-05 -0.000173 -0.000202   0.00248  0.000231 -2.67e-06 -6.95e-05 -4.46e-05  0.000725 -1.84e-06 -0.000222   0.00117   0.00303         1   0.00781 -4.06e-05  -0.00075  -0.00026   0.00115  -0.00106 -0.000277 -0.000248  0.000371   -0.0012 -7.59e-05  2.14e-05  0.000155  0.000842  -0.00085   0.00145  -0.00241   0.00175    0.0015   0.00147 -0.000403    0.0146   0.00122   0.00198 -0.000477 -8.66e-06  9.69e-06 -1.59e-07 -5.05e-08  6.06e-09  -0.00117  0.000133  -1.7e-06  5.01e-05  3.62e-05  0.000132  -5.6e-07  6.23e-06 -0.000184 -0.000149 -0.000541  -0.00265  0.000471 -0.000325   0.00339  -0.00176  -0.00583  -0.00388   0.00293  -0.00677 -0.000991  -0.00538  -0.00144   -0.0022  -0.00107 -0.000301  -0.00105 -0.000266 -1.02e-05  -0.00151  -0.00497 -0.000404   0.00194
    0.573   0.00101   -0.0592   -0.0296   -0.0117   0.00011  2.75e-15  2.75e-15 -0.000314   0.00125 -1.66e-15   -0.0234   -0.0134   -0.0015   -0.0188   -0.0041   -0.0052  -0.00889    -0.019  -0.00159  0.000109 -4.86e-05  -0.00124  -0.00137   -0.0519  -0.00632  -0.00698  0.000571 -0.000914  -0.00712  0.000149  -0.00164  0.000387  0.000681   -0.0467  -0.00586 -6.05e-06  0.000141  0.000127   -0.0137 -4.13e-05  -0.00111   -0.0233   -0.0593   0.00781         1 -0.000104   0.00146   -0.0109   -0.0311  -0.00293   -0.0111  -0.00839   -0.0133  0.000804  -0.00715  -0.00967  -0.00726   -0.0146   0.00138   -0.0351    0.0106   -0.0219   -0.0166   -0.0185  -0.00158    -0.323   -0.0916   -0.0498   0.00207 -0.000241 -0.000242 -5.75e-06 -6.15e-07 -2.08e-07   0.00431  -0.00517 -0.000525 -0.000473   -0.0118  -0.00209  -0.00103 -0.000297  -0.00116  -0.00167  -0.00134   -0.0623    -0.008   -0.0126   -0.0497    -0.041    0.0057   0.00294    -0.135   -0.0231    0.0005  -0.00994   -0.0123   -0.0116  -0.00205 -0.000218  -0.00865  -0.00156 -6.13e-05   -0.0195   -0.0286   0.00214    -0.073
-0.000357 -2.93e-05 -0.000358 -0.000233 -0.000124 -1.18e-05  -1.9e-17  -1.9e-17 -5.62e-06 -1.88e-05 -9.09e-18 -3.19e-05  3.35e-06 -1.18e-06  -5.9e-05 -1.32e-05 -1.68e-05 -7.99e-06 -1.58e-05  8.12e-06  2.22e-07 -2.52e-05  9.04e-06 -3.48e-06  -8.9e-05  5.12e-06 -4.38e-06  -3.1e-06 -6.87e-06  1.09e-05 -1.68e-06 -5.84e-07  2.55e-06 -3.59e-06 -5.22e-05 -1.66e-05 -2.83e-07 -9.53e-08  1.11e-06  7.53e-06 -2.81e-07 -1.49e-05 -4.89e-05 -4.52e-05 -4.06e-05 -0.000104         1 -7.39e-05 -5.88e-05  6.15e-06 -0.000101 -1.72e-05  4.49e-05 -1.48e-05 -0.000118  1.37e-06 -8.09e-06  7.01e-05  6.76e-05 -4.44e-05 -2.22e-05  0.000112 -1.34e-05 -1.79e-05 -8.34e-06 -2.65e-05 -0.000275  -0.00015 -2.35e-05 -2.53e-05  2.89e-07  4.28e-07 -5.02e-08 -5.24e-09 -3.76e-10 -3.31e-05  -1.1e-05 -4.52e-06    -7e-07 -3.91e-05  3.41e-07 -3.35e-06 -8.74e-07 -1.85e-05 -1.49e-05 -4.38e-05 -0.000821  7.32e-06 -5.69e-06 -0.000367  0.000124 -0.000427 -0.000166  0.000467 -0.000173 -4.51e-05 -0.000515 -0.000107 -0.000108 -7.37e-05 -1.54e-05 -8.16e-05 -1.39e-05 -1.83e-06 -0.000115 -0.000602  4.28e-06 -9.99e-05
   0.0498 -4.21e-05   -0.0119  -0.00753  -0.00584 -0.000787 -9.83e-16 -9.83e-16  7.66e-05 -0.000224 -9.51e-16 -0.000529 -0.000374 -4.93e-05  -0.00278  -0.00012 -0.000147 -0.000304 -0.000636  0.000491  7.83e-05  0.000194    0.0012  0.000102  6.47e-05  0.000483  0.000226  4.16e-05  0.000131   0.00049     2e-05  0.000189  3.62e-05 -7.38e-06   0.00113  0.000302 -4.14e-06  4.77e-05 -1.79e-05  0.000344  5.26e-07 -0.000179 -0.000161   0.00184  -0.00075   0.00146 -7.39e-05         1  -0.00205   0.00134 -0.000838   0.00222   0.00112  -0.00141  -0.00241   0.00136   -0.0018   0.00145   0.00166  -0.00146  -0.00033   0.00159 -1.17e-05 -0.000238  0.000137 -0.000458  -0.00403  -0.00443 -0.000716 -0.000172  2.35e-05  5.78e-06 -2.64e-07   2.8e-08 -2.71e-09 -0.000745 -0.000195 -2.46e-05  2.04e-05 -0.000899 -6.52e-06 -7.49e-05 -8.37e-06 -0.000233 -0.000311 -0.000783   -0.0039  2.17e-06  -0.00261   -0.0129   0.00668   -0.0155  -0.00335   0.00766   0.00282 -0.000803  -0.00723  -0.00207  -0.00273  -0.00103 -0.000256  -0.00119 -0.000302 -1.37e-05  -0.00253  -0.00728 -6.16e-05  -0.00242
    0.124 -7.02e-05   -0.0216   -0.0122  -0.00752   -0.0014 -8.79e-16 -8.79e-16 -8.05e-05  6.16e-05 -1.01e-15  -0.00107  -0.00233 -0.000223    -0.004 -3.05e-05 -3.51e-05  -0.00134  -0.00281 -0.000102  6.82e-06 -0.000943  0.000218 -0.000235  -0.00355  0.000212 -2.15e-05 -3.26e-05 -0.000385  0.000307 -6.56e-05 -0.000271 -0.000242 -0.000212  -0.00219 -0.000707 -4.49e-06  4.52e-05  -0.00017 -0.000494 -3.22e-06 -0.000373 -0.000222 -0.000722  -0.00026   -0.0109 -5.88e-05  -0.00205         1  -0.00281  -0.00171 -0.000848 -0.000335  -0.00323 -0.000715   0.00057  -0.00438 -0.000461  -0.00213  -0.00166  -0.00292  -0.00171  0.000113 -8.61e-05 -0.000563  -0.00114   -0.0271    -0.013  -0.00453  7.18e-05 -4.89e-05    -3e-05 -9.88e-07 -1.69e-07 -2.86e-08  -0.00143 -0.000715 -0.000199 -1.78e-05  -0.00226 -0.000119 -0.000163 -4.43e-05 -0.000445 -0.000404 -0.000909   -0.0174   -0.0012 -0.000183   0.00124  -0.00596   -0.0103  -0.00447   0.00156  -0.00386  -0.00128  -0.00903  -0.00528  -0.00902  -0.00241 -0.000427  -0.00359  -0.00122  -2.2e-05  -0.00617   -0.0135 -0.000219  -0.00869
    0.138  0.000303  -0.00188   -0.0103   0.00312  0.000903   1.9e-15   1.9e-15 -0.000172  0.000391   1.8e-15  -0.00464  -0.00146 -0.000233  -0.00187  -0.00118  -0.00149  -0.00141  -0.00301 -0.000538 -2.08e-05 -0.000672 -0.000633  5.79e-05  -0.00884  -0.00155  -0.00205  2.34e-05 -0.000425 -0.000916 -4.86e-05 -0.000903  0.000396  0.000269     -0.01  -0.00181 -1.84e-06  7.26e-06 -8.69e-05  -0.00236 -1.33e-05 -0.000325  -0.00495   -0.0129   0.00115   -0.0311  6.15e-06   0.00134  -0.00281         1 -5.23e-06  -0.00159   0.00203 -0.000234 -0.000219  -0.00171 -0.000236  -0.00116  -0.00249  0.000271  -0.00648   0.00518  -0.00373  -0.00286  -0.00455 -0.000669    -0.061    -0.016  -0.00831  -0.00102  2.18e-05 -1.67e-05 -1.86e-06 -2.76e-07 -4.82e-08 -1.08e-05  -0.00107 -0.000235 -9.45e-05  -0.00259 -0.000366 -0.000214 -6.66e-05 -0.000283 -0.000283 -0.000128   -0.0151  -0.00249  0.000212   -0.0123    -0.024 -0.000175   0.00115   -0.0157   -0.0216  -0.00109   0.00118  -0.00358  -0.00392 -0.000878 -0.000249  -0.00264 -0.000898 -2.94e-05  -0.00468   -0.0133  0.000727   -0.0133
    0.106 -0.000713   -0.0125  -0.00327  -0.00433  -0.00108 -5.49e-16 -5.49e-16 -0.000247 -0.000831 -2.11e-16    0.0011 -0.000877 -7.34e-05   -0.0013  0.000278  0.000352 -0.000439 -0.000912  -0.00013 -7.31e-05  -0.00095  -0.00051 -0.000267  -0.00233  5.65e-05  0.000292 -0.000279 -0.000368 -6.69e-05 -9.76e-05  2.85e-05 -0.000281 -0.000296 -0.000486  -0.00036 -5.17e-06 -5.83e-05 -4.97e-05 -2.97e-05 -6.01e-06 -0.000427 -0.000153 -7.23e-05  -0.00106  -0.00293 -0.000101 -0.000838  -0.00171 -5.23e-06         1  -0.00129 -0.000875 -0.000686 -0.000863 -0.000454 -0.000898 -0.000298 -3.49e-05 -0.000819 -0.000366  -0.00302  0.000875  0.000812     0.001 -0.000634  -0.00124  -0.00338 -0.000453  -0.00032  -6.1e-05 -6.25e-06 -9.13e-07 -1.85e-07  -8.8e-09  -0.00129 -9.82e-05 -0.000107  1.67e-05 -0.000652  5.52e-05 -8.41e-05 -1.54e-05 -0.000483 -0.000286  -0.00111   -0.0152 -9.38e-05 -0.000386   0.00316  -0.00179  -0.00663  -0.00698  -0.00468  -0.00726  -0.00122   -0.0129  -0.00289  -0.00355  -0.00184 -0.000493  -0.00225 -0.000476 -2.74e-05  -0.00341   -0.0123 -0.000433   -0.0018
 -0.00112  -0.00201   -0.0186   0.00103  -0.00583 -0.000889  -7.2e-16  -7.2e-16 -0.000496  -0.00156 -5.28e-16 -0.000794   -0.0021 -0.000187  -0.00251  7.47e-05  8.95e-05   -0.0011  -0.00231 -0.000495 -0.000194 -0.000785  -0.00152 -0.000418  -0.00334    -2e-05 -4.29e-05 -0.000322 -0.000582  -0.00112 -0.000315 -0.000173 -0.000295 -0.000237  -0.00251 -0.000354   7.5e-07 -0.000165  2.49e-05 -0.000927 -5.11e-06 -0.000246 -0.000347  -0.00396 -0.000277   -0.0111 -1.72e-05   0.00222 -0.000848  -0.00159  -0.00129         1  -0.00499  -0.00121  -0.00149  -0.00268 -0.000367  -0.00142  -0.00256 -0.000445  -0.00252  -0.00316 -0.000605  7.95e-05 -0.000708 -0.000525   -0.0232   -0.0103  -0.00442  0.000219 -4.67e-05 -3.65e-05 -2.42e-07  9.76e-09 -1.07e-08 -8.84e-05 -0.000571  9.18e-05 -8.71e-06  -0.00101 -0.000126 -3.07e-05 -2.55e-05 -3.22e-05  -0.00027  6.33e-05  -0.00611  0.000514 -0.000243    0.0129   -0.0114   0.00962   0.00105    -0.016   -0.0125 -0.000204    0.0009  -0.00215  -0.00433  -0.00113 -5.25e-05  -0.00158 -0.000249 -4.47e-06   -0.0026  0.000714 -0.000182  -0.00682
   0.0582  -0.00176   -0.0256   0.00415   -0.0103  -0.00198  -1.7e-15  -1.7e-15 -0.000414  -0.00185 -1.82e-15  0.000761  -0.00309 -0.000221  -0.00369   0.00072   0.00091  -0.00127  -0.00269 -0.000367 -0.000179  -0.00025   -0.0012 -0.000563  -0.00245  0.000302  0.000755 -0.000363 -0.000408  -0.00135 -0.000272   0.00029  -0.00064 -0.000387  9.71e-05  0.000408   2.9e-06 -0.000168  2.41e-05 -0.000943  1.47e-06 -0.000166   0.00102 -0.000715 -0.000248  -0.00839  4.49e-05   0.00112 -0.000335   0.00203 -0.000875  -0.00499         1  -0.00271   -0.0002  -0.00205  -0.00196  -0.00251  -0.00306 -0.000506  -0.00195  -0.00828   0.00016  0.000847  0.000877 -0.000217   -0.0147  -0.00982  -0.00425   0.00117 -0.000106 -5.59e-05  7.39e-07  1.27e-07 -2.88e-10  -1.8e-05 -0.000305  0.000203  3.74e-05 -0.000468 -8.92e-05  -1.6e-05 -7.33e-06   4.5e-05  -0.00022 -6.13e-06    0.0059  0.000825  -0.00301    0.0176  -0.00311   0.00851  -0.00148   -0.0309  -0.00269   0.00034  0.000208  -0.00131  -0.00353 -0.000574 -1.27e-05 -0.000774  4.15e-05  2.58e-05  -0.00216   0.00824  -0.00074  -0.00569
   0.0831 -0.000267   -0.0183  -0.00456  -0.00734  -0.00106 -1.07e-15 -1.07e-15 -5.35e-05 -0.000301 -1.61e-15  -0.00179  -0.00227 -0.000206  -0.00407  -7.2e-05 -8.94e-05  -0.00121  -0.00257  3.23e-05  1.82e-05  7.43e-05  0.000291 -0.000269  -0.00384  3.56e-05 -6.42e-07   3.4e-05 -9.08e-05 -0.000511 -2.96e-05  8.78e-05 -0.000201 -8.78e-05  -0.00227 -0.000106 -5.06e-07  1.36e-05 -8.23e-06  -0.00103   6.9e-07 -0.000137 -0.000824  -0.00238  0.000371   -0.0133 -1.48e-05  -0.00141  -0.00323 -0.000234 -0.000686  -0.00121  -0.00271         1 -0.000753 -6.77e-05  -0.00306 -0.000592  -0.00172 -0.000821   -0.0032  -0.00138  -0.00139  -0.00103 -0.000918  -0.00038   -0.0295   -0.0119  -0.00535  0.000791 -4.53e-05 -3.84e-05 -7.98e-08  4.76e-08 -1.58e-08  7.64e-05 -0.000571  1.33e-05 -1.96e-05  -0.00143 -0.000187 -0.000103 -2.76e-05 -0.000128 -0.000287 -0.000339  -0.00388 -0.000375   -0.0026  -0.00186   0.00171  -0.00311  -0.00112   -0.0125   0.00383  6.91e-05  -0.00318  -0.00223  -0.00395 -0.000759 -6.13e-05  -0.00133 -0.000293  2.81e-06  -0.00311  -0.00129 -0.000106   -0.0082
   0.0146  -0.00217   -0.0128  -0.00732  -0.00639  0.000377 -1.36e-15 -1.36e-15 -0.000512  -0.00194 -8.22e-16  -0.00424  0.000438 -5.44e-05   -0.0047  -0.00118  -0.00149 -0.000351 -0.000704  0.000536  6.55e-06  8.95e-05  0.000773  0.000139   0.00109  0.000548 -0.000401 -2.94e-05   -0.0002  8.96e-05 -0.000237  -0.00012  0.000512  0.000208 -0.000638 -0.000102 -6.98e-07 -8.03e-05  0.000129  0.000118  2.39e-07  -0.00026  -0.00115  -0.00231   -0.0012  0.000804 -0.000118  -0.00241 -0.000715 -0.000219 -0.000863  -0.00149   -0.0002 -0.000753         1 -0.000637  0.000646   0.00395   0.00268  -0.00211  -0.00163   0.00977  -0.00243  -0.00188  -0.00291 -0.000685   -0.0236  -0.00972  -0.00309 -0.000813  0.000152  2.24e-05 -4.17e-07  2.85e-07  1.04e-09  0.000119 -0.000719  0.000165 -2.86e-05  -0.00154 -0.000132 -3.15e-05 -3.02e-05 -8.23e-05 -0.000488 -0.000209  -0.00536   0.00058  -0.00166   -0.0223 -0.000319  -0.00628   0.00252    0.0173  -0.00972 -0.000751  -0.00191  -0.00255  -0.00472  -0.00149 -0.000168   -0.0014 -0.000236 -3.54e-05  -0.00226  -0.00926  0.000862  -0.00661
  -0.0153 -0.000898  -0.00598   0.00101  -0.00143 -0.000186  1.28e-17  1.28e-17 -0.000274 -0.000827   1.7e-16 -0.000548 -0.000823 -8.23e-05 -0.000861    -6e-05 -7.87e-05 -0.000482  -0.00102 -0.000288 -9.89e-05 -0.000358 -0.000852 -0.000164  -0.00215 -0.000259 -0.000224 -0.000183 -0.000292 -0.000699 -0.000146  -0.00013 -7.53e-05  -6.9e-05  -0.00195 -0.000292  6.23e-07 -9.17e-05  1.96e-05 -0.000657 -3.69e-06 -0.000143 -0.000726  -0.00324 -7.59e-05  -0.00715  1.37e-06   0.00136   0.00057  -0.00171 -0.000454  -0.00268  -0.00205 -6.77e-05 -0.000637         1  0.000478 -0.000811  -0.00108  4.35e-05  -0.00146  -0.00099 -0.000646 -0.000178 -0.000651 -0.000171   -0.0131  -0.00462  -0.00225  -8.9e-05 -1.68e-05 -1.33e-05  -2.3e-07 -1.68e-08 -6.31e-09  3.34e-05  -0.00025  3.93e-05 -7.08e-06 -0.000419 -7.21e-05 -2.37e-05  -1.3e-05 -3.27e-05  -0.00011  3.35e-05  -0.00207  3.45e-05 -0.000293   0.00401  -0.00755   0.00521  0.000191   -0.0117  -0.00888 -0.000173  0.000565 -0.000798  -0.00122 -0.000367 -5.96e-05  -0.00064 -6.74e-05 -3.26e-06  -0.00107 -0.000424 -2.28e-05  -0.00332
   0.0495  3.29e-05   -0.0219  -0.00668  -0.00833  -0.00173 -1.04e-15 -1.04e-15  9.53e-05  4.15e-05 -1.41e-15  3.47e-05  -0.00259 -0.000208   -0.0035  0.000375  0.000478  -0.00123   -0.0026 -9.02e-06 -2.73e-06 -0.000182  0.000298  -0.00022  -0.00321  0.000271  0.000301 -3.39e-05 -9.23e-05 -0.000181 -3.64e-05  9.06e-05 -0.000387 -0.000213 -0.000769  9.13e-05 -2.85e-06  2.73e-05 -9.82e-05 -0.000563 -9.39e-07 -0.000175  4.96e-05  0.000148  2.14e-05  -0.00967 -8.09e-06   -0.0018  -0.00438 -0.000236 -0.000898 -0.000367  -0.00196  -0.00306  0.000646  0.000478         1  -0.00139  -0.00197  -0.00108  -0.00229  -0.00463   0.00027  0.000211  0.000458 -0.000597   -0.0187   -0.0105  -0.00392  0.000634 -7.61e-05 -3.94e-05  -1.4e-07 -6.93e-08 -1.69e-08 -0.000794 -0.000451 -6.16e-05  1.69e-05  -0.00142 -0.000104 -0.000114 -2.03e-05 -0.000187 -0.000304  -0.00058  -0.00445 -0.000355  -0.00254   0.00369 -0.000264  -0.00855  -0.00304   -0.0105    0.0026 -0.000483  -0.00431  -0.00297    -0.005  -0.00112 -0.000165  -0.00188 -0.000558  5.77e-06   -0.0041  -0.00194  -0.00052  -0.00656
   0.0212  0.000178     -0.01   0.00168  -0.00246  -0.00142  1.75e-16  1.75e-16  5.07e-05  2.41e-05   1.2e-16   0.00267  -0.00205 -0.000122  0.000264   0.00092   0.00116   -0.0007   -0.0015 -0.000512  -0.00012 -0.000467  -0.00105 -0.000253  -0.00285 -0.000235  0.000334 -0.000255 -0.000204 -0.000685 -6.68e-05  3.44e-05 -0.000556 -0.000308 -0.000447  7.54e-05 -7.53e-07  -5.5e-05 -0.000112 -0.000597 -4.05e-06  -9.9e-05  0.000476 -0.000277  0.000155  -0.00726  7.01e-05   0.00145 -0.000461  -0.00116 -0.000298  -0.00142  -0.00251 -0.000592   0.00395 -0.000811  -0.00139         1  -0.00283  0.000469 -0.000734  -0.00923   0.00157   0.00159    0.0018 -0.000107  0.000109  -0.00246  -0.00109  0.000421 -0.000126 -3.57e-05  7.57e-08 -1.97e-07 -9.28e-09 -0.000765  6.19e-05 -5.76e-05  4.54e-05 -2.28e-05  1.38e-05 -4.53e-05  3.08e-06 -6.14e-05  3.49e-06 -0.000187   0.00224 -0.000214  -0.00105    0.0178  -0.00795   0.00178  -0.00338   -0.0248  -0.00441 -0.000286  -0.00024 -0.000776 -0.000883 -0.000109 -0.000102 -0.000695 -0.000203  2.15e-05  -0.00174   0.00416 -0.000885  -0.00108
  -0.0123  6.19e-05   -0.0102  0.000159  -0.00247 -0.000837  6.04e-17  6.04e-17 -3.92e-05   0.00011 -3.52e-16 -6.11e-05  -0.00233 -0.000182   -0.0012  0.000336  0.000424  -0.00106  -0.00226 -0.000512 -7.72e-05  -0.00035 -0.000903  -0.00032  -0.00422  -0.00041 -0.000127 -8.68e-05 -0.000254 -0.000846 -5.73e-05 -0.000138 -0.000365 -0.000166  -0.00293 -0.000364  1.46e-06 -2.74e-05 -7.32e-05  -0.00123 -2.22e-06 -4.81e-05 -0.000439  -0.00325  0.000842   -0.0146  6.76e-05   0.00166  -0.00213  -0.00249 -3.49e-05  -0.00256  -0.00306  -0.00172   0.00268  -0.00108  -0.00197  -0.00283         1  0.000403  -0.00271  -0.00541 -0.000349  3.55e-06 -0.000239 -0.000153   -0.0217  -0.00784   -0.0042  0.000716  -9.4e-05 -4.55e-05 -1.81e-08 -9.89e-08 -1.78e-08  2.62e-05 -0.000344 -3.89e-05 -1.18e-05 -0.000743  -0.00014 -6.47e-05 -1.84e-05 -5.82e-07 -3.21e-05  0.000137 -0.000811  -0.00064 -0.000444    0.0132  -0.00839   0.00667 -0.000133   -0.0223  -0.00231  0.000228   0.00226  -0.00116  -0.00235 -0.000122   3.6e-05 -0.000856 -0.000282  1.69e-05  -0.00197   0.00369 -0.000366  -0.00563
   0.0392 -0.000834   -0.0143   -0.0051  -0.00576 -0.000901 -8.52e-16 -8.52e-16 -9.93e-05 -0.000693 -5.44e-16  3.63e-05 -0.000764 -7.35e-05  -0.00223  5.61e-05  7.29e-05 -0.000444 -0.000918  0.000155 -3.72e-05 -0.000219  0.000234  1.21e-05  0.000228  0.000505  0.000234  -0.00012 -0.000124  0.000137 -0.000137  1.91e-05 -8.02e-05 -9.91e-05     0.001  0.000227 -2.72e-06  -3.7e-05 -2.95e-05  0.000295 -1.67e-06 -0.000182  0.000363   0.00121  -0.00085   0.00138 -4.44e-05  -0.00146  -0.00166  0.000271 -0.000819 -0.000445 -0.000506 -0.000821  -0.00211  4.35e-05  -0.00108  0.000469  0.000403         1 -0.000324 -0.000453  0.000544  0.000463  0.000262 -0.000562  -0.00357  -0.00508 -0.000893 -0.000267  1.19e-05 -2.71e-06 -1.71e-07  1.48e-08 -2.37e-09 -0.000819 -0.000268  1.82e-05  2.87e-05 -0.000827 -3.08e-07 -3.88e-05  -8.3e-06 -0.000107 -0.000286 -0.000399  -0.00278  0.000385  -0.00142  -0.00202  -0.00176  -0.00793  -0.00126   0.00403  -0.00485 -0.000819  -0.00253  -0.00215  -0.00364  -0.00112 -0.000179  -0.00134 -0.000361 -8.74e-06  -0.00251  -0.00356 -0.000178  -0.00259
    0.047 -0.000257   -0.0169  -0.00841  -0.00468 -1.06e-05  1.29e-16  1.29e-16  -0.00013 -8.87e-05 -7.03e-16  -0.00586  -0.00289 -0.000337   -0.0053  -0.00108  -0.00137  -0.00201  -0.00427 -0.000179  2.75e-05   0.00015  5.65e-05 -0.000209  -0.00988  -0.00104  -0.00149  0.000146 -0.000192   -0.0014 -3.68e-05 -0.000374  0.000187  0.000207  -0.00931  -0.00108  -5.9e-07  1.83e-05  4.07e-05  -0.00275 -7.03e-06 -0.000221  -0.00472   -0.0121   0.00145   -0.0351 -2.22e-05  -0.00033  -0.00292  -0.00648 -0.000366  -0.00252  -0.00195   -0.0032  -0.00163  -0.00146  -0.00229 -0.000734  -0.00271 -0.000324         1   0.00416  -0.00496  -0.00378  -0.00451 -0.000495    -0.073    -0.022   -0.0113  0.000358 -8.07e-06 -4.87e-05 -1.04e-06 -2.07e-08 -4.22e-08  0.000958  -0.00129 -4.63e-05 -9.79e-05  -0.00287 -0.000477 -0.000211 -6.68e-05 -0.000156 -0.000449 -0.000127   -0.0105  -0.00146   -0.0032   -0.0144  -0.00919 -0.000283   0.00251    -0.023  -0.00602  4.15e-05  0.000488   -0.0031  -0.00396 -0.000614 -9.75e-07  -0.00198  -0.00041 -1.26e-05  -0.00455  -0.00516  0.000621    -0.017
    0.116 -0.000706    -0.042   0.00623   -0.0149  -0.00619 -1.66e-15 -1.66e-15 -7.47e-06  -0.00138  -7.9e-16    0.0137  -0.00519 -0.000201   0.00107   0.00402   0.00509  -0.00112  -0.00235   -0.0011 -0.000436  -0.00203  -0.00289 -0.000828 -0.000385   0.00106   0.00312  -0.00115 -0.000704  -0.00073 -0.000349  0.000732  -0.00217  -0.00143   0.00879   0.00152 -6.79e-06 -0.000248 -0.000389   0.00099 -7.02e-06 -0.000522   0.00643    0.0126  -0.00241    0.0106  0.000112   0.00159  -0.00171   0.00518  -0.00302  -0.00316  -0.00828  -0.00138   0.00977  -0.00099  -0.00463  -0.00923  -0.00541 -0.000453   0.00416         1   0.00998   0.00892    0.0105 -0.000753     0.061   0.00405   0.00518   0.00102 -0.000402 -7.74e-05  8.26e-07 -5.47e-07     8e-09   -0.0045   0.00101 -9.87e-05  0.000267   0.00131  0.000492 -2.88e-05  5.38e-05 -0.000439 -9.86e-05  -0.00162   0.00637   0.00134  -0.00322    0.0646   -0.0109  -0.00722   -0.0185   -0.0538   -0.0101  -0.00208   -0.0135  -0.00333  -0.00519  -0.00203 -0.000755  -0.00278 -0.000726  5.58e-05   -0.0056   0.00778  -0.00371   0.00777
  -0.0663  0.000287   0.00632  -0.00203   0.00266   0.00176  5.48e-16  5.48e-16 -7.45e-05   0.00033 -3.34e-16  -0.00642 -0.000107 -0.000104  -0.00251   -0.0015   -0.0019  -0.00063  -0.00136  0.000127  0.000136  0.000797  0.000616  3.83e-06  -0.00526  -0.00101  -0.00149   0.00039  0.000135 -0.000797  0.000128 -0.000257    0.0006   0.00047  -0.00722 -0.000921  3.51e-06  7.27e-05  0.000156  -0.00194  4.89e-07  9.52e-05  -0.00407  -0.00986   0.00175   -0.0219 -1.34e-05 -1.17e-05  0.000113  -0.00373  0.000875 -0.000605   0.00016  -0.00139  -0.00243 -0.000646   0.00027   0.00157 -0.000349  0.000544  -0.00496   0.00998         1  -0.00443  -0.00492  0.000287   -0.0518   -0.0105  -0.00708  0.000337  7.66e-05 -1.06e-05 -4.53e-07  1.69e-07    -2e-08   0.00217  -0.00076  3.93e-05 -0.000127  -0.00131 -0.000376 -8.06e-05 -4.22e-05  7.98e-05  -7.9e-05  0.000493  -0.00372  -0.00114 -0.000923    -0.022   0.00126    0.0066   0.00584  -0.00563   0.00379   0.00114   0.00392  0.000459   0.00118  0.000801  0.000275  0.000488  0.000265 -1.14e-05  0.000373  -0.00156   0.00125  -0.00977
   -0.042  0.000459   0.00729   -0.0021   0.00295   0.00159   5.3e-16   5.3e-16  2.03e-05  0.000563 -2.43e-16  -0.00531  0.000189  -6.3e-05  -0.00172  -0.00127  -0.00161 -0.000386 -0.000841  0.000172  0.000139  0.000729  0.000713  5.64e-05  -0.00392 -0.000784  -0.00124  0.000385  0.000187 -0.000464  0.000143 -0.000212  0.000542  0.000421  -0.00571 -0.000732  2.51e-06  8.72e-05  0.000128  -0.00144  7.69e-07  0.000122  -0.00331  -0.00759    0.0015   -0.0166 -1.79e-05 -0.000238 -8.61e-05  -0.00286  0.000812  7.95e-05  0.000847  -0.00103  -0.00188 -0.000178  0.000211   0.00159  3.55e-06  0.000463  -0.00378   0.00892  -0.00443         1  -0.00403  0.000266   -0.0403  -0.00755  -0.00531  0.000255  7.16e-05 -4.59e-06 -3.84e-07  1.35e-07 -1.58e-08   0.00182 -0.000592  1.41e-05 -0.000108  -0.00102 -0.000298 -5.99e-05 -3.28e-05   8.1e-05 -3.91e-05  0.000427   -0.0036 -0.000934 -0.000445   -0.0194   0.00261   0.00431   0.00526 -3.42e-05   0.00514  0.000988   0.00343  0.000585   0.00133  0.000747  0.000261   0.00055  0.000231 -1.07e-05  0.000621  -0.00135   0.00109  -0.00733
  -0.0577  8.79e-05   0.00623   -0.0037    0.0029   0.00181  6.29e-16  6.29e-16 -0.000106  0.000278  1.74e-17  -0.00624  0.000131 -8.98e-05  -0.00229  -0.00153  -0.00194 -0.000551  -0.00118  0.000108  0.000115    0.0006  0.000562  9.97e-05  -0.00401  -0.00084  -0.00151  0.000359  6.04e-05 -0.000543  6.94e-05 -0.000398  0.000654  0.000479  -0.00657 -0.000945  3.32e-06  6.08e-05   0.00012   -0.0016 -9.38e-08  8.46e-05  -0.00363  -0.00902   0.00147   -0.0185 -8.34e-06  0.000137 -0.000563  -0.00455     0.001 -0.000708  0.000877 -0.000918  -0.00291 -0.000651  0.000458    0.0018 -0.000239  0.000262  -0.00451    0.0105  -0.00492  -0.00403         1  9.95e-05   -0.0485   -0.0102   -0.0064 -1.43e-05  0.000101 -2.99e-06 -5.13e-07  1.59e-07 -1.95e-08   0.00182 -0.000797  2.63e-05 -0.000118  -0.00142 -0.000347 -6.86e-05 -4.24e-05  0.000111 -9.18e-05  0.000591  -0.00375  -0.00112 -0.000109    -0.021   -0.0028   0.00581   0.00668   0.00107 -0.000464  0.000791   0.00577 -5.14e-05 -6.15e-05   0.00053  0.000249  0.000154  5.84e-05 -1.45e-05  2.54e-05  -0.00246   0.00129  -0.00929
 -0.00965 -0.000386  -0.00758  -0.00299  -0.00258 -0.000498 -2.54e-16 -2.54e-16 -6.95e-05 -0.000311 -8.15e-17  9.24e-05 -0.000564 -5.42e-05  -0.00101  4.55e-05  5.79e-05 -0.000326  -0.00068  -2.2e-05 -3.34e-05 -0.000297 -8.12e-05 -3.08e-05 -0.000742  0.000121  2.85e-05  -9.3e-05 -0.000134  -6.3e-06 -7.48e-05  -5.5e-05 -7.22e-05 -7.82e-05 -0.000199 -6.15e-05 -1.95e-06 -2.32e-05  -3.3e-05 -5.82e-06 -2.54e-06 -0.000144 -7.42e-05 -0.000157 -0.000403  -0.00158 -2.65e-05 -0.000458  -0.00114 -0.000669 -0.000634 -0.000525 -0.000217  -0.00038 -0.000685 -0.000171 -0.000597 -0.000107 -0.000153 -0.000562 -0.000495 -0.000753  0.000287  0.000266  9.95e-05         1  -0.00428  -0.00324 -0.000799 -0.000209 -7.41e-06 -4.05e-06 -2.98e-07 -5.02e-08  -5.3e-09 -0.000557 -0.000172 -2.83e-05  1.06e-05 -0.000549 -8.04e-06 -3.77e-05 -8.54e-06 -0.000117 -0.000159 -0.000297  -0.00401  9.23e-07 -0.000466  0.000319  -0.00304  -0.00382  -0.00133 -0.000171  -0.00449 -0.000572  -0.00233  -0.00147   -0.0022 -0.000743 -0.000147  -0.00101 -0.000281 -7.81e-06  -0.00176  -0.00348  -0.00013  -0.00189
   0.0523  -0.00306    -0.138   -0.0816   -0.0379   0.00359  1.11e-15  1.11e-15  -0.00132 -0.000545 -7.02e-15   -0.0634   -0.0236    -0.003   -0.0511   -0.0125   -0.0159   -0.0179   -0.0381 -0.000804  0.000497   0.00279   0.00247  -0.00142   -0.0879  -0.00944   -0.0153    0.0021  -0.00138   -0.0123 -0.000273  -0.00388    0.0031    0.0028   -0.0893   -0.0104  1.17e-06  0.000287  0.000662   -0.0255 -5.57e-05  -0.00159   -0.0461    -0.117    0.0146    -0.323 -0.000275  -0.00403   -0.0271    -0.061  -0.00124   -0.0232   -0.0147   -0.0295   -0.0236   -0.0131   -0.0187  0.000109   -0.0217  -0.00357    -0.073     0.061   -0.0518   -0.0403   -0.0485  -0.00428         1    -0.208    -0.108   0.00297  0.000227 -0.000406 -9.44e-06  3.78e-07 -3.85e-07     0.012   -0.0127 -0.000211  -0.00107   -0.0275  -0.00472  -0.00186 -0.000649 -0.000889  -0.00415  0.000394   -0.0966   -0.0133   -0.0271     -0.17   -0.0766   0.00576    0.0396    -0.166   -0.0471    0.0021    0.0192   -0.0267   -0.0358  -0.00461  0.000704   -0.0164  -0.00332 -0.000145   -0.0381   -0.0463   0.00822    -0.163
   -0.103  -0.00403    -0.105   -0.0375   -0.0356  -0.00408 -2.86e-15 -2.86e-15 -0.000583  -0.00266 -4.14e-15   -0.0143   -0.0119  -0.00125    -0.022   -0.0021  -0.00266  -0.00743   -0.0157 -0.000186 -0.000158 -0.000241  0.000344 -0.000618   -0.0263 -0.000799  -0.00288 -0.000123 -0.000951  -0.00386 -0.000695 -0.000859 -0.000116  7.03e-05   -0.0208  -0.00154    -1e-05 -0.000133 -6.74e-06  -0.00654 -2.57e-05  -0.00109   -0.0106   -0.0279   0.00122   -0.0916  -0.00015  -0.00443    -0.013    -0.016  -0.00338   -0.0103  -0.00982   -0.0119  -0.00972  -0.00462   -0.0105  -0.00246  -0.00784  -0.00508    -0.022   0.00405   -0.0105  -0.00755   -0.0102  -0.00324    -0.208         1   -0.0344  0.000586 -3.47e-05  -0.00017 -2.74e-06  9.85e-09 -1.21e-07  -0.00019  -0.00447  2.83e-05 -0.000127   -0.0105  -0.00131 -0.000671 -0.000198 -0.000498   -0.0022  -0.00123   -0.0296  -0.00173   -0.0145   -0.0315    -0.035   -0.0237   0.00553   -0.0589   -0.0333  -0.00231  0.000541   -0.0153   -0.0232  -0.00504 -0.000349  -0.00956   -0.0022 -3.64e-05   -0.0209    -0.014  0.000558   -0.0556
   0.0231  -0.00087   -0.0318   -0.0123     -0.01 -0.000468 -4.34e-16 -4.34e-16 -0.000215 -0.000479 -1.66e-15  -0.00856  -0.00477 -0.000531  -0.00885  -0.00146  -0.00185  -0.00315   -0.0067  -0.00019  1.69e-05  0.000373  0.000154 -0.000336   -0.0137  -0.00117  -0.00192  0.000191 -0.000275  -0.00214 -0.000127 -0.000451  0.000187  0.000261   -0.0126  -0.00122 -1.72e-07  2.03e-06  7.46e-05  -0.00392 -8.51e-06 -0.000286  -0.00629   -0.0167   0.00198   -0.0498 -2.35e-05 -0.000716  -0.00453  -0.00831 -0.000453  -0.00442  -0.00425  -0.00535  -0.00309  -0.00225  -0.00392  -0.00109   -0.0042 -0.000893   -0.0113   0.00518  -0.00708  -0.00531   -0.0064 -0.000799    -0.108   -0.0344         1  0.000784 -9.45e-06 -8.02e-05 -1.14e-06  6.31e-08 -5.81e-08   0.00145  -0.00198  1.45e-05 -0.000128  -0.00434 -0.000712 -0.000292 -9.53e-05 -0.000113 -0.000726  -3.4e-05   -0.0115  -0.00162  -0.00556   -0.0189   -0.0125 -0.000278   0.00506   -0.0339  -0.00758  0.000211   0.00318  -0.00468  -0.00678 -0.000939  8.98e-05  -0.00285 -0.000559 -9.77e-06  -0.00687  -0.00347  0.000807   -0.0259
   0.0274 -0.000214  0.000511  -0.00198   0.00056  9.16e-05  2.21e-16  2.21e-16 -6.73e-05 -0.000202  5.71e-16  0.000193  0.000415  2.21e-05  0.000285 -9.41e-05 -0.000119  0.000122  0.000265  6.75e-06 -2.05e-05 -0.000269 -6.07e-05  9.57e-05  0.000398  6.15e-06 -0.000116 -7.63e-05 -8.84e-05  0.000184 -4.52e-05 -0.000116  8.49e-05  6.09e-06  9.81e-05 -0.000131 -1.65e-06 -1.94e-05 -2.13e-05  0.000252 -2.74e-06 -0.000108 -0.000166 -4.12e-05 -0.000477   0.00207 -2.53e-05 -0.000172  7.18e-05  -0.00102  -0.00032  0.000219   0.00117  0.000791 -0.000813  -8.9e-05  0.000634  0.000421  0.000716 -0.000267  0.000358   0.00102  0.000337  0.000255 -1.43e-05 -0.000209   0.00297  0.000586  0.000784         1  2.22e-05  1.33e-05 -3.65e-07 -5.86e-08 -9.75e-10 -0.000485 -5.17e-06 -3.91e-05  8.08e-06 -0.000134  3.77e-05 -1.16e-05 -2.16e-06 -9.62e-05 -6.49e-05 -0.000201  -0.00314 -5.92e-05  0.000382  -0.00252  -0.00354  -0.00321 -0.000977   0.00468  -0.00618 -0.000618  -0.00166 -0.000709  -0.00069 -0.000458 -0.000147 -0.000555 -0.000182 -1.21e-05  -0.00067  -0.00449  3.88e-05  0.000514
  0.00432  1.04e-05 -0.000431  7.51e-05 -0.000132 -6.75e-05 -8.48e-18 -8.48e-18 -8.46e-07 -4.88e-06 -1.25e-17  0.000131 -7.73e-05 -4.14e-06  4.84e-06   4.2e-05  5.32e-05 -2.36e-05 -5.03e-05 -1.85e-05 -3.89e-06 -3.14e-05 -4.07e-05 -1.73e-05 -0.000132 -8.09e-06   2.6e-05 -1.19e-05 -1.09e-05 -1.98e-05 -3.33e-07  7.59e-06 -2.71e-05 -1.77e-05 -3.46e-06 -3.96e-06 -1.09e-07 -1.67e-06 -4.44e-06 -1.82e-05 -1.55e-07 -1.01e-05  2.73e-05  3.54e-05 -8.66e-06 -0.000241  2.89e-07  2.35e-05 -4.89e-05  2.18e-05  -6.1e-05 -4.67e-05 -0.000106 -4.53e-05  0.000152 -1.68e-05 -7.61e-05 -0.000126  -9.4e-05  1.19e-05 -8.07e-06 -0.000402  7.66e-05  7.16e-05  0.000101 -7.41e-06  0.000227 -3.47e-05 -9.45e-06  2.22e-05         1 -1.36e-06 -1.02e-08 -1.03e-08 -3.45e-10 -4.45e-05  8.54e-06 -4.72e-06  1.65e-06  4.09e-06  3.06e-06 -2.71e-06  3.98e-08 -1.37e-05 -1.39e-06 -3.26e-05 -0.000247 -1.34e-05 -3.09e-05  0.000713 -7.32e-05  -2.9e-05 -0.000314 -0.000961 -3.07e-05 -1.98e-05 -0.000378 -5.56e-05 -5.48e-05 -3.11e-05 -1.32e-05 -5.09e-05 -1.05e-05  2.78e-07 -9.28e-05 -0.000108 -4.12e-05  1.38e-06
-0.000835 -4.37e-06 -0.000287 -2.48e-05  -9.6e-05 -2.01e-05 -8.62e-18 -8.62e-18  4.49e-07 -1.44e-06 -1.67e-17 -7.86e-06 -4.32e-05 -3.48e-06  -4.2e-05  4.79e-06  6.05e-06 -2.04e-05 -4.33e-05  -4.1e-06 -9.44e-07 -4.56e-07 -6.56e-06  -4.7e-06 -7.37e-05 -2.03e-06 -1.85e-07  -9.3e-07 -1.95e-06 -1.43e-05 -1.22e-06  6.32e-07  -5.9e-06 -2.53e-06 -4.01e-05  2.33e-07 -5.34e-09 -3.64e-07  -4.3e-07 -1.86e-05 -3.95e-08 -1.03e-06 -1.14e-05 -4.74e-05  9.69e-06 -0.000242  4.28e-07  5.78e-06    -3e-05 -1.67e-05 -6.25e-06 -3.65e-05 -5.59e-05 -3.84e-05  2.24e-05 -1.33e-05 -3.94e-05 -3.57e-05 -4.55e-05 -2.71e-06 -4.87e-05 -7.74e-05 -1.06e-05 -4.59e-06 -2.99e-06 -4.05e-06 -0.000406  -0.00017 -8.02e-05  1.33e-05 -1.36e-06         1  8.36e-10 -5.77e-10 -2.66e-10  1.06e-06 -7.73e-06  2.27e-07 -1.91e-08 -1.73e-05 -2.72e-06 -1.29e-06 -2.98e-07  1.36e-07  -3.2e-06  -7.3e-07 -9.64e-06 -1.19e-06 -3.72e-05  0.000128 -5.86e-05  1.86e-05  3.76e-06 -0.000329  8.61e-06  3.26e-06  2.14e-05 -2.35e-05 -4.02e-05 -4.39e-06   1.1e-06 -1.48e-05 -2.64e-06   2.5e-07 -4.06e-05  7.51e-05 -6.33e-06 -0.000115
-1.62e-05 -2.06e-08 -1.82e-06 -3.05e-06  8.11e-08  1.44e-09  2.59e-19  2.59e-19 -8.63e-08 -5.94e-08   3.4e-19 -5.49e-07 -1.94e-07 -3.95e-08 -4.24e-07 -1.95e-07 -2.47e-07 -2.43e-07 -5.14e-07 -8.65e-08 -4.89e-09 -4.33e-07 -1.54e-07  -5.6e-08 -2.26e-06 -2.96e-07 -3.09e-07  -5.3e-08  -1.6e-07 -5.06e-08 -2.48e-09 -1.46e-07  3.25e-08 -2.55e-08    -2e-06 -5.11e-07  -2.6e-09   2.5e-10 -2.42e-08  -3.4e-07 -4.49e-09 -2.03e-07 -1.08e-06 -2.25e-06 -1.59e-07 -5.75e-06 -5.02e-08 -2.64e-07 -9.88e-07 -1.86e-06 -9.13e-07 -2.42e-07  7.39e-07 -7.98e-08 -4.17e-07  -2.3e-07  -1.4e-07  7.57e-08 -1.81e-08 -1.71e-07 -1.04e-06  8.26e-07 -4.53e-07 -3.84e-07 -5.13e-07 -2.98e-07 -9.44e-06 -2.74e-06 -1.14e-06 -3.65e-07 -1.02e-08  8.36e-10         1 -1.26e-10 -1.11e-11 -4.11e-07 -1.72e-07 -1.01e-07 -1.82e-08 -5.97e-07 -3.27e-08 -6.65e-08 -1.67e-08 -2.56e-07  -1.3e-07 -4.79e-07 -9.78e-06 -5.38e-07  2.22e-07  -3.3e-06 -3.14e-06 -3.17e-06 -2.52e-06 -1.21e-06 -5.09e-06 -6.15e-07 -5.57e-06 -1.46e-06 -1.41e-06 -7.81e-07 -2.31e-07 -1.17e-06 -2.94e-07 -1.97e-08 -1.73e-06 -8.22e-06  6.16e-08 -2.27e-06
 1.56e-06  5.37e-08 -3.52e-07 -3.38e-07  7.82e-08 -8.59e-08  7.99e-20  7.99e-20  2.45e-09  3.58e-08  1.08e-19  2.49e-07 -7.72e-08 -4.93e-09  1.31e-07  5.37e-08  6.79e-08 -2.96e-08 -6.31e-08 -4.19e-08 -6.96e-09 -1.16e-07 -8.23e-08 -1.63e-08 -3.69e-07 -4.78e-08  -2.2e-09 -2.53e-08 -3.11e-08  1.34e-09  1.49e-09 -1.69e-08 -3.35e-08 -2.89e-08 -1.66e-07 -6.62e-08 -6.44e-10 -5.67e-10 -1.49e-08 -1.99e-08 -1.01e-09 -3.74e-08 -6.14e-08 -9.17e-08 -5.05e-08 -6.15e-07 -5.24e-09   2.8e-08 -1.69e-07 -2.76e-07 -1.85e-07  9.76e-09  1.27e-07  4.76e-08  2.85e-07 -1.68e-08 -6.93e-08 -1.97e-07 -9.89e-08  1.48e-08 -2.07e-08 -5.47e-07  1.69e-07  1.35e-07  1.59e-07 -5.02e-08  3.78e-07  9.85e-09  6.31e-08 -5.86e-08 -1.03e-08 -5.77e-10 -1.26e-10         1 -1.79e-12 -1.65e-07  1.02e-08  -2.7e-08     2e-09  -3.7e-08  8.86e-09 -1.08e-08 -1.07e-09 -5.15e-08 -1.05e-08 -1.09e-07 -1.61e-06 -8.99e-08  8.36e-08   8.3e-07 -7.82e-07 -7.13e-07 -7.99e-07 -9.33e-07 -9.48e-07 -1.44e-07 -1.16e-06 -2.43e-07 -1.79e-07 -1.36e-07 -5.11e-08 -2.16e-07  -6.2e-08 -2.23e-09  -3.2e-07 -1.26e-06  -6.4e-08  1.73e-08
-5.38e-07   1.6e-09 -1.03e-07 -7.08e-08 -2.08e-08 -2.72e-09  4.04e-21  4.04e-21 -2.19e-10  2.67e-09  5.98e-22 -2.39e-08 -1.78e-08 -1.99e-09 -2.37e-08  -4.4e-09 -5.57e-09 -1.19e-08 -2.53e-08 -2.23e-09  2.43e-11 -3.83e-09 -1.47e-09 -1.35e-09 -6.55e-08  -6.9e-09 -8.58e-09  2.14e-10 -2.07e-09 -5.92e-09 -4.79e-11 -3.14e-09   1.2e-10  2.36e-10 -5.66e-08 -8.72e-09 -3.18e-11  2.55e-10 -4.78e-10 -1.47e-08 -7.71e-11 -2.52e-09 -2.76e-08 -6.68e-08  6.06e-09 -2.08e-07 -3.76e-10 -2.71e-09 -2.86e-08 -4.82e-08  -8.8e-09 -1.07e-08 -2.88e-10 -1.58e-08  1.04e-09 -6.31e-09 -1.69e-08 -9.28e-09 -1.78e-08 -2.37e-09 -4.22e-08     8e-09    -2e-08 -1.58e-08 -1.95e-08  -5.3e-09 -3.85e-07 -1.21e-07 -5.81e-08 -9.75e-10 -3.45e-10 -2.66e-10 -1.11e-11 -1.79e-12         1  -1.8e-09 -6.99e-09  -1.5e-09 -4.92e-10 -1.82e-08 -2.26e-09 -1.59e-09 -4.21e-10 -2.82e-09 -2.92e-09 -4.78e-09  -1.3e-07  -1.2e-08  -1.1e-08 -5.53e-08 -8.13e-08 -4.04e-08 -1.29e-08  -1.2e-07 -6.61e-08 -5.99e-09 -3.92e-08 -2.83e-08 -3.29e-08 -9.49e-09  -1.9e-09 -2.04e-08 -5.45e-09 -1.78e-10 -3.86e-08 -8.37e-08  1.49e-09 -9.28e-08
   0.0287 -0.000426   -0.0104  -0.00335  -0.00364  -0.00121 -3.65e-16 -3.65e-16 -0.000103 -0.000565  1.91e-16   0.00242 -0.000616 -3.06e-05 -0.000339  0.000562  0.000713 -0.000183 -0.000371 -0.000103 -8.34e-05  -0.00076 -0.000358 -6.21e-05  0.000318  0.000327  0.000497 -0.000285 -0.000257  0.000244 -0.000114  1.13e-05 -0.000298 -0.000274    0.0018  7.29e-05 -4.06e-06 -5.42e-05 -0.000108  0.000531 -4.04e-06 -0.000289   0.00102   0.00269  -0.00117   0.00431 -3.31e-05 -0.000745  -0.00143 -1.08e-05  -0.00129 -8.84e-05  -1.8e-05  7.64e-05  0.000119  3.34e-05 -0.000794 -0.000765  2.62e-05 -0.000819  0.000958   -0.0045   0.00217   0.00182   0.00182 -0.000557     0.012  -0.00019   0.00145 -0.000485 -4.45e-05  1.06e-06 -4.11e-07 -1.65e-07  -1.8e-09         1  9.14e-05 -8.34e-05  5.54e-05 -0.000242  0.000127 -4.15e-05  1.28e-06 -0.000286 -0.000175 -0.000755  -0.00551  6.15e-05 -0.000354   0.00651  -0.00465  -0.00806  -0.00558  -0.00147  -0.00824  -0.00131  -0.00707  -0.00226  -0.00315  -0.00135 -0.000399  -0.00168 -0.000504 -1.02e-05  -0.00269  -0.00693 -0.000618  0.000996
  -0.0155  -0.00022  -0.00488  -0.00227  -0.00155 -7.44e-05 -9.48e-17 -9.48e-17 -1.95e-05 -7.21e-05  -1.8e-16  -0.00109 -0.000536 -6.38e-05  -0.00116 -0.000206 -0.000261 -0.000383 -0.000808  8.48e-06 -1.66e-06  2.59e-05  7.07e-05  -6.2e-06   -0.0014 -5.11e-05 -0.000241  2.39e-05 -3.42e-05 -0.000183 -3.52e-05 -7.84e-05  4.53e-05  3.89e-05  -0.00134 -0.000111 -4.78e-07 -1.11e-06  7.34e-06 -0.000355 -1.48e-06 -3.75e-05 -0.000709   -0.0018  0.000133  -0.00517  -1.1e-05 -0.000195 -0.000715  -0.00107 -9.82e-05 -0.000571 -0.000305 -0.000571 -0.000719  -0.00025 -0.000451  6.19e-05 -0.000344 -0.000268  -0.00129   0.00101  -0.00076 -0.000592 -0.000797 -0.000172   -0.0127  -0.00447  -0.00198 -5.17e-06  8.54e-06 -7.73e-06 -1.72e-07  1.02e-08 -6.99e-09  9.14e-05         1   2.6e-06 -1.31e-05  -0.00062 -8.32e-05 -3.36e-05  -1.2e-05 -1.53e-06 -0.000118  3.43e-06  -0.00186 -8.15e-05 -0.000619  -0.00278  -0.00202  -0.00104   0.00108  -0.00117  -0.00176 -7.63e-05  0.000852 -0.000757  -0.00118 -0.000224   1.6e-05 -0.000458 -0.000109 -3.19e-06 -0.000998 -0.000597  0.000119  -0.00322
  0.00586   8.2e-05  0.000288 -0.000352  0.000235 -4.12e-06  7.26e-17  7.26e-17  5.73e-06  6.44e-05  7.37e-17  5.96e-05 -5.13e-06 -1.15e-06  9.13e-05  4.25e-06  5.39e-06 -7.84e-06 -1.72e-05 -1.95e-05  2.04e-06 -6.93e-05  -1.9e-05 -6.88e-06 -0.000258 -4.66e-05 -2.49e-05 -3.06e-06 -1.45e-05  2.48e-05  9.78e-06 -1.84e-05 -6.19e-06 -8.82e-06 -0.000196 -7.22e-05 -3.93e-07  4.97e-06 -9.59e-06 -2.22e-05 -5.37e-07 -2.19e-05 -8.59e-05 -0.000126  -1.7e-06 -0.000525 -4.52e-06 -2.46e-05 -0.000199 -0.000235 -0.000107  9.18e-05  0.000203  1.33e-05  0.000165  3.93e-05 -6.16e-05 -5.76e-05 -3.89e-05  1.82e-05 -4.63e-05 -9.87e-05  3.93e-05  1.41e-05  2.63e-05 -2.83e-05 -0.000211  2.83e-05  1.45e-05 -3.91e-05 -4.72e-06  2.27e-07 -1.01e-07  -2.7e-08  -1.5e-09 -8.34e-05   2.6e-06         1 -1.65e-06 -3.75e-05  2.67e-06 -8.43e-06  -1.4e-06 -3.87e-05 -2.72e-06 -7.24e-05  -0.00136 -0.000109  0.000128  1.98e-05 -0.000305 -0.000497 -0.000505 -7.94e-05 -0.000323 -8.14e-05 -0.000879 -0.000157 -0.000114 -8.53e-05 -3.37e-05  -0.00014 -4.65e-05 -2.16e-06 -0.000189  -0.00113 -1.31e-05 -3.11e-05
-0.000837  2.29e-05  0.000444 -4.52e-06  0.000185  6.06e-05  2.71e-17  2.71e-17 -1.12e-06  2.48e-05  3.26e-18  -0.00015  2.13e-05 -4.36e-07 -1.09e-05 -3.81e-05 -4.83e-05 -3.04e-06 -7.07e-06    -2e-07  4.26e-06  1.08e-05     1e-05 -1.33e-06 -0.000115 -2.99e-05 -3.78e-05  1.18e-05  2.35e-06 -9.35e-06  5.88e-06 -9.23e-06   1.6e-05  1.15e-05 -0.000184 -3.45e-05  9.36e-08  3.01e-06  3.29e-06 -4.21e-05  2.94e-08  3.41e-06 -9.26e-05 -0.000226  5.01e-05 -0.000473    -7e-07  2.04e-05 -1.78e-05 -9.45e-05  1.67e-05 -8.71e-06  3.74e-05 -1.96e-05 -2.86e-05 -7.08e-06  1.69e-05  4.54e-05 -1.18e-05  2.87e-05 -9.79e-05  0.000267 -0.000127 -0.000108 -0.000118  1.06e-05  -0.00107 -0.000127 -0.000128  8.08e-06  1.65e-06 -1.91e-08 -1.82e-08     2e-09 -4.92e-10  5.54e-05 -1.31e-05 -1.65e-06         1 -1.97e-05 -7.67e-06 -1.35e-06 -1.02e-06 -3.18e-07  3.02e-06  1.22e-05 -0.000264 -3.97e-05  5.12e-05 -0.000452   7.2e-05  0.000272  0.000126  6.69e-05  0.000176  3.32e-05  2.94e-05  2.54e-05  4.84e-05  2.03e-05  6.31e-06  1.59e-05  5.22e-06 -5.36e-07  3.76e-05 -0.000134  3.46e-05 -0.000165
  -0.0325 -0.000462   -0.0135  -0.00662  -0.00439 -0.000477 -2.81e-16 -2.81e-16 -6.26e-05 -0.000243 -3.77e-16  -0.00197   -0.0014 -0.000158  -0.00285 -0.000356 -0.000451 -0.000948    -0.002  6.12e-06 -1.02e-05 -0.000149   0.00015 -3.94e-05  -0.00351 -0.000102 -0.000457 -6.03e-06 -0.000139 -0.000333 -8.41e-05 -0.000173  3.29e-05  2.09e-05   -0.0029 -0.000314 -2.46e-06 -4.47e-06 -1.71e-05 -0.000754  -4.5e-06 -0.000186  -0.00155  -0.00366  3.62e-05   -0.0118 -3.91e-05 -0.000899  -0.00226  -0.00259 -0.000652  -0.00101 -0.000468  -0.00143  -0.00154 -0.000419  -0.00142 -2.28e-05 -0.000743 -0.000827  -0.00287   0.00131  -0.00131  -0.00102  -0.00142 -0.000549   -0.0275   -0.0105  -0.00434 -0.000134  4.09e-06 -1.73e-05 -5.97e-07  -3.7e-08 -1.82e-08 -0.000242  -0.00062 -3.75e-05 -1.97e-05         1 -0.000164 -0.000102 -2.94e-05 -0.000132 -0.000324 -0.000299  -0.00693 -0.000359  -0.00161  -0.00607  -0.00522  -0.00548  0.000235  -0.00377  -0.00561 -0.000567  -0.00132  -0.00248  -0.00359 -0.000931 -0.000112  -0.00161 -0.000418 -1.22e-05   -0.0032  -0.00469  0.000122   -0.0074
 -0.00428 -2.66e-06 -0.000633 -0.000424 -0.000159  5.16e-05  1.57e-17  1.57e-17  1.58e-06  2.58e-05 -5.46e-17 -0.000459 -0.000137 -1.81e-05 -0.000308 -9.05e-05 -0.000115 -0.000108 -0.000231   1.3e-06  5.74e-06  5.29e-05   3.6e-05 -2.62e-06  -0.00053 -6.01e-05 -0.000108   2.4e-05  5.15e-06 -8.21e-05  1.42e-06  -2.3e-05  2.77e-05  2.72e-05 -0.000578 -5.19e-05  1.35e-07  4.03e-06  7.21e-06 -0.000168 -1.99e-07  4.02e-06 -0.000305 -0.000775  0.000132  -0.00209  3.41e-07 -6.52e-06 -0.000119 -0.000366  5.52e-05 -0.000126 -8.92e-05 -0.000187 -0.000132 -7.21e-05 -0.000104  1.38e-05  -0.00014 -3.08e-07 -0.000477  0.000492 -0.000376 -0.000298 -0.000347 -8.04e-06  -0.00472  -0.00131 -0.000712  3.77e-05  3.06e-06 -2.72e-06 -3.27e-08  8.86e-09 -2.26e-09  0.000127 -8.32e-05  2.67e-06 -7.67e-06 -0.000164         1 -9.59e-06 -3.78e-06  1.03e-05 -2.03e-05  3.65e-05 -0.000217 -6.97e-05 -0.000184  -0.00122 -0.000331  0.000223  0.000511 -0.000908   3.6e-05     6e-05  0.000527 -7.99e-05 -0.000111  2.84e-05  2.33e-05 -3.33e-05 -2.11e-06 -1.04e-07 -0.000142  0.000145  6.69e-05  -0.00104
 -0.00121  -2.2e-06 -0.000828 -0.000451  -0.00025 -4.51e-05 -1.69e-18 -1.69e-18 -6.61e-06 -1.47e-05 -9.96e-18 -8.93e-05 -0.000107 -1.14e-05 -0.000175 -1.44e-05 -1.81e-05 -6.79e-05 -0.000144 -7.68e-06 -3.92e-07 -2.93e-05 -3.01e-06 -1.01e-05  -0.00035 -3.05e-05 -3.08e-05 -5.64e-06 -1.51e-05 -2.93e-05 -1.52e-06 -9.88e-06 -5.07e-06 -4.53e-06 -0.000256 -4.23e-05 -2.52e-07  7.54e-08 -3.58e-06  -7.2e-05 -4.26e-07 -2.28e-05 -0.000136 -0.000301  -5.6e-07  -0.00103 -3.35e-06 -7.49e-05 -0.000163 -0.000214 -8.41e-05 -3.07e-05  -1.6e-05 -0.000103 -3.15e-05 -2.37e-05 -0.000114 -4.53e-05 -6.47e-05 -3.88e-05 -0.000211 -2.88e-05 -8.06e-05 -5.99e-05 -6.86e-05 -3.77e-05  -0.00186 -0.000671 -0.000292 -1.16e-05 -2.71e-06 -1.29e-06 -6.65e-08 -1.08e-08 -1.59e-09 -4.15e-05 -3.36e-05 -8.43e-06 -1.35e-06 -0.000102 -9.59e-06         1 -2.25e-06 -2.55e-05 -2.16e-05 -5.36e-05  -0.00078 -6.69e-05 -0.000121 -0.000392 -0.000354 -0.000492 -0.000281 -0.000845 -0.000447 -6.11e-05 -0.000523 -0.000203 -0.000234 -8.32e-05 -2.35e-05 -0.000144  -3.6e-05 -1.26e-06 -0.000272 -0.000694 -4.81e-06 -0.000492
 -0.00119 -5.36e-06 -0.000151 -0.000106 -4.07e-05  8.79e-07  3.62e-19  3.62e-19 -3.55e-06 -5.04e-06 -3.57e-18 -5.43e-05 -2.13e-05 -2.85e-06 -5.04e-05 -1.17e-05 -1.48e-05 -1.71e-05 -3.63e-05 -1.93e-06  1.84e-07 -5.83e-06 -1.03e-06 -2.58e-06 -8.78e-05 -9.37e-06 -1.36e-05  3.28e-07 -4.47e-06 -8.77e-06 -6.48e-07 -4.93e-06  2.26e-06  1.12e-06 -8.69e-05 -1.54e-05 -2.62e-08  2.66e-08 -1.86e-08 -2.24e-05  -8.3e-08 -4.53e-06 -4.26e-05 -0.000108  6.23e-06 -0.000297 -8.74e-07 -8.37e-06 -4.43e-05 -6.66e-05 -1.54e-05 -2.55e-05 -7.33e-06 -2.76e-05 -3.02e-05  -1.3e-05 -2.03e-05  3.08e-06 -1.84e-05  -8.3e-06 -6.68e-05  5.38e-05 -4.22e-05 -3.28e-05 -4.24e-05 -8.54e-06 -0.000649 -0.000198 -9.53e-05 -2.16e-06  3.98e-08 -2.98e-07 -1.67e-08 -1.07e-09 -4.21e-10  1.28e-06  -1.2e-05  -1.4e-06 -1.02e-06 -2.94e-05 -3.78e-06 -2.25e-06         1 -4.65e-06 -5.05e-06 -6.91e-06 -0.000211  -1.8e-05 -1.35e-05 -0.000153 -0.000103 -2.92e-05 -1.46e-05  -0.00013 -0.000111 -7.97e-06 -7.66e-05 -4.61e-05 -6.28e-05 -1.81e-05 -3.49e-06 -3.21e-05 -8.06e-06 -3.91e-07  -5.7e-05 -0.000165  6.67e-06 -0.000154
 -0.00318 -1.68e-05  -0.00124  -0.00082 -0.000395 -0.000146 -2.21e-17 -2.21e-17 -6.39e-05 -0.000145  4.04e-17   0.00016 -0.000111 -1.18e-05 -0.000211  2.38e-05  3.04e-05 -7.09e-05  -0.00015 -3.94e-05 -6.05e-06 -0.000226 -9.56e-05 -5.83e-05 -0.000645 -7.75e-05  1.54e-05 -5.53e-05 -8.73e-05 -2.82e-08  -1.1e-06 -1.02e-05 -4.16e-05 -5.34e-05 -0.000341 -0.000171 -9.62e-07 -6.46e-06 -1.72e-05 -7.49e-05 -1.15e-06 -0.000107 -0.000154 -0.000264 -0.000184  -0.00116 -1.85e-05 -0.000233 -0.000445 -0.000283 -0.000483 -3.22e-05   4.5e-05 -0.000128 -8.23e-05 -3.27e-05 -0.000187 -6.14e-05 -5.82e-07 -0.000107 -0.000156 -0.000439  7.98e-05   8.1e-05  0.000111 -0.000117 -0.000889 -0.000498 -0.000113 -9.62e-05 -1.37e-05  1.36e-07 -2.56e-07 -5.15e-08 -2.82e-09 -0.000286 -1.53e-06 -3.87e-05 -3.18e-07 -0.000132  1.03e-05 -2.55e-05 -4.65e-06         1 -4.52e-05 -0.000284  -0.00366 -0.000227  2.86e-06 -0.000226 -0.000508  -0.00145  -0.00208  -0.00192  -0.00168 -0.000293  -0.00357  -0.00065 -0.000711 -0.000396 -0.000143  -0.00052 -0.000129 -7.06e-06 -0.000763  -0.00381 -6.66e-05 -0.000378
-0.000266 -0.000216  -0.00429   -0.0015  -0.00154 -0.000236 -1.61e-16 -1.61e-16 -2.82e-05 -0.000171 -1.19e-16 -0.000182 -0.000338 -3.43e-05 -0.000702  -1.9e-05  -2.4e-05 -0.000206 -0.000432  1.45e-05  -1.2e-05 -6.86e-05  1.51e-05 -1.36e-05 -0.000604  4.59e-05  -2.1e-05 -3.27e-05 -4.35e-05 -6.29e-05 -3.52e-05 -1.05e-05 -2.12e-05 -2.23e-05 -0.000294 -5.29e-06 -9.29e-07 -1.05e-05 -4.46e-06 -7.82e-05 -1.24e-06 -6.43e-05 -0.000206 -0.000417 -0.000149  -0.00167 -1.49e-05 -0.000311 -0.000404 -0.000283 -0.000286  -0.00027  -0.00022 -0.000287 -0.000488  -0.00011 -0.000304  3.49e-06 -3.21e-05 -0.000286 -0.000449 -9.86e-05  -7.9e-05 -3.91e-05 -9.18e-05 -0.000159  -0.00415   -0.0022 -0.000726 -6.49e-05 -1.39e-06  -3.2e-06  -1.3e-07 -1.05e-08 -2.92e-09 -0.000175 -0.000118 -2.72e-06  3.02e-06 -0.000324 -2.03e-05 -2.16e-05 -5.05e-06 -4.52e-05         1 -0.000133  -0.00162  3.64e-05  -0.00052 -0.000925 -0.000996  -0.00202 -0.000371 -0.000772  -0.00177 -0.000222 -0.000902 -0.000667 -0.000937  -0.00031 -5.21e-05 -0.000439 -9.81e-05 -3.37e-06 -0.000851  -0.00128 -3.49e-05  -0.00138
 -0.00436 -0.000116  -0.00527  -0.00217  -0.00193  -0.00056 -2.04e-16 -2.04e-16 -9.81e-05 -0.000343 -3.64e-17  0.000699  -0.00038 -3.13e-05 -0.000623  0.000158    0.0002 -0.000186 -0.000392 -3.63e-05 -1.96e-05  -0.00044 -0.000124 -0.000107  -0.00115  -2.7e-05   0.00015 -0.000136 -0.000155  3.08e-05 -1.81e-05  3.14e-05 -0.000135 -0.000141  -0.00015 -0.000189 -2.73e-06 -1.68e-05 -4.01e-05  -2.3e-05 -2.68e-06  -0.00023 -0.000126  0.000146 -0.000541  -0.00134 -4.38e-05 -0.000783 -0.000909 -0.000128  -0.00111  6.33e-05 -6.13e-06 -0.000339 -0.000209  3.35e-05  -0.00058 -0.000187  0.000137 -0.000399 -0.000127  -0.00162  0.000493  0.000427  0.000591 -0.000297  0.000394  -0.00123  -3.4e-05 -0.000201 -3.26e-05  -7.3e-07 -4.79e-07 -1.09e-07 -4.78e-09 -0.000755  3.43e-06 -7.24e-05  1.22e-05 -0.000299  3.65e-05 -5.36e-05 -6.91e-06 -0.000284 -0.000133         1  -0.00698 -0.000266  -0.00046 -1.96e-05 -0.000472  -0.00501  -0.00453   -0.0036  -0.00332 -0.000712  -0.00754  -0.00149  -0.00164 -0.000901 -0.000302  -0.00115  -0.00027 -1.33e-05  -0.00183  -0.00728 -0.000248 -0.000627
   -0.183 -0.000818   -0.0302   -0.0337  -0.00338 -0.000952   1.1e-15   1.1e-15  -0.00125 -0.000789  1.62e-15  -0.00508  -0.00257 -0.000445  -0.00552  -0.00179  -0.00227  -0.00276  -0.00577  -0.00108 -3.98e-05  -0.00656  -0.00229  -0.00149   -0.0273  -0.00276  -0.00236 -0.000647  -0.00228  0.000183  4.63e-05  -0.00138 -0.000176 -0.000856   -0.0221  -0.00665 -3.58e-05  4.73e-05 -0.000269  -0.00319 -5.08e-05   -0.0027   -0.0106   -0.0211  -0.00265   -0.0623 -0.000821   -0.0039   -0.0174   -0.0151   -0.0152  -0.00611    0.0059  -0.00388  -0.00536  -0.00207  -0.00445   0.00224 -0.000811  -0.00278   -0.0105   0.00637  -0.00372   -0.0036  -0.00375  -0.00401   -0.0966   -0.0296   -0.0115  -0.00314 -0.000247 -9.64e-06 -9.78e-06 -1.61e-06  -1.3e-07  -0.00551  -0.00186  -0.00136 -0.000264  -0.00693 -0.000217  -0.00078 -0.000211  -0.00366  -0.00162  -0.00698         1  -0.00573   0.00699    -0.022   -0.0175   -0.0343   -0.0375   0.00492   -0.0426  -0.00707    -0.089   -0.0195   -0.0212   -0.0118  -0.00306   -0.0158  -0.00379 -0.000277   -0.0219    -0.112  0.000359   -0.0244
  -0.0173  0.000668   0.00551  -0.00151   0.00249  0.000456  5.59e-16  5.59e-16 -8.86e-05  0.000231  3.75e-16  -0.00113 -3.59e-05 -2.76e-05  -0.00016  -0.00031 -0.000391 -0.000165 -0.000368 -0.000154  4.55e-05 -0.000242 -7.79e-05 -8.19e-05  -0.00233 -0.000633 -0.000447  3.96e-05  -0.00012 -0.000108  9.68e-05 -0.000173  9.17e-05  5.21e-05  -0.00274  -0.00075  5.78e-07  3.42e-05  -3.6e-05 -0.000747 -6.57e-07  -0.00012  -0.00121  -0.00303  0.000471    -0.008  7.32e-06  2.17e-06   -0.0012  -0.00249 -9.38e-05  0.000514  0.000825 -0.000375   0.00058  3.45e-05 -0.000355 -0.000214  -0.00064  0.000385  -0.00146   0.00134  -0.00114 -0.000934  -0.00112  9.23e-07   -0.0133  -0.00173  -0.00162 -5.92e-05 -1.34e-05 -1.19e-06 -5.38e-07 -8.99e-08  -1.2e-08  6.15e-05 -8.15e-05 -0.000109 -3.97e-05 -0.000359 -6.97e-05 -6.69e-05  -1.8e-05 -0.000227  3.64e-05 -0.000266  -0.00573         1  0.000596  -0.00441  -0.00244   0.00117  -0.00274  -0.00727  -0.00151 -0.000142  -0.00457 -0.000704 -0.000563 -0.000199 -0.000196 -0.000609 -0.000241    -1e-05 -0.000858   -0.0074  0.000211  -0.00226
  -0.0191 -0.000875     -0.03  -0.00634    -0.012  -0.00197 -1.33e-15 -1.33e-15   6.5e-05 -0.000937 -1.53e-15 -0.000825  -0.00292 -0.000254  -0.00521  0.000191  0.000245  -0.00149  -0.00317  0.000278 -3.82e-05  0.000635  0.000634 -2.73e-05  -0.00392  0.000314  0.000106 -0.000124  0.000103 -0.000907 -0.000152  0.000307 -0.000252 -7.71e-05 -0.000834  0.000812 -3.11e-06 -4.95e-05  1.93e-05  -0.00089 -3.08e-06 -0.000175  -0.00125  -0.00218 -0.000325   -0.0126 -5.69e-06  -0.00261 -0.000183  0.000212 -0.000386 -0.000243  -0.00301   -0.0026  -0.00166 -0.000293  -0.00254  -0.00105 -0.000444  -0.00142   -0.0032  -0.00322 -0.000923 -0.000445 -0.000109 -0.000466   -0.0271   -0.0145  -0.00556  0.000382 -3.09e-05 -3.72e-05  2.22e-07  8.36e-08  -1.1e-08 -0.000354 -0.000619  0.000128  5.12e-05  -0.00161 -0.000184 -0.000121 -1.35e-05  2.86e-06  -0.00052  -0.00046   0.00699  0.000596         1  -0.00752 -0.000181   -0.0133 -0.000808   -0.0211  -0.00224 -0.000511  0.000371  -0.00224  -0.00272 -0.000501 -5.32e-05  -0.00111 -6.37e-05  1.58e-05  -0.00392   0.00451 -0.000478  -0.00894
  -0.0977   0.00207    0.0393   -0.0341    0.0112   0.00887  1.83e-15  1.83e-15  0.000196   0.00163 -1.45e-16   -0.0284   0.00625 -1.72e-06   -0.0116  -0.00799   -0.0101 -0.000149 -0.000416   0.00303     0.001   0.00461    0.0082    0.0017   -0.0102  -0.00255  -0.00642   0.00204   0.00163  0.000692  0.000791 -0.000847   0.00406   0.00271   -0.0214   -0.0027 -1.11e-06  0.000552  0.000681  -0.00387  2.69e-06  9.56e-05   -0.0178   -0.0306   0.00339   -0.0497 -0.000367   -0.0129   0.00124   -0.0123   0.00316    0.0129    0.0176  -0.00186   -0.0223   0.00401   0.00369    0.0178    0.0132  -0.00202   -0.0144    0.0646    -0.022   -0.0194    -0.021  0.000319     -0.17   -0.0315   -0.0189  -0.00252  0.000713  0.000128  -3.3e-06   8.3e-07 -5.53e-08   0.00651  -0.00278  1.98e-05 -0.000452  -0.00607  -0.00122 -0.000392 -0.000153 -0.000226 -0.000925 -1.96e-05    -0.022  -0.00441  -0.00752         1    0.0288   -0.0353    0.0182     0.065    0.0144   0.00103  -0.00154 -0.000474   0.00517   0.00143  0.000314   0.00105  0.000631 -0.000138  0.000169   -0.0402   0.00647   -0.0309
   0.0462  -0.00389   -0.0494   -0.0207  -0.00875  -0.00272  2.32e-15  2.32e-15  -0.00118  -0.00324  4.87e-15  0.000288  -0.00636 -0.000641  -0.00434  0.000149  0.000182  -0.00382  -0.00805  -0.00218 -0.000697  -0.00391  -0.00496 -0.000107   -0.0122  -0.00139  -0.00213  -0.00137  -0.00218  -0.00249  -0.00108  -0.00205  -0.00048 -0.000486   -0.0112  -0.00238 -6.65e-06 -0.000487 -0.000491  -0.00288 -3.89e-05  -0.00127  -0.00368   -0.0168  -0.00176    -0.041  0.000124   0.00668  -0.00596    -0.024  -0.00179   -0.0114  -0.00311   0.00171 -0.000319  -0.00755 -0.000264  -0.00795  -0.00839  -0.00176  -0.00919   -0.0109   0.00126   0.00261   -0.0028  -0.00304   -0.0766    -0.035   -0.0125  -0.00354 -7.32e-05 -5.86e-05 -3.14e-06 -7.82e-07 -8.13e-08  -0.00465  -0.00202 -0.000305   7.2e-05  -0.00522 -0.000331 -0.000354 -0.000103 -0.000508 -0.000996 -0.000472   -0.0175  -0.00244 -0.000181    0.0288         1 -0.000249  -0.00309   -0.0533   -0.0918  -0.00566   0.00895   -0.0126    -0.019  -0.00488  -0.00113  -0.00916  -0.00306 -3.19e-05   -0.0158   -0.0194 -0.000945   -0.0232
    0.105 -0.000868   -0.0853   -0.0475   -0.0321   -0.0069 -3.03e-15 -3.03e-15  0.000852 -0.000444 -1.28e-15    0.0053  -0.00423 -0.000382  -0.00996   0.00118   0.00151  -0.00234  -0.00489   0.00163  1.48e-05  -0.00104   0.00395  0.000806  -0.00379   0.00261   0.00118 -0.000532  0.000218   0.00237 -0.000294  0.000423 -0.000595 -0.000615   0.00639    0.0019 -3.83e-05  9.68e-05 -0.000425   0.00276 -2.88e-05  -0.00138 -0.000717    0.0104  -0.00583    0.0057 -0.000427   -0.0155   -0.0103 -0.000175  -0.00663   0.00962   0.00851  -0.00311  -0.00628   0.00521  -0.00855   0.00178   0.00667  -0.00793 -0.000283  -0.00722    0.0066   0.00431   0.00581  -0.00382   0.00576   -0.0237 -0.000278  -0.00321  -2.9e-05  1.86e-05 -3.17e-06 -7.13e-07 -4.04e-08  -0.00806  -0.00104 -0.000497  0.000272  -0.00548  0.000223 -0.000492 -2.92e-05  -0.00145  -0.00202  -0.00501   -0.0343   0.00117   -0.0133   -0.0353 -0.000249         1   -0.0215    0.0333   -0.0231  -0.00783   -0.0361    -0.015   -0.0171  -0.00737  -0.00177  -0.00981  -0.00268  -8.4e-05   -0.0193   -0.0404  -0.00221   -0.0101
   0.0623  4.95e-05   -0.0184  -0.00389  -0.00772  -0.00385    -1e-15    -1e-15 -0.000958  -0.00284  4.39e-16   0.00897  -0.00166 -5.86e-05   -0.0008   0.00203   0.00258 -0.000314 -0.000676 -0.000738 -0.000188  -0.00355  -0.00203  -0.00101  -0.00428 -0.000534   0.00195  -0.00122  -0.00131  0.000249 -3.31e-05  0.000411  -0.00131  -0.00125   0.00244  -0.00145 -1.24e-05 -0.000179 -0.000369  0.000168 -1.03e-05  -0.00159   0.00193   0.00562  -0.00388   0.00294 -0.000166  -0.00335  -0.00447   0.00115  -0.00698   0.00105  -0.00148  -0.00112   0.00252  0.000191  -0.00304  -0.00338 -0.000133  -0.00126   0.00251   -0.0185   0.00584   0.00526   0.00668  -0.00133    0.0396   0.00553   0.00506 -0.000977 -0.000314  3.76e-06 -2.52e-06 -7.99e-07 -1.29e-08  -0.00558   0.00108 -0.000505  0.000126  0.000235  0.000511 -0.000281 -1.46e-05  -0.00208 -0.000371  -0.00453   -0.0375  -0.00274 -0.000808    0.0182  -0.00309   -0.0215         1   -0.0448   -0.0215  -0.00457    -0.057  -0.00811  -0.00871  -0.00547  -0.00236  -0.00672  -0.00169 -6.66e-05   -0.0098   -0.0496  -0.00235   0.00532
   -0.128 -0.000769   -0.0879    0.0161   -0.0282  -0.00903 -2.99e-16 -2.99e-16  -0.00198  -0.00652 -2.27e-15   0.00391   -0.0191  -0.00149   -0.0144    0.0035   0.00443  -0.00856   -0.0184  -0.00398 -0.000761  -0.00274  -0.00849  -0.00334   -0.0438  -0.00599 -0.000168  -0.00226   -0.0026   -0.0104 -0.000431  0.000595  -0.00348   -0.0019   -0.0255  -0.00303  9.05e-06 -0.000682 -0.000331   -0.0131 -2.46e-05  -0.00212  -0.00915   -0.0358   0.00293    -0.135  0.000467   0.00766   0.00156   -0.0157  -0.00468    -0.016   -0.0309   -0.0125    0.0173   -0.0117   -0.0105   -0.0248   -0.0223   0.00403    -0.023   -0.0538  -0.00563 -3.42e-05   0.00107 -0.000171    -0.166   -0.0589   -0.0339   0.00468 -0.000961 -0.000329 -1.21e-06 -9.33e-07  -1.2e-07  -0.00147  -0.00117 -7.94e-05  6.69e-05  -0.00377 -0.000908 -0.000845  -0.00013  -0.00192 -0.000772   -0.0036   0.00492  -0.00727   -0.0211     0.065   -0.0533    0.0333   -0.0448         1   -0.0463  -0.00115   -0.0403  -0.00974   -0.0085  -0.00192  -0.00212  -0.00775 -0.000906  0.000108   -0.0195  -0.00737  -0.00459   -0.0433
  -0.0793  -0.00743   -0.0696   -0.0271   -0.0181  -0.00427  5.88e-16  5.88e-16  -0.00233  -0.00775  5.51e-15   0.00316  -0.00495 -0.000562  -0.00712  0.000236  0.000294  -0.00337  -0.00704  -0.00185 -0.000906  -0.00591  -0.00565  -0.00024  -0.00991 -0.000655   -0.0012  -0.00234  -0.00308  -0.00204  -0.00152  -0.00183  -0.00055 -0.000986  -0.00712  -0.00261 -1.82e-05 -0.000784 -0.000474  -0.00125 -5.06e-05  -0.00248  -0.00324   -0.0135  -0.00677   -0.0231 -0.000173   0.00282  -0.00386   -0.0216  -0.00726   -0.0125  -0.00269   0.00383  -0.00972  -0.00888    0.0026  -0.00441  -0.00231  -0.00485  -0.00602   -0.0101   0.00379   0.00514 -0.000464  -0.00449   -0.0471   -0.0333  -0.00758  -0.00618 -3.07e-05  8.61e-06 -5.09e-06 -9.48e-07 -6.61e-08  -0.00824  -0.00176 -0.000323  0.000176  -0.00561   3.6e-05 -0.000447 -0.000111  -0.00168  -0.00177  -0.00332   -0.0426  -0.00151  -0.00224    0.0144   -0.0918   -0.0231   -0.0215   -0.0463         1  -0.00977   -0.0242   -0.0185   -0.0254  -0.00954  -0.00265   -0.0137  -0.00382 -0.000122   -0.0219    -0.056  -0.00148   -0.0199
 0.000703 -0.000494  -0.00935  -0.00441  -0.00307 -0.000834 -1.99e-16 -1.99e-16 -0.000145 -0.000605  3.04e-16   0.00114 -0.000516 -4.66e-05 -0.000817  0.000219  0.000278 -0.000282 -0.000585 -6.87e-05 -6.55e-05 -0.000671 -0.000255 -2.55e-05 -0.000626  0.000135  0.000152 -0.000236 -0.000258   0.00012 -0.000111 -7.64e-05 -0.000145 -0.000174  0.000369 -0.000136 -3.91e-06 -4.96e-05 -7.92e-05  0.000216 -4.96e-06 -0.000306  0.000112    0.0006 -0.000991    0.0005 -4.51e-05 -0.000803  -0.00128  -0.00109  -0.00122 -0.000204   0.00034  6.91e-05 -0.000751 -0.000173 -0.000483 -0.000286  0.000228 -0.000819  4.15e-05  -0.00208   0.00114  0.000988  0.000791 -0.000572    0.0021  -0.00231  0.000211 -0.000618 -1.98e-05  3.26e-06 -6.15e-07 -1.44e-07 -5.99e-09  -0.00131 -7.63e-05 -8.14e-05  3.32e-05 -0.000567     6e-05 -6.11e-05 -7.97e-06 -0.000293 -0.000222 -0.000712  -0.00707 -0.000142 -0.000511   0.00103  -0.00566  -0.00783  -0.00457  -0.00115  -0.00977         1   -0.0066  -0.00239  -0.00312  -0.00134 -0.000386  -0.00176 -0.000499 -1.64e-05  -0.00284   -0.0085 -0.000347 -0.000922
  -0.0133 -0.000228   -0.0237   -0.0122   -0.0101  -0.00394 -1.72e-15 -1.72e-15  -0.00158  -0.00392 -2.32e-16   0.00691  -0.00126 -0.000101   -0.0037   0.00126    0.0016 -0.000599  -0.00126 -0.000611 -8.79e-05  -0.00538  -0.00195  -0.00164   -0.0114  -0.00125   0.00174  -0.00139  -0.00193  0.000644   0.00012  0.000442  -0.00128  -0.00154  -0.00282   -0.0035 -2.35e-05 -0.000142 -0.000346 -0.000517 -1.95e-05  -0.00259  -0.00117   0.00119  -0.00538  -0.00994 -0.000515  -0.00723  -0.00903   0.00118   -0.0129    0.0009  0.000208  -0.00318  -0.00191  0.000565  -0.00431  -0.00024   0.00226  -0.00253  0.000488   -0.0135   0.00392   0.00343   0.00577  -0.00233    0.0192  0.000541   0.00318  -0.00166 -0.000378  2.14e-05 -5.57e-06 -1.16e-06 -3.92e-08  -0.00707  0.000852 -0.000879  2.94e-05  -0.00132  0.000527 -0.000523 -7.66e-05  -0.00357 -0.000902  -0.00754    -0.089  -0.00457  0.000371  -0.00154   0.00895   -0.0361    -0.057   -0.0403   -0.0242   -0.0066         1   -0.0138   -0.0142  -0.00956  -0.00361   -0.0114  -0.00255 -0.000172   -0.0158   -0.0941  -0.00207  0.000359
  -0.0344  -0.00134    -0.031   -0.0126   -0.0106  -0.00206 -9.92e-16 -9.92e-16 -0.000385  -0.00139 -4.41e-16 -0.000155  -0.00269 -0.000263  -0.00479  0.000101   0.00013  -0.00157   -0.0033 -0.000183  -0.00012  -0.00135 -0.000431 -0.000258  -0.00486  0.000143 -1.09e-05 -0.000401 -0.000645  -0.00025 -0.000262 -0.000236 -0.000328 -0.000345  -0.00236 -0.000628 -7.58e-06 -9.01e-05 -0.000147 -0.000596 -1.03e-05 -0.000702 -0.000967  -0.00242  -0.00144   -0.0123 -0.000107  -0.00207  -0.00528  -0.00358  -0.00289  -0.00215  -0.00131  -0.00223  -0.00255 -0.000798  -0.00297 -0.000776  -0.00116  -0.00215   -0.0031  -0.00333  0.000459  0.000585 -5.14e-05  -0.00147   -0.0267   -0.0153  -0.00468 -0.000709 -5.56e-05 -2.35e-05 -1.46e-06 -2.43e-07 -2.83e-08  -0.00226 -0.000757 -0.000157  2.54e-05  -0.00248 -7.99e-05 -0.000203 -4.61e-05  -0.00065 -0.000667  -0.00149   -0.0195 -0.000704  -0.00224 -0.000474   -0.0126    -0.015  -0.00811  -0.00974   -0.0185  -0.00239   -0.0138         1  -0.00958  -0.00326 -0.000755  -0.00461  -0.00126 -3.59e-05    -0.008   -0.0185 -0.000518  -0.00965
   -0.037  -0.00256   -0.0496   -0.0177    -0.018  -0.00322 -2.23e-15 -2.23e-15 -0.000671  -0.00245 -1.35e-15 -0.000331  -0.00416 -0.000392  -0.00795  0.000233  0.000299  -0.00234   -0.0049 -0.000239 -0.000202  -0.00189 -0.000633 -0.000397  -0.00417  0.000776  0.000363  -0.00058  -0.00101 -0.000201 -0.000487 -0.000345 -0.000528 -0.000529  -0.00132  -0.00059  -7.6e-06 -0.000161 -0.000223 -0.000465 -9.41e-06 -0.000898  0.000288 -0.000889   -0.0022   -0.0116 -0.000108  -0.00273  -0.00902  -0.00392  -0.00355  -0.00433  -0.00353  -0.00395  -0.00472  -0.00122    -0.005 -0.000883  -0.00235  -0.00364  -0.00396  -0.00519   0.00118   0.00133 -6.15e-05   -0.0022   -0.0358   -0.0232  -0.00678  -0.00069 -5.48e-05 -4.02e-05 -1.41e-06 -1.79e-07 -3.29e-08  -0.00315  -0.00118 -0.000114  4.84e-05  -0.00359 -0.000111 -0.000234 -6.28e-05 -0.000711 -0.000937  -0.00164   -0.0212 -0.000563  -0.00272   0.00517    -0.019   -0.0171  -0.00871   -0.0085   -0.0254  -0.00312   -0.0142  -0.00958         1  -0.00473 -0.000933  -0.00647   -0.0019 -3.77e-05   -0.0113    -0.021  -0.00074   -0.0141
  -0.0121  -0.00081    -0.014  -0.00526  -0.00496  -0.00104 -5.98e-16 -5.98e-16 -0.000259 -0.000893 -1.62e-16  0.000611 -0.000942 -8.93e-05  -0.00188  0.000155  0.000197 -0.000537  -0.00112 -8.93e-05 -7.17e-05  -0.00087 -0.000339 -0.000164  -0.00149  0.000177    0.0002 -0.000259 -0.000376  3.85e-05 -0.000138 -7.27e-05 -0.000199 -0.000234 -0.000239 -0.000312 -4.24e-06 -5.96e-05 -7.27e-05  3.03e-05 -4.95e-06 -0.000397  2.11e-05  7.86e-05  -0.00107  -0.00205 -7.37e-05  -0.00103  -0.00241 -0.000878  -0.00184  -0.00113 -0.000574 -0.000759  -0.00149 -0.000367  -0.00112 -0.000109 -0.000122  -0.00112 -0.000614  -0.00203  0.000801  0.000747   0.00053 -0.000743  -0.00461  -0.00504 -0.000939 -0.000458 -3.11e-05 -4.39e-06 -7.81e-07 -1.36e-07 -9.49e-09  -0.00135 -0.000224 -8.53e-05  2.03e-05 -0.000931  2.84e-05 -8.32e-05 -1.81e-05 -0.000396  -0.00031 -0.000901   -0.0118 -0.000199 -0.000501   0.00143  -0.00488  -0.00737  -0.00547  -0.00192  -0.00954  -0.00134  -0.00956  -0.00326  -0.00473         1 -0.000461  -0.00236 -0.000622 -2.35e-05  -0.00376   -0.0113  -0.00033  -0.00284
 -0.00223 -9.46e-05  -0.00189 -0.000896 -0.000692 -0.000228 -6.65e-17 -6.65e-17 -8.56e-05 -0.000251  6.94e-17  0.000369 -0.000121 -1.07e-05 -0.000241  6.86e-05  8.74e-05 -6.34e-05 -0.000133 -4.43e-05 -1.58e-05 -0.000265 -0.000131 -5.26e-05 -0.000361 -3.22e-05  6.83e-05 -8.49e-05 -0.000109  1.58e-05 -1.85e-05 -8.51e-06 -5.81e-05 -7.01e-05 -3.08e-05 -0.000135 -9.63e-07 -1.61e-05 -2.44e-05 -6.49e-06 -1.12e-06 -0.000123  9.95e-06  6.69e-05 -0.000301 -0.000218 -1.54e-05 -0.000256 -0.000427 -0.000249 -0.000493 -5.25e-05 -1.27e-05 -6.13e-05 -0.000168 -5.96e-05 -0.000165 -0.000102   3.6e-05 -0.000179 -9.75e-07 -0.000755  0.000275  0.000261  0.000249 -0.000147  0.000704 -0.000349  8.98e-05 -0.000147 -1.32e-05   1.1e-06 -2.31e-07 -5.11e-08  -1.9e-09 -0.000399   1.6e-05 -3.37e-05  6.31e-06 -0.000112  2.33e-05 -2.35e-05 -3.49e-06 -0.000143 -5.21e-05 -0.000302  -0.00306 -0.000196 -5.32e-05  0.000314  -0.00113  -0.00177  -0.00236  -0.00212  -0.00265 -0.000386  -0.00361 -0.000755 -0.000933 -0.000461         1 -0.000586 -0.000156 -6.59e-06 -0.000874  -0.00391 -0.000111 -0.000154
  -0.0242 -0.000857   -0.0198  -0.00819  -0.00653  -0.00139 -5.37e-16 -5.37e-16 -0.000293 -0.000953 -1.15e-16   0.00022  -0.00176  -0.00017  -0.00286   0.00012  0.000153  -0.00102  -0.00214 -0.000198 -9.12e-05  -0.00111 -0.000478 -0.000218  -0.00365 -3.21e-06  -4.3e-06 -0.000311 -0.000498 -0.000173  -0.00017 -0.000181 -0.000256 -0.000273  -0.00183 -0.000569 -5.65e-06 -6.63e-05 -0.000111 -0.000423 -8.06e-06 -0.000527 -0.000708   -0.0018  -0.00105  -0.00865 -8.16e-05  -0.00119  -0.00359  -0.00264  -0.00225  -0.00158 -0.000774  -0.00133   -0.0014  -0.00064  -0.00188 -0.000695 -0.000856  -0.00134  -0.00198  -0.00278  0.000488   0.00055  0.000154  -0.00101   -0.0164  -0.00956  -0.00285 -0.000555 -5.09e-05 -1.48e-05 -1.17e-06 -2.16e-07 -2.04e-08  -0.00168 -0.000458  -0.00014  1.59e-05  -0.00161 -3.33e-05 -0.000144 -3.21e-05  -0.00052 -0.000439  -0.00115   -0.0158 -0.000609  -0.00111   0.00105  -0.00916  -0.00981  -0.00672  -0.00775   -0.0137  -0.00176   -0.0114  -0.00461  -0.00647  -0.00236 -0.000586         1 -0.000897 -2.87e-05  -0.00557   -0.0146 -0.000404  -0.00605
 -0.00606 -0.000143  -0.00452  -0.00249  -0.00142  -0.00034 -8.84e-17 -8.84e-17 -6.47e-05 -0.000173  4.53e-17  0.000135 -0.000407 -3.97e-05 -0.000628  3.87e-05  4.96e-05 -0.000239 -0.000501 -5.99e-05 -2.11e-05 -0.000315 -0.000105 -3.53e-05 -0.000661  1.47e-05 -1.66e-06 -7.42e-05 -0.000133  3.49e-05 -4.15e-05  -7.7e-05 -5.96e-05 -6.67e-05 -0.000329 -0.000165 -1.34e-06 -1.19e-05 -4.35e-05 -5.05e-05 -1.84e-06 -0.000128 -5.03e-05 -0.000187 -0.000266  -0.00156 -1.39e-05 -0.000302  -0.00122 -0.000898 -0.000476 -0.000249  4.15e-05 -0.000293 -0.000236 -6.74e-05 -0.000558 -0.000203 -0.000282 -0.000361  -0.00041 -0.000726  0.000265  0.000231  5.84e-05 -0.000281  -0.00332   -0.0022 -0.000559 -0.000182 -1.05e-05 -2.64e-06 -2.94e-07  -6.2e-08 -5.45e-09 -0.000504 -0.000109 -4.65e-05  5.22e-06 -0.000418 -2.11e-06  -3.6e-05 -8.06e-06 -0.000129 -9.81e-05  -0.00027  -0.00379 -0.000241 -6.37e-05  0.000631  -0.00306  -0.00268  -0.00169 -0.000906  -0.00382 -0.000499  -0.00255  -0.00126   -0.0019 -0.000622 -0.000156 -0.000897         1 -6.82e-06  -0.00148  -0.00392 -0.000104  -0.00136
-0.000202 -5.46e-06 -6.76e-06 -7.35e-05  6.44e-06   4.8e-06  2.43e-18  2.43e-18 -3.86e-06 -6.51e-06  7.17e-18 -1.81e-05  7.44e-06 -9.32e-08 -1.05e-05 -7.67e-06 -9.71e-06 -8.91e-07 -1.68e-06  1.12e-07  1.28e-07 -1.16e-05 -1.19e-06 -9.94e-07 -3.17e-05 -4.36e-06 -6.17e-06 -1.26e-06 -4.29e-06  3.28e-06 -2.18e-07 -3.21e-06  2.65e-06 -2.54e-07 -3.53e-05  -1.3e-05 -6.51e-08    -1e-07 -8.48e-08 -2.01e-06 -8.89e-08 -5.53e-06 -2.19e-05 -3.87e-05 -1.02e-05 -6.13e-05 -1.83e-06 -1.37e-05  -2.2e-05 -2.94e-05 -2.74e-05 -4.47e-06  2.58e-05  2.81e-06 -3.54e-05 -3.26e-06  5.77e-06  2.15e-05  1.69e-05 -8.74e-06 -1.26e-05  5.58e-05 -1.14e-05 -1.07e-05 -1.45e-05 -7.81e-06 -0.000145 -3.64e-05 -9.77e-06 -1.21e-05  2.78e-07   2.5e-07 -1.97e-08 -2.23e-09 -1.78e-10 -1.02e-05 -3.19e-06 -2.16e-06 -5.36e-07 -1.22e-05 -1.04e-07 -1.26e-06 -3.91e-07 -7.06e-06 -3.37e-06 -1.33e-05 -0.000277    -1e-05  1.58e-05 -0.000138 -3.19e-05  -8.4e-05 -6.66e-05  0.000108 -0.000122 -1.64e-05 -0.000172 -3.59e-05 -3.77e-05 -2.35e-05 -6.59e-06 -2.87e-05 -6.82e-06         1  -3.6e-05 -0.000252  4.45e-06 -3.39e-05
 -0.00878  -0.00148   -0.0415   -0.0155   -0.0141  -0.00284 -1.17e-15 -1.17e-15 -0.000376  -0.00156 -6.69e-16 -0.000114  -0.00396 -0.000372  -0.00623  0.000245  0.000312  -0.00221  -0.00466 -0.000258 -0.000152  -0.00149 -0.000529 -0.000336  -0.00739   6.4e-05 -6.32e-05 -0.000489 -0.000727 -0.000597 -0.000311 -0.000236 -0.000489 -0.000434  -0.00357 -0.000646 -9.68e-06 -0.000106 -0.000183  -0.00107 -1.38e-05 -0.000842  -0.00162  -0.00393  -0.00151   -0.0195 -0.000115  -0.00253  -0.00617  -0.00468  -0.00341   -0.0026  -0.00216  -0.00311  -0.00226  -0.00107   -0.0041  -0.00174  -0.00197  -0.00251  -0.00455   -0.0056  0.000373  0.000621  2.54e-05  -0.00176   -0.0381   -0.0209  -0.00687  -0.00067 -9.28e-05 -4.06e-05 -1.73e-06  -3.2e-07 -3.86e-08  -0.00269 -0.000998 -0.000189  3.76e-05   -0.0032 -0.000142 -0.000272  -5.7e-05 -0.000763 -0.000851  -0.00183   -0.0219 -0.000858  -0.00392  0.000169   -0.0158   -0.0193   -0.0098   -0.0195   -0.0219  -0.00284   -0.0158    -0.008   -0.0113  -0.00376 -0.000874  -0.00557  -0.00148  -3.6e-05         1     -0.02 -0.000781   -0.0133
   -0.121 -0.000625   -0.0103   -0.0313  -0.00162 -0.000571  6.02e-16  6.02e-16  -0.00201  -0.00373   2.8e-15  -0.00215  0.000676 -0.000162  -0.00569  -0.00162  -0.00204  -0.00104  -0.00218 -0.000608   3.9e-06  -0.00615  -0.00143 -0.000993   -0.0149  -0.00246  -0.00131   -0.0011  -0.00241   0.00117  1.36e-05  -0.00109  0.000152  -0.00076   -0.0129  -0.00603 -2.51e-05 -9.09e-05 -0.000384   -0.0017 -3.15e-05  -0.00292  -0.00683   -0.0122  -0.00497   -0.0286 -0.000602  -0.00728   -0.0135   -0.0133   -0.0123  0.000714   0.00824  -0.00129  -0.00926 -0.000424  -0.00194   0.00416   0.00369  -0.00356  -0.00516   0.00778  -0.00156  -0.00135  -0.00246  -0.00348   -0.0463    -0.014  -0.00347  -0.00449 -0.000108  7.51e-05 -8.22e-06 -1.26e-06 -8.37e-08  -0.00693 -0.000597  -0.00113 -0.000134  -0.00469  0.000145 -0.000694 -0.000165  -0.00381  -0.00128  -0.00728    -0.112   -0.0074   0.00451   -0.0402   -0.0194   -0.0404   -0.0496  -0.00737    -0.056   -0.0085   -0.0941   -0.0185    -0.021   -0.0113  -0.00391   -0.0146  -0.00392 -0.000252     -0.02         1  0.000218   -0.0128
   0.0143 -0.000126  -0.00543  0.000178  -0.00201 -0.000752 -2.44e-16 -2.44e-16  2.24e-06 -0.000197 -9.17e-17   0.00164 -0.000528 -1.85e-05  4.82e-05  0.000458   0.00058 -0.000103 -0.000214 -8.41e-05 -4.82e-05 -0.000238 -0.000256 -7.22e-05  0.000168  0.000182  0.000384 -0.000138 -7.33e-05 -1.49e-05 -4.52e-05  9.37e-05 -0.000238 -0.000165   0.00126  0.000214 -1.26e-06 -2.84e-05 -4.56e-05  0.000215 -1.01e-06  -7.6e-05  0.000777   0.00176 -0.000404   0.00214  4.28e-06 -6.16e-05 -0.000219  0.000727 -0.000433 -0.000182  -0.00074 -0.000106  0.000862 -2.28e-05  -0.00052 -0.000885 -0.000366 -0.000178  0.000621  -0.00371   0.00125   0.00109   0.00129  -0.00013   0.00822  0.000558  0.000807  3.88e-05 -4.12e-05 -6.33e-06  6.16e-08  -6.4e-08  1.49e-09 -0.000618  0.000119 -1.31e-05  3.46e-05  0.000122  6.69e-05 -4.81e-06  6.67e-06 -6.66e-05 -3.49e-05 -0.000248  0.000359  0.000211 -0.000478   0.00647 -0.000945  -0.00221  -0.00235  -0.00459  -0.00148 -0.000347  -0.00207 -0.000518  -0.00074  -0.00033 -0.000111 -0.000404 -0.000104  4.45e-06 -0.000781  0.000218         1   0.00105
  -0.0402  -0.00203   -0.0596   -0.0249   -0.0193  -0.00145 -1.12e-15 -1.12e-15 -0.000424  -0.00127 -2.47e-15   -0.0125  -0.00758 -0.000849   -0.0148  -0.00218  -0.00276  -0.00506   -0.0107 -0.000188 -1.88e-05  5.68e-05  0.000348 -0.000444   -0.0206  -0.00136  -0.00279  0.000135   -0.0006   -0.0029 -0.000325 -0.000778  0.000247   0.00029   -0.0183  -0.00184 -4.53e-06 -3.01e-05  5.33e-05  -0.00546 -1.71e-05 -0.000684  -0.00932   -0.0241   0.00194    -0.073 -9.99e-05  -0.00242  -0.00869   -0.0133   -0.0018  -0.00682  -0.00569   -0.0082  -0.00661  -0.00332  -0.00656  -0.00108  -0.00563  -0.00259    -0.017   0.00777  -0.00977  -0.00733  -0.00929  -0.00189    -0.163   -0.0556   -0.0259  0.000514  1.38e-06 -0.000115 -2.27e-06  1.73e-08 -9.28e-08  0.000996  -0.00322 -3.11e-05 -0.000165   -0.0074  -0.00104 -0.000492 -0.000154 -0.000378  -0.00138 -0.000627   -0.0244  -0.00226  -0.00894   -0.0309   -0.0232   -0.0101   0.00532   -0.0433   -0.0199 -0.000922  0.000359  -0.00965   -0.0141  -0.00284 -0.000154  -0.00605  -0.00136 -3.39e-05   -0.0133   -0.0128   0.00105         1

  Chi^2                                1.04477  +/- 2.04428
  Chi^2/ndf                            0.130596
  Chi^2 for each template              1.71908 +/- 0.725089	3.55084 +/- 1.49809	5.0185 +/- 1.62539	10.2288 +/- 1.06873	18.3325 +/- 2.16254	23.1692 +/- 1.19415	32.5065 +/- 2.84213	40.813 +/- 1.82839	
  Chi^2 for each template w.r.t. fit   0.815443 +/- 0.725089	1.7726 +/- 1.49809	4.77592 +/- 1.62539	10.0924 +/- 1.06873	16.4958 +/- 2.16254	23.1154 +/- 1.19415	32.4018 +/- 2.84213	40.8789 +/- 1.82839	  Partial chi^2                        0.00 (EG_RESOLUTION_ALL)    0.07 (EG_SCALE_ALL)    0.00 (EL_EFF_ID_TOTAL_1NPCOR_PLUS_UNCOR)    0.01 (EL_EFF_Iso_TOTAL_1NPCOR_PLUS_UNCOR)
  Partial chi^2                        0.00 (EL_EFF_Reco_TOTAL_1NPCOR_PLUS_UNCOR)    0.00 (EL_EFF_TriggerEff_TOTAL_1NPCOR_PLUS_UNCOR)    0.00 (EL_EFF_Trigger_TOTAL_1NPCOR_PLUS_UNCOR)    0.00 (FAKES_Electron)
  Partial chi^2                        0.00 (FAKES_Muon)    0.00 (FT_EFF_Eigen_B_0)    0.00 (FT_EFF_Eigen_B_1)    0.00 (FT_EFF_Eigen_B_2)
  Partial chi^2                        0.00 (FT_EFF_Eigen_B_3)    0.00 (FT_EFF_Eigen_B_4)    0.00 (FT_EFF_Eigen_B_5)    0.00 (FT_EFF_Eigen_B_6)
  Partial chi^2                        0.00 (FT_EFF_Eigen_B_7)    0.00 (FT_EFF_Eigen_B_8)    0.00 (FT_EFF_Eigen_C_0)    0.00 (FT_EFF_Eigen_C_1)
  Partial chi^2                        0.00 (FT_EFF_Eigen_C_2)    0.00 (FT_EFF_Eigen_C_3)    0.00 (FT_EFF_Eigen_Light_0)    0.00 (FT_EFF_Eigen_Light_1)
  Partial chi^2                        0.00 (FT_EFF_Eigen_Light_2)    0.00 (FT_EFF_Eigen_Light_3)    0.00 (FT_EFF_extrapolation)    0.00 (FT_EFF_extrapolation_from_charm)
  Partial chi^2                        0.07 (FULL_SYS_SUM)    0.03 (FULL_SYS_SUM_DETECTOR)    0.04 (FULL_SYS_SUM_THEORY)    0.07 (FULL_SYS_TOYS)
  Partial chi^2                        0.00 (JET_EffectiveNP_Detector1)    0.00 (JET_EffectiveNP_Detector2)    0.00 (JET_EffectiveNP_Mixed1)    0.00 (JET_EffectiveNP_Mixed2)
  Partial chi^2                        0.00 (JET_EffectiveNP_Mixed3)    0.00 (JET_EffectiveNP_Modelling1)    0.00 (JET_EffectiveNP_Modelling2)    0.00 (JET_EffectiveNP_Modelling3)
  Partial chi^2                        0.00 (JET_EffectiveNP_Modelling4)    0.00 (JET_EffectiveNP_Statistical1)    0.00 (JET_EffectiveNP_Statistical2)    0.00 (JET_EffectiveNP_Statistical3)
  Partial chi^2                        0.00 (JET_EffectiveNP_Statistical4)    0.00 (JET_EffectiveNP_Statistical5)    0.00 (JET_EffectiveNP_Statistical6)    0.00 (JET_EtaIntercalibration_Modelling)
  Partial chi^2                        0.00 (JET_EtaIntercalibration_NonClosure_2018data)    0.00 (JET_EtaIntercalibration_NonClosure_highE)    0.00 (JET_EtaIntercalibration_NonClosure_negEta)    0.00 (JET_EtaIntercalibration_NonClosure_posEta)
  Partial chi^2                        0.00 (JET_EtaIntercalibration_TotalStat)    0.00 (JET_Flavor_Composition_prop)    0.00 (JET_Flavor_Response_prop)    0.00 (JET_JER_DataVsMC_MC16_PseudoData)
  Partial chi^2                        0.00 (JET_JER_EffectiveNP_10_PseudoData)    0.00 (JET_JER_EffectiveNP_11_PseudoData)    0.00 (JET_JER_EffectiveNP_12restTerm_PseudoData)    0.00 (JET_JER_EffectiveNP_1_PseudoData)
  Partial chi^2                        0.00 (JET_JER_EffectiveNP_2_PseudoData)    0.00 (JET_JER_EffectiveNP_3_PseudoData)    0.00 (JET_JER_EffectiveNP_4_PseudoData)    0.00 (JET_JER_EffectiveNP_5_PseudoData)
  Partial chi^2                        0.00 (JET_JER_EffectiveNP_6_PseudoData)    0.00 (JET_JER_EffectiveNP_7_PseudoData)    0.00 (JET_JER_EffectiveNP_8_PseudoData)    0.00 (JET_JER_EffectiveNP_9_PseudoData)
  Partial chi^2                        0.00 (JET_JvtEfficiency)    0.00 (JET_Pileup_OffsetMu)    0.00 (JET_Pileup_OffsetNPV)    0.00 (JET_Pileup_PtTerm)
  Partial chi^2                        0.00 (JET_Pileup_RhoTopology)    0.00 (JET_PunchThrough_MC16)    0.00 (LUMINOSITY)    0.00 (MET_SoftTrk_ResoPara)
  Partial chi^2                        0.00 (MET_SoftTrk_ResoPerp)    0.00 (MET_SoftTrk_Scale)    0.00 (MUON_EFF_BADMUON_SYS)    0.00 (MUON_EFF_ISO_STAT)
  Partial chi^2                        0.00 (MUON_EFF_ISO_SYS)    0.00 (MUON_EFF_RECO_STAT)    0.00 (MUON_EFF_RECO_SYS)    0.00 (MUON_EFF_TTVA_STAT)
  Partial chi^2                        0.00 (MUON_EFF_TTVA_SYS)    0.00 (MUON_EFF_TrigStatUncertainty)    0.00 (MUON_EFF_TrigSystUncertainty)    0.00 (MUON_SAGITTA_DATASTAT)
  Partial chi^2                        0.00 (MUON_SAGITTA_RESBIAS)    0.01 (PRW_DATASF)    0.71 (STAT_DATA)    0.01 (STAT_MC)  
  Partial chi^2                        0.00 (THEORY_CROSS_SECTION_Wjets)    0.00 (THEORY_CROSS_SECTION_other_top_noWt)    0.00 (THEORY_CROSS_SECTION_signal)    0.02 (THEORY_DR_DS_signal)
  Partial chi^2                        0.00 (THEORY_EWK_Wjets)    0.00 (THEORY_EWK_multiboson_noW)    0.01 (THEORY_FSR_signal)    0.03 (THEORY_HDAMP_signal)
  Partial chi^2                        0.01 (THEORY_ISR_signal)    0.00 (THEORY_PDF4LHC_VARIATION_Wjets)    0.00 (THEORY_PDF4LHC_VARIATION_multiboson_noW)    0.00 (THEORY_PDF4LHC_VARIATION_signal)
  Partial chi^2                        0.01 (THEORY_PTHARD_signal)    0.00 (THEORY_SCALE_COMBINED_Wjets)    0.00 (THEORY_SCALE_COMBINED_multiboson_noW)    0.00 (THEORY_SCALE_FACTORISATION_signal)
  Partial chi^2                        0.00 (THEORY_SCALE_RENORMALISATION_signal)    0.01 (THEORY_SHOWERING_HERWIG7_signal)    0.01 (THEORY_TOPRECOIL_signal)    0.01 (THEORY_TOP_MASS_signal)
  Partial chi^2                        0.13 (TOTAL)        0.12 (TOTAL_NO_DR_DS)    0.08 (TOTAL_SYSONLY)    0.00 (WMASS_VAR_signal)
  Partial chi^2                        0.07 (pseudoDataStat)

  Uncertainties from HESSE matrix
     LTF: Result[0]:                   164.746  +/- 2.49979 (fit [from HESSE])

  Alternative result from pol2-fit to chi^2 values of the templates
     Result(pol2-chi2)[0]              163.072   +/- 3.06395 (fit)
     Chi^2(min)                        1.32101

  Result from linearized second-order model approximation
     EDM (Taylor) [0]                  -4.49063e-12

  Expected distance to minimum
     EDM (Newton) [0]                  -1.96962e-11
     EDM Delta-chi^2                   -7.21213e-21


  'Uncertainties' on M from second-order model approximation
     sigma_m[0]                       9.85012e-13
     sigma_m[EG_RESOLUTION_ALL]       0.00
     sigma_m[EG_SCALE_ALL]            0.00
     sigma_m[EL_EFF_ID_TOTAL_1NPCOR_PLUS_UNCOR] 0.00
     sigma_m[EL_EFF_Iso_TOTAL_1NPCOR_PLUS_UNCOR] 0.00
     sigma_m[EL_EFF_Reco_TOTAL_1NPCOR_PLUS_UNCOR] 0.00
     sigma_m[EL_EFF_TriggerEff_TOTAL_1NPCOR_PLUS_UNCOR] 0.00
     sigma_m[EL_EFF_Trigger_TOTAL_1NPCOR_PLUS_UNCOR] 0.00
     sigma_m[MUON_SAGITTA_DATASTAT]   0.00
     sigma_m[MUON_SAGITTA_RESBIAS]    0.00
     sigma_m[MUON_EFF_BADMUON_SYS]    0.00
     sigma_m[MUON_EFF_ISO_STAT]       0.00
     sigma_m[MUON_EFF_ISO_SYS]        0.00
     sigma_m[MUON_EFF_RECO_STAT]      0.00
     sigma_m[MUON_EFF_RECO_SYS]       0.00
     sigma_m[MUON_EFF_TTVA_STAT]      0.00
     sigma_m[MUON_EFF_TTVA_SYS]       0.00
     sigma_m[MUON_EFF_TrigStatUncertainty] 0.00
     sigma_m[MUON_EFF_TrigSystUncertainty] 0.00
     sigma_m[JET_EffectiveNP_Detector1] 0.00
     sigma_m[JET_EffectiveNP_Detector2] 0.00
     sigma_m[JET_EffectiveNP_Mixed1]  0.00
     sigma_m[JET_EffectiveNP_Mixed2]  0.00
     sigma_m[JET_EffectiveNP_Mixed3]  0.00
     sigma_m[JET_EffectiveNP_Modelling1] 0.00
     sigma_m[JET_EffectiveNP_Modelling2] 0.00
     sigma_m[JET_EffectiveNP_Modelling3] 0.00
     sigma_m[JET_EffectiveNP_Modelling4] 0.00
     sigma_m[JET_EffectiveNP_Statistical1] 0.00
     sigma_m[JET_EffectiveNP_Statistical2] 0.00
     sigma_m[JET_EffectiveNP_Statistical3] 0.00
     sigma_m[JET_EffectiveNP_Statistical4] 0.00
     sigma_m[JET_EffectiveNP_Statistical5] -0.00
     sigma_m[JET_EffectiveNP_Statistical6] -0.00
     sigma_m[JET_EtaIntercalibration_Modelling] 0.00
     sigma_m[JET_EtaIntercalibration_NonClosure_2018data] 0.00
     sigma_m[JET_EtaIntercalibration_NonClosure_highE] 0.00
     sigma_m[JET_EtaIntercalibration_NonClosure_negEta] 0.00
     sigma_m[JET_EtaIntercalibration_NonClosure_posEta] 0.00
     sigma_m[JET_EtaIntercalibration_TotalStat] 0.00
     sigma_m[JET_Flavor_Composition_prop] 0.00
     sigma_m[JET_Flavor_Response_prop] 0.00
     sigma_m[JET_Pileup_OffsetMu]     0.00
     sigma_m[JET_Pileup_OffsetNPV]    0.00
     sigma_m[JET_Pileup_PtTerm]       -0.00
     sigma_m[JET_Pileup_RhoTopology]  0.00
     sigma_m[JET_PunchThrough_MC16]   0.00
     sigma_m[JET_JER_DataVsMC_MC16_PseudoData] 0.00
     sigma_m[JET_JER_EffectiveNP_1_PseudoData] 0.00
     sigma_m[JET_JER_EffectiveNP_2_PseudoData] 0.00
     sigma_m[JET_JER_EffectiveNP_3_PseudoData] 0.00
     sigma_m[JET_JER_EffectiveNP_4_PseudoData] 0.00
     sigma_m[JET_JER_EffectiveNP_5_PseudoData] 0.00
     sigma_m[JET_JER_EffectiveNP_6_PseudoData] 0.00
     sigma_m[JET_JER_EffectiveNP_7_PseudoData] 0.00
     sigma_m[JET_JER_EffectiveNP_8_PseudoData] 0.00
     sigma_m[JET_JER_EffectiveNP_9_PseudoData] 0.00
     sigma_m[JET_JER_EffectiveNP_10_PseudoData] 0.00
     sigma_m[JET_JER_EffectiveNP_11_PseudoData] 0.00
     sigma_m[JET_JER_EffectiveNP_12restTerm_PseudoData] 0.00
     sigma_m[JET_JvtEfficiency]       0.00
     sigma_m[PRW_DATASF]              -0.00
     sigma_m[MET_SoftTrk_ResoPara]    0.00
     sigma_m[MET_SoftTrk_ResoPerp]    0.00
     sigma_m[MET_SoftTrk_Scale]       0.00
     sigma_m[WMASS_VAR_signal]        0.00
     sigma_m[FT_EFF_Eigen_B_0]        0.00
     sigma_m[FT_EFF_Eigen_B_1]        0.00
     sigma_m[FT_EFF_Eigen_B_2]        0.00
     sigma_m[FT_EFF_Eigen_B_3]        0.00
     sigma_m[FT_EFF_Eigen_B_4]        0.00
     sigma_m[FT_EFF_Eigen_B_5]        0.00
     sigma_m[FT_EFF_Eigen_B_6]        0.00
     sigma_m[FT_EFF_Eigen_B_7]        -0.00
     sigma_m[FT_EFF_Eigen_B_8]        0.00
     sigma_m[FT_EFF_Eigen_C_0]        -0.00
     sigma_m[FT_EFF_Eigen_C_1]        0.00
     sigma_m[FT_EFF_Eigen_C_2]        0.00
     sigma_m[FT_EFF_Eigen_C_3]        0.00
     sigma_m[FT_EFF_Eigen_Light_0]    0.00
     sigma_m[FT_EFF_Eigen_Light_1]    0.00
     sigma_m[FT_EFF_Eigen_Light_2]    0.00
     sigma_m[FT_EFF_Eigen_Light_3]    0.00
     sigma_m[FT_EFF_extrapolation]    0.00
     sigma_m[FT_EFF_extrapolation_from_charm] 0.00
     sigma_m[THEORY_CROSS_SECTION_signal] 0.00
     sigma_m[THEORY_SHOWERING_HERWIG7_signal] 0.00
     sigma_m[THEORY_SCALE_FACTORISATION_signal] 0.00
     sigma_m[THEORY_SCALE_RENORMALISATION_signal] 0.00
     sigma_m[THEORY_ISR_signal]       0.00
     sigma_m[THEORY_FSR_signal]       0.00
     sigma_m[THEORY_HDAMP_signal]     0.00
     sigma_m[THEORY_PTHARD_signal]    -0.00
     sigma_m[THEORY_TOPRECOIL_signal] 0.00
     sigma_m[THEORY_TOP_MASS_signal]  0.00
     sigma_m[THEORY_PDF4LHC_VARIATION_signal] 0.00
     sigma_m[THEORY_DR_DS_signal]     -0.00
     sigma_m[THEORY_CROSS_SECTION_Wjets] 0.00
     sigma_m[THEORY_SCALE_COMBINED_Wjets] 0.00
     sigma_m[THEORY_PDF4LHC_VARIATION_Wjets] 0.00
     sigma_m[THEORY_EWK_Wjets]        -0.00
     sigma_m[THEORY_SCALE_COMBINED_multiboson_noW] 0.00
     sigma_m[THEORY_PDF4LHC_VARIATION_multiboson_noW] 0.00
     sigma_m[THEORY_EWK_multiboson_noW] 0.00
     sigma_m[THEORY_CROSS_SECTION_other_top_noWt] 0.00
     sigma_m[FAKES_Electron]          0.00
     sigma_m[FAKES_Muon]              -0.00
     sigma_m[LUMINOSITY]              0.00

  Settings
     Number of data points             9
     Number of templates               8
     Number of fit parameters          1
     Template reference values [0]     162.5 167.5   170 172.5   175 177.5   180 182.5
     Number of nuisance param.         107
     Gamma[0]                          1.000
     LogNormal                         false
     Response matrix                   false

  please cite: D. Britzger, The Linear Template Fit, Eur.Phys.J.C 82 (2022) 731, arXiv:2112.01548.
------------------------------------------------------------------------

Warning in <TFile::Append>: Replacing existing TH1: hist (Potential memory leak).
Warning in <TFile::Append>: Replacing existing TH1: hist (Potential memory leak).
Warning in <TFile::Append>: Replacing existing TH1: hist (Potential memory leak).
Warning in <TFile::Append>: Replacing existing TH1: hist (Potential memory leak).
Warning in <TFile::Append>: Replacing existing TH1: hist (Potential memory leak).
Warning in <TFile::Append>: Replacing existing TH1: hist (Potential memory leak).
Warning in <TFile::Append>: Replacing existing TH1: hist (Potential memory leak).
Warning in <TFile::Append>: Replacing existing TH1: hist (Potential memory leak).
Warning in <TFile::Append>: Replacing existing TH1: hist (Potential memory leak).
Info in <TCanvas::Print>: ps file plots/fit_ptl1.ps has been created
Info in <TCanvas::Print>: Current canvas added to ps file plots/fit_ptl1.ps
Info in <TCanvas::Print>: Current canvas added to ps file plots/fit_ptl1.ps
Info in <TCanvas::Print>: Current canvas added to ps file plots/fit_ptl1.ps
Info in <TCanvas::Print>: Current canvas added to ps file plots/fit_ptl1.ps
Info in <TCanvas::Print>: Current canvas added to ps file plots/fit_ptl1.ps
Info in <TCanvas::Print>: Current canvas added to ps file plots/fit_ptl1.ps
Info in <TCanvas::Print>: Current canvas added to ps file plots/fit_ptl1.ps
Info in <TCanvas::Print>: Current canvas added to ps file plots/fit_ptl1.ps
Info in <TCanvas::Print>: Current canvas added to ps file plots/fit_ptl1.ps
Info in <TCanvas::Print>: Current canvas added to ps file plots/fit_ptl1.ps
Info in <TCanvas::Print>: Current canvas added to ps file plots/fit_ptl1.ps
Info in <TCanvas::Print>: Current canvas added to ps file plots/fit_ptl1.ps
Info in <TCanvas::Print>: Current canvas added to ps file plots/fit_ptl1.ps
Info in <TCanvas::Print>: Current canvas added to ps file plots/fit_ptl1.ps
Info in <TCanvas::Print>: Current canvas added to ps file plots/fit_ptl1.ps
Info in <TCanvas::Print>: Current canvas added to ps file plots/fit_ptl1.ps
Info in <TCanvas::Print>: Current canvas added to ps file plots/fit_ptl1.ps
Info in <TCanvas::Print>: Current canvas added to ps file plots/fit_ptl1.ps
Info in <TCanvas::Print>: Current canvas added to ps file plots/fit_ptl1.ps
Info in <TCanvas::Print>: Current canvas added to ps file plots/fit_ptl1.ps
Info in <TCanvas::Print>: Current canvas added to ps file plots/fit_ptl1.ps
Info in <TCanvas::Print>: Current canvas added to ps file plots/fit_ptl1.ps
Info in <TCanvas::Print>: Current canvas added to ps file plots/fit_ptl1.ps
Info in <TCanvas::Print>: Current canvas added to ps file plots/fit_ptl1.ps
Info in <TCanvas::Print>: Current canvas added to ps file plots/fit_ptl1.ps
Info in <TCanvas::Print>: Current canvas added to ps file plots/fit_ptl1.ps
Info in <TCanvas::Print>: Current canvas added to ps file plots/fit_ptl1.ps
Info in <TCanvas::Print>: Current canvas added to ps file plots/fit_ptl1.ps
Info in <TCanvas::Print>: Current canvas added to ps file plots/fit_ptl1.ps
Info in <TCanvas::Print>: Current canvas added to ps file plots/fit_ptl1.ps
Info in <TCanvas::Print>: ps file plots/fit_ptl1.ps has been closed
Info in <TCanvas::Print>: ps file plots/fit_quality.ps has been created
Info in <TCanvas::Print>: Current canvas added to ps file plots/fit_quality.ps
Info in <TCanvas::Print>: Current canvas added to ps file plots/fit_quality.ps
Info in <TCanvas::Print>: Current canvas added to ps file plots/fit_quality.ps
Info in <TCanvas::Print>: Current canvas added to ps file plots/fit_quality.ps
Info in <TCanvas::Print>: Current canvas added to ps file plots/fit_quality.ps
Info in <TCanvas::Print>: Current canvas added to ps file plots/fit_quality.ps
Info in <TCanvas::Print>: Current canvas added to ps file plots/fit_quality.ps
Info in <TCanvas::Print>: Current canvas added to ps file plots/fit_quality.ps
Info in <TCanvas::Print>: Current canvas added to ps file plots/fit_quality.ps
Info in <TCanvas::Print>: Current canvas added to ps file plots/fit_quality.ps
Info in <TCanvas::Print>: ps file plots/fit_quality.ps has been closed
