nohup: ignoring input
Found covarinace matrix unfolding_covariance_matrix_mbl_selected_covariance_STAT_DATA
Johannes print final covariance matrix
0.000100398	-2.1292e-05	7.47942e-06	-5.60474e-06	9.69343e-07	-2.1426e-06	1.00158e-06	4.33882e-07	3.04339e-07	-1.13172e-07	
-2.1292e-05	0.000154034	-5.29948e-05	1.55657e-05	-5.01622e-06	3.17401e-06	-1.07346e-06	4.79699e-07	-2.38413e-07	-1.03528e-07	
7.47942e-06	-5.29948e-05	0.000304304	-7.40821e-05	-1.99056e-06	-6.6445e-07	1.16808e-06	-1.59991e-06	5.62986e-07	-1.74827e-07	
-5.60474e-06	1.55657e-05	-7.40821e-05	0.000169932	-1.5162e-05	2.75262e-06	-8.59802e-07	2.24318e-08	-4.68266e-07	1.91491e-08	
9.69343e-07	-5.01622e-06	-1.99056e-06	-1.5162e-05	3.61037e-05	-8.3762e-06	9.02862e-07	-1.09799e-07	-9.05525e-08	1.97665e-07	
-2.1426e-06	3.17401e-06	-6.6445e-07	2.75262e-06	-8.3762e-06	1.5759e-05	-2.2215e-06	1.06366e-07	1.9969e-08	3.86486e-08	
1.00158e-06	-1.07346e-06	1.16808e-06	-8.59802e-07	9.02862e-07	-2.2215e-06	5.22107e-06	-9.17006e-07	2.55215e-08	-9.30396e-09	
4.33882e-07	4.79699e-07	-1.59991e-06	2.24318e-08	-1.09799e-07	1.06366e-07	-9.17006e-07	2.35716e-06	-3.64757e-07	-8.07575e-09	
3.04339e-07	-2.38413e-07	5.62986e-07	-4.68266e-07	-9.05525e-08	1.9969e-08	2.55215e-08	-3.64757e-07	9.27839e-07	-6.9997e-08	
-1.13172e-07	-1.03528e-07	-1.74827e-07	1.91491e-08	1.97665e-07	3.86486e-08	-9.30396e-09	-8.07575e-09	-6.9997e-08	3.07954e-07	
Johannes print final correltaion matrix
1	-0.171216	0.042791	-0.0429097	0.0161005	-0.0538661	0.0437464	0.0282042	0.0315326	-0.0203532	
-0.171216	1	-0.244777	0.0962108	-0.0672655	0.0644223	-0.0378528	0.0251747	-0.0199427	-0.0150316	
0.042791	-0.244777	1	-0.325778	-0.0189909	-0.00959499	0.0293048	-0.0597377	0.0335049	-0.0180598	
-0.0429097	0.0962108	-0.325778	1	-0.193572	0.0531917	-0.0288656	0.00112081	-0.0372923	0.00264709	
0.0161005	-0.0672655	-0.0189909	-0.193572	1	-0.351162	0.0657606	-0.0119022	-0.0156455	0.0592804	
-0.0538661	0.0644223	-0.00959499	0.0531917	-0.351162	1	-0.244908	0.0174519	0.00522223	0.0175439	
0.0437464	-0.0378528	0.0293048	-0.0288656	0.0657606	-0.244908	1	-0.261395	0.0115955	-0.00733745	
0.0282042	0.0251747	-0.0597377	0.00112081	-0.0119022	0.0174519	-0.261395	1	-0.246645	-0.00947862	
0.0315326	-0.0199427	0.0335049	-0.0372923	-0.0156455	0.00522223	0.0115955	-0.246645	1	-0.130948	
-0.0203532	-0.0150316	-0.0180598	0.00264709	0.0592804	0.0175439	-0.00733745	-0.00947862	-0.130948	1	
TH1.Print Name  = total_error, Entries= 1070, Total sum= 0.897654
 fSumw[0]=0, x=-0.5, error=0
 fSumw[1]=0.0820337, x=0.5, error=0
 fSumw[2]=0.0547998, x=1.5, error=0
 fSumw[3]=0.0547774, x=2.5, error=0
 fSumw[4]=0.0834004, x=3.5, error=0
 fSumw[5]=0.126854, x=4.5, error=0
 fSumw[6]=0.0699165, x=5.5, error=0
 fSumw[7]=0.0879809, x=6.5, error=0
 fSumw[8]=0.0858091, x=7.5, error=0
 fSumw[9]=0.106113, x=8.5, error=0
 fSumw[10]=0.145968, x=9.5, error=0
 fSumw[11]=0, x=10.5, error=0
STAT_MC 0.0040325
STAT_MC 0.00100146
STAT_MC 0.000786761
STAT_MC 0.000984255
STAT_MC 0.00415091
STAT_MC 0.00383538
STAT_MC 0.006492
STAT_MC 0.007666
STAT_MC 0.011005
STAT_MC 0.0177533
TH1.Print Name  = total_error, Entries= 1080, Total sum= 0.900172
 fSumw[0]=0, x=-0.5, error=0
 fSumw[1]=0.0821327, x=0.5, error=0
 fSumw[2]=0.054809, x=1.5, error=0
 fSumw[3]=0.054783, x=2.5, error=0
 fSumw[4]=0.0834062, x=3.5, error=0
 fSumw[5]=0.126922, x=4.5, error=0
 fSumw[6]=0.0700216, x=5.5, error=0
 fSumw[7]=0.0882201, x=6.5, error=0
 fSumw[8]=0.0861508, x=7.5, error=0
 fSumw[9]=0.106682, x=8.5, error=0
 fSumw[10]=0.147044, x=9.5, error=0
 fSumw[11]=0, x=10.5, error=0
TH1.Print Name  = total_error, Entries= 1090, Total sum= 0.925431
 fSumw[0]=0, x=-0.5, error=0
 fSumw[1]=0.0824126, x=0.5, error=0
 fSumw[2]=0.0548977, x=1.5, error=0
 fSumw[3]=0.0548305, x=2.5, error=0
 fSumw[4]=0.0834517, x=3.5, error=0
 fSumw[5]=0.127078, x=4.5, error=0
 fSumw[6]=0.0705219, x=5.5, error=0
 fSumw[7]=0.0897223, x=6.5, error=0
 fSumw[8]=0.0904075, x=7.5, error=0
 fSumw[9]=0.114069, x=8.5, error=0
 fSumw[10]=0.15804, x=9.5, error=0
 fSumw[11]=0, x=10.5, error=0

        Data        Stat Tmpl_162.50 Stat_162.50 Tmpl_165.00 Stat_165.00 Tmpl_167.50 Stat_167.50 Tmpl_170.00 Stat_170.00 Tmpl_172.50 Stat_172.50 Tmpl_177.50 Stat_177.50 Tmpl_180.00 Stat_180.00 Tmpl_182.50 Stat_182.50
    0.320919    0.002178    0.525981    0.001993    0.472921    0.001775    0.431539    0.002765    0.389397    0.002621    0.352429    0.001659    0.295833    0.001174    0.271634    0.002147    0.244235    0.001214
    1.557875    0.004862    2.322255    0.004182    2.142520    0.003775    1.983247    0.005926    1.819464    0.005685    1.681540    0.003624    1.434078    0.002561    1.323642    0.004757    1.222285    0.002710
    2.877055    0.006560    3.643039    0.005234    3.497765    0.004858    3.358758    0.007745    3.212939    0.007646    3.048755    0.004953    2.721801    0.003555    2.580305    0.006704    2.422138    0.003848
    2.011560    0.005538    1.542181    0.003434    1.654428    0.003353    1.762269    0.005659    1.847968    0.005818    1.937830    0.003975    2.068891    0.003121    2.111057    0.006112    2.126323    0.003599
    0.395512    0.002484    0.356184    0.001668    0.357653    0.001582    0.364369    0.002588    0.376920    0.002656    0.381512    0.001795    0.406236    0.001388    0.429078    0.002825    0.457564    0.001692
    0.244617    0.002051    0.248844    0.001459    0.248844    0.001398    0.244262    0.002170    0.246155    0.002202    0.243232    0.001438    0.240765    0.001103    0.238058    0.002113    0.235834    0.001273
    0.069807    0.001141    0.076472    0.000965    0.074255    0.000766    0.074917    0.001272    0.072937    0.001220    0.073341    0.000802    0.069951    0.000606    0.070773    0.001173    0.067937    0.000728
    0.032267    0.000885    0.035341    0.000849    0.034732    0.000523    0.032818    0.000826    0.032738    0.000826    0.032516    0.000519    0.031861    0.000448    0.032378    0.000825    0.031358    0.000625
    0.010866    0.000439    0.011685    0.000313    0.010848    0.000274    0.010808    0.000500    0.010841    0.000533    0.010623    0.000250    0.010649    0.000241    0.010206    0.000433    0.010598    0.000402
    0.003636    0.000211    0.004009    0.000199    0.003792    0.000168    0.003808    0.000277    0.003530    0.000222    0.003719    0.000131    0.003453    0.000117    0.003505    0.000226    0.003541    0.000252

LTF::DoLiTeFit(). Fit done. Result:  174.887Johannes Inverse matrix of W
 0.000106815  -2.1292e-05  7.47942e-06 -5.60474e-06  9.69343e-07  -2.1426e-06  1.00158e-06  4.33882e-07  3.04339e-07 -1.13172e-07
 -2.1292e-05  0.000180107 -5.29948e-05  1.55657e-05 -5.01622e-06  3.17401e-06 -1.07346e-06  4.79699e-07 -2.38413e-07 -1.03528e-07
 7.47942e-06 -5.29948e-05  0.000352457 -7.40821e-05 -1.99056e-06  -6.6445e-07  1.16808e-06 -1.59991e-06  5.62986e-07 -1.74827e-07
-5.60474e-06  1.55657e-05 -7.40821e-05  0.000204524  -1.5162e-05  2.75262e-06 -8.59802e-07  2.24318e-08 -4.68266e-07  1.91491e-08
 9.69343e-07 -5.01622e-06 -1.99056e-06  -1.5162e-05  4.49689e-05  -8.3762e-06  9.02862e-07 -1.09799e-07 -9.05525e-08  1.97665e-07
 -2.1426e-06  3.17401e-06  -6.6445e-07  2.75262e-06  -8.3762e-06  2.08467e-05  -2.2215e-06  1.06366e-07   1.9969e-08  3.86486e-08
 1.00158e-06 -1.07346e-06  1.16808e-06 -8.59802e-07  9.02862e-07  -2.2215e-06  6.72902e-06 -9.17006e-07  2.55215e-08 -9.30396e-09
 4.33882e-07  4.79699e-07 -1.59991e-06  2.24318e-08 -1.09799e-07  1.06366e-07 -9.17006e-07  3.20082e-06 -3.64757e-07 -8.07575e-09
 3.04339e-07 -2.38413e-07  5.62986e-07 -4.68266e-07 -9.05525e-08   1.9969e-08  2.55215e-08 -3.64757e-07  1.13469e-06  -6.9997e-08
-1.13172e-07 -1.03528e-07 -1.74827e-07  1.91491e-08  1.97665e-07  3.86486e-08 -9.30396e-09 -8.07575e-09  -6.9997e-08  3.56465e-07
  +/- 0.687192 (fit)  +/- 0.313442 (ext)  +/- 0.0566027 (tmpl)  +/- 0 (MatA)   [chi^2=0.949704]

------------------------------------------------------------------------
        Result of the 1-dimensional linear template fit
        ```````````````````````````````````````````````
  LTF. Result[0]:   174.887  +/- 0.687192 (fit)  +/- 0.313442 (ext)

  LTF. Result[0]:   174.886949
                             +/-  0.300145 (STAT_DATA)
                             +/-  0.044159 (STAT_MC)
                             +/-  0.118010 (pseudoDataStat)
                             +/- -0.001002 (EG_RESOLUTION_ALL)
                             +/-  0.037161 (EG_SCALE_ALL)
                             +/- -0.002086 (EL_EFF_ID_TOTAL_1NPCOR_PLUS_UNCOR)
                             +/- -0.050770 (EL_EFF_Iso_TOTAL_1NPCOR_PLUS_UNCOR)
                             +/- -0.018488 (EL_EFF_Reco_TOTAL_1NPCOR_PLUS_UNCOR)
                             +/- -0.000000 (EL_EFF_TriggerEff_TOTAL_1NPCOR_PLUS_UNCOR)
                             +/- -0.000000 (EL_EFF_Trigger_TOTAL_1NPCOR_PLUS_UNCOR)
                             +/- -0.018014 (FAKES_Electron)
                             +/- -0.007623 (FAKES_Muon)
                             +/- -0.337881 (FT_EFF_Eigen_B_0)
                             +/- -0.068398 (FT_EFF_Eigen_B_1)
                             +/- -0.057275 (FT_EFF_Eigen_B_2)
                             +/- -0.011405 (FT_EFF_Eigen_B_3)
                             +/-  0.002077 (FT_EFF_Eigen_B_4)
                             +/- -0.000251 (FT_EFF_Eigen_B_5)
                             +/-  0.000009 (FT_EFF_Eigen_B_6)
                             +/- -0.000005 (FT_EFF_Eigen_B_7)
                             +/-  0.000000 (FT_EFF_Eigen_B_8)
                             +/- -0.066801 (FT_EFF_Eigen_C_0)
                             +/- -0.010400 (FT_EFF_Eigen_C_1)
                             +/- -0.005454 (FT_EFF_Eigen_C_2)
                             +/- -0.000361 (FT_EFF_Eigen_C_3)
                             +/- -0.031907 (FT_EFF_Eigen_Light_0)
                             +/-  0.000385 (FT_EFF_Eigen_Light_1)
                             +/-  0.001982 (FT_EFF_Eigen_Light_2)
                             +/-  0.001127 (FT_EFF_Eigen_Light_3)
                             +/-  0.010123 (FT_EFF_extrapolation)
                             +/- -0.013075 (FT_EFF_extrapolation_from_charm)
                             +/-  0.023451 (JET_EffectiveNP_Detector1)
                             +/-  0.002919 (JET_EffectiveNP_Detector2)
                             +/-  0.029811 (JET_EffectiveNP_Mixed1)
                             +/-  0.050809 (JET_EffectiveNP_Mixed2)
                             +/-  0.007016 (JET_EffectiveNP_Mixed3)
                             +/-  0.247498 (JET_EffectiveNP_Modelling1)
                             +/- -0.017737 (JET_EffectiveNP_Modelling2)
                             +/- -0.007281 (JET_EffectiveNP_Modelling3)
                             +/-  0.004555 (JET_EffectiveNP_Modelling4)
                             +/-  0.002204 (JET_EffectiveNP_Statistical1)
                             +/-  0.015640 (JET_EffectiveNP_Statistical2)
                             +/- -0.000343 (JET_EffectiveNP_Statistical3)
                             +/-  0.000810 (JET_EffectiveNP_Statistical4)
                             +/-  0.002161 (JET_EffectiveNP_Statistical5)
                             +/-  0.004853 (JET_EffectiveNP_Statistical6)
                             +/-  0.124958 (JET_EtaIntercalibration_Modelling)
                             +/-  0.088793 (JET_EtaIntercalibration_NonClosure_2018data)
                             +/- -0.000029 (JET_EtaIntercalibration_NonClosure_highE)
                             +/-  0.001248 (JET_EtaIntercalibration_NonClosure_negEta)
                             +/-  0.000642 (JET_EtaIntercalibration_NonClosure_posEta)
                             +/-  0.028558 (JET_EtaIntercalibration_TotalStat)
                             +/- -0.000042 (JET_Flavor_Composition_prop)
                             +/-  0.000413 (JET_Flavor_Response_prop)
                             +/- -0.027694 (JET_JER_DataVsMC_MC16_PseudoData)
                             +/- -0.023446 (JET_JER_EffectiveNP_10_PseudoData)
                             +/- -0.011234 (JET_JER_EffectiveNP_11_PseudoData)
                             +/- -0.014403 (JET_JER_EffectiveNP_12restTerm_PseudoData)
                             +/- -0.079739 (JET_JER_EffectiveNP_1_PseudoData)
                             +/- -0.130425 (JET_JER_EffectiveNP_2_PseudoData)
                             +/- -0.067899 (JET_JER_EffectiveNP_3_PseudoData)
                             +/- -0.012411 (JET_JER_EffectiveNP_4_PseudoData)
                             +/- -0.010391 (JET_JER_EffectiveNP_5_PseudoData)
                             +/- -0.028822 (JET_JER_EffectiveNP_6_PseudoData)
                             +/- -0.011450 (JET_JER_EffectiveNP_7_PseudoData)
                             +/- -0.001526 (JET_JER_EffectiveNP_8_PseudoData)
                             +/- -0.020901 (JET_JER_EffectiveNP_9_PseudoData)
                             +/- -0.055440 (JET_JvtEfficiency)
                             +/-  0.043813 (JET_Pileup_OffsetMu)
                             +/-  0.098714 (JET_Pileup_OffsetNPV)
                             +/-  0.030567 (JET_Pileup_PtTerm)
                             +/-  0.204345 (JET_Pileup_RhoTopology)
                             +/-  0.000010 (JET_PunchThrough_MC16)
                             +/- -0.087444 (LUMINOSITY)
                             +/- -0.001132 (MET_SoftTrk_ResoPara)
                             +/-  0.001460 (MET_SoftTrk_ResoPerp)
                             +/- -0.004263 (MET_SoftTrk_Scale)
                             +/- -0.000000 (MUON_EFF_BADMUON_SYS)
                             +/-  0.003375 (MUON_EFF_ISO_STAT)
                             +/- -0.023429 (MUON_EFF_ISO_SYS)
                             +/- -0.002450 (MUON_EFF_RECO_STAT)
                             +/- -0.001114 (MUON_EFF_RECO_SYS)
                             +/- -0.000161 (MUON_EFF_TTVA_STAT)
                             +/- -0.000199 (MUON_EFF_TTVA_SYS)
                             +/- -0.014603 (MUON_EFF_TrigStatUncertainty)
                             +/- -0.030928 (MUON_EFF_TrigSystUncertainty)
                             +/- -0.000448 (MUON_SAGITTA_DATASTAT)
                             +/- -0.000291 (MUON_SAGITTA_RESBIAS)
                             +/- -0.077179 (PRW_DATASF)
                             +/- -0.040658 (THEORY_CROSS_SECTION_Wjets)
                             +/- -0.055055 (THEORY_CROSS_SECTION_other_top_noWt)
                             +/- -0.006459 (THEORY_CROSS_SECTION_signal)
                             +/-  0.004710 (THEORY_DR_DS_signal)
                             +/-  0.000191 (THEORY_EWK_Wjets)
                             +/- -0.000075 (THEORY_EWK_multiboson_noW)
                             +/-  0.026308 (THEORY_FSR_signal)
                             +/- -0.055667 (THEORY_HDAMP_signal)
                             +/- -0.044358 (THEORY_ISR_signal)
                             +/- -0.005219 (THEORY_PDF4LHC_VARIATION_Wjets)
                             +/- -0.004110 (THEORY_PDF4LHC_VARIATION_multiboson_noW)
                             +/-  0.003589 (THEORY_PDF4LHC_VARIATION_signal)
                             +/-  0.019343 (THEORY_PTHARD_signal)
                             +/- -0.051839 (THEORY_SCALE_COMBINED_Wjets)
                             +/- -0.025091 (THEORY_SCALE_COMBINED_multiboson_noW)
                             +/- -0.000850 (THEORY_SCALE_FACTORISATION_signal)
                             +/- -0.018294 (THEORY_SCALE_RENORMALISATION_signal)
                             +/- -0.135740 (THEORY_SHOWERING_HERWIG7_signal)
                             +/- -0.077524 (THEORY_TOPRECOIL_signal)
                             +/-  0.000852 (THEORY_TOP_MASS_signal)
                             +/- -0.000817 (WMASS_VAR_signal)

                             +/- -0.104535 (FULL_SYS_SUM)
                             +/- -0.056901 (FULL_SYS_SUM_DETECTOR)
                             +/- -0.201114 (FULL_SYS_SUM_THEORY)
                             +/- -0.104535 (FULL_SYS_TOYS)
                             +/- -0.102007 (TOTAL)
                             +/- -0.106648 (TOTAL_NO_DR_DS)
                             +/- -0.104533 (TOTAL_SYSONLY)
                             +/-  0.056603 (statY)

  Nuisance parameters                 -0.015  +/-  1.000  (EG_RESOLUTION_ALL)
                                      -0.021  +/-  0.997  (EG_SCALE_ALL)
                                       0.003  +/-  0.999  (EL_EFF_ID_TOTAL_1NPCOR_PLUS_UNCOR)
                                       0.012  +/-  0.996  (EL_EFF_Iso_TOTAL_1NPCOR_PLUS_UNCOR)
                                       0.005  +/-  1.000  (EL_EFF_Reco_TOTAL_1NPCOR_PLUS_UNCOR)
                                       0.000  +/-  1.000  (EL_EFF_TriggerEff_TOTAL_1NPCOR_PLUS_UNCOR)
                                       0.000  +/-  1.000  (EL_EFF_Trigger_TOTAL_1NPCOR_PLUS_UNCOR)
                                       0.000  +/-  1.000  (MUON_SAGITTA_DATASTAT)
                                       0.002  +/-  1.000  (MUON_SAGITTA_RESBIAS)
                                      -0.000  +/-  1.000  (MUON_EFF_BADMUON_SYS)
                                      -0.001  +/-  1.000  (MUON_EFF_ISO_STAT)
                                       0.000  +/-  0.999  (MUON_EFF_ISO_SYS)
                                       0.000  +/-  1.000  (MUON_EFF_RECO_STAT)
                                       0.002  +/-  1.000  (MUON_EFF_RECO_SYS)
                                      -0.000  +/-  1.000  (MUON_EFF_TTVA_STAT)
                                      -0.000  +/-  1.000  (MUON_EFF_TTVA_SYS)
                                       0.002  +/-  1.000  (MUON_EFF_TrigStatUncertainty)
                                       0.004  +/-  0.999  (MUON_EFF_TrigSystUncertainty)
                                       0.004  +/-  1.000  (JET_EffectiveNP_Detector1)
                                      -0.000  +/-  1.000  (JET_EffectiveNP_Detector2)
                                      -0.001  +/-  0.997  (JET_EffectiveNP_Mixed1)
                                      -0.002  +/-  0.998  (JET_EffectiveNP_Mixed2)
                                      -0.007  +/-  1.000  (JET_EffectiveNP_Mixed3)
                                       0.035  +/-  0.937  (JET_EffectiveNP_Modelling1)
                                      -0.017  +/-  1.000  (JET_EffectiveNP_Modelling2)
                                      -0.014  +/-  1.000  (JET_EffectiveNP_Modelling3)
                                      -0.004  +/-  1.000  (JET_EffectiveNP_Modelling4)
                                      -0.003  +/-  1.000  (JET_EffectiveNP_Statistical1)
                                      -0.007  +/-  0.999  (JET_EffectiveNP_Statistical2)
                                      -0.007  +/-  1.000  (JET_EffectiveNP_Statistical3)
                                      -0.008  +/-  1.000  (JET_EffectiveNP_Statistical4)
                                      -0.007  +/-  1.000  (JET_EffectiveNP_Statistical5)
                                      -0.001  +/-  1.000  (JET_EffectiveNP_Statistical6)
                                       0.048  +/-  0.972  (JET_EtaIntercalibration_Modelling)
                                      -0.006  +/-  0.997  (JET_EtaIntercalibration_NonClosure_2018data)
                                       0.000  +/-  1.000  (JET_EtaIntercalibration_NonClosure_highE)
                                       0.003  +/-  1.000  (JET_EtaIntercalibration_NonClosure_negEta)
                                       0.002  +/-  1.000  (JET_EtaIntercalibration_NonClosure_posEta)
                                      -0.004  +/-  0.998  (JET_EtaIntercalibration_TotalStat)
                                       0.000  +/-  1.000  (JET_Flavor_Composition_prop)
                                       0.001  +/-  1.000  (JET_Flavor_Response_prop)
                                       0.005  +/-  0.995  (JET_Pileup_OffsetMu)
                                       0.037  +/-  0.960  (JET_Pileup_OffsetNPV)
                                      -0.010  +/-  0.995  (JET_Pileup_PtTerm)
                                       0.046  +/-  0.756  (JET_Pileup_RhoTopology)
                                       0.000  +/-  1.000  (JET_PunchThrough_MC16)
                                      -0.085  +/-  0.984  (JET_JER_DataVsMC_MC16_PseudoData)
                                      -0.175  +/-  0.955  (JET_JER_EffectiveNP_1_PseudoData)
                                      -0.256  +/-  0.879  (JET_JER_EffectiveNP_2_PseudoData)
                                      -0.109  +/-  0.971  (JET_JER_EffectiveNP_3_PseudoData)
                                      -0.124  +/-  0.988  (JET_JER_EffectiveNP_4_PseudoData)
                                      -0.073  +/-  0.990  (JET_JER_EffectiveNP_5_PseudoData)
                                      -0.130  +/-  0.984  (JET_JER_EffectiveNP_6_PseudoData)
                                      -0.029  +/-  0.997  (JET_JER_EffectiveNP_7_PseudoData)
                                      -0.026  +/-  0.997  (JET_JER_EffectiveNP_8_PseudoData)
                                      -0.093  +/-  0.991  (JET_JER_EffectiveNP_9_PseudoData)
                                      -0.012  +/-  0.998  (JET_JER_EffectiveNP_10_PseudoData)
                                      -0.042  +/-  0.997  (JET_JER_EffectiveNP_11_PseudoData)
                                      -0.067  +/-  0.994  (JET_JER_EffectiveNP_12restTerm_PseudoData)
                                      -0.011  +/-  0.995  (JET_JvtEfficiency)
                                      -0.010  +/-  0.984  (PRW_DATASF)
                                       0.021  +/-  0.999  (MET_SoftTrk_ResoPara)
                                       0.009  +/-  0.999  (MET_SoftTrk_ResoPerp)
                                       0.010  +/-  1.000  (MET_SoftTrk_Scale)
                                       0.003  +/-  1.000  (WMASS_VAR_signal)
                                      -0.072  +/-  0.800  (FT_EFF_Eigen_B_0)
                                       0.030  +/-  0.964  (FT_EFF_Eigen_B_1)
                                       0.002  +/-  0.990  (FT_EFF_Eigen_B_2)
                                      -0.006  +/-  0.999  (FT_EFF_Eigen_B_3)
                                      -0.001  +/-  1.000  (FT_EFF_Eigen_B_4)
                                       0.001  +/-  1.000  (FT_EFF_Eigen_B_5)
                                       0.000  +/-  1.000  (FT_EFF_Eigen_B_6)
                                       0.000  +/-  1.000  (FT_EFF_Eigen_B_7)
                                       0.000  +/-  1.000  (FT_EFF_Eigen_B_8)
                                       0.031  +/-  0.972  (FT_EFF_Eigen_C_0)
                                       0.006  +/-  0.998  (FT_EFF_Eigen_C_1)
                                       0.010  +/-  1.000  (FT_EFF_Eigen_C_2)
                                       0.001  +/-  1.000  (FT_EFF_Eigen_C_3)
                                       0.063  +/-  0.980  (FT_EFF_Eigen_Light_0)
                                       0.011  +/-  0.998  (FT_EFF_Eigen_Light_1)
                                       0.010  +/-  0.999  (FT_EFF_Eigen_Light_2)
                                       0.004  +/-  1.000  (FT_EFF_Eigen_Light_3)
                                       0.061  +/-  0.984  (FT_EFF_extrapolation)
                                       0.009  +/-  0.999  (FT_EFF_extrapolation_from_charm)
                                      -0.007  +/-  0.998  (THEORY_CROSS_SECTION_signal)
                                       0.192  +/-  0.508  (THEORY_SHOWERING_HERWIG7_signal)
                                       0.027  +/-  0.996  (THEORY_SCALE_FACTORISATION_signal)
                                      -0.032  +/-  0.978  (THEORY_SCALE_RENORMALISATION_signal)
                                      -0.138  +/-  0.852  (THEORY_ISR_signal)
                                       0.125  +/-  0.853  (THEORY_FSR_signal)
                                      -0.073  +/-  0.884  (THEORY_HDAMP_signal)
                                      -0.165  +/-  0.954  (THEORY_PTHARD_signal)
                                       0.008  +/-  0.938  (THEORY_TOPRECOIL_signal)
                                      -0.047  +/-  0.922  (THEORY_TOP_MASS_signal)
                                      -0.009  +/-  0.999  (THEORY_PDF4LHC_VARIATION_signal)
                                       0.018  +/-  0.722  (THEORY_DR_DS_signal)
                                       0.052  +/-  0.975  (THEORY_CROSS_SECTION_Wjets)
                                       0.069  +/-  0.924  (THEORY_SCALE_COMBINED_Wjets)
                                       0.023  +/-  0.998  (THEORY_PDF4LHC_VARIATION_Wjets)
                                       0.003  +/-  1.000  (THEORY_EWK_Wjets)
                                       0.028  +/-  0.992  (THEORY_SCALE_COMBINED_multiboson_noW)
                                       0.006  +/-  1.000  (THEORY_PDF4LHC_VARIATION_multiboson_noW)
                                      -0.000  +/-  1.000  (THEORY_EWK_multiboson_noW)
                                       0.046  +/-  0.974  (THEORY_CROSS_SECTION_other_top_noWt)
                                       0.012  +/-  0.988  (FAKES_Electron)
                                       0.003  +/-  1.000  (FAKES_Muon)
                                       0.017  +/-  0.986  (LUMINOSITY)

  Correlation matrix 
        1   0.00146   -0.0542   0.00304    0.0742    0.0269  1.79e-14  1.79e-14  0.000652  0.000424  6.12e-15  -0.00491    0.0341   0.00356   0.00162  0.000235   0.00029    0.0213    0.0451   -0.0341  -0.00425   -0.0435   -0.0741   -0.0102    -0.384    0.0258    0.0106  -0.00663  -0.00321   -0.0228  0.000499  -0.00118  -0.00315  -0.00706    -0.187     -0.13  4.18e-05  -0.00182 -0.000934   -0.0416  6.18e-05 -0.000602   -0.0641     -0.15   -0.0447    -0.393 -1.41e-05    0.0409     0.121     0.216     0.102    0.0183    0.0153    0.0426    0.0167   0.00223    0.0307    0.0342    0.0164    0.0211    0.0811     0.114   0.00165  -0.00213   0.00621   0.00119     0.615     0.103    0.0842    0.0166  -0.00302  0.000365 -1.31e-05  6.93e-06 -5.09e-07       0.1    0.0152   0.00794  0.000526    0.0474 -0.000561  -0.00289  -0.00164    -0.015    0.0191   0.00941     0.389   0.00124    0.0272    0.0757   -0.0449    0.0916   -0.0295      0.12  -0.00134  -0.00523  -0.00949    0.0607    0.0816   0.00761 -0.000278    0.0368   0.00598  0.000109    0.0823    0.0265    0.0111     0.129
  0.00146         1  3.13e-05  0.000299  0.000861  0.000307  1.27e-16  1.27e-16 -3.58e-05 -6.56e-05 -2.39e-17  0.000107  0.000237  3.51e-05  0.000185  2.34e-05  2.97e-05  0.000216  0.000451   2.9e-05 -2.69e-05 -0.000552  -0.00037 -0.000165 -3.49e-05  -0.00032 -0.000424 -0.000169 -0.000144 -0.000214  -0.00013 -0.000183 -0.000272 -9.42e-05   0.00045 -0.000643 -1.13e-07  5.06e-05   4.4e-05 -0.000227  2.52e-06 -6.04e-05 -0.000538 -0.000802  -0.00147  0.000881  5.44e-06  -0.00332  -0.00404  -0.00788   -0.0034  -0.00263  0.000153   -0.0013 -0.000706  -0.00114 -0.000863 -0.000335 -0.000999 -0.000741  0.000475  -0.00278  0.000424   0.00022  5.76e-05  2.35e-06   0.00472   0.00293   0.00149 -0.000273  3.41e-05     4e-06  1.05e-06  8.29e-08  2.27e-09  -0.00148 -3.16e-05  3.07e-05 -5.96e-06 -0.000949 -3.33e-05 -2.98e-05  9.91e-06   0.00023 -0.000258 -0.000572   -0.0132   4.5e-05  -0.00367  -0.00711   0.00151  -0.00266  -0.00445   0.00287   -0.0037 -0.000307  -0.00314  -0.00114  -0.00227 -0.000131  2.01e-05  -0.00073 -0.000123 -1.08e-05  -0.00078  -0.00114 -0.000262   0.00126
  -0.0542  3.13e-05         1  -0.00136  -0.00308  -0.00106 -4.29e-16 -4.29e-16  6.23e-05  0.000192 -1.28e-15 -0.000579 -0.000878  -0.00013 -0.000904 -0.000113 -0.000131 -0.000741  -0.00153 -0.000611 -7.95e-05  -0.00339  -0.00261 -0.000951   -0.0148  -0.00108  -0.00129   -0.0005 -0.000471  -0.00148 -0.000589 -0.000597 -0.000588 -0.000322  -0.00349  -0.00207 -3.61e-09  0.000343  7.37e-05  -0.00137  2.19e-05 -0.000281  -0.00245  -0.00622  -0.00287   -0.0311 -6.23e-05  -0.00417   -0.0129   -0.0153   -0.0074  -0.00333  -0.00625   -0.0088  -0.00341   -0.0015   -0.0075  -0.00185 -0.000683  -0.00595  -0.00333   0.00245  0.000667 -0.000127  -0.00034 -8.28e-05   -0.0323  -0.00971  -0.00553  0.000926 -0.000354  2.22e-05 -4.03e-06 -5.45e-07 -5.33e-08   0.00819 -0.000121  0.000287 -9.04e-05   0.00509  -0.00129  -0.00106 -0.000307  -0.00258   0.00223  0.000651   0.00862   0.00386   0.00215    0.0142   -0.0119   0.00773  -0.00982  -0.00414   0.00761   0.00119  -0.00774   0.00611   0.00452  0.000937  -8.6e-05   0.00322  0.000574 -3.13e-06   0.00645   0.00121   0.00103  -0.00451
  0.00304  0.000299  -0.00136         1  -0.00349  -0.00103 -2.36e-16 -2.36e-16 -2.06e-05 -0.000323 -2.82e-16  -0.00077  -0.00141 -0.000169  -0.00116 -0.000154 -0.000193 -0.000979  -0.00207 -0.000385 -4.19e-05  -0.00147 -0.000613 -5.94e-05  -0.00712 -0.000356 -1.81e-05 -6.14e-05 -0.000222 -0.000424 -0.000265 -8.04e-05  0.000169 -3.34e-05  -0.00661  -0.00132  2.83e-08 -0.000119 -8.94e-05  -0.00105 -6.48e-06 -0.000301  -0.00154  -0.00322  0.000538   -0.0167 -5.33e-05   0.00148  3.92e-05   0.00335  0.000765 -0.000718  -0.00286  -0.00267 -0.000781 -0.000273  -0.00211 -0.000366 -0.000607  -0.00213  -0.00287   0.00379  -0.00139 -0.000967 -0.000834 -0.000257   -0.0204   -0.0115  -0.00396 -8.09e-05 -0.000158 -1.59e-05 -4.59e-06 -4.36e-07 -4.42e-08  0.000231  -0.00184 -0.000117 -8.36e-05  -0.00308  -0.00121 -0.000837 -0.000304  -0.00309 -8.74e-05 -0.000875    0.0274  -0.00148   0.00194  -0.00106  -0.00764  -0.00544  -0.00264   -0.0087  -0.00661 -0.000326   -0.0236  -0.00342  -0.00738  -0.00117  -0.00013  -0.00195 -0.000388 -1.61e-06  -0.00371  -0.00311   0.00012  -0.00674
   0.0742  0.000861  -0.00308  -0.00349         1  -0.00251 -6.51e-16 -6.51e-16  2.78e-05 -0.000449 -6.38e-16  -0.00143  -0.00306 -0.000381  -0.00222 -0.000315 -0.000395  -0.00222  -0.00471  -0.00117 -4.58e-05  -0.00177  -0.00144  -0.00034   -0.0218   -0.0003  1.77e-05  7.07e-06 -0.000142  -0.00146 -0.000253 -0.000116  0.000271 -7.94e-05   -0.0172  -0.00316  1.75e-07 -0.000234   -0.0002  -0.00347 -9.55e-06 -0.000251  -0.00477   -0.0128  0.000415    -0.054 -7.08e-05   0.00493   0.00142   0.00767   0.00323  0.000395  -0.00559  -0.00502 -0.000597  0.000933  -0.00335 -0.000684  -0.00119  -0.00336  -0.00716   0.00716  -0.00262  -0.00193  -0.00157 -0.000324   -0.0503   -0.0233   -0.0107  1.61e-05 -0.000301 -2.05e-05 -6.26e-06 -3.77e-07 -3.59e-08 -0.000298  -0.00242 -0.000184 -6.75e-05  -0.00292  -0.00102 -0.000574 -0.000236  -0.00242 -0.000277 -0.000483    0.0369   -0.0019   0.00705 -0.000785  -0.00735   -0.0115 -0.000319   -0.0192  -0.00932 -0.000186   -0.0217   -0.0038  -0.00616  -0.00114 -0.000142  -0.00218 -0.000427  7.82e-06  -0.00642  -0.00288  0.000369   -0.0147
   0.0269  0.000307  -0.00106  -0.00103  -0.00251         1 -2.73e-16 -2.73e-16  2.06e-05 -0.000126 -2.36e-16  -0.00043 -0.000813 -0.000115 -0.000665 -9.92e-05 -0.000124  -0.00067  -0.00142 -0.000404   2.1e-07 -0.000424 -0.000474 -0.000181   -0.0081 -1.57e-05  3.92e-05  1.21e-05  -2.9e-05 -0.000458  -6.2e-05  1.39e-06  6.21e-05 -2.44e-05  -0.00563 -0.000975 -1.22e-07  -4.6e-05 -5.43e-05  -0.00113  -1.9e-06 -5.91e-05  -0.00175  -0.00521 -2.91e-05   -0.0193 -1.86e-05   0.00145  0.000206   0.00179  0.000843  0.000736   -0.0015  -0.00137 -0.000215  0.000444 -0.000873 -0.000392 -0.000411   -0.0011  -0.00206   0.00217 -0.000802  -0.00058 -0.000584 -9.53e-05   -0.0141  -0.00727  -0.00337  0.000226 -8.82e-05 -6.54e-06  -1.8e-06 -9.35e-08 -4.06e-09 -0.000813 -0.000599 -8.17e-05 -9.45e-06 -0.000846 -0.000178 -9.77e-05 -4.33e-05 -0.000495 -0.000127 -4.03e-05    0.0127 -0.000177   0.00229  0.000511     0.001  -0.00353  0.000188   -0.0045  -0.00241  0.000185  -0.00404  -0.00115  -0.00149 -0.000294 -3.67e-05 -0.000672 -0.000122  1.05e-06   -0.0022 -0.000686   0.00015  -0.00455
 1.79e-14  1.27e-16 -4.29e-16 -2.36e-16 -6.51e-16 -2.73e-16         1 -7.78e-28  2.33e-17 -1.69e-16 -5.87e-28 -6.61e-17 -8.06e-18 -1.69e-17 -1.32e-16  -1.5e-17 -1.49e-17 -1.06e-16 -2.08e-16 -2.12e-16  2.89e-17  -2.4e-16 -7.82e-16 -1.32e-16 -2.89e-15  4.65e-17  2.99e-16 -1.54e-17 -4.65e-17  8.35e-17 -1.79e-16  4.89e-18 -3.99e-17 -1.15e-17  -3.4e-16 -3.62e-16 -4.62e-21  5.91e-17 -2.62e-17  3.04e-16  4.37e-18  -7.6e-17 -1.19e-16 -7.29e-16  3.17e-16    -1e-15 -2.88e-17   1.9e-15     4e-15  8.58e-15  3.84e-15  1.12e-15  1.21e-15  1.56e-15  1.01e-15  1.19e-15  9.19e-16  9.42e-16  3.81e-16 -9.18e-16   4.3e-16  2.76e-15 -1.95e-17 -6.04e-17 -2.43e-16 -4.13e-17  2.08e-15 -2.87e-15 -7.21e-17  6.12e-16 -6.09e-18  6.74e-18 -1.49e-18 -2.32e-19 -5.55e-22  7.64e-16 -5.37e-16  2.13e-16 -1.06e-17 -3.89e-16 -1.31e-16   2.1e-18 -6.02e-18  1.02e-16 -7.47e-17  4.16e-17 -8.42e-15  6.25e-16  3.03e-15    -5e-15  3.66e-15 -8.15e-15 -4.08e-15  1.92e-15  2.59e-15  5.46e-16 -3.88e-15 -6.44e-16 -1.09e-15 -2.53e-17 -3.72e-17 -5.78e-16  -9.4e-17  -3.2e-19  -8.8e-16 -7.28e-16  7.18e-17 -8.91e-16
 1.79e-14  1.27e-16 -4.29e-16 -2.36e-16 -6.51e-16 -2.73e-16 -7.78e-28         1  2.33e-17 -1.69e-16 -5.87e-28 -6.61e-17 -8.06e-18 -1.69e-17 -1.32e-16  -1.5e-17 -1.49e-17 -1.06e-16 -2.08e-16 -2.12e-16  2.89e-17  -2.4e-16 -7.82e-16 -1.32e-16 -2.89e-15  4.65e-17  2.99e-16 -1.54e-17 -4.65e-17  8.35e-17 -1.79e-16  4.89e-18 -3.99e-17 -1.15e-17  -3.4e-16 -3.62e-16 -4.62e-21  5.91e-17 -2.62e-17  3.04e-16  4.37e-18  -7.6e-17 -1.19e-16 -7.29e-16  3.17e-16    -1e-15 -2.88e-17   1.9e-15     4e-15  8.58e-15  3.84e-15  1.12e-15  1.21e-15  1.56e-15  1.01e-15  1.19e-15  9.19e-16  9.42e-16  3.81e-16 -9.18e-16   4.3e-16  2.76e-15 -1.95e-17 -6.04e-17 -2.43e-16 -4.13e-17  2.08e-15 -2.87e-15 -7.21e-17  6.12e-16 -6.09e-18  6.74e-18 -1.49e-18 -2.32e-19 -5.55e-22  7.64e-16 -5.37e-16  2.13e-16 -1.06e-17 -3.89e-16 -1.31e-16   2.1e-18 -6.02e-18  1.02e-16 -7.47e-17  4.16e-17 -8.42e-15  6.25e-16  3.03e-15    -5e-15  3.66e-15 -8.15e-15 -4.08e-15  1.92e-15  2.59e-15  5.46e-16 -3.88e-15 -6.44e-16 -1.09e-15 -2.53e-17 -3.72e-17 -5.78e-16  -9.4e-17  -3.2e-19  -8.8e-16 -7.28e-16  7.18e-17 -8.91e-16
 0.000652 -3.58e-05  6.23e-05 -2.06e-05  2.78e-05  2.06e-05  2.33e-17  2.33e-17         1 -4.52e-05  1.09e-17 -2.97e-06 -4.65e-06  1.32e-06 -9.87e-06  1.26e-06  1.55e-06  8.63e-06  1.72e-05 -1.27e-05    -6e-06 -0.000178 -6.96e-05   1.3e-06   5.9e-06 -2.78e-05 -2.88e-05 -2.27e-05 -3.46e-05   3.2e-06 -2.44e-05 -1.22e-05 -7.14e-06 -2.31e-05 -6.69e-05 -0.000125 -1.11e-07 -6.48e-06 -3.23e-06  -3.4e-05 -5.62e-07 -3.16e-05 -1.34e-05  0.000101 -8.91e-05  0.000299 -3.57e-07 -0.000239  -7.2e-05 -0.000183 -0.000155 -0.000181  5.77e-05  2.18e-05  2.72e-05 -4.21e-05  7.95e-05 -1.07e-06 -2.86e-05  6.68e-05  2.87e-05 -0.000191 -4.06e-06  3.65e-05 -8.72e-06 -2.16e-05   0.00022  5.96e-05  0.000102 -4.12e-05 -1.73e-06 -2.04e-06 -3.09e-07 -6.18e-08 -5.33e-09  8.74e-06 -6.67e-05 -1.86e-05 -7.81e-06  -0.00034 -0.000122 -0.000109 -3.53e-05  -0.00045 -9.55e-06 -0.000103  -0.00199 -0.000113 -0.000406  0.000137 -0.000424  0.000359 -0.000342  0.000224 -0.000214  -2.9e-05   -0.0024 -0.000265 -0.000574 -0.000159 -6.76e-06 -0.000177 -4.43e-05 -1.34e-06 -0.000114 -0.000215 -2.24e-05  2.76e-05
 0.000424 -6.56e-05  0.000192 -0.000323 -0.000449 -0.000126 -1.69e-16 -1.69e-16 -4.52e-05         1 -5.37e-17 -0.000122 -0.000132  -1.8e-05 -0.000197 -1.98e-05 -2.47e-05 -0.000102 -0.000214 -1.46e-05  3.13e-05 -0.000528 -0.000106  6.92e-05 -0.000524 -9.21e-05  0.000145  1.66e-05 -5.04e-05   7.3e-05 -6.45e-05  3.09e-05  1.94e-05 -4.02e-06  -0.00123 -0.000403 -3.64e-07  5.48e-06 -2.48e-05 -0.000139  2.21e-07 -0.000134 -0.000269 -0.000391  5.69e-05  0.000428  7.44e-07  0.000237  0.000955   0.00188  0.000429 -0.000476  0.000234  0.000406  0.000338  5.43e-05  0.000579  0.000304 -0.000476 -0.000475 -1.48e-05   0.00042  -0.00025 -0.000207 -0.000246 -0.000137  0.000842  -0.00162 -0.000226 -9.34e-05  -1.9e-05 -1.26e-05 -2.24e-06 -2.87e-07 -1.85e-08 -0.000871 -0.000529 -7.58e-05 -2.44e-05  -0.00211 -0.000459 -0.000393 -0.000148  -0.00202 -0.000275 -0.000293  -0.00196 -0.000683 -0.000364  -0.00496 -0.000229  -0.00514   -0.0026 -0.000774  -0.00351 -9.02e-05  -0.00791  -0.00199  -0.00289 -0.000808  -7.5e-05  -0.00134 -0.000291 -5.67e-06  -0.00191   -0.0015  -7.8e-05 -0.000917
 6.12e-15 -2.39e-17 -1.28e-15 -2.82e-16 -6.38e-16 -2.36e-16 -5.87e-28 -5.87e-28  1.09e-17 -5.37e-17         1    -1e-16 -8.78e-17 -1.96e-17 -1.67e-16 -1.79e-17 -1.65e-17 -1.18e-16 -2.29e-16 -2.34e-16 -7.81e-18 -8.42e-16 -1.12e-15 -3.09e-16 -3.53e-15 -2.86e-16 -1.42e-16 -1.64e-16 -1.79e-16 -1.86e-16 -3.17e-16  -1.8e-16 -1.82e-16 -1.06e-16  3.49e-16 -6.56e-16  8.74e-20  1.18e-16  8.79e-18  8.81e-17  7.89e-18 -1.01e-16 -1.21e-16 -2.15e-16  -2.4e-16  -3.2e-15 -3.26e-17 -7.23e-17 -3.04e-16  2.07e-15  9.91e-16 -7.28e-16 -6.01e-16 -1.19e-15  1.48e-16  5.95e-16 -1.16e-15  3.84e-16     1e-16 -1.85e-15 -1.37e-16  2.37e-15  3.98e-16  2.06e-16 -3.52e-17 -1.26e-17 -3.99e-15 -2.84e-15 -6.36e-16   5.7e-16 -6.74e-17  1.69e-17 -9.98e-19 -1.85e-19 -7.83e-21  3.05e-15 -2.97e-16  3.21e-16 -2.34e-17  1.45e-15 -2.89e-16 -1.56e-16 -3.44e-17 -2.21e-17   5.4e-16  6.89e-17 -4.93e-15  1.43e-15  2.29e-15 -1.63e-16  1.46e-15 -2.97e-15 -5.85e-15  1.64e-15  4.68e-15  5.66e-16 -5.93e-15  1.49e-15  1.05e-15  3.48e-16 -6.21e-18  6.26e-16  1.11e-16 -3.53e-19  1.61e-15   8.3e-17  2.76e-16 -7.35e-16
 -0.00491  0.000107 -0.000579  -0.00077  -0.00143  -0.00043 -6.61e-17 -6.61e-17 -2.97e-06 -0.000122    -1e-16         1 -0.000557 -6.94e-05 -0.000485 -6.75e-05 -8.46e-05 -0.000401 -0.000849  -0.00012 -1.02e-05 -0.000499 -0.000124 -2.75e-05  -0.00266  -0.00017    -1e-05 -1.41e-05 -8.34e-05 -0.000158 -0.000105 -2.62e-05  7.25e-05  4.67e-06  -0.00263 -0.000445  4.94e-08 -4.11e-05  -2.9e-05 -0.000419  -2.4e-06 -0.000115 -0.000618  -0.00132  0.000294  -0.00665 -1.97e-05  0.000414 -0.000601  0.000294 -0.000137 -0.000479  -0.00143  -0.00147 -0.000485  -0.00023  -0.00114 -0.000277 -0.000422  -0.00108  -0.00119   0.00157  -0.00058  -0.00042 -0.000355 -0.000102  -0.00816  -0.00473  -0.00164 -3.01e-05 -6.53e-05 -5.89e-06 -1.64e-06 -1.18e-07 -1.46e-08 -0.000219 -0.000738 -4.78e-05 -2.97e-05  -0.00123 -0.000438 -0.000301  -0.00011  -0.00109 -5.29e-05  -0.00038    0.0162 -0.000572  0.000658 -0.000793  -0.00208  -0.00251  -0.00116  -0.00357   -0.0034 -0.000158  -0.00905  -0.00144    -0.003 -0.000443 -4.86e-05 -0.000805 -0.000155 -1.06e-06  -0.00165   -0.0013  6.05e-05  -0.00279
   0.0341  0.000237 -0.000878  -0.00141  -0.00306 -0.000813 -8.06e-18 -8.06e-18 -4.65e-06 -0.000132 -8.78e-17 -0.000557         1 -0.000168 -0.000881 -0.000119 -0.000151 -0.000987  -0.00209 -0.000409 -5.65e-05 -0.000646  -0.00044  4.54e-05  -0.00623 -0.000249  -0.00012  9.31e-06 -5.78e-06 -0.000745 -5.28e-05 -0.000156  0.000147 -2.77e-05  -0.00693  -0.00137  7.16e-07 -0.000183 -0.000104  -0.00162 -6.73e-06 -3.75e-05  -0.00156  -0.00304  0.000381   -0.0189 -2.53e-05   0.00244    0.0012   0.00397   0.00181  -0.00148  -0.00291  -0.00262 -1.03e-06  0.000115  -0.00169  0.000213 -0.000448 -0.000811  -0.00369    0.0024  -0.00101  -0.00082 -0.000271 -7.33e-05   -0.0267   -0.0086   -0.0046  -0.00072 -0.000119 -3.65e-06 -1.56e-06 -2.75e-09  -1.7e-08   0.00145  -0.00102  8.44e-06 -2.89e-05 -0.000484 -0.000335 -8.58e-05 -5.21e-05 -0.000324 -9.21e-05 -0.000236   0.00619  -0.00184   0.00287  -0.00313   -0.0106  -0.00482  0.000622   -0.0127   -0.0049 -0.000807  -0.00882 -0.000894  -0.00148 -0.000245 -3.37e-05 -0.000446 -0.000102  1.01e-05  -0.00182  -0.00089  1.58e-05  -0.00605
  0.00356  3.51e-05  -0.00013 -0.000169 -0.000381 -0.000115 -1.69e-17 -1.69e-17  1.32e-06  -1.8e-05 -1.96e-17 -6.94e-05 -0.000168         1 -0.000107 -1.54e-05 -1.94e-05 -0.000113 -0.000239 -5.29e-05 -3.57e-06  -6.9e-05 -5.36e-05 -9.24e-06 -0.000963 -1.95e-05 -5.38e-06  1.88e-06 -2.81e-06 -7.99e-05 -8.01e-06 -9.64e-06  1.46e-05 -2.25e-06 -0.000862 -0.000155  4.03e-08 -1.56e-05 -1.03e-05 -0.000186 -6.22e-07 -7.34e-06 -0.000229 -0.000574  2.56e-05  -0.00259    -3e-06  0.000245  5.46e-05  0.000315  0.000145 -6.05e-05 -0.000309 -0.000289 -3.06e-05  2.33e-05 -0.000189 -2.38e-05 -7.29e-05 -0.000144 -0.000389  0.000304 -0.000129 -9.98e-05 -6.32e-05 -1.22e-05  -0.00271  -0.00109 -0.000534 -3.36e-05 -1.38e-05 -7.74e-07 -2.23e-07 -3.96e-09  -1.3e-09 -6.97e-06 -0.000117 -6.79e-06  -2.6e-06  -0.00012 -3.49e-05 -1.24e-05 -6.52e-06 -5.36e-05 -2.19e-05 -2.81e-05   0.00166 -0.000143  0.000321 -0.000245 -0.000585 -0.000619  4.12e-05  -0.00116 -0.000596  -4.6e-05 -0.000923 -0.000177 -0.000265 -4.21e-05 -4.97e-06 -9.61e-05 -1.84e-05  6.43e-07 -0.000315 -0.000133  9.28e-06  -0.00073
  0.00162  0.000185 -0.000904  -0.00116  -0.00222 -0.000665 -1.32e-16 -1.32e-16 -9.87e-06 -0.000197 -1.67e-16 -0.000485 -0.000881 -0.000107         1 -9.78e-05 -0.000123  -0.00062  -0.00131 -0.000242 -2.29e-05 -0.000901 -0.000363 -4.87e-05  -0.00473 -0.000225 -2.72e-05 -3.41e-05 -0.000129 -0.000297 -0.000153 -4.94e-05  9.66e-05 -1.87e-05   -0.0043 -0.000833  6.41e-09 -6.79e-05  -5.3e-05 -0.000724 -3.65e-06 -0.000179  -0.00106  -0.00234  0.000261   -0.0114 -3.08e-05  0.000821 -0.000338   0.00141  0.000194  -0.00048   -0.0019  -0.00183 -0.000567  -0.00022  -0.00142 -0.000305 -0.000454  -0.00139  -0.00186   0.00224 -0.000864 -0.000621 -0.000531 -0.000158   -0.0132  -0.00717   -0.0026 -5.15e-05 -0.000101 -1.02e-05  -2.8e-06 -2.54e-07 -2.63e-08  1.61e-05  -0.00109 -8.43e-05  -4.9e-05  -0.00184 -0.000721 -0.000503 -0.000183  -0.00188 -5.15e-05 -0.000504    0.0177 -0.000874   0.00115 -0.000613  -0.00453  -0.00334  -0.00154  -0.00555  -0.00432 -0.000193   -0.0137  -0.00205  -0.00435 -0.000702 -8.03e-05  -0.00116 -0.000232 -1.15e-06   -0.0023  -0.00186  8.46e-05  -0.00427
 0.000235  2.34e-05 -0.000113 -0.000154 -0.000315 -9.92e-05  -1.5e-17  -1.5e-17  1.26e-06 -1.98e-05 -1.79e-17 -6.75e-05 -0.000119 -1.54e-05 -9.78e-05         1 -1.83e-05  -8.9e-05 -0.000189 -3.37e-05 -1.55e-06 -6.17e-05 -2.22e-05  -1.2e-05 -0.000735 -2.45e-05 -1.03e-06  1.26e-07 -1.05e-05 -4.65e-05  -1.5e-05 -3.71e-06  1.34e-05  1.65e-06 -0.000666 -0.000106  1.49e-08 -1.02e-05 -6.29e-06 -0.000123 -5.57e-07 -1.48e-05 -0.000182 -0.000466  4.06e-05   -0.0019 -3.27e-06  0.000106 -0.000115     1e-05 -1.16e-05 -6.56e-05 -0.000281   -0.0003 -8.84e-05 -2.64e-05 -0.000216 -6.77e-05 -0.000105 -0.000201 -0.000274  0.000284 -0.000125 -9.05e-05 -7.73e-05 -1.62e-05  -0.00178 -0.000975  -0.00038 -4.62e-06 -1.13e-05 -9.44e-07 -2.22e-07  -4.4e-09 -1.15e-09 -0.000167 -0.000131 -1.05e-05  -3.3e-06  -0.00023 -4.82e-05 -2.74e-05 -1.08e-05 -9.51e-05  -3.3e-05 -6.71e-05   0.00318  -0.00011  0.000159 -0.000302 -7.39e-05 -0.000641 -0.000124 -0.000735  -0.00076 -3.08e-05  -0.00131   -0.0003 -0.000523 -6.77e-05  -6.1e-06 -0.000164 -2.93e-05 -1.18e-07 -0.000404 -0.000228  7.22e-06 -0.000616
  0.00029  2.97e-05 -0.000131 -0.000193 -0.000395 -0.000124 -1.49e-17 -1.49e-17  1.55e-06 -2.47e-05 -1.65e-17 -8.46e-05 -0.000151 -1.94e-05 -0.000123 -1.83e-05         1 -0.000112 -0.000239  -4.2e-05  -2.1e-06 -7.06e-05 -2.08e-05 -1.29e-05 -0.000916 -2.78e-05  8.59e-08  1.38e-06 -1.18e-05 -5.82e-05 -1.64e-05 -3.26e-06  1.83e-05  2.81e-06 -0.000858 -0.000133  1.86e-08 -1.44e-05 -8.23e-06 -0.000158 -7.99e-07 -1.79e-05 -0.000235 -0.000601  5.08e-05  -0.00241 -3.94e-06  0.000138  -0.00013  1.42e-05  -1.3e-05 -7.33e-05 -0.000343 -0.000362 -0.000111 -3.73e-05 -0.000258 -8.74e-05 -0.000134 -0.000235 -0.000347  0.000337 -0.000164 -0.000117 -9.87e-05 -2.03e-05  -0.00221  -0.00121 -0.000474  -1.1e-05 -1.34e-05 -1.34e-06 -2.69e-07 -3.69e-09 -1.34e-09 -0.000248 -0.000166 -1.61e-05 -3.96e-06 -0.000313 -5.77e-05  -3.2e-05  -1.3e-05 -0.000114 -4.97e-05 -8.77e-05   0.00399 -0.000155  0.000181 -0.000411 -0.000101 -0.000812 -0.000106 -0.000943  -0.00101 -4.47e-05  -0.00161 -0.000405 -0.000688 -8.94e-05 -7.57e-06 -0.000219  -3.9e-05 -1.54e-07 -0.000539 -0.000296  5.13e-06 -0.000778
   0.0213  0.000216 -0.000741 -0.000979  -0.00222  -0.00067 -1.06e-16 -1.06e-16  8.63e-06 -0.000102 -1.18e-16 -0.000401 -0.000987 -0.000113  -0.00062  -8.9e-05 -0.000112         1   -0.0014 -0.000307 -1.91e-05  -0.00036 -0.000298 -4.73e-05  -0.00553 -0.000105  -1.6e-05  1.76e-05 -8.17e-06 -0.000458  -4.2e-05 -5.25e-05  9.23e-05 -9.85e-06  -0.00498 -0.000882  2.55e-07 -9.21e-05 -6.14e-05  -0.00108  -3.6e-06 -3.51e-05   -0.0013  -0.00325  0.000211   -0.0149  -1.7e-05   0.00155  0.000497   0.00216   0.00101 -0.000311   -0.0018  -0.00164 -0.000117    0.0002  -0.00106 -9.89e-05 -0.000397 -0.000806  -0.00227   0.00187 -0.000747 -0.000575 -0.000353  -6.7e-05   -0.0159  -0.00636  -0.00315 -0.000195 -8.01e-05 -4.04e-06 -1.25e-06 -1.36e-08  -6.7e-09     5e-05 -0.000661 -3.08e-05 -1.33e-05   -0.0006 -0.000178 -5.07e-05 -3.11e-05 -0.000242 -0.000119 -0.000133   0.00968 -0.000829   0.00203  -0.00136  -0.00331  -0.00362  0.000348  -0.00683  -0.00328 -0.000265  -0.00502  -0.00093  -0.00131 -0.000217 -2.66e-05 -0.000503 -9.71e-05  4.32e-06  -0.00176 -0.000685  6.18e-05  -0.00425
   0.0451  0.000451  -0.00153  -0.00207  -0.00471  -0.00142 -2.08e-16 -2.08e-16  1.72e-05 -0.000214 -2.29e-16 -0.000849  -0.00209 -0.000239  -0.00131 -0.000189 -0.000239   -0.0014         1 -0.000661 -4.31e-05 -0.000751 -0.000629 -0.000106   -0.0119 -0.000209  -4.1e-05  3.46e-05 -1.97e-05 -0.000978 -8.47e-05 -0.000109  0.000195  -2.4e-05   -0.0107   -0.0019  5.13e-07 -0.000202 -0.000131  -0.00231 -8.12e-06 -7.39e-05  -0.00282   -0.0071  0.000392   -0.0321 -3.57e-05   0.00322   0.00101   0.00437   0.00207 -0.000617  -0.00375  -0.00344 -0.000269  0.000397   -0.0022 -0.000252 -0.000861  -0.00164  -0.00482    0.0038  -0.00161  -0.00122 -0.000765 -0.000142   -0.0335   -0.0134  -0.00663  -0.00042 -0.000165 -9.11e-06 -2.57e-06 -1.99e-08 -1.34e-08  -0.00015  -0.00141    -8e-05 -2.76e-05  -0.00141 -0.000364 -9.77e-05 -6.19e-05 -0.000469 -0.000296  -0.00032    0.0203   -0.0018   0.00413  -0.00296  -0.00675  -0.00763  0.000892   -0.0143  -0.00719 -0.000572   -0.0107  -0.00214  -0.00302 -0.000485 -5.38e-05  -0.00115 -0.000219  8.71e-06  -0.00392  -0.00152  0.000109  -0.00902
  -0.0341   2.9e-05 -0.000611 -0.000385  -0.00117 -0.000404 -2.12e-16 -2.12e-16 -1.27e-05 -1.46e-05 -2.34e-16  -0.00012 -0.000409 -5.29e-05 -0.000242 -3.37e-05  -4.2e-05 -0.000307 -0.000661         1 -6.37e-05 -0.000716  -0.00109 -0.000291  -0.00752  2.19e-05 -0.000233 -0.000154  -0.00014 -0.000507 -0.000126 -0.000121 -0.000121 -0.000163   -0.0039  -0.00137 -2.96e-07 -5.93e-05 -3.93e-05 -0.000959 -2.92e-06 -5.76e-05  -0.00163  -0.00466  -0.00117   -0.0157 -2.22e-05 -0.000158  0.000459  0.000996  0.000717  0.000494  0.000352  4.72e-06  0.000108  0.000355  6.85e-05 -0.000166  0.000108  6.75e-05    -0.001 -0.000214  -0.00027 -3.48e-05 -0.000306 -1.95e-05  -0.00704  -0.00288  -0.00118  0.000174 -1.48e-05  6.83e-07 -4.11e-07 -1.16e-07 -3.06e-09 -0.000522 -0.000323 -2.15e-05 -1.45e-05 -0.000735 -0.000121 -3.36e-05   3.9e-06  0.000211 -0.000178 -0.000278   -0.0171  0.000117  0.000176    0.0006  0.000441 -0.000425 -0.000557  0.000284  0.000805  0.000203  -0.00502 -0.000975  -0.00194 -0.000145  1.65e-05 -0.000562 -8.83e-05 -2.53e-06  -0.00126 -0.000512 -8.69e-05  -0.00212
 -0.00425 -2.69e-05 -7.95e-05 -4.19e-05 -4.58e-05   2.1e-07  2.89e-17  2.89e-17    -6e-06  3.13e-05 -7.81e-18 -1.02e-05 -5.65e-05 -3.57e-06 -2.29e-05 -1.55e-06  -2.1e-06 -1.91e-05 -4.31e-05 -6.37e-05         1 -0.000217   -0.0002 -4.23e-05 -0.000678 -2.57e-05 -9.79e-05 -5.41e-05 -5.52e-05 -7.35e-05 -4.01e-05 -4.25e-05 -2.52e-05 -3.81e-05  -0.00029 -0.000211 -1.52e-08 -2.19e-05 -3.68e-06 -7.34e-05 -1.41e-06 -2.81e-05 -0.000155 -0.000278 -0.000256  -0.00132 -8.09e-06 -0.000352 -0.000215 -0.000332 -0.000162 -8.68e-05   6.3e-05 -6.86e-05 -0.000137 -0.000141 -0.000137 -8.67e-05  9.65e-05   8.7e-05 -8.99e-05 -0.000268 -3.87e-05  2.54e-05 -2.44e-05 -1.47e-06 -0.000777 -0.000151  0.000112 -1.84e-05  1.05e-06   4.5e-07 -4.33e-09 -3.23e-08 -4.02e-09  6.83e-05  -0.00012 -7.67e-06 -1.07e-05 -0.000238  -0.00011 -6.59e-05 -1.66e-05 -5.11e-05 -4.16e-06  -0.00017  -0.00302 -6.88e-05 -0.000425  0.000624  -0.00125   0.00093 -0.000122  0.000229  0.000135 -3.85e-05  -0.00264 -0.000283 -0.000988  -4.9e-05  3.41e-06 -0.000121  -1.6e-05 -8.87e-07 -0.000109  -0.00026  -4.4e-05 -0.000146
  -0.0435 -0.000552  -0.00339  -0.00147  -0.00177 -0.000424  -2.4e-16  -2.4e-16 -0.000178 -0.000528 -8.42e-16 -0.000499 -0.000646  -6.9e-05 -0.000901 -6.17e-05 -7.06e-05  -0.00036 -0.000751 -0.000716 -0.000217         1  -0.00374 -0.000697   -0.0121  -0.00119  -0.00143 -0.000837  -0.00103  -0.00105 -0.000898 -0.000658 -0.000639 -0.000604  -0.00388  -0.00372 -1.73e-06  0.000133  -5.8e-06 -0.000934  5.33e-06 -0.000922  -0.00257  -0.00422  -0.00467   -0.0171 -0.000103  -0.00722  -0.00908   -0.0107  -0.00724  -0.00394  -0.00146  -0.00368  -0.00294  -0.00291  -0.00372  -0.00126 -0.000209  -0.00363   -0.0011  -0.00187 -4.02e-05 -2.92e-05  -0.00089  -0.00049   -0.0138  -0.00699  -0.00059  0.000236 -0.000256 -2.72e-05 -1.04e-05 -1.87e-06 -1.55e-07   0.00483  -0.00225 -0.000239 -0.000262  -0.00495  -0.00374  -0.00302 -0.000974   -0.0104   0.00108  -0.00184   -0.0409  0.000436  -0.00634   0.00686   -0.0257   0.00671    -0.015   0.00195 -0.000411  0.000417    -0.053   -0.0034   -0.0145  -0.00244 -0.000299  -0.00236 -0.000554 -3.25e-05  0.000243  -0.00569  5.75e-05  -0.00309
  -0.0741  -0.00037  -0.00261 -0.000613  -0.00144 -0.000474 -7.82e-16 -7.82e-16 -6.96e-05 -0.000106 -1.12e-15 -0.000124  -0.00044 -5.36e-05 -0.000363 -2.22e-05 -2.08e-05 -0.000298 -0.000629  -0.00109   -0.0002  -0.00374         1 -0.000922    -0.016 -0.000516  -0.00108 -0.000703  -0.00069  -0.00121   -0.0007 -0.000591 -0.000668 -0.000567  -0.00464  -0.00367 -9.27e-07  6.67e-05 -2.67e-05   -0.0013  4.64e-06 -0.000426  -0.00305   -0.0076  -0.00429   -0.0259 -8.81e-05  -0.00383  -0.00254  -0.00157 -0.000929  -0.00118   0.00115 -0.000815 -0.000599 -0.000261  -0.00126 -0.000162  0.000555   -0.0017 -0.000847  -0.00119  0.000378  0.000432 -0.000515 -0.000119   -0.0104  -0.00438 -0.000431  0.000713 -9.09e-05  1.03e-05 -3.52e-06 -8.98e-07 -5.63e-08   0.00317  -0.00109  0.000171  -0.00012  -0.00127  -0.00146  -0.00102 -0.000281  -0.00228  0.000454 -0.000961   -0.0642    0.0017   -0.0017   0.00168  -0.00787  0.000768   -0.0105    0.0058   0.00663  0.000868   -0.0255  -0.00104  -0.00657 -0.000484  -4.9e-05  -0.00088 -0.000157 -1.69e-05  0.000358  -0.00229 -8.61e-05  -0.00225
  -0.0102 -0.000165 -0.000951 -5.94e-05  -0.00034 -0.000181 -1.32e-16 -1.32e-16   1.3e-06  6.92e-05 -3.09e-16 -2.75e-05  4.54e-05 -9.24e-06 -4.87e-05  -1.2e-05 -1.29e-05 -4.73e-05 -0.000106 -0.000291 -4.23e-05 -0.000697 -0.000922         1  -0.00555 -0.000165 -0.000409 -0.000201 -0.000177  -0.00042  -0.00018 -0.000167 -0.000249 -0.000151  -0.00141 -0.000945 -2.99e-07  5.97e-05  2.49e-05 -0.000547  2.96e-06 -5.11e-05  -0.00119  -0.00355  -0.00146   -0.0107  -1.4e-05  -0.00213  -0.00327  -0.00528  -0.00207  -0.00059 -0.000272  -0.00142 -0.000681 -0.000284  -0.00113 -0.000639  -0.00034 -0.000915  -0.00027 -0.000897  0.000232  0.000203 -0.000169  1.36e-05  -0.00221 -0.000706 -0.000262  0.000356 -1.99e-05  8.22e-06  4.49e-07 -1.48e-09  3.68e-09 -0.000275  5.13e-05  5.27e-05 -5.77e-06  0.000345 -2.38e-05 -1.92e-05  2.35e-05  0.000504  0.000119 -0.000196  -0.00836   0.00112  -0.00106   0.00125   0.00357   0.00111  -0.00271   0.00322   0.00135  0.000382  -0.00184  0.000224 -0.000481   0.00019  3.38e-05  8.89e-05   4.1e-05 -6.49e-06  0.000163 -9.11e-05   3.5e-05 -0.000467
   -0.384 -3.49e-05   -0.0148  -0.00712   -0.0218   -0.0081 -2.89e-15 -2.89e-15   5.9e-06 -0.000524 -3.53e-15  -0.00266  -0.00623 -0.000963  -0.00473 -0.000735 -0.000916  -0.00553   -0.0119  -0.00752 -0.000678   -0.0121    -0.016  -0.00555         1 -0.000539  -0.00471  -0.00224  -0.00187  -0.00989  -0.00155  -0.00184  -0.00271  -0.00232   -0.0734   -0.0225 -6.22e-06 -0.000212 -0.000355   -0.0188 -6.98e-06 -0.000853   -0.0333   -0.0979   -0.0244    -0.306 -0.000221    -0.013   -0.0239   -0.0386   -0.0134   0.00341  -0.00285    -0.013  -0.00625 -0.000234  -0.00807  -0.00881  -0.00567  -0.00856   -0.0194   -0.0103  -0.00443  -0.00266   -0.0067  -0.00056    -0.127   -0.0514   -0.0266   0.00334 -0.000538 -3.25e-05 -9.16e-06  -1.4e-06 -7.63e-09    -0.021  -0.00331   -0.0013 -0.000118   -0.0121  -0.00116 -0.000609  1.48e-06   0.00103  -0.00299  -0.00278    -0.196   0.00554  -0.00492  -0.00244    0.0245   -0.0186   -0.0152 -0.000383   -0.0139   0.00424   -0.0321   -0.0156   -0.0262  -0.00232     4e-05  -0.00941  -0.00143 -8.06e-05   -0.0245  -0.00878 -0.000706   -0.0391
   0.0258  -0.00032  -0.00108 -0.000356   -0.0003 -1.57e-05  4.65e-17  4.65e-17 -2.78e-05 -9.21e-05 -2.86e-16  -0.00017 -0.000249 -1.95e-05 -0.000225 -2.45e-05 -2.78e-05 -0.000105 -0.000209  2.19e-05 -2.57e-05  -0.00119 -0.000516 -0.000165 -0.000539         1 -0.000474 -0.000184 -0.000211 -0.000303 -0.000258  -0.00025 -0.000198 -8.72e-05  0.000231 -0.000613   1.5e-07  9.04e-05  3.45e-05 -0.000215  5.67e-06  -0.00015 -0.000183  0.000713 -0.000705 -0.000699 -1.38e-05  -0.00251  -0.00515  -0.00712  -0.00348  -0.00331  -0.00223  -0.00351  -0.00116  -0.00112  -0.00272 -0.000398 -0.000901  -0.00217 -0.000686 -2.94e-05  0.000312  2.61e-05  4.17e-05 -6.22e-05  -0.00656  -0.00142  -0.00057 -0.000185 -8.82e-05  6.28e-06 -9.76e-07 -1.18e-07 -2.23e-08   0.00206 -0.000362  0.000132 -4.11e-05  0.000419 -0.000584 -0.000458 -0.000139   -0.0013  0.000476 -0.000353   0.00516  0.000346  -0.00132  -0.00174  -0.00453 -0.000605  -0.00581  -0.00163   -0.0018 -0.000213  -0.00934   0.00062 -0.000861 -7.17e-05 -3.21e-05  0.000219  1.27e-05 -5.23e-06   0.00116 -0.000811  0.000132 -0.000619
   0.0106 -0.000424  -0.00129 -1.81e-05  1.77e-05  3.92e-05  2.99e-16  2.99e-16 -2.88e-05  0.000145 -1.42e-16    -1e-05  -0.00012 -5.38e-06 -2.72e-05 -1.03e-06  8.59e-08  -1.6e-05  -4.1e-05 -0.000233 -9.79e-05  -0.00143  -0.00108 -0.000409  -0.00471 -0.000474         1  -0.00033 -0.000274 -0.000729 -0.000212 -0.000347 -0.000378 -0.000231  -0.00117  -0.00129 -1.83e-07   5.9e-05  4.79e-05 -0.000869  3.29e-06 -9.47e-05  -0.00134  -0.00292  -0.00244    -0.011 -1.07e-05  -0.00444  -0.00737   -0.0125  -0.00549   -0.0028   -0.0015  -0.00341  -0.00169  -0.00155  -0.00267  -0.00113 -0.000668  -0.00113 -0.000837    -0.003  0.000482  0.000281  5.06e-05  1.86e-05  -0.00725  0.000805 -0.000263 -0.000166 -5.38e-05  7.79e-06   5.7e-07 -3.09e-08 -1.42e-08   0.00101  0.000152  5.03e-06 -3.14e-05  0.000801 -0.000348 -0.000302 -6.03e-05 -0.000299  0.000426 -0.000374   -0.0152  0.000846  -0.00356   0.00285  -0.00457   0.00575  -0.00343   0.00112  9.13e-05 -6.68e-05  -0.00462   0.00101 -0.000536  0.000192     3e-05  0.000589  0.000115 -8.41e-06   0.00162 -0.000117 -1.24e-05 -1.69e-05
 -0.00663 -0.000169   -0.0005 -6.14e-05  7.07e-06  1.21e-05 -1.54e-17 -1.54e-17 -2.27e-05  1.66e-05 -1.64e-16 -1.41e-05  9.31e-06  1.88e-06 -3.41e-05  1.26e-07  1.38e-06  1.76e-05  3.46e-05 -0.000154 -5.41e-05 -0.000837 -0.000703 -0.000201  -0.00224 -0.000184  -0.00033         1 -0.000191 -0.000212 -0.000173 -0.000147 -0.000158 -0.000126  -0.00027 -0.000666  -2.1e-07  1.52e-05  1.13e-05  -0.00016  2.77e-07 -0.000109 -0.000469 -0.000942 -0.000985  -0.00324 -1.84e-05  -0.00175  -0.00198    -0.003  -0.00143 -0.000781 -2.27e-05 -0.000744 -0.000524 -0.000472 -0.000734 -0.000319 -3.84e-05 -0.000446  7.16e-06 -0.000801  0.000136  0.000169 -7.37e-05  -2.4e-05 -0.000647 -0.000128  0.000407  9.61e-05  -1.4e-05  2.71e-06 -3.67e-07 -1.46e-07 -1.29e-08  0.000429 -0.000228  1.96e-05 -3.03e-05 -0.000403 -0.000367 -0.000276 -7.27e-05 -0.000553  0.000124 -0.000397  -0.00873  0.000356  -0.00145   0.00109  -0.00149   0.00178  -0.00244   0.00204  0.000698  8.74e-05  -0.00722 -0.000367  -0.00209 -0.000136 -1.05e-06 -0.000221 -3.65e-05 -5.64e-06  0.000165 -0.000678 -4.08e-05 -2.26e-06
 -0.00321 -0.000144 -0.000471 -0.000222 -0.000142  -2.9e-05 -4.65e-17 -4.65e-17 -3.46e-05 -5.04e-05 -1.79e-16 -8.34e-05 -5.78e-06 -2.81e-06 -0.000129 -1.05e-05 -1.18e-05 -8.17e-06 -1.97e-05  -0.00014 -5.52e-05  -0.00103  -0.00069 -0.000177  -0.00187 -0.000211 -0.000274 -0.000191         1 -0.000101 -0.000225 -0.000126 -0.000115 -0.000122 -0.000235 -0.000647  -3.2e-07  4.66e-06  4.86e-06 -8.02e-06 -1.03e-06 -0.000179 -0.000331 -0.000443 -0.000739  -0.00164 -2.66e-05  -0.00169  -0.00167  -0.00212  -0.00125 -0.000684 -3.59e-05 -0.000656 -0.000579 -0.000512 -0.000726 -0.000341 -2.82e-05 -0.000608  0.000119 -0.000274 -2.84e-05  0.000114 -0.000189 -7.57e-05  0.000266  -0.00103  0.000539  0.000157 -2.21e-05 -1.06e-06 -1.18e-06 -2.58e-07 -2.18e-08  0.000273 -0.000529 -8.41e-06 -4.74e-05  -0.00122 -0.000628 -0.000482 -0.000144  -0.00134  9.22e-05 -0.000624  -0.00309  0.000156  -0.00157   0.00132  -0.00167   0.00146  -0.00303    0.0023 -3.54e-05  9.09e-05   -0.0125  -0.00119  -0.00388 -0.000437 -2.62e-05 -0.000694 -0.000132 -7.54e-06  -0.00045  -0.00135    -4e-05 -0.000321
  -0.0228 -0.000214  -0.00148 -0.000424  -0.00146 -0.000458  8.35e-17  8.35e-17   3.2e-06   7.3e-05 -1.86e-16 -0.000158 -0.000745 -7.99e-05 -0.000297 -4.65e-05 -5.82e-05 -0.000458 -0.000978 -0.000507 -7.35e-05  -0.00105  -0.00121  -0.00042  -0.00989 -0.000303 -0.000729 -0.000212 -0.000101         1 -7.41e-05 -0.000309 -0.000327   -0.0002  -0.00555  -0.00191  2.94e-08  2.08e-06 -5.95e-06   -0.0019  2.59e-06   2.3e-05  -0.00268  -0.00705  -0.00248    -0.025 -2.16e-06  -0.00217  -0.00502  -0.00853  -0.00332  -0.00204  -0.00172  -0.00316  -0.00103 -0.000784  -0.00212 -0.000796 -0.000891  -0.00102  -0.00239  -0.00221  4.93e-05  -0.00017 -0.000144  3.66e-05   -0.0172  -0.00247  -0.00274 -0.000309 -7.07e-05  5.47e-06  5.99e-07  1.03e-07  2.01e-09  4.95e-05  0.000157    -2e-05  1.75e-06  0.000935  0.000113  0.000122  6.18e-05  0.000865  6.96e-05  4.84e-05   -0.0222  0.000356  -0.00112  -0.00142  -0.00402  6.31e-05  -0.00152  -0.00386  -0.00173 -0.000142    0.0034  0.000816   0.00123  0.000356  3.45e-05  0.000441  9.86e-05 -2.23e-06  0.000104  0.000318 -4.02e-05  -0.00273
 0.000499  -0.00013 -0.000589 -0.000265 -0.000253  -6.2e-05 -1.79e-16 -1.79e-16 -2.44e-05 -6.45e-05 -3.17e-16 -0.000105 -5.28e-05 -8.01e-06 -0.000153  -1.5e-05 -1.64e-05  -4.2e-05 -8.47e-05 -0.000126 -4.01e-05 -0.000898   -0.0007  -0.00018  -0.00155 -0.000258 -0.000212 -0.000173 -0.000225 -7.41e-05         1 -0.000139 -0.000111 -0.000101  0.000124 -0.000572 -1.25e-07  2.63e-05  5.29e-06  8.43e-05  8.68e-07  -0.00016 -0.000117  0.000184  -0.00039 -0.000485 -2.87e-05  -0.00118  -0.00121 -0.000776 -0.000545 -0.000948 -0.000317 -0.000938 -0.000361 -0.000237 -0.000929 -9.21e-05 -7.58e-05  -0.00102  5.56e-05  0.000636  5.79e-05  0.000124  -0.00013 -6.03e-05 -0.000663  -0.00159  0.000307  0.000213 -3.14e-05  4.48e-06 -1.01e-06 -2.03e-07  -1.7e-08  0.000968 -0.000547  9.99e-05 -4.09e-05 -0.000618  -0.00053 -0.000376  -0.00011 -0.000897  0.000175 -0.000517  -0.00039  0.000345 -0.000511  6.98e-06   -0.0006 -0.000448  -0.00402   0.00181  0.000603  0.000124   -0.0117 -0.000655  -0.00284 -0.000245 -1.85e-05 -0.000439 -8.48e-05 -5.33e-06 -8.51e-05  -0.00112  3.06e-05 -0.000463
 -0.00118 -0.000183 -0.000597 -8.04e-05 -0.000116  1.39e-06  4.89e-18  4.89e-18 -1.22e-05  3.09e-05  -1.8e-16 -2.62e-05 -0.000156 -9.64e-06 -4.94e-05 -3.71e-06 -3.26e-06 -5.25e-05 -0.000109 -0.000121 -4.25e-05 -0.000658 -0.000591 -0.000167  -0.00184  -0.00025 -0.000347 -0.000147 -0.000126 -0.000309 -0.000139         1 -0.000159 -9.97e-05  -0.00039 -0.000629  8.78e-08  2.35e-05  1.15e-05 -0.000315  1.99e-06 -4.78e-05 -0.000423 -0.000625 -0.000826  -0.00368 -1.11e-05   -0.0014  -0.00226   -0.0033  -0.00141  -0.00147 -0.000683  -0.00145 -0.000453  -0.00044  -0.00116 -0.000163 -0.000227 -0.000691 -0.000446 -0.000574  0.000234   0.00012  6.43e-05  1.04e-05  -0.00424 -0.000248 -0.000215 -8.45e-05 -2.85e-05  7.04e-06  1.46e-07 -2.31e-08 -6.87e-09   0.00115 -8.24e-05  9.05e-05 -1.69e-05  0.000526 -0.000174 -0.000106 -1.95e-05  3.25e-05  0.000213 -0.000174  -0.00825  0.000312 -0.000741 -0.000372  -0.00254  0.000616   -0.0025 -0.000181  0.000484 -6.82e-05   -0.0035  0.000548 -0.000128  0.000141  1.21e-05  0.000279   5.2e-05 -1.95e-06  0.000803 -0.000129  5.98e-06 -0.000237
 -0.00315 -0.000272 -0.000588  0.000169  0.000271  6.21e-05 -3.99e-17 -3.99e-17 -7.14e-06  1.94e-05 -1.82e-16  7.25e-05  0.000147  1.46e-05  9.66e-05  1.34e-05  1.83e-05  9.23e-05  0.000195 -0.000121 -2.52e-05 -0.000639 -0.000668 -0.000249  -0.00271 -0.000198 -0.000378 -0.000158 -0.000115 -0.000327 -0.000111 -0.000159         1 -0.000112 -0.000221 -0.000673 -1.82e-07  7.67e-05  3.29e-05 -0.000328  4.53e-06 -3.63e-05 -0.000759  -0.00198  -0.00145  -0.00474 -1.59e-06  -0.00223  -0.00316   -0.0055  -0.00234  -0.00121  3.07e-06  -0.00102 -0.000573 -0.000572  -0.00081  -0.00034 -0.000411 -0.000726  8.61e-05  -0.00165   0.00041  0.000194  4.26e-06  1.62e-05  0.000278   0.00123  0.000359  7.07e-05 -6.17e-06  5.45e-06  3.45e-07 -2.75e-08 -6.76e-10 -3.26e-06  0.000169  4.26e-05 -5.27e-06   0.00031 -4.07e-05 -4.87e-05  3.21e-06  0.000146  9.61e-05 -8.62e-05   -0.0146  0.000753  -0.00168  -0.00157   0.00044  1.03e-05  -0.00302   0.00235  0.000312  0.000144  0.000384  0.000367  9.89e-06  0.000145  1.21e-05  0.000124  3.33e-05 -6.31e-06  0.000545 -0.000108    -4e-05  0.000567
 -0.00706 -9.42e-05 -0.000322 -3.34e-05 -7.94e-05 -2.44e-05 -1.15e-17 -1.15e-17 -2.31e-05 -4.02e-06 -1.06e-16  4.67e-06 -2.77e-05 -2.25e-06 -1.87e-05  1.65e-06  2.81e-06 -9.85e-06  -2.4e-05 -0.000163 -3.81e-05 -0.000604 -0.000567 -0.000151  -0.00232 -8.72e-05 -0.000231 -0.000126 -0.000122   -0.0002 -0.000101 -9.97e-05 -0.000112         1 -0.000646   -0.0006 -2.38e-07  3.62e-06  2.37e-07 -0.000273  1.65e-08 -6.24e-05  -0.00048  -0.00117 -0.000789  -0.00411 -8.95e-06  -0.00105  -0.00104  -0.00169 -0.000759 -0.000351  9.18e-05 -0.000327 -0.000177 -0.000141 -0.000246 -0.000182  3.48e-05 -6.06e-05 -0.000125 -0.000696  0.000105  0.000151 -3.87e-05 -1.49e-05  -0.00145  -9.2e-05  2.63e-05  5.62e-05 -1.13e-05  8.69e-07 -3.04e-07 -1.19e-07 -8.92e-09  0.000385  -5.8e-05 -1.51e-06 -1.74e-05 -0.000148 -0.000218 -0.000179 -4.56e-05 -0.000442  9.33e-05 -0.000181   -0.0103  0.000265 -0.000861   0.00156 -0.000922   0.00184  -0.00118    0.0013   0.00108  0.000106  -0.00411 -3.58e-05 -0.000813 -0.000101  4.01e-06  -5.4e-05 -1.64e-05 -3.29e-06  0.000259 -0.000198 -2.12e-05 -9.82e-05
   -0.187   0.00045  -0.00349  -0.00661   -0.0172  -0.00563  -3.4e-16  -3.4e-16 -6.69e-05  -0.00123  3.49e-16  -0.00263  -0.00693 -0.000862   -0.0043 -0.000666 -0.000858  -0.00498   -0.0107   -0.0039  -0.00029  -0.00388  -0.00464  -0.00141   -0.0734  0.000231  -0.00117  -0.00027 -0.000235  -0.00555  0.000124  -0.00039 -0.000221 -0.000646         1   -0.0126 -1.98e-06 -0.000985 -0.000518   -0.0136 -4.94e-05 -0.000302   -0.0209   -0.0584  -0.00911    -0.185  -5.5e-05    0.0022  -0.00178  -0.00697   -0.0013   0.00066  -0.00401  -0.00598  -0.00197 -0.000918  -0.00136  -0.00398  -0.00626  -0.00133   -0.0172  -0.00516  -0.00711  -0.00486  -0.00482 -0.000647   -0.0997   -0.0409   -0.0214  -0.00193 -0.000219 -0.000102 -6.73e-06 -5.24e-08  8.11e-09   -0.0258  -0.00475  -0.00177 -2.36e-05   -0.0192   -0.0002  0.000295     3e-05 -0.000326  -0.00563  -0.00332   -0.0515  -0.00866  -0.00287    -0.037 -0.000486   -0.0394   0.00724   -0.0352     -0.05  -0.00212   -0.0265   -0.0236   -0.0301  -0.00455 -0.000136   -0.0132  -0.00229 -2.98e-05   -0.0323   -0.0118  -0.00183   -0.0344
    -0.13 -0.000643  -0.00207  -0.00132  -0.00316 -0.000975 -3.62e-16 -3.62e-16 -0.000125 -0.000403 -6.56e-16 -0.000445  -0.00137 -0.000155 -0.000833 -0.000106 -0.000133 -0.000882   -0.0019  -0.00137 -0.000211  -0.00372  -0.00367 -0.000945   -0.0225 -0.000613  -0.00129 -0.000666 -0.000647  -0.00191 -0.000572 -0.000629 -0.000673   -0.0006   -0.0126         1 -1.15e-06  -0.00011 -8.12e-05   -0.0035 -4.78e-06 -0.000396  -0.00582   -0.0148  -0.00541   -0.0468 -5.74e-05  -0.00492  -0.00516   -0.0086  -0.00358  -0.00335 -9.91e-05  -0.00289  -0.00102  -0.00108  -0.00167 -0.000971  -0.00155  -0.00162   -0.0033  -0.00399 -0.000567 -0.000217 -0.000999 -0.000203   -0.0217  -0.00732  -0.00291 -0.000251 -7.88e-05 -8.32e-06 -2.71e-06 -5.62e-07 -3.98e-08  -0.00285  -0.00152 -0.000156 -9.27e-05   -0.0048  -0.00112  -0.00075 -0.000203   -0.0019 -0.000785  -0.00173   -0.0636 -0.000557  -0.00481  -0.00943  -0.00444  -0.00659  -0.00918 -0.000363  -0.00673 -0.000158   -0.0271  -0.00535   -0.0107  -0.00135 -2.79e-05   -0.0033 -0.000609 -2.42e-05  -0.00546  -0.00423 -0.000566  -0.00629
 4.18e-05 -1.13e-07 -3.61e-09  2.83e-08  1.75e-07 -1.22e-07 -4.62e-21 -4.62e-21 -1.11e-07 -3.64e-07  8.74e-20  4.94e-08  7.16e-07  4.03e-08  6.41e-09  1.49e-08  1.86e-08  2.55e-07  5.13e-07 -2.96e-07 -1.52e-08 -1.73e-06 -9.27e-07 -2.99e-07 -6.22e-06   1.5e-07 -1.83e-07  -2.1e-07  -3.2e-07  2.94e-08 -1.25e-07  8.78e-08 -1.82e-07 -2.38e-07 -1.98e-06 -1.15e-06         1  5.97e-08   6.3e-09  -3.6e-07 -1.74e-09  -3.3e-07 -1.55e-06 -5.23e-06 -2.23e-06 -8.47e-06  2.38e-09 -3.33e-06 -2.18e-06 -5.24e-06 -3.21e-06  2.01e-06  2.38e-06  2.08e-06 -4.81e-07 -3.89e-07  1.86e-06 -1.15e-06 -6.61e-08  6.79e-07   1.4e-06 -3.12e-06 -1.79e-07  2.74e-07 -7.24e-07 -2.55e-07  1.19e-05  7.49e-07  1.34e-06  6.71e-07  2.82e-09 -3.39e-08 -4.14e-09 -8.22e-10 -4.34e-11 -3.66e-06  -1.6e-07 -5.03e-07 -5.98e-08  -4.4e-06 -1.09e-06 -1.15e-06 -3.68e-07 -4.98e-06 -2.75e-07 -6.32e-07 -1.91e-05  5.71e-07 -4.96e-06   7.3e-06  4.98e-06  6.35e-06 -1.24e-06  9.66e-06 -4.05e-07   9.2e-07 -1.43e-05 -3.53e-06 -6.65e-06 -1.74e-06 -1.06e-07 -2.24e-06  -4.8e-07 -2.41e-08 -2.45e-06 -2.05e-06 -1.25e-07  6.68e-07
 -0.00182  5.06e-05  0.000343 -0.000119 -0.000234  -4.6e-05  5.91e-17  5.91e-17 -6.48e-06  5.48e-06  1.18e-16 -4.11e-05 -0.000183 -1.56e-05 -6.79e-05 -1.02e-05 -1.44e-05 -9.21e-05 -0.000202 -5.93e-05 -2.19e-05  0.000133  6.67e-05  5.97e-05 -0.000212  9.04e-05   5.9e-05  1.52e-05  4.66e-06  2.08e-06  2.63e-05  2.35e-05  7.67e-05  3.62e-06 -0.000985  -0.00011  5.97e-08         1  -2.6e-05 -0.000135 -4.82e-06  1.95e-06 -0.000132  -0.00026  0.000194  -0.00123 -5.33e-06  0.000596   0.00142   0.00205  0.000972  0.000377  0.000308  0.000559  0.000201  9.97e-05  0.000446  7.45e-05  0.000141    0.0006  -0.00025  1.01e-05 -0.000304 -0.000102 -6.79e-05 -3.82e-06 -0.000957 -0.000616 -4.48e-05 -0.000142  2.08e-05 -2.88e-06  1.82e-07   3.3e-08  9.49e-10 -0.000775 -0.000239 -5.02e-05 -2.69e-06 -0.000837  7.78e-06  5.12e-05  1.36e-05  0.000227 -0.000256 -0.000239  -0.00016  -0.00066  -3.9e-05 -0.000643 -0.000694 -0.000364    0.0014 -0.000953  -0.00123  -0.00021  -0.00248  -0.00107  -0.00163 -0.000171  7.77e-06 -0.000518 -8.59e-05  1.08e-06  -0.00114 -0.000457 -0.000126 -0.000639
-0.000934   4.4e-05  7.37e-05 -8.94e-05   -0.0002 -5.43e-05 -2.62e-17 -2.62e-17 -3.23e-06 -2.48e-05  8.79e-18  -2.9e-05 -0.000104 -1.03e-05  -5.3e-05 -6.29e-06 -8.23e-06 -6.14e-05 -0.000131 -3.93e-05 -3.68e-06  -5.8e-06 -2.67e-05  2.49e-05 -0.000355  3.45e-05  4.79e-05  1.13e-05  4.86e-06 -5.95e-06  5.29e-06  1.15e-05  3.29e-05  2.37e-07 -0.000518 -8.12e-05   6.3e-09  -2.6e-05         1 -6.96e-05 -1.32e-06 -6.23e-06 -6.87e-05 -0.000157  0.000112 -0.000853 -2.63e-06  0.000459  0.000849   0.00149  0.000651  0.000218  0.000109  0.000288  0.000172  0.000144   0.00024  0.000111  8.57e-05  0.000168 -0.000154   0.00025 -0.000123 -5.92e-05 -3.83e-05 -1.08e-05 -0.000997 -0.000592 -0.000199 -3.28e-05  2.13e-07 -1.64e-06 -2.33e-07 -2.76e-08 -1.76e-09 -5.77e-05 -0.000113 -1.25e-05 -2.85e-06 -0.000286 -3.56e-05 -1.22e-05 -7.63e-06 -9.41e-05  -6.8e-05 -3.77e-05 -0.000956 -0.000232   0.00031 -0.000264 -0.000582 -0.000523  0.000355 -0.000653 -0.000214 -4.16e-05  -0.00112 -0.000324 -0.000446 -8.91e-05 -5.31e-06 -0.000179 -3.53e-05  7.93e-07 -0.000371 -0.000151  -2.4e-05 -0.000402
  -0.0416 -0.000227  -0.00137  -0.00105  -0.00347  -0.00113  3.04e-16  3.04e-16  -3.4e-05 -0.000139  8.81e-17 -0.000419  -0.00162 -0.000186 -0.000724 -0.000123 -0.000158  -0.00108  -0.00231 -0.000959 -7.34e-05 -0.000934   -0.0013 -0.000547   -0.0188 -0.000215 -0.000869  -0.00016 -8.02e-06   -0.0019  8.43e-05 -0.000315 -0.000328 -0.000273   -0.0136   -0.0035  -3.6e-07 -0.000135 -6.96e-05         1 -3.91e-06  0.000123  -0.00548   -0.0151  -0.00352   -0.0506  3.04e-05  -0.00203  -0.00614   -0.0125  -0.00438  -0.00259  -0.00278  -0.00458 -0.000852 -0.000581  -0.00199  -0.00144  -0.00228  -0.00054  -0.00498  -0.00396 -0.000688  -0.00062 -0.000544 -1.68e-06   -0.0315  -0.00604  -0.00617 -0.000861 -8.54e-05 -8.23e-06  1.28e-06  3.78e-07  2.26e-08  -0.00411  0.000231 -0.000283  4.55e-05 -0.000618  0.000649    0.0005  0.000182   0.00155 -0.000745 -4.09e-05   -0.0283 -0.000857  -0.00189  -0.00576  0.000967  -0.00358   0.00157  -0.00922  -0.00902 -0.000574   0.00795  -0.00115   0.00125 -7.02e-05   7.8e-05 -0.000714 -0.000134 -3.73e-06  -0.00362  0.000178 -0.000259  -0.00677
 6.18e-05  2.52e-06  2.19e-05 -6.48e-06 -9.55e-06  -1.9e-06  4.37e-18  4.37e-18 -5.62e-07  2.21e-07  7.89e-18  -2.4e-06 -6.73e-06 -6.22e-07 -3.65e-06 -5.57e-07 -7.99e-07  -3.6e-06 -8.12e-06 -2.92e-06 -1.41e-06  5.33e-06  4.64e-06  2.96e-06 -6.98e-06  5.67e-06  3.29e-06  2.77e-07 -1.03e-06  2.59e-06  8.68e-07  1.99e-06  4.53e-06  1.65e-08 -4.94e-05 -4.78e-06 -1.74e-09 -4.82e-06 -1.32e-06 -3.91e-06         1 -1.08e-06 -6.87e-06 -1.55e-05  9.35e-06 -4.23e-05 -4.05e-07  2.08e-05  7.12e-05  9.59e-05  4.29e-05  2.89e-05  2.48e-05  3.75e-05  5.83e-06  9.83e-07  2.77e-05 -1.73e-06  8.32e-06  3.59e-05 -5.15e-06 -6.13e-06 -1.94e-05 -5.12e-06 -6.52e-06  -9.1e-07   2.3e-05 -2.99e-05  1.12e-05 -5.38e-06  1.46e-06 -2.49e-07  4.32e-09  4.49e-10 -3.49e-11 -6.36e-05 -1.65e-05 -4.43e-06 -3.91e-07  -6.7e-05 -3.08e-06  -3.7e-07 -2.36e-07  2.15e-06 -1.65e-05 -1.92e-05  8.27e-05 -3.76e-05 -2.35e-05 -1.14e-05 -1.04e-05     5e-06     8e-05 -1.19e-05 -8.27e-05 -1.03e-05 -0.000217 -8.07e-05 -0.000135 -1.53e-05  2.39e-07 -3.99e-05  -6.7e-06 -2.37e-08 -7.93e-05 -3.87e-05  -8.1e-06 -3.05e-05
-0.000602 -6.04e-05 -0.000281 -0.000301 -0.000251 -5.91e-05  -7.6e-17  -7.6e-17 -3.16e-05 -0.000134 -1.01e-16 -0.000115 -3.75e-05 -7.34e-06 -0.000179 -1.48e-05 -1.79e-05 -3.51e-05 -7.39e-05 -5.76e-05 -2.81e-05 -0.000922 -0.000426 -5.11e-05 -0.000853  -0.00015 -9.47e-05 -0.000109 -0.000179   2.3e-05  -0.00016 -4.78e-05 -3.63e-05 -6.24e-05 -0.000302 -0.000396  -3.3e-07  1.95e-06 -6.23e-06  0.000123 -1.08e-06         1 -0.000163 -5.87e-07 -0.000355   0.00043 -2.23e-05  -0.00087 -0.000556 -0.000157 -0.000607 -0.000266  0.000117 -4.12e-05 -0.000415 -0.000453 -0.000267 -0.000151 -1.97e-06 -0.000548  0.000173  0.000154 -0.000197 -7.65e-05 -0.000255 -0.000114   0.00096  -0.00148  0.000395  0.000101 -2.63e-05 -7.88e-06 -2.07e-06 -3.46e-07 -2.72e-08  1.09e-05 -0.000639 -6.94e-05 -5.03e-05  -0.00179 -0.000722 -0.000569  -0.00019    -0.002  4.58e-06 -0.000532 -7.92e-05 -0.000227  -0.00114  7.43e-05  -0.00307 -0.000196  -0.00253   0.00101  -0.00125   3.9e-05   -0.0121  -0.00168   -0.0043 -0.000655 -6.55e-05 -0.000996 -0.000198  -6.9e-06 -0.000981  -0.00164 -4.29e-05 -0.000535
  -0.0641 -0.000538  -0.00245  -0.00154  -0.00477  -0.00175 -1.19e-16 -1.19e-16 -1.34e-05 -0.000269 -1.21e-16 -0.000618  -0.00156 -0.000229  -0.00106 -0.000182 -0.000235   -0.0013  -0.00282  -0.00163 -0.000155  -0.00257  -0.00305  -0.00119   -0.0333 -0.000183  -0.00134 -0.000469 -0.000331  -0.00268 -0.000117 -0.000423 -0.000759  -0.00048   -0.0209  -0.00582 -1.55e-06 -0.000132 -6.87e-05  -0.00548 -6.87e-06 -0.000163         1   -0.0277   -0.0075   -0.0783 -1.35e-05  -0.00593  -0.00971   -0.0197  -0.00785  -0.00136 -0.000168  -0.00358  -0.00267  -0.00218  -0.00188  -0.00292  -0.00329   -0.0018  -0.00492  -0.00774  -0.00153  -0.00123   -0.0019 -0.000167   -0.0257  -0.00914  -0.00543 -0.000214 -3.37e-05 -2.83e-05 -7.14e-07  -7.2e-09  1.55e-08   -0.0122 -0.000946 -0.000705 -2.28e-06  -0.00696  9.06e-05  0.000127  7.16e-05  0.000796  -0.00209  -0.00143   -0.0533 -0.000786  -0.00712   -0.0164   0.00599   -0.0125  -0.00313  -0.00225    -0.018 -0.000116  -0.00238  -0.00855    -0.012  -0.00129 -8.47e-06  -0.00485 -0.000774 -3.27e-05   -0.0113  -0.00468 -0.000876  -0.00958
    -0.15 -0.000802  -0.00622  -0.00322   -0.0128  -0.00521 -7.29e-16 -7.29e-16  0.000101 -0.000391 -2.15e-16  -0.00132  -0.00304 -0.000574  -0.00234 -0.000466 -0.000601  -0.00325   -0.0071  -0.00466 -0.000278  -0.00422   -0.0076  -0.00355   -0.0979  0.000713  -0.00292 -0.000942 -0.000443  -0.00705  0.000184 -0.000625  -0.00198  -0.00117   -0.0584   -0.0148 -5.23e-06  -0.00026 -0.000157   -0.0151 -1.55e-05 -5.87e-07   -0.0277         1   -0.0204    -0.229   1.9e-05   -0.0136    -0.023   -0.0512   -0.0188   0.00387   0.00289  -0.00533  -0.00611  -0.00346  -0.00138  -0.00872  -0.00824  -0.00272   -0.0119   -0.0214  -0.00416  -0.00313  -0.00557 -0.000252    -0.055   -0.0224   -0.0151   0.00102  3.96e-05 -7.65e-05  1.74e-06  5.46e-07  1.33e-07   -0.0394 -0.000543  -0.00214  0.000153   -0.0168   0.00233   0.00179  0.000684   0.00676  -0.00625  -0.00225     -0.14  0.000671   -0.0163   -0.0356    0.0445   -0.0311   0.00163   0.00431    -0.042   0.00154    0.0318   -0.0215   -0.0245  -0.00237  0.000117   -0.0121  -0.00181  -8.6e-05   -0.0316  -0.00875  -0.00216   -0.0247
  -0.0447  -0.00147  -0.00287  0.000538  0.000415 -2.91e-05  3.17e-16  3.17e-16 -8.91e-05  5.69e-05  -2.4e-16  0.000294  0.000381  2.56e-05  0.000261  4.06e-05  5.08e-05  0.000211  0.000392  -0.00117 -0.000256  -0.00467  -0.00429  -0.00146   -0.0244 -0.000705  -0.00244 -0.000985 -0.000739  -0.00248  -0.00039 -0.000826  -0.00145 -0.000789  -0.00911  -0.00541 -2.23e-06  0.000194  0.000112  -0.00352  9.35e-06 -0.000355   -0.0075   -0.0204         1   -0.0505 -1.18e-05   -0.0142   -0.0182    -0.035   -0.0155  -0.00433   0.00216  -0.00331  -0.00427  -0.00461  -0.00271  -0.00328  -0.00222   -0.0016 -0.000639   -0.0145  0.000995  0.000422 -0.000845 -6.45e-05  -0.00163   0.00573   0.00148 -5.71e-05  1.27e-05 -1.29e-05 -3.47e-07 -5.85e-07 -3.39e-08  -0.00644  0.000385 -0.000549 -7.62e-05  -0.00407 -0.000868 -0.000843 -0.000185  -0.00172 -0.000612  -0.00137     -0.11   0.00207   -0.0149  -0.00696  -0.00593   0.00473   -0.0105    0.0122  -0.00633  0.000452  -0.00472  -0.00385  -0.00976 -0.000777 -1.67e-05  -0.00236 -0.000348 -4.95e-05   -0.0027  -0.00345 -0.000877  0.000528
   -0.393  0.000881   -0.0311   -0.0167    -0.054   -0.0193    -1e-15    -1e-15  0.000299  0.000428  -3.2e-15  -0.00665   -0.0189  -0.00259   -0.0114   -0.0019  -0.00241   -0.0149   -0.0321   -0.0157  -0.00132   -0.0171   -0.0259   -0.0107    -0.306 -0.000699    -0.011  -0.00324  -0.00164    -0.025 -0.000485  -0.00368  -0.00474  -0.00411    -0.185   -0.0468 -8.47e-06  -0.00123 -0.000853   -0.0506 -4.23e-05   0.00043   -0.0783    -0.229   -0.0505         1 -0.000113   -0.0228   -0.0733    -0.132   -0.0458   -0.0003   -0.0271    -0.049   -0.0178  -0.00399   -0.0278   -0.0246    -0.019   -0.0139   -0.0604   -0.0321   -0.0121    -0.009   -0.0128 -0.000283    -0.392    -0.115   -0.0811  0.000663  -0.00138 -8.05e-05  1.52e-06  1.93e-06  2.27e-07   -0.0535 -0.000876  -0.00395  0.000277   -0.0103   0.00481   0.00416   0.00173    0.0191  -0.00716 -0.000973    -0.298   0.00477  -0.00776   0.00501    0.0385   -0.0183    0.0198     -0.07   -0.0646   0.00334    0.0655   -0.0192   -0.0128  0.000208  0.000687   -0.0103   -0.0012 -8.27e-05   -0.0499  -0.00264  -0.00121   -0.0994
-1.41e-05  5.44e-06 -6.23e-05 -5.33e-05 -7.08e-05 -1.86e-05 -2.88e-17 -2.88e-17 -3.57e-07  7.44e-07 -3.26e-17 -1.97e-05 -2.53e-05    -3e-06 -3.08e-05 -3.27e-06 -3.94e-06  -1.7e-05 -3.57e-05 -2.22e-05 -8.09e-06 -0.000103 -8.81e-05  -1.4e-05 -0.000221 -1.38e-05 -1.07e-05 -1.84e-05 -2.66e-05 -2.16e-06 -2.87e-05 -1.11e-05 -1.59e-06 -8.95e-06  -5.5e-05 -5.74e-05  2.38e-09 -5.33e-06 -2.63e-06  3.04e-05 -4.05e-07 -2.23e-05 -1.35e-05   1.9e-05 -1.18e-05 -0.000113         1 -5.54e-06  0.000121  0.000399  0.000135  3.34e-05  3.22e-05  2.28e-05 -3.67e-05  -1.8e-05  -5.5e-05  5.53e-06  6.02e-05 -6.67e-05  -1.9e-06  0.000161 -4.01e-05 -1.12e-05 -3.39e-05 -8.41e-06 -0.000137 -0.000352  4.48e-05  3.21e-05 -2.32e-06  1.54e-07 -1.83e-07 -3.43e-08 -2.71e-09  8.93e-05 -0.000113  5.84e-06 -6.89e-06 -0.000174 -8.26e-05 -5.07e-05 -1.61e-05 -0.000106  3.11e-06  -8.3e-05  9.01e-05 -1.76e-05  2.26e-05  6.79e-05 -0.000451 -8.11e-05 -0.000299  0.000109  6.99e-05  9.08e-06  -0.00175 -0.000207 -0.000625 -4.45e-05 -4.82e-06 -0.000108  -1.7e-05 -3.94e-07 -0.000125 -0.000212 -5.74e-06 -0.000144
   0.0409  -0.00332  -0.00417   0.00148   0.00493   0.00145   1.9e-15   1.9e-15 -0.000239  0.000237 -7.23e-17  0.000414   0.00244  0.000245  0.000821  0.000106  0.000138   0.00155   0.00322 -0.000158 -0.000352  -0.00722  -0.00383  -0.00213    -0.013  -0.00251  -0.00444  -0.00175  -0.00169  -0.00217  -0.00118   -0.0014  -0.00223  -0.00105    0.0022  -0.00492 -3.33e-06  0.000596  0.000459  -0.00203  2.08e-05  -0.00087  -0.00593   -0.0136   -0.0142   -0.0228 -5.54e-06         1   -0.0473   -0.0854    -0.039   -0.0153  -0.00314   -0.0153   -0.0112   -0.0113   -0.0121  -0.00801  -0.00621  -0.00705   0.00275   -0.0227   0.00291   0.00193 -0.000558 -0.000188    0.0238    0.0167   0.00852 -5.81e-05 -3.22e-05  2.37e-06  2.53e-06 -3.59e-07 -6.68e-08  -0.00857  0.000571 -0.000577 -0.000173  -0.00522  -0.00231  -0.00238 -0.000571  -0.00527  0.000498  -0.00404    -0.046   0.00486   -0.0324 -0.000307   0.00442    0.0231   -0.0263    0.0305   -0.0157  6.43e-05   -0.0357  -0.00446   -0.0184  -0.00141  4.49e-05  -0.00264 -0.000415 -9.87e-05  0.000402  -0.00682 -0.000804   0.00814
    0.121  -0.00404   -0.0129  3.92e-05   0.00142  0.000206     4e-15     4e-15  -7.2e-05  0.000955 -3.04e-16 -0.000601    0.0012  5.46e-05 -0.000338 -0.000115  -0.00013  0.000497   0.00101  0.000459 -0.000215  -0.00908  -0.00254  -0.00327   -0.0239  -0.00515  -0.00737  -0.00198  -0.00167  -0.00502  -0.00121  -0.00226  -0.00316  -0.00104  -0.00178  -0.00516 -2.18e-06   0.00142  0.000849  -0.00614  7.12e-05 -0.000556  -0.00971    -0.023   -0.0182   -0.0733  0.000121   -0.0473         1    -0.163   -0.0733   -0.0307   -0.0253   -0.0451    -0.022   -0.0187   -0.0334   -0.0157   -0.0137   -0.0199  -0.00595   -0.0264   0.00502   0.00136   1.5e-05 -3.99e-05   -0.0447   0.00997  -0.00503  -0.00081 -0.000726  4.03e-05  6.02e-06  1.06e-06  -4.6e-08 -0.000665   0.00425   -0.0005 -7.97e-05    0.0107  -0.00158   -0.0025 -0.000537  -0.00525   0.00473  -0.00117     0.085    0.0114   -0.0367    0.0243  -0.00103    0.0474   -0.0333   0.00955   -0.0242  5.23e-06   0.00952    0.0136   0.00956   0.00218  0.000129   0.00749   0.00136 -9.79e-05    0.0157   0.00157   0.00147   0.00288
    0.216  -0.00788   -0.0153   0.00335   0.00767   0.00179  8.58e-15  8.58e-15 -0.000183   0.00188  2.07e-15  0.000294   0.00397  0.000315   0.00141     1e-05  1.42e-05   0.00216   0.00437  0.000996 -0.000332   -0.0107  -0.00157  -0.00528   -0.0386  -0.00712   -0.0125    -0.003  -0.00212  -0.00853 -0.000776   -0.0033   -0.0055  -0.00169  -0.00697   -0.0086 -5.24e-06   0.00205   0.00149   -0.0125  9.59e-05 -0.000157   -0.0197   -0.0512    -0.035    -0.132  0.000399   -0.0854    -0.163         1     -0.13   -0.0494   -0.0339   -0.0684   -0.0363    -0.033   -0.0482   -0.0282   -0.0254   -0.0246  -0.00683   -0.0632    0.0085   0.00287  0.000221  0.000321   -0.0324    0.0405  -0.00151  -0.00305 -0.000625  3.24e-05  2.34e-05  3.52e-06  7.81e-08   -0.0236    0.0103  -0.00194  0.000133    0.0119   0.00116  -0.00153  1.56e-05 -0.000449   0.00391  -0.00245    0.0758    0.0162   -0.0774    0.0207    0.0299    0.0801   -0.0377    0.0303   -0.0596  -0.00142    0.0689    0.0151    0.0148   0.00341  0.000567   0.00873   0.00174 -0.000189     0.016   0.00343  0.000439    0.0128
    0.102   -0.0034   -0.0074  0.000765   0.00323  0.000843  3.84e-15  3.84e-15 -0.000155  0.000429  9.91e-16 -0.000137   0.00181  0.000145  0.000194 -1.16e-05  -1.3e-05   0.00101   0.00207  0.000717 -0.000162  -0.00724 -0.000929  -0.00207   -0.0134  -0.00348  -0.00549  -0.00143  -0.00125  -0.00332 -0.000545  -0.00141  -0.00234 -0.000759   -0.0013  -0.00358 -3.21e-06  0.000972  0.000651  -0.00438  4.29e-05 -0.000607  -0.00785   -0.0188   -0.0155   -0.0458  0.000135    -0.039   -0.0733     -0.13         1   -0.0217   -0.0151   -0.0295   -0.0175   -0.0163   -0.0217   -0.0127   -0.0107   -0.0121  -0.00212   -0.0272   0.00322  0.000773 -0.000435 -0.000237   -0.0104    0.0151  0.000339  -0.00128 -0.000399 -2.47e-05  2.14e-06  2.82e-07 -7.03e-08  -0.00838   0.00309  -0.00124 -9.92e-05  0.000857  -0.00193  -0.00273 -0.000717   -0.0084   0.00224  -0.00184     0.043   0.00613   -0.0368    0.0143  -0.00558     0.039   -0.0208    0.0125   -0.0293 -0.000568   0.00211   0.00352  -0.00321 -0.000528 -4.51e-05   0.00194  0.000321 -9.76e-05   0.00649  -0.00233  0.000293   0.00539
   0.0183  -0.00263  -0.00333 -0.000718  0.000395  0.000736  1.12e-15  1.12e-15 -0.000181 -0.000476 -7.28e-16 -0.000479  -0.00148 -6.05e-05  -0.00048 -6.56e-05 -7.33e-05 -0.000311 -0.000617  0.000494 -8.68e-05  -0.00394  -0.00118  -0.00059   0.00341  -0.00331   -0.0028 -0.000781 -0.000684  -0.00204 -0.000948  -0.00147  -0.00121 -0.000351   0.00066  -0.00335  2.01e-06  0.000377  0.000218  -0.00259  2.89e-05 -0.000266  -0.00136   0.00387  -0.00433   -0.0003  3.34e-05   -0.0153   -0.0307   -0.0494   -0.0217         1   -0.0126    -0.021  -0.00534  -0.00677   -0.0144  -0.00165  -0.00746   -0.0101   -0.0045  -0.00634   0.00246  0.000391   0.00125 -2.09e-05   -0.0346    0.0021  -0.00232  -0.00298 -0.000294  5.21e-05  3.54e-06  8.08e-07 -2.92e-08   0.00641 -0.000432  0.000857 -6.19e-05   0.00395 -0.000794 -0.000577 -0.000116 -0.000483   0.00129  -0.00171   0.00568  -0.00013    -0.011   -0.0317   -0.0156   -0.0132   -0.0291   -0.0141    -0.021  -0.00308   -0.0216   0.00401   0.00283  0.000742  6.71e-05   0.00157  0.000161 -2.21e-05   0.00495  -0.00239 -7.28e-06 -0.000801
   0.0153  0.000153  -0.00625  -0.00286  -0.00559   -0.0015  1.21e-15  1.21e-15  5.77e-05  0.000234 -6.01e-16  -0.00143  -0.00291 -0.000309   -0.0019 -0.000281 -0.000343   -0.0018  -0.00375  0.000352   6.3e-05  -0.00146   0.00115 -0.000272  -0.00285  -0.00223   -0.0015 -2.27e-05 -3.59e-05  -0.00172 -0.000317 -0.000683  3.07e-06  9.18e-05  -0.00401 -9.91e-05  2.38e-06  0.000308  0.000109  -0.00278  2.48e-05  0.000117 -0.000168   0.00289   0.00216   -0.0271  3.22e-05  -0.00314   -0.0253   -0.0339   -0.0151   -0.0126         1   -0.0234  -0.00544  -0.00286   -0.0164  -0.00325  -0.00429  -0.00962  -0.00954   0.00719  0.000502  -0.00079  0.000785  4.85e-08   -0.0782   -0.0166   -0.0143  -0.00124  -0.00067  4.02e-05 -3.13e-07  8.72e-07 -2.58e-08    0.0145  0.000846  0.000574 -1.45e-07     0.013  -0.00036 -0.000481 -0.000142  -0.00142   0.00385    0.0018     0.132   0.00217   0.00617    0.0217   -0.0173    0.0145  -0.00504   -0.0312  -0.00289  -0.00104    0.0046    0.0145    0.0212   0.00236  3.65e-05   0.00812   0.00131  3.09e-05    0.0126    0.0061   0.00212  -0.00964
   0.0426   -0.0013   -0.0088  -0.00267  -0.00502  -0.00137  1.56e-15  1.56e-15  2.18e-05  0.000406 -1.19e-15  -0.00147  -0.00262 -0.000289  -0.00183   -0.0003 -0.000362  -0.00164  -0.00344  4.72e-06 -6.86e-05  -0.00368 -0.000815  -0.00142    -0.013  -0.00351  -0.00341 -0.000744 -0.000656  -0.00316 -0.000938  -0.00145  -0.00102 -0.000327  -0.00598  -0.00289  2.08e-06  0.000559  0.000288  -0.00458  3.75e-05 -4.12e-05  -0.00358  -0.00533  -0.00331    -0.049  2.28e-05   -0.0153   -0.0451   -0.0684   -0.0295    -0.021   -0.0234         1  -0.00959  -0.00666   -0.0233  -0.00613   -0.0079   -0.0144   -0.0103  0.000216   0.00181 -0.000106   0.00065  7.32e-05   -0.0814   -0.0136   -0.0132  -0.00128 -0.000706  7.28e-05  4.09e-06  1.41e-06 -2.35e-09    0.0115   0.00105  0.000789 -8.21e-06    0.0135  -0.00026 -0.000423  -1.6e-05  0.000945   0.00392  0.000307     0.121   0.00473   -0.0035     0.012  -0.00688    0.0137   -0.0192   -0.0227   -0.0103  -0.00121  -0.00226    0.0142    0.0178   0.00297  0.000181   0.00782   0.00134 -7.46e-07    0.0124   0.00427   0.00188  -0.00907
   0.0167 -0.000706  -0.00341 -0.000781 -0.000597 -0.000215  1.01e-15  1.01e-15  2.72e-05  0.000338  1.48e-16 -0.000485 -1.03e-06 -3.06e-05 -0.000567 -8.84e-05 -0.000111 -0.000117 -0.000269  0.000108 -0.000137  -0.00294 -0.000599 -0.000681  -0.00625  -0.00116  -0.00169 -0.000524 -0.000579  -0.00103 -0.000361 -0.000453 -0.000573 -0.000177  -0.00197  -0.00102 -4.81e-07  0.000201  0.000172 -0.000852  5.83e-06 -0.000415  -0.00267  -0.00611  -0.00427   -0.0178 -3.67e-05   -0.0112    -0.022   -0.0363   -0.0175  -0.00534  -0.00544  -0.00959         1  -0.00599  -0.00847  -0.00448  -0.00259  -0.00502  -0.00136   -0.0055  -0.00011 -0.000521 -0.000802 -0.000172   -0.0089  -0.00208  -0.00034    -2e-05 -0.000176 -1.13e-05 -1.65e-06 -1.82e-07 -5.01e-08  -0.00265 -0.000661 -0.000456 -0.000112  -0.00209  -0.00154  -0.00137 -0.000408  -0.00342  0.000661   -0.0015    0.0424   0.00122   -0.0103   0.00635   -0.0107     0.011  -0.00684   0.00113   -0.0116 -0.000257   -0.0163  -0.00204  -0.00991 -0.000562 -0.000108  -0.00077 -6.07e-05  -3.1e-05 -0.000569  -0.00369  8.18e-05  -0.00164
  0.00223  -0.00114   -0.0015 -0.000273  0.000933  0.000444  1.19e-15  1.19e-15 -4.21e-05  5.43e-05  5.95e-16  -0.00023  0.000115  2.33e-05  -0.00022 -2.64e-05 -3.73e-05    0.0002  0.000397  0.000355 -0.000141  -0.00291 -0.000261 -0.000284 -0.000234  -0.00112  -0.00155 -0.000472 -0.000512 -0.000784 -0.000237  -0.00044 -0.000572 -0.000141 -0.000918  -0.00108 -3.89e-07  9.97e-05  0.000144 -0.000581  9.83e-07 -0.000453  -0.00218  -0.00346  -0.00461  -0.00399  -1.8e-05   -0.0113   -0.0187    -0.033   -0.0163  -0.00677  -0.00286  -0.00666  -0.00599         1  -0.00605  -0.00334  -0.00282  -0.00345 -0.000231  -0.00849 -0.000114 -0.000604 -0.000591 -0.000213   0.00181   0.00291    0.0024    -0.001 -5.91e-05 -2.56e-05  -1.8e-06 -2.95e-07 -6.13e-08  -0.00487  -0.00107 -0.000569 -0.000126  -0.00539   -0.0017  -0.00143 -0.000456  -0.00421 -0.000266  -0.00211    0.0108   -0.0011   -0.0136  -0.00794   -0.0172   0.00341  -0.00808  0.000303   -0.0183  -0.00127   -0.0202  -0.00548   -0.0146   -0.0014 -0.000157  -0.00281 -0.000455 -3.65e-05  -0.00331  -0.00582 -0.000576  0.000414
   0.0307 -0.000863   -0.0075  -0.00211  -0.00335 -0.000873  9.19e-16  9.19e-16  7.95e-05  0.000579 -1.16e-15  -0.00114  -0.00169 -0.000189  -0.00142 -0.000216 -0.000258  -0.00106   -0.0022  6.85e-05 -0.000137  -0.00372  -0.00126  -0.00113  -0.00807  -0.00272  -0.00267 -0.000734 -0.000726  -0.00212 -0.000929  -0.00116  -0.00081 -0.000246  -0.00136  -0.00167  1.86e-06  0.000446   0.00024  -0.00199  2.77e-05 -0.000267  -0.00188  -0.00138  -0.00271   -0.0278  -5.5e-05   -0.0121   -0.0334   -0.0482   -0.0217   -0.0144   -0.0164   -0.0233  -0.00847  -0.00605         1   -0.0047  -0.00455   -0.0116  -0.00641   0.00138    0.0012 -0.000239  0.000227  1.53e-05   -0.0545   -0.0112  -0.00762  -0.00038 -0.000535  5.77e-05  1.03e-06  6.04e-07  -3.7e-08    0.0104  -0.00023  0.000628 -9.36e-05   0.00895  -0.00121 -0.000955 -0.000222 -0.000409   0.00328 -0.000404    0.0946   0.00397  -0.00293     0.012   -0.0155    0.0123    -0.017   -0.0138  -0.00489 -0.000612   -0.0149   0.00927   0.00645   0.00213  4.15e-05   0.00537  0.000996 -4.84e-06   0.00958   0.00104    0.0014  -0.00607
   0.0342 -0.000335  -0.00185 -0.000366 -0.000684 -0.000392  9.42e-16  9.42e-16 -1.07e-06  0.000304  3.84e-16 -0.000277  0.000213 -2.38e-05 -0.000305 -6.77e-05 -8.74e-05 -9.89e-05 -0.000252 -0.000166 -8.67e-05  -0.00126 -0.000162 -0.000639  -0.00881 -0.000398  -0.00113 -0.000319 -0.000341 -0.000796 -9.21e-05 -0.000163  -0.00034 -0.000182  -0.00398 -0.000971 -1.15e-06  7.45e-05  0.000111  -0.00144 -1.73e-06 -0.000151  -0.00292  -0.00872  -0.00328   -0.0246  5.53e-06  -0.00801   -0.0157   -0.0282   -0.0127  -0.00165  -0.00325  -0.00613  -0.00448  -0.00334   -0.0047         1  -0.00194  -0.00187  -0.00117  -0.00525 -0.000286 -9.44e-05 -0.000731 -7.78e-05  -0.00497 -0.000843 -0.000977   0.00028 -7.71e-05 -1.36e-05  7.38e-07  1.49e-07 -4.25e-09   -0.0052  0.000317 -0.000537 -2.19e-05  -0.00148 -0.000369 -0.000543 -0.000127  -0.00123  0.000119 -0.000874    0.0332   0.00131  -0.00797     0.012   0.00515    0.0138  0.000842   0.00452  -0.00702  0.000249  -0.00362  -0.00149  -0.00476 -0.000394  2.46e-05 -0.000505 -3.94e-05 -2.31e-05  -0.00143  -0.00112  5.89e-05  -0.00145
   0.0164 -0.000999 -0.000683 -0.000607  -0.00119 -0.000411  3.81e-16  3.81e-16 -2.86e-05 -0.000476     1e-16 -0.000422 -0.000448 -7.29e-05 -0.000454 -0.000105 -0.000134 -0.000397 -0.000861  0.000108  9.65e-05 -0.000209  0.000555  -0.00034  -0.00567 -0.000901 -0.000668 -3.84e-05 -2.82e-05 -0.000891 -7.58e-05 -0.000227 -0.000411  3.48e-05  -0.00626  -0.00155 -6.61e-08  0.000141  8.57e-05  -0.00228  8.32e-06 -1.97e-06  -0.00329  -0.00824  -0.00222    -0.019  6.02e-05  -0.00621   -0.0137   -0.0254   -0.0107  -0.00746  -0.00429   -0.0079  -0.00259  -0.00282  -0.00455  -0.00194         1  -0.00449  -0.00213  -0.00412 -9.85e-05 -0.000673 -0.000538 -0.000106  -0.00704  -0.00158  -0.00221   -0.0009 -4.38e-05 -4.84e-06  2.11e-06   7.3e-07  4.05e-08  -0.00802 -0.000156 -0.000129   5.9e-05  -0.00277  0.000642    0.0004  0.000138   0.00102  -0.00113 -0.000906    0.0283 -0.000663  -0.00628   -0.0241    0.0143   -0.0171  -0.00896  -0.00381   -0.0215  -0.00107    0.0041  -0.00384   -0.0029 -0.000494  1.92e-05  -0.00247 -0.000445 -2.31e-05  -0.00596  -0.00281  -0.00032  -0.00314
   0.0211 -0.000741  -0.00595  -0.00213  -0.00336   -0.0011 -9.18e-16 -9.18e-16  6.68e-05 -0.000475 -1.85e-15  -0.00108 -0.000811 -0.000144  -0.00139 -0.000201 -0.000235 -0.000806  -0.00164  6.75e-05   8.7e-05  -0.00363   -0.0017 -0.000915  -0.00856  -0.00217  -0.00113 -0.000446 -0.000608  -0.00102  -0.00102 -0.000691 -0.000726 -6.06e-05  -0.00133  -0.00162  6.79e-07    0.0006  0.000168  -0.00054  3.59e-05 -0.000548   -0.0018  -0.00272   -0.0016   -0.0139 -6.67e-05  -0.00705   -0.0199   -0.0246   -0.0121   -0.0101  -0.00962   -0.0144  -0.00502  -0.00345   -0.0116  -0.00187  -0.00449         1  -0.00271   0.00528   0.00068 -0.000804 -0.000791 -0.000309   -0.0239   -0.0133  -0.00468  0.000786 -0.000414  2.85e-05 -5.41e-06 -3.32e-07 -4.76e-08   0.00491  -0.00173  0.000619 -0.000108   0.00173  -0.00172  -0.00132  -0.00042   -0.0036   0.00165 -0.000627     0.068   0.00341   0.00041   -0.0142 -0.000761    -0.018   -0.0263   -0.0053  -0.00965   0.00044   -0.0231   0.00165  -0.00261   0.00016 -0.000205  0.000254  2.94e-05 -2.26e-05    0.0015  -0.00372   0.00101  -0.00578
   0.0811  0.000475  -0.00333  -0.00287  -0.00716  -0.00206   4.3e-16   4.3e-16  2.87e-05 -1.48e-05 -1.37e-16  -0.00119  -0.00369 -0.000389  -0.00186 -0.000274 -0.000347  -0.00227  -0.00482    -0.001 -8.99e-05   -0.0011 -0.000847  -0.00027   -0.0194 -0.000686 -0.000837  7.16e-06  0.000119  -0.00239  5.56e-05 -0.000446  8.61e-05 -0.000125   -0.0172   -0.0033   1.4e-06  -0.00025 -0.000154  -0.00498 -5.15e-06  0.000173  -0.00492   -0.0119 -0.000639   -0.0604  -1.9e-06   0.00275  -0.00595  -0.00683  -0.00212   -0.0045  -0.00954   -0.0103  -0.00136 -0.000231  -0.00641  -0.00117  -0.00213  -0.00271         1   0.00298  -0.00155  -0.00156 -0.000358 -1.68e-05    -0.071   -0.0179   -0.0131  -0.00152 -0.000347  2.62e-06 -6.85e-07     5e-07 -3.76e-09   0.00365 -0.000512 -1.99e-05  1.35e-05   0.00356  0.000219  0.000345  9.45e-05   0.00112  0.000524  0.000675    0.0211  -0.00194    0.0058   0.00243   -0.0173  -0.00173   0.00416   -0.0291  -0.00834  -0.00134   0.00332   0.00318   0.00692  0.000679   3.5e-05   0.00192  0.000299  2.54e-05 -0.000151   0.00188  0.000482   -0.0135
    0.114  -0.00278   0.00245   0.00379   0.00716   0.00217  2.76e-15  2.76e-15 -0.000191   0.00042  2.37e-15   0.00157    0.0024  0.000304   0.00224  0.000284  0.000337   0.00187    0.0038 -0.000214 -0.000268  -0.00187  -0.00119 -0.000897   -0.0103 -2.94e-05    -0.003 -0.000801 -0.000274  -0.00221  0.000636 -0.000574  -0.00165 -0.000696  -0.00516  -0.00399 -3.12e-06  1.01e-05   0.00025  -0.00396 -6.13e-06  0.000154  -0.00774   -0.0214   -0.0145   -0.0321  0.000161   -0.0227   -0.0264   -0.0632   -0.0272  -0.00634   0.00719  0.000216   -0.0055  -0.00849   0.00138  -0.00525  -0.00412   0.00528   0.00298         1   0.00185   0.00119   7.6e-05  0.000232    0.0371    0.0314   0.00961  -0.00234  0.000447 -4.61e-05   9.7e-06  6.15e-07  4.23e-08   -0.0204   0.00325   -0.0015  7.58e-05  -0.00775   0.00128  0.000452  0.000266   0.00193  -0.00288  -0.00189    -0.156 -0.000829   -0.0323   -0.0176   0.00163    0.0163   0.00303    0.0216   -0.0223  -0.00155    0.0322  -0.00772   -0.0103  -0.00108  0.000196  -0.00401  -0.00059 -7.07e-05  -0.00625  -0.00271  -0.00244    0.0112
  0.00165  0.000424  0.000667  -0.00139  -0.00262 -0.000802 -1.95e-17 -1.95e-17 -4.06e-06  -0.00025  3.98e-16  -0.00058  -0.00101 -0.000129 -0.000864 -0.000125 -0.000164 -0.000747  -0.00161  -0.00027 -3.87e-05 -4.02e-05  0.000378  0.000232  -0.00443  0.000312  0.000482  0.000136 -2.84e-05  4.93e-05  5.79e-05  0.000234   0.00041  0.000105  -0.00711 -0.000567 -1.79e-07 -0.000304 -0.000123 -0.000688 -1.94e-05 -0.000197  -0.00153  -0.00416  0.000995   -0.0121 -4.01e-05   0.00291   0.00502    0.0085   0.00322   0.00246  0.000502   0.00181  -0.00011 -0.000114    0.0012 -0.000286 -9.85e-05   0.00068  -0.00155   0.00185         1  -0.00121  -0.00109 -0.000229  -0.00584  -0.00835  -0.00162 -0.000217   1.3e-05 -3.31e-05 -3.02e-06 -2.34e-07 -1.88e-08  -0.00571  -0.00195 -0.000451 -5.05e-05  -0.00657  -0.00068  -0.00038 -0.000172  -0.00172  -0.00135  -0.00134    0.0256  -0.00313  0.000108  -0.00544  -0.00264  -0.00752    0.0039  -0.00578   -0.0114 -0.000648   -0.0188  -0.00768   -0.0125   -0.0017  -0.00011  -0.00405 -0.000705 -4.17e-06  -0.00829  -0.00441 -0.000441  -0.00572
 -0.00213   0.00022 -0.000127 -0.000967  -0.00193  -0.00058 -6.04e-17 -6.04e-17  3.65e-05 -0.000207  2.06e-16  -0.00042  -0.00082 -9.98e-05 -0.000621 -9.05e-05 -0.000117 -0.000575  -0.00122 -3.48e-05  2.54e-05 -2.92e-05  0.000432  0.000203  -0.00266  2.61e-05  0.000281  0.000169  0.000114  -0.00017  0.000124   0.00012  0.000194  0.000151  -0.00486 -0.000217  2.74e-07 -0.000102 -5.92e-05  -0.00062 -5.12e-06 -7.65e-05  -0.00123  -0.00313  0.000422    -0.009 -1.12e-05   0.00193   0.00136   0.00287  0.000773  0.000391  -0.00079 -0.000106 -0.000521 -0.000604 -0.000239 -9.44e-05 -0.000673 -0.000804  -0.00156   0.00119  -0.00121         1 -0.000649 -0.000142  -0.00827  -0.00574  -0.00211 -0.000365 -3.83e-05 -2.12e-05 -2.42e-06 -1.08e-07 -1.15e-08    -0.003  -0.00107 -0.000258 -2.07e-05  -0.00326 -0.000329 -0.000165 -0.000104  -0.00111 -0.000722 -0.000359    0.0174  -0.00193  0.000725  -0.00852  -0.00567  -0.00925  0.000929  -0.00772  -0.00964 -0.000568  -0.00382  -0.00385  -0.00562 -0.000803 -0.000116  -0.00208 -0.000358 -7.64e-07  -0.00466  -0.00254 -0.000188  -0.00408
  0.00621  5.76e-05  -0.00034 -0.000834  -0.00157 -0.000584 -2.43e-16 -2.43e-16 -8.72e-06 -0.000246 -3.52e-17 -0.000355 -0.000271 -6.32e-05 -0.000531 -7.73e-05 -9.87e-05 -0.000353 -0.000765 -0.000306 -2.44e-05  -0.00089 -0.000515 -0.000169   -0.0067  4.17e-05  5.06e-05 -7.37e-05 -0.000189 -0.000144  -0.00013  6.43e-05  4.26e-06 -3.87e-05  -0.00482 -0.000999 -7.24e-07 -6.79e-05 -3.83e-05 -0.000544 -6.52e-06 -0.000255   -0.0019  -0.00557 -0.000845   -0.0128 -3.39e-05 -0.000558   1.5e-05  0.000221 -0.000435   0.00125  0.000785   0.00065 -0.000802 -0.000591  0.000227 -0.000731 -0.000538 -0.000791 -0.000358   7.6e-05  -0.00109 -0.000649         1 -0.000207   0.00095  -0.00514 -0.000397  0.000339 -5.19e-06 -2.23e-05 -2.93e-06 -3.71e-07 -1.94e-08  -0.00471   -0.0013 -0.000319 -5.04e-05  -0.00504 -0.000732  -0.00054 -0.000192  -0.00201 -0.000841  -0.00106   0.00817  -0.00088  -0.00177  -0.00466   0.00212  -0.00599  -0.00175   0.00126  -0.00736  0.000108    -0.015  -0.00564  -0.00998  -0.00132 -0.000102  -0.00316 -0.000546 -1.47e-05  -0.00579  -0.00372 -0.000271  -0.00325
  0.00119  2.35e-06 -8.28e-05 -0.000257 -0.000324 -9.53e-05 -4.13e-17 -4.13e-17 -2.16e-05 -0.000137 -1.26e-17 -0.000102 -7.33e-05 -1.22e-05 -0.000158 -1.62e-05 -2.03e-05  -6.7e-05 -0.000142 -1.95e-05 -1.47e-06  -0.00049 -0.000119  1.36e-05  -0.00056 -6.22e-05  1.86e-05  -2.4e-05 -7.57e-05  3.66e-05 -6.03e-05  1.04e-05  1.62e-05 -1.49e-05 -0.000647 -0.000203 -2.55e-07 -3.82e-06 -1.08e-05 -1.68e-06  -9.1e-07 -0.000114 -0.000167 -0.000252 -6.45e-05 -0.000283 -8.41e-06 -0.000188 -3.99e-05  0.000321 -0.000237 -2.09e-05  4.85e-08  7.32e-05 -0.000172 -0.000213  1.53e-05 -7.78e-05 -0.000106 -0.000309 -1.68e-05  0.000232 -0.000229 -0.000142 -0.000207         1  0.000113  -0.00133  -6.5e-05  2.26e-05 -2.08e-05 -8.61e-06  -1.6e-06 -2.27e-07 -1.72e-08 -0.000363 -0.000406 -8.44e-05 -2.78e-05  -0.00138  -0.00044 -0.000365 -0.000128   -0.0015  -6.7e-05 -0.000275    0.0023 -0.000329 -0.000532 -0.000439  -0.00165 -0.000875  -0.00113 -0.000149  -0.00167 -2.68e-06  -0.00685  -0.00128  -0.00263 -0.000521 -5.28e-05 -0.000774 -0.000161 -4.09e-06 -0.000997  -0.00107 -2.23e-05 -0.000647
    0.615   0.00472   -0.0323   -0.0204   -0.0503   -0.0141  2.08e-15  2.08e-15   0.00022  0.000842 -3.99e-15  -0.00816   -0.0267  -0.00271   -0.0132  -0.00178  -0.00221   -0.0159   -0.0335  -0.00704 -0.000777   -0.0138   -0.0104  -0.00221    -0.127  -0.00656  -0.00725 -0.000647  0.000266   -0.0172 -0.000663  -0.00424  0.000278  -0.00145   -0.0997   -0.0217  1.19e-05 -0.000957 -0.000997   -0.0315   2.3e-05   0.00096   -0.0257    -0.055  -0.00163    -0.392 -0.000137    0.0238   -0.0447   -0.0324   -0.0104   -0.0346   -0.0782   -0.0814   -0.0089   0.00181   -0.0545  -0.00497  -0.00704   -0.0239    -0.071    0.0371  -0.00584  -0.00827   0.00095  0.000113         1    -0.131   -0.0996  -0.00907  -0.00328  0.000118 -1.56e-05  1.28e-06 -2.43e-07     0.077  -0.00096    0.0018 -0.000156    0.0538   -0.0021 -0.000618 -0.000277  -0.00148    0.0137    0.0105     0.113  -0.00351    0.0623     0.097     -0.19    0.0449    0.0191    -0.218    0.0121  -0.00611    0.0143    0.0586    0.0916   0.00966  9.79e-05    0.0331   0.00529  0.000253    0.0417    0.0295    0.0073   -0.0898
    0.103   0.00293  -0.00971   -0.0115   -0.0233  -0.00727 -2.87e-15 -2.87e-15  5.96e-05  -0.00162 -2.84e-15  -0.00473   -0.0086  -0.00109  -0.00717 -0.000975  -0.00121  -0.00636   -0.0134  -0.00288 -0.000151  -0.00699  -0.00438 -0.000706   -0.0514  -0.00142  0.000805 -0.000128  -0.00103  -0.00247  -0.00159 -0.000248   0.00123  -9.2e-05   -0.0409  -0.00732  7.49e-07 -0.000616 -0.000592  -0.00604 -2.99e-05  -0.00148  -0.00914   -0.0224   0.00573    -0.115 -0.000352    0.0167   0.00997    0.0405    0.0151    0.0021   -0.0166   -0.0136  -0.00208   0.00291   -0.0112 -0.000843  -0.00158   -0.0133   -0.0179    0.0314  -0.00835  -0.00574  -0.00514  -0.00133    -0.131         1   -0.0275   0.00145 -0.000995  -5.9e-05 -2.63e-05 -2.32e-06 -2.04e-07   0.00544   -0.0104  -0.00014 -0.000408   -0.0125  -0.00591  -0.00377  -0.00141   -0.0136  0.000196   -0.0033     0.178  -0.00556    0.0244   0.00327   -0.0292   -0.0367   -0.0125   -0.0509   -0.0229  3.57e-05     -0.12    -0.015   -0.0329  -0.00497 -0.000672  -0.00861  -0.00169  1.63e-05   -0.0192   -0.0141   0.00158   -0.0433
   0.0842   0.00149  -0.00553  -0.00396   -0.0107  -0.00337 -7.21e-17 -7.21e-17  0.000102 -0.000226 -6.36e-16  -0.00164   -0.0046 -0.000534   -0.0026  -0.00038 -0.000474  -0.00315  -0.00663  -0.00118  0.000112  -0.00059 -0.000431 -0.000262   -0.0266  -0.00057 -0.000263  0.000407  0.000539  -0.00274  0.000307 -0.000215  0.000359  2.63e-05   -0.0214  -0.00291  1.34e-06 -4.48e-05 -0.000199  -0.00617  1.12e-05  0.000395  -0.00543   -0.0151   0.00148   -0.0811  4.48e-05   0.00852  -0.00503  -0.00151  0.000339  -0.00232   -0.0143   -0.0132  -0.00034    0.0024  -0.00762 -0.000977  -0.00221  -0.00468   -0.0131   0.00961  -0.00162  -0.00211 -0.000397  -6.5e-05   -0.0996   -0.0275         1 -0.000883 -0.000622 -1.75e-07 -4.22e-06  3.92e-07  -1.4e-09    0.0095  0.000724  7.43e-05  7.92e-05   0.00979  0.000659  0.000447  8.52e-05 -0.000372   0.00201    0.0034    0.0541  0.000103    0.0158    0.0168    -0.015  0.000198   0.00824   -0.0406 -0.000428 -0.000123    0.0261    0.0108     0.023   0.00159 -2.77e-05    0.0058  0.000878  4.91e-05   0.00509   0.00719   0.00175   -0.0184
   0.0166 -0.000273  0.000926 -8.09e-05  1.61e-05  0.000226  6.12e-16  6.12e-16 -4.12e-05 -9.34e-05   5.7e-16 -3.01e-05  -0.00072 -3.36e-05 -5.15e-05 -4.62e-06  -1.1e-05 -0.000195  -0.00042  0.000174 -1.84e-05  0.000236  0.000713  0.000356   0.00334 -0.000185 -0.000166  9.61e-05  0.000157 -0.000309  0.000213 -8.45e-05  7.07e-05  5.62e-05  -0.00193 -0.000251  6.71e-07 -0.000142 -3.28e-05 -0.000861 -5.38e-06  0.000101 -0.000214   0.00102 -5.71e-05  0.000663  3.21e-05 -5.81e-05  -0.00081  -0.00305  -0.00128  -0.00298  -0.00124  -0.00128    -2e-05    -0.001  -0.00038   0.00028   -0.0009  0.000786  -0.00152  -0.00234 -0.000217 -0.000365  0.000339  2.26e-05  -0.00907   0.00145 -0.000883         1  1.15e-05 -7.87e-06  1.12e-06  2.75e-07 -9.89e-10 -0.000604 -2.88e-05 -0.000104  1.17e-05 -0.000612  0.000194  0.000197  4.21e-05  0.000262 -0.000436 -0.000161   -0.0085  -0.00237  -0.00186  -0.00844  -0.00986  -0.00286   0.00193  -0.00886  -0.00779  -0.00139   0.00266 -0.000729    0.0002 -0.000177  5.66e-06 -0.000342 -9.23e-05  4.97e-06 -0.000984 -0.000335 -0.000352 -0.000756
 -0.00302  3.41e-05 -0.000354 -0.000158 -0.000301 -8.82e-05 -6.09e-18 -6.09e-18 -1.73e-06  -1.9e-05 -6.74e-17 -6.53e-05 -0.000119 -1.38e-05 -0.000101 -1.13e-05 -1.34e-05 -8.01e-05 -0.000165 -1.48e-05  1.05e-06 -0.000256 -9.09e-05 -1.99e-05 -0.000538 -8.82e-05 -5.38e-05  -1.4e-05 -2.21e-05 -7.07e-05 -3.14e-05 -2.85e-05 -6.17e-06 -1.13e-05 -0.000219 -7.88e-05  2.82e-09  2.08e-05  2.13e-07 -8.54e-05  1.46e-06 -2.63e-05 -3.37e-05  3.96e-05  1.27e-05  -0.00138 -2.32e-06 -3.22e-05 -0.000726 -0.000625 -0.000399 -0.000294  -0.00067 -0.000706 -0.000176 -5.91e-05 -0.000535 -7.71e-05 -4.38e-05 -0.000414 -0.000347  0.000447   1.3e-05 -3.83e-05 -5.19e-06 -2.08e-05  -0.00328 -0.000995 -0.000622  1.15e-05         1 -2.07e-07  -6.2e-07 -7.06e-08 -7.62e-09   0.00092 -2.61e-05   1.2e-05 -9.19e-06  0.000397 -0.000157 -0.000139 -4.72e-05 -0.000546  0.000214  9.19e-05   0.00282  0.000146  0.000389   0.00155  -0.00172  0.000813 -0.000493  -0.00112  0.000468  4.54e-05  -0.00117  0.000569  0.000589  2.47e-07  -1.6e-05  0.000288  3.81e-05   7.5e-07  0.000619  0.000148  0.000108 -0.000459
 0.000365     4e-06  2.22e-05 -1.59e-05 -2.05e-05 -6.54e-06  6.74e-18  6.74e-18 -2.04e-06 -1.26e-05  1.69e-17 -5.89e-06 -3.65e-06 -7.74e-07 -1.02e-05 -9.44e-07 -1.34e-06 -4.04e-06 -9.11e-06  6.83e-07   4.5e-07 -2.72e-05  1.03e-05  8.22e-06 -3.25e-05  6.28e-06  7.79e-06  2.71e-06 -1.06e-06  5.47e-06  4.48e-06  7.04e-06  5.45e-06  8.69e-07 -0.000102 -8.32e-06 -3.39e-08 -2.88e-06 -1.64e-06 -8.23e-06 -2.49e-07 -7.88e-06 -2.83e-05 -7.65e-05 -1.29e-05 -8.05e-05  1.54e-07  2.37e-06  4.03e-05  3.24e-05 -2.47e-05  5.21e-05  4.02e-05  7.28e-05 -1.13e-05 -2.56e-05  5.77e-05 -1.36e-05 -4.84e-06  2.85e-05  2.62e-06 -4.61e-05 -3.31e-05 -2.12e-05 -2.23e-05 -8.61e-06  0.000118  -5.9e-05 -1.75e-07 -7.87e-06 -2.07e-07         1 -1.49e-07 -2.09e-08 -1.48e-09 -0.000123 -2.66e-05 -1.85e-05 -1.91e-06 -0.000172 -3.36e-05 -3.08e-05 -1.16e-05 -0.000151 -2.22e-05  -1.9e-05     2e-06 -6.23e-05 -9.39e-05 -2.77e-05 -0.000203  -2.3e-05  6.79e-05 -4.63e-05 -0.000247  -6.7e-06 -0.000381 -0.000159 -0.000261 -6.02e-05 -5.58e-06 -9.13e-05 -1.85e-05 -3.87e-07 -0.000142 -9.67e-05 -9.26e-06 -4.81e-05
-1.31e-05  1.05e-06 -4.03e-06 -4.59e-06 -6.26e-06  -1.8e-06 -1.49e-18 -1.49e-18 -3.09e-07 -2.24e-06 -9.98e-19 -1.64e-06 -1.56e-06 -2.23e-07  -2.8e-06 -2.22e-07 -2.69e-07 -1.25e-06 -2.57e-06 -4.11e-07 -4.33e-09 -1.04e-05 -3.52e-06  4.49e-07 -9.16e-06 -9.76e-07   5.7e-07 -3.67e-07 -1.18e-06  5.99e-07 -1.01e-06  1.46e-07  3.45e-07 -3.04e-07 -6.73e-06 -2.71e-06 -4.14e-09  1.82e-07 -2.33e-07  1.28e-06  4.32e-09 -2.07e-06 -7.14e-07  1.74e-06 -3.47e-07  1.52e-06 -1.83e-07  2.53e-06  6.02e-06  2.34e-05  2.14e-06  3.54e-06 -3.13e-07  4.09e-06 -1.65e-06  -1.8e-06  1.03e-06  7.38e-07  2.11e-06 -5.41e-06 -6.85e-07   9.7e-06 -3.02e-06 -2.42e-06 -2.93e-06  -1.6e-06 -1.56e-05 -2.63e-05 -4.22e-06  1.12e-06  -6.2e-07 -1.49e-07         1 -5.32e-09 -3.94e-10  9.17e-06 -6.34e-06 -1.21e-06 -5.77e-07 -1.67e-05 -9.13e-06 -7.57e-06 -2.69e-06 -3.14e-05  1.63e-06 -1.98e-06 -3.43e-08 -3.33e-06   3.9e-07  1.55e-05  -6.1e-05 -2.22e-06 -1.84e-05 -1.03e-05 -5.98e-06  1.46e-06 -0.000111 -1.21e-05 -3.31e-05 -8.11e-06 -1.15e-06 -8.12e-06 -1.94e-06 -4.35e-08 -5.43e-06 -1.38e-05  7.54e-07 -1.04e-05
 6.93e-06  8.29e-08 -5.45e-07 -4.36e-07 -3.77e-07 -9.35e-08 -2.32e-19 -2.32e-19 -6.18e-08 -2.87e-07 -1.85e-19 -1.18e-07 -2.75e-09 -3.96e-09 -2.54e-07  -4.4e-09 -3.69e-09 -1.36e-08 -1.99e-08 -1.16e-07 -3.23e-08 -1.87e-06 -8.98e-07 -1.48e-09  -1.4e-06 -1.18e-07 -3.09e-08 -1.46e-07 -2.58e-07  1.03e-07 -2.03e-07 -2.31e-08 -2.75e-08 -1.19e-07 -5.24e-08 -5.62e-07 -8.22e-10   3.3e-08 -2.76e-08  3.78e-07  4.49e-10 -3.46e-07  -7.2e-09  5.46e-07 -5.85e-07  1.93e-06 -3.43e-08 -3.59e-07  1.06e-06  3.52e-06  2.82e-07  8.08e-07  8.72e-07  1.41e-06 -1.82e-07 -2.95e-07  6.04e-07  1.49e-07   7.3e-07 -3.32e-07     5e-07  6.15e-07 -2.34e-07 -1.08e-07 -3.71e-07 -2.27e-07  1.28e-06 -2.32e-06  3.92e-07  2.75e-07 -7.06e-08 -2.09e-08 -5.32e-09         1 -6.53e-11  1.81e-06  -8.8e-07 -1.75e-07 -9.94e-08 -2.56e-06 -1.51e-06 -1.25e-06  -4.3e-07 -4.91e-06   3.2e-07 -4.02e-07 -1.27e-05 -2.01e-07 -8.15e-07   4.2e-06    -1e-05  2.19e-06 -3.16e-06  1.21e-06  1.42e-06  3.69e-07 -1.88e-05 -1.73e-06 -5.57e-06 -1.24e-06 -1.65e-07 -1.16e-06 -2.79e-07 -8.91e-09 -1.98e-07 -2.08e-06  5.42e-08 -4.58e-07
-5.09e-07  2.27e-09 -5.33e-08 -4.42e-08 -3.59e-08 -4.06e-09 -5.55e-22 -5.55e-22 -5.33e-09 -1.85e-08 -7.83e-21 -1.46e-08  -1.7e-08  -1.3e-09 -2.63e-08 -1.15e-09 -1.34e-09  -6.7e-09 -1.34e-08 -3.06e-09 -4.02e-09 -1.55e-07 -5.63e-08  3.68e-09 -7.63e-09 -2.23e-08 -1.42e-08 -1.29e-08 -2.18e-08  2.01e-09  -1.7e-08 -6.87e-09 -6.76e-10 -8.92e-09  8.11e-09 -3.98e-08 -4.34e-11  9.49e-10 -1.76e-09  2.26e-08 -3.49e-11 -2.72e-08  1.55e-08  1.33e-07 -3.39e-08  2.27e-07 -2.71e-09 -6.68e-08  -4.6e-08  7.81e-08 -7.03e-08 -2.92e-08 -2.58e-08 -2.35e-09 -5.01e-08 -6.13e-08  -3.7e-08 -4.25e-09  4.05e-08 -4.76e-08 -3.76e-09  4.23e-08 -1.88e-08 -1.15e-08 -1.94e-08 -1.72e-08 -2.43e-07 -2.04e-07  -1.4e-09 -9.89e-10 -7.62e-09 -1.48e-09 -3.94e-10 -6.53e-11         1  2.09e-07  -7.3e-08 -1.23e-08 -8.42e-09 -1.63e-07 -1.25e-07 -1.03e-07 -3.51e-08 -3.91e-07  3.88e-08 -3.91e-08 -4.05e-07 -3.95e-08 -9.52e-08  4.04e-07 -1.05e-06   3.1e-07 -2.41e-07 -9.35e-08  2.85e-08   3.8e-09 -1.62e-06 -9.57e-08 -4.14e-07 -9.07e-08 -1.24e-08 -6.35e-08 -1.74e-08 -5.44e-10  3.54e-08 -1.57e-07  6.96e-09 -5.97e-08
      0.1  -0.00148   0.00819  0.000231 -0.000298 -0.000813  7.64e-16  7.64e-16  8.74e-06 -0.000871  3.05e-15 -0.000219   0.00145 -6.97e-06  1.61e-05 -0.000167 -0.000248     5e-05  -0.00015 -0.000522  6.83e-05   0.00483   0.00317 -0.000275    -0.021   0.00206   0.00101  0.000429  0.000273  4.95e-05  0.000968   0.00115 -3.26e-06  0.000385   -0.0258  -0.00285 -3.66e-06 -0.000775 -5.77e-05  -0.00411 -6.36e-05  1.09e-05   -0.0122   -0.0394  -0.00644   -0.0535  8.93e-05  -0.00857 -0.000665   -0.0236  -0.00838   0.00641    0.0145    0.0115  -0.00265  -0.00487    0.0104   -0.0052  -0.00802   0.00491   0.00365   -0.0204  -0.00571    -0.003  -0.00471 -0.000363     0.077   0.00544    0.0095 -0.000604   0.00092 -0.000123  9.17e-06  1.81e-06  2.09e-07         1   -0.0032  -0.00249   0.00021   -0.0343   0.00312   0.00257  0.000808   0.00818    -0.011  -0.00687    0.0195  -0.00928   -0.0273   -0.0794    0.0758   -0.0563   0.00966    0.0251   -0.0749  -0.00237   0.00264   -0.0423   -0.0545  -0.00598  8.06e-05   -0.0229  -0.00367 -0.000103   -0.0486   -0.0199  -0.00437  -0.00579
   0.0152 -3.16e-05 -0.000121  -0.00184  -0.00242 -0.000599 -5.37e-16 -5.37e-16 -6.67e-05 -0.000529 -2.97e-16 -0.000738  -0.00102 -0.000117  -0.00109 -0.000131 -0.000166 -0.000661  -0.00141 -0.000323  -0.00012  -0.00225  -0.00109  5.13e-05  -0.00331 -0.000362  0.000152 -0.000228 -0.000529  0.000157 -0.000547 -8.24e-05  0.000169  -5.8e-05  -0.00475  -0.00152  -1.6e-07 -0.000239 -0.000113  0.000231 -1.65e-05 -0.000639 -0.000946 -0.000543  0.000385 -0.000876 -0.000113  0.000571   0.00425    0.0103   0.00309 -0.000432  0.000846   0.00105 -0.000661  -0.00107  -0.00023  0.000317 -0.000156  -0.00173 -0.000512   0.00325  -0.00195  -0.00107   -0.0013 -0.000406  -0.00096   -0.0104  0.000724 -2.88e-05 -2.61e-05 -2.66e-05 -6.34e-06  -8.8e-07  -7.3e-08   -0.0032         1  -0.00018 -0.000171  -0.00935  -0.00224  -0.00144  -0.00051  -0.00459  -0.00117  -0.00278    0.0159  -0.00322   -0.0016   -0.0133  -0.00993   -0.0141  -0.00789  -0.00232   -0.0124 -0.000757   -0.0498   -0.0106   -0.0218  -0.00259  -0.00022   -0.0059  -0.00106 -1.82e-05  -0.00923  -0.00841 -0.000583  -0.00562
  0.00794  3.07e-05  0.000287 -0.000117 -0.000184 -8.17e-05  2.13e-16  2.13e-16 -1.86e-05 -7.58e-05  3.21e-16 -4.78e-05  8.44e-06 -6.79e-06 -8.43e-05 -1.05e-05 -1.61e-05 -3.08e-05    -8e-05 -2.15e-05 -7.67e-06 -0.000239  0.000171  5.27e-05   -0.0013  0.000132  5.03e-06  1.96e-05 -8.41e-06    -2e-05  9.99e-05  9.05e-05  4.26e-05 -1.51e-06  -0.00177 -0.000156 -5.03e-07 -5.02e-05 -1.25e-05 -0.000283 -4.43e-06 -6.94e-05 -0.000705  -0.00214 -0.000549  -0.00395  5.84e-06 -0.000577   -0.0005  -0.00194  -0.00124  0.000857  0.000574  0.000789 -0.000456 -0.000569  0.000628 -0.000537 -0.000129  0.000619 -1.99e-05   -0.0015 -0.000451 -0.000258 -0.000319 -8.44e-05    0.0018  -0.00014  7.43e-05 -0.000104   1.2e-05 -1.85e-05 -1.21e-06 -1.75e-07 -1.23e-08  -0.00249  -0.00018         1 -1.56e-05  -0.00223 -0.000284 -0.000292 -0.000108  -0.00145  -0.00037 -0.000275 -0.000175 -0.000724  -0.00202  0.000724  -0.00159   0.00137   0.00204  8.56e-05   -0.0036 -8.63e-05  -0.00249  -0.00216  -0.00343  -0.00069    -5e-05  -0.00116 -0.000216 -6.12e-06  -0.00204   -0.0011 -0.000168 -0.000521
 0.000526 -5.96e-06 -9.04e-05 -8.36e-05 -6.75e-05 -9.45e-06 -1.06e-17 -1.06e-17 -7.81e-06 -2.44e-05 -2.34e-17 -2.97e-05 -2.89e-05  -2.6e-06  -4.9e-05  -3.3e-06 -3.96e-06 -1.33e-05 -2.76e-05 -1.45e-05 -1.07e-05 -0.000262  -0.00012 -5.77e-06 -0.000118 -4.11e-05 -3.14e-05 -3.03e-05 -4.74e-05  1.75e-06 -4.09e-05 -1.69e-05 -5.27e-06 -1.74e-05 -2.36e-05 -9.27e-05 -5.98e-08 -2.69e-06 -2.85e-06  4.55e-05 -3.91e-07 -5.03e-05 -2.28e-06  0.000153 -7.62e-05  0.000277 -6.89e-06 -0.000173 -7.97e-05  0.000133 -9.92e-05 -6.19e-05 -1.45e-07 -8.21e-06 -0.000112 -0.000126 -9.36e-05 -2.19e-05   5.9e-05 -0.000108  1.35e-05  7.58e-05 -5.05e-05 -2.07e-05 -5.04e-05 -2.78e-05 -0.000156 -0.000408  7.92e-05  1.17e-05 -9.19e-06 -1.91e-06 -5.77e-07 -9.94e-08 -8.42e-09   0.00021 -0.000171 -1.56e-05         1 -0.000387  -0.00021 -0.000162 -5.42e-05 -0.000555  3.28e-05 -0.000127 -0.000371 -7.76e-05  -0.00023  0.000364  -0.00149  0.000275 -0.000549  4.51e-05 -0.000109 -1.68e-06  -0.00329 -0.000336  -0.00106 -0.000156 -1.82e-05 -0.000194 -4.02e-05 -1.29e-06 -0.000113 -0.000386 -5.31e-06 -0.000141
   0.0474 -0.000949   0.00509  -0.00308  -0.00292 -0.000846 -3.89e-16 -3.89e-16  -0.00034  -0.00211  1.45e-15  -0.00123 -0.000484  -0.00012  -0.00184  -0.00023 -0.000313   -0.0006  -0.00141 -0.000735 -0.000238  -0.00495  -0.00127  0.000345   -0.0121  0.000419  0.000801 -0.000403  -0.00122  0.000935 -0.000618  0.000526   0.00031 -0.000148   -0.0192   -0.0048  -4.4e-06 -0.000837 -0.000286 -0.000618  -6.7e-05  -0.00179  -0.00696   -0.0168  -0.00407   -0.0103 -0.000174  -0.00522    0.0107    0.0119  0.000857   0.00395     0.013    0.0135  -0.00209  -0.00539   0.00895  -0.00148  -0.00277   0.00173   0.00356  -0.00775  -0.00657  -0.00326  -0.00504  -0.00138    0.0538   -0.0125   0.00979 -0.000612  0.000397 -0.000172 -1.67e-05 -2.56e-06 -1.63e-07   -0.0343  -0.00935  -0.00223 -0.000387         1  -0.00539   -0.0039  -0.00142   -0.0154  -0.00754  -0.00941    -0.012   -0.0124   -0.0228   -0.0567  -0.00162   -0.0447   -0.0118    0.0135   -0.0597  -0.00241    -0.123   -0.0451   -0.0784   -0.0109 -0.000681   -0.0252  -0.00451 -0.000107   -0.0419   -0.0293  -0.00359     -0.01
-0.000561 -3.33e-05  -0.00129  -0.00121  -0.00102 -0.000178 -1.31e-16 -1.31e-16 -0.000122 -0.000459 -2.89e-16 -0.000438 -0.000335 -3.49e-05 -0.000721 -4.82e-05 -5.77e-05 -0.000178 -0.000364 -0.000121  -0.00011  -0.00374  -0.00146 -2.38e-05  -0.00116 -0.000584 -0.000348 -0.000367 -0.000628  0.000113  -0.00053 -0.000174 -4.07e-05 -0.000218   -0.0002  -0.00112 -1.09e-06  7.78e-06 -3.56e-05  0.000649 -3.08e-06 -0.000722  9.06e-05   0.00233 -0.000868   0.00481 -8.26e-05  -0.00231  -0.00158   0.00116  -0.00193 -0.000794  -0.00036  -0.00026  -0.00154   -0.0017  -0.00121 -0.000369  0.000642  -0.00172  0.000219   0.00128  -0.00068 -0.000329 -0.000732  -0.00044   -0.0021  -0.00591  0.000659  0.000194 -0.000157 -3.36e-05 -9.13e-06 -1.51e-06 -1.25e-07   0.00312  -0.00224 -0.000284  -0.00021  -0.00539         1  -0.00245  -0.00083  -0.00893  0.000594  -0.00153 -0.000499 -0.000979  -0.00309   0.00651   -0.0205   0.00438  -0.00763  0.000189  -0.00174  0.000104    -0.045   -0.0043   -0.0137  -0.00239 -0.000289   -0.0026 -0.000579 -1.89e-05   -0.0012  -0.00515  4.72e-05  -0.00193
 -0.00289 -2.98e-05  -0.00106 -0.000837 -0.000574 -9.77e-05   2.1e-18   2.1e-18 -0.000109 -0.000393 -1.56e-16 -0.000301 -8.58e-05 -1.24e-05 -0.000503 -2.74e-05  -3.2e-05 -5.07e-05 -9.77e-05 -3.36e-05 -6.59e-05  -0.00302  -0.00102 -1.92e-05 -0.000609 -0.000458 -0.000302 -0.000276 -0.000482  0.000122 -0.000376 -0.000106 -4.87e-05 -0.000179  0.000295  -0.00075 -1.15e-06  5.12e-05 -1.22e-05    0.0005  -3.7e-07 -0.000569  0.000127   0.00179 -0.000843   0.00416 -5.07e-05  -0.00238   -0.0025  -0.00153  -0.00273 -0.000577 -0.000481 -0.000423  -0.00137  -0.00143 -0.000955 -0.000543    0.0004  -0.00132  0.000345  0.000452  -0.00038 -0.000165  -0.00054 -0.000365 -0.000618  -0.00377  0.000447  0.000197 -0.000139 -3.08e-05 -7.57e-06 -1.25e-06 -1.03e-07   0.00257  -0.00144 -0.000292 -0.000162   -0.0039  -0.00245         1 -0.000695   -0.0078  0.000639 -0.000987  0.000589 -0.000443  -0.00299   0.00796   -0.0155   0.00609  -0.00554  0.000912 -0.000729   0.00024   -0.0332  -0.00268   -0.0094  -0.00195 -0.000237  -0.00171 -0.000419 -1.63e-05 -0.000148  -0.00354  0.000131 -0.000934
 -0.00164  9.91e-06 -0.000307 -0.000304 -0.000236 -4.33e-05 -6.02e-18 -6.02e-18 -3.53e-05 -0.000148 -3.44e-17  -0.00011 -5.21e-05 -6.52e-06 -0.000183 -1.08e-05  -1.3e-05 -3.11e-05 -6.19e-05   3.9e-06 -1.66e-05 -0.000974 -0.000281  2.35e-05  1.48e-06 -0.000139 -6.03e-05 -7.27e-05 -0.000144  6.18e-05  -0.00011 -1.95e-05  3.21e-06 -4.56e-05     3e-05 -0.000203 -3.68e-07  1.36e-05 -7.63e-06  0.000182 -2.36e-07  -0.00019  7.16e-05  0.000684 -0.000185   0.00173 -1.61e-05 -0.000571 -0.000537  1.56e-05 -0.000717 -0.000116 -0.000142  -1.6e-05 -0.000408 -0.000456 -0.000222 -0.000127  0.000138  -0.00042  9.45e-05  0.000266 -0.000172 -0.000104 -0.000192 -0.000128 -0.000277  -0.00141  8.52e-05  4.21e-05 -4.72e-05 -1.16e-05 -2.69e-06  -4.3e-07 -3.51e-08  0.000808  -0.00051 -0.000108 -5.42e-05  -0.00142  -0.00083 -0.000695         1  -0.00271  0.000188  -0.00031  0.000811 -0.000257  -0.00086   0.00226  -0.00555   0.00156  -0.00171 -0.000115 -0.000559  5.47e-05    -0.011    -0.001  -0.00322  -0.00069 -8.68e-05 -0.000637 -0.000154  -5.1e-06 -0.000187  -0.00124  4.02e-05 -0.000404
   -0.015   0.00023  -0.00258  -0.00309  -0.00242 -0.000495  1.02e-16  1.02e-16  -0.00045  -0.00202 -2.21e-17  -0.00109 -0.000324 -5.36e-05  -0.00188 -9.51e-05 -0.000114 -0.000242 -0.000469  0.000211 -5.11e-05   -0.0104  -0.00228  0.000504   0.00103   -0.0013 -0.000299 -0.000553  -0.00134  0.000865 -0.000897  3.25e-05  0.000146 -0.000442 -0.000326   -0.0019 -4.98e-06  0.000227 -9.41e-05   0.00155  2.15e-06    -0.002  0.000796   0.00676  -0.00172    0.0191 -0.000106  -0.00527  -0.00525 -0.000449   -0.0084 -0.000483  -0.00142  0.000945  -0.00342  -0.00421 -0.000409  -0.00123   0.00102   -0.0036   0.00112   0.00193  -0.00172  -0.00111  -0.00201   -0.0015  -0.00148   -0.0136 -0.000372  0.000262 -0.000546 -0.000151 -3.14e-05 -4.91e-06 -3.91e-07   0.00818  -0.00459  -0.00145 -0.000555   -0.0154  -0.00893   -0.0078  -0.00271         1    0.0021  -0.00238   0.00334  -0.00293  -0.00934    0.0275   -0.0575    0.0188   -0.0157  -0.00257  -0.00659  0.000855    -0.109  -0.00968   -0.0297  -0.00813  -0.00101  -0.00659  -0.00174 -5.59e-05  -0.00125   -0.0119  0.000626  -0.00364
   0.0191 -0.000258   0.00223 -8.74e-05 -0.000277 -0.000127 -7.47e-17 -7.47e-17 -9.55e-06 -0.000275   5.4e-16 -5.29e-05 -9.21e-05 -2.19e-05 -5.15e-05  -3.3e-05 -4.97e-05 -0.000119 -0.000296 -0.000178 -4.16e-06   0.00108  0.000454  0.000119  -0.00299  0.000476  0.000426  0.000124  9.22e-05  6.96e-05  0.000175  0.000213  9.61e-05  9.33e-05  -0.00563 -0.000785 -2.75e-07 -0.000256  -6.8e-05 -0.000745 -1.65e-05  4.58e-06  -0.00209  -0.00625 -0.000612  -0.00716  3.11e-06  0.000498   0.00473   0.00391   0.00224   0.00129   0.00385   0.00392  0.000661 -0.000266   0.00328  0.000119  -0.00113   0.00165  0.000524  -0.00288  -0.00135 -0.000722 -0.000841  -6.7e-05    0.0137  0.000196   0.00201 -0.000436  0.000214 -2.22e-05  1.63e-06   3.2e-07  3.88e-08    -0.011  -0.00117  -0.00037  3.28e-05  -0.00754  0.000594  0.000639  0.000188    0.0021         1  -0.00156  -0.00966  -0.00297  -0.00375   -0.0219    0.0112   -0.0168   0.00147   0.00218   -0.0153 -0.000872  -0.00376  -0.00945   -0.0123  -0.00131  8.97e-06  -0.00516 -0.000843 -1.49e-05   -0.0107  -0.00463  -0.00107  -0.00181
  0.00941 -0.000572  0.000651 -0.000875 -0.000483 -4.03e-05  4.16e-17  4.16e-17 -0.000103 -0.000293  6.89e-17  -0.00038 -0.000236 -2.81e-05 -0.000504 -6.71e-05 -8.77e-05 -0.000133  -0.00032 -0.000278  -0.00017  -0.00184 -0.000961 -0.000196  -0.00278 -0.000353 -0.000374 -0.000397 -0.000624  4.84e-05 -0.000517 -0.000174 -8.62e-05 -0.000181  -0.00332  -0.00173 -6.32e-07 -0.000239 -3.77e-05 -4.09e-05 -1.92e-05 -0.000532  -0.00143  -0.00225  -0.00137 -0.000973  -8.3e-05  -0.00404  -0.00117  -0.00245  -0.00184  -0.00171    0.0018  0.000307   -0.0015  -0.00211 -0.000404 -0.000874 -0.000906 -0.000627  0.000675  -0.00189  -0.00134 -0.000359  -0.00106 -0.000275    0.0105   -0.0033    0.0034 -0.000161  9.19e-05  -1.9e-05 -1.98e-06 -4.02e-07 -3.91e-08  -0.00687  -0.00278 -0.000275 -0.000127  -0.00941  -0.00153 -0.000987  -0.00031  -0.00238  -0.00156         1   0.00536   -0.0026  -0.00725   -0.0125  9.27e-05  -0.00774  -0.00691   0.00568   -0.0136 -0.000873   -0.0439   -0.0109   -0.0219   -0.0023 -7.59e-05  -0.00594  -0.00102 -2.92e-05   -0.0094  -0.00791 -0.000914  -0.00237
    0.389   -0.0132   0.00862    0.0274    0.0369    0.0127 -8.42e-15 -8.42e-15  -0.00199  -0.00196 -4.93e-15    0.0162   0.00619   0.00166    0.0177   0.00318   0.00399   0.00968    0.0203   -0.0171  -0.00302   -0.0409   -0.0642  -0.00836    -0.196   0.00516   -0.0152  -0.00873  -0.00309   -0.0222  -0.00039  -0.00825   -0.0146   -0.0103   -0.0515   -0.0636 -1.91e-05  -0.00016 -0.000956   -0.0283  8.27e-05 -7.92e-05   -0.0533     -0.14     -0.11    -0.298  9.01e-05    -0.046     0.085    0.0758     0.043   0.00568     0.132     0.121    0.0424    0.0108    0.0946    0.0332    0.0283     0.068    0.0211    -0.156    0.0256    0.0174   0.00817    0.0023     0.113     0.178    0.0541   -0.0085   0.00282     2e-06 -3.43e-08 -1.27e-05 -4.05e-07    0.0195    0.0159 -0.000175 -0.000371    -0.012 -0.000499  0.000589  0.000811   0.00334  -0.00966   0.00536         1   0.00621   -0.0773    -0.171    -0.231   -0.0189   -0.0631     0.135     0.159   0.00533     0.132   0.00228   0.00939 -0.000547  0.000402  -0.00656  -0.00143 -0.000194    0.0251   0.00825    -0.016    0.0726
  0.00124   4.5e-05   0.00386  -0.00148   -0.0019 -0.000177  6.25e-16  6.25e-16 -0.000113 -0.000683  1.43e-15 -0.000572  -0.00184 -0.000143 -0.000874  -0.00011 -0.000155 -0.000829   -0.0018  0.000117 -6.88e-05  0.000436    0.0017   0.00112   0.00554  0.000346  0.000846  0.000356  0.000156  0.000356  0.000345  0.000312  0.000753  0.000265  -0.00866 -0.000557  5.71e-07  -0.00066 -0.000232 -0.000857 -3.76e-05 -0.000227 -0.000786  0.000671   0.00207   0.00477 -1.76e-05   0.00486    0.0114    0.0162   0.00613  -0.00013   0.00217   0.00473   0.00122   -0.0011   0.00397   0.00131 -0.000663   0.00341  -0.00194 -0.000829  -0.00313  -0.00193  -0.00088 -0.000329  -0.00351  -0.00556  0.000103  -0.00237  0.000146 -6.23e-05 -3.33e-06 -2.01e-07 -3.95e-08  -0.00928  -0.00322 -0.000724 -7.76e-05   -0.0124 -0.000979 -0.000443 -0.000257  -0.00293  -0.00297   -0.0026   0.00621         1  -0.00337   -0.0262   -0.0179    -0.019   0.00625    -0.016   -0.0266  -0.00304   -0.0307   -0.0141   -0.0211  -0.00326 -0.000185  -0.00757  -0.00139  -2.8e-06   -0.0142  -0.00819  -0.00145  -0.00609
   0.0272  -0.00367   0.00215   0.00194   0.00705   0.00229  3.03e-15  3.03e-15 -0.000406 -0.000364  2.29e-15  0.000658   0.00287  0.000321   0.00115  0.000159  0.000181   0.00203   0.00413  0.000176 -0.000425  -0.00634   -0.0017  -0.00106  -0.00492  -0.00132  -0.00356  -0.00145  -0.00157  -0.00112 -0.000511 -0.000741  -0.00168 -0.000861  -0.00287  -0.00481 -4.96e-06  -3.9e-05   0.00031  -0.00189 -2.35e-05  -0.00114  -0.00712   -0.0163   -0.0149  -0.00776  2.26e-05   -0.0324   -0.0367   -0.0774   -0.0368    -0.011   0.00617   -0.0035   -0.0103   -0.0136  -0.00293  -0.00797  -0.00628   0.00041    0.0058   -0.0323  0.000108  0.000725  -0.00177 -0.000532    0.0623    0.0244    0.0158  -0.00186  0.000389 -9.39e-05   3.9e-07 -8.15e-07 -9.52e-08   -0.0273   -0.0016  -0.00202  -0.00023   -0.0228  -0.00309  -0.00299  -0.00086  -0.00934  -0.00375  -0.00725   -0.0773  -0.00337         1   -0.0238 -0.000975     0.013   -0.0149    0.0339   -0.0437  -0.00224   -0.0588   -0.0235   -0.0467  -0.00584 -0.000138   -0.0129  -0.00224  -0.00013   -0.0174   -0.0165  -0.00303   0.00934
   0.0757  -0.00711    0.0142  -0.00106 -0.000785  0.000511    -5e-15    -5e-15  0.000137  -0.00496 -1.63e-16 -0.000793  -0.00313 -0.000245 -0.000613 -0.000302 -0.000411  -0.00136  -0.00296    0.0006  0.000624   0.00686   0.00168   0.00125  -0.00244  -0.00174   0.00285   0.00109   0.00132  -0.00142  6.98e-06 -0.000372  -0.00157   0.00156    -0.037  -0.00943   7.3e-06 -0.000643 -0.000264  -0.00576 -1.14e-05  7.43e-05   -0.0164   -0.0356  -0.00696   0.00501  6.79e-05 -0.000307    0.0243    0.0207    0.0143   -0.0317    0.0217     0.012   0.00635  -0.00794     0.012     0.012   -0.0241   -0.0142   0.00243   -0.0176  -0.00544  -0.00852  -0.00466 -0.000439     0.097   0.00327    0.0168  -0.00844   0.00155 -2.77e-05  1.55e-05   4.2e-06  4.04e-07   -0.0794   -0.0133  0.000724  0.000364   -0.0567   0.00651   0.00796   0.00226    0.0275   -0.0219   -0.0125    -0.171   -0.0262   -0.0238         1    0.0714    -0.301   -0.0792   -0.0214     -0.18    -0.013   -0.0037   -0.0765   -0.0915  -0.00707 -0.000305   -0.0452  -0.00738 -0.000136    -0.091    -0.049  -0.00974   -0.0149
  -0.0449   0.00151   -0.0119  -0.00764  -0.00735     0.001  3.66e-15  3.66e-15 -0.000424 -0.000229  1.46e-15  -0.00208   -0.0106 -0.000585  -0.00453 -7.39e-05 -0.000101  -0.00331  -0.00675  0.000441  -0.00125   -0.0257  -0.00787   0.00357    0.0245  -0.00453  -0.00457  -0.00149  -0.00167  -0.00402   -0.0006  -0.00254   0.00044 -0.000922 -0.000486  -0.00444  4.98e-06 -0.000694 -0.000582  0.000967 -1.04e-05  -0.00307   0.00599    0.0445  -0.00593    0.0385 -0.000451   0.00442  -0.00103    0.0299  -0.00558   -0.0156   -0.0173  -0.00688   -0.0107   -0.0172   -0.0155   0.00515    0.0143 -0.000761   -0.0173   0.00163  -0.00264  -0.00567   0.00212  -0.00165     -0.19   -0.0292    -0.015  -0.00986  -0.00172 -0.000203  -6.1e-05    -1e-05 -1.05e-06    0.0758  -0.00993  -0.00159  -0.00149  -0.00162   -0.0205   -0.0155  -0.00555   -0.0575    0.0112  9.27e-05    -0.231   -0.0179 -0.000975    0.0714         1    0.0799  -0.00419    -0.119    0.0144  -0.00788    -0.179    0.0122   -0.0306  -0.00744  -0.00222   0.00762  0.000556  7.28e-05    0.0361   -0.0121   0.00101   -0.0147
   0.0916  -0.00266   0.00773  -0.00544   -0.0115  -0.00353 -8.15e-15 -8.15e-15  0.000359  -0.00514 -2.97e-15  -0.00251  -0.00482 -0.000619  -0.00334 -0.000641 -0.000812  -0.00362  -0.00763 -0.000425   0.00093   0.00671  0.000768   0.00111   -0.0186 -0.000605   0.00575   0.00178   0.00146  6.31e-05 -0.000448  0.000616  1.03e-05   0.00184   -0.0394  -0.00659  6.35e-06 -0.000364 -0.000523  -0.00358     5e-06 -0.000196   -0.0125   -0.0311   0.00473   -0.0183 -8.11e-05    0.0231    0.0474    0.0801     0.039   -0.0132    0.0145    0.0137     0.011   0.00341    0.0123    0.0138   -0.0171    -0.018  -0.00173    0.0163  -0.00752  -0.00925  -0.00599 -0.000875    0.0449   -0.0367  0.000198  -0.00286  0.000813  -2.3e-05 -2.22e-06  2.19e-06   3.1e-07   -0.0563   -0.0141   0.00137  0.000275   -0.0447   0.00438   0.00609   0.00156    0.0188   -0.0168  -0.00774   -0.0189    -0.019     0.013    -0.301    0.0799         1   -0.0687   -0.0319    -0.132  -0.00697   -0.0196   -0.0614   -0.0697  -0.00622 -0.000602   -0.0372  -0.00618 -6.83e-05   -0.0779   -0.0397  -0.00571   -0.0293
  -0.0295  -0.00445  -0.00982  -0.00264 -0.000319  0.000188 -4.08e-15 -4.08e-15 -0.000342   -0.0026 -5.85e-15  -0.00116  0.000622  4.12e-05  -0.00154 -0.000124 -0.000106  0.000348  0.000892 -0.000557 -0.000122    -0.015   -0.0105  -0.00271   -0.0152  -0.00581  -0.00343  -0.00244  -0.00303  -0.00152  -0.00402   -0.0025  -0.00302  -0.00118   0.00724  -0.00918 -1.24e-06    0.0014  0.000355   0.00157     8e-05  -0.00253  -0.00313   0.00163   -0.0105    0.0198 -0.000299   -0.0263   -0.0333   -0.0377   -0.0208   -0.0291  -0.00504   -0.0192  -0.00684  -0.00808    -0.017  0.000842  -0.00896   -0.0263   0.00416   0.00303    0.0039  0.000929  -0.00175  -0.00113    0.0191   -0.0125   0.00824   0.00193 -0.000493  6.79e-05 -1.84e-05 -3.16e-06 -2.41e-07   0.00966  -0.00789   0.00204 -0.000549   -0.0118  -0.00763  -0.00554  -0.00171   -0.0157   0.00147  -0.00691   -0.0631   0.00625   -0.0149   -0.0792  -0.00419   -0.0687         1    0.0264   -0.0201  0.000881    -0.145   -0.0122   -0.0403  -0.00403 -0.000636   -0.0098  -0.00193 -0.000126  -0.00476   -0.0221 -8.69e-05 -0.000913
     0.12   0.00287  -0.00414   -0.0087   -0.0192   -0.0045  1.92e-15  1.92e-15  0.000224 -0.000774  1.64e-15  -0.00357   -0.0127  -0.00116  -0.00555 -0.000735 -0.000943  -0.00683   -0.0143  0.000284  0.000229   0.00195    0.0058   0.00322 -0.000383  -0.00163   0.00112   0.00204    0.0023  -0.00386   0.00181 -0.000181   0.00235    0.0013   -0.0352 -0.000363  9.66e-06 -0.000953 -0.000653  -0.00922 -1.19e-05   0.00101  -0.00225   0.00431    0.0122     -0.07  0.000109    0.0305   0.00955    0.0303    0.0125   -0.0141   -0.0312   -0.0227   0.00113  0.000303   -0.0138   0.00452  -0.00381   -0.0053   -0.0291    0.0216  -0.00578  -0.00772   0.00126 -0.000149    -0.218   -0.0509   -0.0406  -0.00886  -0.00112 -4.63e-05 -1.03e-05  1.21e-06 -9.35e-08    0.0251  -0.00232  8.56e-05  4.51e-05    0.0135  0.000189  0.000912 -0.000115  -0.00257   0.00218   0.00568     0.135    -0.016    0.0339   -0.0214    -0.119   -0.0319    0.0264         1   -0.0383   -0.0084    0.0411    0.0144    0.0343   0.00179 -0.000447   0.00843   0.00113  0.000157   0.00512   0.00746   0.00175   -0.0376
 -0.00134   -0.0037   0.00761  -0.00661  -0.00932  -0.00241  2.59e-15  2.59e-15 -0.000214  -0.00351  4.68e-15   -0.0034   -0.0049 -0.000596  -0.00432  -0.00076  -0.00101  -0.00328  -0.00719  0.000805  0.000135 -0.000411   0.00663   0.00135   -0.0139   -0.0018  9.13e-05  0.000698 -3.54e-05  -0.00173  0.000603  0.000484  0.000312   0.00108     -0.05  -0.00673 -4.05e-07  -0.00123 -0.000214  -0.00902 -8.27e-05  -0.00125    -0.018    -0.042  -0.00633   -0.0646  6.99e-05   -0.0157   -0.0242   -0.0596   -0.0293    -0.021  -0.00289   -0.0103   -0.0116   -0.0183  -0.00489  -0.00702   -0.0215  -0.00965  -0.00834   -0.0223   -0.0114  -0.00964  -0.00736  -0.00167    0.0121   -0.0229 -0.000428  -0.00779  0.000468 -0.000247 -5.98e-06  1.42e-06  2.85e-08   -0.0749   -0.0124   -0.0036 -0.000109   -0.0597  -0.00174 -0.000729 -0.000559  -0.00659   -0.0153   -0.0136     0.159   -0.0266   -0.0437     -0.18    0.0144    -0.132   -0.0201   -0.0383         1   -0.0114   -0.0879   -0.0711    -0.103   -0.0135 -0.000755   -0.0394  -0.00685 -0.000153   -0.0784    -0.045  -0.00639    -0.029
 -0.00523 -0.000307   0.00119 -0.000326 -0.000186  0.000185  5.46e-16  5.46e-16  -2.9e-05 -9.02e-05  5.66e-16 -0.000158 -0.000807  -4.6e-05 -0.000193 -3.08e-05 -4.47e-05 -0.000265 -0.000572  0.000203 -3.85e-05  0.000417  0.000868  0.000382   0.00424 -0.000213 -6.68e-05  8.74e-05  9.09e-05 -0.000142  0.000124 -6.82e-05  0.000144  0.000106  -0.00212 -0.000158   9.2e-07  -0.00021 -4.16e-05 -0.000574 -1.03e-05   3.9e-05 -0.000116   0.00154  0.000452   0.00334  9.08e-06  6.43e-05  5.23e-06  -0.00142 -0.000568  -0.00308  -0.00104  -0.00121 -0.000257  -0.00127 -0.000612  0.000249  -0.00107   0.00044  -0.00134  -0.00155 -0.000648 -0.000568  0.000108 -2.68e-06  -0.00611  3.57e-05 -0.000123  -0.00139  4.54e-05  -6.7e-06  1.46e-06  3.69e-07   3.8e-09  -0.00237 -0.000757 -8.63e-05 -1.68e-06  -0.00241  0.000104   0.00024  5.47e-05  0.000855 -0.000872 -0.000873   0.00533  -0.00304  -0.00224    -0.013  -0.00788  -0.00697  0.000881   -0.0084   -0.0114         1  -0.00498  -0.00323  -0.00448 -0.000435  5.56e-06  -0.00162 -0.000283  2.16e-06  -0.00348  -0.00207 -0.000533  -0.00154
 -0.00949  -0.00314  -0.00774   -0.0236   -0.0217  -0.00404 -3.88e-15 -3.88e-15   -0.0024  -0.00791 -5.93e-15  -0.00905  -0.00882 -0.000923   -0.0137  -0.00131  -0.00161  -0.00502   -0.0107  -0.00502  -0.00264    -0.053   -0.0255  -0.00184   -0.0321  -0.00934  -0.00462  -0.00722   -0.0125    0.0034   -0.0117   -0.0035  0.000384  -0.00411   -0.0265   -0.0271 -1.43e-05  -0.00248  -0.00112   0.00795 -0.000217   -0.0121  -0.00238    0.0318  -0.00472    0.0655  -0.00175   -0.0357   0.00952    0.0689   0.00211   -0.0216    0.0046  -0.00226   -0.0163   -0.0202   -0.0149  -0.00362    0.0041   -0.0231   0.00332    0.0322   -0.0188  -0.00382    -0.015  -0.00685    0.0143     -0.12    0.0261   0.00266  -0.00117 -0.000381 -0.000111 -1.88e-05 -1.62e-06   0.00264   -0.0498  -0.00249  -0.00329    -0.123    -0.045   -0.0332    -0.011    -0.109  -0.00376   -0.0439     0.132   -0.0307   -0.0588   -0.0037    -0.179   -0.0196    -0.145    0.0411   -0.0879  -0.00498         1    -0.125    -0.309   -0.0426  -0.00316   -0.0714   -0.0139 -0.000357   -0.0811    -0.113  -0.00491   -0.0512
   0.0607  -0.00114   0.00611  -0.00342   -0.0038  -0.00115 -6.44e-16 -6.44e-16 -0.000265  -0.00199  1.49e-15  -0.00144 -0.000894 -0.000177  -0.00205   -0.0003 -0.000405  -0.00093  -0.00214 -0.000975 -0.000283   -0.0034  -0.00104  0.000224   -0.0156   0.00062   0.00101 -0.000367  -0.00119  0.000816 -0.000655  0.000548  0.000367 -3.58e-05   -0.0236  -0.00535 -3.53e-06  -0.00107 -0.000324  -0.00115 -8.07e-05  -0.00168  -0.00855   -0.0215  -0.00385   -0.0192 -0.000207  -0.00446    0.0136    0.0151   0.00352   0.00401    0.0145    0.0142  -0.00204  -0.00548   0.00927  -0.00149  -0.00384   0.00165   0.00318  -0.00772  -0.00768  -0.00385  -0.00564  -0.00128    0.0586    -0.015    0.0108 -0.000729  0.000569 -0.000159 -1.21e-05 -1.73e-06 -9.57e-08   -0.0423   -0.0106  -0.00216 -0.000336   -0.0451   -0.0043  -0.00268    -0.001  -0.00968  -0.00945   -0.0109   0.00228   -0.0141   -0.0235   -0.0765    0.0122   -0.0614   -0.0122    0.0144   -0.0711  -0.00323    -0.125         1   -0.0875   -0.0108 -0.000561   -0.0286  -0.00495 -0.000112   -0.0503   -0.0327  -0.00435   -0.0129
   0.0816  -0.00227   0.00452  -0.00738  -0.00616  -0.00149 -1.09e-15 -1.09e-15 -0.000574  -0.00289  1.05e-15    -0.003  -0.00148 -0.000265  -0.00435 -0.000523 -0.000688  -0.00131  -0.00302  -0.00194 -0.000988   -0.0145  -0.00657 -0.000481   -0.0262 -0.000861 -0.000536  -0.00209  -0.00388   0.00123  -0.00284 -0.000128  9.89e-06 -0.000813   -0.0301   -0.0107 -6.65e-06  -0.00163 -0.000446   0.00125 -0.000135   -0.0043    -0.012   -0.0245  -0.00976   -0.0128 -0.000625   -0.0184   0.00956    0.0148  -0.00321   0.00283    0.0212    0.0178  -0.00991   -0.0146   0.00645  -0.00476   -0.0029  -0.00261   0.00692   -0.0103   -0.0125  -0.00562  -0.00998  -0.00263    0.0916   -0.0329     0.023    0.0002  0.000589 -0.000261 -3.31e-05 -5.57e-06 -4.14e-07   -0.0545   -0.0218  -0.00343  -0.00106   -0.0784   -0.0137   -0.0094  -0.00322   -0.0297   -0.0123   -0.0219   0.00939   -0.0211   -0.0467   -0.0915   -0.0306   -0.0697   -0.0403    0.0343    -0.103  -0.00448    -0.309   -0.0875         1   -0.0201   -0.0013    -0.048  -0.00833 -0.000219    -0.076   -0.0624  -0.00666   -0.0209
  0.00761 -0.000131  0.000937  -0.00117  -0.00114 -0.000294 -2.53e-17 -2.53e-17 -0.000159 -0.000808  3.48e-16 -0.000443 -0.000245 -4.21e-05 -0.000702 -6.77e-05 -8.94e-05 -0.000217 -0.000485 -0.000145  -4.9e-05  -0.00244 -0.000484   0.00019  -0.00232 -7.17e-05  0.000192 -0.000136 -0.000437  0.000356 -0.000245  0.000141  0.000145 -0.000101  -0.00455  -0.00135 -1.74e-06 -0.000171 -8.91e-05 -7.02e-05 -1.53e-05 -0.000655  -0.00129  -0.00237 -0.000777  0.000208 -4.45e-05  -0.00141   0.00218   0.00341 -0.000528  0.000742   0.00236   0.00297 -0.000562   -0.0014   0.00213 -0.000394 -0.000494   0.00016  0.000679  -0.00108   -0.0017 -0.000803  -0.00132 -0.000521   0.00966  -0.00497   0.00159 -0.000177  2.47e-07 -6.02e-05 -8.11e-06 -1.24e-06 -9.07e-08  -0.00598  -0.00259  -0.00069 -0.000156   -0.0109  -0.00239  -0.00195  -0.00069  -0.00813  -0.00131   -0.0023 -0.000547  -0.00326  -0.00584  -0.00707  -0.00744  -0.00622  -0.00403   0.00179   -0.0135 -0.000435   -0.0426   -0.0108   -0.0201         1 -0.000279  -0.00627  -0.00123 -2.93e-05  -0.00907  -0.00763 -0.000643  -0.00295
-0.000278  2.01e-05  -8.6e-05  -0.00013 -0.000142 -3.67e-05 -3.72e-17 -3.72e-17 -6.76e-06  -7.5e-05 -6.21e-18 -4.86e-05 -3.37e-05 -4.97e-06 -8.03e-05  -6.1e-06 -7.57e-06 -2.66e-05 -5.38e-05  1.65e-05  3.41e-06 -0.000299  -4.9e-05  3.38e-05     4e-05 -3.21e-05     3e-05 -1.05e-06 -2.62e-05  3.45e-05 -1.85e-05  1.21e-05  1.21e-05  4.01e-06 -0.000136 -2.79e-05 -1.06e-07  7.77e-06 -5.31e-06   7.8e-05  2.39e-07 -6.55e-05 -8.47e-06  0.000117 -1.67e-05  0.000687 -4.82e-06  4.49e-05  0.000129  0.000567 -4.51e-05  6.71e-05  3.65e-05  0.000181 -0.000108 -0.000157  4.15e-05  2.46e-05  1.92e-05 -0.000205   3.5e-05  0.000196  -0.00011 -0.000116 -0.000102 -5.28e-05  9.79e-05 -0.000672 -2.77e-05  5.66e-06  -1.6e-05 -5.58e-06 -1.15e-06 -1.65e-07 -1.24e-08  8.06e-05  -0.00022    -5e-05 -1.82e-05 -0.000681 -0.000289 -0.000237 -8.68e-05  -0.00101  8.97e-06 -7.59e-05  0.000402 -0.000185 -0.000138 -0.000305  -0.00222 -0.000602 -0.000636 -0.000447 -0.000755  5.56e-06  -0.00316 -0.000561   -0.0013 -0.000279         1 -0.000351 -7.56e-05 -1.76e-06 -0.000346 -0.000568  1.72e-06 -0.000263
   0.0368  -0.00073   0.00322  -0.00195  -0.00218 -0.000672 -5.78e-16 -5.78e-16 -0.000177  -0.00134  6.26e-16 -0.000805 -0.000446 -9.61e-05  -0.00116 -0.000164 -0.000219 -0.000503  -0.00115 -0.000562 -0.000121  -0.00236  -0.00088  8.89e-05  -0.00941  0.000219  0.000589 -0.000221 -0.000694  0.000441 -0.000439  0.000279  0.000124  -5.4e-05   -0.0132   -0.0033 -2.24e-06 -0.000518 -0.000179 -0.000714 -3.99e-05 -0.000996  -0.00485   -0.0121  -0.00236   -0.0103 -0.000108  -0.00264   0.00749   0.00873   0.00194   0.00157   0.00812   0.00782  -0.00077  -0.00281   0.00537 -0.000505  -0.00247  0.000254   0.00192  -0.00401  -0.00405  -0.00208  -0.00316 -0.000774    0.0331  -0.00861    0.0058 -0.000342  0.000288 -9.13e-05 -8.12e-06 -1.16e-06 -6.35e-08   -0.0229   -0.0059  -0.00116 -0.000194   -0.0252   -0.0026  -0.00171 -0.000637  -0.00659  -0.00516  -0.00594  -0.00656  -0.00757   -0.0129   -0.0452   0.00762   -0.0372   -0.0098   0.00843   -0.0394  -0.00162   -0.0714   -0.0286    -0.048  -0.00627 -0.000351         1  -0.00282 -6.55e-05   -0.0277   -0.0183  -0.00235   -0.0071
  0.00598 -0.000123  0.000574 -0.000388 -0.000427 -0.000122  -9.4e-17  -9.4e-17 -4.43e-05 -0.000291  1.11e-16 -0.000155 -0.000102 -1.84e-05 -0.000232 -2.93e-05  -3.9e-05 -9.71e-05 -0.000219 -8.83e-05  -1.6e-05 -0.000554 -0.000157   4.1e-05  -0.00143  1.27e-05  0.000115 -3.65e-05 -0.000132  9.86e-05 -8.48e-05   5.2e-05  3.33e-05 -1.64e-05  -0.00229 -0.000609  -4.8e-07 -8.59e-05 -3.53e-05 -0.000134  -6.7e-06 -0.000198 -0.000774  -0.00181 -0.000348   -0.0012  -1.7e-05 -0.000415   0.00136   0.00174  0.000321  0.000161   0.00131   0.00134 -6.07e-05 -0.000455  0.000996 -3.94e-05 -0.000445  2.94e-05  0.000299  -0.00059 -0.000705 -0.000358 -0.000546 -0.000161   0.00529  -0.00169  0.000878 -9.23e-05  3.81e-05 -1.85e-05 -1.94e-06 -2.79e-07 -1.74e-08  -0.00367  -0.00106 -0.000216 -4.02e-05  -0.00451 -0.000579 -0.000419 -0.000154  -0.00174 -0.000843  -0.00102  -0.00143  -0.00139  -0.00224  -0.00738  0.000556  -0.00618  -0.00193   0.00113  -0.00685 -0.000283   -0.0139  -0.00495  -0.00833  -0.00123 -7.56e-05  -0.00282         1 -1.17e-05   -0.0047  -0.00323 -0.000382  -0.00129
 0.000109 -1.08e-05 -3.13e-06 -1.61e-06  7.82e-06  1.05e-06  -3.2e-19  -3.2e-19 -1.34e-06 -5.67e-06 -3.53e-19 -1.06e-06  1.01e-05  6.43e-07 -1.15e-06 -1.18e-07 -1.54e-07  4.32e-06  8.71e-06 -2.53e-06 -8.87e-07 -3.25e-05 -1.69e-05 -6.49e-06 -8.06e-05 -5.23e-06 -8.41e-06 -5.64e-06 -7.54e-06 -2.23e-06 -5.33e-06 -1.95e-06 -6.31e-06 -3.29e-06 -2.98e-05 -2.42e-05 -2.41e-08  1.08e-06  7.93e-07 -3.73e-06 -2.37e-08  -6.9e-06 -3.27e-05  -8.6e-05 -4.95e-05 -8.27e-05 -3.94e-07 -9.87e-05 -9.79e-05 -0.000189 -9.76e-05 -2.21e-05  3.09e-05 -7.46e-07  -3.1e-05 -3.65e-05 -4.84e-06 -2.31e-05 -2.31e-05 -2.26e-05  2.54e-05 -7.07e-05 -4.17e-06 -7.64e-07 -1.47e-05 -4.09e-06  0.000253  1.63e-05  4.91e-05  4.97e-06   7.5e-07 -3.87e-07 -4.35e-08 -8.91e-09 -5.44e-10 -0.000103 -1.82e-05 -6.12e-06 -1.29e-06 -0.000107 -1.89e-05 -1.63e-05  -5.1e-06 -5.59e-05 -1.49e-05 -2.92e-05 -0.000194  -2.8e-06  -0.00013 -0.000136  7.28e-05 -6.83e-05 -0.000126  0.000157 -0.000153  2.16e-06 -0.000357 -0.000112 -0.000219 -2.93e-05 -1.76e-06 -6.55e-05 -1.17e-05         1 -9.25e-05  -8.4e-05 -8.77e-06  6.15e-06
   0.0823  -0.00078   0.00645  -0.00371  -0.00642   -0.0022  -8.8e-16  -8.8e-16 -0.000114  -0.00191  1.61e-15  -0.00165  -0.00182 -0.000315   -0.0023 -0.000404 -0.000539  -0.00176  -0.00392  -0.00126 -0.000109  0.000243  0.000358  0.000163   -0.0245   0.00116   0.00162  0.000165  -0.00045  0.000104 -8.51e-05  0.000803  0.000545  0.000259   -0.0323  -0.00546 -2.45e-06  -0.00114 -0.000371  -0.00362 -7.93e-05 -0.000981   -0.0113   -0.0316   -0.0027   -0.0499 -0.000125  0.000402    0.0157     0.016   0.00649   0.00495    0.0126    0.0124 -0.000569  -0.00331   0.00958  -0.00143  -0.00596    0.0015 -0.000151  -0.00625  -0.00829  -0.00466  -0.00579 -0.000997    0.0417   -0.0192   0.00509 -0.000984  0.000619 -0.000142 -5.43e-06 -1.98e-07  3.54e-08   -0.0486  -0.00923  -0.00204 -0.000113   -0.0419   -0.0012 -0.000148 -0.000187  -0.00125   -0.0107   -0.0094    0.0251   -0.0142   -0.0174    -0.091    0.0361   -0.0779  -0.00476   0.00512   -0.0784  -0.00348   -0.0811   -0.0503    -0.076  -0.00907 -0.000346   -0.0277   -0.0047 -9.25e-05         1    -0.029  -0.00433   -0.0178
   0.0265  -0.00114   0.00121  -0.00311  -0.00288 -0.000686 -7.28e-16 -7.28e-16 -0.000215   -0.0015   8.3e-17   -0.0013  -0.00089 -0.000133  -0.00186 -0.000228 -0.000296 -0.000685  -0.00152 -0.000512  -0.00026  -0.00569  -0.00229 -9.11e-05  -0.00878 -0.000811 -0.000117 -0.000678  -0.00135  0.000318  -0.00112 -0.000129 -0.000108 -0.000198   -0.0118  -0.00423 -2.05e-06 -0.000457 -0.000151  0.000178 -3.87e-05  -0.00164  -0.00468  -0.00875  -0.00345  -0.00264 -0.000212  -0.00682   0.00157   0.00343  -0.00233  -0.00239    0.0061   0.00427  -0.00369  -0.00582   0.00104  -0.00112  -0.00281  -0.00372   0.00188  -0.00271  -0.00441  -0.00254  -0.00372  -0.00107    0.0295   -0.0141   0.00719 -0.000335  0.000148 -9.67e-05 -1.38e-05 -2.08e-06 -1.57e-07   -0.0199  -0.00841   -0.0011 -0.000386   -0.0293  -0.00515  -0.00354  -0.00124   -0.0119  -0.00463  -0.00791   0.00825  -0.00819   -0.0165    -0.049   -0.0121   -0.0397   -0.0221   0.00746    -0.045  -0.00207    -0.113   -0.0327   -0.0624  -0.00763 -0.000568   -0.0183  -0.00323  -8.4e-05    -0.029         1  -0.00241  -0.00896
   0.0111 -0.000262   0.00103   0.00012  0.000369   0.00015  7.18e-17  7.18e-17 -2.24e-05  -7.8e-05  2.76e-16  6.05e-05  1.58e-05  9.28e-06  8.46e-05  7.22e-06  5.13e-06  6.18e-05  0.000109 -8.69e-05  -4.4e-05  5.75e-05 -8.61e-05   3.5e-05 -0.000706  0.000132 -1.24e-05 -4.08e-05    -4e-05 -4.02e-05  3.06e-05  5.98e-06    -4e-05 -2.12e-05  -0.00183 -0.000566 -1.25e-07 -0.000126  -2.4e-05 -0.000259  -8.1e-06 -4.29e-05 -0.000876  -0.00216 -0.000877  -0.00121 -5.74e-06 -0.000804   0.00147  0.000439  0.000293 -7.28e-06   0.00212   0.00188  8.18e-05 -0.000576    0.0014  5.89e-05  -0.00032   0.00101  0.000482  -0.00244 -0.000441 -0.000188 -0.000271 -2.23e-05    0.0073   0.00158   0.00175 -0.000352  0.000108 -9.26e-06  7.54e-07  5.42e-08  6.96e-09  -0.00437 -0.000583 -0.000168 -5.31e-06  -0.00359  4.72e-05  0.000131  4.02e-05  0.000626  -0.00107 -0.000914    -0.016  -0.00145  -0.00303  -0.00974   0.00101  -0.00571 -8.69e-05   0.00175  -0.00639 -0.000533  -0.00491  -0.00435  -0.00666 -0.000643  1.72e-06  -0.00235 -0.000382 -8.77e-06  -0.00433  -0.00241         1 -1.58e-05
    0.129   0.00126  -0.00451  -0.00674   -0.0147  -0.00455 -8.91e-16 -8.91e-16  2.76e-05 -0.000917 -7.35e-16  -0.00279  -0.00605  -0.00073  -0.00427 -0.000616 -0.000778  -0.00425  -0.00902  -0.00212 -0.000146  -0.00309  -0.00225 -0.000467   -0.0391 -0.000619 -1.69e-05 -2.26e-06 -0.000321  -0.00273 -0.000463 -0.000237  0.000567 -9.82e-05   -0.0344  -0.00629  6.68e-07 -0.000639 -0.000402  -0.00677 -3.05e-05 -0.000535  -0.00958   -0.0247  0.000528   -0.0994 -0.000144   0.00814   0.00288    0.0128   0.00539 -0.000801  -0.00964  -0.00907  -0.00164  0.000414  -0.00607  -0.00145  -0.00314  -0.00578   -0.0135    0.0112  -0.00572  -0.00408  -0.00325 -0.000647   -0.0898   -0.0433   -0.0184 -0.000756 -0.000459 -4.81e-05 -1.04e-05 -4.58e-07 -5.97e-08  -0.00579  -0.00562 -0.000521 -0.000141     -0.01  -0.00193 -0.000934 -0.000404  -0.00364  -0.00181  -0.00237    0.0726  -0.00609   0.00934   -0.0149   -0.0147   -0.0293 -0.000913   -0.0376    -0.029  -0.00154   -0.0512   -0.0129   -0.0209  -0.00295 -0.000263   -0.0071  -0.00129  6.15e-06   -0.0178  -0.00896 -1.58e-05         1

  Chi^2                                0.949704  +/- 1.94906
  Chi^2/ndf                            0.105523
  Chi^2 for each template              586.742 +/- 7.07251	340.161 +/- 4.87126	169.354 +/- 5.23902	68.9921 +/- 3.30231	14.4249 +/- 0.913097	14.0769 +/- 0.807386	45.0535 +/- 2.56307	80.6221 +/- 1.71068	
  Chi^2 for each template w.r.t. fit   588.868 +/- 7.07251	341.495 +/- 4.87126	169.032 +/- 5.23902	68.546 +/- 3.30231	13.4582 +/- 0.913097	14.0783 +/- 0.807386	43.9553 +/- 2.56307	80.9464 +/- 1.71068	  Partial chi^2                        0.00 (EG_RESOLUTION_ALL)    0.00 (EG_SCALE_ALL)    0.00 (EL_EFF_ID_TOTAL_1NPCOR_PLUS_UNCOR)    0.00 (EL_EFF_Iso_TOTAL_1NPCOR_PLUS_UNCOR)
  Partial chi^2                        0.00 (EL_EFF_Reco_TOTAL_1NPCOR_PLUS_UNCOR)    0.00 (EL_EFF_TriggerEff_TOTAL_1NPCOR_PLUS_UNCOR)    0.00 (EL_EFF_Trigger_TOTAL_1NPCOR_PLUS_UNCOR)    0.00 (FAKES_Electron)
  Partial chi^2                        0.00 (FAKES_Muon)    0.01 (FT_EFF_Eigen_B_0)    0.00 (FT_EFF_Eigen_B_1)    0.00 (FT_EFF_Eigen_B_2)
  Partial chi^2                        0.00 (FT_EFF_Eigen_B_3)    0.00 (FT_EFF_Eigen_B_4)    0.00 (FT_EFF_Eigen_B_5)    0.00 (FT_EFF_Eigen_B_6)
  Partial chi^2                        0.00 (FT_EFF_Eigen_B_7)    0.00 (FT_EFF_Eigen_B_8)    0.00 (FT_EFF_Eigen_C_0)    0.00 (FT_EFF_Eigen_C_1)
  Partial chi^2                        0.00 (FT_EFF_Eigen_C_2)    0.00 (FT_EFF_Eigen_C_3)    0.00 (FT_EFF_Eigen_Light_0)    0.00 (FT_EFF_Eigen_Light_1)
  Partial chi^2                        0.00 (FT_EFF_Eigen_Light_2)    0.00 (FT_EFF_Eigen_Light_3)    0.00 (FT_EFF_extrapolation)    0.00 (FT_EFF_extrapolation_from_charm)
  Partial chi^2                        0.00 (FULL_SYS_SUM)    0.00 (FULL_SYS_SUM_DETECTOR)    0.00 (FULL_SYS_SUM_THEORY)    0.00 (FULL_SYS_TOYS)
  Partial chi^2                        0.00 (JET_EffectiveNP_Detector1)    0.00 (JET_EffectiveNP_Detector2)    0.00 (JET_EffectiveNP_Mixed1)    0.00 (JET_EffectiveNP_Mixed2)
  Partial chi^2                        0.00 (JET_EffectiveNP_Mixed3)    0.00 (JET_EffectiveNP_Modelling1)    0.00 (JET_EffectiveNP_Modelling2)    0.00 (JET_EffectiveNP_Modelling3)
  Partial chi^2                        0.00 (JET_EffectiveNP_Modelling4)    0.00 (JET_EffectiveNP_Statistical1)    0.00 (JET_EffectiveNP_Statistical2)    0.00 (JET_EffectiveNP_Statistical3)
  Partial chi^2                        0.00 (JET_EffectiveNP_Statistical4)    0.00 (JET_EffectiveNP_Statistical5)    0.00 (JET_EffectiveNP_Statistical6)    0.00 (JET_EtaIntercalibration_Modelling)
  Partial chi^2                        0.00 (JET_EtaIntercalibration_NonClosure_2018data)    0.00 (JET_EtaIntercalibration_NonClosure_highE)    0.00 (JET_EtaIntercalibration_NonClosure_negEta)    0.00 (JET_EtaIntercalibration_NonClosure_posEta)
  Partial chi^2                        0.00 (JET_EtaIntercalibration_TotalStat)    0.00 (JET_Flavor_Composition_prop)    0.00 (JET_Flavor_Response_prop)    0.01 (JET_JER_DataVsMC_MC16_PseudoData)
  Partial chi^2                        0.00 (JET_JER_EffectiveNP_10_PseudoData)    0.00 (JET_JER_EffectiveNP_11_PseudoData)    0.00 (JET_JER_EffectiveNP_12restTerm_PseudoData)    0.03 (JET_JER_EffectiveNP_1_PseudoData)
  Partial chi^2                        0.07 (JET_JER_EffectiveNP_2_PseudoData)    0.01 (JET_JER_EffectiveNP_3_PseudoData)    0.02 (JET_JER_EffectiveNP_4_PseudoData)    0.01 (JET_JER_EffectiveNP_5_PseudoData)
  Partial chi^2                        0.02 (JET_JER_EffectiveNP_6_PseudoData)    0.00 (JET_JER_EffectiveNP_7_PseudoData)    0.00 (JET_JER_EffectiveNP_8_PseudoData)    0.01 (JET_JER_EffectiveNP_9_PseudoData)
  Partial chi^2                        0.00 (JET_JvtEfficiency)    0.00 (JET_Pileup_OffsetMu)    0.00 (JET_Pileup_OffsetNPV)    0.00 (JET_Pileup_PtTerm)
  Partial chi^2                        0.00 (JET_Pileup_RhoTopology)    0.00 (JET_PunchThrough_MC16)    0.00 (LUMINOSITY)    0.00 (MET_SoftTrk_ResoPara)
  Partial chi^2                        0.00 (MET_SoftTrk_ResoPerp)    0.00 (MET_SoftTrk_Scale)    0.00 (MUON_EFF_BADMUON_SYS)    0.00 (MUON_EFF_ISO_STAT)
  Partial chi^2                        0.00 (MUON_EFF_ISO_SYS)    0.00 (MUON_EFF_RECO_STAT)    0.00 (MUON_EFF_RECO_SYS)    0.00 (MUON_EFF_TTVA_STAT)
  Partial chi^2                        0.00 (MUON_EFF_TTVA_SYS)    0.00 (MUON_EFF_TrigStatUncertainty)    0.00 (MUON_EFF_TrigSystUncertainty)    0.00 (MUON_SAGITTA_DATASTAT)
  Partial chi^2                        0.00 (MUON_SAGITTA_RESBIAS)    0.00 (PRW_DATASF)    0.53 (STAT_DATA)    0.01 (STAT_MC)  
  Partial chi^2                        0.00 (THEORY_CROSS_SECTION_Wjets)    0.00 (THEORY_CROSS_SECTION_other_top_noWt)    0.00 (THEORY_CROSS_SECTION_signal)    0.00 (THEORY_DR_DS_signal)
  Partial chi^2                        0.00 (THEORY_EWK_Wjets)    0.00 (THEORY_EWK_multiboson_noW)    0.02 (THEORY_FSR_signal)    0.01 (THEORY_HDAMP_signal)
  Partial chi^2                        0.02 (THEORY_ISR_signal)    0.00 (THEORY_PDF4LHC_VARIATION_Wjets)    0.00 (THEORY_PDF4LHC_VARIATION_multiboson_noW)    0.00 (THEORY_PDF4LHC_VARIATION_signal)
  Partial chi^2                        0.03 (THEORY_PTHARD_signal)    0.00 (THEORY_SCALE_COMBINED_Wjets)    0.00 (THEORY_SCALE_COMBINED_multiboson_noW)    0.00 (THEORY_SCALE_FACTORISATION_signal)
  Partial chi^2                        0.00 (THEORY_SCALE_RENORMALISATION_signal)    0.04 (THEORY_SHOWERING_HERWIG7_signal)    0.00 (THEORY_TOPRECOIL_signal)    0.00 (THEORY_TOP_MASS_signal)
  Partial chi^2                        0.00 (TOTAL)        0.00 (TOTAL_NO_DR_DS)    0.00 (TOTAL_SYSONLY)    0.00 (WMASS_VAR_signal)
  Partial chi^2                        0.09 (pseudoDataStat)

  Uncertainties from HESSE matrix
     LTF: Result[0]:                   174.887  +/- 0.687192 (fit [from HESSE])

  Alternative result from pol2-fit to chi^2 values of the templates
     Result(pol2-chi2)[0]              175.874   +/- 0.55237 (fit)
     Chi^2(min)                        -30.3586

  Result from linearized second-order model approximation
     EDM (Taylor) [0]                  1.02523e-05

  Expected distance to minimum
     EDM (Newton) [0]                  1.03504e-05
     EDM Delta-chi^2                   -2.24697e-10


  'Uncertainties' on M from second-order model approximation
     sigma_m[0]                       1.02511e-05
     sigma_m[EG_RESOLUTION_ALL]       0.00
     sigma_m[EG_SCALE_ALL]            -0.00
     sigma_m[EL_EFF_ID_TOTAL_1NPCOR_PLUS_UNCOR] 0.00
     sigma_m[EL_EFF_Iso_TOTAL_1NPCOR_PLUS_UNCOR] 0.00
     sigma_m[EL_EFF_Reco_TOTAL_1NPCOR_PLUS_UNCOR] 0.00
     sigma_m[EL_EFF_TriggerEff_TOTAL_1NPCOR_PLUS_UNCOR] 0.00
     sigma_m[EL_EFF_Trigger_TOTAL_1NPCOR_PLUS_UNCOR] 0.00
     sigma_m[MUON_SAGITTA_DATASTAT]   0.00
     sigma_m[MUON_SAGITTA_RESBIAS]    0.00
     sigma_m[MUON_EFF_BADMUON_SYS]    0.00
     sigma_m[MUON_EFF_ISO_STAT]       -0.00
     sigma_m[MUON_EFF_ISO_SYS]        0.00
     sigma_m[MUON_EFF_RECO_STAT]      0.00
     sigma_m[MUON_EFF_RECO_SYS]       0.00
     sigma_m[MUON_EFF_TTVA_STAT]      0.00
     sigma_m[MUON_EFF_TTVA_SYS]       0.00
     sigma_m[MUON_EFF_TrigStatUncertainty] 0.00
     sigma_m[MUON_EFF_TrigSystUncertainty] 0.00
     sigma_m[JET_EffectiveNP_Detector1] -0.00
     sigma_m[JET_EffectiveNP_Detector2] -0.00
     sigma_m[JET_EffectiveNP_Mixed1]  -0.00
     sigma_m[JET_EffectiveNP_Mixed2]  -0.00
     sigma_m[JET_EffectiveNP_Mixed3]  -0.00
     sigma_m[JET_EffectiveNP_Modelling1] -0.00
     sigma_m[JET_EffectiveNP_Modelling2] 0.00
     sigma_m[JET_EffectiveNP_Modelling3] 0.00
     sigma_m[JET_EffectiveNP_Modelling4] -0.00
     sigma_m[JET_EffectiveNP_Statistical1] -0.00
     sigma_m[JET_EffectiveNP_Statistical2] -0.00
     sigma_m[JET_EffectiveNP_Statistical3] 0.00
     sigma_m[JET_EffectiveNP_Statistical4] -0.00
     sigma_m[JET_EffectiveNP_Statistical5] -0.00
     sigma_m[JET_EffectiveNP_Statistical6] -0.00
     sigma_m[JET_EtaIntercalibration_Modelling] -0.00
     sigma_m[JET_EtaIntercalibration_NonClosure_2018data] -0.00
     sigma_m[JET_EtaIntercalibration_NonClosure_highE] 0.00
     sigma_m[JET_EtaIntercalibration_NonClosure_negEta] -0.00
     sigma_m[JET_EtaIntercalibration_NonClosure_posEta] -0.00
     sigma_m[JET_EtaIntercalibration_TotalStat] -0.00
     sigma_m[JET_Flavor_Composition_prop] 0.00
     sigma_m[JET_Flavor_Response_prop] -0.00
     sigma_m[JET_Pileup_OffsetMu]     -0.00
     sigma_m[JET_Pileup_OffsetNPV]    -0.00
     sigma_m[JET_Pileup_PtTerm]       -0.00
     sigma_m[JET_Pileup_RhoTopology]  -0.00
     sigma_m[JET_PunchThrough_MC16]   -0.00
     sigma_m[JET_JER_DataVsMC_MC16_PseudoData] 0.00
     sigma_m[JET_JER_EffectiveNP_1_PseudoData] 0.00
     sigma_m[JET_JER_EffectiveNP_2_PseudoData] 0.00
     sigma_m[JET_JER_EffectiveNP_3_PseudoData] 0.00
     sigma_m[JET_JER_EffectiveNP_4_PseudoData] 0.00
     sigma_m[JET_JER_EffectiveNP_5_PseudoData] 0.00
     sigma_m[JET_JER_EffectiveNP_6_PseudoData] 0.00
     sigma_m[JET_JER_EffectiveNP_7_PseudoData] 0.00
     sigma_m[JET_JER_EffectiveNP_8_PseudoData] 0.00
     sigma_m[JET_JER_EffectiveNP_9_PseudoData] 0.00
     sigma_m[JET_JER_EffectiveNP_10_PseudoData] 0.00
     sigma_m[JET_JER_EffectiveNP_11_PseudoData] 0.00
     sigma_m[JET_JER_EffectiveNP_12restTerm_PseudoData] 0.00
     sigma_m[JET_JvtEfficiency]       0.00
     sigma_m[PRW_DATASF]              0.00
     sigma_m[MET_SoftTrk_ResoPara]    0.00
     sigma_m[MET_SoftTrk_ResoPerp]    -0.00
     sigma_m[MET_SoftTrk_Scale]       0.00
     sigma_m[WMASS_VAR_signal]        0.00
     sigma_m[FT_EFF_Eigen_B_0]        0.00
     sigma_m[FT_EFF_Eigen_B_1]        0.00
     sigma_m[FT_EFF_Eigen_B_2]        0.00
     sigma_m[FT_EFF_Eigen_B_3]        0.00
     sigma_m[FT_EFF_Eigen_B_4]        -0.00
     sigma_m[FT_EFF_Eigen_B_5]        0.00
     sigma_m[FT_EFF_Eigen_B_6]        -0.00
     sigma_m[FT_EFF_Eigen_B_7]        0.00
     sigma_m[FT_EFF_Eigen_B_8]        -0.00
     sigma_m[FT_EFF_Eigen_C_0]        0.00
     sigma_m[FT_EFF_Eigen_C_1]        0.00
     sigma_m[FT_EFF_Eigen_C_2]        0.00
     sigma_m[FT_EFF_Eigen_C_3]        0.00
     sigma_m[FT_EFF_Eigen_Light_0]    0.00
     sigma_m[FT_EFF_Eigen_Light_1]    -0.00
     sigma_m[FT_EFF_Eigen_Light_2]    -0.00
     sigma_m[FT_EFF_Eigen_Light_3]    -0.00
     sigma_m[FT_EFF_extrapolation]    -0.00
     sigma_m[FT_EFF_extrapolation_from_charm] 0.00
     sigma_m[THEORY_CROSS_SECTION_signal] 0.00
     sigma_m[THEORY_SHOWERING_HERWIG7_signal] 0.00
     sigma_m[THEORY_SCALE_FACTORISATION_signal] 0.00
     sigma_m[THEORY_SCALE_RENORMALISATION_signal] 0.00
     sigma_m[THEORY_ISR_signal]       0.00
     sigma_m[THEORY_FSR_signal]       -0.00
     sigma_m[THEORY_HDAMP_signal]     0.00
     sigma_m[THEORY_PTHARD_signal]    -0.00
     sigma_m[THEORY_TOPRECOIL_signal] 0.00
     sigma_m[THEORY_TOP_MASS_signal]  -0.00
     sigma_m[THEORY_PDF4LHC_VARIATION_signal] -0.00
     sigma_m[THEORY_DR_DS_signal]     -0.00
     sigma_m[THEORY_CROSS_SECTION_Wjets] 0.00
     sigma_m[THEORY_SCALE_COMBINED_Wjets] 0.00
     sigma_m[THEORY_PDF4LHC_VARIATION_Wjets] 0.00
     sigma_m[THEORY_EWK_Wjets]        -0.00
     sigma_m[THEORY_SCALE_COMBINED_multiboson_noW] 0.00
     sigma_m[THEORY_PDF4LHC_VARIATION_multiboson_noW] 0.00
     sigma_m[THEORY_EWK_multiboson_noW] 0.00
     sigma_m[THEORY_CROSS_SECTION_other_top_noWt] 0.00
     sigma_m[FAKES_Electron]          0.00
     sigma_m[FAKES_Muon]              0.00
     sigma_m[LUMINOSITY]              0.00

  Settings
     Number of data points             10
     Number of templates               8
     Number of fit parameters          1
     Template reference values [0]     162.5   165 167.5   170 172.5 177.5   180 182.5
     Number of nuisance param.         107
     Gamma[0]                          1.000
     LogNormal                         false
     Response matrix                   false

  please cite: D. Britzger, The Linear Template Fit, Eur.Phys.J.C 82 (2022) 731, arXiv:2112.01548.
------------------------------------------------------------------------

Warning in <TFile::Append>: Replacing existing TH1: hist (Potential memory leak).
Warning in <TFile::Append>: Replacing existing TH1: hist (Potential memory leak).
Warning in <TFile::Append>: Replacing existing TH1: hist (Potential memory leak).
Warning in <TFile::Append>: Replacing existing TH1: hist (Potential memory leak).
Warning in <TFile::Append>: Replacing existing TH1: hist (Potential memory leak).
Warning in <TFile::Append>: Replacing existing TH1: hist (Potential memory leak).
Warning in <TFile::Append>: Replacing existing TH1: hist (Potential memory leak).
Warning in <TFile::Append>: Replacing existing TH1: hist (Potential memory leak).
Warning in <TFile::Append>: Replacing existing TH1: hist (Potential memory leak).
Info in <TCanvas::Print>: ps file plots/fit_mbl.ps has been created
Info in <TCanvas::Print>: Current canvas added to ps file plots/fit_mbl.ps
Info in <TCanvas::Print>: Current canvas added to ps file plots/fit_mbl.ps
Info in <TCanvas::Print>: Current canvas added to ps file plots/fit_mbl.ps
Info in <TCanvas::Print>: Current canvas added to ps file plots/fit_mbl.ps
Info in <TCanvas::Print>: Current canvas added to ps file plots/fit_mbl.ps
Info in <TCanvas::Print>: Current canvas added to ps file plots/fit_mbl.ps
Info in <TCanvas::Print>: Current canvas added to ps file plots/fit_mbl.ps
Info in <TCanvas::Print>: Current canvas added to ps file plots/fit_mbl.ps
Info in <TCanvas::Print>: Current canvas added to ps file plots/fit_mbl.ps
Info in <TCanvas::Print>: Current canvas added to ps file plots/fit_mbl.ps
Info in <TCanvas::Print>: Current canvas added to ps file plots/fit_mbl.ps
Info in <TCanvas::Print>: Current canvas added to ps file plots/fit_mbl.ps
Info in <TCanvas::Print>: Current canvas added to ps file plots/fit_mbl.ps
Info in <TCanvas::Print>: Current canvas added to ps file plots/fit_mbl.ps
Info in <TCanvas::Print>: Current canvas added to ps file plots/fit_mbl.ps
Info in <TCanvas::Print>: Current canvas added to ps file plots/fit_mbl.ps
Info in <TCanvas::Print>: Current canvas added to ps file plots/fit_mbl.ps
Info in <TCanvas::Print>: Current canvas added to ps file plots/fit_mbl.ps
Info in <TCanvas::Print>: Current canvas added to ps file plots/fit_mbl.ps
Info in <TCanvas::Print>: Current canvas added to ps file plots/fit_mbl.ps
Info in <TCanvas::Print>: Current canvas added to ps file plots/fit_mbl.ps
Info in <TCanvas::Print>: Current canvas added to ps file plots/fit_mbl.ps
Info in <TCanvas::Print>: Current canvas added to ps file plots/fit_mbl.ps
Info in <TCanvas::Print>: Current canvas added to ps file plots/fit_mbl.ps
Info in <TCanvas::Print>: Current canvas added to ps file plots/fit_mbl.ps
Info in <TCanvas::Print>: Current canvas added to ps file plots/fit_mbl.ps
Info in <TCanvas::Print>: Current canvas added to ps file plots/fit_mbl.ps
Info in <TCanvas::Print>: Current canvas added to ps file plots/fit_mbl.ps
Info in <TCanvas::Print>: Current canvas added to ps file plots/fit_mbl.ps
Info in <TCanvas::Print>: Current canvas added to ps file plots/fit_mbl.ps
Info in <TCanvas::Print>: Current canvas added to ps file plots/fit_mbl.ps
Info in <TCanvas::Print>: ps file plots/fit_mbl.ps has been closed
Found covarinace matrix unfolding_covariance_matrix_mbwhad_selected_covariance_STAT_DATA
Johannes print final covariance matrix
5.27955e-05	-6.3377e-05	2.11533e-05	-6.27684e-07	9.54475e-07	5.08751e-07	-2.95125e-07	-4.11202e-07	
-6.3377e-05	0.000564501	-0.000333142	1.70219e-05	-3.29887e-07	3.14893e-06	-5.98946e-07	2.8585e-07	
2.11533e-05	-0.000333142	0.000550288	-5.48384e-05	3.95351e-06	-3.63185e-06	3.26198e-07	1.35548e-06	
-6.27684e-07	1.70219e-05	-5.48384e-05	7.05012e-05	-1.01552e-05	2.32356e-06	-6.21998e-07	-1.28948e-07	
9.54475e-07	-3.29887e-07	3.95351e-06	-1.01552e-05	1.89856e-05	-4.29143e-06	9.88449e-07	-3.14717e-07	
5.08751e-07	3.14893e-06	-3.63185e-06	2.32356e-06	-4.29143e-06	7.86934e-06	-2.08546e-06	1.85109e-07	
-2.95125e-07	-5.98946e-07	3.26198e-07	-6.21998e-07	9.88449e-07	-2.08546e-06	4.16314e-06	-6.50861e-07	
-4.11202e-07	2.8585e-07	1.35548e-06	-1.28948e-07	-3.14717e-07	1.85109e-07	-6.50861e-07	1.29033e-06	
Johannes print final correltaion matrix
1	-0.367114	0.124104	-0.0102883	0.0301477	0.0249596	-0.0199066	-0.0498203	
-0.367114	1	-0.597727	0.0853252	-0.00318656	0.0472456	-0.0123551	0.0105914	
0.124104	-0.597727	1	-0.278414	0.0386791	-0.0551904	0.00681515	0.0508684	
-0.0102883	0.0853252	-0.278414	1	-0.277573	0.0986475	-0.0363062	-0.0135197	
0.0301477	-0.00318656	0.0386791	-0.277573	1	-0.351092	0.111181	-0.0635855	
0.0249596	0.0472456	-0.0551904	0.0986475	-0.351092	1	-0.364353	0.0580908	
-0.0199066	-0.0123551	0.00681515	-0.0363062	0.111181	-0.364353	1	-0.280819	
-0.0498203	0.0105914	0.0508684	-0.0135197	-0.0635855	0.0580908	-0.280819	1	
TH1.Print Name  = total_error, Entries= 856, Total sum= 0.812715
 fSumw[0]=0, x=-0.5, error=0
 fSumw[1]=0.106435, x=0.5, error=0
 fSumw[2]=0.140581, x=1.5, error=0
 fSumw[3]=0.102963, x=2.5, error=0
 fSumw[4]=0.148362, x=3.5, error=0
 fSumw[5]=0.0626302, x=4.5, error=0
 fSumw[6]=0.0720239, x=5.5, error=0
 fSumw[7]=0.0643816, x=6.5, error=0
 fSumw[8]=0.115339, x=7.5, error=0
 fSumw[9]=0, x=8.5, error=0
STAT_MC 0.00293556
STAT_MC 0.00171278
STAT_MC 0.000708049
STAT_MC 0.00225478
STAT_MC 0.00358833
STAT_MC 0.004986
STAT_MC 0.00516222
STAT_MC 0.00778
TH1.Print Name  = total_error, Entries= 864, Total sum= 0.813529
 fSumw[0]=0, x=-0.5, error=0
 fSumw[1]=0.106476, x=0.5, error=0
 fSumw[2]=0.140591, x=1.5, error=0
 fSumw[3]=0.102965, x=2.5, error=0
 fSumw[4]=0.148379, x=3.5, error=0
 fSumw[5]=0.0627329, x=4.5, error=0
 fSumw[6]=0.0721963, x=5.5, error=0
 fSumw[7]=0.0645883, x=6.5, error=0
 fSumw[8]=0.115601, x=7.5, error=0
 fSumw[9]=0, x=8.5, error=0
TH1.Print Name  = total_error, Entries= 872, Total sum= 0.826074
 fSumw[0]=0, x=-0.5, error=0
 fSumw[1]=0.106666, x=0.5, error=0
 fSumw[2]=0.140619, x=1.5, error=0
 fSumw[3]=0.102984, x=2.5, error=0
 fSumw[4]=0.148431, x=3.5, error=0
 fSumw[5]=0.0633193, x=4.5, error=0
 fSumw[6]=0.0736777, x=5.5, error=0
 fSumw[7]=0.0682394, x=6.5, error=0
 fSumw[8]=0.122137, x=7.5, error=0
 fSumw[9]=0, x=8.5, error=0

        Data        Stat Tmpl_162.50 Stat_162.50 Tmpl_165.00 Stat_165.00 Tmpl_167.50 Stat_167.50 Tmpl_170.00 Stat_170.00 Tmpl_172.50 Stat_172.50 Tmpl_177.50 Stat_177.50 Tmpl_180.00 Stat_180.00 Tmpl_182.50 Stat_182.50
    0.370175    0.002357    0.501124    0.001928    0.470297    0.001785    0.441942    0.002848    0.412722    0.002746    0.389897    0.001798    0.346553    0.001262    0.325103    0.002376    0.303533    0.001348
    1.890956    0.005292    3.665329    0.005259    3.203530    0.004653    2.790967    0.007088    2.422203    0.006628    2.146594    0.004203    1.685302    0.002801    1.516108    0.005141    1.368620    0.002892
    3.887513    0.007676    3.229664    0.004935    3.467408    0.004813    3.677169    0.008063    3.810714    0.008303    3.866342    0.005538    3.867677    0.004233    3.824024    0.008143    3.727112    0.004773
    1.009264    0.003991    0.971584    0.002816    0.969262    0.002595    0.973582    0.004253    0.990226    0.004271    0.990163    0.002842    1.022159    0.002218    1.042926    0.004375    1.069729    0.002607
    0.238404    0.002050    0.258220    0.001561    0.251744    0.001403    0.247901    0.002157    0.244515    0.002157    0.242145    0.001386    0.237219    0.001089    0.237243    0.002102    0.231427    0.001260
    0.078609    0.001156    0.085147    0.000854    0.082934    0.000787    0.081958    0.001258    0.081389    0.001287    0.080102    0.000776    0.076169    0.000630    0.076751    0.001226    0.074774    0.000725
    0.034790    0.000766    0.038144    0.000602    0.036930    0.000501    0.037709    0.000915    0.036247    0.000813    0.035263    0.000489    0.034451    0.000430    0.033690    0.000770    0.033085    0.000497
    0.009725    0.000383    0.011053    0.000330    0.010426    0.000252    0.010632    0.000448    0.009234    0.000377    0.010206    0.000249    0.009530    0.000218    0.010023    0.000401    0.009409    0.000246

LTF::DoLiTeFit(). Fit done. Result:  174.798Johannes Inverse matrix of W
 5.95331e-05  -6.3377e-05  2.11533e-05 -6.27684e-07  9.54475e-07  5.08751e-07 -2.95125e-07 -4.11202e-07
 -6.3377e-05  0.000602992 -0.000333142  1.70219e-05 -3.29887e-07  3.14893e-06 -5.98946e-07   2.8585e-07
 2.11533e-05 -0.000333142  0.000616784 -5.48384e-05  3.95351e-06 -3.63185e-06  3.26198e-07  1.35548e-06
-6.27684e-07  1.70219e-05 -5.48384e-05  9.16106e-05 -1.01552e-05  2.32356e-06 -6.21998e-07 -1.28948e-07
 9.54475e-07 -3.29887e-07  3.95351e-06 -1.01552e-05  2.39186e-05 -4.29143e-06  9.88449e-07 -3.14717e-07
 5.08751e-07  3.14893e-06 -3.63185e-06  2.32356e-06 -4.29143e-06  9.35825e-06 -2.08546e-06  1.85109e-07
-2.95125e-07 -5.98946e-07  3.26198e-07 -6.21998e-07  9.88449e-07 -2.08546e-06  4.78236e-06 -6.50861e-07
-4.11202e-07   2.8585e-07  1.35548e-06 -1.28948e-07 -3.14717e-07  1.85109e-07 -6.50861e-07  1.44303e-06
  +/- 0.972965 (fit)  +/- 0.717724 (ext)  +/- 0.0583462 (tmpl)  +/- 0 (MatA)   [chi^2=0.11266]

------------------------------------------------------------------------
        Result of the 1-dimensional linear template fit
        ```````````````````````````````````````````````
  LTF. Result[0]:   174.798  +/- 0.972965 (fit)  +/- 0.717724 (ext)

  LTF. Result[0]:   174.797522
                             +/-  0.341336 (STAT_DATA)
                             +/-  0.054023 (STAT_MC)
                             +/-  0.123550 (pseudoDataStat)
                             +/- -0.001448 (EG_RESOLUTION_ALL)
                             +/- -0.000217 (EG_SCALE_ALL)
                             +/- -0.004790 (EL_EFF_ID_TOTAL_1NPCOR_PLUS_UNCOR)
                             +/- -0.019856 (EL_EFF_Iso_TOTAL_1NPCOR_PLUS_UNCOR)
                             +/- -0.007037 (EL_EFF_Reco_TOTAL_1NPCOR_PLUS_UNCOR)
                             +/- -0.000000 (EL_EFF_TriggerEff_TOTAL_1NPCOR_PLUS_UNCOR)
                             +/- -0.000000 (EL_EFF_Trigger_TOTAL_1NPCOR_PLUS_UNCOR)
                             +/- -0.035579 (FAKES_Electron)
                             +/- -0.007293 (FAKES_Muon)
                             +/- -0.456138 (FT_EFF_Eigen_B_0)
                             +/-  0.091103 (FT_EFF_Eigen_B_1)
                             +/-  0.014744 (FT_EFF_Eigen_B_2)
                             +/- -0.043445 (FT_EFF_Eigen_B_3)
                             +/-  0.000167 (FT_EFF_Eigen_B_4)
                             +/- -0.000545 (FT_EFF_Eigen_B_5)
                             +/-  0.000022 (FT_EFF_Eigen_B_6)
                             +/- -0.000007 (FT_EFF_Eigen_B_7)
                             +/- -0.000001 (FT_EFF_Eigen_B_8)
                             +/- -0.010782 (FT_EFF_Eigen_C_0)
                             +/- -0.001609 (FT_EFF_Eigen_C_1)
                             +/-  0.000328 (FT_EFF_Eigen_C_2)
                             +/- -0.000318 (FT_EFF_Eigen_C_3)
                             +/- -0.039265 (FT_EFF_Eigen_Light_0)
                             +/- -0.004519 (FT_EFF_Eigen_Light_1)
                             +/-  0.000159 (FT_EFF_Eigen_Light_2)
                             +/-  0.000239 (FT_EFF_Eigen_Light_3)
                             +/-  0.000435 (FT_EFF_extrapolation)
                             +/- -0.014713 (FT_EFF_extrapolation_from_charm)
                             +/- -0.014877 (JET_EffectiveNP_Detector1)
                             +/- -0.002755 (JET_EffectiveNP_Detector2)
                             +/- -0.065461 (JET_EffectiveNP_Mixed1)
                             +/- -0.044873 (JET_EffectiveNP_Mixed2)
                             +/- -0.002310 (JET_EffectiveNP_Mixed3)
                             +/- -0.157803 (JET_EffectiveNP_Modelling1)
                             +/- -0.038568 (JET_EffectiveNP_Modelling2)
                             +/- -0.058878 (JET_EffectiveNP_Modelling3)
                             +/- -0.011527 (JET_EffectiveNP_Modelling4)
                             +/-  0.000273 (JET_EffectiveNP_Statistical1)
                             +/-  0.009071 (JET_EffectiveNP_Statistical2)
                             +/- -0.003066 (JET_EffectiveNP_Statistical3)
                             +/- -0.022731 (JET_EffectiveNP_Statistical4)
                             +/- -0.023624 (JET_EffectiveNP_Statistical5)
                             +/- -0.012378 (JET_EffectiveNP_Statistical6)
                             +/- -0.049069 (JET_EtaIntercalibration_Modelling)
                             +/- -0.070144 (JET_EtaIntercalibration_NonClosure_2018data)
                             +/- -0.000009 (JET_EtaIntercalibration_NonClosure_highE)
                             +/- -0.002153 (JET_EtaIntercalibration_NonClosure_negEta)
                             +/- -0.003720 (JET_EtaIntercalibration_NonClosure_posEta)
                             +/-  0.010703 (JET_EtaIntercalibration_TotalStat)
                             +/-  0.000030 (JET_Flavor_Composition_prop)
                             +/-  0.003065 (JET_Flavor_Response_prop)
                             +/-  0.100238 (JET_JER_DataVsMC_MC16_PseudoData)
                             +/- -0.000156 (JET_JER_EffectiveNP_10_PseudoData)
                             +/- -0.015254 (JET_JER_EffectiveNP_11_PseudoData)
                             +/-  0.039632 (JET_JER_EffectiveNP_12restTerm_PseudoData)
                             +/-  0.175360 (JET_JER_EffectiveNP_1_PseudoData)
                             +/-  0.390471 (JET_JER_EffectiveNP_2_PseudoData)
                             +/-  0.022185 (JET_JER_EffectiveNP_3_PseudoData)
                             +/- -0.128003 (JET_JER_EffectiveNP_4_PseudoData)
                             +/-  0.049819 (JET_JER_EffectiveNP_5_PseudoData)
                             +/-  0.066743 (JET_JER_EffectiveNP_6_PseudoData)
                             +/-  0.044348 (JET_JER_EffectiveNP_7_PseudoData)
                             +/- -0.043440 (JET_JER_EffectiveNP_8_PseudoData)
                             +/-  0.049333 (JET_JER_EffectiveNP_9_PseudoData)
                             +/- -0.073630 (JET_JvtEfficiency)
                             +/-  0.029622 (JET_Pileup_OffsetMu)
                             +/-  0.071987 (JET_Pileup_OffsetNPV)
                             +/- -0.106857 (JET_Pileup_PtTerm)
                             +/-  0.121561 (JET_Pileup_RhoTopology)
                             +/-  0.000068 (JET_PunchThrough_MC16)
                             +/- -0.039573 (LUMINOSITY)
                             +/-  0.008269 (MET_SoftTrk_ResoPara)
                             +/-  0.001190 (MET_SoftTrk_ResoPerp)
                             +/-  0.006492 (MET_SoftTrk_Scale)
                             +/- -0.000000 (MUON_EFF_BADMUON_SYS)
                             +/- -0.002076 (MUON_EFF_ISO_STAT)
                             +/- -0.007590 (MUON_EFF_ISO_SYS)
                             +/- -0.000938 (MUON_EFF_RECO_STAT)
                             +/- -0.002492 (MUON_EFF_RECO_SYS)
                             +/- -0.000485 (MUON_EFF_TTVA_STAT)
                             +/- -0.000635 (MUON_EFF_TTVA_SYS)
                             +/- -0.005642 (MUON_EFF_TrigStatUncertainty)
                             +/- -0.011604 (MUON_EFF_TrigSystUncertainty)
                             +/- -0.000197 (MUON_SAGITTA_DATASTAT)
                             +/- -0.000470 (MUON_SAGITTA_RESBIAS)
                             +/- -0.113553 (PRW_DATASF)
                             +/- -0.031783 (THEORY_CROSS_SECTION_Wjets)
                             +/- -0.065319 (THEORY_CROSS_SECTION_other_top_noWt)
                             +/- -0.008613 (THEORY_CROSS_SECTION_signal)
                             +/- -0.100369 (THEORY_DR_DS_signal)
                             +/-  0.000078 (THEORY_EWK_Wjets)
                             +/- -0.000127 (THEORY_EWK_multiboson_noW)
                             +/- -0.261007 (THEORY_FSR_signal)
                             +/-  0.091161 (THEORY_HDAMP_signal)
                             +/-  0.119408 (THEORY_ISR_signal)
                             +/- -0.011035 (THEORY_PDF4LHC_VARIATION_Wjets)
                             +/- -0.003093 (THEORY_PDF4LHC_VARIATION_multiboson_noW)
                             +/- -0.007430 (THEORY_PDF4LHC_VARIATION_signal)
                             +/-  0.013114 (THEORY_PTHARD_signal)
                             +/- -0.046041 (THEORY_SCALE_COMBINED_Wjets)
                             +/- -0.019390 (THEORY_SCALE_COMBINED_multiboson_noW)
                             +/- -0.018162 (THEORY_SCALE_FACTORISATION_signal)
                             +/-  0.032171 (THEORY_SCALE_RENORMALISATION_signal)
                             +/-  0.106662 (THEORY_SHOWERING_HERWIG7_signal)
                             +/- -0.175074 (THEORY_TOPRECOIL_signal)
                             +/- -0.338351 (THEORY_TOP_MASS_signal)
                             +/- -0.001120 (WMASS_VAR_signal)

                             +/- -0.275942 (FULL_SYS_SUM)
                             +/- -0.262882 (FULL_SYS_SUM_DETECTOR)
                             +/- -0.258020 (FULL_SYS_SUM_THEORY)
                             +/- -0.275942 (FULL_SYS_TOYS)
                             +/- -0.277975 (TOTAL)
                             +/- -0.270849 (TOTAL_NO_DR_DS)
                             +/- -0.276641 (TOTAL_SYSONLY)
                             +/-  0.058346 (statY)

  Nuisance parameters                  0.000  +/-  1.000  (EG_RESOLUTION_ALL)
                                      -0.001  +/-  1.000  (EG_SCALE_ALL)
                                      -0.005  +/-  0.999  (EL_EFF_ID_TOTAL_1NPCOR_PLUS_UNCOR)
                                      -0.010  +/-  0.995  (EL_EFF_Iso_TOTAL_1NPCOR_PLUS_UNCOR)
                                      -0.002  +/-  1.000  (EL_EFF_Reco_TOTAL_1NPCOR_PLUS_UNCOR)
                                      -0.000  +/-  1.000  (EL_EFF_TriggerEff_TOTAL_1NPCOR_PLUS_UNCOR)
                                      -0.000  +/-  1.000  (EL_EFF_Trigger_TOTAL_1NPCOR_PLUS_UNCOR)
                                       0.000  +/-  1.000  (MUON_SAGITTA_DATASTAT)
                                       0.001  +/-  1.000  (MUON_SAGITTA_RESBIAS)
                                      -0.000  +/-  1.000  (MUON_EFF_BADMUON_SYS)
                                      -0.002  +/-  1.000  (MUON_EFF_ISO_STAT)
                                      -0.004  +/-  0.999  (MUON_EFF_ISO_SYS)
                                      -0.000  +/-  1.000  (MUON_EFF_RECO_STAT)
                                      -0.003  +/-  1.000  (MUON_EFF_RECO_SYS)
                                      -0.000  +/-  1.000  (MUON_EFF_TTVA_STAT)
                                      -0.000  +/-  1.000  (MUON_EFF_TTVA_SYS)
                                      -0.003  +/-  1.000  (MUON_EFF_TrigStatUncertainty)
                                      -0.006  +/-  0.998  (MUON_EFF_TrigSystUncertainty)
                                      -0.010  +/-  0.999  (JET_EffectiveNP_Detector1)
                                      -0.002  +/-  1.000  (JET_EffectiveNP_Detector2)
                                      -0.039  +/-  0.982  (JET_EffectiveNP_Mixed1)
                                      -0.024  +/-  0.994  (JET_EffectiveNP_Mixed2)
                                      -0.006  +/-  1.000  (JET_EffectiveNP_Mixed3)
                                      -0.050  +/-  0.886  (JET_EffectiveNP_Modelling1)
                                      -0.007  +/-  0.999  (JET_EffectiveNP_Modelling2)
                                      -0.021  +/-  0.995  (JET_EffectiveNP_Modelling3)
                                      -0.006  +/-  1.000  (JET_EffectiveNP_Modelling4)
                                      -0.006  +/-  0.999  (JET_EffectiveNP_Statistical1)
                                      -0.002  +/-  0.999  (JET_EffectiveNP_Statistical2)
                                      -0.004  +/-  1.000  (JET_EffectiveNP_Statistical3)
                                      -0.007  +/-  0.999  (JET_EffectiveNP_Statistical4)
                                      -0.011  +/-  0.999  (JET_EffectiveNP_Statistical5)
                                      -0.006  +/-  1.000  (JET_EffectiveNP_Statistical6)
                                      -0.038  +/-  0.962  (JET_EtaIntercalibration_Modelling)
                                      -0.035  +/-  0.987  (JET_EtaIntercalibration_NonClosure_2018data)
                                       0.000  +/-  1.000  (JET_EtaIntercalibration_NonClosure_highE)
                                       0.000  +/-  1.000  (JET_EtaIntercalibration_NonClosure_negEta)
                                      -0.001  +/-  1.000  (JET_EtaIntercalibration_NonClosure_posEta)
                                      -0.005  +/-  0.997  (JET_EtaIntercalibration_TotalStat)
                                      -0.000  +/-  1.000  (JET_Flavor_Composition_prop)
                                      -0.006  +/-  0.998  (JET_Flavor_Response_prop)
                                       0.013  +/-  0.994  (JET_Pileup_OffsetMu)
                                       0.045  +/-  0.950  (JET_Pileup_OffsetNPV)
                                      -0.029  +/-  0.974  (JET_Pileup_PtTerm)
                                       0.047  +/-  0.669  (JET_Pileup_RhoTopology)
                                      -0.001  +/-  1.000  (JET_PunchThrough_MC16)
                                       0.011  +/-  0.996  (JET_JER_DataVsMC_MC16_PseudoData)
                                      -0.043  +/-  0.925  (JET_JER_EffectiveNP_1_PseudoData)
                                      -0.086  +/-  0.838  (JET_JER_EffectiveNP_2_PseudoData)
                                      -0.037  +/-  0.975  (JET_JER_EffectiveNP_3_PseudoData)
                                       0.003  +/-  0.998  (JET_JER_EffectiveNP_4_PseudoData)
                                      -0.044  +/-  0.983  (JET_JER_EffectiveNP_5_PseudoData)
                                      -0.049  +/-  0.959  (JET_JER_EffectiveNP_6_PseudoData)
                                       0.001  +/-  0.998  (JET_JER_EffectiveNP_7_PseudoData)
                                      -0.010  +/-  0.995  (JET_JER_EffectiveNP_8_PseudoData)
                                      -0.030  +/-  0.983  (JET_JER_EffectiveNP_9_PseudoData)
                                       0.001  +/-  0.999  (JET_JER_EffectiveNP_10_PseudoData)
                                      -0.013  +/-  0.997  (JET_JER_EffectiveNP_11_PseudoData)
                                      -0.028  +/-  0.994  (JET_JER_EffectiveNP_12restTerm_PseudoData)
                                       0.001  +/-  0.998  (JET_JvtEfficiency)
                                       0.015  +/-  0.982  (PRW_DATASF)
                                      -0.001  +/-  0.999  (MET_SoftTrk_ResoPara)
                                      -0.005  +/-  1.000  (MET_SoftTrk_ResoPerp)
                                       0.001  +/-  1.000  (MET_SoftTrk_Scale)
                                      -0.003  +/-  1.000  (WMASS_VAR_signal)
                                       0.015  +/-  0.897  (FT_EFF_Eigen_B_0)
                                      -0.062  +/-  0.940  (FT_EFF_Eigen_B_1)
                                      -0.019  +/-  0.994  (FT_EFF_Eigen_B_2)
                                       0.002  +/-  1.000  (FT_EFF_Eigen_B_3)
                                      -0.000  +/-  1.000  (FT_EFF_Eigen_B_4)
                                      -0.000  +/-  1.000  (FT_EFF_Eigen_B_5)
                                       0.000  +/-  1.000  (FT_EFF_Eigen_B_6)
                                      -0.000  +/-  1.000  (FT_EFF_Eigen_B_7)
                                      -0.000  +/-  1.000  (FT_EFF_Eigen_B_8)
                                       0.018  +/-  0.991  (FT_EFF_Eigen_C_0)
                                      -0.004  +/-  0.999  (FT_EFF_Eigen_C_1)
                                      -0.001  +/-  1.000  (FT_EFF_Eigen_C_2)
                                       0.001  +/-  1.000  (FT_EFF_Eigen_C_3)
                                       0.019  +/-  0.988  (FT_EFF_Eigen_Light_0)
                                       0.005  +/-  1.000  (FT_EFF_Eigen_Light_1)
                                      -0.000  +/-  1.000  (FT_EFF_Eigen_Light_2)
                                      -0.000  +/-  1.000  (FT_EFF_Eigen_Light_3)
                                      -0.005  +/-  0.999  (FT_EFF_extrapolation)
                                       0.002  +/-  0.999  (FT_EFF_extrapolation_from_charm)
                                       0.000  +/-  1.000  (THEORY_CROSS_SECTION_signal)
                                       0.054  +/-  0.574  (THEORY_SHOWERING_HERWIG7_signal)
                                      -0.007  +/-  0.998  (THEORY_SCALE_FACTORISATION_signal)
                                       0.008  +/-  0.997  (THEORY_SCALE_RENORMALISATION_signal)
                                       0.094  +/-  0.925  (THEORY_ISR_signal)
                                      -0.086  +/-  0.944  (THEORY_FSR_signal)
                                       0.070  +/-  0.917  (THEORY_HDAMP_signal)
                                       0.050  +/-  0.982  (THEORY_PTHARD_signal)
                                      -0.074  +/-  0.946  (THEORY_TOPRECOIL_signal)
                                       0.067  +/-  0.927  (THEORY_TOP_MASS_signal)
                                      -0.001  +/-  1.000  (THEORY_PDF4LHC_VARIATION_signal)
                                      -0.020  +/-  0.917  (THEORY_DR_DS_signal)
                                       0.009  +/-  0.987  (THEORY_CROSS_SECTION_Wjets)
                                      -0.007  +/-  0.949  (THEORY_SCALE_COMBINED_Wjets)
                                      -0.000  +/-  0.999  (THEORY_PDF4LHC_VARIATION_Wjets)
                                      -0.000  +/-  1.000  (THEORY_EWK_Wjets)
                                       0.002  +/-  0.994  (THEORY_SCALE_COMBINED_multiboson_noW)
                                       0.001  +/-  1.000  (THEORY_PDF4LHC_VARIATION_multiboson_noW)
                                       0.000  +/-  1.000  (THEORY_EWK_multiboson_noW)
                                       0.002  +/-  0.919  (THEORY_CROSS_SECTION_other_top_noWt)
                                       0.004  +/-  0.994  (FAKES_Electron)
                                       0.004  +/-  1.000  (FAKES_Muon)
                                      -0.016  +/-  0.983  (LUMINOSITY)

  Correlation matrix 
        1   0.00149  0.000223   0.00493    0.0205   0.00724  1.89e-14  1.89e-14  0.000202  0.000483  1.44e-14   0.00213   0.00781  0.000964   0.00256  0.000499  0.000652    0.0058    0.0119    0.0153   0.00283    0.0685    0.0464   0.00238     0.183    0.0397    0.0608    0.0119  -0.00028  -0.00933   0.00315    0.0234    0.0243    0.0127    0.0524    0.0731  9.17e-06   0.00221   0.00382    -0.011 -3.11e-05  -0.00316   -0.0306   -0.0779     0.113    -0.187    -7e-05    -0.103    -0.195    -0.479   -0.0234     0.132   -0.0521   -0.0715   -0.0457    0.0448   -0.0516   0.00016    0.0157    -0.041    0.0759     0.119   -0.0085  -0.00122  -0.00668   0.00115     0.523   -0.0996   -0.0153    0.0447 -0.000172  0.000561 -2.22e-05  6.99e-06  6.56e-07    0.0112   0.00166 -0.000337  0.000327    0.0409   0.00465 -0.000163 -0.000246 -0.000448    0.0151   0.00886    -0.191    0.0187   -0.0332    -0.133     0.284    -0.102   -0.0137      0.19     0.375   0.00764     0.112    0.0331    0.0499    0.0114    -8e-05      0.02   0.00318   0.00013    0.0731    0.0368    0.0075    0.0414
  0.00149         1 -3.85e-05 -9.08e-05 -0.000243 -7.67e-05 -6.37e-17 -6.37e-17 -2.11e-06 -5.44e-06  1.92e-17  -3.4e-05 -0.000109 -1.24e-05 -5.92e-05 -8.38e-06 -1.08e-05 -7.07e-05 -0.000153  0.000135  1.61e-05  0.000278  0.000269  5.15e-05   0.00117  4.22e-05  0.000237  4.75e-05  1.03e-05  5.32e-05  1.65e-05  8.56e-05  9.21e-05   5.7e-05  0.000311  0.000385 -9.03e-08 -1.57e-05 -1.11e-05  0.000104   1.9e-07  2.77e-06   6.5e-05  0.000251  0.000395  0.000543  3.33e-06 -0.000235  -0.00123  -0.00155 -0.000528 -0.000152 -0.000304 -0.000786 -0.000211 -0.000257 -0.000496 -5.65e-05  -0.00015 -0.000104  -0.00013 -9.01e-05 -9.39e-05 -5.17e-05 -6.22e-05 -1.62e-05 -0.000892 -0.000597 -0.000199 -7.34e-05 -8.46e-06 -2.06e-06 -1.68e-07 -7.11e-09 -2.29e-09 -0.000465 -8.06e-05 -2.24e-05 -3.24e-06 -0.000536  -4.4e-05 -5.71e-06  -3.9e-06 -4.09e-05 -0.000166 -7.69e-05 -0.000265 -9.97e-05 -0.000155 -0.000616  0.000744 -0.000918 -0.000432  0.000691  -0.00119 -1.29e-05  -0.00105 -0.000486 -0.000804  -0.00013 -3.51e-06 -0.000299 -5.21e-05 -1.68e-06  -0.00121 -0.000327 -7.56e-05 -0.000499
 0.000223 -3.85e-05         1 -0.000463  -0.00102 -0.000301 -1.47e-16 -1.47e-16 -3.38e-06 -9.79e-06  8.04e-18 -0.000174 -0.000455  -5.2e-05 -0.000292 -3.81e-05 -4.86e-05   -0.0003 -0.000635 -4.14e-05  6.93e-06 -0.000782  -8.7e-05  -7.6e-05  0.000783 -0.000239  0.000146 -5.88e-05 -0.000273 -1.07e-05 -0.000165  2.14e-05   5.7e-06 -4.13e-05 -0.000907 -4.66e-05 -2.51e-07  -5.8e-05 -2.94e-05 -3.92e-05 -1.92e-06 -0.000344  0.000224   0.00118  0.000495  0.000754 -2.46e-05 -0.000387  -0.00311  -0.00467  -0.00153 -0.000193  -0.00148   -0.0023 -0.000308 -0.000787  -0.00128 -0.000145 -0.000478  -0.00073 -0.000375   0.00061 -0.000256 -0.000286 -0.000244 -0.000176  -0.00247  -0.00384  -0.00103 -0.000218 -1.95e-05 -8.52e-06 -1.01e-07 -2.48e-08 -6.92e-09 -0.000964 -0.000452 -8.86e-05  2.62e-06  -0.00114 -8.68e-05 -5.45e-05 -1.88e-05 -0.000319 -0.000475 -0.000251   0.00026  -0.00033  3.41e-05   0.00184  0.000417   0.00105  0.000251  0.000742 -0.000123 -4.63e-05   -0.0043  -0.00136  -0.00315 -0.000456 -3.47e-05 -0.000996 -0.000182  -2.5e-06  -0.00393 -0.000881 -0.000161  -0.00201
  0.00493 -9.08e-05 -0.000463         1  -0.00409   -0.0012 -3.68e-16 -3.68e-16 -4.33e-05  -3.9e-05 -3.28e-17 -0.000712  -0.00179 -0.000203   -0.0012 -0.000154 -0.000196  -0.00118   -0.0025 -0.000214 -1.85e-05  -0.00436 -0.000761 -0.000432  0.000118  -0.00129  0.000649 -0.000367  -0.00147 -9.85e-05 -0.000941  0.000223  0.000163 -0.000181  -0.00601  -0.00154    -1e-06 -0.000145   -0.0002 -0.000455 -1.66e-05  -0.00186  0.000185   0.00216   0.00204  -0.00464 -0.000199 -0.000499  -0.00652   -0.0102  -0.00287  -0.00058  -0.00388  -0.00562 -0.000522  -0.00215  -0.00273 -0.000637  -0.00152  -0.00176  -0.00138   0.00338  -0.00118  -0.00116  -0.00106 -0.000907   -0.0106   -0.0156  -0.00342  -0.00106 -3.83e-05 -4.32e-05 -2.29e-06  -1.8e-07  -2.9e-08  -0.00382  -0.00201 -0.000227 -3.22e-06  -0.00454 -0.000645 -0.000366  -9.2e-05  -0.00158  -0.00168  -0.00106  -0.00289  -0.00146 -0.000466   0.00419   0.00028  0.000921 -0.000363   0.00272  0.000267 -0.000221   -0.0176  -0.00537   -0.0124  -0.00176 -0.000136  -0.00398 -0.000698 -1.31e-05   -0.0158  -0.00337 -0.000564  -0.00797
   0.0205 -0.000243  -0.00102  -0.00409         1  -0.00274    -1e-15    -1e-15 -8.59e-05  -7.8e-05 -7.76e-17   -0.0015  -0.00403 -0.000458  -0.00257 -0.000336 -0.000427  -0.00265  -0.00563 -0.000197 -7.04e-06  -0.00657  -0.00099 -0.000728  -0.00205  -0.00189   0.00179 -0.000554  -0.00247  -0.00053  -0.00159  0.000601  0.000512 -0.000168   -0.0131  -0.00231 -2.11e-06 -0.000372  -0.00041  -0.00145 -2.64e-05  -0.00307  -0.00083  0.000814   0.00429    -0.023 -0.000329  -0.00218   -0.0205   -0.0316  -0.00921  -0.00243  -0.00984   -0.0158  -0.00243  -0.00518  -0.00834  -0.00187  -0.00416  -0.00452  -0.00403    0.0057  -0.00271  -0.00247  -0.00236  -0.00171   -0.0288   -0.0322  -0.00866  -0.00228  -0.00015 -8.88e-05 -4.14e-06 -2.24e-07 -5.35e-08  -0.00935  -0.00393  -0.00056 -1.35e-05   -0.0104  -0.00126 -0.000636 -0.000164  -0.00265  -0.00377  -0.00225  -0.00212  -0.00265  -0.00118   0.00576   0.00107  -0.00134  -0.00203   0.00663  -0.00562 -0.000508   -0.0357   -0.0117   -0.0258  -0.00367 -0.000247  -0.00837  -0.00143 -2.99e-05   -0.0335  -0.00746  -0.00135   -0.0179
  0.00724 -7.67e-05 -0.000301   -0.0012  -0.00274         1 -3.15e-16 -3.15e-16 -2.64e-05 -2.53e-05 -1.73e-17 -0.000443  -0.00121 -0.000137 -0.000758 -9.98e-05 -0.000127 -0.000792  -0.00169  2.33e-06  6.43e-06  -0.00167 -0.000163 -0.000189 -0.000625 -0.000487   0.00065  -0.00013 -0.000681 -0.000175 -0.000436  0.000224  0.000203 -1.47e-05  -0.00387 -0.000515 -6.36e-07 -0.000111 -0.000122 -0.000458 -7.32e-06 -0.000852 -0.000364 -0.000146   0.00143  -0.00823  -9.2e-05 -0.000729  -0.00643  -0.00979  -0.00282 -0.000843  -0.00294  -0.00484 -0.000808  -0.00159  -0.00259 -0.000619   -0.0013  -0.00133   -0.0013   0.00164 -0.000822 -0.000721 -0.000705 -0.000487  -0.00925  -0.00936  -0.00261 -0.000686  -4.9e-05 -2.65e-05 -1.28e-06 -6.13e-08 -1.58e-08  -0.00292  -0.00114 -0.000167 -7.06e-06   -0.0032 -0.000393 -0.000185 -4.73e-05 -0.000747  -0.00113 -0.000668  -0.00025 -0.000762   -0.0004   0.00118  0.000626 -0.000875 -0.000858   0.00228  -0.00225 -0.000154   -0.0105  -0.00352  -0.00755  -0.00108 -6.95e-05  -0.00247 -0.000422 -9.42e-06  -0.00991  -0.00223 -0.000416  -0.00534
 1.89e-14 -6.37e-17 -1.47e-16 -3.68e-16    -1e-15 -3.15e-16         1 -2.52e-28 -4.93e-18 -6.88e-18   7.5e-29 -1.38e-16 -4.56e-16 -5.15e-17 -2.41e-16 -3.42e-17 -4.39e-17 -2.96e-16 -6.37e-16   3.5e-16   4.6e-17  7.94e-16  6.85e-16  9.62e-17  2.22e-15  1.95e-16  6.59e-16  1.14e-16   3.6e-17  4.75e-17  7.16e-17   2.4e-16  1.94e-16  1.43e-16  1.21e-16  9.59e-16 -2.48e-19 -4.16e-17 -4.43e-17  9.19e-17  3.18e-19  2.02e-17  2.12e-16  8.88e-16  1.33e-15 -1.41e-15  1.09e-17 -5.66e-16 -5.52e-15  -7.9e-15 -2.55e-15 -7.88e-16 -2.08e-15 -3.93e-15 -7.83e-16 -1.25e-15 -2.47e-15 -4.04e-16 -9.71e-16 -9.44e-16 -7.39e-16   3.5e-16 -3.15e-16 -2.17e-16 -1.78e-16 -6.13e-17 -4.81e-15 -2.67e-15 -1.19e-15 -1.95e-16 -3.92e-17 -7.29e-18 -3.34e-19 -9.44e-21 -6.37e-21 -1.36e-15 -2.77e-16 -9.41e-17 -6.23e-18 -1.36e-15 -8.75e-17 -2.01e-17 -8.92e-18 -1.22e-16 -4.39e-16 -2.05e-16  5.56e-15 -3.31e-16 -2.35e-16  -2.5e-16  1.38e-15 -1.33e-15 -6.11e-16  1.61e-15 -2.78e-15 -6.78e-17 -3.08e-15 -1.22e-15  -2.1e-15 -3.67e-16  -6.3e-18 -7.46e-16 -1.25e-16 -4.42e-18 -3.14e-15 -8.07e-16 -1.83e-16 -1.96e-15
 1.89e-14 -6.37e-17 -1.47e-16 -3.68e-16    -1e-15 -3.15e-16 -2.52e-28         1 -4.93e-18 -6.88e-18   7.5e-29 -1.38e-16 -4.56e-16 -5.15e-17 -2.41e-16 -3.42e-17 -4.39e-17 -2.96e-16 -6.37e-16   3.5e-16   4.6e-17  7.94e-16  6.85e-16  9.62e-17  2.22e-15  1.95e-16  6.59e-16  1.14e-16   3.6e-17  4.75e-17  7.16e-17   2.4e-16  1.94e-16  1.43e-16  1.21e-16  9.59e-16 -2.48e-19 -4.16e-17 -4.43e-17  9.19e-17  3.18e-19  2.02e-17  2.12e-16  8.88e-16  1.33e-15 -1.41e-15  1.09e-17 -5.66e-16 -5.52e-15  -7.9e-15 -2.55e-15 -7.88e-16 -2.08e-15 -3.93e-15 -7.83e-16 -1.25e-15 -2.47e-15 -4.04e-16 -9.71e-16 -9.44e-16 -7.39e-16   3.5e-16 -3.15e-16 -2.17e-16 -1.78e-16 -6.13e-17 -4.81e-15 -2.67e-15 -1.19e-15 -1.95e-16 -3.92e-17 -7.29e-18 -3.34e-19 -9.44e-21 -6.37e-21 -1.36e-15 -2.77e-16 -9.41e-17 -6.23e-18 -1.36e-15 -8.75e-17 -2.01e-17 -8.92e-18 -1.22e-16 -4.39e-16 -2.05e-16  5.56e-15 -3.31e-16 -2.35e-16  -2.5e-16  1.38e-15 -1.33e-15 -6.11e-16  1.61e-15 -2.78e-15 -6.78e-17 -3.08e-15 -1.22e-15  -2.1e-15 -3.67e-16  -6.3e-18 -7.46e-16 -1.25e-16 -4.42e-18 -3.14e-15 -8.07e-16 -1.83e-16 -1.96e-15
 0.000202 -2.11e-06 -3.38e-06 -4.33e-05 -8.59e-05 -2.64e-05 -4.93e-18 -4.93e-18         1 -3.79e-06  5.44e-18  -1.5e-05 -3.55e-05 -4.03e-06  -2.6e-05 -3.32e-06 -4.17e-06 -2.33e-05 -5.04e-05  4.73e-05  6.25e-06 -2.67e-05  8.25e-05   5.8e-06  0.000266 -2.67e-05  0.000125     1e-05 -4.15e-05  1.38e-05 -2.26e-05  5.11e-05  5.45e-05  1.98e-05 -6.62e-05   7.1e-05 -3.72e-08  1.64e-06 -8.37e-06  1.24e-05 -7.35e-07 -6.22e-05 -1.09e-05 -3.72e-05  0.000264  -0.00043  -8.2e-06  2.02e-05  0.000175  0.000361  0.000168 -3.44e-05  7.08e-05  9.11e-05  1.93e-05 -3.56e-05  7.42e-05 -3.63e-05 -1.29e-05  7.15e-05 -4.32e-05  0.000169 -3.68e-05 -1.59e-05 -2.81e-05 -2.41e-05 -0.000454 -0.000257  5.97e-06 -4.16e-05  1.11e-06 -1.72e-06 -2.02e-07  -1.2e-08 -1.25e-09 -0.000163 -5.88e-05  2.82e-06 -3.06e-06 -0.000179 -5.11e-05 -1.95e-05 -3.63e-06 -5.73e-05 -3.73e-05 -3.17e-05  6.79e-05 -4.72e-05 -6.02e-05 -0.000272  0.000331   -0.0003 -0.000217  0.000392 -0.000108 -5.84e-06 -0.000463 -0.000161  -0.00028 -4.81e-05 -2.97e-06 -0.000108 -2.08e-05  -8.4e-07 -0.000424 -8.55e-05 -2.12e-05 -0.000167
 0.000483 -5.44e-06 -9.79e-06  -3.9e-05  -7.8e-05 -2.53e-05 -6.88e-18 -6.88e-18 -3.79e-06         1  7.45e-18 -1.32e-05 -3.13e-05 -3.68e-06 -2.34e-05 -3.12e-06  -3.9e-06 -2.06e-05 -4.58e-05  7.73e-05  1.68e-05  5.06e-05  0.000176  2.07e-05  0.000445 -3.31e-05  0.000241  3.59e-05 -4.38e-05  6.24e-06 -1.99e-05  8.49e-05  0.000108  3.86e-05 -8.28e-07  0.000228 -6.11e-08 -3.51e-06 -2.74e-06   4.5e-06 -4.56e-07 -7.42e-05 -9.95e-05 -0.000292  0.000443  -0.00103  -7.1e-06 -8.48e-05  0.000425  0.000914  0.000388 -4.15e-05  0.000277   0.00037  3.42e-05 -2.94e-05  0.000256 -4.95e-05  5.84e-05  0.000204 -6.39e-05  0.000164 -3.03e-05  2.37e-06 -4.05e-05 -1.55e-05 -0.000675 -0.000118  8.35e-05 -5.85e-05  8.06e-07 -2.07e-06 -2.37e-07 -1.71e-08    -2e-09 -0.000285 -6.88e-05  4.67e-06 -6.79e-06 -0.000308 -8.87e-05 -2.59e-05 -5.26e-06  -6.9e-05 -6.28e-05 -4.34e-05 -0.000877 -3.11e-05 -7.25e-05 -0.000568  0.000924 -0.000386 -0.000433   0.00089 -0.000263  6.25e-07 -0.000562 -0.000259 -0.000385 -7.16e-05 -6.12e-06 -0.000167 -3.96e-05 -1.28e-06 -0.000594 -0.000128 -4.66e-05 -0.000164
 1.44e-14  1.92e-17  8.04e-18 -3.28e-17 -7.76e-17 -1.73e-17   7.5e-29   7.5e-29  5.44e-18  7.45e-18         1 -1.37e-17 -3.63e-17 -4.27e-18 -2.36e-17 -2.57e-18 -3.19e-18 -2.37e-17 -4.64e-17 -4.46e-16 -6.14e-17    -8e-16 -8.88e-16 -1.34e-16 -3.47e-15 -1.37e-16 -7.25e-16 -1.51e-16 -4.15e-17  -2.1e-16 -1.09e-16 -3.01e-16 -2.35e-16 -1.61e-16 -1.48e-15 -1.17e-15  5.73e-20 -4.59e-17  2.32e-17  -3.7e-16  1.48e-18  3.43e-17 -6.57e-16 -1.78e-15 -1.82e-15 -2.54e-15  2.14e-19  -2.8e-16   3.9e-16  1.88e-17 -7.94e-17  3.52e-16  3.79e-16  6.75e-16 -2.75e-17   6.5e-16   5.5e-16  2.33e-16  3.53e-16  3.52e-17  1.43e-16 -9.93e-16 -1.43e-17  -7.7e-17 -1.13e-16 -3.27e-17   1.4e-15  -5.3e-16    -3e-16 -1.77e-17 -2.68e-18   1.9e-18  6.26e-19  6.76e-20  5.42e-21  1.32e-16  2.91e-17  -1.5e-17   1.3e-17  3.42e-17  1.11e-16  4.82e-17  6.51e-18  1.65e-16 -1.04e-16 -3.61e-17 -8.32e-15   2.6e-16   8.5e-17  2.88e-16 -1.97e-15  3.46e-16  3.72e-16 -1.67e-15 -1.84e-16  1.45e-17  -1.9e-16 -2.32e-16 -8.29e-16 -4.12e-18  -8.3e-18 -1.92e-16 -1.33e-17  2.04e-18  -6.7e-16 -2.27e-16 -1.46e-17 -2.06e-16
  0.00213  -3.4e-05 -0.000174 -0.000712   -0.0015 -0.000443 -1.38e-16 -1.38e-16  -1.5e-05 -1.32e-05 -1.37e-17         1 -0.000659 -7.51e-05 -0.000442 -5.68e-05 -7.21e-05 -0.000434  -0.00092 -8.41e-05 -6.78e-06  -0.00156 -0.000282 -0.000155  0.000134  -0.00046   0.00022 -0.000134 -0.000526 -3.31e-05 -0.000341  7.19e-05   5.2e-05 -6.68e-05  -0.00212  -0.00054 -3.65e-07 -5.73e-05 -7.01e-05 -0.000153 -5.76e-06 -0.000664  0.000102  0.000896  0.000738  -0.00136    -7e-05 -0.000182  -0.00253  -0.00397  -0.00115 -0.000202  -0.00148  -0.00215 -0.000206 -0.000788  -0.00105 -0.000223 -0.000561 -0.000682 -0.000504   0.00123 -0.000434 -0.000432 -0.000394 -0.000331   -0.0038  -0.00576  -0.00129 -0.000386 -1.45e-05 -1.57e-05 -7.42e-07 -5.64e-08 -1.01e-08   -0.0014 -0.000734 -8.73e-05  8.74e-08  -0.00167 -0.000223 -0.000127 -3.25e-05 -0.000556 -0.000629  -0.00039 -0.000573 -0.000512 -0.000129   0.00172   8.3e-05  0.000507 -5.09e-05  0.000991  0.000119 -8.05e-05  -0.00649  -0.00199  -0.00461  -0.00065 -4.99e-05  -0.00147 -0.000256 -4.64e-06  -0.00585  -0.00125  -0.00021  -0.00294
  0.00781 -0.000109 -0.000455  -0.00179  -0.00403  -0.00121 -4.56e-16 -4.56e-16 -3.55e-05 -3.13e-05 -3.63e-17 -0.000659         1 -0.000202  -0.00112 -0.000148 -0.000187  -0.00117  -0.00248 -0.000108 -5.74e-06  -0.00277 -0.000467  -0.00032  -0.00119 -0.000779  0.000725 -0.000243  -0.00104  -0.00026 -0.000671  0.000237  0.000193 -7.96e-05   -0.0058  -0.00103 -9.12e-07 -0.000169 -0.000176 -0.000674 -1.08e-05  -0.00128 -0.000398  0.000275   0.00173   -0.0105 -0.000136  -0.00103  -0.00965   -0.0149   -0.0044  -0.00112  -0.00455  -0.00732  -0.00116  -0.00233  -0.00393 -0.000837  -0.00191  -0.00213  -0.00182   0.00238  -0.00119  -0.00109  -0.00103 -0.000732   -0.0128   -0.0141  -0.00393 -0.000981 -7.09e-05 -3.81e-05 -1.66e-06 -8.44e-08 -2.26e-08  -0.00409  -0.00169 -0.000256 -3.93e-06  -0.00454 -0.000517 -0.000262 -6.89e-05  -0.00111  -0.00165 -0.000975 -0.000492  -0.00113 -0.000479   0.00269  0.000239 -0.000461 -0.000768   0.00269  -0.00266 -0.000224   -0.0155   -0.0051   -0.0112  -0.00159 -0.000105  -0.00363 -0.000616 -1.28e-05   -0.0145  -0.00326 -0.000587  -0.00787
 0.000964 -1.24e-05  -5.2e-05 -0.000203 -0.000458 -0.000137 -5.15e-17 -5.15e-17 -4.03e-06 -3.68e-06 -4.27e-18 -7.51e-05 -0.000202         1 -0.000128 -1.68e-05 -2.13e-05 -0.000133 -0.000282 -1.29e-05 -5.43e-07 -0.000319 -5.35e-05 -3.66e-05 -0.000127 -9.02e-05  8.28e-05 -2.78e-05 -0.000119 -2.92e-05 -7.73e-05  2.68e-05  2.22e-05  -9.3e-06 -0.000657 -0.000116 -1.04e-07 -1.94e-05 -1.98e-05 -7.57e-05 -1.23e-06 -0.000147 -4.37e-05   3.7e-05    0.0002  -0.00117 -1.56e-05 -0.000117  -0.00108  -0.00167 -0.000493 -0.000124 -0.000513 -0.000822 -0.000129 -0.000264 -0.000439 -9.38e-05 -0.000213 -0.000239 -0.000205  0.000273 -0.000135 -0.000124 -0.000117 -8.36e-05  -0.00145  -0.00161 -0.000445 -0.000112 -7.95e-06 -4.35e-06 -1.86e-07 -9.55e-09 -2.58e-09 -0.000465 -0.000193 -2.91e-05 -4.47e-07 -0.000518 -5.93e-05    -3e-05 -7.89e-06 -0.000127 -0.000189 -0.000111  -6.7e-05 -0.000128 -5.22e-05  0.000317  3.68e-05 -3.77e-05  -8.5e-05  0.000314  -0.00029 -2.53e-05  -0.00177 -0.000583  -0.00128 -0.000182 -1.22e-05 -0.000415 -7.07e-05 -1.45e-06  -0.00166 -0.000372 -6.72e-05 -0.000895
  0.00256 -5.92e-05 -0.000292   -0.0012  -0.00257 -0.000758 -2.41e-16 -2.41e-16  -2.6e-05 -2.34e-05 -2.36e-17 -0.000442  -0.00112 -0.000128         1 -9.64e-05 -0.000122  -0.00074  -0.00157 -0.000128 -1.04e-05  -0.00255 -0.000451 -0.000258 -3.78e-05 -0.000751  0.000407 -0.000217 -0.000871 -7.93e-05 -0.000562  0.000136  0.000104 -0.000103  -0.00372 -0.000904 -6.19e-07 -9.68e-05 -0.000121 -0.000305 -9.62e-06   -0.0011   5.8e-05   0.00117   0.00124  -0.00342 -0.000117 -0.000374  -0.00447  -0.00697  -0.00199 -0.000411  -0.00252  -0.00372 -0.000402  -0.00136  -0.00184 -0.000413 -0.000986  -0.00115 -0.000913     0.002 -0.000745 -0.000725 -0.000669 -0.000551  -0.00684  -0.00967  -0.00222 -0.000659 -2.77e-05 -2.65e-05 -1.32e-06 -9.66e-08 -1.72e-08  -0.00244  -0.00123 -0.000148  -1.5e-06  -0.00287 -0.000386 -0.000215 -5.47e-05 -0.000927  -0.00106  -0.00066  -0.00144 -0.000864 -0.000274   0.00254  0.000175  0.000496 -0.000246   0.00172 -0.000159 -0.000139   -0.0109  -0.00337  -0.00772  -0.00109 -8.24e-05  -0.00248 -0.000431 -8.12e-06  -0.00986  -0.00212 -0.000361  -0.00501
 0.000499 -8.38e-06 -3.81e-05 -0.000154 -0.000336 -9.98e-05 -3.42e-17 -3.42e-17 -3.32e-06 -3.12e-06 -2.57e-18 -5.68e-05 -0.000148 -1.68e-05 -9.64e-05         1 -1.59e-05 -9.71e-05 -0.000206    -1e-05 -3.09e-07 -0.000286 -4.27e-05 -2.96e-05 -9.64e-06 -8.44e-05  6.46e-05 -2.36e-05 -0.000103 -1.34e-05 -6.66e-05  2.17e-05  1.83e-05 -8.94e-06 -0.000473  -9.3e-05 -8.03e-08 -1.32e-05 -1.53e-05 -4.34e-05 -1.12e-06  -0.00013 -6.05e-06  0.000107  0.000176 -0.000611 -1.38e-05  -6.1e-05 -0.000654  -0.00101 -0.000289 -6.99e-05 -0.000341 -0.000522 -6.74e-05 -0.000184 -0.000267 -6.14e-05 -0.000139 -0.000155 -0.000133  0.000247 -9.85e-05 -9.28e-05 -8.76e-05 -6.79e-05 -0.000976  -0.00123 -0.000301 -8.57e-05 -4.39e-06 -3.41e-06 -1.62e-07 -1.04e-08 -2.13e-09 -0.000334 -0.000154 -1.98e-05 -4.12e-07 -0.000383 -4.98e-05 -2.62e-05 -6.66e-06 -0.000111  -0.00014 -8.52e-05    -7e-05 -0.000105 -3.63e-05  0.000284  5.39e-05  2.46e-05 -5.27e-05  0.000257 -9.79e-05 -1.83e-05  -0.00138  -0.00044 -0.000987  -0.00014 -1.01e-05 -0.000318 -5.52e-05 -1.09e-06  -0.00127 -0.000277  -4.9e-05 -0.000656
 0.000652 -1.08e-05 -4.86e-05 -0.000196 -0.000427 -0.000127 -4.39e-17 -4.39e-17 -4.17e-06  -3.9e-06 -3.19e-18 -7.21e-05 -0.000187 -2.13e-05 -0.000122 -1.59e-05         1 -0.000123 -0.000262 -1.18e-05 -3.48e-07 -0.000357 -5.23e-05 -3.68e-05  4.14e-07 -0.000106   8.2e-05 -2.95e-05  -0.00013 -1.62e-05 -8.37e-05  2.75e-05  2.33e-05 -1.09e-05 -0.000591 -0.000114 -1.02e-07  -1.7e-05 -1.93e-05 -5.32e-05  -1.4e-06 -0.000163 -5.69e-06  0.000141  0.000222 -0.000747 -1.73e-05 -7.94e-05 -0.000845   -0.0013 -0.000376 -8.92e-05 -0.000437 -0.000672 -8.82e-05 -0.000235 -0.000345 -7.73e-05 -0.000177 -0.000199 -0.000169  0.000308 -0.000125 -0.000118 -0.000111 -8.58e-05  -0.00123  -0.00156 -0.000384 -0.000109 -5.65e-06 -4.31e-06 -2.02e-07 -1.28e-08 -2.68e-09 -0.000426 -0.000195 -2.54e-05 -4.75e-07 -0.000489 -6.24e-05 -3.27e-05 -8.39e-06 -0.000139 -0.000179 -0.000108 -8.23e-05 -0.000133 -4.63e-05  0.000359  6.96e-05  2.53e-05 -6.72e-05  0.000326 -0.000137 -2.32e-05  -0.00175  -0.00056  -0.00126 -0.000178 -1.28e-05 -0.000405    -7e-05 -1.39e-06  -0.00162 -0.000354 -6.26e-05 -0.000834
   0.0058 -7.07e-05   -0.0003  -0.00118  -0.00265 -0.000792 -2.96e-16 -2.96e-16 -2.33e-05 -2.06e-05 -2.37e-17 -0.000434  -0.00117 -0.000133  -0.00074 -9.71e-05 -0.000123         1  -0.00163 -8.13e-05 -4.29e-06  -0.00189 -0.000328 -0.000218 -0.000799 -0.000529  0.000466 -0.000166 -0.000696  -0.00017  -0.00045  0.000151   0.00012 -5.87e-05  -0.00384 -0.000702 -5.99e-07  -0.00011 -0.000115 -0.000444 -7.28e-06 -0.000862  -0.00024  0.000254   0.00115  -0.00676 -9.13e-05 -0.000647  -0.00624  -0.00967  -0.00284  -0.00072  -0.00299  -0.00476 -0.000734  -0.00153  -0.00255 -0.000547  -0.00125   -0.0014  -0.00119   0.00162 -0.000775 -0.000717 -0.000674 -0.000486  -0.00837  -0.00932  -0.00258 -0.000643 -4.56e-05 -2.52e-05 -1.09e-06 -5.78e-08  -1.5e-08  -0.00266  -0.00112 -0.000167 -2.35e-06  -0.00295 -0.000341 -0.000176 -4.58e-05 -0.000743  -0.00108  -0.00064 -0.000176 -0.000749 -0.000294   0.00192  0.000134 -0.000134 -0.000445   0.00175  -0.00155 -0.000147   -0.0102  -0.00334  -0.00737  -0.00105 -7.03e-05  -0.00238 -0.000406  -8.3e-06  -0.00954  -0.00213 -0.000381  -0.00517
   0.0119 -0.000153 -0.000635   -0.0025  -0.00563  -0.00169 -6.37e-16 -6.37e-16 -5.04e-05 -4.58e-05 -4.64e-17  -0.00092  -0.00248 -0.000282  -0.00157 -0.000206 -0.000262  -0.00163         1 -0.000126  -3.5e-06  -0.00385   -0.0006  -0.00044  -0.00148  -0.00109   0.00107  -0.00033  -0.00145 -0.000354 -0.000939  0.000353  0.000294 -0.000101  -0.00805  -0.00136 -1.28e-06 -0.000234 -0.000246 -0.000927 -1.53e-05  -0.00181 -0.000549  0.000397   0.00255   -0.0147 -0.000191  -0.00143   -0.0133   -0.0205  -0.00603  -0.00157  -0.00629   -0.0101   -0.0016  -0.00327  -0.00542  -0.00118  -0.00265  -0.00292  -0.00255   0.00338  -0.00166  -0.00152  -0.00144  -0.00102    -0.018   -0.0197  -0.00545  -0.00138 -9.81e-05 -5.36e-05 -2.37e-06 -1.23e-07 -3.19e-08  -0.00575  -0.00237 -0.000354 -6.99e-06  -0.00638 -0.000741 -0.000373 -9.73e-05  -0.00157  -0.00231  -0.00137 -0.000572  -0.00159 -0.000678   0.00367   0.00055  -0.00069  -0.00115   0.00395   -0.0037 -0.000313   -0.0217  -0.00715   -0.0157  -0.00223 -0.000148  -0.00508 -0.000866 -1.81e-05   -0.0204  -0.00456 -0.000825    -0.011
   0.0153  0.000135 -4.14e-05 -0.000214 -0.000197  2.33e-06   3.5e-16   3.5e-16  4.73e-05  7.73e-05 -4.46e-16 -8.41e-05 -0.000108 -1.29e-05 -0.000128    -1e-05 -1.18e-05 -8.13e-05 -0.000126         1 -0.000374   -0.0075    -0.006   -0.0012   -0.0226   -0.0014  -0.00487  -0.00116 -0.000743  -0.00129 -0.000677  -0.00194  -0.00207  -0.00132   -0.0106  -0.00823  6.12e-07 -7.54e-05  6.72e-05  -0.00248 -2.45e-06  -0.00058  -0.00196  -0.00418   -0.0102   -0.0107 -5.51e-05  -0.00025  0.000195  -0.00539  -0.00212   0.00151  -0.00196 -0.000161   0.00054   0.00127  0.000378  0.000746  0.000366  -0.00215  0.000625   -0.0019  0.000446 -0.000362  3.71e-05 -0.000219   0.00701  -0.00496   -0.0019  0.000471 -1.43e-05  1.58e-05     3e-06  6.23e-08   1.5e-08    0.0037  3.36e-05 -0.000105  8.69e-05   0.00389  0.000847  0.000114  1.27e-05 -3.51e-05  0.000573  0.000295   -0.0281  0.000335   0.00138    0.0117   -0.0155     0.012   0.00692   -0.0144      0.01  3.43e-05   0.00234   0.00219  0.000591  0.000458 -4.79e-05  0.000851  0.000171     2e-05   0.00352   0.00112  0.000531 -0.000234
  0.00283  1.61e-05  6.93e-06 -1.85e-05 -7.04e-06  6.43e-06   4.6e-17   4.6e-17  6.25e-06  1.68e-05 -6.14e-17 -6.78e-06 -5.74e-06 -5.43e-07 -1.04e-05 -3.09e-07 -3.48e-07 -4.29e-06  -3.5e-06 -0.000374         1 -0.000993 -0.000826 -0.000145  -0.00266 -0.000177 -0.000757 -0.000169 -7.67e-05 -0.000111 -8.18e-05 -0.000283 -0.000312 -0.000179   -0.0012  -0.00119  8.78e-08 -6.21e-06 -3.53e-06 -0.000225  -6.1e-07 -3.91e-05 -0.000166 -0.000296   -0.0017  0.000429 -6.28e-06 -6.58e-05 -0.000334  -0.00128 -0.000578  0.000243 -0.000298 -0.000301 -2.02e-05  0.000218 -0.000157  0.000179  4.07e-05 -0.000327  0.000187  -0.00066  3.18e-05 -6.46e-05  1.52e-05 -3.29e-05   0.00171 -0.000663 -0.000224  6.61e-05 -1.73e-06  2.91e-06  2.65e-07  1.48e-09  1.92e-09  0.000536  2.79e-05  -1.5e-05  1.47e-05  0.000477  0.000149  2.72e-05   2.1e-06  2.26e-06  5.91e-05  3.32e-05  -0.00569 -2.97e-05 -1.09e-05  0.000888   -0.0026  0.000522  0.000773  -0.00251  0.000582 -7.73e-07  0.000289  0.000245  1.76e-05   6.5e-05  -1.5e-06  9.08e-05  3.14e-05  2.53e-06  0.000295  6.32e-05  7.62e-05 -7.47e-06
   0.0685  0.000278 -0.000782  -0.00436  -0.00657  -0.00167  7.94e-16  7.94e-16 -2.67e-05  5.06e-05    -8e-16  -0.00156  -0.00277 -0.000319  -0.00255 -0.000286 -0.000357  -0.00189  -0.00385   -0.0075 -0.000993         1   -0.0168  -0.00434   -0.0446  -0.00942   -0.0105  -0.00414  -0.00734   -0.0019  -0.00478  -0.00395  -0.00486  -0.00412   -0.0373    -0.026 -7.12e-07  1.01e-05 -0.000515  -0.00509 -8.66e-05  -0.00891 -0.000292   0.00669   -0.0188   0.00486  -0.00094   0.00175    0.0119    0.0036   0.00129   0.00539  -0.00642   0.00103    0.0048  -0.00102   0.00328   0.00161  0.000135  -0.00532   0.00228   0.00748 -0.000472  -0.00281  -0.00109  -0.00305     0.014   -0.0448  -0.00448 -0.000773  0.000123 -6.09e-05 -5.59e-06 -1.41e-06  -8.8e-08   0.00586  -0.00524 -0.000309  0.000159   0.00355 -0.000186  -0.00127 -0.000327  -0.00703 -0.000381  -0.00117    -0.107   -0.0057  0.000351    0.0372   -0.0366    0.0316    0.0161   -0.0323    0.0428 -0.000292   -0.0325  -0.00274   -0.0205  -0.00242 -0.000501  -0.00515   -0.0011  2.04e-05   -0.0199  -0.00187   0.00091   -0.0121
   0.0464  0.000269  -8.7e-05 -0.000761  -0.00099 -0.000163  6.85e-16  6.85e-16  8.25e-05  0.000176 -8.88e-16 -0.000282 -0.000467 -5.35e-05 -0.000451 -4.27e-05 -5.23e-05 -0.000328   -0.0006    -0.006 -0.000826   -0.0168         1  -0.00257   -0.0458  -0.00326   -0.0102  -0.00255  -0.00189  -0.00244  -0.00159  -0.00397  -0.00438   -0.0028   -0.0229   -0.0179  1.13e-06 -0.000106  1.84e-05  -0.00488 -1.35e-05  -0.00165  -0.00352  -0.00691   -0.0215   -0.0173 -0.000181 -0.000298  -0.00079   -0.0134  -0.00525   0.00306  -0.00487  -0.00202  0.000966   0.00218 -0.000293   0.00157  0.000278  -0.00486   0.00141  -0.00394  0.000653 -0.000977   3.3e-05 -0.000672    0.0148   -0.0132   -0.0041  0.000831 -2.52e-05  2.59e-05  4.43e-06  -2.9e-08  2.05e-08   0.00749 -0.000283 -0.000224  0.000183   0.00756   0.00167  0.000135 -1.15e-07 -0.000616   0.00107  0.000463   -0.0641 -0.000143   0.00191    0.0224   -0.0343    0.0211    0.0137   -0.0317    0.0195 -5.22e-06   0.00207   0.00394 -0.000183  0.000729 -0.000103   0.00128  0.000299   3.8e-05   0.00496   0.00182   0.00112  -0.00158
  0.00238  5.15e-05  -7.6e-05 -0.000432 -0.000728 -0.000189  9.62e-17  9.62e-17   5.8e-06  2.07e-05 -1.34e-16 -0.000155  -0.00032 -3.66e-05 -0.000258 -2.96e-05 -3.68e-05 -0.000218  -0.00044   -0.0012 -0.000145  -0.00434  -0.00257         1     -0.01 -0.000948  -0.00169 -0.000557 -0.000718 -0.000584 -0.000477 -0.000657 -0.000805 -0.000593   -0.0062  -0.00385  9.81e-08  3.19e-06 -3.66e-05  -0.00125  -7.8e-06 -0.000817  -0.00071  -0.00117  -0.00317  -0.00805  -8.8e-05  0.000204  7.93e-05  -0.00255 -0.000645  0.000316  -0.00161 -0.000795  0.000421 -0.000219 -0.000197 -3.97e-05 -0.000359   -0.0012 -0.000123  0.000931  5.06e-05 -0.000293  -5.2e-05 -0.000273 -0.000376  -0.00479  -0.00113  5.83e-05 -5.76e-06 -2.99e-06  9.83e-08 -1.03e-07 -3.91e-09   0.00121 -0.000409 -4.98e-05  2.56e-05   0.00136   0.00013  -9.9e-05 -2.15e-05 -0.000567  0.000226  2.07e-05   -0.0087 -0.000372  0.000477   0.00604  -0.00632   0.00594   0.00294  -0.00539   0.00611 -3.86e-05  -0.00142   0.00062 -0.000661 -2.12e-05 -4.27e-05  3.92e-05 -1.06e-05  5.72e-06  0.000167  0.000402  0.000228  -0.00125
    0.183   0.00117  0.000783  0.000118  -0.00205 -0.000625  2.22e-15  2.22e-15  0.000266  0.000445 -3.47e-15  0.000134  -0.00119 -0.000127 -3.78e-05 -9.64e-06  4.14e-07 -0.000799  -0.00148   -0.0226  -0.00266   -0.0446   -0.0458     -0.01         1  -0.00562   -0.0322  -0.00756  -0.00213   -0.0181  -0.00213   -0.0127   -0.0142   -0.0092    -0.127   -0.0685  6.51e-06  6.29e-05  0.000282   -0.0351 -2.71e-06 -0.000129   -0.0422    -0.116    -0.078    -0.406 -0.000205  -0.00763    -0.014    -0.073   -0.0159  -0.00464   -0.0183  -0.00956  -0.00131   0.00429  -0.00365  -0.00508  -0.00724   -0.0174   -0.0106   -0.0129   0.00385 -0.000297   0.00157   0.00062   -0.0512   -0.0127   -0.0209   0.00456 -0.000675   0.00013  1.41e-05  2.55e-07  1.41e-07    0.0251   0.00406 -0.000329  0.000304    0.0377   0.00473  0.000574  0.000255   0.00285    0.0106   0.00494    -0.202   0.00566   0.00752    0.0462    -0.123    0.0674    0.0364    -0.107    0.0513 -0.000141    0.0721    0.0321    0.0497   0.00867   0.00014    0.0191   0.00331  0.000136    0.0759    0.0205   0.00528 -0.000738
   0.0397  4.22e-05 -0.000239  -0.00129  -0.00189 -0.000487  1.95e-16  1.95e-16 -2.67e-05 -3.31e-05 -1.37e-16  -0.00046 -0.000779 -9.02e-05 -0.000751 -8.44e-05 -0.000106 -0.000529  -0.00109   -0.0014 -0.000177  -0.00942  -0.00326 -0.000948  -0.00562         1  -0.00153   -0.0009  -0.00219 -0.000124  -0.00138  -0.00058 -0.000716 -0.000855  -0.00788  -0.00528 -5.21e-07  1.54e-06 -0.000164 -0.000676 -2.65e-05  -0.00278  0.000343   0.00292  -0.00251   0.00659 -0.000289  0.000315   0.00603   0.00711   0.00247   0.00159  3.13e-05   0.00246   0.00158 -0.000268   0.00229  0.000478  0.000578 -0.000185  0.000802   0.00258 -0.000276 -0.000732  -0.00044 -0.000912   0.00367   -0.0122 -0.000223 -0.000491  5.71e-05 -2.56e-05 -2.91e-06 -4.87e-07 -3.52e-08  0.000323  -0.00175 -4.43e-05  1.37e-05 -0.000722 -0.000463 -0.000462 -0.000117   -0.0023 -0.000474 -0.000553    -0.033  -0.00187 -0.000492   0.00662  -0.00475    0.0053   0.00202  -0.00421   0.00984 -6.64e-05   -0.0121  -0.00219  -0.00776  -0.00105 -0.000163  -0.00233 -0.000501 -1.39e-06  -0.00886  -0.00132  9.13e-06  -0.00361
   0.0608  0.000237  0.000146  0.000649   0.00179   0.00065  6.59e-16  6.59e-16  0.000125  0.000241 -7.25e-16   0.00022  0.000725  8.28e-05  0.000407  6.46e-05   8.2e-05  0.000466   0.00107  -0.00487 -0.000757   -0.0105   -0.0102  -0.00169   -0.0322  -0.00153         1  -0.00198 -0.000211   -0.0014  -0.00054  -0.00389  -0.00426  -0.00228   -0.0111   -0.0137  1.66e-06    -7e-05  0.000148  -0.00256  5.63e-06  0.000483  -0.00106  -0.00108   -0.0217    0.0142  6.23e-05 -0.000271  -0.00364   -0.0156  -0.00753   0.00349  -0.00398  -0.00303   0.00013    0.0031   -0.0018   0.00254  0.000934  -0.00448   0.00294  -0.00838   0.00118 -0.000317  0.000741  6.43e-05    0.0271  -0.00197  -0.00204   0.00152 -1.13e-05   6.1e-05  6.86e-06  2.39e-07  4.41e-08   0.00919   0.00131 -0.000172   0.00021     0.009   0.00245  0.000597  8.64e-05  0.000961   0.00151     0.001   -0.0521  0.000694    0.0017    0.0176   -0.0326    0.0152    0.0133   -0.0326    0.0124  0.000124    0.0119    0.0061   0.00595   0.00163  2.51e-05   0.00323  0.000734   4.4e-05    0.0122   0.00276   0.00128   0.00361
   0.0119  4.75e-05 -5.88e-05 -0.000367 -0.000554  -0.00013  1.14e-16  1.14e-16     1e-05  3.59e-05 -1.51e-16 -0.000134 -0.000243 -2.78e-05 -0.000217 -2.36e-05 -2.95e-05 -0.000166  -0.00033  -0.00116 -0.000169  -0.00414  -0.00255 -0.000557  -0.00756   -0.0009  -0.00198         1 -0.000629  -0.00034 -0.000463  -0.00075 -0.000877 -0.000587  -0.00462  -0.00373  1.11e-07 -1.27e-05 -3.51e-05  -0.00076 -6.63e-06  -0.00067 -0.000151  0.000407  -0.00386   0.00082 -7.32e-05  0.000199 -0.000213  -0.00277  -0.00113  0.000711  -0.00139  -0.00088  0.000312  0.000159 -0.000295  0.000337 -7.85e-05  -0.00115  0.000362 -0.000107  1.71e-05 -0.000329 -5.79e-05 -0.000274   0.00319  -0.00454 -0.000925   6.7e-05  3.89e-06  1.32e-08  3.51e-07 -6.63e-08 -1.37e-09   0.00133 -0.000334 -5.71e-05  3.88e-05   0.00116  0.000262 -3.74e-05 -1.59e-05 -0.000445  7.79e-05 -1.86e-05   -0.0119 -0.000377   0.00027   0.00538  -0.00699    0.0044   0.00292  -0.00631   0.00477 -2.86e-05  -0.00185  0.000304  -0.00138 -5.83e-05 -3.74e-05 -0.000158 -1.26e-05  6.23e-06 -0.000716  5.15e-05  0.000204 -0.000996
 -0.00028  1.03e-05 -0.000273  -0.00147  -0.00247 -0.000681   3.6e-17   3.6e-17 -4.15e-05 -4.38e-05 -4.15e-17 -0.000526  -0.00104 -0.000119 -0.000871 -0.000103  -0.00013 -0.000696  -0.00145 -0.000743 -7.67e-05  -0.00734  -0.00189 -0.000718  -0.00213  -0.00219 -0.000211 -0.000629         1 -3.16e-05  -0.00123 -6.44e-05 -0.000192 -0.000514  -0.00668  -0.00337  -6.9e-07 -1.26e-06 -0.000182 -0.000476 -2.52e-05   -0.0026  0.000585   0.00325  0.000737   0.00178 -0.000279  0.000723   0.00399   0.00487   0.00212  0.000742 -0.000823  0.000907   0.00128 -0.000967   0.00133 -9.91e-05  -0.00014 -0.000328 -2.54e-05   0.00434 -0.000544  -0.00079 -0.000595 -0.000921  -0.00245   -0.0127 -0.000865 -0.000695  4.29e-05 -3.51e-05 -3.13e-06 -4.06e-07 -3.43e-08  -0.00106  -0.00189 -5.49e-05  -4.5e-06  -0.00182  -0.00068 -0.000494 -0.000112  -0.00216 -0.000708 -0.000685   -0.0135  -0.00172 -0.000277   0.00618  -0.00144   0.00475   0.00108 -3.61e-05   0.00835 -0.000122   -0.0136  -0.00291  -0.00849  -0.00124 -0.000151  -0.00264 -0.000541 -6.51e-06   -0.0102  -0.00163 -0.000146  -0.00469
 -0.00933  5.32e-05 -1.07e-05 -9.85e-05  -0.00053 -0.000175  4.75e-17  4.75e-17  1.38e-05  6.24e-06  -2.1e-16 -3.31e-05  -0.00026 -2.92e-05 -7.93e-05 -1.34e-05 -1.62e-05  -0.00017 -0.000354  -0.00129 -0.000111   -0.0019  -0.00244 -0.000584   -0.0181 -0.000124   -0.0014  -0.00034 -3.16e-05         1 -5.71e-05 -0.000612  -0.00065 -0.000459  -0.00866  -0.00356  3.16e-07 -3.39e-05  4.21e-05  -0.00258  2.68e-06  0.000103  -0.00331  -0.00919  -0.00362   -0.0348  4.58e-06 -0.000817  -0.00221  -0.00625  -0.00117 -0.000845  -0.00151  -0.00116 -0.000315  -0.00012  -0.00051 -0.000733  -0.00076  -0.00115  -0.00136 -0.000114   0.00016 -2.32e-05 -3.34e-05  7.78e-05  -0.00802  -0.00103  -0.00191   0.00018 -6.57e-05  4.05e-06  1.19e-06  7.46e-08  9.75e-09  0.000673    0.0002 -4.69e-05  4.55e-06   0.00175  0.000161  2.67e-05  1.94e-05  0.000314  0.000517  0.000248  -0.00687  0.000623  0.000786   0.00299  -0.00558   0.00519   0.00182  -0.00419   0.00253 -1.82e-05   0.00406   0.00159   0.00269  0.000443  3.97e-06     0.001  0.000154  6.54e-06   0.00414   0.00114  0.000209 -0.000819
  0.00315  1.65e-05 -0.000165 -0.000941  -0.00159 -0.000436  7.16e-17  7.16e-17 -2.26e-05 -1.99e-05 -1.09e-16 -0.000341 -0.000671 -7.73e-05 -0.000562 -6.66e-05 -8.37e-05  -0.00045 -0.000939 -0.000677 -8.18e-05  -0.00478  -0.00159 -0.000477  -0.00213  -0.00138  -0.00054 -0.000463  -0.00123 -5.71e-05         1 -0.000213 -0.000219  -0.00038  -0.00432  -0.00255 -4.15e-07 -4.54e-05 -9.08e-05 -0.000323 -1.38e-05  -0.00154  0.000181   0.00151 -0.000482   0.00236 -0.000168  0.000372   0.00281   0.00338   0.00128  0.000814 -0.000128   0.00114  0.000772 -1.21e-05   0.00129  0.000188   0.00026 -9.16e-05  0.000184     0.002 -0.000393 -0.000569 -0.000495 -0.000606  0.000114  -0.00824 -0.000727 -0.000483  3.02e-05 -2.11e-05 -1.32e-06 -1.67e-07 -1.59e-08 -0.000732  -0.00116 -4.66e-05  8.92e-06  -0.00137 -0.000337 -0.000256 -6.24e-05  -0.00115 -0.000628 -0.000497   -0.0119 -0.000808 -5.55e-05   0.00409  -0.00181   0.00302  0.000878  -0.00065   0.00472 -6.39e-05  -0.00915  -0.00226  -0.00643 -0.000833   -0.0001  -0.00195 -0.000363 -3.04e-06  -0.00751  -0.00138 -0.000144  -0.00311
   0.0234  8.56e-05  2.14e-05  0.000223  0.000601  0.000224   2.4e-16   2.4e-16  5.11e-05  8.49e-05 -3.01e-16  7.19e-05  0.000237  2.68e-05  0.000136  2.17e-05  2.75e-05  0.000151  0.000353  -0.00194 -0.000283  -0.00395  -0.00397 -0.000657   -0.0127  -0.00058  -0.00389  -0.00075 -6.44e-05 -0.000612 -0.000213         1  -0.00163 -0.000884  -0.00439  -0.00517  6.12e-07 -5.93e-05  8.25e-05  -0.00108  3.98e-06  0.000219 -0.000598  -0.00088  -0.00834   0.00422  3.46e-05 -0.000337  -0.00165  -0.00624  -0.00296   0.00137  -0.00149  -0.00106  1.01e-05   0.00123 -0.000574  0.000982  0.000457  -0.00171   0.00105   -0.0033  0.000457 -0.000134  0.000222  3.62e-05      0.01 -0.000915  -0.00095   0.00056 -9.84e-06  2.34e-05  3.06e-06  1.28e-07  1.82e-08   0.00332  0.000487 -8.44e-05   8.1e-05   0.00325  0.000943  0.000246  3.52e-05  0.000441  0.000471  0.000353   -0.0207  0.000418  0.000851   0.00732    -0.012   0.00676   0.00521    -0.012   0.00479  6.01e-05   0.00418   0.00209   0.00174  0.000567  1.05e-06   0.00107  0.000245  1.72e-05   0.00416  0.000914  0.000435   0.00119
   0.0243  9.21e-05   5.7e-06  0.000163  0.000512  0.000203  1.94e-16  1.94e-16  5.45e-05  0.000108 -2.35e-16   5.2e-05  0.000193  2.22e-05  0.000104  1.83e-05  2.33e-05   0.00012  0.000294  -0.00207 -0.000312  -0.00486  -0.00438 -0.000805   -0.0142 -0.000716  -0.00426 -0.000877 -0.000192  -0.00065 -0.000219  -0.00163         1  -0.00102  -0.00547  -0.00596  7.11e-07  3.82e-06  3.69e-05  -0.00124   6.1e-09  3.79e-05 -9.27e-05  0.000806  -0.00868   0.00467  1.53e-05  9.71e-05  -0.00347     -0.01   -0.0042   0.00108  -0.00325  -0.00326  1.58e-05  0.000399  -0.00205  0.000767 -0.000302  -0.00272  0.000903   -0.0024  0.000533 -0.000173  0.000417  4.32e-06   0.00928    -0.002  -0.00131  0.000721 -1.68e-05  2.45e-05  2.71e-06  3.29e-08   1.4e-08   0.00418   0.00045   -0.0001  8.93e-05   0.00435   0.00105  0.000207  2.98e-05  0.000171  0.000815  0.000494   -0.0147 -1.27e-05  0.000935   0.00987   -0.0144    0.0087   0.00662   -0.0144   0.00726  1.98e-05   0.00514   0.00314   0.00333  0.000722  9.98e-06   0.00167  0.000343  1.94e-05   0.00623   0.00157  0.000639   0.00117
   0.0127   5.7e-05 -4.13e-05 -0.000181 -0.000168 -1.47e-05  1.43e-16  1.43e-16  1.98e-05  3.86e-05 -1.61e-16 -6.68e-05 -7.96e-05  -9.3e-06 -0.000103 -8.94e-06 -1.09e-05 -5.87e-05 -0.000101  -0.00132 -0.000179  -0.00412   -0.0028 -0.000593   -0.0092 -0.000855  -0.00228 -0.000587 -0.000514 -0.000459  -0.00038 -0.000884  -0.00102         1  -0.00478  -0.00396   2.4e-07 -7.03e-06 -2.74e-06  -0.00095 -4.52e-06 -0.000514  -0.00037 -0.000214  -0.00458 -0.000556 -4.91e-05  3.83e-05 -8.09e-05  -0.00284  -0.00119  0.000752  -0.00133 -0.000645  0.000343   0.00023 -0.000215  0.000372  1.07e-05  -0.00121  0.000432 -0.000517  0.000203 -0.000211  7.49e-05 -0.000167   0.00404  -0.00322 -0.000754  0.000227 -2.54e-07  5.96e-06  8.34e-07 -5.94e-08  1.04e-09   0.00193 -0.000123 -5.22e-05  4.15e-05    0.0019  0.000373  4.21e-06 -7.02e-06 -0.000314  0.000301  0.000126   -0.0135 -0.000231  0.000459   0.00595  -0.00755   0.00559   0.00345  -0.00724   0.00549  5.51e-07  0.000276   0.00106  0.000117   0.00015 -2.92e-05  0.000346   6.1e-05  8.91e-06   0.00135  0.000532   0.00029 -0.000226
   0.0524  0.000311 -0.000907  -0.00601   -0.0131  -0.00387  1.21e-16  1.21e-16 -6.62e-05 -8.28e-07 -1.48e-15  -0.00212   -0.0058 -0.000657  -0.00372 -0.000473 -0.000591  -0.00384  -0.00805   -0.0106   -0.0012   -0.0373   -0.0229   -0.0062    -0.127  -0.00788   -0.0111  -0.00462  -0.00668  -0.00866  -0.00432  -0.00439  -0.00547  -0.00478         1   -0.0371 -3.02e-07 -0.000136 -0.000663   -0.0181 -7.68e-05  -0.00763   -0.0195   -0.0487   -0.0261    -0.217 -0.000926  -0.00394   -0.0145   -0.0466  -0.00865  -0.00432    -0.017   -0.0152   -0.0003   -0.0054  -0.00605  -0.00513  -0.00782   -0.0112  -0.00927   0.00886  -0.00163  -0.00335  -0.00218  -0.00276   -0.0612   -0.0537   -0.0173  -0.00127 -0.000362 -9.08e-05 -6.37e-06 -1.09e-06 -6.25e-08  0.000299  -0.00501 -0.000601  4.61e-05   0.00424 -0.000845  -0.00142 -0.000259  -0.00543  0.000749 -0.000848    -0.113  -0.00348  0.000677    0.0294   -0.0518    0.0315    0.0127   -0.0376    0.0307 -0.000769   -0.0207 -0.000216   -0.0117  -0.00133 -0.000392  -0.00273 -0.000679  1.41e-05   -0.0106  0.000643  0.000965   -0.0238
   0.0731  0.000385 -4.66e-05  -0.00154  -0.00231 -0.000515  9.59e-16  9.59e-16   7.1e-05  0.000228 -1.17e-15  -0.00054  -0.00103 -0.000116 -0.000904  -9.3e-05 -0.000114 -0.000702  -0.00136  -0.00823  -0.00119    -0.026   -0.0179  -0.00385   -0.0685  -0.00528   -0.0137  -0.00373  -0.00337  -0.00356  -0.00255  -0.00517  -0.00596  -0.00396   -0.0371         1  1.34e-06  7.26e-06 -0.000195  -0.00752 -3.68e-05  -0.00335  -0.00595   -0.0126   -0.0296   -0.0394 -0.000408 -0.000172  0.000453   -0.0171  -0.00598   0.00337  -0.00685  -0.00316   0.00149    0.0021 -0.000608   0.00148 -0.000551   -0.0066   0.00128  -0.00406   0.00057  -0.00151  3.73e-05  -0.00125    0.0141   -0.0218  -0.00561  0.000885 -3.65e-05  1.94e-05  1.72e-06 -4.39e-07  4.57e-09   0.00989  -0.00101 -0.000234  0.000218    0.0101   0.00178  -0.00014 -5.97e-05  -0.00203    0.0018   0.00053    -0.102  -0.00158  0.000889    0.0257   -0.0496    0.0227    0.0165   -0.0453    0.0262 -0.000137  0.000669   0.00542 -5.01e-06  0.000877  -0.00015   0.00161  0.000363  4.47e-05    0.0058   0.00262   0.00167  -0.00378
 9.17e-06 -9.03e-08 -2.51e-07    -1e-06 -2.11e-06 -6.36e-07 -2.48e-19 -2.48e-19 -3.72e-08 -6.11e-08  5.73e-20 -3.65e-07 -9.12e-07 -1.04e-07 -6.19e-07 -8.03e-08 -1.02e-07 -5.99e-07 -1.28e-06  6.12e-07  8.78e-08 -7.12e-07  1.13e-06  9.81e-08  6.51e-06 -5.21e-07  1.66e-06  1.11e-07  -6.9e-07  3.16e-07 -4.15e-07  6.12e-07  7.11e-07   2.4e-07 -3.02e-07  1.34e-06         1 -9.22e-08 -1.12e-07  4.75e-07 -8.04e-09 -9.68e-07  3.04e-07  1.46e-06   3.4e-06  1.61e-06  -9.9e-08    -7e-07 -2.06e-06 -1.27e-06 -1.31e-07 -3.62e-07 -3.92e-07 -1.45e-06 -3.43e-07 -1.06e-06 -5.44e-07 -3.07e-07 -3.39e-07  2.53e-07 -6.45e-07  1.51e-06 -7.66e-07 -5.24e-07 -6.78e-07 -4.53e-07 -5.97e-06 -7.08e-06 -9.39e-07 -7.88e-07    -1e-08  -2.8e-08  -2.2e-09 -1.36e-10 -2.21e-11 -3.38e-06 -1.17e-06 -8.97e-08 -2.99e-08  -4.1e-06 -6.59e-07 -2.38e-07 -6.19e-08 -9.18e-07 -1.26e-06 -7.48e-07 -5.02e-06 -8.74e-07 -8.89e-07 -2.47e-06  5.35e-06 -4.02e-06 -2.88e-06  5.94e-06 -3.59e-06 -9.79e-08 -1.12e-05 -4.16e-06 -8.11e-06 -1.22e-06 -7.92e-08 -2.84e-06 -5.21e-07 -1.35e-08 -1.11e-05 -2.57e-06 -5.53e-07 -4.27e-06
  0.00221 -1.57e-05  -5.8e-05 -0.000145 -0.000372 -0.000111 -4.16e-17 -4.16e-17  1.64e-06 -3.51e-06 -4.59e-17 -5.73e-05 -0.000169 -1.94e-05 -9.68e-05 -1.32e-05  -1.7e-05  -0.00011 -0.000234 -7.54e-05 -6.21e-06  1.01e-05 -0.000106  3.19e-06  6.29e-05  1.54e-06    -7e-05 -1.27e-05 -1.26e-06 -3.39e-05 -4.54e-05 -5.93e-05  3.82e-06 -7.03e-06 -0.000136  7.26e-06 -9.22e-08         1  1.21e-05 -2.06e-05  1.86e-06  3.73e-05 -0.000169 -0.000336 -0.000296  0.000222  8.52e-06 -0.000393  -0.00129   -0.0018 -0.000681  6.52e-05 -0.000187 -0.000532 -0.000245   7.6e-05 -0.000238  8.16e-05  6.12e-05 -0.000113 -7.21e-05 -0.000499 -0.000128 -0.000121 -0.000171 -4.26e-05 -0.000229  -0.00114 -0.000475 -0.000115 -1.04e-05  -1.9e-06  4.17e-07  5.76e-08  1.38e-09 -0.000576 -0.000101 -4.29e-05  4.93e-06 -0.000735  1.43e-05   2.9e-05  7.34e-07  8.49e-05 -0.000324 -0.000136  -0.00288  0.000109  2.81e-05  6.64e-05  0.000182 -0.000199 -0.000132  0.000346  -0.00125 -3.37e-06  -0.00174 -0.000862   -0.0018 -0.000201 -1.28e-05 -0.000566 -8.69e-05 -7.66e-07  -0.00217 -0.000604 -0.000126   -0.0008
  0.00382 -1.11e-05 -2.94e-05   -0.0002  -0.00041 -0.000122 -4.43e-17 -4.43e-17 -8.37e-06 -2.74e-06  2.32e-17 -7.01e-05 -0.000176 -1.98e-05 -0.000121 -1.53e-05 -1.93e-05 -0.000115 -0.000246  6.72e-05 -3.53e-06 -0.000515  1.84e-05 -3.66e-05  0.000282 -0.000164  0.000148 -3.51e-05 -0.000182  4.21e-05 -9.08e-05  8.25e-05  3.69e-05 -2.74e-06 -0.000663 -0.000195 -1.12e-07  1.21e-05         1  7.34e-06 -3.56e-06 -0.000251   8.4e-05  0.000378  0.000287 -0.000315 -3.13e-05 -4.13e-06 -0.000697  -0.00109  -0.00029 -0.000164 -0.000444 -0.000801 -7.48e-05 -0.000369 -0.000474 -0.000113 -0.000284 -0.000178 -0.000143  0.000358 -0.000139 -0.000109 -6.21e-05 -0.000104  -0.00127  -0.00159 -0.000214 -0.000106 -3.06e-06    -5e-06 -7.91e-07 -7.17e-08  -5.9e-09 -0.000351 -0.000223 -1.13e-05 -4.06e-06  -0.00043 -0.000102 -6.42e-05 -1.47e-05 -0.000279 -0.000102 -9.55e-05  -0.00136  -0.00035 -0.000326 -0.000509 -0.000148  -0.00112 -0.000381  1.43e-05 -0.000376 -3.58e-05  -0.00168 -0.000434 -0.000913  -0.00016 -8.69e-06 -0.000329  -5.8e-05 -2.21e-06  -0.00141 -0.000279 -2.94e-05 -0.000775
   -0.011  0.000104 -3.92e-05 -0.000455  -0.00145 -0.000458  9.19e-17  9.19e-17  1.24e-05   4.5e-06  -3.7e-16 -0.000153 -0.000674 -7.57e-05 -0.000305 -4.34e-05 -5.32e-05 -0.000444 -0.000927  -0.00248 -0.000225  -0.00509  -0.00488  -0.00125   -0.0351 -0.000676  -0.00256  -0.00076 -0.000476  -0.00258 -0.000323  -0.00108  -0.00124  -0.00095   -0.0181  -0.00752  4.75e-07 -2.06e-05  7.34e-06         1 -2.33e-06 -0.000376  -0.00622    -0.017  -0.00658   -0.0677 -6.02e-05  -0.00132  -0.00337   -0.0109   -0.0017  -0.00169  -0.00309  -0.00229 -0.000365 -0.000645  -0.00095  -0.00155   -0.0017  -0.00225  -0.00268  0.000775  0.000192  -0.00016 -9.67e-05 -3.05e-05   -0.0166   -0.0042  -0.00362  0.000228 -0.000117  2.37e-07  8.72e-07 -1.05e-08  8.23e-09   0.00118  1.71e-05 -7.73e-05   6.3e-07   0.00317  0.000114 -8.57e-05  9.15e-06  3.37e-05   0.00101  0.000385   -0.0162  0.000609    0.0011    0.0056   -0.0112   0.00931    0.0032   -0.0083   0.00607  -7.7e-05   0.00571   0.00279   0.00435  0.000677 -1.16e-05   0.00162  0.000225  1.01e-05   0.00667   0.00208  0.000426  -0.00234
-3.11e-05   1.9e-07 -1.92e-06 -1.66e-05 -2.64e-05 -7.32e-06  3.18e-19  3.18e-19 -7.35e-07 -4.56e-07  1.48e-18 -5.76e-06 -1.08e-05 -1.23e-06 -9.62e-06 -1.12e-06  -1.4e-06 -7.28e-06 -1.53e-05 -2.45e-06  -6.1e-07 -8.66e-05 -1.35e-05  -7.8e-06 -2.71e-06 -2.65e-05  5.63e-06 -6.63e-06 -2.52e-05  2.68e-06 -1.38e-05  3.98e-06   6.1e-09 -4.52e-06 -7.68e-05 -3.68e-05 -8.04e-09  1.86e-06 -3.56e-06 -2.33e-06         1 -3.44e-05  1.38e-05  5.46e-05  2.69e-05  1.86e-05 -3.96e-06  1.83e-05  6.09e-05   7.8e-05  3.51e-05  1.87e-06 -1.19e-05  5.43e-06  1.77e-05 -2.06e-05  9.41e-06 -5.82e-06 -9.65e-06 -2.78e-06 -1.54e-06  6.69e-05 -6.45e-06 -7.84e-06 -3.58e-06 -1.12e-05 -5.09e-05 -0.000141 -4.56e-07 -7.47e-06  6.88e-07 -4.57e-07 -6.65e-08 -7.58e-09  -5.5e-10 -7.29e-06 -2.29e-05  3.81e-07 -3.15e-07 -1.39e-05 -1.06e-05 -7.62e-06 -1.58e-06 -3.19e-05 -2.18e-06 -6.43e-06 -9.74e-05    -3e-05 -1.37e-05  3.88e-05 -1.72e-05   1.3e-05 -4.62e-07 -2.65e-06  0.000101 -2.13e-06 -0.000143 -2.14e-05 -6.79e-05 -1.22e-05 -1.44e-06 -2.25e-05    -5e-06 -1.18e-07 -9.13e-05    -1e-05  6.25e-07 -4.79e-05
 -0.00316  2.77e-06 -0.000344  -0.00186  -0.00307 -0.000852  2.02e-17  2.02e-17 -6.22e-05 -7.42e-05  3.43e-17 -0.000664  -0.00128 -0.000147   -0.0011  -0.00013 -0.000163 -0.000862  -0.00181  -0.00058 -3.91e-05  -0.00891  -0.00165 -0.000817 -0.000129  -0.00278  0.000483  -0.00067   -0.0026  0.000103  -0.00154  0.000219  3.79e-05 -0.000514  -0.00763  -0.00335 -9.68e-07  3.73e-05 -0.000251 -0.000376 -3.44e-05         1   0.00105    0.0049   0.00269   0.00247 -0.000372   0.00114   0.00623   0.00859   0.00369  0.000728 -0.000696   0.00171   0.00183  -0.00159   0.00199 -0.000327 -0.000253 -5.45e-05 -0.000139   0.00654 -0.000684 -0.000924 -0.000705  -0.00117  -0.00456   -0.0157 -0.000622 -0.000927  6.38e-05 -4.83e-05 -4.79e-06 -5.95e-07 -4.98e-08  -0.00162   -0.0025 -3.75e-05 -2.37e-05  -0.00253  -0.00106 -0.000706 -0.000155  -0.00298 -0.000833 -0.000875   -0.0128   -0.0024 -0.000481   0.00703  0.000515   0.00553  0.000642   0.00207     0.011 -0.000159   -0.0175  -0.00369   -0.0104  -0.00162 -0.000194  -0.00333 -0.000713 -1.09e-05   -0.0128  -0.00195 -0.000203  -0.00582
  -0.0306   6.5e-05  0.000224  0.000185  -0.00083 -0.000364  2.12e-16  2.12e-16 -1.09e-05 -9.95e-05 -6.57e-16  0.000102 -0.000398 -4.37e-05   5.8e-05 -6.05e-06 -5.69e-06  -0.00024 -0.000549  -0.00196 -0.000166 -0.000292  -0.00352  -0.00071   -0.0422  0.000343  -0.00106 -0.000151  0.000585  -0.00331  0.000181 -0.000598 -9.27e-05  -0.00037   -0.0195  -0.00595  3.04e-07 -0.000169   8.4e-05  -0.00622  1.38e-05   0.00105         1   -0.0358  -0.00845    -0.106  5.75e-05  -0.00526  2.86e-05  -0.00251   0.00187  -0.00245    0.0042   0.00451  -0.00183   0.00214   0.00323   -0.0016  0.000275   0.00189  -0.00344  -0.00662 -8.61e-05  0.000365 -0.000561  0.000471   -0.0224   0.00447  -0.00229 -0.000233 -0.000179  5.63e-06 -5.16e-07  1.49e-07  1.88e-08   -0.0025  0.000874  4.45e-05 -7.95e-05 -0.000587 -0.000445  7.49e-05  3.82e-05   0.00134  0.000414  0.000181   -0.0702     0.002  -0.00155   -0.0178  -0.00412   -0.0109  -0.00692  -0.00222   -0.0138  3.72e-05   0.00981  0.000381   0.00418  0.000782  3.89e-05  0.000782  8.93e-05 -2.85e-06   0.00405  0.000495 -0.000231  -0.00162
  -0.0779  0.000251   0.00118   0.00216  0.000814 -0.000146  8.88e-16  8.88e-16 -3.72e-05 -0.000292 -1.78e-15  0.000896  0.000275   3.7e-05   0.00117  0.000107  0.000141  0.000254  0.000397  -0.00418 -0.000296   0.00669  -0.00691  -0.00117    -0.116   0.00292  -0.00108  0.000407   0.00325  -0.00919   0.00151  -0.00088  0.000806 -0.000214   -0.0487   -0.0126  1.46e-06 -0.000336  0.000378    -0.017  5.46e-05    0.0049   -0.0358         1   -0.0207    -0.311  0.000322   -0.0139   0.00875   0.00843    0.0109  -0.00747    0.0176    0.0203   -0.0048   0.00841    0.0133  -0.00472   0.00209    0.0087  -0.00956     -0.02  0.000313   0.00214  -0.00102   0.00213   -0.0631    0.0283  -0.00323 -0.000232 -0.000467  3.64e-05    -1e-06  7.04e-07  8.27e-08  -0.00645   0.00414  0.000436 -0.000276 -0.000103  -0.00134  0.000438  0.000194   0.00553    0.0023   0.00118     -0.18   0.00751  -0.00443   -0.0615  -0.00507   -0.0383   -0.0237 -0.000335   -0.0446  0.000249    0.0418   0.00424    0.0217   0.00355  0.000256   0.00506  0.000787 -8.67e-06    0.0228   0.00366 -0.000501   0.00155
    0.113  0.000395  0.000495   0.00204   0.00429   0.00143  1.33e-15  1.33e-15  0.000264  0.000443 -1.82e-15  0.000738   0.00173    0.0002   0.00124  0.000176  0.000222   0.00115   0.00255   -0.0102   -0.0017   -0.0188   -0.0215  -0.00317    -0.078  -0.00251   -0.0217  -0.00386  0.000737  -0.00362 -0.000482  -0.00834  -0.00868  -0.00458   -0.0261   -0.0296   3.4e-06 -0.000296  0.000287  -0.00658  2.69e-05   0.00269  -0.00845   -0.0207         1  0.000682  0.000295  -0.00684   -0.0132   -0.0389   -0.0181   0.00644  -0.00357  -0.00575  -0.00276   0.00828  -0.00392    0.0058   0.00318  -0.00705   0.00591   -0.0304   0.00221 -0.000265   0.00139  0.000741    0.0566   0.00327  -0.00348   0.00302 -0.000149   0.00015   1.2e-05   4.1e-07     9e-08    0.0166   0.00387  -0.00037  0.000391    0.0156    0.0051   0.00154    0.0002   0.00304    0.0026   0.00201    -0.202   0.00163  -0.00111   0.00877   -0.0683   0.00381    0.0174   -0.0713 -0.000779  0.000344    0.0304    0.0107     0.013   0.00364  0.000129   0.00609   0.00146  8.21e-05     0.023   0.00379   0.00216   0.00806
   -0.187  0.000543  0.000754  -0.00464    -0.023  -0.00823 -1.41e-15 -1.41e-15  -0.00043  -0.00103 -2.54e-15  -0.00136   -0.0105  -0.00117  -0.00342 -0.000611 -0.000747  -0.00676   -0.0147   -0.0107  0.000429   0.00486   -0.0173  -0.00805    -0.406   0.00659    0.0142   0.00082   0.00178   -0.0348   0.00236   0.00422   0.00467 -0.000556    -0.217   -0.0394  1.61e-06  0.000222 -0.000315   -0.0677  1.86e-05   0.00247    -0.106    -0.311  0.000682         1 -0.000377   -0.0232   -0.0358   -0.0899    0.0135   -0.0496   -0.0135   -0.0117   -0.0125   -0.0166   -0.0029   -0.0382   -0.0298  -0.00447   -0.0593    0.0315  -0.00242   0.00238  -0.00394   0.00263     -0.41  0.000224   -0.0419  -0.00279  -0.00197 -0.000202 -1.88e-05  1.77e-07  5.34e-08   -0.0296   0.00141  0.000395  -0.00118   0.00626   -0.0096  -0.00274  0.000143   0.00499     0.011   0.00315    -0.005    0.0136   0.00314     -0.07  -0.00693   0.00604   -0.0399    0.0378   -0.0294  -0.00158    0.0867    0.0217    0.0729   0.00768  0.000438    0.0187   0.00207 -7.09e-05    0.0793    0.0236   0.00035   -0.0384
   -7e-05  3.33e-06 -2.46e-05 -0.000199 -0.000329  -9.2e-05  1.09e-17  1.09e-17  -8.2e-06  -7.1e-06  2.14e-19    -7e-05 -0.000136 -1.56e-05 -0.000117 -1.38e-05 -1.73e-05 -9.13e-05 -0.000191 -5.51e-05 -6.28e-06  -0.00094 -0.000181  -8.8e-05 -0.000205 -0.000289  6.23e-05 -7.32e-05 -0.000279  4.58e-06 -0.000168  3.46e-05  1.53e-05 -4.91e-05 -0.000926 -0.000408  -9.9e-08  8.52e-06 -3.13e-05 -6.02e-05 -3.96e-06 -0.000372  5.75e-05  0.000322  0.000295 -0.000377         1  0.000176  0.000863   0.00119  0.000511  6.28e-05  6.09e-06  0.000301  0.000208 -0.000119  0.000289 -4.83e-05 -2.74e-05  4.18e-05 -2.82e-05  0.000724 -8.58e-05 -9.83e-05 -7.97e-05 -0.000131 -0.000637  -0.00163 -5.27e-05 -0.000108   7.9e-06 -5.54e-06 -5.96e-07 -6.28e-08 -5.03e-09 -0.000185 -0.000265  2.44e-06 -3.22e-06  -0.00027 -0.000125 -7.93e-05 -1.64e-05 -0.000312 -7.56e-05 -9.39e-05  -0.00125 -0.000249 -8.62e-05  0.000504 -4.04e-05  0.000324 -2.66e-05  0.000209   0.00109 -2.01e-05  -0.00181 -0.000379  -0.00105 -0.000162 -1.89e-05 -0.000341 -6.98e-05 -1.35e-06  -0.00133 -0.000196 -1.77e-05 -0.000618
   -0.103 -0.000235 -0.000387 -0.000499  -0.00218 -0.000729 -5.66e-16 -5.66e-16  2.02e-05 -8.48e-05  -2.8e-16 -0.000182  -0.00103 -0.000117 -0.000374  -6.1e-05 -7.94e-05 -0.000647  -0.00143  -0.00025 -6.58e-05   0.00175 -0.000298  0.000204  -0.00763  0.000315 -0.000271  0.000199  0.000723 -0.000817  0.000372 -0.000337  9.71e-05  3.83e-05  -0.00394 -0.000172    -7e-07 -0.000393 -4.13e-06  -0.00132  1.83e-05   0.00114  -0.00526   -0.0139  -0.00684   -0.0232  0.000176         1   -0.0175   -0.0242   -0.0085  -0.00137 -0.000646  -0.00755   -0.0042 -0.000751  -0.00483  0.000156 -0.000183 -0.000476  -0.00135   -0.0116 -0.000785 -0.000366 -0.000809  0.000279  -0.00629  -0.00279  -0.00271 -0.000601 -0.000204  6.67e-06 -4.85e-07 -1.82e-08 -1.46e-08  -0.00513   9.2e-05 -0.000345 -2.67e-05  -0.00615 -7.44e-08  0.000275  -1.1e-05  0.000551    -0.002 -0.000711   -0.0856 -0.000283  -0.00361   -0.0189   0.00189   -0.0204  -0.00801 -0.000799   -0.0261  1.09e-06  -0.00555   -0.0057  -0.00817  -0.00102 -2.52e-05  -0.00331 -0.000582 -1.27e-05   -0.0128  -0.00436    -0.001  -0.00492
   -0.195  -0.00123  -0.00311  -0.00652   -0.0205  -0.00643 -5.52e-15 -5.52e-15  0.000175  0.000425   3.9e-16  -0.00253  -0.00965  -0.00108  -0.00447 -0.000654 -0.000845  -0.00624   -0.0133  0.000195 -0.000334    0.0119  -0.00079  7.93e-05    -0.014   0.00603  -0.00364 -0.000213   0.00399  -0.00221   0.00281  -0.00165  -0.00347 -8.09e-05   -0.0145  0.000453 -2.06e-06  -0.00129 -0.000697  -0.00337  6.09e-05   0.00623  2.86e-05   0.00875   -0.0132   -0.0358  0.000863   -0.0175         1    -0.262   -0.0903   -0.0163   -0.0643    -0.117   -0.0241   -0.0253   -0.0743  -0.00594    -0.025    -0.035    -0.015   -0.0169  -0.00574  -0.00554  -0.00266 -0.000123   -0.0769   -0.0576   -0.0371  -0.00124  -0.00121 -1.92e-05  9.54e-06  1.04e-06 -1.36e-08    -0.017  -0.00163  -0.00283  0.000282   -0.0159   0.00388   0.00155  0.000141    0.0027  -0.00776  -0.00248    0.0558  -0.00446  -0.00337    0.0141   -0.0338   -0.0195   0.00755   -0.0276   -0.0697   -0.0015   -0.0365   -0.0161   -0.0312  -0.00444  0.000173   -0.0094 -0.000891 -2.08e-05   -0.0444   -0.0141   -0.0021     -0.04
   -0.479  -0.00155  -0.00467   -0.0102   -0.0316  -0.00979  -7.9e-15  -7.9e-15  0.000361  0.000914  1.88e-17  -0.00397   -0.0149  -0.00167  -0.00697  -0.00101   -0.0013  -0.00967   -0.0205  -0.00539  -0.00128    0.0036   -0.0134  -0.00255    -0.073   0.00711   -0.0156  -0.00277   0.00487  -0.00625   0.00338  -0.00624     -0.01  -0.00284   -0.0466   -0.0171 -1.27e-06   -0.0018  -0.00109   -0.0109   7.8e-05   0.00859  -0.00251   0.00843   -0.0389   -0.0899   0.00119   -0.0242    -0.262         1    -0.146   -0.0242    -0.109    -0.187   -0.0359    -0.039    -0.118   -0.0092   -0.0412   -0.0613   -0.0232   -0.0245  -0.00763  -0.00905  -0.00312 -0.000502    -0.113   -0.0976    -0.062 -0.000242  -0.00191   6.8e-06  1.95e-05  1.57e-06  1.14e-08   -0.0156  -0.00199  -0.00449  0.000618   -0.0115     0.008   0.00252   0.00027   0.00392  -0.00887  -0.00241    0.0832  -0.00687  -0.00156    0.0523   -0.0908  0.000276    0.0299   -0.0772   -0.0786  -0.00242   -0.0419   -0.0147   -0.0359  -0.00469  0.000288    -0.009 -0.000332  1.53e-05   -0.0477   -0.0155  -0.00126   -0.0605
  -0.0234 -0.000528  -0.00153  -0.00287  -0.00921  -0.00282 -2.55e-15 -2.55e-15  0.000168  0.000388 -7.94e-17  -0.00115   -0.0044 -0.000493  -0.00199 -0.000289 -0.000376  -0.00284  -0.00603  -0.00212 -0.000578   0.00129  -0.00525 -0.000645   -0.0159   0.00247  -0.00753  -0.00113   0.00212  -0.00117   0.00128  -0.00296   -0.0042  -0.00119  -0.00865  -0.00598 -1.31e-07 -0.000681  -0.00029   -0.0017  3.51e-05   0.00369   0.00187    0.0109   -0.0181    0.0135  0.000511   -0.0085   -0.0903    -0.146         1    -0.006   -0.0363   -0.0638   -0.0125   -0.0116   -0.0407  -0.00116   -0.0125    -0.021  -0.00525   -0.0136   -0.0023  -0.00306 -0.000792 -1.43e-05   -0.0185   -0.0305   -0.0198  0.000326 -0.000606  2.87e-05  9.09e-06  6.82e-07  1.76e-08  -0.00312 -2.81e-05  -0.00158  0.000286   -0.0031   0.00362   0.00121  0.000128   0.00196  -0.00328 -0.000715      0.01  -0.00223 -0.000839    0.0185   -0.0355  -0.00215    0.0122    -0.033   -0.0293 -0.000709   -0.0129  -0.00493   -0.0131  -0.00143   0.00012  -0.00307 -1.19e-05  1.48e-05   -0.0165  -0.00594 -0.000335   -0.0179
    0.132 -0.000152 -0.000193  -0.00058  -0.00243 -0.000843 -7.88e-16 -7.88e-16 -3.44e-05 -4.15e-05  3.52e-16 -0.000202  -0.00112 -0.000124 -0.000411 -6.99e-05 -8.92e-05  -0.00072  -0.00157   0.00151  0.000243   0.00539   0.00306  0.000316  -0.00464   0.00159   0.00349  0.000711  0.000742 -0.000845  0.000814   0.00137   0.00108  0.000752  -0.00432   0.00337 -3.62e-07  6.52e-05 -0.000164  -0.00169  1.87e-06  0.000728  -0.00245  -0.00747   0.00644   -0.0496  6.28e-05  -0.00137   -0.0163   -0.0242    -0.006         1  -0.00645   -0.0119  -0.00259  -0.00479  -0.00784  -0.00305  -0.00453  -0.00264  -0.00446   0.00333 -0.000682 -5.06e-05 -8.41e-05  0.000245   -0.0305  -0.00185  -0.00367  -0.00029 -0.000174    -2e-05 -2.61e-06  -8.9e-08 -1.51e-08  -0.00391 -0.000118 -0.000132  -8.5e-05  -0.00193 -0.000609 -0.000151  1.37e-06  6.94e-05   6.7e-05 -1.63e-05    0.0367 -0.000509 -0.000739  -0.00593   0.00551  -0.00575  -0.00391   0.00721  -0.00911 -0.000255   0.00126 -7.72e-05   0.00322 -5.56e-05  7.87e-05  0.000523  5.67e-05 -1.54e-05   0.00132  0.000351 -0.000213   -0.0043
  -0.0521 -0.000304  -0.00148  -0.00388  -0.00984  -0.00294 -2.08e-15 -2.08e-15  7.08e-05  0.000277  3.79e-16  -0.00148  -0.00455 -0.000513  -0.00252 -0.000341 -0.000437  -0.00299  -0.00629  -0.00196 -0.000298  -0.00642  -0.00487  -0.00161   -0.0183  3.13e-05  -0.00398  -0.00139 -0.000823  -0.00151 -0.000128  -0.00149  -0.00325  -0.00133    -0.017  -0.00685 -3.92e-07 -0.000187 -0.000444  -0.00309 -1.19e-05 -0.000696    0.0042    0.0176  -0.00357   -0.0135  6.09e-06 -0.000646   -0.0643    -0.109   -0.0363  -0.00645         1   -0.0519  -0.00632   -0.0139   -0.0323  -0.00372   -0.0134   -0.0194  -0.00672   0.00786  -0.00177  -0.00291 -0.000485 -0.000991   -0.0365   -0.0376   -0.0175  8.31e-05 -0.000408 -3.07e-05  3.89e-06  4.51e-09 -2.47e-08 -0.000994  -0.00228  -0.00117  0.000184   0.00111   0.00177  4.62e-05 -1.52e-05  -0.00144  -0.00121 -0.000484    0.0953  -0.00358   0.00303    0.0409   -0.0274    0.0271    0.0179   -0.0209   0.00883 -0.000823   -0.0175 -0.000876  -0.00857  -0.00149 -3.15e-05   -0.0014 -5.34e-05  1.14e-05  -0.00898  -0.00137  0.000435    -0.018
  -0.0715 -0.000786   -0.0023  -0.00562   -0.0158  -0.00484 -3.93e-15 -3.93e-15  9.11e-05   0.00037  6.75e-16  -0.00215  -0.00732 -0.000822  -0.00372 -0.000522 -0.000672  -0.00476   -0.0101 -0.000161 -0.000301   0.00103  -0.00202 -0.000795  -0.00956   0.00246  -0.00303  -0.00088  0.000907  -0.00116   0.00114  -0.00106  -0.00326 -0.000645   -0.0152  -0.00316 -1.45e-06 -0.000532 -0.000801  -0.00229  5.43e-06   0.00171   0.00451    0.0203  -0.00575   -0.0117  0.000301  -0.00755    -0.117    -0.187   -0.0638   -0.0119   -0.0519         1   -0.0149   -0.0216   -0.0556  -0.00524   -0.0206   -0.0281   -0.0108  -0.00147  -0.00399   -0.0044   -0.0013 -0.000884    -0.058   -0.0515   -0.0269 -0.000645 -0.000779 -3.86e-05  2.85e-06  9.97e-08 -4.66e-08  -0.00861  -0.00261  -0.00196   0.00022  -0.00714   0.00253  0.000505  4.75e-06 -0.000734  -0.00415  -0.00153    0.0866   -0.0059  -0.00137    0.0274   -0.0316  0.000746    0.0125   -0.0253   -0.0279   -0.0013   -0.0301  -0.00806   -0.0194  -0.00316  7.23e-05  -0.00533 -0.000472 -1.07e-05   -0.0272  -0.00741 -0.000604   -0.0298
  -0.0457 -0.000211 -0.000308 -0.000522  -0.00243 -0.000808 -7.83e-16 -7.83e-16  1.93e-05  3.42e-05 -2.75e-17 -0.000206  -0.00116 -0.000129 -0.000402 -6.74e-05 -8.82e-05 -0.000734   -0.0016   0.00054 -2.02e-05    0.0048  0.000966  0.000421  -0.00131   0.00158   0.00013  0.000312   0.00128 -0.000315  0.000772  1.01e-05  1.58e-05  0.000343   -0.0003   0.00149 -3.43e-07 -0.000245 -7.48e-05 -0.000365  1.77e-05   0.00183  -0.00183   -0.0048  -0.00276   -0.0125  0.000208   -0.0042   -0.0241   -0.0359   -0.0125  -0.00259  -0.00632   -0.0149         1  -0.00241  -0.00969 -0.000645  -0.00278  -0.00336  -0.00215  -0.00657 -0.000973 -0.000549 -0.000506  0.000265    -0.011  -0.00356  -0.00456  -0.00032 -0.000199  3.72e-06  8.73e-07  2.46e-07  4.61e-09  -0.00395  0.000311 -0.000362  1.46e-05  -0.00403  0.000457  0.000366  4.29e-05   0.00113  -0.00144  -0.00043    -0.014 -0.000101  -0.00193  -0.00938  -0.00191   -0.0139  -0.00356  -0.00184   -0.0208 -0.000167  -0.00302   -0.0034  -0.00438 -0.000555  6.81e-05  -0.00166 -0.000144 -8.76e-06  -0.00754  -0.00288 -0.000592  -0.00499
   0.0448 -0.000257 -0.000787  -0.00215  -0.00518  -0.00159 -1.25e-15 -1.25e-15 -3.56e-05 -2.94e-05   6.5e-16 -0.000788  -0.00233 -0.000264  -0.00136 -0.000184 -0.000235  -0.00153  -0.00327   0.00127  0.000218  -0.00102   0.00218 -0.000219   0.00429 -0.000268    0.0031  0.000159 -0.000967  -0.00012 -1.21e-05   0.00123  0.000399   0.00023   -0.0054    0.0021 -1.06e-06   7.6e-05 -0.000369 -0.000645 -2.06e-05  -0.00159   0.00214   0.00841   0.00828   -0.0166 -0.000119 -0.000751   -0.0253    -0.039   -0.0116  -0.00479   -0.0139   -0.0216  -0.00241         1   -0.0136  -0.00318  -0.00675  -0.00657  -0.00439    0.0083  -0.00108  -0.00102 -0.000219 -0.000556   -0.0301   -0.0172  -0.00584 -0.000549 -0.000176 -4.44e-05 -4.39e-06 -5.89e-07 -6.09e-08  -0.00388  -0.00199 -0.000409  -4.8e-05  -0.00279 -0.000679 -0.000521 -0.000108  -0.00238 -0.000682 -0.000541    0.0478  -0.00333 -0.000448   0.00889   0.00306    0.0045   0.00124   0.00437    0.0012 -0.000433   -0.0131  -0.00217  -0.00459   -0.0014 -5.83e-05  -0.00169 -0.000422 -1.71e-05  -0.00787  -0.00106 -0.000194  -0.00945
  -0.0516 -0.000496  -0.00128  -0.00273  -0.00834  -0.00259 -2.47e-15 -2.47e-15  7.42e-05  0.000256   5.5e-16  -0.00105  -0.00393 -0.000439  -0.00184 -0.000267 -0.000345  -0.00255  -0.00542  0.000378 -0.000157   0.00328 -0.000293 -0.000197  -0.00365   0.00229   -0.0018 -0.000295   0.00133  -0.00051   0.00129 -0.000574  -0.00205 -0.000215  -0.00605 -0.000608 -5.44e-07 -0.000238 -0.000474  -0.00095  9.41e-06   0.00199   0.00323    0.0133  -0.00392   -0.0029  0.000289  -0.00483   -0.0743    -0.118   -0.0407  -0.00784   -0.0323   -0.0556  -0.00969   -0.0136         1  -0.00325   -0.0131   -0.0175  -0.00644  -0.00263  -0.00209  -0.00228 -0.000249 -0.000122   -0.0335   -0.0259   -0.0156  7.81e-05 -0.000495 -5.46e-06  1.94e-06  4.89e-08 -2.38e-08  -0.00402 -0.000762  -0.00117  0.000134  -0.00277   0.00187  0.000466  3.69e-05   7.2e-05  -0.00188 -0.000489    0.0575  -0.00358  -0.00124    0.0137   -0.0197  -0.00269   0.00739   -0.0173   -0.0201 -0.000768   -0.0113  -0.00272  -0.00627  -0.00125  0.000123  -0.00155  2.23e-05 -3.44e-06   -0.0102  -0.00325  -0.00013   -0.0157
  0.00016 -5.65e-05 -0.000145 -0.000637  -0.00187 -0.000619 -4.04e-16 -4.04e-16 -3.63e-05 -4.95e-05  2.33e-16 -0.000223 -0.000837 -9.38e-05 -0.000413 -6.14e-05 -7.73e-05 -0.000547  -0.00118  0.000746  0.000179   0.00161   0.00157 -3.97e-05  -0.00508  0.000478   0.00254  0.000337 -9.91e-05 -0.000733  0.000188  0.000982  0.000767  0.000372  -0.00513   0.00148 -3.07e-07  8.16e-05 -0.000113  -0.00155 -5.82e-06 -0.000327   -0.0016  -0.00472    0.0058   -0.0382 -4.83e-05  0.000156  -0.00594   -0.0092  -0.00116  -0.00305  -0.00372  -0.00524 -0.000645  -0.00318  -0.00325         1  -0.00283  -0.00137   -0.0031   0.00534 -0.000391  -8.3e-05 -0.000129 -5.19e-05   -0.0223  -0.00323  -0.00224 -0.000293 -8.17e-05 -2.37e-05 -2.17e-06 -1.34e-07 -1.51e-08  -0.00235 -0.000528 -3.73e-05 -6.68e-05 -0.000816 -0.000688 -0.000281 -2.37e-05 -0.000488  0.000221 -4.83e-05    0.0327 -0.000413  0.000276  0.000371   0.00442   0.00179  -0.00142   0.00637  0.000503 -0.000174  -0.00094  0.000167   0.00166 -0.000151  1.01e-05  0.000272 -2.86e-05 -9.96e-06  0.000877  0.000675 -6.82e-05  -0.00322
   0.0157  -0.00015 -0.000478  -0.00152  -0.00416   -0.0013 -9.71e-16 -9.71e-16 -1.29e-05  5.84e-05  3.53e-16 -0.000561  -0.00191 -0.000213 -0.000986 -0.000139 -0.000177  -0.00125  -0.00265  0.000366  4.07e-05  0.000135  0.000278 -0.000359  -0.00724  0.000578  0.000934 -7.85e-05  -0.00014  -0.00076   0.00026  0.000457 -0.000302  1.07e-05  -0.00782 -0.000551 -3.39e-07  6.12e-05 -0.000284   -0.0017 -9.65e-06 -0.000253  0.000275   0.00209   0.00318   -0.0298 -2.74e-05 -0.000183    -0.025   -0.0412   -0.0125  -0.00453   -0.0134   -0.0206  -0.00278  -0.00675   -0.0131  -0.00283         1  -0.00681  -0.00425   0.00531  -0.00091 -0.000876 -0.000111  -0.00028   -0.0272   -0.0126  -0.00656 -0.000168 -0.000188 -2.49e-05 -1.66e-06 -1.79e-07 -2.24e-08   -0.0021 -0.000928 -0.000354 -1.09e-06 -0.000427  1.62e-05 -0.000191 -2.33e-05 -0.000822 -9.61e-05 -0.000141    0.0493  -0.00177   0.00016   0.00829  -0.00535   0.00402   0.00286  -0.00233 -0.000572 -0.000407   -0.0049  3.87e-05 -0.000242 -0.000453  3.09e-05  1.16e-05  3.06e-05 -6.64e-06   -0.0015  8.48e-05  0.000114  -0.00744
   -0.041 -0.000104  -0.00073  -0.00176  -0.00452  -0.00133 -9.44e-16 -9.44e-16  7.15e-05  0.000204  3.52e-17 -0.000682  -0.00213 -0.000239  -0.00115 -0.000155 -0.000199   -0.0014  -0.00292  -0.00215 -0.000327  -0.00532  -0.00486   -0.0012   -0.0174 -0.000185  -0.00448  -0.00115 -0.000328  -0.00115 -9.16e-05  -0.00171  -0.00272  -0.00121   -0.0112   -0.0066  2.53e-07 -0.000113 -0.000178  -0.00225 -2.78e-06 -5.45e-05   0.00189    0.0087  -0.00705  -0.00447  4.18e-05 -0.000476    -0.035   -0.0613    -0.021  -0.00264   -0.0194   -0.0281  -0.00336  -0.00657   -0.0175  -0.00137  -0.00681         1  -0.00287   0.00192 -0.000576  -0.00152 -1.13e-05 -0.000421   -0.0127   -0.0192  -0.00962  0.000483 -0.000221  1.54e-06  3.99e-06   8.6e-08 -6.57e-11   0.00182 -0.000729 -0.000653  0.000146   0.00299   0.00157  0.000203  2.14e-05 -0.000368 -0.000184  6.03e-05    0.0392  -0.00158    0.0021    0.0256    -0.022     0.018    0.0126   -0.0187   0.00733  -0.00039  -0.00506   0.00135  -0.00219 -0.000276  3.96e-07  0.000318  0.000195  1.73e-05 -0.000683  0.000166  0.000556  -0.00816
   0.0759  -0.00013 -0.000375  -0.00138  -0.00403   -0.0013 -7.39e-16 -7.39e-16 -4.32e-05 -6.39e-05  1.43e-16 -0.000504  -0.00182 -0.000205 -0.000913 -0.000133 -0.000169  -0.00119  -0.00255  0.000625  0.000187   0.00228   0.00141 -0.000123   -0.0106  0.000802   0.00294  0.000362 -2.54e-05  -0.00136  0.000184   0.00105  0.000903  0.000432  -0.00927   0.00128 -6.45e-07 -7.21e-05 -0.000143  -0.00268 -1.54e-06 -0.000139  -0.00344  -0.00956   0.00591   -0.0593 -2.82e-05  -0.00135    -0.015   -0.0232  -0.00525  -0.00446  -0.00672   -0.0108  -0.00215  -0.00439  -0.00644   -0.0031  -0.00425  -0.00287         1   0.00512  -0.00102 -0.000555  -0.00072 -0.000179   -0.0338  -0.00852  -0.00532 -0.000737 -0.000173 -3.72e-05 -1.72e-06  1.34e-08 -1.42e-08  -0.00508  -0.00095 -0.000215 -7.23e-05  -0.00326 -0.000807 -0.000262 -2.24e-05 -0.000267 -0.000651 -0.000457     0.034 -0.000231  0.000247 -0.000137   0.00447  0.000545  -0.00241   0.00807   -0.0049 -0.000286  -0.00586  -0.00225  -0.00276 -0.000739 -8.49e-06   -0.0012 -0.000252 -1.58e-05  -0.00503 -0.000896 -0.000448  -0.00746
    0.119 -9.01e-05   0.00061   0.00338    0.0057   0.00164   3.5e-16   3.5e-16  0.000169  0.000164 -9.93e-16   0.00123   0.00238  0.000273     0.002  0.000247  0.000308   0.00162   0.00338   -0.0019  -0.00066   0.00748  -0.00394  0.000931   -0.0129   0.00258  -0.00838 -0.000107   0.00434 -0.000114     0.002   -0.0033   -0.0024 -0.000517   0.00886  -0.00406  1.51e-06 -0.000499  0.000358  0.000775  6.69e-05   0.00654  -0.00662     -0.02   -0.0304    0.0315  0.000724   -0.0116   -0.0169   -0.0245   -0.0136   0.00333   0.00786  -0.00147  -0.00657    0.0083  -0.00263   0.00534   0.00531   0.00192   0.00512         1  0.000779  0.000996  0.000632   0.00196    0.0459    0.0247   0.00245    0.0014 -0.000178  0.000131  6.92e-06  7.32e-07  7.43e-08   0.00293    0.0049 -0.000183  0.000147 -2.57e-05   0.00305   0.00179  0.000232   0.00526 -0.000717  0.000768    -0.188   0.00269  -0.00669   -0.0412   -0.0191    -0.046  -0.00891   -0.0281   -0.0508  0.000482    0.0244  0.000164   0.00572   0.00201  0.000278   0.00146  0.000659  2.21e-05   0.00518  -0.00282 -0.000269   0.00943
  -0.0085 -9.39e-05 -0.000256  -0.00118  -0.00271 -0.000822 -3.15e-16 -3.15e-16 -3.68e-05 -3.03e-05 -1.43e-17 -0.000434  -0.00119 -0.000135 -0.000745 -9.85e-05 -0.000125 -0.000775  -0.00166  0.000446  3.18e-05 -0.000472  0.000653  5.06e-05   0.00385 -0.000276   0.00118  1.71e-05 -0.000544   0.00016 -0.000393  0.000457  0.000533  0.000203  -0.00163   0.00057 -7.66e-07 -0.000128 -0.000139  0.000192 -6.45e-06 -0.000684 -8.61e-05  0.000313   0.00221  -0.00242 -8.58e-05 -0.000785  -0.00574  -0.00763   -0.0023 -0.000682  -0.00177  -0.00399 -0.000973  -0.00108  -0.00209 -0.000391  -0.00091 -0.000576  -0.00102  0.000779         1 -0.000737 -0.000837 -0.000503  -0.00782  -0.00867  -0.00217 -0.000865 -3.65e-05 -2.92e-05 -1.77e-06  -2.2e-08 -1.49e-08  -0.00378  -0.00115 -0.000143  -1.3e-05  -0.00444 -0.000494 -0.000165 -4.67e-05 -0.000615  -0.00146 -0.000831  -0.00288 -0.000727 -0.000979  -0.00262   0.00247  -0.00545  -0.00265   0.00406  -0.00595 -0.000155   -0.0119  -0.00459  -0.00907  -0.00126 -6.21e-05  -0.00307  -0.00049 -1.35e-05   -0.0123    -0.003 -0.000583  -0.00543
 -0.00122 -5.17e-05 -0.000286  -0.00116  -0.00247 -0.000721 -2.17e-16 -2.17e-16 -1.59e-05  2.37e-06  -7.7e-17 -0.000432  -0.00109 -0.000124 -0.000725 -9.28e-05 -0.000118 -0.000717  -0.00152 -0.000362 -6.46e-05  -0.00281 -0.000977 -0.000293 -0.000297 -0.000732 -0.000317 -0.000329  -0.00079 -2.32e-05 -0.000569 -0.000134 -0.000173 -0.000211  -0.00335  -0.00151 -5.24e-07 -0.000121 -0.000109  -0.00016 -7.84e-06 -0.000924  0.000365   0.00214 -0.000265   0.00238 -9.83e-05 -0.000366  -0.00554  -0.00905  -0.00306 -5.06e-05  -0.00291   -0.0044 -0.000549  -0.00102  -0.00228  -8.3e-05 -0.000876  -0.00152 -0.000555  0.000996 -0.000737         1 -0.000665 -0.000551  -0.00373  -0.00989  -0.00245 -0.000585 -2.68e-05 -2.19e-05 -5.75e-07 -2.98e-08 -1.17e-08  -0.00198  -0.00112 -0.000174  2.04e-05  -0.00258 -0.000149 -0.000131  -4.3e-05 -0.000732  -0.00112 -0.000646  -0.00373 -0.000762   -0.0002   0.00353  -0.00209  0.000713  0.000623 -0.000519 -0.000408 -0.000133   -0.0107  -0.00332  -0.00806  -0.00105 -7.65e-05  -0.00247 -0.000393 -5.37e-06  -0.00996  -0.00225 -0.000322  -0.00487
 -0.00668 -6.22e-05 -0.000244  -0.00106  -0.00236 -0.000705 -1.78e-16 -1.78e-16 -2.81e-05 -4.05e-05 -1.13e-16 -0.000394  -0.00103 -0.000117 -0.000669 -8.76e-05 -0.000111 -0.000674  -0.00144  3.71e-05  1.52e-05  -0.00109   3.3e-05  -5.2e-05   0.00157  -0.00044  0.000741 -5.79e-05 -0.000595 -3.34e-05 -0.000495  0.000222  0.000417  7.49e-05  -0.00218  3.73e-05 -6.78e-07 -0.000171 -6.21e-05 -9.67e-05 -3.58e-06 -0.000705 -0.000561  -0.00102   0.00139  -0.00394 -7.97e-05 -0.000809  -0.00266  -0.00312 -0.000792 -8.41e-05 -0.000485   -0.0013 -0.000506 -0.000219 -0.000249 -0.000129 -0.000111 -1.13e-05  -0.00072  0.000632 -0.000837 -0.000665         1 -0.000477  -0.00563  -0.00782  -0.00186 -0.000817 -2.11e-05  -2.6e-05 -6.67e-07  5.94e-08 -8.55e-09  -0.00336  -0.00107 -0.000126 -7.12e-06  -0.00403 -0.000446  -0.00013 -3.89e-05 -0.000434  -0.00144 -0.000793  -0.00689 -0.000222 -0.000356 -0.000765   0.00256  -0.00225  -0.00187   0.00413  -0.00366 -9.18e-05   -0.0113  -0.00444  -0.00919   -0.0012 -8.08e-05  -0.00303 -0.000502 -1.02e-05   -0.0118  -0.00284 -0.000583  -0.00479
  0.00115 -1.62e-05 -0.000176 -0.000907  -0.00171 -0.000487 -6.13e-17 -6.13e-17 -2.41e-05 -1.55e-05 -3.27e-17 -0.000331 -0.000732 -8.36e-05 -0.000551 -6.79e-05 -8.58e-05 -0.000486  -0.00102 -0.000219 -3.29e-05  -0.00305 -0.000672 -0.000273   0.00062 -0.000912  6.43e-05 -0.000274 -0.000921  7.78e-05 -0.000606  3.62e-05  4.32e-06 -0.000167  -0.00276  -0.00125 -4.53e-07 -4.26e-05 -0.000104 -3.05e-05 -1.12e-05  -0.00117  0.000471   0.00213  0.000741   0.00263 -0.000131  0.000279 -0.000123 -0.000502 -1.43e-05  0.000245 -0.000991 -0.000884  0.000265 -0.000556 -0.000122 -5.19e-05  -0.00028 -0.000421 -0.000179   0.00196 -0.000503 -0.000551 -0.000477         1  -0.00219  -0.00757  -0.00104 -0.000499  1.14e-05 -2.13e-05 -1.37e-06 -1.27e-07 -1.49e-08  -0.00131  -0.00105 -6.73e-05  2.93e-06  -0.00183 -0.000332 -0.000216 -5.23e-05 -0.000946  -0.00071 -0.000503  -0.00352   -0.0008 -0.000211   0.00268 -0.000475   0.00107  0.000183  0.000682   0.00213 -9.13e-05  -0.00879  -0.00241  -0.00606 -0.000834 -7.57e-05   -0.0019 -0.000335 -5.32e-06  -0.00751   -0.0015 -0.000205  -0.00333
    0.523 -0.000892  -0.00247   -0.0106   -0.0288  -0.00925 -4.81e-15 -4.81e-15 -0.000454 -0.000675   1.4e-15   -0.0038   -0.0128  -0.00145  -0.00684 -0.000976  -0.00123  -0.00837    -0.018   0.00701   0.00171     0.014    0.0148 -0.000376   -0.0512   0.00367    0.0271   0.00319  -0.00245  -0.00802  0.000114      0.01   0.00928   0.00404   -0.0612    0.0141 -5.97e-06 -0.000229  -0.00127   -0.0166 -5.09e-05  -0.00456   -0.0224   -0.0631    0.0566     -0.41 -0.000637  -0.00629   -0.0769    -0.113   -0.0185   -0.0305   -0.0365    -0.058    -0.011   -0.0301   -0.0335   -0.0223   -0.0272   -0.0127   -0.0338    0.0459  -0.00782  -0.00373  -0.00563  -0.00219         1   -0.0625   -0.0313  -0.00664 -0.000996 -0.000329 -2.22e-05 -6.99e-07 -1.64e-07     -0.04    -0.009  -0.00104 -0.000678   -0.0285  -0.00834   -0.0029 -0.000347  -0.00507  -0.00514  -0.00418      0.24  -0.00371 -0.000479    -0.013    0.0532  -0.00564   -0.0268    0.0785   -0.0288  -0.00203   -0.0567   -0.0204   -0.0269  -0.00677 -0.000216   -0.0118  -0.00259 -0.000144   -0.0474  -0.00802  -0.00376   -0.0534
  -0.0996 -0.000597  -0.00384   -0.0156   -0.0322  -0.00936 -2.67e-15 -2.67e-15 -0.000257 -0.000118  -5.3e-16  -0.00576   -0.0141  -0.00161  -0.00967  -0.00123  -0.00156  -0.00932   -0.0197  -0.00496 -0.000663   -0.0448   -0.0132  -0.00479   -0.0127   -0.0122  -0.00197  -0.00454   -0.0127  -0.00103  -0.00824 -0.000915    -0.002  -0.00322   -0.0537   -0.0218 -7.08e-06  -0.00114  -0.00159   -0.0042 -0.000141   -0.0157   0.00447    0.0283   0.00327  0.000224  -0.00163  -0.00279   -0.0576   -0.0976   -0.0305  -0.00185   -0.0376   -0.0515  -0.00356   -0.0172   -0.0259  -0.00323   -0.0126   -0.0192  -0.00852    0.0247  -0.00867  -0.00989  -0.00782  -0.00757   -0.0625         1   -0.0292  -0.00737 -0.000284 -0.000312 -1.42e-05 -1.51e-06 -2.22e-07   -0.0233    -0.016  -0.00203  0.000148   -0.0296  -0.00338  -0.00268 -0.000722   -0.0131   -0.0125  -0.00789   -0.0403   -0.0126    -0.002    0.0554   -0.0215     0.025      0.01  -0.00232    0.0186  -0.00176    -0.138   -0.0388   -0.0974   -0.0134  -0.00112   -0.0301   -0.0052 -7.26e-05     -0.12   -0.0251  -0.00346   -0.0625
  -0.0153 -0.000199  -0.00103  -0.00342  -0.00866  -0.00261 -1.19e-15 -1.19e-15  5.97e-06  8.35e-05    -3e-16  -0.00129  -0.00393 -0.000445  -0.00222 -0.000301 -0.000384  -0.00258  -0.00545   -0.0019 -0.000224  -0.00448   -0.0041  -0.00113   -0.0209 -0.000223  -0.00204 -0.000925 -0.000865  -0.00191 -0.000727  -0.00095  -0.00131 -0.000754   -0.0173  -0.00561 -9.39e-07 -0.000475 -0.000214  -0.00362 -4.56e-07 -0.000622  -0.00229  -0.00323  -0.00348   -0.0419 -5.27e-05  -0.00271   -0.0371    -0.062   -0.0198  -0.00367   -0.0175   -0.0269  -0.00456  -0.00584   -0.0156  -0.00224  -0.00656  -0.00962  -0.00532   0.00245  -0.00217  -0.00245  -0.00186  -0.00104   -0.0313   -0.0292         1  -0.00119 -0.000289 -4.79e-05  3.06e-06  4.02e-07 -1.55e-09  -0.00592  -0.00226   -0.0008  9.02e-05  -0.00527  0.000426  1.42e-05 -1.88e-05 -0.000298  -0.00279  -0.00137    0.0253 -0.000721   0.00149    0.0176   -0.0135    0.0104   0.00599  -0.00635  -0.00422 -0.000521   -0.0222  -0.00696   -0.0174  -0.00221 -0.000116  -0.00496  -0.00068 -5.43e-06   -0.0208  -0.00489  -0.00072   -0.0166
   0.0447 -7.34e-05 -0.000218  -0.00106  -0.00228 -0.000686 -1.95e-16 -1.95e-16 -4.16e-05 -5.85e-05 -1.77e-17 -0.000386 -0.000981 -0.000112 -0.000659 -8.57e-05 -0.000109 -0.000643  -0.00138  0.000471  6.61e-05 -0.000773  0.000831  5.83e-05   0.00456 -0.000491   0.00152   6.7e-05 -0.000695   0.00018 -0.000483   0.00056  0.000721  0.000227  -0.00127  0.000885 -7.88e-07 -0.000115 -0.000106  0.000228 -7.47e-06 -0.000927 -0.000233 -0.000232   0.00302  -0.00279 -0.000108 -0.000601  -0.00124 -0.000242  0.000326  -0.00029  8.31e-05 -0.000645  -0.00032 -0.000549  7.81e-05 -0.000293 -0.000168  0.000483 -0.000737    0.0014 -0.000865 -0.000585 -0.000817 -0.000499  -0.00664  -0.00737  -0.00119         1 -8.51e-06 -3.03e-05 -1.99e-06 -6.16e-08  -1.7e-08  -0.00366  -0.00119    -8e-05 -2.76e-05  -0.00436 -0.000679 -0.000226 -5.61e-05 -0.000755  -0.00136 -0.000812  -0.00571   -0.0006 -0.000817  -0.00291   0.00473  -0.00438  -0.00309   0.00597  -0.00405 -0.000104   -0.0117  -0.00449  -0.00881  -0.00125 -7.98e-05  -0.00304  -0.00053 -1.38e-05   -0.0119  -0.00278 -0.000596  -0.00461
-0.000172 -8.46e-06 -1.95e-05 -3.83e-05  -0.00015  -4.9e-05 -3.92e-17 -3.92e-17  1.11e-06  8.06e-07 -2.68e-18 -1.45e-05 -7.09e-05 -7.95e-06 -2.77e-05 -4.39e-06 -5.65e-06 -4.56e-05 -9.81e-05 -1.43e-05 -1.73e-06  0.000123 -2.52e-05 -5.76e-06 -0.000675  5.71e-05 -1.13e-05  3.89e-06  4.29e-05 -6.57e-05  3.02e-05 -9.84e-06 -1.68e-05 -2.54e-07 -0.000362 -3.65e-05    -1e-08 -1.04e-05 -3.06e-06 -0.000117  6.88e-07  6.38e-05 -0.000179 -0.000467 -0.000149  -0.00197   7.9e-06 -0.000204  -0.00121  -0.00191 -0.000606 -0.000174 -0.000408 -0.000779 -0.000199 -0.000176 -0.000495 -8.17e-05 -0.000188 -0.000221 -0.000173 -0.000178 -3.65e-05 -2.68e-05 -2.11e-05  1.14e-05 -0.000996 -0.000284 -0.000289 -8.51e-06         1 -2.16e-08  5.46e-08  7.86e-09  4.65e-11  -0.00016  5.53e-06  -1.9e-05  7.47e-08 -0.000109  1.68e-05   1.1e-05   1.6e-06  3.82e-05 -3.99e-05 -9.95e-06 -0.000309 -2.44e-06 -3.83e-05 -0.000157   -0.0002 -0.000253 -5.71e-05 -0.000145 -0.000674 -9.79e-06 -4.58e-05 -8.28e-05 -8.62e-05 -1.49e-05   2.2e-06 -3.52e-05 -3.34e-06 -2.21e-07 -0.000173 -6.98e-05 -1.72e-05 -0.000289
 0.000561 -2.06e-06 -8.52e-06 -4.32e-05 -8.88e-05 -2.65e-05 -7.29e-18 -7.29e-18 -1.72e-06 -2.07e-06   1.9e-18 -1.57e-05 -3.81e-05 -4.35e-06 -2.65e-05 -3.41e-06 -4.31e-06 -2.52e-05 -5.36e-05  1.58e-05  2.91e-06 -6.09e-05  2.59e-05 -2.99e-06   0.00013 -2.56e-05   6.1e-05  1.32e-08 -3.51e-05  4.05e-06 -2.11e-05  2.34e-05  2.45e-05  5.96e-06 -9.08e-05  1.94e-05  -2.8e-08  -1.9e-06    -5e-06  2.37e-07 -4.57e-07 -4.83e-05  5.63e-06  3.64e-05   0.00015 -0.000202 -5.54e-06  6.67e-06 -1.92e-05   6.8e-06  2.87e-05    -2e-05 -3.07e-05 -3.86e-05  3.72e-06 -4.44e-05 -5.46e-06 -2.37e-05 -2.49e-05  1.54e-06 -3.72e-05  0.000131 -2.92e-05 -2.19e-05  -2.6e-05 -2.13e-05 -0.000329 -0.000312 -4.79e-05 -3.03e-05 -2.16e-08         1 -9.02e-08 -5.39e-09 -8.01e-10 -0.000116 -5.04e-05 -2.32e-06 -1.17e-06  -0.00013 -2.81e-05 -1.21e-05  -2.5e-06 -4.09e-05 -3.85e-05 -2.67e-05  0.000186 -3.21e-05 -1.52e-05  8.86e-06  0.000157 -3.49e-05 -7.06e-05  0.000218  4.71e-07 -4.94e-06 -0.000424 -0.000136 -0.000283 -4.34e-05 -3.17e-06 -9.64e-05 -1.78e-05 -4.78e-07 -0.000378 -7.75e-05 -1.64e-05 -0.000173
-2.22e-05 -1.68e-07 -1.01e-07 -2.29e-06 -4.14e-06 -1.28e-06 -3.34e-19 -3.34e-19 -2.02e-07 -2.37e-07  6.26e-19 -7.42e-07 -1.66e-06 -1.86e-07 -1.32e-06 -1.62e-07 -2.02e-07 -1.09e-06 -2.37e-06     3e-06  2.65e-07 -5.59e-06  4.43e-06  9.83e-08  1.41e-05 -2.91e-06  6.86e-06  3.51e-07 -3.13e-06  1.19e-06 -1.32e-06  3.06e-06  2.71e-06  8.34e-07 -6.37e-06  1.72e-06  -2.2e-09  4.17e-07 -7.91e-07  8.72e-07 -6.65e-08 -4.79e-06 -5.16e-07    -1e-06   1.2e-05 -1.88e-05 -5.96e-07 -4.85e-07  9.54e-06  1.95e-05  9.09e-06 -2.61e-06  3.89e-06  2.85e-06  8.73e-07 -4.39e-06  1.94e-06 -2.17e-06 -1.66e-06  3.99e-06 -1.72e-06  6.92e-06 -1.77e-06 -5.75e-07 -6.67e-07 -1.37e-06 -2.22e-05 -1.42e-05  3.06e-06 -1.99e-06  5.46e-08 -9.02e-08         1 -1.68e-09 -1.27e-10 -7.25e-06 -3.49e-06  2.58e-07 -2.22e-07 -8.62e-06 -3.22e-06 -1.47e-06 -3.08e-07 -5.43e-06 -9.42e-07 -1.43e-06 -4.97e-05 -6.01e-06  -7.6e-06 -2.74e-05  1.53e-05 -3.13e-05 -1.62e-05  1.46e-05 -9.95e-06 -3.91e-07  -2.3e-05 -6.83e-06 -1.02e-05 -2.38e-06 -1.49e-07 -4.89e-06  -1.1e-06 -5.35e-08 -1.98e-05  -3.6e-06  -7.2e-07 -7.81e-06
 6.99e-06 -7.11e-09 -2.48e-08  -1.8e-07 -2.24e-07 -6.13e-08 -9.44e-21 -9.44e-21  -1.2e-08 -1.71e-08  6.76e-20 -5.64e-08 -8.44e-08 -9.55e-09 -9.66e-08 -1.04e-08 -1.28e-08 -5.78e-08 -1.23e-07  6.23e-08  1.48e-09 -1.41e-06  -2.9e-08 -1.03e-07  2.55e-07 -4.87e-07  2.39e-07 -6.63e-08 -4.06e-07  7.46e-08 -1.67e-07  1.28e-07  3.29e-08 -5.94e-08 -1.09e-06 -4.39e-07 -1.36e-10  5.76e-08 -7.17e-08 -1.05e-08 -7.58e-09 -5.95e-07  1.49e-07  7.04e-07   4.1e-07  1.77e-07 -6.28e-08 -1.82e-08  1.04e-06  1.57e-06  6.82e-07  -8.9e-08  4.51e-09  9.97e-08  2.46e-07 -5.89e-07  4.89e-08 -1.34e-07 -1.79e-07   8.6e-08  1.34e-08  7.32e-07  -2.2e-08 -2.98e-08  5.94e-08 -1.27e-07 -6.99e-07 -1.51e-06  4.02e-07 -6.16e-08  7.86e-09 -5.39e-09 -1.68e-09         1 -1.43e-11  1.73e-08 -3.18e-07  1.88e-08 -1.46e-08  -8.7e-08 -2.19e-07 -1.49e-07 -3.32e-08  -6.7e-07  9.96e-08 -4.13e-08 -6.81e-06 -7.33e-07 -5.89e-07 -8.95e-07  2.74e-07 -1.14e-06 -5.86e-07 -1.23e-07  9.98e-07 -2.57e-08 -1.45e-06 -4.88e-08 -1.91e-07 -1.32e-07 -1.95e-08  -1.6e-07 -7.12e-08 -2.57e-09 -6.63e-07  3.36e-08  4.04e-08 -3.68e-07
 6.56e-07 -2.29e-09 -6.92e-09  -2.9e-08 -5.35e-08 -1.58e-08 -6.37e-21 -6.37e-21 -1.25e-09    -2e-09  5.42e-21 -1.01e-08 -2.26e-08 -2.58e-09 -1.72e-08 -2.13e-09 -2.68e-09  -1.5e-08 -3.19e-08   1.5e-08  1.92e-09  -8.8e-08  2.05e-08 -3.91e-09  1.41e-07 -3.52e-08  4.41e-08 -1.37e-09 -3.43e-08  9.75e-09 -1.59e-08  1.82e-08   1.4e-08  1.04e-09 -6.25e-08  4.57e-09 -2.21e-11  1.38e-09  -5.9e-09  8.23e-09  -5.5e-10 -4.98e-08  1.88e-08  8.27e-08     9e-08  5.34e-08 -5.03e-09 -1.46e-08 -1.36e-08  1.14e-08  1.76e-08 -1.51e-08 -2.47e-08 -4.66e-08  4.61e-09 -6.09e-08 -2.38e-08 -1.51e-08 -2.24e-08 -6.57e-11 -1.42e-08  7.43e-08 -1.49e-08 -1.17e-08 -8.55e-09 -1.49e-08 -1.64e-07 -2.22e-07 -1.55e-09  -1.7e-08  4.65e-11 -8.01e-10 -1.27e-10 -1.43e-11         1 -6.04e-08 -3.91e-08 -1.21e-09  -1.3e-09 -7.76e-08 -2.31e-08 -1.23e-08 -2.93e-09 -5.39e-08 -1.76e-08 -1.56e-08 -3.81e-07 -5.74e-08 -4.46e-08 -6.63e-08  1.14e-07  -1.1e-07 -7.37e-08  1.02e-07  -3.7e-10 -3.38e-09 -2.87e-07 -7.67e-08 -1.57e-07 -2.98e-08 -2.53e-09 -5.96e-08 -1.34e-08 -3.77e-10 -2.36e-07 -4.37e-08 -7.66e-09 -1.03e-07
   0.0112 -0.000465 -0.000964  -0.00382  -0.00935  -0.00292 -1.36e-15 -1.36e-15 -0.000163 -0.000285  1.32e-16   -0.0014  -0.00409 -0.000465  -0.00244 -0.000334 -0.000426  -0.00266  -0.00575    0.0037  0.000536   0.00586   0.00749   0.00121    0.0251  0.000323   0.00919   0.00133  -0.00106  0.000673 -0.000732   0.00332   0.00418   0.00193  0.000299   0.00989 -3.38e-06 -0.000576 -0.000351   0.00118 -7.29e-06  -0.00162   -0.0025  -0.00645    0.0166   -0.0296 -0.000185  -0.00513    -0.017   -0.0156  -0.00312  -0.00391 -0.000994  -0.00861  -0.00395  -0.00388  -0.00402  -0.00235   -0.0021   0.00182  -0.00508   0.00293  -0.00378  -0.00198  -0.00336  -0.00131     -0.04   -0.0233  -0.00592  -0.00366  -0.00016 -0.000116 -7.25e-06  1.73e-08 -6.04e-08         1  -0.00391 -0.000423  -0.00017   -0.0205  -0.00287 -0.000642 -0.000168  -0.00158  -0.00603  -0.00328  -0.00847   -0.0015  -0.00402   -0.0228    0.0291   -0.0278   -0.0179    0.0331   -0.0323 -0.000429    -0.043   -0.0193   -0.0336  -0.00497 -0.000227   -0.0122  -0.00211 -6.67e-05   -0.0477    -0.012  -0.00294   -0.0191
  0.00166 -8.06e-05 -0.000452  -0.00201  -0.00393  -0.00114 -2.77e-16 -2.77e-16 -5.88e-05 -6.88e-05  2.91e-17 -0.000734  -0.00169 -0.000193  -0.00123 -0.000154 -0.000195  -0.00112  -0.00237  3.36e-05  2.79e-05  -0.00524 -0.000283 -0.000409   0.00406  -0.00175   0.00131 -0.000334  -0.00189    0.0002  -0.00116  0.000487   0.00045 -0.000123  -0.00501  -0.00101 -1.17e-06 -0.000101 -0.000223  1.71e-05 -2.29e-05   -0.0025  0.000874   0.00414   0.00387   0.00141 -0.000265   9.2e-05  -0.00163  -0.00199 -2.81e-05 -0.000118  -0.00228  -0.00261  0.000311  -0.00199 -0.000762 -0.000528 -0.000928 -0.000729  -0.00095    0.0049  -0.00115  -0.00112  -0.00107  -0.00105    -0.009    -0.016  -0.00226  -0.00119  5.53e-06 -5.04e-05 -3.49e-06 -3.18e-07 -3.91e-08  -0.00391         1  -0.00016 -2.06e-05   -0.0049  -0.00096 -0.000516 -0.000122  -0.00214  -0.00168  -0.00115  -0.00361  -0.00183 -0.000589   0.00409   0.00306   0.00128 -0.000991   0.00516   0.00283 -0.000203   -0.0197  -0.00575   -0.0133  -0.00196 -0.000168  -0.00435 -0.000811 -1.59e-05   -0.0171  -0.00345 -0.000595  -0.00768
-0.000337 -2.24e-05 -8.86e-05 -0.000227  -0.00056 -0.000167 -9.41e-17 -9.41e-17  2.82e-06  4.67e-06  -1.5e-17 -8.73e-05 -0.000256 -2.91e-05 -0.000148 -1.98e-05 -2.54e-05 -0.000167 -0.000354 -0.000105  -1.5e-05 -0.000309 -0.000224 -4.98e-05 -0.000329 -4.43e-05 -0.000172 -5.71e-05 -5.49e-05 -4.69e-05 -4.66e-05 -8.44e-05   -0.0001 -5.22e-05 -0.000601 -0.000234 -8.97e-08 -4.29e-05 -1.13e-05 -7.73e-05  3.81e-07 -3.75e-05  4.45e-05  0.000436  -0.00037  0.000395  2.44e-06 -0.000345  -0.00283  -0.00449  -0.00158 -0.000132  -0.00117  -0.00196 -0.000362 -0.000409  -0.00117 -3.73e-05 -0.000354 -0.000653 -0.000215 -0.000183 -0.000143 -0.000174 -0.000126 -6.73e-05  -0.00104  -0.00203   -0.0008    -8e-05  -1.9e-05 -2.32e-06  2.58e-07  1.88e-08 -1.21e-09 -0.000423  -0.00016         1  8.28e-06  -0.00051  5.33e-05   1.3e-05 -2.97e-06 -4.25e-05 -0.000265 -0.000115 -0.000609 -0.000112  1.91e-05   0.00106 -0.000702  0.000379   0.00036 -0.000494 -0.000699 -2.77e-05  -0.00189 -0.000659  -0.00157 -0.000201 -1.15e-05 -0.000468 -7.09e-05 -4.03e-07  -0.00192  -0.00049 -7.42e-05  -0.00111
 0.000327 -3.24e-06  2.62e-06 -3.22e-06 -1.35e-05 -7.06e-06 -6.23e-18 -6.23e-18 -3.06e-06 -6.79e-06   1.3e-17  8.74e-08 -3.93e-06 -4.47e-07  -1.5e-06 -4.12e-07 -4.75e-07 -2.35e-06 -6.99e-06  8.69e-05  1.47e-05  0.000159  0.000183  2.56e-05  0.000304  1.37e-05   0.00021  3.88e-05  -4.5e-06  4.55e-06  8.92e-06   8.1e-05  8.93e-05  4.15e-05  4.61e-05  0.000218 -2.99e-08  4.93e-06 -4.06e-06   6.3e-07 -3.15e-07 -2.37e-05 -7.95e-05 -0.000276  0.000391  -0.00118 -3.22e-06 -2.67e-05  0.000282  0.000618  0.000286  -8.5e-05  0.000184   0.00022  1.46e-05  -4.8e-05  0.000134 -6.68e-05 -1.09e-06  0.000146 -7.23e-05  0.000147  -1.3e-05  2.04e-05 -7.12e-06  2.93e-06 -0.000678  0.000148  9.02e-05 -2.76e-05  7.47e-08 -1.17e-06 -2.22e-07 -1.46e-08  -1.3e-09  -0.00017 -2.06e-05  8.28e-06         1 -0.000148 -6.39e-05 -1.81e-05 -2.65e-06 -3.46e-05 -3.81e-06 -1.14e-05  0.000115 -2.21e-05 -7.09e-05 -0.000588  0.000672 -0.000439 -0.000361  0.000645 -0.000263 -9.78e-07 -7.97e-05 -7.19e-05  1.99e-05 -1.77e-05 -4.04e-07 -3.11e-05 -1.24e-05 -9.49e-07 -9.86e-05  -1.4e-05 -2.03e-05 -2.46e-05
   0.0409 -0.000536  -0.00114  -0.00454   -0.0104   -0.0032 -1.36e-15 -1.36e-15 -0.000179 -0.000308  3.42e-17  -0.00167  -0.00454 -0.000518  -0.00287 -0.000383 -0.000489  -0.00295  -0.00638   0.00389  0.000477   0.00355   0.00756   0.00136    0.0377 -0.000722     0.009   0.00116  -0.00182   0.00175  -0.00137   0.00325   0.00435    0.0019   0.00424    0.0101  -4.1e-06 -0.000735  -0.00043   0.00317 -1.39e-05  -0.00253 -0.000587 -0.000103    0.0156   0.00626  -0.00027  -0.00615   -0.0159   -0.0115   -0.0031  -0.00193   0.00111  -0.00714  -0.00403  -0.00279  -0.00277 -0.000816 -0.000427   0.00299  -0.00326 -2.57e-05  -0.00444  -0.00258  -0.00403  -0.00183   -0.0285   -0.0296  -0.00527  -0.00436 -0.000109  -0.00013 -8.62e-06  -8.7e-08 -7.76e-08   -0.0205   -0.0049  -0.00051 -0.000148         1  -0.00307 -0.000704 -0.000227   -0.0024  -0.00772  -0.00415   -0.0437   -0.0025  -0.00571    -0.027     0.031   -0.0359   -0.0204     0.034   -0.0381 -0.000427    -0.056   -0.0245   -0.0447  -0.00633 -0.000323   -0.0159  -0.00271 -7.55e-05   -0.0621   -0.0157  -0.00353   -0.0217
  0.00465  -4.4e-05 -8.68e-05 -0.000645  -0.00126 -0.000393 -8.75e-17 -8.75e-17 -5.11e-05 -8.87e-05  1.11e-16 -0.000223 -0.000517 -5.93e-05 -0.000386 -4.98e-05 -6.24e-05 -0.000341 -0.000741  0.000847  0.000149 -0.000186   0.00167   0.00013   0.00473 -0.000463   0.00245  0.000262  -0.00068  0.000161 -0.000337  0.000943   0.00105  0.000373 -0.000845   0.00178 -6.59e-07  1.43e-05 -0.000102  0.000114 -1.06e-05  -0.00106 -0.000445  -0.00134    0.0051   -0.0096 -0.000125 -7.44e-08   0.00388     0.008   0.00362 -0.000609   0.00177   0.00253  0.000457 -0.000679   0.00187 -0.000688  1.62e-05   0.00157 -0.000807   0.00305 -0.000494 -0.000149 -0.000446 -0.000332  -0.00834  -0.00338  0.000426 -0.000679  1.68e-05 -2.81e-05 -3.22e-06 -2.19e-07 -2.31e-08  -0.00287  -0.00096  5.33e-05 -6.39e-05  -0.00307         1 -0.000342 -6.39e-05 -0.000984 -0.000601 -0.000503 -0.000265 -0.000681 -0.000824  -0.00455   0.00771  -0.00389  -0.00392   0.00824   -0.0013 -6.24e-05  -0.00729  -0.00265  -0.00436 -0.000809 -6.05e-05  -0.00178 -0.000387 -1.43e-05  -0.00669   -0.0013 -0.000399  -0.00248
-0.000163 -5.71e-06 -5.45e-05 -0.000366 -0.000636 -0.000185 -2.01e-17 -2.01e-17 -1.95e-05 -2.59e-05  4.82e-17 -0.000127 -0.000262    -3e-05 -0.000215 -2.62e-05 -3.27e-05 -0.000176 -0.000373  0.000114  2.72e-05  -0.00127  0.000135  -9.9e-05  0.000574 -0.000462  0.000597 -3.74e-05 -0.000494  2.67e-05 -0.000256  0.000246  0.000207  4.21e-06  -0.00142  -0.00014 -2.38e-07   2.9e-05 -6.42e-05 -8.57e-05 -7.62e-06 -0.000706  7.49e-05  0.000438   0.00154  -0.00274 -7.93e-05  0.000275   0.00155   0.00252   0.00121 -0.000151  4.62e-05  0.000505  0.000366 -0.000521  0.000466 -0.000281 -0.000191  0.000203 -0.000262   0.00179 -0.000165 -0.000131  -0.00013 -0.000216   -0.0029  -0.00268  1.42e-05 -0.000226   1.1e-05 -1.21e-05 -1.47e-06 -1.49e-07 -1.23e-08 -0.000642 -0.000516   1.3e-05 -1.81e-05 -0.000704 -0.000342         1 -3.46e-05 -0.000647 -0.000119 -0.000174  0.000129  -0.00053  -0.00023  0.000203   0.00143  0.000173 -0.000592   0.00176   0.00168 -4.14e-05  -0.00331 -0.000723  -0.00165 -0.000319 -3.37e-05 -0.000607 -0.000143  -4.2e-06  -0.00233 -0.000304 -6.13e-05  -0.00118
-0.000246  -3.9e-06 -1.88e-05  -9.2e-05 -0.000164 -4.73e-05 -8.92e-18 -8.92e-18 -3.63e-06 -5.26e-06  6.51e-18 -3.25e-05 -6.89e-05 -7.89e-06 -5.47e-05 -6.66e-06 -8.39e-06 -4.58e-05 -9.73e-05  1.27e-05   2.1e-06 -0.000327 -1.15e-07 -2.15e-05  0.000255 -0.000117  8.64e-05 -1.59e-05 -0.000112  1.94e-05 -6.24e-05  3.52e-05  2.98e-05 -7.02e-06 -0.000259 -5.97e-05 -6.19e-08  7.34e-07 -1.47e-05  9.15e-06 -1.58e-06 -0.000155  3.82e-05  0.000194    0.0002  0.000143 -1.64e-05  -1.1e-05  0.000141   0.00027  0.000128  1.37e-06 -1.52e-05  4.75e-06  4.29e-05 -0.000108  3.69e-05 -2.37e-05 -2.33e-05  2.14e-05 -2.24e-05  0.000232 -4.67e-05  -4.3e-05 -3.89e-05 -5.23e-05 -0.000347 -0.000722 -1.88e-05 -5.61e-05   1.6e-06  -2.5e-06 -3.08e-07 -3.32e-08 -2.93e-09 -0.000168 -0.000122 -2.97e-06 -2.65e-06 -0.000227 -6.39e-05 -3.46e-05         1 -0.000147 -6.27e-05 -5.22e-05  -0.00114 -0.000137 -9.16e-05 -3.41e-05   0.00023 -0.000146 -0.000149  0.000256  0.000144 -8.73e-06  -0.00093 -0.000254 -0.000572  -9.3e-05 -8.81e-06   -0.0002 -4.16e-05 -9.47e-07 -0.000779 -0.000147 -2.42e-05 -0.000319
-0.000448 -4.09e-05 -0.000319  -0.00158  -0.00265 -0.000747 -1.22e-16 -1.22e-16 -5.73e-05  -6.9e-05  1.65e-16 -0.000556  -0.00111 -0.000127 -0.000927 -0.000111 -0.000139 -0.000743  -0.00157 -3.51e-05  2.26e-06  -0.00703 -0.000616 -0.000567   0.00285   -0.0023  0.000961 -0.000445  -0.00216  0.000314  -0.00115  0.000441  0.000171 -0.000314  -0.00543  -0.00203 -9.18e-07  8.49e-05 -0.000279  3.37e-05 -3.19e-05  -0.00298   0.00134   0.00553   0.00304   0.00499 -0.000312  0.000551    0.0027   0.00392   0.00196  6.94e-05  -0.00144 -0.000734   0.00113  -0.00238   7.2e-05 -0.000488 -0.000822 -0.000368 -0.000267   0.00526 -0.000615 -0.000732 -0.000434 -0.000946  -0.00507   -0.0131 -0.000298 -0.000755  3.82e-05 -4.09e-05 -5.43e-06  -6.7e-07 -5.39e-08  -0.00158  -0.00214 -4.25e-05 -3.46e-05   -0.0024 -0.000984 -0.000647 -0.000147         1 -0.000629 -0.000714   -0.0133  -0.00271  -0.00123   0.00324   0.00147   0.00116 -0.000602   0.00192   0.00695 -0.000166   -0.0147  -0.00302  -0.00797  -0.00139 -0.000151  -0.00271 -0.000606 -1.25e-05   -0.0107  -0.00163 -0.000161  -0.00498
   0.0151 -0.000166 -0.000475  -0.00168  -0.00377  -0.00113 -4.39e-16 -4.39e-16 -3.73e-05 -6.28e-05 -1.04e-16 -0.000629  -0.00165 -0.000189  -0.00106  -0.00014 -0.000179  -0.00108  -0.00231  0.000573  5.91e-05 -0.000381   0.00107  0.000226    0.0106 -0.000474   0.00151  7.79e-05 -0.000708  0.000517 -0.000628  0.000471  0.000815  0.000301  0.000749    0.0018 -1.26e-06 -0.000324 -0.000102   0.00101 -2.18e-06 -0.000833  0.000414    0.0023    0.0026     0.011 -7.56e-05    -0.002  -0.00776  -0.00887  -0.00328   6.7e-05  -0.00121  -0.00415  -0.00144 -0.000682  -0.00188  0.000221 -9.61e-05 -0.000184 -0.000651 -0.000717  -0.00146  -0.00112  -0.00144  -0.00071  -0.00514   -0.0125  -0.00279  -0.00136 -3.99e-05 -3.85e-05 -9.42e-07  9.96e-08 -1.76e-08  -0.00603  -0.00168 -0.000265 -3.81e-06  -0.00772 -0.000601 -0.000119 -6.27e-05 -0.000629         1  -0.00142   -0.0152 -0.000647  -0.00115  -0.00329   0.00607  -0.00726  -0.00389   0.00742   -0.0102 -0.000137   -0.0201  -0.00833   -0.0167   -0.0022 -0.000127  -0.00557  -0.00091 -1.88e-05   -0.0219  -0.00555  -0.00112  -0.00785
  0.00886 -7.69e-05 -0.000251  -0.00106  -0.00225 -0.000668 -2.05e-16 -2.05e-16 -3.17e-05 -4.34e-05 -3.61e-17  -0.00039 -0.000975 -0.000111  -0.00066 -8.52e-05 -0.000108  -0.00064  -0.00137  0.000295  3.32e-05  -0.00117  0.000463  2.07e-05   0.00494 -0.000553     0.001 -1.86e-05 -0.000685  0.000248 -0.000497  0.000353  0.000494  0.000126 -0.000848   0.00053 -7.48e-07 -0.000136 -9.55e-05  0.000385 -6.43e-06 -0.000875  0.000181   0.00118   0.00201   0.00315 -9.39e-05 -0.000711  -0.00248  -0.00241 -0.000715 -1.63e-05 -0.000484  -0.00153  -0.00043 -0.000541 -0.000489 -4.83e-05 -0.000141  6.03e-05 -0.000457  0.000768 -0.000831 -0.000646 -0.000793 -0.000503  -0.00418  -0.00789  -0.00137 -0.000812 -9.95e-06 -2.67e-05 -1.43e-06 -4.13e-08 -1.56e-08  -0.00328  -0.00115 -0.000115 -1.14e-05  -0.00415 -0.000503 -0.000174 -5.22e-05 -0.000714  -0.00142         1  -0.00784  -0.00064 -0.000724   -0.0015   0.00335  -0.00354  -0.00223   0.00437  -0.00378 -9.69e-05   -0.0119  -0.00449  -0.00922  -0.00126 -8.27e-05  -0.00309 -0.000526 -1.16e-05   -0.0121  -0.00289 -0.000571  -0.00458
   -0.191 -0.000265   0.00026  -0.00289  -0.00212  -0.00025  5.56e-15  5.56e-15  6.79e-05 -0.000877 -8.32e-15 -0.000573 -0.000492  -6.7e-05  -0.00144    -7e-05 -8.23e-05 -0.000176 -0.000572   -0.0281  -0.00569    -0.107   -0.0641   -0.0087    -0.202    -0.033   -0.0521   -0.0119   -0.0135  -0.00687   -0.0119   -0.0207   -0.0147   -0.0135    -0.113    -0.102 -5.02e-06  -0.00288  -0.00136   -0.0162 -9.74e-05   -0.0128   -0.0702     -0.18    -0.202    -0.005  -0.00125   -0.0856    0.0558    0.0832      0.01    0.0367    0.0953    0.0866    -0.014    0.0478    0.0575    0.0327    0.0493    0.0392     0.034    -0.188  -0.00288  -0.00373  -0.00689  -0.00352      0.24   -0.0403    0.0253  -0.00571 -0.000309  0.000186 -4.97e-05 -6.81e-06 -3.81e-07  -0.00847  -0.00361 -0.000609  0.000115   -0.0437 -0.000265  0.000129  -0.00114   -0.0133   -0.0152  -0.00784         1    -0.019   -0.0707    -0.284     -0.11    -0.308   -0.0967    -0.163    -0.224    0.0019   -0.0763   -0.0569     -0.11  -0.00951  -0.00136    -0.042  -0.00767 -5.13e-05    -0.157   -0.0489  -0.00593   -0.0143
   0.0187 -9.97e-05  -0.00033  -0.00146  -0.00265 -0.000762 -3.31e-16 -3.31e-16 -4.72e-05 -3.11e-05   2.6e-16 -0.000512  -0.00113 -0.000128 -0.000864 -0.000105 -0.000133 -0.000749  -0.00159  0.000335 -2.97e-05   -0.0057 -0.000143 -0.000372   0.00566  -0.00187  0.000694 -0.000377  -0.00172  0.000623 -0.000808  0.000418 -1.27e-05 -0.000231  -0.00348  -0.00158 -8.74e-07  0.000109  -0.00035  0.000609    -3e-05   -0.0024     0.002   0.00751   0.00163    0.0136 -0.000249 -0.000283  -0.00446  -0.00687  -0.00223 -0.000509  -0.00358   -0.0059 -0.000101  -0.00333  -0.00358 -0.000413  -0.00177  -0.00158 -0.000231   0.00269 -0.000727 -0.000762 -0.000222   -0.0008  -0.00371   -0.0126 -0.000721   -0.0006 -2.44e-06 -3.21e-05 -6.01e-06 -7.33e-07 -5.74e-08   -0.0015  -0.00183 -0.000112 -2.21e-05   -0.0025 -0.000681  -0.00053 -0.000137  -0.00271 -0.000647  -0.00064    -0.019         1  -0.00239 -0.000566   -0.0008  -0.00514  -0.00139   -0.0013  0.000904 -0.000216   -0.0133  -0.00284  -0.00688  -0.00128 -0.000102  -0.00244 -0.000506 -1.34e-05   -0.0103  -0.00186 -0.000118    -0.005
  -0.0332 -0.000155  3.41e-05 -0.000466  -0.00118   -0.0004 -2.35e-16 -2.35e-16 -6.02e-05 -7.25e-05   8.5e-17 -0.000129 -0.000479 -5.22e-05 -0.000274 -3.63e-05 -4.63e-05 -0.000294 -0.000678   0.00138 -1.09e-05  0.000351   0.00191  0.000477   0.00752 -0.000492    0.0017   0.00027 -0.000277  0.000786 -5.55e-05  0.000851  0.000935  0.000459  0.000677  0.000889 -8.89e-07  2.81e-05 -0.000326    0.0011 -1.37e-05 -0.000481  -0.00155  -0.00443  -0.00111   0.00314 -8.62e-05  -0.00361  -0.00337  -0.00156 -0.000839 -0.000739   0.00303  -0.00137  -0.00193 -0.000448  -0.00124  0.000276   0.00016    0.0021  0.000247  -0.00669 -0.000979   -0.0002 -0.000356 -0.000211 -0.000479    -0.002   0.00149 -0.000817 -3.83e-05 -1.52e-05  -7.6e-06 -5.89e-07 -4.46e-08  -0.00402 -0.000589  1.91e-05 -7.09e-05  -0.00571 -0.000824  -0.00023 -9.16e-05  -0.00123  -0.00115 -0.000724   -0.0707  -0.00239         1   -0.0258   0.00386   -0.0303   -0.0113   0.00133   -0.0219  -0.00011  -0.00776  -0.00469  -0.00586 -0.000972   5.1e-07  -0.00283 -0.000477 -2.47e-05   -0.0118  -0.00349 -0.000626  -0.00269
   -0.133 -0.000616   0.00184   0.00419   0.00576   0.00118  -2.5e-16  -2.5e-16 -0.000272 -0.000568  2.88e-16   0.00172   0.00269  0.000317   0.00254  0.000284  0.000359   0.00192   0.00367    0.0117  0.000888    0.0372    0.0224   0.00604    0.0462   0.00662    0.0176   0.00538   0.00618   0.00299   0.00409   0.00732   0.00987   0.00595    0.0294    0.0257 -2.47e-06  6.64e-05 -0.000509    0.0056  3.88e-05   0.00703   -0.0178   -0.0615   0.00877     -0.07  0.000504   -0.0189    0.0141    0.0523    0.0185  -0.00593    0.0409    0.0274  -0.00938   0.00889    0.0137  0.000371   0.00829    0.0256 -0.000137   -0.0412  -0.00262   0.00353 -0.000765   0.00268    -0.013    0.0554    0.0176  -0.00291 -0.000157  8.86e-06 -2.74e-05 -8.95e-07 -6.63e-08   -0.0228   0.00409   0.00106 -0.000588    -0.027  -0.00455  0.000203 -3.41e-05   0.00324  -0.00329   -0.0015    -0.284 -0.000566   -0.0258         1    0.0604    -0.169   -0.0739    0.0454    -0.138  0.000301    0.0142   -0.0156   0.00205 -0.000362  0.000482   -0.0055 -0.000847 -0.000125   -0.0217   -0.0111  -0.00374   0.00841
    0.284  0.000744  0.000417   0.00028   0.00107  0.000626  1.38e-15  1.38e-15  0.000331  0.000924 -1.97e-15   8.3e-05  0.000239  3.68e-05  0.000175  5.39e-05  6.96e-05  0.000134   0.00055   -0.0155   -0.0026   -0.0366   -0.0343  -0.00632    -0.123  -0.00475   -0.0326  -0.00699  -0.00144  -0.00558  -0.00181    -0.012   -0.0144  -0.00755   -0.0518   -0.0496  5.35e-06  0.000182 -0.000148   -0.0112 -1.72e-05  0.000515  -0.00412  -0.00507   -0.0683  -0.00693 -4.04e-05   0.00189   -0.0338   -0.0908   -0.0355   0.00551   -0.0274   -0.0316  -0.00191   0.00306   -0.0197   0.00442  -0.00535    -0.022   0.00447   -0.0191   0.00247  -0.00209   0.00256 -0.000475    0.0532   -0.0215   -0.0135   0.00473   -0.0002  0.000157  1.53e-05  2.74e-07  1.14e-07    0.0291   0.00306 -0.000702  0.000672     0.031   0.00771   0.00143   0.00023   0.00147   0.00607   0.00335     -0.11   -0.0008   0.00386    0.0604         1    0.0452     0.045    -0.115    0.0413 -0.000253    0.0365    0.0225    0.0242   0.00549  0.000196    0.0122   0.00283  0.000132    0.0432    0.0108   0.00489   0.00372
   -0.102 -0.000918   0.00105  0.000921  -0.00134 -0.000875 -1.33e-15 -1.33e-15   -0.0003 -0.000386  3.46e-16  0.000507 -0.000461 -3.77e-05  0.000496  2.46e-05  2.53e-05 -0.000134  -0.00069     0.012  0.000522    0.0316    0.0211   0.00594    0.0674    0.0053    0.0152    0.0044   0.00475   0.00519   0.00302   0.00676    0.0087   0.00559    0.0315    0.0227 -4.02e-06 -0.000199  -0.00112   0.00931   1.3e-05   0.00553   -0.0109   -0.0383   0.00381   0.00604  0.000324   -0.0204   -0.0195  0.000276  -0.00215  -0.00575    0.0271  0.000746   -0.0139    0.0045  -0.00269   0.00179   0.00402     0.018  0.000545    -0.046  -0.00545  0.000713  -0.00225   0.00107  -0.00564     0.025    0.0104  -0.00438 -0.000253 -3.49e-05 -3.13e-05 -1.14e-06  -1.1e-07   -0.0278   0.00128  0.000379 -0.000439   -0.0359  -0.00389  0.000173 -0.000146   0.00116  -0.00726  -0.00354    -0.308  -0.00514   -0.0303    -0.169    0.0452         1   -0.0735    0.0323    -0.156  -0.00026   -0.0196   -0.0266   -0.0234  -0.00361  0.000382   -0.0133  -0.00182 -0.000144   -0.0557   -0.0199   -0.0046  -0.00585
  -0.0137 -0.000432  0.000251 -0.000363  -0.00203 -0.000858 -6.11e-16 -6.11e-16 -0.000217 -0.000433  3.72e-16 -5.09e-05 -0.000768  -8.5e-05 -0.000246 -5.27e-05 -6.72e-05 -0.000445  -0.00115   0.00692  0.000773    0.0161    0.0137   0.00294    0.0364   0.00202    0.0133   0.00292   0.00108   0.00182  0.000878   0.00521   0.00662   0.00345    0.0127    0.0165 -2.88e-06 -0.000132 -0.000381    0.0032 -4.62e-07  0.000642  -0.00692   -0.0237    0.0174   -0.0399 -2.66e-05  -0.00801   0.00755    0.0299    0.0122  -0.00391    0.0179    0.0125  -0.00356   0.00124   0.00739  -0.00142   0.00286    0.0126  -0.00241  -0.00891  -0.00265  0.000623  -0.00187  0.000183   -0.0268      0.01   0.00599  -0.00309 -5.71e-05 -7.06e-05 -1.62e-05 -5.86e-07 -7.37e-08   -0.0179 -0.000991   0.00036 -0.000361   -0.0204  -0.00392 -0.000592 -0.000149 -0.000602  -0.00389  -0.00223   -0.0967  -0.00139   -0.0113   -0.0739     0.045   -0.0735         1    0.0411   -0.0603 -6.12e-05    -0.018   -0.0153   -0.0154   -0.0028  1.61e-05  -0.00816  -0.00151 -8.58e-05   -0.0314  -0.00937  -0.00286   -0.0053
     0.19  0.000691  0.000742   0.00272   0.00663   0.00228  1.61e-15  1.61e-15  0.000392   0.00089 -1.67e-15  0.000991   0.00269  0.000314   0.00172  0.000257  0.000326   0.00175   0.00395   -0.0144  -0.00251   -0.0323   -0.0317  -0.00539    -0.107  -0.00421   -0.0326  -0.00631 -3.61e-05  -0.00419  -0.00065    -0.012   -0.0144  -0.00724   -0.0376   -0.0453  5.94e-06  0.000346  1.43e-05   -0.0083 -2.65e-06   0.00207  -0.00222 -0.000335   -0.0713    0.0378  0.000209 -0.000799   -0.0276   -0.0772    -0.033   0.00721   -0.0209   -0.0253  -0.00184   0.00437   -0.0173   0.00637  -0.00233   -0.0187   0.00807   -0.0281   0.00406 -0.000519   0.00413  0.000682    0.0785  -0.00232  -0.00635   0.00597 -0.000145  0.000218  1.46e-05 -1.23e-07  1.02e-07    0.0331   0.00516 -0.000494  0.000645     0.034   0.00824   0.00176  0.000256   0.00192   0.00742   0.00437    -0.163   -0.0013   0.00133    0.0454    -0.115    0.0323    0.0411         1    0.0328  0.000117    0.0529    0.0267    0.0357   0.00689  0.000298    0.0153   0.00323   0.00014     0.056     0.013   0.00524    0.0141
    0.375  -0.00119 -0.000123  0.000267  -0.00562  -0.00225 -2.78e-15 -2.78e-15 -0.000108 -0.000263 -1.84e-16  0.000119  -0.00266  -0.00029 -0.000159 -9.79e-05 -0.000137  -0.00155   -0.0037      0.01  0.000582    0.0428    0.0195   0.00611    0.0513   0.00984    0.0124   0.00477   0.00835   0.00253   0.00472   0.00479   0.00726   0.00549    0.0307    0.0262 -3.59e-06  -0.00125 -0.000376   0.00607  0.000101     0.011   -0.0138   -0.0446 -0.000779   -0.0294   0.00109   -0.0261   -0.0697   -0.0786   -0.0293  -0.00911   0.00883   -0.0279   -0.0208    0.0012   -0.0201  0.000503 -0.000572   0.00733   -0.0049   -0.0508  -0.00595 -0.000408  -0.00366   0.00213   -0.0288    0.0186  -0.00422  -0.00405 -0.000674  4.71e-07 -9.95e-06  9.98e-07  -3.7e-10   -0.0323   0.00283 -0.000699 -0.000263   -0.0381   -0.0013   0.00168  0.000144   0.00695   -0.0102  -0.00378    -0.224  0.000904   -0.0219    -0.138    0.0413    -0.156   -0.0603    0.0328         1 -0.000263   -0.0193   -0.0301   -0.0318  -0.00408  0.000421   -0.0147  -0.00183 -0.000117   -0.0608   -0.0227  -0.00562   -0.0146
  0.00764 -1.29e-05 -4.63e-05 -0.000221 -0.000508 -0.000154 -6.78e-17 -6.78e-17 -5.84e-06  6.25e-07  1.45e-17 -8.05e-05 -0.000224 -2.53e-05 -0.000139 -1.83e-05 -2.32e-05 -0.000147 -0.000313  3.43e-05 -7.73e-07 -0.000292 -5.22e-06 -3.86e-05 -0.000141 -6.64e-05  0.000124 -2.86e-05 -0.000122 -1.82e-05 -6.39e-05  6.01e-05  1.98e-05  5.51e-07 -0.000769 -0.000137 -9.79e-08 -3.37e-06 -3.58e-05  -7.7e-05 -2.13e-06 -0.000159  3.72e-05  0.000249  0.000344  -0.00158 -2.01e-05  1.09e-06   -0.0015  -0.00242 -0.000709 -0.000255 -0.000823   -0.0013 -0.000167 -0.000433 -0.000768 -0.000174 -0.000407  -0.00039 -0.000286  0.000482 -0.000155 -0.000133 -9.18e-05 -9.13e-05  -0.00203  -0.00176 -0.000521 -0.000104 -9.79e-06 -4.94e-06 -3.91e-07 -2.57e-08 -3.38e-09 -0.000429 -0.000203 -2.77e-05 -9.78e-07 -0.000427 -6.24e-05 -4.14e-05 -8.73e-06 -0.000166 -0.000137 -9.69e-05    0.0019 -0.000216  -0.00011  0.000301 -0.000253  -0.00026 -6.12e-05  0.000117 -0.000263         1  -0.00165 -0.000451 -0.000998  -0.00016 -7.18e-06 -0.000325 -5.09e-05 -1.71e-06  -0.00139 -0.000287 -4.02e-05 -0.000961
    0.112  -0.00105   -0.0043   -0.0176   -0.0357   -0.0105 -3.08e-15 -3.08e-15 -0.000463 -0.000562  -1.9e-16  -0.00649   -0.0155  -0.00177   -0.0109  -0.00138  -0.00175   -0.0102   -0.0217   0.00234  0.000289   -0.0325   0.00207  -0.00142    0.0721   -0.0121    0.0119  -0.00185   -0.0136   0.00406  -0.00915   0.00418   0.00514  0.000276   -0.0207  0.000669 -1.12e-05  -0.00174  -0.00168   0.00571 -0.000143   -0.0175   0.00981    0.0418    0.0304    0.0867  -0.00181  -0.00555   -0.0365   -0.0419   -0.0129   0.00126   -0.0175   -0.0301  -0.00302   -0.0131   -0.0113  -0.00094   -0.0049  -0.00506  -0.00586    0.0244   -0.0119   -0.0107   -0.0113  -0.00879   -0.0567    -0.138   -0.0222   -0.0117 -4.58e-05 -0.000424  -2.3e-05 -1.45e-06 -2.87e-07    -0.043   -0.0197  -0.00189 -7.97e-05    -0.056  -0.00729  -0.00331  -0.00093   -0.0147   -0.0201   -0.0119   -0.0763   -0.0133  -0.00776    0.0142    0.0365   -0.0196    -0.018    0.0529   -0.0193  -0.00165         1   -0.0638     -0.14   -0.0195  -0.00143   -0.0458  -0.00797 -0.000156     -0.18   -0.0407  -0.00741   -0.0717
   0.0331 -0.000486  -0.00136  -0.00537   -0.0117  -0.00352 -1.22e-15 -1.22e-15 -0.000161 -0.000259 -2.32e-16  -0.00199   -0.0051 -0.000583  -0.00337  -0.00044  -0.00056  -0.00334  -0.00715   0.00219  0.000245  -0.00274   0.00394   0.00062    0.0321  -0.00219    0.0061  0.000304  -0.00291   0.00159  -0.00226   0.00209   0.00314   0.00106 -0.000216   0.00542 -4.16e-06 -0.000862 -0.000434   0.00279 -2.14e-05  -0.00369  0.000381   0.00424    0.0107    0.0217 -0.000379   -0.0057   -0.0161   -0.0147  -0.00493 -7.72e-05 -0.000876  -0.00806   -0.0034  -0.00217  -0.00272  0.000167  3.87e-05   0.00135  -0.00225  0.000164  -0.00459  -0.00332  -0.00444  -0.00241   -0.0204   -0.0388  -0.00696  -0.00449 -8.28e-05 -0.000136 -6.83e-06 -4.88e-08 -7.67e-08   -0.0193  -0.00575 -0.000659 -7.19e-05   -0.0245  -0.00265 -0.000723 -0.000254  -0.00302  -0.00833  -0.00449   -0.0569  -0.00284  -0.00469   -0.0156    0.0225   -0.0266   -0.0153    0.0267   -0.0301 -0.000451   -0.0638         1   -0.0513  -0.00694 -0.000422   -0.0174  -0.00294 -6.68e-05   -0.0681   -0.0169  -0.00347   -0.0243
   0.0499 -0.000804  -0.00315   -0.0124   -0.0258  -0.00755  -2.1e-15  -2.1e-15  -0.00028 -0.000385 -8.29e-16  -0.00461   -0.0112  -0.00128  -0.00772 -0.000987  -0.00126  -0.00737   -0.0157  0.000591  1.76e-05   -0.0205 -0.000183 -0.000661    0.0497  -0.00776   0.00595  -0.00138  -0.00849   0.00269  -0.00643   0.00174   0.00333  0.000117   -0.0117 -5.01e-06 -8.11e-06   -0.0018 -0.000913   0.00435 -6.79e-05   -0.0104   0.00418    0.0217     0.013    0.0729  -0.00105  -0.00817   -0.0312   -0.0359   -0.0131   0.00322  -0.00857   -0.0194  -0.00438  -0.00459  -0.00627   0.00166 -0.000242  -0.00219  -0.00276   0.00572  -0.00907  -0.00806  -0.00919  -0.00606   -0.0269   -0.0974   -0.0174  -0.00881 -8.62e-05 -0.000283 -1.02e-05 -1.91e-07 -1.57e-07   -0.0336   -0.0133  -0.00157  1.99e-05   -0.0447  -0.00436  -0.00165 -0.000572  -0.00797   -0.0167  -0.00922     -0.11  -0.00688  -0.00586   0.00205    0.0242   -0.0234   -0.0154    0.0357   -0.0318 -0.000998     -0.14   -0.0513         1   -0.0146  -0.00104    -0.036  -0.00607 -0.000108    -0.141   -0.0337  -0.00624   -0.0527
   0.0114  -0.00013 -0.000456  -0.00176  -0.00367  -0.00108 -3.67e-16 -3.67e-16 -4.81e-05 -7.16e-05 -4.12e-18  -0.00065  -0.00159 -0.000182  -0.00109  -0.00014 -0.000178  -0.00105  -0.00223  0.000458   6.5e-05  -0.00242  0.000729 -2.12e-05   0.00867  -0.00105   0.00163 -5.83e-05  -0.00124  0.000443 -0.000833  0.000567  0.000722   0.00015  -0.00133  0.000877 -1.22e-06 -0.000201  -0.00016  0.000677 -1.22e-05  -0.00162  0.000782   0.00355   0.00364   0.00768 -0.000162  -0.00102  -0.00444  -0.00469  -0.00143 -5.56e-05  -0.00149  -0.00316 -0.000555   -0.0014  -0.00125 -0.000151 -0.000453 -0.000276 -0.000739   0.00201  -0.00126  -0.00105   -0.0012 -0.000834  -0.00677   -0.0134  -0.00221  -0.00125 -1.49e-05 -4.34e-05 -2.38e-06 -1.32e-07 -2.98e-08  -0.00497  -0.00196 -0.000201 -1.77e-05  -0.00633 -0.000809 -0.000319  -9.3e-05  -0.00139   -0.0022  -0.00126  -0.00951  -0.00128 -0.000972 -0.000362   0.00549  -0.00361   -0.0028   0.00689  -0.00408  -0.00016   -0.0195  -0.00694   -0.0146         1 -0.000143  -0.00487 -0.000855 -1.79e-05   -0.0191  -0.00443 -0.000862  -0.00742
   -8e-05 -3.51e-06 -3.47e-05 -0.000136 -0.000247 -6.95e-05  -6.3e-18  -6.3e-18 -2.97e-06 -6.12e-06  -8.3e-18 -4.99e-05 -0.000105 -1.22e-05 -8.24e-05 -1.01e-05 -1.28e-05 -7.03e-05 -0.000148 -4.79e-05  -1.5e-06 -0.000501 -0.000103 -4.27e-05   0.00014 -0.000163  2.51e-05 -3.74e-05 -0.000151  3.97e-06   -0.0001  1.05e-06  9.98e-06 -2.92e-05 -0.000392  -0.00015 -7.92e-08 -1.28e-05 -8.69e-06 -1.16e-05 -1.44e-06 -0.000194  3.89e-05  0.000256  0.000129  0.000438 -1.89e-05 -2.52e-05  0.000173  0.000288   0.00012  7.87e-05 -3.15e-05  7.23e-05  6.81e-05 -5.83e-05  0.000123  1.01e-05  3.09e-05  3.96e-07 -8.49e-06  0.000278 -6.21e-05 -7.65e-05 -8.08e-05 -7.57e-05 -0.000216  -0.00112 -0.000116 -7.98e-05   2.2e-06 -3.17e-06 -1.49e-07 -1.95e-08 -2.53e-09 -0.000227 -0.000168 -1.15e-05 -4.04e-07 -0.000323 -6.05e-05 -3.37e-05 -8.81e-06 -0.000151 -0.000127 -8.27e-05  -0.00136 -0.000102   5.1e-07  0.000482  0.000196  0.000382  1.61e-05  0.000298  0.000421 -7.18e-06  -0.00143 -0.000422  -0.00104 -0.000143         1 -0.000331 -6.43e-05 -7.75e-07  -0.00126 -0.000255 -4.41e-05 -0.000492
     0.02 -0.000299 -0.000996  -0.00398  -0.00837  -0.00247 -7.46e-16 -7.46e-16 -0.000108 -0.000167 -1.92e-16  -0.00147  -0.00363 -0.000415  -0.00248 -0.000318 -0.000405  -0.00238  -0.00508  0.000851  9.08e-05  -0.00515   0.00128  3.92e-05    0.0191  -0.00233   0.00323 -0.000158  -0.00264     0.001  -0.00195   0.00107   0.00167  0.000346  -0.00273   0.00161 -2.84e-06 -0.000566 -0.000329   0.00162 -2.25e-05  -0.00333  0.000782   0.00506   0.00609    0.0187 -0.000341  -0.00331   -0.0094    -0.009  -0.00307  0.000523   -0.0014  -0.00533  -0.00166  -0.00169  -0.00155  0.000272  1.16e-05  0.000318   -0.0012   0.00146  -0.00307  -0.00247  -0.00303   -0.0019   -0.0118   -0.0301  -0.00496  -0.00304 -3.52e-05 -9.64e-05 -4.89e-06  -1.6e-07 -5.96e-08   -0.0122  -0.00435 -0.000468 -3.11e-05   -0.0159  -0.00178 -0.000607   -0.0002  -0.00271  -0.00557  -0.00309    -0.042  -0.00244  -0.00283   -0.0055    0.0122   -0.0133  -0.00816    0.0153   -0.0147 -0.000325   -0.0458   -0.0174    -0.036  -0.00487 -0.000331         1  -0.00206 -4.22e-05   -0.0471   -0.0113  -0.00221   -0.0172
  0.00318 -5.21e-05 -0.000182 -0.000698  -0.00143 -0.000422 -1.25e-16 -1.25e-16 -2.08e-05 -3.96e-05 -1.33e-17 -0.000256 -0.000616 -7.07e-05 -0.000431 -5.52e-05    -7e-05 -0.000406 -0.000866  0.000171  3.14e-05   -0.0011  0.000299 -1.06e-05   0.00331 -0.000501  0.000734 -1.26e-05 -0.000541  0.000154 -0.000363  0.000245  0.000343   6.1e-05 -0.000679  0.000363 -5.21e-07 -8.69e-05  -5.8e-05  0.000225    -5e-06 -0.000713  8.93e-05  0.000787   0.00146   0.00207 -6.98e-05 -0.000582 -0.000891 -0.000332 -1.19e-05  5.67e-05 -5.34e-05 -0.000472 -0.000144 -0.000422  2.23e-05 -2.86e-05  3.06e-05  0.000195 -0.000252  0.000659  -0.00049 -0.000393 -0.000502 -0.000335  -0.00259   -0.0052  -0.00068  -0.00053 -3.34e-06 -1.78e-05  -1.1e-06 -7.12e-08 -1.34e-08  -0.00211 -0.000811 -7.09e-05 -1.24e-05  -0.00271 -0.000387 -0.000143 -4.16e-05 -0.000606  -0.00091 -0.000526  -0.00767 -0.000506 -0.000477 -0.000847   0.00283  -0.00182  -0.00151   0.00323  -0.00183 -5.09e-05  -0.00797  -0.00294  -0.00607 -0.000855 -6.43e-05  -0.00206         1 -7.73e-06  -0.00797  -0.00185 -0.000378  -0.00292
  0.00013 -1.68e-06  -2.5e-06 -1.31e-05 -2.99e-05 -9.42e-06 -4.42e-18 -4.42e-18  -8.4e-07 -1.28e-06  2.04e-18 -4.64e-06 -1.28e-05 -1.45e-06 -8.12e-06 -1.09e-06 -1.39e-06  -8.3e-06 -1.81e-05     2e-05  2.53e-06  2.04e-05   3.8e-05  5.72e-06  0.000136 -1.39e-06   4.4e-05  6.23e-06 -6.51e-06  6.54e-06 -3.04e-06  1.72e-05  1.94e-05  8.91e-06  1.41e-05  4.47e-05 -1.35e-08 -7.66e-07 -2.21e-06  1.01e-05 -1.18e-07 -1.09e-05 -2.85e-06 -8.67e-06  8.21e-05 -7.09e-05 -1.35e-06 -1.27e-05 -2.08e-05  1.53e-05  1.48e-05 -1.54e-05  1.14e-05 -1.07e-05 -8.76e-06 -1.71e-05 -3.44e-06 -9.96e-06 -6.64e-06  1.73e-05 -1.58e-05  2.21e-05 -1.35e-05 -5.37e-06 -1.02e-05 -5.32e-06 -0.000144 -7.26e-05 -5.43e-06 -1.38e-05 -2.21e-07 -4.78e-07 -5.35e-08 -2.57e-09 -3.77e-10 -6.67e-05 -1.59e-05 -4.03e-07 -9.49e-07 -7.55e-05 -1.43e-05  -4.2e-06 -9.47e-07 -1.25e-05 -1.88e-05 -1.16e-05 -5.13e-05 -1.34e-05 -2.47e-05 -0.000125  0.000132 -0.000144 -8.58e-05   0.00014 -0.000117 -1.71e-06 -0.000156 -6.68e-05 -0.000108 -1.79e-05 -7.75e-07 -4.22e-05 -7.73e-06         1 -0.000166    -4e-05    -1e-05 -6.07e-05
   0.0731  -0.00121  -0.00393   -0.0158   -0.0335  -0.00991 -3.14e-15 -3.14e-15 -0.000424 -0.000594  -6.7e-16  -0.00585   -0.0145  -0.00166  -0.00986  -0.00127  -0.00162  -0.00954   -0.0204   0.00352  0.000295   -0.0199   0.00496  0.000167    0.0759  -0.00886    0.0122 -0.000716   -0.0102   0.00414  -0.00751   0.00416   0.00623   0.00135   -0.0106    0.0058 -1.11e-05  -0.00217  -0.00141   0.00667 -9.13e-05   -0.0128   0.00405    0.0228     0.023    0.0793  -0.00133   -0.0128   -0.0444   -0.0477   -0.0165   0.00132  -0.00898   -0.0272  -0.00754  -0.00787   -0.0102  0.000877   -0.0015 -0.000683  -0.00503   0.00518   -0.0123  -0.00996   -0.0118  -0.00751   -0.0474     -0.12   -0.0208   -0.0119 -0.000173 -0.000378 -1.98e-05 -6.63e-07 -2.36e-07   -0.0477   -0.0171  -0.00192 -9.86e-05   -0.0621  -0.00669  -0.00233 -0.000779   -0.0107   -0.0219   -0.0121    -0.157   -0.0103   -0.0118   -0.0217    0.0432   -0.0557   -0.0314     0.056   -0.0608  -0.00139     -0.18   -0.0681    -0.141   -0.0191  -0.00126   -0.0471  -0.00797 -0.000166         1   -0.0446  -0.00855   -0.0686
   0.0368 -0.000327 -0.000881  -0.00337  -0.00746  -0.00223 -8.07e-16 -8.07e-16 -8.55e-05 -0.000128 -2.27e-16  -0.00125  -0.00326 -0.000372  -0.00212 -0.000277 -0.000354  -0.00213  -0.00456   0.00112  6.32e-05  -0.00187   0.00182  0.000402    0.0205  -0.00132   0.00276  5.15e-05  -0.00163   0.00114  -0.00138  0.000914   0.00157  0.000532  0.000643   0.00262 -2.57e-06 -0.000604 -0.000279   0.00208    -1e-05  -0.00195  0.000495   0.00366   0.00379    0.0236 -0.000196  -0.00436   -0.0141   -0.0155  -0.00594  0.000351  -0.00137  -0.00741  -0.00288  -0.00106  -0.00325  0.000675  8.48e-05  0.000166 -0.000896  -0.00282    -0.003  -0.00225  -0.00284   -0.0015  -0.00802   -0.0251  -0.00489  -0.00278 -6.98e-05 -7.75e-05  -3.6e-06  3.36e-08 -4.37e-08    -0.012  -0.00345  -0.00049  -1.4e-05   -0.0157   -0.0013 -0.000304 -0.000147  -0.00163  -0.00555  -0.00289   -0.0489  -0.00186  -0.00349   -0.0111    0.0108   -0.0199  -0.00937     0.013   -0.0227 -0.000287   -0.0407   -0.0169   -0.0337  -0.00443 -0.000255   -0.0113  -0.00185    -4e-05   -0.0446         1  -0.00222   -0.0156
   0.0075 -7.56e-05 -0.000161 -0.000564  -0.00135 -0.000416 -1.83e-16 -1.83e-16 -2.12e-05 -4.66e-05 -1.46e-17  -0.00021 -0.000587 -6.72e-05 -0.000361  -4.9e-05 -6.26e-05 -0.000381 -0.000825  0.000531  7.62e-05   0.00091   0.00112  0.000228   0.00528  9.13e-06   0.00128  0.000204 -0.000146  0.000209 -0.000144  0.000435  0.000639   0.00029  0.000965   0.00167 -5.53e-07 -0.000126 -2.94e-05  0.000426  6.25e-07 -0.000203 -0.000231 -0.000501   0.00216   0.00035 -1.77e-05    -0.001   -0.0021  -0.00126 -0.000335 -0.000213  0.000435 -0.000604 -0.000592 -0.000194  -0.00013 -6.82e-05  0.000114  0.000556 -0.000448 -0.000269 -0.000583 -0.000322 -0.000583 -0.000205  -0.00376  -0.00346  -0.00072 -0.000596 -1.72e-05 -1.64e-05  -7.2e-07  4.04e-08 -7.66e-09  -0.00294 -0.000595 -7.42e-05 -2.03e-05  -0.00353 -0.000399 -6.13e-05 -2.42e-05 -0.000161  -0.00112 -0.000571  -0.00593 -0.000118 -0.000626  -0.00374   0.00489   -0.0046  -0.00286   0.00524  -0.00562 -4.02e-05  -0.00741  -0.00347  -0.00624 -0.000862 -4.41e-05  -0.00221 -0.000378    -1e-05  -0.00855  -0.00222         1  -0.00285
   0.0414 -0.000499  -0.00201  -0.00797   -0.0179  -0.00534 -1.96e-15 -1.96e-15 -0.000167 -0.000164 -2.06e-16  -0.00294  -0.00787 -0.000895  -0.00501 -0.000656 -0.000834  -0.00517    -0.011 -0.000234 -7.47e-06   -0.0121  -0.00158  -0.00125 -0.000738  -0.00361   0.00361 -0.000996  -0.00469 -0.000819  -0.00311   0.00119   0.00117 -0.000226   -0.0238  -0.00378 -4.27e-06   -0.0008 -0.000775  -0.00234 -4.79e-05  -0.00582  -0.00162   0.00155   0.00806   -0.0384 -0.000618  -0.00492     -0.04   -0.0605   -0.0179   -0.0043    -0.018   -0.0298  -0.00499  -0.00945   -0.0157  -0.00322  -0.00744  -0.00816  -0.00746   0.00943  -0.00543  -0.00487  -0.00479  -0.00333   -0.0534   -0.0625   -0.0166  -0.00461 -0.000289 -0.000173 -7.81e-06 -3.68e-07 -1.03e-07   -0.0191  -0.00768  -0.00111 -2.46e-05   -0.0217  -0.00248  -0.00118 -0.000319  -0.00498  -0.00785  -0.00458   -0.0143    -0.005  -0.00269   0.00841   0.00372  -0.00585   -0.0053    0.0141   -0.0146 -0.000961   -0.0717   -0.0243   -0.0527  -0.00742 -0.000492   -0.0172  -0.00292 -6.07e-05   -0.0686   -0.0156  -0.00285         1

  Chi^2                                0.11266  +/- 0.671297
  Chi^2/ndf                            0.0160943
  Chi^2 for each template              383.137 +/- 4.56928	202.973 +/- 2.91525	88.6633 +/- 2.7525	29.3856 +/- 1.59277	7.2231 +/- 0.499045	4.01472 +/- 0.251318	12.8776 +/- 0.709467	27.5992 +/- 0.698724	
  Chi^2 for each template w.r.t. fit   384.338 +/- 4.56928	203.735 +/- 2.91525	88.8124 +/- 2.7525	29.4339 +/- 1.59277	7.15802 +/- 0.499045	4.10452 +/- 0.251318	13.0811 +/- 0.709467	28.1104 +/- 0.698724	  Partial chi^2                        0.00 (EG_RESOLUTION_ALL)    0.00 (EG_SCALE_ALL)    0.00 (EL_EFF_ID_TOTAL_1NPCOR_PLUS_UNCOR)    0.00 (EL_EFF_Iso_TOTAL_1NPCOR_PLUS_UNCOR)
  Partial chi^2                        0.00 (EL_EFF_Reco_TOTAL_1NPCOR_PLUS_UNCOR)    0.00 (EL_EFF_TriggerEff_TOTAL_1NPCOR_PLUS_UNCOR)    0.00 (EL_EFF_Trigger_TOTAL_1NPCOR_PLUS_UNCOR)    0.00 (FAKES_Electron)
  Partial chi^2                        0.00 (FAKES_Muon)    0.00 (FT_EFF_Eigen_B_0)    0.00 (FT_EFF_Eigen_B_1)    0.00 (FT_EFF_Eigen_B_2)
  Partial chi^2                        0.00 (FT_EFF_Eigen_B_3)    0.00 (FT_EFF_Eigen_B_4)    0.00 (FT_EFF_Eigen_B_5)    0.00 (FT_EFF_Eigen_B_6)
  Partial chi^2                        0.00 (FT_EFF_Eigen_B_7)    0.00 (FT_EFF_Eigen_B_8)    0.00 (FT_EFF_Eigen_C_0)    0.00 (FT_EFF_Eigen_C_1)
  Partial chi^2                        0.00 (FT_EFF_Eigen_C_2)    0.00 (FT_EFF_Eigen_C_3)    0.00 (FT_EFF_Eigen_Light_0)    0.00 (FT_EFF_Eigen_Light_1)
  Partial chi^2                        0.00 (FT_EFF_Eigen_Light_2)    0.00 (FT_EFF_Eigen_Light_3)    0.00 (FT_EFF_extrapolation)    0.00 (FT_EFF_extrapolation_from_charm)
  Partial chi^2                        0.00 (FULL_SYS_SUM)    0.00 (FULL_SYS_SUM_DETECTOR)    0.00 (FULL_SYS_SUM_THEORY)    0.00 (FULL_SYS_TOYS)
  Partial chi^2                        0.00 (JET_EffectiveNP_Detector1)    0.00 (JET_EffectiveNP_Detector2)    0.00 (JET_EffectiveNP_Mixed1)    0.00 (JET_EffectiveNP_Mixed2)
  Partial chi^2                        0.00 (JET_EffectiveNP_Mixed3)    0.00 (JET_EffectiveNP_Modelling1)    0.00 (JET_EffectiveNP_Modelling2)    0.00 (JET_EffectiveNP_Modelling3)
  Partial chi^2                        0.00 (JET_EffectiveNP_Modelling4)    0.00 (JET_EffectiveNP_Statistical1)    0.00 (JET_EffectiveNP_Statistical2)    0.00 (JET_EffectiveNP_Statistical3)
  Partial chi^2                        0.00 (JET_EffectiveNP_Statistical4)    0.00 (JET_EffectiveNP_Statistical5)    0.00 (JET_EffectiveNP_Statistical6)    0.00 (JET_EtaIntercalibration_Modelling)
  Partial chi^2                        0.00 (JET_EtaIntercalibration_NonClosure_2018data)    0.00 (JET_EtaIntercalibration_NonClosure_highE)    0.00 (JET_EtaIntercalibration_NonClosure_negEta)    0.00 (JET_EtaIntercalibration_NonClosure_posEta)
  Partial chi^2                        0.00 (JET_EtaIntercalibration_TotalStat)    0.00 (JET_Flavor_Composition_prop)    0.00 (JET_Flavor_Response_prop)    0.00 (JET_JER_DataVsMC_MC16_PseudoData)
  Partial chi^2                        0.00 (JET_JER_EffectiveNP_10_PseudoData)    0.00 (JET_JER_EffectiveNP_11_PseudoData)    0.00 (JET_JER_EffectiveNP_12restTerm_PseudoData)    0.00 (JET_JER_EffectiveNP_1_PseudoData)
  Partial chi^2                        0.01 (JET_JER_EffectiveNP_2_PseudoData)    0.00 (JET_JER_EffectiveNP_3_PseudoData)    0.00 (JET_JER_EffectiveNP_4_PseudoData)    0.00 (JET_JER_EffectiveNP_5_PseudoData)
  Partial chi^2                        0.00 (JET_JER_EffectiveNP_6_PseudoData)    0.00 (JET_JER_EffectiveNP_7_PseudoData)    0.00 (JET_JER_EffectiveNP_8_PseudoData)    0.00 (JET_JER_EffectiveNP_9_PseudoData)
  Partial chi^2                        0.00 (JET_JvtEfficiency)    0.00 (JET_Pileup_OffsetMu)    0.00 (JET_Pileup_OffsetNPV)    0.00 (JET_Pileup_PtTerm)
  Partial chi^2                        0.00 (JET_Pileup_RhoTopology)    0.00 (JET_PunchThrough_MC16)    0.00 (LUMINOSITY)    0.00 (MET_SoftTrk_ResoPara)
  Partial chi^2                        0.00 (MET_SoftTrk_ResoPerp)    0.00 (MET_SoftTrk_Scale)    0.00 (MUON_EFF_BADMUON_SYS)    0.00 (MUON_EFF_ISO_STAT)
  Partial chi^2                        0.00 (MUON_EFF_ISO_SYS)    0.00 (MUON_EFF_RECO_STAT)    0.00 (MUON_EFF_RECO_SYS)    0.00 (MUON_EFF_TTVA_STAT)
  Partial chi^2                        0.00 (MUON_EFF_TTVA_SYS)    0.00 (MUON_EFF_TrigStatUncertainty)    0.00 (MUON_EFF_TrigSystUncertainty)    0.00 (MUON_SAGITTA_DATASTAT)
  Partial chi^2                        0.00 (MUON_SAGITTA_RESBIAS)    0.00 (PRW_DATASF)    0.03 (STAT_DATA)    0.00 (STAT_MC)  
  Partial chi^2                        0.00 (THEORY_CROSS_SECTION_Wjets)    0.00 (THEORY_CROSS_SECTION_other_top_noWt)    0.00 (THEORY_CROSS_SECTION_signal)    0.00 (THEORY_DR_DS_signal)
  Partial chi^2                        0.00 (THEORY_EWK_Wjets)    0.00 (THEORY_EWK_multiboson_noW)    0.01 (THEORY_FSR_signal)    0.00 (THEORY_HDAMP_signal)
  Partial chi^2                        0.01 (THEORY_ISR_signal)    0.00 (THEORY_PDF4LHC_VARIATION_Wjets)    0.00 (THEORY_PDF4LHC_VARIATION_multiboson_noW)    0.00 (THEORY_PDF4LHC_VARIATION_signal)
  Partial chi^2                        0.00 (THEORY_PTHARD_signal)    0.00 (THEORY_SCALE_COMBINED_Wjets)    0.00 (THEORY_SCALE_COMBINED_multiboson_noW)    0.00 (THEORY_SCALE_FACTORISATION_signal)
  Partial chi^2                        0.00 (THEORY_SCALE_RENORMALISATION_signal)    0.00 (THEORY_SHOWERING_HERWIG7_signal)    0.01 (THEORY_TOPRECOIL_signal)    0.00 (THEORY_TOP_MASS_signal)
  Partial chi^2                        0.00 (TOTAL)        0.00 (TOTAL_NO_DR_DS)    0.00 (TOTAL_SYSONLY)    0.00 (WMASS_VAR_signal)
  Partial chi^2                        0.00 (pseudoDataStat)

  Uncertainties from HESSE matrix
     LTF: Result[0]:                   174.798  +/- 0.972965 (fit [from HESSE])

  Alternative result from pol2-fit to chi^2 values of the templates
     Result(pol2-chi2)[0]              176.02   +/- 0.689321 (fit)
     Chi^2(min)                        -33.2219

  Result from linearized second-order model approximation
     EDM (Taylor) [0]                  0.0269777

  Expected distance to minimum
     EDM (Newton) [0]                  0.0263558
     EDM Delta-chi^2                   -0.00684334


  'Uncertainties' on M from second-order model approximation
     sigma_m[0]                       0.0254552
     sigma_m[EG_RESOLUTION_ALL]       -0.00
     sigma_m[EG_SCALE_ALL]            0.00
     sigma_m[EL_EFF_ID_TOTAL_1NPCOR_PLUS_UNCOR] 0.00
     sigma_m[EL_EFF_Iso_TOTAL_1NPCOR_PLUS_UNCOR] 0.00
     sigma_m[EL_EFF_Reco_TOTAL_1NPCOR_PLUS_UNCOR] 0.00
     sigma_m[EL_EFF_TriggerEff_TOTAL_1NPCOR_PLUS_UNCOR] 0.00
     sigma_m[EL_EFF_Trigger_TOTAL_1NPCOR_PLUS_UNCOR] 0.00
     sigma_m[MUON_SAGITTA_DATASTAT]   0.00
     sigma_m[MUON_SAGITTA_RESBIAS]    0.00
     sigma_m[MUON_EFF_BADMUON_SYS]    0.00
     sigma_m[MUON_EFF_ISO_STAT]       0.00
     sigma_m[MUON_EFF_ISO_SYS]        0.00
     sigma_m[MUON_EFF_RECO_STAT]      0.00
     sigma_m[MUON_EFF_RECO_SYS]       0.00
     sigma_m[MUON_EFF_TTVA_STAT]      0.00
     sigma_m[MUON_EFF_TTVA_SYS]       0.00
     sigma_m[MUON_EFF_TrigStatUncertainty] 0.00
     sigma_m[MUON_EFF_TrigSystUncertainty] 0.00
     sigma_m[JET_EffectiveNP_Detector1] 0.00
     sigma_m[JET_EffectiveNP_Detector2] 0.00
     sigma_m[JET_EffectiveNP_Mixed1]  0.00
     sigma_m[JET_EffectiveNP_Mixed2]  0.00
     sigma_m[JET_EffectiveNP_Mixed3]  0.00
     sigma_m[JET_EffectiveNP_Modelling1] 0.00
     sigma_m[JET_EffectiveNP_Modelling2] 0.00
     sigma_m[JET_EffectiveNP_Modelling3] 0.00
     sigma_m[JET_EffectiveNP_Modelling4] 0.00
     sigma_m[JET_EffectiveNP_Statistical1] 0.00
     sigma_m[JET_EffectiveNP_Statistical2] 0.00
     sigma_m[JET_EffectiveNP_Statistical3] 0.00
     sigma_m[JET_EffectiveNP_Statistical4] 0.00
     sigma_m[JET_EffectiveNP_Statistical5] 0.00
     sigma_m[JET_EffectiveNP_Statistical6] 0.00
     sigma_m[JET_EtaIntercalibration_Modelling] 0.00
     sigma_m[JET_EtaIntercalibration_NonClosure_2018data] 0.00
     sigma_m[JET_EtaIntercalibration_NonClosure_highE] 0.00
     sigma_m[JET_EtaIntercalibration_NonClosure_negEta] -0.00
     sigma_m[JET_EtaIntercalibration_NonClosure_posEta] 0.00
     sigma_m[JET_EtaIntercalibration_TotalStat] 0.00
     sigma_m[JET_Flavor_Composition_prop] 0.00
     sigma_m[JET_Flavor_Response_prop] 0.00
     sigma_m[JET_Pileup_OffsetMu]     -0.00
     sigma_m[JET_Pileup_OffsetNPV]    -0.00
     sigma_m[JET_Pileup_PtTerm]       -0.00
     sigma_m[JET_Pileup_RhoTopology]  0.00
     sigma_m[JET_PunchThrough_MC16]   0.00
     sigma_m[JET_JER_DataVsMC_MC16_PseudoData] -0.00
     sigma_m[JET_JER_EffectiveNP_1_PseudoData] -0.00
     sigma_m[JET_JER_EffectiveNP_2_PseudoData] -0.00
     sigma_m[JET_JER_EffectiveNP_3_PseudoData] -0.00
     sigma_m[JET_JER_EffectiveNP_4_PseudoData] 0.00
     sigma_m[JET_JER_EffectiveNP_5_PseudoData] 0.00
     sigma_m[JET_JER_EffectiveNP_6_PseudoData] 0.00
     sigma_m[JET_JER_EffectiveNP_7_PseudoData] -0.00
     sigma_m[JET_JER_EffectiveNP_8_PseudoData] 0.00
     sigma_m[JET_JER_EffectiveNP_9_PseudoData] -0.00
     sigma_m[JET_JER_EffectiveNP_10_PseudoData] 0.00
     sigma_m[JET_JER_EffectiveNP_11_PseudoData] 0.00
     sigma_m[JET_JER_EffectiveNP_12restTerm_PseudoData] 0.00
     sigma_m[JET_JvtEfficiency]       0.00
     sigma_m[PRW_DATASF]              -0.00
     sigma_m[MET_SoftTrk_ResoPara]    -0.00
     sigma_m[MET_SoftTrk_ResoPerp]    0.00
     sigma_m[MET_SoftTrk_Scale]       0.00
     sigma_m[WMASS_VAR_signal]        0.00
     sigma_m[FT_EFF_Eigen_B_0]        0.01
     sigma_m[FT_EFF_Eigen_B_1]        0.00
     sigma_m[FT_EFF_Eigen_B_2]        0.00
     sigma_m[FT_EFF_Eigen_B_3]        0.00
     sigma_m[FT_EFF_Eigen_B_4]        -0.00
     sigma_m[FT_EFF_Eigen_B_5]        0.00
     sigma_m[FT_EFF_Eigen_B_6]        -0.00
     sigma_m[FT_EFF_Eigen_B_7]        0.00
     sigma_m[FT_EFF_Eigen_B_8]        0.00
     sigma_m[FT_EFF_Eigen_C_0]        0.00
     sigma_m[FT_EFF_Eigen_C_1]        0.00
     sigma_m[FT_EFF_Eigen_C_2]        0.00
     sigma_m[FT_EFF_Eigen_C_3]        0.00
     sigma_m[FT_EFF_Eigen_Light_0]    -0.00
     sigma_m[FT_EFF_Eigen_Light_1]    0.00
     sigma_m[FT_EFF_Eigen_Light_2]    0.00
     sigma_m[FT_EFF_Eigen_Light_3]    0.00
     sigma_m[FT_EFF_extrapolation]    0.00
     sigma_m[FT_EFF_extrapolation_from_charm] 0.00
     sigma_m[THEORY_CROSS_SECTION_signal] 0.00
     sigma_m[THEORY_SHOWERING_HERWIG7_signal] -0.01
     sigma_m[THEORY_SCALE_FACTORISATION_signal] 0.00
     sigma_m[THEORY_SCALE_RENORMALISATION_signal] -0.00
     sigma_m[THEORY_ISR_signal]       -0.00
     sigma_m[THEORY_FSR_signal]       0.00
     sigma_m[THEORY_HDAMP_signal]     -0.00
     sigma_m[THEORY_PTHARD_signal]    -0.00
     sigma_m[THEORY_TOPRECOIL_signal] 0.00
     sigma_m[THEORY_TOP_MASS_signal]  -0.00
     sigma_m[THEORY_PDF4LHC_VARIATION_signal] 0.00
     sigma_m[THEORY_DR_DS_signal]     0.00
     sigma_m[THEORY_CROSS_SECTION_Wjets] 0.00
     sigma_m[THEORY_SCALE_COMBINED_Wjets] 0.00
     sigma_m[THEORY_PDF4LHC_VARIATION_Wjets] 0.00
     sigma_m[THEORY_EWK_Wjets]        0.00
     sigma_m[THEORY_SCALE_COMBINED_multiboson_noW] 0.00
     sigma_m[THEORY_PDF4LHC_VARIATION_multiboson_noW] 0.00
     sigma_m[THEORY_EWK_multiboson_noW] 0.00
     sigma_m[THEORY_CROSS_SECTION_other_top_noWt] 0.00
     sigma_m[FAKES_Electron]          -0.00
     sigma_m[FAKES_Muon]              -0.00
     sigma_m[LUMINOSITY]              0.00

  Settings
     Number of data points             8
     Number of templates               8
     Number of fit parameters          1
     Template reference values [0]     162.5   165 167.5   170 172.5 177.5   180 182.5
     Number of nuisance param.         107
     Gamma[0]                          1.000
     LogNormal                         false
     Response matrix                   false

  please cite: D. Britzger, The Linear Template Fit, Eur.Phys.J.C 82 (2022) 731, arXiv:2112.01548.
------------------------------------------------------------------------

Warning in <TFile::Append>: Replacing existing TH1: hist (Potential memory leak).
Warning in <TFile::Append>: Replacing existing TH1: hist (Potential memory leak).
Warning in <TFile::Append>: Replacing existing TH1: hist (Potential memory leak).
Warning in <TFile::Append>: Replacing existing TH1: hist (Potential memory leak).
Warning in <TFile::Append>: Replacing existing TH1: hist (Potential memory leak).
Warning in <TFile::Append>: Replacing existing TH1: hist (Potential memory leak).
Warning in <TFile::Append>: Replacing existing TH1: hist (Potential memory leak).
Warning in <TFile::Append>: Replacing existing TH1: hist (Potential memory leak).
Warning in <TFile::Append>: Replacing existing TH1: hist (Potential memory leak).
Info in <TCanvas::Print>: ps file plots/fit_mbw.ps has been created
Info in <TCanvas::Print>: Current canvas added to ps file plots/fit_mbw.ps
Info in <TCanvas::Print>: Current canvas added to ps file plots/fit_mbw.ps
Info in <TCanvas::Print>: Current canvas added to ps file plots/fit_mbw.ps
Info in <TCanvas::Print>: Current canvas added to ps file plots/fit_mbw.ps
Info in <TCanvas::Print>: Current canvas added to ps file plots/fit_mbw.ps
Info in <TCanvas::Print>: Current canvas added to ps file plots/fit_mbw.ps
Info in <TCanvas::Print>: Current canvas added to ps file plots/fit_mbw.ps
Info in <TCanvas::Print>: Current canvas added to ps file plots/fit_mbw.ps
Info in <TCanvas::Print>: Current canvas added to ps file plots/fit_mbw.ps
Info in <TCanvas::Print>: Current canvas added to ps file plots/fit_mbw.ps
Info in <TCanvas::Print>: Current canvas added to ps file plots/fit_mbw.ps
Info in <TCanvas::Print>: Current canvas added to ps file plots/fit_mbw.ps
Info in <TCanvas::Print>: Current canvas added to ps file plots/fit_mbw.ps
Info in <TCanvas::Print>: Current canvas added to ps file plots/fit_mbw.ps
Info in <TCanvas::Print>: Current canvas added to ps file plots/fit_mbw.ps
Info in <TCanvas::Print>: Current canvas added to ps file plots/fit_mbw.ps
Info in <TCanvas::Print>: Current canvas added to ps file plots/fit_mbw.ps
Info in <TCanvas::Print>: Current canvas added to ps file plots/fit_mbw.ps
Info in <TCanvas::Print>: Current canvas added to ps file plots/fit_mbw.ps
Info in <TCanvas::Print>: Current canvas added to ps file plots/fit_mbw.ps
Info in <TCanvas::Print>: Current canvas added to ps file plots/fit_mbw.ps
Info in <TCanvas::Print>: Current canvas added to ps file plots/fit_mbw.ps
Info in <TCanvas::Print>: Current canvas added to ps file plots/fit_mbw.ps
Info in <TCanvas::Print>: Current canvas added to ps file plots/fit_mbw.ps
Info in <TCanvas::Print>: Current canvas added to ps file plots/fit_mbw.ps
Info in <TCanvas::Print>: Current canvas added to ps file plots/fit_mbw.ps
Info in <TCanvas::Print>: Current canvas added to ps file plots/fit_mbw.ps
Info in <TCanvas::Print>: Current canvas added to ps file plots/fit_mbw.ps
Info in <TCanvas::Print>: Current canvas added to ps file plots/fit_mbw.ps
Info in <TCanvas::Print>: ps file plots/fit_mbw.ps has been closed
Found covarinace matrix unfolding_covariance_matrix_ptl1_covariance_STAT_DATA
Johannes print final covariance matrix
0.000296513	-8.87722e-06	3.56182e-06	4.20772e-07	1.32436e-06	-1.31017e-06	-6.05943e-08	6.19946e-07	-2.67925e-07	
-8.87722e-06	0.000102184	-3.29969e-06	-1.11394e-06	6.11918e-07	-3.78427e-07	-4.72422e-07	-1.68733e-07	2.78267e-07	
3.56182e-06	-3.29969e-06	3.50708e-05	-1.63334e-06	4.72694e-07	8.89094e-08	-2.93824e-08	1.13642e-07	1.39976e-08	
4.20772e-07	-1.11394e-06	-1.63334e-06	1.3149e-05	-1.21697e-06	3.309e-07	-4.8939e-08	-6.52641e-08	6.05852e-08	
1.32436e-06	6.11918e-07	4.72694e-07	-1.21697e-06	5.10414e-06	-6.44619e-07	1.12659e-07	1.86622e-08	-1.40465e-08	
-1.31017e-06	-3.78427e-07	8.89094e-08	3.309e-07	-6.44619e-07	2.60842e-06	-3.19479e-07	1.73992e-08	-6.71824e-09	
-6.05943e-08	-4.72422e-07	-2.93824e-08	-4.8939e-08	1.12659e-07	-3.19479e-07	9.18466e-07	-9.61144e-08	-1.82316e-09	
6.19946e-07	-1.68733e-07	1.13642e-07	-6.52641e-08	1.86622e-08	1.73992e-08	-9.61144e-08	4.14474e-07	-4.74609e-08	
-2.67925e-07	2.78267e-07	1.39976e-08	6.05852e-08	-1.40465e-08	-6.71824e-09	-1.82316e-09	-4.74609e-08	1.26654e-07	
Johannes print final correltaion matrix
1	-0.0509994	0.0349283	0.00673874	0.0340427	-0.0471103	-0.00367179	0.0559221	-0.0437202	
-0.0509994	1	-0.0551201	-0.0303896	0.0267942	-0.0231794	-0.048765	-0.0259275	0.0773502	
0.0349283	-0.0551201	1	-0.0760601	0.0353302	0.00929579	-0.00517705	0.0298068	0.00664158	
0.00673874	-0.0303896	-0.0760601	1	-0.148549	0.0565016	-0.0140824	-0.0279562	0.0469472	
0.0340427	0.0267942	0.0353302	-0.148549	1	-0.176666	0.0520321	0.0128308	-0.0174702	
-0.0471103	-0.0231794	0.00929579	0.0565016	-0.176666	1	-0.206406	0.0167337	-0.0116885	
-0.00367179	-0.048765	-0.00517705	-0.0140824	0.0520321	-0.206406	1	-0.155779	-0.00534543	
0.0559221	-0.0259275	0.0298068	-0.0279562	0.0128308	0.0167337	-0.155779	1	-0.207147	
-0.0437202	0.0773502	0.00664158	0.0469472	-0.0174702	-0.0116885	-0.00534543	-0.207147	1	
TH1.Print Name  = total_error, Entries= 963, Total sum= 0.558417
 fSumw[0]=0, x=-0.5, error=0
 fSumw[1]=0.0622839, x=0.5, error=0
 fSumw[2]=0.0585707, x=1.5, error=0
 fSumw[3]=0.0540701, x=2.5, error=0
 fSumw[4]=0.0483797, x=3.5, error=0
 fSumw[5]=0.0469105, x=4.5, error=0
 fSumw[6]=0.0474662, x=5.5, error=0
 fSumw[7]=0.0470775, x=6.5, error=0
 fSumw[8]=0.0670667, x=7.5, error=0
 fSumw[9]=0.126592, x=8.5, error=0
 fSumw[10]=0, x=9.5, error=0
STAT_MC 0.000540388
STAT_MC 0.0007528
STAT_MC 0.00125813
STAT_MC 0.00196867
STAT_MC 0.00285077
STAT_MC 0.00332167
STAT_MC 0.00588833
STAT_MC 0.00880857
STAT_MC 0.01913
TH1.Print Name  = total_error, Entries= 972, Total sum= 0.561062
 fSumw[0]=0, x=-0.5, error=0
 fSumw[1]=0.0622863, x=0.5, error=0
 fSumw[2]=0.0585755, x=1.5, error=0
 fSumw[3]=0.0540847, x=2.5, error=0
 fSumw[4]=0.0484197, x=3.5, error=0
 fSumw[5]=0.0469971, x=4.5, error=0
 fSumw[6]=0.0475823, x=5.5, error=0
 fSumw[7]=0.0474443, x=6.5, error=0
 fSumw[8]=0.0676427, x=7.5, error=0
 fSumw[9]=0.128029, x=8.5, error=0
 fSumw[10]=0, x=9.5, error=0
TH1.Print Name  = total_error, Entries= 981, Total sum= 0.595329
 fSumw[0]=0, x=-0.5, error=0
 fSumw[1]=0.0623129, x=0.5, error=0
 fSumw[2]=0.058647, x=1.5, error=0
 fSumw[3]=0.0543005, x=2.5, error=0
 fSumw[4]=0.0490241, x=3.5, error=0
 fSumw[5]=0.0484988, x=4.5, error=0
 fSumw[6]=0.0502312, x=5.5, error=0
 fSumw[7]=0.0552606, x=6.5, error=0
 fSumw[8]=0.0769415, x=7.5, error=0
 fSumw[9]=0.140113, x=8.5, error=0
 fSumw[10]=0, x=9.5, error=0

        Data        Stat Tmpl_162.50 Stat_162.50 Tmpl_165.00 Stat_165.00 Tmpl_167.50 Stat_167.50 Tmpl_170.00 Stat_170.00 Tmpl_172.50 Stat_172.50 Tmpl_177.50 Stat_177.50 Tmpl_180.00 Stat_180.00 Tmpl_182.50 Stat_182.50
    4.615292    0.008409    5.478960    0.006524    5.291268    0.006061    5.134744    0.009751    4.955616    0.009594    4.775316    0.006353    4.443212    0.004601    4.293340    0.008768    4.123004    0.005083
    1.802498    0.005217    2.090821    0.003972    2.034511    0.003700    1.973672    0.005910    1.921350    0.005895    1.868814    0.003838    1.757872    0.002861    1.713038    0.005499    1.653532    0.003193
    0.670262    0.003241    0.739803    0.002359    0.726283    0.002159    0.712910    0.003446    0.697893    0.003481    0.684886    0.002210    0.655471    0.001721    0.641612    0.003270    0.628159    0.001946
    0.253339    0.001944    0.269424    0.001477    0.261957    0.001265    0.262658    0.002061    0.257165    0.002082    0.254746    0.001279    0.246042    0.001029    0.242731    0.001962    0.239351    0.001181
    0.100326    0.001201    0.104274    0.000856    0.102673    0.000767    0.099691    0.001213    0.101310    0.001255    0.099477    0.000740    0.098534    0.000636    0.096254    0.001204    0.097149    0.000750
    0.054421    0.000876    0.055411    0.000601    0.054247    0.000533    0.055208    0.000887    0.052590    0.000865    0.054862    0.000511    0.054603    0.000473    0.054891    0.000896    0.052824    0.000550
    0.017437    0.000494    0.017551    0.000348    0.017363    0.000286    0.017480    0.000483    0.016805    0.000463    0.017495    0.000257    0.017426    0.000248    0.018210    0.000500    0.017262    0.000287
    0.008158    0.000299    0.007882    0.000209    0.007608    0.000165    0.008061    0.000316    0.008202    0.000319    0.007951    0.000140    0.008275    0.000162    0.008296    0.000304    0.008395    0.000194
    0.002407    0.000137    0.002057    0.000072    0.001996    0.000067    0.002215    0.000137    0.001985    0.000117    0.002155    0.000054    0.002194    0.000093    0.002312    0.000144    0.002181    0.000075

LTF::DoLiTeFit(). Fit done. Result:  175.325Johannes Inverse matrix of W
 0.000373452 -8.87722e-06  3.56182e-06  4.20772e-07  1.32436e-06 -1.31017e-06 -6.05943e-08  6.19946e-07 -2.67925e-07
-8.87722e-06  0.000131239 -3.29969e-06 -1.11394e-06  6.11918e-07 -3.78427e-07 -4.72422e-07 -1.68733e-07  2.78267e-07
 3.56182e-06 -3.29969e-06  4.62889e-05 -1.63334e-06  4.72694e-07  8.89094e-08 -2.93824e-08  1.13642e-07  1.39976e-08
 4.20772e-07 -1.11394e-06 -1.63334e-06   1.7178e-05 -1.21697e-06    3.309e-07  -4.8939e-08 -6.52641e-08  6.05852e-08
 1.32436e-06  6.11918e-07  4.72694e-07 -1.21697e-06  6.62939e-06 -6.44619e-07  1.12659e-07  1.86622e-08 -1.40465e-08
-1.31017e-06 -3.78427e-07  8.89094e-08    3.309e-07 -6.44619e-07  3.40848e-06 -3.19479e-07  1.73992e-08 -6.71824e-09
-6.05943e-08 -4.72422e-07 -2.93824e-08  -4.8939e-08  1.12659e-07 -3.19479e-07  1.17308e-06 -9.61144e-08 -1.82316e-09
 6.19946e-07 -1.68733e-07  1.13642e-07 -6.52641e-08  1.86622e-08  1.73992e-08 -9.61144e-08  5.09108e-07 -4.74609e-08
-2.67925e-07  2.78267e-07  1.39976e-08  6.05852e-08 -1.40465e-08 -6.71824e-09 -1.82316e-09 -4.74609e-08  1.47547e-07
  +/- 2.35438 (fit)  +/- 2.29906 (ext)  +/- 0.292861 (tmpl)  +/- 0 (MatA)   [chi^2=1.50214]

------------------------------------------------------------------------
        Result of the 1-dimensional linear template fit
        ```````````````````````````````````````````````
  LTF. Result[0]:   175.325  +/- 2.35438 (fit)  +/- 2.29906 (ext)

  LTF. Result[0]:   175.325472
                             +/-  1.017054 (STAT_DATA)
                             +/-  0.149396 (STAT_MC)
                             +/-  0.571975 (pseudoDataStat)
                             +/-  0.024679 (EG_RESOLUTION_ALL)
                             +/-  0.723550 (EG_SCALE_ALL)
                             +/-  0.316338 (EL_EFF_ID_TOTAL_1NPCOR_PLUS_UNCOR)
                             +/- -0.081568 (EL_EFF_Iso_TOTAL_1NPCOR_PLUS_UNCOR)
                             +/- -0.098472 (EL_EFF_Reco_TOTAL_1NPCOR_PLUS_UNCOR)
                             +/- -0.000000 (EL_EFF_TriggerEff_TOTAL_1NPCOR_PLUS_UNCOR)
                             +/- -0.000000 (EL_EFF_Trigger_TOTAL_1NPCOR_PLUS_UNCOR)
                             +/-  0.263110 (FAKES_Electron)
                             +/- -0.032813 (FAKES_Muon)
                             +/- -0.104613 (FT_EFF_Eigen_B_0)
                             +/-  0.251430 (FT_EFF_Eigen_B_1)
                             +/- -0.054139 (FT_EFF_Eigen_B_2)
                             +/- -0.054945 (FT_EFF_Eigen_B_3)
                             +/- -0.010314 (FT_EFF_Eigen_B_4)
                             +/-  0.001735 (FT_EFF_Eigen_B_5)
                             +/-  0.000036 (FT_EFF_Eigen_B_6)
                             +/- -0.000004 (FT_EFF_Eigen_B_7)
                             +/-  0.000001 (FT_EFF_Eigen_B_8)
                             +/- -0.057424 (FT_EFF_Eigen_C_0)
                             +/-  0.037460 (FT_EFF_Eigen_C_1)
                             +/- -0.013718 (FT_EFF_Eigen_C_2)
                             +/-  0.001600 (FT_EFF_Eigen_C_3)
                             +/-  0.078950 (FT_EFF_Eigen_Light_0)
                             +/-  0.009267 (FT_EFF_Eigen_Light_1)
                             +/-  0.002483 (FT_EFF_Eigen_Light_2)
                             +/-  0.002680 (FT_EFF_Eigen_Light_3)
                             +/-  0.006170 (FT_EFF_extrapolation)
                             +/-  0.003150 (FT_EFF_extrapolation_from_charm)
                             +/- -0.045208 (JET_EffectiveNP_Detector1)
                             +/- -0.005044 (JET_EffectiveNP_Detector2)
                             +/- -0.037185 (JET_EffectiveNP_Mixed1)
                             +/- -0.091208 (JET_EffectiveNP_Mixed2)
                             +/- -0.030172 (JET_EffectiveNP_Mixed3)
                             +/- -0.714767 (JET_EffectiveNP_Modelling1)
                             +/- -0.008348 (JET_EffectiveNP_Modelling2)
                             +/-  0.039394 (JET_EffectiveNP_Modelling3)
                             +/- -0.011459 (JET_EffectiveNP_Modelling4)
                             +/-  0.002597 (JET_EffectiveNP_Statistical1)
                             +/- -0.072564 (JET_EffectiveNP_Statistical2)
                             +/-  0.003373 (JET_EffectiveNP_Statistical3)
                             +/-  0.013632 (JET_EffectiveNP_Statistical4)
                             +/- -0.012558 (JET_EffectiveNP_Statistical5)
                             +/- -0.016907 (JET_EffectiveNP_Statistical6)
                             +/- -0.427644 (JET_EtaIntercalibration_Modelling)
                             +/- -0.134297 (JET_EtaIntercalibration_NonClosure_2018data)
                             +/-  0.000083 (JET_EtaIntercalibration_NonClosure_highE)
                             +/- -0.004385 (JET_EtaIntercalibration_NonClosure_negEta)
                             +/- -0.005026 (JET_EtaIntercalibration_NonClosure_posEta)
                             +/- -0.135900 (JET_EtaIntercalibration_TotalStat)
                             +/-  0.000331 (JET_Flavor_Composition_prop)
                             +/-  0.010623 (JET_Flavor_Response_prop)
                             +/- -0.099771 (JET_JER_DataVsMC_MC16_PseudoData)
                             +/- -0.062741 (JET_JER_EffectiveNP_10_PseudoData)
                             +/-  0.015257 (JET_JER_EffectiveNP_11_PseudoData)
                             +/- -0.072365 (JET_JER_EffectiveNP_12restTerm_PseudoData)
                             +/- -0.260709 (JET_JER_EffectiveNP_1_PseudoData)
                             +/- -0.308827 (JET_JER_EffectiveNP_2_PseudoData)
                             +/- -0.232287 (JET_JER_EffectiveNP_3_PseudoData)
                             +/-  0.010240 (JET_JER_EffectiveNP_4_PseudoData)
                             +/- -0.132178 (JET_JER_EffectiveNP_5_PseudoData)
                             +/- -0.184946 (JET_JER_EffectiveNP_6_PseudoData)
                             +/-  0.002083 (JET_JER_EffectiveNP_7_PseudoData)
                             +/-  0.033970 (JET_JER_EffectiveNP_8_PseudoData)
                             +/- -0.109132 (JET_JER_EffectiveNP_9_PseudoData)
                             +/- -0.109899 (JET_JvtEfficiency)
                             +/- -0.146082 (JET_Pileup_OffsetMu)
                             +/- -0.386122 (JET_Pileup_OffsetNPV)
                             +/- -0.112097 (JET_Pileup_PtTerm)
                             +/- -1.246624 (JET_Pileup_RhoTopology)
                             +/-  0.001311 (JET_PunchThrough_MC16)
                             +/-  0.098223 (LUMINOSITY)
                             +/-  0.139876 (MET_SoftTrk_ResoPara)
                             +/-  0.088244 (MET_SoftTrk_ResoPerp)
                             +/-  0.129141 (MET_SoftTrk_Scale)
                             +/-  0.000000 (MUON_EFF_BADMUON_SYS)
                             +/-  0.198372 (MUON_EFF_ISO_STAT)
                             +/- -0.025348 (MUON_EFF_ISO_SYS)
                             +/- -0.002498 (MUON_EFF_RECO_STAT)
                             +/-  0.175035 (MUON_EFF_RECO_SYS)
                             +/-  0.033138 (MUON_EFF_TTVA_STAT)
                             +/-  0.042057 (MUON_EFF_TTVA_SYS)
                             +/- -0.011874 (MUON_EFF_TrigStatUncertainty)
                             +/- -0.026018 (MUON_EFF_TrigSystUncertainty)
                             +/-  0.008070 (MUON_SAGITTA_DATASTAT)
                             +/-  0.016488 (MUON_SAGITTA_RESBIAS)
                             +/- -0.277017 (PRW_DATASF)
                             +/-  0.092190 (THEORY_CROSS_SECTION_Wjets)
                             +/-  0.033427 (THEORY_CROSS_SECTION_other_top_noWt)
                             +/-  0.009288 (THEORY_CROSS_SECTION_signal)
                             +/-  0.001407 (THEORY_DR_DS_signal)
                             +/-  0.004992 (THEORY_EWK_Wjets)
                             +/-  0.000561 (THEORY_EWK_multiboson_noW)
                             +/- -0.071024 (THEORY_FSR_signal)
                             +/- -0.161313 (THEORY_HDAMP_signal)
                             +/-  0.229728 (THEORY_ISR_signal)
                             +/-  0.036486 (THEORY_PDF4LHC_VARIATION_Wjets)
                             +/-  0.016426 (THEORY_PDF4LHC_VARIATION_multiboson_noW)
                             +/-  0.005569 (THEORY_PDF4LHC_VARIATION_signal)
                             +/- -0.163056 (THEORY_PTHARD_signal)
                             +/-  0.116346 (THEORY_SCALE_COMBINED_Wjets)
                             +/-  0.062477 (THEORY_SCALE_COMBINED_multiboson_noW)
                             +/-  0.028688 (THEORY_SCALE_FACTORISATION_signal)
                             +/-  0.043964 (THEORY_SCALE_RENORMALISATION_signal)
                             +/-  0.386845 (THEORY_SHOWERING_HERWIG7_signal)
                             +/-  0.084857 (THEORY_TOPRECOIL_signal)
                             +/-  0.225340 (THEORY_TOP_MASS_signal)
                             +/-  0.027227 (WMASS_VAR_signal)

                             +/- -0.940155 (FULL_SYS_SUM)
                             +/- -1.085634 (FULL_SYS_SUM_DETECTOR)
                             +/-  0.342208 (FULL_SYS_SUM_THEORY)
                             +/- -0.940155 (FULL_SYS_TOYS)
                             +/- -0.822592 (TOTAL)
                             +/- -0.820373 (TOTAL_NO_DR_DS)
                             +/- -0.934083 (TOTAL_SYSONLY)
                             +/-  0.292861 (statY)

  Nuisance parameters                  0.015  +/-  0.999  (EG_RESOLUTION_ALL)
                                       0.330  +/-  0.911  (EG_SCALE_ALL)
                                      -0.015  +/-  0.985  (EL_EFF_ID_TOTAL_1NPCOR_PLUS_UNCOR)
                                       0.146  +/-  0.984  (EL_EFF_Iso_TOTAL_1NPCOR_PLUS_UNCOR)
                                       0.033  +/-  0.999  (EL_EFF_Reco_TOTAL_1NPCOR_PLUS_UNCOR)
                                       0.000  +/-  1.000  (EL_EFF_TriggerEff_TOTAL_1NPCOR_PLUS_UNCOR)
                                       0.000  +/-  1.000  (EL_EFF_Trigger_TOTAL_1NPCOR_PLUS_UNCOR)
                                       0.005  +/-  1.000  (MUON_SAGITTA_DATASTAT)
                                       0.025  +/-  0.999  (MUON_SAGITTA_RESBIAS)
                                       0.000  +/-  1.000  (MUON_EFF_BADMUON_SYS)
                                      -0.033  +/-  0.997  (MUON_EFF_ISO_STAT)
                                       0.038  +/-  0.999  (MUON_EFF_ISO_SYS)
                                       0.002  +/-  1.000  (MUON_EFF_RECO_STAT)
                                       0.052  +/-  0.997  (MUON_EFF_RECO_SYS)
                                      -0.015  +/-  1.000  (MUON_EFF_TTVA_STAT)
                                      -0.019  +/-  1.000  (MUON_EFF_TTVA_SYS)
                                       0.013  +/-  1.000  (MUON_EFF_TrigStatUncertainty)
                                       0.028  +/-  0.998  (MUON_EFF_TrigSystUncertainty)
                                       0.002  +/-  1.000  (JET_EffectiveNP_Detector1)
                                       0.002  +/-  1.000  (JET_EffectiveNP_Detector2)
                                       0.006  +/-  1.000  (JET_EffectiveNP_Mixed1)
                                       0.008  +/-  1.000  (JET_EffectiveNP_Mixed2)
                                       0.007  +/-  1.000  (JET_EffectiveNP_Mixed3)
                                      -0.008  +/-  0.992  (JET_EffectiveNP_Modelling1)
                                      -0.007  +/-  1.000  (JET_EffectiveNP_Modelling2)
                                      -0.016  +/-  1.000  (JET_EffectiveNP_Modelling3)
                                       0.006  +/-  1.000  (JET_EffectiveNP_Modelling4)
                                       0.005  +/-  1.000  (JET_EffectiveNP_Statistical1)
                                       0.008  +/-  1.000  (JET_EffectiveNP_Statistical2)
                                       0.003  +/-  1.000  (JET_EffectiveNP_Statistical3)
                                      -0.006  +/-  1.000  (JET_EffectiveNP_Statistical4)
                                       0.011  +/-  1.000  (JET_EffectiveNP_Statistical5)
                                       0.007  +/-  1.000  (JET_EffectiveNP_Statistical6)
                                      -0.046  +/-  0.993  (JET_EtaIntercalibration_Modelling)
                                      -0.011  +/-  1.000  (JET_EtaIntercalibration_NonClosure_2018data)
                                      -0.000  +/-  1.000  (JET_EtaIntercalibration_NonClosure_highE)
                                       0.002  +/-  1.000  (JET_EtaIntercalibration_NonClosure_negEta)
                                       0.001  +/-  1.000  (JET_EtaIntercalibration_NonClosure_posEta)
                                       0.001  +/-  0.999  (JET_EtaIntercalibration_TotalStat)
                                      -0.000  +/-  1.000  (JET_Flavor_Composition_prop)
                                       0.005  +/-  1.000  (JET_Flavor_Response_prop)
                                      -0.033  +/-  0.998  (JET_Pileup_OffsetMu)
                                      -0.054  +/-  0.988  (JET_Pileup_OffsetNPV)
                                       0.009  +/-  0.999  (JET_Pileup_PtTerm)
                                      -0.019  +/-  0.927  (JET_Pileup_RhoTopology)
                                      -0.000  +/-  1.000  (JET_PunchThrough_MC16)
                                       0.007  +/-  0.998  (JET_JER_DataVsMC_MC16_PseudoData)
                                       0.013  +/-  0.996  (JET_JER_EffectiveNP_1_PseudoData)
                                      -0.054  +/-  0.994  (JET_JER_EffectiveNP_2_PseudoData)
                                       0.012  +/-  0.999  (JET_JER_EffectiveNP_3_PseudoData)
                                       0.032  +/-  0.997  (JET_JER_EffectiveNP_4_PseudoData)
                                       0.078  +/-  0.997  (JET_JER_EffectiveNP_5_PseudoData)
                                       0.033  +/-  0.998  (JET_JER_EffectiveNP_6_PseudoData)
                                      -0.009  +/-  0.997  (JET_JER_EffectiveNP_7_PseudoData)
                                       0.011  +/-  0.999  (JET_JER_EffectiveNP_8_PseudoData)
                                       0.037  +/-  0.998  (JET_JER_EffectiveNP_9_PseudoData)
                                       0.033  +/-  0.999  (JET_JER_EffectiveNP_10_PseudoData)
                                       0.031  +/-  0.998  (JET_JER_EffectiveNP_11_PseudoData)
                                       0.010  +/-  0.999  (JET_JER_EffectiveNP_12restTerm_PseudoData)
                                       0.002  +/-  0.996  (JET_JvtEfficiency)
                                       0.138  +/-  0.988  (PRW_DATASF)
                                      -0.020  +/-  0.998  (MET_SoftTrk_ResoPara)
                                      -0.025  +/-  0.998  (MET_SoftTrk_ResoPerp)
                                      -0.031  +/-  0.998  (MET_SoftTrk_Scale)
                                       0.006  +/-  1.000  (WMASS_VAR_signal)
                                      -0.030  +/-  0.773  (FT_EFF_Eigen_B_0)
                                       0.083  +/-  0.965  (FT_EFF_Eigen_B_1)
                                       0.021  +/-  0.992  (FT_EFF_Eigen_B_2)
                                      -0.015  +/-  1.000  (FT_EFF_Eigen_B_3)
                                       0.002  +/-  1.000  (FT_EFF_Eigen_B_4)
                                       0.001  +/-  1.000  (FT_EFF_Eigen_B_5)
                                      -0.000  +/-  1.000  (FT_EFF_Eigen_B_6)
                                      -0.000  +/-  1.000  (FT_EFF_Eigen_B_7)
                                      -0.000  +/-  1.000  (FT_EFF_Eigen_B_8)
                                       0.014  +/-  0.999  (FT_EFF_Eigen_C_0)
                                       0.000  +/-  1.000  (FT_EFF_Eigen_C_1)
                                      -0.002  +/-  1.000  (FT_EFF_Eigen_C_2)
                                      -0.001  +/-  1.000  (FT_EFF_Eigen_C_3)
                                       0.005  +/-  0.999  (FT_EFF_Eigen_Light_0)
                                      -0.000  +/-  1.000  (FT_EFF_Eigen_Light_1)
                                       0.001  +/-  1.000  (FT_EFF_Eigen_Light_2)
                                       0.000  +/-  1.000  (FT_EFF_Eigen_Light_3)
                                       0.004  +/-  1.000  (FT_EFF_extrapolation)
                                       0.003  +/-  1.000  (FT_EFF_extrapolation_from_charm)
                                       0.011  +/-  1.000  (THEORY_CROSS_SECTION_signal)
                                      -0.041  +/-  0.933  (THEORY_SHOWERING_HERWIG7_signal)
                                      -0.003  +/-  0.999  (THEORY_SCALE_FACTORISATION_signal)
                                       0.048  +/-  0.997  (THEORY_SCALE_RENORMALISATION_signal)
                                      -0.205  +/-  0.939  (THEORY_ISR_signal)
                                      -0.013  +/-  0.963  (THEORY_FSR_signal)
                                       0.004  +/-  0.958  (THEORY_HDAMP_signal)
                                       0.106  +/-  0.980  (THEORY_PTHARD_signal)
                                       0.368  +/-  0.875  (THEORY_TOPRECOIL_signal)
                                       0.018  +/-  0.951  (THEORY_TOP_MASS_signal)
                                       0.006  +/-  0.999  (THEORY_PDF4LHC_VARIATION_signal)
                                       0.114  +/-  0.949  (THEORY_DR_DS_signal)
                                       0.033  +/-  0.997  (THEORY_CROSS_SECTION_Wjets)
                                       0.063  +/-  0.993  (THEORY_SCALE_COMBINED_Wjets)
                                       0.017  +/-  0.999  (THEORY_PDF4LHC_VARIATION_Wjets)
                                       0.005  +/-  1.000  (THEORY_EWK_Wjets)
                                       0.022  +/-  0.998  (THEORY_SCALE_COMBINED_multiboson_noW)
                                       0.004  +/-  1.000  (THEORY_PDF4LHC_VARIATION_multiboson_noW)
                                      -0.000  +/-  1.000  (THEORY_EWK_multiboson_noW)
                                       0.045  +/-  0.995  (THEORY_CROSS_SECTION_other_top_noWt)
                                      -0.003  +/-  0.942  (FAKES_Electron)
                                       0.015  +/-  1.000  (FAKES_Muon)
                                       0.034  +/-  0.981  (LUMINOSITY)

  Correlation matrix 
        1   -0.0105    -0.337    -0.136    0.0352    0.0419  7.23e-15  7.23e-15  -0.00343  -0.00701  -1.1e-14   -0.0845    0.0108   0.00106   -0.0746   -0.0141   -0.0179   0.00505    0.0111    0.0192   0.00214    0.0158    0.0388    0.0128     0.306   0.00355   -0.0167   0.00487   -0.0011    0.0308  -0.00143  -0.00579   0.00533   0.00718     0.183    0.0571 -3.54e-05   0.00186   0.00213    0.0578 -0.000141  -0.00451    0.0622     0.166    0.0476     0.571 -0.000557    0.0424     0.111     0.132    0.0988  -0.00436    0.0563    0.0787 -0.000888   -0.0144    0.0464    0.0267  -0.00649    0.0308    0.0469     0.119   -0.0596   -0.0375    -0.055   -0.0116    0.0575    -0.111    0.0232    0.0233   0.00438 -0.000737 -1.53e-05   1.9e-06 -4.89e-07    0.0244   -0.0159   0.00583  -0.00068   -0.0336  -0.00394  -0.00105  -0.00114  -0.00262  -0.00134  -0.00395    -0.176   -0.0122   -0.0187    -0.104    0.0313    0.0715    0.0707   -0.0412    -0.101  -0.00237  -0.00063   -0.0393   -0.0498   -0.0155  -0.00212   -0.0266  -0.00698 -0.000238   -0.0143    -0.119    0.0139   -0.0425
  -0.0105         1  -0.00858 -0.000489  -0.00397 -0.000713 -6.11e-16 -6.11e-16  -0.00019 -0.000878 -2.34e-16  0.000328 -0.000637 -5.96e-05  -0.00109  0.000103   0.00013 -0.000349 -0.000722 -0.000101  -8.7e-05 -0.000308 -0.000474 -0.000117  -0.00123  0.000271  0.000207 -0.000184 -0.000189  -0.00035 -0.000159  1.65e-05 -0.000103 -0.000123 -0.000351 -9.56e-05 -6.28e-07  -8.5e-05  4.51e-06 -0.000171 -1.34e-06 -0.000114 -1.95e-05 -0.000749 -0.000807  -0.00207 -2.29e-05 -0.000139  -0.00052 -0.000375  -0.00101  -0.00175  -0.00175 -0.000563  -0.00172  -0.00074 -0.000187 -4.03e-05 -1.75e-05 -0.000796 -0.000508  -0.00118  0.000443  0.000511  0.000273 -0.000284  -0.00364   -0.0032  -0.00097 -0.000259 -1.17e-05 -2.15e-06  1.93e-08  2.99e-08  2.42e-09 -0.000447 -0.000137   4.2e-05  2.08e-05 -0.000287   7.5e-06 -7.71e-07 -7.72e-07  -5.8e-06  -0.00018 -8.44e-05 -0.000324  0.000599 -0.000674    0.0024  -0.00361 -0.000902 -0.000201  -0.00106  -0.00588 -0.000401 -0.000163 -0.000996  -0.00195 -0.000621 -6.76e-05 -0.000643 -9.57e-05 -3.66e-06  -0.00125 -1.97e-06 -0.000168  -0.00174
   -0.337  -0.00858         1   -0.0444   -0.0787    -0.016  -8.9e-15  -8.9e-15  -0.00069  -0.00695  -7.7e-15   0.00424   -0.0208  -0.00174   -0.0278   0.00326   0.00414   -0.0103   -0.0216 -0.000823 -0.000855  -0.00317  -0.00241  -0.00173   -0.0314   0.00286   0.00238    -0.002  -0.00188  -0.00487  -0.00162  0.000632  -0.00311  -0.00214  -0.00831  0.000975 -3.21e-05 -0.000611 -0.000463  -0.00469 -4.04e-05  -0.00223  -0.00303  -0.00992  -0.00633   -0.0796 -0.000288     -0.01   -0.0201  -0.00677   -0.0129   -0.0156   -0.0231   -0.0177  -0.00767  -0.00526   -0.0199   -0.0109   -0.0102   -0.0114    -0.018   -0.0394   0.00467   0.00551   0.00549  -0.00591    -0.138   -0.0897   -0.0307  0.000444 -0.000539 -0.000253 -1.95e-06 -5.39e-07 -9.82e-08  -0.00873   -0.0039 -1.19e-05  0.000337   -0.0111 -0.000599 -0.000787 -0.000125  -0.00126  -0.00355  -0.00477   -0.0301   0.00355   -0.0256    0.0341   -0.0427   -0.0699   -0.0205   -0.0973   -0.0541  -0.00752   -0.0261   -0.0253   -0.0387   -0.0111  -0.00166   -0.0165  -0.00361  -4.1e-06   -0.0354   -0.0106  -0.00489   -0.0533
   -0.136 -0.000489   -0.0444         1   -0.0168  -0.00308 -8.93e-16 -8.93e-16  0.000134  2.79e-06    -5e-16  -0.00331  -0.00465 -0.000526  -0.00836 -0.000695 -0.000873  -0.00316  -0.00667  1.81e-05 -7.82e-06  -0.00118  0.000877 -3.31e-05   -0.0154 -4.86e-05  -0.00108 -0.000131 -0.000369 -0.000438  -0.00019 -0.000546 -9.96e-06 -0.000127   -0.0104  -0.00181 -1.55e-05  4.23e-05 -0.000259  -0.00238 -1.78e-05 -0.000809  -0.00572   -0.0108  -0.00165   -0.0412 -0.000186  -0.00678   -0.0122   -0.0116  -0.00457  0.000748   0.00205   -0.0056  -0.00474  0.000838  -0.00697 -6.94e-05 -0.000762  -0.00439    -0.009   0.00147  -0.00127  -0.00149  -0.00233  -0.00234   -0.0778   -0.0322   -0.0123  -0.00177 -5.35e-05 -2.52e-05 -2.63e-06 -4.13e-07  -6.2e-08  -0.00321  -0.00173 -0.000444 -4.17e-06  -0.00532  -0.00035  -0.00042 -8.14e-05   -0.0008  -0.00127  -0.00205   -0.0293  -0.00163  -0.00571   -0.0252   -0.0186   -0.0407  -0.00672   0.00181    -0.021   -0.0037   -0.0138   -0.0105   -0.0141  -0.00428 -0.000822  -0.00692  -0.00205 -5.83e-05   -0.0138   -0.0268 -0.000219   -0.0223
   0.0352  -0.00397   -0.0787   -0.0168         1   -0.0064 -4.57e-15 -4.57e-15  -0.00037  -0.00338 -3.73e-15   0.00164  -0.00731 -0.000618   -0.0116   0.00116   0.00148  -0.00364  -0.00765 -3.33e-05 -0.000311 -0.000941 -0.000464 -0.000622  -0.00983   0.00185   0.00147  -0.00076 -0.000628  -0.00158 -0.000684  0.000441  -0.00107 -0.000803  -0.00115  0.000519 -9.98e-06 -0.000265 -0.000144  -0.00135 -7.54e-06  -0.00075 -0.000136  -0.00124  -0.00346   -0.0228 -0.000113  -0.00568  -0.00866  -0.00066  -0.00524  -0.00545   -0.0095  -0.00767  -0.00627   -0.0013  -0.00794  -0.00228   -0.0022   -0.0056  -0.00583   -0.0128    0.0024   0.00247   0.00238  -0.00223   -0.0445   -0.0326   -0.0106 -1.42e-05 -0.000159 -7.47e-05  2.41e-08  3.47e-08 -1.78e-08  -0.00342  -0.00136  0.000107  0.000152  -0.00387 -0.000153 -0.000229 -3.06e-05 -0.000311   -0.0014  -0.00159  -0.00309   0.00218   -0.0102   0.00765   -0.0109   -0.0294  -0.00646   -0.0227    -0.017  -0.00276  -0.00782  -0.00928   -0.0158  -0.00427  -0.00056  -0.00569  -0.00125  2.52e-06   -0.0127  -0.00123  -0.00175   -0.0187
   0.0419 -0.000713    -0.016  -0.00308   -0.0064         1 -8.16e-16 -8.16e-16 -5.49e-05 -0.000633 -5.13e-16   0.00154  -0.00142 -0.000102  -0.00162  0.000511  0.000648   -0.0006  -0.00125 -6.69e-05 -8.64e-05 -0.000402  -0.00026 -0.000122  -0.00107  0.000443  0.000489 -0.000226 -0.000172 -0.000152 -0.000146  9.64e-05 -0.000329 -0.000247  0.000934  0.000231 -2.93e-06 -6.02e-05 -6.67e-05  7.83e-05 -2.58e-06 -0.000189  0.000642   0.00138 -0.000892 -0.000904 -1.96e-05 -0.000888  -0.00165   0.00026  -0.00115 -0.000929  -0.00164  -0.00105 -0.000351 -0.000191  -0.00153 -0.000939 -0.000542  -0.00103 -0.000267  -0.00456   0.00145   0.00129   0.00135 -0.000505   0.00049  -0.00437 -0.000745 -7.88e-05 -4.97e-05  -1.4e-05 -4.36e-08 -6.22e-08 -2.38e-09  -0.00111 -0.000128 -7.72e-06  5.02e-05 -0.000551  3.66e-05 -4.02e-05 -6.76e-07 -0.000116 -0.000248 -0.000461  -0.00136  0.000468  -0.00165   0.00606  -0.00324  -0.00676  -0.00281  -0.00489  -0.00484 -0.000817  -0.00296  -0.00202  -0.00327  -0.00103 -0.000194  -0.00134 -0.000338  9.76e-07   -0.0027  -0.00101 -0.000585  -0.00188
 7.23e-15 -6.11e-16  -8.9e-15 -8.93e-16 -4.57e-15 -8.16e-16         1 -8.81e-28 -8.38e-17 -5.86e-16 -7.41e-28  4.47e-16 -6.48e-16 -4.79e-17 -1.42e-15  1.96e-16   2.5e-16 -2.79e-16 -5.77e-16  5.81e-17 -3.23e-17 -7.17e-17  8.41e-18 -1.05e-16 -1.24e-16  4.19e-16  4.16e-16 -9.34e-17 -6.19e-17 -7.85e-17 -8.44e-17  1.43e-16 -1.45e-16 -1.22e-16  8.59e-16  1.65e-16 -3.96e-19 -3.78e-17 -3.66e-18  6.03e-17   1.6e-18 -6.17e-17  5.63e-16  1.17e-15 -6.08e-16  7.41e-16 -1.54e-17  -9.3e-16 -1.07e-15  1.15e-15 -7.02e-16 -6.42e-16 -1.54e-15 -1.09e-15 -1.23e-15  2.15e-17 -9.83e-16  1.14e-16  6.16e-17  -8.2e-16 -7.06e-17 -1.53e-15  5.66e-16  5.06e-16  5.92e-16 -2.05e-16  5.84e-17 -2.39e-15 -5.19e-16  1.06e-16 -1.53e-17 -5.36e-18  2.36e-19  6.32e-20  4.15e-21 -3.73e-16 -6.17e-17  4.66e-17  2.36e-17 -2.01e-16  1.84e-17 -4.71e-19  2.15e-18 -1.21e-17  -1.4e-16 -1.57e-16  1.19e-15  4.91e-16 -1.06e-15  1.54e-15  1.51e-15 -2.77e-15 -9.04e-16  1.26e-16  3.44e-16 -1.85e-16 -1.34e-15 -8.12e-16 -1.88e-15 -4.95e-16 -5.24e-17 -4.34e-16 -7.41e-17  2.04e-18 -1.02e-15  6.35e-16 -2.23e-16 -1.03e-15
 7.23e-15 -6.11e-16  -8.9e-15 -8.93e-16 -4.57e-15 -8.16e-16 -8.81e-28         1 -8.38e-17 -5.86e-16 -7.41e-28  4.47e-16 -6.48e-16 -4.79e-17 -1.42e-15  1.96e-16   2.5e-16 -2.79e-16 -5.77e-16  5.81e-17 -3.23e-17 -7.17e-17  8.41e-18 -1.05e-16 -1.24e-16  4.19e-16  4.16e-16 -9.34e-17 -6.19e-17 -7.85e-17 -8.44e-17  1.43e-16 -1.45e-16 -1.22e-16  8.59e-16  1.65e-16 -3.96e-19 -3.78e-17 -3.66e-18  6.03e-17   1.6e-18 -6.17e-17  5.63e-16  1.17e-15 -6.08e-16  7.41e-16 -1.54e-17  -9.3e-16 -1.07e-15  1.15e-15 -7.02e-16 -6.42e-16 -1.54e-15 -1.09e-15 -1.23e-15  2.15e-17 -9.83e-16  1.14e-16  6.16e-17  -8.2e-16 -7.06e-17 -1.53e-15  5.66e-16  5.06e-16  5.92e-16 -2.05e-16  5.84e-17 -2.39e-15 -5.19e-16  1.06e-16 -1.53e-17 -5.36e-18  2.36e-19  6.32e-20  4.15e-21 -3.73e-16 -6.17e-17  4.66e-17  2.36e-17 -2.01e-16  1.84e-17 -4.71e-19  2.15e-18 -1.21e-17  -1.4e-16 -1.57e-16  1.19e-15  4.91e-16 -1.06e-15  1.54e-15  1.51e-15 -2.77e-15 -9.04e-16  1.26e-16  3.44e-16 -1.85e-16 -1.34e-15 -8.12e-16 -1.88e-15 -4.95e-16 -5.24e-17 -4.34e-16 -7.41e-17  2.04e-18 -1.02e-15  6.35e-16 -2.23e-16 -1.03e-15
 -0.00343  -0.00019  -0.00069  0.000134  -0.00037 -5.49e-05 -8.38e-17 -8.38e-17         1 -0.000332  9.26e-18 -1.11e-05 -5.47e-05 -7.94e-06 -0.000287 -1.12e-05 -1.41e-05 -4.53e-05 -9.53e-05 -5.38e-05 -1.64e-05 -0.000171 -0.000178  -6.2e-05 -0.000206 -5.64e-05  2.38e-05 -6.58e-05 -0.000106 -7.87e-05 -2.53e-05 -1.31e-05 -2.09e-05 -3.75e-05 -0.000197  -0.00014   2.3e-07 -2.32e-05 -3.32e-06 -9.74e-05 -9.27e-08 -7.93e-05 -1.71e-05 -0.000337 -0.000167 -0.000511 -4.35e-06  4.49e-05 -0.000104  -0.00019 -0.000266   -0.0004 -0.000392 -7.66e-05 -0.000388 -0.000239  5.21e-05 -8.04e-06 -6.05e-05 -7.22e-05 -0.000132 -0.000171 -5.33e-05  3.64e-05 -5.95e-05 -5.87e-05   -0.0011 -0.000437 -0.000187  -5.8e-05 -4.64e-06  3.45e-07 -9.56e-08 -4.86e-09 -3.98e-10 -0.000123 -1.98e-06 -6.12e-07 -8.53e-07 -4.14e-05   4.2e-06 -9.31e-06 -3.38e-06 -7.81e-05 -2.22e-05 -0.000127  -0.00132 -0.000144  4.58e-05  0.000233  -0.00104  0.000732  -0.00129  -0.00267  -0.00213 -0.000153  -0.00199 -0.000383 -0.000615 -0.000256 -9.94e-05 -0.000301 -6.83e-05 -3.74e-06 -0.000395  -0.00228 -1.51e-05 -0.000348
 -0.00701 -0.000878  -0.00695  2.79e-06  -0.00338 -0.000633 -5.86e-16 -5.86e-16 -0.000332         1 -1.88e-16  0.000515 -0.000475 -4.22e-05  -0.00129  0.000134  0.000171 -0.000242 -0.000505 -0.000104 -7.48e-05 -0.000429 -0.000486 -0.000165 -0.000442  8.66e-05  0.000275  -0.00025 -0.000285 -0.000293  -0.00013  4.96e-05 -0.000135 -0.000158  0.000212 -0.000144  3.55e-08 -9.19e-05 -9.75e-06 -0.000153 -3.72e-07 -0.000233  0.000235 -0.000186 -0.000836 -0.000274 -1.39e-05 -0.000282  -0.00015  2.87e-05 -0.000938  -0.00127  -0.00171 -0.000412  -0.00155 -0.000708 -7.57e-05 -0.000129  3.55e-05 -0.000593 -0.000205  -0.00164  0.000348  0.000549  0.000343 -0.000251  -0.00076  -0.00206 -0.000478 -0.000207 -1.76e-05 -4.21e-07    -9e-08   1.2e-08  2.17e-09 -0.000587 -1.33e-05  3.51e-05  2.17e-05 -0.000151  3.12e-05 -2.07e-05 -4.09e-06 -0.000176  -0.00014 -0.000386  -0.00105   3.8e-05 -0.000806   0.00152  -0.00298 -0.000429  -0.00358  -0.00788  -0.00692 -0.000585   -0.0048  -0.00128  -0.00214 -0.000822 -0.000274 -0.000903 -0.000172 -6.38e-06  -0.00149   -0.0044 -0.000217  -0.00105
 -1.1e-14 -2.34e-16  -7.7e-15    -5e-16 -3.73e-15 -5.13e-16 -7.41e-28 -7.41e-28  9.26e-18 -1.88e-16         1 -4.73e-16 -8.01e-16 -6.29e-17 -1.66e-15   5.8e-17  7.42e-17 -3.68e-16 -7.76e-16  1.09e-16  1.22e-17  2.26e-16  2.53e-16 -1.07e-16 -5.74e-16  2.37e-16  2.18e-16  3.46e-17  4.64e-17  -1.6e-16  -1.4e-17  1.57e-16 -1.05e-16 -4.22e-17   1.6e-16  2.29e-16  3.51e-19  3.81e-18  2.35e-17 -1.87e-16  2.28e-18  1.71e-17  1.63e-16  3.15e-16  7.23e-17 -2.24e-15  -5.2e-18 -7.58e-16 -8.49e-16  1.37e-15 -1.76e-16 -4.42e-16 -1.57e-15  -1.4e-15 -5.55e-16   1.3e-16 -1.21e-15  1.53e-17 -3.78e-16 -4.09e-16 -7.14e-16  -7.4e-16 -3.42e-16 -2.54e-16  -1.7e-17 -4.76e-17 -6.76e-15 -3.58e-15 -1.55e-15     5e-16 -1.42e-17 -1.49e-17  2.83e-19  8.63e-20 -3.43e-23  1.94e-16 -1.52e-16  5.77e-17  1.02e-18 -3.15e-16 -5.19e-17 -1.07e-17 -3.18e-18   3.6e-17 -9.48e-17 -2.06e-17  1.43e-15  2.78e-16 -1.31e-15  -8.1e-17  4.01e-15 -8.57e-16  3.84e-16 -2.75e-15   4.8e-15   2.9e-16 -1.05e-16 -3.16e-16    -1e-15 -8.73e-17  6.61e-17 -6.33e-17  4.97e-17  6.65e-18  -5.4e-16  2.55e-15 -7.78e-17 -2.22e-15
  -0.0845  0.000328   0.00424  -0.00331   0.00164   0.00154  4.47e-16  4.47e-16 -1.11e-05  0.000515 -4.73e-16         1 -0.000463 -0.000139  -0.00284  -0.00151  -0.00191 -0.000838   -0.0018    0.0001  0.000138  0.000805  0.000655 -7.48e-06  -0.00633 -0.000943  -0.00151  0.000424  0.000157 -0.000846  0.000123 -0.000287  0.000591  0.000471  -0.00797  -0.00104  3.37e-06  8.31e-05  0.000139  -0.00215  7.14e-07   0.00013   -0.0043   -0.0105   0.00176   -0.0248  -9.5e-06 -0.000296  -0.00104  -0.00447  0.000733 -0.000671  2.78e-05    -0.002  -0.00247 -0.000503 -0.000404   0.00147 -0.000662   0.00028  -0.00557   0.00985  -0.00545   -0.0045  -0.00504  0.000212   -0.0564   -0.0123  -0.00796  0.000342  6.95e-05 -1.41e-05 -4.13e-07  1.71e-07 -2.22e-08   0.00211 -0.000863  1.94e-05 -0.000129  -0.00155 -0.000403 -8.93e-05 -4.38e-05  0.000126  -0.00012  0.000575  -0.00346  -0.00113  -0.00103   -0.0216   0.00039   0.00537   0.00677  -0.00382   0.00448   0.00115   0.00548  0.000177  0.000461  0.000769   0.00033  0.000359  0.000187 -9.33e-06 -7.37e-05 -0.000437   0.00124   -0.0111
   0.0108 -0.000637   -0.0208  -0.00465  -0.00731  -0.00142 -6.48e-16 -6.48e-16 -5.47e-05 -0.000475 -8.01e-16 -0.000463         1 -0.000221  -0.00319  0.000205  0.000259   -0.0013  -0.00275 -0.000173 -7.54e-05 -0.000235 -0.000301 -0.000207  -0.00428  1.12e-05 -4.12e-05 -0.000142 -0.000205 -0.000716  -0.00014 -2.52e-05 -0.000303 -0.000166  -0.00219 -2.71e-05 -2.21e-06 -4.53e-05 -4.78e-05 -0.000929 -4.52e-06   -0.0002 -0.000832  -0.00275 -1.73e-05   -0.0133 -4.16e-06 -0.000427  -0.00226  -0.00173 -0.000838  -0.00199  -0.00267  -0.00212 -2.35e-05 -0.000795  -0.00232  -0.00164  -0.00202 -0.000781  -0.00294  -0.00384 -0.000377 -6.81e-05  -0.00021 -0.000551   -0.0246   -0.0117  -0.00476  0.000304 -6.07e-05 -3.81e-05 -2.52e-07 -6.24e-08 -1.75e-08  -0.00051 -0.000558 -6.18e-06  1.28e-05  -0.00142 -0.000145 -0.000103 -2.26e-05 -0.000101 -0.000336 -0.000332  -0.00312 -5.96e-05  -0.00267   0.00381  -0.00623  -0.00412  -0.00106    -0.016  -0.00513 -0.000497 -0.000912  -0.00259  -0.00399  -0.00091 -0.000105  -0.00168 -0.000392  3.98e-06  -0.00375 -2.15e-06  -0.00039  -0.00761
  0.00106 -5.96e-05  -0.00174 -0.000526 -0.000618 -0.000102 -4.79e-17 -4.79e-17 -7.94e-06 -4.22e-05 -6.29e-17 -0.000139 -0.000221         1  -0.00032 -9.59e-06 -1.21e-05 -0.000126 -0.000266 -1.47e-05 -5.16e-06 -1.92e-05 -2.06e-05 -1.73e-05 -0.000497  -1.3e-05 -2.95e-05 -8.52e-06  -1.9e-05 -7.29e-05 -1.19e-05    -1e-05 -1.46e-05  -7.7e-06 -0.000338 -3.08e-05  -1.9e-07 -3.48e-06 -2.79e-06 -0.000114 -4.47e-07 -1.92e-05 -0.000154 -0.000428  4.65e-06  -0.00156 -1.56e-06 -5.83e-05 -0.000237 -0.000267 -8.69e-05 -0.000182 -0.000206 -0.000208 -8.16e-05 -7.87e-05   -0.0002 -0.000103 -0.000163 -8.06e-05 -0.000345 -0.000145 -0.000107 -6.93e-05 -9.86e-05 -5.23e-05  -0.00303  -0.00122 -0.000531  1.17e-05 -3.84e-06 -3.07e-06    -4e-08 -4.37e-09 -1.89e-09 -2.94e-05 -6.28e-05 -2.03e-06 -7.43e-07 -0.000154 -1.78e-05 -1.09e-05 -2.73e-06 -1.04e-05 -3.42e-05 -2.74e-05 -0.000448 -2.45e-05 -0.000235 -0.000105 -0.000643 -0.000392 -2.76e-05  -0.00128  -0.00056 -4.57e-05 -6.96e-05 -0.000252 -0.000377 -8.57e-05  -9.1e-06 -0.000162 -3.79e-05 -2.49e-07 -0.000358 -0.000172 -1.32e-05  -0.00084
  -0.0746  -0.00109   -0.0278  -0.00836   -0.0116  -0.00162 -1.42e-15 -1.42e-15 -0.000287  -0.00129 -1.66e-15  -0.00284  -0.00319  -0.00032         1 -0.000322 -0.000405  -0.00189    -0.004 -4.57e-06 -3.35e-05 -0.000108  0.000122  -0.00032  -0.00699 -8.25e-05 -0.000249 -0.000134 -0.000285  -0.00107 -0.000161  2.03e-05 -0.000162 -0.000105   -0.0046 -0.000459 -1.68e-06 -5.85e-05 -7.35e-06   -0.0018 -2.46e-06 -0.000372  -0.00228  -0.00602 -0.000259   -0.0224 -3.81e-05  -0.00239   -0.0038  -0.00263  -0.00156  -0.00209   -0.0037  -0.00405  -0.00316 -0.000809  -0.00344 -0.000505  -0.00156  -0.00172  -0.00534 -0.000603  -0.00226  -0.00153  -0.00183 -0.000762    -0.048   -0.0192  -0.00845  0.000307 -4.06e-05 -4.06e-05 -4.42e-07  5.45e-08 -2.33e-08 -0.000355 -0.000926  2.55e-05 -1.37e-05  -0.00237 -0.000275 -0.000177 -4.37e-05 -0.000268 -0.000581 -0.000682  -0.00526 -0.000533  -0.00474  -0.00892  -0.00423    -0.008  -0.00274   -0.0208  -0.00561 -0.000679  -0.00548  -0.00409  -0.00638  -0.00153 -0.000278  -0.00251 -0.000531 -7.16e-06  -0.00565  -0.00598 -8.79e-05   -0.0134
  -0.0141  0.000103   0.00326 -0.000695   0.00116  0.000511  1.96e-16  1.96e-16 -1.12e-05  0.000134   5.8e-17  -0.00151  0.000205 -9.59e-06 -0.000322         1 -0.000512 -6.13e-05 -0.000135  3.38e-05  3.69e-05  0.000154  0.000161  2.56e-05  -0.00122 -0.000229 -0.000376  0.000102  3.93e-05 -0.000114  3.62e-05 -8.69e-05  0.000187  0.000128  -0.00182 -0.000315  7.41e-07  2.06e-05  3.35e-05 -0.000419  2.19e-07  3.12e-05  -0.00103  -0.00238  0.000316  -0.00472 -7.53e-06 -0.000101 -0.000136  -0.00117   0.00013  5.62e-05  0.000445 -0.000206 -0.000784 -4.92e-05  0.000196  0.000605  0.000168  6.71e-05  -0.00104   0.00294  -0.00121  -0.00104   -0.0012   6.7e-05    -0.011  -0.00176  -0.00137 -6.08e-05  2.47e-05  3.03e-06 -1.43e-07  3.65e-08 -3.73e-09  0.000462 -0.000153 -5.77e-06 -3.15e-05 -0.000259 -7.58e-05 -1.39e-05 -8.67e-06  2.01e-05 -9.75e-06  0.000131  -0.00123  -0.00028   0.00011  -0.00608  0.000108   0.00109   0.00151   0.00167  0.000576  0.000215  0.000998  0.000156   0.00034  0.000181  6.21e-05  0.000143  4.81e-05 -5.15e-06  0.000207  -0.00102  0.000346  -0.00189
  -0.0179   0.00013   0.00414 -0.000873   0.00148  0.000648   2.5e-16   2.5e-16 -1.41e-05  0.000171  7.42e-17  -0.00191  0.000259 -1.21e-05 -0.000405 -0.000512         1 -7.77e-05 -0.000171  4.23e-05  4.67e-05  0.000195  0.000202  3.23e-05  -0.00155 -0.000291 -0.000477  0.000129  4.98e-05 -0.000145  4.58e-05  -0.00011  0.000237  0.000162  -0.00231 -0.000399  9.38e-07  2.61e-05  4.26e-05 -0.000531  2.68e-07  3.97e-05  -0.00131  -0.00302  0.000402  -0.00598 -9.59e-06 -0.000123 -0.000169  -0.00148  0.000164  6.66e-05  0.000562 -0.000259  -0.00099 -6.47e-05  0.000251  0.000764  0.000212  8.67e-05  -0.00132   0.00372  -0.00154  -0.00131  -0.00152  8.51e-05    -0.014  -0.00223  -0.00174 -7.67e-05  3.13e-05  3.81e-06 -1.81e-07  4.61e-08 -4.74e-09  0.000586 -0.000194 -7.29e-06    -4e-05 -0.000328 -9.61e-05 -1.75e-05  -1.1e-05  2.57e-05 -1.22e-05  0.000167  -0.00157 -0.000353  0.000142  -0.00769  0.000132    0.0014   0.00192   0.00211  0.000728  0.000273   0.00127    0.0002  0.000435   0.00023  7.91e-05  0.000182  6.15e-05 -6.52e-06  0.000264  -0.00128  0.000439  -0.00239
  0.00505 -0.000349   -0.0103  -0.00316  -0.00364   -0.0006 -2.79e-16 -2.79e-16 -4.53e-05 -0.000242 -3.68e-16 -0.000838   -0.0013 -0.000126  -0.00189 -6.13e-05 -7.77e-05         1  -0.00158 -8.63e-05    -3e-05 -0.000115 -0.000118 -0.000101  -0.00297  -7.8e-05  -0.00018 -4.88e-05 -0.000112 -0.000429 -6.95e-05 -6.14e-05 -8.44e-05 -4.45e-05  -0.00203 -0.000189 -1.16e-06 -1.99e-05 -1.66e-05 -0.000678 -2.69e-06 -0.000114 -0.000925  -0.00256  2.76e-05  -0.00931 -9.98e-06 -0.000353  -0.00142  -0.00161 -0.000523  -0.00107   -0.0012  -0.00123  -0.00049 -0.000461  -0.00118 -0.000599 -0.000959 -0.000481  -0.00205 -0.000823 -0.000641 -0.000419 -0.000593 -0.000312    -0.018  -0.00721  -0.00315  6.36e-05 -2.25e-05 -1.81e-05 -2.44e-07 -2.69e-08 -1.13e-08 -0.000175 -0.000374 -1.35e-05 -4.77e-06 -0.000919 -0.000106  -6.5e-05 -1.63e-05 -6.27e-05 -0.000203 -0.000164  -0.00276 -0.000147  -0.00138 -0.000697  -0.00381  -0.00237 -0.000151  -0.00742  -0.00331 -0.000274 -0.000427   -0.0015  -0.00224 -0.000511 -5.38e-05 -0.000967 -0.000226  -1.7e-06  -0.00213  -0.00107 -7.48e-05  -0.00499
   0.0111 -0.000722   -0.0216  -0.00667  -0.00765  -0.00125 -5.77e-16 -5.77e-16 -9.53e-05 -0.000505 -7.76e-16   -0.0018  -0.00275 -0.000266    -0.004 -0.000135 -0.000171  -0.00158         1 -0.000182  -6.2e-05 -0.000235 -0.000244 -0.000213  -0.00628 -0.000178  -0.00039 -0.000101 -0.000235  -0.00091 -0.000145 -0.000131 -0.000176 -9.08e-05  -0.00432 -0.000398 -2.41e-06 -4.11e-05 -3.46e-05  -0.00144 -5.67e-06  -0.00024  -0.00197  -0.00545  8.01e-05   -0.0198 -2.02e-05 -0.000739  -0.00298  -0.00341  -0.00108  -0.00225  -0.00252   -0.0026  -0.00101 -0.000974   -0.0025  -0.00128  -0.00204 -0.000996  -0.00436  -0.00171  -0.00139 -0.000912  -0.00128 -0.000653   -0.0383   -0.0153  -0.00669  0.000142 -4.74e-05 -3.84e-05 -5.18e-07 -5.69e-08  -2.4e-08 -0.000355 -0.000792 -2.83e-05 -1.07e-05  -0.00195 -0.000226 -0.000138 -3.46e-05 -0.000134 -0.000428 -0.000346  -0.00578 -0.000332  -0.00294  -0.00159  -0.00804  -0.00496 -0.000332    -0.016  -0.00697  -0.00057 -0.000912  -0.00315  -0.00469  -0.00107 -0.000114  -0.00204 -0.000476 -3.47e-06  -0.00449  -0.00229 -0.000153   -0.0106
   0.0192 -0.000101 -0.000823  1.81e-05 -3.33e-05 -6.69e-05  5.81e-17  5.81e-17 -5.38e-05 -0.000104  1.09e-16    0.0001 -0.000173 -1.47e-05 -4.57e-06  3.38e-05  4.23e-05 -8.63e-05 -0.000182         1 -2.22e-05 -0.000166 -0.000226 -4.22e-05  -0.00038  -6.4e-05 -2.46e-05 -4.63e-05 -8.53e-05 -8.45e-05 -2.51e-05 -5.02e-05 -3.85e-05 -3.38e-05 -0.000333 -0.000111 -2.33e-09 -1.55e-05 -1.32e-05 -9.71e-05 -8.96e-07 -4.16e-05 -2.24e-05 -0.000417 -2.51e-05  -0.00113  2.59e-06  0.000346 -0.000202 -0.000512 -0.000133 -0.000501 -0.000278  1.45e-05  0.000155 -0.000265 -7.91e-06 -0.000297 -0.000364  3.13e-05 -0.000193 -0.000592  6.88e-05  0.000112 -5.61e-06 -6.37e-05  -0.00142  -0.00059 -0.000256 -3.74e-05 -9.17e-06 -2.77e-06 -9.44e-08 -2.77e-08 -2.07e-09  -0.00011 -2.89e-05 -1.22e-05 -5.49e-07 -7.53e-05 -3.09e-06 -7.35e-06 -2.92e-06 -3.21e-05 -8.74e-06 -2.97e-05  -0.00121 -9.75e-05  0.000228   0.00198  -0.00215   0.00104 -0.000414  -0.00221  -0.00212 -0.000108 -0.000387 -0.000303 -0.000499 -0.000155 -4.11e-05 -0.000255 -7.81e-05 -1.27e-06 -0.000354 -0.000817 -4.29e-05 -0.000422
  0.00214  -8.7e-05 -0.000855 -7.82e-06 -0.000311 -8.64e-05 -3.23e-17 -3.23e-17 -1.64e-05 -7.48e-05  1.22e-17  0.000138 -7.54e-05 -5.16e-06 -3.35e-05  3.69e-05  4.67e-05    -3e-05  -6.2e-05 -2.22e-05         1  -5.1e-05  -7.3e-05 -1.11e-05 -6.14e-05  2.16e-05  2.86e-05 -2.52e-05 -2.49e-05 -2.84e-05 -1.67e-05 -2.54e-06 -2.22e-05 -1.93e-05  3.96e-05  4.81e-07 -1.15e-07 -9.13e-06 -3.97e-06  2.96e-06 -2.99e-07 -1.43e-05  4.98e-05  2.64e-05 -7.74e-05 -5.21e-06 -3.76e-07  5.15e-05 -3.04e-05 -5.46e-05 -8.48e-05 -0.000176 -0.000156 -9.59e-08 -3.24e-05 -8.46e-05 -9.62e-06 -8.89e-05 -5.51e-05 -4.99e-05  6.93e-06 -0.000342  0.000121  0.000119  9.35e-05  -3.2e-05  0.000289 -0.000171 -4.55e-06 -2.81e-05 -3.27e-06 -5.66e-07 -4.83e-09 -5.41e-09  7.56e-11 -7.73e-05 -3.57e-06  1.03e-06  3.62e-06 -1.33e-05  4.93e-06 -2.09e-07  2.02e-07 -4.05e-06 -1.27e-05 -1.48e-05 -5.23e-05  4.66e-05 -2.68e-05  0.000785 -0.000639 -4.27e-05 -0.000133 -0.000457 -0.000816 -6.08e-05 -4.46e-05 -0.000112 -0.000196 -6.74e-05 -1.28e-05 -8.29e-05 -1.97e-05 -4.34e-08 -0.000143 -4.83e-06 -3.92e-05 -4.47e-05
   0.0158 -0.000308  -0.00317  -0.00118 -0.000941 -0.000402 -7.17e-17 -7.17e-17 -0.000171 -0.000429  2.26e-16  0.000805 -0.000235 -1.92e-05 -0.000108  0.000154  0.000195 -0.000115 -0.000235 -0.000166  -5.1e-05         1 -0.000463 -0.000122 -0.000699 -2.73e-05  0.000126 -0.000169 -0.000252  1.52e-05 -6.04e-05 -7.19e-05 -0.000126  -0.00015 -0.000195 -0.000328 -1.65e-06 -3.97e-05 -5.01e-05  1.62e-05 -2.58e-06 -0.000207  0.000157  5.77e-05 -0.000563 -0.000341 -2.85e-05  4.14e-05  -0.00104 -0.000734  -0.00101 -0.000739 -0.000223 -1.05e-05 -0.000181 -0.000325 -0.000204 -0.000315 -0.000231 -0.000298  6.41e-05  -0.00164   0.00071  0.000647  0.000505 -0.000304   0.00184 -0.000454  0.000256 -0.000299 -2.77e-05  9.69e-07 -4.36e-07 -1.06e-07 -3.55e-09 -0.000749   1.3e-05 -6.81e-05  9.14e-06  -0.00018  4.92e-05 -3.03e-05 -6.27e-06 -0.000228 -8.04e-05 -0.000445  -0.00658  -0.00024  0.000581    0.0035  -0.00365  -0.00138  -0.00352  -0.00199  -0.00579 -0.000679  -0.00551  -0.00139  -0.00197 -0.000891 -0.000267  -0.00111 -0.000315 -1.26e-05  -0.00152  -0.00647 -0.000205 -0.000132
   0.0388 -0.000474  -0.00241  0.000877 -0.000464  -0.00026  8.41e-18  8.41e-18 -0.000178 -0.000486  2.53e-16  0.000655 -0.000301 -2.06e-05  0.000122  0.000161  0.000202 -0.000118 -0.000244 -0.000226  -7.3e-05 -0.000463         1  -0.00012 -0.000476 -5.74e-05  7.67e-05 -0.000165 -0.000233 -0.000208 -8.88e-05 -7.59e-05 -0.000123 -0.000119 -0.000239 -0.000198 -1.17e-07 -5.92e-05  -2.3e-05  -8.6e-05 -2.11e-06  -0.00012  0.000209 -0.000425 -0.000318 -0.000706 -1.64e-06  0.000869 -7.65e-05 -0.000677  -0.00053  -0.00145 -0.000961  0.000213  6.44e-05 -0.000758  0.000252 -0.000625 -0.000609 -8.11e-06 -1.85e-05  -0.00184  0.000487  0.000567  0.000323 -0.000156  0.000881 -0.000426  -1.3e-05 -0.000152 -2.34e-05 -3.61e-06 -1.75e-07 -5.68e-08 -1.36e-09 -0.000369 -1.37e-07 -1.09e-05  8.14e-06  -1.1e-05  2.62e-05 -3.59e-06 -2.92e-06 -8.22e-05 -2.75e-05  -0.00011  -0.00261  2.87e-06  0.000562   0.00585  -0.00479   0.00264   -0.0014  -0.00477  -0.00588 -0.000323  -0.00154 -0.000652   -0.0011 -0.000451 -0.000122 -0.000578 -0.000143 -3.96e-06 -0.000709   -0.0019 -0.000168 -0.000137
   0.0128 -0.000117  -0.00173 -3.31e-05 -0.000622 -0.000122 -1.05e-16 -1.05e-16  -6.2e-05 -0.000165 -1.07e-16 -7.48e-06 -0.000207 -1.73e-05  -0.00032  2.56e-05  3.23e-05 -0.000101 -0.000213 -4.22e-05 -1.11e-05 -0.000122  -0.00012         1 -0.000372 -2.68e-05  3.28e-05 -3.68e-05 -7.05e-05 -7.15e-05 -1.48e-05  1.77e-06 -4.78e-05 -4.12e-05 -0.000199 -7.14e-05 -1.06e-07 -1.11e-05 -3.22e-06 -9.21e-05 -3.12e-07 -5.44e-05 -2.49e-06 -0.000212 -4.74e-05  -0.00102 -6.48e-06  4.34e-05 -0.000265  1.16e-05 -0.000245 -0.000409 -0.000446 -0.000226 -7.34e-05 -0.000161 -0.000181 -0.000129 -0.000232 -4.61e-05 -0.000211 -0.000482 -4.05e-05  1.63e-05  9.57e-06 -6.14e-05  -0.00177 -0.000845 -0.000356  5.36e-05 -1.05e-05 -3.68e-06 -8.01e-08 -1.15e-08 -1.56e-09  -7.5e-05 -3.06e-05 -4.16e-06 -1.77e-06 -9.71e-05 -5.51e-06 -1.11e-05 -3.58e-06 -5.85e-05 -2.67e-05 -0.000108  -0.00169  -7.4e-05 -3.13e-05   0.00101 -0.000326  0.000452 -0.000855  -0.00234 -0.000703 -6.91e-05  -0.00155 -0.000356 -0.000566 -0.000213 -5.71e-05 -0.000275 -5.57e-05 -2.17e-06 -0.000414  -0.00132 -4.27e-05  -0.00058
    0.306  -0.00123   -0.0314   -0.0154  -0.00983  -0.00107 -1.24e-16 -1.24e-16 -0.000206 -0.000442 -5.74e-16  -0.00633  -0.00428 -0.000497  -0.00699  -0.00122  -0.00155  -0.00297  -0.00628  -0.00038 -6.14e-05 -0.000699 -0.000476 -0.000372         1  -0.00104   -0.0018 -2.97e-05 -0.000475  -0.00185 -0.000192 -0.000575  0.000112  5.32e-05   -0.0136  -0.00192  -7.4e-06 -3.33e-05  2.74e-06  -0.00354 -1.72e-05 -0.000549  -0.00691   -0.0169  0.000441   -0.0497 -0.000145  -0.00131  -0.00598   -0.0102  -0.00315  -0.00455  -0.00227  -0.00443  -0.00367  -0.00223  -0.00344 -0.000765  -0.00284   -0.0017   -0.0103   0.00397  -0.00497  -0.00387  -0.00482  -0.00133   -0.0945   -0.0313   -0.0148 -0.000478 -4.86e-05 -5.48e-05 -2.21e-06 -2.18e-07 -6.01e-08 -0.000173  -0.00183 -0.000199 -0.000103  -0.00438 -0.000547 -0.000321  -9.1e-05 -0.000447 -0.000913 -0.000845   -0.0271  -0.00122  -0.00386   -0.0167   -0.0169  -0.00998  0.000831   -0.0194   -0.0168  -0.00125  -0.00539  -0.00641  -0.00804  -0.00236 -0.000252   -0.0044 -0.000944 -4.51e-05  -0.00881   -0.0145   0.00049   -0.0234
  0.00355  0.000271   0.00286 -4.86e-05   0.00185  0.000443  4.19e-16  4.19e-16 -5.64e-05  8.66e-05  2.37e-16 -0.000943  1.12e-05  -1.3e-05 -8.25e-05 -0.000229 -0.000291  -7.8e-05 -0.000178  -6.4e-05  2.16e-05 -2.73e-05 -5.74e-05 -2.68e-05  -0.00104         1 -0.000356  3.18e-05 -5.08e-05 -0.000154  4.73e-05 -9.38e-05  7.35e-05  6.09e-05  -0.00151 -0.000271  3.81e-07  1.42e-05  9.84e-06 -0.000406 -1.36e-06 -5.71e-05 -0.000813  -0.00205  0.000466  -0.00442  1.31e-06   0.00043  0.000352  -0.00107  0.000196 -3.96e-05  0.000318  0.000136  0.000384  -0.00027  0.000277 -0.000147  -0.00037  0.000465 -0.000857   0.00111  -0.00102 -0.000764 -0.000853  5.67e-05  -0.00847  -0.00119  -0.00105   5.1e-05  8.93e-07 -3.65e-06  -3.2e-07 -3.98e-08 -7.45e-09  0.000291 -8.48e-05 -2.94e-05  -2.7e-05 -0.000198 -6.13e-05 -3.42e-05 -1.17e-05 -9.85e-05  2.47e-05 -8.56e-05  -0.00315 -0.000624  0.000141  -0.00263  -0.00119   0.00215 -0.000738  -0.00605  -0.00112  5.97e-05  -0.00177 -0.000104  0.000368  4.24e-05 -6.27e-05 -0.000162 -2.64e-05  -5.2e-06 -0.000146  -0.00308  0.000177  -0.00144
  -0.0167  0.000207   0.00238  -0.00108   0.00147  0.000489  4.16e-16  4.16e-16  2.38e-05  0.000275  2.18e-16  -0.00151 -4.12e-05 -2.95e-05 -0.000249 -0.000376 -0.000477  -0.00018  -0.00039 -2.46e-05  2.86e-05  0.000126  7.67e-05  3.28e-05   -0.0018 -0.000356         1  9.68e-05  2.78e-05 -0.000204  3.69e-05 -0.000134   0.00016  0.000127  -0.00228 -0.000318  2.53e-07  2.38e-05  2.22e-05  -0.00054 -1.52e-06  1.75e-05  -0.00127    -0.003  0.000504  -0.00674 -1.76e-06  0.000225  -9.1e-06  -0.00177   0.00024 -5.88e-05  0.000526 -8.05e-05 -0.000147 -0.000209  0.000173  0.000144 -0.000232  0.000247  -0.00138   0.00236   -0.0013  -0.00108  -0.00126   3.8e-05   -0.0137  -0.00267   -0.0018 -4.98e-05   1.6e-05 -2.28e-06 -2.64e-07 -8.57e-09 -8.03e-09  0.000444 -0.000208  -2.4e-05 -3.27e-05 -0.000398 -9.78e-05 -3.01e-05 -1.19e-05   9.7e-06 -1.69e-05  0.000118  -0.00202 -0.000407 -1.61e-05  -0.00504  -0.00173   0.00111   0.00155  -0.00153 -0.000695   0.00016   0.00139  8.32e-06  0.000396    0.0002  6.14e-05  2.75e-06  8.43e-06 -4.29e-06 -8.94e-05 -0.000893  0.000304  -0.00256
  0.00487 -0.000184    -0.002 -0.000131  -0.00076 -0.000226 -9.34e-17 -9.34e-17 -6.58e-05  -0.00025  3.46e-17  0.000424 -0.000142 -8.52e-06 -0.000134  0.000102  0.000129 -4.88e-05 -0.000101 -4.63e-05 -2.52e-05 -0.000169 -0.000165 -3.68e-05 -2.97e-05  3.18e-05  9.68e-05         1 -8.07e-05 -3.47e-05 -3.46e-05  4.73e-06 -6.29e-05 -6.02e-05  0.000236 -1.45e-05 -4.19e-07 -2.28e-05 -1.42e-05   3.5e-05 -6.96e-07 -6.88e-05  0.000168  0.000253 -0.000246  0.000465 -4.19e-06 -9.14e-07 -7.68e-05 -2.01e-05 -0.000279  -0.00028 -0.000302  1.82e-05 -0.000103 -0.000161 -3.26e-05 -0.000188 -4.91e-05 -0.000129  0.000112 -0.000928   0.00033  0.000328  0.000294  -9.2e-05   0.00165 -0.000161  0.000152 -8.46e-05 -9.82e-06 -3.19e-07 -6.41e-08 -2.27e-08  1.05e-10 -0.000269  1.87e-05 -4.45e-06  9.97e-06 -1.92e-05  2.15e-05 -6.51e-06 -1.77e-07 -5.85e-05 -3.31e-05 -0.000137  -0.00079  1.36e-05 -0.000101   0.00153  -0.00126 -0.000573   -0.0012  -0.00192  -0.00223 -0.000232  -0.00148 -0.000408 -0.000593 -0.000262 -8.65e-05 -0.000313 -7.69e-05 -1.84e-06 -0.000485  -0.00134 -0.000116  7.15e-05
  -0.0011 -0.000189  -0.00188 -0.000369 -0.000628 -0.000172 -6.19e-17 -6.19e-17 -0.000106 -0.000285  4.64e-17  0.000157 -0.000205  -1.9e-05 -0.000285  3.93e-05  4.98e-05 -0.000112 -0.000235 -8.53e-05 -2.49e-05 -0.000252 -0.000233 -7.05e-05 -0.000475 -5.08e-05  2.78e-05 -8.07e-05         1  -7.7e-05 -3.37e-05  -3.3e-05 -5.43e-05  -6.1e-05 -0.000287 -0.000159    -3e-07 -2.36e-05  -1.7e-05 -0.000101 -9.12e-07 -9.78e-05 -1.49e-05 -0.000342 -0.000195  -0.00106 -7.05e-06  7.92e-05 -0.000391 -0.000423 -0.000382 -0.000499 -0.000376 -0.000114 -0.000181  -0.00026 -0.000109 -0.000195 -0.000229 -0.000113 -0.000204 -0.000679  0.000112  0.000164  5.89e-05 -0.000123  -0.00141 -0.000863 -0.000272 -8.47e-05  -1.2e-05 -1.63e-06 -1.67e-07 -3.26e-08 -2.09e-09 -0.000255 -2.45e-05 -1.76e-05  1.72e-06 -0.000127  5.64e-06 -1.68e-05 -4.48e-06 -9.68e-05 -4.06e-05 -0.000174  -0.00234 -0.000156  8.13e-05   0.00131  -0.00193   0.00011   -0.0015  -0.00286  -0.00285 -0.000256  -0.00224 -0.000633 -0.000952 -0.000371 -0.000118 -0.000492  -0.00013 -4.48e-06 -0.000721  -0.00265  -7.2e-05 -0.000573
   0.0308  -0.00035  -0.00487 -0.000438  -0.00158 -0.000152 -7.85e-17 -7.85e-17 -7.87e-05 -0.000293  -1.6e-16 -0.000846 -0.000716 -7.29e-05  -0.00107 -0.000114 -0.000145 -0.000429  -0.00091 -8.45e-05 -2.84e-05  1.52e-05 -0.000208 -7.15e-05  -0.00185 -0.000154 -0.000204 -3.47e-05  -7.7e-05         1 -5.48e-05 -4.27e-05 -1.62e-05  5.37e-06  -0.00156  -0.00011  3.14e-07 -2.86e-05  1.92e-05 -0.000551 -1.55e-06 -4.49e-05 -0.000755  -0.00236  0.000164  -0.00647  3.35e-06  0.000296  2.98e-05  -0.00102 -9.53e-05  -0.00112  -0.00115 -0.000528 -0.000414 -0.000648 -0.000206 -0.000398 -0.000657 -5.86e-05  -0.00141 -5.75e-05 -0.000805 -0.000502 -0.000677 -7.92e-05   -0.0128  -0.00437  -0.00219  9.06e-05 -7.11e-06 -1.19e-05 -7.21e-08  1.53e-08 -5.83e-09  0.000194 -0.000236  2.83e-05 -9.36e-06 -0.000455 -8.53e-05 -2.84e-05 -9.95e-06  1.32e-05 -9.54e-05  4.84e-05 -0.000136 -2.93e-05 -0.000875 -0.000486   -0.0028   0.00141  0.000776  -0.00726  -0.00263  3.91e-05   0.00113 -0.000457  -0.00065 -7.06e-05  2.16e-05 -0.000281    -1e-05  1.13e-06 -0.000768  0.000859  3.83e-05  -0.00319
 -0.00143 -0.000159  -0.00162  -0.00019 -0.000684 -0.000146 -8.44e-17 -8.44e-17 -2.53e-05  -0.00013  -1.4e-17  0.000123  -0.00014 -1.19e-05 -0.000161  3.62e-05  4.58e-05 -6.95e-05 -0.000145 -2.51e-05 -1.67e-05 -6.04e-05 -8.88e-05 -1.48e-05 -0.000192  4.73e-05  3.69e-05 -3.46e-05 -3.37e-05 -5.48e-05         1 -3.62e-06 -2.51e-05  -2.4e-05 -2.45e-05 -7.72e-06 -1.45e-07 -1.43e-05 -4.45e-06  -2.2e-05 -3.37e-07  -1.9e-05  2.58e-05 -7.24e-05 -0.000134 -0.000325 -1.07e-06 -2.18e-06  -0.00013 -0.000142 -0.000143 -0.000275 -0.000269 -7.87e-05 -0.000193  -0.00012 -6.42e-05 -8.06e-05 -5.66e-05 -0.000133  -7.9e-05 -0.000367  0.000136  0.000137   8.4e-05 -5.71e-05 -0.000435  -0.00057 -0.000149 -5.13e-05 -3.15e-06 -7.55e-07  4.91e-09 -4.36e-10  1.38e-10 -0.000109 -2.33e-05  4.38e-06  5.16e-06 -5.71e-05  2.41e-06 -1.03e-06  2.08e-08  1.34e-06 -2.97e-05 -1.11e-05   0.00012  8.85e-05  -0.00012  0.000732 -0.000968 -0.000279  -4.6e-05 -0.000382  -0.00122 -9.07e-05  0.000136 -0.000201 -0.000384 -0.000107 -1.29e-05 -0.000131 -3.12e-05 -2.52e-08 -0.000262  0.000107  -4.6e-05 -0.000288
 -0.00579  1.65e-05  0.000632 -0.000546  0.000441  9.64e-05  1.43e-16  1.43e-16 -1.31e-05  4.96e-05  1.57e-16 -0.000287 -2.52e-05    -1e-05  2.03e-05 -8.69e-05  -0.00011 -6.14e-05 -0.000131 -5.02e-05 -2.54e-06 -7.19e-05 -7.59e-05  1.77e-06 -0.000575 -9.38e-05 -0.000134  4.73e-06  -3.3e-05 -4.27e-05 -3.62e-06         1  3.54e-05  1.88e-05 -0.000716 -0.000167 -8.36e-09  2.69e-07 -6.95e-06 -0.000147 -7.24e-07 -1.15e-05 -0.000306 -0.000861  5.54e-05   -0.0019   2.3e-07   0.00015 -0.000297 -0.000842 -3.33e-05 -0.000157  0.000181  9.11e-06 -4.58e-05 -0.000109  2.52e-05 -2.54e-05 -0.000154  1.31e-05 -0.000374  0.000468 -0.000195 -0.000164 -0.000302 -3.88e-05  -0.00351 -0.000737 -0.000441 -9.61e-05  2.29e-06  2.77e-07 -1.18e-07 -1.76e-08 -2.65e-09 -3.68e-07 -5.95e-05 -1.98e-05 -7.66e-06 -0.000134  -1.9e-05 -9.08e-06 -3.75e-06 -9.66e-06 -8.08e-06  2.39e-05  -0.00113 -0.000151  0.000249  -0.00052  -0.00174  0.000363  0.000263  0.000134  -0.00141 -5.74e-05  0.000317 -0.000184  -0.00026  -5.1e-05 -6.61e-06 -0.000145 -6.14e-05  -2.4e-06 -0.000211 -0.000839   6.5e-05  -0.00069
  0.00533 -0.000103  -0.00311 -9.96e-06  -0.00107 -0.000329 -1.45e-16 -1.45e-16 -2.09e-05 -0.000135 -1.05e-16  0.000591 -0.000303 -1.46e-05 -0.000162  0.000187  0.000237 -8.44e-05 -0.000176 -3.85e-05 -2.22e-05 -0.000126 -0.000123 -4.78e-05  0.000112  7.35e-05   0.00016 -6.29e-05 -5.43e-05 -1.62e-05 -2.51e-05  3.54e-05         1 -7.76e-05  0.000543  9.94e-05 -5.24e-07 -1.38e-05  -1.8e-05  8.47e-05 -5.33e-07 -4.84e-05  0.000364  0.000741 -0.000138  0.000776  -3.4e-07  2.91e-05 -0.000159  0.000397 -0.000195  -0.00026  -0.00047  -0.00011  0.000331 -7.73e-05  -0.00028 -0.000397 -0.000271 -7.29e-05  0.000185  -0.00161   0.00045  0.000418  0.000484 -8.14e-05   0.00249 -0.000231  0.000169  6.64e-05 -1.81e-05 -4.88e-06 -1.06e-09 -2.64e-08 -2.83e-10 -0.000249  2.17e-05 -1.85e-06  1.26e-05 -1.27e-05  2.08e-05 -5.87e-06  6.63e-07 -4.36e-05 -2.43e-05 -0.000128 -0.000508  6.26e-05 -0.000209   0.00303 -0.000444 -0.000566  -0.00111  -0.00265 -0.000749 -0.000148  -0.00125 -0.000356  -0.00056 -0.000212 -5.88e-05  -0.00027 -6.52e-05  1.23e-06 -0.000466 -0.000264 -0.000181  0.000136
  0.00718 -0.000123  -0.00214 -0.000127 -0.000803 -0.000247 -1.22e-16 -1.22e-16 -3.75e-05 -0.000158 -4.22e-17  0.000471 -0.000166  -7.7e-06 -0.000105  0.000128  0.000162 -4.45e-05 -9.08e-05 -3.38e-05 -1.93e-05  -0.00015 -0.000119 -4.12e-05  5.32e-05  6.09e-05  0.000127 -6.02e-05  -6.1e-05  5.37e-06  -2.4e-05  1.88e-05 -7.76e-05         1  0.000369  2.13e-05 -5.21e-07 -1.44e-05 -1.52e-05  7.63e-05 -4.95e-07 -5.42e-05  0.000259  0.000532 -0.000196  0.000744  -5.5e-06 -3.39e-05 -0.000212  0.000217  -0.00027  -0.00022 -0.000293 -6.01e-05  6.46e-05 -6.66e-05 -0.000165 -0.000203 -0.000102 -0.000114  0.000179  -0.00108  0.000384  0.000347  0.000373 -8.54e-05   0.00223 -3.77e-05  0.000221 -1.59e-05 -1.26e-05 -1.66e-06 -4.38e-08 -2.39e-08  6.65e-11 -0.000251  2.36e-05  -7.4e-06  9.45e-06 -9.26e-06   2.3e-05 -4.98e-06  2.64e-07 -5.32e-05 -2.61e-05 -0.000135  -0.00103  3.84e-05 -4.93e-05   0.00201 -0.000511 -0.000656  -0.00111  -0.00126  -0.00112 -0.000179  -0.00149 -0.000367 -0.000568 -0.000245 -6.97e-05 -0.000283 -7.15e-05 -1.17e-06 -0.000433  -0.00101  -0.00013  0.000187
    0.183 -0.000351  -0.00831   -0.0104  -0.00115  0.000934  8.59e-16  8.59e-16 -0.000197  0.000212   1.6e-16  -0.00797  -0.00219 -0.000338   -0.0046  -0.00182  -0.00231  -0.00203  -0.00432 -0.000333  3.96e-05 -0.000195 -0.000239 -0.000199   -0.0136  -0.00151  -0.00228  0.000236 -0.000287  -0.00156 -2.45e-05 -0.000716  0.000543  0.000369         1  -0.00221 -1.65e-06  2.82e-05  7.14e-05  -0.00349 -1.11e-05 -0.000255  -0.00705   -0.0177   0.00147    -0.045  -8.4e-05  6.24e-05    -0.004   -0.0105  -0.00129  -0.00333 -0.000348  -0.00294  -0.00331  -0.00194  -0.00135  0.000459  -0.00221 -0.000391  -0.00943   0.00963  -0.00643  -0.00517  -0.00641  -0.00061   -0.0899    -0.024    -0.013 -0.000402  2.52e-05 -3.16e-05 -1.85e-06 -8.59e-08 -5.14e-08   0.00123  -0.00155 -0.000161 -0.000159  -0.00337 -0.000559 -0.000237 -8.38e-05 -0.000219 -0.000512 -3.63e-05   -0.0209  -0.00184  -0.00121   -0.0224   -0.0139   0.00107   0.00483   -0.0119   -0.0111 -0.000115  0.000488  -0.00348  -0.00403 -0.000873  1.82e-05  -0.00239 -0.000519 -3.97e-05  -0.00477   -0.0115   0.00124   -0.0197
   0.0571 -9.56e-05  0.000975  -0.00181  0.000519  0.000231  1.65e-16  1.65e-16  -0.00014 -0.000144  2.29e-16  -0.00104 -2.71e-05 -3.08e-05 -0.000459 -0.000315 -0.000399 -0.000189 -0.000398 -0.000111  4.81e-07 -0.000328 -0.000198 -7.14e-05  -0.00192 -0.000271 -0.000318 -1.45e-05 -0.000159  -0.00011 -7.72e-06 -0.000167  9.94e-05  2.13e-05  -0.00221         1 -3.08e-07 -5.98e-06 -9.37e-06  -0.00047  -1.6e-06 -0.000119 -0.000965  -0.00257 -4.63e-05  -0.00572 -2.51e-05 -2.41e-05   -0.0012    -0.002 -0.000592  -0.00056  0.000274 -0.000315 -0.000881 -0.000296 -7.04e-05  0.000332 -0.000159 -0.000157  -0.00117   0.00181 -0.000756 -0.000619 -0.000944 -0.000172   -0.0113  -0.00251  -0.00142 -0.000273  3.86e-06  2.69e-06 -4.79e-07 -4.34e-08 -7.48e-09 -8.14e-05 -0.000172  -6.3e-05 -2.83e-05 -0.000456 -4.93e-05 -3.94e-05  -1.5e-05 -0.000146 -6.76e-05 -0.000171  -0.00632 -0.000538   0.00066  -0.00336  -0.00315  0.000409  -0.00093  0.000214  -0.00381 -0.000277   -0.0028 -0.000956  -0.00135 -0.000493 -0.000131 -0.000738 -0.000219 -1.44e-05  -0.00101   -0.0059  0.000215  -0.00234
-3.54e-05 -6.28e-07 -3.21e-05 -1.55e-05 -9.98e-06 -2.93e-06 -3.96e-19 -3.96e-19   2.3e-07  3.55e-08  3.51e-19  3.37e-06 -2.21e-06  -1.9e-07 -1.68e-06  7.41e-07  9.38e-07 -1.16e-06 -2.41e-06 -2.33e-09 -1.15e-07 -1.65e-06 -1.17e-07 -1.06e-07  -7.4e-06  3.81e-07  2.53e-07 -4.19e-07    -3e-07  3.14e-07 -1.45e-07 -8.36e-09 -5.24e-07 -5.21e-07 -1.65e-06 -3.08e-07         1 -1.33e-08 -1.77e-07  3.68e-07 -2.25e-08 -7.92e-07 -1.75e-06 -1.81e-07 -2.42e-06 -9.69e-06 -2.71e-07 -3.63e-06 -4.32e-06 -2.19e-06 -5.26e-06   3.8e-07  2.35e-06 -7.47e-07 -3.09e-07  4.49e-07 -2.68e-06 -8.95e-07  1.15e-06 -2.36e-06 -9.95e-07 -6.55e-06  3.09e-06  2.17e-06  3.07e-06 -1.72e-06 -1.85e-06 -9.02e-06 -5.98e-07  -1.5e-06 -1.26e-07 -6.13e-09  -2.5e-09 -6.27e-10 -3.04e-11 -3.65e-06 -4.07e-07 -3.98e-07  7.51e-08 -2.17e-06  1.18e-07 -2.38e-07 -2.41e-08 -9.21e-07  -8.4e-07 -2.56e-06 -3.52e-05  4.76e-07 -2.58e-06 -2.69e-07 -5.58e-06 -3.38e-05 -1.19e-05  6.41e-06 -1.55e-05 -3.47e-06  -2.3e-05 -6.77e-06 -6.42e-06 -3.84e-06  -8.8e-07 -5.14e-06 -1.17e-06 -6.23e-08 -8.78e-06 -2.37e-05 -1.17e-06 -4.41e-06
  0.00186  -8.5e-05 -0.000611  4.23e-05 -0.000265 -6.02e-05 -3.78e-17 -3.78e-17 -2.32e-05 -9.19e-05  3.81e-18  8.31e-05 -4.53e-05 -3.48e-06 -5.85e-05  2.06e-05  2.61e-05 -1.99e-05 -4.11e-05 -1.55e-05 -9.13e-06 -3.97e-05 -5.92e-05 -1.11e-05 -3.33e-05  1.42e-05  2.38e-05 -2.28e-05 -2.36e-05 -2.86e-05 -1.43e-05  2.69e-07 -1.38e-05 -1.44e-05  2.82e-05 -5.98e-06 -1.33e-08         1 -1.53e-06 -4.91e-06 -1.33e-07 -1.48e-05  3.31e-05 -6.83e-06  -7.4e-05  1.99e-05 -3.45e-07  2.53e-05  4.64e-06 -2.99e-05 -7.22e-05 -0.000147 -0.000151 -4.81e-06 -9.63e-05 -7.83e-05  1.41e-05 -4.05e-05 -1.65e-05 -4.64e-05  8.04e-07 -0.000204  6.88e-05  7.83e-05  5.23e-05 -2.22e-05  0.000148 -0.000134 -1.31e-05 -2.59e-05 -1.72e-06 -9.18e-08 -5.37e-10 -4.26e-10  2.72e-10 -5.49e-05 -1.02e-06  3.27e-06  2.64e-06 -5.44e-06  3.84e-06 -3.73e-08  7.44e-08  -6.1e-06 -1.07e-05 -1.55e-05  3.15e-05  3.04e-05 -3.92e-05  0.000425 -0.000462  3.72e-05 -0.000167 -0.000507 -0.000719 -4.87e-05 -0.000138 -8.78e-05 -0.000161 -5.76e-05 -1.51e-05 -6.33e-05 -1.26e-05 -2.07e-07 -0.000106 -0.000118 -2.44e-05  -4.5e-05
  0.00213  4.51e-06 -0.000463 -0.000259 -0.000144 -6.67e-05 -3.66e-18 -3.66e-18 -3.32e-06 -9.75e-06  2.35e-17  0.000139 -4.78e-05 -2.79e-06 -7.35e-06  3.35e-05  4.26e-05 -1.66e-05 -3.46e-05 -1.32e-05 -3.97e-06 -5.01e-05  -2.3e-05 -3.22e-06  2.74e-06  9.84e-06  2.22e-05 -1.42e-05  -1.7e-05  1.92e-05 -4.45e-06 -6.95e-06  -1.8e-05 -1.52e-05  7.14e-05 -9.37e-06 -1.77e-07 -1.53e-06         1  1.98e-05 -1.86e-07 -1.52e-05  6.39e-05  0.000141 -4.78e-05  0.000136  4.38e-07 -2.85e-05 -0.000163 -8.42e-05    -5e-05  1.75e-05  2.59e-05 -9.44e-06  7.19e-05  1.58e-05 -8.37e-05 -7.83e-05 -5.08e-05 -3.74e-05  3.19e-05 -0.000293   0.00013  0.000107   9.3e-05 -3.34e-05  0.000501 -3.85e-05  5.85e-05 -2.52e-05 -3.16e-06 -1.86e-07 -2.48e-08 -1.21e-08 -4.12e-10 -9.85e-05  3.89e-06 -8.12e-06  2.77e-06 -2.19e-05  6.17e-06 -3.34e-06 -1.76e-07 -1.67e-05 -5.97e-06 -3.78e-05 -0.000281  -3.3e-05  1.83e-05  0.000489 -0.000452 -0.000404 -0.000333 -0.000187 -0.000485 -7.68e-05 -0.000341 -0.000147 -0.000229 -7.48e-05 -2.39e-05 -0.000109 -4.16e-05 -3.06e-07 -0.000175 -0.000427  -3.6e-05  2.41e-05
   0.0578 -0.000171  -0.00469  -0.00238  -0.00135  7.83e-05  6.03e-17  6.03e-17 -9.74e-05 -0.000153 -1.87e-16  -0.00215 -0.000929 -0.000114   -0.0018 -0.000419 -0.000531 -0.000678  -0.00144 -9.71e-05  2.96e-06  1.62e-05  -8.6e-05 -9.21e-05  -0.00354 -0.000406  -0.00054   3.5e-05 -0.000101 -0.000551  -2.2e-05 -0.000147  8.47e-05  7.63e-05  -0.00349  -0.00047  3.68e-07 -4.91e-06  1.98e-05         1 -2.11e-06  -8.2e-05  -0.00171  -0.00462  0.000475   -0.0125 -4.25e-06   4.3e-05 -0.000918  -0.00247 -0.000152   -0.0011 -0.000853  -0.00108 -0.000784 -0.000654 -0.000617 -0.000201 -0.000948 -8.63e-05  -0.00274   0.00171  -0.00184  -0.00138  -0.00171 -0.000145   -0.0259  -0.00752    -0.004  8.74e-05 -6.11e-07 -1.54e-05 -3.48e-07  5.19e-09 -1.39e-08  0.000388 -0.000439  -9.3e-06 -3.74e-05 -0.000947 -0.000167  -6.9e-05 -2.35e-05 -5.17e-05 -0.000144 -3.66e-06  -0.00335 -0.000545 -0.000945  -0.00502  -0.00378   0.00117    0.0009   -0.0086  -0.00285  4.32e-05  0.000277    -0.001  -0.00135 -0.000195 -5.86e-06 -0.000644 -0.000128 -4.93e-06  -0.00145  -0.00199  0.000259  -0.00594
-0.000141 -1.34e-06 -4.04e-05 -1.78e-05 -7.54e-06 -2.58e-06   1.6e-18   1.6e-18 -9.27e-08 -3.72e-07  2.28e-18  7.14e-07 -4.52e-06 -4.47e-07 -2.46e-06  2.19e-07  2.68e-07 -2.69e-06 -5.67e-06 -8.96e-07 -2.99e-07 -2.58e-06 -2.11e-06 -3.12e-07 -1.72e-05 -1.36e-06 -1.52e-06 -6.96e-07 -9.12e-07 -1.55e-06 -3.37e-07 -7.24e-07 -5.33e-07 -4.95e-07 -1.11e-05  -1.6e-06 -2.25e-08 -1.33e-07 -1.86e-07 -2.11e-06         1  -1.2e-06  -6.4e-06 -1.37e-05 -1.27e-06 -4.18e-05 -2.73e-07  5.99e-07  -2.7e-06 -1.15e-05 -5.82e-06 -4.69e-06  8.71e-07  2.05e-07   1.4e-06 -3.38e-06 -1.21e-06 -4.22e-06 -2.52e-06 -1.06e-06 -6.91e-06 -7.54e-06 -2.19e-08  3.44e-07  1.67e-08  -2.2e-06 -5.38e-05 -2.37e-05 -8.41e-06 -2.11e-06 -1.82e-07 -4.77e-08  -4.3e-09 -9.85e-10 -7.54e-11 -3.47e-06 -1.32e-06 -5.26e-07  1.09e-08 -4.09e-06 -2.08e-07 -4.19e-07 -8.07e-08 -1.17e-06 -1.11e-06  -2.7e-06 -5.06e-05  -8.8e-07 -3.09e-06  3.43e-06 -3.18e-05 -2.51e-05 -1.13e-05 -3.01e-05 -4.19e-05 -4.29e-06  -2.2e-05 -9.31e-06  -7.7e-06 -4.48e-06 -1.07e-06 -7.39e-06 -1.58e-06 -8.29e-08 -1.27e-05 -3.04e-05    -1e-06 -1.62e-05
 -0.00451 -0.000114  -0.00223 -0.000809  -0.00075 -0.000189 -6.17e-17 -6.17e-17 -7.93e-05 -0.000233  1.71e-17   0.00013   -0.0002 -1.92e-05 -0.000372  3.12e-05  3.97e-05 -0.000114  -0.00024 -4.16e-05 -1.43e-05 -0.000207  -0.00012 -5.44e-05 -0.000549 -5.71e-05  1.75e-05 -6.88e-05 -9.78e-05 -4.49e-05  -1.9e-05 -1.15e-05 -4.84e-05 -5.42e-05 -0.000255 -0.000119 -7.92e-07 -1.48e-05 -1.52e-05  -8.2e-05  -1.2e-06         1 -0.000114 -0.000289 -0.000193  -0.00114 -1.39e-05 -0.000166 -0.000323  -0.00029  -0.00041 -0.000197 -0.000157 -0.000128 -0.000177 -0.000136 -0.000167 -0.000126 -6.82e-05 -0.000134 -0.000216 -0.000562     6e-05  0.000101  8.04e-05  -0.00013  -0.00149 -0.000958 -0.000266 -8.76e-05 -1.16e-05 -1.26e-06 -2.14e-07 -4.05e-08 -2.72e-09 -0.000277  -2.6e-05 -2.38e-05   2.4e-06 -0.000168  4.13e-06 -2.46e-05 -4.86e-06  -0.00012 -5.64e-05 -0.000251  -0.00282 -0.000177 -0.000172  5.65e-05  -0.00109  -0.00121  -0.00184  -0.00283  -0.00232 -0.000297  -0.00297 -0.000686 -0.000831  -0.00039 -0.000134 -0.000526 -0.000126 -5.59e-06 -0.000823  -0.00321 -7.72e-05 -0.000629
   0.0622 -1.95e-05  -0.00303  -0.00572 -0.000136  0.000642  5.63e-16  5.63e-16 -1.71e-05  0.000235  1.63e-16   -0.0043 -0.000832 -0.000154  -0.00228  -0.00103  -0.00131 -0.000925  -0.00197 -2.24e-05  4.98e-05  0.000157  0.000209 -2.49e-06  -0.00691 -0.000813  -0.00127  0.000168 -1.49e-05 -0.000755  2.58e-05 -0.000306  0.000364  0.000259  -0.00705 -0.000965 -1.75e-06  3.31e-05  6.39e-05  -0.00171  -6.4e-06 -0.000114         1   -0.0092  0.000783   -0.0227 -5.69e-05 -0.000478  -0.00101  -0.00502 -0.000506 -0.000781  0.000613  -0.00116  -0.00191 -0.000747 -0.000296  0.000617 -0.000353 -0.000147  -0.00472   0.00605   -0.0036  -0.00295  -0.00338 -0.000231   -0.0453   -0.0117  -0.00642 -0.000301  2.88e-05 -1.04e-05 -9.93e-07 -3.87e-08 -2.55e-08  0.000754 -0.000771 -7.44e-05 -7.97e-05  -0.00169 -0.000291 -0.000127 -4.05e-05  -0.00011 -0.000281 -8.99e-05  -0.00994 -0.000855  -0.00137   -0.0164  -0.00483  -0.00237   0.00258  -0.00514  -0.00458 -6.29e-05  -3.5e-05  -0.00141 -0.000832 -0.000233   2.5e-05 -0.000943 -0.000131 -2.19e-05  -0.00212  -0.00594  0.000705  -0.00974
    0.166 -0.000749  -0.00992   -0.0108  -0.00124   0.00138  1.17e-15  1.17e-15 -0.000337 -0.000186  3.15e-16   -0.0105  -0.00275 -0.000428  -0.00602  -0.00238  -0.00302  -0.00256  -0.00545 -0.000417  2.64e-05  5.77e-05 -0.000425 -0.000212   -0.0169  -0.00205    -0.003  0.000253 -0.000342  -0.00236 -7.24e-05 -0.000861  0.000741  0.000532   -0.0177  -0.00257 -1.81e-07 -6.83e-06  0.000141  -0.00462 -1.37e-05 -0.000289   -0.0092         1     0.002   -0.0575  -7.4e-05  0.000652  -0.00282   -0.0132 -0.000985  -0.00462  -0.00127  -0.00322  -0.00456  -0.00308 -0.000736  0.000401  -0.00268 -0.000187   -0.0121    0.0125  -0.00878  -0.00683  -0.00853 -0.000563    -0.116   -0.0306    -0.017 -0.000469  4.92e-05 -4.09e-05 -2.06e-06 -2.92e-08 -6.14e-08     0.002  -0.00196 -0.000106 -0.000196  -0.00407 -0.000741 -0.000284 -0.000103 -0.000161 -0.000625    0.0002   -0.0199  -0.00215  -0.00259     -0.03   -0.0189    0.0045   0.00733   -0.0232   -0.0163  0.000106   0.00381  -0.00357  -0.00365 -0.000574  9.99e-05  -0.00239 -0.000395 -4.12e-05  -0.00523   -0.0107   0.00164   -0.0252
   0.0476 -0.000807  -0.00633  -0.00165  -0.00346 -0.000892 -6.08e-16 -6.08e-16 -0.000167 -0.000836  7.23e-17   0.00176 -1.73e-05  4.65e-06 -0.000259  0.000316  0.000402  2.76e-05  8.01e-05 -2.51e-05 -7.74e-05 -0.000563 -0.000318 -4.74e-05  0.000441  0.000466  0.000504 -0.000246 -0.000195  0.000164 -0.000134  5.54e-05 -0.000138 -0.000196   0.00147 -4.63e-05 -2.42e-06  -7.4e-05 -4.78e-05  0.000475 -1.27e-06 -0.000193  0.000783     0.002         1   0.00505 -4.19e-05 -0.000951 -0.000944  0.000299   -0.0014 -0.000366 -0.000317  1.94e-05  -0.00161 -3.66e-05 -0.000142  0.000302  0.000924  -0.00107   0.00105  -0.00194   0.00176   0.00144   0.00136 -0.000394    0.0116  0.000916   0.00156 -0.000626  -1.3e-05  1.39e-05 -1.27e-07 -4.11e-08  7.17e-09   -0.0012  0.000124 -2.17e-05  4.62e-05  3.61e-05  0.000129  3.65e-06  8.08e-06  -0.00015 -0.000161 -0.000456   -0.0023  0.000522 -0.000117   0.00241  -0.00241  -0.00602  -0.00333   0.00544  -0.00673 -0.000972  -0.00451  -0.00139  -0.00229  -0.00104 -0.000266 -0.000983 -0.000265  -1.1e-05  -0.00151  -0.00462 -0.000357   0.00152
    0.571  -0.00207   -0.0796   -0.0412   -0.0228 -0.000904  7.41e-16  7.41e-16 -0.000511 -0.000274 -2.24e-15   -0.0248   -0.0133  -0.00156   -0.0224  -0.00472  -0.00598  -0.00931   -0.0198  -0.00113 -5.21e-06 -0.000341 -0.000706  -0.00102   -0.0497  -0.00442  -0.00674  0.000465  -0.00106  -0.00647 -0.000325   -0.0019  0.000776  0.000744    -0.045  -0.00572 -9.69e-06  1.99e-05  0.000136   -0.0125 -4.18e-05  -0.00114   -0.0227   -0.0575   0.00505         1 -0.000221   -0.0015   -0.0154   -0.0326  -0.00465   -0.0133  -0.00811   -0.0142  -0.00854  -0.00718   -0.0102  -0.00323   -0.0116  -0.00262   -0.0351    0.0177   -0.0206   -0.0159   -0.0193  -0.00285    -0.326      -0.1   -0.0507  0.000334 -7.98e-05 -0.000204 -5.59e-06  -3.3e-07 -1.94e-07   0.00298  -0.00594 -0.000393 -0.000425   -0.0134  -0.00206 -0.000967 -0.000298 -0.000798  -0.00231 -0.000899   -0.0615  -0.00551   -0.0128   -0.0596   -0.0494  -0.00891    0.0119   -0.0858   -0.0373 -0.000978  0.000598   -0.0156   -0.0196  -0.00401 -7.14e-05   -0.0103  -0.00216 -8.69e-05   -0.0226   -0.0279   0.00256   -0.0773
-0.000557 -2.29e-05 -0.000288 -0.000186 -0.000113 -1.96e-05 -1.54e-17 -1.54e-17 -4.35e-06 -1.39e-05  -5.2e-18  -9.5e-06 -4.16e-06 -1.56e-06 -3.81e-05 -7.53e-06 -9.59e-06 -9.98e-06 -2.02e-05  2.59e-06 -3.76e-07 -2.85e-05 -1.64e-06 -6.48e-06 -0.000145  1.31e-06 -1.76e-06 -4.19e-06 -7.05e-06  3.35e-06 -1.07e-06   2.3e-07  -3.4e-07  -5.5e-06  -8.4e-05 -2.51e-05 -2.71e-07 -3.45e-07  4.38e-07 -4.25e-06 -2.73e-07 -1.39e-05 -5.69e-05  -7.4e-05 -4.19e-05 -0.000221         1 -6.68e-05 -7.06e-05 -1.74e-05 -0.000112  -2.1e-05  2.87e-05 -2.53e-05 -9.03e-05  3.55e-08  -1.7e-05  4.86e-05  5.32e-05 -4.07e-05 -3.09e-05  5.68e-05 -1.24e-06 -8.38e-06  5.63e-06  -2.3e-05  -0.00027 -0.000125 -2.83e-05 -2.49e-05 -9.36e-07  3.66e-07 -4.73e-08  -6.5e-09 -3.51e-10  -3.6e-05  -7.6e-06 -5.72e-06  -5.7e-07 -3.14e-05  8.82e-07 -3.26e-06 -6.84e-07  -1.8e-05 -1.34e-05 -4.25e-05 -0.000784  5.96e-06 -5.13e-07 -0.000259   9.6e-05 -0.000391 -0.000185  0.000348 -0.000149 -4.21e-05  -0.00051 -9.58e-05 -9.01e-05 -6.74e-05 -1.47e-05 -7.56e-05 -1.24e-05 -1.67e-06  -0.00011 -0.000556 -6.59e-07 -8.89e-05
   0.0424 -0.000139     -0.01  -0.00678  -0.00568 -0.000888  -9.3e-16  -9.3e-16  4.49e-05 -0.000282 -7.58e-16 -0.000296 -0.000427 -5.83e-05  -0.00239 -0.000101 -0.000123 -0.000353 -0.000739  0.000346  5.15e-05  4.14e-05  0.000869  4.34e-05  -0.00131   0.00043  0.000225 -9.14e-07  7.92e-05  0.000296 -2.18e-06   0.00015  2.91e-05 -3.39e-05  6.24e-05 -2.41e-05 -3.63e-06  2.53e-05 -2.85e-05   4.3e-05  5.99e-07 -0.000166 -0.000478  0.000652 -0.000951   -0.0015 -6.68e-05         1  -0.00251  0.000247  -0.00123   0.00176  0.000751   -0.0016  -0.00252   0.00115  -0.00178   0.00127    0.0015  -0.00156 -0.000668   0.00124  0.000183 -8.48e-05  0.000182 -0.000439  -0.00572  -0.00431  -0.00101 -0.000348  8.96e-06  8.83e-06 -2.33e-07  1.83e-08  -1.4e-09 -0.000836 -0.000167 -4.62e-05  2.03e-05 -0.000801     2e-06 -6.72e-05 -5.41e-06 -0.000204 -0.000304 -0.000684  -0.00331  4.15e-05  -0.00221   -0.0113   0.00442   -0.0143  -0.00313   0.00763   0.00121  -0.00082   -0.0063  -0.00197  -0.00277 -0.000996 -0.000239  -0.00114 -0.000304 -1.34e-05  -0.00251  -0.00671 -8.22e-05  -0.00255
    0.111  -0.00052   -0.0201   -0.0122  -0.00866  -0.00165 -1.07e-15 -1.07e-15 -0.000104  -0.00015 -8.49e-16  -0.00104  -0.00226 -0.000237   -0.0038 -0.000136 -0.000169  -0.00142  -0.00298 -0.000202 -3.04e-05  -0.00104 -7.65e-05 -0.000265  -0.00598  0.000352  -9.1e-06 -7.68e-05 -0.000391  2.98e-05  -0.00013 -0.000297 -0.000159 -0.000212    -0.004   -0.0012 -4.32e-06  4.64e-06 -0.000163 -0.000918  -2.7e-06 -0.000323  -0.00101  -0.00282 -0.000944   -0.0154 -7.06e-05  -0.00251         1  -0.00451  -0.00262  -0.00138 -0.000725  -0.00375  -0.00232  0.000425  -0.00435  2.55e-05  -0.00155  -0.00235  -0.00356 -0.000697  0.000366   2.1e-05  -0.00064  -0.00117    -0.031   -0.0136  -0.00516 -0.000436 -4.93e-05 -1.69e-05 -8.65e-07 -1.28e-07 -2.29e-08   -0.0016 -0.000735 -0.000211 -1.34e-05  -0.00222 -0.000107 -0.000141 -3.65e-05 -0.000334  -0.00048 -0.000703   -0.0154  -0.00071 -5.33e-05 -0.000964  -0.00826   -0.0115   -0.0028   0.00839  -0.00619  -0.00138  -0.00629  -0.00517  -0.00921  -0.00241 -0.000345  -0.00343  -0.00117 -2.46e-05  -0.00618   -0.0119 -0.000152  -0.00933
    0.132 -0.000375  -0.00677   -0.0116  -0.00066   0.00026  1.15e-15  1.15e-15  -0.00019  2.87e-05  1.37e-15  -0.00447  -0.00173 -0.000267  -0.00263  -0.00117  -0.00148  -0.00161  -0.00341 -0.000512 -5.46e-05 -0.000734 -0.000677  1.16e-05   -0.0102  -0.00107  -0.00177 -2.01e-05 -0.000423  -0.00102 -0.000142 -0.000842  0.000397  0.000217   -0.0105    -0.002 -2.19e-06 -2.99e-05 -8.42e-05  -0.00247 -1.15e-05  -0.00029  -0.00502   -0.0132  0.000299   -0.0326 -1.74e-05  0.000247  -0.00451         1  -0.00102   -0.0022   0.00111  -0.00133  -0.00231  -0.00159 -0.000961 -0.000471   -0.0019 -0.000853  -0.00683    0.0055  -0.00313   -0.0025  -0.00427 -0.000851   -0.0626   -0.0179  -0.00893  -0.00132  2.28e-05 -9.29e-06  -1.6e-06 -1.93e-07 -4.11e-08 -0.000345  -0.00115 -0.000215 -7.81e-05  -0.00275 -0.000345 -0.000192 -5.92e-05 -0.000174 -0.000429 -1.44e-05   -0.0131  -0.00173 -0.000166   -0.0133   -0.0238  -0.00363   0.00268  -0.00627   -0.0216  -0.00124   0.00328    -0.004  -0.00543  -0.00118 -0.000175  -0.00276 -0.000924 -3.03e-05  -0.00525   -0.0111  0.000686   -0.0143
   0.0988  -0.00101   -0.0129  -0.00457  -0.00524  -0.00115 -7.02e-16 -7.02e-16 -0.000266 -0.000938 -1.76e-16  0.000733 -0.000838 -8.69e-05  -0.00156   0.00013  0.000164 -0.000523  -0.00108 -0.000133 -8.48e-05  -0.00101  -0.00053 -0.000245  -0.00315  0.000196   0.00024 -0.000279 -0.000382 -9.53e-05 -0.000143 -3.33e-05 -0.000195  -0.00027  -0.00129 -0.000592 -5.26e-06 -7.22e-05    -5e-05 -0.000152 -5.82e-06  -0.00041 -0.000506 -0.000985   -0.0014  -0.00465 -0.000112  -0.00123  -0.00262  -0.00102         1  -0.00157 -0.000808 -0.000995   -0.0021 -0.000464    -0.001  0.000219  0.000301  -0.00133 -0.000788  -0.00169  0.000879  0.000737  0.000693 -0.000747  -0.00527  -0.00466 -0.000998 -0.000623 -4.57e-05  8.21e-07 -9.07e-07 -1.52e-07 -7.45e-09  -0.00141 -0.000197 -0.000112  1.52e-05 -0.000844  4.63e-05 -7.79e-05 -1.55e-05 -0.000425 -0.000356 -0.000989    -0.015  0.000119 -0.000228  0.000806  -0.00351  -0.00798   -0.0056   0.00164  -0.00898  -0.00135   -0.0112  -0.00317  -0.00437  -0.00199 -0.000454  -0.00237 -0.000538 -3.12e-05  -0.00371   -0.0123 -0.000321  -0.00275
 -0.00436  -0.00175   -0.0156  0.000748  -0.00545 -0.000929 -6.42e-16 -6.42e-16   -0.0004  -0.00127 -4.42e-16 -0.000671  -0.00199 -0.000182  -0.00209  5.62e-05  6.66e-05  -0.00107  -0.00225 -0.000501 -0.000176 -0.000739  -0.00145 -0.000409  -0.00455 -3.96e-05 -5.88e-05  -0.00028 -0.000499  -0.00112 -0.000275 -0.000157  -0.00026  -0.00022  -0.00333  -0.00056   3.8e-07 -0.000147  1.75e-05   -0.0011 -4.69e-06 -0.000197 -0.000781  -0.00462 -0.000366   -0.0133  -2.1e-05   0.00176  -0.00138   -0.0022  -0.00157         1  -0.00452  -0.00146  -0.00142  -0.00233 -0.000591  -0.00129  -0.00228 -0.000561  -0.00271  -0.00281 -0.000493  3.77e-05 -0.000616 -0.000464   -0.0235  -0.00968  -0.00443     9e-05  -5.5e-05  -3.1e-05  -2.3e-07 -4.06e-09 -9.68e-09 -0.000131  -0.00052  5.19e-05 -1.02e-05 -0.000926 -0.000117 -3.05e-05  -2.1e-05 -1.12e-05 -0.000263  8.29e-05   -0.0058  0.000522 -0.000188    0.0108   -0.0104   0.00767   0.00123   -0.0129   -0.0107 -0.000174   0.00121  -0.00189   -0.0038 -0.000979 -1.45e-05  -0.00138 -0.000212  -4.7e-06  -0.00243   0.00105 -0.000169  -0.00659
   0.0563  -0.00175   -0.0231   0.00205   -0.0095  -0.00164 -1.54e-15 -1.54e-15 -0.000392  -0.00171 -1.57e-15  2.78e-05  -0.00267 -0.000206   -0.0037  0.000445  0.000562   -0.0012  -0.00252 -0.000278 -0.000156 -0.000223 -0.000961 -0.000446  -0.00227  0.000318  0.000526 -0.000302 -0.000376  -0.00115 -0.000269  0.000181  -0.00047 -0.000293 -0.000348  0.000274  2.35e-06 -0.000151  2.59e-05 -0.000853  8.71e-07 -0.000157  0.000613  -0.00127 -0.000317  -0.00811  2.87e-05  0.000751 -0.000725   0.00111 -0.000808  -0.00452         1  -0.00244  -0.00112  -0.00185   -0.0017  -0.00175  -0.00246 -0.000731  -0.00209  -0.00574 -0.000159  0.000472  0.000265 -0.000308   -0.0173   -0.0102   -0.0043  0.000842 -7.01e-05 -4.56e-05  5.58e-07  1.35e-07 -1.71e-09 -2.53e-05 -0.000399  0.000182  2.68e-05 -0.000696 -0.000105    -2e-05 -1.12e-05  5.63e-05 -0.000255  4.12e-05   0.00442  0.000749  -0.00264    0.0123  -0.00413   0.00638 -0.000294   -0.0232   -0.0042  0.000171   0.00115  -0.00154  -0.00384 -0.000668 -4.24e-06 -0.000894 -4.23e-05  1.81e-05  -0.00227   0.00637 -0.000507  -0.00613
   0.0787 -0.000563   -0.0177   -0.0056  -0.00767  -0.00105 -1.09e-15 -1.09e-15 -7.66e-05 -0.000412  -1.4e-15    -0.002  -0.00212 -0.000208  -0.00405 -0.000206 -0.000259  -0.00123   -0.0026  1.45e-05 -9.59e-08 -1.05e-05  0.000213 -0.000226  -0.00443  0.000136 -8.05e-05  1.82e-05 -0.000114 -0.000528 -7.87e-05  9.11e-06  -0.00011 -6.01e-05  -0.00294 -0.000315 -7.47e-07 -4.81e-06 -9.44e-06  -0.00108  2.05e-07 -0.000128  -0.00116  -0.00322  1.94e-05   -0.0142 -2.53e-05   -0.0016  -0.00375  -0.00133 -0.000995  -0.00146  -0.00244         1  -0.00183  -0.00016  -0.00287 -0.000143  -0.00133  -0.00122  -0.00343 -0.000133  -0.00131  -0.00102  -0.00116 -0.000482   -0.0314   -0.0125  -0.00555  0.000418 -2.81e-05 -2.97e-05 -1.19e-07  6.39e-08 -1.44e-08 -6.69e-05 -0.000639  6.06e-06 -1.88e-05  -0.00155 -0.000185 -9.42e-05 -2.68e-05 -7.62e-05 -0.000343 -0.000228  -0.00378 -0.000166  -0.00233  -0.00377 -0.000733  -0.00428  0.000149   -0.0065  0.000933 -0.000117  -0.00138  -0.00244  -0.00448 -0.000883 -3.48e-05  -0.00143 -0.000347 -1.57e-06   -0.0033  -0.00141 -3.27e-06  -0.00867
-0.000888  -0.00172  -0.00767  -0.00474  -0.00627 -0.000351 -1.23e-15 -1.23e-15 -0.000388  -0.00155 -5.55e-16  -0.00247 -2.35e-05 -8.16e-05  -0.00316 -0.000784  -0.00099  -0.00049  -0.00101  0.000155 -3.24e-05 -0.000181  6.44e-05 -7.34e-05  -0.00367  0.000384 -0.000147 -0.000103 -0.000181 -0.000414 -0.000193 -4.58e-05  0.000331  6.46e-05  -0.00331 -0.000881 -3.09e-07 -9.63e-05  7.19e-05 -0.000784   1.4e-06 -0.000177  -0.00191  -0.00456  -0.00161  -0.00854 -9.03e-05  -0.00252  -0.00232  -0.00231   -0.0021  -0.00142  -0.00112  -0.00183         1 -0.000454 -0.000268   0.00273   0.00206  -0.00221  -0.00231   0.00618  -0.00128  -0.00108  -0.00176 -0.000474    -0.023  -0.00778  -0.00339 -0.000981  6.23e-05  2.48e-05 -1.93e-07  1.99e-07  5.09e-09 -0.000276 -0.000448   5.4e-05 -1.49e-05 -0.000988 -7.44e-05 -2.32e-05 -1.28e-05  -4.3e-05 -0.000418  -0.00014  -0.00263  0.000605  -0.00129   -0.0164  -0.00182  -0.00631   0.00114    0.0133  -0.00759 -0.000652  -0.00151  -0.00186  -0.00367  -0.00112 -0.000121 -0.000995 -0.000155 -2.62e-05  -0.00207  -0.00624  0.000504  -0.00574
  -0.0144  -0.00074  -0.00526  0.000838   -0.0013 -0.000191  2.15e-17  2.15e-17 -0.000239 -0.000708   1.3e-16 -0.000503 -0.000795 -7.87e-05 -0.000809 -4.92e-05 -6.47e-05 -0.000461 -0.000974 -0.000265 -8.46e-05 -0.000325 -0.000758 -0.000161  -0.00223  -0.00027 -0.000209 -0.000161  -0.00026 -0.000648  -0.00012 -0.000109 -7.73e-05 -6.66e-05  -0.00194 -0.000296  4.49e-07 -7.83e-05  1.58e-05 -0.000654 -3.38e-06 -0.000136 -0.000747  -0.00308 -3.66e-05  -0.00718  3.55e-08   0.00115  0.000425  -0.00159 -0.000464  -0.00233  -0.00185  -0.00016 -0.000454         1  0.000325 -0.000788  -0.00102  5.98e-05  -0.00143  -0.00101 -0.000632 -0.000206 -0.000583 -0.000148   -0.0124  -0.00431  -0.00216 -5.29e-05 -2.03e-05  -1.3e-05 -2.37e-07 -2.41e-08  -6.5e-09  2.73e-05 -0.000224  2.66e-05 -7.92e-06 -0.000396 -6.89e-05 -2.75e-05 -1.24e-05 -4.91e-05 -0.000101 -1.16e-05  -0.00231 -3.49e-05 -0.000337   0.00336  -0.00647   0.00443 -0.000154   -0.0114  -0.00753 -0.000154 -4.36e-05 -0.000755  -0.00107 -0.000339  -6.6e-05  -0.00061  -6.5e-05  -3.2e-06  -0.00105 -0.000753 -3.19e-05  -0.00315
   0.0464 -0.000187   -0.0199  -0.00697  -0.00794  -0.00153 -9.83e-16 -9.83e-16  5.21e-05 -7.57e-05 -1.21e-15 -0.000404  -0.00232   -0.0002  -0.00344  0.000196  0.000251  -0.00118   -0.0025 -7.91e-06 -9.62e-06 -0.000204  0.000252 -0.000181  -0.00344  0.000277  0.000173 -3.26e-05 -0.000109 -0.000206 -6.42e-05  2.52e-05  -0.00028 -0.000165  -0.00135 -7.04e-05 -2.68e-06  1.41e-05 -8.37e-05 -0.000617 -1.21e-06 -0.000167 -0.000296 -0.000736 -0.000142   -0.0102  -1.7e-05  -0.00178  -0.00435 -0.000961    -0.001 -0.000591   -0.0017  -0.00287 -0.000268  0.000325         1 -0.000911  -0.00158  -0.00124  -0.00246  -0.00306  4.92e-05  1.14e-05  4.77e-05 -0.000623   -0.0208   -0.0107  -0.00407  0.000375 -5.54e-05 -3.18e-05 -1.91e-07 -4.54e-08 -1.58e-08 -0.000745   -0.0005 -5.63e-05  1.08e-05  -0.00147 -0.000111 -0.000105  -2.1e-05 -0.000151 -0.000328 -0.000474  -0.00455 -0.000253  -0.00224   0.00122  -0.00168  -0.00831  -0.00195  -0.00643  0.000513 -0.000539  -0.00308  -0.00295  -0.00505  -0.00114  -0.00014  -0.00184 -0.000551  1.36e-06  -0.00397  -0.00232 -0.000365  -0.00685
   0.0267 -4.03e-05   -0.0109 -6.94e-05  -0.00228 -0.000939  1.14e-16  1.14e-16 -8.04e-06 -0.000129  1.53e-17   0.00147  -0.00164 -0.000103 -0.000505  0.000605  0.000764 -0.000599  -0.00128 -0.000297 -8.89e-05 -0.000315 -0.000625 -0.000129 -0.000765 -0.000147  0.000144 -0.000188 -0.000195 -0.000398 -8.06e-05 -2.54e-05 -0.000397 -0.000203  0.000459  0.000332 -8.95e-07 -4.05e-05 -7.83e-05 -0.000201 -4.22e-06 -0.000126  0.000617  0.000401  0.000302  -0.00323  4.86e-05   0.00127  2.55e-05 -0.000471  0.000219  -0.00129  -0.00175 -0.000143   0.00273 -0.000788 -0.000911         1  -0.00225  0.000392 -0.000537  -0.00634  0.000833  0.000997  0.000978 -0.000213  -0.00174  -0.00347  -0.00107  0.000396 -7.12e-05 -3.21e-05 -6.37e-08  -1.4e-07 -1.08e-08 -0.000526 -9.36e-05 -1.14e-05   3.2e-05 -0.000337 -2.09e-05 -4.78e-05  -6.1e-06 -7.16e-05 -4.05e-05 -0.000188  0.000472 -0.000238  -0.00106    0.0125  -0.00688   0.00128  -0.00225   -0.0195  -0.00513  -0.00033 -0.000216   -0.0011  -0.00144 -0.000293 -0.000111 -0.000861 -0.000246  1.41e-05  -0.00176   0.00208 -0.000602  -0.00171
 -0.00649 -1.75e-05   -0.0102 -0.000762   -0.0022 -0.000542  6.16e-17  6.16e-17 -6.05e-05  3.55e-05 -3.78e-16 -0.000662  -0.00202 -0.000163  -0.00156  0.000168  0.000212 -0.000959  -0.00204 -0.000364 -5.51e-05 -0.000231 -0.000609 -0.000232  -0.00284  -0.00037 -0.000232 -4.91e-05 -0.000229 -0.000657 -5.66e-05 -0.000154 -0.000271 -0.000102  -0.00221 -0.000159  1.15e-06 -1.65e-05 -5.08e-05 -0.000948 -2.52e-06 -6.82e-05 -0.000353  -0.00268  0.000924   -0.0116  5.32e-05    0.0015  -0.00155   -0.0019  0.000301  -0.00228  -0.00246  -0.00133   0.00206  -0.00102  -0.00158  -0.00225         1  0.000408  -0.00245  -0.00378 -0.000751 -0.000319 -0.000633 -0.000194   -0.0212  -0.00796  -0.00395  0.000692 -6.16e-05 -4.24e-05 -1.12e-07 -7.15e-08 -1.83e-08  0.000156 -0.000405 -1.17e-05 -1.72e-05 -0.000875 -0.000153 -6.69e-05 -2.26e-05 -1.76e-05 -5.36e-05   9.6e-05  -0.00174 -0.000649 -0.000573   0.00962  -0.00726   0.00583  0.000255   -0.0195  -0.00259  0.000182   0.00189  -0.00127  -0.00239 -0.000198  1.95e-05 -0.000906 -0.000283  1.25e-05  -0.00191   0.00231 -0.000216  -0.00566
   0.0308 -0.000796   -0.0114  -0.00439   -0.0056  -0.00103  -8.2e-16  -8.2e-16 -7.22e-05 -0.000593 -4.09e-16   0.00028 -0.000781 -8.06e-05  -0.00172  6.71e-05  8.67e-05 -0.000481 -0.000996  3.13e-05 -4.99e-05 -0.000298 -8.11e-06 -4.61e-05   -0.0017  0.000465  0.000247 -0.000129 -0.000113 -5.86e-05 -0.000133  1.31e-05 -7.29e-05 -0.000114 -0.000391 -0.000157 -2.36e-06 -4.64e-05 -3.74e-05 -8.63e-05 -1.06e-06 -0.000134 -0.000147 -0.000187  -0.00107  -0.00262 -4.07e-05  -0.00156  -0.00235 -0.000853  -0.00133 -0.000561 -0.000731  -0.00122  -0.00221  5.98e-05  -0.00124  0.000392  0.000408         1 -0.000751 -0.000601  0.000742  0.000547   0.00036 -0.000493  -0.00563   -0.0047  -0.00123 -0.000444 -6.83e-06   2.2e-06 -9.65e-08  9.19e-09  -1.4e-10 -0.000876 -0.000216 -1.58e-05  2.73e-05  -0.00068  9.38e-06 -2.96e-05 -2.75e-06 -5.97e-05 -0.000276 -0.000287  -0.00182  0.000473  -0.00111  -0.00176  -0.00264  -0.00772 -0.000846    0.0056  -0.00458 -0.000759  -0.00145  -0.00186  -0.00331 -0.000975 -0.000128  -0.00114 -0.000316 -7.82e-06  -0.00233  -0.00243  -0.00019  -0.00263
   0.0469 -0.000508    -0.018    -0.009  -0.00583 -0.000267 -7.06e-17 -7.06e-17 -0.000132 -0.000205 -7.14e-16  -0.00557  -0.00294 -0.000345  -0.00534  -0.00104  -0.00132  -0.00205  -0.00436 -0.000193  6.93e-06  6.41e-05 -1.85e-05 -0.000211   -0.0103 -0.000857  -0.00138  0.000112 -0.000204  -0.00141  -7.9e-05 -0.000374  0.000185  0.000179  -0.00943  -0.00117 -9.95e-07  8.04e-07  3.19e-05  -0.00274 -6.91e-06 -0.000216  -0.00472   -0.0121   0.00105   -0.0351 -3.09e-05 -0.000668  -0.00356  -0.00683 -0.000788  -0.00271  -0.00209  -0.00343  -0.00231  -0.00143  -0.00246 -0.000537  -0.00245 -0.000751         1   0.00408  -0.00453  -0.00349  -0.00428 -0.000587   -0.0715   -0.0223   -0.0112  0.000146 -8.43e-06 -4.39e-05 -9.78e-07 -8.74e-09 -3.95e-08  0.000719   -0.0013 -5.06e-05  -8.8e-05   -0.0029 -0.000455 -0.000202 -6.29e-05  -0.00012 -0.000501 -9.51e-05  -0.00993  -0.00117  -0.00319   -0.0141   -0.0101  -0.00194   0.00296   -0.0188  -0.00712 -0.000114   0.00133  -0.00331  -0.00454 -0.000765  1.14e-05  -0.00208  -0.00045 -1.38e-05  -0.00481  -0.00466  0.000579    -0.017
    0.119  -0.00118   -0.0394   0.00147   -0.0128  -0.00456 -1.53e-15 -1.53e-15 -0.000171  -0.00164  -7.4e-16   0.00985  -0.00384 -0.000145 -0.000603   0.00294   0.00372 -0.000823  -0.00171 -0.000592 -0.000342  -0.00164  -0.00184 -0.000482   0.00397   0.00111   0.00236 -0.000928 -0.000679 -5.75e-05 -0.000367  0.000468  -0.00161  -0.00108   0.00963   0.00181 -6.55e-06 -0.000204 -0.000293   0.00171 -7.54e-06 -0.000562   0.00605    0.0125  -0.00194    0.0177  5.68e-05   0.00124 -0.000697    0.0055  -0.00169  -0.00281  -0.00574 -0.000133   0.00618  -0.00101  -0.00306  -0.00634  -0.00378 -0.000601   0.00408         1   0.00752   0.00688   0.00769 -0.000978    0.0499    0.0012   0.00466  0.000724 -0.000246 -6.12e-05  3.45e-07 -3.95e-07  2.46e-09  -0.00369  0.000558 -5.48e-06  0.000213  0.000432  0.000372 -3.65e-05  2.68e-05  -0.00044 -0.000193  -0.00148   0.00114   0.00106  -0.00266    0.0474  -0.00988  -0.00733   -0.0145   -0.0375   -0.0131  -0.00213   -0.0122  -0.00398  -0.00632  -0.00237 -0.000739  -0.00309 -0.000835  3.24e-05  -0.00541   0.00153  -0.00275   0.00546
  -0.0596  0.000443   0.00467  -0.00127    0.0024   0.00145  5.66e-16  5.66e-16 -5.33e-05  0.000348 -3.42e-16  -0.00545 -0.000377 -0.000107  -0.00226  -0.00121  -0.00154 -0.000641  -0.00139  6.88e-05  0.000121   0.00071  0.000487 -4.05e-05  -0.00497  -0.00102   -0.0013   0.00033  0.000112 -0.000805  0.000136 -0.000195   0.00045  0.000384  -0.00643 -0.000756  3.09e-06  6.88e-05   0.00013  -0.00184 -2.19e-08     6e-05   -0.0036  -0.00878   0.00176   -0.0206 -1.24e-06  0.000183  0.000366  -0.00313  0.000879 -0.000493 -0.000159  -0.00131  -0.00128 -0.000632  4.92e-05  0.000833 -0.000751  0.000742  -0.00453   0.00752         1   -0.0039  -0.00419  0.000297   -0.0459  -0.00951  -0.00648  0.000492  4.76e-05 -1.69e-05 -4.24e-07  1.17e-07 -2.03e-08   0.00193 -0.000649  2.77e-05 -0.000111  -0.00115 -0.000342 -8.66e-05 -3.88e-05  2.57e-05 -5.02e-05  0.000342   -0.0034  -0.00121  -0.00116   -0.0174   0.00132   0.00635   0.00411   -0.0111   0.00396   0.00105   0.00234  0.000403    0.0013  0.000765  0.000209  0.000388  0.000242 -6.86e-06  0.000185  -0.00138  0.000995  -0.00883
  -0.0375  0.000511   0.00551  -0.00149   0.00247   0.00129  5.06e-16  5.06e-16  3.64e-05  0.000549 -2.54e-16   -0.0045 -6.81e-05 -6.93e-05  -0.00153  -0.00104  -0.00131 -0.000419 -0.000912  0.000112  0.000119  0.000647  0.000567  1.63e-05  -0.00387 -0.000764  -0.00108  0.000328  0.000164 -0.000502  0.000137 -0.000164  0.000418  0.000347  -0.00517 -0.000619  2.17e-06  7.83e-05  0.000107  -0.00138  3.44e-07  0.000101  -0.00295  -0.00683   0.00144   -0.0159 -8.38e-06 -8.48e-05   2.1e-05   -0.0025  0.000737  3.77e-05  0.000472  -0.00102  -0.00108 -0.000206  1.14e-05  0.000997 -0.000319  0.000547  -0.00349   0.00688   -0.0039         1  -0.00341  0.000261   -0.0359  -0.00694  -0.00491  0.000346  4.75e-05 -9.31e-06 -3.35e-07  9.82e-08 -1.55e-08   0.00161 -0.000512  6.99e-06 -9.32e-05 -0.000892  -0.00027 -6.16e-05 -2.92e-05  5.56e-05 -2.64e-05  0.000336  -0.00303 -0.000901  -0.00064   -0.0154   0.00228   0.00407   0.00413  -0.00386   0.00495  0.000911   0.00264   0.00053   0.00134  0.000711  0.000223  0.000474  0.000215 -6.67e-06  0.000442 -0.000748  0.000874  -0.00667
   -0.055  0.000273   0.00549  -0.00233   0.00238   0.00135  5.92e-16  5.92e-16 -5.95e-05  0.000343  -1.7e-17  -0.00504  -0.00021 -9.86e-05  -0.00183   -0.0012  -0.00152 -0.000593  -0.00128 -5.61e-06  9.35e-05  0.000505  0.000323  9.57e-06  -0.00482 -0.000853  -0.00126  0.000294  5.89e-05 -0.000677   8.4e-05 -0.000302  0.000484  0.000373  -0.00641 -0.000944  3.07e-06  5.23e-05   9.3e-05  -0.00171  1.67e-08  8.04e-05  -0.00338  -0.00853   0.00136   -0.0193  5.63e-06  0.000182  -0.00064  -0.00427  0.000693 -0.000616  0.000265  -0.00116  -0.00176 -0.000583  4.77e-05  0.000978 -0.000633   0.00036  -0.00428   0.00769  -0.00419  -0.00341         1  0.000167   -0.0433  -0.00894  -0.00598  0.000106  5.72e-05 -7.79e-06 -3.94e-07  1.09e-07 -1.79e-08   0.00157 -0.000642   1.6e-06 -0.000101  -0.00115 -0.000305 -6.89e-05 -3.47e-05  8.47e-05 -5.93e-05  0.000483   -0.0025  -0.00108 -0.000365   -0.0161  -0.00237   0.00545   0.00501  -0.00421  0.000719  0.000778   0.00457  0.000117   0.00035    0.0006  0.000217   0.00022  8.98e-05 -8.12e-06 -2.86e-05  -0.00123   0.00099  -0.00829
  -0.0116 -0.000284  -0.00591  -0.00234  -0.00223 -0.000505 -2.05e-16 -2.05e-16 -5.87e-05 -0.000251 -4.76e-17  0.000212 -0.000551 -5.23e-05 -0.000762   6.7e-05  8.51e-05 -0.000312 -0.000653 -6.37e-05  -3.2e-05 -0.000304 -0.000156 -6.14e-05  -0.00133  5.67e-05   3.8e-05  -9.2e-05 -0.000123 -7.92e-05 -5.71e-05 -3.88e-05 -8.14e-05 -8.54e-05  -0.00061 -0.000172 -1.72e-06 -2.22e-05 -3.34e-05 -0.000145  -2.2e-06  -0.00013 -0.000231 -0.000563 -0.000394  -0.00285  -2.3e-05 -0.000439  -0.00117 -0.000851 -0.000747 -0.000464 -0.000308 -0.000482 -0.000474 -0.000148 -0.000623 -0.000213 -0.000194 -0.000493 -0.000587 -0.000978  0.000297  0.000261  0.000167         1  -0.00438  -0.00275 -0.000828   -0.0002 -1.77e-05 -3.42e-06 -2.73e-07  -5.7e-08 -4.68e-09 -0.000525 -0.000125 -4.02e-05  8.82e-06 -0.000438 -3.95e-06 -3.62e-05 -6.59e-06 -0.000117 -0.000136 -0.000287  -0.00373 -4.07e-05 -0.000394  0.000539  -0.00269  -0.00334  -0.00157  -0.00115  -0.00373   -0.0005  -0.00253  -0.00126  -0.00182  -0.00064 -0.000139 -0.000886 -0.000239  -6.9e-06  -0.00158  -0.00325 -0.000145   -0.0017
   0.0575  -0.00364    -0.138   -0.0778   -0.0445   0.00049  5.84e-17  5.84e-17   -0.0011  -0.00076 -6.76e-15   -0.0564   -0.0246  -0.00303    -0.048    -0.011    -0.014    -0.018   -0.0383  -0.00142  0.000289   0.00184  0.000881  -0.00177   -0.0945  -0.00847   -0.0137   0.00165  -0.00141   -0.0128 -0.000435  -0.00351   0.00249   0.00223   -0.0899   -0.0113 -1.85e-06  0.000148  0.000501   -0.0259 -5.38e-05  -0.00149   -0.0453    -0.116    0.0116    -0.326  -0.00027  -0.00572    -0.031   -0.0626  -0.00527   -0.0235   -0.0173   -0.0314    -0.023   -0.0124   -0.0208  -0.00174   -0.0212  -0.00563   -0.0715    0.0499   -0.0459   -0.0359   -0.0433  -0.00438         1    -0.201    -0.105   0.00188  4.68e-05 -0.000381 -8.55e-06   2.4e-07 -3.56e-07   0.00952    -0.012 -0.000371 -0.000938   -0.0261  -0.00437  -0.00177 -0.000583 -0.000724  -0.00424  0.000301   -0.0871   -0.0113    -0.027    -0.149     -0.08  -0.00473    0.0362    -0.156   -0.0485    0.0012    0.0206   -0.0264   -0.0362   -0.0049  0.000705   -0.0162  -0.00331 -0.000127   -0.0388   -0.0377   0.00683    -0.157
   -0.111   -0.0032   -0.0897   -0.0322   -0.0326  -0.00437 -2.39e-15 -2.39e-15 -0.000437  -0.00206 -3.58e-15   -0.0123   -0.0117  -0.00122   -0.0192  -0.00176  -0.00223  -0.00721   -0.0153  -0.00059 -0.000171 -0.000454 -0.000426 -0.000845   -0.0313  -0.00119  -0.00267 -0.000161 -0.000863  -0.00437  -0.00057 -0.000737 -0.000231 -3.77e-05    -0.024  -0.00251 -9.02e-06 -0.000134 -3.85e-05  -0.00752 -2.37e-05 -0.000958   -0.0117   -0.0306  0.000916      -0.1 -0.000125  -0.00431   -0.0136   -0.0179  -0.00466  -0.00968   -0.0102   -0.0125  -0.00778  -0.00431   -0.0107  -0.00347  -0.00796   -0.0047   -0.0223    0.0012  -0.00951  -0.00694  -0.00894  -0.00275    -0.201         1   -0.0337  0.000388  -0.00013 -0.000158 -2.53e-06 -8.98e-08 -1.13e-07 -0.000317  -0.00398 -0.000105 -0.000125  -0.00942  -0.00121 -0.000644 -0.000174  -0.00048  -0.00201  -0.00115   -0.0271  -0.00183   -0.0135   -0.0268   -0.0336   -0.0217    0.0035   -0.0626   -0.0284  -0.00195 -0.000442   -0.0136     -0.02  -0.00426 -0.000289  -0.00853  -0.00191 -2.92e-05   -0.0194   -0.0116  0.000291   -0.0526
   0.0232  -0.00097   -0.0307   -0.0123   -0.0106 -0.000745 -5.19e-16 -5.19e-16 -0.000187 -0.000478 -1.55e-15  -0.00796  -0.00476 -0.000531  -0.00845  -0.00137  -0.00174  -0.00315  -0.00669 -0.000256 -4.55e-06  0.000256  -1.3e-05 -0.000356   -0.0148  -0.00105   -0.0018  0.000152 -0.000272  -0.00219 -0.000149 -0.000441  0.000169  0.000221    -0.013  -0.00142 -5.98e-07 -1.31e-05  5.85e-05    -0.004 -8.41e-06 -0.000266  -0.00642    -0.017   0.00156   -0.0507 -2.83e-05  -0.00101  -0.00516  -0.00893 -0.000998  -0.00443   -0.0043  -0.00555  -0.00339  -0.00216  -0.00407  -0.00107  -0.00395  -0.00123   -0.0112   0.00466  -0.00648  -0.00491  -0.00598 -0.000828    -0.105   -0.0337         1  0.000532 -2.21e-05 -7.37e-05 -1.07e-06   5.2e-08 -5.48e-08   0.00117  -0.00192 -1.19e-05 -0.000117  -0.00422 -0.000676 -0.000281 -8.83e-05 -8.04e-05 -0.000749 -6.47e-06   -0.0107  -0.00137  -0.00539   -0.0179   -0.0134  -0.00188   0.00515   -0.0302  -0.00826  7.55e-05   0.00384  -0.00467  -0.00688 -0.000985  0.000103  -0.00282 -0.000568 -1.01e-05  -0.00695   -0.0028   0.00072   -0.0253
   0.0233 -0.000259  0.000444  -0.00177 -1.42e-05 -7.88e-05  1.06e-16  1.06e-16  -5.8e-05 -0.000207     5e-16  0.000342  0.000304  1.17e-05  0.000307 -6.08e-05 -7.67e-05  6.36e-05  0.000142 -3.74e-05 -2.81e-05 -0.000299 -0.000152  5.36e-05 -0.000478   5.1e-05 -4.98e-05 -8.46e-05 -8.47e-05  9.06e-05 -5.13e-05 -9.61e-05  6.64e-05 -1.59e-05 -0.000402 -0.000273  -1.5e-06 -2.59e-05 -2.52e-05  8.74e-05 -2.11e-06 -8.76e-05 -0.000301 -0.000469 -0.000626  0.000334 -2.49e-05 -0.000348 -0.000436  -0.00132 -0.000623     9e-05  0.000842  0.000418 -0.000981 -5.29e-05  0.000375  0.000396  0.000692 -0.000444  0.000146  0.000724  0.000492  0.000346  0.000106   -0.0002   0.00188  0.000388  0.000532         1  1.12e-05  1.41e-05 -2.84e-07 -5.01e-08  5.39e-10 -0.000538  7.21e-06 -4.76e-05  9.93e-06 -9.72e-05  4.25e-05 -6.99e-06  6.32e-07 -7.07e-05 -7.62e-05  -0.00016  -0.00248  4.83e-05  0.000381  -0.00207   -0.0035  -0.00341 -0.000816   0.00551  -0.00557 -0.000585  -0.00124 -0.000662  -0.00079 -0.000441 -0.000122   -0.0005 -0.000168 -1.09e-05 -0.000699  -0.00369  5.06e-06   0.00033
  0.00438 -1.17e-05 -0.000539 -5.35e-05 -0.000159 -4.97e-05 -1.53e-17 -1.53e-17 -4.64e-06 -1.76e-05 -1.42e-17  6.95e-05 -6.07e-05 -3.84e-06 -4.06e-05  2.47e-05  3.13e-05 -2.25e-05 -4.74e-05 -9.17e-06 -3.27e-06 -2.77e-05 -2.34e-05 -1.05e-05 -4.86e-05  8.93e-07   1.6e-05 -9.82e-06  -1.2e-05 -7.11e-06 -3.15e-06  2.29e-06 -1.81e-05 -1.26e-05  2.52e-05  3.86e-06 -1.26e-07 -1.72e-06 -3.16e-06 -6.11e-07 -1.82e-07 -1.16e-05  2.88e-05  4.92e-05  -1.3e-05 -7.98e-05 -9.36e-07  8.96e-06 -4.93e-05  2.28e-05 -4.57e-05  -5.5e-05 -7.01e-05 -2.81e-05  6.23e-05 -2.03e-05 -5.54e-05 -7.12e-05 -6.16e-05 -6.83e-06 -8.43e-06 -0.000246  4.76e-05  4.75e-05  5.72e-05 -1.77e-05  4.68e-05  -0.00013 -2.21e-05  1.12e-05         1 -1.04e-06 -1.73e-08  -7.1e-09 -4.04e-10 -4.03e-05 -2.24e-06 -2.55e-06  1.18e-06 -1.81e-05  1.31e-06 -2.72e-06 -4.13e-07 -1.26e-05 -5.95e-06 -2.97e-05 -0.000322 -7.46e-06 -2.85e-05  0.000442  -0.00012 -9.57e-05 -0.000223 -0.000563 -0.000171 -2.93e-05 -0.000319 -8.57e-05 -0.000115  -4.7e-05 -1.31e-05 -6.71e-05 -1.59e-05  -1.6e-07 -0.000111 -0.000202 -2.66e-05 -5.72e-05
-0.000737 -2.15e-06 -0.000253 -2.52e-05 -7.47e-05  -1.4e-05 -5.36e-18 -5.36e-18  3.45e-07 -4.21e-07 -1.49e-17 -1.41e-05 -3.81e-05 -3.07e-06 -4.06e-05  3.03e-06  3.81e-06 -1.81e-05 -3.84e-05 -2.77e-06 -5.66e-07  9.69e-07 -3.61e-06 -3.68e-06 -5.48e-05 -3.65e-06 -2.28e-06 -3.19e-07 -1.63e-06 -1.19e-05 -7.55e-07  2.77e-07 -4.88e-06 -1.66e-06 -3.16e-05  2.69e-06 -6.13e-09 -9.18e-08 -1.86e-07 -1.54e-05 -4.77e-08 -1.26e-06 -1.04e-05 -4.09e-05  1.39e-05 -0.000204  3.66e-07  8.83e-06 -1.69e-05 -9.29e-06  8.21e-07  -3.1e-05 -4.56e-05 -2.97e-05  2.48e-05  -1.3e-05 -3.18e-05 -3.21e-05 -4.24e-05   2.2e-06 -4.39e-05 -6.12e-05 -1.69e-05 -9.31e-06 -7.79e-06 -3.42e-06 -0.000381 -0.000158 -7.37e-05  1.41e-05 -1.04e-06         1  -1.1e-09 -6.34e-10 -2.91e-10  3.99e-06 -7.73e-06  3.86e-07 -1.54e-07 -1.72e-05 -2.87e-06 -1.35e-06 -3.58e-07 -4.35e-07 -2.67e-06 -1.44e-06 -2.77e-05 -4.18e-06 -3.54e-05  9.67e-05 -4.39e-05  2.74e-05  1.92e-06 -0.000332  1.06e-05   3.8e-06  8.89e-06 -2.14e-05 -3.22e-05 -3.48e-06   7.3e-07 -1.39e-05 -2.28e-06  2.05e-07 -3.59e-05  5.33e-05 -4.53e-06 -0.000108
-1.53e-05  1.93e-08 -1.95e-06 -2.63e-06  2.41e-08 -4.36e-08  2.36e-19  2.36e-19 -9.56e-08    -9e-08  2.83e-19 -4.13e-07 -2.52e-07    -4e-08 -4.42e-07 -1.43e-07 -1.81e-07 -2.44e-07 -5.18e-07 -9.44e-08 -4.83e-09 -4.36e-07 -1.75e-07 -8.01e-08 -2.21e-06  -3.2e-07 -2.64e-07 -6.41e-08 -1.67e-07 -7.21e-08  4.91e-09 -1.18e-07 -1.06e-09 -4.38e-08 -1.85e-06 -4.79e-07  -2.5e-09 -5.37e-10 -2.48e-08 -3.48e-07  -4.3e-09 -2.14e-07 -9.93e-07 -2.06e-06 -1.27e-07 -5.59e-06 -4.73e-08 -2.33e-07 -8.65e-07  -1.6e-06 -9.07e-07  -2.3e-07  5.58e-07 -1.19e-07 -1.93e-07 -2.37e-07 -1.91e-07 -6.37e-08 -1.12e-07 -9.65e-08 -9.78e-07  3.45e-07 -4.24e-07 -3.35e-07 -3.94e-07 -2.73e-07 -8.55e-06 -2.53e-06 -1.07e-06 -2.84e-07 -1.73e-08  -1.1e-09         1  -1.3e-10  -1.1e-11 -4.09e-07 -1.42e-07  -9.9e-08 -1.67e-08 -5.43e-07 -2.86e-08 -6.85e-08 -1.64e-08 -2.76e-07 -1.19e-07 -5.24e-07 -9.68e-06 -5.82e-07  1.21e-07 -2.56e-06 -2.61e-06 -2.83e-06 -3.07e-06 -3.21e-06 -4.58e-06 -5.89e-07  -6.3e-06 -1.43e-06 -1.31e-06 -7.73e-07  -2.5e-07 -1.16e-06 -2.81e-07 -1.86e-08 -1.72e-06 -8.33e-06  1.62e-08 -2.11e-06
  1.9e-06  2.99e-08 -5.39e-07 -4.13e-07  3.47e-08 -6.22e-08  6.32e-20  6.32e-20 -4.86e-09   1.2e-08  8.63e-20  1.71e-07 -6.24e-08 -4.37e-09  5.45e-08  3.65e-08  4.61e-08 -2.69e-08 -5.69e-08 -2.77e-08 -5.41e-09 -1.06e-07 -5.68e-08 -1.15e-08 -2.18e-07 -3.98e-08 -8.57e-09 -2.27e-08 -3.26e-08  1.53e-08 -4.36e-10 -1.76e-08 -2.64e-08 -2.39e-08 -8.59e-08 -4.34e-08 -6.27e-10 -4.26e-10 -1.21e-08  5.19e-09 -9.85e-10 -4.05e-08 -3.87e-08 -2.92e-08 -4.11e-08  -3.3e-07  -6.5e-09  1.83e-08 -1.28e-07 -1.93e-07 -1.52e-07 -4.06e-09  1.35e-07  6.39e-08  1.99e-07 -2.41e-08 -4.54e-08  -1.4e-07 -7.15e-08  9.19e-09 -8.74e-09 -3.95e-07  1.17e-07  9.82e-08  1.09e-07  -5.7e-08   2.4e-07 -8.98e-08   5.2e-08 -5.01e-08  -7.1e-09 -6.34e-10  -1.3e-10         1 -1.84e-12 -1.46e-07 -3.99e-10 -2.22e-08  1.27e-09 -5.74e-08  6.33e-09  -1.1e-08 -1.72e-09 -5.29e-08 -1.41e-08 -1.11e-07 -1.69e-06 -8.82e-08  6.38e-08  5.58e-07 -6.64e-07 -6.82e-07 -7.52e-07 -7.77e-07 -9.65e-07 -1.43e-07 -1.21e-06 -2.68e-07  -2.3e-07 -1.52e-07 -5.26e-08 -2.29e-07 -6.33e-08 -2.59e-09 -3.27e-07 -1.37e-06 -4.87e-08 -3.99e-08
-4.89e-07  2.42e-09 -9.82e-08  -6.2e-08 -1.78e-08 -2.38e-09  4.15e-21  4.15e-21 -3.98e-10  2.17e-09 -3.43e-23 -2.22e-08 -1.75e-08 -1.89e-09 -2.33e-08 -3.73e-09 -4.74e-09 -1.13e-08  -2.4e-08 -2.07e-09  7.56e-11 -3.55e-09 -1.36e-09 -1.56e-09 -6.01e-08 -7.45e-09 -8.03e-09  1.05e-10 -2.09e-09 -5.83e-09  1.38e-10 -2.65e-09 -2.83e-10  6.65e-11 -5.14e-08 -7.48e-09 -3.04e-11  2.72e-10 -4.12e-10 -1.39e-08 -7.54e-11 -2.72e-09 -2.55e-08 -6.14e-08  7.17e-09 -1.94e-07 -3.51e-10  -1.4e-09 -2.29e-08 -4.11e-08 -7.45e-09 -9.68e-09 -1.71e-09 -1.44e-08  5.09e-09  -6.5e-09 -1.58e-08 -1.08e-08 -1.83e-08  -1.4e-10 -3.95e-08  2.46e-09 -2.03e-08 -1.55e-08 -1.79e-08 -4.68e-09 -3.56e-07 -1.13e-07 -5.48e-08  5.39e-10 -4.04e-10 -2.91e-10  -1.1e-11 -1.84e-12         1 -1.18e-09 -6.38e-09 -1.38e-09 -4.79e-10  -1.7e-08 -2.18e-09  -1.6e-09 -4.19e-10 -3.21e-09 -2.62e-09 -5.62e-09 -1.31e-07 -1.28e-08 -1.24e-08 -4.67e-08 -6.78e-08 -3.25e-08 -2.21e-08 -1.52e-07 -5.68e-08 -5.37e-09 -5.32e-08 -2.68e-08 -2.88e-08 -9.06e-09 -2.25e-09 -1.97e-08 -4.98e-09 -1.66e-10 -3.68e-08 -8.75e-08  9.88e-10 -8.71e-08
   0.0244 -0.000447  -0.00873  -0.00321  -0.00342  -0.00111 -3.73e-16 -3.73e-16 -0.000123 -0.000587  1.94e-16   0.00211  -0.00051 -2.94e-05 -0.000355  0.000462  0.000586 -0.000175 -0.000355  -0.00011 -7.73e-05 -0.000749 -0.000369  -7.5e-05 -0.000173  0.000291  0.000444 -0.000269 -0.000255  0.000194 -0.000109 -3.68e-07 -0.000249 -0.000251   0.00123 -8.14e-05 -3.65e-06 -5.49e-05 -9.85e-05  0.000388 -3.47e-06 -0.000277  0.000754     0.002   -0.0012   0.00298  -3.6e-05 -0.000836   -0.0016 -0.000345  -0.00141 -0.000131 -2.53e-05 -6.69e-05 -0.000276  2.73e-05 -0.000745 -0.000526  0.000156 -0.000876  0.000719  -0.00369   0.00193   0.00161   0.00157 -0.000525   0.00952 -0.000317   0.00117 -0.000538 -4.03e-05  3.99e-06 -4.09e-07 -1.46e-07 -1.18e-09         1  7.97e-05 -8.54e-05  4.78e-05 -0.000239  0.000117 -3.92e-05  7.69e-07 -0.000276 -0.000175 -0.000709  -0.00555  3.47e-05  -0.00022   0.00488  -0.00444  -0.00755  -0.00528 -0.000285  -0.00792  -0.00124  -0.00693  -0.00215  -0.00306  -0.00131 -0.000383   -0.0016 -0.000479 -1.18e-05  -0.00255   -0.0072 -0.000529  0.000703
  -0.0159 -0.000137   -0.0039  -0.00173  -0.00136 -0.000128 -6.17e-17 -6.17e-17 -1.98e-06 -1.33e-05 -1.52e-16 -0.000863 -0.000558 -6.28e-05 -0.000926 -0.000153 -0.000194 -0.000374 -0.000792 -2.89e-05 -3.57e-06   1.3e-05 -1.37e-07 -3.06e-05  -0.00183 -8.48e-05 -0.000208  1.87e-05 -2.45e-05 -0.000236 -2.33e-05 -5.95e-05  2.17e-05  2.36e-05  -0.00155 -0.000172 -4.07e-07 -1.02e-06  3.89e-06 -0.000439 -1.32e-06  -2.6e-05 -0.000771  -0.00196  0.000124  -0.00594  -7.6e-06 -0.000167 -0.000735  -0.00115 -0.000197  -0.00052 -0.000399 -0.000639 -0.000448 -0.000224   -0.0005 -9.36e-05 -0.000405 -0.000216   -0.0013  0.000558 -0.000649 -0.000512 -0.000642 -0.000125    -0.012  -0.00398  -0.00192  7.21e-06 -2.24e-06 -7.73e-06 -1.42e-07 -3.99e-10 -6.38e-09  7.97e-05         1 -7.82e-06 -1.19e-05 -0.000518  -7.5e-05 -3.17e-05 -9.65e-06 -1.31e-07   -0.0001   4.7e-06  -0.00154 -8.53e-05 -0.000584  -0.00203   -0.0018 -0.000835  0.000834  -0.00206  -0.00117 -3.44e-05  0.000735 -0.000596 -0.000879 -0.000147  2.21e-05 -0.000363 -7.93e-05 -1.87e-06 -0.000877 -0.000201  7.58e-05  -0.00294
  0.00583   4.2e-05 -1.19e-05 -0.000444  0.000107 -7.72e-06  4.66e-17  4.66e-17 -6.12e-07  3.51e-05  5.77e-17  1.94e-05 -6.18e-06 -2.03e-06  2.55e-05 -5.77e-06 -7.29e-06 -1.35e-05 -2.83e-05 -1.22e-05  1.03e-06 -6.81e-05 -1.09e-05 -4.16e-06 -0.000199 -2.94e-05  -2.4e-05 -4.45e-06 -1.76e-05  2.83e-05  4.38e-06 -1.98e-05 -1.85e-06  -7.4e-06 -0.000161  -6.3e-05 -3.98e-07  3.27e-06 -8.12e-06  -9.3e-06 -5.26e-07 -2.38e-05 -7.44e-05 -0.000106 -2.17e-05 -0.000393 -5.72e-06 -4.62e-05 -0.000211 -0.000215 -0.000112  5.19e-05  0.000182  6.06e-06   5.4e-05  2.66e-05 -5.63e-05 -1.14e-05 -1.17e-05 -1.58e-05 -5.06e-05 -5.48e-06  2.77e-05  6.99e-06   1.6e-06 -4.02e-05 -0.000371 -0.000105 -1.19e-05 -4.76e-05 -2.55e-06  3.86e-07  -9.9e-08 -2.22e-08 -1.38e-09 -8.54e-05 -7.82e-06         1 -1.46e-06 -5.75e-05  1.59e-06 -7.97e-06 -1.65e-06 -3.62e-05 -9.62e-06 -6.91e-05  -0.00135 -8.59e-05  0.000108 -0.000128 -0.000346 -0.000557 -0.000422  0.000233  -0.00047  -9.1e-05 -0.000811 -0.000192 -0.000198 -0.000106 -3.32e-05 -0.000157 -5.03e-05 -2.42e-06 -0.000218  -0.00114 -5.55e-06 -0.000104
 -0.00068  2.08e-05  0.000337 -4.17e-06  0.000152  5.02e-05  2.36e-17  2.36e-17 -8.53e-07  2.17e-05  1.02e-18 -0.000129  1.28e-05 -7.43e-07 -1.37e-05 -3.15e-05    -4e-05 -4.77e-06 -1.07e-05 -5.49e-07  3.62e-06  9.14e-06  8.14e-06 -1.77e-06 -0.000103  -2.7e-05 -3.27e-05  9.97e-06  1.72e-06 -9.36e-06  5.16e-06 -7.66e-06  1.26e-05  9.45e-06 -0.000159 -2.83e-05  7.51e-08  2.64e-06  2.77e-06 -3.74e-05  1.09e-08   2.4e-06 -7.97e-05 -0.000196  4.62e-05 -0.000425  -5.7e-07  2.03e-05 -1.34e-05 -7.81e-05  1.52e-05 -1.02e-05  2.68e-05 -1.88e-05 -1.49e-05 -7.92e-06  1.08e-05   3.2e-05 -1.72e-05  2.73e-05  -8.8e-05  0.000213 -0.000111 -9.32e-05 -0.000101  8.82e-06 -0.000938 -0.000125 -0.000117  9.93e-06  1.18e-06 -1.54e-07 -1.67e-08  1.27e-09 -4.79e-10  4.78e-05 -1.19e-05 -1.46e-06         1 -1.88e-05 -6.91e-06 -1.44e-06 -9.37e-07 -9.53e-07  2.41e-06  8.94e-06 -0.000244  -3.6e-05  3.83e-05 -0.000359   6.2e-05  0.000237  9.75e-05 -1.96e-05  0.000154  2.87e-05  9.57e-06  1.86e-05     4e-05  1.66e-05  5.01e-06  1.09e-05  4.16e-06 -4.37e-07  2.68e-05 -0.000118  2.84e-05 -0.000152
  -0.0336 -0.000287   -0.0111  -0.00532  -0.00387 -0.000551 -2.01e-16 -2.01e-16 -4.14e-05 -0.000151 -3.15e-16  -0.00155  -0.00142 -0.000154  -0.00237 -0.000259 -0.000328 -0.000919  -0.00195 -7.53e-05 -1.33e-05  -0.00018  -1.1e-05 -9.71e-05  -0.00438 -0.000198 -0.000398 -1.92e-05 -0.000127 -0.000455 -5.71e-05 -0.000134 -1.27e-05 -9.26e-06  -0.00337 -0.000456 -2.17e-06 -5.44e-06 -2.19e-05 -0.000947 -4.09e-06 -0.000168  -0.00169  -0.00407  3.61e-05   -0.0134 -3.14e-05 -0.000801  -0.00222  -0.00275 -0.000844 -0.000926 -0.000696  -0.00155 -0.000988 -0.000396  -0.00147 -0.000337 -0.000875  -0.00068   -0.0029  0.000432  -0.00115 -0.000892  -0.00115 -0.000438   -0.0261  -0.00942  -0.00422 -9.72e-05 -1.81e-05 -1.72e-05 -5.43e-07 -5.74e-08  -1.7e-08 -0.000239 -0.000518 -5.75e-05 -1.88e-05         1 -0.000148  -9.9e-05 -2.51e-05 -0.000138  -0.00028 -0.000304  -0.00634 -0.000407  -0.00151  -0.00461  -0.00469  -0.00467 -0.000416  -0.00621  -0.00442 -0.000466  -0.00183  -0.00213  -0.00291 -0.000766 -0.000108   -0.0014 -0.000349 -9.71e-06  -0.00291  -0.00413  4.39e-05  -0.00682
 -0.00394   7.5e-06 -0.000599  -0.00035 -0.000153  3.66e-05  1.84e-17  1.84e-17   4.2e-06  3.12e-05 -5.19e-17 -0.000403 -0.000145 -1.78e-05 -0.000275 -7.58e-05 -9.61e-05 -0.000106 -0.000226 -3.09e-06  4.93e-06  4.92e-05  2.62e-05 -5.51e-06 -0.000547 -6.13e-05 -9.78e-05  2.15e-05  5.64e-06 -8.53e-05  2.41e-06  -1.9e-05  2.08e-05   2.3e-05 -0.000559 -4.93e-05  1.18e-07  3.84e-06  6.17e-06 -0.000167 -2.08e-07  4.13e-06 -0.000291 -0.000741  0.000129  -0.00206  8.82e-07     2e-06 -0.000107 -0.000345  4.63e-05 -0.000117 -0.000105 -0.000185 -7.44e-05 -6.89e-05 -0.000111 -2.09e-05 -0.000153  9.38e-06 -0.000455  0.000372 -0.000342  -0.00027 -0.000305 -3.95e-06  -0.00437  -0.00121 -0.000676  4.25e-05  1.31e-06 -2.87e-06 -2.86e-08  6.33e-09 -2.18e-09  0.000117  -7.5e-05  1.59e-06 -6.91e-06 -0.000148         1 -9.38e-06 -3.41e-06  9.19e-06 -1.79e-05   3.2e-05 -0.000174 -6.74e-05 -0.000187 -0.000991 -0.000302  0.000218  0.000441  -0.00111  8.83e-05     6e-05  0.000476 -6.57e-05 -7.74e-05  3.37e-05  2.21e-05 -2.69e-05  3.47e-07  1.49e-07 -0.000134  0.000198  5.44e-05 -0.000969
 -0.00105 -7.71e-07 -0.000787  -0.00042 -0.000229 -4.02e-05 -4.71e-19 -4.71e-19 -9.31e-06 -2.07e-05 -1.07e-17 -8.93e-05 -0.000103 -1.09e-05 -0.000177 -1.39e-05 -1.75e-05  -6.5e-05 -0.000138 -7.35e-06 -2.09e-07 -3.03e-05 -3.59e-06 -1.11e-05 -0.000321 -3.42e-05 -3.01e-05 -6.51e-06 -1.68e-05 -2.84e-05 -1.03e-06 -9.08e-06 -5.87e-06 -4.98e-06 -0.000237 -3.94e-05 -2.38e-07 -3.73e-08 -3.34e-06  -6.9e-05 -4.19e-07 -2.46e-05 -0.000127 -0.000284  3.65e-06 -0.000967 -3.26e-06 -6.72e-05 -0.000141 -0.000192 -7.79e-05 -3.05e-05    -2e-05 -9.42e-05 -2.32e-05 -2.75e-05 -0.000105 -4.78e-05 -6.69e-05 -2.96e-05 -0.000202 -3.65e-05 -8.66e-05 -6.16e-05 -6.89e-05 -3.62e-05  -0.00177 -0.000644 -0.000281 -6.99e-06 -2.72e-06 -1.35e-06 -6.85e-08  -1.1e-08  -1.6e-09 -3.92e-05 -3.17e-05 -7.97e-06 -1.44e-06  -9.9e-05 -9.38e-06         1 -2.35e-06 -2.82e-05 -2.04e-05  -5.8e-05 -0.000806 -7.47e-05 -0.000121 -0.000373 -0.000324 -0.000438 -0.000329 -0.000986 -0.000447 -6.07e-05 -0.000602 -0.000203 -0.000228  -8.5e-05 -2.63e-05 -0.000146 -3.57e-05  -1.3e-06 -0.000268 -0.000756 -5.08e-06 -0.000475
 -0.00114 -7.72e-07 -0.000125 -8.14e-05 -3.06e-05 -6.76e-07  2.15e-18  2.15e-18 -3.38e-06 -4.09e-06 -3.18e-18 -4.38e-05 -2.26e-05 -2.73e-06 -4.37e-05 -8.67e-06  -1.1e-05 -1.63e-05 -3.46e-05 -2.92e-06  2.02e-07 -6.27e-06 -2.92e-06 -3.58e-06  -9.1e-05 -1.17e-05 -1.19e-05 -1.77e-07 -4.48e-06 -9.95e-06  2.08e-08 -3.75e-06  6.63e-07  2.64e-07 -8.38e-05  -1.5e-05 -2.41e-08  7.44e-08 -1.76e-07 -2.35e-05 -8.07e-08 -4.86e-06 -4.05e-05 -0.000103  8.08e-06 -0.000298 -6.84e-07 -5.41e-06 -3.65e-05 -5.92e-05 -1.55e-05  -2.1e-05 -1.12e-05 -2.68e-05 -1.28e-05 -1.24e-05  -2.1e-05  -6.1e-06 -2.26e-05 -2.75e-06 -6.29e-05  2.68e-05 -3.88e-05 -2.92e-05 -3.47e-05 -6.59e-06 -0.000583 -0.000174 -8.83e-05  6.32e-07 -4.13e-07 -3.58e-07 -1.64e-08 -1.72e-09 -4.19e-10  7.69e-07 -9.65e-06 -1.65e-06 -9.37e-07 -2.51e-05 -3.41e-06 -2.35e-06         1 -5.67e-06 -4.07e-06 -9.06e-06 -0.000207 -2.11e-05 -1.58e-05 -0.000114 -8.31e-05 -1.63e-05 -4.41e-05  -0.00023 -8.86e-05 -6.96e-06 -0.000111 -4.15e-05 -5.03e-05 -1.61e-05 -4.39e-06 -3.02e-05 -7.14e-06 -3.35e-07 -5.37e-05 -0.000169   4.1e-06 -0.000138
 -0.00262  -5.8e-06  -0.00126   -0.0008 -0.000311 -0.000116 -1.21e-17 -1.21e-17 -7.81e-05 -0.000176   3.6e-17  0.000126 -0.000101 -1.04e-05 -0.000268  2.01e-05  2.57e-05 -6.27e-05 -0.000134 -3.21e-05 -4.05e-06 -0.000228 -8.22e-05 -5.85e-05 -0.000447 -9.85e-05   9.7e-06 -5.85e-05 -9.68e-05  1.32e-05  1.34e-06 -9.66e-06 -4.36e-05 -5.32e-05 -0.000219 -0.000146 -9.21e-07  -6.1e-06 -1.67e-05 -5.17e-05 -1.17e-06  -0.00012  -0.00011 -0.000161  -0.00015 -0.000798  -1.8e-05 -0.000204 -0.000334 -0.000174 -0.000425 -1.12e-05  5.63e-05 -7.62e-05  -4.3e-05 -4.91e-05 -0.000151 -7.16e-05 -1.76e-05 -5.97e-05  -0.00012  -0.00044  2.57e-05  5.56e-05  8.47e-05 -0.000117 -0.000724  -0.00048 -8.04e-05 -7.07e-05 -1.26e-05 -4.35e-07 -2.76e-07 -5.29e-08 -3.21e-09 -0.000276 -1.31e-07 -3.62e-05 -9.53e-07 -0.000138  9.19e-06 -2.82e-05 -5.67e-06         1 -4.19e-05 -0.000313  -0.00386 -0.000285 -2.38e-05 -0.000291 -0.000417  -0.00128  -0.00234  -0.00274  -0.00177 -0.000303  -0.00401 -0.000688 -0.000731 -0.000417 -0.000161 -0.000554 -0.000136 -7.38e-06 -0.000788  -0.00425 -6.46e-05 -0.000364
 -0.00134  -0.00018  -0.00355  -0.00127   -0.0014 -0.000248  -1.4e-16  -1.4e-16 -2.22e-05  -0.00014 -9.48e-17  -0.00012 -0.000336 -3.42e-05 -0.000581 -9.75e-06 -1.22e-05 -0.000203 -0.000428 -8.74e-06 -1.27e-05 -8.04e-05 -2.75e-05 -2.67e-05 -0.000913  2.47e-05 -1.69e-05 -3.31e-05 -4.06e-05 -9.54e-05 -2.97e-05 -8.08e-06 -2.43e-05 -2.61e-05 -0.000512 -6.76e-05  -8.4e-07 -1.07e-05 -5.97e-06 -0.000144 -1.11e-06 -5.64e-05 -0.000281 -0.000625 -0.000161  -0.00231 -1.34e-05 -0.000304  -0.00048 -0.000429 -0.000356 -0.000263 -0.000255 -0.000343 -0.000418 -0.000101 -0.000328 -4.05e-05 -5.36e-05 -0.000276 -0.000501 -0.000193 -5.02e-05 -2.64e-05 -5.93e-05 -0.000136  -0.00424  -0.00201 -0.000749 -7.62e-05 -5.95e-06 -2.67e-06 -1.19e-07 -1.41e-08 -2.62e-09 -0.000175   -0.0001 -9.62e-06  2.41e-06  -0.00028 -1.79e-05 -2.04e-05 -4.07e-06 -4.19e-05         1 -0.000121   -0.0015  2.81e-05 -0.000457 -0.000747  -0.00101  -0.00185 -0.000408  -0.00089  -0.00154 -0.000199 -0.000868 -0.000588 -0.000812 -0.000272 -4.62e-05 -0.000391 -8.57e-05 -3.03e-06 -0.000788  -0.00113 -4.16e-05  -0.00132
 -0.00395 -8.44e-05  -0.00477  -0.00205  -0.00159 -0.000461 -1.57e-16 -1.57e-16 -0.000127 -0.000386 -2.06e-17  0.000575 -0.000332 -2.74e-05 -0.000682  0.000131  0.000167 -0.000164 -0.000346 -2.97e-05 -1.48e-05 -0.000445  -0.00011 -0.000108 -0.000845 -8.56e-05  0.000118 -0.000137 -0.000174  4.84e-05 -1.11e-05  2.39e-05 -0.000128 -0.000135 -3.63e-05 -0.000171 -2.56e-06 -1.55e-05 -3.78e-05 -3.66e-06  -2.7e-06 -0.000251 -8.99e-05    0.0002 -0.000456 -0.000899 -4.25e-05 -0.000684 -0.000703 -1.44e-05 -0.000989  8.29e-05  4.12e-05 -0.000228  -0.00014 -1.16e-05 -0.000474 -0.000188   9.6e-05 -0.000287 -9.51e-05  -0.00148  0.000342  0.000336  0.000483 -0.000287  0.000301  -0.00115 -6.47e-06  -0.00016 -2.97e-05 -1.44e-06 -5.24e-07 -1.11e-07 -5.62e-09 -0.000709   4.7e-06 -6.91e-05  8.94e-06 -0.000304   3.2e-05  -5.8e-05 -9.06e-06 -0.000313 -0.000121         1  -0.00743 -0.000394 -0.000432 -0.000266 -0.000396   -0.0044  -0.00493  -0.00502  -0.00351 -0.000711  -0.00827  -0.00152  -0.00163 -0.000921 -0.000331  -0.00119 -0.000279 -1.41e-05  -0.00182  -0.00813 -0.000224 -0.000622
   -0.176 -0.000324   -0.0301   -0.0293  -0.00309  -0.00136  1.19e-15  1.19e-15  -0.00132  -0.00105  1.43e-15  -0.00346  -0.00312 -0.000448  -0.00526  -0.00123  -0.00157  -0.00276  -0.00578  -0.00121 -5.23e-05  -0.00658  -0.00261  -0.00169   -0.0271  -0.00315  -0.00202  -0.00079  -0.00234 -0.000136   0.00012  -0.00113 -0.000508  -0.00103   -0.0209  -0.00632 -3.52e-05  3.15e-05 -0.000281  -0.00335 -5.06e-05  -0.00282  -0.00994   -0.0199   -0.0023   -0.0615 -0.000784  -0.00331   -0.0154   -0.0131    -0.015   -0.0058   0.00442  -0.00378  -0.00263  -0.00231  -0.00455  0.000472  -0.00174  -0.00182  -0.00993   0.00114   -0.0034  -0.00303   -0.0025  -0.00373   -0.0871   -0.0271   -0.0107  -0.00248 -0.000322 -2.77e-05 -9.68e-06 -1.69e-06 -1.31e-07  -0.00555  -0.00154  -0.00135 -0.000244  -0.00634 -0.000174 -0.000806 -0.000207  -0.00386   -0.0015  -0.00743         1  -0.00625   0.00573   -0.0149   -0.0143   -0.0313   -0.0433   -0.0185   -0.0399  -0.00693    -0.096    -0.019   -0.0195   -0.0115  -0.00327   -0.0157  -0.00363 -0.000266   -0.0217    -0.113 -0.000144   -0.0226
  -0.0122  0.000599   0.00355  -0.00163   0.00218  0.000468  4.91e-16  4.91e-16 -0.000144   3.8e-05  2.78e-16  -0.00113 -5.96e-05 -2.45e-05 -0.000533  -0.00028 -0.000353 -0.000147 -0.000332 -9.75e-05  4.66e-05  -0.00024  2.87e-06  -7.4e-05  -0.00122 -0.000624 -0.000407  1.36e-05 -0.000156 -2.93e-05  8.85e-05 -0.000151  6.26e-05  3.84e-05  -0.00184 -0.000538  4.76e-07  3.04e-05  -3.3e-05 -0.000545  -8.8e-07 -0.000177 -0.000855  -0.00215  0.000522  -0.00551  5.96e-06  4.15e-05  -0.00071  -0.00173  0.000119  0.000522  0.000749 -0.000166  0.000605 -3.49e-05 -0.000253 -0.000238 -0.000649  0.000473  -0.00117   0.00106  -0.00121 -0.000901  -0.00108 -4.07e-05   -0.0113  -0.00183  -0.00137  4.83e-05 -7.46e-06 -4.18e-06 -5.82e-07 -8.82e-08 -1.28e-08  3.47e-05 -8.53e-05 -8.59e-05  -3.6e-05 -0.000407 -6.74e-05 -7.47e-05 -2.11e-05 -0.000285  2.81e-05 -0.000394  -0.00625         1  0.000315  -0.00414  -0.00193   0.00119   -0.0037  -0.00996  -0.00211 -0.000226  -0.00614  -0.00095 -0.000842 -0.000347 -0.000266 -0.000792 -0.000274 -1.08e-05  -0.00106  -0.00868  0.000178  -0.00214
  -0.0187 -0.000674   -0.0256  -0.00571   -0.0102  -0.00165 -1.06e-15 -1.06e-15  4.58e-05 -0.000806 -1.31e-15  -0.00103  -0.00267 -0.000235  -0.00474   0.00011  0.000142  -0.00138  -0.00294  0.000228 -2.68e-05  0.000581  0.000562 -3.13e-05  -0.00386  0.000141 -1.61e-05 -0.000101  8.13e-05 -0.000875  -0.00012  0.000249 -0.000209 -4.93e-05  -0.00121   0.00066 -2.58e-06 -3.92e-05  1.83e-05 -0.000945 -3.09e-06 -0.000172  -0.00137  -0.00259 -0.000117   -0.0128 -5.13e-07  -0.00221 -5.33e-05 -0.000166 -0.000228 -0.000188  -0.00264  -0.00233  -0.00129 -0.000337  -0.00224  -0.00106 -0.000573  -0.00111  -0.00319  -0.00266  -0.00116  -0.00064 -0.000365 -0.000394    -0.027   -0.0135  -0.00539  0.000381 -2.85e-05 -3.54e-05  1.21e-07  6.38e-08 -1.24e-08  -0.00022 -0.000584  0.000108  3.83e-05  -0.00151 -0.000187 -0.000121 -1.58e-05 -2.38e-05 -0.000457 -0.000432   0.00573  0.000315         1  -0.00741 -0.000611   -0.0113  -0.00097   -0.0215  -0.00226  -0.00043 -5.64e-05  -0.00204  -0.00232 -0.000409 -6.52e-05  -0.00103 -6.63e-05  1.37e-05  -0.00359   0.00334 -0.000385  -0.00856
   -0.104    0.0024    0.0341   -0.0252   0.00765   0.00606  1.54e-15  1.54e-15  0.000233   0.00152  -8.1e-17   -0.0216   0.00381 -0.000105  -0.00892  -0.00608  -0.00769 -0.000697  -0.00159   0.00198  0.000785    0.0035   0.00585   0.00101   -0.0167  -0.00263  -0.00504   0.00153   0.00131 -0.000486  0.000732  -0.00052   0.00303   0.00201   -0.0224  -0.00336 -2.69e-07  0.000425  0.000489  -0.00502  3.43e-06  5.65e-05   -0.0164     -0.03   0.00241   -0.0596 -0.000259   -0.0113 -0.000964   -0.0133  0.000806    0.0108    0.0123  -0.00377   -0.0164   0.00336   0.00122    0.0125   0.00962  -0.00176   -0.0141    0.0474   -0.0174   -0.0154   -0.0161  0.000539    -0.149   -0.0268   -0.0179  -0.00207  0.000442  9.67e-05 -2.56e-06  5.58e-07 -4.67e-08   0.00488  -0.00203 -0.000128 -0.000359  -0.00461 -0.000991 -0.000373 -0.000114 -0.000291 -0.000747 -0.000266   -0.0149  -0.00414  -0.00741         1    0.0221   -0.0303    0.0103    0.0341     0.014  0.000889  -0.00479 -0.000107   0.00529   0.00152  0.000163  0.000981  0.000597 -0.000101  -0.00071    -0.032   0.00478    -0.027
   0.0313  -0.00361   -0.0427   -0.0186   -0.0109  -0.00324  1.51e-15  1.51e-15  -0.00104  -0.00298  4.01e-15   0.00039  -0.00623 -0.000643  -0.00423  0.000108  0.000132  -0.00381  -0.00804  -0.00215 -0.000639  -0.00365  -0.00479 -0.000326   -0.0169  -0.00119  -0.00173  -0.00126  -0.00193   -0.0028 -0.000968  -0.00174 -0.000444 -0.000511   -0.0139  -0.00315 -5.58e-06 -0.000462 -0.000452  -0.00378 -3.18e-05  -0.00109  -0.00483   -0.0189  -0.00241   -0.0494   9.6e-05   0.00442  -0.00826   -0.0238  -0.00351   -0.0104  -0.00413 -0.000733  -0.00182  -0.00647  -0.00168  -0.00688  -0.00726  -0.00264   -0.0101  -0.00988   0.00132   0.00228  -0.00237  -0.00269     -0.08   -0.0336   -0.0134   -0.0035  -0.00012 -4.39e-05 -2.61e-06 -6.64e-07 -6.78e-08  -0.00444   -0.0018 -0.000346   6.2e-05  -0.00469 -0.000302 -0.000324 -8.31e-05 -0.000417  -0.00101 -0.000396   -0.0143  -0.00193 -0.000611    0.0221         1  -0.00347  -0.00304   -0.0444   -0.0791  -0.00503   0.00787   -0.0113   -0.0176  -0.00441 -0.000962  -0.00813   -0.0027 -2.93e-05   -0.0148   -0.0166 -0.000903    -0.023
   0.0715 -0.000902   -0.0699   -0.0407   -0.0294  -0.00676 -2.77e-15 -2.77e-15  0.000732 -0.000429 -8.57e-16   0.00537  -0.00412 -0.000392    -0.008   0.00109    0.0014  -0.00237  -0.00496   0.00104 -4.27e-05  -0.00138   0.00264  0.000452  -0.00998   0.00215   0.00111 -0.000573   0.00011   0.00141 -0.000279  0.000363 -0.000566 -0.000656   0.00107  0.000409 -3.38e-05  3.72e-05 -0.000404   0.00117 -2.51e-05  -0.00121  -0.00237    0.0045  -0.00602  -0.00891 -0.000391   -0.0143   -0.0115  -0.00363  -0.00798   0.00767   0.00638  -0.00428  -0.00631   0.00443  -0.00831   0.00128   0.00583  -0.00772  -0.00194  -0.00733   0.00635   0.00407   0.00545  -0.00334  -0.00473   -0.0217  -0.00188  -0.00341 -9.57e-05  2.74e-05 -2.83e-06 -6.82e-07 -3.25e-08  -0.00755 -0.000835 -0.000557  0.000237  -0.00467  0.000218 -0.000438 -1.63e-05  -0.00128  -0.00185   -0.0044   -0.0313   0.00119   -0.0113   -0.0303  -0.00347         1   -0.0198    0.0307   -0.0218  -0.00704   -0.0324   -0.0132   -0.0152  -0.00658  -0.00155   -0.0087  -0.00235 -7.89e-05   -0.0176    -0.036  -0.00206   -0.0103
   0.0707 -0.000201   -0.0205  -0.00672  -0.00646  -0.00281 -9.04e-16 -9.04e-16  -0.00129  -0.00358  3.84e-16   0.00677  -0.00106 -2.76e-05  -0.00274   0.00151   0.00192 -0.000151 -0.000332 -0.000414 -0.000133  -0.00352   -0.0014 -0.000855  0.000831 -0.000738   0.00155   -0.0012   -0.0015  0.000776  -4.6e-05  0.000263  -0.00111  -0.00111   0.00483  -0.00093 -1.19e-05 -0.000167 -0.000333    0.0009 -1.13e-05  -0.00184   0.00258   0.00733  -0.00333    0.0119 -0.000185  -0.00313   -0.0028   0.00268   -0.0056   0.00123 -0.000294  0.000149   0.00114 -0.000154  -0.00195  -0.00225  0.000255 -0.000846   0.00296   -0.0145   0.00411   0.00413   0.00501  -0.00157    0.0362    0.0035   0.00515 -0.000816 -0.000223  1.92e-06 -3.07e-06 -7.52e-07 -2.21e-08  -0.00528  0.000834 -0.000422  9.75e-05 -0.000416  0.000441 -0.000329 -4.41e-05  -0.00234 -0.000408  -0.00493   -0.0433   -0.0037  -0.00097    0.0103  -0.00304   -0.0198         1    -0.049   -0.0264  -0.00493   -0.0629  -0.00946   -0.0105  -0.00618  -0.00266  -0.00769  -0.00196 -8.32e-05   -0.0106   -0.0596  -0.00192   0.00397
  -0.0412  -0.00106   -0.0973   0.00181   -0.0227  -0.00489  1.26e-16  1.26e-16  -0.00267  -0.00788 -2.75e-15  -0.00382    -0.016  -0.00128   -0.0208   0.00167   0.00211  -0.00742    -0.016  -0.00221 -0.000457  -0.00199  -0.00477  -0.00234   -0.0194  -0.00605  -0.00153  -0.00192  -0.00286  -0.00726 -0.000382  0.000134  -0.00265  -0.00126   -0.0119  0.000214  6.41e-06 -0.000507 -0.000187   -0.0086 -3.01e-05  -0.00283  -0.00514   -0.0232   0.00544   -0.0858  0.000348   0.00763   0.00839  -0.00627   0.00164   -0.0129   -0.0232   -0.0065    0.0133   -0.0114  -0.00643   -0.0195   -0.0195    0.0056   -0.0188   -0.0375   -0.0111  -0.00386  -0.00421  -0.00115    -0.156   -0.0626   -0.0302   0.00551 -0.000563 -0.000332 -3.21e-06 -7.77e-07 -1.52e-07 -0.000285  -0.00206  0.000233 -1.96e-05  -0.00621  -0.00111 -0.000986  -0.00023  -0.00274  -0.00089  -0.00502   -0.0185  -0.00996   -0.0215    0.0341   -0.0444    0.0307    -0.049         1   -0.0556  -0.00238   -0.0582   -0.0142   -0.0139  -0.00433  -0.00299   -0.0109  -0.00183  4.69e-05   -0.0214   -0.0398  -0.00296   -0.0445
   -0.101  -0.00588   -0.0541    -0.021    -0.017  -0.00484  3.44e-16  3.44e-16  -0.00213  -0.00692   4.8e-15   0.00448  -0.00513  -0.00056  -0.00561  0.000576  0.000728  -0.00331  -0.00697  -0.00212 -0.000816  -0.00579  -0.00588 -0.000703   -0.0168  -0.00112 -0.000695  -0.00223  -0.00285  -0.00263  -0.00122  -0.00141 -0.000749  -0.00112   -0.0111  -0.00381 -1.55e-05 -0.000719 -0.000485  -0.00285 -4.19e-05  -0.00232  -0.00458   -0.0163  -0.00673   -0.0373 -0.000149   0.00121  -0.00619   -0.0216  -0.00898   -0.0107   -0.0042  0.000933  -0.00759  -0.00753  0.000513  -0.00513  -0.00259  -0.00458  -0.00712   -0.0131   0.00396   0.00495  0.000719  -0.00373   -0.0485   -0.0284  -0.00826  -0.00557 -0.000171  1.06e-05 -4.58e-06 -9.65e-07 -5.68e-08  -0.00792  -0.00117  -0.00047  0.000154  -0.00442  8.83e-05 -0.000447 -8.86e-05  -0.00177  -0.00154  -0.00351   -0.0399  -0.00211  -0.00226     0.014   -0.0791   -0.0218   -0.0264   -0.0556         1  -0.00874    -0.031   -0.0164    -0.022  -0.00856  -0.00262   -0.0123  -0.00337 -0.000109   -0.0202   -0.0549  -0.00175   -0.0182
 -0.00237 -0.000401  -0.00752   -0.0037  -0.00276 -0.000817 -1.85e-16 -1.85e-16 -0.000153 -0.000585   2.9e-16   0.00115 -0.000497 -4.57e-05 -0.000679  0.000215  0.000273 -0.000274  -0.00057 -0.000108 -6.08e-05 -0.000679 -0.000323 -6.91e-05  -0.00125  5.97e-05   0.00016 -0.000232 -0.000256  3.91e-05 -9.07e-05 -5.74e-05 -0.000148 -0.000179 -0.000115 -0.000277 -3.47e-06 -4.87e-05 -7.68e-05  4.32e-05 -4.29e-06 -0.000297 -6.29e-05  0.000106 -0.000972 -0.000978 -4.21e-05  -0.00082  -0.00138  -0.00124  -0.00135 -0.000174  0.000171 -0.000117 -0.000652 -0.000154 -0.000539  -0.00033  0.000182 -0.000759 -0.000114  -0.00213   0.00105  0.000911  0.000778   -0.0005    0.0012  -0.00195  7.55e-05 -0.000585 -2.93e-05   3.8e-06 -5.89e-07 -1.43e-07 -5.37e-09  -0.00124 -3.44e-05  -9.1e-05  2.87e-05 -0.000466     6e-05 -6.07e-05 -6.96e-06 -0.000303 -0.000199 -0.000711  -0.00693 -0.000226  -0.00043  0.000889  -0.00503  -0.00704  -0.00493  -0.00238  -0.00874         1  -0.00713   -0.0022  -0.00282  -0.00125 -0.000386  -0.00164 -0.000458  -1.6e-05  -0.00266  -0.00861 -0.000341 -0.000869
 -0.00063 -0.000163   -0.0261   -0.0138  -0.00782  -0.00296 -1.34e-15 -1.34e-15  -0.00199   -0.0048 -1.05e-16   0.00548 -0.000912 -6.96e-05  -0.00548  0.000998   0.00127 -0.000427 -0.000912 -0.000387 -4.46e-05  -0.00551  -0.00154  -0.00155  -0.00539  -0.00177   0.00139  -0.00148  -0.00224   0.00113  0.000136  0.000317  -0.00125  -0.00149  0.000488   -0.0028  -2.3e-05 -0.000138 -0.000341  0.000277  -2.2e-05  -0.00297  -3.5e-05   0.00381  -0.00451  0.000598  -0.00051   -0.0063  -0.00629   0.00328   -0.0112   0.00121   0.00115  -0.00138  -0.00151 -4.36e-05  -0.00308 -0.000216   0.00189  -0.00145   0.00133   -0.0122   0.00234   0.00264   0.00457  -0.00253    0.0206 -0.000442   0.00384  -0.00124 -0.000319  8.89e-06  -6.3e-06 -1.21e-06 -5.32e-08  -0.00693  0.000735 -0.000811  9.57e-06  -0.00183  0.000476 -0.000602 -0.000111  -0.00401 -0.000868  -0.00827    -0.096  -0.00614 -5.64e-05  -0.00479   0.00787   -0.0324   -0.0629   -0.0582    -0.031  -0.00713         1   -0.0154   -0.0157   -0.0104  -0.00412   -0.0127   -0.0029 -0.000186    -0.017    -0.107  -0.00188 -0.000163
  -0.0393 -0.000996   -0.0253   -0.0105  -0.00928  -0.00202 -8.12e-16 -8.12e-16 -0.000383  -0.00128 -3.16e-16  0.000177  -0.00259 -0.000252  -0.00409  0.000156    0.0002   -0.0015  -0.00315 -0.000303 -0.000112  -0.00139 -0.000652 -0.000356  -0.00641 -0.000104  8.32e-06 -0.000408 -0.000633 -0.000457 -0.000201 -0.000184 -0.000356 -0.000367  -0.00348 -0.000956 -6.77e-06 -8.78e-05 -0.000147    -0.001 -9.31e-06 -0.000686  -0.00141  -0.00357  -0.00139   -0.0156 -9.58e-05  -0.00197  -0.00517    -0.004  -0.00317  -0.00189  -0.00154  -0.00244  -0.00186 -0.000755  -0.00295   -0.0011  -0.00127  -0.00186  -0.00331  -0.00398  0.000403   0.00053  0.000117  -0.00126   -0.0264   -0.0136  -0.00467 -0.000662 -8.57e-05 -2.14e-05 -1.43e-06 -2.68e-07 -2.68e-08  -0.00215 -0.000596 -0.000192  1.86e-05  -0.00213 -6.57e-05 -0.000203 -4.15e-05 -0.000688 -0.000588  -0.00152    -0.019  -0.00095  -0.00204 -0.000107   -0.0113   -0.0132  -0.00946   -0.0142   -0.0164   -0.0022   -0.0154         1  -0.00837  -0.00298 -0.000772  -0.00426  -0.00114 -3.42e-05  -0.00747   -0.0188 -0.000559  -0.00893
  -0.0498  -0.00195   -0.0387   -0.0141   -0.0158  -0.00327 -1.88e-15 -1.88e-15 -0.000615  -0.00214    -1e-15  0.000461  -0.00399 -0.000377  -0.00638   0.00034  0.000435  -0.00224  -0.00469 -0.000499 -0.000196  -0.00197   -0.0011 -0.000566  -0.00804  0.000368  0.000396 -0.000593 -0.000952  -0.00065 -0.000384  -0.00026  -0.00056 -0.000568  -0.00403  -0.00135 -6.42e-06 -0.000161 -0.000229  -0.00135  -7.7e-06 -0.000831 -0.000832  -0.00365  -0.00229   -0.0196 -9.01e-05  -0.00277  -0.00921  -0.00543  -0.00437   -0.0038  -0.00384  -0.00448  -0.00367  -0.00107  -0.00505  -0.00144  -0.00239  -0.00331  -0.00454  -0.00632    0.0013   0.00134   0.00035  -0.00182   -0.0362     -0.02  -0.00688  -0.00079 -0.000115 -3.22e-05 -1.31e-06  -2.3e-07 -2.88e-08  -0.00306 -0.000879 -0.000198     4e-05  -0.00291 -7.74e-05 -0.000228 -5.03e-05 -0.000731 -0.000812  -0.00163   -0.0195 -0.000842  -0.00232   0.00529   -0.0176   -0.0152   -0.0105   -0.0139    -0.022  -0.00282   -0.0157  -0.00837         1  -0.00414 -0.000918  -0.00575  -0.00167 -3.41e-05   -0.0103   -0.0204 -0.000827   -0.0128
  -0.0155 -0.000621   -0.0111  -0.00428  -0.00427  -0.00103 -4.95e-16 -4.95e-16 -0.000256 -0.000822 -8.73e-17  0.000769  -0.00091 -8.57e-05  -0.00153  0.000181   0.00023 -0.000511  -0.00107 -0.000155 -6.74e-05 -0.000891 -0.000451 -0.000213  -0.00236  4.24e-05    0.0002 -0.000262 -0.000371 -7.06e-05 -0.000107  -5.1e-05 -0.000212 -0.000245 -0.000873 -0.000493 -3.84e-06 -5.76e-05 -7.48e-05 -0.000195 -4.48e-06  -0.00039 -0.000233 -0.000574  -0.00104  -0.00401 -6.74e-05 -0.000996  -0.00241  -0.00118  -0.00199 -0.000979 -0.000668 -0.000883  -0.00112 -0.000339  -0.00114 -0.000293 -0.000198 -0.000975 -0.000765  -0.00237  0.000765  0.000711    0.0006  -0.00064   -0.0049  -0.00426 -0.000985 -0.000441  -4.7e-05 -3.48e-06 -7.73e-07 -1.52e-07 -9.06e-09  -0.00131 -0.000147 -0.000106  1.66e-05 -0.000766  3.37e-05  -8.5e-05 -1.61e-05 -0.000417 -0.000272 -0.000921   -0.0115 -0.000347 -0.000409   0.00152  -0.00441  -0.00658  -0.00618  -0.00433  -0.00856  -0.00125   -0.0104  -0.00298  -0.00414         1 -0.000472  -0.00221 -0.000571 -2.26e-05  -0.00353   -0.0115 -0.000351  -0.00256
 -0.00212 -6.76e-05  -0.00166 -0.000822  -0.00056 -0.000194 -5.24e-17 -5.24e-17 -9.94e-05 -0.000274  6.61e-17   0.00033 -0.000105  -9.1e-06 -0.000278  6.21e-05  7.91e-05 -5.38e-05 -0.000114 -4.11e-05 -1.28e-05 -0.000267 -0.000122 -5.71e-05 -0.000252 -6.27e-05  6.14e-05 -8.65e-05 -0.000118  2.16e-05 -1.29e-05 -6.61e-06 -5.88e-05 -6.97e-05  1.82e-05 -0.000131  -8.8e-07 -1.51e-05 -2.39e-05 -5.86e-06 -1.07e-06 -0.000134   2.5e-05  9.99e-05 -0.000266 -7.14e-05 -1.47e-05 -0.000239 -0.000345 -0.000175 -0.000454 -1.45e-05 -4.24e-06 -3.48e-05 -0.000121  -6.6e-05  -0.00014 -0.000111  1.95e-05 -0.000128  1.14e-05 -0.000739  0.000209  0.000223  0.000217 -0.000139  0.000705 -0.000289  0.000103 -0.000122 -1.31e-05   7.3e-07  -2.5e-07 -5.26e-08 -2.25e-09 -0.000383  2.21e-05 -3.32e-05  5.01e-06 -0.000108  2.21e-05 -2.63e-05 -4.39e-06 -0.000161 -4.62e-05 -0.000331  -0.00327 -0.000266 -6.52e-05  0.000163 -0.000962  -0.00155  -0.00266  -0.00299  -0.00262 -0.000386  -0.00412 -0.000772 -0.000918 -0.000472         1 -0.000607  -0.00016 -6.93e-06 -0.000881  -0.00438 -0.000106 -0.000139
  -0.0266 -0.000643   -0.0165  -0.00692  -0.00569  -0.00134 -4.34e-16 -4.34e-16 -0.000301 -0.000903 -6.33e-17  0.000359  -0.00168 -0.000162  -0.00251  0.000143  0.000182 -0.000967  -0.00204 -0.000255 -8.29e-05  -0.00111 -0.000578 -0.000275   -0.0044 -0.000162  2.75e-06 -0.000313 -0.000492 -0.000281 -0.000131 -0.000145  -0.00027 -0.000283  -0.00239 -0.000738 -5.14e-06 -6.33e-05 -0.000109 -0.000644 -7.39e-06 -0.000526 -0.000943  -0.00239 -0.000983   -0.0103 -7.56e-05  -0.00114  -0.00343  -0.00276  -0.00237  -0.00138 -0.000894  -0.00143 -0.000995  -0.00061  -0.00184 -0.000861 -0.000906  -0.00114  -0.00208  -0.00309  0.000388  0.000474   0.00022 -0.000886   -0.0162  -0.00853  -0.00282   -0.0005 -6.71e-05 -1.39e-05 -1.16e-06 -2.29e-07 -1.97e-08   -0.0016 -0.000363 -0.000157  1.09e-05   -0.0014 -2.69e-05 -0.000146 -3.02e-05 -0.000554 -0.000391  -0.00119   -0.0157 -0.000792  -0.00103  0.000981  -0.00813   -0.0087  -0.00769   -0.0109   -0.0123  -0.00164   -0.0127  -0.00426  -0.00575  -0.00221 -0.000607         1 -0.000826 -2.79e-05  -0.00526   -0.0151  -0.00042  -0.00563
 -0.00698 -9.57e-05  -0.00361  -0.00205  -0.00125 -0.000338 -7.41e-17 -7.41e-17 -6.83e-05 -0.000172  4.97e-17  0.000187 -0.000392 -3.79e-05 -0.000531  4.81e-05  6.15e-05 -0.000226 -0.000476 -7.81e-05 -1.97e-05 -0.000315 -0.000143 -5.57e-05 -0.000944 -2.64e-05  8.43e-06 -7.69e-05  -0.00013    -1e-05 -3.12e-05 -6.14e-05 -6.52e-05 -7.15e-05 -0.000519 -0.000219 -1.17e-06 -1.26e-05 -4.16e-05 -0.000128 -1.58e-06 -0.000126 -0.000131 -0.000395 -0.000265  -0.00216 -1.24e-05 -0.000304  -0.00117 -0.000924 -0.000538 -0.000212 -4.23e-05 -0.000347 -0.000155  -6.5e-05 -0.000551 -0.000246 -0.000283 -0.000316  -0.00045 -0.000835  0.000242  0.000215  8.98e-05 -0.000239  -0.00331  -0.00191 -0.000568 -0.000168 -1.59e-05 -2.28e-06 -2.81e-07 -6.33e-08 -4.98e-09 -0.000479 -7.93e-05 -5.03e-05  4.16e-06 -0.000349  3.47e-07 -3.57e-05 -7.14e-06 -0.000136 -8.57e-05 -0.000279  -0.00363 -0.000274 -6.63e-05  0.000597   -0.0027  -0.00235  -0.00196  -0.00183  -0.00337 -0.000458   -0.0029  -0.00114  -0.00167 -0.000571  -0.00016 -0.000826         1 -6.47e-06  -0.00137  -0.00395 -0.000112  -0.00124
-0.000238 -3.66e-06  -4.1e-06 -5.83e-05  2.52e-06  9.76e-07  2.04e-18  2.04e-18 -3.74e-06 -6.38e-06  6.65e-18 -9.33e-06  3.98e-06 -2.49e-07 -7.16e-06 -5.15e-06 -6.52e-06  -1.7e-06 -3.47e-06 -1.27e-06 -4.34e-08 -1.26e-05 -3.96e-06 -2.17e-06 -4.51e-05  -5.2e-06 -4.29e-06 -1.84e-06 -4.48e-06  1.13e-06 -2.52e-08  -2.4e-06  1.23e-06 -1.17e-06 -3.97e-05 -1.44e-05 -6.23e-08 -2.07e-07 -3.06e-07 -4.93e-06 -8.29e-08 -5.59e-06 -2.19e-05 -4.12e-05  -1.1e-05 -8.69e-05 -1.67e-06 -1.34e-05 -2.46e-05 -3.03e-05 -3.12e-05  -4.7e-06  1.81e-05 -1.57e-06 -2.62e-05  -3.2e-06  1.36e-06  1.41e-05  1.25e-05 -7.82e-06 -1.38e-05  3.24e-05 -6.86e-06 -6.67e-06 -8.12e-06  -6.9e-06 -0.000127 -2.92e-05 -1.01e-05 -1.09e-05  -1.6e-07  2.05e-07 -1.86e-08 -2.59e-09 -1.66e-10 -1.18e-05 -1.87e-06 -2.42e-06 -4.37e-07 -9.71e-06  1.49e-07  -1.3e-06 -3.35e-07 -7.38e-06 -3.03e-06 -1.41e-05 -0.000266 -1.08e-05  1.37e-05 -0.000101 -2.93e-05 -7.89e-05 -8.32e-05  4.69e-05 -0.000109  -1.6e-05 -0.000186 -3.42e-05 -3.41e-05 -2.26e-05 -6.93e-06 -2.79e-05 -6.47e-06         1 -3.65e-05 -0.000244  2.13e-06 -2.94e-05
  -0.0143  -0.00125   -0.0354   -0.0138   -0.0127   -0.0027 -1.02e-15 -1.02e-15 -0.000395  -0.00149  -5.4e-16 -7.37e-05  -0.00375 -0.000358  -0.00565  0.000207  0.000264  -0.00213  -0.00449 -0.000354 -0.000143  -0.00152 -0.000709 -0.000414  -0.00881 -0.000146 -8.94e-05 -0.000485 -0.000721 -0.000768 -0.000262 -0.000211 -0.000466 -0.000433  -0.00477  -0.00101 -8.78e-06 -0.000106 -0.000175  -0.00145 -1.27e-05 -0.000823  -0.00212  -0.00523  -0.00151   -0.0226  -0.00011  -0.00251  -0.00618  -0.00525  -0.00371  -0.00243  -0.00227   -0.0033  -0.00207  -0.00105  -0.00397  -0.00176  -0.00191  -0.00233  -0.00481  -0.00541  0.000185  0.000442 -2.86e-05  -0.00158   -0.0388   -0.0194  -0.00695 -0.000699 -0.000111 -3.59e-05 -1.72e-06 -3.27e-07 -3.68e-08  -0.00255 -0.000877 -0.000218  2.68e-05  -0.00291 -0.000134 -0.000268 -5.37e-05 -0.000788 -0.000788  -0.00182   -0.0217  -0.00106  -0.00359  -0.00071   -0.0148   -0.0176   -0.0106   -0.0214   -0.0202  -0.00266    -0.017  -0.00747   -0.0103  -0.00353 -0.000881  -0.00526  -0.00137 -3.65e-05         1   -0.0206 -0.000738   -0.0128
   -0.119 -1.97e-06   -0.0106   -0.0268  -0.00123  -0.00101  6.35e-16  6.35e-16  -0.00228   -0.0044  2.55e-15 -0.000437 -2.15e-06 -0.000172  -0.00598  -0.00102  -0.00128  -0.00107  -0.00229 -0.000817 -4.83e-06  -0.00647   -0.0019  -0.00132   -0.0145  -0.00308 -0.000893  -0.00134  -0.00265  0.000859  0.000107 -0.000839 -0.000264  -0.00101   -0.0115   -0.0059 -2.37e-05 -0.000118 -0.000427  -0.00199 -3.04e-05  -0.00321  -0.00594   -0.0107  -0.00462   -0.0279 -0.000556  -0.00671   -0.0119   -0.0111   -0.0123   0.00105   0.00637  -0.00141  -0.00624 -0.000753  -0.00232   0.00208   0.00231  -0.00243  -0.00466   0.00153  -0.00138 -0.000748  -0.00123  -0.00325   -0.0377   -0.0116   -0.0028  -0.00369 -0.000202  5.33e-05 -8.33e-06 -1.37e-06 -8.75e-08   -0.0072 -0.000201  -0.00114 -0.000118  -0.00413  0.000198 -0.000756 -0.000169  -0.00425  -0.00113  -0.00813    -0.113  -0.00868   0.00334    -0.032   -0.0166    -0.036   -0.0596   -0.0398   -0.0549  -0.00861    -0.107   -0.0188   -0.0204   -0.0115  -0.00438   -0.0151  -0.00395 -0.000244   -0.0206         1 -0.000367   -0.0112
   0.0139 -0.000168  -0.00489 -0.000219  -0.00175 -0.000585 -2.23e-16 -2.23e-16 -1.51e-05 -0.000217 -7.78e-17   0.00124  -0.00039 -1.32e-05 -8.79e-05  0.000346  0.000439 -7.48e-05 -0.000153 -4.29e-05 -3.92e-05 -0.000205 -0.000168 -4.27e-05   0.00049  0.000177  0.000304 -0.000116  -7.2e-05  3.83e-05  -4.6e-05   6.5e-05 -0.000181  -0.00013   0.00124  0.000215 -1.17e-06 -2.44e-05  -3.6e-05  0.000259    -1e-06 -7.72e-05  0.000705   0.00164 -0.000357   0.00256 -6.59e-07 -8.22e-05 -0.000152  0.000686 -0.000321 -0.000169 -0.000507 -3.27e-06  0.000504 -3.19e-05 -0.000365 -0.000602 -0.000216  -0.00019  0.000579  -0.00275  0.000995  0.000874   0.00099 -0.000145   0.00683  0.000291   0.00072  5.06e-06 -2.66e-05 -4.53e-06  1.62e-08 -4.87e-08  9.88e-10 -0.000529  7.58e-05 -5.55e-06  2.84e-05  4.39e-05  5.44e-05 -5.08e-06   4.1e-06 -6.46e-05 -4.16e-05 -0.000224 -0.000144  0.000178 -0.000385   0.00478 -0.000903  -0.00206  -0.00192  -0.00296  -0.00175 -0.000341  -0.00188 -0.000559 -0.000827 -0.000351 -0.000106  -0.00042 -0.000112  2.13e-06 -0.000738 -0.000367         1  0.000803
  -0.0425  -0.00174   -0.0533   -0.0223   -0.0187  -0.00188 -1.03e-15 -1.03e-15 -0.000348  -0.00105 -2.22e-15   -0.0111  -0.00761  -0.00084   -0.0134  -0.00189  -0.00239  -0.00499   -0.0106 -0.000422 -4.47e-05 -0.000132 -0.000137  -0.00058   -0.0234  -0.00144  -0.00256  7.15e-05 -0.000573  -0.00319 -0.000288  -0.00069  0.000136  0.000187   -0.0197  -0.00234 -4.41e-06  -4.5e-05  2.41e-05  -0.00594 -1.62e-05 -0.000629  -0.00974   -0.0252   0.00152   -0.0773 -8.89e-05  -0.00255  -0.00933   -0.0143  -0.00275  -0.00659  -0.00613  -0.00867  -0.00574  -0.00315  -0.00685  -0.00171  -0.00566  -0.00263    -0.017   0.00546  -0.00883  -0.00667  -0.00829   -0.0017    -0.157   -0.0526   -0.0253   0.00033 -5.72e-05 -0.000108 -2.11e-06 -3.99e-08 -8.71e-08  0.000703  -0.00294 -0.000104 -0.000152  -0.00682 -0.000969 -0.000475 -0.000138 -0.000364  -0.00132 -0.000622   -0.0226  -0.00214  -0.00856    -0.027    -0.023   -0.0103   0.00397   -0.0445   -0.0182 -0.000869 -0.000163  -0.00893   -0.0128  -0.00256 -0.000139  -0.00563  -0.00124 -2.94e-05   -0.0128   -0.0112  0.000803         1

  Chi^2                                1.50214  +/- 2.45124
  Chi^2/ndf                            0.187768
  Chi^2 for each template              32.9302 +/- 2.16031	24.1009 +/- 1.64507	14.1174 +/- 2.13997	8.43239 +/- 1.59257	2.78743 +/- 0.714119	2.50171 +/- 0.62766	6.82466 +/- 1.87652	9.83098 +/- 1.06215	
  Chi^2 for each template w.r.t. fit   32.1807 +/- 2.16031	21.8506 +/- 1.64507	13.3018 +/- 2.13997	7.45367 +/- 1.59257	1.12388 +/- 0.714119	1.18392 +/- 0.62766	4.62101 +/- 1.87652	8.90222 +/- 1.06215	  Partial chi^2                        0.00 (EG_RESOLUTION_ALL)    0.11 (EG_SCALE_ALL)    0.00 (EL_EFF_ID_TOTAL_1NPCOR_PLUS_UNCOR)    0.02 (EL_EFF_Iso_TOTAL_1NPCOR_PLUS_UNCOR)
  Partial chi^2                        0.00 (EL_EFF_Reco_TOTAL_1NPCOR_PLUS_UNCOR)    0.00 (EL_EFF_TriggerEff_TOTAL_1NPCOR_PLUS_UNCOR)    0.00 (EL_EFF_Trigger_TOTAL_1NPCOR_PLUS_UNCOR)    0.00 (FAKES_Electron)
  Partial chi^2                        0.00 (FAKES_Muon)    0.00 (FT_EFF_Eigen_B_0)    0.01 (FT_EFF_Eigen_B_1)    0.00 (FT_EFF_Eigen_B_2)
  Partial chi^2                        0.00 (FT_EFF_Eigen_B_3)    0.00 (FT_EFF_Eigen_B_4)    0.00 (FT_EFF_Eigen_B_5)    0.00 (FT_EFF_Eigen_B_6)
  Partial chi^2                        0.00 (FT_EFF_Eigen_B_7)    0.00 (FT_EFF_Eigen_B_8)    0.00 (FT_EFF_Eigen_C_0)    0.00 (FT_EFF_Eigen_C_1)
  Partial chi^2                        0.00 (FT_EFF_Eigen_C_2)    0.00 (FT_EFF_Eigen_C_3)    0.00 (FT_EFF_Eigen_Light_0)    0.00 (FT_EFF_Eigen_Light_1)
  Partial chi^2                        0.00 (FT_EFF_Eigen_Light_2)    0.00 (FT_EFF_Eigen_Light_3)    0.00 (FT_EFF_extrapolation)    0.00 (FT_EFF_extrapolation_from_charm)
  Partial chi^2                        0.06 (FULL_SYS_SUM)    0.02 (FULL_SYS_SUM_DETECTOR)    0.06 (FULL_SYS_SUM_THEORY)    0.06 (FULL_SYS_TOYS)
  Partial chi^2                        0.00 (JET_EffectiveNP_Detector1)    0.00 (JET_EffectiveNP_Detector2)    0.00 (JET_EffectiveNP_Mixed1)    0.00 (JET_EffectiveNP_Mixed2)
  Partial chi^2                        0.00 (JET_EffectiveNP_Mixed3)    0.00 (JET_EffectiveNP_Modelling1)    0.00 (JET_EffectiveNP_Modelling2)    0.00 (JET_EffectiveNP_Modelling3)
  Partial chi^2                        0.00 (JET_EffectiveNP_Modelling4)    0.00 (JET_EffectiveNP_Statistical1)    0.00 (JET_EffectiveNP_Statistical2)    0.00 (JET_EffectiveNP_Statistical3)
  Partial chi^2                        0.00 (JET_EffectiveNP_Statistical4)    0.00 (JET_EffectiveNP_Statistical5)    0.00 (JET_EffectiveNP_Statistical6)    0.00 (JET_EtaIntercalibration_Modelling)
  Partial chi^2                        0.00 (JET_EtaIntercalibration_NonClosure_2018data)    0.00 (JET_EtaIntercalibration_NonClosure_highE)    0.00 (JET_EtaIntercalibration_NonClosure_negEta)    0.00 (JET_EtaIntercalibration_NonClosure_posEta)
  Partial chi^2                        0.00 (JET_EtaIntercalibration_TotalStat)    0.00 (JET_Flavor_Composition_prop)    0.00 (JET_Flavor_Response_prop)    0.00 (JET_JER_DataVsMC_MC16_PseudoData)
  Partial chi^2                        0.00 (JET_JER_EffectiveNP_10_PseudoData)    0.00 (JET_JER_EffectiveNP_11_PseudoData)    0.00 (JET_JER_EffectiveNP_12restTerm_PseudoData)    0.00 (JET_JER_EffectiveNP_1_PseudoData)
  Partial chi^2                        0.00 (JET_JER_EffectiveNP_2_PseudoData)    0.00 (JET_JER_EffectiveNP_3_PseudoData)    0.00 (JET_JER_EffectiveNP_4_PseudoData)    0.01 (JET_JER_EffectiveNP_5_PseudoData)
  Partial chi^2                        0.00 (JET_JER_EffectiveNP_6_PseudoData)    0.00 (JET_JER_EffectiveNP_7_PseudoData)    0.00 (JET_JER_EffectiveNP_8_PseudoData)    0.00 (JET_JER_EffectiveNP_9_PseudoData)
  Partial chi^2                        0.00 (JET_JvtEfficiency)    0.00 (JET_Pileup_OffsetMu)    0.00 (JET_Pileup_OffsetNPV)    0.00 (JET_Pileup_PtTerm)
  Partial chi^2                        0.00 (JET_Pileup_RhoTopology)    0.00 (JET_PunchThrough_MC16)    0.00 (LUMINOSITY)    0.00 (MET_SoftTrk_ResoPara)
  Partial chi^2                        0.00 (MET_SoftTrk_ResoPerp)    0.00 (MET_SoftTrk_Scale)    0.00 (MUON_EFF_BADMUON_SYS)    0.00 (MUON_EFF_ISO_STAT)
  Partial chi^2                        0.00 (MUON_EFF_ISO_SYS)    0.00 (MUON_EFF_RECO_STAT)    0.00 (MUON_EFF_RECO_SYS)    0.00 (MUON_EFF_TTVA_STAT)
  Partial chi^2                        0.00 (MUON_EFF_TTVA_SYS)    0.00 (MUON_EFF_TrigStatUncertainty)    0.00 (MUON_EFF_TrigSystUncertainty)    0.00 (MUON_SAGITTA_DATASTAT)
  Partial chi^2                        0.00 (MUON_SAGITTA_RESBIAS)    0.02 (PRW_DATASF)    0.85 (STAT_DATA)    0.02 (STAT_MC)  
  Partial chi^2                        0.00 (THEORY_CROSS_SECTION_Wjets)    0.00 (THEORY_CROSS_SECTION_other_top_noWt)    0.00 (THEORY_CROSS_SECTION_signal)    0.01 (THEORY_DR_DS_signal)
  Partial chi^2                        0.00 (THEORY_EWK_Wjets)    0.00 (THEORY_EWK_multiboson_noW)    0.00 (THEORY_FSR_signal)    0.00 (THEORY_HDAMP_signal)
  Partial chi^2                        0.04 (THEORY_ISR_signal)    0.00 (THEORY_PDF4LHC_VARIATION_Wjets)    0.00 (THEORY_PDF4LHC_VARIATION_multiboson_noW)    0.00 (THEORY_PDF4LHC_VARIATION_signal)
  Partial chi^2                        0.01 (THEORY_PTHARD_signal)    0.00 (THEORY_SCALE_COMBINED_Wjets)    0.00 (THEORY_SCALE_COMBINED_multiboson_noW)    0.00 (THEORY_SCALE_FACTORISATION_signal)
  Partial chi^2                        0.00 (THEORY_SCALE_RENORMALISATION_signal)    0.00 (THEORY_SHOWERING_HERWIG7_signal)    0.14 (THEORY_TOPRECOIL_signal)    0.00 (THEORY_TOP_MASS_signal)
  Partial chi^2                        0.10 (TOTAL)        0.09 (TOTAL_NO_DR_DS)    0.06 (TOTAL_SYSONLY)    0.00 (WMASS_VAR_signal)
  Partial chi^2                        0.23 (pseudoDataStat)

  Uncertainties from HESSE matrix
     LTF: Result[0]:                   175.325  +/- 2.35438 (fit [from HESSE])

  Alternative result from pol2-fit to chi^2 values of the templates
     Result(pol2-chi2)[0]              175.703   +/- 2.35219 (fit)
     Chi^2(min)                        2.14405

  Result from linearized second-order model approximation
     EDM (Taylor) [0]                  -1.3074e-11

  Expected distance to minimum
     EDM (Newton) [0]                  -3.60956e-12
     EDM Delta-chi^2                   -2.18833e-21


  'Uncertainties' on M from second-order model approximation
     sigma_m[0]                       2.42303e-13
     sigma_m[EG_RESOLUTION_ALL]       0.00
     sigma_m[EG_SCALE_ALL]            0.00
     sigma_m[EL_EFF_ID_TOTAL_1NPCOR_PLUS_UNCOR] 0.00
     sigma_m[EL_EFF_Iso_TOTAL_1NPCOR_PLUS_UNCOR] 0.00
     sigma_m[EL_EFF_Reco_TOTAL_1NPCOR_PLUS_UNCOR] 0.00
     sigma_m[EL_EFF_TriggerEff_TOTAL_1NPCOR_PLUS_UNCOR] 0.00
     sigma_m[EL_EFF_Trigger_TOTAL_1NPCOR_PLUS_UNCOR] 0.00
     sigma_m[MUON_SAGITTA_DATASTAT]   0.00
     sigma_m[MUON_SAGITTA_RESBIAS]    0.00
     sigma_m[MUON_EFF_BADMUON_SYS]    0.00
     sigma_m[MUON_EFF_ISO_STAT]       0.00
     sigma_m[MUON_EFF_ISO_SYS]        0.00
     sigma_m[MUON_EFF_RECO_STAT]      0.00
     sigma_m[MUON_EFF_RECO_SYS]       0.00
     sigma_m[MUON_EFF_TTVA_STAT]      0.00
     sigma_m[MUON_EFF_TTVA_SYS]       0.00
     sigma_m[MUON_EFF_TrigStatUncertainty] 0.00
     sigma_m[MUON_EFF_TrigSystUncertainty] 0.00
     sigma_m[JET_EffectiveNP_Detector1] 0.00
     sigma_m[JET_EffectiveNP_Detector2] 0.00
     sigma_m[JET_EffectiveNP_Mixed1]  0.00
     sigma_m[JET_EffectiveNP_Mixed2]  0.00
     sigma_m[JET_EffectiveNP_Mixed3]  0.00
     sigma_m[JET_EffectiveNP_Modelling1] 0.00
     sigma_m[JET_EffectiveNP_Modelling2] 0.00
     sigma_m[JET_EffectiveNP_Modelling3] 0.00
     sigma_m[JET_EffectiveNP_Modelling4] 0.00
     sigma_m[JET_EffectiveNP_Statistical1] 0.00
     sigma_m[JET_EffectiveNP_Statistical2] 0.00
     sigma_m[JET_EffectiveNP_Statistical3] 0.00
     sigma_m[JET_EffectiveNP_Statistical4] 0.00
     sigma_m[JET_EffectiveNP_Statistical5] -0.00
     sigma_m[JET_EffectiveNP_Statistical6] 0.00
     sigma_m[JET_EtaIntercalibration_Modelling] 0.00
     sigma_m[JET_EtaIntercalibration_NonClosure_2018data] 0.00
     sigma_m[JET_EtaIntercalibration_NonClosure_highE] -0.00
     sigma_m[JET_EtaIntercalibration_NonClosure_negEta] 0.00
     sigma_m[JET_EtaIntercalibration_NonClosure_posEta] -0.00
     sigma_m[JET_EtaIntercalibration_TotalStat] 0.00
     sigma_m[JET_Flavor_Composition_prop] 0.00
     sigma_m[JET_Flavor_Response_prop] 0.00
     sigma_m[JET_Pileup_OffsetMu]     0.00
     sigma_m[JET_Pileup_OffsetNPV]    0.00
     sigma_m[JET_Pileup_PtTerm]       0.00
     sigma_m[JET_Pileup_RhoTopology]  0.00
     sigma_m[JET_PunchThrough_MC16]   0.00
     sigma_m[JET_JER_DataVsMC_MC16_PseudoData] 0.00
     sigma_m[JET_JER_EffectiveNP_1_PseudoData] 0.00
     sigma_m[JET_JER_EffectiveNP_2_PseudoData] 0.00
     sigma_m[JET_JER_EffectiveNP_3_PseudoData] 0.00
     sigma_m[JET_JER_EffectiveNP_4_PseudoData] 0.00
     sigma_m[JET_JER_EffectiveNP_5_PseudoData] 0.00
     sigma_m[JET_JER_EffectiveNP_6_PseudoData] 0.00
     sigma_m[JET_JER_EffectiveNP_7_PseudoData] 0.00
     sigma_m[JET_JER_EffectiveNP_8_PseudoData] 0.00
     sigma_m[JET_JER_EffectiveNP_9_PseudoData] 0.00
     sigma_m[JET_JER_EffectiveNP_10_PseudoData] 0.00
     sigma_m[JET_JER_EffectiveNP_11_PseudoData] 0.00
     sigma_m[JET_JER_EffectiveNP_12restTerm_PseudoData] 0.00
     sigma_m[JET_JvtEfficiency]       0.00
     sigma_m[PRW_DATASF]              -0.00
     sigma_m[MET_SoftTrk_ResoPara]    0.00
     sigma_m[MET_SoftTrk_ResoPerp]    0.00
     sigma_m[MET_SoftTrk_Scale]       0.00
     sigma_m[WMASS_VAR_signal]        0.00
     sigma_m[FT_EFF_Eigen_B_0]        0.00
     sigma_m[FT_EFF_Eigen_B_1]        0.00
     sigma_m[FT_EFF_Eigen_B_2]        0.00
     sigma_m[FT_EFF_Eigen_B_3]        0.00
     sigma_m[FT_EFF_Eigen_B_4]        0.00
     sigma_m[FT_EFF_Eigen_B_5]        0.00
     sigma_m[FT_EFF_Eigen_B_6]        0.00
     sigma_m[FT_EFF_Eigen_B_7]        0.00
     sigma_m[FT_EFF_Eigen_B_8]        0.00
     sigma_m[FT_EFF_Eigen_C_0]        -0.00
     sigma_m[FT_EFF_Eigen_C_1]        0.00
     sigma_m[FT_EFF_Eigen_C_2]        0.00
     sigma_m[FT_EFF_Eigen_C_3]        0.00
     sigma_m[FT_EFF_Eigen_Light_0]    0.00
     sigma_m[FT_EFF_Eigen_Light_1]    0.00
     sigma_m[FT_EFF_Eigen_Light_2]    0.00
     sigma_m[FT_EFF_Eigen_Light_3]    0.00
     sigma_m[FT_EFF_extrapolation]    -0.00
     sigma_m[FT_EFF_extrapolation_from_charm] 0.00
     sigma_m[THEORY_CROSS_SECTION_signal] -0.00
     sigma_m[THEORY_SHOWERING_HERWIG7_signal] 0.00
     sigma_m[THEORY_SCALE_FACTORISATION_signal] 0.00
     sigma_m[THEORY_SCALE_RENORMALISATION_signal] 0.00
     sigma_m[THEORY_ISR_signal]       0.00
     sigma_m[THEORY_FSR_signal]       0.00
     sigma_m[THEORY_HDAMP_signal]     0.00
     sigma_m[THEORY_PTHARD_signal]    -0.00
     sigma_m[THEORY_TOPRECOIL_signal] 0.00
     sigma_m[THEORY_TOP_MASS_signal]  0.00
     sigma_m[THEORY_PDF4LHC_VARIATION_signal] -0.00
     sigma_m[THEORY_DR_DS_signal]     -0.00
     sigma_m[THEORY_CROSS_SECTION_Wjets] 0.00
     sigma_m[THEORY_SCALE_COMBINED_Wjets] 0.00
     sigma_m[THEORY_PDF4LHC_VARIATION_Wjets] 0.00
     sigma_m[THEORY_EWK_Wjets]        -0.00
     sigma_m[THEORY_SCALE_COMBINED_multiboson_noW] 0.00
     sigma_m[THEORY_PDF4LHC_VARIATION_multiboson_noW] 0.00
     sigma_m[THEORY_EWK_multiboson_noW] 0.00
     sigma_m[THEORY_CROSS_SECTION_other_top_noWt] 0.00
     sigma_m[FAKES_Electron]          -0.00
     sigma_m[FAKES_Muon]              -0.00
     sigma_m[LUMINOSITY]              0.00

  Settings
     Number of data points             9
     Number of templates               8
     Number of fit parameters          1
     Template reference values [0]     162.5   165 167.5   170 172.5 177.5   180 182.5
     Number of nuisance param.         107
     Gamma[0]                          1.000
     LogNormal                         false
     Response matrix                   false

  please cite: D. Britzger, The Linear Template Fit, Eur.Phys.J.C 82 (2022) 731, arXiv:2112.01548.
------------------------------------------------------------------------

Warning in <TFile::Append>: Replacing existing TH1: hist (Potential memory leak).
Warning in <TFile::Append>: Replacing existing TH1: hist (Potential memory leak).
Warning in <TFile::Append>: Replacing existing TH1: hist (Potential memory leak).
Warning in <TFile::Append>: Replacing existing TH1: hist (Potential memory leak).
Warning in <TFile::Append>: Replacing existing TH1: hist (Potential memory leak).
Warning in <TFile::Append>: Replacing existing TH1: hist (Potential memory leak).
Warning in <TFile::Append>: Replacing existing TH1: hist (Potential memory leak).
Warning in <TFile::Append>: Replacing existing TH1: hist (Potential memory leak).
Warning in <TFile::Append>: Replacing existing TH1: hist (Potential memory leak).
Info in <TCanvas::Print>: ps file plots/fit_ptl1.ps has been created
Info in <TCanvas::Print>: Current canvas added to ps file plots/fit_ptl1.ps
Info in <TCanvas::Print>: Current canvas added to ps file plots/fit_ptl1.ps
Info in <TCanvas::Print>: Current canvas added to ps file plots/fit_ptl1.ps
Info in <TCanvas::Print>: Current canvas added to ps file plots/fit_ptl1.ps
Info in <TCanvas::Print>: Current canvas added to ps file plots/fit_ptl1.ps
Info in <TCanvas::Print>: Current canvas added to ps file plots/fit_ptl1.ps
Info in <TCanvas::Print>: Current canvas added to ps file plots/fit_ptl1.ps
Info in <TCanvas::Print>: Current canvas added to ps file plots/fit_ptl1.ps
Info in <TCanvas::Print>: Current canvas added to ps file plots/fit_ptl1.ps
Info in <TCanvas::Print>: Current canvas added to ps file plots/fit_ptl1.ps
Info in <TCanvas::Print>: Current canvas added to ps file plots/fit_ptl1.ps
Info in <TCanvas::Print>: Current canvas added to ps file plots/fit_ptl1.ps
Info in <TCanvas::Print>: Current canvas added to ps file plots/fit_ptl1.ps
Info in <TCanvas::Print>: Current canvas added to ps file plots/fit_ptl1.ps
Info in <TCanvas::Print>: Current canvas added to ps file plots/fit_ptl1.ps
Info in <TCanvas::Print>: Current canvas added to ps file plots/fit_ptl1.ps
Info in <TCanvas::Print>: Current canvas added to ps file plots/fit_ptl1.ps
Info in <TCanvas::Print>: Current canvas added to ps file plots/fit_ptl1.ps
Info in <TCanvas::Print>: Current canvas added to ps file plots/fit_ptl1.ps
Info in <TCanvas::Print>: Current canvas added to ps file plots/fit_ptl1.ps
Info in <TCanvas::Print>: Current canvas added to ps file plots/fit_ptl1.ps
Info in <TCanvas::Print>: Current canvas added to ps file plots/fit_ptl1.ps
Info in <TCanvas::Print>: Current canvas added to ps file plots/fit_ptl1.ps
Info in <TCanvas::Print>: Current canvas added to ps file plots/fit_ptl1.ps
Info in <TCanvas::Print>: Current canvas added to ps file plots/fit_ptl1.ps
Info in <TCanvas::Print>: Current canvas added to ps file plots/fit_ptl1.ps
Info in <TCanvas::Print>: Current canvas added to ps file plots/fit_ptl1.ps
Info in <TCanvas::Print>: Current canvas added to ps file plots/fit_ptl1.ps
Info in <TCanvas::Print>: Current canvas added to ps file plots/fit_ptl1.ps
Info in <TCanvas::Print>: Current canvas added to ps file plots/fit_ptl1.ps
Info in <TCanvas::Print>: ps file plots/fit_ptl1.ps has been closed
Info in <TCanvas::Print>: ps file plots/fit_quality.ps has been created
Info in <TCanvas::Print>: Current canvas added to ps file plots/fit_quality.ps
Info in <TCanvas::Print>: Current canvas added to ps file plots/fit_quality.ps
Info in <TCanvas::Print>: Current canvas added to ps file plots/fit_quality.ps
Info in <TCanvas::Print>: Current canvas added to ps file plots/fit_quality.ps
Info in <TCanvas::Print>: Current canvas added to ps file plots/fit_quality.ps
Info in <TCanvas::Print>: Current canvas added to ps file plots/fit_quality.ps
Info in <TCanvas::Print>: Current canvas added to ps file plots/fit_quality.ps
Info in <TCanvas::Print>: Current canvas added to ps file plots/fit_quality.ps
Info in <TCanvas::Print>: Current canvas added to ps file plots/fit_quality.ps
Info in <TCanvas::Print>: Current canvas added to ps file plots/fit_quality.ps
Info in <TCanvas::Print>: ps file plots/fit_quality.ps has been closed
