nohup: ignoring input
Found covarinace matrix unfolding_covariance_matrix_mbl_selected_covariance_STAT_DATA
Johannes print final covariance matrix
0.000100398	-2.1292e-05	7.47942e-06	-5.60474e-06	9.69343e-07	-2.1426e-06	1.00158e-06	4.33882e-07	3.04339e-07	-1.13172e-07	
-2.1292e-05	0.000154034	-5.29948e-05	1.55657e-05	-5.01622e-06	3.17401e-06	-1.07346e-06	4.79699e-07	-2.38413e-07	-1.03528e-07	
7.47942e-06	-5.29948e-05	0.000304304	-7.40821e-05	-1.99056e-06	-6.6445e-07	1.16808e-06	-1.59991e-06	5.62986e-07	-1.74827e-07	
-5.60474e-06	1.55657e-05	-7.40821e-05	0.000169932	-1.5162e-05	2.75262e-06	-8.59802e-07	2.24318e-08	-4.68266e-07	1.91491e-08	
9.69343e-07	-5.01622e-06	-1.99056e-06	-1.5162e-05	3.61037e-05	-8.3762e-06	9.02862e-07	-1.09799e-07	-9.05525e-08	1.97665e-07	
-2.1426e-06	3.17401e-06	-6.6445e-07	2.75262e-06	-8.3762e-06	1.5759e-05	-2.2215e-06	1.06366e-07	1.9969e-08	3.86486e-08	
1.00158e-06	-1.07346e-06	1.16808e-06	-8.59802e-07	9.02862e-07	-2.2215e-06	5.22107e-06	-9.17006e-07	2.55215e-08	-9.30396e-09	
4.33882e-07	4.79699e-07	-1.59991e-06	2.24318e-08	-1.09799e-07	1.06366e-07	-9.17006e-07	2.35716e-06	-3.64757e-07	-8.07575e-09	
3.04339e-07	-2.38413e-07	5.62986e-07	-4.68266e-07	-9.05525e-08	1.9969e-08	2.55215e-08	-3.64757e-07	9.27839e-07	-6.9997e-08	
-1.13172e-07	-1.03528e-07	-1.74827e-07	1.91491e-08	1.97665e-07	3.86486e-08	-9.30396e-09	-8.07575e-09	-6.9997e-08	3.07954e-07	
Johannes print final correltaion matrix
1	-0.171216	0.042791	-0.0429097	0.0161005	-0.0538661	0.0437464	0.0282042	0.0315326	-0.0203532	
-0.171216	1	-0.244777	0.0962108	-0.0672655	0.0644223	-0.0378528	0.0251747	-0.0199427	-0.0150316	
0.042791	-0.244777	1	-0.325778	-0.0189909	-0.00959499	0.0293048	-0.0597377	0.0335049	-0.0180598	
-0.0429097	0.0962108	-0.325778	1	-0.193572	0.0531917	-0.0288656	0.00112081	-0.0372923	0.00264709	
0.0161005	-0.0672655	-0.0189909	-0.193572	1	-0.351162	0.0657606	-0.0119022	-0.0156455	0.0592804	
-0.0538661	0.0644223	-0.00959499	0.0531917	-0.351162	1	-0.244908	0.0174519	0.00522223	0.0175439	
0.0437464	-0.0378528	0.0293048	-0.0288656	0.0657606	-0.244908	1	-0.261395	0.0115955	-0.00733745	
0.0282042	0.0251747	-0.0597377	0.00112081	-0.0119022	0.0174519	-0.261395	1	-0.246645	-0.00947862	
0.0315326	-0.0199427	0.0335049	-0.0372923	-0.0156455	0.00522223	0.0115955	-0.246645	1	-0.130948	
-0.0203532	-0.0150316	-0.0180598	0.00264709	0.0592804	0.0175439	-0.00733745	-0.00947862	-0.130948	1	
TH1.Print Name  = total_error, Entries= 1070, Total sum= 0.897654
 fSumw[0]=0, x=-0.5, error=0
 fSumw[1]=0.0820337, x=0.5, error=0
 fSumw[2]=0.0547998, x=1.5, error=0
 fSumw[3]=0.0547774, x=2.5, error=0
 fSumw[4]=0.0834004, x=3.5, error=0
 fSumw[5]=0.126854, x=4.5, error=0
 fSumw[6]=0.0699165, x=5.5, error=0
 fSumw[7]=0.0879809, x=6.5, error=0
 fSumw[8]=0.0858091, x=7.5, error=0
 fSumw[9]=0.106113, x=8.5, error=0
 fSumw[10]=0.145968, x=9.5, error=0
 fSumw[11]=0, x=10.5, error=0
STAT_MC 0.0040325
STAT_MC 0.00100146
STAT_MC 0.000786761
STAT_MC 0.000984255
STAT_MC 0.00415091
STAT_MC 0.00383538
STAT_MC 0.006492
STAT_MC 0.007666
STAT_MC 0.011005
STAT_MC 0.0177533
TH1.Print Name  = total_error, Entries= 1080, Total sum= 0.900172
 fSumw[0]=0, x=-0.5, error=0
 fSumw[1]=0.0821327, x=0.5, error=0
 fSumw[2]=0.054809, x=1.5, error=0
 fSumw[3]=0.054783, x=2.5, error=0
 fSumw[4]=0.0834062, x=3.5, error=0
 fSumw[5]=0.126922, x=4.5, error=0
 fSumw[6]=0.0700216, x=5.5, error=0
 fSumw[7]=0.0882201, x=6.5, error=0
 fSumw[8]=0.0861508, x=7.5, error=0
 fSumw[9]=0.106682, x=8.5, error=0
 fSumw[10]=0.147044, x=9.5, error=0
 fSumw[11]=0, x=10.5, error=0
TH1.Print Name  = total_error, Entries= 1090, Total sum= 0.909605
 fSumw[0]=0, x=-0.5, error=0
 fSumw[1]=0.0822675, x=0.5, error=0
 fSumw[2]=0.0548513, x=1.5, error=0
 fSumw[3]=0.0548071, x=2.5, error=0
 fSumw[4]=0.0834315, x=3.5, error=0
 fSumw[5]=0.12701, x=4.5, error=0
 fSumw[6]=0.0702706, x=5.5, error=0
 fSumw[7]=0.0888948, x=6.5, error=0
 fSumw[8]=0.0876157, x=7.5, error=0
 fSumw[9]=0.10924, x=8.5, error=0
 fSumw[10]=0.151216, x=9.5, error=0
 fSumw[11]=0, x=10.5, error=0

        Data        Stat Tmpl_162.50 Stat_162.50 Tmpl_165.00 Stat_165.00 Tmpl_167.50 Stat_167.50 Tmpl_170.00 Stat_170.00 Tmpl_175.00 Stat_175.00 Tmpl_177.50 Stat_177.50 Tmpl_180.00 Stat_180.00 Tmpl_182.50 Stat_182.50
    0.352429    0.001659    0.525981    0.001993    0.472921    0.001775    0.431539    0.002765    0.389397    0.002621    0.320919    0.002178    0.295833    0.001174    0.271634    0.002147    0.244235    0.001214
    1.681540    0.003624    2.322255    0.004182    2.142520    0.003775    1.983247    0.005926    1.819464    0.005685    1.557875    0.004862    1.434078    0.002561    1.323642    0.004757    1.222285    0.002710
    3.048755    0.004953    3.643039    0.005234    3.497765    0.004858    3.358758    0.007745    3.212939    0.007646    2.877055    0.006560    2.721801    0.003555    2.580305    0.006704    2.422138    0.003848
    1.937830    0.003975    1.542181    0.003434    1.654428    0.003353    1.762269    0.005659    1.847968    0.005818    2.011560    0.005538    2.068891    0.003121    2.111057    0.006112    2.126323    0.003599
    0.381512    0.001795    0.356184    0.001668    0.357653    0.001582    0.364369    0.002588    0.376920    0.002656    0.395512    0.002484    0.406236    0.001388    0.429078    0.002825    0.457564    0.001692
    0.243232    0.001438    0.248844    0.001459    0.248844    0.001398    0.244262    0.002170    0.246155    0.002202    0.244617    0.002051    0.240765    0.001103    0.238058    0.002113    0.235834    0.001273
    0.073341    0.000802    0.076472    0.000965    0.074255    0.000766    0.074917    0.001272    0.072937    0.001220    0.069807    0.001141    0.069951    0.000606    0.070773    0.001173    0.067937    0.000728
    0.032516    0.000519    0.035341    0.000849    0.034732    0.000523    0.032818    0.000826    0.032738    0.000826    0.032267    0.000885    0.031861    0.000448    0.032378    0.000825    0.031358    0.000625
    0.010623    0.000250    0.011685    0.000313    0.010848    0.000274    0.010808    0.000500    0.010841    0.000533    0.010866    0.000439    0.010649    0.000241    0.010206    0.000433    0.010598    0.000402
    0.003719    0.000131    0.004009    0.000199    0.003792    0.000168    0.003808    0.000277    0.003530    0.000222    0.003636    0.000211    0.003453    0.000117    0.003505    0.000226    0.003541    0.000252

LTF::DoLiTeFit(). Fit done. Result:  172.572Johannes Inverse matrix of W
  0.00010517  -2.1292e-05  7.47942e-06 -5.60474e-06  9.69343e-07  -2.1426e-06  1.00158e-06  4.33882e-07  3.04339e-07 -1.13172e-07
 -2.1292e-05  0.000170007 -5.29948e-05  1.55657e-05 -5.01622e-06  3.17401e-06 -1.07346e-06  4.79699e-07 -2.38413e-07 -1.03528e-07
 7.47942e-06 -5.29948e-05  0.000334593 -7.40821e-05 -1.99056e-06  -6.6445e-07  1.16808e-06 -1.59991e-06  5.62986e-07 -1.74827e-07
-5.60474e-06  1.55657e-05 -7.40821e-05  0.000189372  -1.5162e-05  2.75262e-06 -8.59802e-07  2.24318e-08 -4.68266e-07  1.91491e-08
 9.69343e-07 -5.01622e-06 -1.99056e-06  -1.5162e-05  4.18327e-05  -8.3762e-06  9.02862e-07 -1.09799e-07 -9.05525e-08  1.97665e-07
 -2.1426e-06  3.17401e-06  -6.6445e-07  2.75262e-06  -8.3762e-06   1.8696e-05  -2.2215e-06  1.06366e-07   1.9969e-08  3.86486e-08
 1.00158e-06 -1.07346e-06  1.16808e-06 -8.59802e-07  9.02862e-07  -2.2215e-06  6.09058e-06 -9.17006e-07  2.55215e-08 -9.30396e-09
 4.33882e-07  4.79699e-07 -1.59991e-06  2.24318e-08 -1.09799e-07  1.06366e-07 -9.17006e-07  2.68843e-06 -3.64757e-07 -8.07575e-09
 3.04339e-07 -2.38413e-07  5.62986e-07 -4.68266e-07 -9.05525e-08   1.9969e-08  2.55215e-08 -3.64757e-07  1.00383e-06  -6.9997e-08
-1.13172e-07 -1.03528e-07 -1.74827e-07  1.91491e-08  1.97665e-07  3.86486e-08 -9.30396e-09 -8.07575e-09  -6.9997e-08  3.29524e-07
  +/- 0.626396 (fit)  +/- 0.269172 (ext)  +/- 0.0674811 (tmpl)  +/- 0 (MatA)   [chi^2=0.307377]

------------------------------------------------------------------------
        Result of the 1-dimensional linear template fit
        ```````````````````````````````````````````````
  LTF. Result[0]:   172.572  +/- 0.626396 (fit)  +/- 0.269172 (ext)

  LTF. Result[0]:   172.572254
                             +/-  0.301273 (STAT_DATA)
                             +/-  0.047309 (STAT_MC)
                             +/-  0.085449 (pseudoDataStat)
                             +/- -0.001063 (EG_RESOLUTION_ALL)
                             +/-  0.035421 (EG_SCALE_ALL)
                             +/- -0.000630 (EL_EFF_ID_TOTAL_1NPCOR_PLUS_UNCOR)
                             +/- -0.044518 (EL_EFF_Iso_TOTAL_1NPCOR_PLUS_UNCOR)
                             +/- -0.016723 (EL_EFF_Reco_TOTAL_1NPCOR_PLUS_UNCOR)
                             +/- -0.000000 (EL_EFF_TriggerEff_TOTAL_1NPCOR_PLUS_UNCOR)
                             +/- -0.000000 (EL_EFF_Trigger_TOTAL_1NPCOR_PLUS_UNCOR)
                             +/- -0.019483 (FAKES_Electron)
                             +/- -0.007735 (FAKES_Muon)
                             +/- -0.279830 (FT_EFF_Eigen_B_0)
                             +/- -0.056175 (FT_EFF_Eigen_B_1)
                             +/- -0.046340 (FT_EFF_Eigen_B_2)
                             +/- -0.008823 (FT_EFF_Eigen_B_3)
                             +/-  0.002171 (FT_EFF_Eigen_B_4)
                             +/- -0.000256 (FT_EFF_Eigen_B_5)
                             +/-  0.000008 (FT_EFF_Eigen_B_6)
                             +/- -0.000005 (FT_EFF_Eigen_B_7)
                             +/-  0.000000 (FT_EFF_Eigen_B_8)
                             +/- -0.070953 (FT_EFF_Eigen_C_0)
                             +/- -0.009494 (FT_EFF_Eigen_C_1)
                             +/- -0.005608 (FT_EFF_Eigen_C_2)
                             +/- -0.000350 (FT_EFF_Eigen_C_3)
                             +/- -0.035708 (FT_EFF_Eigen_Light_0)
                             +/-  0.000181 (FT_EFF_Eigen_Light_1)
                             +/-  0.001534 (FT_EFF_Eigen_Light_2)
                             +/-  0.000985 (FT_EFF_Eigen_Light_3)
                             +/-  0.008666 (FT_EFF_extrapolation)
                             +/- -0.013434 (FT_EFF_extrapolation_from_charm)
                             +/-  0.021208 (JET_EffectiveNP_Detector1)
                             +/-  0.002628 (JET_EffectiveNP_Detector2)
                             +/-  0.027081 (JET_EffectiveNP_Mixed1)
                             +/-  0.045624 (JET_EffectiveNP_Mixed2)
                             +/-  0.005923 (JET_EffectiveNP_Mixed3)
                             +/-  0.221472 (JET_EffectiveNP_Modelling1)
                             +/- -0.015421 (JET_EffectiveNP_Modelling2)
                             +/- -0.006676 (JET_EffectiveNP_Modelling3)
                             +/-  0.003934 (JET_EffectiveNP_Modelling4)
                             +/-  0.001735 (JET_EffectiveNP_Statistical1)
                             +/-  0.014859 (JET_EffectiveNP_Statistical2)
                             +/- -0.000341 (JET_EffectiveNP_Statistical3)
                             +/-  0.001016 (JET_EffectiveNP_Statistical4)
                             +/-  0.001676 (JET_EffectiveNP_Statistical5)
                             +/-  0.004242 (JET_EffectiveNP_Statistical6)
                             +/-  0.115714 (JET_EtaIntercalibration_Modelling)
                             +/-  0.081324 (JET_EtaIntercalibration_NonClosure_2018data)
                             +/- -0.000029 (JET_EtaIntercalibration_NonClosure_highE)
                             +/-  0.001174 (JET_EtaIntercalibration_NonClosure_negEta)
                             +/-  0.000636 (JET_EtaIntercalibration_NonClosure_posEta)
                             +/-  0.027117 (JET_EtaIntercalibration_TotalStat)
                             +/- -0.000047 (JET_Flavor_Composition_prop)
                             +/-  0.000172 (JET_Flavor_Response_prop)
                             +/- -0.029415 (JET_JER_DataVsMC_MC16_PseudoData)
                             +/- -0.022859 (JET_JER_EffectiveNP_10_PseudoData)
                             +/- -0.009017 (JET_JER_EffectiveNP_11_PseudoData)
                             +/- -0.010271 (JET_JER_EffectiveNP_12restTerm_PseudoData)
                             +/- -0.071595 (JET_JER_EffectiveNP_1_PseudoData)
                             +/- -0.121244 (JET_JER_EffectiveNP_2_PseudoData)
                             +/- -0.063246 (JET_JER_EffectiveNP_3_PseudoData)
                             +/- -0.004664 (JET_JER_EffectiveNP_4_PseudoData)
                             +/- -0.001295 (JET_JER_EffectiveNP_5_PseudoData)
                             +/- -0.018618 (JET_JER_EffectiveNP_6_PseudoData)
                             +/- -0.010701 (JET_JER_EffectiveNP_7_PseudoData)
                             +/- -0.001430 (JET_JER_EffectiveNP_8_PseudoData)
                             +/- -0.014010 (JET_JER_EffectiveNP_9_PseudoData)
                             +/- -0.046357 (JET_JvtEfficiency)
                             +/-  0.038581 (JET_Pileup_OffsetMu)
                             +/-  0.083088 (JET_Pileup_OffsetNPV)
                             +/-  0.024744 (JET_Pileup_PtTerm)
                             +/-  0.184698 (JET_Pileup_RhoTopology)
                             +/- -0.000013 (JET_PunchThrough_MC16)
                             +/- -0.076210 (LUMINOSITY)
                             +/- -0.001148 (MET_SoftTrk_ResoPara)
                             +/-  0.002014 (MET_SoftTrk_ResoPerp)
                             +/- -0.004943 (MET_SoftTrk_Scale)
                             +/- -0.000000 (MUON_EFF_BADMUON_SYS)
                             +/-  0.003697 (MUON_EFF_ISO_STAT)
                             +/- -0.019542 (MUON_EFF_ISO_SYS)
                             +/- -0.002098 (MUON_EFF_RECO_STAT)
                             +/- -0.000220 (MUON_EFF_RECO_SYS)
                             +/- -0.000044 (MUON_EFF_TTVA_STAT)
                             +/- -0.000054 (MUON_EFF_TTVA_SYS)
                             +/- -0.012504 (MUON_EFF_TrigStatUncertainty)
                             +/- -0.026540 (MUON_EFF_TrigSystUncertainty)
                             +/- -0.000430 (MUON_SAGITTA_DATASTAT)
                             +/- -0.000167 (MUON_SAGITTA_RESBIAS)
                             +/- -0.076985 (PRW_DATASF)
                             +/- -0.044099 (THEORY_CROSS_SECTION_Wjets)
                             +/- -0.056275 (THEORY_CROSS_SECTION_other_top_noWt)
                             +/- -0.007057 (THEORY_CROSS_SECTION_signal)
                             +/-  0.001434 (THEORY_DR_DS_signal)
                             +/-  0.000170 (THEORY_EWK_Wjets)
                             +/- -0.000103 (THEORY_EWK_multiboson_noW)
                             +/-  0.039858 (THEORY_FSR_signal)
                             +/- -0.046811 (THEORY_HDAMP_signal)
                             +/- -0.037392 (THEORY_ISR_signal)
                             +/- -0.006084 (THEORY_PDF4LHC_VARIATION_Wjets)
                             +/- -0.004350 (THEORY_PDF4LHC_VARIATION_multiboson_noW)
                             +/-  0.005004 (THEORY_PDF4LHC_VARIATION_signal)
                             +/-  0.019510 (THEORY_PTHARD_signal)
                             +/- -0.058789 (THEORY_SCALE_COMBINED_Wjets)
                             +/- -0.026807 (THEORY_SCALE_COMBINED_multiboson_noW)
                             +/-  0.000827 (THEORY_SCALE_FACTORISATION_signal)
                             +/- -0.023821 (THEORY_SCALE_RENORMALISATION_signal)
                             +/- -0.147512 (THEORY_SHOWERING_HERWIG7_signal)
                             +/- -0.048934 (THEORY_TOPRECOIL_signal)
                             +/-  0.003532 (THEORY_TOP_MASS_signal)
                             +/- -0.000822 (WMASS_VAR_signal)

                             +/- -0.083042 (FULL_SYS_SUM)
                             +/- -0.042110 (FULL_SYS_SUM_DETECTOR)
                             +/- -0.191031 (FULL_SYS_SUM_THEORY)
                             +/- -0.083042 (FULL_SYS_TOYS)
                             +/- -0.080771 (TOTAL)
                             +/- -0.083520 (TOTAL_NO_DR_DS)
                             +/- -0.083041 (TOTAL_SYSONLY)
                             +/-  0.067481 (statY)

  Nuisance parameters                  0.006  +/-  1.000  (EG_RESOLUTION_ALL)
                                       0.021  +/-  0.997  (EG_SCALE_ALL)
                                       0.006  +/-  0.999  (EL_EFF_ID_TOTAL_1NPCOR_PLUS_UNCOR)
                                       0.005  +/-  0.996  (EL_EFF_Iso_TOTAL_1NPCOR_PLUS_UNCOR)
                                       0.002  +/-  1.000  (EL_EFF_Reco_TOTAL_1NPCOR_PLUS_UNCOR)
                                       0.000  +/-  1.000  (EL_EFF_TriggerEff_TOTAL_1NPCOR_PLUS_UNCOR)
                                       0.000  +/-  1.000  (EL_EFF_Trigger_TOTAL_1NPCOR_PLUS_UNCOR)
                                       0.001  +/-  1.000  (MUON_SAGITTA_DATASTAT)
                                       0.004  +/-  1.000  (MUON_SAGITTA_RESBIAS)
                                       0.000  +/-  1.000  (MUON_EFF_BADMUON_SYS)
                                       0.003  +/-  1.000  (MUON_EFF_ISO_STAT)
                                       0.000  +/-  0.999  (MUON_EFF_ISO_SYS)
                                       0.000  +/-  1.000  (MUON_EFF_RECO_STAT)
                                       0.003  +/-  1.000  (MUON_EFF_RECO_SYS)
                                       0.000  +/-  1.000  (MUON_EFF_TTVA_STAT)
                                       0.000  +/-  1.000  (MUON_EFF_TTVA_SYS)
                                       0.001  +/-  1.000  (MUON_EFF_TrigStatUncertainty)
                                       0.001  +/-  0.998  (MUON_EFF_TrigSystUncertainty)
                                      -0.001  +/-  1.000  (JET_EffectiveNP_Detector1)
                                      -0.000  +/-  1.000  (JET_EffectiveNP_Detector2)
                                       0.019  +/-  0.997  (JET_EffectiveNP_Mixed1)
                                       0.012  +/-  0.998  (JET_EffectiveNP_Mixed2)
                                       0.005  +/-  1.000  (JET_EffectiveNP_Mixed3)
                                       0.005  +/-  0.933  (JET_EffectiveNP_Modelling1)
                                       0.012  +/-  1.000  (JET_EffectiveNP_Modelling2)
                                       0.006  +/-  1.000  (JET_EffectiveNP_Modelling3)
                                       0.003  +/-  1.000  (JET_EffectiveNP_Modelling4)
                                       0.005  +/-  1.000  (JET_EffectiveNP_Statistical1)
                                       0.001  +/-  0.999  (JET_EffectiveNP_Statistical2)
                                       0.007  +/-  1.000  (JET_EffectiveNP_Statistical3)
                                       0.004  +/-  1.000  (JET_EffectiveNP_Statistical4)
                                       0.004  +/-  1.000  (JET_EffectiveNP_Statistical5)
                                       0.002  +/-  1.000  (JET_EffectiveNP_Statistical6)
                                      -0.030  +/-  0.972  (JET_EtaIntercalibration_Modelling)
                                       0.008  +/-  0.997  (JET_EtaIntercalibration_NonClosure_2018data)
                                       0.000  +/-  1.000  (JET_EtaIntercalibration_NonClosure_highE)
                                      -0.003  +/-  1.000  (JET_EtaIntercalibration_NonClosure_negEta)
                                      -0.001  +/-  1.000  (JET_EtaIntercalibration_NonClosure_posEta)
                                      -0.004  +/-  0.998  (JET_EtaIntercalibration_TotalStat)
                                      -0.000  +/-  1.000  (JET_Flavor_Composition_prop)
                                       0.003  +/-  1.000  (JET_Flavor_Response_prop)
                                      -0.006  +/-  0.995  (JET_Pileup_OffsetMu)
                                      -0.029  +/-  0.958  (JET_Pileup_OffsetNPV)
                                       0.002  +/-  0.994  (JET_Pileup_PtTerm)
                                      -0.040  +/-  0.753  (JET_Pileup_RhoTopology)
                                       0.000  +/-  1.000  (JET_PunchThrough_MC16)
                                       0.038  +/-  0.984  (JET_JER_DataVsMC_MC16_PseudoData)
                                       0.073  +/-  0.954  (JET_JER_EffectiveNP_1_PseudoData)
                                       0.075  +/-  0.877  (JET_JER_EffectiveNP_2_PseudoData)
                                       0.040  +/-  0.971  (JET_JER_EffectiveNP_3_PseudoData)
                                       0.056  +/-  0.987  (JET_JER_EffectiveNP_4_PseudoData)
                                       0.035  +/-  0.990  (JET_JER_EffectiveNP_5_PseudoData)
                                       0.060  +/-  0.983  (JET_JER_EffectiveNP_6_PseudoData)
                                       0.010  +/-  0.996  (JET_JER_EffectiveNP_7_PseudoData)
                                       0.005  +/-  0.997  (JET_JER_EffectiveNP_8_PseudoData)
                                       0.044  +/-  0.990  (JET_JER_EffectiveNP_9_PseudoData)
                                       0.001  +/-  0.998  (JET_JER_EffectiveNP_10_PseudoData)
                                       0.017  +/-  0.997  (JET_JER_EffectiveNP_11_PseudoData)
                                       0.052  +/-  0.993  (JET_JER_EffectiveNP_12restTerm_PseudoData)
                                       0.001  +/-  0.995  (JET_JvtEfficiency)
                                      -0.028  +/-  0.985  (PRW_DATASF)
                                      -0.011  +/-  0.999  (MET_SoftTrk_ResoPara)
                                      -0.005  +/-  0.999  (MET_SoftTrk_ResoPerp)
                                      -0.001  +/-  0.999  (MET_SoftTrk_Scale)
                                       0.001  +/-  1.000  (WMASS_VAR_signal)
                                       0.040  +/-  0.771  (FT_EFF_Eigen_B_0)
                                       0.035  +/-  0.961  (FT_EFF_Eigen_B_1)
                                       0.006  +/-  0.989  (FT_EFF_Eigen_B_2)
                                      -0.005  +/-  0.999  (FT_EFF_Eigen_B_3)
                                       0.002  +/-  1.000  (FT_EFF_Eigen_B_4)
                                      -0.000  +/-  1.000  (FT_EFF_Eigen_B_5)
                                       0.000  +/-  1.000  (FT_EFF_Eigen_B_6)
                                       0.000  +/-  1.000  (FT_EFF_Eigen_B_7)
                                       0.000  +/-  1.000  (FT_EFF_Eigen_B_8)
                                      -0.045  +/-  0.972  (FT_EFF_Eigen_C_0)
                                       0.007  +/-  0.998  (FT_EFF_Eigen_C_1)
                                      -0.006  +/-  1.000  (FT_EFF_Eigen_C_2)
                                       0.001  +/-  1.000  (FT_EFF_Eigen_C_3)
                                      -0.016  +/-  0.980  (FT_EFF_Eigen_Light_0)
                                       0.009  +/-  0.998  (FT_EFF_Eigen_Light_1)
                                       0.007  +/-  0.999  (FT_EFF_Eigen_Light_2)
                                       0.002  +/-  1.000  (FT_EFF_Eigen_Light_3)
                                       0.019  +/-  0.983  (FT_EFF_extrapolation)
                                      -0.011  +/-  0.999  (FT_EFF_extrapolation_from_charm)
                                       0.005  +/-  0.998  (THEORY_CROSS_SECTION_signal)
                                      -0.084  +/-  0.509  (THEORY_SHOWERING_HERWIG7_signal)
                                      -0.023  +/-  0.995  (THEORY_SCALE_FACTORISATION_signal)
                                      -0.002  +/-  0.978  (THEORY_SCALE_RENORMALISATION_signal)
                                       0.038  +/-  0.844  (THEORY_ISR_signal)
                                      -0.047  +/-  0.845  (THEORY_FSR_signal)
                                       0.055  +/-  0.877  (THEORY_HDAMP_signal)
                                       0.150  +/-  0.950  (THEORY_PTHARD_signal)
                                      -0.028  +/-  0.932  (THEORY_TOPRECOIL_signal)
                                      -0.014  +/-  0.919  (THEORY_TOP_MASS_signal)
                                      -0.005  +/-  0.999  (THEORY_PDF4LHC_VARIATION_signal)
                                       0.143  +/-  0.706  (THEORY_DR_DS_signal)
                                      -0.019  +/-  0.975  (THEORY_CROSS_SECTION_Wjets)
                                      -0.004  +/-  0.923  (THEORY_SCALE_COMBINED_Wjets)
                                      -0.000  +/-  0.998  (THEORY_PDF4LHC_VARIATION_Wjets)
                                       0.000  +/-  1.000  (THEORY_EWK_Wjets)
                                      -0.005  +/-  0.992  (THEORY_SCALE_COMBINED_multiboson_noW)
                                      -0.000  +/-  1.000  (THEORY_PDF4LHC_VARIATION_multiboson_noW)
                                       0.000  +/-  1.000  (THEORY_EWK_multiboson_noW)
                                      -0.026  +/-  0.974  (THEORY_CROSS_SECTION_other_top_noWt)
                                       0.011  +/-  0.988  (FAKES_Electron)
                                      -0.005  +/-  1.000  (FAKES_Muon)
                                       0.005  +/-  0.985  (LUMINOSITY)

  Correlation matrix 
        1    0.0017   -0.0567   0.00101    0.0714    0.0267  1.87e-14  1.87e-14  0.000687  0.000266  5.93e-15   -0.0059    0.0312   0.00335  0.000351  6.96e-05  8.67e-05      0.02    0.0424   -0.0339   -0.0042   -0.0434    -0.073  -0.00946    -0.379    0.0246    0.0107  -0.00628  -0.00277   -0.0237  0.000544  -0.00162  -0.00268  -0.00677     -0.19     -0.13  4.64e-05  -0.00187  -0.00102   -0.0434  7.45e-05 -0.000274   -0.0619    -0.138   -0.0397    -0.391  2.03e-05    0.0477      0.12     0.221     0.104   0.00754   0.00209    0.0302    0.0171   0.00229    0.0226    0.0366    0.0144    0.0165    0.0744     0.125   0.00184  -0.00322    0.0079   0.00131      0.58    0.0933    0.0748    0.0141  -0.00347  0.000409 -1.28e-05  7.91e-06 -5.28e-07     0.117    0.0152   0.00895  0.000558    0.0582 -0.000289  -0.00245  -0.00157   -0.0141    0.0215    0.0113     0.463  -0.00133    0.0389    0.0707   -0.0753    0.0852   -0.0328    0.0838  -0.00613    -0.008  -0.00324    0.0722     0.102   0.00973 -0.000272    0.0431   0.00695  0.000164    0.0922    0.0315    0.0124     0.124
   0.0017         1 -2.13e-05    0.0003  0.000952  0.000351  1.58e-16  1.58e-16 -3.67e-05 -6.68e-05  -2.2e-17  9.99e-05  0.000243  3.79e-05  0.000186  2.37e-05  3.01e-05  0.000233  0.000487  7.31e-06 -3.21e-05 -0.000598 -0.000434  -0.00017  -0.00017 -0.000327 -0.000434 -0.000179 -0.000149  -0.00025 -0.000136   -0.0002 -0.000281 -0.000101  0.000337 -0.000781 -1.53e-08  4.88e-05  4.42e-05 -0.000281  2.74e-06 -5.79e-05 -0.000565 -0.000744   -0.0015  0.000872  5.88e-06  -0.00335   -0.0041  -0.00794   -0.0034  -0.00288  3.52e-05  -0.00145 -0.000703  -0.00118 -0.000964 -0.000277  -0.00105 -0.000792  0.000498  -0.00269  0.000454  0.000224  9.54e-05   7.7e-06   0.00505    0.0031   0.00156 -0.000308  2.98e-05  5.39e-06  1.16e-06  1.11e-07  2.13e-09  -0.00125 -2.16e-05  5.62e-05 -5.13e-06 -0.000811 -2.34e-05 -1.83e-05  1.35e-05  0.000291 -0.000229 -0.000576   -0.0128  6.99e-06  -0.00368   -0.0076   0.00121  -0.00284  -0.00474    0.0027  -0.00391 -0.000368  -0.00332    -0.001  -0.00207 -9.53e-05  2.29e-05 -0.000653 -0.000111 -1.05e-05 -0.000619  -0.00111 -0.000255   0.00139
  -0.0567 -2.13e-05         1  -0.00128  -0.00303  -0.00109 -5.62e-16 -5.62e-16  6.41e-05  0.000194 -1.39e-15 -0.000536 -0.000737 -0.000122 -0.000855 -0.000107 -0.000121 -0.000689  -0.00142 -0.000575 -7.49e-05  -0.00352  -0.00271  -0.00103   -0.0149  -0.00114  -0.00135  -0.00054 -0.000524  -0.00142 -0.000647 -0.000607 -0.000655 -0.000337  -0.00274  -0.00191 -2.68e-07  0.000384  8.99e-05  -0.00115  2.32e-05 -0.000322  -0.00246  -0.00649  -0.00318   -0.0305 -6.86e-05  -0.00492   -0.0137   -0.0166  -0.00804  -0.00315  -0.00581  -0.00864  -0.00362  -0.00162  -0.00753  -0.00204 -0.000685  -0.00624  -0.00302   0.00197  0.000761 -4.84e-05 -0.000441 -9.68e-05   -0.0314  -0.00955  -0.00512   0.00112 -0.000341  2.19e-05 -4.25e-06 -6.38e-07 -5.42e-08   0.00766 -0.000186  0.000271 -9.87e-05   0.00469  -0.00139  -0.00114 -0.000326  -0.00274    0.0022  0.000539    0.0051   0.00427   0.00156    0.0142   -0.0105   0.00751    -0.011  -0.00201   0.00821   0.00142  -0.00913   0.00568   0.00341  0.000871  -9.4e-05   0.00295  0.000536 -7.14e-06   0.00616  0.000835     0.001  -0.00432
  0.00101    0.0003  -0.00128         1  -0.00371  -0.00111 -3.01e-16 -3.01e-16 -2.32e-05 -0.000333 -3.22e-16  -0.00077  -0.00148 -0.000178  -0.00118 -0.000156 -0.000195  -0.00103  -0.00218 -0.000315 -3.24e-05  -0.00143 -0.000482 -4.79e-05  -0.00641 -0.000424 -4.29e-05 -5.37e-05 -0.000229 -0.000365 -0.000282 -7.93e-05  0.000174 -2.17e-05  -0.00618  -0.00104 -1.01e-07 -0.000111 -8.72e-05 -0.000939  -6.5e-06 -0.000313   -0.0014   -0.0029  0.000642    -0.016 -5.52e-05   0.00136 -0.000259   0.00294  0.000541 -0.000729   -0.0029  -0.00279 -0.000834 -0.000264  -0.00221 -0.000456 -0.000636  -0.00226  -0.00305   0.00363   -0.0014 -0.000959 -0.000871 -0.000267   -0.0226   -0.0119  -0.00416 -8.01e-05 -0.000154 -1.69e-05 -4.71e-06 -4.76e-07 -4.45e-08  4.52e-05  -0.00191 -0.000134 -8.77e-05  -0.00326  -0.00126 -0.000866 -0.000312  -0.00318 -0.000116 -0.000919    0.0269  -0.00144   0.00191  -0.00105  -0.00748  -0.00571  -0.00281  -0.00884  -0.00651 -0.000278   -0.0249  -0.00361  -0.00776  -0.00122 -0.000133  -0.00207  -0.00041 -2.27e-06  -0.00392  -0.00325  0.000105  -0.00711
   0.0714  0.000952  -0.00303  -0.00371         1  -0.00281 -8.57e-16 -8.57e-16  3.22e-05 -0.000477 -7.89e-16  -0.00149  -0.00342 -0.000422  -0.00235 -0.000333 -0.000417  -0.00247  -0.00522 -0.000987 -7.89e-06  -0.00151  -0.00102 -0.000275   -0.0201 -0.000485  2.68e-05  7.25e-05 -0.000108  -0.00133  -0.00028 -0.000106   0.00033 -2.03e-05   -0.0164  -0.00238  5.74e-08 -0.000212 -0.000203  -0.00326 -8.71e-06 -0.000245   -0.0043   -0.0117    0.0011   -0.0528 -7.42e-05   0.00546   0.00117   0.00797   0.00334   0.00029  -0.00629  -0.00572 -0.000556   0.00122  -0.00384 -0.000745  -0.00126  -0.00388    -0.008   0.00771  -0.00268  -0.00199  -0.00161 -0.000339   -0.0594   -0.0255   -0.0119 -1.28e-05 -0.000315 -2.04e-05 -6.58e-06 -4.26e-07 -3.41e-08  5.24e-05  -0.00257 -0.000168 -7.05e-05  -0.00263  -0.00103 -0.000562 -0.000232   -0.0024 -0.000227 -0.000386    0.0404  -0.00179   0.00824 -0.000545  -0.00729   -0.0128 -0.000445   -0.0215  -0.00861 -9.02e-05   -0.0224  -0.00355  -0.00562  -0.00109 -0.000147  -0.00209 -0.000416  1.02e-05  -0.00648  -0.00276  0.000432   -0.0162
   0.0267  0.000351  -0.00109  -0.00111  -0.00281         1 -3.51e-16 -3.51e-16  2.39e-05 -0.000137 -2.95e-16 -0.000454 -0.000916 -0.000128 -0.000715 -0.000106 -0.000132 -0.000748  -0.00158 -0.000361  1.37e-05 -0.000347 -0.000365 -0.000167  -0.00777 -6.13e-05  5.77e-05  3.48e-05 -1.67e-05 -0.000421 -7.06e-05  9.28e-06  8.29e-05 -5.63e-06  -0.00545 -0.000755 -1.57e-07 -3.62e-05 -5.58e-05  -0.00107 -1.41e-06 -5.74e-05  -0.00162  -0.00496  0.000203   -0.0192 -1.98e-05    0.0017  0.000214    0.0021  0.000968  0.000786  -0.00173  -0.00157 -0.000184  0.000576  -0.00101 -0.000401 -0.000422   -0.0013  -0.00231   0.00249 -0.000825 -0.000605 -0.000605 -0.000101   -0.0168  -0.00808  -0.00381   0.00025 -9.56e-05 -6.44e-06 -1.97e-06 -1.13e-07 -3.52e-09 -0.000648 -0.000639 -7.31e-05 -9.83e-06 -0.000708 -0.000183 -9.59e-05 -4.34e-05 -0.000512 -9.43e-05  1.66e-05    0.0144 -9.85e-05    0.0028   0.00077   0.00125  -0.00398  0.000142  -0.00515  -0.00206  0.000244  -0.00404  -0.00101   -0.0012 -0.000272 -3.98e-05 -0.000616 -0.000114  1.92e-06  -0.00218  -0.00061  0.000188  -0.00503
 1.87e-14  1.58e-16 -5.62e-16 -3.01e-16 -8.57e-16 -3.51e-16         1 -8.91e-28  2.88e-17 -1.84e-16 -6.92e-28 -8.86e-17 -5.46e-17 -2.47e-17 -1.72e-16 -2.04e-17 -2.09e-17 -1.53e-16 -3.05e-16 -2.09e-16  3.92e-17 -2.43e-16 -8.16e-16 -1.49e-16 -3.03e-15  9.75e-18  3.22e-16 -9.89e-18 -4.75e-17  9.84e-17 -2.08e-16  1.06e-18 -4.11e-17 -4.57e-18 -1.99e-16  -2.9e-16   1.3e-21  7.83e-17 -2.64e-17  3.64e-16   5.6e-18 -8.09e-17 -5.07e-17  -6.1e-16  4.63e-16 -1.07e-15 -3.21e-17  2.14e-15  4.15e-15  9.25e-15  4.14e-15  1.15e-15  1.07e-15  1.43e-15  1.08e-15  1.36e-15  7.92e-16  1.01e-15   3.9e-16 -1.21e-15  3.31e-16  3.26e-15  3.08e-18 -6.66e-17 -2.62e-16 -4.53e-17  9.94e-16 -3.57e-15 -3.51e-16  6.96e-16 -1.59e-17  8.45e-18 -1.69e-18 -2.55e-19 -2.47e-22  1.12e-15 -5.81e-16  2.52e-16 -1.14e-17 -1.65e-16 -1.43e-16  3.13e-18  -5.7e-18  1.23e-16 -1.29e-17  1.04e-16  -7.4e-15  8.14e-16  3.64e-15 -5.16e-15  4.19e-15 -9.05e-15 -4.69e-15  1.77e-15  3.21e-15  6.44e-16 -4.08e-15 -4.24e-16 -7.49e-16  2.93e-17 -4.09e-17 -4.89e-16 -7.85e-17  2.83e-19 -7.39e-16 -6.66e-16  1.24e-16 -1.19e-15
 1.87e-14  1.58e-16 -5.62e-16 -3.01e-16 -8.57e-16 -3.51e-16 -8.91e-28         1  2.88e-17 -1.84e-16 -6.92e-28 -8.86e-17 -5.46e-17 -2.47e-17 -1.72e-16 -2.04e-17 -2.09e-17 -1.53e-16 -3.05e-16 -2.09e-16  3.92e-17 -2.43e-16 -8.16e-16 -1.49e-16 -3.03e-15  9.75e-18  3.22e-16 -9.89e-18 -4.75e-17  9.84e-17 -2.08e-16  1.06e-18 -4.11e-17 -4.57e-18 -1.99e-16  -2.9e-16   1.3e-21  7.83e-17 -2.64e-17  3.64e-16   5.6e-18 -8.09e-17 -5.07e-17  -6.1e-16  4.63e-16 -1.07e-15 -3.21e-17  2.14e-15  4.15e-15  9.25e-15  4.14e-15  1.15e-15  1.07e-15  1.43e-15  1.08e-15  1.36e-15  7.92e-16  1.01e-15   3.9e-16 -1.21e-15  3.31e-16  3.26e-15  3.08e-18 -6.66e-17 -2.62e-16 -4.53e-17  9.94e-16 -3.57e-15 -3.51e-16  6.96e-16 -1.59e-17  8.45e-18 -1.69e-18 -2.55e-19 -2.47e-22  1.12e-15 -5.81e-16  2.52e-16 -1.14e-17 -1.65e-16 -1.43e-16  3.13e-18  -5.7e-18  1.23e-16 -1.29e-17  1.04e-16  -7.4e-15  8.14e-16  3.64e-15 -5.16e-15  4.19e-15 -9.05e-15 -4.69e-15  1.77e-15  3.21e-15  6.44e-16 -4.08e-15 -4.24e-16 -7.49e-16  2.93e-17 -4.09e-17 -4.89e-16 -7.85e-17  2.83e-19 -7.39e-16 -6.66e-16  1.24e-16 -1.19e-15
 0.000687 -3.67e-05  6.41e-05 -2.32e-05  3.22e-05  2.39e-05  2.88e-17  2.88e-17         1 -4.86e-05   1.4e-17 -4.22e-06 -5.98e-06  1.43e-06 -1.14e-05  1.25e-06  1.52e-06  9.28e-06  1.86e-05 -1.47e-05 -6.36e-06 -0.000189 -7.33e-05  2.93e-06  2.65e-06 -2.81e-05 -2.87e-05 -2.33e-05 -3.56e-05  1.82e-06 -2.46e-05 -1.27e-05 -6.21e-06 -2.44e-05 -8.63e-05 -0.000139 -1.12e-07  -7.3e-06 -3.69e-06 -4.19e-05 -5.91e-07 -3.27e-05  -1.3e-05  0.000118 -8.75e-05  0.000309 -1.22e-07 -0.000238  -6.5e-05 -0.000172 -0.000154   -0.0002  4.53e-05  1.46e-05  3.43e-05 -4.14e-05  8.33e-05     4e-06 -3.09e-05  7.53e-05  2.68e-05 -0.000185  -4.1e-06   3.8e-05 -5.63e-06 -2.28e-05  0.000209  6.58e-05  9.87e-05 -4.72e-05 -2.59e-06 -2.15e-06 -3.29e-07  -6.4e-08 -5.73e-09  3.69e-05 -6.63e-05  -1.9e-05 -8.09e-06 -0.000342 -0.000129 -0.000116 -3.77e-05 -0.000484 -5.33e-06 -0.000104  -0.00198 -0.000126 -0.000415   0.00018 -0.000492  0.000413 -0.000344  0.000193 -0.000228 -3.48e-05  -0.00258 -0.000257  -0.00056 -0.000167 -7.15e-06 -0.000174 -4.53e-05 -1.32e-06  -9.7e-05 -0.000212 -2.09e-05  3.41e-05
 0.000266 -6.68e-05  0.000194 -0.000333 -0.000477 -0.000137 -1.84e-16 -1.84e-16 -4.86e-05         1 -6.18e-17 -0.000125 -0.000132 -1.85e-05 -0.000203    -2e-05 -2.48e-05 -0.000106  -0.00022 -2.87e-06  3.84e-05 -0.000556 -9.05e-05  7.66e-05 -0.000461 -0.000104  0.000157  2.34e-05 -4.73e-05  8.38e-05  -6.4e-05   3.6e-05  1.92e-05 -2.03e-06  -0.00121  -0.00039 -4.11e-07  1.41e-05 -2.47e-05 -0.000141  7.24e-07  -0.00014 -0.000257 -0.000363  7.29e-05    0.0006  2.62e-06   0.00025  0.000922   0.00186  0.000382 -0.000517  0.000204  0.000394   0.00037  7.77e-05   0.00061  0.000321  -0.00052 -0.000534 -2.12e-05  0.000442 -0.000238 -0.000211 -0.000251 -0.000146   0.00079  -0.00169 -0.000304 -9.47e-05  -2.3e-05 -1.36e-05 -2.44e-06 -3.12e-07 -1.99e-08 -0.000838 -0.000522 -8.11e-05 -2.49e-05  -0.00214 -0.000485 -0.000424  -0.00016  -0.00221 -0.000264 -0.000263  -0.00215 -0.000673 -0.000336  -0.00513 -0.000179  -0.00541  -0.00279  -0.00086  -0.00358 -7.17e-05  -0.00811  -0.00197  -0.00277  -0.00085 -8.12e-05  -0.00135 -0.000301 -5.94e-06  -0.00189   -0.0015 -6.58e-05 -0.000942
 5.93e-15  -2.2e-17 -1.39e-15 -3.22e-16 -7.89e-16 -2.95e-16 -6.92e-28 -6.92e-28   1.4e-17 -6.18e-17         1 -1.11e-16 -1.19e-16  -2.5e-17  -1.9e-16  -2.1e-17 -1.96e-17  -1.5e-16 -2.95e-16 -2.23e-16 -1.34e-18  -8.7e-16 -1.17e-15 -3.36e-16 -3.52e-15 -3.44e-16 -1.52e-16 -1.72e-16 -1.94e-16 -1.69e-16 -3.58e-16 -1.95e-16 -1.97e-16 -1.06e-16  6.44e-16 -5.75e-16  6.99e-20  1.37e-16  1.17e-17  1.71e-16  8.98e-18 -1.11e-16  -4.1e-17 -3.49e-17 -1.68e-16 -2.95e-15 -3.68e-17 -6.14e-17 -4.04e-16  2.26e-15  1.08e-15 -8.04e-16 -6.96e-16 -1.37e-15  1.59e-16  6.91e-16 -1.33e-15   4.1e-16   8.9e-17 -2.15e-15 -1.99e-16  2.67e-15  4.44e-16  2.29e-16 -5.05e-17 -1.51e-17 -4.99e-15 -3.35e-15 -7.83e-16  6.47e-16 -7.26e-17  1.89e-17  -1.1e-18 -2.08e-19 -7.46e-21  3.31e-15 -3.53e-16  3.59e-16 -2.57e-17  1.59e-15 -3.12e-16 -1.61e-16 -3.37e-17  3.12e-17  5.86e-16  7.51e-17 -4.79e-15  1.63e-15  2.65e-15  -3.9e-16  2.06e-15  -3.7e-15 -6.64e-15  1.81e-15  5.27e-15  6.55e-16 -6.67e-15  1.61e-15  1.12e-15  3.94e-16 -6.84e-18  6.65e-16   1.2e-16 -4.41e-19  1.71e-15   6.5e-17  3.08e-16 -9.46e-16
  -0.0059  9.99e-05 -0.000536  -0.00077  -0.00149 -0.000454 -8.86e-17 -8.86e-17 -4.22e-06 -0.000125 -1.11e-16         1 -0.000569 -7.14e-05 -0.000484 -6.74e-05 -8.44e-05 -0.000413 -0.000874 -9.16e-05    -7e-06 -0.000483 -7.48e-05 -2.69e-05  -0.00239 -0.000194 -2.43e-05 -1.36e-05 -8.82e-05 -0.000133 -0.000111 -2.52e-05     7e-05  7.87e-06  -0.00244 -0.000337 -1.76e-08 -3.73e-05  -2.7e-05  -0.00037 -2.45e-06  -0.00012 -0.000577  -0.00125  0.000298  -0.00634 -2.04e-05  0.000297 -0.000773  -1.4e-05 -0.000289  -0.00047   -0.0014  -0.00148 -0.000523 -0.000248  -0.00116 -0.000331 -0.000439  -0.00111  -0.00122   0.00142 -0.000581 -0.000412 -0.000375 -0.000106  -0.00869  -0.00482  -0.00166 -2.46e-05 -6.15e-05 -6.43e-06 -1.66e-06 -1.34e-07 -1.44e-08 -0.000392 -0.000764 -5.92e-05 -3.12e-05  -0.00136 -0.000454 -0.000312 -0.000113  -0.00112 -7.81e-05 -0.000411    0.0158 -0.000548  0.000542 -0.000849  -0.00187  -0.00259  -0.00124  -0.00344  -0.00343 -0.000135  -0.00956  -0.00158  -0.00325  -0.00047 -4.94e-05 -0.000886 -0.000169 -1.66e-06  -0.00179  -0.00138  4.63e-05  -0.00289
   0.0312  0.000243 -0.000737  -0.00148  -0.00342 -0.000916 -5.46e-17 -5.46e-17 -5.98e-06 -0.000132 -1.19e-16 -0.000569         1 -0.000188 -0.000926 -0.000125 -0.000159  -0.00111  -0.00234 -0.000293 -4.35e-05 -0.000475 -0.000165  0.000103  -0.00473 -0.000368 -0.000153     4e-05  1.53e-05 -0.000693 -5.75e-05 -0.000167  0.000176  3.23e-06   -0.0064 -0.000948   7.2e-07 -0.000186 -0.000105  -0.00153 -6.99e-06 -2.45e-05  -0.00127  -0.00216  0.000709   -0.0175 -2.57e-05   0.00257  0.000911   0.00367   0.00169  -0.00182  -0.00331  -0.00308 -7.05e-06  0.000147    -0.002  0.000188 -0.000526 -0.000967  -0.00418   0.00235  -0.00103 -0.000839 -0.000242 -7.07e-05   -0.0317  -0.00934  -0.00516 -0.000853 -0.000119 -3.15e-06 -1.44e-06  8.54e-09 -1.53e-08   0.00159   -0.0011  1.67e-05 -2.99e-05 -0.000354 -0.000317 -4.77e-05 -3.87e-05 -0.000155 -0.000103 -0.000239   0.00666  -0.00194   0.00317  -0.00363   -0.0114  -0.00543    0.0007   -0.0143  -0.00497 -0.000879   -0.0091 -0.000822  -0.00129 -0.000203 -2.91e-05 -0.000411 -9.68e-05  1.16e-05  -0.00187 -0.000856  3.83e-06  -0.00672
  0.00335  3.79e-05 -0.000122 -0.000178 -0.000422 -0.000128 -2.47e-17 -2.47e-17  1.43e-06 -1.85e-05  -2.5e-17 -7.14e-05 -0.000188         1 -0.000113 -1.61e-05 -2.03e-05 -0.000125 -0.000265 -4.24e-05 -1.89e-06 -5.28e-05 -2.85e-05 -4.85e-06 -0.000845 -2.99e-05  -6.6e-06  5.19e-06 -7.88e-07 -7.39e-05 -8.83e-06 -9.77e-06  1.76e-05  9.15e-07 -0.000814 -0.000114   3.7e-08 -1.52e-05 -1.05e-05 -0.000175 -6.13e-07 -6.46e-06 -0.000203 -0.000504  5.96e-05  -0.00249  -3.1e-06  0.000264  3.31e-05  0.000306  0.000141 -7.81e-05 -0.000346 -0.000329 -3.03e-05  3.24e-05 -0.000217 -2.74e-05 -7.89e-05 -0.000166 -0.000435  0.000316 -0.000132 -0.000102 -6.32e-05 -1.25e-05   -0.0032  -0.00118 -0.000595 -4.04e-05 -1.41e-05  -7.5e-07 -2.24e-07 -4.48e-09 -1.13e-09  4.84e-06 -0.000124 -6.12e-06 -2.69e-06 -0.000107 -3.39e-05 -9.86e-06 -5.63e-06 -4.33e-05 -2.16e-05 -2.56e-05   0.00178 -0.000145  0.000367 -0.000265 -0.000611 -0.000686   4.4e-05  -0.00129 -0.000582 -4.66e-05 -0.000944 -0.000169 -0.000243 -3.86e-05 -4.85e-06 -9.27e-05 -1.79e-05  7.72e-07 -0.000321 -0.000128  1.03e-05 -0.000802
 0.000351  0.000186 -0.000855  -0.00118  -0.00235 -0.000715 -1.72e-16 -1.72e-16 -1.14e-05 -0.000203  -1.9e-16 -0.000484 -0.000926 -0.000113         1 -9.92e-05 -0.000124 -0.000654  -0.00138 -0.000197 -1.65e-05 -0.000873 -0.000278 -4.13e-05   -0.0043 -0.000266 -4.15e-05 -2.84e-05 -0.000132  -0.00026 -0.000162 -4.76e-05  9.96e-05  -1.1e-05  -0.00403 -0.000657 -7.64e-08 -6.23e-05 -5.15e-05 -0.000653 -3.63e-06 -0.000186 -0.000975  -0.00216  0.000323   -0.0109 -3.18e-05  0.000745 -0.000532   0.00114  4.47e-05 -0.000481  -0.00192   -0.0019 -0.000602 -0.000216  -0.00147 -0.000364 -0.000475  -0.00147  -0.00197   0.00214 -0.000871 -0.000618 -0.000555 -0.000165   -0.0145  -0.00746  -0.00273 -5.01e-05 -9.91e-05 -1.09e-05 -2.89e-06  -2.8e-07 -2.64e-08 -0.000111  -0.00114 -9.59e-05 -5.14e-05  -0.00195 -0.000747 -0.000521 -0.000188  -0.00194 -6.99e-05 -0.000528    0.0174 -0.000845   0.00113 -0.000606  -0.00442   -0.0035  -0.00164  -0.00564  -0.00427 -0.000161   -0.0144  -0.00217  -0.00458 -0.000733 -8.24e-05  -0.00124 -0.000246 -1.58e-06  -0.00243  -0.00194  7.62e-05  -0.00449
 6.96e-05  2.37e-05 -0.000107 -0.000156 -0.000333 -0.000106 -2.04e-17 -2.04e-17  1.25e-06    -2e-05  -2.1e-17 -6.74e-05 -0.000125 -1.61e-05 -9.92e-05         1 -1.86e-05 -9.36e-05 -0.000199 -2.79e-05 -6.83e-07 -5.44e-05 -9.88e-06 -1.13e-05  -0.00068 -2.97e-05 -2.79e-06  1.06e-06 -1.06e-05 -4.17e-05 -1.61e-05  -3.4e-06  1.38e-05  2.92e-06 -0.000633 -8.22e-05  5.35e-09 -9.57e-06 -6.05e-06 -0.000114 -5.62e-07 -1.52e-05 -0.000172 -0.000447  4.99e-05  -0.00185  -3.4e-06  9.72e-05 -0.000141 -3.01e-05 -3.04e-05 -6.49e-05 -0.000284 -0.000311 -9.34e-05 -2.53e-05 -0.000225 -7.64e-05 -0.000109 -0.000211 -0.000289  0.000271 -0.000126 -9.02e-05 -8.07e-05 -1.67e-05  -0.00196  -0.00101 -0.000397 -4.07e-06 -1.08e-05 -9.94e-07 -2.23e-07 -6.11e-09 -1.04e-09 -0.000191 -0.000136 -1.17e-05 -3.46e-06 -0.000243 -4.89e-05 -2.74e-05 -1.06e-05 -9.23e-05 -3.67e-05 -7.05e-05   0.00318 -0.000105  0.000158 -0.000313 -2.69e-05 -0.000675 -0.000132 -0.000744 -0.000758 -2.68e-05  -0.00136 -0.000317 -0.000551 -6.97e-05 -6.08e-06 -0.000174 -3.09e-05 -1.67e-07 -0.000426 -0.000238  5.81e-06 -0.000647
 8.67e-05  3.01e-05 -0.000121 -0.000195 -0.000417 -0.000132 -2.09e-17 -2.09e-17  1.52e-06 -2.48e-05 -1.96e-17 -8.44e-05 -0.000159 -2.03e-05 -0.000124 -1.86e-05         1 -0.000118 -0.000251 -3.48e-05 -1.08e-06 -6.09e-05 -4.92e-06 -1.18e-05 -0.000847 -3.38e-05 -2.02e-06  2.63e-06 -1.18e-05 -5.24e-05 -1.74e-05 -2.76e-06   1.9e-05  4.41e-06 -0.000819 -0.000103  6.97e-09 -1.38e-05 -7.96e-06 -0.000148 -8.16e-07 -1.83e-05 -0.000222 -0.000578  6.22e-05  -0.00235 -4.08e-06  0.000128 -0.000161  -3.6e-05 -3.64e-05 -7.17e-05 -0.000347 -0.000374 -0.000117 -3.65e-05 -0.000269 -9.84e-05 -0.000138 -0.000246 -0.000365  0.000319 -0.000166 -0.000117 -0.000103 -2.09e-05  -0.00244  -0.00126 -0.000495  -1.1e-05 -1.27e-05 -1.41e-06 -2.69e-07 -5.56e-09 -1.19e-09  -0.00028 -0.000172 -1.79e-05 -4.14e-06 -0.000329 -5.83e-05 -3.18e-05 -1.27e-05  -0.00011 -5.47e-05 -9.21e-05     0.004 -0.000151  0.000178 -0.000424 -4.72e-05 -0.000848 -0.000109 -0.000956  -0.00101 -4.05e-05  -0.00168 -0.000427 -0.000725 -9.21e-05 -7.52e-06 -0.000232  -4.1e-05 -2.11e-07 -0.000567 -0.000307   3.1e-06 -0.000817
     0.02  0.000233 -0.000689  -0.00103  -0.00247 -0.000748 -1.53e-16 -1.53e-16  9.28e-06 -0.000106  -1.5e-16 -0.000413  -0.00111 -0.000125 -0.000654 -9.36e-05 -0.000118         1  -0.00155 -0.000245 -9.05e-06 -0.000262 -0.000147  -2.1e-05  -0.00482 -0.000167 -2.32e-05  3.75e-05  4.08e-06 -0.000422 -4.69e-05 -5.33e-05   0.00011  9.09e-06   -0.0047 -0.000631  2.35e-07 -8.95e-05 -6.22e-05  -0.00101 -3.55e-06 -2.97e-05  -0.00114  -0.00283  0.000415   -0.0144 -1.76e-05   0.00167  0.000371   0.00211  0.000988 -0.000416  -0.00202  -0.00188 -0.000114  0.000256  -0.00122  -0.00012 -0.000434 -0.000933  -0.00255   0.00194 -0.000761  -0.00059 -0.000353 -6.84e-05   -0.0188  -0.00692  -0.00351 -0.000236 -8.17e-05 -3.88e-06 -1.25e-06 -1.65e-08 -5.67e-09   0.00012 -0.000706 -2.66e-05 -1.38e-05  -0.00052 -0.000171 -3.45e-05 -2.54e-05 -0.000177 -0.000117 -0.000118    0.0104  -0.00084   0.00231  -0.00148  -0.00346  -0.00403  0.000365  -0.00762  -0.00319 -0.000268  -0.00512 -0.000878  -0.00117 -0.000195 -2.57e-05 -0.000483 -9.41e-05  5.09e-06   -0.0018 -0.000656  6.77e-05  -0.00468
   0.0424  0.000487  -0.00142  -0.00218  -0.00522  -0.00158 -3.05e-16 -3.05e-16  1.86e-05  -0.00022 -2.95e-16 -0.000874  -0.00234 -0.000265  -0.00138 -0.000199 -0.000251  -0.00155         1 -0.000531 -2.24e-05 -0.000544 -0.000314 -5.02e-05   -0.0104 -0.000338 -5.51e-05  7.65e-05  6.25e-06 -0.000904 -9.42e-05  -0.00011  0.000233  1.56e-05   -0.0101  -0.00138  4.76e-07 -0.000197 -0.000133  -0.00219 -8.06e-06 -6.21e-05  -0.00249  -0.00624  0.000821   -0.0309  -3.7e-05   0.00347  0.000765   0.00429   0.00203 -0.000832  -0.00421  -0.00393  -0.00026  0.000516  -0.00254 -0.000296 -0.000935   -0.0019   -0.0054   0.00396  -0.00164  -0.00125 -0.000765 -0.000145   -0.0396   -0.0146  -0.00739 -0.000506 -0.000169 -8.77e-06 -2.57e-06 -2.44e-08 -1.12e-08 -3.46e-06   -0.0015 -7.14e-05 -2.86e-05  -0.00124 -0.000349 -6.26e-05 -4.98e-05 -0.000329 -0.000294 -0.000289    0.0219  -0.00183   0.00471  -0.00318  -0.00706  -0.00846  0.000956    -0.016  -0.00702 -0.000582   -0.0109  -0.00203  -0.00273 -0.000439 -5.19e-05  -0.00111 -0.000213  1.04e-05  -0.00399  -0.00145  0.000122  -0.00993
  -0.0339  7.31e-06 -0.000575 -0.000315 -0.000987 -0.000361 -2.09e-16 -2.09e-16 -1.47e-05 -2.87e-06 -2.23e-16 -9.16e-05 -0.000293 -4.24e-05 -0.000197 -2.79e-05 -3.48e-05 -0.000245 -0.000531         1 -7.31e-05 -0.000776   -0.0012 -0.000328  -0.00802  6.81e-05 -0.000245  -0.00018 -0.000165 -0.000502 -0.000136 -0.000118 -0.000143 -0.000182  -0.00392  -0.00148  -3.9e-07  -6.2e-05 -3.67e-05 -0.000938 -3.46e-06 -7.11e-05  -0.00174  -0.00508  -0.00139    -0.016 -2.42e-05 -0.000438   0.00051  0.000852  0.000655  0.000749  0.000759  0.000364  7.97e-05  0.000316  0.000291 -0.000224  0.000175  0.000227 -0.000725 -0.000515 -0.000267  1.12e-05 -0.000345 -2.03e-05  -0.00494  -0.00241 -0.000757  0.000252 -2.14e-06  1.21e-07 -3.56e-07 -1.33e-07 -2.99e-09  -0.00094 -0.000326 -4.17e-05 -1.62e-05  -0.00105 -0.000137 -5.12e-05  1.25e-06  0.000207 -0.000238 -0.000366   -0.0192  0.000183 -0.000278  0.000807   0.00125 -1.77e-05 -0.000576   0.00161  0.000913  0.000263  -0.00579  -0.00131  -0.00263 -0.000202  1.88e-05 -0.000739 -0.000114 -4.31e-06   -0.0015 -0.000684 -0.000126   -0.0018
  -0.0042 -3.21e-05 -7.49e-05 -3.24e-05 -7.89e-06  1.37e-05  3.92e-17  3.92e-17 -6.36e-06  3.84e-05 -1.34e-18    -7e-06 -4.35e-05 -1.89e-06 -1.65e-05 -6.83e-07 -1.08e-06 -9.05e-06 -2.24e-05 -7.31e-05         1  -0.00023 -0.000224 -4.75e-05 -0.000749 -1.86e-05 -0.000105 -6.07e-05 -6.12e-05 -7.78e-05 -4.25e-05 -4.51e-05 -2.79e-05 -4.25e-05 -0.000307 -0.000243 -1.12e-08 -2.55e-05 -3.69e-06 -7.55e-05 -1.66e-06 -2.98e-05 -0.000171 -0.000312 -0.000292  -0.00137 -8.84e-06   -0.0004 -0.000203 -0.000348 -0.000164 -7.21e-05  0.000112 -3.04e-05 -0.000149 -0.000161 -0.000122  -9.4e-05  0.000115  0.000128 -5.31e-05 -0.000314 -4.13e-05  3.33e-05 -2.46e-05  1.73e-07 -0.000493 -6.06e-05  0.000195 -1.59e-05   3.1e-06  5.93e-07  4.09e-08 -2.95e-08 -4.07e-09   3.5e-05 -0.000126 -8.55e-06 -1.13e-05 -0.000275 -0.000113 -6.65e-05 -1.61e-05 -2.68e-05 -1.14e-05 -0.000195  -0.00327 -7.86e-05 -0.000511  0.000692  -0.00128   0.00109 -9.56e-05  0.000389  0.000138 -4.48e-05  -0.00293 -0.000333  -0.00112 -5.17e-05  4.98e-06  -0.00014 -1.78e-05 -1.04e-06 -0.000131  -0.00029 -5.28e-05 -8.97e-05
  -0.0434 -0.000598  -0.00352  -0.00143  -0.00151 -0.000347 -2.43e-16 -2.43e-16 -0.000189 -0.000556  -8.7e-16 -0.000483 -0.000475 -5.28e-05 -0.000873 -5.44e-05 -6.09e-05 -0.000262 -0.000544 -0.000776  -0.00023         1  -0.00402 -0.000756   -0.0129  -0.00118  -0.00148 -0.000895  -0.00109  -0.00106 -0.000946 -0.000674 -0.000688 -0.000647  -0.00382    -0.004 -1.88e-06   0.00015 -5.27e-07 -0.000891  5.85e-06 -0.000979  -0.00269  -0.00453  -0.00505   -0.0171 -0.000107  -0.00777  -0.00933   -0.0111  -0.00755  -0.00387   -0.0011  -0.00341  -0.00304  -0.00305   -0.0036  -0.00131 -0.000137  -0.00367 -0.000671  -0.00207  1.56e-05  3.76e-05 -0.000939 -0.000516   -0.0112  -0.00653 -2.39e-05  0.000357 -0.000259 -2.89e-05  -1.1e-05 -1.98e-06 -1.63e-07   0.00488   -0.0023 -0.000256 -0.000275  -0.00535  -0.00394   -0.0032  -0.00103    -0.011   0.00112  -0.00195   -0.0437  0.000589  -0.00699   0.00761   -0.0262   0.00756   -0.0159   0.00366 -9.79e-05  0.000523   -0.0571  -0.00368   -0.0155  -0.00261 -0.000315  -0.00254 -0.000593 -3.56e-05  0.000291  -0.00602  5.48e-05  -0.00258
   -0.073 -0.000434  -0.00271 -0.000482  -0.00102 -0.000365 -8.16e-16 -8.16e-16 -7.33e-05 -9.05e-05 -1.17e-15 -7.48e-05 -0.000165 -2.85e-05 -0.000278 -9.88e-06 -4.92e-06 -0.000147 -0.000314   -0.0012 -0.000224  -0.00402         1  -0.00103   -0.0174 -0.000447  -0.00112 -0.000783  -0.00077  -0.00122 -0.000758 -0.000609 -0.000742 -0.000624   -0.0046  -0.00404 -1.08e-06  7.59e-05 -1.89e-05  -0.00124  4.56e-06 -0.000472   -0.0033  -0.00841  -0.00482   -0.0265 -9.61e-05  -0.00449   -0.0025  -0.00169    -0.001 -0.000814   0.00195 -0.000185 -0.000673 -0.000352 -0.000934 -0.000215  0.000709  -0.00159 -0.000164  -0.00154  0.000446   0.00055 -0.000587 -0.000124  -0.00546  -0.00348  0.000562  0.000934 -7.42e-05   1.1e-05 -3.58e-06 -9.62e-07 -5.88e-08   0.00275  -0.00113  0.000169 -0.000128  -0.00177  -0.00156   -0.0011   -0.0003   -0.0024  0.000409  -0.00115   -0.0689   0.00197  -0.00252   0.00197  -0.00655   0.00136   -0.0114    0.0089   0.00726   0.00103   -0.0285  -0.00158  -0.00799 -0.000579  -4.9e-05  -0.00117 -0.000199 -2.09e-05  0.000127  -0.00269 -0.000136  -0.00147
 -0.00946  -0.00017  -0.00103 -4.79e-05 -0.000275 -0.000167 -1.49e-16 -1.49e-16  2.93e-06  7.66e-05 -3.36e-16 -2.69e-05  0.000103 -4.85e-06 -4.13e-05 -1.13e-05 -1.18e-05  -2.1e-05 -5.02e-05 -0.000328 -4.75e-05 -0.000756  -0.00103         1  -0.00605 -0.000149 -0.000412 -0.000219 -0.000195 -0.000432 -0.000198 -0.000172 -0.000264 -0.000163  -0.00147  -0.00105 -3.01e-07  6.36e-05  2.66e-05 -0.000544  3.13e-06 -5.92e-05  -0.00126  -0.00378  -0.00155   -0.0111 -1.64e-05  -0.00221  -0.00325  -0.00519  -0.00202  -0.00051  -0.00017  -0.00136 -0.000694 -0.000273  -0.00112 -0.000642 -0.000309 -0.000952 -0.000135 -0.000808  0.000248  0.000226 -0.000185  1.46e-05   -0.0013 -0.000649 -9.79e-05  0.000427 -1.97e-05   9.2e-06   4.6e-07 -4.15e-09  3.76e-09  -0.00027  4.32e-05  6.53e-05 -6.59e-06  0.000337 -3.31e-05 -2.51e-05  2.34e-05  0.000541  0.000131 -0.000222  -0.00835   0.00122  -0.00109   0.00141   0.00412   0.00118  -0.00298   0.00388   0.00159   0.00043  -0.00233    0.0002 -0.000643  0.000201  3.55e-05  7.66e-05  4.21e-05 -7.05e-06  0.000177 -0.000133  4.19e-05 -0.000338
   -0.379  -0.00017   -0.0149  -0.00641   -0.0201  -0.00777 -3.03e-15 -3.03e-15  2.65e-06 -0.000461 -3.52e-15  -0.00239  -0.00473 -0.000845   -0.0043  -0.00068 -0.000847  -0.00482   -0.0104  -0.00802 -0.000749   -0.0129   -0.0174  -0.00605         1  6.97e-05  -0.00472   -0.0025  -0.00215  -0.00984  -0.00165  -0.00174  -0.00299  -0.00254   -0.0743   -0.0238  -7.5e-06 -0.000171 -0.000318   -0.0186 -9.16e-06  -0.00103    -0.035    -0.104    -0.027    -0.314 -0.000241   -0.0159   -0.0235     -0.04   -0.0141   0.00713   0.00178  -0.00882  -0.00663 -0.000477  -0.00545  -0.00956  -0.00499  -0.00733    -0.016   -0.0129  -0.00441  -0.00225  -0.00733 -0.000608    -0.103   -0.0471   -0.0221   0.00461 -0.000426  -4.2e-05  -9.6e-06  -1.7e-06 -8.36e-09   -0.0259  -0.00324  -0.00155 -0.000133   -0.0156  -0.00138 -0.000898 -6.57e-05  0.000366  -0.00357  -0.00349    -0.215   0.00691  -0.00929  0.000718    0.0365   -0.0151   -0.0161    0.0158   -0.0123   0.00532   -0.0377   -0.0192   -0.0332  -0.00301  3.16e-05   -0.0114  -0.00172 -0.000103   -0.0272   -0.0106  -0.00099   -0.0357
   0.0246 -0.000327  -0.00114 -0.000424 -0.000485 -6.13e-05  9.75e-18  9.75e-18 -2.81e-05 -0.000104 -3.44e-16 -0.000194 -0.000368 -2.99e-05 -0.000266 -2.97e-05 -3.38e-05 -0.000167 -0.000338  6.81e-05 -1.86e-05  -0.00118 -0.000447 -0.000149  6.97e-05         1 -0.000497 -0.000177 -0.000209 -0.000302  -0.00028 -0.000273 -0.000195 -7.59e-05  0.000492 -0.000489  2.21e-07  9.98e-05  3.53e-05 -0.000186  6.46e-06 -0.000149 -2.69e-05   0.00128 -0.000525  2.93e-05 -1.47e-05  -0.00244  -0.00544  -0.00729  -0.00355  -0.00373  -0.00264    -0.004  -0.00117  -0.00111  -0.00306 -0.000357 -0.000992  -0.00246 -0.000954  0.000223  0.000348  1.75e-05  7.89e-05 -6.22e-05  -0.00923  -0.00194 -0.000923 -0.000244 -9.91e-05  8.04e-06 -9.97e-07 -1.11e-07 -2.26e-08   0.00253 -0.000405  0.000169 -4.26e-05    0.0007 -0.000597 -0.000455 -0.000138  -0.00126  0.000543 -0.000327   0.00647  0.000358 -0.000975   -0.0022  -0.00515   -0.0012  -0.00635  -0.00262  -0.00175 -0.000253   -0.0099  0.000901 -0.000441 -1.23e-05  -3.2e-05  0.000354  3.29e-05 -4.15e-06    0.0014 -0.000744  0.000163 -0.000944
   0.0107 -0.000434  -0.00135 -4.29e-05  2.68e-05  5.77e-05  3.22e-16  3.22e-16 -2.87e-05  0.000157 -1.52e-16 -2.43e-05 -0.000153  -6.6e-06 -4.15e-05 -2.79e-06 -2.02e-06 -2.32e-05 -5.51e-05 -0.000245 -0.000105  -0.00148  -0.00112 -0.000412  -0.00472 -0.000497         1 -0.000342 -0.000283 -0.000758 -0.000225 -0.000367  -0.00038 -0.000237   -0.0012  -0.00137  -8.5e-08  5.45e-05  4.74e-05 -0.000895  3.27e-06 -9.42e-05  -0.00132  -0.00272  -0.00242    -0.011 -1.23e-05  -0.00445  -0.00747   -0.0125  -0.00549  -0.00303  -0.00169  -0.00365  -0.00172  -0.00159  -0.00285   -0.0011 -0.000676   -0.0012 -0.000901  -0.00285  0.000497  0.000285  8.53e-05  2.46e-05  -0.00818  0.000736 -0.000294 -0.000199 -5.98e-05  9.47e-06  6.67e-07 -8.35e-09 -1.48e-08   0.00134  0.000134   3.2e-05 -3.26e-05  0.000983 -0.000356 -0.000298 -5.83e-05 -0.000223  0.000474 -0.000389   -0.0142   0.00082  -0.00348    0.0029  -0.00517   0.00591  -0.00362  0.000768  0.000116 -0.000121  -0.00523   0.00118 -0.000388  0.000241  3.38e-05  0.000695  0.000134 -7.71e-06   0.00182 -7.75e-05  1.57e-06 -2.66e-05
 -0.00628 -0.000179  -0.00054 -5.37e-05  7.25e-05  3.48e-05 -9.89e-18 -9.89e-18 -2.33e-05  2.34e-05 -1.72e-16 -1.36e-05     4e-05  5.19e-06 -2.84e-05  1.06e-06  2.63e-06  3.75e-05  7.65e-05  -0.00018 -6.07e-05 -0.000895 -0.000783 -0.000219   -0.0025 -0.000177 -0.000342         1 -0.000206 -0.000225 -0.000186 -0.000156 -0.000168 -0.000137 -0.000308 -0.000759 -1.97e-07  1.36e-05  1.18e-05 -0.000165  1.78e-07 -0.000116 -0.000504  -0.00101  -0.00105  -0.00339 -2.03e-05  -0.00183  -0.00198  -0.00297  -0.00141 -0.000788  3.06e-05 -0.000721  -0.00054 -0.000491 -0.000741 -0.000316 -1.21e-05 -0.000441     9e-05 -0.000778  0.000145  0.000187  -7.4e-05 -2.29e-05 -6.69e-05 -3.17e-05  0.000546  0.000121 -1.38e-05  3.37e-06 -3.45e-07 -1.47e-07 -1.35e-08  0.000481 -0.000242  2.82e-05 -3.19e-05  -0.00042 -0.000385 -0.000288 -7.52e-05 -0.000547  0.000134 -0.000432  -0.00893  0.000382  -0.00153   0.00122  -0.00147   0.00197  -0.00261    0.0024  0.000802  9.28e-05  -0.00797 -0.000393  -0.00226 -0.000136  4.73e-07 -0.000229 -3.64e-05 -5.96e-06  0.000195 -0.000723 -4.23e-05  0.000108
 -0.00277 -0.000149 -0.000524 -0.000229 -0.000108 -1.67e-05 -4.75e-17 -4.75e-17 -3.56e-05 -4.73e-05 -1.94e-16 -8.82e-05  1.53e-05 -7.88e-07 -0.000132 -1.06e-05 -1.18e-05  4.08e-06  6.25e-06 -0.000165 -6.12e-05  -0.00109  -0.00077 -0.000195  -0.00215 -0.000209 -0.000283 -0.000206         1 -0.000111 -0.000241 -0.000134 -0.000122 -0.000133 -0.000276 -0.000734 -3.13e-07  3.73e-06  4.81e-06 -1.04e-05 -1.09e-06 -0.000189 -0.000357 -0.000486 -0.000782  -0.00181 -2.88e-05  -0.00175  -0.00166  -0.00202  -0.00121 -0.000687 -1.41e-05 -0.000657  -0.00059 -0.000516 -0.000749 -0.000337  1.01e-06 -0.000626   0.00018 -0.000192 -2.37e-05   0.00013 -0.000193 -7.69e-05  0.000674  -0.00104  0.000634  0.000187 -2.39e-05 -4.67e-07 -1.22e-06 -2.66e-07 -2.29e-08  0.000372 -0.000553  1.17e-06 -4.97e-05  -0.00123 -0.000658 -0.000503  -0.00015  -0.00137  0.000112 -0.000657  -0.00299   0.00019   -0.0016   0.00156  -0.00167   0.00166  -0.00323    0.0026   0.00012  0.000104   -0.0135   -0.0012  -0.00404 -0.000443 -2.57e-05 -0.000697 -0.000132  -7.8e-06 -0.000406   -0.0014 -3.45e-05  -0.00026
  -0.0237  -0.00025  -0.00142 -0.000365  -0.00133 -0.000421  9.84e-17  9.84e-17  1.82e-06  8.38e-05 -1.69e-16 -0.000133 -0.000693 -7.39e-05  -0.00026 -4.17e-05 -5.24e-05 -0.000422 -0.000904 -0.000502 -7.78e-05  -0.00106  -0.00122 -0.000432  -0.00984 -0.000302 -0.000758 -0.000225 -0.000111         1 -7.61e-05 -0.000315 -0.000346 -0.000207  -0.00542  -0.00191 -8.54e-09   1.8e-06 -2.02e-06  -0.00187  2.36e-06  2.02e-05  -0.00271  -0.00716  -0.00263   -0.0248 -2.23e-06  -0.00245  -0.00522  -0.00908  -0.00356  -0.00206  -0.00153  -0.00306  -0.00109 -0.000877  -0.00207 -0.000846 -0.000904  -0.00096  -0.00227  -0.00256  7.19e-05 -0.000143 -0.000149  4.01e-05   -0.0168  -0.00205  -0.00248 -0.000311 -6.07e-05  5.36e-06  7.48e-07  1.08e-07  2.81e-09 -0.000244  0.000163 -3.16e-05  1.43e-06  0.000768   0.00012  0.000128  6.61e-05  0.000936  2.05e-05 -1.22e-05   -0.0239  0.000361  -0.00152  -0.00175  -0.00381  0.000146   -0.0016   -0.0033  -0.00191 -0.000148   0.00341  0.000617  0.000852  0.000339  3.76e-05  0.000339   8.5e-05 -3.32e-06 -4.17e-05  0.000206 -7.92e-05  -0.00253
 0.000544 -0.000136 -0.000647 -0.000282  -0.00028 -7.06e-05 -2.08e-16 -2.08e-16 -2.46e-05  -6.4e-05 -3.58e-16 -0.000111 -5.75e-05 -8.83e-06 -0.000162 -1.61e-05 -1.74e-05 -4.69e-05 -9.42e-05 -0.000136 -4.25e-05 -0.000946 -0.000758 -0.000198  -0.00165  -0.00028 -0.000225 -0.000186 -0.000241 -7.61e-05         1 -0.000151  -0.00012 -0.000108  0.000204 -0.000598 -1.19e-07  3.03e-05  6.13e-06  0.000107  1.08e-06 -0.000168 -9.94e-05  0.000258 -0.000389 -0.000432 -3.15e-05  -0.00123  -0.00125  -0.00071 -0.000511  -0.00102 -0.000353  -0.00103 -0.000368 -0.000219  -0.00102 -8.26e-05 -6.87e-05  -0.00112  5.87e-05  0.000763  7.55e-05  0.000143 -0.000133  -6.1e-05 -0.000825  -0.00175  0.000318  0.000244 -3.38e-05  5.63e-06 -1.02e-06 -2.11e-07 -1.75e-08   0.00111 -0.000583  0.000119 -4.31e-05 -0.000578 -0.000555 -0.000388 -0.000112 -0.000884    0.0002 -0.000545 -0.000283  0.000413 -0.000438  2.12e-05 -0.000469 -0.000555   -0.0044     0.002  0.000839  0.000147   -0.0127 -0.000628  -0.00293 -0.000232 -1.74e-05  -0.00043 -8.23e-05 -5.48e-06 -3.08e-05  -0.00116  4.04e-05 -0.000501
 -0.00162   -0.0002 -0.000607 -7.93e-05 -0.000106  9.28e-06  1.06e-18  1.06e-18 -1.27e-05   3.6e-05 -1.95e-16 -2.52e-05 -0.000167 -9.77e-06 -4.76e-05  -3.4e-06 -2.76e-06 -5.33e-05  -0.00011 -0.000118 -4.51e-05 -0.000674 -0.000609 -0.000172  -0.00174 -0.000273 -0.000367 -0.000156 -0.000134 -0.000315 -0.000151         1 -0.000167 -0.000103 -0.000292 -0.000633  1.12e-07  2.39e-05  1.27e-05 -0.000302  2.04e-06 -4.97e-05 -0.000398 -0.000503 -0.000836  -0.00345 -1.24e-05  -0.00148  -0.00237  -0.00344  -0.00146   -0.0016 -0.000722  -0.00155 -0.000472 -0.000465  -0.00124 -0.000157  -0.00024 -0.000741  -0.00046 -0.000588  0.000254  0.000134  7.69e-05  1.34e-05  -0.00458 -0.000233 -0.000184 -9.61e-05  -2.8e-05  7.98e-06  2.23e-07  -1.6e-08 -6.74e-09   0.00123 -0.000101  0.000104 -1.79e-05  0.000563 -0.000178 -0.000101 -1.66e-05  9.84e-05   0.00022 -0.000201  -0.00853   0.00032 -0.000776 -0.000576  -0.00266  0.000535  -0.00273  -0.00018  0.000512  -8.5e-05  -0.00394  0.000565 -0.000182  0.000161  1.48e-05  0.000289  5.53e-05 -1.98e-06   0.00084 -0.000155  8.98e-07 -0.000232
 -0.00268 -0.000281 -0.000655  0.000174   0.00033  8.29e-05 -4.11e-17 -4.11e-17 -6.21e-06  1.92e-05 -1.97e-16     7e-05  0.000176  1.76e-05  9.96e-05  1.38e-05   1.9e-05   0.00011  0.000233 -0.000143 -2.79e-05 -0.000688 -0.000742 -0.000264  -0.00299 -0.000195  -0.00038 -0.000168 -0.000122 -0.000346  -0.00012 -0.000167         1 -0.000119 -0.000277 -0.000769 -1.46e-07  8.06e-05  3.39e-05 -0.000343  4.88e-06 -3.91e-05 -0.000796  -0.00206   -0.0015  -0.00492 -2.26e-06  -0.00226  -0.00317  -0.00546  -0.00232  -0.00126 -3.57e-06  -0.00105 -0.000576  -0.00058 -0.000844 -0.000312 -0.000416 -0.000783  0.000156  -0.00155  0.000433  0.000201  1.16e-05  1.76e-05  0.000765    0.0013  0.000438   9.2e-05 -9.06e-06   6.3e-06  3.43e-07 -2.35e-08 -9.91e-10  0.000124  0.000174  5.83e-05 -5.37e-06   0.00038 -4.51e-05 -5.16e-05  2.45e-06  0.000155   0.00012 -8.37e-05   -0.0145  0.000797  -0.00166   -0.0017  0.000476 -7.93e-05  -0.00329   0.00253  0.000368  0.000149  0.000287  0.000442  7.68e-05  0.000165  1.21e-05  0.000162  4.03e-05 -6.38e-06  0.000643 -0.000102 -2.89e-05  0.000678
 -0.00677 -0.000101 -0.000337 -2.17e-05 -2.03e-05 -5.63e-06 -4.57e-18 -4.57e-18 -2.44e-05 -2.03e-06 -1.06e-16  7.87e-06  3.23e-06  9.15e-07  -1.1e-05  2.92e-06  4.41e-06  9.09e-06  1.56e-05 -0.000182 -4.25e-05 -0.000647 -0.000624 -0.000163  -0.00254 -7.59e-05 -0.000237 -0.000137 -0.000133 -0.000207 -0.000108 -0.000103 -0.000119         1 -0.000687 -0.000672 -2.46e-07  2.15e-06  4.06e-07  -0.00028 -1.04e-07  -6.8e-05 -0.000513  -0.00126 -0.000849  -0.00425 -9.83e-06  -0.00112  -0.00102  -0.00166 -0.000751 -0.000324  0.000165 -0.000266  -0.00018 -0.000151 -0.000211 -0.000183  5.72e-05 -2.78e-05 -4.73e-05 -0.000714   0.00011  0.000167 -4.17e-05 -1.54e-05 -0.000898  2.35e-05  0.000144  7.57e-05 -1.04e-05  9.92e-07 -3.08e-07 -1.24e-07 -9.52e-09   0.00038 -6.13e-05  -6.7e-07 -1.85e-05 -0.000193 -0.000233 -0.000191  -4.9e-05  -0.00047  9.49e-05 -0.000206   -0.0107  0.000281 -0.000958   0.00171 -0.000851   0.00204  -0.00126   0.00162   0.00115  0.000115  -0.00461 -7.76e-05 -0.000953 -0.000113  4.58e-06 -7.47e-05 -1.98e-05 -3.65e-06  0.000262 -0.000232 -2.46e-05  5.42e-06
    -0.19  0.000337  -0.00274  -0.00618   -0.0164  -0.00545 -1.99e-16 -1.99e-16 -8.63e-05  -0.00121  6.44e-16  -0.00244   -0.0064 -0.000814  -0.00403 -0.000633 -0.000819   -0.0047   -0.0101  -0.00392 -0.000307  -0.00382   -0.0046  -0.00147   -0.0743  0.000492   -0.0012 -0.000308 -0.000276  -0.00542  0.000204 -0.000292 -0.000277 -0.000687         1   -0.0127 -2.73e-06  -0.00102 -0.000506   -0.0136 -5.39e-05 -0.000336   -0.0214   -0.0607   -0.0101    -0.186 -4.77e-05   0.00065  -0.00195  -0.00948  -0.00248   0.00215  -0.00177  -0.00386  -0.00218  -0.00132  0.000197  -0.00452  -0.00616 -4.15e-05    -0.016  -0.00798  -0.00723  -0.00474  -0.00507 -0.000668   -0.0919   -0.0379   -0.0195  -0.00177  -0.00013 -0.000114 -6.42e-06 -1.35e-07  1.18e-08   -0.0296  -0.00464  -0.00204 -2.27e-05   -0.0216 -0.000183  0.000238  1.95e-05 -0.000606   -0.0062  -0.00373   -0.0632  -0.00879  -0.00611   -0.0372    0.0037   -0.0376   0.00909   -0.0297   -0.0518  -0.00195   -0.0272   -0.0261   -0.0339  -0.00507 -0.000134   -0.0145   -0.0025    -4e-05   -0.0345   -0.0128  -0.00214    -0.033
    -0.13 -0.000781  -0.00191  -0.00104  -0.00238 -0.000755  -2.9e-16  -2.9e-16 -0.000139  -0.00039 -5.75e-16 -0.000337 -0.000948 -0.000114 -0.000657 -8.22e-05 -0.000103 -0.000631  -0.00138  -0.00148 -0.000243    -0.004  -0.00404  -0.00105   -0.0238 -0.000489  -0.00137 -0.000759 -0.000734  -0.00191 -0.000598 -0.000633 -0.000769 -0.000672   -0.0127         1 -1.44e-06 -0.000114 -6.89e-05  -0.00348 -6.16e-06 -0.000445  -0.00621    -0.016  -0.00628   -0.0472 -5.98e-05  -0.00617   -0.0054  -0.00996   -0.0042  -0.00293    0.0012  -0.00185  -0.00116  -0.00139 -0.000985  -0.00115  -0.00146  -0.00112   -0.0023  -0.00533 -0.000499 -5.65e-05  -0.00109  -0.00021   -0.0139  -0.00517   -0.0013 -8.94e-05 -3.73e-05 -1.09e-05 -2.52e-06 -6.16e-07 -4.14e-08  -0.00425  -0.00149 -0.000227 -9.86e-05   -0.0059  -0.00119 -0.000837 -0.000222  -0.00208 -0.000993  -0.00204   -0.0719 -0.000445  -0.00679  -0.00977  -0.00243  -0.00547  -0.00966   0.00392  -0.00712 -5.57e-05   -0.0299   -0.0065    -0.013  -0.00158 -2.39e-05  -0.00392 -0.000707 -3.09e-05  -0.00619  -0.00487  -0.00072  -0.00496
 4.64e-05 -1.53e-08 -2.68e-07 -1.01e-07  5.74e-08 -1.57e-07   1.3e-21   1.3e-21 -1.12e-07 -4.11e-07  6.99e-20 -1.76e-08   7.2e-07   3.7e-08 -7.64e-08  5.35e-09  6.97e-09  2.35e-07  4.76e-07  -3.9e-07 -1.12e-08 -1.88e-06 -1.08e-06 -3.01e-07  -7.5e-06  2.21e-07  -8.5e-08 -1.97e-07 -3.13e-07 -8.54e-09 -1.19e-07  1.12e-07 -1.46e-07 -2.46e-07 -2.73e-06 -1.44e-06         1  6.38e-08 -4.26e-09 -5.02e-07 -9.16e-10 -3.41e-07 -1.65e-06 -5.53e-06 -2.06e-06 -1.02e-05  3.78e-09 -2.68e-06 -1.52e-06 -3.69e-06 -2.59e-06  2.28e-06  2.07e-06  2.08e-06 -3.17e-07 -1.57e-07  1.93e-06 -1.02e-06  1.77e-08  6.11e-07  1.38e-06 -2.11e-06 -2.34e-07  2.18e-07 -7.33e-07 -2.76e-07  1.18e-05  7.21e-09  9.59e-07  7.64e-07 -3.03e-08 -3.51e-08 -4.82e-09  -8.7e-10 -4.92e-11 -2.85e-06 -1.22e-07 -4.88e-07 -6.06e-08 -4.07e-06 -1.17e-06 -1.25e-06 -4.06e-07 -5.53e-06 -1.03e-07  -4.6e-07 -1.44e-05  6.21e-07 -4.12e-06  9.07e-06   4.6e-06  6.97e-06 -1.08e-06  9.09e-06  1.32e-07  9.94e-07  -1.5e-05    -3e-06 -5.71e-06 -1.78e-06 -1.22e-07 -1.98e-06 -4.53e-07 -2.24e-08 -1.95e-06 -1.76e-06  5.19e-09  5.51e-07
 -0.00187  4.88e-05  0.000384 -0.000111 -0.000212 -3.62e-05  7.83e-17  7.83e-17  -7.3e-06  1.41e-05  1.37e-16 -3.73e-05 -0.000186 -1.52e-05 -6.23e-05 -9.57e-06 -1.38e-05 -8.95e-05 -0.000197  -6.2e-05 -2.55e-05   0.00015  7.59e-05  6.36e-05 -0.000171  9.98e-05  5.45e-05  1.36e-05  3.73e-06   1.8e-06  3.03e-05  2.39e-05  8.06e-05  2.15e-06  -0.00102 -0.000114  6.38e-08         1 -2.71e-05 -0.000143 -5.32e-06  3.94e-06 -0.000137 -0.000262  0.000186  -0.00124 -5.53e-06  0.000581   0.00147   0.00206  0.000984  0.000401  0.000352  0.000608  0.000199  8.43e-05  0.000481  6.33e-05  0.000159  0.000686 -0.000249 -7.37e-05 -0.000319 -9.88e-05 -6.56e-05 -1.21e-06 -0.000899 -0.000533  5.84e-06  -0.00016  2.44e-05    -3e-06  2.65e-07  4.18e-08  1.27e-09 -0.000859 -0.000243 -5.65e-05 -2.66e-06 -0.000893   1.5e-05  5.96e-05  1.69e-05  0.000276 -0.000277 -0.000265 -0.000385 -0.000712 -0.000131 -0.000581 -0.000775 -0.000177    0.0016 -0.000938   -0.0013 -0.000233  -0.00266  -0.00114  -0.00177 -0.000177  1.05e-05 -0.000546 -8.96e-05   1.1e-06   -0.0012 -0.000478 -0.000142 -0.000624
 -0.00102  4.42e-05  8.99e-05 -8.72e-05 -0.000203 -5.58e-05 -2.64e-17 -2.64e-17 -3.69e-06 -2.47e-05  1.17e-17  -2.7e-05 -0.000105 -1.05e-05 -5.15e-05 -6.05e-06 -7.96e-06 -6.22e-05 -0.000133 -3.67e-05 -3.69e-06 -5.27e-07 -1.89e-05  2.66e-05 -0.000318  3.53e-05  4.74e-05  1.18e-05  4.81e-06 -2.02e-06  6.13e-06  1.27e-05  3.39e-05  4.06e-07 -0.000506 -6.89e-05 -4.26e-09 -2.71e-05         1 -6.53e-05 -1.42e-06  -6.5e-06 -6.46e-05 -0.000153  0.000113 -0.000817 -2.64e-06  0.000454  0.000862   0.00149   0.00065  0.000236   0.00013  0.000311  0.000174  0.000145  0.000258  0.000106  9.04e-05  0.000187 -0.000156  0.000218 -0.000127 -5.78e-05 -4.06e-05 -1.12e-05  -0.00103 -0.000585 -0.000194 -3.49e-05  1.38e-06 -1.81e-06 -2.32e-07 -2.97e-08 -1.75e-09 -9.42e-05 -0.000116 -1.59e-05    -3e-06 -0.000314 -3.65e-05 -1.29e-05 -7.76e-06 -9.74e-05 -7.55e-05 -4.33e-05  -0.00114  -0.00024  0.000286  -0.00025 -0.000575 -0.000501  0.000396 -0.000635 -0.000218 -4.12e-05  -0.00119 -0.000355 -0.000494 -9.61e-05  -5.2e-06 -0.000196 -3.81e-05  7.35e-07   -0.0004 -0.000162 -2.84e-05  -0.00041
  -0.0434 -0.000281  -0.00115 -0.000939  -0.00326  -0.00107  3.64e-16  3.64e-16 -4.19e-05 -0.000141  1.71e-16  -0.00037  -0.00153 -0.000175 -0.000653 -0.000114 -0.000148  -0.00101  -0.00219 -0.000938 -7.55e-05 -0.000891  -0.00124 -0.000544   -0.0186 -0.000186 -0.000895 -0.000165 -1.04e-05  -0.00187  0.000107 -0.000302 -0.000343  -0.00028   -0.0136  -0.00348 -5.02e-07 -0.000143 -6.53e-05         1 -4.83e-06  0.000124  -0.00555   -0.0154  -0.00374   -0.0505  3.48e-05  -0.00247  -0.00642   -0.0135  -0.00484  -0.00253   -0.0024  -0.00428   -0.0009 -0.000716  -0.00172  -0.00155  -0.00234  -0.00026  -0.00479  -0.00475 -0.000682  -0.00058 -0.000561 -2.17e-06   -0.0306  -0.00518  -0.00578   -0.0009 -6.45e-05 -1.07e-05  1.49e-06  3.83e-07  2.42e-08  -0.00491  0.000284 -0.000338  4.76e-05  -0.00107   0.00068  0.000508  0.000187   0.00154 -0.000878  -0.00013   -0.0313 -0.000947  -0.00274   -0.0062   0.00174  -0.00324   0.00193  -0.00834  -0.00967 -0.000598   0.00845  -0.00161  0.000629 -0.000168  8.23e-05 -0.000965 -0.000177 -5.83e-06  -0.00404  1.22e-05  -0.00034  -0.00644
 7.45e-05  2.74e-06  2.32e-05  -6.5e-06 -8.71e-06 -1.41e-06   5.6e-18   5.6e-18 -5.91e-07  7.24e-07  8.98e-18 -2.45e-06 -6.99e-06 -6.13e-07 -3.63e-06 -5.62e-07 -8.16e-07 -3.55e-06 -8.06e-06 -3.46e-06 -1.66e-06  5.85e-06  4.56e-06  3.13e-06 -9.16e-06  6.46e-06  3.27e-06  1.78e-07 -1.09e-06  2.36e-06  1.08e-06  2.04e-06  4.88e-06 -1.04e-07 -5.39e-05 -6.16e-06 -9.16e-10 -5.32e-06 -1.42e-06 -4.83e-06         1 -9.77e-07 -7.52e-06 -1.65e-05  9.52e-06 -4.96e-05 -4.26e-07  2.21e-05  7.63e-05  0.000102  4.59e-05   3.1e-05   2.6e-05  3.98e-05  6.03e-06  6.93e-07  2.93e-05 -2.01e-06  9.85e-06  4.07e-05 -5.31e-06 -7.29e-06 -2.06e-05 -5.14e-06 -6.37e-06 -7.77e-07  2.65e-05 -2.79e-05  1.31e-05  -6.1e-06  1.56e-06 -2.52e-07  7.98e-09  9.78e-10 -2.88e-11 -6.55e-05 -1.68e-05 -4.67e-06 -3.92e-07 -6.88e-05 -2.83e-06 -2.38e-08  -1.1e-07  4.33e-06 -1.71e-05 -2.04e-05  9.09e-05 -4.06e-05 -2.59e-05 -1.56e-06 -1.69e-05  1.88e-05  9.22e-05 -1.33e-05 -8.53e-05 -1.16e-05 -0.000232 -8.34e-05 -0.000141 -1.55e-05   3.8e-07 -4.06e-05 -6.76e-06  -1.4e-08 -8.14e-05  -3.9e-05 -8.61e-06 -3.02e-05
-0.000274 -5.79e-05 -0.000322 -0.000313 -0.000245 -5.74e-05 -8.09e-17 -8.09e-17 -3.27e-05  -0.00014 -1.11e-16  -0.00012 -2.45e-05 -6.46e-06 -0.000186 -1.52e-05 -1.83e-05 -2.97e-05 -6.21e-05 -7.11e-05 -2.98e-05 -0.000979 -0.000472 -5.92e-05  -0.00103 -0.000149 -9.42e-05 -0.000116 -0.000189  2.02e-05 -0.000168 -4.97e-05 -3.91e-05  -6.8e-05 -0.000336 -0.000445 -3.41e-07  3.94e-06  -6.5e-06  0.000124 -9.77e-07         1 -0.000177 -2.97e-05 -0.000376  0.000339 -2.34e-05 -0.000882 -0.000538 -5.94e-05 -0.000587 -0.000248  0.000122 -2.97e-05  -0.00042 -0.000452 -0.000269 -0.000147  1.53e-05 -0.000575   0.00021  0.000231 -0.000197 -7.34e-05 -0.000263 -0.000119    0.0012  -0.00154  0.000422  0.000124 -2.95e-05    -8e-06 -2.19e-06 -3.64e-07 -2.87e-08  9.71e-05 -0.000654 -6.77e-05 -5.23e-05  -0.00181 -0.000757 -0.000599   -0.0002  -0.00211  2.49e-05  -0.00054  5.17e-05 -0.000203  -0.00113  0.000276  -0.00319 -9.14e-05  -0.00268   0.00115  -0.00116   5.7e-05   -0.0129  -0.00167  -0.00439 -0.000675 -6.85e-05    -0.001 -0.000201 -7.12e-06 -0.000942  -0.00167  -3.3e-05 -0.000514
  -0.0619 -0.000565  -0.00246   -0.0014   -0.0043  -0.00162 -5.07e-17 -5.07e-17  -1.3e-05 -0.000257  -4.1e-17 -0.000577  -0.00127 -0.000203 -0.000975 -0.000172 -0.000222  -0.00114  -0.00249  -0.00174 -0.000171  -0.00269   -0.0033  -0.00126    -0.035 -2.69e-05  -0.00132 -0.000504 -0.000357  -0.00271 -9.94e-05 -0.000398 -0.000796 -0.000513   -0.0214  -0.00621 -1.65e-06 -0.000137 -6.46e-05  -0.00555 -7.52e-06 -0.000177         1    -0.029  -0.00798   -0.0801 -1.25e-05  -0.00632  -0.00951     -0.02  -0.00794 -0.000796  0.000574  -0.00283  -0.00273   -0.0023  -0.00136    -0.003  -0.00321  -0.00145  -0.00427  -0.00817  -0.00155   -0.0012  -0.00197  -0.00017   -0.0209  -0.00799  -0.00457 -6.25e-05 -1.69e-05 -3.05e-05 -6.84e-07 -1.52e-08  1.56e-08    -0.013 -0.000868 -0.000755 -3.08e-07  -0.00749  9.57e-05  0.000103  6.47e-05  0.000701  -0.00219  -0.00152   -0.0552 -0.000713  -0.00796   -0.0162   0.00753   -0.0118  -0.00289  0.000113   -0.0184 -3.03e-05  -0.00226  -0.00908   -0.0129   -0.0014    -1e-05  -0.00513 -0.000815 -3.58e-05   -0.0117  -0.00491 -0.000925  -0.00876
   -0.138 -0.000744  -0.00649   -0.0029   -0.0117  -0.00496  -6.1e-16  -6.1e-16  0.000118 -0.000363 -3.49e-17  -0.00125  -0.00216 -0.000504  -0.00216 -0.000447 -0.000578  -0.00283  -0.00624  -0.00508 -0.000312  -0.00453  -0.00841  -0.00378    -0.104   0.00128  -0.00272  -0.00101 -0.000486  -0.00716  0.000258 -0.000503  -0.00206  -0.00126   -0.0607    -0.016 -5.53e-06 -0.000262 -0.000153   -0.0154 -1.65e-05 -2.97e-05    -0.029         1   -0.0217    -0.237  2.19e-05   -0.0139   -0.0216   -0.0501   -0.0183   0.00627   0.00499   -0.0029  -0.00612  -0.00345  0.000297   -0.0089  -0.00789  -0.00179  -0.00998   -0.0217  -0.00429  -0.00312  -0.00586 -0.000264   -0.0405     -0.02    -0.013   0.00167  6.88e-05 -8.29e-05  1.45e-06  5.13e-07  1.35e-07   -0.0416 -0.000246  -0.00228  0.000166    -0.018    0.0024   0.00174  0.000667   0.00645  -0.00646  -0.00228    -0.141   0.00112   -0.0177   -0.0337    0.0505   -0.0292    0.0029    0.0112   -0.0423   0.00198     0.035   -0.0227   -0.0262  -0.00262  0.000105   -0.0127  -0.00189 -9.33e-05   -0.0326  -0.00906  -0.00219   -0.0226
  -0.0397   -0.0015  -0.00318  0.000642    0.0011  0.000203  4.63e-16  4.63e-16 -8.75e-05  7.29e-05 -1.68e-16  0.000298  0.000709  5.96e-05  0.000323  4.99e-05  6.22e-05  0.000415  0.000821  -0.00139 -0.000292  -0.00505  -0.00482  -0.00155    -0.027 -0.000525  -0.00242  -0.00105 -0.000782  -0.00263 -0.000389 -0.000836   -0.0015 -0.000849   -0.0101  -0.00628 -2.06e-06  0.000186  0.000113  -0.00374  9.52e-06 -0.000376  -0.00798   -0.0217         1   -0.0529 -1.27e-05   -0.0144   -0.0178   -0.0345   -0.0153  -0.00412   0.00258  -0.00281   -0.0043  -0.00477  -0.00241  -0.00317  -0.00209  -0.00136   0.00013   -0.0143   0.00103  0.000441 -0.000832 -6.04e-05   0.00447   0.00705   0.00246  7.66e-05  4.19e-06  -1.2e-05 -4.47e-07 -5.72e-07 -3.89e-08  -0.00618  0.000488 -0.000533 -7.69e-05  -0.00409 -0.000921  -0.00091 -0.000209  -0.00196 -0.000535  -0.00139     -0.11   0.00212   -0.0154  -0.00645  -0.00634   0.00593   -0.0108    0.0141  -0.00651  0.000445  -0.00537  -0.00378  -0.00997 -0.000798 -2.19e-05  -0.00228 -0.000334 -5.09e-05  -0.00234  -0.00349 -0.000853   0.00172
   -0.391  0.000872   -0.0305    -0.016   -0.0528   -0.0192 -1.07e-15 -1.07e-15  0.000309    0.0006 -2.95e-15  -0.00634   -0.0175  -0.00249   -0.0109  -0.00185  -0.00235   -0.0144   -0.0309    -0.016  -0.00137   -0.0171   -0.0265   -0.0111    -0.314  2.93e-05    -0.011  -0.00339  -0.00181   -0.0248 -0.000432  -0.00345  -0.00492  -0.00425    -0.186   -0.0472 -1.02e-05  -0.00124 -0.000817   -0.0505 -4.96e-05  0.000339   -0.0801    -0.237   -0.0529         1 -0.000123   -0.0257   -0.0733    -0.136   -0.0473   0.00483   -0.0221   -0.0443   -0.0184   -0.0042   -0.0247   -0.0261   -0.0183   -0.0118   -0.0576   -0.0362   -0.0124  -0.00867   -0.0136 -0.000311    -0.381    -0.112   -0.0773   0.00189  -0.00121 -9.85e-05   2.1e-06  1.74e-06  2.45e-07   -0.0614 -0.000664  -0.00443  0.000283   -0.0146   0.00493   0.00413   0.00175    0.0194  -0.00819  -0.00172    -0.314   0.00594   -0.0129    0.0103    0.0545    -0.013    0.0233   -0.0541   -0.0642    0.0045    0.0674    -0.024   -0.0207 -0.000552  0.000711   -0.0127  -0.00155 -0.000105   -0.0544  -0.00436  -0.00165   -0.0971
 2.03e-05  5.88e-06 -6.86e-05 -5.52e-05 -7.42e-05 -1.98e-05 -3.21e-17 -3.21e-17 -1.22e-07  2.62e-06 -3.68e-17 -2.04e-05 -2.57e-05  -3.1e-06 -3.18e-05  -3.4e-06 -4.08e-06 -1.76e-05  -3.7e-05 -2.42e-05 -8.84e-06 -0.000107 -9.61e-05 -1.64e-05 -0.000241 -1.47e-05 -1.23e-05 -2.03e-05 -2.88e-05 -2.23e-06 -3.15e-05 -1.24e-05 -2.26e-06 -9.83e-06 -4.77e-05 -5.98e-05  3.78e-09 -5.53e-06 -2.64e-06  3.48e-05 -4.26e-07 -2.34e-05 -1.25e-05  2.19e-05 -1.27e-05 -0.000123         1 -8.46e-06  0.000128  0.000426  0.000148  3.91e-05  3.62e-05  2.27e-05 -3.94e-05 -1.64e-05 -6.22e-05  4.99e-06  6.73e-05 -7.21e-05   1.9e-07  0.000175 -4.06e-05 -9.44e-06 -3.54e-05 -8.19e-06 -0.000143 -0.000374  5.18e-05  3.73e-05 -2.26e-06  2.94e-07  -1.8e-07 -3.51e-08 -2.74e-09  9.99e-05  -0.00012  7.61e-06 -7.24e-06 -0.000175 -8.56e-05 -5.14e-05 -1.61e-05 -9.73e-05  4.58e-06 -8.86e-05  9.59e-05 -1.06e-05  3.01e-05  9.33e-05  -0.00045 -7.35e-05 -0.000323  0.000142  0.000107  1.23e-05   -0.0019 -0.000212 -0.000658 -4.25e-05 -4.56e-06  -0.00011 -1.67e-05 -4.06e-07 -0.000126 -0.000221 -5.64e-06  -0.00015
   0.0477  -0.00335  -0.00492   0.00136   0.00546    0.0017  2.14e-15  2.14e-15 -0.000238   0.00025 -6.14e-17  0.000297   0.00257  0.000264  0.000745  9.72e-05  0.000128   0.00167   0.00347 -0.000438   -0.0004  -0.00777  -0.00449  -0.00221   -0.0159  -0.00244  -0.00445  -0.00183  -0.00175  -0.00245  -0.00123  -0.00148  -0.00226  -0.00112   0.00065  -0.00617 -2.68e-06  0.000581  0.000454  -0.00247  2.21e-05 -0.000882  -0.00632   -0.0139   -0.0144   -0.0257 -8.46e-06         1   -0.0473   -0.0847   -0.0386   -0.0163  -0.00408   -0.0162   -0.0112   -0.0115   -0.0127   -0.0077  -0.00626  -0.00737   0.00304   -0.0212   0.00299   0.00191 -0.000387 -0.000172    0.0264     0.017   0.00884 -6.93e-05 -9.18e-05  1.02e-05  2.51e-06 -2.41e-07 -7.52e-08  -0.00645  0.000637 -0.000425 -0.000175  -0.00413  -0.00239  -0.00245 -0.000598  -0.00544  0.000884  -0.00399   -0.0365    0.0048   -0.0319  0.000536   0.00192    0.0244   -0.0276    0.0298    -0.016 -0.000179   -0.0387  -0.00322   -0.0169  -0.00121  4.77e-05  -0.00191   -0.0003 -9.56e-05   0.00192  -0.00644 -0.000625   0.00899
     0.12   -0.0041   -0.0137 -0.000259   0.00117  0.000214  4.15e-15  4.15e-15  -6.5e-05  0.000922 -4.04e-16 -0.000773  0.000911  3.31e-05 -0.000532 -0.000141 -0.000161  0.000371  0.000765   0.00051 -0.000203  -0.00933   -0.0025  -0.00325   -0.0235  -0.00544  -0.00747  -0.00198  -0.00166  -0.00522  -0.00125  -0.00237  -0.00317  -0.00102  -0.00195   -0.0054 -1.52e-06   0.00147  0.000862  -0.00642  7.63e-05 -0.000538  -0.00951   -0.0216   -0.0178   -0.0733  0.000128   -0.0473         1    -0.166   -0.0745   -0.0331   -0.0278    -0.048   -0.0225   -0.0191   -0.0354   -0.0156   -0.0144   -0.0213  -0.00678   -0.0249   0.00522   0.00124  0.000257 -3.37e-05    -0.054    0.0087  -0.00632  -0.00108 -0.000816  4.88e-05  5.93e-06  1.21e-06 -5.13e-08   0.00203   0.00433 -0.000321  -7.8e-05    0.0126  -0.00162  -0.00254 -0.000556  -0.00543   0.00526 -0.000888     0.101    0.0114   -0.0355    0.0237  -0.00469     0.047   -0.0356   0.00499   -0.0254 -0.000325    0.0104    0.0157    0.0128   0.00253  0.000122   0.00862   0.00154 -9.26e-05    0.0177   0.00227   0.00174   0.00241
    0.221  -0.00794   -0.0166   0.00294   0.00797    0.0021  9.25e-15  9.25e-15 -0.000172   0.00186  2.26e-15  -1.4e-05   0.00367  0.000306   0.00114 -3.01e-05  -3.6e-05   0.00211   0.00429  0.000852 -0.000348   -0.0111  -0.00169  -0.00519     -0.04  -0.00729   -0.0125  -0.00297  -0.00202  -0.00908  -0.00071  -0.00344  -0.00546  -0.00166  -0.00948  -0.00996 -3.69e-06   0.00206   0.00149   -0.0135  0.000102 -5.94e-05     -0.02   -0.0501   -0.0345    -0.136  0.000426   -0.0847    -0.166         1    -0.131   -0.0532   -0.0381   -0.0727   -0.0367   -0.0338   -0.0509   -0.0278   -0.0264    -0.026  -0.00784   -0.0604   0.00868   0.00255  0.000767  0.000364   -0.0422    0.0402  -0.00316  -0.00371 -0.000783   4.5e-05  2.39e-05  3.97e-06  7.05e-08    -0.019    0.0108  -0.00167  0.000157    0.0154    0.0013  -0.00146  1.23e-05 -0.000566   0.00479  -0.00185     0.107    0.0156   -0.0757    0.0204    0.0226    0.0814   -0.0389    0.0217   -0.0635  -0.00235     0.075     0.019    0.0215   0.00405   0.00057    0.0109   0.00208 -0.000176    0.0197   0.00514  0.000899    0.0131
    0.104   -0.0034  -0.00804  0.000541   0.00334  0.000968  4.14e-15  4.14e-15 -0.000154  0.000382  1.08e-15 -0.000289   0.00169  0.000141  4.47e-05 -3.04e-05 -3.64e-05  0.000988   0.00203  0.000655 -0.000164  -0.00755    -0.001  -0.00202   -0.0141  -0.00355  -0.00549  -0.00141  -0.00121  -0.00356 -0.000511  -0.00146  -0.00232 -0.000751  -0.00248   -0.0042 -2.59e-06  0.000984   0.00065  -0.00484  4.59e-05 -0.000587  -0.00794   -0.0183   -0.0153   -0.0473  0.000148   -0.0386   -0.0745    -0.131         1   -0.0233    -0.017   -0.0313   -0.0177   -0.0167   -0.0228   -0.0125   -0.0111   -0.0127  -0.00254   -0.0258   0.00328  0.000597 -0.000219 -0.000241   -0.0146    0.0147 -0.000488  -0.00156 -0.000483  -2.2e-05  1.73e-06  3.96e-07 -7.99e-08  -0.00611   0.00327  -0.00114  -9.5e-05   0.00229  -0.00199  -0.00282 -0.000763  -0.00903   0.00269  -0.00152    0.0573   0.00586    -0.036    0.0149   -0.0101      0.04   -0.0214   0.00845    -0.031 -0.000939    0.0035   0.00529 -0.000245 -0.000353 -6.38e-05   0.00291  0.000458 -9.24e-05   0.00826  -0.00161  0.000533   0.00551
  0.00754  -0.00288  -0.00315 -0.000729   0.00029  0.000786  1.15e-15  1.15e-15   -0.0002 -0.000517 -8.04e-16  -0.00047  -0.00182 -7.81e-05 -0.000481 -6.49e-05 -7.17e-05 -0.000416 -0.000832  0.000749 -7.21e-05  -0.00387 -0.000814  -0.00051   0.00713  -0.00373  -0.00303 -0.000788 -0.000687  -0.00206  -0.00102   -0.0016  -0.00126 -0.000324   0.00215  -0.00293  2.28e-06  0.000401  0.000236  -0.00253   3.1e-05 -0.000248 -0.000796   0.00627  -0.00412   0.00483  3.91e-05   -0.0163   -0.0331   -0.0532   -0.0233         1   -0.0138    -0.023  -0.00556  -0.00722   -0.0157  -0.00159  -0.00814    -0.011  -0.00527  -0.00707   0.00274   0.00046   0.00149  1.16e-06   -0.0423   0.00233  -0.00279  -0.00349 -0.000298  5.88e-05  4.41e-06  9.34e-07 -2.58e-08   0.00717 -0.000516  0.000976 -6.27e-05   0.00454  -0.00074 -0.000486 -7.97e-05  1.87e-05   0.00133  -0.00185    0.0036 -0.000402   -0.0116   -0.0369   -0.0179    -0.016   -0.0317   -0.0171   -0.0228  -0.00352    -0.023   0.00449   0.00361  0.000924  8.75e-05   0.00176  0.000186 -2.12e-05   0.00539  -0.00247 -7.52e-05  -0.00117
  0.00209  3.52e-05  -0.00581   -0.0029  -0.00629  -0.00173  1.07e-15  1.07e-15  4.53e-05  0.000204 -6.96e-16   -0.0014  -0.00331 -0.000346  -0.00192 -0.000284 -0.000347  -0.00202  -0.00421  0.000759  0.000112   -0.0011   0.00195  -0.00017   0.00178  -0.00264  -0.00169  3.06e-05 -1.41e-05  -0.00153 -0.000353 -0.000722 -3.57e-06  0.000165  -0.00177    0.0012  2.07e-06  0.000352   0.00013   -0.0024   2.6e-05  0.000122  0.000574   0.00499   0.00258   -0.0221  3.62e-05  -0.00408   -0.0278   -0.0381    -0.017   -0.0138         1   -0.0247  -0.00579  -0.00312   -0.0174  -0.00363  -0.00479   -0.0103   -0.0105   0.00591  0.000624 -0.000747  0.000806 -1.01e-05   -0.0891   -0.0176   -0.0152  -0.00154 -0.000654  3.92e-05 -1.52e-09  8.49e-07 -2.08e-08    0.0139  0.000717  0.000543 -5.13e-06    0.0129 -0.000358 -0.000458 -0.000126  -0.00127   0.00374   0.00169      0.13   0.00219   0.00563    0.0197   -0.0174     0.013  -0.00601   -0.0334  -0.00365  -0.00111   0.00466    0.0143     0.021   0.00235  4.19e-05   0.00793   0.00127  2.95e-05    0.0122   0.00587   0.00203   -0.0109
   0.0302  -0.00145  -0.00864  -0.00279  -0.00572  -0.00157  1.43e-15  1.43e-15  1.46e-05  0.000394 -1.37e-15  -0.00148  -0.00308 -0.000329   -0.0019 -0.000311 -0.000374  -0.00188  -0.00393  0.000364 -3.04e-05  -0.00341 -0.000185  -0.00136  -0.00882    -0.004  -0.00365 -0.000721 -0.000657  -0.00306  -0.00103  -0.00155  -0.00105 -0.000266  -0.00386  -0.00185  2.08e-06  0.000608  0.000311  -0.00428  3.98e-05 -2.97e-05  -0.00283   -0.0029  -0.00281   -0.0443  2.27e-05   -0.0162    -0.048   -0.0727   -0.0313    -0.023   -0.0247         1  -0.00999  -0.00695   -0.0249  -0.00638  -0.00852   -0.0155   -0.0114 -0.000374   0.00201 -4.89e-05  0.000758  8.24e-05   -0.0939   -0.0149   -0.0143  -0.00161 -0.000709  7.84e-05  4.75e-06  1.48e-06  4.15e-09    0.0118  0.000892  0.000868 -1.18e-05     0.014 -0.000223 -0.000343   2.2e-05   0.00149   0.00396  0.000197     0.122   0.00483  -0.00356   0.00919  -0.00723    0.0115   -0.0213   -0.0255    -0.011  -0.00138  -0.00311    0.0145    0.0183   0.00316    0.0002   0.00795   0.00136 -3.56e-07    0.0125   0.00419   0.00186   -0.0104
   0.0171 -0.000703  -0.00362 -0.000834 -0.000556 -0.000184  1.08e-15  1.08e-15  3.43e-05   0.00037  1.59e-16 -0.000523 -7.05e-06 -3.03e-05 -0.000602 -9.34e-05 -0.000117 -0.000114  -0.00026  7.97e-05 -0.000149  -0.00304 -0.000673 -0.000694  -0.00663  -0.00117  -0.00172  -0.00054  -0.00059  -0.00109 -0.000368 -0.000472 -0.000576  -0.00018  -0.00218  -0.00116 -3.17e-07  0.000199  0.000174   -0.0009  6.03e-06  -0.00042  -0.00273  -0.00612   -0.0043   -0.0184 -3.94e-05   -0.0112   -0.0225   -0.0367   -0.0177  -0.00556  -0.00579  -0.00999         1  -0.00617  -0.00885  -0.00452  -0.00261   -0.0052  -0.00139  -0.00523 -0.000124 -0.000566 -0.000784 -0.000168  -0.00964  -0.00223 -0.000353 -2.91e-05 -0.000192 -9.82e-06 -1.66e-06 -1.55e-07 -5.23e-08  -0.00223 -0.000679 -0.000437 -0.000115  -0.00185  -0.00159  -0.00139 -0.000417  -0.00344  0.000759  -0.00151    0.0463   0.00121   -0.0103   0.00687    -0.012    0.0116  -0.00699  0.000654   -0.0119 -0.000321    -0.017   -0.0018  -0.00984 -0.000499 -0.000111   -0.0006 -2.67e-05 -3.03e-05  -0.00026  -0.00367  0.000122   -0.0016
  0.00229  -0.00118  -0.00162 -0.000264   0.00122  0.000576  1.36e-15  1.36e-15 -4.14e-05  7.77e-05  6.91e-16 -0.000248  0.000147  3.24e-05 -0.000216 -2.53e-05 -3.65e-05  0.000256  0.000516  0.000316 -0.000161  -0.00305 -0.000352 -0.000273 -0.000477  -0.00111  -0.00159 -0.000491 -0.000516 -0.000877 -0.000219 -0.000465  -0.00058 -0.000151  -0.00132  -0.00139 -1.57e-07  8.43e-05  0.000145 -0.000716  6.93e-07 -0.000452   -0.0023  -0.00345  -0.00477   -0.0042 -1.64e-05   -0.0115   -0.0191   -0.0338   -0.0167  -0.00722  -0.00312  -0.00695  -0.00617         1  -0.00629  -0.00332  -0.00288  -0.00342  -0.00015  -0.00855 -0.000112 -0.000652 -0.000523 -0.000205   0.00262   0.00353   0.00265  -0.00113 -6.96e-05  -2.5e-05 -1.67e-06 -2.44e-07 -6.46e-08  -0.00452  -0.00104 -0.000562 -0.000127  -0.00526  -0.00172  -0.00145 -0.000467  -0.00428 -0.000206  -0.00214    0.0129  -0.00133    -0.014  -0.00828   -0.0195   0.00406  -0.00806 -0.000366   -0.0193  -0.00147   -0.0207  -0.00531   -0.0145  -0.00137  -0.00016  -0.00267  -0.00043 -3.59e-05    -0.003  -0.00584 -0.000577  0.000813
   0.0226 -0.000964  -0.00753  -0.00221  -0.00384  -0.00101  7.92e-16  7.92e-16  8.33e-05   0.00061 -1.33e-15  -0.00116    -0.002 -0.000217  -0.00147 -0.000225 -0.000269  -0.00122  -0.00254  0.000291 -0.000122   -0.0036 -0.000934  -0.00112  -0.00545  -0.00306  -0.00285 -0.000741 -0.000749  -0.00207  -0.00102  -0.00124 -0.000844 -0.000211  0.000197 -0.000985  1.93e-06  0.000481  0.000258  -0.00172  2.93e-05 -0.000269  -0.00136  0.000297  -0.00241   -0.0247 -6.22e-05   -0.0127   -0.0354   -0.0509   -0.0228   -0.0157   -0.0174   -0.0249  -0.00885  -0.00629         1  -0.00488  -0.00489   -0.0125  -0.00714   0.00118   0.00134 -0.000201  0.000286   2.9e-05   -0.0629   -0.0123  -0.00828 -0.000534 -0.000539  6.38e-05  1.52e-06  6.48e-07 -3.29e-08    0.0108 -0.000413  0.000708   -0.0001   0.00939  -0.00122 -0.000902 -0.000195  0.000123   0.00335 -0.000529    0.0963   0.00415  -0.00285    0.0103   -0.0162    0.0108   -0.0188   -0.0154  -0.00498 -0.000698   -0.0166   0.00953   0.00643   0.00233  5.55e-05   0.00549   0.00103 -4.52e-06   0.00974  0.000884   0.00139  -0.00698
   0.0366 -0.000277  -0.00204 -0.000456 -0.000745 -0.000401  1.01e-15  1.01e-15     4e-06  0.000321   4.1e-16 -0.000331  0.000188 -2.74e-05 -0.000364 -7.64e-05 -9.84e-05  -0.00012 -0.000296 -0.000224  -9.4e-05  -0.00131 -0.000215 -0.000642  -0.00956 -0.000357   -0.0011 -0.000316 -0.000337 -0.000846 -8.26e-05 -0.000157 -0.000312 -0.000183  -0.00452  -0.00115 -1.02e-06  6.33e-05  0.000106  -0.00155 -2.01e-06 -0.000147    -0.003   -0.0089  -0.00317   -0.0261  4.99e-06   -0.0077   -0.0156   -0.0278   -0.0125  -0.00159  -0.00363  -0.00638  -0.00452  -0.00332  -0.00488         1   -0.0019   -0.0019  -0.00126  -0.00468 -0.000353 -0.000146 -0.000722 -7.72e-05  -0.00595  -0.00129  -0.00121  0.000298 -9.65e-05  -1.3e-05  6.48e-07  1.79e-07 -5.87e-09  -0.00474  0.000335 -0.000525 -2.11e-05  -0.00117  -0.00038 -0.000557 -0.000134   -0.0013  0.000224 -0.000813    0.0386   0.00128  -0.00757    0.0134   0.00461    0.0148    0.0013   0.00386  -0.00701   0.00022  -0.00376  -0.00115  -0.00428 -0.000349  2.38e-05 -0.000282 -2.57e-06 -2.14e-05  -0.00111  -0.00093  0.000131  -0.00157
   0.0144  -0.00105 -0.000685 -0.000636  -0.00126 -0.000422   3.9e-16   3.9e-16 -3.09e-05  -0.00052   8.9e-17 -0.000439 -0.000526 -7.89e-05 -0.000475 -0.000109 -0.000138 -0.000434 -0.000935  0.000175  0.000115 -0.000137  0.000709 -0.000309  -0.00499 -0.000992 -0.000676 -1.21e-05  1.01e-06 -0.000904 -6.87e-05  -0.00024 -0.000416  5.72e-05  -0.00616  -0.00146  1.77e-08  0.000159  9.04e-05  -0.00234  9.85e-06  1.53e-05  -0.00321  -0.00789  -0.00209   -0.0183  6.73e-05  -0.00626   -0.0144   -0.0264   -0.0111  -0.00814  -0.00479  -0.00852  -0.00261  -0.00288  -0.00489   -0.0019         1  -0.00483  -0.00236  -0.00408  -3.1e-05 -0.000704 -0.000482 -0.000107  -0.00901  -0.00168  -0.00256  -0.00102 -5.44e-05    -4e-06  2.21e-06  7.79e-07  4.26e-08  -0.00785 -0.000107 -0.000101  6.51e-05  -0.00249  0.000704  0.000442  0.000149   0.00106  -0.00111 -0.000827    0.0303 -0.000713  -0.00616   -0.0259    0.0145   -0.0185  -0.00961  -0.00501   -0.0225  -0.00117   0.00547  -0.00354  -0.00205 -0.000444  1.88e-05  -0.00235 -0.000433 -2.25e-05  -0.00581  -0.00268 -0.000295   -0.0033
   0.0165 -0.000792  -0.00624  -0.00226  -0.00388   -0.0013 -1.21e-15 -1.21e-15  7.53e-05 -0.000534 -2.15e-15  -0.00111 -0.000967 -0.000166  -0.00147 -0.000211 -0.000246 -0.000933   -0.0019  0.000227  0.000128  -0.00367  -0.00159 -0.000952  -0.00733  -0.00246   -0.0012 -0.000441 -0.000626  -0.00096  -0.00112 -0.000741 -0.000783 -2.78e-05 -4.15e-05  -0.00112  6.11e-07  0.000686  0.000187  -0.00026  4.07e-05 -0.000575  -0.00145  -0.00179  -0.00136   -0.0118 -7.21e-05  -0.00737   -0.0213    -0.026   -0.0127    -0.011   -0.0103   -0.0155   -0.0052  -0.00342   -0.0125   -0.0019  -0.00483         1   -0.0031   0.00578  0.000872 -0.000794 -0.000819 -0.000327   -0.0289   -0.0148  -0.00539  0.000881 -0.000436   3.3e-05  -5.8e-06 -3.96e-07 -4.67e-08   0.00553  -0.00187  0.000715 -0.000114   0.00219  -0.00179  -0.00135 -0.000426  -0.00362   0.00178 -0.000558    0.0696   0.00396   0.00116   -0.0164  0.000317   -0.0212   -0.0292   -0.0059  -0.00912  0.000623   -0.0241   0.00209  -0.00208  0.000283 -0.000218   0.00037  4.91e-05 -2.36e-05   0.00177  -0.00383    0.0011  -0.00656
   0.0744  0.000498  -0.00302  -0.00305    -0.008  -0.00231  3.31e-16  3.31e-16  2.68e-05 -2.12e-05 -1.99e-16  -0.00122  -0.00418 -0.000435  -0.00197 -0.000289 -0.000365  -0.00255   -0.0054 -0.000725 -5.31e-05 -0.000671 -0.000164 -0.000135    -0.016 -0.000954 -0.000901     9e-05   0.00018  -0.00227  5.87e-05  -0.00046  0.000156 -4.73e-05    -0.016   -0.0023  1.38e-06 -0.000249 -0.000156  -0.00479 -5.31e-06   0.00021  -0.00427  -0.00998   0.00013   -0.0576   1.9e-07   0.00304  -0.00678  -0.00784  -0.00254  -0.00527   -0.0105   -0.0114  -0.00139  -0.00015  -0.00714  -0.00126  -0.00236   -0.0031         1   0.00288  -0.00157  -0.00162 -0.000295 -1.24e-05   -0.0831   -0.0196   -0.0145  -0.00182 -0.000349  3.16e-06 -4.22e-07  5.32e-07  1.06e-09    0.0039 -0.000633 -1.03e-05  1.41e-05   0.00393  0.000285  0.000439  0.000126   0.00147  0.000511  0.000727    0.0232  -0.00215   0.00654   0.00156   -0.0187    -0.003   0.00448   -0.0328  -0.00856  -0.00149   0.00409   0.00346   0.00769  0.000784   4.4e-05   0.00205  0.000318  2.88e-05 -0.000216   0.00206  0.000474   -0.0151
    0.125  -0.00269   0.00197   0.00363   0.00771   0.00249  3.26e-15  3.26e-15 -0.000185  0.000442  2.67e-15   0.00142   0.00235  0.000316   0.00214  0.000271  0.000319   0.00194   0.00396 -0.000515 -0.000314  -0.00207  -0.00154 -0.000808   -0.0129  0.000223  -0.00285 -0.000778 -0.000192  -0.00256  0.000763 -0.000588  -0.00155 -0.000714  -0.00798  -0.00533 -2.11e-06 -7.37e-05  0.000218  -0.00475 -7.29e-06  0.000231  -0.00817   -0.0217   -0.0143   -0.0362  0.000175   -0.0212   -0.0249   -0.0604   -0.0258  -0.00707   0.00591 -0.000374  -0.00523  -0.00855   0.00118  -0.00468  -0.00408   0.00578   0.00288         1   0.00173  0.000972  0.000385  0.000271    0.0379    0.0321   0.00933  -0.00269  0.000378 -4.24e-05  9.92e-06  8.63e-07  3.58e-08   -0.0179   0.00354   -0.0014  9.25e-05  -0.00621    0.0014  0.000531   0.00027   0.00191  -0.00251  -0.00154    -0.143  -0.00166    -0.031   -0.0165  -0.00404    0.0184   0.00492    0.0174   -0.0239  -0.00214    0.0357  -0.00591  -0.00693 -0.000818    0.0002  -0.00289 -0.000421 -6.12e-05  -0.00445  -0.00164  -0.00225     0.012
  0.00184  0.000454  0.000761   -0.0014  -0.00268 -0.000825  3.08e-18  3.08e-18  -4.1e-06 -0.000238  4.44e-16 -0.000581  -0.00103 -0.000132 -0.000871 -0.000126 -0.000166 -0.000761  -0.00164 -0.000267 -4.13e-05  1.56e-05  0.000446  0.000248  -0.00441  0.000348  0.000497  0.000145 -2.37e-05  7.19e-05  7.55e-05  0.000254  0.000433   0.00011  -0.00723 -0.000499 -2.34e-07 -0.000319 -0.000127 -0.000682 -2.06e-05 -0.000197  -0.00155  -0.00429   0.00103   -0.0124 -4.06e-05   0.00299   0.00522   0.00868   0.00328   0.00274  0.000624   0.00201 -0.000124 -0.000112   0.00134 -0.000353  -3.1e-05  0.000872  -0.00157   0.00173         1  -0.00123  -0.00113 -0.000232  -0.00605  -0.00846  -0.00163 -0.000219  1.93e-05  -3.5e-05 -3.03e-06 -2.41e-07 -1.88e-08  -0.00603  -0.00198 -0.000488 -5.13e-05  -0.00681 -0.000686 -0.000385 -0.000174  -0.00175  -0.00141  -0.00137     0.026  -0.00323  8.78e-07  -0.00493  -0.00269  -0.00709   0.00457   -0.0058   -0.0115  -0.00065   -0.0194  -0.00794   -0.0129  -0.00175  -0.00011  -0.00417 -0.000723 -4.26e-06  -0.00856  -0.00449 -0.000465  -0.00585
 -0.00322  0.000224 -4.84e-05 -0.000959  -0.00199 -0.000605 -6.66e-17 -6.66e-17   3.8e-05 -0.000211  2.29e-16 -0.000412 -0.000839 -0.000102 -0.000618 -9.02e-05 -0.000117  -0.00059  -0.00125  1.12e-05  3.33e-05  3.76e-05   0.00055  0.000226  -0.00225  1.75e-05  0.000285  0.000187   0.00013 -0.000143  0.000143  0.000134  0.000201  0.000167  -0.00474 -5.65e-05  2.18e-07 -9.88e-05 -5.78e-05  -0.00058 -5.14e-06 -7.34e-05   -0.0012  -0.00312  0.000441  -0.00867 -9.44e-06   0.00191   0.00124   0.00255  0.000597   0.00046 -0.000747 -4.89e-05 -0.000566 -0.000652 -0.000201 -0.000146 -0.000704 -0.000794  -0.00162  0.000972  -0.00123         1  -0.00067 -0.000146  -0.00886  -0.00576  -0.00218 -0.000391 -3.37e-05 -2.29e-05 -2.47e-06  -1.2e-07  -1.1e-08  -0.00328  -0.00107 -0.000287 -2.03e-05  -0.00341 -0.000324 -0.000164 -0.000105  -0.00116 -0.000768 -0.000347     0.017  -0.00197  0.000613  -0.00887  -0.00584  -0.00955   0.00115  -0.00797  -0.00998 -0.000569  -0.00325    -0.004  -0.00578 -0.000835 -0.000121  -0.00217 -0.000373  -1.1e-06  -0.00485   -0.0026 -0.000208  -0.00418
   0.0079  9.54e-05 -0.000441 -0.000871  -0.00161 -0.000605 -2.62e-16 -2.62e-16 -5.63e-06 -0.000251 -5.05e-17 -0.000375 -0.000242 -6.32e-05 -0.000555 -8.07e-05 -0.000103 -0.000353 -0.000765 -0.000345 -2.46e-05 -0.000939 -0.000587 -0.000185  -0.00733  7.89e-05  8.53e-05  -7.4e-05 -0.000193 -0.000149 -0.000133  7.69e-05  1.16e-05 -4.17e-05  -0.00507  -0.00109 -7.33e-07 -6.56e-05 -4.06e-05 -0.000561 -6.37e-06 -0.000263  -0.00197  -0.00586 -0.000832   -0.0136 -3.54e-05 -0.000387  0.000257  0.000767 -0.000219   0.00149  0.000806  0.000758 -0.000784 -0.000523  0.000286 -0.000722 -0.000482 -0.000819 -0.000295  0.000385  -0.00113  -0.00067         1 -0.000214   0.00143  -0.00543 -0.000432  0.000419 -1.21e-05 -2.27e-05 -3.16e-06 -3.92e-07 -2.07e-08  -0.00463  -0.00131  -0.00032 -5.14e-05  -0.00504 -0.000761 -0.000569 -0.000203  -0.00215  -0.00081  -0.00104   0.00976 -0.000815  -0.00154  -0.00412   0.00238  -0.00591  -0.00172   0.00147  -0.00717  0.000172   -0.0156  -0.00562  -0.00999  -0.00134 -0.000108  -0.00315 -0.000546 -1.47e-05  -0.00577  -0.00371 -0.000238  -0.00329
  0.00131   7.7e-06 -9.68e-05 -0.000267 -0.000339 -0.000101 -4.53e-17 -4.53e-17 -2.28e-05 -0.000146 -1.51e-17 -0.000106 -7.07e-05 -1.25e-05 -0.000165 -1.67e-05 -2.09e-05 -6.84e-05 -0.000145 -2.03e-05  1.73e-07 -0.000516 -0.000124  1.46e-05 -0.000608 -6.22e-05  2.46e-05 -2.29e-05 -7.69e-05  4.01e-05  -6.1e-05  1.34e-05  1.76e-05 -1.54e-05 -0.000668  -0.00021 -2.76e-07 -1.21e-06 -1.12e-05 -2.17e-06 -7.77e-07 -0.000119  -0.00017 -0.000264 -6.04e-05 -0.000311 -8.19e-06 -0.000172 -3.37e-05  0.000364 -0.000241  1.16e-06 -1.01e-05  8.24e-05 -0.000168 -0.000205   2.9e-05 -7.72e-05 -0.000107 -0.000327 -1.24e-05  0.000271 -0.000232 -0.000146 -0.000214         1  0.000118   -0.0014 -9.35e-05  3.14e-05 -2.35e-05 -9.15e-06 -1.72e-06 -2.43e-07 -1.83e-08  -0.00033 -0.000409 -8.88e-05 -2.88e-05   -0.0014 -0.000462 -0.000387 -0.000137  -0.00162  -5.6e-05 -0.000266   0.00245 -0.000322 -0.000513 -0.000314  -0.00172 -0.000848  -0.00117 -0.000156  -0.00166  1.12e-05  -0.00717  -0.00127  -0.00263 -0.000545 -5.63e-05  -0.00078 -0.000164  -4.2e-06 -0.000983  -0.00108 -1.38e-05 -0.000663
     0.58   0.00505   -0.0314   -0.0226   -0.0594   -0.0168  9.94e-16  9.94e-16  0.000209   0.00079 -4.99e-15  -0.00869   -0.0317   -0.0032   -0.0145  -0.00196  -0.00244   -0.0188   -0.0396  -0.00494 -0.000493   -0.0112  -0.00546   -0.0013    -0.103  -0.00923  -0.00818 -6.69e-05  0.000674   -0.0168 -0.000825  -0.00458  0.000765 -0.000898   -0.0919   -0.0139  1.18e-05 -0.000899  -0.00103   -0.0306  2.65e-05    0.0012   -0.0209   -0.0405   0.00447    -0.381 -0.000143    0.0264    -0.054   -0.0422   -0.0146   -0.0423   -0.0891   -0.0939  -0.00964   0.00262   -0.0629  -0.00595  -0.00901   -0.0289   -0.0831    0.0379  -0.00605  -0.00886   0.00143  0.000118         1    -0.151    -0.115   -0.0116  -0.00344  0.000129 -1.51e-05  1.32e-06 -2.23e-07     0.083  -0.00221     0.002 -0.000185     0.059  -0.00199 -0.000134 -0.000102  0.000601    0.0143    0.0113     0.127  -0.00454     0.071    0.0951    -0.209    0.0363    0.0195    -0.255    0.0139  -0.00711    0.0164    0.0633     0.101    0.0108  0.000149    0.0354   0.00565  0.000287    0.0433    0.0318   0.00758    -0.106
   0.0933    0.0031  -0.00955   -0.0119   -0.0255  -0.00808 -3.57e-15 -3.57e-15  6.58e-05  -0.00169 -3.35e-15  -0.00482  -0.00934  -0.00118  -0.00746  -0.00101  -0.00126  -0.00692   -0.0146  -0.00241 -6.06e-05  -0.00653  -0.00348 -0.000649   -0.0471  -0.00194  0.000736 -3.17e-05  -0.00104  -0.00205  -0.00175 -0.000233    0.0013  2.35e-05   -0.0379  -0.00517  7.21e-09 -0.000533 -0.000585  -0.00518 -2.79e-05  -0.00154  -0.00799     -0.02   0.00705    -0.112 -0.000374     0.017    0.0087    0.0402    0.0147   0.00233   -0.0176   -0.0149  -0.00223   0.00353   -0.0123  -0.00129  -0.00168   -0.0148   -0.0196    0.0321  -0.00846  -0.00576  -0.00543   -0.0014    -0.151         1     -0.03   0.00166    -0.001 -6.04e-05 -2.75e-05  -2.6e-06 -2.02e-07   0.00524    -0.011 -0.000148 -0.000432   -0.0127  -0.00614  -0.00388  -0.00143   -0.0138  0.000185  -0.00336     0.181  -0.00486    0.0264   0.00412   -0.0268   -0.0402   -0.0141   -0.0533   -0.0204  0.000579    -0.127   -0.0155    -0.034  -0.00505 -0.000693  -0.00903  -0.00176   1.6e-05   -0.0202   -0.0146   0.00165   -0.0469
   0.0748   0.00156  -0.00512  -0.00416   -0.0119  -0.00381 -3.51e-16 -3.51e-16  9.87e-05 -0.000304 -7.83e-16  -0.00166  -0.00516 -0.000595  -0.00273 -0.000397 -0.000495  -0.00351  -0.00739 -0.000757  0.000195 -2.39e-05  0.000562 -9.79e-05   -0.0221 -0.000923 -0.000294  0.000546  0.000634  -0.00248  0.000318 -0.000184  0.000438  0.000144   -0.0195   -0.0013  9.59e-07  5.84e-06 -0.000194  -0.00578  1.31e-05  0.000422  -0.00457    -0.013   0.00246   -0.0773  5.18e-05   0.00884  -0.00632  -0.00316 -0.000488  -0.00279   -0.0152   -0.0143 -0.000353   0.00265  -0.00828  -0.00121  -0.00256  -0.00539   -0.0145   0.00933  -0.00163  -0.00218 -0.000432 -9.35e-05    -0.115     -0.03         1   -0.0011 -0.000625  -4.2e-06  -4.6e-06  3.06e-07  3.42e-09    0.0093  0.000619  2.78e-05  7.95e-05   0.00998  0.000688  0.000478  9.44e-05 -0.000488   0.00197    0.0036    0.0552  0.000172    0.0169    0.0161   -0.0149  -0.00202   0.00836   -0.0444 -0.000199 -3.14e-05    0.0288     0.011    0.0241   0.00158  -3.9e-05    0.0058  0.000862  5.11e-05   0.00476   0.00739   0.00177   -0.0205
   0.0141 -0.000308   0.00112 -8.01e-05 -1.28e-05   0.00025  6.96e-16  6.96e-16 -4.72e-05 -9.47e-05  6.47e-16 -2.46e-05 -0.000853 -4.04e-05 -5.01e-05 -4.07e-06  -1.1e-05 -0.000236 -0.000506  0.000252 -1.59e-05  0.000357  0.000934  0.000427   0.00461 -0.000244 -0.000199  0.000121  0.000187 -0.000311  0.000244 -9.61e-05   9.2e-05  7.57e-05  -0.00177 -8.94e-05  7.64e-07  -0.00016 -3.49e-05   -0.0009  -6.1e-06  0.000124 -6.25e-05   0.00167  7.66e-05   0.00189  3.73e-05 -6.93e-05  -0.00108  -0.00371  -0.00156  -0.00349  -0.00154  -0.00161 -2.91e-05  -0.00113 -0.000534  0.000298  -0.00102  0.000881  -0.00182  -0.00269 -0.000219 -0.000391  0.000419  3.14e-05   -0.0116   0.00166   -0.0011         1  1.46e-05 -8.35e-06   1.4e-06  3.26e-07 -5.45e-11 -0.000564 -1.36e-05 -0.000112  1.41e-05 -0.000537  0.000241  0.000242   5.5e-05  0.000379 -0.000471 -0.000165  -0.00892  -0.00268  -0.00205   -0.0094   -0.0114  -0.00301   0.00234   -0.0104  -0.00865  -0.00159   0.00337 -0.000666  0.000501  -0.00016  1.11e-05 -0.000294 -8.85e-05  6.29e-06 -0.000965 -0.000271 -0.000393 -0.000905
 -0.00347  2.98e-05 -0.000341 -0.000154 -0.000315 -9.56e-05 -1.59e-17 -1.59e-17 -2.59e-06  -2.3e-05 -7.26e-17 -6.15e-05 -0.000119 -1.41e-05 -9.91e-05 -1.08e-05 -1.27e-05 -8.17e-05 -0.000169 -2.14e-06   3.1e-06 -0.000259 -7.42e-05 -1.97e-05 -0.000426 -9.91e-05 -5.98e-05 -1.38e-05 -2.39e-05 -6.07e-05 -3.38e-05  -2.8e-05 -9.06e-06 -1.04e-05  -0.00013 -3.73e-05 -3.03e-08  2.44e-05  1.38e-06 -6.45e-05  1.56e-06 -2.95e-05 -1.69e-05  6.88e-05  4.19e-06  -0.00121 -2.26e-06 -9.18e-05 -0.000816 -0.000783 -0.000483 -0.000298 -0.000654 -0.000709 -0.000192 -6.96e-05 -0.000539 -9.65e-05 -5.44e-05 -0.000436 -0.000349  0.000378  1.93e-05 -3.37e-05 -1.21e-05 -2.35e-05  -0.00344    -0.001 -0.000625  1.46e-05         1 -5.46e-07 -6.59e-07 -8.17e-08 -7.86e-09  0.000867 -3.06e-05  6.72e-06 -9.95e-06  0.000353 -0.000168  -0.00015 -5.03e-05  -0.00059  0.000209  8.67e-05   0.00247  0.000164  0.000333   0.00154  -0.00167  0.000793 -0.000559  -0.00106  0.000477  5.89e-05  -0.00128  0.000531  0.000519 -1.42e-05 -1.74e-05  0.000261  3.29e-05  4.43e-07  0.000588   0.00012  0.000105 -0.000476
 0.000409  5.39e-06  2.19e-05 -1.69e-05 -2.04e-05 -6.44e-06  8.45e-18  8.45e-18 -2.15e-06 -1.36e-05  1.89e-17 -6.43e-06 -3.15e-06  -7.5e-07 -1.09e-05 -9.94e-07 -1.41e-06 -3.88e-06 -8.77e-06  1.21e-07  5.93e-07 -2.89e-05   1.1e-05   9.2e-06  -4.2e-05  8.04e-06  9.47e-06  3.37e-06 -4.67e-07  5.36e-06  5.63e-06  7.98e-06   6.3e-06  9.92e-07 -0.000114 -1.09e-05 -3.51e-08    -3e-06 -1.81e-06 -1.07e-05 -2.52e-07    -8e-06 -3.05e-05 -8.29e-05  -1.2e-05 -9.85e-05  2.94e-07  1.02e-05  4.88e-05   4.5e-05  -2.2e-05  5.88e-05  3.92e-05  7.84e-05 -9.82e-06  -2.5e-05  6.38e-05  -1.3e-05    -4e-06   3.3e-05  3.16e-06 -4.24e-05  -3.5e-05 -2.29e-05 -2.27e-05 -9.15e-06  0.000129 -6.04e-05  -4.2e-06 -8.35e-06 -5.46e-07         1 -1.62e-07 -2.21e-08 -1.61e-09 -0.000121 -2.51e-05 -1.98e-05 -1.92e-06 -0.000175 -3.53e-05  -3.3e-05 -1.25e-05 -0.000166 -2.12e-05 -1.63e-05  4.28e-05  -6.6e-05 -9.18e-05 -2.64e-06 -0.000228 -5.35e-06  8.59e-05 -6.05e-05 -0.000256 -6.83e-06 -0.000379 -0.000158 -0.000253 -6.33e-05 -6.03e-06 -9.06e-05 -1.87e-05 -3.76e-07  -0.00014 -9.42e-05 -8.28e-06 -4.73e-05
-1.28e-05  1.16e-06 -4.25e-06 -4.71e-06 -6.58e-06 -1.97e-06 -1.69e-18 -1.69e-18 -3.29e-07 -2.44e-06  -1.1e-18 -1.66e-06 -1.44e-06 -2.24e-07 -2.89e-06 -2.23e-07 -2.69e-07 -1.25e-06 -2.57e-06 -3.56e-07  4.09e-08  -1.1e-05 -3.58e-06   4.6e-07  -9.6e-06 -9.97e-07  6.67e-07 -3.45e-07 -1.22e-06  7.48e-07 -1.02e-06  2.23e-07  3.43e-07 -3.08e-07 -6.42e-06 -2.52e-06 -4.82e-09  2.65e-07 -2.32e-07  1.49e-06  7.98e-09 -2.19e-06 -6.84e-07  1.45e-06 -4.47e-07   2.1e-06  -1.8e-07  2.51e-06  5.93e-06  2.39e-05  1.73e-06  4.41e-06 -1.52e-09  4.75e-06 -1.66e-06 -1.67e-06  1.52e-06  6.48e-07  2.21e-06  -5.8e-06 -4.22e-07  9.92e-06 -3.03e-06 -2.47e-06 -3.16e-06 -1.72e-06 -1.51e-05 -2.75e-05  -4.6e-06   1.4e-06 -6.59e-07 -1.62e-07         1 -5.74e-09 -4.16e-10  9.38e-06 -6.41e-06 -1.34e-06 -6.03e-07 -1.75e-05 -9.65e-06 -8.09e-06 -2.87e-06 -3.39e-05   1.8e-06 -1.79e-06 -2.46e-06 -2.95e-06  4.51e-07  1.83e-05 -6.25e-05 -1.71e-06 -1.95e-05 -9.35e-06 -5.01e-06  1.92e-06 -0.000117 -1.24e-05 -3.38e-05 -8.65e-06 -1.23e-06 -8.44e-06 -2.05e-06 -4.82e-08 -5.37e-06 -1.42e-05  8.87e-07 -1.06e-05
 7.91e-06  1.11e-07 -6.38e-07 -4.76e-07 -4.26e-07 -1.13e-07 -2.55e-19 -2.55e-19  -6.4e-08 -3.12e-07 -2.08e-19 -1.34e-07  8.54e-09 -4.48e-09  -2.8e-07 -6.11e-09 -5.56e-09 -1.65e-08 -2.44e-08 -1.33e-07 -2.95e-08 -1.98e-06 -9.62e-07 -4.15e-09  -1.7e-06 -1.11e-07 -8.35e-09 -1.47e-07 -2.66e-07  1.08e-07 -2.11e-07  -1.6e-08 -2.35e-08 -1.24e-07 -1.35e-07 -6.16e-07  -8.7e-10  4.18e-08 -2.97e-08  3.83e-07  9.78e-10 -3.64e-07 -1.52e-08  5.13e-07 -5.72e-07  1.74e-06 -3.51e-08 -2.41e-07  1.21e-06  3.97e-06  3.96e-07  9.34e-07  8.49e-07  1.48e-06 -1.55e-07 -2.44e-07  6.48e-07  1.79e-07  7.79e-07 -3.96e-07  5.32e-07  8.63e-07 -2.41e-07  -1.2e-07 -3.92e-07 -2.43e-07  1.32e-06  -2.6e-06  3.06e-07  3.26e-07 -8.17e-08 -2.21e-08 -5.74e-09         1 -6.94e-11  2.07e-06 -8.96e-07  -1.8e-07 -1.04e-07 -2.56e-06 -1.59e-06 -1.33e-06 -4.58e-07 -5.28e-06  3.82e-07  -3.6e-07 -1.23e-05 -1.46e-07 -6.33e-07  4.88e-06 -1.05e-05  2.41e-06 -3.33e-06  1.22e-06  1.73e-06   4.3e-07 -1.99e-05 -1.64e-06 -5.51e-06 -1.29e-06 -1.77e-07 -1.14e-06 -2.82e-07 -9.02e-09 -5.26e-08 -2.08e-06  9.34e-08 -4.93e-07
-5.28e-07  2.13e-09 -5.42e-08 -4.45e-08 -3.41e-08 -3.52e-09 -2.47e-22 -2.47e-22 -5.73e-09 -1.99e-08 -7.46e-21 -1.44e-08 -1.53e-08 -1.13e-09 -2.64e-08 -1.04e-09 -1.19e-09 -5.67e-09 -1.12e-08 -2.99e-09 -4.07e-09 -1.63e-07 -5.88e-08  3.76e-09 -8.36e-09 -2.26e-08 -1.48e-08 -1.35e-08 -2.29e-08  2.81e-09 -1.75e-08 -6.74e-09 -9.91e-10 -9.52e-09  1.18e-08 -4.14e-08 -4.92e-11  1.27e-09 -1.75e-09  2.42e-08 -2.88e-11 -2.87e-08  1.56e-08  1.35e-07 -3.89e-08  2.45e-07 -2.74e-09 -7.52e-08 -5.13e-08  7.05e-08 -7.99e-08 -2.58e-08 -2.08e-08  4.15e-09 -5.23e-08 -6.46e-08 -3.29e-08 -5.87e-09  4.26e-08 -4.67e-08  1.06e-09  3.58e-08 -1.88e-08  -1.1e-08 -2.07e-08 -1.83e-08 -2.23e-07 -2.02e-07  3.42e-09 -5.45e-11 -7.86e-09 -1.61e-09 -4.16e-10 -6.94e-11         1  2.12e-07 -7.44e-08 -1.38e-08 -8.81e-09 -1.75e-07 -1.32e-07 -1.09e-07 -3.72e-08 -4.17e-07  4.04e-08 -4.03e-08  -4.7e-07 -3.94e-08 -1.09e-07   4.4e-07  -1.1e-06  3.42e-07  -2.5e-07 -7.82e-08  3.32e-08   5.8e-09 -1.72e-06 -1.02e-07 -4.35e-07  -9.7e-08 -1.31e-08  -6.8e-08 -1.86e-08 -6.04e-10  3.69e-08 -1.64e-07  7.13e-09  -5.5e-08
    0.117  -0.00125   0.00766  4.52e-05  5.24e-05 -0.000648  1.12e-15  1.12e-15  3.69e-05 -0.000838  3.31e-15 -0.000392   0.00159  4.84e-06 -0.000111 -0.000191  -0.00028   0.00012 -3.46e-06  -0.00094   3.5e-05   0.00488   0.00275  -0.00027   -0.0259   0.00253   0.00134  0.000481  0.000372 -0.000244   0.00111   0.00123  0.000124   0.00038   -0.0296  -0.00425 -2.85e-06 -0.000859 -9.42e-05  -0.00491 -6.55e-05  9.71e-05    -0.013   -0.0416  -0.00618   -0.0614  9.99e-05  -0.00645   0.00203    -0.019  -0.00611   0.00717    0.0139    0.0118  -0.00223  -0.00452    0.0108  -0.00474  -0.00785   0.00553    0.0039   -0.0179  -0.00603  -0.00328  -0.00463  -0.00033     0.083   0.00524    0.0093 -0.000564  0.000867 -0.000121  9.38e-06  2.07e-06  2.12e-07         1  -0.00292  -0.00243  0.000239   -0.0332    0.0034   0.00277  0.000849   0.00855   -0.0108  -0.00649    0.0374   -0.0098   -0.0255   -0.0782     0.076   -0.0556    0.0124     0.023   -0.0765  -0.00263   0.00715   -0.0412   -0.0519  -0.00577  8.86e-05   -0.0221  -0.00355 -9.45e-05   -0.0479   -0.0189  -0.00416  -0.00532
   0.0152 -2.16e-05 -0.000186  -0.00191  -0.00257 -0.000639 -5.81e-16 -5.81e-16 -6.63e-05 -0.000522 -3.53e-16 -0.000764   -0.0011 -0.000124  -0.00114 -0.000136 -0.000172 -0.000706   -0.0015 -0.000326 -0.000126   -0.0023  -0.00113  4.32e-05  -0.00324 -0.000405  0.000134 -0.000242 -0.000553  0.000163 -0.000583 -0.000101  0.000174 -6.13e-05  -0.00464  -0.00149 -1.22e-07 -0.000243 -0.000116  0.000284 -1.68e-05 -0.000654 -0.000868 -0.000246  0.000488 -0.000664  -0.00012  0.000637   0.00433    0.0108   0.00327 -0.000516  0.000717  0.000892 -0.000679  -0.00104 -0.000413  0.000335 -0.000107  -0.00187 -0.000633   0.00354  -0.00198  -0.00107  -0.00131 -0.000409  -0.00221    -0.011  0.000619 -1.36e-05 -3.06e-05 -2.51e-05 -6.41e-06 -8.96e-07 -7.44e-08  -0.00292         1 -0.000154 -0.000177  -0.00934   -0.0023  -0.00146 -0.000517  -0.00458  -0.00114  -0.00285    0.0168  -0.00322  -0.00137   -0.0133   -0.0104   -0.0144  -0.00828  -0.00257   -0.0121 -0.000759   -0.0526   -0.0106   -0.0222  -0.00258  -0.00022  -0.00592  -0.00106 -1.78e-05  -0.00923  -0.00854 -0.000574  -0.00591
  0.00895  5.62e-05  0.000271 -0.000134 -0.000168 -7.31e-05  2.52e-16  2.52e-16  -1.9e-05 -8.11e-05  3.59e-16 -5.92e-05  1.67e-05 -6.12e-06 -9.59e-05 -1.17e-05 -1.79e-05 -2.66e-05 -7.14e-05 -4.17e-05 -8.55e-06 -0.000256  0.000169  6.53e-05  -0.00155  0.000169   3.2e-05  2.82e-05  1.17e-06 -3.16e-05  0.000119  0.000104  5.83e-05  -6.7e-07  -0.00204 -0.000227 -4.88e-07 -5.65e-05 -1.59e-05 -0.000338 -4.67e-06 -6.77e-05 -0.000755  -0.00228 -0.000533  -0.00443  7.61e-06 -0.000425 -0.000321  -0.00167  -0.00114  0.000976  0.000543  0.000868 -0.000437 -0.000562  0.000708 -0.000525 -0.000101  0.000715 -1.03e-05   -0.0014 -0.000488 -0.000287  -0.00032 -8.88e-05     0.002 -0.000148  2.78e-05 -0.000112  6.72e-06 -1.98e-05 -1.34e-06  -1.8e-07 -1.38e-08  -0.00243 -0.000154         1 -1.51e-05  -0.00223 -0.000296 -0.000313 -0.000118  -0.00161 -0.000353 -0.000236  0.000917 -0.000793  -0.00196   0.00121    -0.002   0.00177   0.00243 -0.000159  -0.00373 -0.000101  -0.00231  -0.00211  -0.00329 -0.000718 -5.45e-05  -0.00112 -0.000214 -5.68e-06  -0.00199  -0.00104 -0.000152 -0.000495
 0.000558 -5.13e-06 -9.87e-05 -8.77e-05 -7.05e-05 -9.83e-06 -1.14e-17 -1.14e-17 -8.09e-06 -2.49e-05 -2.57e-17 -3.12e-05 -2.99e-05 -2.69e-06 -5.14e-05 -3.46e-06 -4.14e-06 -1.38e-05 -2.86e-05 -1.62e-05 -1.13e-05 -0.000275 -0.000128 -6.59e-06 -0.000133 -4.26e-05 -3.26e-05 -3.19e-05 -4.97e-05  1.43e-06 -4.31e-05 -1.79e-05 -5.37e-06 -1.85e-05 -2.27e-05 -9.86e-05 -6.06e-08 -2.66e-06    -3e-06  4.76e-05 -3.92e-07 -5.23e-05 -3.08e-07  0.000166 -7.69e-05  0.000283 -7.24e-06 -0.000175  -7.8e-05  0.000157  -9.5e-05 -6.27e-05 -5.13e-06 -1.18e-05 -0.000115 -0.000127   -0.0001 -2.11e-05  6.51e-05 -0.000114  1.41e-05  9.25e-05 -5.13e-05 -2.03e-05 -5.14e-05 -2.88e-05 -0.000185 -0.000432  7.95e-05  1.41e-05 -9.95e-06 -1.92e-06 -6.03e-07 -1.04e-07 -8.81e-09  0.000239 -0.000177 -1.51e-05         1  -0.00039 -0.000219 -0.000169 -5.66e-05 -0.000579  3.83e-05  -0.00013 -0.000347 -7.61e-05 -0.000227  0.000424  -0.00157  0.000314 -0.000575  4.73e-05 -8.29e-05  3.89e-08  -0.00351 -0.000334  -0.00108  -0.00016 -1.88e-05 -0.000194 -4.05e-05 -1.31e-06 -0.000101 -0.000394 -3.47e-06 -0.000145
   0.0582 -0.000811   0.00469  -0.00326  -0.00263 -0.000708 -1.65e-16 -1.65e-16 -0.000342  -0.00214  1.59e-15  -0.00136 -0.000354 -0.000107  -0.00195 -0.000243 -0.000329  -0.00052  -0.00124  -0.00105 -0.000275  -0.00535  -0.00177  0.000337   -0.0156    0.0007  0.000983  -0.00042  -0.00123  0.000768 -0.000578  0.000563   0.00038 -0.000193   -0.0216   -0.0059 -4.07e-06 -0.000893 -0.000314  -0.00107 -6.88e-05  -0.00181  -0.00749    -0.018  -0.00409   -0.0146 -0.000175  -0.00413    0.0126    0.0154   0.00229   0.00454    0.0129     0.014  -0.00185  -0.00526   0.00939  -0.00117  -0.00249   0.00219   0.00393  -0.00621  -0.00681  -0.00341  -0.00504   -0.0014     0.059   -0.0127   0.00998 -0.000537  0.000353 -0.000175 -1.75e-05 -2.56e-06 -1.75e-07   -0.0332  -0.00934  -0.00223  -0.00039         1  -0.00553  -0.00405  -0.00148   -0.0162  -0.00736  -0.00932  -0.00353   -0.0128   -0.0222   -0.0546  -0.00385   -0.0432   -0.0107     0.013   -0.0604  -0.00253    -0.128   -0.0448   -0.0781    -0.011 -0.000702    -0.025  -0.00449 -0.000104   -0.0414   -0.0291  -0.00346   -0.0096
-0.000289 -2.34e-05  -0.00139  -0.00126  -0.00103 -0.000183 -1.43e-16 -1.43e-16 -0.000129 -0.000485 -3.12e-16 -0.000454 -0.000317 -3.39e-05 -0.000747 -4.89e-05 -5.83e-05 -0.000171 -0.000349 -0.000137 -0.000113  -0.00394  -0.00156 -3.31e-05  -0.00138 -0.000597 -0.000356 -0.000385 -0.000658   0.00012 -0.000555 -0.000178 -4.51e-05 -0.000233 -0.000183  -0.00119 -1.17e-06   1.5e-05 -3.65e-05   0.00068 -2.83e-06 -0.000757  9.57e-05    0.0024 -0.000921   0.00493 -8.56e-05  -0.00239  -0.00162    0.0013  -0.00199  -0.00074 -0.000358 -0.000223  -0.00159  -0.00172  -0.00122  -0.00038  0.000704  -0.00179  0.000285    0.0014 -0.000686 -0.000324 -0.000761 -0.000462  -0.00199  -0.00614  0.000688  0.000241 -0.000168 -3.53e-05 -9.65e-06 -1.59e-06 -1.32e-07    0.0034   -0.0023 -0.000296 -0.000219  -0.00553         1  -0.00258 -0.000873  -0.00945  0.000661  -0.00156 -0.000667 -0.000939  -0.00316   0.00741   -0.0215   0.00497    -0.008  0.000424  -0.00146  0.000158   -0.0479  -0.00434   -0.0141   -0.0025 -0.000303  -0.00265 -0.000595 -1.97e-05  -0.00109  -0.00529  7.35e-05  -0.00193
 -0.00245 -1.83e-05  -0.00114 -0.000866 -0.000562 -9.59e-05  3.13e-18  3.13e-18 -0.000116 -0.000424 -1.61e-16 -0.000312 -4.77e-05 -9.86e-06 -0.000521 -2.74e-05 -3.18e-05 -3.45e-05 -6.26e-05 -5.12e-05 -6.65e-05   -0.0032   -0.0011 -2.51e-05 -0.000898 -0.000455 -0.000298 -0.000288 -0.000503  0.000128 -0.000388 -0.000101 -5.16e-05 -0.000191  0.000238 -0.000837 -1.25e-06  5.96e-05 -1.29e-05  0.000508 -2.38e-08 -0.000599  0.000103   0.00174  -0.00091   0.00413 -5.14e-05  -0.00245  -0.00254  -0.00146  -0.00282 -0.000486 -0.000458 -0.000343  -0.00139  -0.00145 -0.000902 -0.000557  0.000442  -0.00135  0.000439  0.000531 -0.000385 -0.000164 -0.000569 -0.000387 -0.000134  -0.00388  0.000478  0.000242  -0.00015  -3.3e-05 -8.09e-06 -1.33e-06 -1.09e-07   0.00277  -0.00146 -0.000313 -0.000169  -0.00405  -0.00258         1 -0.000738  -0.00834  0.000699 -0.000986  0.000505 -0.000408  -0.00309   0.00888   -0.0162    0.0067  -0.00578   0.00118 -0.000551  0.000296   -0.0353   -0.0027  -0.00963  -0.00206 -0.000252  -0.00175 -0.000436 -1.72e-05 -3.77e-05  -0.00363   0.00016  -0.00087
 -0.00157  1.35e-05 -0.000326 -0.000312 -0.000232 -4.34e-05  -5.7e-18  -5.7e-18 -3.77e-05  -0.00016 -3.37e-17 -0.000113 -3.87e-05 -5.63e-06 -0.000188 -1.06e-05 -1.27e-05 -2.54e-05 -4.98e-05  1.25e-06 -1.61e-05  -0.00103   -0.0003  2.34e-05 -6.57e-05 -0.000138 -5.83e-05 -7.52e-05  -0.00015  6.61e-05 -0.000112 -1.66e-05  2.45e-06  -4.9e-05  1.95e-05 -0.000222 -4.06e-07  1.69e-05 -7.76e-06  0.000187  -1.1e-07   -0.0002  6.47e-05  0.000667 -0.000209   0.00175 -1.61e-05 -0.000598 -0.000556  1.23e-05 -0.000763 -7.97e-05 -0.000126   2.2e-05 -0.000417 -0.000467 -0.000195 -0.000134  0.000149 -0.000426  0.000126   0.00027 -0.000174 -0.000105 -0.000203 -0.000137 -0.000102  -0.00143  9.44e-05   5.5e-05 -5.03e-05 -1.25e-05 -2.87e-06 -4.58e-07 -3.72e-08  0.000849 -0.000517 -0.000118 -5.66e-05  -0.00148 -0.000873 -0.000738         1   -0.0029  0.000204 -0.000308  0.000684 -0.000248 -0.000908   0.00254  -0.00581   0.00175  -0.00177 -3.16e-05 -0.000524  7.41e-05   -0.0116  -0.00102   -0.0033 -0.000733 -9.25e-05 -0.000657 -0.000161 -5.45e-06 -0.000163  -0.00127   4.8e-05 -0.000382
  -0.0141  0.000291  -0.00274  -0.00318   -0.0024 -0.000512  1.23e-16  1.23e-16 -0.000484  -0.00221  3.12e-17  -0.00112 -0.000155 -4.33e-05  -0.00194 -9.23e-05  -0.00011 -0.000177 -0.000329  0.000207 -2.68e-05    -0.011   -0.0024  0.000541  0.000366  -0.00126 -0.000223 -0.000547  -0.00137  0.000936 -0.000884  9.84e-05  0.000155  -0.00047 -0.000606  -0.00208 -5.53e-06  0.000276 -9.74e-05   0.00154  4.33e-06  -0.00211  0.000701   0.00645  -0.00196    0.0194 -9.73e-05  -0.00544  -0.00543 -0.000566  -0.00903  1.87e-05  -0.00127   0.00149  -0.00344  -0.00428  0.000123   -0.0013   0.00106  -0.00362   0.00147   0.00191  -0.00175  -0.00116  -0.00215  -0.00162  0.000601   -0.0138 -0.000488  0.000379  -0.00059 -0.000166 -3.39e-05 -5.28e-06 -4.17e-07   0.00855  -0.00458  -0.00161 -0.000579   -0.0162  -0.00945  -0.00834   -0.0029         1   0.00229  -0.00222   0.00195  -0.00288  -0.00987    0.0309   -0.0604    0.0209   -0.0161  -0.00202  -0.00652    0.0011    -0.115  -0.00981   -0.0301  -0.00872  -0.00109  -0.00683  -0.00184    -6e-05 -0.000954   -0.0121  0.000742  -0.00338
   0.0215 -0.000229    0.0022 -0.000116 -0.000227 -9.43e-05 -1.29e-17 -1.29e-17 -5.33e-06 -0.000264  5.86e-16 -7.81e-05 -0.000103 -2.16e-05 -6.99e-05 -3.67e-05 -5.47e-05 -0.000117 -0.000294 -0.000238 -1.14e-05   0.00112  0.000409  0.000131  -0.00357  0.000543  0.000474  0.000134  0.000112  2.05e-05    0.0002   0.00022   0.00012  9.49e-05   -0.0062 -0.000993 -1.03e-07 -0.000277 -7.55e-05 -0.000878 -1.71e-05  2.49e-05  -0.00219  -0.00646 -0.000535  -0.00819  4.58e-06  0.000884   0.00526   0.00479   0.00269   0.00133   0.00374   0.00396  0.000759 -0.000206   0.00335  0.000224  -0.00111   0.00178  0.000511  -0.00251  -0.00141 -0.000768  -0.00081  -5.6e-05    0.0143  0.000185   0.00197 -0.000471  0.000209 -2.12e-05   1.8e-06  3.82e-07  4.04e-08   -0.0108  -0.00114 -0.000353  3.83e-05  -0.00736  0.000661  0.000699  0.000204   0.00229         1  -0.00151  -0.00725  -0.00312  -0.00344   -0.0222     0.011    -0.017   0.00196    0.0016   -0.0156  -0.00096  -0.00313   -0.0093   -0.0119  -0.00125  1.44e-05  -0.00505 -0.000823 -1.31e-05   -0.0106  -0.00448  -0.00105  -0.00178
   0.0113 -0.000576  0.000539 -0.000919 -0.000386  1.66e-05  1.04e-16  1.04e-16 -0.000104 -0.000263  7.51e-17 -0.000411 -0.000239 -2.56e-05 -0.000528 -7.05e-05 -9.21e-05 -0.000118 -0.000289 -0.000366 -0.000195  -0.00195  -0.00115 -0.000222  -0.00349 -0.000327 -0.000389 -0.000432 -0.000657 -1.22e-05 -0.000545 -0.000201 -8.37e-05 -0.000206  -0.00373  -0.00204  -4.6e-07 -0.000265 -4.33e-05  -0.00013 -2.04e-05  -0.00054  -0.00152  -0.00228  -0.00139  -0.00172 -8.86e-05  -0.00399 -0.000888  -0.00185  -0.00152  -0.00185   0.00169  0.000197  -0.00151  -0.00214 -0.000529 -0.000813 -0.000827 -0.000558  0.000727  -0.00154  -0.00137 -0.000347  -0.00104 -0.000266    0.0113  -0.00336    0.0036 -0.000165  8.67e-05 -1.63e-05 -1.79e-06  -3.6e-07 -4.03e-08  -0.00649  -0.00285 -0.000236  -0.00013  -0.00932  -0.00156 -0.000986 -0.000308  -0.00222  -0.00151         1   0.00737   -0.0027  -0.00721   -0.0122 -0.000459  -0.00725  -0.00701   0.00573   -0.0137 -0.000961   -0.0468   -0.0109   -0.0221  -0.00226 -6.63e-05  -0.00589  -0.00101 -2.84e-05  -0.00927  -0.00796 -0.000908  -0.00228
    0.463   -0.0128    0.0051    0.0269    0.0404    0.0144  -7.4e-15  -7.4e-15  -0.00198  -0.00215 -4.79e-15    0.0158   0.00666   0.00178    0.0174   0.00318     0.004    0.0104    0.0219   -0.0192  -0.00327   -0.0437   -0.0689  -0.00835    -0.215   0.00647   -0.0142  -0.00893  -0.00299   -0.0239 -0.000283  -0.00853   -0.0145   -0.0107   -0.0632   -0.0719 -1.44e-05 -0.000385  -0.00114   -0.0313  9.09e-05  5.17e-05   -0.0552    -0.141     -0.11    -0.314  9.59e-05   -0.0365     0.101     0.107    0.0573    0.0036      0.13     0.122    0.0463    0.0129    0.0963    0.0386    0.0303    0.0696    0.0232    -0.143     0.026     0.017   0.00976   0.00245     0.127     0.181    0.0552  -0.00892   0.00247  4.28e-05 -2.46e-06 -1.23e-05  -4.7e-07    0.0374    0.0168  0.000917 -0.000347  -0.00353 -0.000667  0.000505  0.000684   0.00195  -0.00725   0.00737         1   0.00432   -0.0669    -0.171    -0.261   -0.0177   -0.0653     0.124     0.165   0.00376     0.136    0.0125    0.0259   0.00082  0.000351 -0.000889 -0.000591  -0.00015    0.0366    0.0131   -0.0149    0.0788
 -0.00133  6.99e-06   0.00427  -0.00144  -0.00179 -9.85e-05  8.14e-16  8.14e-16 -0.000126 -0.000673  1.63e-15 -0.000548  -0.00194 -0.000145 -0.000845 -0.000105 -0.000151  -0.00084  -0.00183  0.000183 -7.86e-05  0.000589   0.00197   0.00122   0.00691  0.000358   0.00082  0.000382   0.00019  0.000361  0.000413   0.00032  0.000797  0.000281  -0.00879 -0.000445  6.21e-07 -0.000712  -0.00024 -0.000947 -4.06e-05 -0.000203 -0.000713   0.00112   0.00212   0.00594 -1.06e-05    0.0048    0.0114    0.0156   0.00586 -0.000402   0.00219   0.00483   0.00121  -0.00133   0.00415   0.00128 -0.000713   0.00396  -0.00215  -0.00166  -0.00323  -0.00197 -0.000815 -0.000322  -0.00454  -0.00486  0.000172  -0.00268  0.000164  -6.6e-05 -2.95e-06 -1.46e-07 -3.94e-08   -0.0098  -0.00322 -0.000793 -7.61e-05   -0.0128 -0.000939 -0.000408 -0.000248  -0.00288  -0.00312   -0.0027   0.00432         1  -0.00413   -0.0271     -0.02   -0.0185   0.00766   -0.0174   -0.0282  -0.00334   -0.0312   -0.0145   -0.0216  -0.00336 -0.000178  -0.00775  -0.00143 -2.03e-06   -0.0146   -0.0083  -0.00157  -0.00609
   0.0389  -0.00368   0.00156   0.00191   0.00824    0.0028  3.64e-15  3.64e-15 -0.000415 -0.000336  2.65e-15  0.000542   0.00317  0.000367   0.00113  0.000158  0.000178   0.00231   0.00471 -0.000278 -0.000511  -0.00699  -0.00252  -0.00109  -0.00929 -0.000975  -0.00348  -0.00153   -0.0016  -0.00152 -0.000438 -0.000776  -0.00166 -0.000958  -0.00611  -0.00679 -4.12e-06 -0.000131  0.000286  -0.00274 -2.59e-05  -0.00113  -0.00796   -0.0177   -0.0154   -0.0129  3.01e-05   -0.0319   -0.0355   -0.0757    -0.036   -0.0116   0.00563  -0.00356   -0.0103    -0.014  -0.00285  -0.00757  -0.00616   0.00116   0.00654    -0.031  8.78e-07  0.000613  -0.00154 -0.000513     0.071    0.0264    0.0169  -0.00205  0.000333 -9.18e-05  4.51e-07 -6.33e-07 -1.09e-07   -0.0255  -0.00137  -0.00196 -0.000227   -0.0222  -0.00316  -0.00309 -0.000908  -0.00987  -0.00344  -0.00721   -0.0669  -0.00413         1    -0.022  -0.00584    0.0168   -0.0138     0.033   -0.0457  -0.00278   -0.0615   -0.0226   -0.0455  -0.00582 -0.000138   -0.0122  -0.00215 -0.000126    -0.016    -0.016  -0.00291    0.0112
   0.0707   -0.0076    0.0142  -0.00105 -0.000545   0.00077 -5.16e-15 -5.16e-15   0.00018  -0.00513  -3.9e-16 -0.000849  -0.00363 -0.000265 -0.000606 -0.000313 -0.000424  -0.00148  -0.00318  0.000807  0.000692   0.00761   0.00197   0.00141  0.000718   -0.0022    0.0029   0.00122   0.00156  -0.00175  2.12e-05 -0.000576   -0.0017   0.00171   -0.0372  -0.00977  9.07e-06 -0.000581  -0.00025   -0.0062 -1.56e-06  0.000276   -0.0162   -0.0337  -0.00645    0.0103  9.33e-05  0.000536    0.0237    0.0204    0.0149   -0.0369    0.0197   0.00919   0.00687  -0.00828    0.0103    0.0134   -0.0259   -0.0164   0.00156   -0.0165  -0.00493  -0.00887  -0.00412 -0.000314    0.0951   0.00412    0.0161   -0.0094   0.00154 -2.64e-06  1.83e-05  4.88e-06   4.4e-07   -0.0782   -0.0133   0.00121  0.000424   -0.0546   0.00741   0.00888   0.00254    0.0309   -0.0222   -0.0122    -0.171   -0.0271    -0.022         1    0.0712    -0.321   -0.0861   -0.0296    -0.188   -0.0142   0.00777   -0.0753   -0.0872  -0.00612 -0.000265   -0.0447  -0.00728 -0.000127    -0.091   -0.0489  -0.00986   -0.0151
  -0.0753   0.00121   -0.0105  -0.00748  -0.00729   0.00125  4.19e-15  4.19e-15 -0.000492 -0.000179  2.06e-15  -0.00187   -0.0114 -0.000611  -0.00442 -2.69e-05 -4.72e-05  -0.00346  -0.00706   0.00125  -0.00128   -0.0262  -0.00655   0.00412    0.0365  -0.00515  -0.00517  -0.00147  -0.00167  -0.00381 -0.000469  -0.00266  0.000476 -0.000851    0.0037  -0.00243   4.6e-06 -0.000775 -0.000575   0.00174 -1.69e-05  -0.00319   0.00753    0.0505  -0.00634    0.0545  -0.00045   0.00192  -0.00469    0.0226   -0.0101   -0.0179   -0.0174  -0.00723    -0.012   -0.0195   -0.0162   0.00461    0.0145  0.000317   -0.0187  -0.00404  -0.00269  -0.00584   0.00238  -0.00172    -0.209   -0.0268   -0.0149   -0.0114  -0.00167 -0.000228 -6.25e-05 -1.05e-05  -1.1e-06     0.076   -0.0104    -0.002  -0.00157  -0.00385   -0.0215   -0.0162  -0.00581   -0.0604     0.011 -0.000459    -0.261     -0.02  -0.00584    0.0712         1    0.0859  -0.00195    -0.127    0.0107  -0.00895    -0.191    0.0105   -0.0357  -0.00823  -0.00232    0.0068  0.000384     7e-05    0.0359   -0.0138  0.000471   -0.0152
   0.0852  -0.00284   0.00751  -0.00571   -0.0128  -0.00398 -9.05e-15 -9.05e-15  0.000413  -0.00541  -3.7e-15  -0.00259  -0.00543 -0.000686   -0.0035 -0.000675 -0.000848  -0.00403  -0.00846 -1.77e-05   0.00109   0.00756   0.00136   0.00118   -0.0151   -0.0012   0.00591   0.00197   0.00166  0.000146 -0.000555  0.000535 -7.93e-05   0.00204   -0.0376  -0.00547  6.97e-06 -0.000177 -0.000501  -0.00324  1.88e-05 -9.14e-05   -0.0118   -0.0292   0.00593    -0.013 -7.35e-05    0.0244     0.047    0.0814      0.04    -0.016     0.013    0.0115    0.0116   0.00406    0.0108    0.0148   -0.0185   -0.0212    -0.003    0.0184  -0.00709  -0.00955  -0.00591 -0.000848    0.0363   -0.0402  -0.00202  -0.00301  0.000793 -5.35e-06 -1.71e-06  2.41e-06  3.42e-07   -0.0556   -0.0144   0.00177  0.000314   -0.0432   0.00497    0.0067   0.00175    0.0209    -0.017  -0.00725   -0.0177   -0.0185    0.0168    -0.321    0.0859         1   -0.0764   -0.0375    -0.135  -0.00701   -0.0109   -0.0605   -0.0662  -0.00554 -0.000611   -0.0371  -0.00615 -6.41e-05   -0.0785   -0.0398  -0.00562   -0.0316
  -0.0328  -0.00474    -0.011  -0.00281 -0.000445  0.000142 -4.69e-15 -4.69e-15 -0.000344  -0.00279 -6.64e-15  -0.00124    0.0007   4.4e-05  -0.00164 -0.000132 -0.000109  0.000365  0.000956 -0.000576 -9.56e-05   -0.0159   -0.0114  -0.00298   -0.0161  -0.00635  -0.00362  -0.00261  -0.00323   -0.0016   -0.0044  -0.00273  -0.00329  -0.00126   0.00909  -0.00966 -1.08e-06    0.0016  0.000396   0.00193  9.22e-05  -0.00268  -0.00289    0.0029   -0.0108    0.0233 -0.000323   -0.0276   -0.0356   -0.0389   -0.0214   -0.0317  -0.00601   -0.0213  -0.00699  -0.00806   -0.0188    0.0013  -0.00961   -0.0292   0.00448   0.00492   0.00457   0.00115  -0.00172  -0.00117    0.0195   -0.0141   0.00836   0.00234 -0.000559  8.59e-05 -1.95e-05 -3.33e-06  -2.5e-07    0.0124  -0.00828   0.00243 -0.000575   -0.0107    -0.008  -0.00578  -0.00177   -0.0161   0.00196  -0.00701   -0.0653   0.00766   -0.0138   -0.0861  -0.00195   -0.0764         1    0.0286   -0.0183   0.00125    -0.155   -0.0111   -0.0399   -0.0038 -0.000664  -0.00952  -0.00189 -0.000131  -0.00337   -0.0228  0.000143 -0.000835
   0.0838    0.0027  -0.00201  -0.00884   -0.0215  -0.00515  1.77e-15  1.77e-15  0.000193  -0.00086  1.81e-15  -0.00344   -0.0143  -0.00129  -0.00564 -0.000744 -0.000956  -0.00762    -0.016   0.00161  0.000389   0.00366    0.0089   0.00388    0.0158  -0.00262  0.000768    0.0024    0.0026   -0.0033     0.002  -0.00018   0.00253   0.00162   -0.0297   0.00392  9.09e-06 -0.000938 -0.000635  -0.00834 -1.33e-05   0.00115  0.000113    0.0112    0.0141   -0.0541  0.000142    0.0298   0.00499    0.0217   0.00845   -0.0171   -0.0334   -0.0255  0.000654 -0.000366   -0.0154   0.00386  -0.00501   -0.0059   -0.0328    0.0174   -0.0058  -0.00797   0.00147 -0.000156    -0.255   -0.0533   -0.0444   -0.0104  -0.00106 -6.05e-05 -9.35e-06  1.22e-06 -7.82e-08     0.023  -0.00257 -0.000159  4.73e-05     0.013  0.000424   0.00118 -3.16e-05  -0.00202    0.0016   0.00573     0.124   -0.0174     0.033   -0.0296    -0.127   -0.0375    0.0286         1   -0.0429  -0.00919    0.0491    0.0136    0.0349   0.00171 -0.000449   0.00789   0.00102  0.000162   0.00335   0.00725   0.00135   -0.0419
 -0.00613  -0.00391   0.00821  -0.00651  -0.00861  -0.00206  3.21e-15  3.21e-15 -0.000228  -0.00358  5.27e-15  -0.00343  -0.00497 -0.000582  -0.00427 -0.000758  -0.00101  -0.00319  -0.00702  0.000913  0.000138 -9.79e-05   0.00726   0.00159   -0.0123  -0.00175  0.000116  0.000802   0.00012  -0.00191  0.000839  0.000512  0.000368   0.00115   -0.0518  -0.00712  1.32e-07   -0.0013 -0.000218  -0.00967 -8.53e-05  -0.00116   -0.0184   -0.0423  -0.00651   -0.0642  0.000107    -0.016   -0.0254   -0.0635    -0.031   -0.0228  -0.00365    -0.011   -0.0119   -0.0193  -0.00498  -0.00701   -0.0225  -0.00912  -0.00856   -0.0239   -0.0115  -0.00998  -0.00717  -0.00166    0.0139   -0.0204 -0.000199  -0.00865  0.000477 -0.000256 -5.01e-06  1.73e-06  3.32e-08   -0.0765   -0.0121  -0.00373 -8.29e-05   -0.0604  -0.00146 -0.000551 -0.000524  -0.00652   -0.0156   -0.0137     0.165   -0.0282   -0.0457    -0.188    0.0107    -0.135   -0.0183   -0.0429         1   -0.0123   -0.0843   -0.0718    -0.103   -0.0137  -0.00076   -0.0397  -0.00693 -0.000152   -0.0793   -0.0452  -0.00659   -0.0284
   -0.008 -0.000368   0.00142 -0.000278 -9.02e-05  0.000244  6.44e-16  6.44e-16 -3.48e-05 -7.17e-05  6.55e-16 -0.000135 -0.000879 -4.66e-05 -0.000161 -2.68e-05 -4.05e-05 -0.000268 -0.000582  0.000263 -4.48e-05  0.000523   0.00103   0.00043   0.00532 -0.000253 -0.000121  9.28e-05  0.000104 -0.000148  0.000147  -8.5e-05  0.000149  0.000115  -0.00195 -5.57e-05  9.94e-07 -0.000233 -4.12e-05 -0.000598 -1.16e-05   5.7e-05 -3.03e-05   0.00198  0.000445    0.0045  1.23e-05 -0.000179 -0.000325  -0.00235 -0.000939  -0.00352  -0.00111  -0.00138 -0.000321  -0.00147 -0.000698   0.00022  -0.00117  0.000623  -0.00149  -0.00214  -0.00065 -0.000569  0.000172  1.12e-05  -0.00711  0.000579 -3.14e-05  -0.00159  5.89e-05 -6.83e-06  1.92e-06   4.3e-07   5.8e-09  -0.00263 -0.000759 -0.000101  3.89e-08  -0.00253  0.000158  0.000296  7.41e-05    0.0011  -0.00096 -0.000961   0.00376  -0.00334  -0.00278   -0.0142  -0.00895  -0.00701   0.00125  -0.00919   -0.0123         1  -0.00487  -0.00342  -0.00472 -0.000429   1.6e-05  -0.00169 -0.000293  2.43e-06  -0.00365  -0.00215 -0.000613   -0.0015
 -0.00324  -0.00332  -0.00913   -0.0249   -0.0224  -0.00404 -4.08e-15 -4.08e-15  -0.00258  -0.00811 -6.67e-15  -0.00956   -0.0091 -0.000944   -0.0144  -0.00136  -0.00168  -0.00512   -0.0109  -0.00579  -0.00293   -0.0571   -0.0285  -0.00233   -0.0377   -0.0099  -0.00523  -0.00797   -0.0135   0.00341   -0.0127  -0.00394  0.000287  -0.00461   -0.0272   -0.0299  -1.5e-05  -0.00266  -0.00119   0.00845 -0.000232   -0.0129  -0.00226     0.035  -0.00537    0.0674   -0.0019   -0.0387    0.0104     0.075    0.0035    -0.023   0.00466  -0.00311    -0.017   -0.0207   -0.0166  -0.00376   0.00547   -0.0241   0.00409    0.0357   -0.0194  -0.00325   -0.0156  -0.00717    0.0164    -0.127    0.0288   0.00337  -0.00128 -0.000379 -0.000117 -1.99e-05 -1.72e-06   0.00715   -0.0526  -0.00231  -0.00351    -0.128   -0.0479   -0.0353   -0.0116    -0.115  -0.00313   -0.0468     0.136   -0.0312   -0.0615   0.00777    -0.191   -0.0109    -0.155    0.0491   -0.0843  -0.00487         1     -0.13    -0.326   -0.0445  -0.00325   -0.0741   -0.0145 -0.000374   -0.0823    -0.118  -0.00493    -0.053
   0.0722    -0.001   0.00568  -0.00361  -0.00355  -0.00101 -4.24e-16 -4.24e-16 -0.000257  -0.00197  1.61e-15  -0.00158 -0.000822 -0.000169  -0.00217 -0.000317 -0.000427 -0.000878  -0.00203  -0.00131 -0.000333  -0.00368  -0.00158    0.0002   -0.0192  0.000901   0.00118 -0.000393   -0.0012  0.000617 -0.000628  0.000565  0.000442 -7.76e-05   -0.0261   -0.0065    -3e-06  -0.00114 -0.000355  -0.00161 -8.34e-05  -0.00167  -0.00908   -0.0227  -0.00378    -0.024 -0.000212  -0.00322    0.0157     0.019   0.00529   0.00449    0.0143    0.0145   -0.0018  -0.00531   0.00953  -0.00115  -0.00354   0.00209   0.00346  -0.00591  -0.00794    -0.004  -0.00562  -0.00127    0.0633   -0.0155     0.011 -0.000666  0.000531 -0.000158 -1.24e-05 -1.64e-06 -1.02e-07   -0.0412   -0.0106  -0.00211 -0.000334   -0.0448  -0.00434   -0.0027  -0.00102  -0.00981   -0.0093   -0.0109    0.0125   -0.0145   -0.0226   -0.0753    0.0105   -0.0605   -0.0111    0.0136   -0.0718  -0.00342     -0.13         1   -0.0872   -0.0108 -0.000563   -0.0283   -0.0049 -0.000108   -0.0499   -0.0325  -0.00424   -0.0126
    0.102  -0.00207   0.00341  -0.00776  -0.00562   -0.0012 -7.49e-16 -7.49e-16  -0.00056  -0.00277  1.12e-15  -0.00325  -0.00129 -0.000243  -0.00458 -0.000551 -0.000725  -0.00117  -0.00273  -0.00263  -0.00112   -0.0155  -0.00799 -0.000643   -0.0332 -0.000441 -0.000388  -0.00226  -0.00404  0.000852  -0.00293 -0.000182  7.68e-05 -0.000953   -0.0339    -0.013 -5.71e-06  -0.00177 -0.000494  0.000629 -0.000141  -0.00439   -0.0129   -0.0262  -0.00997   -0.0207 -0.000658   -0.0169    0.0128    0.0215 -0.000245   0.00361     0.021    0.0183  -0.00984   -0.0145   0.00643  -0.00428  -0.00205  -0.00208   0.00769  -0.00693   -0.0129  -0.00578  -0.00999  -0.00263     0.101    -0.034    0.0241  0.000501  0.000519 -0.000253 -3.38e-05 -5.51e-06 -4.35e-07   -0.0519   -0.0222  -0.00329  -0.00108   -0.0781   -0.0141  -0.00963   -0.0033   -0.0301   -0.0119   -0.0221    0.0259   -0.0216   -0.0455   -0.0872   -0.0357   -0.0662   -0.0399    0.0349    -0.103  -0.00472    -0.326   -0.0872         1   -0.0201  -0.00131   -0.0476  -0.00826 -0.000214    -0.075   -0.0627  -0.00647   -0.0202
  0.00973 -9.53e-05  0.000871  -0.00122  -0.00109 -0.000272  2.93e-17  2.93e-17 -0.000167  -0.00085  3.94e-16  -0.00047 -0.000203 -3.86e-05 -0.000733 -6.97e-05 -9.21e-05 -0.000195 -0.000439 -0.000202 -5.17e-05  -0.00261 -0.000579  0.000201  -0.00301 -1.23e-05  0.000241 -0.000136 -0.000443  0.000339 -0.000232  0.000161  0.000165 -0.000113  -0.00507  -0.00158 -1.78e-06 -0.000177 -9.61e-05 -0.000168 -1.55e-05 -0.000675   -0.0014  -0.00262 -0.000798 -0.000552 -4.25e-05  -0.00121   0.00253   0.00405 -0.000353  0.000924   0.00235   0.00316 -0.000499  -0.00137   0.00233 -0.000349 -0.000444  0.000283  0.000784 -0.000818  -0.00175 -0.000835  -0.00134 -0.000545    0.0108  -0.00505   0.00158  -0.00016 -1.42e-05 -6.33e-05 -8.65e-06 -1.29e-06  -9.7e-08  -0.00577  -0.00258 -0.000718  -0.00016    -0.011   -0.0025  -0.00206 -0.000733  -0.00872  -0.00125  -0.00226   0.00082  -0.00336  -0.00582  -0.00612  -0.00823  -0.00554   -0.0038   0.00171   -0.0137 -0.000429   -0.0445   -0.0108   -0.0201         1 -0.000295  -0.00628  -0.00125 -2.93e-05  -0.00896  -0.00763 -0.000604  -0.00285
-0.000272  2.29e-05  -9.4e-05 -0.000133 -0.000147 -3.98e-05 -4.09e-17 -4.09e-17 -7.15e-06 -8.12e-05 -6.84e-18 -4.94e-05 -2.91e-05 -4.85e-06 -8.24e-05 -6.08e-06 -7.52e-06 -2.57e-05 -5.19e-05  1.88e-05  4.98e-06 -0.000315  -4.9e-05  3.55e-05  3.16e-05  -3.2e-05  3.38e-05  4.73e-07 -2.57e-05  3.76e-05 -1.74e-05  1.48e-05  1.21e-05  4.58e-06 -0.000134 -2.39e-05 -1.22e-07  1.05e-05  -5.2e-06  8.23e-05   3.8e-07 -6.85e-05    -1e-05  0.000105 -2.19e-05  0.000711 -4.56e-06  4.77e-05  0.000122   0.00057 -6.38e-05  8.75e-05  4.19e-05    0.0002 -0.000111  -0.00016  5.55e-05  2.38e-05  1.88e-05 -0.000218   4.4e-05    0.0002  -0.00011 -0.000121 -0.000108 -5.63e-05  0.000149 -0.000693  -3.9e-05  1.11e-05 -1.74e-05 -6.03e-06 -1.23e-06 -1.77e-07 -1.31e-08  8.86e-05  -0.00022 -5.45e-05 -1.88e-05 -0.000702 -0.000303 -0.000252 -9.25e-05  -0.00109  1.44e-05 -6.63e-05  0.000351 -0.000178 -0.000138 -0.000265  -0.00232 -0.000611 -0.000664 -0.000449  -0.00076   1.6e-05  -0.00325 -0.000563  -0.00131 -0.000295         1 -0.000358 -7.83e-05 -1.88e-06  -0.00034 -0.000577  5.86e-06 -0.000262
   0.0431 -0.000653   0.00295  -0.00207  -0.00209 -0.000616 -4.89e-16 -4.89e-16 -0.000174  -0.00135  6.65e-16 -0.000886 -0.000411 -9.27e-05  -0.00124 -0.000174 -0.000232 -0.000483  -0.00111 -0.000739  -0.00014  -0.00254  -0.00117  7.66e-05   -0.0114  0.000354  0.000695 -0.000229 -0.000697  0.000339  -0.00043  0.000289  0.000162 -7.47e-05   -0.0145  -0.00392 -1.98e-06 -0.000546 -0.000196 -0.000965 -4.06e-05    -0.001  -0.00513   -0.0127  -0.00228   -0.0127  -0.00011  -0.00191   0.00862    0.0109   0.00291   0.00176   0.00793   0.00795   -0.0006  -0.00267   0.00549 -0.000282  -0.00235   0.00037   0.00205  -0.00289  -0.00417  -0.00217  -0.00315  -0.00078    0.0354  -0.00903    0.0058 -0.000294  0.000261 -9.06e-05 -8.44e-06 -1.14e-06  -6.8e-08   -0.0221  -0.00592  -0.00112 -0.000194    -0.025  -0.00265  -0.00175 -0.000657  -0.00683  -0.00505  -0.00589 -0.000889  -0.00775   -0.0122   -0.0447    0.0068   -0.0371  -0.00952   0.00789   -0.0397  -0.00169   -0.0741   -0.0283   -0.0476  -0.00628 -0.000358         1   -0.0028 -6.32e-05   -0.0274   -0.0182  -0.00226  -0.00699
  0.00695 -0.000111  0.000536  -0.00041 -0.000416 -0.000114 -7.85e-17 -7.85e-17 -4.53e-05 -0.000301   1.2e-16 -0.000169 -9.68e-05 -1.79e-05 -0.000246 -3.09e-05  -4.1e-05 -9.41e-05 -0.000213 -0.000114 -1.78e-05 -0.000593 -0.000199  4.21e-05  -0.00172  3.29e-05  0.000134 -3.64e-05 -0.000132   8.5e-05 -8.23e-05  5.53e-05  4.03e-05 -1.98e-05   -0.0025 -0.000707 -4.53e-07 -8.96e-05 -3.81e-05 -0.000177 -6.76e-06 -0.000201 -0.000815  -0.00189 -0.000334  -0.00155 -1.67e-05   -0.0003   0.00154   0.00208  0.000458  0.000186   0.00127   0.00136 -2.67e-05  -0.00043   0.00103 -2.57e-06 -0.000433  4.91e-05  0.000318 -0.000421 -0.000723 -0.000373 -0.000546 -0.000164   0.00565  -0.00176  0.000862 -8.85e-05  3.29e-05 -1.87e-05 -2.05e-06 -2.82e-07 -1.86e-08  -0.00355  -0.00106 -0.000214 -4.05e-05  -0.00449 -0.000595 -0.000436 -0.000161  -0.00184 -0.000823  -0.00101 -0.000591  -0.00143  -0.00215  -0.00728  0.000384  -0.00615  -0.00189   0.00102  -0.00693 -0.000293   -0.0145   -0.0049  -0.00826  -0.00125 -7.83e-05   -0.0028         1 -1.14e-05  -0.00464  -0.00321 -0.000367  -0.00127
 0.000164 -1.05e-05 -7.14e-06 -2.27e-06  1.02e-05  1.92e-06  2.83e-19  2.83e-19 -1.32e-06 -5.94e-06 -4.41e-19 -1.66e-06  1.16e-05  7.72e-07 -1.58e-06 -1.67e-07 -2.11e-07  5.09e-06  1.04e-05 -4.31e-06 -1.04e-06 -3.56e-05 -2.09e-05 -7.05e-06 -0.000103 -4.15e-06 -7.71e-06 -5.96e-06  -7.8e-06 -3.32e-06 -5.48e-06 -1.98e-06 -6.38e-06 -3.65e-06    -4e-05 -3.09e-05 -2.24e-08   1.1e-06  7.35e-07 -5.83e-06  -1.4e-08 -7.12e-06 -3.58e-05 -9.33e-05 -5.09e-05 -0.000105 -4.06e-07 -9.56e-05 -9.26e-05 -0.000176 -9.24e-05 -2.12e-05  2.95e-05 -3.56e-07 -3.03e-05 -3.59e-05 -4.52e-06 -2.14e-05 -2.25e-05 -2.36e-05  2.88e-05 -6.12e-05 -4.26e-06  -1.1e-06 -1.47e-05  -4.2e-06  0.000287   1.6e-05  5.11e-05  6.29e-06  4.43e-07 -3.76e-07 -4.82e-08 -9.02e-09 -6.04e-10 -9.45e-05 -1.78e-05 -5.68e-06 -1.31e-06 -0.000104 -1.97e-05 -1.72e-05 -5.45e-06    -6e-05 -1.31e-05 -2.84e-05  -0.00015 -2.03e-06 -0.000126 -0.000127     7e-05 -6.41e-05 -0.000131  0.000162 -0.000152  2.43e-06 -0.000374 -0.000108 -0.000214 -2.93e-05 -1.88e-06 -6.32e-05 -1.14e-05         1 -8.71e-05 -8.27e-05 -7.66e-06  1.06e-05
   0.0922 -0.000619   0.00616  -0.00392  -0.00648  -0.00218 -7.39e-16 -7.39e-16  -9.7e-05  -0.00189  1.71e-15  -0.00179  -0.00187 -0.000321  -0.00243 -0.000426 -0.000567   -0.0018  -0.00399   -0.0015 -0.000131  0.000291  0.000127  0.000177   -0.0272    0.0014   0.00182  0.000195 -0.000406 -4.17e-05 -3.08e-05   0.00084  0.000643  0.000262   -0.0345  -0.00619 -1.95e-06   -0.0012   -0.0004  -0.00404 -8.14e-05 -0.000942   -0.0117   -0.0326  -0.00234   -0.0544 -0.000126   0.00192    0.0177    0.0197   0.00826   0.00539    0.0122    0.0125  -0.00026    -0.003   0.00974  -0.00111  -0.00581   0.00177 -0.000216  -0.00445  -0.00856  -0.00485  -0.00577 -0.000983    0.0433   -0.0202   0.00476 -0.000965  0.000588  -0.00014 -5.37e-06 -5.26e-08  3.69e-08   -0.0479  -0.00923  -0.00199 -0.000101   -0.0414  -0.00109 -3.77e-05 -0.000163 -0.000954   -0.0106  -0.00927    0.0366   -0.0146    -0.016    -0.091    0.0359   -0.0785  -0.00337   0.00335   -0.0793  -0.00365   -0.0823   -0.0499    -0.075  -0.00896  -0.00034   -0.0274  -0.00464 -8.71e-05         1   -0.0287  -0.00421   -0.0181
   0.0315  -0.00111  0.000835  -0.00325  -0.00276  -0.00061 -6.66e-16 -6.66e-16 -0.000212   -0.0015   6.5e-17  -0.00138 -0.000856 -0.000128  -0.00194 -0.000238 -0.000307 -0.000656  -0.00145 -0.000684  -0.00029  -0.00602  -0.00269 -0.000133   -0.0106 -0.000744 -7.75e-05 -0.000723   -0.0014  0.000206  -0.00116 -0.000155 -0.000102 -0.000232   -0.0128  -0.00487 -1.76e-06 -0.000478 -0.000162  1.22e-05  -3.9e-05  -0.00167  -0.00491  -0.00906  -0.00349  -0.00436 -0.000221  -0.00644   0.00227   0.00514  -0.00161  -0.00247   0.00587   0.00419  -0.00367  -0.00584  0.000884  -0.00093  -0.00268  -0.00383   0.00206  -0.00164  -0.00449   -0.0026  -0.00371  -0.00108    0.0318   -0.0146   0.00739 -0.000271   0.00012 -9.42e-05 -1.42e-05 -2.08e-06 -1.64e-07   -0.0189  -0.00854  -0.00104 -0.000394   -0.0291  -0.00529  -0.00363  -0.00127   -0.0121  -0.00448  -0.00796    0.0131   -0.0083    -0.016   -0.0489   -0.0138   -0.0398   -0.0228   0.00725   -0.0452  -0.00215    -0.118   -0.0325   -0.0627  -0.00763 -0.000577   -0.0182  -0.00321 -8.27e-05   -0.0287         1  -0.00233  -0.00881
   0.0124 -0.000255     0.001  0.000105  0.000432  0.000188  1.24e-16  1.24e-16 -2.09e-05 -6.58e-05  3.08e-16  4.63e-05  3.83e-06  1.03e-05  7.62e-05  5.81e-06   3.1e-06  6.77e-05  0.000122 -0.000126 -5.28e-05  5.48e-05 -0.000136  4.19e-05  -0.00099  0.000163  1.57e-06 -4.23e-05 -3.45e-05 -7.92e-05  4.04e-05  8.98e-07 -2.89e-05 -2.46e-05  -0.00214  -0.00072  5.19e-09 -0.000142 -2.84e-05  -0.00034 -8.61e-06  -3.3e-05 -0.000925  -0.00219 -0.000853  -0.00165 -5.64e-06 -0.000625   0.00174  0.000899  0.000533 -7.52e-05   0.00203   0.00186  0.000122 -0.000577   0.00139  0.000131 -0.000295    0.0011  0.000474  -0.00225 -0.000465 -0.000208 -0.000238 -1.38e-05   0.00758   0.00165   0.00177 -0.000393  0.000105 -8.28e-06  8.87e-07  9.34e-08  7.13e-09  -0.00416 -0.000574 -0.000152 -3.47e-06  -0.00346  7.35e-05   0.00016   4.8e-05  0.000742  -0.00105 -0.000908   -0.0149  -0.00157  -0.00291  -0.00986  0.000471  -0.00562  0.000143   0.00135  -0.00659 -0.000613  -0.00493  -0.00424  -0.00647 -0.000604  5.86e-06  -0.00226 -0.000367 -7.66e-06  -0.00421  -0.00233         1  5.11e-05
    0.124   0.00139  -0.00432  -0.00711   -0.0162  -0.00503 -1.19e-15 -1.19e-15  3.41e-05 -0.000942 -9.46e-16  -0.00289  -0.00672 -0.000802  -0.00449 -0.000647 -0.000817  -0.00468  -0.00993   -0.0018 -8.97e-05  -0.00258  -0.00147 -0.000338   -0.0357 -0.000944 -2.66e-05  0.000108  -0.00026  -0.00253 -0.000501 -0.000232  0.000678  5.42e-06    -0.033  -0.00496  5.51e-07 -0.000624  -0.00041  -0.00644 -3.02e-05 -0.000514  -0.00876   -0.0226   0.00172   -0.0971  -0.00015   0.00899   0.00241    0.0131   0.00551  -0.00117   -0.0109   -0.0104   -0.0016  0.000813  -0.00698  -0.00157   -0.0033  -0.00656   -0.0151     0.012  -0.00585  -0.00418  -0.00329 -0.000663    -0.106   -0.0469   -0.0205 -0.000905 -0.000476 -4.73e-05 -1.06e-05 -4.93e-07  -5.5e-08  -0.00532  -0.00591 -0.000495 -0.000145   -0.0096  -0.00193  -0.00087 -0.000382  -0.00338  -0.00178  -0.00228    0.0788  -0.00609    0.0112   -0.0151   -0.0152   -0.0316 -0.000835   -0.0419   -0.0284   -0.0015    -0.053   -0.0126   -0.0202  -0.00285 -0.000262  -0.00699  -0.00127  1.06e-05   -0.0181  -0.00881  5.11e-05         1

  Chi^2                                0.307377  +/- 1.10883
  Chi^2/ndf                            0.034153
  Chi^2 for each template              412.869 +/- 6.39671	213.84 +/- 4.21023	84.0318 +/- 4.01674	21.76 +/- 2.23778	13.6352 +/- 1.29474	51.5756 +/- 1.39847	98.9375 +/- 3.57962	146.043 +/- 2.41949	
  Chi^2 for each template w.r.t. fit   411.99 +/- 6.39671	213.03 +/- 4.21023	84.2271 +/- 4.01674	21.3064 +/- 2.23778	12.8397 +/- 1.29474	51.0871 +/- 1.39847	98.8432 +/- 3.57962	145.08 +/- 2.41949	  Partial chi^2                        0.00 (EG_RESOLUTION_ALL)    0.00 (EG_SCALE_ALL)    0.00 (EL_EFF_ID_TOTAL_1NPCOR_PLUS_UNCOR)    0.00 (EL_EFF_Iso_TOTAL_1NPCOR_PLUS_UNCOR)
  Partial chi^2                        0.00 (EL_EFF_Reco_TOTAL_1NPCOR_PLUS_UNCOR)    0.00 (EL_EFF_TriggerEff_TOTAL_1NPCOR_PLUS_UNCOR)    0.00 (EL_EFF_Trigger_TOTAL_1NPCOR_PLUS_UNCOR)    0.00 (FAKES_Electron)
  Partial chi^2                        0.00 (FAKES_Muon)    0.00 (FT_EFF_Eigen_B_0)    0.00 (FT_EFF_Eigen_B_1)    0.00 (FT_EFF_Eigen_B_2)
  Partial chi^2                        0.00 (FT_EFF_Eigen_B_3)    0.00 (FT_EFF_Eigen_B_4)    0.00 (FT_EFF_Eigen_B_5)    0.00 (FT_EFF_Eigen_B_6)
  Partial chi^2                        0.00 (FT_EFF_Eigen_B_7)    0.00 (FT_EFF_Eigen_B_8)    0.00 (FT_EFF_Eigen_C_0)    0.00 (FT_EFF_Eigen_C_1)
  Partial chi^2                        0.00 (FT_EFF_Eigen_C_2)    0.00 (FT_EFF_Eigen_C_3)    0.00 (FT_EFF_Eigen_Light_0)    0.00 (FT_EFF_Eigen_Light_1)
  Partial chi^2                        0.00 (FT_EFF_Eigen_Light_2)    0.00 (FT_EFF_Eigen_Light_3)    0.00 (FT_EFF_extrapolation)    0.00 (FT_EFF_extrapolation_from_charm)
  Partial chi^2                        0.01 (FULL_SYS_SUM)    0.00 (FULL_SYS_SUM_DETECTOR)    0.01 (FULL_SYS_SUM_THEORY)    0.01 (FULL_SYS_TOYS)
  Partial chi^2                        0.00 (JET_EffectiveNP_Detector1)    0.00 (JET_EffectiveNP_Detector2)    0.00 (JET_EffectiveNP_Mixed1)    0.00 (JET_EffectiveNP_Mixed2)
  Partial chi^2                        0.00 (JET_EffectiveNP_Mixed3)    0.00 (JET_EffectiveNP_Modelling1)    0.00 (JET_EffectiveNP_Modelling2)    0.00 (JET_EffectiveNP_Modelling3)
  Partial chi^2                        0.00 (JET_EffectiveNP_Modelling4)    0.00 (JET_EffectiveNP_Statistical1)    0.00 (JET_EffectiveNP_Statistical2)    0.00 (JET_EffectiveNP_Statistical3)
  Partial chi^2                        0.00 (JET_EffectiveNP_Statistical4)    0.00 (JET_EffectiveNP_Statistical5)    0.00 (JET_EffectiveNP_Statistical6)    0.00 (JET_EtaIntercalibration_Modelling)
  Partial chi^2                        0.00 (JET_EtaIntercalibration_NonClosure_2018data)    0.00 (JET_EtaIntercalibration_NonClosure_highE)    0.00 (JET_EtaIntercalibration_NonClosure_negEta)    0.00 (JET_EtaIntercalibration_NonClosure_posEta)
  Partial chi^2                        0.00 (JET_EtaIntercalibration_TotalStat)    0.00 (JET_Flavor_Composition_prop)    0.00 (JET_Flavor_Response_prop)    0.00 (JET_JER_DataVsMC_MC16_PseudoData)
  Partial chi^2                        0.00 (JET_JER_EffectiveNP_10_PseudoData)    0.00 (JET_JER_EffectiveNP_11_PseudoData)    0.00 (JET_JER_EffectiveNP_12restTerm_PseudoData)    0.01 (JET_JER_EffectiveNP_1_PseudoData)
  Partial chi^2                        0.01 (JET_JER_EffectiveNP_2_PseudoData)    0.00 (JET_JER_EffectiveNP_3_PseudoData)    0.00 (JET_JER_EffectiveNP_4_PseudoData)    0.00 (JET_JER_EffectiveNP_5_PseudoData)
  Partial chi^2                        0.00 (JET_JER_EffectiveNP_6_PseudoData)    0.00 (JET_JER_EffectiveNP_7_PseudoData)    0.00 (JET_JER_EffectiveNP_8_PseudoData)    0.00 (JET_JER_EffectiveNP_9_PseudoData)
  Partial chi^2                        0.00 (JET_JvtEfficiency)    0.00 (JET_Pileup_OffsetMu)    0.00 (JET_Pileup_OffsetNPV)    0.00 (JET_Pileup_PtTerm)
  Partial chi^2                        0.00 (JET_Pileup_RhoTopology)    0.00 (JET_PunchThrough_MC16)    0.00 (LUMINOSITY)    0.00 (MET_SoftTrk_ResoPara)
  Partial chi^2                        0.00 (MET_SoftTrk_ResoPerp)    0.00 (MET_SoftTrk_Scale)    0.00 (MUON_EFF_BADMUON_SYS)    0.00 (MUON_EFF_ISO_STAT)
  Partial chi^2                        0.00 (MUON_EFF_ISO_SYS)    0.00 (MUON_EFF_RECO_STAT)    0.00 (MUON_EFF_RECO_SYS)    0.00 (MUON_EFF_TTVA_STAT)
  Partial chi^2                        0.00 (MUON_EFF_TTVA_SYS)    0.00 (MUON_EFF_TrigStatUncertainty)    0.00 (MUON_EFF_TrigSystUncertainty)    0.00 (MUON_SAGITTA_DATASTAT)
  Partial chi^2                        0.00 (MUON_SAGITTA_RESBIAS)    0.00 (PRW_DATASF)    0.19 (STAT_DATA)    0.01 (STAT_MC)  
  Partial chi^2                        0.00 (THEORY_CROSS_SECTION_Wjets)    0.00 (THEORY_CROSS_SECTION_other_top_noWt)    0.00 (THEORY_CROSS_SECTION_signal)    0.02 (THEORY_DR_DS_signal)
  Partial chi^2                        0.00 (THEORY_EWK_Wjets)    0.00 (THEORY_EWK_multiboson_noW)    0.00 (THEORY_FSR_signal)    0.00 (THEORY_HDAMP_signal)
  Partial chi^2                        0.00 (THEORY_ISR_signal)    0.00 (THEORY_PDF4LHC_VARIATION_Wjets)    0.00 (THEORY_PDF4LHC_VARIATION_multiboson_noW)    0.00 (THEORY_PDF4LHC_VARIATION_signal)
  Partial chi^2                        0.02 (THEORY_PTHARD_signal)    0.00 (THEORY_SCALE_COMBINED_Wjets)    0.00 (THEORY_SCALE_COMBINED_multiboson_noW)    0.00 (THEORY_SCALE_FACTORISATION_signal)
  Partial chi^2                        0.00 (THEORY_SCALE_RENORMALISATION_signal)    0.01 (THEORY_SHOWERING_HERWIG7_signal)    0.00 (THEORY_TOPRECOIL_signal)    0.00 (THEORY_TOP_MASS_signal)
  Partial chi^2                        0.01 (TOTAL)        0.01 (TOTAL_NO_DR_DS)    0.01 (TOTAL_SYSONLY)    0.00 (WMASS_VAR_signal)
  Partial chi^2                        0.02 (pseudoDataStat)

  Uncertainties from HESSE matrix
     LTF: Result[0]:                   172.572  +/- 0.626396 (fit [from HESSE])

  Alternative result from pol2-fit to chi^2 values of the templates
     Result(pol2-chi2)[0]              174.268   +/- 0.597599 (fit)
     Chi^2(min)                        -9.67098

  Result from linearized second-order model approximation
     EDM (Taylor) [0]                  -7.50556e-06

  Expected distance to minimum
     EDM (Newton) [0]                  -7.49122e-06
     EDM Delta-chi^2                   -1.46539e-10


  'Uncertainties' on M from second-order model approximation
     sigma_m[0]                       -7.50225e-06
     sigma_m[EG_RESOLUTION_ALL]       -0.00
     sigma_m[EG_SCALE_ALL]            0.00
     sigma_m[EL_EFF_ID_TOTAL_1NPCOR_PLUS_UNCOR] -0.00
     sigma_m[EL_EFF_Iso_TOTAL_1NPCOR_PLUS_UNCOR] -0.00
     sigma_m[EL_EFF_Reco_TOTAL_1NPCOR_PLUS_UNCOR] -0.00
     sigma_m[EL_EFF_TriggerEff_TOTAL_1NPCOR_PLUS_UNCOR] -0.00
     sigma_m[EL_EFF_Trigger_TOTAL_1NPCOR_PLUS_UNCOR] -0.00
     sigma_m[MUON_SAGITTA_DATASTAT]   -0.00
     sigma_m[MUON_SAGITTA_RESBIAS]    -0.00
     sigma_m[MUON_EFF_BADMUON_SYS]    -0.00
     sigma_m[MUON_EFF_ISO_STAT]       0.00
     sigma_m[MUON_EFF_ISO_SYS]        -0.00
     sigma_m[MUON_EFF_RECO_STAT]      -0.00
     sigma_m[MUON_EFF_RECO_SYS]       0.00
     sigma_m[MUON_EFF_TTVA_STAT]      0.00
     sigma_m[MUON_EFF_TTVA_SYS]       0.00
     sigma_m[MUON_EFF_TrigStatUncertainty] -0.00
     sigma_m[MUON_EFF_TrigSystUncertainty] -0.00
     sigma_m[JET_EffectiveNP_Detector1] 0.00
     sigma_m[JET_EffectiveNP_Detector2] 0.00
     sigma_m[JET_EffectiveNP_Mixed1]  0.00
     sigma_m[JET_EffectiveNP_Mixed2]  0.00
     sigma_m[JET_EffectiveNP_Mixed3]  0.00
     sigma_m[JET_EffectiveNP_Modelling1] 0.00
     sigma_m[JET_EffectiveNP_Modelling2] -0.00
     sigma_m[JET_EffectiveNP_Modelling3] -0.00
     sigma_m[JET_EffectiveNP_Modelling4] 0.00
     sigma_m[JET_EffectiveNP_Statistical1] 0.00
     sigma_m[JET_EffectiveNP_Statistical2] 0.00
     sigma_m[JET_EffectiveNP_Statistical3] -0.00
     sigma_m[JET_EffectiveNP_Statistical4] 0.00
     sigma_m[JET_EffectiveNP_Statistical5] 0.00
     sigma_m[JET_EffectiveNP_Statistical6] 0.00
     sigma_m[JET_EtaIntercalibration_Modelling] 0.00
     sigma_m[JET_EtaIntercalibration_NonClosure_2018data] 0.00
     sigma_m[JET_EtaIntercalibration_NonClosure_highE] -0.00
     sigma_m[JET_EtaIntercalibration_NonClosure_negEta] 0.00
     sigma_m[JET_EtaIntercalibration_NonClosure_posEta] 0.00
     sigma_m[JET_EtaIntercalibration_TotalStat] 0.00
     sigma_m[JET_Flavor_Composition_prop] -0.00
     sigma_m[JET_Flavor_Response_prop] 0.00
     sigma_m[JET_Pileup_OffsetMu]     0.00
     sigma_m[JET_Pileup_OffsetNPV]    0.00
     sigma_m[JET_Pileup_PtTerm]       0.00
     sigma_m[JET_Pileup_RhoTopology]  0.00
     sigma_m[JET_PunchThrough_MC16]   -0.00
     sigma_m[JET_JER_DataVsMC_MC16_PseudoData] -0.00
     sigma_m[JET_JER_EffectiveNP_1_PseudoData] -0.00
     sigma_m[JET_JER_EffectiveNP_2_PseudoData] -0.00
     sigma_m[JET_JER_EffectiveNP_3_PseudoData] -0.00
     sigma_m[JET_JER_EffectiveNP_4_PseudoData] -0.00
     sigma_m[JET_JER_EffectiveNP_5_PseudoData] 0.00
     sigma_m[JET_JER_EffectiveNP_6_PseudoData] -0.00
     sigma_m[JET_JER_EffectiveNP_7_PseudoData] -0.00
     sigma_m[JET_JER_EffectiveNP_8_PseudoData] -0.00
     sigma_m[JET_JER_EffectiveNP_9_PseudoData] -0.00
     sigma_m[JET_JER_EffectiveNP_10_PseudoData] -0.00
     sigma_m[JET_JER_EffectiveNP_11_PseudoData] -0.00
     sigma_m[JET_JER_EffectiveNP_12restTerm_PseudoData] -0.00
     sigma_m[JET_JvtEfficiency]       -0.00
     sigma_m[PRW_DATASF]              -0.00
     sigma_m[MET_SoftTrk_ResoPara]    -0.00
     sigma_m[MET_SoftTrk_ResoPerp]    0.00
     sigma_m[MET_SoftTrk_Scale]       -0.00
     sigma_m[WMASS_VAR_signal]        -0.00
     sigma_m[FT_EFF_Eigen_B_0]        -0.00
     sigma_m[FT_EFF_Eigen_B_1]        -0.00
     sigma_m[FT_EFF_Eigen_B_2]        -0.00
     sigma_m[FT_EFF_Eigen_B_3]        -0.00
     sigma_m[FT_EFF_Eigen_B_4]        0.00
     sigma_m[FT_EFF_Eigen_B_5]        -0.00
     sigma_m[FT_EFF_Eigen_B_6]        0.00
     sigma_m[FT_EFF_Eigen_B_7]        -0.00
     sigma_m[FT_EFF_Eigen_B_8]        0.00
     sigma_m[FT_EFF_Eigen_C_0]        -0.00
     sigma_m[FT_EFF_Eigen_C_1]        -0.00
     sigma_m[FT_EFF_Eigen_C_2]        -0.00
     sigma_m[FT_EFF_Eigen_C_3]        -0.00
     sigma_m[FT_EFF_Eigen_Light_0]    -0.00
     sigma_m[FT_EFF_Eigen_Light_1]    0.00
     sigma_m[FT_EFF_Eigen_Light_2]    0.00
     sigma_m[FT_EFF_Eigen_Light_3]    0.00
     sigma_m[FT_EFF_extrapolation]    0.00
     sigma_m[FT_EFF_extrapolation_from_charm] -0.00
     sigma_m[THEORY_CROSS_SECTION_signal] -0.00
     sigma_m[THEORY_SHOWERING_HERWIG7_signal] -0.00
     sigma_m[THEORY_SCALE_FACTORISATION_signal] 0.00
     sigma_m[THEORY_SCALE_RENORMALISATION_signal] -0.00
     sigma_m[THEORY_ISR_signal]       -0.00
     sigma_m[THEORY_FSR_signal]       0.00
     sigma_m[THEORY_HDAMP_signal]     -0.00
     sigma_m[THEORY_PTHARD_signal]    0.00
     sigma_m[THEORY_TOPRECOIL_signal] -0.00
     sigma_m[THEORY_TOP_MASS_signal]  0.00
     sigma_m[THEORY_PDF4LHC_VARIATION_signal] 0.00
     sigma_m[THEORY_DR_DS_signal]     -0.00
     sigma_m[THEORY_CROSS_SECTION_Wjets] -0.00
     sigma_m[THEORY_SCALE_COMBINED_Wjets] -0.00
     sigma_m[THEORY_PDF4LHC_VARIATION_Wjets] -0.00
     sigma_m[THEORY_EWK_Wjets]        0.00
     sigma_m[THEORY_SCALE_COMBINED_multiboson_noW] -0.00
     sigma_m[THEORY_PDF4LHC_VARIATION_multiboson_noW] -0.00
     sigma_m[THEORY_EWK_multiboson_noW] -0.00
     sigma_m[THEORY_CROSS_SECTION_other_top_noWt] -0.00
     sigma_m[FAKES_Electron]          -0.00
     sigma_m[FAKES_Muon]              -0.00
     sigma_m[LUMINOSITY]              -0.00

  Settings
     Number of data points             10
     Number of templates               8
     Number of fit parameters          1
     Template reference values [0]     162.5   165 167.5   170   175 177.5   180 182.5
     Number of nuisance param.         107
     Gamma[0]                          1.000
     LogNormal                         false
     Response matrix                   false

  please cite: D. Britzger, The Linear Template Fit, Eur.Phys.J.C 82 (2022) 731, arXiv:2112.01548.
------------------------------------------------------------------------

Warning in <TFile::Append>: Replacing existing TH1: hist (Potential memory leak).
Warning in <TFile::Append>: Replacing existing TH1: hist (Potential memory leak).
Warning in <TFile::Append>: Replacing existing TH1: hist (Potential memory leak).
Warning in <TFile::Append>: Replacing existing TH1: hist (Potential memory leak).
Warning in <TFile::Append>: Replacing existing TH1: hist (Potential memory leak).
Warning in <TFile::Append>: Replacing existing TH1: hist (Potential memory leak).
Warning in <TFile::Append>: Replacing existing TH1: hist (Potential memory leak).
Warning in <TFile::Append>: Replacing existing TH1: hist (Potential memory leak).
Warning in <TFile::Append>: Replacing existing TH1: hist (Potential memory leak).
Info in <TCanvas::Print>: ps file plots/fit_mbl.ps has been created
Info in <TCanvas::Print>: Current canvas added to ps file plots/fit_mbl.ps
Info in <TCanvas::Print>: Current canvas added to ps file plots/fit_mbl.ps
Info in <TCanvas::Print>: Current canvas added to ps file plots/fit_mbl.ps
Info in <TCanvas::Print>: Current canvas added to ps file plots/fit_mbl.ps
Info in <TCanvas::Print>: Current canvas added to ps file plots/fit_mbl.ps
Info in <TCanvas::Print>: Current canvas added to ps file plots/fit_mbl.ps
Info in <TCanvas::Print>: Current canvas added to ps file plots/fit_mbl.ps
Info in <TCanvas::Print>: Current canvas added to ps file plots/fit_mbl.ps
Info in <TCanvas::Print>: Current canvas added to ps file plots/fit_mbl.ps
Info in <TCanvas::Print>: Current canvas added to ps file plots/fit_mbl.ps
Info in <TCanvas::Print>: Current canvas added to ps file plots/fit_mbl.ps
Info in <TCanvas::Print>: Current canvas added to ps file plots/fit_mbl.ps
Info in <TCanvas::Print>: Current canvas added to ps file plots/fit_mbl.ps
Info in <TCanvas::Print>: Current canvas added to ps file plots/fit_mbl.ps
Info in <TCanvas::Print>: Current canvas added to ps file plots/fit_mbl.ps
Info in <TCanvas::Print>: Current canvas added to ps file plots/fit_mbl.ps
Info in <TCanvas::Print>: Current canvas added to ps file plots/fit_mbl.ps
Info in <TCanvas::Print>: Current canvas added to ps file plots/fit_mbl.ps
Info in <TCanvas::Print>: Current canvas added to ps file plots/fit_mbl.ps
Info in <TCanvas::Print>: Current canvas added to ps file plots/fit_mbl.ps
Info in <TCanvas::Print>: Current canvas added to ps file plots/fit_mbl.ps
Info in <TCanvas::Print>: Current canvas added to ps file plots/fit_mbl.ps
Info in <TCanvas::Print>: Current canvas added to ps file plots/fit_mbl.ps
Info in <TCanvas::Print>: Current canvas added to ps file plots/fit_mbl.ps
Info in <TCanvas::Print>: Current canvas added to ps file plots/fit_mbl.ps
Info in <TCanvas::Print>: Current canvas added to ps file plots/fit_mbl.ps
Info in <TCanvas::Print>: Current canvas added to ps file plots/fit_mbl.ps
Info in <TCanvas::Print>: Current canvas added to ps file plots/fit_mbl.ps
Info in <TCanvas::Print>: Current canvas added to ps file plots/fit_mbl.ps
Info in <TCanvas::Print>: Current canvas added to ps file plots/fit_mbl.ps
Info in <TCanvas::Print>: Current canvas added to ps file plots/fit_mbl.ps
Info in <TCanvas::Print>: ps file plots/fit_mbl.ps has been closed
Found covarinace matrix unfolding_covariance_matrix_mbwhad_selected_covariance_STAT_DATA
Johannes print final covariance matrix
5.27955e-05	-6.3377e-05	2.11533e-05	-6.27684e-07	9.54475e-07	5.08751e-07	-2.95125e-07	-4.11202e-07	
-6.3377e-05	0.000564501	-0.000333142	1.70219e-05	-3.29887e-07	3.14893e-06	-5.98946e-07	2.8585e-07	
2.11533e-05	-0.000333142	0.000550288	-5.48384e-05	3.95351e-06	-3.63185e-06	3.26198e-07	1.35548e-06	
-6.27684e-07	1.70219e-05	-5.48384e-05	7.05012e-05	-1.01552e-05	2.32356e-06	-6.21998e-07	-1.28948e-07	
9.54475e-07	-3.29887e-07	3.95351e-06	-1.01552e-05	1.89856e-05	-4.29143e-06	9.88449e-07	-3.14717e-07	
5.08751e-07	3.14893e-06	-3.63185e-06	2.32356e-06	-4.29143e-06	7.86934e-06	-2.08546e-06	1.85109e-07	
-2.95125e-07	-5.98946e-07	3.26198e-07	-6.21998e-07	9.88449e-07	-2.08546e-06	4.16314e-06	-6.50861e-07	
-4.11202e-07	2.8585e-07	1.35548e-06	-1.28948e-07	-3.14717e-07	1.85109e-07	-6.50861e-07	1.29033e-06	
Johannes print final correltaion matrix
1	-0.367114	0.124104	-0.0102883	0.0301477	0.0249596	-0.0199066	-0.0498203	
-0.367114	1	-0.597727	0.0853252	-0.00318656	0.0472456	-0.0123551	0.0105914	
0.124104	-0.597727	1	-0.278414	0.0386791	-0.0551904	0.00681515	0.0508684	
-0.0102883	0.0853252	-0.278414	1	-0.277573	0.0986475	-0.0363062	-0.0135197	
0.0301477	-0.00318656	0.0386791	-0.277573	1	-0.351092	0.111181	-0.0635855	
0.0249596	0.0472456	-0.0551904	0.0986475	-0.351092	1	-0.364353	0.0580908	
-0.0199066	-0.0123551	0.00681515	-0.0363062	0.111181	-0.364353	1	-0.280819	
-0.0498203	0.0105914	0.0508684	-0.0135197	-0.0635855	0.0580908	-0.280819	1	
TH1.Print Name  = total_error, Entries= 856, Total sum= 0.812715
 fSumw[0]=0, x=-0.5, error=0
 fSumw[1]=0.106435, x=0.5, error=0
 fSumw[2]=0.140581, x=1.5, error=0
 fSumw[3]=0.102963, x=2.5, error=0
 fSumw[4]=0.148362, x=3.5, error=0
 fSumw[5]=0.0626302, x=4.5, error=0
 fSumw[6]=0.0720239, x=5.5, error=0
 fSumw[7]=0.0643816, x=6.5, error=0
 fSumw[8]=0.115339, x=7.5, error=0
 fSumw[9]=0, x=8.5, error=0
STAT_MC 0.00293556
STAT_MC 0.00171278
STAT_MC 0.000708049
STAT_MC 0.00225478
STAT_MC 0.00358833
STAT_MC 0.004986
STAT_MC 0.00516222
STAT_MC 0.00778
TH1.Print Name  = total_error, Entries= 864, Total sum= 0.813529
 fSumw[0]=0, x=-0.5, error=0
 fSumw[1]=0.106476, x=0.5, error=0
 fSumw[2]=0.140591, x=1.5, error=0
 fSumw[3]=0.102965, x=2.5, error=0
 fSumw[4]=0.148379, x=3.5, error=0
 fSumw[5]=0.0627329, x=4.5, error=0
 fSumw[6]=0.0721963, x=5.5, error=0
 fSumw[7]=0.0645883, x=6.5, error=0
 fSumw[8]=0.115601, x=7.5, error=0
 fSumw[9]=0, x=8.5, error=0
TH1.Print Name  = total_error, Entries= 872, Total sum= 0.818605
 fSumw[0]=0, x=-0.5, error=0
 fSumw[1]=0.106575, x=0.5, error=0
 fSumw[2]=0.140605, x=1.5, error=0
 fSumw[3]=0.102975, x=2.5, error=0
 fSumw[4]=0.148407, x=3.5, error=0
 fSumw[5]=0.0629934, x=4.5, error=0
 fSumw[6]=0.0728426, x=5.5, error=0
 fSumw[7]=0.0660577, x=6.5, error=0
 fSumw[8]=0.118149, x=7.5, error=0
 fSumw[9]=0, x=8.5, error=0

        Data        Stat Tmpl_162.50 Stat_162.50 Tmpl_165.00 Stat_165.00 Tmpl_167.50 Stat_167.50 Tmpl_170.00 Stat_170.00 Tmpl_175.00 Stat_175.00 Tmpl_177.50 Stat_177.50 Tmpl_180.00 Stat_180.00 Tmpl_182.50 Stat_182.50
    0.389897    0.001798    0.501124    0.001928    0.470297    0.001785    0.441942    0.002848    0.412722    0.002746    0.370175    0.002357    0.346553    0.001262    0.325103    0.002376    0.303533    0.001348
    2.146594    0.004203    3.665329    0.005259    3.203530    0.004653    2.790967    0.007088    2.422203    0.006628    1.890956    0.005292    1.685302    0.002801    1.516108    0.005141    1.368620    0.002892
    3.866342    0.005538    3.229664    0.004935    3.467408    0.004813    3.677169    0.008063    3.810714    0.008303    3.887513    0.007676    3.867677    0.004233    3.824024    0.008143    3.727112    0.004773
    0.990163    0.002842    0.971584    0.002816    0.969262    0.002595    0.973582    0.004253    0.990226    0.004271    1.009264    0.003991    1.022159    0.002218    1.042926    0.004375    1.069729    0.002607
    0.242145    0.001386    0.258220    0.001561    0.251744    0.001403    0.247901    0.002157    0.244515    0.002157    0.238404    0.002050    0.237219    0.001089    0.237243    0.002102    0.231427    0.001260
    0.080102    0.000776    0.085147    0.000854    0.082934    0.000787    0.081958    0.001258    0.081389    0.001287    0.078609    0.001156    0.076169    0.000630    0.076751    0.001226    0.074774    0.000725
    0.035263    0.000489    0.038144    0.000602    0.036930    0.000501    0.037709    0.000915    0.036247    0.000813    0.034790    0.000766    0.034451    0.000430    0.033690    0.000770    0.033085    0.000497
    0.010206    0.000249    0.011053    0.000330    0.010426    0.000252    0.010632    0.000448    0.009234    0.000377    0.009725    0.000383    0.009530    0.000218    0.010023    0.000401    0.009409    0.000246

LTF::DoLiTeFit(). Fit done. Result:  172.332Johannes Inverse matrix of W
   5.734e-05  -6.3377e-05  2.11533e-05 -6.27684e-07  9.54475e-07  5.08751e-07 -2.95125e-07 -4.11202e-07
 -6.3377e-05  0.000595682 -0.000333142  1.70219e-05 -3.29887e-07  3.14893e-06 -5.98946e-07   2.8585e-07
 2.11533e-05 -0.000333142  0.000588456 -5.48384e-05  3.95351e-06 -3.63185e-06  3.26198e-07  1.35548e-06
-6.27684e-07  1.70219e-05 -5.48384e-05  8.35631e-05 -1.01552e-05  2.32356e-06 -6.21998e-07 -1.28948e-07
 9.54475e-07 -3.29887e-07  3.95351e-06 -1.01552e-05  2.16608e-05 -4.29143e-06  9.88449e-07 -3.14717e-07
 5.08751e-07  3.14893e-06 -3.63185e-06  2.32356e-06 -4.29143e-06  8.63033e-06 -2.08546e-06  1.85109e-07
-2.95125e-07 -5.98946e-07  3.26198e-07 -6.21998e-07  9.88449e-07 -2.08546e-06  4.43499e-06 -6.50861e-07
-4.11202e-07   2.8585e-07  1.35548e-06 -1.28948e-07 -3.14717e-07  1.85109e-07 -6.50861e-07  1.35867e-06
  +/- 0.851293 (fit)  +/- 0.616474 (ext)  +/- 0.0701171 (tmpl)  +/- 0 (MatA)   [chi^2=0.215784]

------------------------------------------------------------------------
        Result of the 1-dimensional linear template fit
        ```````````````````````````````````````````````
  LTF. Result[0]:   172.332  +/- 0.851293 (fit)  +/- 0.616474 (ext)

  LTF. Result[0]:   172.332401
                             +/-  0.320718 (STAT_DATA)
                             +/-  0.051844 (STAT_MC)
                             +/-  0.084229 (pseudoDataStat)
                             +/- -0.001519 (EG_RESOLUTION_ALL)
                             +/-  0.000083 (EG_SCALE_ALL)
                             +/- -0.002341 (EL_EFF_ID_TOTAL_1NPCOR_PLUS_UNCOR)
                             +/- -0.014280 (EL_EFF_Iso_TOTAL_1NPCOR_PLUS_UNCOR)
                             +/- -0.005327 (EL_EFF_Reco_TOTAL_1NPCOR_PLUS_UNCOR)
                             +/- -0.000000 (EL_EFF_TriggerEff_TOTAL_1NPCOR_PLUS_UNCOR)
                             +/- -0.000000 (EL_EFF_Trigger_TOTAL_1NPCOR_PLUS_UNCOR)
                             +/- -0.035418 (FAKES_Electron)
                             +/- -0.007557 (FAKES_Muon)
                             +/- -0.383323 (FT_EFF_Eigen_B_0)
                             +/-  0.097132 (FT_EFF_Eigen_B_1)
                             +/-  0.017873 (FT_EFF_Eigen_B_2)
                             +/- -0.038315 (FT_EFF_Eigen_B_3)
                             +/-  0.000110 (FT_EFF_Eigen_B_4)
                             +/- -0.000439 (FT_EFF_Eigen_B_5)
                             +/-  0.000018 (FT_EFF_Eigen_B_6)
                             +/- -0.000006 (FT_EFF_Eigen_B_7)
                             +/- -0.000001 (FT_EFF_Eigen_B_8)
                             +/- -0.013853 (FT_EFF_Eigen_C_0)
                             +/-  0.000618 (FT_EFF_Eigen_C_1)
                             +/-  0.000341 (FT_EFF_Eigen_C_2)
                             +/- -0.000334 (FT_EFF_Eigen_C_3)
                             +/- -0.041396 (FT_EFF_Eigen_Light_0)
                             +/- -0.003852 (FT_EFF_Eigen_Light_1)
                             +/-  0.000820 (FT_EFF_Eigen_Light_2)
                             +/-  0.000277 (FT_EFF_Eigen_Light_3)
                             +/-  0.002672 (FT_EFF_extrapolation)
                             +/- -0.014668 (FT_EFF_extrapolation_from_charm)
                             +/- -0.010036 (JET_EffectiveNP_Detector1)
                             +/- -0.002213 (JET_EffectiveNP_Detector2)
                             +/- -0.044861 (JET_EffectiveNP_Mixed1)
                             +/- -0.033088 (JET_EffectiveNP_Mixed2)
                             +/-  0.000129 (JET_EffectiveNP_Mixed3)
                             +/- -0.112984 (JET_EffectiveNP_Modelling1)
                             +/- -0.031276 (JET_EffectiveNP_Modelling2)
                             +/- -0.048966 (JET_EffectiveNP_Modelling3)
                             +/- -0.008572 (JET_EffectiveNP_Modelling4)
                             +/-  0.003022 (JET_EffectiveNP_Statistical1)
                             +/-  0.009926 (JET_EffectiveNP_Statistical2)
                             +/- -0.001071 (JET_EffectiveNP_Statistical3)
                             +/- -0.018943 (JET_EffectiveNP_Statistical4)
                             +/- -0.018857 (JET_EffectiveNP_Statistical5)
                             +/- -0.009336 (JET_EffectiveNP_Statistical6)
                             +/- -0.023388 (JET_EtaIntercalibration_Modelling)
                             +/- -0.051960 (JET_EtaIntercalibration_NonClosure_2018data)
                             +/- -0.000008 (JET_EtaIntercalibration_NonClosure_highE)
                             +/- -0.002127 (JET_EtaIntercalibration_NonClosure_negEta)
                             +/- -0.003130 (JET_EtaIntercalibration_NonClosure_posEta)
                             +/-  0.013697 (JET_EtaIntercalibration_TotalStat)
                             +/-  0.000063 (JET_Flavor_Composition_prop)
                             +/-  0.006211 (JET_Flavor_Response_prop)
                             +/-  0.081590 (JET_JER_DataVsMC_MC16_PseudoData)
                             +/-  0.002205 (JET_JER_EffectiveNP_10_PseudoData)
                             +/- -0.009661 (JET_JER_EffectiveNP_11_PseudoData)
                             +/-  0.040190 (JET_JER_EffectiveNP_12restTerm_PseudoData)
                             +/-  0.149888 (JET_JER_EffectiveNP_1_PseudoData)
                             +/-  0.345448 (JET_JER_EffectiveNP_2_PseudoData)
                             +/-  0.018077 (JET_JER_EffectiveNP_3_PseudoData)
                             +/- -0.111509 (JET_JER_EffectiveNP_4_PseudoData)
                             +/-  0.052979 (JET_JER_EffectiveNP_5_PseudoData)
                             +/-  0.061987 (JET_JER_EffectiveNP_6_PseudoData)
                             +/-  0.035388 (JET_JER_EffectiveNP_7_PseudoData)
                             +/- -0.034789 (JET_JER_EffectiveNP_8_PseudoData)
                             +/-  0.044218 (JET_JER_EffectiveNP_9_PseudoData)
                             +/- -0.061990 (JET_JvtEfficiency)
                             +/-  0.025412 (JET_Pileup_OffsetMu)
                             +/-  0.059622 (JET_Pileup_OffsetNPV)
                             +/- -0.095021 (JET_Pileup_PtTerm)
                             +/-  0.133860 (JET_Pileup_RhoTopology)
                             +/-  0.000466 (JET_PunchThrough_MC16)
                             +/- -0.029968 (LUMINOSITY)
                             +/-  0.007025 (MET_SoftTrk_ResoPara)
                             +/-  0.002003 (MET_SoftTrk_ResoPerp)
                             +/-  0.005697 (MET_SoftTrk_Scale)
                             +/- -0.000000 (MUON_EFF_BADMUON_SYS)
                             +/- -0.001138 (MUON_EFF_ISO_STAT)
                             +/- -0.005289 (MUON_EFF_ISO_SYS)
                             +/- -0.000666 (MUON_EFF_RECO_STAT)
                             +/- -0.001075 (MUON_EFF_RECO_SYS)
                             +/- -0.000293 (MUON_EFF_TTVA_STAT)
                             +/- -0.000393 (MUON_EFF_TTVA_SYS)
                             +/- -0.004007 (MUON_EFF_TrigStatUncertainty)
                             +/- -0.008278 (MUON_EFF_TrigSystUncertainty)
                             +/- -0.000156 (MUON_SAGITTA_DATASTAT)
                             +/- -0.000491 (MUON_SAGITTA_RESBIAS)
                             +/- -0.116314 (PRW_DATASF)
                             +/- -0.032751 (THEORY_CROSS_SECTION_Wjets)
                             +/- -0.064105 (THEORY_CROSS_SECTION_other_top_noWt)
                             +/- -0.007883 (THEORY_CROSS_SECTION_signal)
                             +/- -0.083882 (THEORY_DR_DS_signal)
                             +/-  0.000205 (THEORY_EWK_Wjets)
                             +/- -0.000130 (THEORY_EWK_multiboson_noW)
                             +/- -0.214214 (THEORY_FSR_signal)
                             +/-  0.042835 (THEORY_HDAMP_signal)
                             +/-  0.069356 (THEORY_ISR_signal)
                             +/- -0.009835 (THEORY_PDF4LHC_VARIATION_Wjets)
                             +/- -0.002933 (THEORY_PDF4LHC_VARIATION_multiboson_noW)
                             +/- -0.006238 (THEORY_PDF4LHC_VARIATION_signal)
                             +/- -0.003574 (THEORY_PTHARD_signal)
                             +/- -0.042438 (THEORY_SCALE_COMBINED_Wjets)
                             +/- -0.018902 (THEORY_SCALE_COMBINED_multiboson_noW)
                             +/- -0.015147 (THEORY_SCALE_FACTORISATION_signal)
                             +/-  0.022658 (THEORY_SCALE_RENORMALISATION_signal)
                             +/-  0.048752 (THEORY_SHOWERING_HERWIG7_signal)
                             +/- -0.145731 (THEORY_TOPRECOIL_signal)
                             +/- -0.333576 (THEORY_TOP_MASS_signal)
                             +/-  0.000172 (WMASS_VAR_signal)

                             +/- -0.228790 (FULL_SYS_SUM)
                             +/- -0.198641 (FULL_SYS_SUM_DETECTOR)
                             +/- -0.287047 (FULL_SYS_SUM_THEORY)
                             +/- -0.228790 (FULL_SYS_TOYS)
                             +/- -0.227001 (TOTAL)
                             +/- -0.222238 (TOTAL_NO_DR_DS)
                             +/- -0.229298 (TOTAL_SYSONLY)
                             +/-  0.070117 (statY)

  Nuisance parameters                  0.001  +/-  1.000  (EG_RESOLUTION_ALL)
                                       0.004  +/-  1.000  (EG_SCALE_ALL)
                                       0.005  +/-  0.999  (EL_EFF_ID_TOTAL_1NPCOR_PLUS_UNCOR)
                                       0.007  +/-  0.995  (EL_EFF_Iso_TOTAL_1NPCOR_PLUS_UNCOR)
                                       0.002  +/-  1.000  (EL_EFF_Reco_TOTAL_1NPCOR_PLUS_UNCOR)
                                       0.000  +/-  1.000  (EL_EFF_TriggerEff_TOTAL_1NPCOR_PLUS_UNCOR)
                                       0.000  +/-  1.000  (EL_EFF_Trigger_TOTAL_1NPCOR_PLUS_UNCOR)
                                      -0.000  +/-  1.000  (MUON_SAGITTA_DATASTAT)
                                       0.000  +/-  1.000  (MUON_SAGITTA_RESBIAS)
                                      -0.000  +/-  1.000  (MUON_EFF_BADMUON_SYS)
                                       0.002  +/-  1.000  (MUON_EFF_ISO_STAT)
                                       0.003  +/-  0.999  (MUON_EFF_ISO_SYS)
                                       0.000  +/-  1.000  (MUON_EFF_RECO_STAT)
                                       0.003  +/-  1.000  (MUON_EFF_RECO_SYS)
                                       0.000  +/-  1.000  (MUON_EFF_TTVA_STAT)
                                       0.000  +/-  1.000  (MUON_EFF_TTVA_SYS)
                                       0.002  +/-  1.000  (MUON_EFF_TrigStatUncertainty)
                                       0.004  +/-  0.998  (MUON_EFF_TrigSystUncertainty)
                                       0.004  +/-  0.998  (JET_EffectiveNP_Detector1)
                                      -0.000  +/-  1.000  (JET_EffectiveNP_Detector2)
                                       0.035  +/-  0.980  (JET_EffectiveNP_Mixed1)
                                       0.007  +/-  0.993  (JET_EffectiveNP_Mixed2)
                                       0.003  +/-  1.000  (JET_EffectiveNP_Mixed3)
                                      -0.010  +/-  0.880  (JET_EffectiveNP_Modelling1)
                                       0.012  +/-  0.998  (JET_EffectiveNP_Modelling2)
                                       0.003  +/-  0.994  (JET_EffectiveNP_Modelling3)
                                       0.002  +/-  1.000  (JET_EffectiveNP_Modelling4)
                                       0.008  +/-  0.999  (JET_EffectiveNP_Statistical1)
                                      -0.000  +/-  0.999  (JET_EffectiveNP_Statistical2)
                                       0.003  +/-  1.000  (JET_EffectiveNP_Statistical3)
                                       0.002  +/-  0.999  (JET_EffectiveNP_Statistical4)
                                       0.004  +/-  0.999  (JET_EffectiveNP_Statistical5)
                                       0.004  +/-  1.000  (JET_EffectiveNP_Statistical6)
                                       0.013  +/-  0.960  (JET_EtaIntercalibration_Modelling)
                                       0.005  +/-  0.986  (JET_EtaIntercalibration_NonClosure_2018data)
                                       0.000  +/-  1.000  (JET_EtaIntercalibration_NonClosure_highE)
                                       0.000  +/-  1.000  (JET_EtaIntercalibration_NonClosure_negEta)
                                       0.000  +/-  1.000  (JET_EtaIntercalibration_NonClosure_posEta)
                                       0.001  +/-  0.998  (JET_EtaIntercalibration_TotalStat)
                                       0.000  +/-  1.000  (JET_Flavor_Composition_prop)
                                       0.011  +/-  0.998  (JET_Flavor_Response_prop)
                                      -0.012  +/-  0.994  (JET_Pileup_OffsetMu)
                                      -0.049  +/-  0.949  (JET_Pileup_OffsetNPV)
                                       0.001  +/-  0.973  (JET_Pileup_PtTerm)
                                      -0.065  +/-  0.670  (JET_Pileup_RhoTopology)
                                       0.000  +/-  1.000  (JET_PunchThrough_MC16)
                                       0.010  +/-  0.995  (JET_JER_DataVsMC_MC16_PseudoData)
                                       0.028  +/-  0.923  (JET_JER_EffectiveNP_1_PseudoData)
                                       0.038  +/-  0.837  (JET_JER_EffectiveNP_2_PseudoData)
                                       0.018  +/-  0.974  (JET_JER_EffectiveNP_3_PseudoData)
                                       0.000  +/-  0.997  (JET_JER_EffectiveNP_4_PseudoData)
                                       0.025  +/-  0.983  (JET_JER_EffectiveNP_5_PseudoData)
                                       0.028  +/-  0.958  (JET_JER_EffectiveNP_6_PseudoData)
                                      -0.003  +/-  0.998  (JET_JER_EffectiveNP_7_PseudoData)
                                       0.023  +/-  0.995  (JET_JER_EffectiveNP_8_PseudoData)
                                       0.017  +/-  0.982  (JET_JER_EffectiveNP_9_PseudoData)
                                       0.001  +/-  0.999  (JET_JER_EffectiveNP_10_PseudoData)
                                       0.005  +/-  0.997  (JET_JER_EffectiveNP_11_PseudoData)
                                       0.014  +/-  0.995  (JET_JER_EffectiveNP_12restTerm_PseudoData)
                                       0.000  +/-  0.997  (JET_JvtEfficiency)
                                      -0.013  +/-  0.983  (PRW_DATASF)
                                      -0.003  +/-  0.999  (MET_SoftTrk_ResoPara)
                                       0.001  +/-  1.000  (MET_SoftTrk_ResoPerp)
                                      -0.001  +/-  1.000  (MET_SoftTrk_Scale)
                                       0.001  +/-  1.000  (WMASS_VAR_signal)
                                      -0.000  +/-  0.884  (FT_EFF_Eigen_B_0)
                                       0.045  +/-  0.939  (FT_EFF_Eigen_B_1)
                                       0.003  +/-  0.994  (FT_EFF_Eigen_B_2)
                                      -0.001  +/-  1.000  (FT_EFF_Eigen_B_3)
                                       0.000  +/-  1.000  (FT_EFF_Eigen_B_4)
                                       0.000  +/-  1.000  (FT_EFF_Eigen_B_5)
                                       0.000  +/-  1.000  (FT_EFF_Eigen_B_6)
                                       0.000  +/-  1.000  (FT_EFF_Eigen_B_7)
                                       0.000  +/-  1.000  (FT_EFF_Eigen_B_8)
                                      -0.005  +/-  0.991  (FT_EFF_Eigen_C_0)
                                       0.007  +/-  0.999  (FT_EFF_Eigen_C_1)
                                       0.001  +/-  1.000  (FT_EFF_Eigen_C_2)
                                       0.000  +/-  1.000  (FT_EFF_Eigen_C_3)
                                      -0.002  +/-  0.988  (FT_EFF_Eigen_Light_0)
                                       0.001  +/-  0.999  (FT_EFF_Eigen_Light_1)
                                       0.002  +/-  1.000  (FT_EFF_Eigen_Light_2)
                                       0.001  +/-  1.000  (FT_EFF_Eigen_Light_3)
                                       0.012  +/-  0.998  (FT_EFF_extrapolation)
                                       0.001  +/-  0.999  (FT_EFF_extrapolation_from_charm)
                                       0.001  +/-  1.000  (THEORY_CROSS_SECTION_signal)
                                       0.057  +/-  0.563  (THEORY_SHOWERING_HERWIG7_signal)
                                       0.013  +/-  0.998  (THEORY_SCALE_FACTORISATION_signal)
                                      -0.004  +/-  0.997  (THEORY_SCALE_RENORMALISATION_signal)
                                      -0.069  +/-  0.917  (THEORY_ISR_signal)
                                      -0.009  +/-  0.936  (THEORY_FSR_signal)
                                      -0.072  +/-  0.911  (THEORY_HDAMP_signal)
                                      -0.025  +/-  0.981  (THEORY_PTHARD_signal)
                                       0.009  +/-  0.941  (THEORY_TOPRECOIL_signal)
                                      -0.054  +/-  0.938  (THEORY_TOP_MASS_signal)
                                      -0.000  +/-  1.000  (THEORY_PDF4LHC_VARIATION_signal)
                                       0.037  +/-  0.913  (THEORY_DR_DS_signal)
                                       0.002  +/-  0.987  (THEORY_CROSS_SECTION_Wjets)
                                       0.018  +/-  0.947  (THEORY_SCALE_COMBINED_Wjets)
                                       0.005  +/-  0.999  (THEORY_PDF4LHC_VARIATION_Wjets)
                                       0.001  +/-  1.000  (THEORY_EWK_Wjets)
                                       0.006  +/-  0.994  (THEORY_SCALE_COMBINED_multiboson_noW)
                                       0.003  +/-  1.000  (THEORY_PDF4LHC_VARIATION_multiboson_noW)
                                      -0.000  +/-  1.000  (THEORY_EWK_multiboson_noW)
                                       0.017  +/-  0.916  (THEORY_CROSS_SECTION_other_top_noWt)
                                       0.001  +/-  0.994  (FAKES_Electron)
                                      -0.000  +/-  1.000  (FAKES_Muon)
                                       0.012  +/-  0.982  (LUMINOSITY)

  Correlation matrix 
        1   0.00178 -9.74e-05   0.00275    0.0169   0.00626  1.92e-14  1.92e-14  0.000183  0.000577  1.44e-14   0.00134   0.00622  0.000783   0.00126  0.000344  0.000461   0.00471   0.00974    0.0118    0.0026    0.0538    0.0391 -0.000151     0.151    0.0368    0.0578    0.0101  -0.00355   -0.0117   0.00126    0.0223    0.0222     0.011    0.0286    0.0619  9.66e-06    0.0025   0.00368   -0.0161 -7.39e-05  -0.00731     -0.03   -0.0738     0.115    -0.235 -0.000548   -0.0963    -0.191    -0.485   -0.0218     0.131   -0.0633    -0.076   -0.0417    0.0411   -0.0529  -0.00259    0.0114   -0.0475     0.073     0.139  -0.00826  -0.00235   -0.0067 -0.000202     0.509    -0.122   -0.0211     0.045  -0.00013  0.000515 -2.12e-05  6.76e-06  6.48e-07    0.0164 -0.000727 -0.000401  0.000392    0.0492   0.00453 -0.000964 -0.000325  -0.00314    0.0173   0.00926    -0.102    0.0178   -0.0267   -0.0888     0.269   -0.0552   0.00428     0.182     0.418   0.00733     0.108     0.039    0.0526    0.0116 -0.000241    0.0223   0.00345  0.000153    0.0822    0.0418   0.00888    0.0358
  0.00178         1 -4.03e-05 -9.33e-05 -0.000247 -7.75e-05 -6.18e-17 -6.18e-17 -2.06e-06 -5.47e-06  2.37e-17 -3.49e-05 -0.000111 -1.26e-05 -6.09e-05 -8.56e-06  -1.1e-05 -7.18e-05 -0.000156  0.000138  1.73e-05  0.000284   0.00028  5.01e-05    0.0012  4.84e-05  0.000255  4.98e-05  7.08e-06  4.89e-05  1.68e-05   9.2e-05  9.67e-05  5.89e-05  0.000303  0.000402 -8.94e-08 -1.49e-05 -1.06e-05  9.68e-05   1.4e-07 -2.86e-06  6.24e-05  0.000252  0.000438  0.000438  3.04e-06 -0.000256  -0.00131  -0.00171 -0.000549 -0.000133 -0.000345 -0.000838 -0.000221 -0.000268  -0.00053 -6.42e-05  -0.00016 -0.000127 -0.000123 -3.59e-05 -9.53e-05  -5.3e-05 -6.27e-05 -1.67e-05 -0.000858  -0.00065 -0.000213 -6.34e-05  -8.8e-06 -2.01e-06 -1.75e-07 -7.03e-09 -2.28e-09 -0.000462  -8.4e-05 -2.32e-05 -3.27e-06 -0.000522 -4.41e-05 -7.08e-06 -4.18e-06 -4.68e-05  -0.00016 -7.45e-05 -0.000164 -0.000101 -0.000156 -0.000595  0.000819 -0.000887 -0.000418  0.000743  -0.00105 -1.19e-05  -0.00105 -0.000474  -0.00079 -0.000129 -3.76e-06 -0.000293 -5.18e-05 -1.65e-06  -0.00119 -0.000313 -7.31e-05 -0.000503
-9.74e-05 -4.03e-05         1  -0.00048  -0.00106 -0.000312 -1.58e-16 -1.58e-16 -3.51e-06 -1.11e-05  3.48e-18  -0.00018 -0.000469 -5.38e-05 -0.000302 -3.95e-05 -5.03e-05  -0.00031 -0.000656 -5.24e-05  6.68e-06 -0.000871 -0.000112 -8.21e-05  0.000758 -0.000275   0.00013 -6.63e-05 -0.000291 -7.15e-06 -0.000176  1.26e-05 -3.52e-06 -5.05e-05 -0.000963 -7.82e-05 -2.65e-07 -6.05e-05 -3.12e-05 -3.64e-05 -2.04e-06 -0.000367  0.000247   0.00127  0.000476  0.000918 -2.62e-05 -0.000365  -0.00306  -0.00451  -0.00153 -0.000239  -0.00149  -0.00229 -0.000286 -0.000833  -0.00127 -0.000146 -0.000486 -0.000725 -0.000408  0.000599 -0.000256 -0.000292 -0.000247 -0.000183  -0.00274  -0.00394  -0.00104 -0.000242 -1.96e-05 -9.02e-06 -1.04e-07 -3.19e-08 -7.65e-09  -0.00099 -0.000472 -9.09e-05   2.3e-06  -0.00119 -9.52e-05 -5.85e-05 -1.99e-05 -0.000342 -0.000494 -0.000262  0.000147 -0.000355  5.16e-05   0.00201  0.000371    0.0012  0.000272  0.000719 -0.000189 -4.94e-05  -0.00451  -0.00142  -0.00328 -0.000477 -3.67e-05  -0.00104 -0.000191 -2.61e-06   -0.0041 -0.000919 -0.000169  -0.00208
  0.00275 -9.33e-05  -0.00048         1  -0.00427  -0.00126 -4.05e-16 -4.05e-16 -4.62e-05 -4.27e-05 -6.18e-17 -0.000747  -0.00186 -0.000213  -0.00126 -0.000161 -0.000205  -0.00123  -0.00261 -0.000276 -2.58e-05  -0.00488 -0.000933 -0.000473 -0.000296  -0.00149  0.000546 -0.000421  -0.00158 -8.15e-05  -0.00101  0.000183  0.000115 -0.000229  -0.00647  -0.00184 -1.06e-06  -0.00015 -0.000217 -0.000458 -1.79e-05    -0.002   0.00029   0.00253   0.00195  -0.00427 -0.000214 -0.000231  -0.00592  -0.00898  -0.00269 -0.000813  -0.00384  -0.00543 -0.000355  -0.00231  -0.00256 -0.000656  -0.00157   -0.0017  -0.00155   0.00346   -0.0012   -0.0012  -0.00108 -0.000962   -0.0121   -0.0162  -0.00345  -0.00119 -3.55e-05 -4.65e-05 -2.41e-06 -2.14e-07 -3.21e-08  -0.00392  -0.00213  -0.00023 -4.42e-06  -0.00473 -0.000697 -0.000394 -9.76e-05  -0.00169  -0.00175  -0.00112  -0.00266  -0.00158 -0.000391   0.00492 -0.000281    0.0015 -0.000263   0.00247  5.18e-05 -0.000244   -0.0187   -0.0056    -0.013  -0.00186 -0.000144  -0.00417 -0.000735 -1.37e-05   -0.0166  -0.00353 -0.000589  -0.00834
   0.0169 -0.000247  -0.00106  -0.00427         1  -0.00285 -1.08e-15 -1.08e-15 -9.08e-05 -8.28e-05 -1.35e-16  -0.00157  -0.00419 -0.000477  -0.00268  -0.00035 -0.000445  -0.00276  -0.00586 -0.000334 -2.19e-05  -0.00752  -0.00135 -0.000815  -0.00309  -0.00223   0.00157  -0.00066  -0.00266 -0.000522  -0.00173  0.000514  0.000406 -0.000263   -0.0141  -0.00289 -2.22e-06 -0.000383 -0.000439  -0.00149 -2.86e-05  -0.00332 -0.000639   0.00148   0.00412   -0.0227 -0.000356  -0.00164   -0.0197   -0.0297  -0.00899  -0.00289   -0.0099   -0.0156  -0.00213  -0.00549   -0.0081  -0.00193  -0.00431  -0.00449  -0.00439   0.00594  -0.00275  -0.00256  -0.00241  -0.00181   -0.0319   -0.0333  -0.00882  -0.00252 -0.000146 -9.51e-05 -4.24e-06 -2.72e-07 -5.84e-08  -0.00953  -0.00414 -0.000569 -1.42e-05   -0.0108  -0.00134 -0.000684 -0.000173  -0.00284   -0.0039  -0.00235   -0.0003  -0.00284 -0.000955   0.00747 -0.000126  9.91e-05  -0.00168   0.00611  -0.00576 -0.000553   -0.0378   -0.0122   -0.0269  -0.00384 -0.000262  -0.00871  -0.00149 -3.09e-05   -0.0349  -0.00774  -0.00139   -0.0186
  0.00626 -7.75e-05 -0.000312  -0.00126  -0.00285         1 -3.36e-16 -3.36e-16 -2.78e-05 -2.66e-05 -3.28e-17 -0.000464  -0.00126 -0.000143 -0.000791 -0.000104 -0.000132 -0.000825  -0.00175 -3.73e-05  2.44e-06  -0.00194 -0.000265 -0.000215 -0.000941 -0.000581   0.00059  -0.00016 -0.000738 -0.000176 -0.000475    0.0002  0.000173 -4.17e-05  -0.00417 -0.000682 -6.64e-07 -0.000114 -0.000131 -0.000476 -7.97e-06 -0.000923 -0.000311  4.16e-05    0.0014  -0.00824   -0.0001 -0.000572   -0.0062  -0.00929  -0.00276 -0.000974  -0.00298  -0.00481 -0.000722  -0.00169  -0.00254  -0.00064  -0.00135  -0.00133  -0.00141   0.00173 -0.000832 -0.000747 -0.000719 -0.000517   -0.0102  -0.00969  -0.00267 -0.000753 -4.81e-05 -2.83e-05  -1.3e-06 -7.48e-08 -1.71e-08  -0.00297  -0.00121 -0.000169 -7.27e-06  -0.00329 -0.000416   -0.0002 -4.98e-05 -0.000803  -0.00116 -0.000697  0.000429 -0.000816  -0.00033    0.0017   0.00029 -0.000429 -0.000745   0.00215  -0.00223 -0.000167    -0.011  -0.00363  -0.00786  -0.00113 -7.39e-05  -0.00257 -0.000439 -9.69e-06   -0.0103   -0.0023 -0.000426  -0.00556
 1.92e-14 -6.18e-17 -1.58e-16 -4.05e-16 -1.08e-15 -3.36e-16         1 -2.62e-28  -4.8e-18 -5.49e-18  7.61e-29 -1.52e-16 -4.89e-16 -5.53e-17 -2.64e-16  -3.7e-17 -4.75e-17 -3.19e-16 -6.83e-16  2.99e-16  4.31e-17  5.65e-16  5.76e-16  5.75e-17  1.71e-15  1.45e-16  6.04e-16  8.59e-17 -9.32e-18   1.4e-17  4.99e-17  2.19e-16   1.5e-16  1.13e-16 -2.46e-16  7.94e-16 -2.44e-19 -3.75e-17 -4.83e-17  1.69e-17 -2.88e-19 -3.87e-17  2.52e-16  1.06e-15  1.35e-15 -2.05e-15  5.09e-18  -4.5e-16 -5.64e-15 -8.21e-15 -2.64e-15 -8.65e-16 -2.35e-15 -4.15e-15 -7.33e-16 -1.39e-15 -2.59e-15 -4.61e-16 -1.09e-15 -1.09e-15 -8.25e-16  6.39e-16 -3.06e-16 -2.34e-16  -1.7e-16 -7.85e-17 -5.47e-15 -3.01e-15 -1.31e-15 -1.96e-16 -4.02e-17 -8.02e-18  -3.1e-19 -1.85e-20 -6.99e-21 -1.28e-15 -3.13e-16 -9.85e-17 -5.34e-18 -1.23e-15 -8.62e-17  -3.2e-17 -1.02e-17 -1.71e-16 -4.08e-16 -1.97e-16  7.38e-15 -3.68e-16 -1.25e-16  5.53e-16  1.05e-15 -5.21e-16 -2.98e-16   1.4e-15 -2.13e-15 -7.59e-17 -3.18e-15 -1.12e-15 -2.03e-15 -3.67e-16 -8.49e-18 -7.04e-16 -1.21e-16 -4.09e-18 -2.99e-15 -7.29e-16 -1.62e-16 -2.08e-15
 1.92e-14 -6.18e-17 -1.58e-16 -4.05e-16 -1.08e-15 -3.36e-16 -2.62e-28         1  -4.8e-18 -5.49e-18  7.61e-29 -1.52e-16 -4.89e-16 -5.53e-17 -2.64e-16  -3.7e-17 -4.75e-17 -3.19e-16 -6.83e-16  2.99e-16  4.31e-17  5.65e-16  5.76e-16  5.75e-17  1.71e-15  1.45e-16  6.04e-16  8.59e-17 -9.32e-18   1.4e-17  4.99e-17  2.19e-16   1.5e-16  1.13e-16 -2.46e-16  7.94e-16 -2.44e-19 -3.75e-17 -4.83e-17  1.69e-17 -2.88e-19 -3.87e-17  2.52e-16  1.06e-15  1.35e-15 -2.05e-15  5.09e-18  -4.5e-16 -5.64e-15 -8.21e-15 -2.64e-15 -8.65e-16 -2.35e-15 -4.15e-15 -7.33e-16 -1.39e-15 -2.59e-15 -4.61e-16 -1.09e-15 -1.09e-15 -8.25e-16  6.39e-16 -3.06e-16 -2.34e-16  -1.7e-16 -7.85e-17 -5.47e-15 -3.01e-15 -1.31e-15 -1.96e-16 -4.02e-17 -8.02e-18  -3.1e-19 -1.85e-20 -6.99e-21 -1.28e-15 -3.13e-16 -9.85e-17 -5.34e-18 -1.23e-15 -8.62e-17  -3.2e-17 -1.02e-17 -1.71e-16 -4.08e-16 -1.97e-16  7.38e-15 -3.68e-16 -1.25e-16  5.53e-16  1.05e-15 -5.21e-16 -2.98e-16   1.4e-15 -2.13e-15 -7.59e-17 -3.18e-15 -1.12e-15 -2.03e-15 -3.67e-16 -8.49e-18 -7.04e-16 -1.21e-16 -4.09e-18 -2.99e-15 -7.29e-16 -1.62e-16 -2.08e-15
 0.000183 -2.06e-06 -3.51e-06 -4.62e-05 -9.08e-05 -2.78e-05  -4.8e-18  -4.8e-18         1 -3.97e-06  6.02e-18  -1.6e-05 -3.74e-05 -4.25e-06 -2.77e-05 -3.53e-06 -4.43e-06 -2.46e-05 -5.32e-05  4.88e-05  6.49e-06 -3.72e-05  8.42e-05  4.92e-06  0.000271 -3.04e-05  0.000131  9.71e-06 -4.59e-05  1.41e-05 -2.48e-05  5.38e-05  5.66e-05     2e-05 -7.97e-05  6.94e-05  -3.9e-08  2.14e-06 -9.05e-06  1.15e-05 -8.13e-07 -6.86e-05 -1.02e-05 -3.44e-05  0.000281 -0.000462 -8.99e-06   2.5e-05  0.000194  0.000389  0.000182 -3.56e-05  7.19e-05  9.76e-05  2.32e-05 -3.96e-05  7.94e-05 -3.93e-05 -1.51e-05  7.37e-05 -4.54e-05  0.000188 -3.83e-05 -1.68e-05 -2.89e-05 -2.61e-05 -0.000487 -0.000279     7e-06 -4.33e-05  1.25e-06 -1.83e-06 -2.17e-07 -1.33e-08 -1.35e-09 -0.000167 -6.32e-05  3.15e-06 -3.23e-06 -0.000183 -5.43e-05 -2.13e-05 -3.93e-06 -6.31e-05 -3.72e-05 -3.29e-05  9.28e-05  -5.2e-05 -6.27e-05 -0.000275  0.000345 -0.000304 -0.000223  0.000409 -8.73e-05 -6.25e-06 -0.000489 -0.000164 -0.000289 -5.02e-05  -3.2e-06 -0.000112 -2.17e-05 -8.78e-07  -0.00044 -8.62e-05 -2.12e-05 -0.000176
 0.000577 -5.47e-06 -1.11e-05 -4.27e-05 -8.28e-05 -2.66e-05 -5.49e-18 -5.49e-18 -3.97e-06         1  1.03e-17 -1.45e-05 -3.34e-05 -3.91e-06 -2.56e-05 -3.37e-06 -4.21e-06  -2.2e-05 -4.87e-05   8.1e-05  1.81e-05  4.29e-05  0.000187  1.96e-05  0.000474 -3.51e-05   0.00026  3.77e-05 -5.06e-05  4.14e-06 -2.23e-05  9.19e-05  0.000114  4.02e-05 -1.47e-05  0.000242 -6.35e-08 -2.86e-06 -2.75e-06 -2.07e-07 -5.48e-07 -8.49e-05 -0.000103 -0.000298  0.000488  -0.00113 -8.04e-06 -9.54e-05  0.000427  0.000901  0.000407 -3.13e-05   0.00027  0.000372  3.58e-05 -3.71e-05  0.000258  -5.6e-05  5.69e-05  0.000202 -6.19e-05  0.000211 -3.15e-05   1.9e-06  -4.2e-05 -1.73e-05 -0.000687 -0.000158  8.36e-05 -5.56e-05  8.52e-07 -2.16e-06 -2.57e-07 -1.88e-08 -2.13e-09 -0.000292 -7.55e-05  4.75e-06 -7.14e-06  -0.00031 -9.37e-05 -2.87e-05  -5.8e-06 -7.89e-05 -6.11e-05 -4.37e-05  -0.00088 -3.58e-05 -7.49e-05 -0.000568   0.00101 -0.000367 -0.000439  0.000958 -0.000176  1.23e-06 -0.000587 -0.000261 -0.000392 -7.41e-05 -6.71e-06  -0.00017 -4.13e-05 -1.32e-06 -0.000604 -0.000123 -4.65e-05 -0.000172
 1.44e-14  2.37e-17  3.48e-18 -6.18e-17 -1.35e-16 -3.28e-17  7.61e-29  7.61e-29  6.02e-18  1.03e-17         1 -2.51e-17 -6.19e-17 -7.21e-18 -4.16e-17  -4.8e-18    -6e-18 -4.12e-17 -8.17e-17 -5.21e-16 -6.88e-17    -1e-15 -1.04e-15 -1.71e-16  -4.1e-15 -1.72e-16 -8.34e-16 -1.85e-16 -7.11e-17 -2.46e-16 -1.35e-16 -3.44e-16 -2.87e-16 -1.93e-16 -1.81e-15 -1.37e-15  6.91e-20 -4.79e-17  2.41e-17  -4.4e-16   1.3e-18  5.96e-18 -6.49e-16 -1.73e-15 -1.93e-15 -2.99e-15 -3.47e-18 -1.56e-16  4.22e-16 -8.18e-17 -1.25e-16  3.35e-16  2.24e-16  6.13e-16   2.4e-17  6.36e-16  5.41e-16  2.17e-16  3.08e-16 -6.33e-17  9.54e-17  -8.2e-16 -1.17e-17 -9.94e-17 -1.22e-16    -5e-17  1.14e-15 -8.07e-16 -4.22e-16 -2.39e-17 -2.42e-18  1.42e-18  7.63e-19  7.67e-20  6.07e-21  2.07e-16   7.9e-18 -1.87e-17  1.56e-17  1.37e-16  1.27e-16  4.71e-17  7.32e-18  1.65e-16 -9.49e-17 -3.55e-17 -7.07e-15  2.84e-16  2.18e-16  1.06e-15 -2.44e-15  1.12e-15  6.95e-16 -1.95e-15  3.21e-16  9.35e-18 -2.91e-16 -1.83e-16 -8.81e-16 -3.45e-18 -1.02e-17 -1.78e-16  -8.8e-18  2.55e-18 -6.18e-16 -1.91e-16 -7.84e-19 -3.04e-16
  0.00134 -3.49e-05  -0.00018 -0.000747  -0.00157 -0.000464 -1.52e-16 -1.52e-16  -1.6e-05 -1.45e-05 -2.51e-17         1 -0.000688 -7.84e-05 -0.000463 -5.94e-05 -7.54e-05 -0.000454 -0.000962 -0.000109 -9.69e-06  -0.00175 -0.000349 -0.000171 -3.28e-05 -0.000529  0.000177 -0.000155 -0.000566 -2.79e-05 -0.000368  5.53e-05  3.26e-05 -8.51e-05   -0.0023 -0.000652 -3.86e-07 -5.95e-05 -7.61e-05 -0.000156 -6.21e-06 -0.000713   0.00014   0.00103  0.000697  -0.00122 -7.54e-05 -8.19e-05  -0.00232  -0.00353  -0.00109 -0.000288  -0.00147  -0.00208 -0.000145 -0.000844  -0.00099 -0.000229 -0.000579 -0.000662 -0.000568   0.00125  -0.00044 -0.000448 -0.000403 -0.000351  -0.00435  -0.00596  -0.00131 -0.000434 -1.36e-05 -1.69e-05 -7.73e-07 -6.77e-08 -1.12e-08  -0.00144 -0.000775 -8.84e-05 -2.18e-07  -0.00174  -0.00024 -0.000137 -3.44e-05 -0.000596 -0.000657 -0.000412 -0.000442 -0.000554 -9.65e-05   0.00201 -0.000137  0.000742  -4.3e-06  0.000888     4e-05 -8.89e-05  -0.00689  -0.00207  -0.00484 -0.000685  -5.3e-05  -0.00154  -0.00027 -4.86e-06  -0.00613  -0.00131 -0.000219  -0.00308
  0.00622 -0.000111 -0.000469  -0.00186  -0.00419  -0.00126 -4.89e-16 -4.89e-16 -3.74e-05 -3.34e-05 -6.19e-17 -0.000688         1  -0.00021  -0.00117 -0.000154 -0.000195  -0.00121  -0.00258 -0.000164  -1.2e-05  -0.00316 -0.000616 -0.000354  -0.00161 -0.000918  0.000628 -0.000287  -0.00111 -0.000254 -0.000726  0.000199  0.000148 -0.000119  -0.00619  -0.00126 -9.55e-07 -0.000174 -0.000188 -0.000687 -1.17e-05  -0.00138 -0.000317  0.000556   0.00165   -0.0103 -0.000147 -0.000802  -0.00929   -0.0141  -0.00432  -0.00132  -0.00457  -0.00724  -0.00104  -0.00246  -0.00383 -0.000857  -0.00196  -0.00211  -0.00197   0.00244   -0.0012  -0.00113  -0.00105 -0.000773   -0.0142   -0.0146    -0.004  -0.00108 -6.95e-05 -4.07e-05 -1.69e-06 -1.04e-07 -2.46e-08  -0.00417  -0.00178  -0.00026 -4.21e-06  -0.00468 -0.000551 -0.000281 -7.24e-05  -0.00118  -0.00171  -0.00102  0.000217  -0.00121 -0.000387   0.00339  -0.00027  0.000115 -0.000633   0.00246  -0.00279 -0.000243   -0.0163  -0.00529   -0.0117  -0.00166 -0.000112  -0.00378 -0.000643 -1.32e-05   -0.0151  -0.00339 -0.000607  -0.00818
 0.000783 -1.26e-05 -5.38e-05 -0.000213 -0.000477 -0.000143 -5.53e-17 -5.53e-17 -4.25e-06 -3.91e-06 -7.21e-18 -7.84e-05  -0.00021         1 -0.000133 -1.75e-05 -2.22e-05 -0.000138 -0.000294 -1.97e-05 -1.28e-06 -0.000365 -7.12e-05 -4.07e-05 -0.000177 -0.000106  7.14e-05 -3.29e-05 -0.000128 -2.87e-05 -8.37e-05  2.22e-05  1.69e-05 -1.39e-05 -0.000703 -0.000144 -1.09e-07 -2.01e-05 -2.11e-05 -7.76e-05 -1.33e-06 -0.000159 -3.44e-05  6.96e-05   0.00019  -0.00115 -1.68e-05 -9.05e-05  -0.00104  -0.00158 -0.000484 -0.000147 -0.000515 -0.000813 -0.000115 -0.000278 -0.000427 -9.63e-05  -0.00022 -0.000237 -0.000223  0.000282 -0.000136 -0.000128  -0.00012 -8.85e-05   -0.0016  -0.00166 -0.000453 -0.000124 -7.78e-06 -4.65e-06 -1.89e-07 -1.18e-08 -2.81e-09 -0.000475 -0.000203 -2.96e-05 -4.74e-07 -0.000534 -6.31e-05 -3.22e-05 -8.29e-06 -0.000136 -0.000196 -0.000117  1.94e-05 -0.000137  -4.1e-05  0.000401 -2.23e-05  3.28e-05 -6.81e-05  0.000288 -0.000301 -2.75e-05  -0.00187 -0.000604  -0.00134 -0.000191 -1.29e-05 -0.000432 -7.39e-05  -1.5e-06  -0.00173 -0.000387 -6.95e-05 -0.000931
  0.00126 -6.09e-05 -0.000302  -0.00126  -0.00268 -0.000791 -2.64e-16 -2.64e-16 -2.77e-05 -2.56e-05 -4.16e-17 -0.000463  -0.00117 -0.000133         1 -0.000101 -0.000128 -0.000772  -0.00164 -0.000164 -1.47e-05  -0.00285 -0.000551 -0.000281 -0.000271 -0.000862  0.000345 -0.000248 -0.000933 -6.86e-05 -0.000605  0.000112   7.6e-05  -0.00013  -0.00398  -0.00107 -6.55e-07   -0.0001 -0.000131 -0.000304 -1.03e-05  -0.00118  0.000119   0.00138   0.00118  -0.00317 -0.000125 -0.000218  -0.00412  -0.00624  -0.00189 -0.000549  -0.00249  -0.00361 -0.000306  -0.00144  -0.00174 -0.000422  -0.00101  -0.00111  -0.00101   0.00203 -0.000756 -0.000751 -0.000685 -0.000583  -0.00772  -0.00998  -0.00224 -0.000738 -2.61e-05 -2.85e-05 -1.38e-06 -1.15e-07  -1.9e-08  -0.00251  -0.00129 -0.000149 -2.15e-06  -0.00299 -0.000416 -0.000231 -5.78e-05 -0.000991  -0.00111 -0.000695  -0.00131 -0.000933 -0.000229   0.00296 -0.000152  0.000823 -0.000192   0.00158 -0.000318 -0.000152   -0.0115  -0.00352   -0.0081  -0.00115 -8.74e-05   -0.0026 -0.000454 -8.53e-06   -0.0103  -0.00223 -0.000378  -0.00523
 0.000344 -8.56e-06 -3.95e-05 -0.000161  -0.00035 -0.000104  -3.7e-17  -3.7e-17 -3.53e-06 -3.37e-06  -4.8e-18 -5.94e-05 -0.000154 -1.75e-05 -0.000101         1 -1.66e-05 -0.000101 -0.000215 -1.47e-05 -8.35e-07 -0.000322 -5.55e-05 -3.26e-05 -4.21e-05 -9.78e-05  5.68e-05 -2.75e-05 -0.000111 -1.24e-05 -7.19e-05  1.86e-05  1.47e-05 -1.24e-05 -0.000507 -0.000114 -8.46e-08 -1.37e-05 -1.64e-05  -4.4e-05 -1.21e-06  -0.00014  1.36e-06  0.000133  0.000169 -0.000588 -1.49e-05 -4.11e-05 -0.000614 -0.000922 -0.000278 -8.74e-05 -0.000339 -0.000511 -5.56e-05 -0.000195 -0.000255  -6.3e-05 -0.000143 -0.000151 -0.000146  0.000253 -9.99e-05 -9.61e-05 -8.96e-05 -7.18e-05  -0.00109  -0.00127 -0.000305 -9.54e-05 -4.21e-06 -3.65e-06 -1.68e-07 -1.25e-08 -2.34e-09 -0.000343 -0.000162 -2.01e-05 -4.78e-07 -0.000398 -5.33e-05 -2.81e-05 -7.03e-06 -0.000118 -0.000146 -8.95e-05 -3.16e-05 -0.000113 -2.94e-05  0.000342  1.25e-05  7.12e-05 -4.38e-05   0.00024 -0.000113    -2e-05  -0.00146 -0.000458  -0.00103 -0.000147 -1.07e-05 -0.000333 -5.79e-05 -1.14e-06  -0.00133  -0.00029 -5.09e-05 -0.000684
 0.000461  -1.1e-05 -5.03e-05 -0.000205 -0.000445 -0.000132 -4.75e-17 -4.75e-17 -4.43e-06 -4.21e-06    -6e-18 -7.54e-05 -0.000195 -2.22e-05 -0.000128 -1.66e-05         1 -0.000129 -0.000273 -1.78e-05 -1.01e-06 -0.000403 -6.85e-05 -4.06e-05 -4.07e-05 -0.000122  7.21e-05 -3.44e-05 -0.000139 -1.51e-05 -9.04e-05  2.35e-05  1.87e-05 -1.53e-05 -0.000634 -0.000141 -1.07e-07 -1.76e-05 -2.08e-05  -5.4e-05 -1.51e-06 -0.000175  3.62e-06  0.000174  0.000214  -0.00072 -1.86e-05 -5.46e-05 -0.000797   -0.0012 -0.000362 -0.000111 -0.000435 -0.000658 -7.35e-05 -0.000249  -0.00033 -7.93e-05 -0.000182 -0.000194 -0.000185  0.000316 -0.000127 -0.000122 -0.000114 -9.07e-05  -0.00138  -0.00161  -0.00039 -0.000121 -5.44e-06 -4.61e-06 -2.09e-07 -1.54e-08 -2.94e-09 -0.000436 -0.000205 -2.58e-05 -5.51e-07 -0.000507 -6.68e-05 -3.51e-05 -8.85e-06 -0.000149 -0.000186 -0.000114 -3.14e-05 -0.000143 -3.75e-05  0.000432  1.73e-05  8.49e-05 -5.55e-05  0.000304 -0.000154 -2.53e-05  -0.00186 -0.000583  -0.00131 -0.000187 -1.35e-05 -0.000423 -7.35e-05 -1.45e-06  -0.00169 -0.000369  -6.5e-05 -0.000869
  0.00471 -7.18e-05  -0.00031  -0.00123  -0.00276 -0.000825 -3.19e-16 -3.19e-16 -2.46e-05  -2.2e-05 -4.12e-17 -0.000454  -0.00121 -0.000138 -0.000772 -0.000101 -0.000129         1   -0.0017 -0.000122 -8.77e-06  -0.00216 -0.000434 -0.000242  -0.00111 -0.000627  0.000396 -0.000197  -0.00075 -0.000168 -0.000488  0.000124  8.78e-05 -8.67e-05  -0.00412 -0.000872 -6.28e-07 -0.000113 -0.000124 -0.000456 -7.87e-06 -0.000929 -0.000183   0.00045   0.00109  -0.00665 -9.87e-05 -0.000489  -0.00598  -0.00911  -0.00279 -0.000858  -0.00301  -0.00471 -0.000647  -0.00162  -0.00248 -0.000562  -0.00129  -0.00139  -0.00129   0.00167 -0.000784 -0.000742 -0.000688 -0.000515  -0.00928  -0.00963  -0.00262 -0.000714 -4.45e-05 -2.69e-05 -1.11e-06 -7.15e-08 -1.64e-08  -0.00271  -0.00118  -0.00017 -2.51e-06  -0.00305 -0.000364 -0.000189 -4.82e-05 -0.000795  -0.00112  -0.00067  0.000349 -0.000803 -0.000227   0.00243 -0.000229  0.000286 -0.000342   0.00158  -0.00163  -0.00016   -0.0108  -0.00346   -0.0077   -0.0011 -7.46e-05  -0.00248 -0.000424 -8.57e-06  -0.00994  -0.00221 -0.000394  -0.00538
  0.00974 -0.000156 -0.000656  -0.00261  -0.00586  -0.00175 -6.83e-16 -6.83e-16 -5.32e-05 -4.87e-05 -8.17e-17 -0.000962  -0.00258 -0.000294  -0.00164 -0.000215 -0.000273   -0.0017         1 -0.000207 -1.23e-05  -0.00441 -0.000813  -0.00049  -0.00209  -0.00129  0.000936 -0.000392  -0.00157 -0.000348  -0.00102  0.000299   0.00023 -0.000157  -0.00861  -0.00171 -1.34e-06 -0.000242 -0.000263 -0.000949 -1.65e-05  -0.00195 -0.000434  0.000797   0.00244   -0.0145 -0.000207  -0.00111   -0.0128   -0.0194  -0.00592  -0.00185  -0.00633     -0.01  -0.00142  -0.00345  -0.00528  -0.00121  -0.00273   -0.0029  -0.00276    0.0035  -0.00168  -0.00157  -0.00147  -0.00108   -0.0199   -0.0203  -0.00555  -0.00152  -9.6e-05 -5.73e-05 -2.42e-06 -1.51e-07 -3.49e-08  -0.00586   -0.0025  -0.00036 -7.41e-06  -0.00657 -0.000788   -0.0004 -0.000102  -0.00167   -0.0024  -0.00143   0.00051   -0.0017 -0.000544   0.00469 -0.000168  0.000162 -0.000944   0.00364  -0.00383  -0.00034   -0.0229   -0.0074   -0.0164  -0.00233 -0.000157  -0.00529 -0.000904 -1.87e-05   -0.0212  -0.00473 -0.000852   -0.0114
   0.0118  0.000138 -5.24e-05 -0.000276 -0.000334 -3.73e-05  2.99e-16  2.99e-16  4.88e-05   8.1e-05 -5.21e-16 -0.000109 -0.000164 -1.97e-05 -0.000164 -1.47e-05 -1.78e-05 -0.000122 -0.000207         1 -0.000402  -0.00824   -0.0065  -0.00128   -0.0243  -0.00164  -0.00535  -0.00127 -0.000811  -0.00131 -0.000746  -0.00213  -0.00227  -0.00144   -0.0113  -0.00893  6.02e-07 -8.95e-05  5.78e-05  -0.00254 -2.69e-06 -0.000635  -0.00181  -0.00372    -0.011   -0.0098 -6.15e-05  0.000242  0.000979  -0.00387  -0.00213   0.00114  -0.00197  6.19e-05  0.000788   0.00116  0.000592  0.000786  0.000313  -0.00216  0.000384  -0.00217  0.000489   -0.0004  4.66e-05 -0.000256   0.00555  -0.00516    -0.002  0.000321 -1.19e-05  1.38e-05  3.33e-06  4.94e-08  1.37e-08   0.00385 -9.58e-06 -0.000112  9.21e-05   0.00394  0.000875  0.000116   1.4e-05 -4.91e-05  0.000526  0.000264   -0.0275  0.000295   0.00169    0.0135   -0.0175    0.0137   0.00756   -0.0158   0.00953  5.37e-06   0.00172   0.00213  0.000222  0.000414  -5.3e-05  0.000774  0.000162  2.06e-05   0.00326   0.00102  0.000531 -0.000494
   0.0026  1.73e-05  6.68e-06 -2.58e-05 -2.19e-05  2.44e-06  4.31e-17  4.31e-17  6.49e-06  1.81e-05 -6.88e-17 -9.69e-06  -1.2e-05 -1.28e-06 -1.47e-05 -8.35e-07 -1.01e-06 -8.77e-06 -1.23e-05 -0.000402         1  -0.00108 -0.000892 -0.000157  -0.00289 -0.000199 -0.000819 -0.000185 -8.53e-05 -0.000115 -9.03e-05 -0.000306 -0.000339 -0.000194   -0.0013  -0.00129  9.12e-08 -6.78e-06 -4.83e-06 -0.000237 -6.89e-07 -4.57e-05 -0.000148 -0.000238   -0.0018  0.000507 -7.36e-06 -7.64e-06 -0.000289  -0.00123 -0.000603  0.000217  -0.00033 -0.000312  2.75e-06  0.000211 -0.000156  0.000183  2.71e-05 -0.000349  0.000169 -0.000669  3.52e-05 -7.12e-05  1.69e-05 -3.83e-05   0.00163 -0.000717 -0.000249  5.65e-05 -1.44e-06  2.77e-06  3.04e-07  1.41e-09  1.95e-09  0.000571   2.4e-05 -1.59e-05  1.57e-05  0.000507  0.000157  2.78e-05   2.4e-06  1.56e-06  6.02e-05  3.26e-05  -0.00556 -3.32e-05  2.33e-05   0.00112  -0.00288  0.000722  0.000874  -0.00271  0.000614    -4e-06  0.000251  0.000259   3.9e-07  6.49e-05 -1.74e-06  9.38e-05  3.32e-05  2.68e-06  0.000303  6.51e-05  8.07e-05 -3.32e-05
   0.0538  0.000284 -0.000871  -0.00488  -0.00752  -0.00194  5.65e-16  5.65e-16 -3.72e-05  4.29e-05    -1e-15  -0.00175  -0.00316 -0.000365  -0.00285 -0.000322 -0.000403  -0.00216  -0.00441  -0.00824  -0.00108         1   -0.0187  -0.00478   -0.0506   -0.0109   -0.0118  -0.00464  -0.00812  -0.00191  -0.00527  -0.00447  -0.00554  -0.00463   -0.0414    -0.029 -9.31e-07  2.14e-05 -0.000632  -0.00536 -9.65e-05  -0.00989  0.000554   0.00966   -0.0206   0.00711  -0.00105   0.00395    0.0163    0.0116   0.00222   0.00372  -0.00675   0.00196   0.00617  -0.00229   0.00419   0.00147 -0.000421  -0.00537   0.00116   0.00811 -0.000355  -0.00303  -0.00102  -0.00337   0.00582   -0.0478  -0.00462  -0.00147  0.000143 -7.81e-05 -6.12e-06 -1.69e-06 -1.09e-07   0.00633  -0.00586 -0.000317  0.000161    0.0036 -0.000378  -0.00145 -0.000361  -0.00787 -0.000469  -0.00136    -0.106  -0.00664   0.00115    0.0446   -0.0434    0.0383    0.0183    -0.037    0.0431 -0.000445   -0.0373  -0.00306   -0.0224  -0.00279 -0.000549  -0.00567  -0.00123  1.98e-05   -0.0219  -0.00218  0.000944   -0.0138
   0.0391   0.00028 -0.000112 -0.000933  -0.00135 -0.000265  5.76e-16  5.76e-16  8.42e-05  0.000187 -1.04e-15 -0.000349 -0.000616 -7.12e-05 -0.000551 -5.55e-05 -6.85e-05 -0.000434 -0.000813   -0.0065 -0.000892   -0.0187         1  -0.00278   -0.0499  -0.00383   -0.0113  -0.00283   -0.0021  -0.00249  -0.00177  -0.00438  -0.00485  -0.00308   -0.0248   -0.0196  1.11e-06 -0.000124 -1.33e-05  -0.00506 -1.53e-05  -0.00186  -0.00316  -0.00574   -0.0232   -0.0159 -0.000206  0.000895  0.000916   -0.0102  -0.00528   0.00223  -0.00512  -0.00172   0.00156   0.00183  6.63e-05    0.0016  5.09e-05  -0.00501   0.00085   -0.0042  0.000742  -0.00108  6.59e-05  -0.00078    0.0113    -0.014  -0.00439  0.000513 -1.89e-05  2.06e-05  4.99e-06 -7.64e-08  1.67e-08   0.00791 -0.000423 -0.000237  0.000195    0.0078   0.00172   0.00012 -3.88e-07 -0.000727   0.00102  0.000403   -0.0616 -0.000311   0.00258    0.0268    -0.039    0.0251    0.0153    -0.035    0.0191 -7.72e-05  0.000632   0.00394 -0.000872  0.000638 -0.000116   0.00116  0.000286  3.96e-05   0.00455    0.0017   0.00115  -0.00223
-0.000151  5.01e-05 -8.21e-05 -0.000473 -0.000815 -0.000215  5.75e-17  5.75e-17  4.92e-06  1.96e-05 -1.71e-16 -0.000171 -0.000354 -4.07e-05 -0.000281 -3.26e-05 -4.06e-05 -0.000242  -0.00049  -0.00128 -0.000157  -0.00478  -0.00278         1   -0.0107  -0.00111  -0.00189 -0.000612 -0.000775 -0.000567  -0.00052 -0.000732 -0.000891  -0.00065  -0.00655  -0.00418  6.98e-08 -8.49e-08 -4.95e-05  -0.00124 -8.46e-06 -0.000883 -0.000606 -0.000848  -0.00351  -0.00737 -9.55e-05  0.000488  0.000707  -0.00125 -0.000533  4.45e-05  -0.00152 -0.000583  0.000583 -0.000344 -2.99e-05 -3.13e-05 -0.000394  -0.00114 -0.000281  0.000763  7.12e-05 -0.000307 -3.97e-05 -0.000298  -0.00152  -0.00487   -0.0011 -5.22e-05 -3.54e-06 -4.86e-06  9.47e-08 -1.32e-07 -6.28e-09   0.00123 -0.000455 -4.97e-05  2.56e-05    0.0013  0.000113 -0.000111 -2.37e-05 -0.000627  0.000193 -7.17e-06  -0.00884 -0.000465  0.000568   0.00673  -0.00725   0.00652   0.00311  -0.00604   0.00556 -5.86e-05  -0.00193  0.000535 -0.000905 -6.56e-05 -4.64e-05 -3.83e-05  -2.6e-05  5.54e-06 -0.000119  0.000315  0.000219  -0.00142
    0.151    0.0012  0.000758 -0.000296  -0.00309 -0.000941  1.71e-15  1.71e-15  0.000271  0.000474  -4.1e-15 -3.28e-05  -0.00161 -0.000177 -0.000271 -4.21e-05 -4.07e-05  -0.00111  -0.00209   -0.0243  -0.00289   -0.0506   -0.0499   -0.0107         1   -0.0076   -0.0361  -0.00851  -0.00263   -0.0184  -0.00262   -0.0142    -0.016   -0.0102    -0.135   -0.0747  6.51e-06   1.2e-05  0.000161   -0.0359  -6.6e-06 -0.000549   -0.0413    -0.113   -0.0844    -0.406 -0.000267  -0.00276  -0.00636   -0.0584   -0.0155  -0.00885   -0.0185  -0.00765   0.00101   0.00275  -0.00193   -0.0052  -0.00825   -0.0174   -0.0133   -0.0147   0.00433 -0.000469   0.00186  0.000379   -0.0705   -0.0126   -0.0216   0.00324 -0.000661  0.000111  1.62e-05  5.44e-08  1.26e-07    0.0267   0.00383 -0.000342  0.000331    0.0387   0.00487  0.000544  0.000268   0.00268    0.0106   0.00482    -0.189   0.00516    0.0101     0.061    -0.141    0.0815    0.0416     -0.12     0.047 -0.000436    0.0693    0.0327    0.0492   0.00854  0.000121    0.0192   0.00334  0.000141    0.0766    0.0204   0.00539  -0.00255
   0.0368  4.84e-05 -0.000275  -0.00149  -0.00223 -0.000581  1.45e-16  1.45e-16 -3.04e-05 -3.51e-05 -1.72e-16 -0.000529 -0.000918 -0.000106 -0.000862 -9.78e-05 -0.000122 -0.000627  -0.00129  -0.00164 -0.000199   -0.0109  -0.00383  -0.00111   -0.0076         1  -0.00186  -0.00105  -0.00248 -0.000175  -0.00155 -0.000702 -0.000908  -0.00101  -0.00944  -0.00621 -5.77e-07  1.44e-05 -0.000198  -0.00086 -3.03e-05  -0.00316  0.000576   0.00381  -0.00276   0.00596 -0.000329  0.000957   0.00712   0.00876   0.00275   0.00119 -0.000363    0.0025   0.00199 -0.000734   0.00243  0.000357   0.00032 -0.000367  0.000473   0.00333 -0.000246 -0.000811 -0.000423  -0.00103   0.00121   -0.0136 -0.000381 -0.000642  6.26e-05 -3.11e-05 -3.14e-06 -5.74e-07 -4.16e-08  0.000531  -0.00198 -4.87e-05   1.4e-05 -0.000536 -0.000531 -0.000536  -0.00013  -0.00262 -0.000442 -0.000592    -0.031  -0.00216 -0.000187   0.00938   -0.0065   0.00797    0.0029  -0.00535    0.0112  -0.00011   -0.0135  -0.00215  -0.00819  -0.00115  -0.00018  -0.00242 -0.000534 -1.22e-06  -0.00921  -0.00127  4.94e-05  -0.00419
   0.0578  0.000255   0.00013  0.000546   0.00157   0.00059  6.04e-16  6.04e-16  0.000131   0.00026 -8.34e-16  0.000177  0.000628  7.14e-05  0.000345  5.68e-05  7.21e-05  0.000396  0.000936  -0.00535 -0.000819   -0.0118   -0.0113  -0.00189   -0.0361  -0.00186         1  -0.00222 -0.000329  -0.00151 -0.000657  -0.00427  -0.00471  -0.00253   -0.0128   -0.0152  1.73e-06 -8.06e-05  0.000137  -0.00282  4.95e-06  0.000397 -0.000807 -0.000193   -0.0232    0.0145  5.08e-05  0.000622  -0.00319   -0.0151  -0.00803   0.00302  -0.00469  -0.00339   0.00049   0.00287  -0.00191   0.00256  0.000656  -0.00495   0.00258  -0.00836   0.00127 -0.000407  0.000787 -1.43e-06    0.0255  -0.00275   -0.0025    0.0014 -1.02e-05  5.94e-05  7.64e-06  2.43e-07  4.49e-08   0.00981   0.00126 -0.000192  0.000227   0.00962   0.00259  0.000611  9.26e-05  0.000967   0.00156   0.00102   -0.0479  0.000679   0.00238     0.022   -0.0369    0.0192    0.0151   -0.0357    0.0134  7.69e-05    0.0116   0.00646   0.00595   0.00166  2.09e-05   0.00337  0.000772   4.7e-05    0.0128    0.0029   0.00136   0.00324
   0.0101  4.98e-05 -6.63e-05 -0.000421  -0.00066  -0.00016  8.59e-17  8.59e-17  9.71e-06  3.77e-05 -1.85e-16 -0.000155 -0.000287 -3.29e-05 -0.000248 -2.75e-05 -3.44e-05 -0.000197 -0.000392  -0.00127 -0.000185  -0.00464  -0.00283 -0.000612  -0.00851  -0.00105  -0.00222         1 -0.000699 -0.000349 -0.000515 -0.000839 -0.000984 -0.000656  -0.00513  -0.00415  9.93e-08 -1.43e-05 -4.63e-05 -0.000803 -7.43e-06 -0.000748 -5.07e-05  0.000745   -0.0042   0.00111 -8.25e-05  0.000502  0.000234  -0.00197  -0.00111  0.000501  -0.00147  -0.00082  0.000467   4.1e-05 -0.000215  0.000333 -0.000151  -0.00119  0.000219 -0.000102  3.43e-05 -0.000358 -4.94e-05 -0.000307   0.00225  -0.00484 -0.000989 -1.47e-05  5.78e-06 -1.67e-06  4.11e-07 -8.62e-08  -2.9e-09   0.00143 -0.000386 -5.97e-05  4.08e-05   0.00121  0.000263 -4.86e-05 -1.74e-05 -0.000502   6.8e-05 -3.62e-05   -0.0112 -0.000449  0.000415   0.00645  -0.00809   0.00535   0.00328  -0.00708   0.00476  -4.8e-05   -0.0023  0.000296  -0.00157 -8.82e-05 -4.13e-05 -0.000196 -1.91e-05  6.47e-06 -0.000864  2.31e-05  0.000212  -0.00119
 -0.00355  7.08e-06 -0.000291  -0.00158  -0.00266 -0.000738 -9.32e-18 -9.32e-18 -4.59e-05 -5.06e-05 -7.11e-17 -0.000566  -0.00111 -0.000128 -0.000933 -0.000111 -0.000139  -0.00075  -0.00157 -0.000811 -8.53e-05  -0.00812   -0.0021 -0.000775  -0.00263  -0.00248 -0.000329 -0.000699         1  4.08e-06  -0.00133 -0.000106 -0.000253 -0.000581  -0.00728  -0.00377 -7.68e-07  1.54e-06 -0.000209 -0.000467 -2.75e-05  -0.00282  0.000738   0.00379   0.00062   0.00245 -0.000303   0.00107   0.00506   0.00692    0.0025  0.000433 -0.000679   0.00128   0.00154  -0.00121   0.00162 -0.000125 -0.000192 -0.000195 -0.000219   0.00444 -0.000543 -0.000826 -0.000598 -0.000989  -0.00411   -0.0132 -0.000783 -0.000856  4.82e-05 -3.92e-05 -3.45e-06 -4.75e-07 -3.98e-08  -0.00112  -0.00204 -5.19e-05 -7.99e-06  -0.00201 -0.000764 -0.000542 -0.000122  -0.00237 -0.000764 -0.000747   -0.0144  -0.00195 -0.000245   0.00693  -0.00214   0.00535   0.00113 -0.000443   0.00803  -0.00015   -0.0148  -0.00314  -0.00908  -0.00135 -0.000162  -0.00284 -0.000587 -7.49e-06    -0.011  -0.00179 -0.000166  -0.00506
  -0.0117  4.89e-05 -7.15e-06 -8.15e-05 -0.000522 -0.000176   1.4e-17   1.4e-17  1.41e-05  4.14e-06 -2.46e-16 -2.79e-05 -0.000254 -2.87e-05 -6.86e-05 -1.24e-05 -1.51e-05 -0.000168 -0.000348  -0.00131 -0.000115  -0.00191  -0.00249 -0.000567   -0.0184 -0.000175  -0.00151 -0.000349  4.08e-06         1 -4.92e-05 -0.000661 -0.000682 -0.000472  -0.00856  -0.00362  2.97e-07  -4.5e-05  4.07e-05  -0.00252  3.43e-06  0.000159  -0.00328  -0.00917  -0.00392    -0.034  1.05e-05 -0.000686  -0.00174  -0.00505  -0.00107  -0.00107  -0.00122 -0.000842 -0.000247 -0.000111 -0.000299 -0.000688 -0.000702 -0.000974  -0.00147 -0.000577  0.000179 -8.66e-06 -2.77e-05  9.01e-05  -0.00886  -0.00058  -0.00182  8.76e-05 -6.51e-05  3.53e-06  1.31e-06  7.17e-08  9.11e-09  0.000605  0.000226 -4.53e-05  3.86e-06   0.00159  0.000158  3.92e-05  2.16e-05  0.000362  0.000458  0.000226  -0.00769  0.000633  0.000825   0.00292  -0.00602    0.0051    0.0017  -0.00448   0.00137 -2.71e-05   0.00392   0.00145   0.00252  0.000419  4.91e-06  0.000929  0.000143  6.22e-06   0.00389   0.00101  0.000177 -0.000826
  0.00126  1.68e-05 -0.000176  -0.00101  -0.00173 -0.000475  4.99e-17  4.99e-17 -2.48e-05 -2.23e-05 -1.35e-16 -0.000368 -0.000726 -8.37e-05 -0.000605 -7.19e-05 -9.04e-05 -0.000488  -0.00102 -0.000746 -9.03e-05  -0.00527  -0.00177  -0.00052  -0.00262  -0.00155 -0.000657 -0.000515  -0.00133 -4.92e-05         1 -0.000256 -0.000271 -0.000428  -0.00476  -0.00285 -4.55e-07 -4.78e-05 -0.000104 -0.000338  -1.5e-05  -0.00166   0.00026   0.00179 -0.000616   0.00266 -0.000182  0.000606   0.00344   0.00452   0.00148  0.000661 -6.71e-05   0.00137   0.00093 -0.000104   0.00149  0.000184  0.000241 -3.64e-05  7.19e-05   0.00208   -0.0004 -0.000602 -0.000511 -0.000653 -0.000787  -0.00867 -0.000737 -0.000581  3.36e-05 -2.36e-05 -1.41e-06 -1.94e-07 -1.82e-08 -0.000766  -0.00125 -4.67e-05  8.53e-06  -0.00148 -0.000374  -0.00028  -6.7e-05  -0.00125 -0.000673 -0.000539   -0.0121 -0.000904  1.54e-05   0.00476  -0.00237    0.0036   0.00101 -0.000961   0.00466 -8.06e-05  -0.00996  -0.00242  -0.00688 -0.000901 -0.000107  -0.00209  -0.00039 -3.41e-06  -0.00804  -0.00149 -0.000157  -0.00337
   0.0223   9.2e-05  1.26e-05  0.000183  0.000514    0.0002  2.19e-16  2.19e-16  5.38e-05  9.19e-05 -3.44e-16  5.53e-05  0.000199  2.22e-05  0.000112  1.86e-05  2.35e-05  0.000124  0.000299  -0.00213 -0.000306  -0.00447  -0.00438 -0.000732   -0.0142 -0.000702  -0.00427 -0.000839 -0.000106 -0.000661 -0.000256         1  -0.00179 -0.000978  -0.00501  -0.00572  6.38e-07 -6.62e-05  8.11e-05  -0.00119  3.91e-06  0.000192  -0.00051 -0.000565  -0.00891   0.00432  3.15e-05 -1.42e-05   -0.0015  -0.00609  -0.00316    0.0012  -0.00176  -0.00119  0.000144   0.00115 -0.000603  0.000991  0.000363  -0.00189  0.000917   -0.0033  0.000492 -0.000169  0.000235  1.28e-05   0.00943  -0.00121  -0.00114  0.000513 -9.73e-06  2.28e-05  3.41e-06  1.34e-07  1.87e-08   0.00355  0.000472 -9.37e-05  8.74e-05   0.00348  0.000997  0.000254   3.8e-05  0.000453  0.000484  0.000357   -0.0191  0.000429   0.00113   0.00904   -0.0135   0.00838   0.00593   -0.0131   0.00516  4.35e-05   0.00406   0.00221    0.0017  0.000573 -1.18e-06   0.00112  0.000257  1.84e-05   0.00434  0.000958  0.000463   0.00104
   0.0222  9.67e-05 -3.52e-06  0.000115  0.000406  0.000173   1.5e-16   1.5e-16  5.66e-05  0.000114 -2.87e-16  3.26e-05  0.000148  1.69e-05   7.6e-05  1.47e-05  1.87e-05  8.78e-05   0.00023  -0.00227 -0.000339  -0.00554  -0.00485 -0.000891    -0.016 -0.000908  -0.00471 -0.000984 -0.000253 -0.000682 -0.000271  -0.00179         1  -0.00113  -0.00621  -0.00663  7.27e-07  1.08e-06  2.59e-05  -0.00133 -5.47e-07 -1.71e-05  6.29e-05   0.00133  -0.00938   0.00512  9.05e-06  0.000545  -0.00311   -0.0094  -0.00438   0.00075  -0.00351  -0.00338  0.000211  0.000211  -0.00208  0.000765 -0.000448  -0.00288  0.000689  -0.00248  0.000584 -0.000204  0.000454  -2.4e-05   0.00807  -0.00225  -0.00145  0.000635 -1.62e-05  2.33e-05  2.97e-06  1.49e-08  1.28e-08   0.00445  0.000423 -0.000108  9.49e-05   0.00458    0.0011  0.000206   3.1e-05   0.00014  0.000836  0.000496    -0.013 -8.01e-05   0.00121    0.0118   -0.0164    0.0104   0.00737   -0.0159   0.00731  -7.2e-06   0.00493   0.00328   0.00334  0.000722  7.81e-06   0.00172  0.000354  2.04e-05   0.00643   0.00162  0.000671  0.000996
    0.011  5.89e-05 -5.05e-05 -0.000229 -0.000263 -4.17e-05  1.13e-16  1.13e-16     2e-05  4.02e-05 -1.93e-16 -8.51e-05 -0.000119 -1.39e-05  -0.00013 -1.24e-05 -1.53e-05 -8.67e-05 -0.000157  -0.00144 -0.000194  -0.00463  -0.00308  -0.00065   -0.0102  -0.00101  -0.00253 -0.000656 -0.000581 -0.000472 -0.000428 -0.000978  -0.00113         1  -0.00529  -0.00438  2.32e-07 -8.67e-06 -1.27e-05 -0.000998 -5.23e-06 -0.000589 -0.000267   0.00014  -0.00495 -0.000253 -5.71e-05  0.000333  0.000338  -0.00207  -0.00119   0.00053  -0.00143 -0.000607  0.000499  9.21e-05 -0.000152  0.000366 -6.74e-05  -0.00126  0.000283 -0.000525   0.00023 -0.000234  9.08e-05 -0.000196   0.00309  -0.00347 -0.000814   0.00015  1.16e-06  4.49e-06  9.18e-07  -8.1e-08 -5.74e-10   0.00204 -0.000168 -5.57e-05  4.36e-05   0.00198  0.000378 -5.77e-06 -8.37e-06 -0.000371  0.000299  0.000115   -0.0129 -0.000304  0.000618    0.0071  -0.00867   0.00664   0.00385  -0.00805    0.0055 -1.81e-05 -9.41e-05   0.00108 -1.11e-05  0.000126  -3.3e-05  0.000327  5.63e-05  9.26e-06   0.00129  0.000523  0.000301 -0.000394
   0.0286  0.000303 -0.000963  -0.00647   -0.0141  -0.00417 -2.46e-16 -2.46e-16 -7.97e-05 -1.47e-05 -1.81e-15   -0.0023  -0.00619 -0.000703  -0.00398 -0.000507 -0.000634  -0.00412  -0.00861   -0.0113   -0.0013   -0.0414   -0.0248  -0.00655    -0.135  -0.00944   -0.0128  -0.00513  -0.00728  -0.00856  -0.00476  -0.00501  -0.00621  -0.00529         1   -0.0402 -5.89e-07 -0.000154 -0.000796   -0.0182 -8.43e-05  -0.00836   -0.0186    -0.046   -0.0286    -0.213  -0.00101  -0.00105  -0.00837   -0.0341  -0.00729  -0.00703   -0.0164   -0.0132   0.00131  -0.00671  -0.00443  -0.00522  -0.00831   -0.0105    -0.011   0.00802  -0.00148   -0.0035   -0.0021  -0.00303   -0.0746   -0.0548   -0.0172  -0.00235 -0.000341 -0.000111 -6.63e-06 -1.38e-06 -8.55e-08  0.000393  -0.00553 -0.000592  4.15e-05   0.00366  -0.00109  -0.00156 -0.000283  -0.00606  0.000474  -0.00112    -0.111  -0.00436   0.00162     0.036   -0.0602    0.0373    0.0142    -0.043    0.0266 -0.000972   -0.0259 -0.000992    -0.014  -0.00176 -0.000428  -0.00345 -0.000826  1.16e-05   -0.0134 -9.36e-05  0.000884   -0.0256
   0.0619  0.000402 -7.82e-05  -0.00184  -0.00289 -0.000682  7.94e-16  7.94e-16  6.94e-05  0.000242 -1.37e-15 -0.000652  -0.00126 -0.000144  -0.00107 -0.000114 -0.000141 -0.000872  -0.00171  -0.00893  -0.00129    -0.029   -0.0196  -0.00418   -0.0747  -0.00621   -0.0152  -0.00415  -0.00377  -0.00362  -0.00285  -0.00572  -0.00663  -0.00438   -0.0402         1   1.3e-06   3.2e-06 -0.000264  -0.00779 -4.15e-05   -0.0038  -0.00536   -0.0107   -0.0318   -0.0378 -0.000462   0.00173   0.00331    -0.012  -0.00582   0.00205  -0.00728  -0.00272   0.00244   0.00141 -9.51e-05   0.00145    -0.001  -0.00682  0.000403  -0.00411  0.000693  -0.00166  0.000113  -0.00144   0.00825   -0.0233  -0.00595  0.000399 -2.46e-05  9.77e-06  2.09e-06  -5.6e-07 -4.23e-09    0.0106  -0.00128 -0.000244  0.000231    0.0105    0.0018 -0.000203 -6.71e-05  -0.00235   0.00178  0.000445   -0.0981    -0.002   0.00177     0.032   -0.0566    0.0284    0.0188   -0.0502    0.0261 -0.000256  -0.00164   0.00551 -0.000846  0.000736  -0.00017   0.00147  0.000343  4.64e-05   0.00529   0.00253   0.00174  -0.00481
 9.66e-06 -8.94e-08 -2.65e-07 -1.06e-06 -2.22e-06 -6.64e-07 -2.44e-19 -2.44e-19  -3.9e-08 -6.35e-08  6.91e-20 -3.86e-07 -9.55e-07 -1.09e-07 -6.55e-07 -8.46e-08 -1.07e-07 -6.28e-07 -1.34e-06  6.02e-07  9.12e-08 -9.31e-07  1.11e-06  6.98e-08  6.51e-06 -5.77e-07  1.73e-06  9.93e-08 -7.68e-07  2.97e-07 -4.55e-07  6.38e-07  7.27e-07  2.32e-07 -5.89e-07   1.3e-06         1 -8.87e-08 -1.16e-07  4.26e-07 -9.07e-09 -1.08e-06  3.15e-07  1.55e-06  3.64e-06  9.97e-07  -1.1e-07 -6.84e-07 -2.05e-06 -1.39e-06 -4.95e-08 -3.26e-07 -5.31e-07 -1.52e-06 -3.03e-07 -1.15e-06 -5.59e-07 -3.57e-07  -3.9e-07  1.89e-07 -6.67e-07  1.91e-06 -7.86e-07 -5.51e-07 -6.98e-07 -4.86e-07 -6.31e-06 -7.63e-06 -1.01e-06 -7.92e-07 -9.27e-09 -2.94e-08 -2.32e-09 -1.49e-10 -2.33e-11 -3.43e-06 -1.25e-06  -9.2e-08  -3.1e-08 -4.12e-06 -6.93e-07 -2.62e-07 -6.64e-08 -1.01e-06 -1.26e-06 -7.63e-07 -4.46e-06 -9.29e-07 -8.65e-07 -2.09e-06  5.59e-06 -3.62e-06 -2.79e-06  6.21e-06 -2.85e-06 -1.01e-07 -1.17e-05 -4.21e-06 -8.33e-06 -1.26e-06 -8.49e-08  -2.9e-06 -5.37e-07 -1.38e-08 -1.14e-05 -2.57e-06 -5.51e-07 -4.45e-06
   0.0025 -1.49e-05 -6.05e-05  -0.00015 -0.000383 -0.000114 -3.75e-17 -3.75e-17  2.14e-06 -2.86e-06 -4.79e-17 -5.95e-05 -0.000174 -2.01e-05   -0.0001 -1.37e-05 -1.76e-05 -0.000113 -0.000242 -8.95e-05 -6.78e-06  2.14e-05 -0.000124 -8.49e-08   1.2e-05  1.44e-05 -8.06e-05 -1.43e-05  1.54e-06  -4.5e-05 -4.78e-05 -6.62e-05  1.08e-06 -8.67e-06 -0.000154   3.2e-06 -8.87e-08         1  1.58e-05  -3.5e-05  2.07e-06  4.48e-05 -0.000184 -0.000371 -0.000303  0.000123  9.56e-06 -0.000412  -0.00138  -0.00199 -0.000721  0.000103 -0.000222  -0.00056 -0.000257  0.000105 -0.000247  8.66e-05  6.98e-05  -0.00014 -6.22e-05  -0.00047 -0.000133 -0.000128 -0.000182  -4.4e-05 -0.000129  -0.00122 -0.000521 -0.000108 -1.07e-05 -1.79e-06  4.92e-07   6.8e-08  2.02e-09 -0.000582 -0.000101 -4.55e-05  5.93e-06 -0.000733  2.29e-05   3.3e-05  1.54e-06  0.000103 -0.000333 -0.000138   -0.0027   0.00014  6.12e-05  0.000203  0.000194 -5.03e-05 -6.94e-05  0.000379   -0.0011 -1.46e-06  -0.00178 -0.000878  -0.00186 -0.000204 -1.34e-05 -0.000578 -8.76e-05 -6.11e-07  -0.00222 -0.000612 -0.000127 -0.000825
  0.00368 -1.06e-05 -3.12e-05 -0.000217 -0.000439 -0.000131 -4.83e-17 -4.83e-17 -9.05e-06 -2.75e-06  2.41e-17 -7.61e-05 -0.000188 -2.11e-05 -0.000131 -1.64e-05 -2.08e-05 -0.000124 -0.000263  5.78e-05 -4.83e-06 -0.000632 -1.33e-05 -4.95e-05  0.000161 -0.000198  0.000137 -4.63e-05 -0.000209  4.07e-05 -0.000104  8.11e-05  2.59e-05 -1.27e-05 -0.000796 -0.000264 -1.16e-07  1.58e-05         1  -5.8e-06 -4.05e-06 -0.000289  0.000109  0.000466  0.000302 -0.000414 -3.56e-05  5.31e-05 -0.000631  -0.00101 -0.000269 -0.000201 -0.000495 -0.000831 -4.38e-05 -0.000423 -0.000487 -0.000132 -0.000321 -0.000201 -0.000171  0.000452 -0.000139 -0.000115 -5.76e-05 -0.000114  -0.00152  -0.00173 -0.000223 -0.000116 -2.58e-06 -5.53e-06 -8.55e-07 -8.23e-08 -6.61e-09 -0.000332 -0.000245 -1.07e-05 -4.38e-06 -0.000407 -0.000112 -7.31e-05 -1.62e-05 -0.000315 -9.13e-05 -9.69e-05  -0.00107 -0.000389 -0.000319 -0.000347 -0.000276 -0.000987 -0.000329 -6.92e-05 -0.000229 -4.03e-05  -0.00178 -0.000415 -0.000913 -0.000165 -9.69e-06 -0.000327 -5.92e-05 -2.26e-06  -0.00141 -0.000263 -2.29e-05 -0.000822
  -0.0161  9.68e-05 -3.64e-05 -0.000458  -0.00149 -0.000476  1.69e-17  1.69e-17  1.15e-05 -2.07e-07  -4.4e-16 -0.000156 -0.000687 -7.76e-05 -0.000304  -4.4e-05  -5.4e-05 -0.000456 -0.000949  -0.00254 -0.000237  -0.00536  -0.00506  -0.00124   -0.0359  -0.00086  -0.00282 -0.000803 -0.000467  -0.00252 -0.000338  -0.00119  -0.00133 -0.000998   -0.0182  -0.00779  4.26e-07  -3.5e-05  -5.8e-06         1 -1.91e-06 -0.000351  -0.00611   -0.0168  -0.00715   -0.0662 -5.82e-05 -0.000928  -0.00222  -0.00824  -0.00144  -0.00221  -0.00261  -0.00167 -0.000153 -0.000743 -0.000533   -0.0015  -0.00166  -0.00193  -0.00296   5.4e-05  0.000234 -0.000143 -7.49e-05 -2.97e-05   -0.0188  -0.00357  -0.00345     2e-05 -0.000115 -1.95e-06  9.64e-07 -4.09e-08   5.3e-09   0.00109  2.02e-05 -7.25e-05  -1.6e-06   0.00289   8.6e-05 -8.11e-05     1e-05  4.73e-05  0.000912  0.000336   -0.0173  0.000543   0.00119   0.00584   -0.0123   0.00947   0.00309  -0.00907   0.00405 -0.000104   0.00518   0.00256   0.00401  0.000616 -1.24e-05   0.00148    0.0002  9.37e-06   0.00618   0.00186  0.000376  -0.00245
-7.39e-05   1.4e-07 -2.04e-06 -1.79e-05 -2.86e-05 -7.97e-06 -2.88e-19 -2.88e-19 -8.13e-07 -5.48e-07   1.3e-18 -6.21e-06 -1.17e-05 -1.33e-06 -1.03e-05 -1.21e-06 -1.51e-06 -7.87e-06 -1.65e-05 -2.69e-06 -6.89e-07 -9.65e-05 -1.53e-05 -8.46e-06  -6.6e-06 -3.03e-05  4.95e-06 -7.43e-06 -2.75e-05  3.43e-06  -1.5e-05  3.91e-06 -5.47e-07 -5.23e-06 -8.43e-05 -4.15e-05 -9.07e-09  2.07e-06 -4.05e-06 -1.91e-06         1 -3.75e-05  1.62e-05  6.25e-05  2.68e-05  2.71e-05 -4.32e-06  2.31e-05  7.54e-05  0.000106  4.07e-05 -2.71e-06 -1.01e-05  9.64e-06  2.11e-05 -2.47e-05  1.25e-05 -6.55e-06  -1.1e-05 -8.79e-07 -4.05e-06   6.9e-05 -6.42e-06 -8.12e-06 -3.26e-06 -1.21e-05 -7.39e-05 -0.000147  1.73e-06 -9.45e-06  7.65e-07 -5.13e-07 -7.37e-08 -8.78e-09 -6.37e-10 -7.75e-06 -2.49e-05   5.1e-07  -3.9e-07 -1.59e-05 -1.19e-05 -8.41e-06 -1.74e-06 -3.52e-05 -2.33e-06 -7.07e-06  -0.00011  -3.4e-05 -1.47e-05  4.31e-05 -2.55e-05  1.48e-05  -1.7e-06 -8.14e-06  9.65e-05 -2.55e-06 -0.000157 -2.32e-05 -7.23e-05 -1.34e-05 -1.55e-06 -2.44e-05  -5.5e-06 -1.36e-07 -9.87e-05 -1.12e-05  5.61e-07 -5.19e-05
 -0.00731 -2.86e-06 -0.000367    -0.002  -0.00332 -0.000923 -3.87e-17 -3.87e-17 -6.86e-05 -8.49e-05  5.96e-18 -0.000713  -0.00138 -0.000159  -0.00118  -0.00014 -0.000175 -0.000929  -0.00195 -0.000635 -4.57e-05  -0.00989  -0.00186 -0.000883 -0.000549  -0.00316  0.000397 -0.000748  -0.00282  0.000159  -0.00166  0.000192 -1.71e-05 -0.000589  -0.00836   -0.0038 -1.08e-06  4.48e-05 -0.000289 -0.000351 -3.75e-05         1   0.00125   0.00559   0.00265   0.00329 -0.000404   0.00155   0.00763    0.0113   0.00423  0.000328 -0.000483   0.00221   0.00216  -0.00193   0.00237 -0.000375 -0.000323  0.000143 -0.000383    0.0067 -0.000683 -0.000961 -0.000703  -0.00126  -0.00673   -0.0164 -0.000468  -0.00113  7.06e-05 -5.37e-05  -5.3e-06 -6.94e-07 -5.76e-08  -0.00172   -0.0027 -3.15e-05 -2.99e-05   -0.0028  -0.00119 -0.000775 -0.000169  -0.00327 -0.000896 -0.000954   -0.0142  -0.00272  -0.00049   0.00776 -0.000132   0.00611  0.000599   0.00171    0.0106 -0.000194   -0.0191  -0.00398   -0.0111  -0.00176 -0.000209  -0.00359 -0.000776 -1.24e-05   -0.0138  -0.00214  -0.00023  -0.00627
    -0.03  6.24e-05  0.000247   0.00029 -0.000639 -0.000311  2.52e-16  2.52e-16 -1.02e-05 -0.000103 -6.49e-16   0.00014 -0.000317 -3.44e-05  0.000119  1.36e-06  3.62e-06 -0.000183 -0.000434  -0.00181 -0.000148  0.000554  -0.00316 -0.000606   -0.0413  0.000576 -0.000807 -5.07e-05  0.000738  -0.00328   0.00026  -0.00051  6.29e-05 -0.000267   -0.0186  -0.00536  3.15e-07 -0.000184  0.000109  -0.00611  1.62e-05   0.00125         1   -0.0366   -0.0082    -0.106  7.83e-05  -0.00564 -2.33e-05  -0.00245   0.00207  -0.00219   0.00474   0.00498  -0.00201   0.00253   0.00349  -0.00151  0.000548   0.00217  -0.00324  -0.00704 -0.000111  0.000414 -0.000603  0.000531   -0.0213   0.00534  -0.00212 -0.000181 -0.000179     8e-06 -3.75e-07  2.06e-07  2.26e-08  -0.00274  0.000989  5.26e-05 -8.18e-05 -0.000846  -0.00044  0.000113  4.48e-05   0.00153  0.000352  0.000179   -0.0738   0.00223   -0.0017   -0.0197  -0.00278   -0.0125  -0.00761  -0.00116   -0.0146  6.71e-05    0.0104  0.000201   0.00416  0.000807  4.52e-05  0.000737  8.92e-05 -3.34e-06   0.00393  0.000383 -0.000283  -0.00131
  -0.0738  0.000252   0.00127   0.00253   0.00148  4.16e-05  1.06e-15  1.06e-15 -3.44e-05 -0.000298 -1.73e-15   0.00103  0.000556  6.96e-05   0.00138  0.000133  0.000174   0.00045  0.000797  -0.00372 -0.000238   0.00966  -0.00574 -0.000848    -0.113   0.00381 -0.000193  0.000745   0.00379  -0.00917   0.00179 -0.000565   0.00133   0.00014    -0.046   -0.0107  1.55e-06 -0.000371  0.000466   -0.0168  6.25e-05   0.00559   -0.0366         1   -0.0197    -0.313  0.000391   -0.0151   0.00812   0.00736    0.0114  -0.00646    0.0191    0.0215  -0.00547   0.00975    0.0139  -0.00451   0.00289   0.00945  -0.00888    -0.021  0.000222    0.0023  -0.00115   0.00233   -0.0592    0.0311  -0.00284   4.1e-05  -0.00047  4.54e-05 -4.89e-07  9.22e-07  9.81e-08   -0.0071   0.00456  0.000466 -0.000282 -0.000647  -0.00129  0.000569  0.000219   0.00622    0.0022   0.00122    -0.188   0.00834   -0.0049   -0.0675  -0.00061   -0.0434   -0.0258   0.00324   -0.0462  0.000353    0.0444   0.00395    0.0222   0.00372  0.000283   0.00512  0.000829 -9.49e-06    0.0232   0.00353  -0.00062   0.00269
    0.115  0.000438  0.000476   0.00195   0.00412    0.0014  1.35e-15  1.35e-15  0.000281  0.000488 -1.93e-15  0.000697   0.00165   0.00019   0.00118  0.000169  0.000214   0.00109   0.00244    -0.011   -0.0018   -0.0206   -0.0232  -0.00351   -0.0844  -0.00276   -0.0232   -0.0042   0.00062  -0.00392 -0.000616  -0.00891  -0.00938  -0.00495   -0.0286   -0.0318  3.64e-06 -0.000303  0.000302  -0.00715  2.68e-05   0.00265   -0.0082   -0.0197         1  3.72e-05  0.000289  -0.00592   -0.0142   -0.0421   -0.0195   0.00642  -0.00538  -0.00718  -0.00249   0.00819  -0.00468   0.00584   0.00273  -0.00829   0.00576   -0.0299   0.00235 -0.000412   0.00146  0.000673    0.0574   0.00167  -0.00449   0.00315 -0.000152  0.000153  1.35e-05   4.9e-07   9.8e-08     0.018   0.00391 -0.000413  0.000426    0.0172   0.00545    0.0016  0.000216   0.00317   0.00285   0.00215    -0.197   0.00181 -2.75e-05    0.0157   -0.0746    0.0104    0.0208   -0.0763    0.0034  0.000311    0.0314    0.0118    0.0138   0.00384  0.000129   0.00664   0.00158  8.93e-05    0.0251   0.00441   0.00238   0.00787
   -0.235  0.000438  0.000918  -0.00427   -0.0227  -0.00824 -2.05e-15 -2.05e-15 -0.000462  -0.00113 -2.99e-15  -0.00122   -0.0103  -0.00115  -0.00317 -0.000588  -0.00072  -0.00665   -0.0145   -0.0098  0.000507   0.00711   -0.0159  -0.00737    -0.406   0.00596    0.0145   0.00111   0.00245    -0.034   0.00266   0.00432   0.00512 -0.000253    -0.213   -0.0378  9.97e-07  0.000123 -0.000414   -0.0662  2.71e-05   0.00329    -0.106    -0.313  3.72e-05         1  -0.00031   -0.0207   -0.0237   -0.0607    0.0185   -0.0545  -0.00624  -0.00351   -0.0111   -0.0169   0.00222   -0.0381   -0.0288  0.000381   -0.0618    0.0248  -0.00223    0.0029  -0.00382   0.00289    -0.435    0.0108   -0.0389  -0.00471  -0.00195 -0.000223 -1.96e-05 -4.79e-08  2.84e-08   -0.0324   0.00174  0.000549  -0.00126   0.00196   -0.0103  -0.00271  0.000156    0.0055    0.0101   0.00266   -0.0122    0.0134    0.0028   -0.0798  -0.00708  -0.00274   -0.0462    0.0398   -0.0528  -0.00176    0.0839    0.0188     0.071   0.00716   0.00047    0.0174   0.00182 -8.75e-05    0.0746    0.0212 -0.000378   -0.0383
-0.000548  3.04e-06 -2.62e-05 -0.000214 -0.000356   -0.0001  5.09e-18  5.09e-18 -8.99e-06 -8.04e-06 -3.47e-18 -7.54e-05 -0.000147 -1.68e-05 -0.000125 -1.49e-05 -1.86e-05 -9.87e-05 -0.000207 -6.15e-05 -7.36e-06  -0.00105 -0.000206 -9.55e-05 -0.000267 -0.000329  5.08e-05 -8.25e-05 -0.000303  1.05e-05 -0.000182  3.15e-05  9.05e-06 -5.71e-05  -0.00101 -0.000462  -1.1e-07  9.56e-06 -3.56e-05 -5.82e-05 -4.32e-06 -0.000404  7.83e-05  0.000391  0.000289  -0.00031         1   0.00023   0.00103    0.0015  0.000575  1.86e-05  3.15e-05  0.000361  0.000245 -0.000151  0.000335 -5.36e-05 -3.58e-05  6.44e-05 -5.56e-05  0.000744  -8.7e-05 -0.000103 -8.01e-05 -0.000141 -0.000883  -0.00171 -3.78e-05 -0.000131  8.77e-06 -6.16e-06 -6.53e-07 -7.28e-08  -5.8e-09 -0.000196 -0.000286  3.48e-06 -3.83e-06 -0.000299 -0.000138 -8.68e-05 -1.78e-05 -0.000343 -8.21e-05 -0.000103  -0.00134 -0.000283 -8.67e-05  0.000579 -0.000131  0.000377  -3.1e-05  0.000161   0.00104 -2.43e-05  -0.00199  -0.00041  -0.00113 -0.000177 -2.03e-05 -0.000368  -7.6e-05 -1.52e-06  -0.00144 -0.000216 -2.02e-05 -0.000669
  -0.0963 -0.000256 -0.000365 -0.000231  -0.00164 -0.000572  -4.5e-16  -4.5e-16   2.5e-05 -9.54e-05 -1.56e-16 -8.19e-05 -0.000802 -9.05e-05 -0.000218 -4.11e-05 -5.46e-05 -0.000489  -0.00111  0.000242 -7.64e-06   0.00395  0.000895  0.000488  -0.00276  0.000957  0.000622  0.000502   0.00107 -0.000686  0.000606 -1.42e-05  0.000545  0.000333  -0.00105   0.00173 -6.84e-07 -0.000412  5.31e-05 -0.000928  2.31e-05   0.00155  -0.00564   -0.0151  -0.00592   -0.0207   0.00023         1   -0.0196   -0.0276  -0.00881 -0.000265  8.42e-05  -0.00763  -0.00499 -4.73e-05  -0.00508    0.0004  0.000399 -0.000127 -0.000501   -0.0125  -0.00086 -0.000244 -0.000867  0.000443 -0.000316  -0.00128  -0.00225  -0.00027 -0.000212  1.59e-05 -6.42e-07  6.91e-08 -8.49e-09  -0.00564  0.000353 -0.000345  -3.3e-05  -0.00671  3.55e-05  0.000356 -4.48e-06  0.000839   -0.0021 -0.000677   -0.0978  1.08e-05  -0.00445   -0.0245   0.00656   -0.0257  -0.00995   0.00215   -0.0274  0.000101  -0.00407  -0.00604  -0.00804 -0.000952 -1.19e-05  -0.00339 -0.000592  -1.4e-05   -0.0131  -0.00456  -0.00109  -0.00402
   -0.191  -0.00131  -0.00306  -0.00592   -0.0197   -0.0062 -5.64e-15 -5.64e-15  0.000194  0.000427  4.22e-16  -0.00232  -0.00929  -0.00104  -0.00412 -0.000614 -0.000797  -0.00598   -0.0128  0.000979 -0.000289    0.0163  0.000916  0.000707  -0.00636   0.00712  -0.00319  0.000234   0.00506  -0.00174   0.00344   -0.0015  -0.00311  0.000338  -0.00837   0.00331 -2.05e-06  -0.00138 -0.000631  -0.00222  7.54e-05   0.00763 -2.33e-05   0.00812   -0.0142   -0.0237   0.00103   -0.0196         1    -0.268    -0.093   -0.0161   -0.0632    -0.118   -0.0257   -0.0246   -0.0757  -0.00531   -0.0244   -0.0344   -0.0143   -0.0221  -0.00579  -0.00529  -0.00261  0.000303   -0.0721   -0.0525   -0.0365   -0.0011  -0.00124  -1.6e-06  1.03e-05  1.19e-06 -4.52e-09    -0.018 -0.000838  -0.00288  0.000283   -0.0174   0.00418   0.00185   0.00018   0.00368  -0.00822  -0.00248    0.0394  -0.00403   -0.0047   0.00469   -0.0308   -0.0302   0.00421   -0.0266   -0.0801  -0.00142   -0.0339   -0.0171   -0.0311  -0.00435  0.000231  -0.00961 -0.000869 -2.34e-05   -0.0454   -0.0151  -0.00238   -0.0387
   -0.485  -0.00171  -0.00451  -0.00898   -0.0297  -0.00929 -8.21e-15 -8.21e-15  0.000389  0.000901 -8.18e-17  -0.00353   -0.0141  -0.00158  -0.00624 -0.000922   -0.0012  -0.00911   -0.0194  -0.00387  -0.00123    0.0116   -0.0102  -0.00125   -0.0584   0.00876   -0.0151  -0.00197   0.00692  -0.00505   0.00452  -0.00609   -0.0094  -0.00207   -0.0341    -0.012 -1.39e-06  -0.00199  -0.00101  -0.00824  0.000106    0.0113  -0.00245   0.00736   -0.0421   -0.0607    0.0015   -0.0276    -0.268         1    -0.149   -0.0246    -0.104    -0.187   -0.0383   -0.0373    -0.119  -0.00763   -0.0394   -0.0587   -0.0221   -0.0368  -0.00767   -0.0085    -0.003  0.000308    -0.106   -0.0854   -0.0597 -0.000473  -0.00195   3.6e-05  2.05e-05  1.78e-06  2.16e-08   -0.0178 -0.000445  -0.00452  0.000609   -0.0154   0.00842   0.00309   0.00034   0.00579     -0.01  -0.00255    0.0414  -0.00624  -0.00444    0.0319   -0.0867   -0.0229     0.022   -0.0765    -0.105  -0.00231   -0.0382   -0.0174   -0.0368  -0.00467  0.000398  -0.00988 -0.000367  6.99e-06   -0.0514   -0.0182  -0.00193   -0.0577
  -0.0218 -0.000549  -0.00153  -0.00269  -0.00899  -0.00276 -2.64e-15 -2.64e-15  0.000182  0.000407 -1.25e-16  -0.00109  -0.00432 -0.000484  -0.00189 -0.000278 -0.000362  -0.00279  -0.00592  -0.00213 -0.000603   0.00222  -0.00528 -0.000533   -0.0155   0.00275  -0.00803  -0.00111    0.0025  -0.00107   0.00148  -0.00316  -0.00438  -0.00119  -0.00729  -0.00582 -4.95e-08 -0.000721 -0.000269  -0.00144  4.07e-05   0.00423   0.00207    0.0114   -0.0195    0.0185  0.000575  -0.00881    -0.093    -0.149         1  -0.00624   -0.0367   -0.0652   -0.0129   -0.0116   -0.0417 -0.000925   -0.0125   -0.0213  -0.00522   -0.0156  -0.00225  -0.00303 -0.000718  0.000127   -0.0177    -0.029     -0.02  0.000358 -0.000623  3.59e-05     1e-05  7.57e-07  2.26e-08  -0.00299  0.000289  -0.00162    0.0003  -0.00312   0.00387   0.00135   0.00015   0.00238  -0.00338 -0.000673   0.00804  -0.00207 -0.000884     0.018   -0.0373  -0.00349    0.0123    -0.035   -0.0324 -0.000708   -0.0117  -0.00491   -0.0128  -0.00134  0.000144  -0.00294  4.41e-05  1.63e-05   -0.0162  -0.00614 -0.000362   -0.0176
    0.131 -0.000133 -0.000239 -0.000813  -0.00289 -0.000974 -8.65e-16 -8.65e-16 -3.56e-05 -3.13e-05  3.35e-16 -0.000288  -0.00132 -0.000147 -0.000549 -8.74e-05 -0.000111 -0.000858  -0.00185   0.00114  0.000217   0.00372   0.00223  4.45e-05  -0.00885   0.00119   0.00302  0.000501  0.000433  -0.00107  0.000661    0.0012   0.00075   0.00053  -0.00703   0.00205 -3.26e-07  0.000103 -0.000201  -0.00221 -2.71e-06  0.000328  -0.00219  -0.00646   0.00642   -0.0545  1.86e-05 -0.000265   -0.0161   -0.0246  -0.00624         1  -0.00798    -0.013   -0.0021  -0.00571  -0.00838  -0.00347  -0.00532  -0.00346  -0.00516   0.00522 -0.000597 -0.000144  6.23e-06  0.000127   -0.0358  -0.00373  -0.00432 -0.000359 -0.000176  -2.6e-05 -2.53e-06 -1.64e-07 -1.97e-08  -0.00329 -0.000345 -0.000146 -8.07e-05 -0.000975 -0.000621 -0.000239 -6.23e-06  -0.00025  0.000328  4.47e-05    0.0502 -0.000772  5.16e-05 -0.000506   0.00261 -0.000191  -0.00181   0.00541  -0.00522 -0.000323  0.000877  0.000717   0.00398 -2.14e-05  6.79e-05  0.000893  0.000101 -1.33e-05   0.00273  0.000949 -5.59e-05    -0.005
  -0.0633 -0.000345  -0.00149  -0.00384   -0.0099  -0.00298 -2.35e-15 -2.35e-15  7.19e-05   0.00027  2.24e-16  -0.00147  -0.00457 -0.000515  -0.00249 -0.000339 -0.000435  -0.00301  -0.00633  -0.00197  -0.00033  -0.00675  -0.00512  -0.00152   -0.0185 -0.000363  -0.00469  -0.00147 -0.000679  -0.00122 -6.71e-05  -0.00176  -0.00351  -0.00143   -0.0164  -0.00728 -5.31e-07 -0.000222 -0.000495  -0.00261 -1.01e-05 -0.000483   0.00474    0.0191  -0.00538  -0.00624  3.15e-05  8.42e-05   -0.0632    -0.104   -0.0367  -0.00798         1   -0.0515  -0.00607   -0.0145   -0.0321  -0.00352   -0.0134   -0.0188  -0.00739   0.00511  -0.00167  -0.00285 -0.000359 -0.000939   -0.0415   -0.0357    -0.017 -0.000434 -0.000411 -3.39e-05  3.95e-06 -1.07e-07 -3.47e-08  -0.00124  -0.00219  -0.00118  0.000179  0.000271   0.00176  8.93e-05 -1.21e-05  -0.00139  -0.00149   -0.0006    0.0922  -0.00396   0.00293    0.0405   -0.0307    0.0257    0.0173   -0.0236   0.00171 -0.000902   -0.0187  -0.00152   -0.0093  -0.00165 -2.26e-05  -0.00175 -0.000106  8.95e-06   -0.0104  -0.00208  0.000297   -0.0182
   -0.076 -0.000838  -0.00229  -0.00543   -0.0156  -0.00481 -4.15e-15 -4.15e-15  9.76e-05  0.000372  6.13e-16  -0.00208  -0.00724 -0.000813  -0.00361 -0.000511 -0.000658  -0.00471     -0.01  6.19e-05 -0.000312   0.00196  -0.00172 -0.000583  -0.00765    0.0025  -0.00339  -0.00082   0.00128 -0.000842   0.00137  -0.00119  -0.00338 -0.000607   -0.0132  -0.00272 -1.52e-06  -0.00056 -0.000831  -0.00167  9.64e-06   0.00221   0.00498    0.0215  -0.00718  -0.00351  0.000361  -0.00763    -0.118    -0.187   -0.0652    -0.013   -0.0515         1   -0.0152    -0.022   -0.0564  -0.00502   -0.0207   -0.0278   -0.0111  -0.00451  -0.00393   -0.0043  -0.00115 -0.000731   -0.0604    -0.049   -0.0264 -0.000893 -0.000795 -3.53e-05  2.91e-06     4e-08 -5.21e-08  -0.00887  -0.00233  -0.00198  0.000218  -0.00786   0.00263  0.000605  1.57e-05 -0.000507  -0.00437  -0.00156    0.0816  -0.00617  -0.00186    0.0248   -0.0334  -0.00311    0.0114   -0.0273   -0.0349  -0.00134     -0.03  -0.00849   -0.0194  -0.00319  9.84e-05  -0.00545 -0.000474 -1.27e-05   -0.0279  -0.00799 -0.000721   -0.0296
  -0.0417 -0.000221 -0.000286 -0.000355  -0.00213 -0.000722 -7.33e-16 -7.33e-16  2.32e-05  3.58e-05   2.4e-17 -0.000145  -0.00104 -0.000115 -0.000306 -5.56e-05 -7.35e-05 -0.000647  -0.00142  0.000788  2.75e-06   0.00617   0.00156  0.000583   0.00101   0.00199   0.00049  0.000467   0.00154 -0.000247   0.00093  0.000144  0.000211  0.000499   0.00131   0.00244 -3.03e-07 -0.000257 -4.38e-05 -0.000153  2.11e-05   0.00216  -0.00201  -0.00547  -0.00249   -0.0111  0.000245  -0.00499   -0.0257   -0.0383   -0.0129   -0.0021  -0.00607   -0.0152         1  -0.00201     -0.01 -0.000511  -0.00254  -0.00327  -0.00175   -0.0073  -0.00102 -0.000487 -0.000527   0.00037  -0.00814  -0.00252  -0.00442 -0.000145 -0.000205  9.39e-06  9.88e-07  3.19e-07   9.9e-09  -0.00418  0.000511 -0.000365  1.47e-05  -0.00426  0.000527  0.000435  5.24e-05   0.00139  -0.00149 -0.000399   -0.0182  0.000123  -0.00232   -0.0123 -3.97e-05   -0.0168  -0.00446 -0.000709   -0.0218 -0.000121  -0.00192  -0.00351  -0.00413 -0.000482  8.25e-05  -0.00163 -0.000123 -9.04e-06  -0.00745  -0.00298 -0.000634  -0.00449
   0.0411 -0.000268 -0.000833  -0.00231  -0.00549  -0.00169 -1.39e-15 -1.39e-15 -3.96e-05 -3.71e-05  6.36e-16 -0.000844  -0.00246 -0.000278  -0.00144 -0.000195 -0.000249  -0.00162  -0.00345   0.00116  0.000211  -0.00229   0.00183 -0.000344   0.00275 -0.000734   0.00287   4.1e-05  -0.00121 -0.000111 -0.000104   0.00115  0.000211  9.21e-05  -0.00671   0.00141 -1.15e-06  0.000105 -0.000423 -0.000743 -2.47e-05  -0.00193   0.00253   0.00975   0.00819   -0.0169 -0.000151 -4.73e-05   -0.0246   -0.0373   -0.0116  -0.00571   -0.0145    -0.022  -0.00201         1   -0.0139  -0.00342  -0.00726  -0.00676  -0.00498    0.0088 -0.000994  -0.00103 -9.97e-05 -0.000625   -0.0349   -0.0179  -0.00584 -0.000752 -0.000177 -5.01e-05 -4.91e-06 -7.44e-07 -7.22e-08  -0.00369  -0.00219 -0.000413 -5.53e-05  -0.00262 -0.000784 -0.000609 -0.000123  -0.00278 -0.000595 -0.000552     0.052  -0.00384  -0.00025    0.0112    0.0014   0.00671   0.00185   0.00311   0.00139 -0.000496   -0.0141  -0.00197  -0.00439  -0.00148 -6.91e-05  -0.00165 -0.000448 -1.78e-05  -0.00772 -0.000927 -0.000152  -0.00996
  -0.0529  -0.00053  -0.00127  -0.00256   -0.0081  -0.00254 -2.59e-15 -2.59e-15  7.94e-05  0.000258  5.41e-16  -0.00099  -0.00383 -0.000427  -0.00174 -0.000255  -0.00033  -0.00248  -0.00528  0.000592 -0.000156   0.00419  6.63e-05 -2.99e-05  -0.00193   0.00243  -0.00191 -0.000215   0.00162 -0.000299   0.00149 -0.000603  -0.00208 -0.000152  -0.00443 -9.51e-05 -5.59e-07 -0.000247 -0.000487 -0.000533  1.25e-05   0.00237   0.00349    0.0139  -0.00468   0.00222  0.000335  -0.00508   -0.0757    -0.119   -0.0417  -0.00838   -0.0321   -0.0564     -0.01   -0.0139         1  -0.00311   -0.0131   -0.0174  -0.00652  -0.00459  -0.00204  -0.00219 -0.000124   9.8e-06   -0.0342    -0.024   -0.0153     6e-06 -0.000507 -1.42e-06  1.91e-06   1.5e-08 -2.65e-08  -0.00413 -0.000526  -0.00118  0.000132  -0.00312   0.00195  0.000539  4.52e-05  0.000247  -0.00196 -0.000474    0.0537  -0.00373  -0.00167    0.0114   -0.0204  -0.00579    0.0065   -0.0183   -0.0244  -0.00078   -0.0106  -0.00283  -0.00581  -0.00121  0.000145   -0.0015  4.18e-05 -4.61e-06   -0.0102  -0.00351 -0.000186   -0.0153
 -0.00259 -6.42e-05 -0.000146 -0.000656  -0.00193  -0.00064 -4.61e-16 -4.61e-16 -3.93e-05  -5.6e-05  2.17e-16 -0.000229 -0.000857 -9.63e-05 -0.000422  -6.3e-05 -7.93e-05 -0.000562  -0.00121  0.000786  0.000183   0.00147    0.0016 -3.13e-05   -0.0052  0.000357   0.00256  0.000333 -0.000125 -0.000688  0.000184  0.000991  0.000765  0.000366  -0.00522   0.00145 -3.57e-07  8.66e-05 -0.000132   -0.0015 -6.55e-06 -0.000375  -0.00151  -0.00451   0.00584   -0.0381 -5.36e-05    0.0004  -0.00531  -0.00763 -0.000925  -0.00347  -0.00352  -0.00502 -0.000511  -0.00342  -0.00311         1  -0.00291   -0.0012  -0.00333   0.00519 -0.000371 -6.23e-05 -9.63e-05 -5.64e-05   -0.0244  -0.00295  -0.00209 -0.000417 -8.09e-05  -2.6e-05  -2.4e-06 -1.83e-07  -1.9e-08  -0.00245 -0.000562 -3.01e-05 -7.27e-05 -0.000985 -0.000753 -0.000303 -2.74e-05 -0.000568  0.000203 -7.23e-05    0.0337 -0.000552   0.00026  0.000276   0.00421   0.00168  -0.00165    0.0063 -0.000519 -0.000196   -0.0013  8.11e-05   0.00164 -0.000192  9.57e-06  0.000222 -4.56e-05 -1.11e-05  0.000699  0.000605 -9.07e-05  -0.00333
   0.0114  -0.00016 -0.000486  -0.00157  -0.00431  -0.00135 -1.09e-15 -1.09e-15 -1.51e-05  5.69e-05  3.08e-16 -0.000579  -0.00196  -0.00022  -0.00101 -0.000143 -0.000182  -0.00129  -0.00273  0.000313  2.71e-05 -0.000421  5.09e-05 -0.000394  -0.00825   0.00032  0.000656 -0.000151 -0.000192 -0.000702  0.000241  0.000363 -0.000448 -6.74e-05  -0.00831    -0.001  -3.9e-07  6.98e-05 -0.000321  -0.00166  -1.1e-05 -0.000323  0.000548   0.00289   0.00273   -0.0288 -3.58e-05  0.000399   -0.0244   -0.0394   -0.0125  -0.00532   -0.0134   -0.0207  -0.00254  -0.00726   -0.0131  -0.00291         1  -0.00676  -0.00469   0.00497 -0.000856 -0.000871 -2.84e-05 -0.000298   -0.0307   -0.0124  -0.00648 -0.000374 -0.000189 -2.83e-05 -1.86e-06 -2.61e-07 -2.85e-08  -0.00205 -0.000974 -0.000353  -4.5e-06 -0.000479 -2.29e-05 -0.000215  -2.7e-05 -0.000946 -9.75e-05 -0.000163     0.052  -0.00204  0.000253   0.00923  -0.00707   0.00464   0.00302  -0.00359  -0.00206 -0.000457  -0.00543  5.49e-05  -0.00016 -0.000497  3.19e-05  9.43e-06  2.43e-05 -7.44e-06  -0.00154  2.65e-05  0.000113   -0.0077
  -0.0475 -0.000127 -0.000725   -0.0017  -0.00449  -0.00133 -1.09e-15 -1.09e-15  7.37e-05  0.000202 -6.33e-17 -0.000662  -0.00211 -0.000237  -0.00111 -0.000151 -0.000194  -0.00139   -0.0029  -0.00216 -0.000349  -0.00537  -0.00501  -0.00114   -0.0174 -0.000367  -0.00495  -0.00119 -0.000195 -0.000974 -3.64e-05  -0.00189  -0.00288  -0.00126   -0.0105  -0.00682  1.89e-07  -0.00014 -0.000201  -0.00193 -8.79e-07  0.000143   0.00217   0.00945  -0.00829  0.000381  6.44e-05 -0.000127   -0.0344   -0.0587   -0.0213  -0.00346   -0.0188   -0.0278  -0.00327  -0.00676   -0.0174   -0.0012  -0.00676         1  -0.00318  3.47e-05 -0.000513  -0.00148  5.98e-05 -0.000372   -0.0149   -0.0177  -0.00931  0.000197 -0.000223  9.21e-07  4.15e-06  3.95e-08 -4.47e-09   0.00169 -0.000627 -0.000658  0.000146   0.00249   0.00159  0.000248  2.64e-05 -0.000269 -0.000363  -3.3e-06    0.0361  -0.00173   0.00202    0.0251    -0.024    0.0169    0.0122   -0.0204   0.00281 -0.000429  -0.00557  0.000951  -0.00261  -0.00035  8.12e-06  0.000117   0.00017  1.62e-05  -0.00147 -0.000286   0.00047  -0.00819
    0.073 -0.000123 -0.000408  -0.00155  -0.00439  -0.00141 -8.25e-16 -8.25e-16 -4.54e-05 -6.19e-05  9.54e-17 -0.000568  -0.00197 -0.000223  -0.00101 -0.000146 -0.000185  -0.00129  -0.00276  0.000384  0.000169   0.00116   0.00085 -0.000281   -0.0133  0.000473   0.00258  0.000219 -0.000219  -0.00147  7.19e-05  0.000917  0.000689  0.000283    -0.011  0.000403 -6.67e-07 -6.22e-05 -0.000171  -0.00296 -4.05e-06 -0.000383  -0.00324  -0.00888   0.00576   -0.0618 -5.56e-05 -0.000501   -0.0143   -0.0221  -0.00522  -0.00516  -0.00739   -0.0111  -0.00175  -0.00498  -0.00652  -0.00333  -0.00469  -0.00318         1   0.00599 -0.000976 -0.000618 -0.000685 -0.000261   -0.0384  -0.00953  -0.00568 -0.000906 -0.000174 -4.27e-05 -1.61e-06 -3.93e-08 -1.84e-08  -0.00487  -0.00112 -0.000223 -7.14e-05  -0.00295 -0.000846 -0.000317 -2.72e-05 -0.000453 -0.000583 -0.000467    0.0423 -0.000402  0.000793   0.00329   0.00242   0.00402  -0.00125   0.00692  -0.00354 -0.000342  -0.00671  -0.00202  -0.00275 -0.000783 -1.79e-05  -0.00114 -0.000252 -1.52e-05  -0.00477 -0.000723 -0.000398  -0.00807
    0.139 -3.59e-05  0.000599   0.00346   0.00594   0.00173  6.39e-16  6.39e-16  0.000188  0.000211  -8.2e-16   0.00125   0.00244  0.000282   0.00203  0.000253  0.000316   0.00167    0.0035  -0.00217 -0.000669   0.00811   -0.0042  0.000763   -0.0147   0.00333  -0.00836 -0.000102   0.00444 -0.000577   0.00208   -0.0033  -0.00248 -0.000525   0.00802  -0.00411  1.91e-06  -0.00047  0.000452   5.4e-05   6.9e-05    0.0067  -0.00704    -0.021   -0.0299    0.0248  0.000744   -0.0125   -0.0221   -0.0368   -0.0156   0.00522   0.00511  -0.00451   -0.0073    0.0088  -0.00459   0.00519   0.00497  3.47e-05   0.00599         1  0.000764  0.000904  0.000606   0.00201    0.0537    0.0225   0.00112   0.00229 -0.000195  0.000144   8.2e-06  9.72e-07  9.54e-08    0.0041   0.00508 -0.000231  0.000179   0.00206   0.00344   0.00187  0.000253   0.00558 -0.000211   0.00108    -0.181   0.00337  -0.00614   -0.0379   -0.0186   -0.0422   -0.0063   -0.0281    -0.041  0.000581    0.0282   0.00185   0.00795   0.00245   0.00029   0.00249  0.000862  3.03e-05   0.00903  -0.00152  4.02e-05    0.0101
 -0.00826 -9.53e-05 -0.000256   -0.0012  -0.00275 -0.000832 -3.06e-16 -3.06e-16 -3.83e-05 -3.15e-05 -1.17e-17  -0.00044   -0.0012 -0.000136 -0.000756 -9.99e-05 -0.000127 -0.000784  -0.00168  0.000489  3.52e-05 -0.000355  0.000742  7.12e-05   0.00433 -0.000246   0.00127  3.43e-05 -0.000543  0.000179   -0.0004  0.000492  0.000584   0.00023  -0.00148  0.000693 -7.86e-07 -0.000133 -0.000139  0.000234 -6.42e-06 -0.000683 -0.000111  0.000222   0.00235  -0.00223  -8.7e-05  -0.00086  -0.00579  -0.00767  -0.00225 -0.000597  -0.00167  -0.00393  -0.00102 -0.000994  -0.00204 -0.000371 -0.000856 -0.000513 -0.000976  0.000764         1 -0.000753 -0.000874 -0.000514  -0.00766  -0.00881  -0.00218 -0.000877 -3.58e-05 -2.97e-05 -1.83e-06 -1.17e-08 -1.45e-08  -0.00392  -0.00117 -0.000143 -1.35e-05  -0.00461 -0.000511 -0.000165 -4.74e-05 -0.000606  -0.00152 -0.000859  -0.00354 -0.000708  -0.00105   -0.0031   0.00286  -0.00602  -0.00287   0.00443   -0.0061 -0.000152   -0.0123  -0.00477   -0.0094   -0.0013 -6.32e-05  -0.00318 -0.000505  -1.4e-05   -0.0128  -0.00311 -0.000608  -0.00552
 -0.00235  -5.3e-05 -0.000292   -0.0012  -0.00256 -0.000747 -2.34e-16 -2.34e-16 -1.68e-05   1.9e-06 -9.94e-17 -0.000448  -0.00113 -0.000128 -0.000751 -9.61e-05 -0.000122 -0.000742  -0.00157   -0.0004 -7.12e-05  -0.00303  -0.00108 -0.000307 -0.000469 -0.000811 -0.000407 -0.000358 -0.000826 -8.66e-06 -0.000602 -0.000169 -0.000204 -0.000234   -0.0035  -0.00166 -5.51e-07 -0.000128 -0.000115 -0.000143 -8.12e-06 -0.000961  0.000414    0.0023 -0.000412    0.0029 -0.000103 -0.000244  -0.00529   -0.0085  -0.00303 -0.000144  -0.00285   -0.0043 -0.000487  -0.00103  -0.00219 -6.23e-05 -0.000871  -0.00148 -0.000618  0.000904 -0.000753         1 -0.000687 -0.000576  -0.00425   -0.0101  -0.00248 -0.000655 -2.55e-05 -2.33e-05 -5.57e-07 -3.49e-08 -1.25e-08  -0.00204  -0.00116 -0.000177  2.12e-05  -0.00272  -0.00016 -0.000135 -4.42e-05 -0.000754  -0.00118 -0.000681  -0.00394 -0.000792 -0.000163   0.00384  -0.00248  0.000877  0.000663 -0.000727 -0.000726 -0.000144   -0.0113  -0.00349  -0.00847   -0.0011 -7.99e-05  -0.00259 -0.000412 -5.64e-06   -0.0105  -0.00238 -0.000342  -0.00506
  -0.0067 -6.27e-05 -0.000247  -0.00108  -0.00241 -0.000719  -1.7e-16  -1.7e-16 -2.89e-05  -4.2e-05 -1.22e-16 -0.000403  -0.00105  -0.00012 -0.000685 -8.96e-05 -0.000114 -0.000688  -0.00147  4.66e-05  1.69e-05  -0.00102  6.59e-05 -3.97e-05   0.00186 -0.000423  0.000787 -4.94e-05 -0.000598 -2.77e-05 -0.000511  0.000235  0.000454  9.08e-05   -0.0021  0.000113 -6.98e-07 -0.000182 -5.76e-05 -7.49e-05 -3.26e-06 -0.000703 -0.000603  -0.00115   0.00146  -0.00382 -8.01e-05 -0.000867  -0.00261    -0.003 -0.000718  6.23e-06 -0.000359  -0.00115 -0.000527 -9.97e-05 -0.000124 -9.63e-05 -2.84e-05  5.98e-05 -0.000685  0.000606 -0.000874 -0.000687         1 -0.000491  -0.00549    -0.008   -0.0019 -0.000841 -2.01e-05 -2.67e-05 -6.11e-07  7.93e-08 -7.68e-09  -0.00351  -0.00109 -0.000128 -6.74e-06  -0.00422 -0.000458 -0.000126 -3.88e-05 -0.000407  -0.00151 -0.000828  -0.00748 -0.000166 -0.000361 -0.000957   0.00287  -0.00246  -0.00199   0.00449  -0.00377 -8.86e-05   -0.0117  -0.00466  -0.00965  -0.00124 -8.36e-05  -0.00317 -0.000522 -1.05e-05   -0.0123  -0.00298 -0.000614  -0.00491
-0.000202 -1.67e-05 -0.000183 -0.000962  -0.00181 -0.000517 -7.85e-17 -7.85e-17 -2.61e-05 -1.73e-05    -5e-17 -0.000351 -0.000773 -8.85e-05 -0.000583 -7.18e-05 -9.07e-05 -0.000515  -0.00108 -0.000256 -3.83e-05  -0.00337  -0.00078 -0.000298  0.000379  -0.00103 -1.43e-06 -0.000307 -0.000989  9.01e-05 -0.000653  1.28e-05  -2.4e-05 -0.000196  -0.00303  -0.00144 -4.86e-07  -4.4e-05 -0.000114 -2.97e-05 -1.21e-05  -0.00126  0.000531   0.00233  0.000673   0.00289 -0.000141  0.000443  0.000303  0.000308  0.000127  0.000127 -0.000939 -0.000731   0.00037 -0.000625   9.8e-06 -5.64e-05 -0.000298 -0.000372 -0.000261   0.00201 -0.000514 -0.000576 -0.000491         1   -0.0029  -0.00789  -0.00104 -0.000573  1.37e-05 -2.32e-05 -1.46e-06 -1.47e-07 -1.67e-08  -0.00136  -0.00112 -6.71e-05  2.33e-06  -0.00194 -0.000363 -0.000234 -5.58e-05  -0.00102 -0.000749 -0.000536   -0.0036 -0.000875  -0.00018   0.00305 -0.000835   0.00135  0.000229  0.000504     0.002 -0.000104  -0.00942  -0.00254  -0.00641 -0.000887 -8.05e-05  -0.00201 -0.000355 -5.72e-06  -0.00794  -0.00159 -0.000217  -0.00353
    0.509 -0.000858  -0.00274   -0.0121   -0.0319   -0.0102 -5.47e-15 -5.47e-15 -0.000487 -0.000687  1.14e-15  -0.00435   -0.0142   -0.0016  -0.00772  -0.00109  -0.00138  -0.00928   -0.0199   0.00555   0.00163   0.00582    0.0113  -0.00152   -0.0705   0.00121    0.0255   0.00225  -0.00411  -0.00886 -0.000787   0.00943   0.00807   0.00309   -0.0746   0.00825 -6.31e-06 -0.000129  -0.00152   -0.0188 -7.39e-05  -0.00673   -0.0213   -0.0592    0.0574    -0.435 -0.000883 -0.000316   -0.0721    -0.106   -0.0177   -0.0358   -0.0415   -0.0604  -0.00814   -0.0349   -0.0342   -0.0244   -0.0307   -0.0149   -0.0384    0.0537  -0.00766  -0.00425  -0.00549   -0.0029         1   -0.0715    -0.034  -0.00797    -0.001 -0.000378 -2.28e-05 -1.18e-06 -2.02e-07   -0.0393   -0.0105  -0.00109 -0.000695   -0.0269  -0.00893  -0.00343 -0.000405  -0.00683  -0.00471  -0.00437     0.301  -0.00527   0.00311    0.0102    0.0411    0.0182   -0.0196    0.0729   -0.0186  -0.00246   -0.0648   -0.0192   -0.0275  -0.00729 -0.000299   -0.0117  -0.00268 -0.000145    -0.047  -0.00692  -0.00347   -0.0588
   -0.122  -0.00065  -0.00394   -0.0162   -0.0333  -0.00969 -3.01e-15 -3.01e-15 -0.000279 -0.000158 -8.07e-16  -0.00596   -0.0146  -0.00166  -0.00998  -0.00127  -0.00161  -0.00963   -0.0203  -0.00516 -0.000717   -0.0478    -0.014  -0.00487   -0.0126   -0.0136  -0.00275  -0.00484   -0.0132  -0.00058  -0.00867  -0.00121  -0.00225  -0.00347   -0.0548   -0.0233 -7.63e-06  -0.00122  -0.00173  -0.00357 -0.000147   -0.0164   0.00534    0.0311   0.00167    0.0108  -0.00171  -0.00128   -0.0525   -0.0854    -0.029  -0.00373   -0.0357    -0.049  -0.00252   -0.0179    -0.024  -0.00295   -0.0124   -0.0177  -0.00953    0.0225  -0.00881   -0.0101    -0.008  -0.00789   -0.0715         1   -0.0286  -0.00856  -0.00026 -0.000334 -1.53e-05 -1.78e-06 -2.48e-07   -0.0246   -0.0167  -0.00204  0.000133   -0.0322  -0.00378  -0.00282  -0.00076   -0.0138   -0.0133  -0.00844   -0.0525   -0.0136  -0.00216    0.0564   -0.0251    0.0243   0.00882  -0.00429    0.0106  -0.00192    -0.147   -0.0415    -0.103   -0.0143  -0.00118    -0.032  -0.00555 -8.06e-05    -0.128   -0.0272  -0.00384   -0.0649
  -0.0211 -0.000213  -0.00104  -0.00345  -0.00882  -0.00267 -1.31e-15 -1.31e-15     7e-06  8.36e-05 -4.22e-16  -0.00131    -0.004 -0.000453  -0.00224 -0.000305  -0.00039  -0.00262  -0.00555    -0.002 -0.000249  -0.00462  -0.00439   -0.0011   -0.0216 -0.000381   -0.0025 -0.000989 -0.000783  -0.00182 -0.000737  -0.00114  -0.00145 -0.000814   -0.0172  -0.00595 -1.01e-06 -0.000521 -0.000223  -0.00345  1.73e-06 -0.000468  -0.00212  -0.00284  -0.00449   -0.0389 -3.78e-05  -0.00225   -0.0365   -0.0597     -0.02  -0.00432    -0.017   -0.0264  -0.00442  -0.00584   -0.0153  -0.00209  -0.00648  -0.00931  -0.00568   0.00112  -0.00218  -0.00248   -0.0019  -0.00104    -0.034   -0.0286         1   -0.0015  -0.00029 -5.06e-05  3.57e-06  4.18e-07 -2.39e-09  -0.00622  -0.00224 -0.000812  9.38e-05  -0.00588  0.000449  5.93e-05 -1.14e-05 -0.000136  -0.00305  -0.00148    0.0252 -0.000682   0.00168    0.0182   -0.0153    0.0104   0.00593  -0.00751  -0.00753 -0.000561   -0.0235  -0.00758   -0.0186  -0.00234 -0.000116  -0.00533 -0.000723 -6.28e-06   -0.0222  -0.00544  -0.00083    -0.017
    0.045 -6.34e-05 -0.000242  -0.00119  -0.00252 -0.000753 -1.96e-16 -1.96e-16 -4.33e-05 -5.56e-05 -2.39e-17 -0.000434  -0.00108 -0.000124 -0.000738 -9.54e-05 -0.000121 -0.000714  -0.00152  0.000321  5.65e-05  -0.00147  0.000513 -5.22e-05   0.00324 -0.000642    0.0014 -1.47e-05 -0.000856  8.76e-05 -0.000581  0.000513  0.000635   0.00015  -0.00235  0.000399 -7.92e-07 -0.000108 -0.000116     2e-05 -9.45e-06  -0.00113 -0.000181   4.1e-05   0.00315  -0.00471 -0.000131  -0.00027   -0.0011 -0.000473  0.000358 -0.000359 -0.000434 -0.000893 -0.000145 -0.000752     6e-06 -0.000417 -0.000374  0.000197 -0.000906   0.00229 -0.000877 -0.000655 -0.000841 -0.000573  -0.00797  -0.00856   -0.0015         1 -7.12e-06 -3.32e-05 -1.96e-06 -7.22e-08 -1.79e-08  -0.00353  -0.00133 -8.73e-05 -2.48e-05  -0.00413 -0.000698 -0.000265 -6.07e-05 -0.000889  -0.00132 -0.000821  -0.00163 -0.000656 -0.000527  -0.00088   0.00401  -0.00232  -0.00233   0.00568  -0.00214 -0.000123   -0.0124  -0.00438  -0.00902  -0.00128 -8.94e-05  -0.00304 -0.000535 -1.32e-05   -0.0119  -0.00266 -0.000556  -0.00502
 -0.00013  -8.8e-06 -1.96e-05 -3.55e-05 -0.000146 -4.81e-05 -4.02e-17 -4.02e-17  1.25e-06  8.52e-07 -2.42e-18 -1.36e-05 -6.95e-05 -7.78e-06 -2.61e-05 -4.21e-06 -5.44e-06 -4.45e-05  -9.6e-05 -1.19e-05 -1.44e-06  0.000143 -1.89e-05 -3.54e-06 -0.000661  6.26e-05 -1.02e-05  5.78e-06  4.82e-05 -6.51e-05  3.36e-05 -9.73e-06 -1.62e-05  1.16e-06 -0.000341 -2.46e-05 -9.27e-09 -1.07e-05 -2.58e-06 -0.000115  7.65e-07  7.06e-05 -0.000179  -0.00047 -0.000152  -0.00195  8.77e-06 -0.000212  -0.00124  -0.00195 -0.000623 -0.000176 -0.000411 -0.000795 -0.000205 -0.000177 -0.000507 -8.09e-05 -0.000189 -0.000223 -0.000174 -0.000195 -3.58e-05 -2.55e-05 -2.01e-05  1.37e-05    -0.001  -0.00026  -0.00029 -7.12e-06         1  6.94e-08  6.35e-08  8.77e-09  1.02e-10 -0.000162  9.63e-06 -1.94e-05  9.76e-08 -0.000111  1.88e-05  1.25e-05  1.84e-06  4.32e-05 -4.04e-05 -9.04e-06 -0.000323  5.25e-07 -3.94e-05 -0.000177 -0.000191 -0.000274 -6.22e-05 -0.000143   -0.0007 -9.47e-06 -2.38e-05 -8.15e-05 -7.62e-05 -1.35e-05  2.49e-06 -3.24e-05 -2.74e-06 -2.13e-07 -0.000163 -7.02e-05 -1.78e-05 -0.000282
 0.000515 -2.01e-06 -9.02e-06 -4.65e-05 -9.51e-05 -2.83e-05 -8.02e-18 -8.02e-18 -1.83e-06 -2.16e-06  1.42e-18 -1.69e-05 -4.07e-05 -4.65e-06 -2.85e-05 -3.65e-06 -4.61e-06 -2.69e-05 -5.73e-05  1.38e-05  2.77e-06 -7.81e-05  2.06e-05 -4.86e-06  0.000111 -3.11e-05  5.94e-05 -1.67e-06 -3.92e-05  3.53e-06 -2.36e-05  2.28e-05  2.33e-05  4.49e-06 -0.000111  9.77e-06 -2.94e-08 -1.79e-06 -5.53e-06 -1.95e-06 -5.13e-07 -5.37e-05     8e-06  4.54e-05  0.000153 -0.000223 -6.16e-06  1.59e-05  -1.6e-06   3.6e-05  3.59e-05  -2.6e-05 -3.39e-05 -3.53e-05  9.39e-06 -5.01e-05 -1.42e-06  -2.6e-05 -2.83e-05  9.21e-07 -4.27e-05  0.000144 -2.97e-05 -2.33e-05 -2.67e-05 -2.32e-05 -0.000378 -0.000334 -5.06e-05 -3.32e-05  6.94e-08         1  -9.5e-08 -6.41e-09 -8.87e-10 -0.000117 -5.44e-05 -2.33e-06 -1.21e-06 -0.000132 -2.99e-05 -1.33e-05 -2.69e-06 -4.52e-05 -3.92e-05  -2.8e-05  0.000242 -3.57e-05 -1.14e-05  3.96e-05  0.000144  -5.5e-06 -6.34e-05  0.000215   1.6e-05 -5.61e-06 -0.000453 -0.000139 -0.000296 -4.56e-05 -3.44e-06   -0.0001 -1.87e-05 -4.92e-07 -0.000393  -7.9e-05 -1.65e-05 -0.000184
-2.12e-05 -1.75e-07 -1.04e-07 -2.41e-06 -4.24e-06  -1.3e-06  -3.1e-19  -3.1e-19 -2.17e-07 -2.57e-07  7.63e-19 -7.73e-07 -1.69e-06 -1.89e-07 -1.38e-06 -1.68e-07 -2.09e-07 -1.11e-06 -2.42e-06  3.33e-06  3.04e-07 -6.12e-06  4.99e-06  9.47e-08  1.62e-05 -3.14e-06  7.64e-06  4.11e-07 -3.45e-06  1.31e-06 -1.41e-06  3.41e-06  2.97e-06  9.18e-07 -6.63e-06  2.09e-06 -2.32e-09  4.92e-07 -8.55e-07  9.64e-07 -7.37e-08  -5.3e-06 -3.75e-07 -4.89e-07  1.35e-05 -1.96e-05 -6.53e-07 -6.42e-07  1.03e-05  2.05e-05     1e-05 -2.53e-06  3.95e-06  2.91e-06  9.88e-07 -4.91e-06  1.91e-06  -2.4e-06 -1.86e-06  4.15e-06 -1.61e-06   8.2e-06 -1.83e-06 -5.57e-07 -6.11e-07 -1.46e-06 -2.28e-05 -1.53e-05  3.57e-06 -1.96e-06  6.35e-08  -9.5e-08         1 -1.87e-09 -1.39e-10 -7.42e-06 -3.76e-06  2.93e-07 -2.43e-07 -8.75e-06 -3.49e-06 -1.63e-06 -3.39e-07 -6.05e-06 -7.86e-07 -1.45e-06 -5.42e-05 -6.65e-06 -8.31e-06 -2.98e-05  1.75e-05 -3.36e-05 -1.73e-05  1.62e-05 -8.49e-06    -4e-07 -2.39e-05 -6.78e-06 -9.91e-06 -2.46e-06  -1.6e-07 -4.93e-06 -1.15e-06  -5.7e-08 -2.01e-05 -3.42e-06  -6.8e-07 -7.93e-06
 6.76e-06 -7.03e-09 -3.19e-08 -2.14e-07 -2.72e-07 -7.48e-08 -1.85e-20 -1.85e-20 -1.33e-08 -1.88e-08  7.67e-20 -6.77e-08 -1.04e-07 -1.18e-08 -1.15e-07 -1.25e-08 -1.54e-08 -7.15e-08 -1.51e-07  4.94e-08  1.41e-09 -1.69e-06 -7.64e-08 -1.32e-07  5.44e-08 -5.74e-07  2.43e-07 -8.62e-08 -4.75e-07  7.17e-08 -1.94e-07  1.34e-07  1.49e-08  -8.1e-08 -1.38e-06  -5.6e-07 -1.49e-10   6.8e-08 -8.23e-08 -4.09e-08 -8.78e-09 -6.94e-07  2.06e-07  9.22e-07   4.9e-07 -4.79e-08 -7.28e-08  6.91e-08  1.19e-06  1.78e-06  7.57e-07 -1.64e-07 -1.07e-07     4e-08  3.19e-07 -7.44e-07   1.5e-08 -1.83e-07 -2.61e-07  3.95e-08 -3.93e-08  9.72e-07 -1.17e-08 -3.49e-08  7.93e-08 -1.47e-07 -1.18e-06 -1.78e-06  4.18e-07 -7.22e-08  8.77e-09 -6.41e-09 -1.87e-09         1 -1.65e-11  7.49e-08 -3.69e-07  2.04e-08 -1.63e-08 -1.53e-08 -2.47e-07 -1.73e-07 -3.78e-08 -7.75e-07  1.36e-07 -3.84e-08 -6.63e-06 -8.43e-07 -5.91e-07 -5.66e-07  1.41e-07 -8.09e-07 -4.91e-07 -2.42e-07   1.4e-06 -3.33e-08 -1.62e-06  2.15e-08 -1.17e-07 -1.42e-07 -2.26e-08 -1.39e-07 -7.56e-08  -2.7e-09 -5.89e-07  9.47e-08  5.79e-08 -4.39e-07
 6.48e-07 -2.28e-09 -7.65e-09 -3.21e-08 -5.84e-08 -1.71e-08 -6.99e-21 -6.99e-21 -1.35e-09 -2.13e-09  6.07e-21 -1.12e-08 -2.46e-08 -2.81e-09  -1.9e-08 -2.34e-09 -2.94e-09 -1.64e-08 -3.49e-08  1.37e-08  1.95e-09 -1.09e-07  1.67e-08 -6.28e-09  1.26e-07 -4.16e-08  4.49e-08  -2.9e-09 -3.98e-08  9.11e-09 -1.82e-08  1.87e-08  1.28e-08 -5.74e-10 -8.55e-08 -4.23e-09 -2.33e-11  2.02e-09 -6.61e-09   5.3e-09 -6.37e-10 -5.76e-08  2.26e-08  9.81e-08   9.8e-08  2.84e-08  -5.8e-09 -8.49e-09 -4.52e-09  2.16e-08  2.26e-08 -1.97e-08 -3.47e-08 -5.21e-08   9.9e-09 -7.22e-08 -2.65e-08  -1.9e-08 -2.85e-08 -4.47e-09 -1.84e-08  9.54e-08 -1.45e-08 -1.25e-08 -7.68e-09 -1.67e-08 -2.02e-07 -2.48e-07 -2.39e-09 -1.79e-08  1.02e-10 -8.87e-10 -1.39e-10 -1.65e-11         1 -5.74e-08 -4.35e-08  -1.2e-09 -1.41e-09 -7.33e-08 -2.53e-08 -1.42e-08 -3.27e-09 -6.16e-08 -1.55e-08 -1.57e-08 -3.52e-07 -6.48e-08 -4.35e-08 -3.54e-08  1.07e-07 -7.85e-08 -6.48e-08  9.72e-08   3.7e-08 -3.93e-09 -3.05e-07 -7.31e-08 -1.56e-07 -3.11e-08 -2.82e-09 -5.93e-08 -1.39e-08 -3.86e-10 -2.35e-07    -4e-08 -6.57e-09 -1.11e-07
   0.0164 -0.000462  -0.00099  -0.00392  -0.00953  -0.00297 -1.28e-15 -1.28e-15 -0.000167 -0.000292  2.07e-16  -0.00144  -0.00417 -0.000475  -0.00251 -0.000343 -0.000436  -0.00271  -0.00586   0.00385  0.000571   0.00633   0.00791   0.00123    0.0267  0.000531   0.00981   0.00143  -0.00112  0.000605 -0.000766   0.00355   0.00445   0.00204  0.000393    0.0106 -3.43e-06 -0.000582 -0.000332   0.00109 -7.75e-06  -0.00172  -0.00274   -0.0071     0.018   -0.0324 -0.000196  -0.00564    -0.018   -0.0178  -0.00299  -0.00329  -0.00124  -0.00887  -0.00418  -0.00369  -0.00413  -0.00245  -0.00205   0.00169  -0.00487    0.0041  -0.00392  -0.00204  -0.00351  -0.00136   -0.0393   -0.0246  -0.00622  -0.00353 -0.000162 -0.000117 -7.42e-06  7.49e-08 -5.74e-08         1  -0.00404 -0.000432 -0.000173   -0.0208  -0.00295 -0.000671 -0.000173  -0.00162  -0.00611  -0.00333  -0.00703  -0.00135   -0.0041   -0.0235    0.0319   -0.0283   -0.0183    0.0356   -0.0299 -0.000399    -0.044   -0.0197   -0.0344  -0.00506 -0.000237   -0.0124  -0.00216 -6.76e-05   -0.0487   -0.0121  -0.00298   -0.0195
-0.000727  -8.4e-05 -0.000472  -0.00213  -0.00414  -0.00121 -3.13e-16 -3.13e-16 -6.32e-05 -7.55e-05   7.9e-18 -0.000775  -0.00178 -0.000203  -0.00129 -0.000162 -0.000205  -0.00118   -0.0025 -9.58e-06   2.4e-05  -0.00586 -0.000423 -0.000455   0.00383  -0.00198   0.00126 -0.000386  -0.00204  0.000226  -0.00125  0.000472  0.000423 -0.000168  -0.00553  -0.00128 -1.25e-06 -0.000101 -0.000245  2.02e-05 -2.49e-05   -0.0027  0.000989   0.00456   0.00391   0.00174 -0.000286  0.000353 -0.000838 -0.000445  0.000289 -0.000345  -0.00219  -0.00233  0.000511  -0.00219 -0.000526 -0.000562 -0.000974 -0.000627  -0.00112   0.00508  -0.00117  -0.00116  -0.00109  -0.00112   -0.0105   -0.0167  -0.00224  -0.00133  9.63e-06 -5.44e-05 -3.76e-06 -3.69e-07 -4.35e-08  -0.00404         1 -0.000159 -2.39e-05  -0.00514  -0.00104  -0.00056 -0.000131  -0.00231  -0.00176  -0.00122  -0.00392  -0.00201  -0.00056    0.0047   0.00273   0.00178 -0.000983   0.00508   0.00271 -0.000226    -0.021  -0.00602    -0.014  -0.00208 -0.000179  -0.00458 -0.000859 -1.69e-05    -0.018  -0.00362 -0.000623  -0.00808
-0.000401 -2.32e-05 -9.09e-05  -0.00023 -0.000569 -0.000169 -9.85e-17 -9.85e-17  3.15e-06  4.75e-06 -1.87e-17 -8.84e-05  -0.00026 -2.96e-05 -0.000149 -2.01e-05 -2.58e-05  -0.00017  -0.00036 -0.000112 -1.59e-05 -0.000317 -0.000237 -4.97e-05 -0.000342 -4.87e-05 -0.000192 -5.97e-05 -5.19e-05 -4.53e-05 -4.67e-05 -9.37e-05 -0.000108 -5.57e-05 -0.000592 -0.000244  -9.2e-08 -4.55e-05 -1.07e-05 -7.25e-05   5.1e-07 -3.15e-05  5.26e-05  0.000466 -0.000413  0.000549  3.48e-06 -0.000345  -0.00288  -0.00452  -0.00162 -0.000146  -0.00118  -0.00198 -0.000365 -0.000413  -0.00118 -3.01e-05 -0.000353 -0.000658 -0.000223 -0.000231 -0.000143 -0.000177 -0.000128 -6.71e-05  -0.00109  -0.00204 -0.000812 -8.73e-05 -1.94e-05 -2.33e-06  2.93e-07  2.04e-08  -1.2e-09 -0.000432 -0.000159         1  8.67e-06 -0.000529  5.74e-05  1.56e-05 -2.68e-06 -3.62e-05 -0.000277 -0.000119 -0.000685 -0.000109  3.03e-05   0.00112 -0.000761  0.000421  0.000378  -0.00054 -0.000777 -2.84e-05  -0.00195 -0.000683  -0.00163 -0.000207 -1.18e-05 -0.000484 -7.32e-05 -3.84e-07  -0.00198 -0.000512 -7.83e-05  -0.00113
 0.000392 -3.27e-06   2.3e-06 -4.42e-06 -1.42e-05 -7.27e-06 -5.34e-18 -5.34e-18 -3.23e-06 -7.14e-06  1.56e-17 -2.18e-07 -4.21e-06 -4.74e-07 -2.15e-06 -4.78e-07 -5.51e-07 -2.51e-06 -7.41e-06  9.21e-05  1.57e-05  0.000161  0.000195  2.56e-05  0.000331   1.4e-05  0.000227  4.08e-05 -7.99e-06  3.86e-06  8.53e-06  8.74e-05  9.49e-05  4.36e-05  4.15e-05  0.000231  -3.1e-08  5.93e-06 -4.38e-06  -1.6e-06  -3.9e-07 -2.99e-05 -8.18e-05 -0.000282  0.000426  -0.00126 -3.83e-06  -3.3e-05  0.000283  0.000609    0.0003 -8.07e-05  0.000179  0.000218  1.47e-05 -5.53e-05  0.000132 -7.27e-05  -4.5e-06  0.000146 -7.14e-05  0.000179 -1.35e-05  2.12e-05 -6.74e-06  2.33e-06 -0.000695  0.000133  9.38e-05 -2.48e-05  9.76e-08 -1.21e-06 -2.43e-07 -1.63e-08 -1.41e-09 -0.000173 -2.39e-05  8.67e-06         1 -0.000146 -6.77e-05 -2.01e-05 -3.02e-06 -4.16e-05 -3.54e-07 -1.07e-05  0.000141  -2.7e-05 -7.64e-05  -0.00061  0.000732 -0.000449 -0.000373  0.000692 -0.000212 -6.67e-07 -7.91e-05 -6.71e-05   3.2e-05 -1.78e-05 -5.77e-07 -2.87e-05 -1.28e-05 -9.84e-07 -8.89e-05    -7e-06 -1.95e-05 -2.45e-05
   0.0492 -0.000522  -0.00119  -0.00473   -0.0108  -0.00329 -1.23e-15 -1.23e-15 -0.000183  -0.00031  1.37e-16  -0.00174  -0.00468 -0.000534  -0.00299 -0.000398 -0.000507  -0.00305  -0.00657   0.00394  0.000507    0.0036    0.0078    0.0013    0.0387 -0.000536   0.00962   0.00121  -0.00201   0.00159  -0.00148   0.00348   0.00458   0.00198   0.00366    0.0105 -4.12e-06 -0.000733 -0.000407   0.00289 -1.59e-05   -0.0028 -0.000846 -0.000647    0.0172   0.00196 -0.000299  -0.00671   -0.0174   -0.0154  -0.00312 -0.000975  0.000271  -0.00786  -0.00426  -0.00262  -0.00312 -0.000985 -0.000479   0.00249  -0.00295   0.00206  -0.00461  -0.00272  -0.00422  -0.00194   -0.0269   -0.0322  -0.00588  -0.00413 -0.000111 -0.000132 -8.75e-06 -1.53e-08 -7.33e-08   -0.0208  -0.00514 -0.000529 -0.000146         1  -0.00313 -0.000757 -0.000236  -0.00253  -0.00774  -0.00418   -0.0407  -0.00234  -0.00565   -0.0264    0.0338    -0.035   -0.0201    0.0365   -0.0332 -0.000391   -0.0573   -0.0247   -0.0457  -0.00641 -0.000342   -0.0161  -0.00275 -7.53e-05    -0.063   -0.0156  -0.00351   -0.0223
  0.00453 -4.41e-05 -9.52e-05 -0.000697  -0.00134 -0.000416 -8.62e-17 -8.62e-17 -5.43e-05 -9.37e-05  1.27e-16  -0.00024 -0.000551 -6.31e-05 -0.000416 -5.33e-05 -6.68e-05 -0.000364 -0.000788  0.000875  0.000157 -0.000378   0.00172  0.000113   0.00487 -0.000531   0.00259  0.000263 -0.000764  0.000158 -0.000374  0.000997    0.0011  0.000378  -0.00109    0.0018 -6.93e-07  2.29e-05 -0.000112   8.6e-05 -1.19e-05  -0.00119  -0.00044  -0.00129   0.00545   -0.0103 -0.000138  3.55e-05   0.00418   0.00842   0.00387 -0.000621   0.00176   0.00263  0.000527 -0.000784   0.00195 -0.000753 -2.29e-05   0.00159 -0.000846   0.00344 -0.000511  -0.00016 -0.000458 -0.000363  -0.00893  -0.00378  0.000449 -0.000698  1.88e-05 -2.99e-05 -3.49e-06 -2.47e-07 -2.53e-08  -0.00295  -0.00104  5.74e-05 -6.77e-05  -0.00313         1 -0.000376    -7e-05   -0.0011 -0.000594  -0.00052  5.15e-05  -0.00077 -0.000854  -0.00452   0.00816  -0.00379  -0.00401   0.00868 -0.000778 -6.67e-05  -0.00773   -0.0027  -0.00451 -0.000848 -6.59e-05  -0.00183 -0.000406 -1.49e-05  -0.00691  -0.00129 -0.000401  -0.00262
-0.000964 -7.08e-06 -5.85e-05 -0.000394 -0.000684   -0.0002  -3.2e-17  -3.2e-17 -2.13e-05 -2.87e-05  4.71e-17 -0.000137 -0.000281 -3.22e-05 -0.000231 -2.81e-05 -3.51e-05 -0.000189   -0.0004  0.000116  2.78e-05  -0.00145   0.00012 -0.000111  0.000544 -0.000536  0.000611 -4.86e-05 -0.000542  3.92e-05  -0.00028  0.000254  0.000206 -5.77e-06  -0.00156 -0.000203 -2.62e-07   3.3e-05 -7.31e-05 -8.11e-05 -8.41e-06 -0.000775  0.000113  0.000569    0.0016  -0.00271 -8.68e-05  0.000356   0.00185   0.00309   0.00135 -0.000239  8.93e-05  0.000605  0.000435 -0.000609  0.000539 -0.000303 -0.000215  0.000248 -0.000317   0.00187 -0.000165 -0.000135 -0.000126 -0.000234  -0.00343  -0.00282  5.93e-05 -0.000265  1.25e-05 -1.33e-05 -1.63e-06 -1.73e-07 -1.42e-08 -0.000671  -0.00056  1.56e-05 -2.01e-05 -0.000757 -0.000376         1 -3.81e-05 -0.000719 -0.000124 -0.000188 -2.63e-05 -0.000609 -0.000247  0.000273   0.00139  0.000229 -0.000638   0.00177   0.00163 -4.87e-05  -0.00362 -0.000769  -0.00175 -0.000347 -3.65e-05  -0.00065 -0.000156 -4.61e-06   -0.0025 -0.000328 -6.52e-05  -0.00126
-0.000325 -4.18e-06 -1.99e-05 -9.76e-05 -0.000173 -4.98e-05 -1.02e-17 -1.02e-17 -3.93e-06  -5.8e-06  7.32e-18 -3.44e-05 -7.24e-05 -8.29e-06 -5.78e-05 -7.03e-06 -8.85e-06 -4.82e-05 -0.000102   1.4e-05   2.4e-06 -0.000361 -3.88e-07 -2.37e-05  0.000268  -0.00013  9.26e-05 -1.74e-05 -0.000122  2.16e-05  -6.7e-05   3.8e-05   3.1e-05 -8.37e-06 -0.000283 -6.71e-05 -6.64e-08  1.54e-06 -1.62e-05     1e-05 -1.74e-06 -0.000169  4.48e-05  0.000219  0.000216  0.000156 -1.78e-05 -4.48e-06   0.00018   0.00034   0.00015 -6.23e-06 -1.21e-05  1.57e-05  5.24e-05 -0.000123  4.52e-05 -2.74e-05  -2.7e-05  2.64e-05 -2.72e-05  0.000253 -4.74e-05 -4.42e-05 -3.88e-05 -5.58e-05 -0.000405  -0.00076 -1.14e-05 -6.07e-05  1.84e-06 -2.69e-06 -3.39e-07 -3.78e-08 -3.27e-09 -0.000173 -0.000131 -2.68e-06 -3.02e-06 -0.000236    -7e-05 -3.81e-05         1 -0.000162 -6.34e-05 -5.46e-05  -0.00124 -0.000152  -9.8e-05 -2.85e-05  0.000243 -0.000143 -0.000158  0.000268   0.00016 -9.62e-06 -0.000989 -0.000263 -0.000593 -9.84e-05 -9.44e-06 -0.000209 -4.42e-05 -1.02e-06 -0.000814  -0.00015 -2.47e-05 -0.000334
 -0.00314 -4.68e-05 -0.000342  -0.00169  -0.00284 -0.000803 -1.71e-16 -1.71e-16 -6.31e-05 -7.89e-05  1.65e-16 -0.000596  -0.00118 -0.000136 -0.000991 -0.000118 -0.000149 -0.000795  -0.00167 -4.91e-05  1.56e-06  -0.00787 -0.000727 -0.000627   0.00268  -0.00262  0.000967 -0.000502  -0.00237  0.000362  -0.00125  0.000453   0.00014 -0.000371  -0.00606  -0.00235 -1.01e-06  0.000103 -0.000315  4.73e-05 -3.52e-05  -0.00327   0.00153   0.00622   0.00317    0.0055 -0.000343  0.000839   0.00368   0.00579   0.00238  -0.00025  -0.00139 -0.000507   0.00139  -0.00278  0.000247 -0.000568 -0.000946 -0.000269 -0.000453   0.00558 -0.000606 -0.000754 -0.000407  -0.00102  -0.00683   -0.0138 -0.000136 -0.000889  4.32e-05 -4.52e-05 -6.05e-06 -7.75e-07 -6.16e-08  -0.00162  -0.00231 -3.62e-05 -4.16e-05  -0.00253   -0.0011 -0.000719 -0.000162         1 -0.000633 -0.000761   -0.0147  -0.00306   -0.0013   0.00373   0.00114   0.00154 -0.000663   0.00169   0.00697 -0.000195   -0.0159  -0.00315  -0.00833   -0.0015 -0.000163  -0.00286 -0.000654 -1.38e-05   -0.0113   -0.0017 -0.000164  -0.00532
   0.0173  -0.00016 -0.000494  -0.00175   -0.0039  -0.00116 -4.08e-16 -4.08e-16 -3.72e-05 -6.11e-05 -9.49e-17 -0.000657  -0.00171 -0.000196  -0.00111 -0.000146 -0.000186  -0.00112   -0.0024  0.000526  6.02e-05 -0.000469   0.00102  0.000193    0.0106 -0.000442   0.00156   6.8e-05 -0.000764  0.000458 -0.000673  0.000484  0.000836  0.000299  0.000474   0.00178 -1.26e-06 -0.000333 -9.13e-05  0.000912 -2.33e-06 -0.000896  0.000352    0.0022   0.00285    0.0101 -8.21e-05   -0.0021  -0.00822     -0.01  -0.00338  0.000328  -0.00149  -0.00437  -0.00149 -0.000595  -0.00196  0.000203 -9.75e-05 -0.000363 -0.000583 -0.000211  -0.00152  -0.00118  -0.00151 -0.000749  -0.00471   -0.0133  -0.00305  -0.00132 -4.04e-05 -3.92e-05 -7.86e-07  1.36e-07 -1.55e-08  -0.00611  -0.00176 -0.000277 -3.54e-07  -0.00774 -0.000594 -0.000124 -6.34e-05 -0.000633         1  -0.00145   -0.0141  -0.00056  -0.00103  -0.00261   0.00645  -0.00656  -0.00361   0.00789  -0.00882  -0.00013   -0.0207  -0.00845   -0.0172  -0.00224 -0.000134  -0.00568 -0.000926 -1.84e-05   -0.0223  -0.00559  -0.00113  -0.00811
  0.00926 -7.45e-05 -0.000262  -0.00112  -0.00235 -0.000697 -1.97e-16 -1.97e-16 -3.29e-05 -4.37e-05 -3.55e-17 -0.000412  -0.00102 -0.000117 -0.000695 -8.95e-05 -0.000114  -0.00067  -0.00143  0.000264  3.26e-05  -0.00136  0.000403 -7.17e-06   0.00482 -0.000592   0.00102 -3.62e-05 -0.000747  0.000226 -0.000539  0.000357  0.000496  0.000115  -0.00112  0.000445 -7.63e-07 -0.000138 -9.69e-05  0.000336 -7.07e-06 -0.000954  0.000179   0.00122   0.00215   0.00266 -0.000103 -0.000677  -0.00248  -0.00255 -0.000673  4.47e-05   -0.0006  -0.00156 -0.000399 -0.000552 -0.000474 -7.23e-05 -0.000163  -3.3e-06 -0.000467   0.00108 -0.000859 -0.000681 -0.000828 -0.000536  -0.00437  -0.00844  -0.00148 -0.000821 -9.04e-06  -2.8e-05 -1.45e-06 -3.84e-08 -1.57e-08  -0.00333  -0.00122 -0.000119 -1.07e-05  -0.00418  -0.00052 -0.000188 -5.46e-05 -0.000761  -0.00145         1  -0.00721 -0.000646 -0.000666  -0.00105   0.00341   -0.0031  -0.00209   0.00454  -0.00313 -9.96e-05   -0.0124  -0.00458  -0.00954   -0.0013 -8.79e-05  -0.00317  -0.00054 -1.17e-05   -0.0125  -0.00292 -0.000574  -0.00478
   -0.102 -0.000164  0.000147  -0.00266   -0.0003  0.000429  7.38e-15  7.38e-15  9.28e-05  -0.00088 -7.07e-15 -0.000442  0.000217  1.94e-05  -0.00131 -3.16e-05 -3.14e-05  0.000349   0.00051   -0.0275  -0.00556    -0.106   -0.0616  -0.00884    -0.189    -0.031   -0.0479   -0.0112   -0.0144  -0.00769   -0.0121   -0.0191    -0.013   -0.0129    -0.111   -0.0981 -4.46e-06   -0.0027  -0.00107   -0.0173  -0.00011   -0.0142   -0.0738    -0.188    -0.197   -0.0122  -0.00134   -0.0978    0.0394    0.0414   0.00804    0.0502    0.0922    0.0816   -0.0182     0.052    0.0537    0.0337     0.052    0.0361    0.0423    -0.181  -0.00354  -0.00394  -0.00748   -0.0036     0.301   -0.0525    0.0252  -0.00163 -0.000323  0.000242 -5.42e-05 -6.63e-06 -3.52e-07  -0.00703  -0.00392 -0.000685  0.000141   -0.0407  5.15e-05 -2.63e-05  -0.00124   -0.0147   -0.0141  -0.00721         1   -0.0188   -0.0758    -0.303   -0.0868    -0.325   -0.0998    -0.151    -0.189   0.00267   -0.0699   -0.0552    -0.109   -0.0089  -0.00145   -0.0414  -0.00769 -4.04e-05    -0.156   -0.0466  -0.00531   -0.0108
   0.0178 -0.000101 -0.000355  -0.00158  -0.00284 -0.000816 -3.68e-16 -3.68e-16  -5.2e-05 -3.58e-05  2.84e-16 -0.000554  -0.00121 -0.000137 -0.000933 -0.000113 -0.000143 -0.000803   -0.0017  0.000295 -3.32e-05  -0.00664 -0.000311 -0.000465   0.00516  -0.00216  0.000679 -0.000449  -0.00195  0.000633 -0.000904  0.000429 -8.01e-05 -0.000304  -0.00436    -0.002 -9.29e-07   0.00014 -0.000389  0.000543  -3.4e-05  -0.00272   0.00223   0.00834   0.00181    0.0134 -0.000283  1.08e-05  -0.00403  -0.00624  -0.00207 -0.000772  -0.00396  -0.00617  0.000123  -0.00384  -0.00373 -0.000552  -0.00204  -0.00173 -0.000402   0.00337 -0.000708 -0.000792 -0.000166 -0.000875  -0.00527   -0.0136 -0.000682 -0.000656  5.25e-07 -3.57e-05 -6.65e-06 -8.43e-07 -6.48e-08  -0.00135  -0.00201 -0.000109  -2.7e-05  -0.00234  -0.00077 -0.000609 -0.000152  -0.00306  -0.00056 -0.000646   -0.0188         1  -0.00243  0.000443  -0.00139  -0.00429  -0.00112  -0.00181   0.00197 -0.000245   -0.0141   -0.0027  -0.00683  -0.00133 -0.000112  -0.00243 -0.000527  -1.4e-05   -0.0103  -0.00173 -7.08e-05  -0.00531
  -0.0267 -0.000156  5.16e-05 -0.000391 -0.000955  -0.00033 -1.25e-16 -1.25e-16 -6.27e-05 -7.49e-05  2.18e-16 -9.65e-05 -0.000387  -4.1e-05 -0.000229 -2.94e-05 -3.75e-05 -0.000227 -0.000544   0.00169  2.33e-05   0.00115   0.00258  0.000568    0.0101 -0.000187   0.00238  0.000415 -0.000245  0.000825  1.54e-05   0.00113   0.00121  0.000618   0.00162   0.00177 -8.65e-07  6.12e-05 -0.000319   0.00119 -1.47e-05  -0.00049   -0.0017   -0.0049 -2.75e-05    0.0028 -8.67e-05  -0.00445   -0.0047  -0.00444 -0.000884  5.16e-05   0.00293  -0.00186  -0.00232  -0.00025  -0.00167   0.00026  0.000253   0.00202  0.000793  -0.00614  -0.00105 -0.000163 -0.000361  -0.00018   0.00311  -0.00216   0.00168 -0.000527 -3.94e-05 -1.14e-05 -8.31e-06 -5.91e-07 -4.35e-08   -0.0041  -0.00056  3.03e-05 -7.64e-05  -0.00565 -0.000854 -0.000247  -9.8e-05   -0.0013  -0.00103 -0.000666   -0.0758  -0.00243         1   -0.0287   0.00658   -0.0332   -0.0122   0.00305   -0.0204 -6.06e-05   -0.0069  -0.00452  -0.00529 -0.000898  5.92e-06   -0.0027  -0.00046 -2.54e-05   -0.0114  -0.00329 -0.000592  -0.00226
  -0.0888 -0.000595   0.00201   0.00492   0.00747    0.0017  5.53e-16  5.53e-16 -0.000275 -0.000568  1.06e-15   0.00201   0.00339  0.000401   0.00296  0.000342  0.000432   0.00243   0.00469    0.0135   0.00112    0.0446    0.0268   0.00673     0.061   0.00938     0.022   0.00645   0.00693   0.00292   0.00476   0.00904    0.0118    0.0071     0.036     0.032 -2.09e-06  0.000203 -0.000347   0.00584  4.31e-05   0.00776   -0.0197   -0.0675    0.0157   -0.0798  0.000579   -0.0245   0.00469    0.0319     0.018 -0.000506    0.0405    0.0248   -0.0123    0.0112    0.0114  0.000276   0.00923    0.0251   0.00329   -0.0379   -0.0031   0.00384 -0.000957   0.00305    0.0102    0.0564    0.0182  -0.00088 -0.000177  3.96e-05 -2.98e-05 -5.66e-07 -3.54e-08   -0.0235    0.0047   0.00112  -0.00061   -0.0264  -0.00452  0.000273 -2.85e-05   0.00373  -0.00261  -0.00105    -0.303  0.000443   -0.0287         1     0.079    -0.186    -0.079    0.0582    -0.128  0.000675    0.0227   -0.0144   0.00635  0.000353  0.000541  -0.00432 -0.000634 -0.000126   -0.0175   -0.0096  -0.00357    0.0117
    0.269  0.000819  0.000371 -0.000281 -0.000126   0.00029  1.05e-15  1.05e-15  0.000345   0.00101 -2.44e-15 -0.000137  -0.00027 -2.23e-05 -0.000152  1.25e-05  1.73e-05 -0.000229 -0.000168   -0.0175  -0.00288   -0.0434    -0.039  -0.00725    -0.141   -0.0065   -0.0369  -0.00809  -0.00214  -0.00602  -0.00237   -0.0135   -0.0164  -0.00867   -0.0602   -0.0566  5.59e-06  0.000194 -0.000276   -0.0123 -2.55e-05 -0.000132  -0.00278  -0.00061   -0.0746  -0.00708 -0.000131   0.00656   -0.0308   -0.0867   -0.0373   0.00261   -0.0307   -0.0334 -3.97e-05    0.0014   -0.0204   0.00421  -0.00707    -0.024   0.00242   -0.0186   0.00286  -0.00248   0.00287 -0.000835    0.0411   -0.0251   -0.0153   0.00401 -0.000191  0.000144  1.75e-05  1.41e-07  1.07e-07    0.0319   0.00273 -0.000761  0.000732    0.0338   0.00816   0.00139  0.000243   0.00114   0.00645   0.00341   -0.0868  -0.00139   0.00658     0.079         1    0.0619    0.0527     -0.13    0.0446  -0.00053    0.0348    0.0243    0.0248   0.00559  0.000182    0.0129   0.00301  0.000143     0.046    0.0115   0.00531   0.00179
  -0.0552 -0.000887    0.0012    0.0015  9.91e-05 -0.000429 -5.21e-16 -5.21e-16 -0.000304 -0.000367  1.12e-15  0.000742  0.000115  3.28e-05  0.000823  7.12e-05  8.49e-05  0.000286  0.000162    0.0137  0.000722    0.0383    0.0251   0.00652    0.0815   0.00797    0.0192   0.00535   0.00535    0.0051    0.0036   0.00838    0.0104   0.00664    0.0373    0.0284 -3.62e-06 -5.03e-05 -0.000987   0.00947  1.48e-05   0.00611   -0.0125   -0.0434    0.0104  -0.00274  0.000377   -0.0257   -0.0302   -0.0229  -0.00349 -0.000191    0.0257  -0.00311   -0.0168   0.00671  -0.00579   0.00168   0.00464    0.0169   0.00402   -0.0422  -0.00602  0.000877  -0.00246   0.00135    0.0182    0.0243    0.0104  -0.00232 -0.000274  -5.5e-06 -3.36e-05 -8.09e-07 -7.85e-08   -0.0283   0.00178  0.000421 -0.000449    -0.035  -0.00379  0.000229 -0.000143   0.00154  -0.00656   -0.0031    -0.325  -0.00429   -0.0332    -0.186    0.0619         1   -0.0778    0.0437    -0.145  8.66e-05   -0.0121   -0.0253   -0.0195  -0.00292  0.000439   -0.0122  -0.00159 -0.000144   -0.0518   -0.0184  -0.00436  -0.00307
  0.00428 -0.000418  0.000272 -0.000263  -0.00168 -0.000745 -2.98e-16 -2.98e-16 -0.000223 -0.000439  6.95e-16  -4.3e-06 -0.000633 -6.81e-05 -0.000192 -4.38e-05 -5.55e-05 -0.000342 -0.000944   0.00756  0.000874    0.0183    0.0153   0.00311    0.0416    0.0029    0.0151   0.00328   0.00113    0.0017   0.00101   0.00593   0.00737   0.00385    0.0142    0.0188 -2.79e-06 -6.94e-05 -0.000329   0.00309  -1.7e-06  0.000599  -0.00761   -0.0258    0.0208   -0.0462  -3.1e-05  -0.00995   0.00421     0.022    0.0123  -0.00181    0.0173    0.0114  -0.00446   0.00185    0.0065  -0.00165   0.00302    0.0122  -0.00125   -0.0063  -0.00287  0.000663  -0.00199  0.000229   -0.0196   0.00882   0.00593  -0.00233 -6.22e-05 -6.34e-05 -1.73e-05 -4.91e-07 -6.48e-08   -0.0183 -0.000983  0.000378 -0.000373   -0.0201  -0.00401 -0.000638 -0.000158 -0.000663  -0.00361  -0.00209   -0.0998  -0.00112   -0.0122    -0.079    0.0527   -0.0778         1    0.0468    -0.054  6.93e-05    -0.016   -0.0148   -0.0143  -0.00262  2.15e-05  -0.00782  -0.00147 -8.65e-05   -0.0302  -0.00872  -0.00278  -0.00459
    0.182  0.000743  0.000719   0.00247   0.00611   0.00215   1.4e-15   1.4e-15  0.000409  0.000958 -1.95e-15  0.000888   0.00246  0.000288   0.00158   0.00024  0.000304   0.00158   0.00364   -0.0158  -0.00271    -0.037    -0.035  -0.00604     -0.12  -0.00535   -0.0357  -0.00708 -0.000443  -0.00448 -0.000961   -0.0131   -0.0159  -0.00805    -0.043   -0.0502  6.21e-06  0.000379 -6.92e-05  -0.00907 -8.14e-06   0.00171  -0.00116   0.00324   -0.0763    0.0398  0.000161   0.00215   -0.0266   -0.0765    -0.035   0.00541   -0.0236   -0.0273 -0.000709   0.00311   -0.0183    0.0063  -0.00359   -0.0204   0.00692   -0.0281   0.00443 -0.000727   0.00449  0.000504    0.0729  -0.00429  -0.00751   0.00568 -0.000143  0.000215  1.62e-05 -2.42e-07  9.72e-08    0.0356   0.00508  -0.00054  0.000692    0.0365   0.00868   0.00177  0.000268   0.00169   0.00789   0.00454    -0.151  -0.00181   0.00305    0.0582     -0.13    0.0437    0.0468         1    0.0356 -5.49e-05    0.0534    0.0286    0.0374   0.00712  0.000299    0.0162   0.00342  0.000149    0.0595    0.0139   0.00563    0.0134
    0.418  -0.00105 -0.000189  5.18e-05  -0.00576  -0.00223 -2.13e-15 -2.13e-15 -8.73e-05 -0.000176  3.21e-16     4e-05  -0.00279 -0.000301 -0.000318 -0.000113 -0.000154  -0.00163  -0.00383   0.00953  0.000614    0.0431    0.0191   0.00556     0.047    0.0112    0.0134   0.00476   0.00803   0.00137   0.00466   0.00516   0.00731    0.0055    0.0266    0.0261 -2.85e-06   -0.0011 -0.000229   0.00405  9.65e-05    0.0106   -0.0146   -0.0462    0.0034   -0.0528   0.00104   -0.0274   -0.0801    -0.105   -0.0324  -0.00522   0.00171   -0.0349   -0.0218   0.00139   -0.0244 -0.000519  -0.00206   0.00281  -0.00354    -0.041   -0.0061 -0.000726  -0.00377     0.002   -0.0186    0.0106  -0.00753  -0.00214   -0.0007   1.6e-05 -8.49e-06   1.4e-06   3.7e-08   -0.0299   0.00271 -0.000777 -0.000212   -0.0332 -0.000778   0.00163   0.00016   0.00697  -0.00882  -0.00313    -0.189   0.00197   -0.0204    -0.128    0.0446    -0.145    -0.054    0.0356         1 -9.82e-05   -0.0131   -0.0261   -0.0269  -0.00324  0.000422   -0.0125  -0.00142 -0.000101   -0.0524   -0.0194  -0.00484   -0.0143
  0.00733 -1.19e-05 -4.94e-05 -0.000244 -0.000553 -0.000167 -7.59e-17 -7.59e-17 -6.25e-06  1.23e-06  9.35e-18 -8.89e-05 -0.000243 -2.75e-05 -0.000152    -2e-05 -2.53e-05  -0.00016  -0.00034  5.37e-06    -4e-06 -0.000445 -7.72e-05 -5.86e-05 -0.000436  -0.00011  7.69e-05  -4.8e-05  -0.00015 -2.71e-05 -8.06e-05  4.35e-05  -7.2e-06 -1.81e-05 -0.000972 -0.000256 -1.01e-07 -1.46e-06 -4.03e-05 -0.000104 -2.55e-06 -0.000194  6.71e-05  0.000353  0.000311  -0.00176 -2.43e-05  0.000101  -0.00142  -0.00231 -0.000708 -0.000323 -0.000902  -0.00134 -0.000121 -0.000496  -0.00078 -0.000196 -0.000457 -0.000429 -0.000342  0.000581 -0.000152 -0.000144 -8.86e-05 -0.000104  -0.00246  -0.00192 -0.000561 -0.000123 -9.47e-06 -5.61e-06    -4e-07 -3.33e-08 -3.93e-09 -0.000399 -0.000226 -2.84e-05 -6.67e-07 -0.000391 -6.67e-05 -4.87e-05 -9.62e-06 -0.000195  -0.00013 -9.96e-05   0.00267 -0.000245 -6.06e-05  0.000675  -0.00053  8.66e-05  6.93e-05 -5.49e-05 -9.82e-05         1  -0.00178 -0.000429  -0.00102 -0.000166 -8.37e-06 -0.000323 -5.13e-05 -1.65e-06  -0.00139 -0.000271 -3.31e-05  -0.00104
    0.108  -0.00105  -0.00451   -0.0187   -0.0378    -0.011 -3.18e-15 -3.18e-15 -0.000489 -0.000587 -2.91e-16  -0.00689   -0.0163  -0.00187   -0.0115  -0.00146  -0.00186   -0.0108   -0.0229   0.00172  0.000251   -0.0373  0.000632  -0.00193    0.0693   -0.0135    0.0116   -0.0023   -0.0148   0.00392  -0.00996   0.00406   0.00493 -9.41e-05   -0.0259  -0.00164 -1.17e-05  -0.00178  -0.00178   0.00518 -0.000157   -0.0191    0.0104    0.0444    0.0314    0.0839  -0.00199  -0.00407   -0.0339   -0.0382   -0.0117  0.000877   -0.0187     -0.03  -0.00192   -0.0141   -0.0106   -0.0013  -0.00543  -0.00557  -0.00671    0.0282   -0.0123   -0.0113   -0.0117  -0.00942   -0.0648    -0.147   -0.0235   -0.0124 -2.38e-05 -0.000453 -2.39e-05 -1.62e-06 -3.05e-07    -0.044    -0.021  -0.00195 -7.91e-05   -0.0573  -0.00773  -0.00362 -0.000989   -0.0159   -0.0207   -0.0124   -0.0699   -0.0141   -0.0069    0.0227    0.0348   -0.0121    -0.016    0.0534   -0.0131  -0.00178         1   -0.0658    -0.146   -0.0203  -0.00153   -0.0475  -0.00832  -0.00016    -0.187   -0.0418  -0.00754   -0.0756
    0.039 -0.000474  -0.00142   -0.0056   -0.0122  -0.00363 -1.12e-15 -1.12e-15 -0.000164 -0.000261 -1.83e-16  -0.00207  -0.00529 -0.000604  -0.00352 -0.000458 -0.000583  -0.00346   -0.0074   0.00213  0.000259  -0.00306   0.00394  0.000535    0.0327  -0.00215   0.00646  0.000296  -0.00314   0.00145  -0.00242   0.00221   0.00328   0.00108 -0.000992   0.00551 -4.21e-06 -0.000878 -0.000415   0.00256 -2.32e-05  -0.00398  0.000201   0.00395    0.0118    0.0188  -0.00041  -0.00604   -0.0171   -0.0174  -0.00491  0.000717  -0.00152  -0.00849  -0.00351  -0.00197  -0.00283  8.11e-05  5.49e-05  0.000951  -0.00202   0.00185  -0.00477  -0.00349  -0.00466  -0.00254   -0.0192   -0.0415  -0.00758  -0.00438 -8.15e-05 -0.000139 -6.78e-06  2.15e-08 -7.31e-08   -0.0197  -0.00602 -0.000683 -6.71e-05   -0.0247   -0.0027 -0.000769 -0.000263  -0.00315  -0.00845  -0.00458   -0.0552   -0.0027  -0.00452   -0.0144    0.0243   -0.0253   -0.0148    0.0286   -0.0261 -0.000429   -0.0658         1   -0.0528   -0.0071 -0.000446   -0.0178    -0.003 -6.67e-05   -0.0698    -0.017  -0.00349   -0.0251
   0.0526  -0.00079  -0.00328    -0.013   -0.0269  -0.00786 -2.03e-15 -2.03e-15 -0.000289 -0.000392 -8.81e-16  -0.00484   -0.0117  -0.00134   -0.0081  -0.00103  -0.00131   -0.0077   -0.0164  0.000222   3.9e-07   -0.0224 -0.000872 -0.000905    0.0492  -0.00819   0.00595  -0.00157  -0.00908   0.00252  -0.00688    0.0017   0.00334 -1.11e-05    -0.014 -0.000846 -8.33e-06  -0.00186 -0.000913   0.00401 -7.23e-05   -0.0111   0.00416    0.0222    0.0138     0.071  -0.00113  -0.00804   -0.0311   -0.0368   -0.0128   0.00398   -0.0093   -0.0194  -0.00413  -0.00439  -0.00581   0.00164  -0.00016  -0.00261  -0.00275   0.00795   -0.0094  -0.00847  -0.00965  -0.00641   -0.0275    -0.103   -0.0186  -0.00902 -7.62e-05 -0.000296 -9.91e-06 -1.17e-07 -1.56e-07   -0.0344    -0.014  -0.00163   3.2e-05   -0.0457  -0.00451  -0.00175 -0.000593  -0.00833   -0.0172  -0.00954    -0.109  -0.00683  -0.00529   0.00635    0.0248   -0.0195   -0.0143    0.0374   -0.0269  -0.00102    -0.146   -0.0528         1   -0.0151   -0.0011   -0.0373  -0.00628 -0.000109    -0.146   -0.0345  -0.00637    -0.055
   0.0116 -0.000129 -0.000477  -0.00186  -0.00384  -0.00113 -3.67e-16 -3.67e-16 -5.02e-05 -7.41e-05 -3.45e-18 -0.000685  -0.00166 -0.000191  -0.00115 -0.000147 -0.000187   -0.0011  -0.00233  0.000414  6.49e-05  -0.00279  0.000638 -6.56e-05   0.00854  -0.00115   0.00166 -8.82e-05  -0.00135  0.000419 -0.000901  0.000573  0.000722  0.000126  -0.00176  0.000736 -1.26e-06 -0.000204 -0.000165  0.000616 -1.34e-05  -0.00176  0.000807   0.00372   0.00384   0.00716 -0.000177 -0.000952  -0.00435  -0.00467  -0.00134 -2.14e-05  -0.00165  -0.00319 -0.000482  -0.00148  -0.00121 -0.000192 -0.000497  -0.00035 -0.000783   0.00245   -0.0013   -0.0011  -0.00124 -0.000887  -0.00729   -0.0143  -0.00234  -0.00128 -1.35e-05 -4.56e-05 -2.46e-06 -1.42e-07 -3.11e-08  -0.00506  -0.00208 -0.000207 -1.78e-05  -0.00641 -0.000848 -0.000347 -9.84e-05   -0.0015  -0.00224   -0.0013   -0.0089  -0.00133 -0.000898  0.000353   0.00559  -0.00292  -0.00262   0.00712  -0.00324 -0.000166   -0.0203   -0.0071   -0.0151         1 -0.000153  -0.00501 -0.000885 -1.81e-05   -0.0197  -0.00449 -0.000871  -0.00774
-0.000241 -3.76e-06 -3.67e-05 -0.000144 -0.000262 -7.39e-05 -8.49e-18 -8.49e-18  -3.2e-06 -6.71e-06 -1.02e-17  -5.3e-05 -0.000112 -1.29e-05 -8.74e-05 -1.07e-05 -1.35e-05 -7.46e-05 -0.000157  -5.3e-05 -1.74e-06 -0.000549 -0.000116 -4.64e-05  0.000121  -0.00018  2.09e-05 -4.13e-05 -0.000162  4.91e-06 -0.000107 -1.18e-06  7.81e-06  -3.3e-05 -0.000428  -0.00017 -8.49e-08 -1.34e-05 -9.69e-06 -1.24e-05 -1.55e-06 -0.000209  4.52e-05  0.000283  0.000129   0.00047 -2.03e-05 -1.19e-05  0.000231  0.000398  0.000144  6.79e-05 -2.26e-05  9.84e-05  8.25e-05 -6.91e-05  0.000145  9.57e-06  3.19e-05  8.12e-06 -1.79e-05   0.00029 -6.32e-05 -7.99e-05 -8.36e-05 -8.05e-05 -0.000299  -0.00118 -0.000116 -8.94e-05  2.49e-06 -3.44e-06  -1.6e-07 -2.26e-08 -2.82e-09 -0.000237 -0.000179 -1.18e-05 -5.77e-07 -0.000342 -6.59e-05 -3.65e-05 -9.44e-06 -0.000163 -0.000134 -8.79e-05  -0.00145 -0.000112  5.92e-06  0.000541  0.000182  0.000439  2.15e-05  0.000299  0.000422 -8.37e-06  -0.00153 -0.000446   -0.0011 -0.000153         1 -0.000351 -6.85e-05 -8.32e-07  -0.00133 -0.000269 -4.69e-05 -0.000522
   0.0223 -0.000293  -0.00104  -0.00417  -0.00871  -0.00257 -7.04e-16 -7.04e-16 -0.000112  -0.00017 -1.78e-16  -0.00154  -0.00378 -0.000432   -0.0026 -0.000333 -0.000423  -0.00248  -0.00529  0.000774  9.38e-05  -0.00567   0.00116 -3.83e-05    0.0192  -0.00242   0.00337 -0.000196  -0.00284  0.000929  -0.00209   0.00112   0.00172  0.000327  -0.00345   0.00147  -2.9e-06 -0.000578 -0.000327   0.00148 -2.44e-05  -0.00359  0.000737   0.00512   0.00664    0.0174 -0.000368  -0.00339  -0.00961  -0.00988  -0.00294  0.000893  -0.00175  -0.00545  -0.00163  -0.00165   -0.0015  0.000222  9.43e-06  0.000117  -0.00114   0.00249  -0.00318  -0.00259  -0.00317  -0.00201   -0.0117    -0.032  -0.00533  -0.00304 -3.24e-05   -0.0001 -4.93e-06 -1.39e-07 -5.93e-08   -0.0124  -0.00458 -0.000484 -2.87e-05   -0.0161  -0.00183  -0.00065 -0.000209  -0.00286  -0.00568  -0.00317   -0.0414  -0.00243   -0.0027  -0.00432    0.0129   -0.0122  -0.00782    0.0162   -0.0125 -0.000323   -0.0475   -0.0178   -0.0373  -0.00501 -0.000351         1  -0.00212 -4.24e-05   -0.0484   -0.0115  -0.00223   -0.0178
  0.00345 -5.18e-05 -0.000191 -0.000735  -0.00149 -0.000439 -1.21e-16 -1.21e-16 -2.17e-05 -4.13e-05  -8.8e-18  -0.00027 -0.000643 -7.39e-05 -0.000454 -5.79e-05 -7.35e-05 -0.000424 -0.000904  0.000162  3.32e-05  -0.00123  0.000286  -2.6e-05   0.00334 -0.000534  0.000772 -1.91e-05 -0.000587  0.000143  -0.00039  0.000257  0.000354  5.63e-05 -0.000826  0.000343 -5.37e-07 -8.76e-05 -5.92e-05    0.0002  -5.5e-06 -0.000776  8.92e-05  0.000829   0.00158   0.00182  -7.6e-05 -0.000592 -0.000869 -0.000367  4.41e-05  0.000101 -0.000106 -0.000474 -0.000123 -0.000448  4.18e-05 -4.56e-05  2.43e-05   0.00017 -0.000252  0.000862 -0.000505 -0.000412 -0.000522 -0.000355  -0.00268  -0.00555 -0.000723 -0.000535 -2.74e-06 -1.87e-05 -1.15e-06 -7.56e-08 -1.39e-08  -0.00216 -0.000859 -7.32e-05 -1.28e-05  -0.00275 -0.000406 -0.000156 -4.42e-05 -0.000654 -0.000926  -0.00054  -0.00769 -0.000527  -0.00046 -0.000634   0.00301  -0.00159  -0.00147   0.00342  -0.00142 -5.13e-05  -0.00832    -0.003  -0.00628 -0.000885 -6.85e-05  -0.00212         1 -7.86e-06  -0.00821  -0.00187 -0.000382  -0.00304
 0.000153 -1.65e-06 -2.61e-06 -1.37e-05 -3.09e-05 -9.69e-06 -4.09e-18 -4.09e-18 -8.78e-07 -1.32e-06  2.55e-18 -4.86e-06 -1.32e-05  -1.5e-06 -8.53e-06 -1.14e-06 -1.45e-06 -8.57e-06 -1.87e-05  2.06e-05  2.68e-06  1.98e-05  3.96e-05  5.54e-06  0.000141 -1.22e-06   4.7e-05  6.47e-06 -7.49e-06  6.22e-06 -3.41e-06  1.84e-05  2.04e-05  9.26e-06  1.16e-05  4.64e-05 -1.38e-08 -6.11e-07 -2.26e-06  9.37e-06 -1.36e-07 -1.24e-05 -3.34e-06 -9.49e-06  8.93e-05 -8.75e-05 -1.52e-06  -1.4e-05 -2.34e-05  6.99e-06  1.63e-05 -1.33e-05  8.95e-06 -1.27e-05 -9.04e-06 -1.78e-05 -4.61e-06 -1.11e-05 -7.44e-06  1.62e-05 -1.52e-05  3.03e-05  -1.4e-05 -5.64e-06 -1.05e-05 -5.72e-06 -0.000145 -8.06e-05 -6.28e-06 -1.32e-05 -2.13e-07 -4.92e-07  -5.7e-08  -2.7e-09 -3.86e-10 -6.76e-05 -1.69e-05 -3.84e-07 -9.84e-07 -7.53e-05 -1.49e-05 -4.61e-06 -1.02e-06 -1.38e-05 -1.84e-05 -1.17e-05 -4.04e-05  -1.4e-05 -2.54e-05 -0.000126  0.000143 -0.000144 -8.65e-05  0.000149 -0.000101 -1.65e-06  -0.00016 -6.67e-05 -0.000109 -1.81e-05 -8.32e-07 -4.24e-05 -7.86e-06         1 -0.000167  -3.9e-05 -9.85e-06 -6.23e-05
   0.0822  -0.00119   -0.0041   -0.0166   -0.0349   -0.0103 -2.99e-15 -2.99e-15  -0.00044 -0.000604 -6.18e-16  -0.00613   -0.0151  -0.00173   -0.0103  -0.00133  -0.00169  -0.00994   -0.0212   0.00326  0.000303   -0.0219   0.00455 -0.000119    0.0766  -0.00921    0.0128 -0.000864    -0.011   0.00389  -0.00804   0.00434   0.00643   0.00129   -0.0134   0.00529 -1.14e-05  -0.00222  -0.00141   0.00618 -9.87e-05   -0.0138   0.00393    0.0232    0.0251    0.0746  -0.00144   -0.0131   -0.0454   -0.0514   -0.0162   0.00273   -0.0104   -0.0279  -0.00745  -0.00772   -0.0102  0.000699  -0.00154  -0.00147  -0.00477   0.00903   -0.0128   -0.0105   -0.0123  -0.00794    -0.047    -0.128   -0.0222   -0.0119 -0.000163 -0.000393 -2.01e-05 -5.89e-07 -2.35e-07   -0.0487    -0.018  -0.00198 -8.89e-05    -0.063  -0.00691   -0.0025 -0.000814   -0.0113   -0.0223   -0.0125    -0.156   -0.0103   -0.0114   -0.0175     0.046   -0.0518   -0.0302    0.0595   -0.0524  -0.00139    -0.187   -0.0698    -0.146   -0.0197  -0.00133   -0.0484  -0.00821 -0.000167         1   -0.0454  -0.00866   -0.0713
   0.0418 -0.000313 -0.000919  -0.00353  -0.00774   -0.0023 -7.29e-16 -7.29e-16 -8.62e-05 -0.000123 -1.91e-16  -0.00131  -0.00339 -0.000387  -0.00223  -0.00029 -0.000369  -0.00221  -0.00473   0.00102  6.51e-05  -0.00218    0.0017  0.000315    0.0204  -0.00127    0.0029  2.31e-05  -0.00179   0.00101  -0.00149  0.000958   0.00162  0.000523 -9.36e-05   0.00253 -2.57e-06 -0.000612 -0.000263   0.00186 -1.12e-05  -0.00214  0.000383   0.00353   0.00441    0.0212 -0.000216  -0.00456   -0.0151   -0.0182  -0.00614  0.000949  -0.00208  -0.00799  -0.00298 -0.000927  -0.00351  0.000605  2.65e-05 -0.000286 -0.000723  -0.00152  -0.00311  -0.00238  -0.00298  -0.00159  -0.00692   -0.0272  -0.00544  -0.00266 -7.02e-05  -7.9e-05 -3.42e-06  9.47e-08    -4e-08   -0.0121  -0.00362 -0.000512    -7e-06   -0.0156  -0.00129 -0.000328  -0.00015   -0.0017  -0.00559  -0.00292   -0.0466  -0.00173  -0.00329   -0.0096    0.0115   -0.0184  -0.00872    0.0139   -0.0194 -0.000271   -0.0418    -0.017   -0.0345  -0.00449 -0.000269   -0.0115  -0.00187  -3.9e-05   -0.0454         1   -0.0022   -0.0161
  0.00888 -7.31e-05 -0.000169 -0.000589  -0.00139 -0.000426 -1.62e-16 -1.62e-16 -2.12e-05 -4.65e-05 -7.84e-19 -0.000219 -0.000607 -6.95e-05 -0.000378 -5.09e-05  -6.5e-05 -0.000394 -0.000852  0.000531  8.07e-05  0.000944   0.00115  0.000219   0.00539  4.94e-05   0.00136  0.000212 -0.000166  0.000177 -0.000157  0.000463  0.000671  0.000301  0.000884   0.00174 -5.51e-07 -0.000127 -2.29e-05  0.000376  5.61e-07  -0.00023 -0.000283  -0.00062   0.00238 -0.000378 -2.02e-05  -0.00109  -0.00238  -0.00193 -0.000362 -5.59e-05  0.000297 -0.000721 -0.000634 -0.000152 -0.000186 -9.07e-05  0.000113   0.00047 -0.000398  4.02e-05 -0.000608 -0.000342 -0.000614 -0.000217  -0.00347  -0.00384  -0.00083 -0.000556 -1.78e-05 -1.65e-05  -6.8e-07  5.79e-08 -6.57e-09  -0.00298 -0.000623 -7.83e-05 -1.95e-05  -0.00351 -0.000401 -6.52e-05 -2.47e-05 -0.000164  -0.00113 -0.000574  -0.00531 -7.08e-05 -0.000592  -0.00357   0.00531  -0.00436  -0.00278   0.00563  -0.00484 -3.31e-05  -0.00754  -0.00349  -0.00637 -0.000871 -4.69e-05  -0.00223 -0.000382 -9.85e-06  -0.00866   -0.0022         1  -0.00293
   0.0358 -0.000503  -0.00208  -0.00834   -0.0186  -0.00556 -2.08e-15 -2.08e-15 -0.000176 -0.000172 -3.04e-16  -0.00308  -0.00818 -0.000931  -0.00523 -0.000684 -0.000869  -0.00538   -0.0114 -0.000494 -3.32e-05   -0.0138  -0.00223  -0.00142  -0.00255  -0.00419   0.00324  -0.00119  -0.00506 -0.000826  -0.00337   0.00104  0.000996 -0.000394   -0.0256  -0.00481 -4.45e-06 -0.000825 -0.000822  -0.00245 -5.19e-05  -0.00627  -0.00131   0.00269   0.00787   -0.0383 -0.000669  -0.00402   -0.0387   -0.0577   -0.0176    -0.005   -0.0182   -0.0296  -0.00449  -0.00996   -0.0153  -0.00333   -0.0077  -0.00819  -0.00807    0.0101  -0.00552  -0.00506  -0.00491  -0.00353   -0.0588   -0.0649    -0.017  -0.00502 -0.000282 -0.000184 -7.93e-06 -4.39e-07 -1.11e-07   -0.0195  -0.00808  -0.00113 -2.45e-05   -0.0223  -0.00262  -0.00126 -0.000334  -0.00532  -0.00811  -0.00478   -0.0108  -0.00531  -0.00226    0.0117   0.00179  -0.00307  -0.00459    0.0134   -0.0143  -0.00104   -0.0756   -0.0251    -0.055  -0.00774 -0.000522   -0.0178  -0.00304 -6.23e-05   -0.0713   -0.0161  -0.00293         1

  Chi^2                                0.215784  +/- 0.929052
  Chi^2/ndf                            0.0308264
  Chi^2 for each template              246.866 +/- 3.8822	115.663 +/- 2.34136	38.6009 +/- 1.85102	7.13668 +/- 0.95039	6.02007 +/- 0.68092	17.8663 +/- 0.580072	31.5723 +/- 1.28651	51.2877 +/- 1.0389	
  Chi^2 for each template w.r.t. fit   246.496 +/- 3.8822	115.363 +/- 2.34136	38.5566 +/- 1.85102	6.58001 +/- 0.95039	5.85795 +/- 0.68092	17.5173 +/- 0.580072	31.5307 +/- 1.28651	50.6338 +/- 1.0389	  Partial chi^2                        0.00 (EG_RESOLUTION_ALL)    0.00 (EG_SCALE_ALL)    0.00 (EL_EFF_ID_TOTAL_1NPCOR_PLUS_UNCOR)    0.00 (EL_EFF_Iso_TOTAL_1NPCOR_PLUS_UNCOR)
  Partial chi^2                        0.00 (EL_EFF_Reco_TOTAL_1NPCOR_PLUS_UNCOR)    0.00 (EL_EFF_TriggerEff_TOTAL_1NPCOR_PLUS_UNCOR)    0.00 (EL_EFF_Trigger_TOTAL_1NPCOR_PLUS_UNCOR)    0.00 (FAKES_Electron)
  Partial chi^2                        0.00 (FAKES_Muon)    0.00 (FT_EFF_Eigen_B_0)    0.00 (FT_EFF_Eigen_B_1)    0.00 (FT_EFF_Eigen_B_2)
  Partial chi^2                        0.00 (FT_EFF_Eigen_B_3)    0.00 (FT_EFF_Eigen_B_4)    0.00 (FT_EFF_Eigen_B_5)    0.00 (FT_EFF_Eigen_B_6)
  Partial chi^2                        0.00 (FT_EFF_Eigen_B_7)    0.00 (FT_EFF_Eigen_B_8)    0.00 (FT_EFF_Eigen_C_0)    0.00 (FT_EFF_Eigen_C_1)
  Partial chi^2                        0.00 (FT_EFF_Eigen_C_2)    0.00 (FT_EFF_Eigen_C_3)    0.00 (FT_EFF_Eigen_Light_0)    0.00 (FT_EFF_Eigen_Light_1)
  Partial chi^2                        0.00 (FT_EFF_Eigen_Light_2)    0.00 (FT_EFF_Eigen_Light_3)    0.00 (FT_EFF_extrapolation)    0.00 (FT_EFF_extrapolation_from_charm)
  Partial chi^2                        0.00 (FULL_SYS_SUM)    0.00 (FULL_SYS_SUM_DETECTOR)    0.00 (FULL_SYS_SUM_THEORY)    0.00 (FULL_SYS_TOYS)
  Partial chi^2                        0.00 (JET_EffectiveNP_Detector1)    0.00 (JET_EffectiveNP_Detector2)    0.00 (JET_EffectiveNP_Mixed1)    0.00 (JET_EffectiveNP_Mixed2)
  Partial chi^2                        0.00 (JET_EffectiveNP_Mixed3)    0.00 (JET_EffectiveNP_Modelling1)    0.00 (JET_EffectiveNP_Modelling2)    0.00 (JET_EffectiveNP_Modelling3)
  Partial chi^2                        0.00 (JET_EffectiveNP_Modelling4)    0.00 (JET_EffectiveNP_Statistical1)    0.00 (JET_EffectiveNP_Statistical2)    0.00 (JET_EffectiveNP_Statistical3)
  Partial chi^2                        0.00 (JET_EffectiveNP_Statistical4)    0.00 (JET_EffectiveNP_Statistical5)    0.00 (JET_EffectiveNP_Statistical6)    0.00 (JET_EtaIntercalibration_Modelling)
  Partial chi^2                        0.00 (JET_EtaIntercalibration_NonClosure_2018data)    0.00 (JET_EtaIntercalibration_NonClosure_highE)    0.00 (JET_EtaIntercalibration_NonClosure_negEta)    0.00 (JET_EtaIntercalibration_NonClosure_posEta)
  Partial chi^2                        0.00 (JET_EtaIntercalibration_TotalStat)    0.00 (JET_Flavor_Composition_prop)    0.00 (JET_Flavor_Response_prop)    0.00 (JET_JER_DataVsMC_MC16_PseudoData)
  Partial chi^2                        0.00 (JET_JER_EffectiveNP_10_PseudoData)    0.00 (JET_JER_EffectiveNP_11_PseudoData)    0.00 (JET_JER_EffectiveNP_12restTerm_PseudoData)    0.00 (JET_JER_EffectiveNP_1_PseudoData)
  Partial chi^2                        0.00 (JET_JER_EffectiveNP_2_PseudoData)    0.00 (JET_JER_EffectiveNP_3_PseudoData)    0.00 (JET_JER_EffectiveNP_4_PseudoData)    0.00 (JET_JER_EffectiveNP_5_PseudoData)
  Partial chi^2                        0.00 (JET_JER_EffectiveNP_6_PseudoData)    0.00 (JET_JER_EffectiveNP_7_PseudoData)    0.00 (JET_JER_EffectiveNP_8_PseudoData)    0.00 (JET_JER_EffectiveNP_9_PseudoData)
  Partial chi^2                        0.00 (JET_JvtEfficiency)    0.00 (JET_Pileup_OffsetMu)    0.00 (JET_Pileup_OffsetNPV)    0.00 (JET_Pileup_PtTerm)
  Partial chi^2                        0.00 (JET_Pileup_RhoTopology)    0.00 (JET_PunchThrough_MC16)    0.00 (LUMINOSITY)    0.00 (MET_SoftTrk_ResoPara)
  Partial chi^2                        0.00 (MET_SoftTrk_ResoPerp)    0.00 (MET_SoftTrk_Scale)    0.00 (MUON_EFF_BADMUON_SYS)    0.00 (MUON_EFF_ISO_STAT)
  Partial chi^2                        0.00 (MUON_EFF_ISO_SYS)    0.00 (MUON_EFF_RECO_STAT)    0.00 (MUON_EFF_RECO_SYS)    0.00 (MUON_EFF_TTVA_STAT)
  Partial chi^2                        0.00 (MUON_EFF_TTVA_SYS)    0.00 (MUON_EFF_TrigStatUncertainty)    0.00 (MUON_EFF_TrigSystUncertainty)    0.00 (MUON_SAGITTA_DATASTAT)
  Partial chi^2                        0.00 (MUON_SAGITTA_RESBIAS)    0.00 (PRW_DATASF)    0.17 (STAT_DATA)    0.00 (STAT_MC)  
  Partial chi^2                        0.00 (THEORY_CROSS_SECTION_Wjets)    0.00 (THEORY_CROSS_SECTION_other_top_noWt)    0.00 (THEORY_CROSS_SECTION_signal)    0.00 (THEORY_DR_DS_signal)
  Partial chi^2                        0.00 (THEORY_EWK_Wjets)    0.00 (THEORY_EWK_multiboson_noW)    0.00 (THEORY_FSR_signal)    0.01 (THEORY_HDAMP_signal)
  Partial chi^2                        0.00 (THEORY_ISR_signal)    0.00 (THEORY_PDF4LHC_VARIATION_Wjets)    0.00 (THEORY_PDF4LHC_VARIATION_multiboson_noW)    0.00 (THEORY_PDF4LHC_VARIATION_signal)
  Partial chi^2                        0.00 (THEORY_PTHARD_signal)    0.00 (THEORY_SCALE_COMBINED_Wjets)    0.00 (THEORY_SCALE_COMBINED_multiboson_noW)    0.00 (THEORY_SCALE_FACTORISATION_signal)
  Partial chi^2                        0.00 (THEORY_SCALE_RENORMALISATION_signal)    0.00 (THEORY_SHOWERING_HERWIG7_signal)    0.00 (THEORY_TOPRECOIL_signal)    0.00 (THEORY_TOP_MASS_signal)
  Partial chi^2                        0.01 (TOTAL)        0.01 (TOTAL_NO_DR_DS)    0.00 (TOTAL_SYSONLY)    0.00 (WMASS_VAR_signal)
  Partial chi^2                        0.01 (pseudoDataStat)

  Uncertainties from HESSE matrix
     LTF: Result[0]:                   172.332  +/- 0.851293 (fit [from HESSE])

  Alternative result from pol2-fit to chi^2 values of the templates
     Result(pol2-chi2)[0]              174.842   +/- 0.807654 (fit)
     Chi^2(min)                        -15.8936

  Result from linearized second-order model approximation
     EDM (Taylor) [0]                  0.0262338

  Expected distance to minimum
     EDM (Newton) [0]                  0.0251804
     EDM Delta-chi^2                   -0.0154544


  'Uncertainties' on M from second-order model approximation
     sigma_m[0]                       0.0250396
     sigma_m[EG_RESOLUTION_ALL]       -0.00
     sigma_m[EG_SCALE_ALL]            0.00
     sigma_m[EL_EFF_ID_TOTAL_1NPCOR_PLUS_UNCOR] 0.00
     sigma_m[EL_EFF_Iso_TOTAL_1NPCOR_PLUS_UNCOR] 0.00
     sigma_m[EL_EFF_Reco_TOTAL_1NPCOR_PLUS_UNCOR] 0.00
     sigma_m[EL_EFF_TriggerEff_TOTAL_1NPCOR_PLUS_UNCOR] 0.00
     sigma_m[EL_EFF_Trigger_TOTAL_1NPCOR_PLUS_UNCOR] 0.00
     sigma_m[MUON_SAGITTA_DATASTAT]   0.00
     sigma_m[MUON_SAGITTA_RESBIAS]    0.00
     sigma_m[MUON_EFF_BADMUON_SYS]    -0.00
     sigma_m[MUON_EFF_ISO_STAT]       0.00
     sigma_m[MUON_EFF_ISO_SYS]        0.00
     sigma_m[MUON_EFF_RECO_STAT]      0.00
     sigma_m[MUON_EFF_RECO_SYS]       0.00
     sigma_m[MUON_EFF_TTVA_STAT]      0.00
     sigma_m[MUON_EFF_TTVA_SYS]       0.00
     sigma_m[MUON_EFF_TrigStatUncertainty] 0.00
     sigma_m[MUON_EFF_TrigSystUncertainty] 0.00
     sigma_m[JET_EffectiveNP_Detector1] 0.00
     sigma_m[JET_EffectiveNP_Detector2] -0.00
     sigma_m[JET_EffectiveNP_Mixed1]  0.00
     sigma_m[JET_EffectiveNP_Mixed2]  0.00
     sigma_m[JET_EffectiveNP_Mixed3]  0.00
     sigma_m[JET_EffectiveNP_Modelling1] 0.00
     sigma_m[JET_EffectiveNP_Modelling2] 0.00
     sigma_m[JET_EffectiveNP_Modelling3] -0.00
     sigma_m[JET_EffectiveNP_Modelling4] 0.00
     sigma_m[JET_EffectiveNP_Statistical1] 0.00
     sigma_m[JET_EffectiveNP_Statistical2] 0.00
     sigma_m[JET_EffectiveNP_Statistical3] 0.00
     sigma_m[JET_EffectiveNP_Statistical4] -0.00
     sigma_m[JET_EffectiveNP_Statistical5] 0.00
     sigma_m[JET_EffectiveNP_Statistical6] 0.00
     sigma_m[JET_EtaIntercalibration_Modelling] 0.00
     sigma_m[JET_EtaIntercalibration_NonClosure_2018data] 0.00
     sigma_m[JET_EtaIntercalibration_NonClosure_highE] 0.00
     sigma_m[JET_EtaIntercalibration_NonClosure_negEta] -0.00
     sigma_m[JET_EtaIntercalibration_NonClosure_posEta] 0.00
     sigma_m[JET_EtaIntercalibration_TotalStat] 0.00
     sigma_m[JET_Flavor_Composition_prop] 0.00
     sigma_m[JET_Flavor_Response_prop] 0.00
     sigma_m[JET_Pileup_OffsetMu]     -0.00
     sigma_m[JET_Pileup_OffsetNPV]    -0.00
     sigma_m[JET_Pileup_PtTerm]       -0.00
     sigma_m[JET_Pileup_RhoTopology]  0.00
     sigma_m[JET_PunchThrough_MC16]   0.00
     sigma_m[JET_JER_DataVsMC_MC16_PseudoData] -0.00
     sigma_m[JET_JER_EffectiveNP_1_PseudoData] -0.00
     sigma_m[JET_JER_EffectiveNP_2_PseudoData] 0.00
     sigma_m[JET_JER_EffectiveNP_3_PseudoData] -0.00
     sigma_m[JET_JER_EffectiveNP_4_PseudoData] 0.00
     sigma_m[JET_JER_EffectiveNP_5_PseudoData] 0.00
     sigma_m[JET_JER_EffectiveNP_6_PseudoData] 0.00
     sigma_m[JET_JER_EffectiveNP_7_PseudoData] -0.00
     sigma_m[JET_JER_EffectiveNP_8_PseudoData] 0.00
     sigma_m[JET_JER_EffectiveNP_9_PseudoData] 0.00
     sigma_m[JET_JER_EffectiveNP_10_PseudoData] 0.00
     sigma_m[JET_JER_EffectiveNP_11_PseudoData] 0.00
     sigma_m[JET_JER_EffectiveNP_12restTerm_PseudoData] 0.00
     sigma_m[JET_JvtEfficiency]       0.00
     sigma_m[PRW_DATASF]              -0.00
     sigma_m[MET_SoftTrk_ResoPara]    0.00
     sigma_m[MET_SoftTrk_ResoPerp]    0.00
     sigma_m[MET_SoftTrk_Scale]       0.00
     sigma_m[WMASS_VAR_signal]        0.00
     sigma_m[FT_EFF_Eigen_B_0]        0.00
     sigma_m[FT_EFF_Eigen_B_1]        0.00
     sigma_m[FT_EFF_Eigen_B_2]        0.00
     sigma_m[FT_EFF_Eigen_B_3]        0.00
     sigma_m[FT_EFF_Eigen_B_4]        -0.00
     sigma_m[FT_EFF_Eigen_B_5]        0.00
     sigma_m[FT_EFF_Eigen_B_6]        0.00
     sigma_m[FT_EFF_Eigen_B_7]        0.00
     sigma_m[FT_EFF_Eigen_B_8]        0.00
     sigma_m[FT_EFF_Eigen_C_0]        0.00
     sigma_m[FT_EFF_Eigen_C_1]        0.00
     sigma_m[FT_EFF_Eigen_C_2]        0.00
     sigma_m[FT_EFF_Eigen_C_3]        0.00
     sigma_m[FT_EFF_Eigen_Light_0]    -0.00
     sigma_m[FT_EFF_Eigen_Light_1]    0.00
     sigma_m[FT_EFF_Eigen_Light_2]    0.00
     sigma_m[FT_EFF_Eigen_Light_3]    0.00
     sigma_m[FT_EFF_extrapolation]    0.00
     sigma_m[FT_EFF_extrapolation_from_charm] -0.00
     sigma_m[THEORY_CROSS_SECTION_signal] 0.00
     sigma_m[THEORY_SHOWERING_HERWIG7_signal] -0.01
     sigma_m[THEORY_SCALE_FACTORISATION_signal] 0.00
     sigma_m[THEORY_SCALE_RENORMALISATION_signal] -0.00
     sigma_m[THEORY_ISR_signal]       -0.00
     sigma_m[THEORY_FSR_signal]       0.00
     sigma_m[THEORY_HDAMP_signal]     -0.00
     sigma_m[THEORY_PTHARD_signal]    -0.00
     sigma_m[THEORY_TOPRECOIL_signal] -0.00
     sigma_m[THEORY_TOP_MASS_signal]  -0.00
     sigma_m[THEORY_PDF4LHC_VARIATION_signal] 0.00
     sigma_m[THEORY_DR_DS_signal]     0.00
     sigma_m[THEORY_CROSS_SECTION_Wjets] -0.00
     sigma_m[THEORY_SCALE_COMBINED_Wjets] 0.00
     sigma_m[THEORY_PDF4LHC_VARIATION_Wjets] 0.00
     sigma_m[THEORY_EWK_Wjets]        0.00
     sigma_m[THEORY_SCALE_COMBINED_multiboson_noW] 0.00
     sigma_m[THEORY_PDF4LHC_VARIATION_multiboson_noW] 0.00
     sigma_m[THEORY_EWK_multiboson_noW] 0.00
     sigma_m[THEORY_CROSS_SECTION_other_top_noWt] 0.00
     sigma_m[FAKES_Electron]          -0.00
     sigma_m[FAKES_Muon]              -0.00
     sigma_m[LUMINOSITY]              0.00

  Settings
     Number of data points             8
     Number of templates               8
     Number of fit parameters          1
     Template reference values [0]     162.5   165 167.5   170   175 177.5   180 182.5
     Number of nuisance param.         107
     Gamma[0]                          1.000
     LogNormal                         false
     Response matrix                   false

  please cite: D. Britzger, The Linear Template Fit, Eur.Phys.J.C 82 (2022) 731, arXiv:2112.01548.
------------------------------------------------------------------------

Warning in <TFile::Append>: Replacing existing TH1: hist (Potential memory leak).
Warning in <TFile::Append>: Replacing existing TH1: hist (Potential memory leak).
Warning in <TFile::Append>: Replacing existing TH1: hist (Potential memory leak).
Warning in <TFile::Append>: Replacing existing TH1: hist (Potential memory leak).
Warning in <TFile::Append>: Replacing existing TH1: hist (Potential memory leak).
Warning in <TFile::Append>: Replacing existing TH1: hist (Potential memory leak).
Warning in <TFile::Append>: Replacing existing TH1: hist (Potential memory leak).
Warning in <TFile::Append>: Replacing existing TH1: hist (Potential memory leak).
Warning in <TFile::Append>: Replacing existing TH1: hist (Potential memory leak).
Info in <TCanvas::Print>: ps file plots/fit_mbw.ps has been created
Info in <TCanvas::Print>: Current canvas added to ps file plots/fit_mbw.ps
Info in <TCanvas::Print>: Current canvas added to ps file plots/fit_mbw.ps
Info in <TCanvas::Print>: Current canvas added to ps file plots/fit_mbw.ps
Info in <TCanvas::Print>: Current canvas added to ps file plots/fit_mbw.ps
Info in <TCanvas::Print>: Current canvas added to ps file plots/fit_mbw.ps
Info in <TCanvas::Print>: Current canvas added to ps file plots/fit_mbw.ps
Info in <TCanvas::Print>: Current canvas added to ps file plots/fit_mbw.ps
Info in <TCanvas::Print>: Current canvas added to ps file plots/fit_mbw.ps
Info in <TCanvas::Print>: Current canvas added to ps file plots/fit_mbw.ps
Info in <TCanvas::Print>: Current canvas added to ps file plots/fit_mbw.ps
Info in <TCanvas::Print>: Current canvas added to ps file plots/fit_mbw.ps
Info in <TCanvas::Print>: Current canvas added to ps file plots/fit_mbw.ps
Info in <TCanvas::Print>: Current canvas added to ps file plots/fit_mbw.ps
Info in <TCanvas::Print>: Current canvas added to ps file plots/fit_mbw.ps
Info in <TCanvas::Print>: Current canvas added to ps file plots/fit_mbw.ps
Info in <TCanvas::Print>: Current canvas added to ps file plots/fit_mbw.ps
Info in <TCanvas::Print>: Current canvas added to ps file plots/fit_mbw.ps
Info in <TCanvas::Print>: Current canvas added to ps file plots/fit_mbw.ps
Info in <TCanvas::Print>: Current canvas added to ps file plots/fit_mbw.ps
Info in <TCanvas::Print>: Current canvas added to ps file plots/fit_mbw.ps
Info in <TCanvas::Print>: Current canvas added to ps file plots/fit_mbw.ps
Info in <TCanvas::Print>: Current canvas added to ps file plots/fit_mbw.ps
Info in <TCanvas::Print>: Current canvas added to ps file plots/fit_mbw.ps
Info in <TCanvas::Print>: Current canvas added to ps file plots/fit_mbw.ps
Info in <TCanvas::Print>: Current canvas added to ps file plots/fit_mbw.ps
Info in <TCanvas::Print>: Current canvas added to ps file plots/fit_mbw.ps
Info in <TCanvas::Print>: Current canvas added to ps file plots/fit_mbw.ps
Info in <TCanvas::Print>: Current canvas added to ps file plots/fit_mbw.ps
Info in <TCanvas::Print>: Current canvas added to ps file plots/fit_mbw.ps
Info in <TCanvas::Print>: ps file plots/fit_mbw.ps has been closed
Found covarinace matrix unfolding_covariance_matrix_ptl1_covariance_STAT_DATA
Johannes print final covariance matrix
0.000296513	-8.87722e-06	3.56182e-06	4.20772e-07	1.32436e-06	-1.31017e-06	-6.05943e-08	6.19946e-07	-2.67925e-07	
-8.87722e-06	0.000102184	-3.29969e-06	-1.11394e-06	6.11918e-07	-3.78427e-07	-4.72422e-07	-1.68733e-07	2.78267e-07	
3.56182e-06	-3.29969e-06	3.50708e-05	-1.63334e-06	4.72694e-07	8.89094e-08	-2.93824e-08	1.13642e-07	1.39976e-08	
4.20772e-07	-1.11394e-06	-1.63334e-06	1.3149e-05	-1.21697e-06	3.309e-07	-4.8939e-08	-6.52641e-08	6.05852e-08	
1.32436e-06	6.11918e-07	4.72694e-07	-1.21697e-06	5.10414e-06	-6.44619e-07	1.12659e-07	1.86622e-08	-1.40465e-08	
-1.31017e-06	-3.78427e-07	8.89094e-08	3.309e-07	-6.44619e-07	2.60842e-06	-3.19479e-07	1.73992e-08	-6.71824e-09	
-6.05943e-08	-4.72422e-07	-2.93824e-08	-4.8939e-08	1.12659e-07	-3.19479e-07	9.18466e-07	-9.61144e-08	-1.82316e-09	
6.19946e-07	-1.68733e-07	1.13642e-07	-6.52641e-08	1.86622e-08	1.73992e-08	-9.61144e-08	4.14474e-07	-4.74609e-08	
-2.67925e-07	2.78267e-07	1.39976e-08	6.05852e-08	-1.40465e-08	-6.71824e-09	-1.82316e-09	-4.74609e-08	1.26654e-07	
Johannes print final correltaion matrix
1	-0.0509994	0.0349283	0.00673874	0.0340427	-0.0471103	-0.00367179	0.0559221	-0.0437202	
-0.0509994	1	-0.0551201	-0.0303896	0.0267942	-0.0231794	-0.048765	-0.0259275	0.0773502	
0.0349283	-0.0551201	1	-0.0760601	0.0353302	0.00929579	-0.00517705	0.0298068	0.00664158	
0.00673874	-0.0303896	-0.0760601	1	-0.148549	0.0565016	-0.0140824	-0.0279562	0.0469472	
0.0340427	0.0267942	0.0353302	-0.148549	1	-0.176666	0.0520321	0.0128308	-0.0174702	
-0.0471103	-0.0231794	0.00929579	0.0565016	-0.176666	1	-0.206406	0.0167337	-0.0116885	
-0.00367179	-0.048765	-0.00517705	-0.0140824	0.0520321	-0.206406	1	-0.155779	-0.00534543	
0.0559221	-0.0259275	0.0298068	-0.0279562	0.0128308	0.0167337	-0.155779	1	-0.207147	
-0.0437202	0.0773502	0.00664158	0.0469472	-0.0174702	-0.0116885	-0.00534543	-0.207147	1	
TH1.Print Name  = total_error, Entries= 963, Total sum= 0.558417
 fSumw[0]=0, x=-0.5, error=0
 fSumw[1]=0.0622839, x=0.5, error=0
 fSumw[2]=0.0585707, x=1.5, error=0
 fSumw[3]=0.0540701, x=2.5, error=0
 fSumw[4]=0.0483797, x=3.5, error=0
 fSumw[5]=0.0469105, x=4.5, error=0
 fSumw[6]=0.0474662, x=5.5, error=0
 fSumw[7]=0.0470775, x=6.5, error=0
 fSumw[8]=0.0670667, x=7.5, error=0
 fSumw[9]=0.126592, x=8.5, error=0
 fSumw[10]=0, x=9.5, error=0
STAT_MC 0.000540388
STAT_MC 0.0007528
STAT_MC 0.00125813
STAT_MC 0.00196867
STAT_MC 0.00285077
STAT_MC 0.00332167
STAT_MC 0.00588833
STAT_MC 0.00880857
STAT_MC 0.01913
TH1.Print Name  = total_error, Entries= 972, Total sum= 0.561062
 fSumw[0]=0, x=-0.5, error=0
 fSumw[1]=0.0622863, x=0.5, error=0
 fSumw[2]=0.0585755, x=1.5, error=0
 fSumw[3]=0.0540847, x=2.5, error=0
 fSumw[4]=0.0484197, x=3.5, error=0
 fSumw[5]=0.0469971, x=4.5, error=0
 fSumw[6]=0.0475823, x=5.5, error=0
 fSumw[7]=0.0474443, x=6.5, error=0
 fSumw[8]=0.0676427, x=7.5, error=0
 fSumw[9]=0.128029, x=8.5, error=0
 fSumw[10]=0, x=9.5, error=0
TH1.Print Name  = total_error, Entries= 981, Total sum= 0.569903
 fSumw[0]=0, x=-0.5, error=0
 fSumw[1]=0.0623005, x=0.5, error=0
 fSumw[2]=0.0586115, x=1.5, error=0
 fSumw[3]=0.0541809, x=2.5, error=0
 fSumw[4]=0.0486793, x=3.5, error=0
 fSumw[5]=0.0475826, x=4.5, error=0
 fSumw[6]=0.0484866, x=5.5, error=0
 fSumw[7]=0.0496697, x=6.5, error=0
 fSumw[8]=0.0698958, x=7.5, error=0
 fSumw[9]=0.130496, x=8.5, error=0
 fSumw[10]=0, x=9.5, error=0

        Data        Stat Tmpl_162.50 Stat_162.50 Tmpl_165.00 Stat_165.00 Tmpl_167.50 Stat_167.50 Tmpl_170.00 Stat_170.00 Tmpl_175.00 Stat_175.00 Tmpl_177.50 Stat_177.50 Tmpl_180.00 Stat_180.00 Tmpl_182.50 Stat_182.50
    4.775316    0.006353    5.478960    0.006524    5.291268    0.006061    5.134744    0.009751    4.955616    0.009594    4.615292    0.008409    4.443212    0.004601    4.293340    0.008768    4.123004    0.005083
    1.868814    0.003838    2.090821    0.003972    2.034511    0.003700    1.973672    0.005910    1.921350    0.005895    1.802498    0.005217    1.757872    0.002861    1.713038    0.005499    1.653532    0.003193
    0.684886    0.002210    0.739803    0.002359    0.726283    0.002159    0.712910    0.003446    0.697893    0.003481    0.670262    0.003241    0.655471    0.001721    0.641612    0.003270    0.628159    0.001946
    0.254746    0.001279    0.269424    0.001477    0.261957    0.001265    0.262658    0.002061    0.257165    0.002082    0.253339    0.001944    0.246042    0.001029    0.242731    0.001962    0.239351    0.001181
    0.099477    0.000740    0.104274    0.000856    0.102673    0.000767    0.099691    0.001213    0.101310    0.001255    0.100326    0.001201    0.098534    0.000636    0.096254    0.001204    0.097149    0.000750
    0.054862    0.000511    0.055411    0.000601    0.054247    0.000533    0.055208    0.000887    0.052590    0.000865    0.054421    0.000876    0.054603    0.000473    0.054891    0.000896    0.052824    0.000550
    0.017495    0.000257    0.017551    0.000348    0.017363    0.000286    0.017480    0.000483    0.016805    0.000463    0.017437    0.000494    0.017426    0.000248    0.018210    0.000500    0.017262    0.000287
    0.007951    0.000140    0.007882    0.000209    0.007608    0.000165    0.008061    0.000316    0.008202    0.000319    0.008158    0.000299    0.008275    0.000162    0.008296    0.000304    0.008395    0.000194
    0.002155    0.000054    0.002057    0.000072    0.001996    0.000067    0.002215    0.000137    0.001985    0.000117    0.002407    0.000137    0.002194    0.000093    0.002312    0.000144    0.002181    0.000075

LTF::DoLiTeFit(). Fit done. Result:  173.157Johannes Inverse matrix of W
 0.000343529 -8.87722e-06  3.56182e-06  4.20772e-07  1.32436e-06 -1.31017e-06 -6.05943e-08  6.19946e-07 -2.67925e-07
-8.87722e-06  0.000118896 -3.29969e-06 -1.11394e-06  6.11918e-07 -3.78427e-07 -4.72422e-07 -1.68733e-07  2.78267e-07
 3.56182e-06 -3.29969e-06  4.06981e-05 -1.63334e-06  4.72694e-07  8.89094e-08 -2.93824e-08  1.13642e-07  1.39976e-08
 4.20772e-07 -1.11394e-06 -1.63334e-06  1.50362e-05 -1.21697e-06    3.309e-07  -4.8939e-08 -6.52641e-08  6.05852e-08
 1.32436e-06  6.11918e-07  4.72694e-07 -1.21697e-06  5.73254e-06 -6.44619e-07  1.12659e-07  1.86622e-08 -1.40465e-08
-1.31017e-06 -3.78427e-07  8.89094e-08    3.309e-07 -6.44619e-07  2.90311e-06 -3.19479e-07  1.73992e-08 -6.71824e-09
-6.05943e-08 -4.72422e-07 -2.93824e-08  -4.8939e-08  1.12659e-07 -3.19479e-07  9.95225e-07 -9.61144e-08 -1.82316e-09
 6.19946e-07 -1.68733e-07  1.13642e-07 -6.52641e-08  1.86622e-08  1.73992e-08 -9.61144e-08  4.38973e-07 -4.74609e-08
-2.67925e-07  2.78267e-07  1.39976e-08  6.05852e-08 -1.40465e-08 -6.71824e-09 -1.82316e-09 -4.74609e-08  1.31316e-07
  +/- 2.3689 (fit)  +/- 2.28364 (ext)  +/- 0.338977 (tmpl)  +/- 0 (MatA)   [chi^2=0.532627]

------------------------------------------------------------------------
        Result of the 1-dimensional linear template fit
        ```````````````````````````````````````````````
  LTF. Result[0]:   173.157  +/- 2.3689 (fit)  +/- 2.28364 (ext)

  LTF. Result[0]:   173.157107
                             +/-  1.058182 (STAT_DATA)
                             +/-  0.158757 (STAT_MC)
                             +/-  0.402872 (pseudoDataStat)
                             +/-  0.021391 (EG_RESOLUTION_ALL)
                             +/-  0.713139 (EG_SCALE_ALL)
                             +/-  0.327604 (EL_EFF_ID_TOTAL_1NPCOR_PLUS_UNCOR)
                             +/- -0.101099 (EL_EFF_Iso_TOTAL_1NPCOR_PLUS_UNCOR)
                             +/- -0.105000 (EL_EFF_Reco_TOTAL_1NPCOR_PLUS_UNCOR)
                             +/- -0.000000 (EL_EFF_TriggerEff_TOTAL_1NPCOR_PLUS_UNCOR)
                             +/- -0.000000 (EL_EFF_Trigger_TOTAL_1NPCOR_PLUS_UNCOR)
                             +/-  0.281170 (FAKES_Electron)
                             +/- -0.035207 (FAKES_Muon)
                             +/- -0.071824 (FT_EFF_Eigen_B_0)
                             +/-  0.259932 (FT_EFF_Eigen_B_1)
                             +/- -0.050992 (FT_EFF_Eigen_B_2)
                             +/- -0.056883 (FT_EFF_Eigen_B_3)
                             +/- -0.010650 (FT_EFF_Eigen_B_4)
                             +/-  0.001788 (FT_EFF_Eigen_B_5)
                             +/-  0.000039 (FT_EFF_Eigen_B_6)
                             +/- -0.000004 (FT_EFF_Eigen_B_7)
                             +/-  0.000001 (FT_EFF_Eigen_B_8)
                             +/- -0.061708 (FT_EFF_Eigen_C_0)
                             +/-  0.038837 (FT_EFF_Eigen_C_1)
                             +/- -0.013810 (FT_EFF_Eigen_C_2)
                             +/-  0.001834 (FT_EFF_Eigen_C_3)
                             +/-  0.081935 (FT_EFF_Eigen_Light_0)
                             +/-  0.009924 (FT_EFF_Eigen_Light_1)
                             +/-  0.002739 (FT_EFF_Eigen_Light_2)
                             +/-  0.002807 (FT_EFF_Eigen_Light_3)
                             +/-  0.006634 (FT_EFF_extrapolation)
                             +/-  0.002860 (FT_EFF_extrapolation_from_charm)
                             +/- -0.046558 (JET_EffectiveNP_Detector1)
                             +/- -0.005536 (JET_EffectiveNP_Detector2)
                             +/- -0.039292 (JET_EffectiveNP_Mixed1)
                             +/- -0.095111 (JET_EffectiveNP_Mixed2)
                             +/- -0.031334 (JET_EffectiveNP_Mixed3)
                             +/- -0.728557 (JET_EffectiveNP_Modelling1)
                             +/- -0.005883 (JET_EffectiveNP_Modelling2)
                             +/-  0.043152 (JET_EffectiveNP_Modelling3)
                             +/- -0.012543 (JET_EffectiveNP_Modelling4)
                             +/-  0.002139 (JET_EffectiveNP_Statistical1)
                             +/- -0.074449 (JET_EffectiveNP_Statistical2)
                             +/-  0.002821 (JET_EffectiveNP_Statistical3)
                             +/-  0.014511 (JET_EffectiveNP_Statistical4)
                             +/- -0.013731 (JET_EffectiveNP_Statistical5)
                             +/- -0.018133 (JET_EffectiveNP_Statistical6)
                             +/- -0.430157 (JET_EtaIntercalibration_Modelling)
                             +/- -0.136757 (JET_EtaIntercalibration_NonClosure_2018data)
                             +/-  0.000085 (JET_EtaIntercalibration_NonClosure_highE)
                             +/- -0.004825 (JET_EtaIntercalibration_NonClosure_negEta)
                             +/- -0.005243 (JET_EtaIntercalibration_NonClosure_posEta)
                             +/- -0.137578 (JET_EtaIntercalibration_TotalStat)
                             +/-  0.000347 (JET_Flavor_Composition_prop)
                             +/-  0.010779 (JET_Flavor_Response_prop)
                             +/- -0.103625 (JET_JER_DataVsMC_MC16_PseudoData)
                             +/- -0.064582 (JET_JER_EffectiveNP_10_PseudoData)
                             +/-  0.016347 (JET_JER_EffectiveNP_11_PseudoData)
                             +/- -0.077972 (JET_JER_EffectiveNP_12restTerm_PseudoData)
                             +/- -0.270582 (JET_JER_EffectiveNP_1_PseudoData)
                             +/- -0.311119 (JET_JER_EffectiveNP_2_PseudoData)
                             +/- -0.241603 (JET_JER_EffectiveNP_3_PseudoData)
                             +/-  0.005517 (JET_JER_EffectiveNP_4_PseudoData)
                             +/- -0.142910 (JET_JER_EffectiveNP_5_PseudoData)
                             +/- -0.191592 (JET_JER_EffectiveNP_6_PseudoData)
                             +/- -0.002802 (JET_JER_EffectiveNP_7_PseudoData)
                             +/-  0.033988 (JET_JER_EffectiveNP_8_PseudoData)
                             +/- -0.113718 (JET_JER_EffectiveNP_9_PseudoData)
                             +/- -0.108419 (JET_JvtEfficiency)
                             +/- -0.144090 (JET_Pileup_OffsetMu)
                             +/- -0.385295 (JET_Pileup_OffsetNPV)
                             +/- -0.119348 (JET_Pileup_PtTerm)
                             +/- -1.257064 (JET_Pileup_RhoTopology)
                             +/-  0.001332 (JET_PunchThrough_MC16)
                             +/-  0.106453 (LUMINOSITY)
                             +/-  0.150506 (MET_SoftTrk_ResoPara)
                             +/-  0.096532 (MET_SoftTrk_ResoPerp)
                             +/-  0.138195 (MET_SoftTrk_Scale)
                             +/-  0.000000 (MUON_EFF_BADMUON_SYS)
                             +/-  0.210314 (MUON_EFF_ISO_STAT)
                             +/- -0.027497 (MUON_EFF_ISO_SYS)
                             +/- -0.002602 (MUON_EFF_RECO_STAT)
                             +/-  0.177779 (MUON_EFF_RECO_SYS)
                             +/-  0.035756 (MUON_EFF_TTVA_STAT)
                             +/-  0.045376 (MUON_EFF_TTVA_SYS)
                             +/- -0.012387 (MUON_EFF_TrigStatUncertainty)
                             +/- -0.027023 (MUON_EFF_TrigSystUncertainty)
                             +/-  0.007767 (MUON_SAGITTA_DATASTAT)
                             +/-  0.013668 (MUON_SAGITTA_RESBIAS)
                             +/- -0.295760 (PRW_DATASF)
                             +/-  0.092541 (THEORY_CROSS_SECTION_Wjets)
                             +/-  0.032253 (THEORY_CROSS_SECTION_other_top_noWt)
                             +/-  0.009588 (THEORY_CROSS_SECTION_signal)
                             +/-  0.004694 (THEORY_DR_DS_signal)
                             +/-  0.005020 (THEORY_EWK_Wjets)
                             +/-  0.000598 (THEORY_EWK_multiboson_noW)
                             +/- -0.076806 (THEORY_FSR_signal)
                             +/- -0.169890 (THEORY_HDAMP_signal)
                             +/-  0.263382 (THEORY_ISR_signal)
                             +/-  0.035391 (THEORY_PDF4LHC_VARIATION_Wjets)
                             +/-  0.016594 (THEORY_PDF4LHC_VARIATION_multiboson_noW)
                             +/-  0.004444 (THEORY_PDF4LHC_VARIATION_signal)
                             +/- -0.168612 (THEORY_PTHARD_signal)
                             +/-  0.111718 (THEORY_SCALE_COMBINED_Wjets)
                             +/-  0.063072 (THEORY_SCALE_COMBINED_multiboson_noW)
                             +/-  0.033350 (THEORY_SCALE_FACTORISATION_signal)
                             +/-  0.044292 (THEORY_SCALE_RENORMALISATION_signal)
                             +/-  0.411040 (THEORY_SHOWERING_HERWIG7_signal)
                             +/-  0.101821 (THEORY_TOPRECOIL_signal)
                             +/-  0.221391 (THEORY_TOP_MASS_signal)
                             +/-  0.027046 (WMASS_VAR_signal)

                             +/- -0.930519 (FULL_SYS_SUM)
                             +/- -1.083176 (FULL_SYS_SUM_DETECTOR)
                             +/-  0.363902 (FULL_SYS_SUM_THEORY)
                             +/- -0.930519 (FULL_SYS_TOYS)
                             +/- -0.814085 (TOTAL)
                             +/- -0.812496 (TOTAL_NO_DR_DS)
                             +/- -0.924491 (TOTAL_SYSONLY)
                             +/-  0.338977 (statY)

  Nuisance parameters                 -0.007  +/-  0.999  (EG_RESOLUTION_ALL)
                                      -0.103  +/-  0.899  (EG_SCALE_ALL)
                                       0.046  +/-  0.984  (EL_EFF_ID_TOTAL_1NPCOR_PLUS_UNCOR)
                                      -0.034  +/-  0.982  (EL_EFF_Iso_TOTAL_1NPCOR_PLUS_UNCOR)
                                      -0.012  +/-  0.999  (EL_EFF_Reco_TOTAL_1NPCOR_PLUS_UNCOR)
                                      -0.000  +/-  1.000  (EL_EFF_TriggerEff_TOTAL_1NPCOR_PLUS_UNCOR)
                                      -0.000  +/-  1.000  (EL_EFF_Trigger_TOTAL_1NPCOR_PLUS_UNCOR)
                                      -0.003  +/-  1.000  (MUON_SAGITTA_DATASTAT)
                                      -0.009  +/-  0.999  (MUON_SAGITTA_RESBIAS)
                                      -0.000  +/-  1.000  (MUON_EFF_BADMUON_SYS)
                                       0.029  +/-  0.997  (MUON_EFF_ISO_STAT)
                                      -0.010  +/-  0.999  (MUON_EFF_ISO_SYS)
                                      -0.000  +/-  1.000  (MUON_EFF_RECO_STAT)
                                      -0.001  +/-  0.997  (MUON_EFF_RECO_SYS)
                                       0.009  +/-  1.000  (MUON_EFF_TTVA_STAT)
                                       0.012  +/-  1.000  (MUON_EFF_TTVA_SYS)
                                      -0.001  +/-  1.000  (MUON_EFF_TrigStatUncertainty)
                                      -0.002  +/-  0.998  (MUON_EFF_TrigSystUncertainty)
                                      -0.003  +/-  1.000  (JET_EffectiveNP_Detector1)
                                      -0.001  +/-  1.000  (JET_EffectiveNP_Detector2)
                                      -0.009  +/-  1.000  (JET_EffectiveNP_Mixed1)
                                      -0.010  +/-  1.000  (JET_EffectiveNP_Mixed2)
                                      -0.005  +/-  1.000  (JET_EffectiveNP_Mixed3)
                                       0.015  +/-  0.992  (JET_EffectiveNP_Modelling1)
                                       0.003  +/-  1.000  (JET_EffectiveNP_Modelling2)
                                       0.010  +/-  1.000  (JET_EffectiveNP_Modelling3)
                                      -0.003  +/-  1.000  (JET_EffectiveNP_Modelling4)
                                      -0.004  +/-  1.000  (JET_EffectiveNP_Statistical1)
                                      -0.001  +/-  1.000  (JET_EffectiveNP_Statistical2)
                                      -0.001  +/-  1.000  (JET_EffectiveNP_Statistical3)
                                       0.003  +/-  1.000  (JET_EffectiveNP_Statistical4)
                                      -0.006  +/-  1.000  (JET_EffectiveNP_Statistical5)
                                      -0.005  +/-  1.000  (JET_EffectiveNP_Statistical6)
                                       0.031  +/-  0.993  (JET_EtaIntercalibration_Modelling)
                                       0.004  +/-  1.000  (JET_EtaIntercalibration_NonClosure_2018data)
                                      -0.000  +/-  1.000  (JET_EtaIntercalibration_NonClosure_highE)
                                      -0.001  +/-  1.000  (JET_EtaIntercalibration_NonClosure_negEta)
                                      -0.000  +/-  1.000  (JET_EtaIntercalibration_NonClosure_posEta)
                                       0.006  +/-  0.999  (JET_EtaIntercalibration_TotalStat)
                                      -0.000  +/-  1.000  (JET_Flavor_Composition_prop)
                                      -0.003  +/-  1.000  (JET_Flavor_Response_prop)
                                       0.024  +/-  0.998  (JET_Pileup_OffsetMu)
                                       0.044  +/-  0.988  (JET_Pileup_OffsetNPV)
                                      -0.005  +/-  0.999  (JET_Pileup_PtTerm)
                                       0.064  +/-  0.925  (JET_Pileup_RhoTopology)
                                      -0.000  +/-  1.000  (JET_PunchThrough_MC16)
                                       0.013  +/-  0.998  (JET_JER_DataVsMC_MC16_PseudoData)
                                       0.000  +/-  0.995  (JET_JER_EffectiveNP_1_PseudoData)
                                       0.042  +/-  0.994  (JET_JER_EffectiveNP_2_PseudoData)
                                      -0.014  +/-  0.999  (JET_JER_EffectiveNP_3_PseudoData)
                                      -0.028  +/-  0.997  (JET_JER_EffectiveNP_4_PseudoData)
                                      -0.035  +/-  0.997  (JET_JER_EffectiveNP_5_PseudoData)
                                      -0.004  +/-  0.998  (JET_JER_EffectiveNP_6_PseudoData)
                                       0.019  +/-  0.996  (JET_JER_EffectiveNP_7_PseudoData)
                                      -0.009  +/-  0.999  (JET_JER_EffectiveNP_8_PseudoData)
                                      -0.007  +/-  0.998  (JET_JER_EffectiveNP_9_PseudoData)
                                      -0.017  +/-  0.999  (JET_JER_EffectiveNP_10_PseudoData)
                                      -0.016  +/-  0.998  (JET_JER_EffectiveNP_11_PseudoData)
                                       0.003  +/-  0.999  (JET_JER_EffectiveNP_12restTerm_PseudoData)
                                       0.017  +/-  0.996  (JET_JvtEfficiency)
                                      -0.080  +/-  0.987  (PRW_DATASF)
                                       0.020  +/-  0.997  (MET_SoftTrk_ResoPara)
                                       0.019  +/-  0.998  (MET_SoftTrk_ResoPerp)
                                       0.025  +/-  0.998  (MET_SoftTrk_Scale)
                                      -0.002  +/-  1.000  (WMASS_VAR_signal)
                                       0.142  +/-  0.767  (FT_EFF_Eigen_B_0)
                                       0.020  +/-  0.964  (FT_EFF_Eigen_B_1)
                                       0.018  +/-  0.992  (FT_EFF_Eigen_B_2)
                                       0.008  +/-  1.000  (FT_EFF_Eigen_B_3)
                                      -0.001  +/-  1.000  (FT_EFF_Eigen_B_4)
                                      -0.000  +/-  1.000  (FT_EFF_Eigen_B_5)
                                      -0.000  +/-  1.000  (FT_EFF_Eigen_B_6)
                                      -0.000  +/-  1.000  (FT_EFF_Eigen_B_7)
                                       0.000  +/-  1.000  (FT_EFF_Eigen_B_8)
                                      -0.008  +/-  0.999  (FT_EFF_Eigen_C_0)
                                       0.003  +/-  1.000  (FT_EFF_Eigen_C_1)
                                       0.000  +/-  1.000  (FT_EFF_Eigen_C_2)
                                       0.000  +/-  1.000  (FT_EFF_Eigen_C_3)
                                       0.005  +/-  0.999  (FT_EFF_Eigen_Light_0)
                                       0.001  +/-  1.000  (FT_EFF_Eigen_Light_1)
                                       0.000  +/-  1.000  (FT_EFF_Eigen_Light_2)
                                       0.000  +/-  1.000  (FT_EFF_Eigen_Light_3)
                                      -0.003  +/-  1.000  (FT_EFF_extrapolation)
                                       0.000  +/-  1.000  (FT_EFF_extrapolation_from_charm)
                                      -0.007  +/-  1.000  (THEORY_CROSS_SECTION_signal)
                                      -0.086  +/-  0.929  (THEORY_SHOWERING_HERWIG7_signal)
                                       0.004  +/-  0.999  (THEORY_SCALE_FACTORISATION_signal)
                                       0.007  +/-  0.997  (THEORY_SCALE_RENORMALISATION_signal)
                                       0.194  +/-  0.934  (THEORY_ISR_signal)
                                       0.026  +/-  0.959  (THEORY_FSR_signal)
                                       0.053  +/-  0.952  (THEORY_HDAMP_signal)
                                      -0.067  +/-  0.980  (THEORY_PTHARD_signal)
                                      -0.126  +/-  0.869  (THEORY_TOPRECOIL_signal)
                                       0.000  +/-  0.945  (THEORY_TOP_MASS_signal)
                                      -0.002  +/-  0.999  (THEORY_PDF4LHC_VARIATION_signal)
                                      -0.105  +/-  0.950  (THEORY_DR_DS_signal)
                                      -0.012  +/-  0.997  (THEORY_CROSS_SECTION_Wjets)
                                      -0.020  +/-  0.992  (THEORY_SCALE_COMBINED_Wjets)
                                      -0.012  +/-  0.999  (THEORY_PDF4LHC_VARIATION_Wjets)
                                      -0.003  +/-  1.000  (THEORY_EWK_Wjets)
                                      -0.012  +/-  0.998  (THEORY_SCALE_COMBINED_multiboson_noW)
                                      -0.001  +/-  1.000  (THEORY_PDF4LHC_VARIATION_multiboson_noW)
                                      -0.000  +/-  1.000  (THEORY_EWK_multiboson_noW)
                                      -0.011  +/-  0.995  (THEORY_CROSS_SECTION_other_top_noWt)
                                      -0.035  +/-  0.942  (FAKES_Electron)
                                      -0.008  +/-  1.000  (FAKES_Muon)
                                       0.026  +/-  0.981  (LUMINOSITY)

  Correlation matrix 
        1  -0.00904    -0.335    -0.141    0.0435    0.0444  8.95e-15  8.95e-15  -0.00328  -0.00577 -1.04e-14   -0.0891    0.0116    0.0011   -0.0753   -0.0151   -0.0192   0.00523    0.0114    0.0197   0.00234    0.0166    0.0402    0.0132      0.31   0.00248   -0.0182    0.0053 -0.000903    0.0314  -0.00119  -0.00613    0.0058   0.00765     0.183    0.0577 -3.61e-05   0.00204   0.00221    0.0581 -0.000146  -0.00455     0.061     0.165    0.0504     0.574 -0.000562    0.0438     0.115     0.132     0.102  -0.00234    0.0605     0.081   0.00119   -0.0144    0.0481    0.0273  -0.00691    0.0329    0.0459     0.127   -0.0637   -0.0408   -0.0585   -0.0114    0.0395    -0.114    0.0217     0.024    0.0045 -0.000755 -1.64e-05  1.82e-06 -5.19e-07    0.0261   -0.0164   0.00583 -0.000774   -0.0346  -0.00419  -0.00116  -0.00118   -0.0028  -0.00121  -0.00405    -0.187   -0.0141   -0.0188    -0.119    0.0338    0.0753    0.0726   -0.0495   -0.0989  -0.00188  -0.00209   -0.0392   -0.0475    -0.015  -0.00212   -0.0267  -0.00701 -0.000252   -0.0137    -0.126    0.0149   -0.0458
 -0.00904         1   -0.0101 -0.000652  -0.00444 -0.000745 -6.96e-16 -6.96e-16 -0.000222  -0.00102 -2.85e-16  0.000296 -0.000664 -6.16e-05  -0.00132  0.000103   0.00013 -0.000362 -0.000747 -7.74e-05 -9.45e-05 -0.000315 -0.000467  -0.00011 -0.000801  0.000326  0.000231 -0.000203 -0.000211 -0.000336 -0.000182  1.94e-05 -0.000108 -0.000129 -3.24e-06    -8e-06 -7.02e-07  -9.4e-05  8.92e-06 -7.98e-05 -1.52e-06 -0.000133  0.000121 -0.000458 -0.000867  -0.00106 -2.61e-05  -0.00013  -0.00037 -0.000127 -0.000989  -0.00193  -0.00188 -0.000497  -0.00198 -0.000833 -0.000116  2.69e-05  3.23e-05 -0.000862 -0.000419  -0.00116  0.000452  0.000554  0.000269 -0.000329  -0.00326  -0.00354 -0.000941 -0.000262 -5.93e-06  -2.7e-06   2.1e-08  4.08e-08  2.72e-09 -0.000475 -0.000162   5.9e-05  2.39e-05 -0.000338  7.96e-06  1.93e-08 -1.68e-06 -8.85e-06 -0.000202 -0.000102 -0.000326  0.000674   -0.0008    0.0025  -0.00384 -0.000975 -0.000188   -0.0011  -0.00672 -0.000456 -0.000231  -0.00114  -0.00223 -0.000713 -8.15e-05 -0.000733 -0.000109 -4.24e-06  -0.00138 -0.000131 -0.000173  -0.00184
   -0.335   -0.0101         1   -0.0498   -0.0893   -0.0178 -1.04e-14 -1.04e-14 -0.000826  -0.00824 -8.89e-15   0.00549   -0.0228  -0.00187   -0.0315   0.00387   0.00491   -0.0111   -0.0233 -0.000607  -0.00097  -0.00334  -0.00224  -0.00172   -0.0282   0.00384   0.00307  -0.00227  -0.00209  -0.00475  -0.00191  0.000776  -0.00351   -0.0024  -0.00374   0.00229 -3.55e-05 -0.000701 -0.000511  -0.00371 -4.36e-05  -0.00248 -0.000856    -0.005  -0.00724   -0.0714 -0.000307   -0.0109   -0.0207  -0.00393   -0.0131   -0.0174   -0.0256   -0.0184  -0.00905  -0.00577   -0.0215   -0.0116   -0.0109   -0.0128   -0.0175   -0.0445   0.00624   0.00712   0.00689  -0.00674    -0.135   -0.0976   -0.0313  0.000673 -0.000541 -0.000281 -1.77e-06 -5.02e-07 -1.01e-07  -0.00991  -0.00428  0.000129  0.000416   -0.0122 -0.000586 -0.000823 -0.000132   -0.0013  -0.00394  -0.00522   -0.0287   0.00461   -0.0287    0.0422   -0.0465   -0.0787   -0.0218    -0.103    -0.062  -0.00854   -0.0268   -0.0283   -0.0441   -0.0126  -0.00185   -0.0183  -0.00406  2.76e-06    -0.039  -0.00906  -0.00557   -0.0563
   -0.141 -0.000652   -0.0498         1    -0.019  -0.00357 -1.11e-15 -1.11e-15  0.000171 -3.51e-05 -4.84e-16  -0.00288  -0.00495 -0.000556  -0.00885 -0.000616 -0.000771  -0.00334  -0.00704  4.07e-05 -2.52e-05  -0.00134   0.00097  1.77e-05   -0.0158  0.000203 -0.000985 -0.000176 -0.000396  -0.00029 -0.000242 -0.000588  -3.8e-05 -0.000171   -0.0102  -0.00184 -1.71e-05  3.65e-05 -0.000307  -0.00225 -1.88e-05 -0.000858  -0.00561   -0.0102  -0.00215   -0.0411 -0.000196  -0.00759   -0.0136   -0.0124  -0.00499   0.00102   0.00244  -0.00593  -0.00534   0.00112  -0.00766  -3.6e-07 -0.000577  -0.00507  -0.00908  0.000981 -0.000562  -0.00101    -0.002  -0.00262   -0.0784   -0.0339   -0.0124  -0.00209 -5.29e-05 -2.19e-05 -2.71e-06 -4.42e-07 -6.31e-08  -0.00381  -0.00182 -0.000479  1.52e-05  -0.00567  -0.00033 -0.000437 -8.14e-05  -0.00082  -0.00138  -0.00218     -0.03  -0.00151  -0.00603   -0.0258   -0.0212   -0.0463  -0.00706   0.00676   -0.0239  -0.00421   -0.0138   -0.0115   -0.0159  -0.00475  -0.00089  -0.00755   -0.0023 -6.11e-05    -0.015   -0.0281 -0.000346   -0.0231
   0.0435  -0.00444   -0.0893    -0.019         1  -0.00685 -5.09e-15 -5.09e-15  -0.00041   -0.0038 -4.19e-15    0.0018  -0.00775 -0.000647    -0.013   0.00129   0.00164  -0.00382    -0.008  0.000137 -0.000328 -0.000902 -0.000189 -0.000573  -0.00796    0.0022   0.00168 -0.000819 -0.000662  -0.00141 -0.000761  0.000507  -0.00116 -0.000856   0.00087   0.00108 -1.13e-05 -0.000281 -0.000147 -0.000851 -8.26e-06 -0.000834  0.000679  0.000927   -0.0037   -0.0182 -0.000127  -0.00621  -0.00861  0.000822  -0.00512  -0.00564  -0.00994  -0.00776  -0.00697   -0.0013  -0.00834  -0.00219  -0.00208  -0.00606  -0.00544   -0.0137   0.00273   0.00283   0.00272   -0.0025   -0.0424   -0.0349   -0.0105  9.11e-05 -0.000145 -8.19e-05  6.39e-08  6.44e-08 -1.82e-08  -0.00373  -0.00149  0.000165  0.000176  -0.00424  -0.00015 -0.000241 -3.41e-05  -0.00034  -0.00153  -0.00178  -0.00287   0.00251   -0.0113   0.00823   -0.0105   -0.0331  -0.00694    -0.023   -0.0187  -0.00308  -0.00865   -0.0102   -0.0174  -0.00476 -0.000633  -0.00625  -0.00138  3.05e-06   -0.0138  -0.00148   -0.0019   -0.0195
   0.0444 -0.000745   -0.0178  -0.00357  -0.00685         1 -8.62e-16 -8.62e-16 -4.94e-05 -0.000661 -5.53e-16   0.00166   -0.0015 -0.000106  -0.00178  0.000553  0.000702 -0.000626  -0.00131 -4.07e-05 -8.88e-05 -0.000409 -0.000209 -0.000108 -0.000736  0.000491  0.000523 -0.000237 -0.000176 -0.000102 -0.000155  0.000104 -0.000353  -0.00026   0.00132  0.000336 -3.36e-06 -6.02e-05 -7.22e-05  0.000185    -3e-06 -0.000209  0.000792   0.00184 -0.000923 -9.63e-06 -2.23e-05 -0.000971  -0.00163  0.000488  -0.00112 -0.000877  -0.00161  -0.00101 -0.000311 -0.000164  -0.00161  -0.00099 -0.000541  -0.00108 -0.000156  -0.00488   0.00157    0.0014   0.00147 -0.000558   0.00142  -0.00464 -0.000648 -6.86e-05 -4.93e-05 -1.55e-05 -6.74e-08 -7.03e-08 -2.99e-09   -0.0012 -0.000142 -5.25e-06  5.53e-05 -0.000617  4.04e-05 -4.51e-05  -1.3e-06 -0.000132 -0.000268 -0.000521  -0.00164  0.000493  -0.00183    0.0064   -0.0033  -0.00771  -0.00308  -0.00516  -0.00523 -0.000908  -0.00333  -0.00222  -0.00353  -0.00113 -0.000217  -0.00147 -0.000375  8.45e-07  -0.00294  -0.00129 -0.000631   -0.0019
 8.95e-15 -6.96e-16 -1.04e-14 -1.11e-15 -5.09e-15 -8.62e-16         1 -9.88e-28 -9.54e-17 -6.63e-16 -8.53e-28  4.09e-16 -6.93e-16 -5.06e-17 -1.67e-15  2.03e-16  2.58e-16 -2.96e-16 -6.11e-16  9.32e-17 -3.26e-17 -5.28e-17   6.5e-17 -1.02e-16  2.42e-16  4.82e-16  4.54e-16 -9.67e-17  -6.5e-17 -4.69e-17 -9.49e-17  1.59e-16 -1.54e-16 -1.27e-16   1.2e-15  2.55e-16 -4.75e-19 -3.97e-17 -2.02e-19  1.43e-16  1.73e-18 -7.09e-17  7.11e-16  1.55e-15 -6.33e-16  1.62e-15 -1.85e-17 -1.02e-15 -1.06e-15   1.5e-15 -6.76e-16    -7e-16 -1.65e-15 -1.13e-15 -1.41e-15  2.46e-17 -1.04e-15  1.88e-16  9.76e-17 -8.89e-16  2.52e-18 -1.54e-15  5.71e-16  5.23e-16   6.1e-16 -2.37e-16  3.73e-16 -2.72e-15 -5.16e-16  1.46e-16 -1.16e-17 -6.49e-18  2.57e-19  7.58e-20  4.41e-21 -3.82e-16 -8.21e-17  6.01e-17  2.57e-17 -2.49e-16  1.76e-17 -4.01e-19   1.5e-18 -1.38e-17 -1.57e-16 -1.78e-16  1.22e-15  5.52e-16 -1.21e-15  1.51e-15  1.93e-15 -3.08e-15 -9.04e-16  3.43e-16  4.48e-16    -2e-16 -1.48e-15 -9.23e-16 -2.12e-15 -5.62e-16 -5.78e-17 -4.92e-16 -8.26e-17  2.05e-18 -1.12e-15  6.45e-16 -2.31e-16 -1.13e-15
 8.95e-15 -6.96e-16 -1.04e-14 -1.11e-15 -5.09e-15 -8.62e-16 -9.88e-28         1 -9.54e-17 -6.63e-16 -8.53e-28  4.09e-16 -6.93e-16 -5.06e-17 -1.67e-15  2.03e-16  2.58e-16 -2.96e-16 -6.11e-16  9.32e-17 -3.26e-17 -5.28e-17   6.5e-17 -1.02e-16  2.42e-16  4.82e-16  4.54e-16 -9.67e-17  -6.5e-17 -4.69e-17 -9.49e-17  1.59e-16 -1.54e-16 -1.27e-16   1.2e-15  2.55e-16 -4.75e-19 -3.97e-17 -2.02e-19  1.43e-16  1.73e-18 -7.09e-17  7.11e-16  1.55e-15 -6.33e-16  1.62e-15 -1.85e-17 -1.02e-15 -1.06e-15   1.5e-15 -6.76e-16    -7e-16 -1.65e-15 -1.13e-15 -1.41e-15  2.46e-17 -1.04e-15  1.88e-16  9.76e-17 -8.89e-16  2.52e-18 -1.54e-15  5.71e-16  5.23e-16   6.1e-16 -2.37e-16  3.73e-16 -2.72e-15 -5.16e-16  1.46e-16 -1.16e-17 -6.49e-18  2.57e-19  7.58e-20  4.41e-21 -3.82e-16 -8.21e-17  6.01e-17  2.57e-17 -2.49e-16  1.76e-17 -4.01e-19   1.5e-18 -1.38e-17 -1.57e-16 -1.78e-16  1.22e-15  5.52e-16 -1.21e-15  1.51e-15  1.93e-15 -3.08e-15 -9.04e-16  3.43e-16  4.48e-16    -2e-16 -1.48e-15 -9.23e-16 -2.12e-15 -5.62e-16 -5.78e-17 -4.92e-16 -8.26e-17  2.05e-18 -1.12e-15  6.45e-16 -2.31e-16 -1.13e-15
 -0.00328 -0.000222 -0.000826  0.000171  -0.00041 -4.94e-05 -9.54e-17 -9.54e-17         1 -0.000349  1.65e-18 -3.37e-05 -5.28e-05 -7.95e-06 -0.000303 -1.58e-05    -2e-05 -4.55e-05 -9.51e-05 -5.29e-05 -1.81e-05  -0.00017 -0.000185 -6.17e-05 -0.000154 -4.63e-05  2.41e-05 -6.66e-05 -0.000109 -8.11e-05 -2.96e-05 -1.47e-05 -1.91e-05 -3.68e-05 -0.000171 -0.000131  2.64e-07 -2.49e-05  -1.4e-06 -8.75e-05 -9.45e-08 -7.78e-05 -5.23e-07 -0.000327  -0.00017 -0.000401 -4.76e-06  7.44e-05 -8.06e-05 -0.000162  -0.00026 -0.000465  -0.00043 -6.64e-05 -0.000439 -0.000265  7.68e-05  1.06e-05 -6.04e-05 -7.88e-05 -0.000125 -0.000128 -6.09e-05  3.42e-05 -7.44e-05 -6.16e-05  -0.00114 -0.000482 -0.000194 -5.69e-05 -3.37e-06  2.74e-07 -8.91e-08 -1.22e-09 -2.55e-10 -0.000112 -7.77e-06  3.02e-06 -9.62e-07 -4.46e-05  3.47e-06 -7.77e-06 -3.44e-06 -7.25e-05 -2.38e-05 -0.000114   -0.0013 -0.000118  6.07e-05  0.000316   -0.0011  0.000888  -0.00116   -0.0025  -0.00223 -0.000145  -0.00184 -0.000379 -0.000638 -0.000258 -9.41e-05 -0.000296  -6.5e-05 -3.75e-06  -0.00038  -0.00215 -9.48e-06 -0.000367
 -0.00577  -0.00102  -0.00824 -3.51e-05   -0.0038 -0.000661 -6.63e-16 -6.63e-16 -0.000349         1  -2.4e-16  0.000481 -0.000501 -4.42e-05  -0.00145  0.000135  0.000171 -0.000254 -0.000528 -8.43e-05 -8.21e-05 -0.000416 -0.000482 -0.000157 -0.000128  0.000145  0.000294 -0.000261 -0.000293 -0.000294  -0.00015  5.45e-05 -0.000136 -0.000159  0.000477 -6.12e-05  1.41e-08 -9.97e-05 -3.39e-06 -8.23e-05 -4.78e-07 -0.000237   0.00034   1.7e-05 -0.000882  0.000481  -1.6e-05 -0.000253  3.59e-06  0.000242 -0.000908  -0.00146  -0.00186 -0.000366  -0.00178 -0.000793 -4.71e-06  -6.8e-05  8.03e-05 -0.000652 -0.000141   -0.0016  0.000357  0.000581   0.00034 -0.000278 -0.000504  -0.00235 -0.000475 -0.000205 -1.24e-05 -9.39e-07 -6.26e-08   2.6e-08  2.76e-09 -0.000584  -3.7e-05  5.28e-05  2.44e-05 -0.000182  3.03e-05 -1.71e-05 -4.18e-06 -0.000161 -0.000157 -0.000368 -0.000744  0.000152 -0.000918   0.00168  -0.00313 -0.000387  -0.00328  -0.00762  -0.00746 -0.000598  -0.00442  -0.00133  -0.00228  -0.00086 -0.000266 -0.000923 -0.000166 -6.23e-06  -0.00153  -0.00401 -0.000218  -0.00114
-1.04e-14 -2.85e-16 -8.89e-15 -4.84e-16 -4.19e-15 -5.53e-16 -8.53e-28 -8.53e-28  1.65e-18  -2.4e-16         1  -5.4e-16 -8.67e-16 -6.69e-17 -1.89e-15  6.62e-17  8.47e-17 -3.92e-16 -8.24e-16  1.36e-16  1.44e-17  2.61e-16  3.03e-16 -1.16e-16 -3.34e-16  2.84e-16  2.59e-16  3.88e-17  4.93e-17 -1.51e-16 -1.76e-17  1.81e-16 -1.18e-16 -4.71e-17  4.04e-16  3.03e-16  4.56e-19  3.95e-18  2.88e-17  -1.5e-16  2.68e-18  1.74e-17  2.88e-16  5.94e-16  9.17e-17 -1.78e-15 -6.09e-18 -8.21e-16 -8.59e-16  1.75e-15 -1.42e-16 -5.16e-16 -1.77e-15 -1.52e-15  -6.5e-16   1.4e-16 -1.32e-15  5.53e-17 -4.06e-16 -4.43e-16 -6.96e-16 -7.97e-16 -3.85e-16 -2.76e-16 -1.35e-17 -5.38e-17 -6.92e-15 -3.89e-15 -1.62e-15  5.85e-16 -1.33e-17 -1.69e-17  3.29e-19  1.02e-19  2.74e-22  2.34e-16 -1.68e-16  7.17e-17  1.42e-18 -3.42e-16 -5.61e-17 -9.79e-18 -3.69e-18  3.97e-17 -1.03e-16  -2.4e-17  1.63e-15  3.25e-16 -1.46e-15  3.36e-17  4.74e-15 -7.62e-16  4.27e-16    -3e-15   5.5e-15  3.35e-16 -1.89e-16 -3.47e-16 -1.14e-15 -1.07e-16  7.21e-17 -6.56e-17  5.88e-17  7.48e-18 -5.61e-16  2.84e-15 -8.33e-17 -2.36e-15
  -0.0891  0.000296   0.00549  -0.00288    0.0018   0.00166  4.09e-16  4.09e-16 -3.37e-05  0.000481  -5.4e-16         1 -0.000395 -0.000139  -0.00293   -0.0016  -0.00203 -0.000835   -0.0018  9.84e-05  0.000145  0.000857  0.000653 -2.38e-05  -0.00658 -0.000967  -0.00155  0.000446  0.000163 -0.000906  0.000127  -0.00029  0.000632  0.000497  -0.00837  -0.00114  4.11e-06  8.24e-05  0.000152  -0.00228  1.66e-06  0.000156  -0.00446    -0.011   0.00181   -0.0259 -6.79e-06 -0.000285   -0.0011  -0.00459  0.000754 -0.000803 -0.000154  -0.00217  -0.00279  -0.00054 -0.000367   0.00166 -0.000641  0.000276  -0.00578    0.0105  -0.00574  -0.00473  -0.00531  0.000266   -0.0591   -0.0125  -0.00828  0.000373  7.46e-05 -1.32e-05 -3.48e-07  2.03e-07 -2.13e-08   0.00228 -0.000879  3.11e-05 -0.000136  -0.00153 -0.000418 -8.32e-05 -4.43e-05  0.000155 -0.000108  0.000667  -0.00283  -0.00113 -0.000936   -0.0227  0.000831   0.00661   0.00733  -0.00335   0.00524    0.0013   0.00612  0.000371  0.000587  0.000872  0.000367  0.000518  0.000235 -8.94e-06   0.00018  5.65e-05   0.00133   -0.0114
   0.0116 -0.000664   -0.0228  -0.00495  -0.00775   -0.0015 -6.93e-16 -6.93e-16 -5.28e-05 -0.000501 -8.67e-16 -0.000395         1 -0.000228  -0.00338   0.00025  0.000317  -0.00135  -0.00285  -0.00016 -7.87e-05 -0.000232 -0.000273 -0.000204  -0.00398  4.32e-05 -1.39e-05 -0.000151 -0.000213 -0.000697 -0.000149 -1.86e-05 -0.000334 -0.000179  -0.00186  7.98e-05 -2.41e-06 -4.57e-05 -5.23e-05  -0.00086 -4.79e-06 -0.000213 -0.000672  -0.00238  1.21e-05   -0.0127 -2.62e-06 -0.000413  -0.00224   -0.0015 -0.000757  -0.00203  -0.00277  -0.00212  0.000108 -0.000812  -0.00242  -0.00177  -0.00215 -0.000785   -0.0029  -0.00425 -0.000316  5.72e-06 -0.000132  -0.00059   -0.0244   -0.0121  -0.00479  0.000364 -6.18e-05 -4.12e-05  -2.5e-07 -6.64e-08 -1.84e-08 -0.000554  -0.00058  6.38e-07  1.65e-05  -0.00149 -0.000148 -0.000108 -2.36e-05 -0.000108 -0.000349 -0.000363  -0.00313 -5.15e-05  -0.00285   0.00456  -0.00639  -0.00445   -0.0012   -0.0172  -0.00534 -0.000536  -0.00101  -0.00275  -0.00424  -0.00097 -0.000116  -0.00179  -0.00042  5.01e-06  -0.00394  0.000106 -0.000436  -0.00777
   0.0011 -6.16e-05  -0.00187 -0.000556 -0.000647 -0.000106 -5.06e-17 -5.06e-17 -7.95e-06 -4.42e-05 -6.69e-17 -0.000139 -0.000228         1 -0.000335 -7.86e-06 -9.95e-06 -0.000129 -0.000273 -1.33e-05 -5.27e-06 -1.88e-05 -1.75e-05 -1.66e-05 -0.000476 -1.09e-05 -2.87e-05 -8.91e-06 -1.95e-05  -7.1e-05 -1.25e-05 -9.98e-06  -1.6e-05 -8.18e-06 -0.000318  -2.4e-05 -2.04e-07 -3.46e-06 -3.05e-06 -0.000109 -4.67e-07 -2.02e-05 -0.000145 -0.000406  6.59e-06  -0.00153 -1.52e-06 -5.91e-05 -0.000236 -0.000255 -8.08e-05 -0.000184 -0.000209 -0.000208 -7.75e-05 -7.95e-05 -0.000206 -0.000108 -0.000169 -8.17e-05 -0.000343 -0.000163 -0.000106 -6.67e-05 -9.67e-05 -5.53e-05  -0.00305  -0.00125 -0.000535  1.46e-05 -3.76e-06 -3.25e-06 -4.07e-08 -4.54e-09 -1.96e-09 -3.21e-05 -6.48e-05 -1.59e-06 -5.47e-07  -0.00016 -1.81e-05 -1.13e-05 -2.83e-06  -1.1e-05 -3.53e-05 -2.96e-05 -0.000455 -2.48e-05 -0.000248 -8.09e-05 -0.000658 -0.000422 -3.45e-05  -0.00134 -0.000584  -4.9e-05 -7.63e-05 -0.000264 -0.000396 -9.04e-05 -9.98e-06  -0.00017 -4.02e-05 -2.12e-07 -0.000372 -0.000175 -1.53e-05 -0.000856
  -0.0753  -0.00132   -0.0315  -0.00885    -0.013  -0.00178 -1.67e-15 -1.67e-15 -0.000303  -0.00145 -1.89e-15  -0.00293  -0.00338 -0.000335         1 -0.000302  -0.00038  -0.00198  -0.00419  4.49e-05 -4.15e-05 -5.84e-05  0.000193 -0.000316  -0.00654  6.72e-05 -0.000174 -0.000143  -0.00029  -0.00106 -0.000195  4.48e-05 -0.000183 -0.000115  -0.00411 -0.000299 -1.67e-06 -6.77e-05 -2.09e-06  -0.00171 -2.12e-06 -0.000374  -0.00204  -0.00553 -0.000336   -0.0215 -3.92e-05  -0.00255  -0.00391  -0.00219  -0.00152  -0.00235   -0.0041  -0.00424  -0.00358 -0.000853  -0.00363 -0.000425  -0.00157  -0.00193  -0.00535 -0.000723  -0.00222  -0.00147  -0.00181 -0.000832    -0.049   -0.0204  -0.00869  0.000372 -3.44e-05 -4.36e-05 -3.45e-07  8.81e-08 -2.26e-08 -0.000373  -0.00099  5.71e-05 -7.65e-06   -0.0025 -0.000283 -0.000174 -4.43e-05 -0.000237 -0.000625 -0.000656  -0.00433 -0.000342  -0.00512  -0.00871  -0.00408  -0.00854  -0.00225   -0.0204  -0.00573  -0.00069  -0.00476   -0.0043  -0.00697  -0.00163  -0.00026   -0.0026 -0.000546 -5.39e-06  -0.00589  -0.00501 -0.000112   -0.0139
  -0.0151  0.000103   0.00387 -0.000616   0.00129  0.000553  2.03e-16  2.03e-16 -1.58e-05  0.000135  6.62e-17   -0.0016   0.00025 -7.86e-06 -0.000302         1  -0.00055  -5.1e-05 -0.000114  3.24e-05  3.91e-05  0.000162   0.00016  2.44e-05  -0.00132 -0.000241 -0.000394  0.000108  4.19e-05 -0.000124  3.87e-05  -9.1e-05  0.000204  0.000136  -0.00197 -0.000355  8.91e-07  2.08e-05  3.66e-05 -0.000454  4.09e-07  3.73e-05   -0.0011  -0.00256  0.000317  -0.00501 -7.72e-06  -0.00011 -0.000157  -0.00126  0.000118  5.37e-05  0.000459 -0.000227 -0.000883 -4.96e-05   0.00023  0.000676  0.000209  6.32e-05   -0.0011   0.00319  -0.00128   -0.0011  -0.00127  8.14e-05   -0.0116  -0.00173  -0.00142 -7.49e-05  2.65e-05  3.99e-06 -1.38e-07  4.25e-08 -3.48e-09  0.000498 -0.000154 -5.71e-06 -3.38e-05 -0.000249 -7.83e-05 -1.24e-05 -8.67e-06  2.55e-05 -6.29e-06  0.000152  -0.00118 -0.000288  0.000166  -0.00655  0.000174   0.00131   0.00164   0.00207  0.000683  0.000241   0.00112  0.000211    0.0004  0.000206  6.93e-05  0.000184  5.92e-05 -5.48e-06  0.000279  -0.00103  0.000375  -0.00193
  -0.0192   0.00013   0.00491 -0.000771   0.00164  0.000702  2.58e-16  2.58e-16    -2e-05  0.000171  8.47e-17  -0.00203  0.000317 -9.95e-06  -0.00038  -0.00055         1 -6.46e-05 -0.000144  4.05e-05  4.94e-05  0.000205  0.000201  3.07e-05  -0.00168 -0.000306   -0.0005  0.000137   5.3e-05 -0.000158  4.89e-05 -0.000115  0.000258  0.000173   -0.0025  -0.00045  1.13e-06  2.63e-05  4.65e-05 -0.000575  5.07e-07  4.74e-05  -0.00139  -0.00325  0.000403  -0.00636 -9.82e-06 -0.000135 -0.000195  -0.00159  0.000149   6.3e-05   0.00058 -0.000285  -0.00112 -6.55e-05  0.000294  0.000854  0.000262  8.21e-05  -0.00139   0.00404  -0.00162  -0.00139  -0.00161  0.000103   -0.0147  -0.00219   -0.0018 -9.45e-05  3.36e-05  5.03e-06 -1.75e-07  5.37e-08 -4.41e-09  0.000632 -0.000195  -7.2e-06 -4.29e-05 -0.000315 -9.92e-05 -1.56e-05  -1.1e-05  3.26e-05 -7.82e-06  0.000193   -0.0015 -0.000364  0.000212  -0.00828  0.000215   0.00168   0.00208   0.00262  0.000863  0.000307   0.00143  0.000269  0.000511  0.000262  8.83e-05  0.000234  7.56e-05 -6.94e-06  0.000356  -0.00129  0.000475  -0.00244
  0.00523 -0.000362   -0.0111  -0.00334  -0.00382 -0.000626 -2.96e-16 -2.96e-16 -4.55e-05 -0.000254 -3.92e-16 -0.000835  -0.00135 -0.000129  -0.00198  -5.1e-05 -6.46e-05         1  -0.00162 -7.86e-05 -3.07e-05 -0.000114 -0.000101 -9.76e-05  -0.00284 -6.55e-05 -0.000174 -5.13e-05 -0.000115 -0.000418 -7.32e-05 -6.13e-05 -9.26e-05 -4.75e-05  -0.00191  -0.00015 -1.24e-06 -1.99e-05 -1.83e-05  -0.00065  -2.8e-06  -0.00012 -0.000873  -0.00243  3.72e-05   -0.0091 -9.77e-06 -0.000359  -0.00143  -0.00154 -0.000489  -0.00108  -0.00121  -0.00123 -0.000469 -0.000465  -0.00122  -0.00063 -0.000996  -0.00049  -0.00204 -0.000925 -0.000631 -0.000402 -0.000581  -0.00033   -0.0182  -0.00743  -0.00318  8.02e-05 -2.21e-05 -1.91e-05 -2.48e-07 -2.79e-08 -1.17e-08 -0.000193 -0.000386  -1.1e-05 -3.59e-06 -0.000954 -0.000108 -6.71e-05 -1.69e-05 -6.62e-05  -0.00021 -0.000177   -0.0028 -0.000149  -0.00145 -0.000555  -0.00391  -0.00256 -0.000193  -0.00776  -0.00346 -0.000294 -0.000468  -0.00157  -0.00236 -0.000541 -5.92e-05  -0.00101 -0.000241  -1.5e-06  -0.00221   -0.0011 -8.69e-05  -0.00509
   0.0114 -0.000747   -0.0233  -0.00704    -0.008  -0.00131 -6.11e-16 -6.11e-16 -9.51e-05 -0.000528 -8.24e-16   -0.0018  -0.00285 -0.000273  -0.00419 -0.000114 -0.000144  -0.00162         1 -0.000166 -6.35e-05 -0.000231 -0.000208 -0.000205  -0.00603 -0.000153  -0.00038 -0.000106 -0.000241 -0.000888 -0.000152  -0.00013 -0.000193 -9.68e-05  -0.00407 -0.000317 -2.59e-06 -4.09e-05  -3.8e-05  -0.00139 -5.92e-06 -0.000253  -0.00187  -0.00519  0.000103   -0.0194 -1.97e-05 -0.000751  -0.00298  -0.00327  -0.00101  -0.00227  -0.00255   -0.0026 -0.000961 -0.000983  -0.00258  -0.00134  -0.00212  -0.00101  -0.00434  -0.00193  -0.00137 -0.000878  -0.00125 -0.000691   -0.0386   -0.0157  -0.00674  0.000178 -4.65e-05 -4.05e-05 -5.27e-07 -5.91e-08 -2.49e-08  -0.00039 -0.000817 -2.31e-05 -8.26e-06  -0.00202  -0.00023 -0.000143 -3.59e-05  -0.00014 -0.000442 -0.000372  -0.00587 -0.000335  -0.00309   -0.0013  -0.00824  -0.00535 -0.000415   -0.0167  -0.00726 -0.000612 -0.000986  -0.00331  -0.00494  -0.00113 -0.000125  -0.00213 -0.000505 -3.01e-06  -0.00467  -0.00233 -0.000179   -0.0108
   0.0197 -7.74e-05 -0.000607  4.07e-05  0.000137 -4.07e-05  9.32e-17  9.32e-17 -5.29e-05 -8.43e-05  1.36e-16  9.84e-05  -0.00016 -1.33e-05  4.49e-05  3.24e-05  4.05e-05 -7.86e-05 -0.000166         1 -2.16e-05 -0.000174 -0.000232 -4.07e-05 -0.000349  -8.2e-05  -3.8e-05 -4.49e-05 -8.78e-05 -7.79e-05 -2.23e-05 -5.69e-05  -3.8e-05 -3.25e-05  -0.00034 -0.000113 -1.87e-08 -1.42e-05 -1.41e-05 -9.22e-05 -1.02e-06 -4.32e-05 -2.41e-05 -0.000424  2.87e-06   -0.0011  2.95e-06  0.000401 -0.000168 -0.000539 -0.000108 -0.000496 -0.000228  6.22e-05  0.000235 -0.000273  2.18e-05 -0.000323 -0.000392  7.08e-05 -0.000181 -0.000598  5.75e-05  0.000105 -1.63e-05 -6.13e-05  -0.00135 -0.000512 -0.000228 -3.48e-05 -9.29e-06 -2.93e-06 -1.13e-07 -3.28e-08 -2.43e-09 -0.000105 -2.71e-05 -1.49e-05 -1.39e-06 -7.29e-05  -3.4e-06 -8.12e-06 -3.27e-06 -3.66e-05 -3.49e-06  -3.3e-05  -0.00142 -0.000126  0.000282    0.0021  -0.00225   0.00119 -0.000451  -0.00239   -0.0022 -0.000108 -0.000453   -0.0003 -0.000465 -0.000152 -4.39e-05 -0.000262 -8.18e-05 -1.47e-06 -0.000342 -0.000946 -4.02e-05 -0.000383
  0.00234 -9.45e-05  -0.00097 -2.52e-05 -0.000328 -8.88e-05 -3.26e-17 -3.26e-17 -1.81e-05 -8.21e-05  1.44e-17  0.000145 -7.87e-05 -5.27e-06 -4.15e-05  3.91e-05  4.94e-05 -3.07e-05 -6.35e-05 -2.16e-05         1 -5.36e-05 -7.44e-05 -1.01e-05 -2.63e-05  2.34e-05  2.92e-05 -2.71e-05 -2.71e-05 -2.64e-05 -1.82e-05 -3.29e-06 -2.35e-05 -2.02e-05  6.94e-05  8.09e-06 -1.35e-07  -9.7e-06 -4.16e-06  1.15e-05  -3.5e-07 -1.64e-05   6.2e-05  5.31e-05 -7.95e-05   7.9e-05 -4.76e-07     6e-05 -1.37e-05  -4.3e-05 -7.98e-05 -0.000186 -0.000157  1.39e-05 -3.24e-05 -9.26e-05 -1.87e-06 -9.42e-05 -5.74e-05 -4.95e-05  1.73e-05 -0.000361  0.000127  0.000127  9.79e-05  -3.6e-05  0.000367 -0.000186  5.34e-06 -2.91e-05 -3.03e-06 -6.58e-07 -7.82e-09    -6e-09  3.04e-11 -8.29e-05 -4.84e-06  1.68e-06  3.95e-06 -1.71e-05  5.19e-06 -3.98e-07  1.13e-07 -5.18e-06 -1.38e-05 -1.79e-05 -7.58e-05  4.85e-05 -3.31e-05  0.000839 -0.000695 -5.45e-05 -0.000147 -0.000517 -0.000915 -6.83e-05 -6.04e-05 -0.000126 -0.000214  -7.5e-05 -1.48e-05 -9.32e-05 -2.23e-05 -8.58e-08 -0.000156 -3.08e-05 -4.16e-05 -4.34e-05
   0.0166 -0.000315  -0.00334  -0.00134 -0.000902 -0.000409 -5.28e-17 -5.28e-17  -0.00017 -0.000416  2.61e-16  0.000857 -0.000232 -1.88e-05 -5.84e-05  0.000162  0.000205 -0.000114 -0.000231 -0.000174 -5.36e-05         1 -0.000482  -0.00012 -0.000673 -2.13e-05  0.000124 -0.000174 -0.000262  3.77e-05 -6.37e-05 -8.42e-05  -0.00013 -0.000156 -0.000172 -0.000336 -1.85e-06 -3.98e-05 -5.41e-05  4.65e-05 -2.88e-06 -0.000215  0.000181  0.000121 -0.000582 -0.000175 -3.09e-05  7.42e-05  -0.00112 -0.000793  -0.00104 -0.000774 -0.000152  3.57e-05  -0.00015 -0.000333   -0.0002 -0.000328 -0.000246 -0.000307  0.000103   -0.0017  0.000776  0.000695  0.000537 -0.000328    0.0022 -0.000424  0.000325 -0.000325 -2.81e-05  1.13e-06 -4.71e-07 -1.15e-07 -3.94e-09 -0.000796  9.71e-06 -7.43e-05  9.52e-06 -0.000198  5.27e-05 -3.12e-05 -6.63e-06 -0.000236 -8.38e-05  -0.00046  -0.00716 -0.000241  0.000681   0.00384  -0.00397  -0.00153  -0.00357  -0.00152  -0.00618 -0.000722  -0.00564  -0.00147  -0.00208 -0.000941 -0.000276  -0.00118 -0.000338 -1.35e-05  -0.00159  -0.00677 -0.000213 -8.69e-05
   0.0402 -0.000467  -0.00224   0.00097 -0.000189 -0.000209   6.5e-17   6.5e-17 -0.000185 -0.000482  3.03e-16  0.000653 -0.000273 -1.75e-05  0.000193   0.00016  0.000201 -0.000101 -0.000208 -0.000232 -7.44e-05 -0.000482         1 -0.000117 -0.000325 -8.52e-05  5.48e-05 -0.000168 -0.000244 -0.000198 -8.84e-05 -8.77e-05 -0.000123 -0.000119 -0.000178 -0.000183 -1.66e-07 -5.92e-05 -2.27e-05 -5.61e-05 -2.45e-06 -0.000128  0.000233  -0.00039 -0.000275 -0.000414 -2.01e-06     0.001  6.92e-05  -0.00066 -0.000481   -0.0015 -0.000903  0.000341  0.000176 -0.000811  0.000355 -0.000666 -0.000651  6.81e-05  3.57e-05  -0.00186  0.000465  0.000563  0.000306 -0.000157   0.00124 -0.000291  6.78e-05 -0.000147 -2.26e-05 -4.04e-06 -2.13e-07 -6.52e-08 -1.92e-09 -0.000359  6.82e-07 -1.19e-05  7.05e-06 -7.18e-06  2.62e-05 -4.41e-06 -3.72e-06  -9.2e-05 -2.05e-05  -0.00012  -0.00307 -2.95e-05  0.000651    0.0062  -0.00504   0.00302  -0.00148  -0.00523  -0.00626 -0.000332   -0.0017 -0.000658  -0.00106  -0.00046  -0.00013 -0.000602 -0.000148 -4.56e-06 -0.000692  -0.00217 -0.000164 -4.73e-05
   0.0132  -0.00011  -0.00172  1.77e-05 -0.000573 -0.000108 -1.02e-16 -1.02e-16 -6.17e-05 -0.000157 -1.16e-16 -2.38e-05 -0.000204 -1.66e-05 -0.000316  2.44e-05  3.07e-05 -9.76e-05 -0.000205 -4.07e-05 -1.01e-05  -0.00012 -0.000117         1 -0.000337  -3.1e-05   3.1e-05  -3.4e-05 -7.01e-05 -6.75e-05 -1.27e-05  2.68e-06 -4.88e-05 -4.09e-05 -0.000182  -6.5e-05 -1.05e-07 -9.94e-06 -2.04e-06 -8.57e-05 -3.21e-07 -5.41e-05  7.52e-06 -0.000188 -2.64e-05 -0.000964 -7.07e-06  6.73e-05 -0.000244  6.54e-05 -0.000235 -0.000422 -0.000449 -0.000219 -4.31e-05 -0.000164 -0.000175 -0.000129 -0.000247 -2.51e-05 -0.000201 -0.000475 -5.95e-05  1.61e-06  2.85e-06  -5.8e-05  -0.00176 -0.000821 -0.000349  7.03e-05 -1.06e-05 -4.02e-06 -8.45e-08 -1.19e-08 -1.67e-09 -5.91e-05  -3.1e-05 -3.81e-06 -2.58e-06 -9.52e-05  -6.3e-06 -1.11e-05 -3.81e-06 -6.03e-05 -2.42e-05  -0.00011  -0.00185 -7.82e-05 -9.77e-06   0.00108 -0.000197  0.000586 -0.000854  -0.00241 -0.000562 -5.54e-05  -0.00162 -0.000345 -0.000544  -0.00021 -5.59e-05 -0.000271 -5.25e-05 -2.26e-06 -0.000394  -0.00134 -3.97e-05 -0.000567
     0.31 -0.000801   -0.0282   -0.0158  -0.00796 -0.000736  2.42e-16  2.42e-16 -0.000154 -0.000128 -3.34e-16  -0.00658  -0.00398 -0.000476  -0.00654  -0.00132  -0.00168  -0.00284  -0.00603 -0.000349 -2.63e-05 -0.000673 -0.000325 -0.000337         1  -0.00128  -0.00198  2.34e-05 -0.000429  -0.00174 -0.000121   -0.0006  0.000171  9.93e-05   -0.0141  -0.00201 -8.11e-06 -4.64e-07  4.16e-06  -0.00357 -1.83e-05  -0.00057  -0.00733   -0.0174  0.000702   -0.0505 -0.000155  -0.00134  -0.00561   -0.0104  -0.00305  -0.00381  -0.00128  -0.00407   -0.0031  -0.00202  -0.00319 -0.000684  -0.00265  -0.00136   -0.0104   0.00476  -0.00533  -0.00422  -0.00504  -0.00127   -0.0955   -0.0304   -0.0145 -0.000501  -4.7e-05 -5.21e-05 -2.47e-06 -2.71e-07 -6.37e-08 -8.17e-05  -0.00179 -0.000243 -0.000116  -0.00436 -0.000554  -0.00034 -9.44e-05 -0.000532 -0.000876 -0.000992   -0.0301  -0.00158  -0.00365   -0.0194   -0.0158   -0.0108 -9.23e-05   -0.0201    -0.016  -0.00126  -0.00751  -0.00628  -0.00721  -0.00229 -0.000301   -0.0044 -0.000936 -5.03e-05  -0.00866   -0.0171  0.000575   -0.0231
  0.00248  0.000326   0.00384  0.000203    0.0022  0.000491  4.82e-16  4.82e-16 -4.63e-05  0.000145  2.84e-16 -0.000967  4.32e-05 -1.09e-05  6.72e-05 -0.000241 -0.000306 -6.55e-05 -0.000153  -8.2e-05  2.34e-05 -2.13e-05 -8.52e-05  -3.1e-05  -0.00128         1 -0.000384  4.04e-05 -4.25e-05  -0.00018  5.62e-05 -9.96e-05  8.16e-05  6.78e-05  -0.00174 -0.000321  4.93e-07  1.66e-05  1.13e-05 -0.000464 -1.35e-06 -4.49e-05 -0.000916  -0.00231   0.00051  -0.00504  2.94e-06  0.000504  0.000383  -0.00122  0.000196  -2.8e-05  0.000355  0.000148  0.000495 -0.000277  0.000322 -0.000178 -0.000399  0.000527 -0.000917   0.00118  -0.00107 -0.000813  -0.00089  8.88e-05  -0.00893    -0.001  -0.00109  4.93e-05 -1.07e-06 -3.32e-06 -3.22e-07 -4.35e-08 -7.54e-09  0.000338 -7.48e-05  -3.5e-05 -2.96e-05 -0.000162 -6.36e-05  -3.3e-05 -1.13e-05 -9.13e-05  3.82e-05 -5.89e-05  -0.00314 -0.000648  0.000237  -0.00266  -0.00121   0.00255  -0.00061  -0.00621 -0.000882  0.000106  -0.00157  1.84e-05  0.000592   0.00011 -4.86e-05 -8.71e-05 -5.69e-06 -4.99e-06 -2.08e-05  -0.00289  0.000192   -0.0014
  -0.0182  0.000231   0.00307 -0.000985   0.00168  0.000523  4.54e-16  4.54e-16  2.41e-05  0.000294  2.59e-16  -0.00155 -1.39e-05 -2.87e-05 -0.000174 -0.000394   -0.0005 -0.000174  -0.00038  -3.8e-05  2.92e-05  0.000124  5.48e-05   3.1e-05  -0.00198 -0.000384         1  9.99e-05  2.89e-05 -0.000225  4.04e-05 -0.000142  0.000171  0.000133  -0.00248 -0.000367  3.66e-07   2.4e-05  2.26e-05 -0.000591 -1.48e-06   2.3e-05  -0.00136  -0.00324  0.000514  -0.00724    -4e-07  0.000253 -2.29e-05  -0.00195   0.00023 -5.26e-05  0.000556  -8.1e-05 -0.000143 -0.000219  0.000206  0.000147 -0.000233  0.000266  -0.00145   0.00248  -0.00134  -0.00112  -0.00131  5.42e-05   -0.0143   -0.0026  -0.00186 -7.02e-05  1.57e-05 -1.57e-06 -2.67e-07 -9.34e-09 -8.05e-09  0.000465 -0.000205 -2.78e-05 -3.44e-05 -0.000383 -9.97e-05 -2.97e-05 -1.18e-05  1.36e-05 -1.06e-05  0.000136  -0.00195 -0.000433  4.63e-05  -0.00527  -0.00191   0.00133   0.00163  -0.00153 -0.000747  0.000176   0.00154  6.43e-05  0.000491  0.000234  6.67e-05  3.83e-05  1.56e-05 -4.37e-06 -3.27e-05 -0.000876   0.00032  -0.00258
   0.0053 -0.000203  -0.00227 -0.000176 -0.000819 -0.000237 -9.67e-17 -9.67e-17 -6.66e-05 -0.000261  3.88e-17  0.000446 -0.000151 -8.91e-06 -0.000143  0.000108  0.000137 -5.13e-05 -0.000106 -4.49e-05 -2.71e-05 -0.000174 -0.000168  -3.4e-05  2.34e-05  4.04e-05  9.99e-05         1 -8.32e-05 -3.14e-05 -3.83e-05  3.83e-06 -6.59e-05 -6.22e-05  0.000293  1.56e-06 -4.86e-07 -2.41e-05 -1.45e-05  5.32e-05 -8.16e-07 -7.15e-05  0.000189  0.000307 -0.000257  0.000621  -4.7e-06  1.01e-05 -5.09e-05 -4.14e-07 -0.000277 -0.000302 -0.000305  4.31e-05 -0.000109 -0.000174 -2.04e-05 -0.000197 -4.72e-05 -0.000136  0.000134 -0.000974  0.000354  0.000352  0.000312 -0.000101   0.00184 -0.000192  0.000174 -9.05e-05 -9.44e-06 -4.39e-07 -6.79e-08 -2.39e-08  7.54e-11 -0.000284  1.58e-05 -3.29e-06  1.09e-05 -2.67e-05  2.24e-05 -6.52e-06 -1.89e-07 -5.85e-05 -3.66e-05  -0.00014  -0.00082  2.98e-05 -0.000116   0.00166  -0.00137 -0.000654  -0.00119  -0.00191  -0.00243 -0.000248  -0.00145 -0.000433 -0.000626 -0.000276 -8.82e-05 -0.000331 -8.08e-05  -1.9e-06 -0.000512  -0.00132 -0.000122   7.8e-05
-0.000903 -0.000211  -0.00209 -0.000396 -0.000662 -0.000176  -6.5e-17  -6.5e-17 -0.000109 -0.000293  4.93e-17  0.000163 -0.000213 -1.95e-05  -0.00029  4.19e-05   5.3e-05 -0.000115 -0.000241 -8.78e-05 -2.71e-05 -0.000262 -0.000244 -7.01e-05 -0.000429 -4.25e-05  2.89e-05 -8.32e-05         1 -7.37e-05 -3.77e-05 -3.74e-05 -5.64e-05  -6.3e-05 -0.000255 -0.000153 -3.25e-07 -2.49e-05 -1.74e-05 -8.65e-05 -9.99e-07 -9.92e-05  9.66e-06 -0.000308 -0.000201 -0.000944 -7.44e-06  0.000111   -0.0004 -0.000422 -0.000383 -0.000553 -0.000391 -9.81e-05  -0.00019  -0.00028 -0.000101   -0.0002 -0.000247 -0.000119 -0.000192 -0.000702  0.000129  0.000182  6.26e-05 -0.000133  -0.00135 -0.000908 -0.000265 -8.79e-05 -1.16e-05 -1.82e-06  -1.7e-07 -3.32e-08 -2.16e-09 -0.000263 -2.98e-05 -1.68e-05  1.97e-06 -0.000137   5.9e-06 -1.63e-05 -4.64e-06 -9.53e-05 -4.27e-05 -0.000171  -0.00244 -0.000142  0.000109   0.00153  -0.00209  0.000174  -0.00145  -0.00275  -0.00303 -0.000264  -0.00217 -0.000658  -0.00101 -0.000387 -0.000117 -0.000511 -0.000136  -4.6e-06 -0.000742  -0.00263 -7.38e-05 -0.000584
   0.0314 -0.000336  -0.00475  -0.00029  -0.00141 -0.000102 -4.69e-17 -4.69e-17 -8.11e-05 -0.000294 -1.51e-16 -0.000906 -0.000697  -7.1e-05  -0.00106 -0.000124 -0.000158 -0.000418 -0.000888 -7.79e-05 -2.64e-05  3.77e-05 -0.000198 -6.75e-05  -0.00174  -0.00018 -0.000225 -3.14e-05 -7.37e-05         1 -5.11e-05 -4.11e-05 -1.18e-05  1.23e-05  -0.00153 -8.18e-05  3.67e-07 -2.77e-05  2.35e-05 -0.000547 -1.65e-06 -4.58e-05 -0.000769  -0.00238  0.000219  -0.00638  3.97e-06  0.000364   0.00023 -0.000939  -2.2e-05  -0.00112  -0.00114 -0.000455 -0.000355  -0.00068 -0.000123  -0.00041 -0.000662  1.01e-05   -0.0014  6.22e-06  -0.00089 -0.000557 -0.000723 -6.25e-05    -0.013  -0.00433  -0.00219  0.000116 -5.67e-06 -1.25e-05 -7.99e-08  1.59e-08 -6.09e-09  0.000243 -0.000237  3.28e-05 -1.06e-05 -0.000447 -8.91e-05  -2.9e-05 -1.04e-05  1.11e-05 -8.96e-05  4.81e-05  -0.00013 -4.95e-05 -0.000913 -0.000629  -0.00268    0.0017  0.000775    -0.008  -0.00261  6.44e-05   0.00108 -0.000402 -0.000505 -3.87e-05  2.25e-05 -0.000249  6.77e-06  1.24e-06 -0.000702  0.000868  4.96e-05  -0.00318
 -0.00119 -0.000182  -0.00191 -0.000242 -0.000761 -0.000155 -9.49e-17 -9.49e-17 -2.96e-05  -0.00015 -1.76e-17  0.000127 -0.000149 -1.25e-05 -0.000195  3.87e-05  4.89e-05 -7.32e-05 -0.000152 -2.23e-05 -1.82e-05 -6.37e-05 -8.84e-05 -1.27e-05 -0.000121  5.62e-05  4.04e-05 -3.83e-05 -3.77e-05 -5.11e-05         1 -4.38e-06 -2.69e-05 -2.54e-05  3.71e-05  7.49e-06  -1.7e-07 -1.57e-05 -4.59e-06 -5.59e-06 -3.92e-07 -2.26e-05  5.22e-05 -1.71e-05 -0.000144 -0.000155  -1.3e-06  1.11e-06 -0.000113 -0.000116 -0.000137 -0.000299 -0.000283 -6.43e-05 -0.000222 -0.000134 -5.72e-05 -7.96e-05  -5.5e-05 -0.000144 -6.34e-05 -0.000387  0.000146  0.000151  8.86e-05 -6.64e-05 -0.000346 -0.000632 -0.000142 -5.39e-05 -2.34e-06 -8.85e-07  3.77e-09  2.59e-10  1.27e-10  -0.00012 -2.76e-05  6.55e-06   5.9e-06 -6.77e-05  2.68e-06 -1.16e-06 -1.34e-07  5.97e-07 -3.33e-05 -1.48e-05  0.000126  9.78e-05 -0.000141  0.000789  -0.00106 -0.000324 -5.23e-05 -0.000413   -0.0014 -0.000105  0.000136 -0.000233  -0.00044 -0.000124  -1.6e-05 -0.000151 -3.65e-05 -7.65e-08 -0.000294  8.21e-05 -4.94e-05 -0.000305
 -0.00613  1.94e-05  0.000776 -0.000588  0.000507  0.000104  1.59e-16  1.59e-16 -1.47e-05  5.45e-05  1.81e-16  -0.00029 -1.86e-05 -9.98e-06  4.48e-05  -9.1e-05 -0.000115 -6.13e-05  -0.00013 -5.69e-05 -3.29e-06 -8.42e-05 -8.77e-05  2.68e-06   -0.0006 -9.96e-05 -0.000142  3.83e-06 -3.74e-05 -4.11e-05 -4.38e-06         1   3.8e-05  1.94e-05 -0.000759 -0.000184  1.06e-09  1.41e-08 -8.69e-06 -0.000152 -7.69e-07 -1.23e-05 -0.000317 -0.000906  5.28e-05  -0.00197  7.03e-07  0.000169 -0.000336 -0.000927 -3.61e-05 -0.000167  0.000209  2.12e-05 -4.24e-05 -0.000116  3.17e-05 -3.03e-05 -0.000167  1.28e-05 -0.000385  0.000491 -0.000188  -0.00016 -0.000316 -4.29e-05  -0.00363 -0.000735 -0.000444 -0.000111  2.48e-06  5.25e-07 -1.27e-07 -1.99e-08 -2.79e-09 -9.87e-06 -6.09e-05 -2.23e-05    -8e-06 -0.000138 -1.89e-05 -9.28e-06 -3.91e-06 -1.02e-05 -7.05e-06  2.76e-05   -0.0012 -0.000165  0.000297 -0.000485  -0.00196  0.000408  0.000274  0.000247   -0.0016 -6.79e-05   0.00036   -0.0002 -0.000293 -5.74e-05 -8.29e-06 -0.000159 -6.99e-05 -2.59e-06 -0.000226 -0.000925  6.85e-05 -0.000701
   0.0058 -0.000108  -0.00351  -3.8e-05  -0.00116 -0.000353 -1.54e-16 -1.54e-16 -1.91e-05 -0.000136 -1.18e-16  0.000632 -0.000334  -1.6e-05 -0.000183  0.000204  0.000258 -9.26e-05 -0.000193  -3.8e-05 -2.35e-05  -0.00013 -0.000123 -4.88e-05  0.000171  8.16e-05  0.000171 -6.59e-05 -5.64e-05 -1.18e-05 -2.69e-05   3.8e-05         1 -8.28e-05  0.000625  0.000123 -5.92e-07  -1.4e-05 -1.93e-05  0.000103 -6.22e-07 -5.13e-05  0.000408  0.000843 -0.000134  0.000929 -3.23e-07  4.24e-05 -0.000153  0.000461 -0.000188 -0.000278 -0.000498 -0.000108  0.000384 -8.21e-05 -0.000304 -0.000437 -0.000304 -6.99e-05  0.000208  -0.00176  0.000482  0.000448  0.000522 -8.95e-05   0.00273 -0.000278  0.000185   8.1e-05 -1.92e-05 -5.62e-06 -1.71e-09 -2.89e-08  -4.4e-10 -0.000263     2e-05 -1.13e-06  1.36e-05 -2.05e-05  2.15e-05 -6.51e-06  5.83e-07 -4.57e-05 -2.63e-05 -0.000137 -0.000566  7.05e-05 -0.000236   0.00334 -0.000456 -0.000623  -0.00116  -0.00289 -0.000768 -0.000156   -0.0013 -0.000386 -0.000603 -0.000227 -6.12e-05 -0.000293 -7.04e-05  1.45e-06 -0.000504 -0.000226 -0.000196  0.000139
  0.00765 -0.000129   -0.0024 -0.000171 -0.000856  -0.00026 -1.27e-16 -1.27e-16 -3.68e-05 -0.000159 -4.71e-17  0.000497 -0.000179 -8.18e-06 -0.000115  0.000136  0.000173 -4.75e-05 -9.68e-05 -3.25e-05 -2.02e-05 -0.000156 -0.000119 -4.09e-05  9.93e-05  6.78e-05  0.000133 -6.22e-05  -6.3e-05  1.23e-05 -2.54e-05  1.94e-05 -8.28e-05         1  0.000426  3.55e-05 -5.92e-07 -1.45e-05 -1.61e-05  9.35e-05 -5.81e-07 -5.71e-05  0.000286  0.000604 -0.000199  0.000883 -6.13e-06 -2.97e-05 -0.000212  0.000256 -0.000272  -0.00023 -0.000295 -5.11e-05   8.5e-05 -6.83e-05 -0.000175 -0.000217 -0.000112 -0.000117  0.000201  -0.00114  0.000408  0.000368  0.000397 -9.34e-05   0.00244 -5.74e-05  0.000243 -1.21e-05  -1.3e-05 -1.97e-06 -4.91e-08 -2.61e-08 -3.84e-11 -0.000265  2.22e-05 -7.45e-06  1.01e-05 -1.62e-05  2.39e-05 -5.42e-06  1.75e-07 -5.58e-05 -2.83e-05 -0.000143  -0.00114  4.52e-05 -5.66e-05   0.00218 -0.000527 -0.000736  -0.00115  -0.00129  -0.00118 -0.000191  -0.00155 -0.000394 -0.000606 -0.000261 -7.24e-05 -0.000304 -7.67e-05 -1.23e-06 -0.000463  -0.00104 -0.000138  0.000198
    0.183 -3.24e-06  -0.00374   -0.0102   0.00087   0.00132   1.2e-15   1.2e-15 -0.000171  0.000477  4.04e-16  -0.00837  -0.00186 -0.000318  -0.00411  -0.00197   -0.0025  -0.00191  -0.00407  -0.00034  6.94e-05 -0.000172 -0.000178 -0.000182   -0.0141  -0.00174  -0.00248  0.000293 -0.000255  -0.00153  3.71e-05 -0.000759  0.000625  0.000426         1   -0.0024  -1.6e-06  5.33e-05   7.8e-05  -0.00362 -1.15e-05 -0.000249  -0.00753   -0.0185   0.00173   -0.0466  -8.8e-05  0.000168  -0.00377    -0.011   -0.0012  -0.00286  0.000408  -0.00269  -0.00298  -0.00183  -0.00105   0.00061  -0.00209 -7.49e-05  -0.00958    0.0108  -0.00688  -0.00558  -0.00679 -0.000509   -0.0922    -0.023    -0.013  -0.00044  2.91e-05 -2.78e-05 -2.02e-06 -1.15e-07 -5.37e-08   0.00141  -0.00152 -0.000196 -0.000176  -0.00331 -0.000572 -0.000246 -8.65e-05 -0.000264  -0.00046 -6.47e-05   -0.0229  -0.00217 -0.000775    -0.025   -0.0133   0.00172   0.00455   -0.0119   -0.0103 -2.85e-05 -0.000526  -0.00319  -0.00321  -0.00072  6.95e-06  -0.00226 -0.000487 -4.37e-05  -0.00441   -0.0133   0.00138   -0.0195
   0.0577    -8e-06   0.00229  -0.00184   0.00108  0.000336  2.55e-16  2.55e-16 -0.000131 -6.12e-05  3.03e-16  -0.00114  7.98e-05  -2.4e-05 -0.000299 -0.000355  -0.00045  -0.00015 -0.000317 -0.000113  8.09e-06 -0.000336 -0.000183  -6.5e-05  -0.00201 -0.000321 -0.000367  1.56e-06 -0.000153 -8.18e-05  7.49e-06 -0.000184  0.000123  3.55e-05   -0.0024         1 -3.53e-07  1.25e-06 -9.23e-06 -0.000486 -1.71e-06 -0.000117  -0.00107  -0.00275  4.12e-06  -0.00597 -2.75e-05  8.63e-07  -0.00122  -0.00215 -0.000588 -0.000442  0.000519 -0.000241 -0.000814 -0.000253  2.95e-06  0.000399 -0.000114 -9.25e-05  -0.00118   0.00215 -0.000838  -0.00071  -0.00103 -0.000155   -0.0116  -0.00221  -0.00137 -0.000299   5.5e-06  4.14e-06 -5.34e-07 -5.27e-08 -8.05e-09 -4.99e-05 -0.000164 -7.51e-05 -3.29e-05 -0.000443 -5.04e-05 -4.09e-05 -1.57e-05 -0.000157 -5.43e-05 -0.000177  -0.00706 -0.000617  0.000853  -0.00394  -0.00305   0.00052 -0.000954  0.000877  -0.00364 -0.000266  -0.00305 -0.000904  -0.00119 -0.000472 -0.000134  -0.00072 -0.000221 -1.59e-05 -0.000926  -0.00646  0.000255  -0.00224
-3.61e-05 -7.02e-07 -3.55e-05 -1.71e-05 -1.13e-05 -3.36e-06 -4.75e-19 -4.75e-19  2.64e-07  1.41e-08  4.56e-19  4.11e-06 -2.41e-06 -2.04e-07 -1.67e-06  8.91e-07  1.13e-06 -1.24e-06 -2.59e-06 -1.87e-08 -1.35e-07 -1.85e-06 -1.66e-07 -1.05e-07 -8.11e-06  4.93e-07  3.66e-07 -4.86e-07 -3.25e-07  3.67e-07  -1.7e-07  1.06e-09 -5.92e-07 -5.92e-07  -1.6e-06 -3.53e-07         1 -2.19e-08 -2.09e-07  4.49e-07 -2.44e-08 -8.62e-07 -1.79e-06  1.33e-07 -2.85e-06 -9.98e-06 -2.91e-07 -4.15e-06 -4.94e-06 -2.56e-06 -5.87e-06  5.95e-07  2.63e-06 -8.23e-07 -3.74e-07  5.91e-07 -3.01e-06 -1.03e-06  1.38e-06 -2.74e-06 -8.93e-07 -7.65e-06  3.78e-06  2.67e-06  3.65e-06  -1.9e-06  5.37e-07 -9.31e-06 -3.08e-07 -1.76e-06 -1.42e-07  -3.4e-09 -2.67e-09  -6.9e-10 -3.12e-11 -4.19e-06 -3.93e-07 -4.43e-07  9.26e-08 -2.29e-06  1.55e-07 -2.54e-07 -2.21e-08 -9.94e-07 -9.22e-07 -2.79e-06 -3.74e-05     6e-07 -2.84e-06  2.48e-07 -6.74e-06 -3.83e-05 -1.32e-05  8.16e-06 -1.77e-05 -3.91e-06 -2.49e-05 -7.42e-06 -7.14e-06 -4.22e-06 -9.74e-07 -5.62e-06  -1.3e-06 -6.68e-08 -9.67e-06 -2.56e-05 -1.35e-06 -4.31e-06
  0.00204  -9.4e-05 -0.000701  3.65e-05 -0.000281 -6.02e-05 -3.97e-17 -3.97e-17 -2.49e-05 -9.97e-05  3.95e-18  8.24e-05 -4.57e-05 -3.46e-06 -6.77e-05  2.08e-05  2.63e-05 -1.99e-05 -4.09e-05 -1.42e-05  -9.7e-06 -3.98e-05 -5.92e-05 -9.94e-06 -4.64e-07  1.66e-05   2.4e-05 -2.41e-05 -2.49e-05 -2.77e-05 -1.57e-05  1.41e-08  -1.4e-05 -1.45e-05  5.33e-05  1.25e-06 -2.19e-08         1 -1.21e-06  2.25e-06 -1.64e-07  -1.6e-05   4.2e-05   1.2e-05 -7.58e-05   9.6e-05 -4.84e-07   3.2e-05  2.52e-05 -1.52e-05 -6.67e-05 -0.000158 -0.000155  6.97e-06 -0.000106 -8.63e-05  2.48e-05 -3.91e-05 -1.39e-05 -4.69e-05  9.15e-06 -0.000205  6.92e-05  8.14e-05  5.21e-05 -2.47e-05  0.000197 -0.000148 -6.84e-06 -2.66e-05 -1.29e-06 -1.34e-07 -1.28e-09 -8.59e-11  2.74e-10  -5.6e-05 -2.46e-06  4.39e-06  2.86e-06 -7.98e-06  3.86e-06  3.18e-08  1.98e-08 -6.09e-06 -1.17e-05 -1.61e-05  3.35e-05  3.52e-05 -4.65e-05  0.000442 -0.000492  4.06e-05 -0.000161  -0.00053 -0.000792 -5.24e-05 -0.000131 -9.43e-05  -0.00017 -6.18e-05 -1.58e-05 -6.77e-05  -1.3e-05 -2.34e-07 -0.000111 -0.000119 -2.48e-05 -4.55e-05
  0.00221  8.92e-06 -0.000511 -0.000307 -0.000147 -7.22e-05 -2.02e-19 -2.02e-19  -1.4e-06 -3.39e-06  2.88e-17  0.000152 -5.23e-05 -3.05e-06 -2.09e-06  3.66e-05  4.65e-05 -1.83e-05  -3.8e-05 -1.41e-05 -4.16e-06 -5.41e-05 -2.27e-05 -2.04e-06  4.16e-06  1.13e-05  2.26e-05 -1.45e-05 -1.74e-05  2.35e-05 -4.59e-06 -8.69e-06 -1.93e-05 -1.61e-05   7.8e-05 -9.23e-06 -2.09e-07 -1.21e-06         1  2.38e-05 -2.24e-07 -1.58e-05  6.91e-05  0.000158 -4.98e-05  0.000151  5.06e-07 -3.09e-05 -0.000184 -0.000101 -5.09e-05  2.62e-05  4.24e-05 -6.92e-06  8.78e-05  2.13e-05 -9.39e-05 -8.73e-05 -5.69e-05 -4.05e-05  3.54e-05 -0.000318  0.000146  0.000117  0.000102 -3.74e-05  0.000555 -4.35e-05  6.61e-05 -2.88e-05 -3.37e-06 -2.05e-07 -2.83e-08 -1.38e-08 -4.98e-10 -0.000109  3.46e-06 -9.42e-06  3.04e-06 -2.61e-05  6.64e-06 -3.71e-06 -1.92e-07 -1.74e-05 -6.48e-06 -4.01e-05 -0.000316 -3.61e-05  2.38e-05  0.000539 -0.000513 -0.000474 -0.000344 -0.000142  -0.00053 -8.49e-05 -0.000341 -0.000162 -0.000251 -8.06e-05 -2.51e-05 -0.000119 -4.66e-05 -3.22e-07 -0.000193 -0.000452 -3.93e-05  2.64e-05
   0.0581 -7.98e-05  -0.00371  -0.00225 -0.000851  0.000185  1.43e-16  1.43e-16 -8.75e-05 -8.23e-05  -1.5e-16  -0.00228  -0.00086 -0.000109  -0.00171 -0.000454 -0.000575  -0.00065  -0.00139 -9.22e-05  1.15e-05  4.65e-05 -5.61e-05 -8.57e-05  -0.00357 -0.000464 -0.000591  5.32e-05 -8.65e-05 -0.000547 -5.59e-06 -0.000152  0.000103  9.35e-05  -0.00362 -0.000486  4.49e-07  2.25e-06  2.38e-05         1 -2.14e-06 -7.54e-05  -0.00181   -0.0048  0.000575   -0.0128 -3.73e-06  9.78e-05  -0.00078  -0.00251 -6.93e-05 -0.000991 -0.000702  -0.00101 -0.000657 -0.000634 -0.000537 -0.000183 -0.000944  2.03e-05  -0.00278   0.00197  -0.00199   -0.0015  -0.00181  -0.00011   -0.0265  -0.00733  -0.00402   0.00011  9.14e-07 -1.52e-05 -3.75e-07  1.78e-09 -1.45e-08  0.000468 -0.000434 -1.31e-05 -4.18e-05  -0.00093 -0.000173 -7.07e-05 -2.42e-05 -5.63e-05 -0.000128  1.25e-06  -0.00361 -0.000621 -0.000887  -0.00559  -0.00348    0.0015  0.000926  -0.00898  -0.00243  9.43e-05  0.000178  -0.00089  -0.00108 -0.000128 -4.78e-07 -0.000579 -0.000108 -5.25e-06  -0.00132  -0.00216  0.000294  -0.00591
-0.000146 -1.52e-06 -4.36e-05 -1.88e-05 -8.26e-06    -3e-06  1.73e-18  1.73e-18 -9.45e-08 -4.78e-07  2.68e-18  1.66e-06 -4.79e-06 -4.67e-07 -2.12e-06  4.09e-07  5.07e-07  -2.8e-06 -5.92e-06 -1.02e-06  -3.5e-07 -2.88e-06 -2.45e-06 -3.21e-07 -1.83e-05 -1.35e-06 -1.48e-06 -8.16e-07 -9.99e-07 -1.65e-06 -3.92e-07 -7.69e-07 -6.22e-07 -5.81e-07 -1.15e-05 -1.71e-06 -2.44e-08 -1.64e-07 -2.24e-07 -2.14e-06         1 -1.28e-06 -6.57e-06 -1.41e-05 -1.71e-06 -4.33e-05 -2.84e-07  6.75e-07 -2.89e-06 -1.26e-05 -6.41e-06 -4.97e-06  9.54e-07  4.62e-07  1.65e-06 -3.63e-06 -1.19e-06 -4.76e-06 -2.58e-06 -1.27e-06 -6.92e-06 -9.25e-06   7.4e-07  9.89e-07  6.08e-07 -2.38e-06 -5.22e-05  -2.4e-05 -8.21e-06 -2.46e-06 -2.04e-07 -4.61e-08 -4.52e-09 -1.08e-09 -7.73e-11 -4.04e-06 -1.31e-06 -5.74e-07  3.09e-08 -4.17e-06 -1.72e-07 -4.35e-07 -7.88e-08 -1.24e-06 -1.18e-06 -2.89e-06 -5.26e-05 -7.69e-07  -3.2e-06  6.03e-06  -3.6e-05  -2.8e-05 -1.25e-05 -3.16e-05 -4.71e-05  -4.8e-06  -2.3e-05 -9.94e-06 -8.26e-06 -4.82e-06 -1.17e-06 -7.91e-06 -1.72e-06 -8.66e-08 -1.36e-05 -3.18e-05 -1.23e-06 -1.61e-05
 -0.00455 -0.000133  -0.00248 -0.000858 -0.000834 -0.000209 -7.09e-17 -7.09e-17 -7.78e-05 -0.000237  1.74e-17  0.000156 -0.000213 -2.02e-05 -0.000374  3.73e-05  4.74e-05  -0.00012 -0.000253 -4.32e-05 -1.64e-05 -0.000215 -0.000128 -5.41e-05  -0.00057 -4.49e-05   2.3e-05 -7.15e-05 -9.92e-05 -4.58e-05 -2.26e-05 -1.23e-05 -5.13e-05 -5.71e-05 -0.000249 -0.000117 -8.62e-07  -1.6e-05 -1.58e-05 -7.54e-05 -1.28e-06         1 -0.000108 -0.000275 -0.000212  -0.00113 -1.47e-05 -0.000168 -0.000348 -0.000301 -0.000434 -0.000228 -0.000171 -0.000131 -0.000196 -0.000143 -0.000175  -0.00013 -6.65e-05 -0.000155 -0.000212 -0.000604  9.27e-05  0.000126  0.000102 -0.000139  -0.00144  -0.00101 -0.000264 -9.76e-05 -1.19e-05 -1.27e-06 -2.15e-07 -4.15e-08 -2.68e-09 -0.000294 -2.92e-05  -2.4e-05   3.2e-06 -0.000175  5.16e-06 -2.43e-05 -4.71e-06 -0.000118 -6.08e-05  -0.00025  -0.00287 -0.000152 -0.000173  0.000182  -0.00119  -0.00132  -0.00179  -0.00264  -0.00244 -0.000309   -0.0029 -0.000707 -0.000872 -0.000403 -0.000133 -0.000539  -0.00013 -5.66e-06 -0.000851  -0.00315 -8.36e-05  -0.00064
    0.061  0.000121 -0.000856  -0.00561  0.000679  0.000792  7.11e-16  7.11e-16 -5.23e-07   0.00034  2.88e-16  -0.00446 -0.000672 -0.000145  -0.00204   -0.0011  -0.00139 -0.000873  -0.00187 -2.41e-05   6.2e-05  0.000181  0.000233  7.52e-06  -0.00733 -0.000916  -0.00136  0.000189  9.66e-06 -0.000769  5.22e-05 -0.000317  0.000408  0.000286  -0.00753  -0.00107 -1.79e-06   4.2e-05  6.91e-05  -0.00181 -6.57e-06 -0.000108         1  -0.00978  0.000843   -0.0237 -5.98e-05 -0.000511 -0.000866  -0.00534 -0.000523 -0.000523   0.00095  -0.00107  -0.00186 -0.000691 -0.000138  0.000714 -0.000203 -4.56e-05  -0.00483   0.00661   -0.0038  -0.00313  -0.00354 -0.000176   -0.0466   -0.0113  -0.00643 -0.000358  3.01e-05 -7.58e-06 -1.06e-06 -4.94e-08  -2.6e-08  0.000828  -0.00075 -9.04e-05 -8.61e-05  -0.00165 -0.000295 -0.000131 -4.06e-05 -0.000124 -0.000265   -0.0001   -0.0105 -0.000964  -0.00128   -0.0181  -0.00452  -0.00246    0.0025  -0.00501  -0.00429 -3.33e-05 -0.000383  -0.00123 -0.000346 -0.000141  2.41e-05 -0.000845 -9.82e-05 -2.37e-05  -0.00194  -0.00658  0.000765  -0.00966
    0.165 -0.000458    -0.005   -0.0102  0.000927   0.00184  1.55e-15  1.55e-15 -0.000327   1.7e-05  5.94e-16    -0.011  -0.00238 -0.000406  -0.00553  -0.00256  -0.00325  -0.00243  -0.00519 -0.000424  5.31e-05  0.000121  -0.00039 -0.000188   -0.0174  -0.00231  -0.00324  0.000307 -0.000308  -0.00238 -1.71e-05 -0.000906  0.000843  0.000604   -0.0185  -0.00275  1.33e-07   1.2e-05  0.000158   -0.0048 -1.41e-05 -0.000275  -0.00978         1   0.00227   -0.0593 -7.55e-05  0.000868  -0.00226   -0.0137 -0.000812  -0.00424 -0.000596  -0.00288  -0.00435  -0.00308 -0.000244  0.000576  -0.00251  0.000178   -0.0124    0.0139  -0.00937  -0.00734  -0.00902 -0.000431    -0.119   -0.0298    -0.017 -0.000519  5.73e-05 -3.67e-05 -2.21e-06  -4.6e-08 -6.33e-08   0.00227  -0.00194 -0.000128 -0.000214  -0.00399 -0.000761 -0.000289 -0.000105 -0.000187  -0.00057  0.000217   -0.0212  -0.00245  -0.00225    -0.033   -0.0185   0.00578   0.00736    -0.024    -0.016  0.000237   0.00332  -0.00314  -0.00258 -0.000343  0.000105  -0.00216  -0.00032 -4.47e-05  -0.00472   -0.0121   0.00181   -0.0251
   0.0504 -0.000867  -0.00724  -0.00215   -0.0037 -0.000923 -6.33e-16 -6.33e-16  -0.00017 -0.000882  9.17e-17   0.00181  1.21e-05  6.59e-06 -0.000336  0.000317  0.000403  3.72e-05  0.000103  2.87e-06 -7.95e-05 -0.000582 -0.000275 -2.64e-05  0.000702   0.00051  0.000514 -0.000257 -0.000201  0.000219 -0.000144  5.28e-05 -0.000134 -0.000199   0.00173  4.12e-06 -2.85e-06 -7.58e-05 -4.98e-05  0.000575 -1.71e-06 -0.000212  0.000843   0.00227         1   0.00593 -4.84e-05  -0.00106 -0.000915  0.000385  -0.00144 -0.000302 -0.000159  0.000119  -0.00178 -1.53e-05 -0.000101  0.000395   0.00107  -0.00115   0.00117  -0.00186   0.00184   0.00151   0.00141 -0.000445    0.0125  0.000863   0.00172 -0.000688 -8.39e-06  1.52e-05 -1.72e-07 -4.61e-08  7.13e-09  -0.00129  0.000114 -2.17e-05  4.97e-05 -1.11e-05  0.000136  1.35e-06  7.77e-06 -0.000165 -0.000183 -0.000508  -0.00278  0.000564  -0.00019     0.002  -0.00256  -0.00703  -0.00349   0.00645  -0.00746  -0.00108  -0.00487  -0.00155  -0.00249  -0.00114 -0.000289   -0.0011 -0.000294 -1.27e-05  -0.00167  -0.00521 -0.000367   0.00159
    0.574  -0.00106   -0.0714   -0.0411   -0.0182 -9.63e-06  1.62e-15  1.62e-15 -0.000401  0.000481 -1.78e-15   -0.0259   -0.0127  -0.00153   -0.0215  -0.00501  -0.00636   -0.0091   -0.0194   -0.0011   7.9e-05 -0.000175 -0.000414 -0.000964   -0.0505  -0.00504  -0.00724  0.000621 -0.000944  -0.00638 -0.000155  -0.00197  0.000929  0.000883   -0.0466  -0.00597 -9.98e-06   9.6e-05  0.000151   -0.0128 -4.33e-05  -0.00113   -0.0237   -0.0593   0.00593         1 -0.000226  -0.00123   -0.0146   -0.0334  -0.00412   -0.0119  -0.00629   -0.0136  -0.00708  -0.00686  -0.00967  -0.00319   -0.0116  -0.00166   -0.0355    0.0198   -0.0218    -0.017   -0.0201  -0.00261    -0.333    -0.099   -0.0509  0.000445 -7.58e-05 -0.000203 -6.04e-06 -4.17e-07 -2.03e-07   0.00349   -0.0059 -0.000473 -0.000465   -0.0133  -0.00212    -0.001 -0.000307 -0.000928  -0.00219  -0.00104   -0.0664  -0.00643   -0.0123   -0.0655   -0.0473    -0.008    0.0108   -0.0902   -0.0344 -0.000732  -0.00234    -0.015   -0.0175  -0.00359 -0.000106   -0.0101  -0.00208 -9.39e-05   -0.0219    -0.032   0.00283   -0.0772
-0.000562 -2.61e-05 -0.000307 -0.000196 -0.000127 -2.23e-05 -1.85e-17 -1.85e-17 -4.76e-06  -1.6e-05 -6.09e-18 -6.79e-06 -2.62e-06 -1.52e-06 -3.92e-05 -7.72e-06 -9.82e-06 -9.77e-06 -1.97e-05  2.95e-06 -4.76e-07 -3.09e-05 -2.01e-06 -7.07e-06 -0.000155  2.94e-06    -4e-07  -4.7e-06 -7.44e-06  3.97e-06  -1.3e-06  7.03e-07 -3.23e-07 -6.13e-06  -8.8e-05 -2.75e-05 -2.91e-07 -4.84e-07  5.06e-07 -3.73e-06 -2.84e-07 -1.47e-05 -5.98e-05 -7.55e-05 -4.84e-05 -0.000226         1 -7.51e-05  -7.8e-05 -1.61e-05 -0.000124 -2.22e-05     3e-05 -2.83e-05 -0.000103  1.28e-06  -1.8e-05  5.55e-05  6.15e-05 -4.64e-05 -2.98e-05   6.2e-05  2.42e-06 -6.48e-06  9.05e-06 -2.47e-05 -0.000257 -0.000124 -2.53e-05  -2.8e-05    -1e-06   4.6e-07 -4.98e-08 -6.75e-09 -3.29e-10 -3.99e-05 -7.43e-06 -6.11e-06 -5.36e-07  -3.2e-05   1.3e-06 -3.32e-06 -6.74e-07 -1.92e-05 -1.45e-05 -4.55e-05 -0.000838  9.03e-06  6.87e-07 -0.000282  0.000113 -0.000431 -0.000199  0.000416 -0.000156 -4.56e-05 -0.000548 -0.000102 -9.67e-05 -7.28e-05 -1.57e-05 -8.01e-05 -1.29e-05  -1.8e-06 -0.000116 -0.000594 -9.52e-07 -8.73e-05
   0.0438  -0.00013   -0.0109  -0.00759  -0.00621 -0.000971 -1.02e-15 -1.02e-15  7.44e-05 -0.000253 -8.21e-16 -0.000285 -0.000413 -5.91e-05  -0.00255  -0.00011 -0.000135 -0.000359 -0.000751  0.000401     6e-05  7.42e-05     0.001  6.73e-05  -0.00134  0.000504  0.000253  1.01e-05  0.000111  0.000364  1.11e-06  0.000169  4.24e-05 -2.97e-05  0.000168  8.63e-07 -4.15e-06   3.2e-05 -3.09e-05  9.78e-05  6.75e-07 -0.000168 -0.000511  0.000868  -0.00106  -0.00123 -7.51e-05         1  -0.00276  0.000327  -0.00133   0.00207  0.000981  -0.00171  -0.00279   0.00135  -0.00195   0.00146   0.00175  -0.00175 -0.000644   0.00149  0.000263 -6.95e-05  0.000244 -0.000479  -0.00552   -0.0045 -0.000962 -0.000407  1.24e-05   1.1e-05 -2.41e-07  2.15e-08 -9.87e-10 -0.000927 -0.000176 -5.19e-05  2.37e-05 -0.000862   6.8e-06 -7.07e-05 -4.67e-06 -0.000211 -0.000334 -0.000736  -0.00343  0.000101  -0.00243   -0.0128   0.00516   -0.0163  -0.00322   0.00976   0.00166   -0.0009  -0.00662  -0.00211  -0.00293  -0.00106 -0.000247   -0.0012 -0.000323 -1.46e-05  -0.00268  -0.00708 -8.64e-05   -0.0026
    0.115  -0.00037   -0.0207   -0.0136  -0.00861  -0.00163 -1.06e-15 -1.06e-15 -8.06e-05  3.59e-06 -8.59e-16   -0.0011  -0.00224 -0.000236  -0.00391 -0.000157 -0.000195  -0.00143  -0.00298 -0.000168 -1.37e-05  -0.00112  6.92e-05 -0.000244  -0.00561  0.000383 -2.29e-05 -5.09e-05   -0.0004   0.00023 -0.000113 -0.000336 -0.000153 -0.000212  -0.00377  -0.00122 -4.94e-06  2.52e-05 -0.000184  -0.00078 -2.89e-06 -0.000348 -0.000866  -0.00226 -0.000915   -0.0146  -7.8e-05  -0.00276         1  -0.00457  -0.00263  -0.00104 -0.000181   -0.0038  -0.00223  0.000683  -0.00466  0.000144  -0.00158  -0.00243  -0.00348 -0.000467  0.000458  2.93e-05 -0.000662  -0.00127    -0.031   -0.0139  -0.00503 -0.000452 -4.57e-05 -1.67e-05 -9.97e-07 -1.53e-07 -2.54e-08  -0.00175 -0.000765 -0.000241 -1.63e-05  -0.00237 -0.000105 -0.000153 -4.02e-05 -0.000388  -0.00049 -0.000805   -0.0177   -0.0009  0.000226  -0.00139  -0.00821   -0.0131   -0.0033     0.011  -0.00595  -0.00152  -0.00744   -0.0056  -0.00991  -0.00262 -0.000393  -0.00374   -0.0013  -2.8e-05  -0.00658   -0.0139  -0.00014  -0.00943
    0.132 -0.000127  -0.00393   -0.0124  0.000822  0.000488   1.5e-15   1.5e-15 -0.000162  0.000242  1.75e-15  -0.00459   -0.0015 -0.000255  -0.00219  -0.00126  -0.00159  -0.00154  -0.00327 -0.000539  -4.3e-05 -0.000793  -0.00066  6.54e-05   -0.0104  -0.00122  -0.00195 -4.14e-07 -0.000422 -0.000939 -0.000116 -0.000927  0.000461  0.000256    -0.011  -0.00215 -2.56e-06 -1.52e-05 -0.000101  -0.00251 -1.26e-05 -0.000301  -0.00534   -0.0137  0.000385   -0.0334 -1.61e-05  0.000327  -0.00457         1 -0.000916  -0.00175     0.002 -0.000967  -0.00202   -0.0015 -0.000743 -0.000462  -0.00183 -0.000713  -0.00691   0.00618  -0.00322  -0.00262  -0.00449 -0.000857   -0.0637   -0.0174  -0.00878  -0.00151   2.9e-05 -4.69e-06 -1.79e-06 -2.38e-07 -4.39e-08 -0.000409  -0.00114 -0.000257 -8.45e-05  -0.00278 -0.000347 -0.000203 -6.15e-05 -0.000209 -0.000407 -4.28e-05   -0.0145  -0.00202  0.000227   -0.0149   -0.0255   -0.0043   0.00246  -0.00533   -0.0232  -0.00138   0.00305  -0.00407  -0.00524  -0.00117  -0.00021  -0.00285 -0.000995 -3.39e-05   -0.0053   -0.0129  0.000758   -0.0142
    0.102 -0.000989   -0.0131  -0.00499  -0.00512  -0.00112 -6.76e-16 -6.76e-16  -0.00026 -0.000908 -1.42e-16  0.000754 -0.000757 -8.08e-05  -0.00152  0.000118  0.000149 -0.000489  -0.00101 -0.000108 -7.98e-05  -0.00104 -0.000481 -0.000235  -0.00305  0.000196   0.00023 -0.000277 -0.000383  -2.2e-05 -0.000137 -3.61e-05 -0.000188 -0.000272   -0.0012 -0.000588 -5.87e-06 -6.67e-05 -5.09e-05 -6.93e-05 -6.41e-06 -0.000434 -0.000523 -0.000812  -0.00144  -0.00412 -0.000124  -0.00133  -0.00263 -0.000916         1  -0.00143 -0.000522  -0.00089  -0.00214   -0.0004  -0.00096  0.000334  0.000457  -0.00134 -0.000673  -0.00152  0.000909  0.000739  0.000732 -0.000783  -0.00443  -0.00446 -0.000794 -0.000668 -4.41e-05  2.25e-06 -1.01e-06  -1.7e-07 -8.16e-09  -0.00147 -0.000194 -0.000125  1.45e-05 -0.000875  5.34e-05 -8.32e-05 -1.65e-05 -0.000464 -0.000368  -0.00108   -0.0166  9.87e-05 -0.000161  0.000226  -0.00313  -0.00893  -0.00601   0.00276  -0.00916  -0.00144   -0.0122  -0.00331  -0.00442   -0.0021 -0.000486  -0.00249 -0.000564 -3.44e-05  -0.00383   -0.0135 -0.000317  -0.00258
 -0.00234  -0.00193   -0.0174   0.00102  -0.00564 -0.000877    -7e-16    -7e-16 -0.000465  -0.00146 -5.16e-16 -0.000803  -0.00203 -0.000184  -0.00235  5.37e-05   6.3e-05  -0.00108  -0.00227 -0.000496 -0.000186 -0.000774   -0.0015 -0.000422  -0.00381  -2.8e-05 -5.26e-05 -0.000302 -0.000553  -0.00112 -0.000299 -0.000167 -0.000278  -0.00023  -0.00286 -0.000442  5.95e-07 -0.000158  2.62e-05 -0.000991 -4.97e-06 -0.000228 -0.000523  -0.00424 -0.000302   -0.0119 -2.22e-05   0.00207  -0.00104  -0.00175  -0.00143         1  -0.00483  -0.00131  -0.00151  -0.00257 -0.000425  -0.00132  -0.00244  -0.00048  -0.00259   -0.0029 -0.000606  2.61e-05 -0.000703   -0.0005   -0.0235   -0.0101  -0.00443  0.000183 -4.93e-05 -3.45e-05 -2.51e-07  6.13e-09 -1.03e-08  -7.6e-05 -0.000556  7.73e-05 -1.14e-05 -0.000977 -0.000123 -2.96e-05 -2.42e-05 -2.72e-05 -0.000267  6.91e-05  -0.00647  0.000532 -0.000151     0.012   -0.0108   0.00915   0.00117   -0.0145   -0.0116  -0.00017  0.000872  -0.00204  -0.00411  -0.00109 -3.49e-05   -0.0015 -0.000227 -5.35e-06   -0.0025   0.00072 -0.000162  -0.00674
   0.0605  -0.00188   -0.0256   0.00244  -0.00994  -0.00161 -1.65e-15 -1.65e-15  -0.00043  -0.00186 -1.77e-15 -0.000154  -0.00277 -0.000209   -0.0041  0.000459   0.00058  -0.00121  -0.00255 -0.000228 -0.000157 -0.000152 -0.000903 -0.000449  -0.00128  0.000355  0.000556 -0.000305 -0.000391  -0.00114 -0.000283  0.000209 -0.000498 -0.000295  0.000408  0.000519  2.63e-06 -0.000155  4.24e-05 -0.000702  9.54e-07 -0.000171   0.00095 -0.000596 -0.000159  -0.00629     3e-05  0.000981 -0.000181     0.002 -0.000522  -0.00483         1  -0.00235   -0.0011  -0.00201   -0.0016  -0.00179  -0.00262 -0.000607  -0.00194  -0.00592  -0.00035  0.000402  0.000203 -0.000311    -0.017   -0.0107  -0.00433   0.00105 -6.36e-05 -5.14e-05  6.06e-07  1.59e-07 -2.05e-09  0.000121 -0.000437  0.000223  2.68e-05 -0.000741 -0.000118 -1.85e-05 -1.38e-05  5.75e-05 -0.000257  3.93e-05   0.00463  0.000805  -0.00289    0.0133  -0.00332   0.00768 -0.000182   -0.0257  -0.00385  0.000267   0.00104  -0.00156  -0.00395 -0.000685  5.53e-08 -0.000901 -1.22e-05  1.98e-05  -0.00222    0.0069  -0.00051   -0.0063
    0.081 -0.000497   -0.0184  -0.00593  -0.00776  -0.00101 -1.13e-15 -1.13e-15 -6.64e-05 -0.000366 -1.52e-15  -0.00217  -0.00212 -0.000208  -0.00424 -0.000227 -0.000285  -0.00123   -0.0026  6.22e-05  1.39e-05  3.57e-05  0.000341 -0.000219  -0.00407  0.000148  -8.1e-05  4.31e-05 -9.81e-05 -0.000455 -6.43e-05  2.12e-05 -0.000108 -5.11e-05  -0.00269 -0.000241 -8.23e-07  6.97e-06 -6.92e-06  -0.00101  4.62e-07 -0.000131  -0.00107  -0.00288  0.000119   -0.0136 -2.83e-05  -0.00171   -0.0038 -0.000967  -0.00089  -0.00131  -0.00235         1   -0.0018    -5e-05    -0.003 -5.41e-05  -0.00133   -0.0012   -0.0034   6.2e-05  -0.00143  -0.00113  -0.00123  -0.00049   -0.0318   -0.0127  -0.00558  0.000511 -2.46e-05 -3.14e-05 -1.33e-07  6.93e-08 -1.52e-08 -1.52e-05 -0.000658   9.2e-06 -2.17e-05  -0.00161 -0.000193 -9.87e-05 -2.87e-05 -9.23e-05 -0.000344 -0.000266  -0.00434 -0.000226   -0.0024  -0.00434  0.000309  -0.00457   3.2e-05  -0.00639     0.002 -8.22e-05   -0.0019   -0.0025  -0.00459  -0.00091 -4.04e-05  -0.00146 -0.000357 -1.92e-06  -0.00334  -0.00181  1.72e-05  -0.00879
  0.00119  -0.00198  -0.00905  -0.00534  -0.00697 -0.000311 -1.41e-15 -1.41e-15 -0.000439  -0.00178  -6.5e-16  -0.00279  0.000108 -7.75e-05  -0.00358 -0.000883  -0.00112 -0.000469 -0.000961  0.000235 -3.24e-05  -0.00015  0.000176 -4.31e-05   -0.0031  0.000495 -0.000143 -0.000109  -0.00019 -0.000355 -0.000222 -4.24e-05  0.000384   8.5e-05  -0.00298 -0.000814 -3.74e-07 -0.000106  8.78e-05 -0.000657  1.65e-06 -0.000196  -0.00186  -0.00435  -0.00178  -0.00708 -0.000103  -0.00279  -0.00223  -0.00202  -0.00214  -0.00151   -0.0011   -0.0018         1 -0.000484 -0.000109   0.00322   0.00247  -0.00244  -0.00223   0.00717  -0.00141  -0.00118  -0.00195 -0.000537   -0.0235  -0.00828  -0.00338  -0.00107  8.19e-05  2.84e-05 -1.92e-07  2.37e-07  6.66e-09 -0.000277 -0.000496  8.08e-05 -1.42e-05  -0.00108 -7.61e-05 -1.93e-05  -1.4e-05 -3.97e-05 -0.000462 -0.000151  -0.00265  0.000748  -0.00146   -0.0186  -0.00147  -0.00712   0.00148    0.0161   -0.0085  -0.00073  -0.00155  -0.00204  -0.00406  -0.00126 -0.000133  -0.00107  -0.00016 -2.94e-05  -0.00217  -0.00688  0.000583  -0.00597
  -0.0144 -0.000833  -0.00577   0.00112   -0.0013 -0.000164  2.46e-17  2.46e-17 -0.000265 -0.000793   1.4e-16  -0.00054 -0.000812 -7.95e-05 -0.000853 -4.96e-05 -6.55e-05 -0.000465 -0.000983 -0.000273 -9.26e-05 -0.000333 -0.000811 -0.000164  -0.00202 -0.000277 -0.000219 -0.000174  -0.00028  -0.00068 -0.000134 -0.000116 -8.21e-05 -6.83e-05  -0.00183 -0.000253  5.91e-07 -8.63e-05  2.13e-05 -0.000634 -3.63e-06 -0.000143 -0.000691  -0.00308 -1.53e-05  -0.00686  1.28e-06   0.00135  0.000683   -0.0015   -0.0004  -0.00257  -0.00201    -5e-05 -0.000484         1  0.000468 -0.000834  -0.00108  0.000111   -0.0014  -0.00106 -0.000682 -0.000206 -0.000624 -0.000151   -0.0125  -0.00443  -0.00218 -3.47e-05 -1.81e-05 -1.42e-05 -2.34e-07 -1.95e-08 -6.53e-09  6.41e-05 -0.000237  3.94e-05 -7.76e-06 -0.000398 -7.21e-05 -2.54e-05 -1.31e-05  -4.4e-05 -0.000101  7.16e-06  -0.00222 -2.37e-06 -0.000344   0.00392  -0.00693   0.00522 -2.35e-05   -0.0124  -0.00824 -0.000144  0.000168 -0.000749  -0.00107 -0.000343 -6.46e-05 -0.000614 -5.43e-05 -2.99e-06  -0.00102 -0.000542 -2.93e-05   -0.0032
   0.0481 -0.000116   -0.0215  -0.00766  -0.00834  -0.00161 -1.04e-15 -1.04e-15  7.68e-05 -4.71e-06 -1.32e-15 -0.000367  -0.00242 -0.000206  -0.00363   0.00023  0.000294  -0.00122  -0.00258  2.18e-05 -1.87e-06   -0.0002  0.000355 -0.000175  -0.00319  0.000322  0.000206 -2.04e-05 -0.000101 -0.000123 -5.72e-05  3.17e-05 -0.000304 -0.000175  -0.00105  2.95e-06 -3.01e-06  2.48e-05 -9.39e-05 -0.000537 -1.19e-06 -0.000175 -0.000138 -0.000244 -0.000101  -0.00967  -1.8e-05  -0.00195  -0.00466 -0.000743  -0.00096 -0.000425   -0.0016    -0.003 -0.000109  0.000468         1 -0.000955  -0.00167  -0.00129  -0.00243  -0.00332  0.000128  5.55e-05  0.000126  -0.00067   -0.0207   -0.0111  -0.00408  0.000442  -5.7e-05 -3.42e-05 -2.07e-07 -5.31e-08  -1.7e-08 -0.000812 -0.000521 -6.25e-05  1.25e-05  -0.00156 -0.000113 -0.000112 -2.23e-05 -0.000169 -0.000339 -0.000529  -0.00508 -0.000301  -0.00234   0.00147  -0.00125  -0.00928   -0.0022  -0.00625   0.00118  -0.00058  -0.00353  -0.00316  -0.00541  -0.00122 -0.000155  -0.00198 -0.000604  1.65e-06  -0.00422  -0.00266 -0.000399    -0.007
   0.0273  2.69e-05   -0.0116  -3.6e-07  -0.00219  -0.00099  1.88e-16  1.88e-16  1.06e-05  -6.8e-05  5.53e-17   0.00166  -0.00177 -0.000108 -0.000425  0.000676  0.000854  -0.00063  -0.00134 -0.000323 -9.42e-05 -0.000328 -0.000666 -0.000129 -0.000684 -0.000178  0.000147 -0.000197   -0.0002  -0.00041 -7.96e-05 -3.03e-05 -0.000437 -0.000217   0.00061  0.000399 -1.03e-06 -3.91e-05 -8.73e-05 -0.000183 -4.76e-06  -0.00013  0.000714  0.000576  0.000395  -0.00319  5.55e-05   0.00146  0.000144 -0.000462  0.000334  -0.00132  -0.00179 -5.41e-05   0.00322 -0.000834 -0.000955         1   -0.0025  0.000511 -0.000504  -0.00703  0.000932    0.0011    0.0011 -0.000217  -0.00116  -0.00351  -0.00104  0.000454 -7.81e-05 -3.55e-05 -7.43e-08 -1.61e-07 -1.21e-08 -0.000558 -9.04e-05 -1.52e-05   3.5e-05 -0.000343 -2.14e-05 -5.18e-05 -6.35e-06 -7.54e-05 -3.04e-05 -0.000199  0.000551 -0.000283  -0.00111    0.0141  -0.00749   0.00149  -0.00242   -0.0216  -0.00541 -0.000342 -0.000114  -0.00113   -0.0014 -0.000274 -0.000115   -0.0009 -0.000262   1.6e-05  -0.00184   0.00245 -0.000665  -0.00167
 -0.00691  3.23e-05   -0.0109 -0.000577  -0.00208 -0.000541  9.76e-17  9.76e-17 -6.04e-05  8.03e-05 -4.06e-16 -0.000641  -0.00215 -0.000169  -0.00157  0.000209  0.000262 -0.000996  -0.00212 -0.000392 -5.74e-05 -0.000246 -0.000651 -0.000247  -0.00265 -0.000399 -0.000233 -4.72e-05 -0.000247 -0.000662  -5.5e-05 -0.000167 -0.000304 -0.000112  -0.00209 -0.000114  1.38e-06 -1.39e-05 -5.69e-05 -0.000944 -2.58e-06 -6.65e-05 -0.000203  -0.00251   0.00107   -0.0116  6.15e-05   0.00175  -0.00158  -0.00183  0.000457  -0.00244  -0.00262  -0.00133   0.00247  -0.00108  -0.00167   -0.0025         1  0.000539  -0.00247  -0.00426 -0.000758 -0.000296 -0.000627 -0.000193   -0.0216  -0.00818  -0.00404  0.000806 -6.63e-05 -4.68e-05 -1.03e-07 -7.95e-08 -1.97e-08  0.000194 -0.000418 -1.02e-05 -1.86e-05 -0.000897 -0.000161 -6.88e-05 -2.42e-05 -1.68e-05 -3.53e-05  0.000118  -0.00181 -0.000727 -0.000482    0.0113  -0.00769   0.00692  0.000264   -0.0215  -0.00244  0.000236   0.00209   -0.0013  -0.00251 -0.000182  2.51e-05  -0.00094 -0.000304  1.44e-05  -0.00194   0.00269 -0.000243  -0.00578
   0.0329 -0.000862   -0.0128  -0.00507  -0.00606  -0.00108 -8.89e-16 -8.89e-16 -7.88e-05 -0.000652 -4.43e-16  0.000276 -0.000785 -8.17e-05  -0.00193  6.32e-05  8.21e-05  -0.00049  -0.00101  7.08e-05 -4.95e-05 -0.000307  6.81e-05 -2.51e-05  -0.00136  0.000527  0.000266 -0.000136 -0.000119  1.01e-05 -0.000144  1.28e-05 -6.99e-05 -0.000117 -7.49e-05 -9.25e-05 -2.74e-06 -4.69e-05 -4.05e-05  2.03e-05 -1.27e-06 -0.000155 -4.56e-05  0.000178  -0.00115  -0.00166 -4.64e-05  -0.00175  -0.00243 -0.000713  -0.00134  -0.00048 -0.000607   -0.0012  -0.00244  0.000111  -0.00129  0.000511  0.000539         1  -0.00066 -0.000488  0.000807  0.000597  0.000385 -0.000556  -0.00514    -0.005  -0.00115 -0.000484 -1.02e-06  2.91e-06 -1.28e-07  1.03e-08 -3.03e-10 -0.000968 -0.000238  -1.3e-05  3.07e-05 -0.000761   1.3e-05 -3.33e-05 -3.65e-06 -7.57e-05 -0.000303 -0.000342  -0.00219    0.0005  -0.00124  -0.00234  -0.00266  -0.00886  -0.00102   0.00664  -0.00514 -0.000867  -0.00183  -0.00209  -0.00366   -0.0011 -0.000154  -0.00128 -0.000359 -9.25e-06  -0.00256  -0.00307 -0.000197  -0.00271
   0.0459 -0.000419   -0.0175  -0.00908  -0.00544 -0.000156  2.52e-18  2.52e-18 -0.000125 -0.000141 -6.96e-16  -0.00578   -0.0029 -0.000343  -0.00535   -0.0011  -0.00139  -0.00204  -0.00434 -0.000181  1.73e-05  0.000103  3.57e-05 -0.000201   -0.0104 -0.000917  -0.00145  0.000134 -0.000192   -0.0014 -6.34e-05 -0.000385  0.000208  0.000201  -0.00958  -0.00118 -8.93e-07  9.15e-06  3.54e-05  -0.00278 -6.92e-06 -0.000212  -0.00483   -0.0124   0.00117   -0.0355 -2.98e-05 -0.000644  -0.00348  -0.00691 -0.000673  -0.00259  -0.00194   -0.0034  -0.00223   -0.0014  -0.00243 -0.000504  -0.00247  -0.00066         1   0.00444  -0.00474  -0.00366  -0.00445 -0.000564   -0.0732   -0.0224   -0.0114  0.000176 -5.12e-06 -4.43e-05 -1.01e-06 -9.52e-09 -4.06e-08  0.000806  -0.00131 -5.31e-05 -9.32e-05  -0.00293 -0.000467 -0.000206 -6.46e-05 -0.000126 -0.000491 -9.17e-05   -0.0102  -0.00127  -0.00318    -0.015  -0.00988  -0.00172   0.00302   -0.0193   -0.0068 -6.94e-05   0.00126  -0.00326  -0.00439 -0.000715  1.45e-05  -0.00205 -0.000443 -1.41e-05  -0.00475  -0.00494  0.000625   -0.0172
    0.127  -0.00116   -0.0445  0.000981   -0.0137  -0.00488 -1.54e-15 -1.54e-15 -0.000128   -0.0016 -7.97e-16    0.0105  -0.00425 -0.000163 -0.000723   0.00319   0.00404 -0.000925  -0.00193 -0.000598 -0.000361   -0.0017  -0.00186 -0.000475   0.00476   0.00118   0.00248 -0.000974 -0.000702  6.22e-06 -0.000387  0.000491  -0.00176  -0.00114    0.0108   0.00215 -7.65e-06 -0.000205 -0.000318   0.00197 -9.25e-06 -0.000604   0.00661    0.0139  -0.00186    0.0198   6.2e-05   0.00149 -0.000467   0.00618  -0.00152   -0.0029  -0.00592   6.2e-05   0.00717  -0.00106  -0.00332  -0.00703  -0.00426 -0.000488   0.00444         1   0.00803   0.00737   0.00827  -0.00108     0.054  0.000799     0.005  0.000884 -0.000262  -7.1e-05  3.07e-07 -4.47e-07 -3.94e-10  -0.00394  0.000551 -4.61e-06  0.000229   0.00034  0.000385 -4.88e-05  2.63e-05 -0.000474 -0.000212  -0.00161  0.000645   0.00111  -0.00306    0.0518   -0.0107  -0.00848   -0.0153   -0.0417    -0.014   -0.0023   -0.0128  -0.00438  -0.00675  -0.00253 -0.000782   -0.0034  -0.00092   3.6e-05  -0.00595   0.00201  -0.00298   0.00566
  -0.0637  0.000452   0.00624 -0.000562   0.00273   0.00157  5.71e-16  5.71e-16 -6.09e-05  0.000357 -3.85e-16  -0.00574 -0.000316 -0.000106  -0.00222  -0.00128  -0.00162 -0.000631  -0.00137  5.75e-05  0.000127  0.000776  0.000465 -5.95e-05  -0.00533  -0.00107  -0.00134  0.000354  0.000129  -0.00089  0.000146 -0.000188  0.000482  0.000408  -0.00688 -0.000838  3.78e-06  6.92e-05  0.000146  -0.00199   7.4e-07  9.27e-05   -0.0038  -0.00937   0.00184   -0.0218  2.42e-06  0.000263  0.000458  -0.00322  0.000909 -0.000606  -0.00035  -0.00143  -0.00141 -0.000682  0.000128  0.000932 -0.000758  0.000807  -0.00474   0.00803         1  -0.00412  -0.00441  0.000378   -0.0483  -0.00951  -0.00677  0.000541   4.9e-05 -1.65e-05 -3.56e-07  1.42e-07 -1.94e-08   0.00213  -0.00065  3.76e-05 -0.000118  -0.00108 -0.000356    -8e-05 -3.85e-05  5.86e-05 -2.98e-05  0.000437  -0.00267   -0.0012  -0.00109   -0.0182    0.0019   0.00773   0.00467   -0.0113   0.00497   0.00123   0.00303  0.000704   0.00168  0.000925  0.000255   0.00061  0.000316 -5.78e-06  0.000528 -0.000562   0.00107  -0.00902
  -0.0408  0.000554   0.00712  -0.00101   0.00283    0.0014  5.23e-16  5.23e-16  3.42e-05  0.000581 -2.76e-16  -0.00473  5.72e-06 -6.67e-05  -0.00147   -0.0011  -0.00139 -0.000402 -0.000878  0.000105  0.000127  0.000695  0.000563  1.61e-06  -0.00422 -0.000813  -0.00112  0.000352  0.000182 -0.000557  0.000151  -0.00016  0.000448  0.000368  -0.00558  -0.00071  2.67e-06  8.14e-05  0.000117   -0.0015  9.89e-07  0.000126  -0.00313  -0.00734   0.00151    -0.017 -6.48e-06 -6.95e-05  2.93e-05  -0.00262  0.000739  2.61e-05  0.000402  -0.00113  -0.00118 -0.000206  5.55e-05    0.0011 -0.000296  0.000597  -0.00366   0.00737  -0.00412         1  -0.00359  0.000328   -0.0378  -0.00685  -0.00512  0.000373  4.84e-05 -8.38e-06 -2.96e-07  1.15e-07 -1.49e-08   0.00176 -0.000507  9.34e-06   -0.0001 -0.000841  -0.00028 -5.77e-05  -2.9e-05  7.45e-05 -8.29e-06  0.000399  -0.00266 -0.000928 -0.000551   -0.0164   0.00287   0.00499   0.00448  -0.00377    0.0059   0.00104   0.00299  0.000764   0.00165  0.000834  0.000254  0.000643  0.000268 -6.31e-06   0.00071 -0.000364  0.000939  -0.00679
  -0.0585  0.000269   0.00689    -0.002   0.00272   0.00147   6.1e-16   6.1e-16 -7.44e-05   0.00034 -1.35e-17  -0.00531 -0.000132 -9.67e-05  -0.00181  -0.00127  -0.00161 -0.000581  -0.00125 -1.63e-05  9.79e-05  0.000537  0.000306  2.85e-06  -0.00504  -0.00089  -0.00131  0.000312  6.26e-05 -0.000723  8.86e-05 -0.000316  0.000522  0.000397  -0.00679  -0.00103  3.65e-06  5.21e-05  0.000102  -0.00181  6.08e-07  0.000102  -0.00354  -0.00902   0.00141   -0.0201  9.05e-06  0.000244 -0.000662  -0.00449  0.000732 -0.000703  0.000203  -0.00123  -0.00195 -0.000624  0.000126    0.0011 -0.000627  0.000385  -0.00445   0.00827  -0.00441  -0.00359         1  0.000213   -0.0454    -0.009   -0.0062  0.000107  6.17e-05  -6.6e-06 -3.58e-07  1.29e-07 -1.74e-08    0.0017 -0.000652  7.03e-06 -0.000107  -0.00112 -0.000317 -6.42e-05 -3.51e-05  0.000109 -4.48e-05  0.000564  -0.00203  -0.00111 -0.000228    -0.017  -0.00236   0.00651   0.00549  -0.00384   0.00104  0.000884    0.0052  0.000286  0.000501  0.000696  0.000246   0.00035  0.000123 -7.93e-06   0.00019 -0.000886   0.00107  -0.00849
  -0.0114 -0.000329  -0.00674  -0.00262   -0.0025 -0.000558 -2.37e-16 -2.37e-16 -6.16e-05 -0.000278 -5.38e-17  0.000266  -0.00059 -5.53e-05 -0.000832  8.14e-05  0.000103  -0.00033 -0.000691 -6.13e-05  -3.6e-05 -0.000328 -0.000157  -5.8e-05  -0.00127  8.88e-05  5.42e-05 -0.000101 -0.000133 -6.25e-05 -6.64e-05 -4.29e-05 -8.95e-05 -9.34e-05 -0.000509 -0.000155  -1.9e-06 -2.47e-05 -3.74e-05  -0.00011 -2.38e-06 -0.000139 -0.000176 -0.000431 -0.000445  -0.00261 -2.47e-05 -0.000479  -0.00127 -0.000857 -0.000783   -0.0005 -0.000311  -0.00049 -0.000537 -0.000151  -0.00067 -0.000217 -0.000193 -0.000556 -0.000564  -0.00108  0.000378  0.000328  0.000213         1  -0.00419  -0.00294 -0.000814 -0.000223 -1.73e-05 -3.53e-06 -2.84e-07 -5.98e-08 -4.81e-09 -0.000589 -0.000136 -4.08e-05  1.12e-05 -0.000476 -1.29e-06 -3.74e-05 -6.81e-06 -0.000121 -0.000149 -0.000304  -0.00391 -1.46e-05 -0.000422  0.000744    -0.003  -0.00376  -0.00162 -0.000804  -0.00417 -0.000557  -0.00258  -0.00138  -0.00204 -0.000705 -0.000149 -0.000967 -0.000266 -7.26e-06  -0.00172  -0.00339 -0.000163  -0.00176
   0.0395  -0.00326    -0.135   -0.0784   -0.0424   0.00142  3.73e-16  3.73e-16  -0.00114 -0.000504 -6.92e-15   -0.0591   -0.0244  -0.00305    -0.049   -0.0116   -0.0147   -0.0182   -0.0386  -0.00135  0.000367    0.0022   0.00124  -0.00176   -0.0955  -0.00893   -0.0143   0.00184  -0.00135    -0.013 -0.000346  -0.00363   0.00273   0.00244   -0.0922   -0.0116  5.37e-07  0.000197  0.000555   -0.0265 -5.22e-05  -0.00144   -0.0466    -0.119    0.0125    -0.333 -0.000257  -0.00552    -0.031   -0.0637  -0.00443   -0.0235    -0.017   -0.0318   -0.0235   -0.0125   -0.0207  -0.00116   -0.0216  -0.00514   -0.0732     0.054   -0.0483   -0.0378   -0.0454  -0.00419         1    -0.205    -0.107    0.0022  8.32e-05 -0.000388 -8.68e-06  3.16e-07 -3.65e-07    0.0105   -0.0122 -0.000353 -0.000996   -0.0265  -0.00452   -0.0018 -0.000602 -0.000705   -0.0042  0.000533   -0.0884   -0.0121    -0.027    -0.158   -0.0791 -0.000329    0.0382     -0.16   -0.0457    0.0018    0.0219    -0.026   -0.0357  -0.00448  0.000804   -0.0159  -0.00323 -0.000129   -0.0384   -0.0387   0.00738     -0.16
   -0.114  -0.00354   -0.0976   -0.0339   -0.0349  -0.00464 -2.72e-15 -2.72e-15 -0.000482  -0.00235 -3.89e-15   -0.0125   -0.0121  -0.00125   -0.0204  -0.00173  -0.00219  -0.00743   -0.0157 -0.000512 -0.000186 -0.000424 -0.000291 -0.000821   -0.0304    -0.001   -0.0026 -0.000192 -0.000908  -0.00433 -0.000632 -0.000735 -0.000278 -5.74e-05    -0.023  -0.00221 -9.31e-06 -0.000148 -4.35e-05  -0.00733  -2.4e-05  -0.00101   -0.0113   -0.0298  0.000863    -0.099 -0.000124   -0.0045   -0.0139   -0.0174  -0.00446   -0.0101   -0.0107   -0.0127  -0.00828  -0.00443   -0.0111  -0.00351  -0.00818    -0.005   -0.0224  0.000799  -0.00951  -0.00685    -0.009  -0.00294    -0.205         1   -0.0342  0.000489 -0.000118 -0.000166 -2.49e-06  -5.9e-08 -1.15e-07  -0.00044  -0.00413 -6.13e-05 -0.000115  -0.00979  -0.00124 -0.000656 -0.000179 -0.000475  -0.00209  -0.00119   -0.0265  -0.00171   -0.0143   -0.0265   -0.0347   -0.0231   0.00373   -0.0643   -0.0302  -0.00212  5.48e-05   -0.0143   -0.0215  -0.00456 -0.000315  -0.00894  -0.00202 -2.74e-05   -0.0202   -0.0113  0.000231    -0.054
   0.0217 -0.000941   -0.0313   -0.0124   -0.0105 -0.000648 -5.16e-16 -5.16e-16 -0.000194 -0.000475 -1.62e-15  -0.00828  -0.00479 -0.000535  -0.00869  -0.00142   -0.0018  -0.00318  -0.00674 -0.000228  5.34e-06  0.000325  6.78e-05 -0.000349   -0.0145  -0.00109  -0.00186  0.000174 -0.000265  -0.00219 -0.000142 -0.000444  0.000185  0.000243    -0.013  -0.00137 -3.08e-07 -6.84e-06  6.61e-05  -0.00402 -8.21e-06 -0.000264  -0.00643    -0.017   0.00172   -0.0509 -2.53e-05 -0.000962  -0.00503  -0.00878 -0.000794  -0.00443  -0.00433  -0.00558  -0.00338  -0.00218  -0.00408  -0.00104  -0.00404  -0.00115   -0.0114     0.005  -0.00677  -0.00512   -0.0062 -0.000814    -0.107   -0.0342         1   0.00063 -1.63e-05 -7.62e-05 -1.07e-06  6.55e-08 -5.59e-08    0.0013  -0.00196  4.73e-07 -0.000122  -0.00429 -0.000696 -0.000285  -9.1e-05 -7.92e-05 -0.000745  1.04e-05   -0.0107  -0.00145  -0.00552   -0.0187    -0.013  -0.00133   0.00534   -0.0315  -0.00781  0.000153   0.00394  -0.00466  -0.00688 -0.000944  0.000112   -0.0028  -0.00056 -9.47e-06  -0.00692  -0.00276  0.000769   -0.0258
    0.024 -0.000262  0.000673  -0.00209  9.11e-05 -6.86e-05  1.46e-16  1.46e-16 -5.69e-05 -0.000205  5.85e-16  0.000373  0.000364  1.46e-05  0.000372 -7.49e-05 -9.45e-05  8.02e-05  0.000178 -3.48e-05 -2.91e-05 -0.000325 -0.000147  7.03e-05 -0.000501  4.93e-05 -7.02e-05 -9.05e-05 -8.79e-05  0.000116 -5.39e-05 -0.000111   8.1e-05 -1.21e-05  -0.00044 -0.000299 -1.76e-06 -2.66e-05 -2.88e-05   0.00011 -2.46e-06 -9.76e-05 -0.000358 -0.000519 -0.000688  0.000445  -2.8e-05 -0.000407 -0.000452  -0.00151 -0.000668  0.000183   0.00105  0.000511  -0.00107 -3.47e-05  0.000442  0.000454  0.000806 -0.000484  0.000176  0.000884  0.000541  0.000373  0.000107 -0.000223    0.0022  0.000489   0.00063         1  1.38e-05  1.62e-05 -3.32e-07 -5.91e-08  3.97e-10 -0.000605  8.61e-06 -5.55e-05  1.11e-05 -0.000114  4.74e-05 -8.92e-06  6.49e-07 -8.07e-05 -8.45e-05 -0.000184  -0.00282  3.81e-05  0.000416   -0.0026  -0.00395  -0.00405 -0.000913   0.00635   -0.0063 -0.000666  -0.00138 -0.000737 -0.000834 -0.000484 -0.000137 -0.000557 -0.000189 -1.24e-05 -0.000779  -0.00422  1.09e-05  0.000401
   0.0045 -5.93e-06 -0.000541 -5.29e-05 -0.000145 -4.93e-05 -1.16e-17 -1.16e-17 -3.37e-06 -1.24e-05 -1.33e-17  7.46e-05 -6.18e-05 -3.76e-06 -3.44e-05  2.65e-05  3.36e-05 -2.21e-05 -4.65e-05 -9.29e-06 -3.03e-06 -2.81e-05 -2.26e-05 -1.06e-05  -4.7e-05 -1.07e-06  1.57e-05 -9.44e-06 -1.16e-05 -5.67e-06 -2.34e-06  2.48e-06 -1.92e-05  -1.3e-05  2.91e-05   5.5e-06 -1.42e-07 -1.29e-06 -3.37e-06  9.14e-07 -2.04e-07 -1.19e-05  3.01e-05  5.73e-05 -8.39e-06 -7.58e-05    -1e-06  1.24e-05 -4.57e-05   2.9e-05 -4.41e-05 -4.93e-05 -6.36e-05 -2.46e-05  8.19e-05 -1.81e-05  -5.7e-05 -7.81e-05 -6.63e-05 -1.02e-06 -5.12e-06 -0.000262   4.9e-05  4.84e-05  6.17e-05 -1.73e-05  8.32e-05 -0.000118 -1.63e-05  1.38e-05         1 -1.13e-06 -1.99e-08 -8.21e-09 -4.65e-10 -4.06e-05 -1.55e-06 -3.11e-06  1.15e-06 -1.77e-05  1.38e-06 -2.97e-06  -4.4e-07 -1.37e-05 -5.39e-06 -3.21e-05 -0.000364 -1.06e-05 -2.69e-05  0.000473 -0.000103 -0.000102  -0.00024 -0.000609 -0.000147 -2.93e-05 -0.000348 -8.57e-05 -0.000107 -4.69e-05 -1.37e-05 -6.86e-05 -1.62e-05 -1.67e-07 -0.000111 -0.000218 -2.81e-05  -4.9e-05
-0.000755  -2.7e-06 -0.000281 -2.19e-05 -8.19e-05 -1.55e-05 -6.49e-18 -6.49e-18  2.74e-07 -9.39e-07 -1.69e-17 -1.32e-05 -4.12e-05 -3.25e-06 -4.36e-05  3.99e-06  5.03e-06 -1.91e-05 -4.05e-05 -2.93e-06 -6.58e-07  1.13e-06 -4.04e-06 -4.02e-06 -5.21e-05 -3.32e-06 -1.57e-06 -4.39e-07 -1.82e-06 -1.25e-05 -8.85e-07  5.25e-07 -5.62e-06 -1.97e-06 -2.78e-05  4.14e-06  -3.4e-09 -1.34e-07 -2.05e-07 -1.52e-05 -4.61e-08 -1.27e-06 -7.58e-06 -3.67e-05  1.52e-05 -0.000203   4.6e-07   1.1e-05 -1.67e-05 -4.69e-06  2.25e-06 -3.45e-05 -5.14e-05 -3.14e-05  2.84e-05 -1.42e-05 -3.42e-05 -3.55e-05 -4.68e-05  2.91e-06 -4.43e-05  -7.1e-05 -1.65e-05 -8.38e-06  -6.6e-06 -3.53e-06 -0.000388 -0.000166 -7.62e-05  1.62e-05 -1.13e-06         1 -2.52e-10 -5.69e-10    -3e-10  4.41e-06 -8.02e-06  5.89e-07 -1.22e-07 -1.77e-05 -2.97e-06 -1.36e-06  -3.7e-07 -3.14e-07 -2.67e-06 -1.27e-06 -2.16e-05 -3.85e-06 -3.76e-05  0.000121 -4.37e-05  3.81e-05  2.04e-06 -0.000366  1.62e-05  4.65e-06  1.19e-05 -2.22e-05  -3.5e-05 -3.51e-06  8.72e-07 -1.44e-05 -2.31e-06  2.47e-07 -3.71e-05  6.54e-05 -5.34e-06 -0.000111
-1.64e-05   2.1e-08 -1.77e-06 -2.71e-06  6.39e-08 -6.74e-08  2.57e-19  2.57e-19 -8.91e-08 -6.26e-08  3.29e-19 -3.48e-07  -2.5e-07 -4.07e-08 -3.45e-07 -1.38e-07 -1.75e-07 -2.48e-07 -5.27e-07 -1.13e-07 -7.82e-09 -4.71e-07 -2.13e-07 -8.45e-08 -2.47e-06 -3.22e-07 -2.67e-07 -6.79e-08  -1.7e-07 -7.99e-08  3.77e-09 -1.27e-07 -1.71e-09 -4.91e-08 -2.02e-06 -5.34e-07 -2.67e-09 -1.28e-09 -2.83e-08 -3.75e-07 -4.52e-09 -2.15e-07 -1.06e-06 -2.21e-06 -1.72e-07 -6.04e-06 -4.98e-08 -2.41e-07 -9.97e-07 -1.79e-06 -1.01e-06 -2.51e-07  6.06e-07 -1.33e-07 -1.92e-07 -2.34e-07 -2.07e-07 -7.43e-08 -1.03e-07 -1.28e-07 -1.01e-06  3.07e-07 -3.56e-07 -2.96e-07 -3.58e-07 -2.84e-07 -8.68e-06 -2.49e-06 -1.07e-06 -3.32e-07 -1.99e-08 -2.52e-10         1 -1.39e-10 -1.11e-11 -4.54e-07 -1.39e-07 -1.09e-07 -1.66e-08 -5.43e-07 -2.51e-08 -6.88e-08  -1.6e-08 -2.78e-07 -1.22e-07 -5.28e-07 -1.01e-05 -5.69e-07  2.11e-07 -2.44e-06 -2.92e-06 -3.07e-06 -3.07e-06 -2.63e-06 -4.83e-06  -6.2e-07 -6.32e-06 -1.46e-06 -1.34e-06 -7.95e-07 -2.51e-07 -1.19e-06 -2.91e-07 -1.93e-08 -1.76e-06 -8.47e-06  9.17e-09  -2.1e-06
 1.82e-06  4.08e-08 -5.02e-07 -4.42e-07  6.44e-08 -7.03e-08  7.58e-20  7.58e-20 -1.22e-09   2.6e-08  1.02e-19  2.03e-07 -6.64e-08 -4.54e-09  8.81e-08  4.25e-08  5.37e-08 -2.79e-08 -5.91e-08 -3.28e-08    -6e-09 -1.15e-07 -6.52e-08 -1.19e-08 -2.71e-07 -4.35e-08 -9.34e-09 -2.39e-08 -3.32e-08  1.59e-08  2.59e-10 -1.99e-08 -2.89e-08 -2.61e-08 -1.15e-07 -5.27e-08  -6.9e-10 -8.59e-11 -1.38e-08  1.78e-09 -1.08e-09 -4.15e-08 -4.94e-08  -4.6e-08 -4.61e-08 -4.17e-07 -6.75e-09  2.15e-08 -1.53e-07 -2.38e-07  -1.7e-07  6.13e-09  1.59e-07  6.93e-08  2.37e-07 -1.95e-08 -5.31e-08 -1.61e-07 -7.95e-08  1.03e-08 -9.52e-09 -4.47e-07  1.42e-07  1.15e-07  1.29e-07 -5.98e-08  3.16e-07  -5.9e-08  6.55e-08 -5.91e-08 -8.21e-09 -5.69e-10 -1.39e-10         1 -1.96e-12 -1.62e-07  1.96e-09 -2.55e-08  1.52e-09 -5.67e-08  7.55e-09 -1.16e-08 -1.64e-09 -5.52e-08  -1.4e-08 -1.16e-07 -1.81e-06 -9.27e-08  8.24e-08  6.54e-07 -7.56e-07 -7.69e-07  -7.9e-07 -7.55e-07 -1.03e-06 -1.54e-07 -1.24e-06 -2.79e-07  -2.3e-07 -1.57e-07 -5.46e-08  -2.4e-07 -6.78e-08 -2.71e-09 -3.45e-07 -1.43e-06 -5.48e-08 -2.01e-08
-5.19e-07  2.72e-09 -1.01e-07 -6.31e-08 -1.82e-08 -2.99e-09  4.41e-21  4.41e-21 -2.55e-10  2.76e-09  2.74e-22 -2.13e-08 -1.84e-08 -1.96e-09 -2.26e-08 -3.48e-09 -4.41e-09 -1.17e-08 -2.49e-08 -2.43e-09  3.04e-11 -3.94e-09 -1.92e-09 -1.67e-09 -6.37e-08 -7.54e-09 -8.05e-09  7.54e-11 -2.16e-09 -6.09e-09  1.27e-10 -2.79e-09  -4.4e-10 -3.84e-11 -5.37e-08 -8.05e-09 -3.12e-11  2.74e-10 -4.98e-10 -1.45e-08 -7.73e-11 -2.68e-09  -2.6e-08 -6.33e-08  7.13e-09 -2.03e-07 -3.29e-10 -9.87e-10 -2.54e-08 -4.39e-08 -8.16e-09 -1.03e-08 -2.05e-09 -1.52e-08  6.66e-09 -6.53e-09  -1.7e-08 -1.21e-08 -1.97e-08 -3.03e-10 -4.06e-08 -3.94e-10 -1.94e-08 -1.49e-08 -1.74e-08 -4.81e-09 -3.65e-07 -1.15e-07 -5.59e-08  3.97e-10 -4.65e-10    -3e-10 -1.11e-11 -1.96e-12         1 -1.66e-09 -6.44e-09  -1.5e-09 -4.75e-10 -1.72e-08 -2.18e-09 -1.62e-09 -4.18e-10 -3.17e-09 -2.63e-09  -5.5e-09 -1.33e-07 -1.29e-08 -1.16e-08 -3.97e-08  -7.4e-08 -3.31e-08 -2.16e-08 -1.54e-07 -5.86e-08 -5.53e-09 -5.08e-08 -2.74e-08 -2.99e-08 -9.15e-09 -2.19e-09 -2.01e-08 -5.21e-09 -1.62e-10 -3.78e-08 -8.57e-08  7.32e-10 -8.85e-08
   0.0261 -0.000475  -0.00991  -0.00381  -0.00373   -0.0012 -3.82e-16 -3.82e-16 -0.000112 -0.000584  2.34e-16   0.00228 -0.000554 -3.21e-05 -0.000373  0.000498  0.000632 -0.000193  -0.00039 -0.000105 -8.29e-05 -0.000796 -0.000359 -5.91e-05 -8.17e-05  0.000338  0.000465 -0.000284 -0.000263  0.000243  -0.00012 -9.87e-06 -0.000263 -0.000265   0.00141 -4.99e-05 -4.19e-06  -5.6e-05 -0.000109  0.000468 -4.04e-06 -0.000294  0.000828   0.00227  -0.00129   0.00349 -3.99e-05 -0.000927  -0.00175 -0.000409  -0.00147  -7.6e-05  0.000121 -1.52e-05 -0.000277  6.41e-05 -0.000812 -0.000558  0.000194 -0.000968  0.000806  -0.00394   0.00213   0.00176    0.0017 -0.000589    0.0105  -0.00044    0.0013 -0.000605 -4.06e-05  4.41e-06 -4.54e-07 -1.62e-07 -1.66e-09         1  7.13e-05 -9.41e-05   5.3e-05 -0.000296  0.000125 -4.29e-05  8.18e-07 -0.000289 -0.000196 -0.000758  -0.00605  6.75e-05 -0.000257    0.0052  -0.00501  -0.00872  -0.00546  0.000541  -0.00875  -0.00137  -0.00712  -0.00237  -0.00335  -0.00142 -0.000405  -0.00175  -0.00053 -1.28e-05   -0.0028  -0.00761 -0.000572  0.000742
  -0.0164 -0.000162  -0.00428  -0.00182  -0.00149 -0.000142 -8.21e-17 -8.21e-17 -7.77e-06  -3.7e-05 -1.68e-16 -0.000879  -0.00058 -6.48e-05  -0.00099 -0.000154 -0.000195 -0.000386 -0.000817 -2.71e-05 -4.84e-06  9.71e-06  6.82e-07  -3.1e-05  -0.00179 -7.48e-05 -0.000205  1.58e-05 -2.98e-05 -0.000237 -2.76e-05 -6.09e-05     2e-05  2.22e-05  -0.00152 -0.000164 -3.93e-07 -2.46e-06  3.46e-06 -0.000434 -1.31e-06 -2.92e-05  -0.00075  -0.00194  0.000114   -0.0059 -7.43e-06 -0.000176 -0.000765  -0.00114 -0.000194 -0.000556 -0.000437 -0.000658 -0.000496 -0.000237 -0.000521 -9.04e-05 -0.000418 -0.000238  -0.00131  0.000551  -0.00065 -0.000507 -0.000652 -0.000136   -0.0122  -0.00413  -0.00196  8.61e-06 -1.55e-06 -8.02e-06 -1.39e-07  1.96e-09 -6.44e-09  7.13e-05         1 -5.51e-06 -1.15e-05 -0.000538 -7.62e-05 -3.22e-05 -9.98e-06 -1.01e-07 -0.000105  3.98e-06  -0.00151 -8.12e-05  -0.00061  -0.00201  -0.00191 -0.000862  0.000843  -0.00212  -0.00132 -4.48e-05   0.00076 -0.000641 -0.000976 -0.000167  1.97e-05 -0.000389 -8.74e-05 -1.84e-06 -0.000925 -0.000215  7.46e-05  -0.00303
  0.00583   5.9e-05  0.000129 -0.000479  0.000165 -5.25e-06  6.01e-17  6.01e-17  3.02e-06  5.28e-05  7.17e-17  3.11e-05  6.38e-07 -1.59e-06  5.71e-05 -5.71e-06  -7.2e-06  -1.1e-05 -2.31e-05 -1.49e-05  1.68e-06 -7.43e-05 -1.19e-05 -3.81e-06 -0.000243  -3.5e-05 -2.78e-05 -3.29e-06 -1.68e-05  3.28e-05  6.55e-06 -2.23e-05 -1.13e-06 -7.45e-06 -0.000196 -7.51e-05 -4.43e-07  4.39e-06 -9.42e-06 -1.31e-05 -5.74e-07  -2.4e-05 -9.04e-05 -0.000128 -2.17e-05 -0.000473 -6.11e-06 -5.19e-05 -0.000241 -0.000257 -0.000125  7.73e-05  0.000223   9.2e-06  8.08e-05  3.94e-05 -6.25e-05 -1.52e-05 -1.02e-05  -1.3e-05 -5.31e-05 -4.61e-06  3.76e-05  9.34e-06  7.03e-06 -4.08e-05 -0.000353 -6.13e-05  4.73e-07 -5.55e-05 -3.11e-06  5.89e-07 -1.09e-07 -2.55e-08  -1.5e-09 -9.41e-05 -5.51e-06         1  -1.7e-06 -5.67e-05  2.32e-06 -8.55e-06 -1.64e-06 -3.88e-05 -8.61e-06 -7.37e-05  -0.00148  -9.7e-05  0.000135 -0.000146 -0.000372 -0.000635 -0.000455  0.000347 -0.000464 -9.75e-05 -0.000866 -0.000197 -0.000189 -0.000108 -3.49e-05 -0.000164  -5.4e-05 -2.63e-06 -0.000224  -0.00124 -5.92e-06 -8.41e-05
-0.000774  2.39e-05  0.000416  1.52e-05  0.000176  5.53e-05  2.57e-17  2.57e-17 -9.62e-07  2.44e-05  1.42e-18 -0.000136  1.65e-05 -5.47e-07 -7.65e-06 -3.38e-05 -4.29e-05 -3.59e-06 -8.26e-06 -1.39e-06  3.95e-06  9.52e-06  7.05e-06 -2.58e-06 -0.000116 -2.96e-05 -3.44e-05  1.09e-05  1.97e-06 -1.06e-05   5.9e-06    -8e-06  1.36e-05  1.01e-05 -0.000176 -3.29e-05  9.26e-08  2.86e-06  3.04e-06 -4.18e-05  3.09e-08   3.2e-06 -8.61e-05 -0.000214  4.97e-05 -0.000465 -5.36e-07  2.37e-05 -1.63e-05 -8.45e-05  1.45e-05 -1.14e-05  2.68e-05 -2.17e-05 -1.42e-05 -7.76e-06  1.25e-05   3.5e-05 -1.86e-05  3.07e-05 -9.32e-05  0.000229 -0.000118   -0.0001 -0.000107  1.12e-05 -0.000996 -0.000115 -0.000122  1.11e-05  1.15e-06 -1.22e-07 -1.66e-08  1.52e-09 -4.75e-10   5.3e-05 -1.15e-05  -1.7e-06         1 -1.66e-05  -7.2e-06 -1.32e-06  -9.5e-07 -7.12e-07  3.45e-06  1.08e-05 -0.000255 -3.88e-05  4.86e-05 -0.000377  8.02e-05  0.000282  0.000106 -8.41e-06   0.00019  3.35e-05  1.22e-05  2.65e-05  5.06e-05  2.03e-05  5.87e-06  1.59e-05  5.54e-06 -4.55e-07  3.69e-05 -0.000119  3.09e-05 -0.000153
  -0.0346 -0.000338   -0.0122  -0.00567  -0.00424 -0.000617 -2.49e-16 -2.49e-16 -4.46e-05 -0.000182 -3.42e-16  -0.00153  -0.00149  -0.00016   -0.0025 -0.000249 -0.000315 -0.000954  -0.00202 -7.29e-05 -1.71e-05 -0.000198 -7.18e-06 -9.52e-05  -0.00436 -0.000162 -0.000383 -2.67e-05 -0.000137 -0.000447 -6.77e-05 -0.000138 -2.05e-05 -1.62e-05  -0.00331 -0.000443 -2.29e-06 -7.98e-06 -2.61e-05  -0.00093 -4.17e-06 -0.000175  -0.00165  -0.00399 -1.11e-05   -0.0133  -3.2e-05 -0.000862  -0.00237  -0.00278 -0.000875 -0.000977 -0.000741  -0.00161  -0.00108 -0.000398  -0.00156 -0.000343 -0.000897 -0.000761  -0.00293   0.00034  -0.00108 -0.000841  -0.00112 -0.000476   -0.0265  -0.00979  -0.00429 -0.000114 -1.77e-05 -1.77e-05 -5.43e-07 -5.67e-08 -1.72e-08 -0.000296 -0.000538 -5.67e-05 -1.66e-05         1 -0.000148 -0.000101 -2.55e-05 -0.000138 -0.000296 -0.000312  -0.00637 -0.000382  -0.00157   -0.0045  -0.00505  -0.00511 -0.000398  -0.00596  -0.00483 -0.000516  -0.00174  -0.00226  -0.00319 -0.000829 -0.000113  -0.00149 -0.000378 -9.75e-06  -0.00308  -0.00416  2.84e-05    -0.007
 -0.00419  7.96e-06 -0.000586  -0.00033  -0.00015  4.04e-05  1.76e-17  1.76e-17  3.47e-06  3.03e-05 -5.61e-17 -0.000418 -0.000148 -1.81e-05 -0.000283 -7.83e-05 -9.92e-05 -0.000108  -0.00023  -3.4e-06  5.19e-06  5.27e-05  2.62e-05  -6.3e-06 -0.000554 -6.36e-05 -9.97e-05  2.24e-05   5.9e-06 -8.91e-05  2.68e-06 -1.89e-05  2.15e-05  2.39e-05 -0.000572 -5.04e-05  1.55e-07  3.86e-06  6.64e-06 -0.000173 -1.72e-07  5.16e-06 -0.000295 -0.000761  0.000136  -0.00212   1.3e-06   6.8e-06 -0.000105 -0.000347  5.34e-05 -0.000123 -0.000118 -0.000193 -7.61e-05 -7.21e-05 -0.000113 -2.14e-05 -0.000161   1.3e-05 -0.000467  0.000385 -0.000356  -0.00028 -0.000317 -1.29e-06  -0.00452  -0.00124 -0.000696  4.74e-05  1.38e-06 -2.97e-06 -2.51e-08  7.55e-09 -2.18e-09  0.000125 -7.62e-05  2.32e-06  -7.2e-06 -0.000148         1 -9.31e-06 -3.47e-06  1.05e-05 -1.72e-05  3.59e-05 -0.000128    -7e-05 -0.000191  -0.00101 -0.000291  0.000284  0.000462  -0.00119  0.000124  6.74e-05  0.000509  -5.8e-05 -7.16e-05  3.97e-05  2.37e-05 -2.04e-05  2.31e-06  2.56e-07 -0.000126  0.000237  5.69e-05 -0.000991
 -0.00116  1.93e-08 -0.000823 -0.000437 -0.000241 -4.51e-05 -4.01e-19 -4.01e-19 -7.77e-06 -1.71e-05 -9.79e-18 -8.32e-05 -0.000108 -1.13e-05 -0.000174 -1.24e-05 -1.56e-05 -6.71e-05 -0.000143 -8.12e-06 -3.98e-07 -3.12e-05 -4.41e-06 -1.11e-05  -0.00034  -3.3e-05 -2.97e-05 -6.52e-06 -1.63e-05  -2.9e-05 -1.16e-06 -9.28e-06 -6.51e-06 -5.42e-06 -0.000246 -4.09e-05 -2.54e-07  3.18e-08 -3.71e-06 -7.07e-05 -4.35e-07 -2.43e-05 -0.000131 -0.000289  1.35e-06    -0.001 -3.32e-06 -7.07e-05 -0.000153 -0.000203 -8.32e-05 -2.96e-05 -1.85e-05 -9.87e-05 -1.93e-05 -2.54e-05 -0.000112 -5.18e-05 -6.88e-05 -3.33e-05 -0.000206 -4.88e-05    -8e-05 -5.77e-05 -6.42e-05 -3.74e-05   -0.0018 -0.000656 -0.000285 -8.92e-06 -2.97e-06 -1.36e-06 -6.88e-08 -1.16e-08 -1.62e-09 -4.29e-05 -3.22e-05 -8.55e-06 -1.32e-06 -0.000101 -9.31e-06         1  -2.3e-06 -2.77e-05 -2.11e-05 -5.78e-05 -0.000814 -7.22e-05 -0.000122 -0.000358 -0.000343 -0.000477 -0.000321 -0.000959 -0.000452 -6.26e-05 -0.000585 -0.000206 -0.000232 -8.57e-05 -2.57e-05 -0.000148 -3.66e-05 -1.28e-06 -0.000275 -0.000739 -6.72e-06 -0.000481
 -0.00118 -1.68e-06 -0.000132 -8.14e-05 -3.41e-05  -1.3e-06   1.5e-18   1.5e-18 -3.44e-06 -4.18e-06 -3.69e-18 -4.43e-05 -2.36e-05 -2.83e-06 -4.43e-05 -8.67e-06  -1.1e-05 -1.69e-05 -3.59e-05 -3.27e-06  1.13e-07 -6.63e-06 -3.72e-06 -3.81e-06 -9.44e-05 -1.13e-05 -1.18e-05 -1.89e-07 -4.64e-06 -1.04e-05 -1.34e-07 -3.91e-06  5.83e-07  1.75e-07 -8.65e-05 -1.57e-05 -2.21e-08  1.98e-08 -1.92e-07 -2.42e-05 -7.88e-08 -4.71e-06 -4.06e-05 -0.000105  7.77e-06 -0.000307 -6.74e-07 -4.67e-06 -4.02e-05 -6.15e-05 -1.65e-05 -2.42e-05 -1.38e-05 -2.87e-05  -1.4e-05 -1.31e-05 -2.23e-05 -6.35e-06 -2.42e-05 -3.65e-06 -6.46e-05  2.63e-05 -3.85e-05  -2.9e-05 -3.51e-05 -6.81e-06 -0.000602 -0.000179  -9.1e-05  6.49e-07  -4.4e-07  -3.7e-07  -1.6e-08 -1.64e-09 -4.18e-10  8.18e-07 -9.98e-06 -1.64e-06  -9.5e-07 -2.55e-05 -3.47e-06  -2.3e-06         1 -5.38e-06 -4.16e-06 -8.37e-06 -0.000207 -2.04e-05 -1.44e-05 -0.000106 -8.92e-05 -1.07e-05 -3.87e-05 -0.000223 -8.98e-05 -6.58e-06 -0.000102 -4.19e-05 -5.31e-05 -1.63e-05 -4.08e-06 -3.03e-05 -7.26e-06 -3.29e-07 -5.43e-05 -0.000162  4.14e-06 -0.000142
  -0.0028 -8.85e-06   -0.0013  -0.00082  -0.00034 -0.000132 -1.38e-17 -1.38e-17 -7.25e-05 -0.000161  3.97e-17  0.000155 -0.000108  -1.1e-05 -0.000237  2.55e-05  3.26e-05 -6.62e-05  -0.00014 -3.66e-05 -5.18e-06 -0.000236  -9.2e-05 -6.03e-05 -0.000532 -9.13e-05  1.36e-05 -5.85e-05 -9.53e-05  1.11e-05  5.97e-07 -1.02e-05 -4.57e-05 -5.58e-05 -0.000264 -0.000157 -9.94e-07 -6.09e-06 -1.74e-05 -5.63e-05 -1.24e-06 -0.000118 -0.000124 -0.000187 -0.000165 -0.000928 -1.92e-05 -0.000211 -0.000388 -0.000209 -0.000464 -2.72e-05  5.75e-05 -9.23e-05 -3.97e-05  -4.4e-05 -0.000169 -7.54e-05 -1.68e-05 -7.57e-05 -0.000126 -0.000474  5.86e-05  7.45e-05  0.000109 -0.000121 -0.000705 -0.000475 -7.92e-05 -8.07e-05 -1.37e-05 -3.14e-07 -2.78e-07 -5.52e-08 -3.17e-09 -0.000289 -1.01e-07 -3.88e-05 -7.12e-07 -0.000138  1.05e-05 -2.77e-05 -5.38e-06         1 -4.39e-05 -0.000311  -0.00398 -0.000264  1.51e-06 -0.000177  -0.00045  -0.00138  -0.00229  -0.00244  -0.00176 -0.000307  -0.00396  -0.00069 -0.000737 -0.000422 -0.000157 -0.000557 -0.000137  -7.5e-06 -0.000796  -0.00418 -6.94e-05 -0.000358
 -0.00121 -0.000202  -0.00394  -0.00138  -0.00153 -0.000268 -1.57e-16 -1.57e-16 -2.38e-05 -0.000157 -1.03e-16 -0.000108 -0.000349 -3.53e-05 -0.000625 -6.29e-06 -7.82e-06  -0.00021 -0.000442 -3.49e-06 -1.38e-05 -8.38e-05 -2.05e-05 -2.42e-05 -0.000876  3.82e-05 -1.06e-05 -3.66e-05 -4.27e-05 -8.96e-05 -3.33e-05 -7.05e-06 -2.63e-05 -2.83e-05  -0.00046 -5.43e-05 -9.22e-07 -1.17e-05 -6.48e-06 -0.000128 -1.18e-06 -6.08e-05 -0.000265  -0.00057 -0.000183  -0.00219 -1.45e-05 -0.000334  -0.00049 -0.000407 -0.000368 -0.000267 -0.000257 -0.000344 -0.000462 -0.000101 -0.000339 -3.04e-05 -3.53e-05 -0.000303 -0.000491 -0.000212 -2.98e-05 -8.29e-06 -4.48e-05 -0.000149   -0.0042  -0.00209 -0.000745 -8.45e-05 -5.39e-06 -2.67e-06 -1.22e-07  -1.4e-08 -2.63e-09 -0.000196 -0.000105 -8.61e-06  3.45e-06 -0.000296 -1.72e-05 -2.11e-05 -4.16e-06 -4.39e-05         1 -0.000131  -0.00155  4.28e-05 -0.000496 -0.000787  -0.00105  -0.00207 -0.000435 -0.000795   -0.0017 -0.000221 -0.000915 -0.000633 -0.000881 -0.000296 -5.04e-05 -0.000419 -9.27e-05 -3.21e-06  -0.00084  -0.00119 -4.74e-05  -0.00135
 -0.00405 -0.000102  -0.00522  -0.00218  -0.00178 -0.000521 -1.78e-16 -1.78e-16 -0.000114 -0.000368  -2.4e-17  0.000667 -0.000363 -2.96e-05 -0.000656  0.000152  0.000193 -0.000177 -0.000372  -3.3e-05 -1.79e-05  -0.00046  -0.00012  -0.00011 -0.000992 -5.89e-05  0.000136  -0.00014 -0.000171  4.81e-05 -1.48e-05  2.76e-05 -0.000137 -0.000143 -6.47e-05 -0.000177 -2.79e-06 -1.61e-05 -4.01e-05  1.25e-06 -2.89e-06  -0.00025   -0.0001  0.000217 -0.000508  -0.00104 -4.55e-05 -0.000736 -0.000805 -4.28e-05  -0.00108  6.91e-05  3.93e-05 -0.000266 -0.000151  7.16e-06 -0.000529 -0.000199  0.000118 -0.000342 -9.17e-05  -0.00161  0.000437  0.000399  0.000564 -0.000304  0.000533  -0.00119  1.04e-05 -0.000184 -3.21e-05 -1.27e-06 -5.28e-07 -1.16e-07  -5.5e-09 -0.000758  3.98e-06 -7.37e-05  1.08e-05 -0.000312  3.59e-05 -5.78e-05 -8.37e-06 -0.000311 -0.000131         1  -0.00764 -0.000338 -0.000444 -5.72e-05 -0.000431  -0.00488   -0.0049  -0.00444  -0.00354 -0.000738  -0.00824  -0.00156  -0.00168 -0.000947 -0.000328  -0.00122 -0.000284 -1.43e-05  -0.00188  -0.00802 -0.000245 -0.000612
   -0.187 -0.000326   -0.0287     -0.03  -0.00287  -0.00164  1.22e-15  1.22e-15   -0.0013 -0.000744  1.63e-15  -0.00283  -0.00313 -0.000455  -0.00433  -0.00118   -0.0015   -0.0028  -0.00587  -0.00142 -7.58e-05  -0.00716  -0.00307  -0.00185   -0.0301  -0.00314  -0.00195  -0.00082  -0.00244  -0.00013  0.000126   -0.0012 -0.000566  -0.00114   -0.0229  -0.00706 -3.74e-05  3.35e-05 -0.000316  -0.00361 -5.26e-05  -0.00287   -0.0105   -0.0212  -0.00278   -0.0664 -0.000838  -0.00343   -0.0177   -0.0145   -0.0166  -0.00647   0.00463  -0.00434  -0.00265  -0.00222  -0.00508  0.000551  -0.00181  -0.00219   -0.0102  0.000645  -0.00267  -0.00266  -0.00203  -0.00391   -0.0884   -0.0265   -0.0107  -0.00282 -0.000364 -2.16e-05 -1.01e-05 -1.81e-06 -1.33e-07  -0.00605  -0.00151  -0.00148 -0.000255  -0.00637 -0.000128 -0.000814 -0.000207  -0.00398  -0.00155  -0.00764         1  -0.00617   0.00739   -0.0119   -0.0152   -0.0329   -0.0443   -0.0102   -0.0403  -0.00721   -0.0993   -0.0197   -0.0205   -0.0121  -0.00333   -0.0163   -0.0038 -0.000281   -0.0224    -0.117 -0.000215   -0.0225
  -0.0141  0.000674   0.00461  -0.00151   0.00251  0.000493  5.52e-16  5.52e-16 -0.000118  0.000152  3.25e-16  -0.00113 -5.15e-05 -2.48e-05 -0.000342 -0.000288 -0.000364 -0.000149 -0.000335 -0.000126  4.85e-05 -0.000241 -2.95e-05 -7.82e-05  -0.00158 -0.000648 -0.000433  2.98e-05 -0.000142 -4.95e-05  9.78e-05 -0.000165  7.05e-05  4.52e-05  -0.00217 -0.000617     6e-07  3.52e-05 -3.61e-05 -0.000621 -7.69e-07 -0.000152 -0.000964  -0.00245  0.000564  -0.00643  9.03e-06  0.000101   -0.0009  -0.00202  9.87e-05  0.000532  0.000805 -0.000226  0.000748 -2.37e-06 -0.000301 -0.000283 -0.000727    0.0005  -0.00127   0.00111   -0.0012 -0.000928  -0.00111 -1.46e-05   -0.0121  -0.00171  -0.00145  3.81e-05 -1.06e-05 -3.85e-06 -5.69e-07 -9.27e-08 -1.29e-08  6.75e-05 -8.12e-05  -9.7e-05 -3.88e-05 -0.000382    -7e-05 -7.22e-05 -2.04e-05 -0.000264  4.28e-05 -0.000338  -0.00617         1  0.000496  -0.00393  -0.00215   0.00151  -0.00334  -0.00934  -0.00169 -0.000169  -0.00553 -0.000831 -0.000701 -0.000269 -0.000237 -0.000713 -0.000265 -1.01e-05 -0.000947  -0.00819  0.000192  -0.00215
  -0.0188   -0.0008   -0.0287  -0.00603   -0.0113  -0.00183 -1.21e-15 -1.21e-15  6.07e-05 -0.000918 -1.46e-15 -0.000936  -0.00285 -0.000248  -0.00512  0.000166  0.000212  -0.00145  -0.00309  0.000282 -3.31e-05  0.000681  0.000651 -9.77e-06  -0.00365  0.000237  4.63e-05 -0.000116  0.000109 -0.000913 -0.000141  0.000297 -0.000236 -5.66e-05 -0.000775  0.000853 -2.84e-06 -4.65e-05  2.38e-05 -0.000887  -3.2e-06 -0.000173  -0.00128  -0.00225  -0.00019   -0.0123  6.87e-07  -0.00243  0.000226  0.000227 -0.000161 -0.000151  -0.00289   -0.0024  -0.00146 -0.000344  -0.00234  -0.00111 -0.000482  -0.00124  -0.00318  -0.00306  -0.00109 -0.000551 -0.000228 -0.000422    -0.027   -0.0143  -0.00552  0.000416 -2.69e-05 -3.76e-05  2.11e-07  8.24e-08 -1.16e-08 -0.000257  -0.00061  0.000135  4.86e-05  -0.00157 -0.000191 -0.000122 -1.44e-05  1.51e-06 -0.000496 -0.000444   0.00739  0.000496         1  -0.00775 -0.000287   -0.0126 -0.000819   -0.0228  -0.00237 -0.000466  0.000481   -0.0021  -0.00239 -0.000404 -5.38e-05  -0.00102 -3.88e-05  1.66e-05  -0.00375   0.00453 -0.000449  -0.00883
   -0.119    0.0025    0.0422   -0.0258   0.00823    0.0064  1.51e-15  1.51e-15  0.000316   0.00168  3.36e-17   -0.0227   0.00456 -8.09e-05  -0.00871  -0.00655  -0.00828 -0.000555   -0.0013    0.0021  0.000839   0.00384    0.0062   0.00108   -0.0194  -0.00266  -0.00527   0.00166   0.00153 -0.000629  0.000789 -0.000485   0.00334   0.00218    -0.025  -0.00394  2.48e-07  0.000442  0.000539  -0.00559  6.03e-06  0.000182   -0.0181    -0.033     0.002   -0.0655 -0.000282   -0.0128  -0.00139   -0.0149  0.000226     0.012    0.0133  -0.00434   -0.0186   0.00392   0.00147    0.0141    0.0113  -0.00234    -0.015    0.0518   -0.0182   -0.0164    -0.017  0.000744    -0.158   -0.0265   -0.0187   -0.0026  0.000473  0.000121 -2.44e-06  6.54e-07 -3.97e-08    0.0052  -0.00201 -0.000146 -0.000377   -0.0045  -0.00101 -0.000358 -0.000106 -0.000177 -0.000787 -5.72e-05   -0.0119  -0.00393  -0.00775         1    0.0252   -0.0342    0.0124    0.0451    0.0169   0.00108  -0.00263  0.000798   0.00683   0.00199  0.000296   0.00177   0.00084 -0.000106  0.000179   -0.0314   0.00517   -0.0276
   0.0338  -0.00384   -0.0465   -0.0212   -0.0105   -0.0033  1.93e-15  1.93e-15   -0.0011  -0.00313  4.74e-15  0.000831  -0.00639 -0.000658  -0.00408  0.000174  0.000215  -0.00391  -0.00824  -0.00225 -0.000695  -0.00397  -0.00504 -0.000197   -0.0158  -0.00121  -0.00191  -0.00137  -0.00209  -0.00268  -0.00106  -0.00196 -0.000456 -0.000527   -0.0133  -0.00305 -6.74e-06 -0.000492 -0.000513  -0.00348  -3.6e-05  -0.00119  -0.00452   -0.0185  -0.00256   -0.0473  0.000113   0.00516  -0.00821   -0.0255  -0.00313   -0.0108  -0.00332  0.000309  -0.00147  -0.00693  -0.00125  -0.00749  -0.00769  -0.00266  -0.00988   -0.0107    0.0019   0.00287  -0.00236    -0.003   -0.0791   -0.0347    -0.013  -0.00395 -0.000103 -4.37e-05 -2.92e-06 -7.56e-07  -7.4e-08  -0.00501  -0.00191 -0.000372  8.02e-05  -0.00505 -0.000291 -0.000343 -8.92e-05  -0.00045  -0.00105 -0.000431   -0.0152  -0.00215 -0.000287    0.0252         1  -0.00476  -0.00316   -0.0458   -0.0889  -0.00572    0.0094   -0.0124   -0.0192  -0.00484  -0.00108  -0.00893  -0.00303 -3.21e-05   -0.0159   -0.0186    -0.001   -0.0234
   0.0753 -0.000975   -0.0787   -0.0463   -0.0331  -0.00771 -3.08e-15 -3.08e-15  0.000888 -0.000387 -7.62e-16   0.00661  -0.00445 -0.000422  -0.00854   0.00131   0.00168  -0.00256  -0.00535   0.00119 -5.45e-05  -0.00153   0.00302  0.000586   -0.0108   0.00255   0.00133 -0.000654  0.000174    0.0017 -0.000324  0.000408 -0.000623 -0.000736   0.00172   0.00052 -3.83e-05  4.06e-05 -0.000474    0.0015  -2.8e-05  -0.00132  -0.00246   0.00578  -0.00703    -0.008 -0.000431   -0.0163   -0.0131   -0.0043  -0.00893   0.00915   0.00768  -0.00457  -0.00712   0.00522  -0.00928   0.00149   0.00692  -0.00886  -0.00172  -0.00848   0.00773   0.00499   0.00651  -0.00376 -0.000329   -0.0231  -0.00133  -0.00405 -0.000102  3.81e-05 -3.07e-06 -7.69e-07 -3.31e-08  -0.00872 -0.000862 -0.000635  0.000282  -0.00511  0.000284 -0.000477 -1.07e-05  -0.00138  -0.00207  -0.00488   -0.0329   0.00151   -0.0126   -0.0342  -0.00476         1   -0.0218    0.0386   -0.0254  -0.00806   -0.0348   -0.0147   -0.0169  -0.00731  -0.00172  -0.00964  -0.00266 -8.62e-05   -0.0196   -0.0392  -0.00238   -0.0105
   0.0726 -0.000188   -0.0218  -0.00706  -0.00694  -0.00308 -9.04e-16 -9.04e-16  -0.00116  -0.00328  4.27e-16   0.00733   -0.0012 -3.45e-05  -0.00225   0.00164   0.00208 -0.000193 -0.000415 -0.000451 -0.000147  -0.00357  -0.00148 -0.000854 -9.23e-05  -0.00061   0.00163  -0.00119  -0.00145  0.000775 -5.23e-05  0.000274  -0.00116  -0.00115   0.00455 -0.000954 -1.32e-05 -0.000161 -0.000344  0.000926 -1.25e-05  -0.00179    0.0025   0.00736  -0.00349    0.0108 -0.000199  -0.00322   -0.0033   0.00246  -0.00601   0.00117 -0.000182   3.2e-05   0.00148 -2.35e-05   -0.0022  -0.00242  0.000264  -0.00102   0.00302   -0.0153   0.00467   0.00448   0.00549  -0.00162    0.0382   0.00373   0.00534 -0.000913  -0.00024  2.04e-06 -3.07e-06  -7.9e-07 -2.16e-08  -0.00546  0.000843 -0.000455  0.000106 -0.000398  0.000462 -0.000321 -3.87e-05  -0.00229 -0.000435   -0.0049   -0.0443  -0.00334 -0.000819    0.0124  -0.00316   -0.0218         1   -0.0451   -0.0258  -0.00497   -0.0617  -0.00941   -0.0103  -0.00618  -0.00259  -0.00767  -0.00195 -8.29e-05   -0.0107   -0.0578  -0.00203    0.0043
  -0.0495   -0.0011    -0.103   0.00676    -0.023  -0.00516  3.43e-16  3.43e-16   -0.0025  -0.00762    -3e-15  -0.00335   -0.0172  -0.00134   -0.0204   0.00207   0.00262  -0.00776   -0.0167  -0.00239 -0.000517  -0.00152  -0.00523  -0.00241   -0.0201  -0.00621  -0.00153  -0.00191  -0.00275    -0.008 -0.000413  0.000247  -0.00289  -0.00129   -0.0119  0.000877  8.16e-06  -0.00053 -0.000142  -0.00898 -3.16e-05  -0.00264  -0.00501    -0.024   0.00645   -0.0902  0.000416   0.00976     0.011  -0.00533   0.00276   -0.0145   -0.0257  -0.00639    0.0161   -0.0124  -0.00625   -0.0216   -0.0215   0.00664   -0.0193   -0.0417   -0.0113  -0.00377  -0.00384 -0.000804     -0.16   -0.0643   -0.0315   0.00635 -0.000609 -0.000366 -2.63e-06 -7.55e-07 -1.54e-07  0.000541  -0.00212  0.000347 -8.41e-06  -0.00596  -0.00119 -0.000959 -0.000223  -0.00244 -0.000795  -0.00444   -0.0102  -0.00934   -0.0228    0.0451   -0.0458    0.0386   -0.0451         1    -0.053  -0.00145     -0.05   -0.0126   -0.0113   -0.0032  -0.00263  -0.00976  -0.00139  7.64e-05   -0.0202   -0.0265  -0.00325   -0.0454
  -0.0989  -0.00672    -0.062   -0.0239   -0.0187  -0.00523  4.48e-16  4.48e-16  -0.00223  -0.00746   5.5e-15   0.00524  -0.00534 -0.000584  -0.00573  0.000683  0.000863  -0.00346  -0.00726   -0.0022 -0.000915  -0.00618  -0.00626 -0.000562    -0.016 -0.000882 -0.000747  -0.00243  -0.00303  -0.00261   -0.0014   -0.0016 -0.000768  -0.00118   -0.0103  -0.00364 -1.77e-05 -0.000792  -0.00053  -0.00243 -4.71e-05  -0.00244  -0.00429    -0.016  -0.00746   -0.0344 -0.000156   0.00166  -0.00595   -0.0232  -0.00916   -0.0116  -0.00385     0.002   -0.0085  -0.00824   0.00118  -0.00541  -0.00244  -0.00514   -0.0068    -0.014   0.00497    0.0059   0.00104  -0.00417   -0.0457   -0.0302  -0.00781   -0.0063 -0.000147  1.62e-05 -4.83e-06 -1.03e-06 -5.86e-08  -0.00875  -0.00132 -0.000464   0.00019  -0.00483  0.000124 -0.000452 -8.98e-05  -0.00176   -0.0017  -0.00354   -0.0403  -0.00169  -0.00237    0.0169   -0.0889   -0.0254   -0.0258    -0.053         1  -0.00967   -0.0286   -0.0177    -0.024  -0.00922  -0.00272   -0.0132  -0.00367 -0.000115   -0.0217   -0.0558  -0.00192   -0.0186
 -0.00188 -0.000456  -0.00854  -0.00421  -0.00308 -0.000908    -2e-16    -2e-16 -0.000145 -0.000598  3.35e-16    0.0013 -0.000536  -4.9e-05  -0.00069  0.000241  0.000307 -0.000294 -0.000612 -0.000108 -6.83e-05 -0.000722 -0.000332 -5.54e-05  -0.00126  0.000106  0.000176 -0.000248 -0.000264  6.44e-05 -0.000105 -6.79e-05 -0.000156 -0.000191 -2.85e-05 -0.000266 -3.91e-06 -5.24e-05 -8.49e-05  9.43e-05  -4.8e-06 -0.000309 -3.33e-05  0.000237  -0.00108 -0.000732 -4.56e-05   -0.0009  -0.00152  -0.00138  -0.00144  -0.00017  0.000267 -8.22e-05  -0.00073 -0.000144  -0.00058 -0.000342  0.000236 -0.000867 -6.94e-05   -0.0023   0.00123   0.00104  0.000884 -0.000557    0.0018  -0.00212  0.000153 -0.000666 -2.93e-05  4.65e-06  -6.2e-07 -1.54e-07 -5.53e-09  -0.00137 -4.48e-05 -9.75e-05  3.35e-05 -0.000516  6.74e-05 -6.26e-05 -6.58e-06 -0.000307 -0.000221 -0.000738  -0.00721 -0.000169 -0.000466   0.00108  -0.00572  -0.00806  -0.00497  -0.00145  -0.00967         1  -0.00709  -0.00238  -0.00307  -0.00134 -0.000399  -0.00176 -0.000499 -1.68e-05  -0.00288  -0.00881 -0.000374 -0.000878
 -0.00209 -0.000231   -0.0268   -0.0138  -0.00865  -0.00333 -1.48e-15 -1.48e-15  -0.00184  -0.00442 -1.89e-16   0.00612  -0.00101 -7.63e-05  -0.00476   0.00112   0.00143 -0.000468 -0.000986 -0.000453 -6.04e-05  -0.00564   -0.0017  -0.00162  -0.00751  -0.00157   0.00154  -0.00145  -0.00217   0.00108  0.000136   0.00036   -0.0013  -0.00155 -0.000526  -0.00305 -2.49e-05 -0.000131 -0.000341  0.000178  -2.3e-05   -0.0029 -0.000383   0.00332  -0.00487  -0.00234 -0.000548  -0.00662  -0.00744   0.00305   -0.0122  0.000872   0.00104   -0.0019  -0.00155  0.000168  -0.00353 -0.000114   0.00209  -0.00183   0.00126   -0.0128   0.00303   0.00299    0.0052  -0.00258    0.0219  5.48e-05   0.00394  -0.00138 -0.000348  1.19e-05 -6.32e-06 -1.24e-06 -5.08e-08  -0.00712   0.00076 -0.000866  1.22e-05  -0.00174  0.000509 -0.000585 -0.000102  -0.00396 -0.000915  -0.00824   -0.0993  -0.00553  0.000481  -0.00263    0.0094   -0.0348   -0.0617     -0.05   -0.0286  -0.00709         1   -0.0153   -0.0155   -0.0104    -0.004   -0.0126  -0.00284  -0.00019   -0.0169    -0.105  -0.00198  0.000222
  -0.0392  -0.00114   -0.0283   -0.0115   -0.0102  -0.00222 -9.23e-16 -9.23e-16 -0.000379  -0.00133 -3.47e-16  0.000371  -0.00275 -0.000264   -0.0043  0.000211  0.000269  -0.00157  -0.00331   -0.0003 -0.000126  -0.00147 -0.000658 -0.000345  -0.00628  1.84e-05  6.43e-05 -0.000433 -0.000658 -0.000402 -0.000233   -0.0002 -0.000386 -0.000394  -0.00319 -0.000904 -7.42e-06 -9.43e-05 -0.000162  -0.00089 -9.94e-06 -0.000707  -0.00123  -0.00314  -0.00155    -0.015 -0.000102  -0.00211   -0.0056  -0.00407  -0.00331  -0.00204  -0.00156   -0.0025  -0.00204 -0.000749  -0.00316  -0.00113   -0.0013  -0.00209  -0.00326  -0.00438  0.000704  0.000764  0.000286  -0.00138    -0.026   -0.0143  -0.00466 -0.000737 -8.57e-05 -2.22e-05 -1.46e-06 -2.79e-07 -2.74e-08  -0.00237 -0.000641 -0.000197  2.65e-05  -0.00226  -5.8e-05 -0.000206 -4.19e-05  -0.00069 -0.000633  -0.00156   -0.0197 -0.000831   -0.0021  0.000798   -0.0124   -0.0147  -0.00941   -0.0126   -0.0177  -0.00238   -0.0153         1  -0.00911  -0.00318 -0.000789  -0.00452  -0.00123 -3.51e-05  -0.00793    -0.019 -0.000623  -0.00918
  -0.0475  -0.00223   -0.0441   -0.0159   -0.0174  -0.00353 -2.12e-15 -2.12e-15 -0.000638  -0.00228 -1.14e-15  0.000587  -0.00424 -0.000396  -0.00697    0.0004  0.000511  -0.00236  -0.00494 -0.000465 -0.000214  -0.00208  -0.00106 -0.000544  -0.00721  0.000592  0.000491 -0.000626  -0.00101 -0.000505  -0.00044 -0.000293 -0.000603 -0.000606  -0.00321  -0.00119 -7.14e-06  -0.00017 -0.000251  -0.00108 -8.26e-06 -0.000872 -0.000346  -0.00258  -0.00249   -0.0175 -9.67e-05  -0.00293  -0.00991  -0.00524  -0.00442  -0.00411  -0.00395  -0.00459  -0.00406  -0.00107  -0.00541   -0.0014  -0.00251  -0.00366  -0.00439  -0.00675   0.00168   0.00165  0.000501  -0.00204   -0.0357   -0.0215  -0.00688 -0.000834 -0.000107  -3.5e-05 -1.34e-06  -2.3e-07 -2.99e-08  -0.00335 -0.000976 -0.000189  5.06e-05  -0.00319 -7.16e-05 -0.000232 -5.31e-05 -0.000737 -0.000881  -0.00168   -0.0205 -0.000701  -0.00239   0.00683   -0.0192   -0.0169   -0.0103   -0.0113    -0.024  -0.00307   -0.0155  -0.00911         1  -0.00452 -0.000952  -0.00622  -0.00183 -3.54e-05   -0.0111   -0.0209 -0.000898   -0.0133
   -0.015 -0.000713   -0.0126  -0.00475  -0.00476  -0.00113 -5.62e-16 -5.62e-16 -0.000258  -0.00086 -1.07e-16  0.000872  -0.00097 -9.04e-05  -0.00163  0.000206  0.000262 -0.000541  -0.00113 -0.000152  -7.5e-05 -0.000941  -0.00046  -0.00021  -0.00229   0.00011  0.000234 -0.000276 -0.000387 -3.87e-05 -0.000124 -5.74e-05 -0.000227 -0.000261  -0.00072 -0.000472 -4.22e-06 -6.18e-05 -8.06e-05 -0.000128 -4.82e-06 -0.000403 -0.000141 -0.000343  -0.00114  -0.00359 -7.28e-05  -0.00106  -0.00262  -0.00117   -0.0021  -0.00109 -0.000685  -0.00091  -0.00126 -0.000343  -0.00122 -0.000274 -0.000182   -0.0011 -0.000715  -0.00253  0.000925  0.000834  0.000696 -0.000705  -0.00448  -0.00456 -0.000944 -0.000484 -4.69e-05 -3.51e-06 -7.95e-07 -1.57e-07 -9.15e-09  -0.00142 -0.000167 -0.000108  2.03e-05 -0.000829  3.97e-05 -8.57e-05 -1.63e-05 -0.000422 -0.000296 -0.000947   -0.0121 -0.000269 -0.000404   0.00199  -0.00484  -0.00731  -0.00618   -0.0032  -0.00922  -0.00134   -0.0104  -0.00318  -0.00452         1 -0.000483  -0.00235 -0.000613 -2.36e-05  -0.00376   -0.0117  -0.00038  -0.00264
 -0.00212 -8.15e-05  -0.00185  -0.00089 -0.000633 -0.000217 -5.78e-17 -5.78e-17 -9.41e-05 -0.000266  7.21e-17  0.000367 -0.000116 -9.98e-06  -0.00026  6.93e-05  8.83e-05 -5.92e-05 -0.000125 -4.39e-05 -1.48e-05 -0.000276  -0.00013 -5.59e-05 -0.000301 -4.86e-05  6.67e-05 -8.82e-05 -0.000117  2.25e-05  -1.6e-05 -8.29e-06 -6.12e-05 -7.24e-05  6.95e-06 -0.000134 -9.74e-07 -1.58e-05 -2.51e-05 -4.78e-07 -1.17e-06 -0.000133  2.41e-05  0.000105 -0.000289 -0.000106 -1.57e-05 -0.000247 -0.000393  -0.00021 -0.000486 -3.49e-05  5.53e-08 -4.04e-05 -0.000133 -6.46e-05 -0.000155 -0.000115  2.51e-05 -0.000154  1.45e-05 -0.000782  0.000255  0.000254  0.000246 -0.000149  0.000804 -0.000315  0.000112 -0.000137 -1.37e-05  8.72e-07 -2.51e-07 -5.46e-08 -2.19e-09 -0.000405  1.97e-05 -3.49e-05  5.87e-06 -0.000113  2.37e-05 -2.57e-05 -4.08e-06 -0.000157 -5.04e-05 -0.000328  -0.00333 -0.000237 -5.38e-05  0.000296  -0.00108  -0.00172  -0.00259  -0.00263  -0.00272 -0.000399    -0.004 -0.000789 -0.000952 -0.000483         1 -0.000618 -0.000164 -7.01e-06 -0.000906  -0.00429 -0.000113 -0.000137
  -0.0267 -0.000733   -0.0183  -0.00755  -0.00625  -0.00147 -4.92e-16 -4.92e-16 -0.000296 -0.000923 -6.56e-17  0.000518  -0.00179  -0.00017   -0.0026  0.000184  0.000234  -0.00101  -0.00213 -0.000262 -9.32e-05  -0.00118 -0.000602 -0.000271   -0.0044 -8.71e-05  3.83e-05 -0.000331 -0.000511 -0.000249 -0.000151 -0.000159 -0.000293 -0.000304  -0.00226  -0.00072 -5.62e-06 -6.77e-05 -0.000119 -0.000579 -7.91e-06 -0.000539 -0.000845  -0.00216   -0.0011   -0.0101 -8.01e-05   -0.0012  -0.00374  -0.00285  -0.00249   -0.0015 -0.000901  -0.00146  -0.00107 -0.000614  -0.00198   -0.0009  -0.00094  -0.00128  -0.00205   -0.0034   0.00061  0.000643   0.00035 -0.000967   -0.0159  -0.00894   -0.0028 -0.000557 -6.86e-05 -1.44e-05 -1.19e-06  -2.4e-07 -2.01e-08  -0.00175 -0.000389 -0.000164  1.59e-05  -0.00149 -2.04e-05 -0.000148 -3.03e-05 -0.000557 -0.000419  -0.00122   -0.0163 -0.000713  -0.00102   0.00177  -0.00893  -0.00964  -0.00767  -0.00976   -0.0132  -0.00176   -0.0126  -0.00452  -0.00622  -0.00235 -0.000618         1 -0.000886 -2.87e-05  -0.00556   -0.0152 -0.000465  -0.00577
 -0.00701 -0.000109  -0.00406   -0.0023  -0.00138 -0.000375 -8.26e-17 -8.26e-17  -6.5e-05 -0.000166  5.88e-17  0.000235  -0.00042 -4.02e-05 -0.000546  5.92e-05  7.56e-05 -0.000241 -0.000505 -8.18e-05 -2.23e-05 -0.000338 -0.000148 -5.25e-05 -0.000936 -5.69e-06  1.56e-05 -8.08e-05 -0.000136  6.77e-06 -3.65e-05 -6.99e-05 -7.04e-05 -7.67e-05 -0.000487 -0.000221  -1.3e-06  -1.3e-05 -4.66e-05 -0.000108 -1.72e-06  -0.00013 -9.82e-05  -0.00032 -0.000294  -0.00208 -1.29e-05 -0.000323   -0.0013 -0.000995 -0.000564 -0.000227 -1.22e-05 -0.000357  -0.00016 -5.43e-05 -0.000604 -0.000262 -0.000304 -0.000359 -0.000443  -0.00092  0.000316  0.000268  0.000123 -0.000266  -0.00323  -0.00202  -0.00056 -0.000189 -1.62e-05 -2.31e-06 -2.91e-07 -6.78e-08 -5.21e-09  -0.00053 -8.74e-05  -5.4e-05  5.54e-06 -0.000378  2.31e-06 -3.66e-05 -7.26e-06 -0.000137 -9.27e-05 -0.000284   -0.0038 -0.000265 -3.88e-05   0.00084  -0.00303  -0.00266  -0.00195  -0.00139  -0.00367 -0.000499  -0.00284  -0.00123  -0.00183 -0.000613 -0.000164 -0.000886         1 -6.68e-06  -0.00147  -0.00403 -0.000124  -0.00128
-0.000252 -4.24e-06  2.76e-06 -6.11e-05  3.05e-06  8.45e-07  2.05e-18  2.05e-18 -3.75e-06 -6.23e-06  7.48e-18 -8.94e-06  5.01e-06 -2.12e-07 -5.39e-06 -5.48e-06 -6.94e-06  -1.5e-06 -3.01e-06 -1.47e-06 -8.58e-08 -1.35e-05 -4.56e-06 -2.26e-06 -5.03e-05 -4.99e-06 -4.37e-06  -1.9e-06  -4.6e-06  1.24e-06 -7.65e-08 -2.59e-06  1.45e-06 -1.23e-06 -4.37e-05 -1.59e-05 -6.68e-08 -2.34e-07 -3.22e-07 -5.25e-06 -8.66e-08 -5.66e-06 -2.37e-05 -4.47e-05 -1.27e-05 -9.39e-05  -1.8e-06 -1.46e-05  -2.8e-05 -3.39e-05 -3.44e-05 -5.35e-06  1.98e-05 -1.92e-06 -2.94e-05 -2.99e-06  1.65e-06   1.6e-05  1.44e-05 -9.25e-06 -1.41e-05   3.6e-05 -5.78e-06 -6.31e-06 -7.93e-06 -7.26e-06 -0.000129 -2.74e-05 -9.47e-06 -1.24e-05 -1.67e-07  2.47e-07 -1.93e-08 -2.71e-09 -1.62e-10 -1.28e-05 -1.84e-06 -2.63e-06 -4.55e-07 -9.75e-06  2.56e-07 -1.28e-06 -3.29e-07  -7.5e-06 -3.21e-06 -1.43e-05 -0.000281 -1.01e-05  1.66e-05 -0.000106 -3.21e-05 -8.62e-05 -8.29e-05  7.64e-05 -0.000115 -1.68e-05  -0.00019 -3.51e-05 -3.54e-05 -2.36e-05 -7.01e-06 -2.87e-05 -6.68e-06         1 -3.73e-05 -0.000253  2.36e-06 -2.87e-05
  -0.0137  -0.00138    -0.039    -0.015   -0.0138  -0.00294 -1.12e-15 -1.12e-15  -0.00038  -0.00153 -5.61e-16   0.00018  -0.00394 -0.000372  -0.00589  0.000279  0.000356  -0.00221  -0.00467 -0.000342 -0.000156  -0.00159 -0.000692 -0.000394  -0.00866 -2.08e-05 -3.27e-05 -0.000512 -0.000742 -0.000702 -0.000294 -0.000226 -0.000504 -0.000463  -0.00441 -0.000926 -9.67e-06 -0.000111 -0.000193  -0.00132 -1.36e-05 -0.000851  -0.00194  -0.00472  -0.00167   -0.0219 -0.000116  -0.00268  -0.00658   -0.0053  -0.00383   -0.0025  -0.00222  -0.00334  -0.00217  -0.00102  -0.00422  -0.00184  -0.00194  -0.00256  -0.00475  -0.00595  0.000528   0.00071   0.00019  -0.00172   -0.0384   -0.0202  -0.00692 -0.000779 -0.000111 -3.71e-05 -1.76e-06 -3.45e-07 -3.78e-08   -0.0028 -0.000925 -0.000224  3.69e-05  -0.00308 -0.000126 -0.000275 -5.43e-05 -0.000796  -0.00084  -0.00188   -0.0224 -0.000947  -0.00375  0.000179   -0.0159   -0.0196   -0.0107   -0.0202   -0.0217  -0.00288   -0.0169  -0.00793   -0.0111  -0.00376 -0.000906  -0.00556  -0.00147 -3.73e-05         1   -0.0209 -0.000823    -0.013
   -0.126 -0.000131  -0.00906   -0.0281  -0.00148  -0.00129  6.45e-16  6.45e-16  -0.00215  -0.00401  2.84e-15  5.65e-05  0.000106 -0.000175  -0.00501  -0.00103  -0.00129   -0.0011  -0.00233 -0.000946 -3.08e-05  -0.00677  -0.00217  -0.00134   -0.0171  -0.00289 -0.000876  -0.00132  -0.00263  0.000868  8.21e-05 -0.000925 -0.000226  -0.00104   -0.0133  -0.00646 -2.56e-05 -0.000119 -0.000452  -0.00216 -3.18e-05  -0.00315  -0.00658   -0.0121  -0.00521    -0.032 -0.000594  -0.00708   -0.0139   -0.0129   -0.0135   0.00072    0.0069  -0.00181  -0.00688 -0.000542  -0.00266   0.00245   0.00269  -0.00307  -0.00494   0.00201 -0.000562 -0.000364 -0.000886  -0.00339   -0.0387   -0.0113  -0.00276  -0.00422 -0.000218  6.54e-05 -8.47e-06 -1.43e-06 -8.57e-08  -0.00761 -0.000215  -0.00124 -0.000119  -0.00416  0.000237 -0.000739 -0.000162  -0.00418  -0.00119  -0.00802    -0.117  -0.00819   0.00453   -0.0314   -0.0186   -0.0392   -0.0578   -0.0265   -0.0558  -0.00881    -0.105    -0.019   -0.0209   -0.0117  -0.00429   -0.0152  -0.00403 -0.000253   -0.0209         1 -0.000365   -0.0111
   0.0149 -0.000173  -0.00557 -0.000346   -0.0019 -0.000631 -2.31e-16 -2.31e-16 -9.48e-06 -0.000218 -8.33e-17   0.00133 -0.000436 -1.53e-05 -0.000112  0.000375  0.000475 -8.69e-05 -0.000179 -4.02e-05 -4.16e-05 -0.000213 -0.000164 -3.97e-05  0.000575  0.000192   0.00032 -0.000122 -7.38e-05  4.96e-05 -4.94e-05  6.85e-05 -0.000196 -0.000138   0.00138  0.000255 -1.35e-06 -2.48e-05 -3.93e-05  0.000294 -1.23e-06 -8.36e-05  0.000765   0.00181 -0.000367   0.00283 -9.52e-07 -8.64e-05  -0.00014  0.000758 -0.000317 -0.000162  -0.00051  1.72e-05  0.000583 -2.93e-05 -0.000399 -0.000665 -0.000243 -0.000197  0.000625  -0.00298   0.00107  0.000939   0.00107 -0.000163   0.00738  0.000231  0.000769  1.09e-05 -2.81e-05 -5.34e-06  9.17e-09 -5.48e-08  7.32e-10 -0.000572  7.46e-05 -5.92e-06  3.09e-05  2.84e-05  5.69e-05 -6.72e-06  4.14e-06 -6.94e-05 -4.74e-05 -0.000245 -0.000215  0.000192 -0.000449   0.00517    -0.001  -0.00238  -0.00203  -0.00325  -0.00192 -0.000374  -0.00198 -0.000623 -0.000898  -0.00038 -0.000113 -0.000465 -0.000124  2.36e-06 -0.000823 -0.000365         1  0.000827
  -0.0458  -0.00184   -0.0563   -0.0231   -0.0195   -0.0019 -1.13e-15 -1.13e-15 -0.000367  -0.00114 -2.36e-15   -0.0114  -0.00777 -0.000856   -0.0139  -0.00193  -0.00244  -0.00509   -0.0108 -0.000383 -4.34e-05 -8.69e-05 -4.73e-05 -0.000567   -0.0231   -0.0014  -0.00258   7.8e-05 -0.000584  -0.00318 -0.000305 -0.000701  0.000139  0.000198   -0.0195  -0.00224 -4.31e-06 -4.55e-05  2.64e-05  -0.00591 -1.61e-05  -0.00064  -0.00966   -0.0251   0.00159   -0.0772 -8.73e-05   -0.0026  -0.00943   -0.0142  -0.00258  -0.00674   -0.0063  -0.00879  -0.00597   -0.0032    -0.007  -0.00167  -0.00578  -0.00271   -0.0172   0.00566  -0.00902  -0.00679  -0.00849  -0.00176     -0.16    -0.054   -0.0258  0.000401  -4.9e-05 -0.000111  -2.1e-06 -2.01e-08 -8.85e-08  0.000742  -0.00303 -8.41e-05 -0.000153    -0.007 -0.000991 -0.000481 -0.000142 -0.000358  -0.00135 -0.000612   -0.0225  -0.00215  -0.00883   -0.0276   -0.0234   -0.0105    0.0043   -0.0454   -0.0186 -0.000878  0.000222  -0.00918   -0.0133  -0.00264 -0.000137  -0.00577  -0.00128 -2.87e-05    -0.013   -0.0111  0.000827         1

  Chi^2                                0.532627  +/- 1.45963
  Chi^2/ndf                            0.0665784
  Chi^2 for each template              21.1849 +/- 1.89025	13.1807 +/- 1.2689	7.2534 +/- 1.75123	4.46157 +/- 1.60928	2.84572 +/- 1.17817	4.0183 +/- 0.52367	8.91579 +/- 1.59945	15.1785 +/- 1.23539	
  Chi^2 for each template w.r.t. fit   21.1686 +/- 1.89025	13.7428 +/- 1.2689	7.11953 +/- 1.75123	3.48795 +/- 1.60928	1.59711 +/- 1.17817	4.07706 +/- 0.52367	9.72588 +/- 1.59945	14.5926 +/- 1.23539	  Partial chi^2                        0.00 (EG_RESOLUTION_ALL)    0.01 (EG_SCALE_ALL)    0.00 (EL_EFF_ID_TOTAL_1NPCOR_PLUS_UNCOR)    0.00 (EL_EFF_Iso_TOTAL_1NPCOR_PLUS_UNCOR)
  Partial chi^2                        0.00 (EL_EFF_Reco_TOTAL_1NPCOR_PLUS_UNCOR)    0.00 (EL_EFF_TriggerEff_TOTAL_1NPCOR_PLUS_UNCOR)    0.00 (EL_EFF_Trigger_TOTAL_1NPCOR_PLUS_UNCOR)    0.00 (FAKES_Electron)
  Partial chi^2                        0.00 (FAKES_Muon)    0.02 (FT_EFF_Eigen_B_0)    0.00 (FT_EFF_Eigen_B_1)    0.00 (FT_EFF_Eigen_B_2)
  Partial chi^2                        0.00 (FT_EFF_Eigen_B_3)    0.00 (FT_EFF_Eigen_B_4)    0.00 (FT_EFF_Eigen_B_5)    0.00 (FT_EFF_Eigen_B_6)
  Partial chi^2                        0.00 (FT_EFF_Eigen_B_7)    0.00 (FT_EFF_Eigen_B_8)    0.00 (FT_EFF_Eigen_C_0)    0.00 (FT_EFF_Eigen_C_1)
  Partial chi^2                        0.00 (FT_EFF_Eigen_C_2)    0.00 (FT_EFF_Eigen_C_3)    0.00 (FT_EFF_Eigen_Light_0)    0.00 (FT_EFF_Eigen_Light_1)
  Partial chi^2                        0.00 (FT_EFF_Eigen_Light_2)    0.00 (FT_EFF_Eigen_Light_3)    0.00 (FT_EFF_extrapolation)    0.00 (FT_EFF_extrapolation_from_charm)
  Partial chi^2                        0.00 (FULL_SYS_SUM)    0.01 (FULL_SYS_SUM_DETECTOR)    0.02 (FULL_SYS_SUM_THEORY)    0.00 (FULL_SYS_TOYS)
  Partial chi^2                        0.00 (JET_EffectiveNP_Detector1)    0.00 (JET_EffectiveNP_Detector2)    0.00 (JET_EffectiveNP_Mixed1)    0.00 (JET_EffectiveNP_Mixed2)
  Partial chi^2                        0.00 (JET_EffectiveNP_Mixed3)    0.00 (JET_EffectiveNP_Modelling1)    0.00 (JET_EffectiveNP_Modelling2)    0.00 (JET_EffectiveNP_Modelling3)
  Partial chi^2                        0.00 (JET_EffectiveNP_Modelling4)    0.00 (JET_EffectiveNP_Statistical1)    0.00 (JET_EffectiveNP_Statistical2)    0.00 (JET_EffectiveNP_Statistical3)
  Partial chi^2                        0.00 (JET_EffectiveNP_Statistical4)    0.00 (JET_EffectiveNP_Statistical5)    0.00 (JET_EffectiveNP_Statistical6)    0.00 (JET_EtaIntercalibration_Modelling)
  Partial chi^2                        0.00 (JET_EtaIntercalibration_NonClosure_2018data)    0.00 (JET_EtaIntercalibration_NonClosure_highE)    0.00 (JET_EtaIntercalibration_NonClosure_negEta)    0.00 (JET_EtaIntercalibration_NonClosure_posEta)
  Partial chi^2                        0.00 (JET_EtaIntercalibration_TotalStat)    0.00 (JET_Flavor_Composition_prop)    0.00 (JET_Flavor_Response_prop)    0.00 (JET_JER_DataVsMC_MC16_PseudoData)
  Partial chi^2                        0.00 (JET_JER_EffectiveNP_10_PseudoData)    0.00 (JET_JER_EffectiveNP_11_PseudoData)    0.00 (JET_JER_EffectiveNP_12restTerm_PseudoData)    0.00 (JET_JER_EffectiveNP_1_PseudoData)
  Partial chi^2                        0.00 (JET_JER_EffectiveNP_2_PseudoData)    0.00 (JET_JER_EffectiveNP_3_PseudoData)    0.00 (JET_JER_EffectiveNP_4_PseudoData)    0.00 (JET_JER_EffectiveNP_5_PseudoData)
  Partial chi^2                        0.00 (JET_JER_EffectiveNP_6_PseudoData)    0.00 (JET_JER_EffectiveNP_7_PseudoData)    0.00 (JET_JER_EffectiveNP_8_PseudoData)    0.00 (JET_JER_EffectiveNP_9_PseudoData)
  Partial chi^2                        0.00 (JET_JvtEfficiency)    0.00 (JET_Pileup_OffsetMu)    0.00 (JET_Pileup_OffsetNPV)    0.00 (JET_Pileup_PtTerm)
  Partial chi^2                        0.00 (JET_Pileup_RhoTopology)    0.00 (JET_PunchThrough_MC16)    0.00 (LUMINOSITY)    0.00 (MET_SoftTrk_ResoPara)
  Partial chi^2                        0.00 (MET_SoftTrk_ResoPerp)    0.00 (MET_SoftTrk_Scale)    0.00 (MUON_EFF_BADMUON_SYS)    0.00 (MUON_EFF_ISO_STAT)
  Partial chi^2                        0.00 (MUON_EFF_ISO_SYS)    0.00 (MUON_EFF_RECO_STAT)    0.00 (MUON_EFF_RECO_SYS)    0.00 (MUON_EFF_TTVA_STAT)
  Partial chi^2                        0.00 (MUON_EFF_TTVA_SYS)    0.00 (MUON_EFF_TrigStatUncertainty)    0.00 (MUON_EFF_TrigSystUncertainty)    0.00 (MUON_SAGITTA_DATASTAT)
  Partial chi^2                        0.00 (MUON_SAGITTA_RESBIAS)    0.01 (PRW_DATASF)    0.35 (STAT_DATA)    0.01 (STAT_MC)  
  Partial chi^2                        0.00 (THEORY_CROSS_SECTION_Wjets)    0.00 (THEORY_CROSS_SECTION_other_top_noWt)    0.00 (THEORY_CROSS_SECTION_signal)    0.01 (THEORY_DR_DS_signal)
  Partial chi^2                        0.00 (THEORY_EWK_Wjets)    0.00 (THEORY_EWK_multiboson_noW)    0.00 (THEORY_FSR_signal)    0.00 (THEORY_HDAMP_signal)
  Partial chi^2                        0.04 (THEORY_ISR_signal)    0.00 (THEORY_PDF4LHC_VARIATION_Wjets)    0.00 (THEORY_PDF4LHC_VARIATION_multiboson_noW)    0.00 (THEORY_PDF4LHC_VARIATION_signal)
  Partial chi^2                        0.00 (THEORY_PTHARD_signal)    0.00 (THEORY_SCALE_COMBINED_Wjets)    0.00 (THEORY_SCALE_COMBINED_multiboson_noW)    0.00 (THEORY_SCALE_FACTORISATION_signal)
  Partial chi^2                        0.00 (THEORY_SCALE_RENORMALISATION_signal)    0.01 (THEORY_SHOWERING_HERWIG7_signal)    0.02 (THEORY_TOPRECOIL_signal)    0.00 (THEORY_TOP_MASS_signal)
  Partial chi^2                        0.00 (TOTAL)        0.00 (TOTAL_NO_DR_DS)    0.00 (TOTAL_SYSONLY)    0.00 (WMASS_VAR_signal)
  Partial chi^2                        0.04 (pseudoDataStat)

  Uncertainties from HESSE matrix
     LTF: Result[0]:                   173.157  +/- 2.3689 (fit [from HESSE])

  Alternative result from pol2-fit to chi^2 values of the templates
     Result(pol2-chi2)[0]              173.446   +/- 2.51326 (fit)
     Chi^2(min)                        2.06725

  Result from linearized second-order model approximation
     EDM (Taylor) [0]                  8.3844e-12

  Expected distance to minimum
     EDM (Newton) [0]                  -1.13403e-11
     EDM Delta-chi^2                   -1.69062e-22


  'Uncertainties' on M from second-order model approximation
     sigma_m[0]                       -1.86441e-13
     sigma_m[EG_RESOLUTION_ALL]       -0.00
     sigma_m[EG_SCALE_ALL]            -0.00
     sigma_m[EL_EFF_ID_TOTAL_1NPCOR_PLUS_UNCOR] -0.00
     sigma_m[EL_EFF_Iso_TOTAL_1NPCOR_PLUS_UNCOR] -0.00
     sigma_m[EL_EFF_Reco_TOTAL_1NPCOR_PLUS_UNCOR] -0.00
     sigma_m[EL_EFF_TriggerEff_TOTAL_1NPCOR_PLUS_UNCOR] -0.00
     sigma_m[EL_EFF_Trigger_TOTAL_1NPCOR_PLUS_UNCOR] -0.00
     sigma_m[MUON_SAGITTA_DATASTAT]   -0.00
     sigma_m[MUON_SAGITTA_RESBIAS]    -0.00
     sigma_m[MUON_EFF_BADMUON_SYS]    -0.00
     sigma_m[MUON_EFF_ISO_STAT]       -0.00
     sigma_m[MUON_EFF_ISO_SYS]        -0.00
     sigma_m[MUON_EFF_RECO_STAT]      -0.00
     sigma_m[MUON_EFF_RECO_SYS]       -0.00
     sigma_m[MUON_EFF_TTVA_STAT]      -0.00
     sigma_m[MUON_EFF_TTVA_SYS]       -0.00
     sigma_m[MUON_EFF_TrigStatUncertainty] -0.00
     sigma_m[MUON_EFF_TrigSystUncertainty] -0.00
     sigma_m[JET_EffectiveNP_Detector1] 0.00
     sigma_m[JET_EffectiveNP_Detector2] 0.00
     sigma_m[JET_EffectiveNP_Mixed1]  0.00
     sigma_m[JET_EffectiveNP_Mixed2]  0.00
     sigma_m[JET_EffectiveNP_Mixed3]  -0.00
     sigma_m[JET_EffectiveNP_Modelling1] -0.00
     sigma_m[JET_EffectiveNP_Modelling2] -0.00
     sigma_m[JET_EffectiveNP_Modelling3] -0.00
     sigma_m[JET_EffectiveNP_Modelling4] 0.00
     sigma_m[JET_EffectiveNP_Statistical1] -0.00
     sigma_m[JET_EffectiveNP_Statistical2] -0.00
     sigma_m[JET_EffectiveNP_Statistical3] -0.00
     sigma_m[JET_EffectiveNP_Statistical4] -0.00
     sigma_m[JET_EffectiveNP_Statistical5] 0.00
     sigma_m[JET_EffectiveNP_Statistical6] 0.00
     sigma_m[JET_EtaIntercalibration_Modelling] -0.00
     sigma_m[JET_EtaIntercalibration_NonClosure_2018data] -0.00
     sigma_m[JET_EtaIntercalibration_NonClosure_highE] -0.00
     sigma_m[JET_EtaIntercalibration_NonClosure_negEta] 0.00
     sigma_m[JET_EtaIntercalibration_NonClosure_posEta] 0.00
     sigma_m[JET_EtaIntercalibration_TotalStat] -0.00
     sigma_m[JET_Flavor_Composition_prop] -0.00
     sigma_m[JET_Flavor_Response_prop] -0.00
     sigma_m[JET_Pileup_OffsetMu]     -0.00
     sigma_m[JET_Pileup_OffsetNPV]    -0.00
     sigma_m[JET_Pileup_PtTerm]       0.00
     sigma_m[JET_Pileup_RhoTopology]  -0.00
     sigma_m[JET_PunchThrough_MC16]   -0.00
     sigma_m[JET_JER_DataVsMC_MC16_PseudoData] -0.00
     sigma_m[JET_JER_EffectiveNP_1_PseudoData] -0.00
     sigma_m[JET_JER_EffectiveNP_2_PseudoData] -0.00
     sigma_m[JET_JER_EffectiveNP_3_PseudoData] 0.00
     sigma_m[JET_JER_EffectiveNP_4_PseudoData] -0.00
     sigma_m[JET_JER_EffectiveNP_5_PseudoData] -0.00
     sigma_m[JET_JER_EffectiveNP_6_PseudoData] -0.00
     sigma_m[JET_JER_EffectiveNP_7_PseudoData] -0.00
     sigma_m[JET_JER_EffectiveNP_8_PseudoData] -0.00
     sigma_m[JET_JER_EffectiveNP_9_PseudoData] -0.00
     sigma_m[JET_JER_EffectiveNP_10_PseudoData] -0.00
     sigma_m[JET_JER_EffectiveNP_11_PseudoData] -0.00
     sigma_m[JET_JER_EffectiveNP_12restTerm_PseudoData] -0.00
     sigma_m[JET_JvtEfficiency]       -0.00
     sigma_m[PRW_DATASF]              0.00
     sigma_m[MET_SoftTrk_ResoPara]    -0.00
     sigma_m[MET_SoftTrk_ResoPerp]    -0.00
     sigma_m[MET_SoftTrk_Scale]       -0.00
     sigma_m[WMASS_VAR_signal]        -0.00
     sigma_m[FT_EFF_Eigen_B_0]        -0.00
     sigma_m[FT_EFF_Eigen_B_1]        -0.00
     sigma_m[FT_EFF_Eigen_B_2]        -0.00
     sigma_m[FT_EFF_Eigen_B_3]        0.00
     sigma_m[FT_EFF_Eigen_B_4]        0.00
     sigma_m[FT_EFF_Eigen_B_5]        -0.00
     sigma_m[FT_EFF_Eigen_B_6]        -0.00
     sigma_m[FT_EFF_Eigen_B_7]        0.00
     sigma_m[FT_EFF_Eigen_B_8]        -0.00
     sigma_m[FT_EFF_Eigen_C_0]        0.00
     sigma_m[FT_EFF_Eigen_C_1]        -0.00
     sigma_m[FT_EFF_Eigen_C_2]        0.00
     sigma_m[FT_EFF_Eigen_C_3]        -0.00
     sigma_m[FT_EFF_Eigen_Light_0]    -0.00
     sigma_m[FT_EFF_Eigen_Light_1]    -0.00
     sigma_m[FT_EFF_Eigen_Light_2]    -0.00
     sigma_m[FT_EFF_Eigen_Light_3]    -0.00
     sigma_m[FT_EFF_extrapolation]    -0.00
     sigma_m[FT_EFF_extrapolation_from_charm] -0.00
     sigma_m[THEORY_CROSS_SECTION_signal] -0.00
     sigma_m[THEORY_SHOWERING_HERWIG7_signal] -0.00
     sigma_m[THEORY_SCALE_FACTORISATION_signal] -0.00
     sigma_m[THEORY_SCALE_RENORMALISATION_signal] -0.00
     sigma_m[THEORY_ISR_signal]       -0.00
     sigma_m[THEORY_FSR_signal]       -0.00
     sigma_m[THEORY_HDAMP_signal]     -0.00
     sigma_m[THEORY_PTHARD_signal]    0.00
     sigma_m[THEORY_TOPRECOIL_signal] -0.00
     sigma_m[THEORY_TOP_MASS_signal]  -0.00
     sigma_m[THEORY_PDF4LHC_VARIATION_signal] -0.00
     sigma_m[THEORY_DR_DS_signal]     0.00
     sigma_m[THEORY_CROSS_SECTION_Wjets] -0.00
     sigma_m[THEORY_SCALE_COMBINED_Wjets] -0.00
     sigma_m[THEORY_PDF4LHC_VARIATION_Wjets] -0.00
     sigma_m[THEORY_EWK_Wjets]        -0.00
     sigma_m[THEORY_SCALE_COMBINED_multiboson_noW] -0.00
     sigma_m[THEORY_PDF4LHC_VARIATION_multiboson_noW] -0.00
     sigma_m[THEORY_EWK_multiboson_noW] -0.00
     sigma_m[THEORY_CROSS_SECTION_other_top_noWt] -0.00
     sigma_m[FAKES_Electron]          -0.00
     sigma_m[FAKES_Muon]              0.00
     sigma_m[LUMINOSITY]              -0.00

  Settings
     Number of data points             9
     Number of templates               8
     Number of fit parameters          1
     Template reference values [0]     162.5   165 167.5   170   175 177.5   180 182.5
     Number of nuisance param.         107
     Gamma[0]                          1.000
     LogNormal                         false
     Response matrix                   false

  please cite: D. Britzger, The Linear Template Fit, Eur.Phys.J.C 82 (2022) 731, arXiv:2112.01548.
------------------------------------------------------------------------

Warning in <TFile::Append>: Replacing existing TH1: hist (Potential memory leak).
Warning in <TFile::Append>: Replacing existing TH1: hist (Potential memory leak).
Warning in <TFile::Append>: Replacing existing TH1: hist (Potential memory leak).
Warning in <TFile::Append>: Replacing existing TH1: hist (Potential memory leak).
Warning in <TFile::Append>: Replacing existing TH1: hist (Potential memory leak).
Warning in <TFile::Append>: Replacing existing TH1: hist (Potential memory leak).
Warning in <TFile::Append>: Replacing existing TH1: hist (Potential memory leak).
Warning in <TFile::Append>: Replacing existing TH1: hist (Potential memory leak).
Warning in <TFile::Append>: Replacing existing TH1: hist (Potential memory leak).
Info in <TCanvas::Print>: ps file plots/fit_ptl1.ps has been created
Info in <TCanvas::Print>: Current canvas added to ps file plots/fit_ptl1.ps
Info in <TCanvas::Print>: Current canvas added to ps file plots/fit_ptl1.ps
Info in <TCanvas::Print>: Current canvas added to ps file plots/fit_ptl1.ps
Info in <TCanvas::Print>: Current canvas added to ps file plots/fit_ptl1.ps
Info in <TCanvas::Print>: Current canvas added to ps file plots/fit_ptl1.ps
Info in <TCanvas::Print>: Current canvas added to ps file plots/fit_ptl1.ps
Info in <TCanvas::Print>: Current canvas added to ps file plots/fit_ptl1.ps
Info in <TCanvas::Print>: Current canvas added to ps file plots/fit_ptl1.ps
Info in <TCanvas::Print>: Current canvas added to ps file plots/fit_ptl1.ps
Info in <TCanvas::Print>: Current canvas added to ps file plots/fit_ptl1.ps
Info in <TCanvas::Print>: Current canvas added to ps file plots/fit_ptl1.ps
Info in <TCanvas::Print>: Current canvas added to ps file plots/fit_ptl1.ps
Info in <TCanvas::Print>: Current canvas added to ps file plots/fit_ptl1.ps
Info in <TCanvas::Print>: Current canvas added to ps file plots/fit_ptl1.ps
Info in <TCanvas::Print>: Current canvas added to ps file plots/fit_ptl1.ps
Info in <TCanvas::Print>: Current canvas added to ps file plots/fit_ptl1.ps
Info in <TCanvas::Print>: Current canvas added to ps file plots/fit_ptl1.ps
Info in <TCanvas::Print>: Current canvas added to ps file plots/fit_ptl1.ps
Info in <TCanvas::Print>: Current canvas added to ps file plots/fit_ptl1.ps
Info in <TCanvas::Print>: Current canvas added to ps file plots/fit_ptl1.ps
Info in <TCanvas::Print>: Current canvas added to ps file plots/fit_ptl1.ps
Info in <TCanvas::Print>: Current canvas added to ps file plots/fit_ptl1.ps
Info in <TCanvas::Print>: Current canvas added to ps file plots/fit_ptl1.ps
Info in <TCanvas::Print>: Current canvas added to ps file plots/fit_ptl1.ps
Info in <TCanvas::Print>: Current canvas added to ps file plots/fit_ptl1.ps
Info in <TCanvas::Print>: Current canvas added to ps file plots/fit_ptl1.ps
Info in <TCanvas::Print>: Current canvas added to ps file plots/fit_ptl1.ps
Info in <TCanvas::Print>: Current canvas added to ps file plots/fit_ptl1.ps
Info in <TCanvas::Print>: Current canvas added to ps file plots/fit_ptl1.ps
Info in <TCanvas::Print>: Current canvas added to ps file plots/fit_ptl1.ps
Info in <TCanvas::Print>: ps file plots/fit_ptl1.ps has been closed
Info in <TCanvas::Print>: ps file plots/fit_quality.ps has been created
Info in <TCanvas::Print>: Current canvas added to ps file plots/fit_quality.ps
Info in <TCanvas::Print>: Current canvas added to ps file plots/fit_quality.ps
Info in <TCanvas::Print>: Current canvas added to ps file plots/fit_quality.ps
Info in <TCanvas::Print>: Current canvas added to ps file plots/fit_quality.ps
Info in <TCanvas::Print>: Current canvas added to ps file plots/fit_quality.ps
Info in <TCanvas::Print>: Current canvas added to ps file plots/fit_quality.ps
Info in <TCanvas::Print>: Current canvas added to ps file plots/fit_quality.ps
Info in <TCanvas::Print>: Current canvas added to ps file plots/fit_quality.ps
Info in <TCanvas::Print>: Current canvas added to ps file plots/fit_quality.ps
Info in <TCanvas::Print>: Current canvas added to ps file plots/fit_quality.ps
Info in <TCanvas::Print>: ps file plots/fit_quality.ps has been closed
